run_id,mode_id,series_id,object,node_id,sample_index,cycle_index,cycle_counter,ts_observe,ts_start,ts_end,timestamp_tick_ns,timestamp_source,t0_ms,deadline_threshold_ms,Tper,Jper,deadline_miss,heartbeat,workload_accumulator,load_level,load_passes,error_flag,quality_flag,notes,cycle_exec_ms,cycle_nominal_ms,program_status
RUN_20260509_VPLC_L0_IDLE_10_20_S01_R05,VPLC_L0_IDLE_10_20,SER_20260509_VPLC_L0_IDLE_10_20_S01,vPLC_container,VPLC_HOST,0,,,2026-05-09T15:36:52.979077026Z,,,,host_log,10,20,,,,,,0,0,,technical_check,vplc_status_cycle_duration_not_validated_as_Tper,0.037,100,работает
RUN_20260509_VPLC_L0_IDLE_10_20_S01_R05,VPLC_L0_IDLE_10_20,SER_20260509_VPLC_L0_IDLE_10_20_S01,vPLC_container,VPLC_HOST,1,,,2026-05-09T15:36:54.035934820Z,,,,host_log,10,20,,,,,,0,0,,technical_check,vplc_status_cycle_duration_not_validated_as_Tper,0.036,100,работает
RUN_20260509_VPLC_L0_IDLE_10_20_S01_R05,VPLC_L0_IDLE_10_20,SER_20260509_VPLC_L0_IDLE_10_20_S01,vPLC_container,VPLC_HOST,2,,,2026-05-09T15:36:55.090783429Z,,,,host_log,10,20,,,,,,0,0,,technical_check,vplc_status_cycle_duration_not_validated_as_Tper,0.055,100,работает
RUN_20260509_VPLC_L0_IDLE_10_20_S01_R05,VPLC_L0_IDLE_10_20,SER_20260509_VPLC_L0_IDLE_10_20_S01,vPLC_container,VPLC_HOST,3,,,2026-05-09T15:36:56.147134132Z,,,,host_log,10,20,,,,,,0,0,,technical_check,vplc_status_cycle_duration_not_validated_as_Tper,0.028,100,работает
RUN_20260509_VPLC_L0_IDLE_10_20_S01_R05,VPLC_L0_IDLE_10_20,SER_20260509_VPLC_L0_IDLE_10_20_S01,vPLC_container,VPLC_HOST,4,,,2026-05-09T15:36:57.201489715Z,,,,host_log,10,20,,,,,,0,0,,technical_check,vplc_status_cycle_duration_not_validated_as_Tper,0.057,100,работает
RUN_20260509_VPLC_L0_IDLE_10_20_S01_R05,VPLC_L0_IDLE_10_20,SER_20260509_VPLC_L0_IDLE_10_20_S01,vPLC_container,VPLC_HOST,5,,,2026-05-09T15:36:58.256387566Z,,,,host_log,10,20,,,,,,0,0,,technical_check,vplc_status_cycle_duration_not_validated_as_Tper,0.034,100,работает
RUN_20260509_VPLC_L0_IDLE_10_20_S01_R05,VPLC_L0_IDLE_10_20,SER_20260509_VPLC_L0_IDLE_10_20_S01,vPLC_container,VPLC_HOST,6,,,2026-05-09T15:36:59.312964470Z,,,,host_log,10,20,,,,,,0,0,,technical_check,vplc_status_cycle_duration_not_validated_as_Tper,0.056,100,работает
RUN_20260509_VPLC_L0_IDLE_10_20_S01_R05,VPLC_L0_IDLE_10_20,SER_20260509_VPLC_L0_IDLE_10_20_S01,vPLC_container,VPLC_HOST,7,,,2026-05-09T15:37:00.370833841Z,,,,host_log,10,20,,,,,,0,0,,technical_check,vplc_status_cycle_duration_not_validated_as_Tper,4.750,100,работает
RUN_20260509_VPLC_L0_IDLE_10_20_S01_R05,VPLC_L0_IDLE_10_20,SER_20260509_VPLC_L0_IDLE_10_20_S01,vPLC_container,VPLC_HOST,8,,,2026-05-09T15:37:01.422124644Z,,,,host_log,10,20,,,,,,0,0,,technical_check,vplc_status_cycle_duration_not_validated_as_Tper,0.036,100,работает
RUN_20260509_VPLC_L0_IDLE_10_20_S01_R05,VPLC_L0_IDLE_10_20,SER_20260509_VPLC_L0_IDLE_10_20_S01,vPLC_container,VPLC_HOST,9,,,2026-05-09T15:37:02.479586799Z,,,,host_log,10,20,,,,,,0,0,,technical_check,vplc_status_cycle_duration_not_validated_as_Tper,0.057,100,работает
RUN_20260509_VPLC_L0_IDLE_10_20_S01_R05,VPLC_L0_IDLE_10_20,SER_20260509_VPLC_L0_IDLE_10_20_S01,vPLC_container,VPLC_HOST,10,,,2026-05-09T15:37:03.533846882Z,,,,host_log,10,20,,,,,,0,0,,technical_check,vplc_status_cycle_duration_not_validated_as_Tper,0.036,100,работает
RUN_20260509_VPLC_L0_IDLE_10_20_S01_R05,VPLC_L0_IDLE_10_20,SER_20260509_VPLC_L0_IDLE_10_20_S01,vPLC_container,VPLC_HOST,11,,,2026-05-09T15:37:04.589326146Z,,,,host_log,10,20,,,,,,0,0,,technical_check,vplc_status_cycle_duration_not_validated_as_Tper,0.058,100,работает
RUN_20260509_VPLC_L0_IDLE_10_20_S01_R05,VPLC_L0_IDLE_10_20,SER_20260509_VPLC_L0_IDLE_10_20_S01,vPLC_container,VPLC_HOST,12,,,2026-05-09T15:37:05.647507635Z,,,,host_log,10,20,,,,,,0,0,,technical_check,vplc_status_cycle_duration_not_validated_as_Tper,0.030,100,работает
RUN_20260509_VPLC_L0_IDLE_10_20_S01_R05,VPLC_L0_IDLE_10_20,SER_20260509_VPLC_L0_IDLE_10_20_S01,vPLC_container,VPLC_HOST,13,,,2026-05-09T15:37:06.702225794Z,,,,host_log,10,20,,,,,,0,0,,technical_check,vplc_status_cycle_duration_not_validated_as_Tper,0.058,100,работает
RUN_20260509_VPLC_L0_IDLE_10_20_S01_R05,VPLC_L0_IDLE_10_20,SER_20260509_VPLC_L0_IDLE_10_20_S01,vPLC_container,VPLC_HOST,14,,,2026-05-09T15:37:07.753634902Z,,,,host_log,10,20,,,,,,0,0,,technical_check,vplc_status_cycle_duration_not_validated_as_Tper,0.030,100,работает
RUN_20260509_VPLC_L0_IDLE_10_20_S01_R05,VPLC_L0_IDLE_10_20,SER_20260509_VPLC_L0_IDLE_10_20_S01,vPLC_container,VPLC_HOST,15,,,2026-05-09T15:37:08.810913875Z,,,,host_log,10,20,,,,,,0,0,,technical_check,vplc_status_cycle_duration_not_validated_as_Tper,0.056,100,работает
RUN_20260509_VPLC_L0_IDLE_10_20_S01_R05,VPLC_L0_IDLE_10_20,SER_20260509_VPLC_L0_IDLE_10_20_S01,vPLC_container,VPLC_HOST,16,,,2026-05-09T15:37:09.869038428Z,,,,host_log,10,20,,,,,,0,0,,technical_check,vplc_status_cycle_duration_not_validated_as_Tper,0.056,100,работает
RUN_20260509_VPLC_L0_IDLE_10_20_S01_R05,VPLC_L0_IDLE_10_20,SER_20260509_VPLC_L0_IDLE_10_20_S01,vPLC_container,VPLC_HOST,17,,,2026-05-09T15:37:10.924255985Z,,,,host_log,10,20,,,,,,0,0,,technical_check,vplc_status_cycle_duration_not_validated_as_Tper,0.057,100,работает
RUN_20260509_VPLC_L0_IDLE_10_20_S01_R05,VPLC_L0_IDLE_10_20,SER_20260509_VPLC_L0_IDLE_10_20_S01,vPLC_container,VPLC_HOST,18,,,2026-05-09T15:37:11.977722674Z,,,,host_log,10,20,,,,,,0,0,,technical_check,vplc_status_cycle_duration_not_validated_as_Tper,0.055,100,работает
RUN_20260509_VPLC_L0_IDLE_10_20_S01_R05,VPLC_L0_IDLE_10_20,SER_20260509_VPLC_L0_IDLE_10_20_S01,vPLC_container,VPLC_HOST,19,,,2026-05-09T15:37:13.032277620Z,,,,host_log,10,20,,,,,,0,0,,technical_check,vplc_status_cycle_duration_not_validated_as_Tper,0.053,100,работает
RUN_20260509_VPLC_L0_IDLE_10_20_S01_R05,VPLC_L0_IDLE_10_20,SER_20260509_VPLC_L0_IDLE_10_20_S01,vPLC_container,VPLC_HOST,20,,,2026-05-09T15:37:14.091258122Z,,,,host_log,10,20,,,,,,0,0,,technical_check,vplc_status_cycle_duration_not_validated_as_Tper,0.056,100,работает
RUN_20260509_VPLC_L0_IDLE_10_20_S01_R05,VPLC_L0_IDLE_10_20,SER_20260509_VPLC_L0_IDLE_10_20_S01,vPLC_container,VPLC_HOST,21,,,2026-05-09T15:37:15.145030840Z,,,,host_log,10,20,,,,,,0,0,,technical_check,vplc_status_cycle_duration_not_validated_as_Tper,0.033,100,работает
RUN_20260509_VPLC_L0_IDLE_10_20_S01_R05,VPLC_L0_IDLE_10_20,SER_20260509_VPLC_L0_IDLE_10_20_S01,vPLC_container,VPLC_HOST,22,,,2026-05-09T15:37:16.201672647Z,,,,host_log,10,20,,,,,,0,0,,technical_check,vplc_status_cycle_duration_not_validated_as_Tper,0.056,100,работает
RUN_20260509_VPLC_L0_IDLE_10_20_S01_R05,VPLC_L0_IDLE_10_20,SER_20260509_VPLC_L0_IDLE_10_20_S01,vPLC_container,VPLC_HOST,23,,,2026-05-09T15:37:17.250691840Z,,,,host_log,10,20,,,,,,0,0,,technical_check,vplc_status_cycle_duration_not_validated_as_Tper,0.021,100,работает
RUN_20260509_VPLC_L0_IDLE_10_20_S01_R05,VPLC_L0_IDLE_10_20,SER_20260509_VPLC_L0_IDLE_10_20_S01,vPLC_container,VPLC_HOST,24,,,2026-05-09T15:37:18.309436261Z,,,,host_log,10,20,,,,,,0,0,,technical_check,vplc_status_cycle_duration_not_validated_as_Tper,0.054,100,работает
RUN_20260509_VPLC_L0_IDLE_10_20_S01_R05,VPLC_L0_IDLE_10_20,SER_20260509_VPLC_L0_IDLE_10_20_S01,vPLC_container,VPLC_HOST,25,,,2026-05-09T15:37:19.364563259Z,,,,host_log,10,20,,,,,,0,0,,technical_check,vplc_status_cycle_duration_not_validated_as_Tper,4.077,100,работает
RUN_20260509_VPLC_L0_IDLE_10_20_S01_R05,VPLC_L0_IDLE_10_20,SER_20260509_VPLC_L0_IDLE_10_20_S01,vPLC_container,VPLC_HOST,26,,,2026-05-09T15:37:20.419894824Z,,,,host_log,10,20,,,,,,0,0,,technical_check,vplc_status_cycle_duration_not_validated_as_Tper,0.040,100,работает
RUN_20260509_VPLC_L0_IDLE_10_20_S01_R05,VPLC_L0_IDLE_10_20,SER_20260509_VPLC_L0_IDLE_10_20_S01,vPLC_container,VPLC_HOST,27,,,2026-05-09T15:37:21.475028503Z,,,,host_log,10,20,,,,,,0,0,,technical_check,vplc_status_cycle_duration_not_validated_as_Tper,0.057,100,работает
RUN_20260509_VPLC_L0_IDLE_10_20_S01_R05,VPLC_L0_IDLE_10_20,SER_20260509_VPLC_L0_IDLE_10_20_S01,vPLC_container,VPLC_HOST,28,,,2026-05-09T15:37:22.533701783Z,,,,host_log,10,20,,,,,,0,0,,technical_check,vplc_status_cycle_duration_not_validated_as_Tper,0.036,100,работает
RUN_20260509_VPLC_L0_IDLE_10_20_S01_R05,VPLC_L0_IDLE_10_20,SER_20260509_VPLC_L0_IDLE_10_20_S01,vPLC_container,VPLC_HOST,29,,,2026-05-09T15:37:23.586726018Z,,,,host_log,10,20,,,,,,0,0,,technical_check,vplc_status_cycle_duration_not_validated_as_Tper,0.057,100,работает
RUN_20260509_VPLC_L0_IDLE_10_20_S01_R05,VPLC_L0_IDLE_10_20,SER_20260509_VPLC_L0_IDLE_10_20_S01,vPLC_container,VPLC_HOST,30,,,2026-05-09T15:37:24.641089009Z,,,,host_log,10,20,,,,,,0,0,,technical_check,vplc_status_cycle_duration_not_validated_as_Tper,0.036,100,работает
RUN_20260509_VPLC_L0_IDLE_10_20_S01_R05,VPLC_L0_IDLE_10_20,SER_20260509_VPLC_L0_IDLE_10_20_S01,vPLC_container,VPLC_HOST,31,,,2026-05-09T15:37:25.696582366Z,,,,host_log,10,20,,,,,,0,0,,technical_check,vplc_status_cycle_duration_not_validated_as_Tper,0.056,100,работает
RUN_20260509_VPLC_L0_IDLE_10_20_S01_R05,VPLC_L0_IDLE_10_20,SER_20260509_VPLC_L0_IDLE_10_20_S01,vPLC_container,VPLC_HOST,32,,,2026-05-09T15:37:26.752125542Z,,,,host_log,10,20,,,,,,0,0,,technical_check,vplc_status_cycle_duration_not_validated_as_Tper,0.021,100,работает
RUN_20260509_VPLC_L0_IDLE_10_20_S01_R05,VPLC_L0_IDLE_10_20,SER_20260509_VPLC_L0_IDLE_10_20_S01,vPLC_container,VPLC_HOST,33,,,2026-05-09T15:37:27.807494628Z,,,,host_log,10,20,,,,,,0,0,,technical_check,vplc_status_cycle_duration_not_validated_as_Tper,0.058,100,работает
RUN_20260509_VPLC_L0_IDLE_10_20_S01_R05,VPLC_L0_IDLE_10_20,SER_20260509_VPLC_L0_IDLE_10_20_S01,vPLC_container,VPLC_HOST,34,,,2026-05-09T15:37:28.864207605Z,,,,host_log,10,20,,,,,,0,0,,technical_check,vplc_status_cycle_duration_not_validated_as_Tper,0.057,100,работает
RUN_20260509_VPLC_L0_IDLE_10_20_S01_R05,VPLC_L0_IDLE_10_20,SER_20260509_VPLC_L0_IDLE_10_20_S01,vPLC_container,VPLC_HOST,35,,,2026-05-09T15:37:29.918266698Z,,,,host_log,10,20,,,,,,0,0,,technical_check,vplc_status_cycle_duration_not_validated_as_Tper,0.055,100,работает
RUN_20260509_VPLC_L0_IDLE_10_20_S01_R05,VPLC_L0_IDLE_10_20,SER_20260509_VPLC_L0_IDLE_10_20_S01,vPLC_container,VPLC_HOST,36,,,2026-05-09T15:37:30.974449518Z,,,,host_log,10,20,,,,,,0,0,,technical_check,vplc_status_cycle_duration_not_validated_as_Tper,0.056,100,работает
RUN_20260509_VPLC_L0_IDLE_10_20_S01_R05,VPLC_L0_IDLE_10_20,SER_20260509_VPLC_L0_IDLE_10_20_S01,vPLC_container,VPLC_HOST,37,,,2026-05-09T15:37:32.030735745Z,,,,host_log,10,20,,,,,,0,0,,technical_check,vplc_status_cycle_duration_not_validated_as_Tper,0.056,100,работает
RUN_20260509_VPLC_L0_IDLE_10_20_S01_R05,VPLC_L0_IDLE_10_20,SER_20260509_VPLC_L0_IDLE_10_20_S01,vPLC_container,VPLC_HOST,38,,,2026-05-09T15:37:33.086410570Z,,,,host_log,10,20,,,,,,0,0,,technical_check,vplc_status_cycle_duration_not_validated_as_Tper,0.057,100,работает
RUN_20260509_VPLC_L0_IDLE_10_20_S01_R05,VPLC_L0_IDLE_10_20,SER_20260509_VPLC_L0_IDLE_10_20_S01,vPLC_container,VPLC_HOST,39,,,2026-05-09T15:37:34.140869946Z,,,,host_log,10,20,,,,,,0,0,,technical_check,vplc_status_cycle_duration_not_validated_as_Tper,0.036,100,работает
RUN_20260509_VPLC_L0_IDLE_10_20_S01_R05,VPLC_L0_IDLE_10_20,SER_20260509_VPLC_L0_IDLE_10_20_S01,vPLC_container,VPLC_HOST,40,,,2026-05-09T15:37:35.196297389Z,,,,host_log,10,20,,,,,,0,0,,technical_check,vplc_status_cycle_duration_not_validated_as_Tper,0.056,100,работает
RUN_20260509_VPLC_L0_IDLE_10_20_S01_R05,VPLC_L0_IDLE_10_20,SER_20260509_VPLC_L0_IDLE_10_20_S01,vPLC_container,VPLC_HOST,41,,,2026-05-09T15:37:36.251353316Z,,,,host_log,10,20,,,,,,0,0,,technical_check,vplc_status_cycle_duration_not_validated_as_Tper,0.019,100,работает
RUN_20260509_VPLC_L0_IDLE_10_20_S01_R05,VPLC_L0_IDLE_10_20,SER_20260509_VPLC_L0_IDLE_10_20_S01,vPLC_container,VPLC_HOST,42,,,2026-05-09T15:37:37.305963439Z,,,,host_log,10,20,,,,,,0,0,,technical_check,vplc_status_cycle_duration_not_validated_as_Tper,0.054,100,работает
RUN_20260509_VPLC_L0_IDLE_10_20_S01_R05,VPLC_L0_IDLE_10_20,SER_20260509_VPLC_L0_IDLE_10_20_S01,vPLC_container,VPLC_HOST,43,,,2026-05-09T15:37:38.361019563Z,,,,host_log,10,20,,,,,,0,0,,technical_check,vplc_status_cycle_duration_not_validated_as_Tper,5.081,100,работает
RUN_20260509_VPLC_L0_IDLE_10_20_S01_R05,VPLC_L0_IDLE_10_20,SER_20260509_VPLC_L0_IDLE_10_20_S01,vPLC_container,VPLC_HOST,44,,,2026-05-09T15:37:39.416433784Z,,,,host_log,10,20,,,,,,0,0,,technical_check,vplc_status_cycle_duration_not_validated_as_Tper,4.327,100,работает
RUN_20260509_VPLC_L0_IDLE_10_20_S01_R05,VPLC_L0_IDLE_10_20,SER_20260509_VPLC_L0_IDLE_10_20_S01,vPLC_container,VPLC_HOST,45,,,2026-05-09T15:37:40.474813883Z,,,,host_log,10,20,,,,,,0,0,,technical_check,vplc_status_cycle_duration_not_validated_as_Tper,0.056,100,работает
RUN_20260509_VPLC_L0_IDLE_10_20_S01_R05,VPLC_L0_IDLE_10_20,SER_20260509_VPLC_L0_IDLE_10_20_S01,vPLC_container,VPLC_HOST,46,,,2026-05-09T15:37:41.529618502Z,,,,host_log,10,20,,,,,,0,0,,technical_check,vplc_status_cycle_duration_not_validated_as_Tper,0.035,100,работает
RUN_20260509_VPLC_L0_IDLE_10_20_S01_R05,VPLC_L0_IDLE_10_20,SER_20260509_VPLC_L0_IDLE_10_20_S01,vPLC_container,VPLC_HOST,47,,,2026-05-09T15:37:42.585335713Z,,,,host_log,10,20,,,,,,0,0,,technical_check,vplc_status_cycle_duration_not_validated_as_Tper,0.056,100,работает
RUN_20260509_VPLC_L0_IDLE_10_20_S01_R05,VPLC_L0_IDLE_10_20,SER_20260509_VPLC_L0_IDLE_10_20_S01,vPLC_container,VPLC_HOST,48,,,2026-05-09T15:37:43.636891048Z,,,,host_log,10,20,,,,,,0,0,,technical_check,vplc_status_cycle_duration_not_validated_as_Tper,0.036,100,работает
RUN_20260509_VPLC_L0_IDLE_10_20_S01_R05,VPLC_L0_IDLE_10_20,SER_20260509_VPLC_L0_IDLE_10_20_S01,vPLC_container,VPLC_HOST,49,,,2026-05-09T15:37:44.697126278Z,,,,host_log,10,20,,,,,,0,0,,technical_check,vplc_status_cycle_duration_not_validated_as_Tper,0.056,100,работает
RUN_20260509_VPLC_L0_IDLE_10_20_S01_R05,VPLC_L0_IDLE_10_20,SER_20260509_VPLC_L0_IDLE_10_20_S01,vPLC_container,VPLC_HOST,50,,,2026-05-09T15:37:45.748808040Z,,,,host_log,10,20,,,,,,0,0,,technical_check,vplc_status_cycle_duration_not_validated_as_Tper,0.022,100,работает
RUN_20260509_VPLC_L0_IDLE_10_20_S01_R05,VPLC_L0_IDLE_10_20,SER_20260509_VPLC_L0_IDLE_10_20_S01,vPLC_container,VPLC_HOST,51,,,2026-05-09T15:37:46.806647196Z,,,,host_log,10,20,,,,,,0,0,,technical_check,vplc_status_cycle_duration_not_validated_as_Tper,0.057,100,работает
RUN_20260509_VPLC_L0_IDLE_10_20_S01_R05,VPLC_L0_IDLE_10_20,SER_20260509_VPLC_L0_IDLE_10_20_S01,vPLC_container,VPLC_HOST,52,,,2026-05-09T15:37:47.861794371Z,,,,host_log,10,20,,,,,,0,0,,technical_check,vplc_status_cycle_duration_not_validated_as_Tper,0.056,100,работает
RUN_20260509_VPLC_L0_IDLE_10_20_S01_R05,VPLC_L0_IDLE_10_20,SER_20260509_VPLC_L0_IDLE_10_20_S01,vPLC_container,VPLC_HOST,53,,,2026-05-09T15:37:48.917203060Z,,,,host_log,10,20,,,,,,0,0,,technical_check,vplc_status_cycle_duration_not_validated_as_Tper,0.057,100,работает
RUN_20260509_VPLC_L0_IDLE_10_20_S01_R05,VPLC_L0_IDLE_10_20,SER_20260509_VPLC_L0_IDLE_10_20_S01,vPLC_container,VPLC_HOST,54,,,2026-05-09T15:37:49.970158383Z,,,,host_log,10,20,,,,,,0,0,,technical_check,vplc_status_cycle_duration_not_validated_as_Tper,0.052,100,работает
RUN_20260509_VPLC_L0_IDLE_10_20_S01_R05,VPLC_L0_IDLE_10_20,SER_20260509_VPLC_L0_IDLE_10_20_S01,vPLC_container,VPLC_HOST,55,,,2026-05-09T15:37:51.026766338Z,,,,host_log,10,20,,,,,,0,0,,technical_check,vplc_status_cycle_duration_not_validated_as_Tper,0.036,100,работает
RUN_20260509_VPLC_L0_IDLE_10_20_S01_R05,VPLC_L0_IDLE_10_20,SER_20260509_VPLC_L0_IDLE_10_20_S01,vPLC_container,VPLC_HOST,56,,,2026-05-09T15:37:52.079253928Z,,,,host_log,10,20,,,,,,0,0,,technical_check,vplc_status_cycle_duration_not_validated_as_Tper,0.057,100,работает
RUN_20260509_VPLC_L0_IDLE_10_20_S01_R05,VPLC_L0_IDLE_10_20,SER_20260509_VPLC_L0_IDLE_10_20_S01,vPLC_container,VPLC_HOST,57,,,2026-05-09T15:37:53.138354684Z,,,,host_log,10,20,,,,,,0,0,,technical_check,vplc_status_cycle_duration_not_validated_as_Tper,0.036,100,работает
RUN_20260509_VPLC_L0_IDLE_10_20_S01_R05,VPLC_L0_IDLE_10_20,SER_20260509_VPLC_L0_IDLE_10_20_S01,vPLC_container,VPLC_HOST,58,,,2026-05-09T15:37:54.190787858Z,,,,host_log,10,20,,,,,,0,0,,technical_check,vplc_status_cycle_duration_not_validated_as_Tper,0.056,100,работает
RUN_20260509_VPLC_L0_IDLE_10_20_S01_R05,VPLC_L0_IDLE_10_20,SER_20260509_VPLC_L0_IDLE_10_20_S01,vPLC_container,VPLC_HOST,59,,,2026-05-09T15:37:55.247359590Z,,,,host_log,10,20,,,,,,0,0,,technical_check,vplc_status_cycle_duration_not_validated_as_Tper,0.029,100,работает
RUN_20260509_VPLC_L0_IDLE_10_20_S01_R05,VPLC_L0_IDLE_10_20,SER_20260509_VPLC_L0_IDLE_10_20_S01,vPLC_container,VPLC_HOST,60,,,2026-05-09T15:37:56.303035092Z,,,,host_log,10,20,,,,,,0,0,,technical_check,vplc_status_cycle_duration_not_validated_as_Tper,0.054,100,работает
RUN_20260509_VPLC_L0_IDLE_10_20_S01_R05,VPLC_L0_IDLE_10_20,SER_20260509_VPLC_L0_IDLE_10_20_S01,vPLC_container,VPLC_HOST,61,,,2026-05-09T15:37:57.359403056Z,,,,host_log,10,20,,,,,,0,0,,technical_check,vplc_status_cycle_duration_not_validated_as_Tper,4.225,100,работает
RUN_20260509_VPLC_L0_IDLE_10_20_S01_R05,VPLC_L0_IDLE_10_20,SER_20260509_VPLC_L0_IDLE_10_20_S01,vPLC_container,VPLC_HOST,62,,,2026-05-09T15:37:58.411365381Z,,,,host_log,10,20,,,,,,0,0,,technical_check,vplc_status_cycle_duration_not_validated_as_Tper,4.511,100,работает
RUN_20260509_VPLC_L0_IDLE_10_20_S01_R05,VPLC_L0_IDLE_10_20,SER_20260509_VPLC_L0_IDLE_10_20_S01,vPLC_container,VPLC_HOST,63,,,2026-05-09T15:37:59.468476495Z,,,,host_log,10,20,,,,,,0,0,,technical_check,vplc_status_cycle_duration_not_validated_as_Tper,0.057,100,работает
RUN_20260509_VPLC_L0_IDLE_10_20_S01_R05,VPLC_L0_IDLE_10_20,SER_20260509_VPLC_L0_IDLE_10_20_S01,vPLC_container,VPLC_HOST,64,,,2026-05-09T15:38:00.520369869Z,,,,host_log,10,20,,,,,,0,0,,technical_check,vplc_status_cycle_duration_not_validated_as_Tper,0.056,100,работает
RUN_20260509_VPLC_L0_IDLE_10_20_S01_R05,VPLC_L0_IDLE_10_20,SER_20260509_VPLC_L0_IDLE_10_20_S01,vPLC_container,VPLC_HOST,65,,,2026-05-09T15:38:01.577067284Z,,,,host_log,10,20,,,,,,0,0,,technical_check,vplc_status_cycle_duration_not_validated_as_Tper,0.056,100,работает
RUN_20260509_VPLC_L0_IDLE_10_20_S01_R05,VPLC_L0_IDLE_10_20,SER_20260509_VPLC_L0_IDLE_10_20_S01,vPLC_container,VPLC_HOST,66,,,2026-05-09T15:38:02.632526046Z,,,,host_log,10,20,,,,,,0,0,,technical_check,vplc_status_cycle_duration_not_validated_as_Tper,0.036,100,работает
RUN_20260509_VPLC_L0_IDLE_10_20_S01_R05,VPLC_L0_IDLE_10_20,SER_20260509_VPLC_L0_IDLE_10_20_S01,vPLC_container,VPLC_HOST,67,,,2026-05-09T15:38:03.687179799Z,,,,host_log,10,20,,,,,,0,0,,technical_check,vplc_status_cycle_duration_not_validated_as_Tper,0.057,100,работает
RUN_20260509_VPLC_L0_IDLE_10_20_S01_R05,VPLC_L0_IDLE_10_20,SER_20260509_VPLC_L0_IDLE_10_20_S01,vPLC_container,VPLC_HOST,68,,,2026-05-09T15:38:04.744347053Z,,,,host_log,10,20,,,,,,0,0,,technical_check,vplc_status_cycle_duration_not_validated_as_Tper,0.033,100,работает
RUN_20260509_VPLC_L0_IDLE_10_20_S01_R05,VPLC_L0_IDLE_10_20,SER_20260509_VPLC_L0_IDLE_10_20_S01,vPLC_container,VPLC_HOST,69,,,2026-05-09T15:38:05.799296279Z,,,,host_log,10,20,,,,,,0,0,,technical_check,vplc_status_cycle_duration_not_validated_as_Tper,0.055,100,работает
RUN_20260509_VPLC_L0_IDLE_10_20_S01_R05,VPLC_L0_IDLE_10_20,SER_20260509_VPLC_L0_IDLE_10_20_S01,vPLC_container,VPLC_HOST,70,,,2026-05-09T15:38:06.854634980Z,,,,host_log,10,20,,,,,,0,0,,technical_check,vplc_status_cycle_duration_not_validated_as_Tper,0.031,100,работает
RUN_20260509_VPLC_L0_IDLE_10_20_S01_R05,VPLC_L0_IDLE_10_20,SER_20260509_VPLC_L0_IDLE_10_20_S01,vPLC_container,VPLC_HOST,71,,,2026-05-09T15:38:07.910918574Z,,,,host_log,10,20,,,,,,0,0,,technical_check,vplc_status_cycle_duration_not_validated_as_Tper,0.055,100,работает
RUN_20260509_VPLC_L0_IDLE_10_20_S01_R05,VPLC_L0_IDLE_10_20,SER_20260509_VPLC_L0_IDLE_10_20_S01,vPLC_container,VPLC_HOST,72,,,2026-05-09T15:38:08.962114050Z,,,,host_log,10,20,,,,,,0,0,,technical_check,vplc_status_cycle_duration_not_validated_as_Tper,0.058,100,работает
RUN_20260509_VPLC_L0_IDLE_10_20_S01_R05,VPLC_L0_IDLE_10_20,SER_20260509_VPLC_L0_IDLE_10_20_S01,vPLC_container,VPLC_HOST,73,,,2026-05-09T15:38:10.020544661Z,,,,host_log,10,20,,,,,,0,0,,technical_check,vplc_status_cycle_duration_not_validated_as_Tper,0.057,100,работает
RUN_20260509_VPLC_L0_IDLE_10_20_S01_R05,VPLC_L0_IDLE_10_20,SER_20260509_VPLC_L0_IDLE_10_20_S01,vPLC_container,VPLC_HOST,74,,,2026-05-09T15:38:11.077163478Z,,,,host_log,10,20,,,,,,0,0,,technical_check,vplc_status_cycle_duration_not_validated_as_Tper,0.056,100,работает
RUN_20260509_VPLC_L0_IDLE_10_20_S01_R05,VPLC_L0_IDLE_10_20,SER_20260509_VPLC_L0_IDLE_10_20_S01,vPLC_container,VPLC_HOST,75,,,2026-05-09T15:38:12.129691623Z,,,,host_log,10,20,,,,,,0,0,,technical_check,vplc_status_cycle_duration_not_validated_as_Tper,0.034,100,работает
RUN_20260509_VPLC_L0_IDLE_10_20_S01_R05,VPLC_L0_IDLE_10_20,SER_20260509_VPLC_L0_IDLE_10_20_S01,vPLC_container,VPLC_HOST,76,,,2026-05-09T15:38:13.184715591Z,,,,host_log,10,20,,,,,,0,0,,technical_check,vplc_status_cycle_duration_not_validated_as_Tper,0.056,100,работает
RUN_20260509_VPLC_L0_IDLE_10_20_S01_R05,VPLC_L0_IDLE_10_20,SER_20260509_VPLC_L0_IDLE_10_20_S01,vPLC_container,VPLC_HOST,77,,,2026-05-09T15:38:14.238575206Z,,,,host_log,10,20,,,,,,0,0,,technical_check,vplc_status_cycle_duration_not_validated_as_Tper,0.035,100,работает
RUN_20260509_VPLC_L0_IDLE_10_20_S01_R05,VPLC_L0_IDLE_10_20,SER_20260509_VPLC_L0_IDLE_10_20_S01,vPLC_container,VPLC_HOST,78,,,2026-05-09T15:38:15.297181517Z,,,,host_log,10,20,,,,,,0,0,,technical_check,vplc_status_cycle_duration_not_validated_as_Tper,0.055,100,работает
RUN_20260509_VPLC_L0_IDLE_10_20_S01_R05,VPLC_L0_IDLE_10_20,SER_20260509_VPLC_L0_IDLE_10_20_S01,vPLC_container,VPLC_HOST,79,,,2026-05-09T15:38:16.353408393Z,,,,host_log,10,20,,,,,,0,0,,technical_check,vplc_status_cycle_duration_not_validated_as_Tper,3.522,100,работает
RUN_20260509_VPLC_L0_IDLE_10_20_S01_R05,VPLC_L0_IDLE_10_20,SER_20260509_VPLC_L0_IDLE_10_20_S01,vPLC_container,VPLC_HOST,80,,,2026-05-09T15:38:17.406767589Z,,,,host_log,10,20,,,,,,0,0,,technical_check,vplc_status_cycle_duration_not_validated_as_Tper,4.197,100,работает
RUN_20260509_VPLC_L0_IDLE_10_20_S01_R05,VPLC_L0_IDLE_10_20,SER_20260509_VPLC_L0_IDLE_10_20_S01,vPLC_container,VPLC_HOST,81,,,2026-05-09T15:38:18.462818630Z,,,,host_log,10,20,,,,,,0,0,,technical_check,vplc_status_cycle_duration_not_validated_as_Tper,0.056,100,работает
RUN_20260509_VPLC_L0_IDLE_10_20_S01_R05,VPLC_L0_IDLE_10_20,SER_20260509_VPLC_L0_IDLE_10_20_S01,vPLC_container,VPLC_HOST,82,,,2026-05-09T15:38:19.515423359Z,,,,host_log,10,20,,,,,,0,0,,technical_check,vplc_status_cycle_duration_not_validated_as_Tper,0.056,100,работает
RUN_20260509_VPLC_L0_IDLE_10_20_S01_R05,VPLC_L0_IDLE_10_20,SER_20260509_VPLC_L0_IDLE_10_20_S01,vPLC_container,VPLC_HOST,83,,,2026-05-09T15:38:20.571022069Z,,,,host_log,10,20,,,,,,0,0,,technical_check,vplc_status_cycle_duration_not_validated_as_Tper,0.057,100,работает
RUN_20260509_VPLC_L0_IDLE_10_20_S01_R05,VPLC_L0_IDLE_10_20,SER_20260509_VPLC_L0_IDLE_10_20_S01,vPLC_container,VPLC_HOST,84,,,2026-05-09T15:38:21.628375599Z,,,,host_log,10,20,,,,,,0,0,,technical_check,vplc_status_cycle_duration_not_validated_as_Tper,0.054,100,работает
RUN_20260509_VPLC_L0_IDLE_10_20_S01_R05,VPLC_L0_IDLE_10_20,SER_20260509_VPLC_L0_IDLE_10_20_S01,vPLC_container,VPLC_HOST,85,,,2026-05-09T15:38:22.683071113Z,,,,host_log,10,20,,,,,,0,0,,technical_check,vplc_status_cycle_duration_not_validated_as_Tper,0.055,100,работает
RUN_20260509_VPLC_L0_IDLE_10_20_S01_R05,VPLC_L0_IDLE_10_20,SER_20260509_VPLC_L0_IDLE_10_20_S01,vPLC_container,VPLC_HOST,86,,,2026-05-09T15:38:23.735289873Z,,,,host_log,10,20,,,,,,0,0,,technical_check,vplc_status_cycle_duration_not_validated_as_Tper,0.036,100,работает
RUN_20260509_VPLC_L0_IDLE_10_20_S01_R05,VPLC_L0_IDLE_10_20,SER_20260509_VPLC_L0_IDLE_10_20_S01,vPLC_container,VPLC_HOST,87,,,2026-05-09T15:38:24.790445467Z,,,,host_log,10,20,,,,,,0,0,,technical_check,vplc_status_cycle_duration_not_validated_as_Tper,0.057,100,работает
RUN_20260509_VPLC_L0_IDLE_10_20_S01_R05,VPLC_L0_IDLE_10_20,SER_20260509_VPLC_L0_IDLE_10_20_S01,vPLC_container,VPLC_HOST,88,,,2026-05-09T15:38:25.850724216Z,,,,host_log,10,20,,,,,,0,0,,technical_check,vplc_status_cycle_duration_not_validated_as_Tper,0.022,100,работает
RUN_20260509_VPLC_L0_IDLE_10_20_S01_R05,VPLC_L0_IDLE_10_20,SER_20260509_VPLC_L0_IDLE_10_20_S01,vPLC_container,VPLC_HOST,89,,,2026-05-09T15:38:26.903742633Z,,,,host_log,10,20,,,,,,0,0,,technical_check,vplc_status_cycle_duration_not_validated_as_Tper,0.055,100,работает
RUN_20260509_VPLC_L0_IDLE_10_20_S01_R05,VPLC_L0_IDLE_10_20,SER_20260509_VPLC_L0_IDLE_10_20_S01,vPLC_container,VPLC_HOST,90,,,2026-05-09T15:38:27.961487932Z,,,,host_log,10,20,,,,,,0,0,,technical_check,vplc_status_cycle_duration_not_validated_as_Tper,0.057,100,работает
RUN_20260509_VPLC_L0_IDLE_10_20_S01_R05,VPLC_L0_IDLE_10_20,SER_20260509_VPLC_L0_IDLE_10_20_S01,vPLC_container,VPLC_HOST,91,,,2026-05-09T15:38:29.017049331Z,,,,host_log,10,20,,,,,,0,0,,technical_check,vplc_status_cycle_duration_not_validated_as_Tper,0.056,100,работает
RUN_20260509_VPLC_L0_IDLE_10_20_S01_R05,VPLC_L0_IDLE_10_20,SER_20260509_VPLC_L0_IDLE_10_20_S01,vPLC_container,VPLC_HOST,92,,,2026-05-09T15:38:30.072495033Z,,,,host_log,10,20,,,,,,0,0,,technical_check,vplc_status_cycle_duration_not_validated_as_Tper,0.058,100,работает
RUN_20260509_VPLC_L0_IDLE_10_20_S01_R05,VPLC_L0_IDLE_10_20,SER_20260509_VPLC_L0_IDLE_10_20_S01,vPLC_container,VPLC_HOST,93,,,2026-05-09T15:38:31.125160265Z,,,,host_log,10,20,,,,,,0,0,,technical_check,vplc_status_cycle_duration_not_validated_as_Tper,0.056,100,работает
RUN_20260509_VPLC_L0_IDLE_10_20_S01_R05,VPLC_L0_IDLE_10_20,SER_20260509_VPLC_L0_IDLE_10_20_S01,vPLC_container,VPLC_HOST,94,,,2026-05-09T15:38:32.182827866Z,,,,host_log,10,20,,,,,,0,0,,technical_check,vplc_status_cycle_duration_not_validated_as_Tper,0.056,100,работает
RUN_20260509_VPLC_L0_IDLE_10_20_S01_R05,VPLC_L0_IDLE_10_20,SER_20260509_VPLC_L0_IDLE_10_20_S01,vPLC_container,VPLC_HOST,95,,,2026-05-09T15:38:33.237479829Z,,,,host_log,10,20,,,,,,0,0,,technical_check,vplc_status_cycle_duration_not_validated_as_Tper,0.037,100,работает
RUN_20260509_VPLC_L0_IDLE_10_20_S01_R05,VPLC_L0_IDLE_10_20,SER_20260509_VPLC_L0_IDLE_10_20_S01,vPLC_container,VPLC_HOST,96,,,2026-05-09T15:38:34.293670012Z,,,,host_log,10,20,,,,,,0,0,,technical_check,vplc_status_cycle_duration_not_validated_as_Tper,0.057,100,работает
RUN_20260509_VPLC_L0_IDLE_10_20_S01_R05,VPLC_L0_IDLE_10_20,SER_20260509_VPLC_L0_IDLE_10_20_S01,vPLC_container,VPLC_HOST,97,,,2026-05-09T15:38:35.345905858Z,,,,host_log,10,20,,,,,,0,0,,technical_check,vplc_status_cycle_duration_not_validated_as_Tper,4.432,100,работает
RUN_20260509_VPLC_L0_IDLE_10_20_S01_R05,VPLC_L0_IDLE_10_20,SER_20260509_VPLC_L0_IDLE_10_20_S01,vPLC_container,VPLC_HOST,98,,,2026-05-09T15:38:36.400777464Z,,,,host_log,10,20,,,,,,0,0,,technical_check,vplc_status_cycle_duration_not_validated_as_Tper,4.830,100,работает
RUN_20260509_VPLC_L0_IDLE_10_20_S01_R05,VPLC_L0_IDLE_10_20,SER_20260509_VPLC_L0_IDLE_10_20_S01,vPLC_container,VPLC_HOST,99,,,2026-05-09T15:38:37.459689175Z,,,,host_log,10,20,,,,,,0,0,,technical_check,vplc_status_cycle_duration_not_validated_as_Tper,0.047,100,работает
RUN_20260509_VPLC_L0_IDLE_10_20_S01_R05,VPLC_L0_IDLE_10_20,SER_20260509_VPLC_L0_IDLE_10_20_S01,vPLC_container,VPLC_HOST,100,,,2026-05-09T15:38:38.513049526Z,,,,host_log,10,20,,,,,,0,0,,technical_check,vplc_status_cycle_duration_not_validated_as_Tper,0.056,100,работает
RUN_20260509_VPLC_L0_IDLE_10_20_S01_R05,VPLC_L0_IDLE_10_20,SER_20260509_VPLC_L0_IDLE_10_20_S01,vPLC_container,VPLC_HOST,101,,,2026-05-09T15:38:39.568238096Z,,,,host_log,10,20,,,,,,0,0,,technical_check,vplc_status_cycle_duration_not_validated_as_Tper,0.057,100,работает
RUN_20260509_VPLC_L0_IDLE_10_20_S01_R05,VPLC_L0_IDLE_10_20,SER_20260509_VPLC_L0_IDLE_10_20_S01,vPLC_container,VPLC_HOST,102,,,2026-05-09T15:38:40.626301054Z,,,,host_log,10,20,,,,,,0,0,,technical_check,vplc_status_cycle_duration_not_validated_as_Tper,0.035,100,работает
RUN_20260509_VPLC_L0_IDLE_10_20_S01_R05,VPLC_L0_IDLE_10_20,SER_20260509_VPLC_L0_IDLE_10_20_S01,vPLC_container,VPLC_HOST,103,,,2026-05-09T15:38:41.681522153Z,,,,host_log,10,20,,,,,,0,0,,technical_check,vplc_status_cycle_duration_not_validated_as_Tper,0.056,100,работает
RUN_20260509_VPLC_L0_IDLE_10_20_S01_R05,VPLC_L0_IDLE_10_20,SER_20260509_VPLC_L0_IDLE_10_20_S01,vPLC_container,VPLC_HOST,104,,,2026-05-09T15:38:42.734579890Z,,,,host_log,10,20,,,,,,0,0,,technical_check,vplc_status_cycle_duration_not_validated_as_Tper,0.035,100,работает
RUN_20260509_VPLC_L0_IDLE_10_20_S01_R05,VPLC_L0_IDLE_10_20,SER_20260509_VPLC_L0_IDLE_10_20_S01,vPLC_container,VPLC_HOST,105,,,2026-05-09T15:38:43.789333759Z,,,,host_log,10,20,,,,,,0,0,,technical_check,vplc_status_cycle_duration_not_validated_as_Tper,0.056,100,работает
RUN_20260509_VPLC_L0_IDLE_10_20_S01_R05,VPLC_L0_IDLE_10_20,SER_20260509_VPLC_L0_IDLE_10_20_S01,vPLC_container,VPLC_HOST,106,,,2026-05-09T15:38:44.844552485Z,,,,host_log,10,20,,,,,,0,0,,technical_check,vplc_status_cycle_duration_not_validated_as_Tper,0.035,100,работает
RUN_20260509_VPLC_L0_IDLE_10_20_S01_R05,VPLC_L0_IDLE_10_20,SER_20260509_VPLC_L0_IDLE_10_20_S01,vPLC_container,VPLC_HOST,107,,,2026-05-09T15:38:45.902067972Z,,,,host_log,10,20,,,,,,0,0,,technical_check,vplc_status_cycle_duration_not_validated_as_Tper,0.057,100,работает
RUN_20260509_VPLC_L0_IDLE_10_20_S01_R05,VPLC_L0_IDLE_10_20,SER_20260509_VPLC_L0_IDLE_10_20_S01,vPLC_container,VPLC_HOST,108,,,2026-05-09T15:38:46.957943554Z,,,,host_log,10,20,,,,,,0,0,,technical_check,vplc_status_cycle_duration_not_validated_as_Tper,0.040,100,работает
RUN_20260509_VPLC_L0_IDLE_10_20_S01_R05,VPLC_L0_IDLE_10_20,SER_20260509_VPLC_L0_IDLE_10_20_S01,vPLC_container,VPLC_HOST,109,,,2026-05-09T15:38:48.011654539Z,,,,host_log,10,20,,,,,,0,0,,technical_check,vplc_status_cycle_duration_not_validated_as_Tper,0.058,100,работает
RUN_20260509_VPLC_L0_IDLE_10_20_S01_R05,VPLC_L0_IDLE_10_20,SER_20260509_VPLC_L0_IDLE_10_20_S01,vPLC_container,VPLC_HOST,110,,,2026-05-09T15:38:49.064669609Z,,,,host_log,10,20,,,,,,0,0,,technical_check,vplc_status_cycle_duration_not_validated_as_Tper,0.054,100,работает
RUN_20260509_VPLC_L0_IDLE_10_20_S01_R05,VPLC_L0_IDLE_10_20,SER_20260509_VPLC_L0_IDLE_10_20_S01,vPLC_container,VPLC_HOST,111,,,2026-05-09T15:38:50.122735528Z,,,,host_log,10,20,,,,,,0,0,,technical_check,vplc_status_cycle_duration_not_validated_as_Tper,0.053,100,работает
RUN_20260509_VPLC_L0_IDLE_10_20_S01_R05,VPLC_L0_IDLE_10_20,SER_20260509_VPLC_L0_IDLE_10_20_S01,vPLC_container,VPLC_HOST,112,,,2026-05-09T15:38:51.176760509Z,,,,host_log,10,20,,,,,,0,0,,technical_check,vplc_status_cycle_duration_not_validated_as_Tper,0.056,100,работает
RUN_20260509_VPLC_L0_IDLE_10_20_S01_R05,VPLC_L0_IDLE_10_20,SER_20260509_VPLC_L0_IDLE_10_20_S01,vPLC_container,VPLC_HOST,113,,,2026-05-09T15:38:52.234763412Z,,,,host_log,10,20,,,,,,0,0,,technical_check,vplc_status_cycle_duration_not_validated_as_Tper,0.035,100,работает
RUN_20260509_VPLC_L0_IDLE_10_20_S01_R05,VPLC_L0_IDLE_10_20,SER_20260509_VPLC_L0_IDLE_10_20_S01,vPLC_container,VPLC_HOST,114,,,2026-05-09T15:38:53.290808058Z,,,,host_log,10,20,,,,,,0,0,,technical_check,vplc_status_cycle_duration_not_validated_as_Tper,0.057,100,работает
RUN_20260509_VPLC_L0_IDLE_10_20_S01_R05,VPLC_L0_IDLE_10_20,SER_20260509_VPLC_L0_IDLE_10_20_S01,vPLC_container,VPLC_HOST,115,,,2026-05-09T15:38:54.344708905Z,,,,host_log,10,20,,,,,,0,0,,technical_check,vplc_status_cycle_duration_not_validated_as_Tper,3.992,100,работает
RUN_20260509_VPLC_L0_IDLE_10_20_S01_R05,VPLC_L0_IDLE_10_20,SER_20260509_VPLC_L0_IDLE_10_20_S01,vPLC_container,VPLC_HOST,116,,,2026-05-09T15:38:55.397966373Z,,,,host_log,10,20,,,,,,0,0,,technical_check,vplc_status_cycle_duration_not_validated_as_Tper,4.377,100,работает
RUN_20260509_VPLC_L0_IDLE_10_20_S01_R05,VPLC_L0_IDLE_10_20,SER_20260509_VPLC_L0_IDLE_10_20_S01,vPLC_container,VPLC_HOST,117,,,2026-05-09T15:38:56.452922592Z,,,,host_log,10,20,,,,,,0,0,,technical_check,vplc_status_cycle_duration_not_validated_as_Tper,0.026,100,работает
RUN_20260509_VPLC_L0_IDLE_10_20_S01_R05,VPLC_L0_IDLE_10_20,SER_20260509_VPLC_L0_IDLE_10_20_S01,vPLC_container,VPLC_HOST,118,,,2026-05-09T15:38:57.511870632Z,,,,host_log,10,20,,,,,,0,0,,technical_check,vplc_status_cycle_duration_not_validated_as_Tper,0.056,100,работает
RUN_20260509_VPLC_L0_IDLE_10_20_S01_R05,VPLC_L0_IDLE_10_20,SER_20260509_VPLC_L0_IDLE_10_20_S01,vPLC_container,VPLC_HOST,119,,,2026-05-09T15:38:58.565163989Z,,,,host_log,10,20,,,,,,0,0,,technical_check,vplc_status_cycle_duration_not_validated_as_Tper,0.056,100,работает
RUN_20260509_VPLC_L0_IDLE_10_20_S01_R05,VPLC_L0_IDLE_10_20,SER_20260509_VPLC_L0_IDLE_10_20_S01,vPLC_container,VPLC_HOST,120,,,2026-05-09T15:38:59.619672343Z,,,,host_log,10,20,,,,,,0,0,,technical_check,vplc_status_cycle_duration_not_validated_as_Tper,0.057,100,работает
RUN_20260509_VPLC_L0_IDLE_10_20_S01_R05,VPLC_L0_IDLE_10_20,SER_20260509_VPLC_L0_IDLE_10_20_S01,vPLC_container,VPLC_HOST,121,,,2026-05-09T15:39:00.677080655Z,,,,host_log,10,20,,,,,,0,0,,technical_check,vplc_status_cycle_duration_not_validated_as_Tper,0.056,100,работает
RUN_20260509_VPLC_L0_IDLE_10_20_S01_R05,VPLC_L0_IDLE_10_20,SER_20260509_VPLC_L0_IDLE_10_20_S01,vPLC_container,VPLC_HOST,122,,,2026-05-09T15:39:01.730675233Z,,,,host_log,10,20,,,,,,0,0,,technical_check,vplc_status_cycle_duration_not_validated_as_Tper,0.033,100,работает
RUN_20260509_VPLC_L0_IDLE_10_20_S01_R05,VPLC_L0_IDLE_10_20,SER_20260509_VPLC_L0_IDLE_10_20_S01,vPLC_container,VPLC_HOST,123,,,2026-05-09T15:39:02.785710992Z,,,,host_log,10,20,,,,,,0,0,,technical_check,vplc_status_cycle_duration_not_validated_as_Tper,0.057,100,работает
RUN_20260509_VPLC_L0_IDLE_10_20_S01_R05,VPLC_L0_IDLE_10_20,SER_20260509_VPLC_L0_IDLE_10_20_S01,vPLC_container,VPLC_HOST,124,,,2026-05-09T15:39:03.842860308Z,,,,host_log,10,20,,,,,,0,0,,technical_check,vplc_status_cycle_duration_not_validated_as_Tper,0.036,100,работает
RUN_20260509_VPLC_L0_IDLE_10_20_S01_R05,VPLC_L0_IDLE_10_20,SER_20260509_VPLC_L0_IDLE_10_20_S01,vPLC_container,VPLC_HOST,125,,,2026-05-09T15:39:04.895555131Z,,,,host_log,10,20,,,,,,0,0,,technical_check,vplc_status_cycle_duration_not_validated_as_Tper,0.057,100,работает
RUN_20260509_VPLC_L0_IDLE_10_20_S01_R05,VPLC_L0_IDLE_10_20,SER_20260509_VPLC_L0_IDLE_10_20_S01,vPLC_container,VPLC_HOST,126,,,2026-05-09T15:39:05.954576019Z,,,,host_log,10,20,,,,,,0,0,,technical_check,vplc_status_cycle_duration_not_validated_as_Tper,0.031,100,работает
RUN_20260509_VPLC_L0_IDLE_10_20_S01_R05,VPLC_L0_IDLE_10_20,SER_20260509_VPLC_L0_IDLE_10_20_S01,vPLC_container,VPLC_HOST,127,,,2026-05-09T15:39:07.006972708Z,,,,host_log,10,20,,,,,,0,0,,technical_check,vplc_status_cycle_duration_not_validated_as_Tper,0.055,100,работает
RUN_20260509_VPLC_L0_IDLE_10_20_S01_R05,VPLC_L0_IDLE_10_20,SER_20260509_VPLC_L0_IDLE_10_20_S01,vPLC_container,VPLC_HOST,128,,,2026-05-09T15:39:08.063724169Z,,,,host_log,10,20,,,,,,0,0,,technical_check,vplc_status_cycle_duration_not_validated_as_Tper,0.055,100,работает
RUN_20260509_VPLC_L0_IDLE_10_20_S01_R05,VPLC_L0_IDLE_10_20,SER_20260509_VPLC_L0_IDLE_10_20_S01,vPLC_container,VPLC_HOST,129,,,2026-05-09T15:39:09.120731591Z,,,,host_log,10,20,,,,,,0,0,,technical_check,vplc_status_cycle_duration_not_validated_as_Tper,0.052,100,работает
RUN_20260509_VPLC_L0_IDLE_10_20_S01_R05,VPLC_L0_IDLE_10_20,SER_20260509_VPLC_L0_IDLE_10_20_S01,vPLC_container,VPLC_HOST,130,,,2026-05-09T15:39:10.174968064Z,,,,host_log,10,20,,,,,,0,0,,technical_check,vplc_status_cycle_duration_not_validated_as_Tper,0.057,100,работает
RUN_20260509_VPLC_L0_IDLE_10_20_S01_R05,VPLC_L0_IDLE_10_20,SER_20260509_VPLC_L0_IDLE_10_20_S01,vPLC_container,VPLC_HOST,131,,,2026-05-09T15:39:11.229324264Z,,,,host_log,10,20,,,,,,0,0,,technical_check,vplc_status_cycle_duration_not_validated_as_Tper,0.036,100,работает
RUN_20260509_VPLC_L0_IDLE_10_20_S01_R05,VPLC_L0_IDLE_10_20,SER_20260509_VPLC_L0_IDLE_10_20_S01,vPLC_container,VPLC_HOST,132,,,2026-05-09T15:39:12.285677329Z,,,,host_log,10,20,,,,,,0,0,,technical_check,vplc_status_cycle_duration_not_validated_as_Tper,0.057,100,работает
RUN_20260509_VPLC_L0_IDLE_10_20_S01_R05,VPLC_L0_IDLE_10_20,SER_20260509_VPLC_L0_IDLE_10_20_S01,vPLC_container,VPLC_HOST,133,,,2026-05-09T15:39:13.340718305Z,,,,host_log,10,20,,,,,,0,0,,technical_check,vplc_status_cycle_duration_not_validated_as_Tper,4.286,100,работает
RUN_20260509_VPLC_L0_IDLE_10_20_S01_R05,VPLC_L0_IDLE_10_20,SER_20260509_VPLC_L0_IDLE_10_20_S01,vPLC_container,VPLC_HOST,134,,,2026-05-09T15:39:14.395292479Z,,,,host_log,10,20,,,,,,0,0,,technical_check,vplc_status_cycle_duration_not_validated_as_Tper,4.346,100,работает
RUN_20260509_VPLC_L0_IDLE_10_20_S01_R05,VPLC_L0_IDLE_10_20,SER_20260509_VPLC_L0_IDLE_10_20_S01,vPLC_container,VPLC_HOST,135,,,2026-05-09T15:39:15.450752711Z,,,,host_log,10,20,,,,,,0,0,,technical_check,vplc_status_cycle_duration_not_validated_as_Tper,0.020,100,работает
RUN_20260509_VPLC_L0_IDLE_10_20_S01_R05,VPLC_L0_IDLE_10_20,SER_20260509_VPLC_L0_IDLE_10_20_S01,vPLC_container,VPLC_HOST,136,,,2026-05-09T15:39:16.502546570Z,,,,host_log,10,20,,,,,,0,0,,technical_check,vplc_status_cycle_duration_not_validated_as_Tper,0.054,100,работает
RUN_20260509_VPLC_L0_IDLE_10_20_S01_R05,VPLC_L0_IDLE_10_20,SER_20260509_VPLC_L0_IDLE_10_20_S01,vPLC_container,VPLC_HOST,137,,,2026-05-09T15:39:17.560675166Z,,,,host_log,10,20,,,,,,0,0,,technical_check,vplc_status_cycle_duration_not_validated_as_Tper,0.057,100,работает
RUN_20260509_VPLC_L0_IDLE_10_20_S01_R05,VPLC_L0_IDLE_10_20,SER_20260509_VPLC_L0_IDLE_10_20_S01,vPLC_container,VPLC_HOST,138,,,2026-05-09T15:39:18.614825205Z,,,,host_log,10,20,,,,,,0,0,,technical_check,vplc_status_cycle_duration_not_validated_as_Tper,0.057,100,работает
RUN_20260509_VPLC_L0_IDLE_10_20_S01_R05,VPLC_L0_IDLE_10_20,SER_20260509_VPLC_L0_IDLE_10_20_S01,vPLC_container,VPLC_HOST,139,,,2026-05-09T15:39:19.672906053Z,,,,host_log,10,20,,,,,,0,0,,technical_check,vplc_status_cycle_duration_not_validated_as_Tper,0.056,100,работает
RUN_20260509_VPLC_L0_IDLE_10_20_S01_R05,VPLC_L0_IDLE_10_20,SER_20260509_VPLC_L0_IDLE_10_20_S01,vPLC_container,VPLC_HOST,140,,,2026-05-09T15:39:20.725765879Z,,,,host_log,10,20,,,,,,0,0,,technical_check,vplc_status_cycle_duration_not_validated_as_Tper,0.035,100,работает
RUN_20260509_VPLC_L0_IDLE_10_20_S01_R05,VPLC_L0_IDLE_10_20,SER_20260509_VPLC_L0_IDLE_10_20_S01,vPLC_container,VPLC_HOST,141,,,2026-05-09T15:39:21.779957300Z,,,,host_log,10,20,,,,,,0,0,,technical_check,vplc_status_cycle_duration_not_validated_as_Tper,0.056,100,работает
RUN_20260509_VPLC_L0_IDLE_10_20_S01_R05,VPLC_L0_IDLE_10_20,SER_20260509_VPLC_L0_IDLE_10_20_S01,vPLC_container,VPLC_HOST,142,,,2026-05-09T15:39:22.838209933Z,,,,host_log,10,20,,,,,,0,0,,technical_check,vplc_status_cycle_duration_not_validated_as_Tper,0.036,100,работает
RUN_20260509_VPLC_L0_IDLE_10_20_S01_R05,VPLC_L0_IDLE_10_20,SER_20260509_VPLC_L0_IDLE_10_20_S01,vPLC_container,VPLC_HOST,143,,,2026-05-09T15:39:23.892053330Z,,,,host_log,10,20,,,,,,0,0,,technical_check,vplc_status_cycle_duration_not_validated_as_Tper,0.056,100,работает
RUN_20260509_VPLC_L0_IDLE_10_20_S01_R05,VPLC_L0_IDLE_10_20,SER_20260509_VPLC_L0_IDLE_10_20_S01,vPLC_container,VPLC_HOST,144,,,2026-05-09T15:39:24.946265125Z,,,,host_log,10,20,,,,,,0,0,,technical_check,vplc_status_cycle_duration_not_validated_as_Tper,0.031,100,работает
RUN_20260509_VPLC_L0_IDLE_10_20_S01_R05,VPLC_L0_IDLE_10_20,SER_20260509_VPLC_L0_IDLE_10_20_S01,vPLC_container,VPLC_HOST,145,,,2026-05-09T15:39:26.002889754Z,,,,host_log,10,20,,,,,,0,0,,technical_check,vplc_status_cycle_duration_not_validated_as_Tper,0.055,100,работает
RUN_20260509_VPLC_L0_IDLE_10_20_S01_R05,VPLC_L0_IDLE_10_20,SER_20260509_VPLC_L0_IDLE_10_20_S01,vPLC_container,VPLC_HOST,146,,,2026-05-09T15:39:27.055648919Z,,,,host_log,10,20,,,,,,0,0,,technical_check,vplc_status_cycle_duration_not_validated_as_Tper,0.031,100,работает
RUN_20260509_VPLC_L0_IDLE_10_20_S01_R05,VPLC_L0_IDLE_10_20,SER_20260509_VPLC_L0_IDLE_10_20_S01,vPLC_container,VPLC_HOST,147,,,2026-05-09T15:39:28.114357894Z,,,,host_log,10,20,,,,,,0,0,,technical_check,vplc_status_cycle_duration_not_validated_as_Tper,0.056,100,работает
RUN_20260509_VPLC_L0_IDLE_10_20_S01_R05,VPLC_L0_IDLE_10_20,SER_20260509_VPLC_L0_IDLE_10_20_S01,vPLC_container,VPLC_HOST,148,,,2026-05-09T15:39:29.168785264Z,,,,host_log,10,20,,,,,,0,0,,technical_check,vplc_status_cycle_duration_not_validated_as_Tper,0.056,100,работает
RUN_20260509_VPLC_L0_IDLE_10_20_S01_R05,VPLC_L0_IDLE_10_20,SER_20260509_VPLC_L0_IDLE_10_20_S01,vPLC_container,VPLC_HOST,149,,,2026-05-09T15:39:30.224024085Z,,,,host_log,10,20,,,,,,0,0,,technical_check,vplc_status_cycle_duration_not_validated_as_Tper,0.055,100,работает
RUN_20260509_VPLC_L0_IDLE_10_20_S01_R05,VPLC_L0_IDLE_10_20,SER_20260509_VPLC_L0_IDLE_10_20_S01,vPLC_container,VPLC_HOST,150,,,2026-05-09T15:39:31.278110350Z,,,,host_log,10,20,,,,,,0,0,,technical_check,vplc_status_cycle_duration_not_validated_as_Tper,0.056,100,работает
RUN_20260509_VPLC_L0_IDLE_10_20_S01_R05,VPLC_L0_IDLE_10_20,SER_20260509_VPLC_L0_IDLE_10_20_S01,vPLC_container,VPLC_HOST,151,,,2026-05-09T15:39:32.334435232Z,,,,host_log,10,20,,,,,,0,0,,technical_check,vplc_status_cycle_duration_not_validated_as_Tper,4.494,100,работает
RUN_20260509_VPLC_L0_IDLE_10_20_S01_R05,VPLC_L0_IDLE_10_20,SER_20260509_VPLC_L0_IDLE_10_20_S01,vPLC_container,VPLC_HOST,152,,,2026-05-09T15:39:33.389789444Z,,,,host_log,10,20,,,,,,0,0,,technical_check,vplc_status_cycle_duration_not_validated_as_Tper,4.929,100,работает
RUN_20260509_VPLC_L0_IDLE_10_20_S01_R05,VPLC_L0_IDLE_10_20,SER_20260509_VPLC_L0_IDLE_10_20_S01,vPLC_container,VPLC_HOST,153,,,2026-05-09T15:39:34.445783237Z,,,,host_log,10,20,,,,,,0,0,,technical_check,vplc_status_cycle_duration_not_validated_as_Tper,0.025,100,работает
RUN_20260509_VPLC_L0_IDLE_10_20_S01_R05,VPLC_L0_IDLE_10_20,SER_20260509_VPLC_L0_IDLE_10_20_S01,vPLC_container,VPLC_HOST,154,,,2026-05-09T15:39:35.500161414Z,,,,host_log,10,20,,,,,,0,0,,technical_check,vplc_status_cycle_duration_not_validated_as_Tper,0.057,100,работает
RUN_20260509_VPLC_L0_IDLE_10_20_S01_R05,VPLC_L0_IDLE_10_20,SER_20260509_VPLC_L0_IDLE_10_20_S01,vPLC_container,VPLC_HOST,155,,,2026-05-09T15:39:36.554532515Z,,,,host_log,10,20,,,,,,0,0,,technical_check,vplc_status_cycle_duration_not_validated_as_Tper,0.031,100,работает
RUN_20260509_VPLC_L0_IDLE_10_20_S01_R05,VPLC_L0_IDLE_10_20,SER_20260509_VPLC_L0_IDLE_10_20_S01,vPLC_container,VPLC_HOST,156,,,2026-05-09T15:39:37.609469931Z,,,,host_log,10,20,,,,,,0,0,,technical_check,vplc_status_cycle_duration_not_validated_as_Tper,0.056,100,работает
RUN_20260509_VPLC_L0_IDLE_10_20_S01_R05,VPLC_L0_IDLE_10_20,SER_20260509_VPLC_L0_IDLE_10_20_S01,vPLC_container,VPLC_HOST,157,,,2026-05-09T15:39:38.667691546Z,,,,host_log,10,20,,,,,,0,0,,technical_check,vplc_status_cycle_duration_not_validated_as_Tper,0.057,100,работает
RUN_20260509_VPLC_L0_IDLE_10_20_S01_R05,VPLC_L0_IDLE_10_20,SER_20260509_VPLC_L0_IDLE_10_20_S01,vPLC_container,VPLC_HOST,158,,,2026-05-09T15:39:39.720356468Z,,,,host_log,10,20,,,,,,0,0,,technical_check,vplc_status_cycle_duration_not_validated_as_Tper,0.058,100,работает
RUN_20260509_VPLC_L0_IDLE_10_20_S01_R05,VPLC_L0_IDLE_10_20,SER_20260509_VPLC_L0_IDLE_10_20_S01,vPLC_container,VPLC_HOST,159,,,2026-05-09T15:39:40.778541814Z,,,,host_log,10,20,,,,,,0,0,,technical_check,vplc_status_cycle_duration_not_validated_as_Tper,0.057,100,работает
RUN_20260509_VPLC_L0_IDLE_10_20_S01_R05,VPLC_L0_IDLE_10_20,SER_20260509_VPLC_L0_IDLE_10_20_S01,vPLC_container,VPLC_HOST,160,,,2026-05-09T15:39:41.831898508Z,,,,host_log,10,20,,,,,,0,0,,technical_check,vplc_status_cycle_duration_not_validated_as_Tper,0.037,100,работает
RUN_20260509_VPLC_L0_IDLE_10_20_S01_R05,VPLC_L0_IDLE_10_20,SER_20260509_VPLC_L0_IDLE_10_20_S01,vPLC_container,VPLC_HOST,161,,,2026-05-09T15:39:42.888738781Z,,,,host_log,10,20,,,,,,0,0,,technical_check,vplc_status_cycle_duration_not_validated_as_Tper,0.057,100,работает
RUN_20260509_VPLC_L0_IDLE_10_20_S01_R05,VPLC_L0_IDLE_10_20,SER_20260509_VPLC_L0_IDLE_10_20_S01,vPLC_container,VPLC_HOST,162,,,2026-05-09T15:39:43.942874229Z,,,,host_log,10,20,,,,,,0,0,,technical_check,vplc_status_cycle_duration_not_validated_as_Tper,0.036,100,работает
RUN_20260509_VPLC_L0_IDLE_10_20_S01_R05,VPLC_L0_IDLE_10_20,SER_20260509_VPLC_L0_IDLE_10_20_S01,vPLC_container,VPLC_HOST,163,,,2026-05-09T15:39:44.996158745Z,,,,host_log,10,20,,,,,,0,0,,technical_check,vplc_status_cycle_duration_not_validated_as_Tper,0.056,100,работает
RUN_20260509_VPLC_L0_IDLE_10_20_S01_R05,VPLC_L0_IDLE_10_20,SER_20260509_VPLC_L0_IDLE_10_20_S01,vPLC_container,VPLC_HOST,164,,,2026-05-09T15:39:46.053278289Z,,,,host_log,10,20,,,,,,0,0,,technical_check,vplc_status_cycle_duration_not_validated_as_Tper,0.027,100,работает
RUN_20260509_VPLC_L0_IDLE_10_20_S01_R05,VPLC_L0_IDLE_10_20,SER_20260509_VPLC_L0_IDLE_10_20_S01,vPLC_container,VPLC_HOST,165,,,2026-05-09T15:39:47.107510851Z,,,,host_log,10,20,,,,,,0,0,,technical_check,vplc_status_cycle_duration_not_validated_as_Tper,0.056,100,работает
RUN_20260509_VPLC_L0_IDLE_10_20_S01_R05,VPLC_L0_IDLE_10_20,SER_20260509_VPLC_L0_IDLE_10_20_S01,vPLC_container,VPLC_HOST,166,,,2026-05-09T15:39:48.162402778Z,,,,host_log,10,20,,,,,,0,0,,technical_check,vplc_status_cycle_duration_not_validated_as_Tper,0.057,100,работает
RUN_20260509_VPLC_L0_IDLE_10_20_S01_R05,VPLC_L0_IDLE_10_20,SER_20260509_VPLC_L0_IDLE_10_20_S01,vPLC_container,VPLC_HOST,167,,,2026-05-09T15:39:49.218655530Z,,,,host_log,10,20,,,,,,0,0,,technical_check,vplc_status_cycle_duration_not_validated_as_Tper,0.057,100,работает
RUN_20260509_VPLC_L0_IDLE_10_20_S01_R05,VPLC_L0_IDLE_10_20,SER_20260509_VPLC_L0_IDLE_10_20_S01,vPLC_container,VPLC_HOST,168,,,2026-05-09T15:39:50.275899560Z,,,,host_log,10,20,,,,,,0,0,,technical_check,vplc_status_cycle_duration_not_validated_as_Tper,0.056,100,работает
RUN_20260509_VPLC_L0_IDLE_10_20_S01_R05,VPLC_L0_IDLE_10_20,SER_20260509_VPLC_L0_IDLE_10_20_S01,vPLC_container,VPLC_HOST,169,,,2026-05-09T15:39:51.328244560Z,,,,host_log,10,20,,,,,,0,0,,technical_check,vplc_status_cycle_duration_not_validated_as_Tper,4.603,100,работает
RUN_20260509_VPLC_L0_IDLE_10_20_S01_R05,VPLC_L0_IDLE_10_20,SER_20260509_VPLC_L0_IDLE_10_20_S01,vPLC_container,VPLC_HOST,170,,,2026-05-09T15:39:52.385420302Z,,,,host_log,10,20,,,,,,0,0,,technical_check,vplc_status_cycle_duration_not_validated_as_Tper,5.193,100,работает
RUN_20260509_VPLC_L0_IDLE_10_20_S01_R05,VPLC_L0_IDLE_10_20,SER_20260509_VPLC_L0_IDLE_10_20_S01,vPLC_container,VPLC_HOST,171,,,2026-05-09T15:39:53.440258377Z,,,,host_log,10,20,,,,,,0,0,,technical_check,vplc_status_cycle_duration_not_validated_as_Tper,0.035,100,работает
RUN_20260509_VPLC_L0_IDLE_10_20_S01_R05,VPLC_L0_IDLE_10_20,SER_20260509_VPLC_L0_IDLE_10_20_S01,vPLC_container,VPLC_HOST,172,,,2026-05-09T15:39:54.494184888Z,,,,host_log,10,20,,,,,,0,0,,technical_check,vplc_status_cycle_duration_not_validated_as_Tper,0.057,100,работает
RUN_20260509_VPLC_L0_IDLE_10_20_S01_R05,VPLC_L0_IDLE_10_20,SER_20260509_VPLC_L0_IDLE_10_20_S01,vPLC_container,VPLC_HOST,173,,,2026-05-09T15:39:55.551554341Z,,,,host_log,10,20,,,,,,0,0,,technical_check,vplc_status_cycle_duration_not_validated_as_Tper,0.021,100,работает
RUN_20260509_VPLC_L0_IDLE_10_20_S01_R05,VPLC_L0_IDLE_10_20,SER_20260509_VPLC_L0_IDLE_10_20_S01,vPLC_container,VPLC_HOST,174,,,2026-05-09T15:39:56.606675072Z,,,,host_log,10,20,,,,,,0,0,,technical_check,vplc_status_cycle_duration_not_validated_as_Tper,0.057,100,работает
RUN_20260509_VPLC_L0_IDLE_10_20_S01_R05,VPLC_L0_IDLE_10_20,SER_20260509_VPLC_L0_IDLE_10_20_S01,vPLC_container,VPLC_HOST,175,,,2026-05-09T15:39:57.658082063Z,,,,host_log,10,20,,,,,,0,0,,technical_check,vplc_status_cycle_duration_not_validated_as_Tper,0.040,100,работает
RUN_20260509_VPLC_L0_IDLE_10_20_S01_R05,VPLC_L0_IDLE_10_20,SER_20260509_VPLC_L0_IDLE_10_20_S01,vPLC_container,VPLC_HOST,176,,,2026-05-09T15:39:58.715419553Z,,,,host_log,10,20,,,,,,0,0,,technical_check,vplc_status_cycle_duration_not_validated_as_Tper,0.057,100,работает
RUN_20260509_VPLC_L0_IDLE_10_20_S01_R05,VPLC_L0_IDLE_10_20,SER_20260509_VPLC_L0_IDLE_10_20_S01,vPLC_container,VPLC_HOST,177,,,2026-05-09T15:39:59.772575181Z,,,,host_log,10,20,,,,,,0,0,,technical_check,vplc_status_cycle_duration_not_validated_as_Tper,0.053,100,работает
RUN_20260509_VPLC_L0_IDLE_10_20_S01_R05,VPLC_L0_IDLE_10_20,SER_20260509_VPLC_L0_IDLE_10_20_S01,vPLC_container,VPLC_HOST,178,,,2026-05-09T15:40:00.825783418Z,,,,host_log,10,20,,,,,,0,0,,technical_check,vplc_status_cycle_duration_not_validated_as_Tper,0.036,100,работает
RUN_20260509_VPLC_L0_IDLE_10_20_S01_R05,VPLC_L0_IDLE_10_20,SER_20260509_VPLC_L0_IDLE_10_20_S01,vPLC_container,VPLC_HOST,179,,,2026-05-09T15:40:01.879297456Z,,,,host_log,10,20,,,,,,0,0,,technical_check,vplc_status_cycle_duration_not_validated_as_Tper,0.056,100,работает
RUN_20260509_VPLC_L0_IDLE_10_20_S01_R05,VPLC_L0_IDLE_10_20,SER_20260509_VPLC_L0_IDLE_10_20_S01,vPLC_container,VPLC_HOST,180,,,2026-05-09T15:40:02.937508036Z,,,,host_log,10,20,,,,,,0,0,,technical_check,vplc_status_cycle_duration_not_validated_as_Tper,0.035,100,работает
RUN_20260509_VPLC_L0_IDLE_10_20_S01_R05,VPLC_L0_IDLE_10_20,SER_20260509_VPLC_L0_IDLE_10_20_S01,vPLC_container,VPLC_HOST,181,,,2026-05-09T15:40:03.990212304Z,,,,host_log,10,20,,,,,,0,0,,technical_check,vplc_status_cycle_duration_not_validated_as_Tper,0.057,100,работает
RUN_20260509_VPLC_L0_IDLE_10_20_S01_R05,VPLC_L0_IDLE_10_20,SER_20260509_VPLC_L0_IDLE_10_20_S01,vPLC_container,VPLC_HOST,182,,,2026-05-09T15:40:05.045742314Z,,,,host_log,10,20,,,,,,0,0,,technical_check,vplc_status_cycle_duration_not_validated_as_Tper,0.033,100,работает
RUN_20260509_VPLC_L0_IDLE_10_20_S01_R05,VPLC_L0_IDLE_10_20,SER_20260509_VPLC_L0_IDLE_10_20_S01,vPLC_container,VPLC_HOST,183,,,2026-05-09T15:40:06.103681048Z,,,,host_log,10,20,,,,,,0,0,,technical_check,vplc_status_cycle_duration_not_validated_as_Tper,0.056,100,работает
RUN_20260509_VPLC_L0_IDLE_10_20_S01_R05,VPLC_L0_IDLE_10_20,SER_20260509_VPLC_L0_IDLE_10_20_S01,vPLC_container,VPLC_HOST,184,,,2026-05-09T15:40:07.156623215Z,,,,host_log,10,20,,,,,,0,0,,technical_check,vplc_status_cycle_duration_not_validated_as_Tper,0.036,100,работает
RUN_20260509_VPLC_L0_IDLE_10_20_S01_R05,VPLC_L0_IDLE_10_20,SER_20260509_VPLC_L0_IDLE_10_20_S01,vPLC_container,VPLC_HOST,185,,,2026-05-09T15:40:08.211050069Z,,,,host_log,10,20,,,,,,0,0,,technical_check,vplc_status_cycle_duration_not_validated_as_Tper,0.056,100,работает
RUN_20260509_VPLC_L0_IDLE_10_20_S01_R05,VPLC_L0_IDLE_10_20,SER_20260509_VPLC_L0_IDLE_10_20_S01,vPLC_container,VPLC_HOST,186,,,2026-05-09T15:40:09.266297251Z,,,,host_log,10,20,,,,,,0,0,,technical_check,vplc_status_cycle_duration_not_validated_as_Tper,0.054,100,работает
RUN_20260509_VPLC_L0_IDLE_10_20_S01_R05,VPLC_L0_IDLE_10_20,SER_20260509_VPLC_L0_IDLE_10_20_S01,vPLC_container,VPLC_HOST,187,,,2026-05-09T15:40:10.325141040Z,,,,host_log,10,20,,,,,,0,0,,technical_check,vplc_status_cycle_duration_not_validated_as_Tper,0.057,100,работает
RUN_20260509_VPLC_L0_IDLE_10_20_S01_R05,VPLC_L0_IDLE_10_20,SER_20260509_VPLC_L0_IDLE_10_20_S01,vPLC_container,VPLC_HOST,188,,,2026-05-09T15:40:11.377218389Z,,,,host_log,10,20,,,,,,0,0,,technical_check,vplc_status_cycle_duration_not_validated_as_Tper,4.706,100,работает
RUN_20260509_VPLC_L0_IDLE_10_20_S01_R05,VPLC_L0_IDLE_10_20,SER_20260509_VPLC_L0_IDLE_10_20_S01,vPLC_container,VPLC_HOST,189,,,2026-05-09T15:40:12.434214817Z,,,,host_log,10,20,,,,,,0,0,,technical_check,vplc_status_cycle_duration_not_validated_as_Tper,0.035,100,работает
RUN_20260509_VPLC_L0_IDLE_10_20_S01_R05,VPLC_L0_IDLE_10_20,SER_20260509_VPLC_L0_IDLE_10_20_S01,vPLC_container,VPLC_HOST,190,,,2026-05-09T15:40:13.490584853Z,,,,host_log,10,20,,,,,,0,0,,technical_check,vplc_status_cycle_duration_not_validated_as_Tper,0.056,100,работает
RUN_20260509_VPLC_L0_IDLE_10_20_S01_R05,VPLC_L0_IDLE_10_20,SER_20260509_VPLC_L0_IDLE_10_20_S01,vPLC_container,VPLC_HOST,191,,,2026-05-09T15:40:14.543562891Z,,,,host_log,10,20,,,,,,0,0,,technical_check,vplc_status_cycle_duration_not_validated_as_Tper,0.035,100,работает
RUN_20260509_VPLC_L0_IDLE_10_20_S01_R05,VPLC_L0_IDLE_10_20,SER_20260509_VPLC_L0_IDLE_10_20_S01,vPLC_container,VPLC_HOST,192,,,2026-05-09T15:40:15.598835642Z,,,,host_log,10,20,,,,,,0,0,,technical_check,vplc_status_cycle_duration_not_validated_as_Tper,0.056,100,работает
RUN_20260509_VPLC_L0_IDLE_10_20_S01_R05,VPLC_L0_IDLE_10_20,SER_20260509_VPLC_L0_IDLE_10_20_S01,vPLC_container,VPLC_HOST,193,,,2026-05-09T15:40:16.653855533Z,,,,host_log,10,20,,,,,,0,0,,technical_check,vplc_status_cycle_duration_not_validated_as_Tper,0.028,100,работает
RUN_20260509_VPLC_L0_IDLE_10_20_S01_R05,VPLC_L0_IDLE_10_20,SER_20260509_VPLC_L0_IDLE_10_20_S01,vPLC_container,VPLC_HOST,194,,,2026-05-09T15:40:17.712454353Z,,,,host_log,10,20,,,,,,0,0,,technical_check,vplc_status_cycle_duration_not_validated_as_Tper,0.057,100,работает
RUN_20260509_VPLC_L0_IDLE_10_20_S01_R05,VPLC_L0_IDLE_10_20,SER_20260509_VPLC_L0_IDLE_10_20_S01,vPLC_container,VPLC_HOST,195,,,2026-05-09T15:40:18.767331792Z,,,,host_log,10,20,,,,,,0,0,,technical_check,vplc_status_cycle_duration_not_validated_as_Tper,0.057,100,работает
RUN_20260509_VPLC_L0_IDLE_10_20_S01_R05,VPLC_L0_IDLE_10_20,SER_20260509_VPLC_L0_IDLE_10_20_S01,vPLC_container,VPLC_HOST,196,,,2026-05-09T15:40:19.822067568Z,,,,host_log,10,20,,,,,,0,0,,technical_check,vplc_status_cycle_duration_not_validated_as_Tper,0.037,100,работает
RUN_20260509_VPLC_L0_IDLE_10_20_S01_R05,VPLC_L0_IDLE_10_20,SER_20260509_VPLC_L0_IDLE_10_20_S01,vPLC_container,VPLC_HOST,197,,,2026-05-09T15:40:20.877936511Z,,,,host_log,10,20,,,,,,0,0,,technical_check,vplc_status_cycle_duration_not_validated_as_Tper,0.054,100,работает
RUN_20260509_VPLC_L0_IDLE_10_20_S01_R05,VPLC_L0_IDLE_10_20,SER_20260509_VPLC_L0_IDLE_10_20_S01,vPLC_container,VPLC_HOST,198,,,2026-05-09T15:40:21.932953062Z,,,,host_log,10,20,,,,,,0,0,,technical_check,vplc_status_cycle_duration_not_validated_as_Tper,0.037,100,работает
RUN_20260509_VPLC_L0_IDLE_10_20_S01_R05,VPLC_L0_IDLE_10_20,SER_20260509_VPLC_L0_IDLE_10_20_S01,vPLC_container,VPLC_HOST,199,,,2026-05-09T15:40:22.988636635Z,,,,host_log,10,20,,,,,,0,0,,technical_check,vplc_status_cycle_duration_not_validated_as_Tper,0.057,100,работает
RUN_20260509_VPLC_L0_IDLE_10_20_S01_R05,VPLC_L0_IDLE_10_20,SER_20260509_VPLC_L0_IDLE_10_20_S01,vPLC_container,VPLC_HOST,200,,,2026-05-09T15:40:24.044122997Z,,,,host_log,10,20,,,,,,0,0,,technical_check,vplc_status_cycle_duration_not_validated_as_Tper,0.037,100,работает
RUN_20260509_VPLC_L0_IDLE_10_20_S01_R05,VPLC_L0_IDLE_10_20,SER_20260509_VPLC_L0_IDLE_10_20_S01,vPLC_container,VPLC_HOST,201,,,2026-05-09T15:40:25.100731088Z,,,,host_log,10,20,,,,,,0,0,,technical_check,vplc_status_cycle_duration_not_validated_as_Tper,0.056,100,работает
RUN_20260509_VPLC_L0_IDLE_10_20_S01_R05,VPLC_L0_IDLE_10_20,SER_20260509_VPLC_L0_IDLE_10_20_S01,vPLC_container,VPLC_HOST,202,,,2026-05-09T15:40:26.154766819Z,,,,host_log,10,20,,,,,,0,0,,technical_check,vplc_status_cycle_duration_not_validated_as_Tper,0.031,100,работает
RUN_20260509_VPLC_L0_IDLE_10_20_S01_R05,VPLC_L0_IDLE_10_20,SER_20260509_VPLC_L0_IDLE_10_20_S01,vPLC_container,VPLC_HOST,203,,,2026-05-09T15:40:27.209896819Z,,,,host_log,10,20,,,,,,0,0,,technical_check,vplc_status_cycle_duration_not_validated_as_Tper,0.056,100,работает
RUN_20260509_VPLC_L0_IDLE_10_20_S01_R05,VPLC_L0_IDLE_10_20,SER_20260509_VPLC_L0_IDLE_10_20_S01,vPLC_container,VPLC_HOST,204,,,2026-05-09T15:40:28.265757738Z,,,,host_log,10,20,,,,,,0,0,,technical_check,vplc_status_cycle_duration_not_validated_as_Tper,0.051,100,работает
RUN_20260509_VPLC_L0_IDLE_10_20_S01_R05,VPLC_L0_IDLE_10_20,SER_20260509_VPLC_L0_IDLE_10_20_S01,vPLC_container,VPLC_HOST,205,,,2026-05-09T15:40:29.319586945Z,,,,host_log,10,20,,,,,,0,0,,technical_check,vplc_status_cycle_duration_not_validated_as_Tper,0.057,100,работает
RUN_20260509_VPLC_L0_IDLE_10_20_S01_R05,VPLC_L0_IDLE_10_20,SER_20260509_VPLC_L0_IDLE_10_20_S01,vPLC_container,VPLC_HOST,206,,,2026-05-09T15:40:30.375966803Z,,,,host_log,10,20,,,,,,0,0,,technical_check,vplc_status_cycle_duration_not_validated_as_Tper,4.717,100,работает
RUN_20260509_VPLC_L0_IDLE_10_20_S01_R05,VPLC_L0_IDLE_10_20,SER_20260509_VPLC_L0_IDLE_10_20_S01,vPLC_container,VPLC_HOST,207,,,2026-05-09T15:40:31.430887464Z,,,,host_log,10,20,,,,,,0,0,,technical_check,vplc_status_cycle_duration_not_validated_as_Tper,0.035,100,работает
RUN_20260509_VPLC_L0_IDLE_10_20_S01_R05,VPLC_L0_IDLE_10_20,SER_20260509_VPLC_L0_IDLE_10_20_S01,vPLC_container,VPLC_HOST,208,,,2026-05-09T15:40:32.481918234Z,,,,host_log,10,20,,,,,,0,0,,technical_check,vplc_status_cycle_duration_not_validated_as_Tper,0.057,100,работает
RUN_20260509_VPLC_L0_IDLE_10_20_S01_R05,VPLC_L0_IDLE_10_20,SER_20260509_VPLC_L0_IDLE_10_20_S01,vPLC_container,VPLC_HOST,209,,,2026-05-09T15:40:33.538922818Z,,,,host_log,10,20,,,,,,0,0,,technical_check,vplc_status_cycle_duration_not_validated_as_Tper,0.035,100,работает
RUN_20260509_VPLC_L0_IDLE_10_20_S01_R05,VPLC_L0_IDLE_10_20,SER_20260509_VPLC_L0_IDLE_10_20_S01,vPLC_container,VPLC_HOST,210,,,2026-05-09T15:40:34.596199788Z,,,,host_log,10,20,,,,,,0,0,,technical_check,vplc_status_cycle_duration_not_validated_as_Tper,0.056,100,работает
RUN_20260509_VPLC_L0_IDLE_10_20_S01_R05,VPLC_L0_IDLE_10_20,SER_20260509_VPLC_L0_IDLE_10_20_S01,vPLC_container,VPLC_HOST,211,,,2026-05-09T15:40:35.652500723Z,,,,host_log,10,20,,,,,,0,0,,technical_check,vplc_status_cycle_duration_not_validated_as_Tper,0.020,100,работает
RUN_20260509_VPLC_L0_IDLE_10_20_S01_R05,VPLC_L0_IDLE_10_20,SER_20260509_VPLC_L0_IDLE_10_20_S01,vPLC_container,VPLC_HOST,212,,,2026-05-09T15:40:36.706835095Z,,,,host_log,10,20,,,,,,0,0,,technical_check,vplc_status_cycle_duration_not_validated_as_Tper,0.056,100,работает
RUN_20260509_VPLC_L0_IDLE_10_20_S01_R05,VPLC_L0_IDLE_10_20,SER_20260509_VPLC_L0_IDLE_10_20_S01,vPLC_container,VPLC_HOST,213,,,2026-05-09T15:40:37.761203956Z,,,,host_log,10,20,,,,,,0,0,,technical_check,vplc_status_cycle_duration_not_validated_as_Tper,0.055,100,работает
RUN_20260509_VPLC_L0_IDLE_10_20_S01_R05,VPLC_L0_IDLE_10_20,SER_20260509_VPLC_L0_IDLE_10_20_S01,vPLC_container,VPLC_HOST,214,,,2026-05-09T15:40:38.815060576Z,,,,host_log,10,20,,,,,,0,0,,technical_check,vplc_status_cycle_duration_not_validated_as_Tper,0.055,100,работает
RUN_20260509_VPLC_L0_IDLE_10_20_S01_R05,VPLC_L0_IDLE_10_20,SER_20260509_VPLC_L0_IDLE_10_20_S01,vPLC_container,VPLC_HOST,215,,,2026-05-09T15:40:39.870992532Z,,,,host_log,10,20,,,,,,0,0,,technical_check,vplc_status_cycle_duration_not_validated_as_Tper,0.057,100,работает
RUN_20260509_VPLC_L0_IDLE_10_20_S01_R05,VPLC_L0_IDLE_10_20,SER_20260509_VPLC_L0_IDLE_10_20_S01,vPLC_container,VPLC_HOST,216,,,2026-05-09T15:40:40.928984990Z,,,,host_log,10,20,,,,,,0,0,,technical_check,vplc_status_cycle_duration_not_validated_as_Tper,0.053,100,работает
RUN_20260509_VPLC_L0_IDLE_10_20_S01_R05,VPLC_L0_IDLE_10_20,SER_20260509_VPLC_L0_IDLE_10_20_S01,vPLC_container,VPLC_HOST,217,,,2026-05-09T15:40:41.982264604Z,,,,host_log,10,20,,,,,,0,0,,technical_check,vplc_status_cycle_duration_not_validated_as_Tper,0.056,100,работает
RUN_20260509_VPLC_L0_IDLE_10_20_S01_R05,VPLC_L0_IDLE_10_20,SER_20260509_VPLC_L0_IDLE_10_20_S01,vPLC_container,VPLC_HOST,218,,,2026-05-09T15:40:43.038463534Z,,,,host_log,10,20,,,,,,0,0,,technical_check,vplc_status_cycle_duration_not_validated_as_Tper,0.036,100,работает
RUN_20260509_VPLC_L0_IDLE_10_20_S01_R05,VPLC_L0_IDLE_10_20,SER_20260509_VPLC_L0_IDLE_10_20_S01,vPLC_container,VPLC_HOST,219,,,2026-05-09T15:40:44.094485163Z,,,,host_log,10,20,,,,,,0,0,,technical_check,vplc_status_cycle_duration_not_validated_as_Tper,0.056,100,работает
RUN_20260509_VPLC_L0_IDLE_10_20_S01_R05,VPLC_L0_IDLE_10_20,SER_20260509_VPLC_L0_IDLE_10_20_S01,vPLC_container,VPLC_HOST,220,,,2026-05-09T15:40:45.147574379Z,,,,host_log,10,20,,,,,,0,0,,technical_check,vplc_status_cycle_duration_not_validated_as_Tper,0.029,100,работает
RUN_20260509_VPLC_L0_IDLE_10_20_S01_R05,VPLC_L0_IDLE_10_20,SER_20260509_VPLC_L0_IDLE_10_20_S01,vPLC_container,VPLC_HOST,221,,,2026-05-09T15:40:46.204396525Z,,,,host_log,10,20,,,,,,0,0,,technical_check,vplc_status_cycle_duration_not_validated_as_Tper,0.055,100,работает
RUN_20260509_VPLC_L0_IDLE_10_20_S01_R05,VPLC_L0_IDLE_10_20,SER_20260509_VPLC_L0_IDLE_10_20_S01,vPLC_container,VPLC_HOST,222,,,2026-05-09T15:40:47.259701355Z,,,,host_log,10,20,,,,,,0,0,,technical_check,vplc_status_cycle_duration_not_validated_as_Tper,0.048,100,работает
RUN_20260509_VPLC_L0_IDLE_10_20_S01_R05,VPLC_L0_IDLE_10_20,SER_20260509_VPLC_L0_IDLE_10_20_S01,vPLC_container,VPLC_HOST,223,,,2026-05-09T15:40:48.315021285Z,,,,host_log,10,20,,,,,,0,0,,technical_check,vplc_status_cycle_duration_not_validated_as_Tper,0.056,100,работает
RUN_20260509_VPLC_L0_IDLE_10_20_S01_R05,VPLC_L0_IDLE_10_20,SER_20260509_VPLC_L0_IDLE_10_20_S01,vPLC_container,VPLC_HOST,224,,,2026-05-09T15:40:49.369640040Z,,,,host_log,10,20,,,,,,0,0,,technical_check,vplc_status_cycle_duration_not_validated_as_Tper,6.667,100,работает
RUN_20260509_VPLC_L0_IDLE_10_20_S01_R05,VPLC_L0_IDLE_10_20,SER_20260509_VPLC_L0_IDLE_10_20_S01,vPLC_container,VPLC_HOST,225,,,2026-05-09T15:40:50.423498919Z,,,,host_log,10,20,,,,,,0,0,,technical_check,vplc_status_cycle_duration_not_validated_as_Tper,0.056,100,работает
RUN_20260509_VPLC_L0_IDLE_10_20_S01_R05,VPLC_L0_IDLE_10_20,SER_20260509_VPLC_L0_IDLE_10_20_S01,vPLC_container,VPLC_HOST,226,,,2026-05-09T15:40:51.481613286Z,,,,host_log,10,20,,,,,,0,0,,technical_check,vplc_status_cycle_duration_not_validated_as_Tper,0.056,100,работает
RUN_20260509_VPLC_L0_IDLE_10_20_S01_R05,VPLC_L0_IDLE_10_20,SER_20260509_VPLC_L0_IDLE_10_20_S01,vPLC_container,VPLC_HOST,227,,,2026-05-09T15:40:52.536490849Z,,,,host_log,10,20,,,,,,0,0,,technical_check,vplc_status_cycle_duration_not_validated_as_Tper,0.035,100,работает
RUN_20260509_VPLC_L0_IDLE_10_20_S01_R05,VPLC_L0_IDLE_10_20,SER_20260509_VPLC_L0_IDLE_10_20_S01,vPLC_container,VPLC_HOST,228,,,2026-05-09T15:40:53.589954699Z,,,,host_log,10,20,,,,,,0,0,,technical_check,vplc_status_cycle_duration_not_validated_as_Tper,0.056,100,работает
RUN_20260509_VPLC_L0_IDLE_10_20_S01_R05,VPLC_L0_IDLE_10_20,SER_20260509_VPLC_L0_IDLE_10_20_S01,vPLC_container,VPLC_HOST,229,,,2026-05-09T15:40:54.647907822Z,,,,host_log,10,20,,,,,,0,0,,technical_check,vplc_status_cycle_duration_not_validated_as_Tper,0.025,100,работает
RUN_20260509_VPLC_L0_IDLE_10_20_S01_R05,VPLC_L0_IDLE_10_20,SER_20260509_VPLC_L0_IDLE_10_20_S01,vPLC_container,VPLC_HOST,230,,,2026-05-09T15:40:55.701202947Z,,,,host_log,10,20,,,,,,0,0,,technical_check,vplc_status_cycle_duration_not_validated_as_Tper,0.058,100,работает
RUN_20260509_VPLC_L0_IDLE_10_20_S01_R05,VPLC_L0_IDLE_10_20,SER_20260509_VPLC_L0_IDLE_10_20_S01,vPLC_container,VPLC_HOST,231,,,2026-05-09T15:40:56.755431991Z,,,,host_log,10,20,,,,,,0,0,,technical_check,vplc_status_cycle_duration_not_validated_as_Tper,0.031,100,работает
RUN_20260509_VPLC_L0_IDLE_10_20_S01_R05,VPLC_L0_IDLE_10_20,SER_20260509_VPLC_L0_IDLE_10_20_S01,vPLC_container,VPLC_HOST,232,,,2026-05-09T15:40:57.812887238Z,,,,host_log,10,20,,,,,,0,0,,technical_check,vplc_status_cycle_duration_not_validated_as_Tper,0.055,100,работает
RUN_20260509_VPLC_L0_IDLE_10_20_S01_R05,VPLC_L0_IDLE_10_20,SER_20260509_VPLC_L0_IDLE_10_20_S01,vPLC_container,VPLC_HOST,233,,,2026-05-09T15:40:58.867531251Z,,,,host_log,10,20,,,,,,0,0,,technical_check,vplc_status_cycle_duration_not_validated_as_Tper,0.058,100,работает
RUN_20260509_VPLC_L0_IDLE_10_20_S01_R05,VPLC_L0_IDLE_10_20,SER_20260509_VPLC_L0_IDLE_10_20_S01,vPLC_container,VPLC_HOST,234,,,2026-05-09T15:40:59.924639109Z,,,,host_log,10,20,,,,,,0,0,,technical_check,vplc_status_cycle_duration_not_validated_as_Tper,0.054,100,работает
RUN_20260509_VPLC_L0_IDLE_10_20_S01_R05,VPLC_L0_IDLE_10_20,SER_20260509_VPLC_L0_IDLE_10_20_S01,vPLC_container,VPLC_HOST,235,,,2026-05-09T15:41:00.980194380Z,,,,host_log,10,20,,,,,,0,0,,technical_check,vplc_status_cycle_duration_not_validated_as_Tper,0.055,100,работает
RUN_20260509_VPLC_L0_IDLE_10_20_S01_R05,VPLC_L0_IDLE_10_20,SER_20260509_VPLC_L0_IDLE_10_20_S01,vPLC_container,VPLC_HOST,236,,,2026-05-09T15:41:02.032735531Z,,,,host_log,10,20,,,,,,0,0,,technical_check,vplc_status_cycle_duration_not_validated_as_Tper,0.056,100,работает
RUN_20260509_VPLC_L0_IDLE_10_20_S01_R05,VPLC_L0_IDLE_10_20,SER_20260509_VPLC_L0_IDLE_10_20_S01,vPLC_container,VPLC_HOST,237,,,2026-05-09T15:41:03.088752778Z,,,,host_log,10,20,,,,,,0,0,,technical_check,vplc_status_cycle_duration_not_validated_as_Tper,0.056,100,работает
RUN_20260509_VPLC_L0_IDLE_10_20_S01_R05,VPLC_L0_IDLE_10_20,SER_20260509_VPLC_L0_IDLE_10_20_S01,vPLC_container,VPLC_HOST,238,,,2026-05-09T15:41:04.142711355Z,,,,host_log,10,20,,,,,,0,0,,technical_check,vplc_status_cycle_duration_not_validated_as_Tper,0.035,100,работает
RUN_20260509_VPLC_L0_IDLE_10_20_S01_R05,VPLC_L0_IDLE_10_20,SER_20260509_VPLC_L0_IDLE_10_20_S01,vPLC_container,VPLC_HOST,239,,,2026-05-09T15:41:05.198572452Z,,,,host_log,10,20,,,,,,0,0,,technical_check,vplc_status_cycle_duration_not_validated_as_Tper,0.056,100,работает
RUN_20260509_VPLC_L0_IDLE_10_20_S01_R05,VPLC_L0_IDLE_10_20,SER_20260509_VPLC_L0_IDLE_10_20_S01,vPLC_container,VPLC_HOST,240,,,2026-05-09T15:41:06.252094662Z,,,,host_log,10,20,,,,,,0,0,,technical_check,vplc_status_cycle_duration_not_validated_as_Tper,0.019,100,работает
RUN_20260509_VPLC_L0_IDLE_10_20_S01_R05,VPLC_L0_IDLE_10_20,SER_20260509_VPLC_L0_IDLE_10_20_S01,vPLC_container,VPLC_HOST,241,,,2026-05-09T15:41:07.309174117Z,,,,host_log,10,20,,,,,,0,0,,technical_check,vplc_status_cycle_duration_not_validated_as_Tper,0.053,100,работает
RUN_20260509_VPLC_L0_IDLE_10_20_S01_R05,VPLC_L0_IDLE_10_20,SER_20260509_VPLC_L0_IDLE_10_20_S01,vPLC_container,VPLC_HOST,242,,,2026-05-09T15:41:08.365000800Z,,,,host_log,10,20,,,,,,0,0,,technical_check,vplc_status_cycle_duration_not_validated_as_Tper,4.890,100,работает
RUN_20260509_VPLC_L0_IDLE_10_20_S01_R05,VPLC_L0_IDLE_10_20,SER_20260509_VPLC_L0_IDLE_10_20_S01,vPLC_container,VPLC_HOST,243,,,2026-05-09T15:41:09.422851024Z,,,,host_log,10,20,,,,,,0,0,,technical_check,vplc_status_cycle_duration_not_validated_as_Tper,6.365,100,работает
RUN_20260509_VPLC_L0_IDLE_10_20_S01_R05,VPLC_L0_IDLE_10_20,SER_20260509_VPLC_L0_IDLE_10_20_S01,vPLC_container,VPLC_HOST,244,,,2026-05-09T15:41:10.477232156Z,,,,host_log,10,20,,,,,,0,0,,technical_check,vplc_status_cycle_duration_not_validated_as_Tper,0.055,100,работает
RUN_20260509_VPLC_L0_IDLE_10_20_S01_R05,VPLC_L0_IDLE_10_20,SER_20260509_VPLC_L0_IDLE_10_20_S01,vPLC_container,VPLC_HOST,245,,,2026-05-09T15:41:11.531852343Z,,,,host_log,10,20,,,,,,0,0,,technical_check,vplc_status_cycle_duration_not_validated_as_Tper,0.035,100,работает
RUN_20260509_VPLC_L0_IDLE_10_20_S01_R05,VPLC_L0_IDLE_10_20,SER_20260509_VPLC_L0_IDLE_10_20_S01,vPLC_container,VPLC_HOST,246,,,2026-05-09T15:41:12.584860549Z,,,,host_log,10,20,,,,,,0,0,,technical_check,vplc_status_cycle_duration_not_validated_as_Tper,0.056,100,работает
RUN_20260509_VPLC_L0_IDLE_10_20_S01_R05,VPLC_L0_IDLE_10_20,SER_20260509_VPLC_L0_IDLE_10_20_S01,vPLC_container,VPLC_HOST,247,,,2026-05-09T15:41:13.641328101Z,,,,host_log,10,20,,,,,,0,0,,technical_check,vplc_status_cycle_duration_not_validated_as_Tper,0.035,100,работает
RUN_20260509_VPLC_L0_IDLE_10_20_S01_R05,VPLC_L0_IDLE_10_20,SER_20260509_VPLC_L0_IDLE_10_20_S01,vPLC_container,VPLC_HOST,248,,,2026-05-09T15:41:14.696495928Z,,,,host_log,10,20,,,,,,0,0,,technical_check,vplc_status_cycle_duration_not_validated_as_Tper,0.056,100,работает
RUN_20260509_VPLC_L0_IDLE_10_20_S01_R05,VPLC_L0_IDLE_10_20,SER_20260509_VPLC_L0_IDLE_10_20_S01,vPLC_container,VPLC_HOST,249,,,2026-05-09T15:41:15.752237376Z,,,,host_log,10,20,,,,,,0,0,,technical_check,vplc_status_cycle_duration_not_validated_as_Tper,0.020,100,работает
RUN_20260509_VPLC_L0_IDLE_10_20_S01_R05,VPLC_L0_IDLE_10_20,SER_20260509_VPLC_L0_IDLE_10_20_S01,vPLC_container,VPLC_HOST,250,,,2026-05-09T15:41:16.809603256Z,,,,host_log,10,20,,,,,,0,0,,technical_check,vplc_status_cycle_duration_not_validated_as_Tper,0.056,100,работает
RUN_20260509_VPLC_L0_IDLE_10_20_S01_R05,VPLC_L0_IDLE_10_20,SER_20260509_VPLC_L0_IDLE_10_20_S01,vPLC_container,VPLC_HOST,251,,,2026-05-09T15:41:17.864649141Z,,,,host_log,10,20,,,,,,0,0,,technical_check,vplc_status_cycle_duration_not_validated_as_Tper,0.056,100,работает
RUN_20260509_VPLC_L0_IDLE_10_20_S01_R05,VPLC_L0_IDLE_10_20,SER_20260509_VPLC_L0_IDLE_10_20_S01,vPLC_container,VPLC_HOST,252,,,2026-05-09T15:41:18.920130833Z,,,,host_log,10,20,,,,,,0,0,,technical_check,vplc_status_cycle_duration_not_validated_as_Tper,0.056,100,работает
RUN_20260509_VPLC_L0_IDLE_10_20_S01_R05,VPLC_L0_IDLE_10_20,SER_20260509_VPLC_L0_IDLE_10_20_S01,vPLC_container,VPLC_HOST,253,,,2026-05-09T15:41:19.973078146Z,,,,host_log,10,20,,,,,,0,0,,technical_check,vplc_status_cycle_duration_not_validated_as_Tper,0.055,100,работает
RUN_20260509_VPLC_L0_IDLE_10_20_S01_R05,VPLC_L0_IDLE_10_20,SER_20260509_VPLC_L0_IDLE_10_20_S01,vPLC_container,VPLC_HOST,254,,,2026-05-09T15:41:21.028445843Z,,,,host_log,10,20,,,,,,0,0,,technical_check,vplc_status_cycle_duration_not_validated_as_Tper,0.036,100,работает
RUN_20260509_VPLC_L0_IDLE_10_20_S01_R05,VPLC_L0_IDLE_10_20,SER_20260509_VPLC_L0_IDLE_10_20_S01,vPLC_container,VPLC_HOST,255,,,2026-05-09T15:41:22.082966994Z,,,,host_log,10,20,,,,,,0,0,,technical_check,vplc_status_cycle_duration_not_validated_as_Tper,0.055,100,работает
RUN_20260509_VPLC_L0_IDLE_10_20_S01_R05,VPLC_L0_IDLE_10_20,SER_20260509_VPLC_L0_IDLE_10_20_S01,vPLC_container,VPLC_HOST,256,,,2026-05-09T15:41:23.142626822Z,,,,host_log,10,20,,,,,,0,0,,technical_check,vplc_status_cycle_duration_not_validated_as_Tper,0.035,100,работает
RUN_20260509_VPLC_L0_IDLE_10_20_S01_R05,VPLC_L0_IDLE_10_20,SER_20260509_VPLC_L0_IDLE_10_20_S01,vPLC_container,VPLC_HOST,257,,,2026-05-09T15:41:24.196385522Z,,,,host_log,10,20,,,,,,0,0,,technical_check,vplc_status_cycle_duration_not_validated_as_Tper,0.055,100,работает
RUN_20260509_VPLC_L0_IDLE_10_20_S01_R05,VPLC_L0_IDLE_10_20,SER_20260509_VPLC_L0_IDLE_10_20_S01,vPLC_container,VPLC_HOST,258,,,2026-05-09T15:41:25.249945371Z,,,,host_log,10,20,,,,,,0,0,,technical_check,vplc_status_cycle_duration_not_validated_as_Tper,0.021,100,работает
RUN_20260509_VPLC_L0_IDLE_10_20_S01_R05,VPLC_L0_IDLE_10_20,SER_20260509_VPLC_L0_IDLE_10_20_S01,vPLC_container,VPLC_HOST,259,,,2026-05-09T15:41:26.306787209Z,,,,host_log,10,20,,,,,,0,0,,technical_check,vplc_status_cycle_duration_not_validated_as_Tper,0.055,100,работает
RUN_20260509_VPLC_L0_IDLE_10_20_S01_R05,VPLC_L0_IDLE_10_20,SER_20260509_VPLC_L0_IDLE_10_20_S01,vPLC_container,VPLC_HOST,260,,,2026-05-09T15:41:27.359349248Z,,,,host_log,10,20,,,,,,0,0,,technical_check,vplc_status_cycle_duration_not_validated_as_Tper,4.490,100,работает
RUN_20260509_VPLC_L0_IDLE_10_20_S01_R05,VPLC_L0_IDLE_10_20,SER_20260509_VPLC_L0_IDLE_10_20_S01,vPLC_container,VPLC_HOST,261,,,2026-05-09T15:41:28.415149094Z,,,,host_log,10,20,,,,,,0,0,,technical_check,vplc_status_cycle_duration_not_validated_as_Tper,4.145,100,работает
RUN_20260509_VPLC_L0_IDLE_10_20_S01_R05,VPLC_L0_IDLE_10_20,SER_20260509_VPLC_L0_IDLE_10_20_S01,vPLC_container,VPLC_HOST,262,,,2026-05-09T15:41:29.472848156Z,,,,host_log,10,20,,,,,,0,0,,technical_check,vplc_status_cycle_duration_not_validated_as_Tper,0.058,100,работает
RUN_20260509_VPLC_L0_IDLE_10_20_S01_R05,VPLC_L0_IDLE_10_20,SER_20260509_VPLC_L0_IDLE_10_20_S01,vPLC_container,VPLC_HOST,263,,,2026-05-09T15:41:30.527934515Z,,,,host_log,10,20,,,,,,0,0,,technical_check,vplc_status_cycle_duration_not_validated_as_Tper,0.036,100,работает
RUN_20260509_VPLC_L0_IDLE_10_20_S01_R05,VPLC_L0_IDLE_10_20,SER_20260509_VPLC_L0_IDLE_10_20_S01,vPLC_container,VPLC_HOST,264,,,2026-05-09T15:41:31.581691343Z,,,,host_log,10,20,,,,,,0,0,,technical_check,vplc_status_cycle_duration_not_validated_as_Tper,0.055,100,работает
RUN_20260509_VPLC_L0_IDLE_10_20_S01_R05,VPLC_L0_IDLE_10_20,SER_20260509_VPLC_L0_IDLE_10_20_S01,vPLC_container,VPLC_HOST,265,,,2026-05-09T15:41:32.639435905Z,,,,host_log,10,20,,,,,,0,0,,technical_check,vplc_status_cycle_duration_not_validated_as_Tper,0.036,100,работает
RUN_20260509_VPLC_L0_IDLE_10_20_S01_R05,VPLC_L0_IDLE_10_20,SER_20260509_VPLC_L0_IDLE_10_20_S01,vPLC_container,VPLC_HOST,266,,,2026-05-09T15:41:33.693555704Z,,,,host_log,10,20,,,,,,0,0,,technical_check,vplc_status_cycle_duration_not_validated_as_Tper,0.055,100,работает
RUN_20260509_VPLC_L0_IDLE_10_20_S01_R05,VPLC_L0_IDLE_10_20,SER_20260509_VPLC_L0_IDLE_10_20_S01,vPLC_container,VPLC_HOST,267,,,2026-05-09T15:41:34.748741959Z,,,,host_log,10,20,,,,,,0,0,,technical_check,vplc_status_cycle_duration_not_validated_as_Tper,0.021,100,работает
RUN_20260509_VPLC_L0_IDLE_10_20_S01_R05,VPLC_L0_IDLE_10_20,SER_20260509_VPLC_L0_IDLE_10_20_S01,vPLC_container,VPLC_HOST,268,,,2026-05-09T15:41:35.803694805Z,,,,host_log,10,20,,,,,,0,0,,technical_check,vplc_status_cycle_duration_not_validated_as_Tper,0.057,100,работает
RUN_20260509_VPLC_L0_IDLE_10_20_S01_R05,VPLC_L0_IDLE_10_20,SER_20260509_VPLC_L0_IDLE_10_20_S01,vPLC_container,VPLC_HOST,269,,,2026-05-09T15:41:36.858906920Z,,,,host_log,10,20,,,,,,0,0,,technical_check,vplc_status_cycle_duration_not_validated_as_Tper,0.040,100,работает
RUN_20260509_VPLC_L0_IDLE_10_20_S01_R05,VPLC_L0_IDLE_10_20,SER_20260509_VPLC_L0_IDLE_10_20_S01,vPLC_container,VPLC_HOST,270,,,2026-05-09T15:41:37.911680349Z,,,,host_log,10,20,,,,,,0,0,,technical_check,vplc_status_cycle_duration_not_validated_as_Tper,0.055,100,работает
RUN_20260509_VPLC_L0_IDLE_10_20_S01_R05,VPLC_L0_IDLE_10_20,SER_20260509_VPLC_L0_IDLE_10_20_S01,vPLC_container,VPLC_HOST,271,,,2026-05-09T15:41:38.969840484Z,,,,host_log,10,20,,,,,,0,0,,technical_check,vplc_status_cycle_duration_not_validated_as_Tper,0.054,100,работает
RUN_20260509_VPLC_L0_IDLE_10_20_S01_R05,VPLC_L0_IDLE_10_20,SER_20260509_VPLC_L0_IDLE_10_20_S01,vPLC_container,VPLC_HOST,272,,,2026-05-09T15:41:40.023452398Z,,,,host_log,10,20,,,,,,0,0,,technical_check,vplc_status_cycle_duration_not_validated_as_Tper,0.035,100,работает
RUN_20260509_VPLC_L0_IDLE_10_20_S01_R05,VPLC_L0_IDLE_10_20,SER_20260509_VPLC_L0_IDLE_10_20_S01,vPLC_container,VPLC_HOST,273,,,2026-05-09T15:41:41.079517483Z,,,,host_log,10,20,,,,,,0,0,,technical_check,vplc_status_cycle_duration_not_validated_as_Tper,0.055,100,работает
RUN_20260509_VPLC_L0_IDLE_10_20_S01_R05,VPLC_L0_IDLE_10_20,SER_20260509_VPLC_L0_IDLE_10_20_S01,vPLC_container,VPLC_HOST,274,,,2026-05-09T15:41:42.133260023Z,,,,host_log,10,20,,,,,,0,0,,technical_check,vplc_status_cycle_duration_not_validated_as_Tper,0.036,100,работает
RUN_20260509_VPLC_L0_IDLE_10_20_S01_R05,VPLC_L0_IDLE_10_20,SER_20260509_VPLC_L0_IDLE_10_20_S01,vPLC_container,VPLC_HOST,275,,,2026-05-09T15:41:43.184035715Z,,,,host_log,10,20,,,,,,0,0,,technical_check,vplc_status_cycle_duration_not_validated_as_Tper,0.055,100,работает
RUN_20260509_VPLC_L0_IDLE_10_20_S01_R05,VPLC_L0_IDLE_10_20,SER_20260509_VPLC_L0_IDLE_10_20_S01,vPLC_container,VPLC_HOST,276,,,2026-05-09T15:41:44.242732832Z,,,,host_log,10,20,,,,,,0,0,,technical_check,vplc_status_cycle_duration_not_validated_as_Tper,0.035,100,работает
RUN_20260509_VPLC_L0_IDLE_10_20_S01_R05,VPLC_L0_IDLE_10_20,SER_20260509_VPLC_L0_IDLE_10_20_S01,vPLC_container,VPLC_HOST,277,,,2026-05-09T15:41:45.297726646Z,,,,host_log,10,20,,,,,,0,0,,technical_check,vplc_status_cycle_duration_not_validated_as_Tper,0.055,100,работает
RUN_20260509_VPLC_L0_IDLE_10_20_S01_R05,VPLC_L0_IDLE_10_20,SER_20260509_VPLC_L0_IDLE_10_20_S01,vPLC_container,VPLC_HOST,278,,,2026-05-09T15:41:46.353169263Z,,,,host_log,10,20,,,,,,0,0,,technical_check,vplc_status_cycle_duration_not_validated_as_Tper,3.761,100,работает
RUN_20260509_VPLC_L0_IDLE_10_20_S01_R05,VPLC_L0_IDLE_10_20,SER_20260509_VPLC_L0_IDLE_10_20_S01,vPLC_container,VPLC_HOST,279,,,2026-05-09T15:41:47.407929429Z,,,,host_log,10,20,,,,,,0,0,,technical_check,vplc_status_cycle_duration_not_validated_as_Tper,4.799,100,работает
RUN_20260509_VPLC_L0_IDLE_10_20_S01_R05,VPLC_L0_IDLE_10_20,SER_20260509_VPLC_L0_IDLE_10_20_S01,vPLC_container,VPLC_HOST,280,,,2026-05-09T15:41:48.464612213Z,,,,host_log,10,20,,,,,,0,0,,technical_check,vplc_status_cycle_duration_not_validated_as_Tper,0.056,100,работает
RUN_20260509_VPLC_L0_IDLE_10_20_S01_R05,VPLC_L0_IDLE_10_20,SER_20260509_VPLC_L0_IDLE_10_20_S01,vPLC_container,VPLC_HOST,281,,,2026-05-09T15:41:49.514413421Z,,,,host_log,10,20,,,,,,0,0,,technical_check,vplc_status_cycle_duration_not_validated_as_Tper,0.056,100,работает
RUN_20260509_VPLC_L0_IDLE_10_20_S01_R05,VPLC_L0_IDLE_10_20,SER_20260509_VPLC_L0_IDLE_10_20_S01,vPLC_container,VPLC_HOST,282,,,2026-05-09T15:41:50.570705950Z,,,,host_log,10,20,,,,,,0,0,,technical_check,vplc_status_cycle_duration_not_validated_as_Tper,0.057,100,работает
RUN_20260509_VPLC_L0_IDLE_10_20_S01_R05,VPLC_L0_IDLE_10_20,SER_20260509_VPLC_L0_IDLE_10_20_S01,vPLC_container,VPLC_HOST,283,,,2026-05-09T15:41:51.625491204Z,,,,host_log,10,20,,,,,,0,0,,technical_check,vplc_status_cycle_duration_not_validated_as_Tper,0.056,100,работает
RUN_20260509_VPLC_L0_IDLE_10_20_S01_R05,VPLC_L0_IDLE_10_20,SER_20260509_VPLC_L0_IDLE_10_20_S01,vPLC_container,VPLC_HOST,284,,,2026-05-09T15:41:52.679527244Z,,,,host_log,10,20,,,,,,0,0,,technical_check,vplc_status_cycle_duration_not_validated_as_Tper,0.057,100,работает
RUN_20260509_VPLC_L0_IDLE_10_20_S01_R05,VPLC_L0_IDLE_10_20,SER_20260509_VPLC_L0_IDLE_10_20_S01,vPLC_container,VPLC_HOST,285,,,2026-05-09T15:41:53.735032947Z,,,,host_log,10,20,,,,,,0,0,,technical_check,vplc_status_cycle_duration_not_validated_as_Tper,0.036,100,работает
RUN_20260509_VPLC_L0_IDLE_10_20_S01_R05,VPLC_L0_IDLE_10_20,SER_20260509_VPLC_L0_IDLE_10_20_S01,vPLC_container,VPLC_HOST,286,,,2026-05-09T15:41:54.790769834Z,,,,host_log,10,20,,,,,,0,0,,technical_check,vplc_status_cycle_duration_not_validated_as_Tper,0.056,100,работает
RUN_20260509_VPLC_L0_IDLE_10_20_S01_R05,VPLC_L0_IDLE_10_20,SER_20260509_VPLC_L0_IDLE_10_20_S01,vPLC_container,VPLC_HOST,287,,,2026-05-09T15:41:55.845702754Z,,,,host_log,10,20,,,,,,0,0,,technical_check,vplc_status_cycle_duration_not_validated_as_Tper,0.032,100,работает
RUN_20260509_VPLC_L0_IDLE_10_20_S01_R05,VPLC_L0_IDLE_10_20,SER_20260509_VPLC_L0_IDLE_10_20_S01,vPLC_container,VPLC_HOST,288,,,2026-05-09T15:41:56.900759094Z,,,,host_log,10,20,,,,,,0,0,,technical_check,vplc_status_cycle_duration_not_validated_as_Tper,0.056,100,работает
RUN_20260509_VPLC_L0_IDLE_10_20_S01_R05,VPLC_L0_IDLE_10_20,SER_20260509_VPLC_L0_IDLE_10_20_S01,vPLC_container,VPLC_HOST,289,,,2026-05-09T15:41:57.956853901Z,,,,host_log,10,20,,,,,,0,0,,technical_check,vplc_status_cycle_duration_not_validated_as_Tper,0.031,100,работает
RUN_20260509_VPLC_L0_IDLE_10_20_S01_R05,VPLC_L0_IDLE_10_20,SER_20260509_VPLC_L0_IDLE_10_20_S01,vPLC_container,VPLC_HOST,290,,,2026-05-09T15:41:59.011969857Z,,,,host_log,10,20,,,,,,0,0,,technical_check,vplc_status_cycle_duration_not_validated_as_Tper,0.056,100,работает
RUN_20260509_VPLC_L0_IDLE_10_20_S01_R05,VPLC_L0_IDLE_10_20,SER_20260509_VPLC_L0_IDLE_10_20_S01,vPLC_container,VPLC_HOST,291,,,2026-05-09T15:42:00.065898296Z,,,,host_log,10,20,,,,,,0,0,,technical_check,vplc_status_cycle_duration_not_validated_as_Tper,0.057,100,работает
RUN_20260509_VPLC_L0_IDLE_10_20_S01_R05,VPLC_L0_IDLE_10_20,SER_20260509_VPLC_L0_IDLE_10_20_S01,vPLC_container,VPLC_HOST,292,,,2026-05-09T15:42:01.119940465Z,,,,host_log,10,20,,,,,,0,0,,technical_check,vplc_status_cycle_duration_not_validated_as_Tper,0.057,100,работает
RUN_20260509_VPLC_L0_IDLE_10_20_S01_R05,VPLC_L0_IDLE_10_20,SER_20260509_VPLC_L0_IDLE_10_20_S01,vPLC_container,VPLC_HOST,293,,,2026-05-09T15:42:02.178175087Z,,,,host_log,10,20,,,,,,0,0,,technical_check,vplc_status_cycle_duration_not_validated_as_Tper,0.055,100,работает
RUN_20260509_VPLC_L0_IDLE_10_20_S01_R05,VPLC_L0_IDLE_10_20,SER_20260509_VPLC_L0_IDLE_10_20_S01,vPLC_container,VPLC_HOST,294,,,2026-05-09T15:42:03.228134634Z,,,,host_log,10,20,,,,,,0,0,,technical_check,vplc_status_cycle_duration_not_validated_as_Tper,0.055,100,работает
RUN_20260509_VPLC_L0_IDLE_10_20_S01_R05,VPLC_L0_IDLE_10_20,SER_20260509_VPLC_L0_IDLE_10_20_S01,vPLC_container,VPLC_HOST,295,,,2026-05-09T15:42:04.286236815Z,,,,host_log,10,20,,,,,,0,0,,technical_check,vplc_status_cycle_duration_not_validated_as_Tper,0.057,100,работает
RUN_20260509_VPLC_L0_IDLE_10_20_S01_R05,VPLC_L0_IDLE_10_20,SER_20260509_VPLC_L0_IDLE_10_20_S01,vPLC_container,VPLC_HOST,296,,,2026-05-09T15:42:05.343821998Z,,,,host_log,10,20,,,,,,0,0,,technical_check,vplc_status_cycle_duration_not_validated_as_Tper,4.537,100,работает
RUN_20260509_VPLC_L0_IDLE_10_20_S01_R05,VPLC_L0_IDLE_10_20,SER_20260509_VPLC_L0_IDLE_10_20_S01,vPLC_container,VPLC_HOST,297,,,2026-05-09T15:42:06.397931063Z,,,,host_log,10,20,,,,,,0,0,,technical_check,vplc_status_cycle_duration_not_validated_as_Tper,4.786,100,работает
RUN_20260509_VPLC_L0_IDLE_10_20_S01_R05,VPLC_L0_IDLE_10_20,SER_20260509_VPLC_L0_IDLE_10_20_S01,vPLC_container,VPLC_HOST,298,,,2026-05-09T15:42:07.453139190Z,,,,host_log,10,20,,,,,,0,0,,technical_check,vplc_status_cycle_duration_not_validated_as_Tper,0.030,100,работает
RUN_20260509_VPLC_L0_IDLE_10_20_S01_R05,VPLC_L0_IDLE_10_20,SER_20260509_VPLC_L0_IDLE_10_20_S01,vPLC_container,VPLC_HOST,299,,,2026-05-09T15:42:08.506303500Z,,,,host_log,10,20,,,,,,0,0,,technical_check,vplc_status_cycle_duration_not_validated_as_Tper,0.056,100,работает
RUN_20260509_VPLC_L0_IDLE_10_20_S01_R05,VPLC_L0_IDLE_10_20,SER_20260509_VPLC_L0_IDLE_10_20_S01,vPLC_container,VPLC_HOST,300,,,2026-05-09T15:42:09.560643424Z,,,,host_log,10,20,,,,,,0,0,,technical_check,vplc_status_cycle_duration_not_validated_as_Tper,0.061,100,работает
RUN_20260509_VPLC_L0_IDLE_10_20_S01_R05,VPLC_L0_IDLE_10_20,SER_20260509_VPLC_L0_IDLE_10_20_S01,vPLC_container,VPLC_HOST,301,,,2026-05-09T15:42:10.619904194Z,,,,host_log,10,20,,,,,,0,0,,technical_check,vplc_status_cycle_duration_not_validated_as_Tper,0.056,100,работает
RUN_20260509_VPLC_L0_IDLE_10_20_S01_R05,VPLC_L0_IDLE_10_20,SER_20260509_VPLC_L0_IDLE_10_20_S01,vPLC_container,VPLC_HOST,302,,,2026-05-09T15:42:11.674609895Z,,,,host_log,10,20,,,,,,0,0,,technical_check,vplc_status_cycle_duration_not_validated_as_Tper,0.056,100,работает
RUN_20260509_VPLC_L0_IDLE_10_20_S01_R05,VPLC_L0_IDLE_10_20,SER_20260509_VPLC_L0_IDLE_10_20_S01,vPLC_container,VPLC_HOST,303,,,2026-05-09T15:42:12.729674193Z,,,,host_log,10,20,,,,,,0,0,,technical_check,vplc_status_cycle_duration_not_validated_as_Tper,0.036,100,работает
RUN_20260509_VPLC_L0_IDLE_10_20_S01_R05,VPLC_L0_IDLE_10_20,SER_20260509_VPLC_L0_IDLE_10_20_S01,vPLC_container,VPLC_HOST,304,,,2026-05-09T15:42:13.785885060Z,,,,host_log,10,20,,,,,,0,0,,technical_check,vplc_status_cycle_duration_not_validated_as_Tper,0.057,100,работает
RUN_20260509_VPLC_L0_IDLE_10_20_S01_R05,VPLC_L0_IDLE_10_20,SER_20260509_VPLC_L0_IDLE_10_20_S01,vPLC_container,VPLC_HOST,305,,,2026-05-09T15:42:14.840745600Z,,,,host_log,10,20,,,,,,0,0,,technical_check,vplc_status_cycle_duration_not_validated_as_Tper,0.035,100,работает
RUN_20260509_VPLC_L0_IDLE_10_20_S01_R05,VPLC_L0_IDLE_10_20,SER_20260509_VPLC_L0_IDLE_10_20_S01,vPLC_container,VPLC_HOST,306,,,2026-05-09T15:42:15.896774964Z,,,,host_log,10,20,,,,,,0,0,,technical_check,vplc_status_cycle_duration_not_validated_as_Tper,0.057,100,работает
RUN_20260509_VPLC_L0_IDLE_10_20_S01_R05,VPLC_L0_IDLE_10_20,SER_20260509_VPLC_L0_IDLE_10_20_S01,vPLC_container,VPLC_HOST,307,,,2026-05-09T15:42:16.951128679Z,,,,host_log,10,20,,,,,,0,0,,technical_check,vplc_status_cycle_duration_not_validated_as_Tper,0.021,100,работает
RUN_20260509_VPLC_L0_IDLE_10_20_S01_R05,VPLC_L0_IDLE_10_20,SER_20260509_VPLC_L0_IDLE_10_20_S01,vPLC_container,VPLC_HOST,308,,,2026-05-09T15:42:18.006968388Z,,,,host_log,10,20,,,,,,0,0,,technical_check,vplc_status_cycle_duration_not_validated_as_Tper,0.054,100,работает
RUN_20260509_VPLC_L0_IDLE_10_20_S01_R05,VPLC_L0_IDLE_10_20,SER_20260509_VPLC_L0_IDLE_10_20_S01,vPLC_container,VPLC_HOST,309,,,2026-05-09T15:42:19.059087989Z,,,,host_log,10,20,,,,,,0,0,,technical_check,vplc_status_cycle_duration_not_validated_as_Tper,0.039,100,работает
RUN_20260509_VPLC_L0_IDLE_10_20_S01_R05,VPLC_L0_IDLE_10_20,SER_20260509_VPLC_L0_IDLE_10_20_S01,vPLC_container,VPLC_HOST,310,,,2026-05-09T15:42:20.115744750Z,,,,host_log,10,20,,,,,,0,0,,technical_check,vplc_status_cycle_duration_not_validated_as_Tper,0.058,100,работает
RUN_20260509_VPLC_L0_IDLE_10_20_S01_R05,VPLC_L0_IDLE_10_20,SER_20260509_VPLC_L0_IDLE_10_20_S01,vPLC_container,VPLC_HOST,311,,,2026-05-09T15:42:21.172499418Z,,,,host_log,10,20,,,,,,0,0,,technical_check,vplc_status_cycle_duration_not_validated_as_Tper,0.057,100,работает
RUN_20260509_VPLC_L0_IDLE_10_20_S01_R05,VPLC_L0_IDLE_10_20,SER_20260509_VPLC_L0_IDLE_10_20_S01,vPLC_container,VPLC_HOST,312,,,2026-05-09T15:42:22.228816223Z,,,,host_log,10,20,,,,,,0,0,,technical_check,vplc_status_cycle_duration_not_validated_as_Tper,0.053,100,работает
RUN_20260509_VPLC_L0_IDLE_10_20_S01_R05,VPLC_L0_IDLE_10_20,SER_20260509_VPLC_L0_IDLE_10_20_S01,vPLC_container,VPLC_HOST,313,,,2026-05-09T15:42:23.281605279Z,,,,host_log,10,20,,,,,,0,0,,technical_check,vplc_status_cycle_duration_not_validated_as_Tper,0.057,100,работает
RUN_20260509_VPLC_L0_IDLE_10_20_S01_R05,VPLC_L0_IDLE_10_20,SER_20260509_VPLC_L0_IDLE_10_20_S01,vPLC_container,VPLC_HOST,314,,,2026-05-09T15:42:24.339076868Z,,,,host_log,10,20,,,,,,0,0,,technical_check,vplc_status_cycle_duration_not_validated_as_Tper,4.206,100,работает
RUN_20260509_VPLC_L0_IDLE_10_20_S01_R05,VPLC_L0_IDLE_10_20,SER_20260509_VPLC_L0_IDLE_10_20_S01,vPLC_container,VPLC_HOST,315,,,2026-05-09T15:42:25.393254115Z,,,,host_log,10,20,,,,,,0,0,,technical_check,vplc_status_cycle_duration_not_validated_as_Tper,4.134,100,работает
RUN_20260509_VPLC_L0_IDLE_10_20_S01_R05,VPLC_L0_IDLE_10_20,SER_20260509_VPLC_L0_IDLE_10_20_S01,vPLC_container,VPLC_HOST,316,,,2026-05-09T15:42:26.449066888Z,,,,host_log,10,20,,,,,,0,0,,technical_check,vplc_status_cycle_duration_not_validated_as_Tper,0.024,100,работает
RUN_20260509_VPLC_L0_IDLE_10_20_S01_R05,VPLC_L0_IDLE_10_20,SER_20260509_VPLC_L0_IDLE_10_20_S01,vPLC_container,VPLC_HOST,317,,,2026-05-09T15:42:27.504332833Z,,,,host_log,10,20,,,,,,0,0,,technical_check,vplc_status_cycle_duration_not_validated_as_Tper,0.058,100,работает
RUN_20260509_VPLC_L0_IDLE_10_20_S01_R05,VPLC_L0_IDLE_10_20,SER_20260509_VPLC_L0_IDLE_10_20_S01,vPLC_container,VPLC_HOST,318,,,2026-05-09T15:42:28.560739166Z,,,,host_log,10,20,,,,,,0,0,,technical_check,vplc_status_cycle_duration_not_validated_as_Tper,0.060,100,работает
RUN_20260509_VPLC_L0_IDLE_10_20_S01_R05,VPLC_L0_IDLE_10_20,SER_20260509_VPLC_L0_IDLE_10_20_S01,vPLC_container,VPLC_HOST,319,,,2026-05-09T15:42:29.615091915Z,,,,host_log,10,20,,,,,,0,0,,technical_check,vplc_status_cycle_duration_not_validated_as_Tper,0.056,100,работает
RUN_20260509_VPLC_L0_IDLE_10_20_S01_R05,VPLC_L0_IDLE_10_20,SER_20260509_VPLC_L0_IDLE_10_20_S01,vPLC_container,VPLC_HOST,320,,,2026-05-09T15:42:30.669875024Z,,,,host_log,10,20,,,,,,0,0,,technical_check,vplc_status_cycle_duration_not_validated_as_Tper,0.054,100,работает
RUN_20260509_VPLC_L0_IDLE_10_20_S01_R05,VPLC_L0_IDLE_10_20,SER_20260509_VPLC_L0_IDLE_10_20_S01,vPLC_container,VPLC_HOST,321,,,2026-05-09T15:42:31.723305874Z,,,,host_log,10,20,,,,,,0,0,,technical_check,vplc_status_cycle_duration_not_validated_as_Tper,0.056,100,работает
RUN_20260509_VPLC_L0_IDLE_10_20_S01_R05,VPLC_L0_IDLE_10_20,SER_20260509_VPLC_L0_IDLE_10_20_S01,vPLC_container,VPLC_HOST,322,,,2026-05-09T15:42:32.776360123Z,,,,host_log,10,20,,,,,,0,0,,technical_check,vplc_status_cycle_duration_not_validated_as_Tper,0.056,100,работает
RUN_20260509_VPLC_L0_IDLE_10_20_S01_R05,VPLC_L0_IDLE_10_20,SER_20260509_VPLC_L0_IDLE_10_20_S01,vPLC_container,VPLC_HOST,323,,,2026-05-09T15:42:33.836746363Z,,,,host_log,10,20,,,,,,0,0,,technical_check,vplc_status_cycle_duration_not_validated_as_Tper,0.037,100,работает
RUN_20260509_VPLC_L0_IDLE_10_20_S01_R05,VPLC_L0_IDLE_10_20,SER_20260509_VPLC_L0_IDLE_10_20_S01,vPLC_container,VPLC_HOST,324,,,2026-05-09T15:42:34.889734138Z,,,,host_log,10,20,,,,,,0,0,,technical_check,vplc_status_cycle_duration_not_validated_as_Tper,0.056,100,работает
RUN_20260509_VPLC_L0_IDLE_10_20_S01_R05,VPLC_L0_IDLE_10_20,SER_20260509_VPLC_L0_IDLE_10_20_S01,vPLC_container,VPLC_HOST,325,,,2026-05-09T15:42:35.945114664Z,,,,host_log,10,20,,,,,,0,0,,technical_check,vplc_status_cycle_duration_not_validated_as_Tper,0.035,100,работает
RUN_20260509_VPLC_L0_IDLE_10_20_S01_R05,VPLC_L0_IDLE_10_20,SER_20260509_VPLC_L0_IDLE_10_20_S01,vPLC_container,VPLC_HOST,326,,,2026-05-09T15:42:37.000936492Z,,,,host_log,10,20,,,,,,0,0,,technical_check,vplc_status_cycle_duration_not_validated_as_Tper,0.056,100,работает
RUN_20260509_VPLC_L0_IDLE_10_20_S01_R05,VPLC_L0_IDLE_10_20,SER_20260509_VPLC_L0_IDLE_10_20_S01,vPLC_container,VPLC_HOST,327,,,2026-05-09T15:42:38.054858833Z,,,,host_log,10,20,,,,,,0,0,,technical_check,vplc_status_cycle_duration_not_validated_as_Tper,0.031,100,работает
RUN_20260509_VPLC_L0_IDLE_10_20_S01_R05,VPLC_L0_IDLE_10_20,SER_20260509_VPLC_L0_IDLE_10_20_S01,vPLC_container,VPLC_HOST,328,,,2026-05-09T15:42:39.112722020Z,,,,host_log,10,20,,,,,,0,0,,technical_check,vplc_status_cycle_duration_not_validated_as_Tper,0.056,100,работает
RUN_20260509_VPLC_L0_IDLE_10_20_S01_R05,VPLC_L0_IDLE_10_20,SER_20260509_VPLC_L0_IDLE_10_20_S01,vPLC_container,VPLC_HOST,329,,,2026-05-09T15:42:40.168969155Z,,,,host_log,10,20,,,,,,0,0,,technical_check,vplc_status_cycle_duration_not_validated_as_Tper,0.056,100,работает
RUN_20260509_VPLC_L0_IDLE_10_20_S01_R05,VPLC_L0_IDLE_10_20,SER_20260509_VPLC_L0_IDLE_10_20_S01,vPLC_container,VPLC_HOST,330,,,2026-05-09T15:42:41.220986285Z,,,,host_log,10,20,,,,,,0,0,,technical_check,vplc_status_cycle_duration_not_validated_as_Tper,0.056,100,работает
RUN_20260509_VPLC_L0_IDLE_10_20_S01_R05,VPLC_L0_IDLE_10_20,SER_20260509_VPLC_L0_IDLE_10_20_S01,vPLC_container,VPLC_HOST,331,,,2026-05-09T15:42:42.279958469Z,,,,host_log,10,20,,,,,,0,0,,technical_check,vplc_status_cycle_duration_not_validated_as_Tper,0.057,100,работает
RUN_20260509_VPLC_L0_IDLE_10_20_S01_R05,VPLC_L0_IDLE_10_20,SER_20260509_VPLC_L0_IDLE_10_20_S01,vPLC_container,VPLC_HOST,332,,,2026-05-09T15:42:43.332978178Z,,,,host_log,10,20,,,,,,0,0,,technical_check,vplc_status_cycle_duration_not_validated_as_Tper,4.404,100,работает
RUN_20260509_VPLC_L0_IDLE_10_20_S01_R05,VPLC_L0_IDLE_10_20,SER_20260509_VPLC_L0_IDLE_10_20_S01,vPLC_container,VPLC_HOST,333,,,2026-05-09T15:42:44.389471357Z,,,,host_log,10,20,,,,,,0,0,,technical_check,vplc_status_cycle_duration_not_validated_as_Tper,4.943,100,работает
RUN_20260509_VPLC_L0_IDLE_10_20_S01_R05,VPLC_L0_IDLE_10_20,SER_20260509_VPLC_L0_IDLE_10_20_S01,vPLC_container,VPLC_HOST,334,,,2026-05-09T15:42:45.444960719Z,,,,host_log,10,20,,,,,,0,0,,technical_check,vplc_status_cycle_duration_not_validated_as_Tper,0.030,100,работает
RUN_20260509_VPLC_L0_IDLE_10_20_S01_R05,VPLC_L0_IDLE_10_20,SER_20260509_VPLC_L0_IDLE_10_20_S01,vPLC_container,VPLC_HOST,335,,,2026-05-09T15:42:46.499028627Z,,,,host_log,10,20,,,,,,0,0,,technical_check,vplc_status_cycle_duration_not_validated_as_Tper,0.054,100,работает
RUN_20260509_VPLC_L0_IDLE_10_20_S01_R05,VPLC_L0_IDLE_10_20,SER_20260509_VPLC_L0_IDLE_10_20_S01,vPLC_container,VPLC_HOST,336,,,2026-05-09T15:42:47.556069015Z,,,,host_log,10,20,,,,,,0,0,,technical_check,vplc_status_cycle_duration_not_validated_as_Tper,0.033,100,работает
RUN_20260509_VPLC_L0_IDLE_10_20_S01_R05,VPLC_L0_IDLE_10_20,SER_20260509_VPLC_L0_IDLE_10_20_S01,vPLC_container,VPLC_HOST,337,,,2026-05-09T15:42:48.611189970Z,,,,host_log,10,20,,,,,,0,0,,technical_check,vplc_status_cycle_duration_not_validated_as_Tper,0.056,100,работает
RUN_20260509_VPLC_L0_IDLE_10_20_S01_R05,VPLC_L0_IDLE_10_20,SER_20260509_VPLC_L0_IDLE_10_20_S01,vPLC_container,VPLC_HOST,338,,,2026-05-09T15:42:49.666596298Z,,,,host_log,10,20,,,,,,0,0,,technical_check,vplc_status_cycle_duration_not_validated_as_Tper,0.055,100,работает
RUN_20260509_VPLC_L0_IDLE_10_20_S01_R05,VPLC_L0_IDLE_10_20,SER_20260509_VPLC_L0_IDLE_10_20_S01,vPLC_container,VPLC_HOST,339,,,2026-05-09T15:42:50.722332996Z,,,,host_log,10,20,,,,,,0,0,,technical_check,vplc_status_cycle_duration_not_validated_as_Tper,0.057,100,работает
RUN_20260509_VPLC_L0_IDLE_10_20_S01_R05,VPLC_L0_IDLE_10_20,SER_20260509_VPLC_L0_IDLE_10_20_S01,vPLC_container,VPLC_HOST,340,,,2026-05-09T15:42:51.777382374Z,,,,host_log,10,20,,,,,,0,0,,technical_check,vplc_status_cycle_duration_not_validated_as_Tper,0.057,100,работает
RUN_20260509_VPLC_L0_IDLE_10_20_S01_R05,VPLC_L0_IDLE_10_20,SER_20260509_VPLC_L0_IDLE_10_20_S01,vPLC_container,VPLC_HOST,341,,,2026-05-09T15:42:52.832737748Z,,,,host_log,10,20,,,,,,0,0,,technical_check,vplc_status_cycle_duration_not_validated_as_Tper,0.035,100,работает
RUN_20260509_VPLC_L0_IDLE_10_20_S01_R05,VPLC_L0_IDLE_10_20,SER_20260509_VPLC_L0_IDLE_10_20_S01,vPLC_container,VPLC_HOST,342,,,2026-05-09T15:42:53.887741989Z,,,,host_log,10,20,,,,,,0,0,,technical_check,vplc_status_cycle_duration_not_validated_as_Tper,0.056,100,работает
RUN_20260509_VPLC_L0_IDLE_10_20_S01_R05,VPLC_L0_IDLE_10_20,SER_20260509_VPLC_L0_IDLE_10_20_S01,vPLC_container,VPLC_HOST,343,,,2026-05-09T15:42:54.943036573Z,,,,host_log,10,20,,,,,,0,0,,technical_check,vplc_status_cycle_duration_not_validated_as_Tper,0.036,100,работает
RUN_20260509_VPLC_L0_IDLE_10_20_S01_R05,VPLC_L0_IDLE_10_20,SER_20260509_VPLC_L0_IDLE_10_20_S01,vPLC_container,VPLC_HOST,344,,,2026-05-09T15:42:55.995468716Z,,,,host_log,10,20,,,,,,0,0,,technical_check,vplc_status_cycle_duration_not_validated_as_Tper,0.058,100,работает
RUN_20260509_VPLC_L0_IDLE_10_20_S01_R05,VPLC_L0_IDLE_10_20,SER_20260509_VPLC_L0_IDLE_10_20_S01,vPLC_container,VPLC_HOST,345,,,2026-05-09T15:42:57.048069343Z,,,,host_log,10,20,,,,,,0,0,,technical_check,vplc_status_cycle_duration_not_validated_as_Tper,0.031,100,работает
RUN_20260509_VPLC_L0_IDLE_10_20_S01_R05,VPLC_L0_IDLE_10_20,SER_20260509_VPLC_L0_IDLE_10_20_S01,vPLC_container,VPLC_HOST,346,,,2026-05-09T15:42:58.108661093Z,,,,host_log,10,20,,,,,,0,0,,technical_check,vplc_status_cycle_duration_not_validated_as_Tper,0.054,100,работает
RUN_20260509_VPLC_L0_IDLE_10_20_S01_R05,VPLC_L0_IDLE_10_20,SER_20260509_VPLC_L0_IDLE_10_20_S01,vPLC_container,VPLC_HOST,347,,,2026-05-09T15:42:59.161201764Z,,,,host_log,10,20,,,,,,0,0,,technical_check,vplc_status_cycle_duration_not_validated_as_Tper,0.056,100,работает
RUN_20260509_VPLC_L0_IDLE_10_20_S01_R05,VPLC_L0_IDLE_10_20,SER_20260509_VPLC_L0_IDLE_10_20_S01,vPLC_container,VPLC_HOST,348,,,2026-05-09T15:43:00.220851416Z,,,,host_log,10,20,,,,,,0,0,,technical_check,vplc_status_cycle_duration_not_validated_as_Tper,0.055,100,работает
RUN_20260509_VPLC_L0_IDLE_10_20_S01_R05,VPLC_L0_IDLE_10_20,SER_20260509_VPLC_L0_IDLE_10_20_S01,vPLC_container,VPLC_HOST,349,,,2026-05-09T15:43:01.276055133Z,,,,host_log,10,20,,,,,,0,0,,technical_check,vplc_status_cycle_duration_not_validated_as_Tper,0.057,100,работает
RUN_20260509_VPLC_L0_IDLE_10_20_S01_R05,VPLC_L0_IDLE_10_20,SER_20260509_VPLC_L0_IDLE_10_20_S01,vPLC_container,VPLC_HOST,350,,,2026-05-09T15:43:02.328447586Z,,,,host_log,10,20,,,,,,0,0,,technical_check,vplc_status_cycle_duration_not_validated_as_Tper,4.304,100,работает
RUN_20260509_VPLC_L0_IDLE_10_20_S01_R05,VPLC_L0_IDLE_10_20,SER_20260509_VPLC_L0_IDLE_10_20_S01,vPLC_container,VPLC_HOST,351,,,2026-05-09T15:43:03.386697347Z,,,,host_log,10,20,,,,,,0,0,,technical_check,vplc_status_cycle_duration_not_validated_as_Tper,4.389,100,работает
RUN_20260509_VPLC_L0_IDLE_10_20_S01_R05,VPLC_L0_IDLE_10_20,SER_20260509_VPLC_L0_IDLE_10_20_S01,vPLC_container,VPLC_HOST,352,,,2026-05-09T15:43:04.441100698Z,,,,host_log,10,20,,,,,,0,0,,technical_check,vplc_status_cycle_duration_not_validated_as_Tper,0.036,100,работает
RUN_20260509_VPLC_L0_IDLE_10_20_S01_R05,VPLC_L0_IDLE_10_20,SER_20260509_VPLC_L0_IDLE_10_20_S01,vPLC_container,VPLC_HOST,353,,,2026-05-09T15:43:05.496872825Z,,,,host_log,10,20,,,,,,0,0,,technical_check,vplc_status_cycle_duration_not_validated_as_Tper,0.056,100,работает
RUN_20260509_VPLC_L0_IDLE_10_20_S01_R05,VPLC_L0_IDLE_10_20,SER_20260509_VPLC_L0_IDLE_10_20_S01,vPLC_container,VPLC_HOST,354,,,2026-05-09T15:43:06.549882205Z,,,,host_log,10,20,,,,,,0,0,,technical_check,vplc_status_cycle_duration_not_validated_as_Tper,0.021,100,работает
RUN_20260509_VPLC_L0_IDLE_10_20_S01_R05,VPLC_L0_IDLE_10_20,SER_20260509_VPLC_L0_IDLE_10_20_S01,vPLC_container,VPLC_HOST,355,,,2026-05-09T15:43:07.604854017Z,,,,host_log,10,20,,,,,,0,0,,technical_check,vplc_status_cycle_duration_not_validated_as_Tper,0.055,100,работает
RUN_20260509_VPLC_L0_IDLE_10_20_S01_R05,VPLC_L0_IDLE_10_20,SER_20260509_VPLC_L0_IDLE_10_20_S01,vPLC_container,VPLC_HOST,356,,,2026-05-09T15:43:08.661658553Z,,,,host_log,10,20,,,,,,0,0,,technical_check,vplc_status_cycle_duration_not_validated_as_Tper,0.055,100,работает
RUN_20260509_VPLC_L0_IDLE_10_20_S01_R05,VPLC_L0_IDLE_10_20,SER_20260509_VPLC_L0_IDLE_10_20_S01,vPLC_container,VPLC_HOST,357,,,2026-05-09T15:43:09.715346131Z,,,,host_log,10,20,,,,,,0,0,,technical_check,vplc_status_cycle_duration_not_validated_as_Tper,0.055,100,работает
RUN_20260509_VPLC_L0_IDLE_10_20_S01_R05,VPLC_L0_IDLE_10_20,SER_20260509_VPLC_L0_IDLE_10_20_S01,vPLC_container,VPLC_HOST,358,,,2026-05-09T15:43:10.771172081Z,,,,host_log,10,20,,,,,,0,0,,technical_check,vplc_status_cycle_duration_not_validated_as_Tper,0.055,100,работает
RUN_20260509_VPLC_L0_IDLE_10_20_S01_R05,VPLC_L0_IDLE_10_20,SER_20260509_VPLC_L0_IDLE_10_20_S01,vPLC_container,VPLC_HOST,359,,,2026-05-09T15:43:11.829858597Z,,,,host_log,10,20,,,,,,0,0,,technical_check,vplc_status_cycle_duration_not_validated_as_Tper,0.054,100,работает
RUN_20260509_VPLC_L0_IDLE_10_20_S01_R05,VPLC_L0_IDLE_10_20,SER_20260509_VPLC_L0_IDLE_10_20_S01,vPLC_container,VPLC_HOST,360,,,2026-05-09T15:43:12.883727157Z,,,,host_log,10,20,,,,,,0,0,,technical_check,vplc_status_cycle_duration_not_validated_as_Tper,0.056,100,работает
RUN_20260509_VPLC_L0_IDLE_10_20_S01_R05,VPLC_L0_IDLE_10_20,SER_20260509_VPLC_L0_IDLE_10_20_S01,vPLC_container,VPLC_HOST,361,,,2026-05-09T15:43:13.938728932Z,,,,host_log,10,20,,,,,,0,0,,technical_check,vplc_status_cycle_duration_not_validated_as_Tper,0.035,100,работает
RUN_20260509_VPLC_L0_IDLE_10_20_S01_R05,VPLC_L0_IDLE_10_20,SER_20260509_VPLC_L0_IDLE_10_20_S01,vPLC_container,VPLC_HOST,362,,,2026-05-09T15:43:14.991375951Z,,,,host_log,10,20,,,,,,0,0,,technical_check,vplc_status_cycle_duration_not_validated_as_Tper,0.057,100,работает
RUN_20260509_VPLC_L0_IDLE_10_20_S01_R05,VPLC_L0_IDLE_10_20,SER_20260509_VPLC_L0_IDLE_10_20_S01,vPLC_container,VPLC_HOST,363,,,2026-05-09T15:43:16.048621408Z,,,,host_log,10,20,,,,,,0,0,,technical_check,vplc_status_cycle_duration_not_validated_as_Tper,0.025,100,работает
RUN_20260509_VPLC_L0_IDLE_10_20_S01_R05,VPLC_L0_IDLE_10_20,SER_20260509_VPLC_L0_IDLE_10_20_S01,vPLC_container,VPLC_HOST,364,,,2026-05-09T15:43:17.105003220Z,,,,host_log,10,20,,,,,,0,0,,technical_check,vplc_status_cycle_duration_not_validated_as_Tper,0.058,100,работает
RUN_20260509_VPLC_L0_IDLE_10_20_S01_R05,VPLC_L0_IDLE_10_20,SER_20260509_VPLC_L0_IDLE_10_20_S01,vPLC_container,VPLC_HOST,365,,,2026-05-09T15:43:18.158153488Z,,,,host_log,10,20,,,,,,0,0,,technical_check,vplc_status_cycle_duration_not_validated_as_Tper,0.040,100,работает
RUN_20260509_VPLC_L0_IDLE_10_20_S01_R05,VPLC_L0_IDLE_10_20,SER_20260509_VPLC_L0_IDLE_10_20_S01,vPLC_container,VPLC_HOST,366,,,2026-05-09T15:43:19.213261523Z,,,,host_log,10,20,,,,,,0,0,,technical_check,vplc_status_cycle_duration_not_validated_as_Tper,0.056,100,работает
RUN_20260509_VPLC_L0_IDLE_10_20_S01_R05,VPLC_L0_IDLE_10_20,SER_20260509_VPLC_L0_IDLE_10_20_S01,vPLC_container,VPLC_HOST,367,,,2026-05-09T15:43:20.266831469Z,,,,host_log,10,20,,,,,,0,0,,technical_check,vplc_status_cycle_duration_not_validated_as_Tper,0.056,100,работает
RUN_20260509_VPLC_L0_IDLE_10_20_S01_R05,VPLC_L0_IDLE_10_20,SER_20260509_VPLC_L0_IDLE_10_20_S01,vPLC_container,VPLC_HOST,368,,,2026-05-09T15:43:21.319556117Z,,,,host_log,10,20,,,,,,0,0,,technical_check,vplc_status_cycle_duration_not_validated_as_Tper,0.058,100,работает
RUN_20260509_VPLC_L0_IDLE_10_20_S01_R05,VPLC_L0_IDLE_10_20,SER_20260509_VPLC_L0_IDLE_10_20_S01,vPLC_container,VPLC_HOST,369,,,2026-05-09T15:43:22.374133664Z,,,,host_log,10,20,,,,,,0,0,,technical_check,vplc_status_cycle_duration_not_validated_as_Tper,4.603,100,работает
RUN_20260509_VPLC_L0_IDLE_10_20_S01_R05,VPLC_L0_IDLE_10_20,SER_20260509_VPLC_L0_IDLE_10_20_S01,vPLC_container,VPLC_HOST,370,,,2026-05-09T15:43:23.429197555Z,,,,host_log,10,20,,,,,,0,0,,technical_check,vplc_status_cycle_duration_not_validated_as_Tper,0.054,100,работает
RUN_20260509_VPLC_L0_IDLE_10_20_S01_R05,VPLC_L0_IDLE_10_20,SER_20260509_VPLC_L0_IDLE_10_20_S01,vPLC_container,VPLC_HOST,371,,,2026-05-09T15:43:24.483301743Z,,,,host_log,10,20,,,,,,0,0,,technical_check,vplc_status_cycle_duration_not_validated_as_Tper,0.055,100,работает
RUN_20260509_VPLC_L0_IDLE_10_20_S01_R05,VPLC_L0_IDLE_10_20,SER_20260509_VPLC_L0_IDLE_10_20_S01,vPLC_container,VPLC_HOST,372,,,2026-05-09T15:43:25.540167309Z,,,,host_log,10,20,,,,,,0,0,,technical_check,vplc_status_cycle_duration_not_validated_as_Tper,0.036,100,работает
RUN_20260509_VPLC_L0_IDLE_10_20_S01_R05,VPLC_L0_IDLE_10_20,SER_20260509_VPLC_L0_IDLE_10_20_S01,vPLC_container,VPLC_HOST,373,,,2026-05-09T15:43:26.592269679Z,,,,host_log,10,20,,,,,,0,0,,technical_check,vplc_status_cycle_duration_not_validated_as_Tper,0.056,100,работает
RUN_20260509_VPLC_L0_IDLE_10_20_S01_R05,VPLC_L0_IDLE_10_20,SER_20260509_VPLC_L0_IDLE_10_20_S01,vPLC_container,VPLC_HOST,374,,,2026-05-09T15:43:27.650705757Z,,,,host_log,10,20,,,,,,0,0,,technical_check,vplc_status_cycle_duration_not_validated_as_Tper,0.019,100,работает
RUN_20260509_VPLC_L0_IDLE_10_20_S01_R05,VPLC_L0_IDLE_10_20,SER_20260509_VPLC_L0_IDLE_10_20_S01,vPLC_container,VPLC_HOST,375,,,2026-05-09T15:43:28.704265959Z,,,,host_log,10,20,,,,,,0,0,,technical_check,vplc_status_cycle_duration_not_validated_as_Tper,0.057,100,работает
RUN_20260509_VPLC_L0_IDLE_10_20_S01_R05,VPLC_L0_IDLE_10_20,SER_20260509_VPLC_L0_IDLE_10_20_S01,vPLC_container,VPLC_HOST,376,,,2026-05-09T15:43:29.759074300Z,,,,host_log,10,20,,,,,,0,0,,technical_check,vplc_status_cycle_duration_not_validated_as_Tper,0.044,100,работает
RUN_20260509_VPLC_L0_IDLE_10_20_S01_R05,VPLC_L0_IDLE_10_20,SER_20260509_VPLC_L0_IDLE_10_20_S01,vPLC_container,VPLC_HOST,377,,,2026-05-09T15:43:30.815027719Z,,,,host_log,10,20,,,,,,0,0,,technical_check,vplc_status_cycle_duration_not_validated_as_Tper,0.056,100,работает
RUN_20260509_VPLC_L0_IDLE_10_20_S01_R05,VPLC_L0_IDLE_10_20,SER_20260509_VPLC_L0_IDLE_10_20_S01,vPLC_container,VPLC_HOST,378,,,2026-05-09T15:43:31.872793409Z,,,,host_log,10,20,,,,,,0,0,,technical_check,vplc_status_cycle_duration_not_validated_as_Tper,0.059,100,работает
RUN_20260509_VPLC_L0_IDLE_10_20_S01_R05,VPLC_L0_IDLE_10_20,SER_20260509_VPLC_L0_IDLE_10_20_S01,vPLC_container,VPLC_HOST,379,,,2026-05-09T15:43:32.925540633Z,,,,host_log,10,20,,,,,,0,0,,technical_check,vplc_status_cycle_duration_not_validated_as_Tper,0.057,100,работает
RUN_20260509_VPLC_L0_IDLE_10_20_S01_R05,VPLC_L0_IDLE_10_20,SER_20260509_VPLC_L0_IDLE_10_20_S01,vPLC_container,VPLC_HOST,380,,,2026-05-09T15:43:33.982953151Z,,,,host_log,10,20,,,,,,0,0,,technical_check,vplc_status_cycle_duration_not_validated_as_Tper,0.057,100,работает
RUN_20260509_VPLC_L0_IDLE_10_20_S01_R05,VPLC_L0_IDLE_10_20,SER_20260509_VPLC_L0_IDLE_10_20_S01,vPLC_container,VPLC_HOST,381,,,2026-05-09T15:43:35.037221482Z,,,,host_log,10,20,,,,,,0,0,,technical_check,vplc_status_cycle_duration_not_validated_as_Tper,0.036,100,работает
RUN_20260509_VPLC_L0_IDLE_10_20_S01_R05,VPLC_L0_IDLE_10_20,SER_20260509_VPLC_L0_IDLE_10_20_S01,vPLC_container,VPLC_HOST,382,,,2026-05-09T15:43:36.091306634Z,,,,host_log,10,20,,,,,,0,0,,technical_check,vplc_status_cycle_duration_not_validated_as_Tper,0.056,100,работает
RUN_20260509_VPLC_L0_IDLE_10_20_S01_R05,VPLC_L0_IDLE_10_20,SER_20260509_VPLC_L0_IDLE_10_20_S01,vPLC_container,VPLC_HOST,383,,,2026-05-09T15:43:37.146371835Z,,,,host_log,10,20,,,,,,0,0,,technical_check,vplc_status_cycle_duration_not_validated_as_Tper,0.030,100,работает
RUN_20260509_VPLC_L0_IDLE_10_20_S01_R05,VPLC_L0_IDLE_10_20,SER_20260509_VPLC_L0_IDLE_10_20_S01,vPLC_container,VPLC_HOST,384,,,2026-05-09T15:43:38.201442634Z,,,,host_log,10,20,,,,,,0,0,,technical_check,vplc_status_cycle_duration_not_validated_as_Tper,0.056,100,работает
RUN_20260509_VPLC_L0_IDLE_10_20_S01_R05,VPLC_L0_IDLE_10_20,SER_20260509_VPLC_L0_IDLE_10_20_S01,vPLC_container,VPLC_HOST,385,,,2026-05-09T15:43:39.259656730Z,,,,host_log,10,20,,,,,,0,0,,technical_check,vplc_status_cycle_duration_not_validated_as_Tper,0.049,100,работает
RUN_20260509_VPLC_L0_IDLE_10_20_S01_R05,VPLC_L0_IDLE_10_20,SER_20260509_VPLC_L0_IDLE_10_20_S01,vPLC_container,VPLC_HOST,386,,,2026-05-09T15:43:40.315113113Z,,,,host_log,10,20,,,,,,0,0,,technical_check,vplc_status_cycle_duration_not_validated_as_Tper,0.056,100,работает
RUN_20260509_VPLC_L0_IDLE_10_20_S01_R05,VPLC_L0_IDLE_10_20,SER_20260509_VPLC_L0_IDLE_10_20_S01,vPLC_container,VPLC_HOST,387,,,2026-05-09T15:43:41.370292441Z,,,,host_log,10,20,,,,,,0,0,,technical_check,vplc_status_cycle_duration_not_validated_as_Tper,4.654,100,работает
RUN_20260509_VPLC_L0_IDLE_10_20_S01_R05,VPLC_L0_IDLE_10_20,SER_20260509_VPLC_L0_IDLE_10_20_S01,vPLC_container,VPLC_HOST,388,,,2026-05-09T15:43:42.425805633Z,,,,host_log,10,20,,,,,,0,0,,technical_check,vplc_status_cycle_duration_not_validated_as_Tper,0.036,100,работает
RUN_20260509_VPLC_L0_IDLE_10_20_S01_R05,VPLC_L0_IDLE_10_20,SER_20260509_VPLC_L0_IDLE_10_20_S01,vPLC_container,VPLC_HOST,389,,,2026-05-09T15:43:43.480278708Z,,,,host_log,10,20,,,,,,0,0,,technical_check,vplc_status_cycle_duration_not_validated_as_Tper,0.056,100,работает
RUN_20260509_VPLC_L0_IDLE_10_20_S01_R05,VPLC_L0_IDLE_10_20,SER_20260509_VPLC_L0_IDLE_10_20_S01,vPLC_container,VPLC_HOST,390,,,2026-05-09T15:43:44.536220302Z,,,,host_log,10,20,,,,,,0,0,,technical_check,vplc_status_cycle_duration_not_validated_as_Tper,0.035,100,работает
RUN_20260509_VPLC_L0_IDLE_10_20_S01_R05,VPLC_L0_IDLE_10_20,SER_20260509_VPLC_L0_IDLE_10_20_S01,vPLC_container,VPLC_HOST,391,,,2026-05-09T15:43:45.591682618Z,,,,host_log,10,20,,,,,,0,0,,technical_check,vplc_status_cycle_duration_not_validated_as_Tper,0.057,100,работает
RUN_20260509_VPLC_L0_IDLE_10_20_S01_R05,VPLC_L0_IDLE_10_20,SER_20260509_VPLC_L0_IDLE_10_20_S01,vPLC_container,VPLC_HOST,392,,,2026-05-09T15:43:46.644841986Z,,,,host_log,10,20,,,,,,0,0,,technical_check,vplc_status_cycle_duration_not_validated_as_Tper,0.037,100,работает
RUN_20260509_VPLC_L0_IDLE_10_20_S01_R05,VPLC_L0_IDLE_10_20,SER_20260509_VPLC_L0_IDLE_10_20_S01,vPLC_container,VPLC_HOST,393,,,2026-05-09T15:43:47.701842619Z,,,,host_log,10,20,,,,,,0,0,,technical_check,vplc_status_cycle_duration_not_validated_as_Tper,0.056,100,работает
RUN_20260509_VPLC_L0_IDLE_10_20_S01_R05,VPLC_L0_IDLE_10_20,SER_20260509_VPLC_L0_IDLE_10_20_S01,vPLC_container,VPLC_HOST,394,,,2026-05-09T15:43:48.756094259Z,,,,host_log,10,20,,,,,,0,0,,technical_check,vplc_status_cycle_duration_not_validated_as_Tper,0.029,100,работает
RUN_20260509_VPLC_L0_IDLE_10_20_S01_R05,VPLC_L0_IDLE_10_20,SER_20260509_VPLC_L0_IDLE_10_20_S01,vPLC_container,VPLC_HOST,395,,,2026-05-09T15:43:49.811696945Z,,,,host_log,10,20,,,,,,0,0,,technical_check,vplc_status_cycle_duration_not_validated_as_Tper,0.056,100,работает
RUN_20260509_VPLC_L0_IDLE_10_20_S01_R05,VPLC_L0_IDLE_10_20,SER_20260509_VPLC_L0_IDLE_10_20_S01,vPLC_container,VPLC_HOST,396,,,2026-05-09T15:43:50.865056493Z,,,,host_log,10,20,,,,,,0,0,,technical_check,vplc_status_cycle_duration_not_validated_as_Tper,0.056,100,работает
RUN_20260509_VPLC_L0_IDLE_10_20_S01_R05,VPLC_L0_IDLE_10_20,SER_20260509_VPLC_L0_IDLE_10_20_S01,vPLC_container,VPLC_HOST,397,,,2026-05-09T15:43:51.920529451Z,,,,host_log,10,20,,,,,,0,0,,technical_check,vplc_status_cycle_duration_not_validated_as_Tper,0.063,100,работает
RUN_20260509_VPLC_L0_IDLE_10_20_S01_R05,VPLC_L0_IDLE_10_20,SER_20260509_VPLC_L0_IDLE_10_20_S01,vPLC_container,VPLC_HOST,398,,,2026-05-09T15:43:52.978891497Z,,,,host_log,10,20,,,,,,0,0,,technical_check,vplc_status_cycle_duration_not_validated_as_Tper,0.057,100,работает
RUN_20260509_VPLC_L0_IDLE_10_20_S01_R05,VPLC_L0_IDLE_10_20,SER_20260509_VPLC_L0_IDLE_10_20_S01,vPLC_container,VPLC_HOST,399,,,2026-05-09T15:43:54.030944174Z,,,,host_log,10,20,,,,,,0,0,,technical_check,vplc_status_cycle_duration_not_validated_as_Tper,0.036,100,работает
RUN_20260509_VPLC_L0_IDLE_10_20_S01_R05,VPLC_L0_IDLE_10_20,SER_20260509_VPLC_L0_IDLE_10_20_S01,vPLC_container,VPLC_HOST,400,,,2026-05-09T15:43:55.088035171Z,,,,host_log,10,20,,,,,,0,0,,technical_check,vplc_status_cycle_duration_not_validated_as_Tper,0.057,100,работает
RUN_20260509_VPLC_L0_IDLE_10_20_S01_R05,VPLC_L0_IDLE_10_20,SER_20260509_VPLC_L0_IDLE_10_20_S01,vPLC_container,VPLC_HOST,401,,,2026-05-09T15:43:56.144871280Z,,,,host_log,10,20,,,,,,0,0,,technical_check,vplc_status_cycle_duration_not_validated_as_Tper,0.034,100,работает
RUN_20260509_VPLC_L0_IDLE_10_20_S01_R05,VPLC_L0_IDLE_10_20,SER_20260509_VPLC_L0_IDLE_10_20_S01,vPLC_container,VPLC_HOST,402,,,2026-05-09T15:43:57.200534530Z,,,,host_log,10,20,,,,,,0,0,,technical_check,vplc_status_cycle_duration_not_validated_as_Tper,0.056,100,работает
RUN_20260509_VPLC_L0_IDLE_10_20_S01_R05,VPLC_L0_IDLE_10_20,SER_20260509_VPLC_L0_IDLE_10_20_S01,vPLC_container,VPLC_HOST,403,,,2026-05-09T15:43:58.255141873Z,,,,host_log,10,20,,,,,,0,0,,technical_check,vplc_status_cycle_duration_not_validated_as_Tper,0.032,100,работает
RUN_20260509_VPLC_L0_IDLE_10_20_S01_R05,VPLC_L0_IDLE_10_20,SER_20260509_VPLC_L0_IDLE_10_20_S01,vPLC_container,VPLC_HOST,404,,,2026-05-09T15:43:59.310201094Z,,,,host_log,10,20,,,,,,0,0,,technical_check,vplc_status_cycle_duration_not_validated_as_Tper,0.056,100,работает
RUN_20260509_VPLC_L0_IDLE_10_20_S01_R05,VPLC_L0_IDLE_10_20,SER_20260509_VPLC_L0_IDLE_10_20_S01,vPLC_container,VPLC_HOST,405,,,2026-05-09T15:44:00.365960618Z,,,,host_log,10,20,,,,,,0,0,,technical_check,vplc_status_cycle_duration_not_validated_as_Tper,4.358,100,работает
RUN_20260509_VPLC_L0_IDLE_10_20_S01_R05,VPLC_L0_IDLE_10_20,SER_20260509_VPLC_L0_IDLE_10_20_S01,vPLC_container,VPLC_HOST,406,,,2026-05-09T15:44:01.420914005Z,,,,host_log,10,20,,,,,,0,0,,technical_check,vplc_status_cycle_duration_not_validated_as_Tper,5.536,100,работает
RUN_20260509_VPLC_L0_IDLE_10_20_S01_R05,VPLC_L0_IDLE_10_20,SER_20260509_VPLC_L0_IDLE_10_20_S01,vPLC_container,VPLC_HOST,407,,,2026-05-09T15:44:02.474344718Z,,,,host_log,10,20,,,,,,0,0,,technical_check,vplc_status_cycle_duration_not_validated_as_Tper,0.056,100,работает
RUN_20260509_VPLC_L0_IDLE_10_20_S01_R05,VPLC_L0_IDLE_10_20,SER_20260509_VPLC_L0_IDLE_10_20_S01,vPLC_container,VPLC_HOST,408,,,2026-05-09T15:44:03.528745507Z,,,,host_log,10,20,,,,,,0,0,,technical_check,vplc_status_cycle_duration_not_validated_as_Tper,0.036,100,работает
RUN_20260509_VPLC_L0_IDLE_10_20_S01_R05,VPLC_L0_IDLE_10_20,SER_20260509_VPLC_L0_IDLE_10_20_S01,vPLC_container,VPLC_HOST,409,,,2026-05-09T15:44:04.586714427Z,,,,host_log,10,20,,,,,,0,0,,technical_check,vplc_status_cycle_duration_not_validated_as_Tper,0.056,100,работает
RUN_20260509_VPLC_L0_IDLE_10_20_S01_R05,VPLC_L0_IDLE_10_20,SER_20260509_VPLC_L0_IDLE_10_20_S01,vPLC_container,VPLC_HOST,410,,,2026-05-09T15:44:05.641671892Z,,,,host_log,10,20,,,,,,0,0,,technical_check,vplc_status_cycle_duration_not_validated_as_Tper,0.035,100,работает
RUN_20260509_VPLC_L0_IDLE_10_20_S01_R05,VPLC_L0_IDLE_10_20,SER_20260509_VPLC_L0_IDLE_10_20_S01,vPLC_container,VPLC_HOST,411,,,2026-05-09T15:44:06.698091270Z,,,,host_log,10,20,,,,,,0,0,,technical_check,vplc_status_cycle_duration_not_validated_as_Tper,0.056,100,работает
RUN_20260509_VPLC_L0_IDLE_10_20_S01_R05,VPLC_L0_IDLE_10_20,SER_20260509_VPLC_L0_IDLE_10_20_S01,vPLC_container,VPLC_HOST,412,,,2026-05-09T15:44:07.750614175Z,,,,host_log,10,20,,,,,,0,0,,technical_check,vplc_status_cycle_duration_not_validated_as_Tper,0.022,100,работает
RUN_20260509_VPLC_L0_IDLE_10_20_S01_R05,VPLC_L0_IDLE_10_20,SER_20260509_VPLC_L0_IDLE_10_20_S01,vPLC_container,VPLC_HOST,413,,,2026-05-09T15:44:08.807160854Z,,,,host_log,10,20,,,,,,0,0,,technical_check,vplc_status_cycle_duration_not_validated_as_Tper,0.054,100,работает
RUN_20260509_VPLC_L0_IDLE_10_20_S01_R05,VPLC_L0_IDLE_10_20,SER_20260509_VPLC_L0_IDLE_10_20_S01,vPLC_container,VPLC_HOST,414,,,2026-05-09T15:44:09.861850985Z,,,,host_log,10,20,,,,,,0,0,,technical_check,vplc_status_cycle_duration_not_validated_as_Tper,0.057,100,работает
RUN_20260509_VPLC_L0_IDLE_10_20_S01_R05,VPLC_L0_IDLE_10_20,SER_20260509_VPLC_L0_IDLE_10_20_S01,vPLC_container,VPLC_HOST,415,,,2026-05-09T15:44:10.919595372Z,,,,host_log,10,20,,,,,,0,0,,technical_check,vplc_status_cycle_duration_not_validated_as_Tper,0.057,100,работает
RUN_20260509_VPLC_L0_IDLE_10_20_S01_R05,VPLC_L0_IDLE_10_20,SER_20260509_VPLC_L0_IDLE_10_20_S01,vPLC_container,VPLC_HOST,416,,,2026-05-09T15:44:11.973767309Z,,,,host_log,10,20,,,,,,0,0,,technical_check,vplc_status_cycle_duration_not_validated_as_Tper,0.057,100,работает
RUN_20260509_VPLC_L0_IDLE_10_20_S01_R05,VPLC_L0_IDLE_10_20,SER_20260509_VPLC_L0_IDLE_10_20_S01,vPLC_container,VPLC_HOST,417,,,2026-05-09T15:44:13.028448905Z,,,,host_log,10,20,,,,,,0,0,,technical_check,vplc_status_cycle_duration_not_validated_as_Tper,0.036,100,работает
RUN_20260509_VPLC_L0_IDLE_10_20_S01_R05,VPLC_L0_IDLE_10_20,SER_20260509_VPLC_L0_IDLE_10_20_S01,vPLC_container,VPLC_HOST,418,,,2026-05-09T15:44:14.084508494Z,,,,host_log,10,20,,,,,,0,0,,technical_check,vplc_status_cycle_duration_not_validated_as_Tper,0.057,100,работает
RUN_20260509_VPLC_L0_IDLE_10_20_S01_R05,VPLC_L0_IDLE_10_20,SER_20260509_VPLC_L0_IDLE_10_20_S01,vPLC_container,VPLC_HOST,419,,,2026-05-09T15:44:15.139551600Z,,,,host_log,10,20,,,,,,0,0,,technical_check,vplc_status_cycle_duration_not_validated_as_Tper,0.036,100,работает
RUN_20260509_VPLC_L0_IDLE_10_20_S01_R05,VPLC_L0_IDLE_10_20,SER_20260509_VPLC_L0_IDLE_10_20_S01,vPLC_container,VPLC_HOST,420,,,2026-05-09T15:44:16.192465423Z,,,,host_log,10,20,,,,,,0,0,,technical_check,vplc_status_cycle_duration_not_validated_as_Tper,0.057,100,работает
RUN_20260509_VPLC_L0_IDLE_10_20_S01_R05,VPLC_L0_IDLE_10_20,SER_20260509_VPLC_L0_IDLE_10_20_S01,vPLC_container,VPLC_HOST,421,,,2026-05-09T15:44:17.247372089Z,,,,host_log,10,20,,,,,,0,0,,technical_check,vplc_status_cycle_duration_not_validated_as_Tper,0.028,100,работает
RUN_20260509_VPLC_L0_IDLE_10_20_S01_R05,VPLC_L0_IDLE_10_20,SER_20260509_VPLC_L0_IDLE_10_20_S01,vPLC_container,VPLC_HOST,422,,,2026-05-09T15:44:18.305381865Z,,,,host_log,10,20,,,,,,0,0,,technical_check,vplc_status_cycle_duration_not_validated_as_Tper,0.057,100,работает
RUN_20260509_VPLC_L0_IDLE_10_20_S01_R05,VPLC_L0_IDLE_10_20,SER_20260509_VPLC_L0_IDLE_10_20_S01,vPLC_container,VPLC_HOST,423,,,2026-05-09T15:44:19.356863363Z,,,,host_log,10,20,,,,,,0,0,,technical_check,vplc_status_cycle_duration_not_validated_as_Tper,4.029,100,работает
RUN_20260509_VPLC_L0_IDLE_10_20_S01_R05,VPLC_L0_IDLE_10_20,SER_20260509_VPLC_L0_IDLE_10_20_S01,vPLC_container,VPLC_HOST,424,,,2026-05-09T15:44:20.415164247Z,,,,host_log,10,20,,,,,,0,0,,technical_check,vplc_status_cycle_duration_not_validated_as_Tper,4.791,100,работает
RUN_20260509_VPLC_L0_IDLE_10_20_S01_R05,VPLC_L0_IDLE_10_20,SER_20260509_VPLC_L0_IDLE_10_20_S01,vPLC_container,VPLC_HOST,425,,,2026-05-09T15:44:21.470430424Z,,,,host_log,10,20,,,,,,0,0,,technical_check,vplc_status_cycle_duration_not_validated_as_Tper,0.058,100,работает
RUN_20260509_VPLC_L0_IDLE_10_20_S01_R05,VPLC_L0_IDLE_10_20,SER_20260509_VPLC_L0_IDLE_10_20_S01,vPLC_container,VPLC_HOST,426,,,2026-05-09T15:44:22.524734112Z,,,,host_log,10,20,,,,,,0,0,,technical_check,vplc_status_cycle_duration_not_validated_as_Tper,0.037,100,работает
RUN_20260509_VPLC_L0_IDLE_10_20_S01_R05,VPLC_L0_IDLE_10_20,SER_20260509_VPLC_L0_IDLE_10_20_S01,vPLC_container,VPLC_HOST,427,,,2026-05-09T15:44:23.581272366Z,,,,host_log,10,20,,,,,,0,0,,technical_check,vplc_status_cycle_duration_not_validated_as_Tper,0.057,100,работает
RUN_20260509_VPLC_L0_IDLE_10_20_S01_R05,VPLC_L0_IDLE_10_20,SER_20260509_VPLC_L0_IDLE_10_20_S01,vPLC_container,VPLC_HOST,428,,,2026-05-09T15:44:24.636821386Z,,,,host_log,10,20,,,,,,0,0,,technical_check,vplc_status_cycle_duration_not_validated_as_Tper,0.035,100,работает
RUN_20260509_VPLC_L0_IDLE_10_20_S01_R05,VPLC_L0_IDLE_10_20,SER_20260509_VPLC_L0_IDLE_10_20_S01,vPLC_container,VPLC_HOST,429,,,2026-05-09T15:44:25.692427345Z,,,,host_log,10,20,,,,,,0,0,,technical_check,vplc_status_cycle_duration_not_validated_as_Tper,0.056,100,работает
RUN_20260509_VPLC_L0_IDLE_10_20_S01_R05,VPLC_L0_IDLE_10_20,SER_20260509_VPLC_L0_IDLE_10_20_S01,vPLC_container,VPLC_HOST,430,,,2026-05-09T15:44:26.747749225Z,,,,host_log,10,20,,,,,,0,0,,technical_check,vplc_status_cycle_duration_not_validated_as_Tper,0.026,100,работает
RUN_20260509_VPLC_L0_IDLE_10_20_S01_R05,VPLC_L0_IDLE_10_20,SER_20260509_VPLC_L0_IDLE_10_20_S01,vPLC_container,VPLC_HOST,431,,,2026-05-09T15:44:27.803047485Z,,,,host_log,10,20,,,,,,0,0,,technical_check,vplc_status_cycle_duration_not_validated_as_Tper,0.054,100,работает
RUN_20260509_VPLC_L0_IDLE_10_20_S01_R05,VPLC_L0_IDLE_10_20,SER_20260509_VPLC_L0_IDLE_10_20_S01,vPLC_container,VPLC_HOST,432,,,2026-05-09T15:44:28.855183518Z,,,,host_log,10,20,,,,,,0,0,,technical_check,vplc_status_cycle_duration_not_validated_as_Tper,0.034,100,работает
RUN_20260509_VPLC_L0_IDLE_10_20_S01_R05,VPLC_L0_IDLE_10_20,SER_20260509_VPLC_L0_IDLE_10_20_S01,vPLC_container,VPLC_HOST,433,,,2026-05-09T15:44:29.914192745Z,,,,host_log,10,20,,,,,,0,0,,technical_check,vplc_status_cycle_duration_not_validated_as_Tper,0.057,100,работает
RUN_20260509_VPLC_L0_IDLE_10_20_S01_R05,VPLC_L0_IDLE_10_20,SER_20260509_VPLC_L0_IDLE_10_20_S01,vPLC_container,VPLC_HOST,434,,,2026-05-09T15:44:30.968671334Z,,,,host_log,10,20,,,,,,0,0,,technical_check,vplc_status_cycle_duration_not_validated_as_Tper,0.057,100,работает
RUN_20260509_VPLC_L0_IDLE_10_20_S01_R05,VPLC_L0_IDLE_10_20,SER_20260509_VPLC_L0_IDLE_10_20_S01,vPLC_container,VPLC_HOST,435,,,2026-05-09T15:44:32.022790440Z,,,,host_log,10,20,,,,,,0,0,,technical_check,vplc_status_cycle_duration_not_validated_as_Tper,0.055,100,работает
RUN_20260509_VPLC_L0_IDLE_10_20_S01_R05,VPLC_L0_IDLE_10_20,SER_20260509_VPLC_L0_IDLE_10_20_S01,vPLC_container,VPLC_HOST,436,,,2026-05-09T15:44:33.079848286Z,,,,host_log,10,20,,,,,,0,0,,technical_check,vplc_status_cycle_duration_not_validated_as_Tper,0.056,100,работает
RUN_20260509_VPLC_L0_IDLE_10_20_S01_R05,VPLC_L0_IDLE_10_20,SER_20260509_VPLC_L0_IDLE_10_20_S01,vPLC_container,VPLC_HOST,437,,,2026-05-09T15:44:34.134069241Z,,,,host_log,10,20,,,,,,0,0,,technical_check,vplc_status_cycle_duration_not_validated_as_Tper,0.035,100,работает
RUN_20260509_VPLC_L0_IDLE_10_20_S01_R05,VPLC_L0_IDLE_10_20,SER_20260509_VPLC_L0_IDLE_10_20_S01,vPLC_container,VPLC_HOST,438,,,2026-05-09T15:44:35.190210012Z,,,,host_log,10,20,,,,,,0,0,,technical_check,vplc_status_cycle_duration_not_validated_as_Tper,0.058,100,работает
RUN_20260509_VPLC_L0_IDLE_10_20_S01_R05,VPLC_L0_IDLE_10_20,SER_20260509_VPLC_L0_IDLE_10_20_S01,vPLC_container,VPLC_HOST,439,,,2026-05-09T15:44:36.244908316Z,,,,host_log,10,20,,,,,,0,0,,technical_check,vplc_status_cycle_duration_not_validated_as_Tper,0.036,100,работает
RUN_20260509_VPLC_L0_IDLE_10_20_S01_R05,VPLC_L0_IDLE_10_20,SER_20260509_VPLC_L0_IDLE_10_20_S01,vPLC_container,VPLC_HOST,440,,,2026-05-09T15:44:37.300799026Z,,,,host_log,10,20,,,,,,0,0,,technical_check,vplc_status_cycle_duration_not_validated_as_Tper,0.057,100,работает
RUN_20260509_VPLC_L0_IDLE_10_20_S01_R05,VPLC_L0_IDLE_10_20,SER_20260509_VPLC_L0_IDLE_10_20_S01,vPLC_container,VPLC_HOST,441,,,2026-05-09T15:44:38.354414717Z,,,,host_log,10,20,,,,,,0,0,,technical_check,vplc_status_cycle_duration_not_validated_as_Tper,3.716,100,работает
RUN_20260509_VPLC_L0_IDLE_10_20_S01_R05,VPLC_L0_IDLE_10_20,SER_20260509_VPLC_L0_IDLE_10_20_S01,vPLC_container,VPLC_HOST,442,,,2026-05-09T15:44:39.411434107Z,,,,host_log,10,20,,,,,,0,0,,technical_check,vplc_status_cycle_duration_not_validated_as_Tper,4.848,100,работает
RUN_20260509_VPLC_L0_IDLE_10_20_S01_R05,VPLC_L0_IDLE_10_20,SER_20260509_VPLC_L0_IDLE_10_20_S01,vPLC_container,VPLC_HOST,443,,,2026-05-09T15:44:40.467706672Z,,,,host_log,10,20,,,,,,0,0,,technical_check,vplc_status_cycle_duration_not_validated_as_Tper,0.057,100,работает
RUN_20260509_VPLC_L0_IDLE_10_20_S01_R05,VPLC_L0_IDLE_10_20,SER_20260509_VPLC_L0_IDLE_10_20_S01,vPLC_container,VPLC_HOST,444,,,2026-05-09T15:44:41.522632238Z,,,,host_log,10,20,,,,,,0,0,,technical_check,vplc_status_cycle_duration_not_validated_as_Tper,0.056,100,работает
RUN_20260509_VPLC_L0_IDLE_10_20_S01_R05,VPLC_L0_IDLE_10_20,SER_20260509_VPLC_L0_IDLE_10_20_S01,vPLC_container,VPLC_HOST,445,,,2026-05-09T15:44:42.578314255Z,,,,host_log,10,20,,,,,,0,0,,technical_check,vplc_status_cycle_duration_not_validated_as_Tper,0.057,100,работает
RUN_20260509_VPLC_L0_IDLE_10_20_S01_R05,VPLC_L0_IDLE_10_20,SER_20260509_VPLC_L0_IDLE_10_20_S01,vPLC_container,VPLC_HOST,446,,,2026-05-09T15:44:43.632818088Z,,,,host_log,10,20,,,,,,0,0,,technical_check,vplc_status_cycle_duration_not_validated_as_Tper,0.037,100,работает
RUN_20260509_VPLC_L0_IDLE_10_20_S01_R05,VPLC_L0_IDLE_10_20,SER_20260509_VPLC_L0_IDLE_10_20_S01,vPLC_container,VPLC_HOST,447,,,2026-05-09T15:44:44.688626212Z,,,,host_log,10,20,,,,,,0,0,,technical_check,vplc_status_cycle_duration_not_validated_as_Tper,0.057,100,работает
RUN_20260509_VPLC_L0_IDLE_10_20_S01_R05,VPLC_L0_IDLE_10_20,SER_20260509_VPLC_L0_IDLE_10_20_S01,vPLC_container,VPLC_HOST,448,,,2026-05-09T15:44:45.742900206Z,,,,host_log,10,20,,,,,,0,0,,technical_check,vplc_status_cycle_duration_not_validated_as_Tper,0.035,100,работает
RUN_20260509_VPLC_L0_IDLE_10_20_S01_R05,VPLC_L0_IDLE_10_20,SER_20260509_VPLC_L0_IDLE_10_20_S01,vPLC_container,VPLC_HOST,449,,,2026-05-09T15:44:46.799389875Z,,,,host_log,10,20,,,,,,0,0,,technical_check,vplc_status_cycle_duration_not_validated_as_Tper,0.057,100,работает
RUN_20260509_VPLC_L0_IDLE_10_20_S01_R05,VPLC_L0_IDLE_10_20,SER_20260509_VPLC_L0_IDLE_10_20_S01,vPLC_container,VPLC_HOST,450,,,2026-05-09T15:44:47.853568167Z,,,,host_log,10,20,,,,,,0,0,,technical_check,vplc_status_cycle_duration_not_validated_as_Tper,0.031,100,работает
RUN_20260509_VPLC_L0_IDLE_10_20_S01_R05,VPLC_L0_IDLE_10_20,SER_20260509_VPLC_L0_IDLE_10_20_S01,vPLC_container,VPLC_HOST,451,,,2026-05-09T15:44:48.909308469Z,,,,host_log,10,20,,,,,,0,0,,technical_check,vplc_status_cycle_duration_not_validated_as_Tper,0.057,100,работает
RUN_20260509_VPLC_L0_IDLE_10_20_S01_R05,VPLC_L0_IDLE_10_20,SER_20260509_VPLC_L0_IDLE_10_20_S01,vPLC_container,VPLC_HOST,452,,,2026-05-09T15:44:49.964018906Z,,,,host_log,10,20,,,,,,0,0,,technical_check,vplc_status_cycle_duration_not_validated_as_Tper,0.057,100,работает
RUN_20260509_VPLC_L0_IDLE_10_20_S01_R05,VPLC_L0_IDLE_10_20,SER_20260509_VPLC_L0_IDLE_10_20_S01,vPLC_container,VPLC_HOST,453,,,2026-05-09T15:44:51.019409879Z,,,,host_log,10,20,,,,,,0,0,,technical_check,vplc_status_cycle_duration_not_validated_as_Tper,0.051,100,работает
RUN_20260509_VPLC_L0_IDLE_10_20_S01_R05,VPLC_L0_IDLE_10_20,SER_20260509_VPLC_L0_IDLE_10_20_S01,vPLC_container,VPLC_HOST,454,,,2026-05-09T15:44:52.073196309Z,,,,host_log,10,20,,,,,,0,0,,technical_check,vplc_status_cycle_duration_not_validated_as_Tper,0.056,100,работает
RUN_20260509_VPLC_L0_IDLE_10_20_S01_R05,VPLC_L0_IDLE_10_20,SER_20260509_VPLC_L0_IDLE_10_20_S01,vPLC_container,VPLC_HOST,455,,,2026-05-09T15:44:53.130652595Z,,,,host_log,10,20,,,,,,0,0,,technical_check,vplc_status_cycle_duration_not_validated_as_Tper,0.036,100,работает
RUN_20260509_VPLC_L0_IDLE_10_20_S01_R05,VPLC_L0_IDLE_10_20,SER_20260509_VPLC_L0_IDLE_10_20_S01,vPLC_container,VPLC_HOST,456,,,2026-05-09T15:44:54.186272929Z,,,,host_log,10,20,,,,,,0,0,,technical_check,vplc_status_cycle_duration_not_validated_as_Tper,0.057,100,работает
RUN_20260509_VPLC_L0_IDLE_10_20_S01_R05,VPLC_L0_IDLE_10_20,SER_20260509_VPLC_L0_IDLE_10_20_S01,vPLC_container,VPLC_HOST,457,,,2026-05-09T15:44:55.239279261Z,,,,host_log,10,20,,,,,,0,0,,technical_check,vplc_status_cycle_duration_not_validated_as_Tper,0.036,100,работает
RUN_20260509_VPLC_L0_IDLE_10_20_S01_R05,VPLC_L0_IDLE_10_20,SER_20260509_VPLC_L0_IDLE_10_20_S01,vPLC_container,VPLC_HOST,458,,,2026-05-09T15:44:56.296705935Z,,,,host_log,10,20,,,,,,0,0,,technical_check,vplc_status_cycle_duration_not_validated_as_Tper,0.057,100,работает
RUN_20260509_VPLC_L0_IDLE_10_20_S01_R05,VPLC_L0_IDLE_10_20,SER_20260509_VPLC_L0_IDLE_10_20_S01,vPLC_container,VPLC_HOST,459,,,2026-05-09T15:44:57.347526745Z,,,,host_log,10,20,,,,,,0,0,,technical_check,vplc_status_cycle_duration_not_validated_as_Tper,4.238,100,работает
RUN_20260509_VPLC_L0_IDLE_10_20_S01_R05,VPLC_L0_IDLE_10_20,SER_20260509_VPLC_L0_IDLE_10_20_S01,vPLC_container,VPLC_HOST,460,,,2026-05-09T15:44:58.405870659Z,,,,host_log,10,20,,,,,,0,0,,technical_check,vplc_status_cycle_duration_not_validated_as_Tper,4.839,100,работает
RUN_20260509_VPLC_L0_IDLE_10_20_S01_R05,VPLC_L0_IDLE_10_20,SER_20260509_VPLC_L0_IDLE_10_20_S01,vPLC_container,VPLC_HOST,461,,,2026-05-09T15:44:59.462291296Z,,,,host_log,10,20,,,,,,0,0,,technical_check,vplc_status_cycle_duration_not_validated_as_Tper,0.055,100,работает
RUN_20260509_VPLC_L0_IDLE_10_20_S01_R05,VPLC_L0_IDLE_10_20,SER_20260509_VPLC_L0_IDLE_10_20_S01,vPLC_container,VPLC_HOST,462,,,2026-05-09T15:45:00.514029578Z,,,,host_log,10,20,,,,,,0,0,,technical_check,vplc_status_cycle_duration_not_validated_as_Tper,0.056,100,работает
RUN_20260509_VPLC_L0_IDLE_10_20_S01_R05,VPLC_L0_IDLE_10_20,SER_20260509_VPLC_L0_IDLE_10_20_S01,vPLC_container,VPLC_HOST,463,,,2026-05-09T15:45:01.572500733Z,,,,host_log,10,20,,,,,,0,0,,technical_check,vplc_status_cycle_duration_not_validated_as_Tper,0.052,100,работает
RUN_20260509_VPLC_L0_IDLE_10_20_S01_R05,VPLC_L0_IDLE_10_20,SER_20260509_VPLC_L0_IDLE_10_20_S01,vPLC_container,VPLC_HOST,464,,,2026-05-09T15:45:02.625853241Z,,,,host_log,10,20,,,,,,0,0,,technical_check,vplc_status_cycle_duration_not_validated_as_Tper,0.036,100,работает
RUN_20260509_VPLC_L0_IDLE_10_20_S01_R05,VPLC_L0_IDLE_10_20,SER_20260509_VPLC_L0_IDLE_10_20_S01,vPLC_container,VPLC_HOST,465,,,2026-05-09T15:45:03.682128986Z,,,,host_log,10,20,,,,,,0,0,,technical_check,vplc_status_cycle_duration_not_validated_as_Tper,0.056,100,работает
RUN_20260509_VPLC_L0_IDLE_10_20_S01_R05,VPLC_L0_IDLE_10_20,SER_20260509_VPLC_L0_IDLE_10_20_S01,vPLC_container,VPLC_HOST,466,,,2026-05-09T15:45:04.734801871Z,,,,host_log,10,20,,,,,,0,0,,technical_check,vplc_status_cycle_duration_not_validated_as_Tper,0.036,100,работает
RUN_20260509_VPLC_L0_IDLE_10_20_S01_R05,VPLC_L0_IDLE_10_20,SER_20260509_VPLC_L0_IDLE_10_20_S01,vPLC_container,VPLC_HOST,467,,,2026-05-09T15:45:05.788879967Z,,,,host_log,10,20,,,,,,0,0,,technical_check,vplc_status_cycle_duration_not_validated_as_Tper,0.055,100,работает
RUN_20260509_VPLC_L0_IDLE_10_20_S01_R05,VPLC_L0_IDLE_10_20,SER_20260509_VPLC_L0_IDLE_10_20_S01,vPLC_container,VPLC_HOST,468,,,2026-05-09T15:45:06.846450496Z,,,,host_log,10,20,,,,,,0,0,,technical_check,vplc_status_cycle_duration_not_validated_as_Tper,0.030,100,работает
RUN_20260509_VPLC_L0_IDLE_10_20_S01_R05,VPLC_L0_IDLE_10_20,SER_20260509_VPLC_L0_IDLE_10_20_S01,vPLC_container,VPLC_HOST,469,,,2026-05-09T15:45:07.900346552Z,,,,host_log,10,20,,,,,,0,0,,technical_check,vplc_status_cycle_duration_not_validated_as_Tper,0.057,100,работает
RUN_20260509_VPLC_L0_IDLE_10_20_S01_R05,VPLC_L0_IDLE_10_20,SER_20260509_VPLC_L0_IDLE_10_20_S01,vPLC_container,VPLC_HOST,470,,,2026-05-09T15:45:08.956560575Z,,,,host_log,10,20,,,,,,0,0,,technical_check,vplc_status_cycle_duration_not_validated_as_Tper,0.033,100,работает
RUN_20260509_VPLC_L0_IDLE_10_20_S01_R05,VPLC_L0_IDLE_10_20,SER_20260509_VPLC_L0_IDLE_10_20_S01,vPLC_container,VPLC_HOST,471,,,2026-05-09T15:45:10.013742846Z,,,,host_log,10,20,,,,,,0,0,,technical_check,vplc_status_cycle_duration_not_validated_as_Tper,0.056,100,работает
RUN_20260509_VPLC_L0_IDLE_10_20_S01_R05,VPLC_L0_IDLE_10_20,SER_20260509_VPLC_L0_IDLE_10_20_S01,vPLC_container,VPLC_HOST,472,,,2026-05-09T15:45:11.069122103Z,,,,host_log,10,20,,,,,,0,0,,technical_check,vplc_status_cycle_duration_not_validated_as_Tper,0.054,100,работает
RUN_20260509_VPLC_L0_IDLE_10_20_S01_R05,VPLC_L0_IDLE_10_20,SER_20260509_VPLC_L0_IDLE_10_20_S01,vPLC_container,VPLC_HOST,473,,,2026-05-09T15:45:12.124785043Z,,,,host_log,10,20,,,,,,0,0,,technical_check,vplc_status_cycle_duration_not_validated_as_Tper,0.054,100,работает
RUN_20260509_VPLC_L0_IDLE_10_20_S01_R05,VPLC_L0_IDLE_10_20,SER_20260509_VPLC_L0_IDLE_10_20_S01,vPLC_container,VPLC_HOST,474,,,2026-05-09T15:45:13.177239019Z,,,,host_log,10,20,,,,,,0,0,,technical_check,vplc_status_cycle_duration_not_validated_as_Tper,0.056,100,работает
RUN_20260509_VPLC_L0_IDLE_10_20_S01_R05,VPLC_L0_IDLE_10_20,SER_20260509_VPLC_L0_IDLE_10_20_S01,vPLC_container,VPLC_HOST,475,,,2026-05-09T15:45:14.233507909Z,,,,host_log,10,20,,,,,,0,0,,technical_check,vplc_status_cycle_duration_not_validated_as_Tper,0.036,100,работает
RUN_20260509_VPLC_L0_IDLE_10_20_S01_R05,VPLC_L0_IDLE_10_20,SER_20260509_VPLC_L0_IDLE_10_20_S01,vPLC_container,VPLC_HOST,476,,,2026-05-09T15:45:15.290713792Z,,,,host_log,10,20,,,,,,0,0,,technical_check,vplc_status_cycle_duration_not_validated_as_Tper,0.056,100,работает
RUN_20260509_VPLC_L0_IDLE_10_20_S01_R05,VPLC_L0_IDLE_10_20,SER_20260509_VPLC_L0_IDLE_10_20_S01,vPLC_container,VPLC_HOST,477,,,2026-05-09T15:45:16.345505751Z,,,,host_log,10,20,,,,,,0,0,,technical_check,vplc_status_cycle_duration_not_validated_as_Tper,4.399,100,работает
RUN_20260509_VPLC_L0_IDLE_10_20_S01_R05,VPLC_L0_IDLE_10_20,SER_20260509_VPLC_L0_IDLE_10_20_S01,vPLC_container,VPLC_HOST,478,,,2026-05-09T15:45:17.400594565Z,,,,host_log,10,20,,,,,,0,0,,technical_check,vplc_status_cycle_duration_not_validated_as_Tper,4.690,100,работает
RUN_20260509_VPLC_L0_IDLE_10_20_S01_R05,VPLC_L0_IDLE_10_20,SER_20260509_VPLC_L0_IDLE_10_20_S01,vPLC_container,VPLC_HOST,479,,,2026-05-09T15:45:18.453642442Z,,,,host_log,10,20,,,,,,0,0,,technical_check,vplc_status_cycle_duration_not_validated_as_Tper,0.028,100,работает
RUN_20260509_VPLC_L0_IDLE_10_20_S01_R05,VPLC_L0_IDLE_10_20,SER_20260509_VPLC_L0_IDLE_10_20_S01,vPLC_container,VPLC_HOST,480,,,2026-05-09T15:45:19.512112385Z,,,,host_log,10,20,,,,,,0,0,,technical_check,vplc_status_cycle_duration_not_validated_as_Tper,0.053,100,работает
RUN_20260509_VPLC_L0_IDLE_10_20_S01_R05,VPLC_L0_IDLE_10_20,SER_20260509_VPLC_L0_IDLE_10_20_S01,vPLC_container,VPLC_HOST,481,,,2026-05-09T15:45:20.566741731Z,,,,host_log,10,20,,,,,,0,0,,technical_check,vplc_status_cycle_duration_not_validated_as_Tper,0.056,100,работает
RUN_20260509_VPLC_L0_IDLE_10_20_S01_R05,VPLC_L0_IDLE_10_20,SER_20260509_VPLC_L0_IDLE_10_20_S01,vPLC_container,VPLC_HOST,482,,,2026-05-09T15:45:21.620120507Z,,,,host_log,10,20,,,,,,0,0,,technical_check,vplc_status_cycle_duration_not_validated_as_Tper,0.055,100,работает
RUN_20260509_VPLC_L0_IDLE_10_20_S01_R05,VPLC_L0_IDLE_10_20,SER_20260509_VPLC_L0_IDLE_10_20_S01,vPLC_container,VPLC_HOST,483,,,2026-05-09T15:45:22.676741314Z,,,,host_log,10,20,,,,,,0,0,,technical_check,vplc_status_cycle_duration_not_validated_as_Tper,0.056,100,работает
RUN_20260509_VPLC_L0_IDLE_10_20_S01_R05,VPLC_L0_IDLE_10_20,SER_20260509_VPLC_L0_IDLE_10_20_S01,vPLC_container,VPLC_HOST,484,,,2026-05-09T15:45:23.733286443Z,,,,host_log,10,20,,,,,,0,0,,technical_check,vplc_status_cycle_duration_not_validated_as_Tper,0.035,100,работает
RUN_20260509_VPLC_L0_IDLE_10_20_S01_R05,VPLC_L0_IDLE_10_20,SER_20260509_VPLC_L0_IDLE_10_20_S01,vPLC_container,VPLC_HOST,485,,,2026-05-09T15:45:24.787719154Z,,,,host_log,10,20,,,,,,0,0,,technical_check,vplc_status_cycle_duration_not_validated_as_Tper,0.057,100,работает
RUN_20260509_VPLC_L0_IDLE_10_20_S01_R05,VPLC_L0_IDLE_10_20,SER_20260509_VPLC_L0_IDLE_10_20_S01,vPLC_container,VPLC_HOST,486,,,2026-05-09T15:45:25.843419393Z,,,,host_log,10,20,,,,,,0,0,,technical_check,vplc_status_cycle_duration_not_validated_as_Tper,0.036,100,работает
RUN_20260509_VPLC_L0_IDLE_10_20_S01_R05,VPLC_L0_IDLE_10_20,SER_20260509_VPLC_L0_IDLE_10_20_S01,vPLC_container,VPLC_HOST,487,,,2026-05-09T15:45:26.898667149Z,,,,host_log,10,20,,,,,,0,0,,technical_check,vplc_status_cycle_duration_not_validated_as_Tper,0.057,100,работает
RUN_20260509_VPLC_L0_IDLE_10_20_S01_R05,VPLC_L0_IDLE_10_20,SER_20260509_VPLC_L0_IDLE_10_20_S01,vPLC_container,VPLC_HOST,488,,,2026-05-09T15:45:27.954476075Z,,,,host_log,10,20,,,,,,0,0,,technical_check,vplc_status_cycle_duration_not_validated_as_Tper,0.034,100,работает
RUN_20260509_VPLC_L0_IDLE_10_20_S01_R05,VPLC_L0_IDLE_10_20,SER_20260509_VPLC_L0_IDLE_10_20_S01,vPLC_container,VPLC_HOST,489,,,2026-05-09T15:45:29.008110680Z,,,,host_log,10,20,,,,,,0,0,,technical_check,vplc_status_cycle_duration_not_validated_as_Tper,0.057,100,работает
RUN_20260509_VPLC_L0_IDLE_10_20_S01_R05,VPLC_L0_IDLE_10_20,SER_20260509_VPLC_L0_IDLE_10_20_S01,vPLC_container,VPLC_HOST,490,,,2026-05-09T15:45:30.065564710Z,,,,host_log,10,20,,,,,,0,0,,technical_check,vplc_status_cycle_duration_not_validated_as_Tper,0.057,100,работает
RUN_20260509_VPLC_L0_IDLE_10_20_S01_R05,VPLC_L0_IDLE_10_20,SER_20260509_VPLC_L0_IDLE_10_20_S01,vPLC_container,VPLC_HOST,491,,,2026-05-09T15:45:31.120993574Z,,,,host_log,10,20,,,,,,0,0,,technical_check,vplc_status_cycle_duration_not_validated_as_Tper,0.053,100,работает
RUN_20260509_VPLC_L0_IDLE_10_20_S01_R05,VPLC_L0_IDLE_10_20,SER_20260509_VPLC_L0_IDLE_10_20_S01,vPLC_container,VPLC_HOST,492,,,2026-05-09T15:45:32.176029114Z,,,,host_log,10,20,,,,,,0,0,,technical_check,vplc_status_cycle_duration_not_validated_as_Tper,0.056,100,работает
RUN_20260509_VPLC_L0_IDLE_10_20_S01_R05,VPLC_L0_IDLE_10_20,SER_20260509_VPLC_L0_IDLE_10_20_S01,vPLC_container,VPLC_HOST,493,,,2026-05-09T15:45:33.230376608Z,,,,host_log,10,20,,,,,,0,0,,technical_check,vplc_status_cycle_duration_not_validated_as_Tper,0.036,100,работает
RUN_20260509_VPLC_L0_IDLE_10_20_S01_R05,VPLC_L0_IDLE_10_20,SER_20260509_VPLC_L0_IDLE_10_20_S01,vPLC_container,VPLC_HOST,494,,,2026-05-09T15:45:34.283698396Z,,,,host_log,10,20,,,,,,0,0,,technical_check,vplc_status_cycle_duration_not_validated_as_Tper,0.057,100,работает
RUN_20260509_VPLC_L0_IDLE_10_20_S01_R05,VPLC_L0_IDLE_10_20,SER_20260509_VPLC_L0_IDLE_10_20_S01,vPLC_container,VPLC_HOST,495,,,2026-05-09T15:45:35.340887563Z,,,,host_log,10,20,,,,,,0,0,,technical_check,vplc_status_cycle_duration_not_validated_as_Tper,4.456,100,работает
RUN_20260509_VPLC_L0_IDLE_10_20_S01_R05,VPLC_L0_IDLE_10_20,SER_20260509_VPLC_L0_IDLE_10_20_S01,vPLC_container,VPLC_HOST,496,,,2026-05-09T15:45:36.396097341Z,,,,host_log,10,20,,,,,,0,0,,technical_check,vplc_status_cycle_duration_not_validated_as_Tper,4.957,100,работает
RUN_20260509_VPLC_L0_IDLE_10_20_S01_R05,VPLC_L0_IDLE_10_20,SER_20260509_VPLC_L0_IDLE_10_20_S01,vPLC_container,VPLC_HOST,497,,,2026-05-09T15:45:37.448055940Z,,,,host_log,10,20,,,,,,0,0,,technical_check,vplc_status_cycle_duration_not_validated_as_Tper,0.025,100,работает
RUN_20260509_VPLC_L0_IDLE_10_20_S01_R05,VPLC_L0_IDLE_10_20,SER_20260509_VPLC_L0_IDLE_10_20_S01,vPLC_container,VPLC_HOST,498,,,2026-05-09T15:45:38.506878033Z,,,,host_log,10,20,,,,,,0,0,,technical_check,vplc_status_cycle_duration_not_validated_as_Tper,0.053,100,работает
RUN_20260509_VPLC_L0_IDLE_10_20_S01_R05,VPLC_L0_IDLE_10_20,SER_20260509_VPLC_L0_IDLE_10_20_S01,vPLC_container,VPLC_HOST,499,,,2026-05-09T15:45:39.561159098Z,,,,host_log,10,20,,,,,,0,0,,technical_check,vplc_status_cycle_duration_not_validated_as_Tper,0.057,100,работает
RUN_20260509_VPLC_L0_IDLE_10_20_S01_R05,VPLC_L0_IDLE_10_20,SER_20260509_VPLC_L0_IDLE_10_20_S01,vPLC_container,VPLC_HOST,500,,,2026-05-09T15:45:40.613790450Z,,,,host_log,10,20,,,,,,0,0,,technical_check,vplc_status_cycle_duration_not_validated_as_Tper,0.057,100,работает
RUN_20260509_VPLC_L0_IDLE_10_20_S01_R05,VPLC_L0_IDLE_10_20,SER_20260509_VPLC_L0_IDLE_10_20_S01,vPLC_container,VPLC_HOST,501,,,2026-05-09T15:45:41.672432785Z,,,,host_log,10,20,,,,,,0,0,,technical_check,vplc_status_cycle_duration_not_validated_as_Tper,0.054,100,работает
RUN_20260509_VPLC_L0_IDLE_10_20_S01_R05,VPLC_L0_IDLE_10_20,SER_20260509_VPLC_L0_IDLE_10_20_S01,vPLC_container,VPLC_HOST,502,,,2026-05-09T15:45:42.728841686Z,,,,host_log,10,20,,,,,,0,0,,technical_check,vplc_status_cycle_duration_not_validated_as_Tper,0.035,100,работает
RUN_20260509_VPLC_L0_IDLE_10_20_S01_R05,VPLC_L0_IDLE_10_20,SER_20260509_VPLC_L0_IDLE_10_20_S01,vPLC_container,VPLC_HOST,503,,,2026-05-09T15:45:43.783585701Z,,,,host_log,10,20,,,,,,0,0,,technical_check,vplc_status_cycle_duration_not_validated_as_Tper,0.057,100,работает
RUN_20260509_VPLC_L0_IDLE_10_20_S01_R05,VPLC_L0_IDLE_10_20,SER_20260509_VPLC_L0_IDLE_10_20_S01,vPLC_container,VPLC_HOST,504,,,2026-05-09T15:45:44.839626055Z,,,,host_log,10,20,,,,,,0,0,,technical_check,vplc_status_cycle_duration_not_validated_as_Tper,0.036,100,работает
RUN_20260509_VPLC_L0_IDLE_10_20_S01_R05,VPLC_L0_IDLE_10_20,SER_20260509_VPLC_L0_IDLE_10_20_S01,vPLC_container,VPLC_HOST,505,,,2026-05-09T15:45:45.894077190Z,,,,host_log,10,20,,,,,,0,0,,technical_check,vplc_status_cycle_duration_not_validated_as_Tper,0.057,100,работает
RUN_20260509_VPLC_L0_IDLE_10_20_S01_R05,VPLC_L0_IDLE_10_20,SER_20260509_VPLC_L0_IDLE_10_20_S01,vPLC_container,VPLC_HOST,506,,,2026-05-09T15:45:46.950263794Z,,,,host_log,10,20,,,,,,0,0,,technical_check,vplc_status_cycle_duration_not_validated_as_Tper,0.021,100,работает
RUN_20260509_VPLC_L0_IDLE_10_20_S01_R05,VPLC_L0_IDLE_10_20,SER_20260509_VPLC_L0_IDLE_10_20_S01,vPLC_container,VPLC_HOST,507,,,2026-05-09T15:45:48.004753339Z,,,,host_log,10,20,,,,,,0,0,,technical_check,vplc_status_cycle_duration_not_validated_as_Tper,0.058,100,работает
RUN_20260509_VPLC_L0_IDLE_10_20_S01_R05,VPLC_L0_IDLE_10_20,SER_20260509_VPLC_L0_IDLE_10_20_S01,vPLC_container,VPLC_HOST,508,,,2026-05-09T15:45:49.060103023Z,,,,host_log,10,20,,,,,,0,0,,technical_check,vplc_status_cycle_duration_not_validated_as_Tper,0.049,100,работает
RUN_20260509_VPLC_L0_IDLE_10_20_S01_R05,VPLC_L0_IDLE_10_20,SER_20260509_VPLC_L0_IDLE_10_20_S01,vPLC_container,VPLC_HOST,509,,,2026-05-09T15:45:50.113893340Z,,,,host_log,10,20,,,,,,0,0,,technical_check,vplc_status_cycle_duration_not_validated_as_Tper,0.057,100,работает
RUN_20260509_VPLC_L0_IDLE_10_20_S01_R05,VPLC_L0_IDLE_10_20,SER_20260509_VPLC_L0_IDLE_10_20_S01,vPLC_container,VPLC_HOST,510,,,2026-05-09T15:45:51.169858660Z,,,,host_log,10,20,,,,,,0,0,,technical_check,vplc_status_cycle_duration_not_validated_as_Tper,0.057,100,работает
RUN_20260509_VPLC_L0_IDLE_10_20_S01_R05,VPLC_L0_IDLE_10_20,SER_20260509_VPLC_L0_IDLE_10_20_S01,vPLC_container,VPLC_HOST,511,,,2026-05-09T15:45:52.226782316Z,,,,host_log,10,20,,,,,,0,0,,technical_check,vplc_status_cycle_duration_not_validated_as_Tper,0.036,100,работает
RUN_20260509_VPLC_L0_IDLE_10_20_S01_R05,VPLC_L0_IDLE_10_20,SER_20260509_VPLC_L0_IDLE_10_20_S01,vPLC_container,VPLC_HOST,512,,,2026-05-09T15:45:53.280881608Z,,,,host_log,10,20,,,,,,0,0,,technical_check,vplc_status_cycle_duration_not_validated_as_Tper,0.058,100,работает
RUN_20260509_VPLC_L0_IDLE_10_20_S01_R05,VPLC_L0_IDLE_10_20,SER_20260509_VPLC_L0_IDLE_10_20_S01,vPLC_container,VPLC_HOST,513,,,2026-05-09T15:45:54.337427885Z,,,,host_log,10,20,,,,,,0,0,,technical_check,vplc_status_cycle_duration_not_validated_as_Tper,4.624,100,работает
RUN_20260509_VPLC_L0_IDLE_10_20_S01_R05,VPLC_L0_IDLE_10_20,SER_20260509_VPLC_L0_IDLE_10_20_S01,vPLC_container,VPLC_HOST,514,,,2026-05-09T15:45:55.390926152Z,,,,host_log,10,20,,,,,,0,0,,technical_check,vplc_status_cycle_duration_not_validated_as_Tper,4.776,100,работает
RUN_20260509_VPLC_L0_IDLE_10_20_S01_R05,VPLC_L0_IDLE_10_20,SER_20260509_VPLC_L0_IDLE_10_20_S01,vPLC_container,VPLC_HOST,515,,,2026-05-09T15:45:56.446258927Z,,,,host_log,10,20,,,,,,0,0,,technical_check,vplc_status_cycle_duration_not_validated_as_Tper,0.028,100,работает
RUN_20260509_VPLC_L0_IDLE_10_20_S01_R05,VPLC_L0_IDLE_10_20,SER_20260509_VPLC_L0_IDLE_10_20_S01,vPLC_container,VPLC_HOST,516,,,2026-05-09T15:45:57.501574479Z,,,,host_log,10,20,,,,,,0,0,,technical_check,vplc_status_cycle_duration_not_validated_as_Tper,0.056,100,работает
RUN_20260509_VPLC_L0_IDLE_10_20_S01_R05,VPLC_L0_IDLE_10_20,SER_20260509_VPLC_L0_IDLE_10_20_S01,vPLC_container,VPLC_HOST,517,,,2026-05-09T15:45:58.556133284Z,,,,host_log,10,20,,,,,,0,0,,technical_check,vplc_status_cycle_duration_not_validated_as_Tper,0.032,100,работает
RUN_20260509_VPLC_L0_IDLE_10_20_S01_R05,VPLC_L0_IDLE_10_20,SER_20260509_VPLC_L0_IDLE_10_20_S01,vPLC_container,VPLC_HOST,518,,,2026-05-09T15:45:59.611356945Z,,,,host_log,10,20,,,,,,0,0,,technical_check,vplc_status_cycle_duration_not_validated_as_Tper,0.055,100,работает
RUN_20260509_VPLC_L0_IDLE_10_20_S01_R05,VPLC_L0_IDLE_10_20,SER_20260509_VPLC_L0_IDLE_10_20_S01,vPLC_container,VPLC_HOST,519,,,2026-05-09T15:46:00.666872527Z,,,,host_log,10,20,,,,,,0,0,,technical_check,vplc_status_cycle_duration_not_validated_as_Tper,0.055,100,работает
RUN_20260509_VPLC_L0_IDLE_10_20_S01_R05,VPLC_L0_IDLE_10_20,SER_20260509_VPLC_L0_IDLE_10_20_S01,vPLC_container,VPLC_HOST,520,,,2026-05-09T15:46:01.724908946Z,,,,host_log,10,20,,,,,,0,0,,technical_check,vplc_status_cycle_duration_not_validated_as_Tper,0.051,100,работает
RUN_20260509_VPLC_L0_IDLE_10_20_S01_R05,VPLC_L0_IDLE_10_20,SER_20260509_VPLC_L0_IDLE_10_20_S01,vPLC_container,VPLC_HOST,521,,,2026-05-09T15:46:02.776653831Z,,,,host_log,10,20,,,,,,0,0,,technical_check,vplc_status_cycle_duration_not_validated_as_Tper,0.056,100,работает
RUN_20260509_VPLC_L0_IDLE_10_20_S01_R05,VPLC_L0_IDLE_10_20,SER_20260509_VPLC_L0_IDLE_10_20_S01,vPLC_container,VPLC_HOST,522,,,2026-05-09T15:46:03.836064271Z,,,,host_log,10,20,,,,,,0,0,,technical_check,vplc_status_cycle_duration_not_validated_as_Tper,0.035,100,работает
RUN_20260509_VPLC_L0_IDLE_10_20_S01_R05,VPLC_L0_IDLE_10_20,SER_20260509_VPLC_L0_IDLE_10_20_S01,vPLC_container,VPLC_HOST,523,,,2026-05-09T15:46:04.890339153Z,,,,host_log,10,20,,,,,,0,0,,technical_check,vplc_status_cycle_duration_not_validated_as_Tper,0.056,100,работает
RUN_20260509_VPLC_L0_IDLE_10_20_S01_R05,VPLC_L0_IDLE_10_20,SER_20260509_VPLC_L0_IDLE_10_20_S01,vPLC_container,VPLC_HOST,524,,,2026-05-09T15:46:05.946149403Z,,,,host_log,10,20,,,,,,0,0,,technical_check,vplc_status_cycle_duration_not_validated_as_Tper,0.030,100,работает
RUN_20260509_VPLC_L0_IDLE_10_20_S01_R05,VPLC_L0_IDLE_10_20,SER_20260509_VPLC_L0_IDLE_10_20_S01,vPLC_container,VPLC_HOST,525,,,2026-05-09T15:46:07.000469642Z,,,,host_log,10,20,,,,,,0,0,,technical_check,vplc_status_cycle_duration_not_validated_as_Tper,0.055,100,работает
RUN_20260509_VPLC_L0_IDLE_10_20_S01_R05,VPLC_L0_IDLE_10_20,SER_20260509_VPLC_L0_IDLE_10_20_S01,vPLC_container,VPLC_HOST,526,,,2026-05-09T15:46:08.052918205Z,,,,host_log,10,20,,,,,,0,0,,technical_check,vplc_status_cycle_duration_not_validated_as_Tper,0.026,100,работает
RUN_20260509_VPLC_L0_IDLE_10_20_S01_R05,VPLC_L0_IDLE_10_20,SER_20260509_VPLC_L0_IDLE_10_20_S01,vPLC_container,VPLC_HOST,527,,,2026-05-09T15:46:09.112160473Z,,,,host_log,10,20,,,,,,0,0,,technical_check,vplc_status_cycle_duration_not_validated_as_Tper,0.056,100,работает
RUN_20260509_VPLC_L0_IDLE_10_20_S01_R05,VPLC_L0_IDLE_10_20,SER_20260509_VPLC_L0_IDLE_10_20_S01,vPLC_container,VPLC_HOST,528,,,2026-05-09T15:46:10.165601301Z,,,,host_log,10,20,,,,,,0,0,,technical_check,vplc_status_cycle_duration_not_validated_as_Tper,0.057,100,работает
RUN_20260509_VPLC_L0_IDLE_10_20_S01_R05,VPLC_L0_IDLE_10_20,SER_20260509_VPLC_L0_IDLE_10_20_S01,vPLC_container,VPLC_HOST,529,,,2026-05-09T15:46:11.223352321Z,,,,host_log,10,20,,,,,,0,0,,technical_check,vplc_status_cycle_duration_not_validated_as_Tper,0.039,100,работает
RUN_20260509_VPLC_L0_IDLE_10_20_S01_R05,VPLC_L0_IDLE_10_20,SER_20260509_VPLC_L0_IDLE_10_20_S01,vPLC_container,VPLC_HOST,530,,,2026-05-09T15:46:12.276232014Z,,,,host_log,10,20,,,,,,0,0,,technical_check,vplc_status_cycle_duration_not_validated_as_Tper,0.055,100,работает
RUN_20260509_VPLC_L0_IDLE_10_20_S01_R05,VPLC_L0_IDLE_10_20,SER_20260509_VPLC_L0_IDLE_10_20_S01,vPLC_container,VPLC_HOST,531,,,2026-05-09T15:46:13.332733837Z,,,,host_log,10,20,,,,,,0,0,,technical_check,vplc_status_cycle_duration_not_validated_as_Tper,4.214,100,работает
RUN_20260509_VPLC_L0_IDLE_10_20_S01_R05,VPLC_L0_IDLE_10_20,SER_20260509_VPLC_L0_IDLE_10_20_S01,vPLC_container,VPLC_HOST,532,,,2026-05-09T15:46:14.388697360Z,,,,host_log,10,20,,,,,,0,0,,technical_check,vplc_status_cycle_duration_not_validated_as_Tper,4.208,100,работает
RUN_20260509_VPLC_L0_IDLE_10_20_S01_R05,VPLC_L0_IDLE_10_20,SER_20260509_VPLC_L0_IDLE_10_20_S01,vPLC_container,VPLC_HOST,533,,,2026-05-09T15:46:15.443454976Z,,,,host_log,10,20,,,,,,0,0,,technical_check,vplc_status_cycle_duration_not_validated_as_Tper,0.036,100,работает
RUN_20260509_VPLC_L0_IDLE_10_20_S01_R05,VPLC_L0_IDLE_10_20,SER_20260509_VPLC_L0_IDLE_10_20_S01,vPLC_container,VPLC_HOST,534,,,2026-05-09T15:46:16.496537520Z,,,,host_log,10,20,,,,,,0,0,,technical_check,vplc_status_cycle_duration_not_validated_as_Tper,0.056,100,работает
RUN_20260509_VPLC_L0_IDLE_10_20_S01_R05,VPLC_L0_IDLE_10_20,SER_20260509_VPLC_L0_IDLE_10_20_S01,vPLC_container,VPLC_HOST,535,,,2026-05-09T15:46:17.551242325Z,,,,host_log,10,20,,,,,,0,0,,technical_check,vplc_status_cycle_duration_not_validated_as_Tper,0.021,100,работает
RUN_20260509_VPLC_L0_IDLE_10_20_S01_R05,VPLC_L0_IDLE_10_20,SER_20260509_VPLC_L0_IDLE_10_20_S01,vPLC_container,VPLC_HOST,536,,,2026-05-09T15:46:18.607672106Z,,,,host_log,10,20,,,,,,0,0,,technical_check,vplc_status_cycle_duration_not_validated_as_Tper,0.055,100,работает
RUN_20260509_VPLC_L0_IDLE_10_20_S01_R05,VPLC_L0_IDLE_10_20,SER_20260509_VPLC_L0_IDLE_10_20_S01,vPLC_container,VPLC_HOST,537,,,2026-05-09T15:46:19.662400885Z,,,,host_log,10,20,,,,,,0,0,,technical_check,vplc_status_cycle_duration_not_validated_as_Tper,0.055,100,работает
RUN_20260509_VPLC_L0_IDLE_10_20_S01_R05,VPLC_L0_IDLE_10_20,SER_20260509_VPLC_L0_IDLE_10_20_S01,vPLC_container,VPLC_HOST,538,,,2026-05-09T15:46:20.718903540Z,,,,host_log,10,20,,,,,,0,0,,technical_check,vplc_status_cycle_duration_not_validated_as_Tper,0.058,100,работает
RUN_20260509_VPLC_L0_IDLE_10_20_S01_R05,VPLC_L0_IDLE_10_20,SER_20260509_VPLC_L0_IDLE_10_20_S01,vPLC_container,VPLC_HOST,539,,,2026-05-09T15:46:21.776152479Z,,,,host_log,10,20,,,,,,0,0,,technical_check,vplc_status_cycle_duration_not_validated_as_Tper,0.057,100,работает
RUN_20260509_VPLC_L0_IDLE_10_20_S01_R05,VPLC_L0_IDLE_10_20,SER_20260509_VPLC_L0_IDLE_10_20_S01,vPLC_container,VPLC_HOST,540,,,2026-05-09T15:46:22.829680316Z,,,,host_log,10,20,,,,,,0,0,,technical_check,vplc_status_cycle_duration_not_validated_as_Tper,0.035,100,работает
RUN_20260509_VPLC_L0_IDLE_10_20_S01_R05,VPLC_L0_IDLE_10_20,SER_20260509_VPLC_L0_IDLE_10_20_S01,vPLC_container,VPLC_HOST,541,,,2026-05-09T15:46:23.886908862Z,,,,host_log,10,20,,,,,,0,0,,technical_check,vplc_status_cycle_duration_not_validated_as_Tper,0.057,100,работает
RUN_20260509_VPLC_L0_IDLE_10_20_S01_R05,VPLC_L0_IDLE_10_20,SER_20260509_VPLC_L0_IDLE_10_20_S01,vPLC_container,VPLC_HOST,542,,,2026-05-09T15:46:24.941564291Z,,,,host_log,10,20,,,,,,0,0,,technical_check,vplc_status_cycle_duration_not_validated_as_Tper,0.036,100,работает
RUN_20260509_VPLC_L0_IDLE_10_20_S01_R05,VPLC_L0_IDLE_10_20,SER_20260509_VPLC_L0_IDLE_10_20_S01,vPLC_container,VPLC_HOST,543,,,2026-05-09T15:46:25.997629593Z,,,,host_log,10,20,,,,,,0,0,,technical_check,vplc_status_cycle_duration_not_validated_as_Tper,0.056,100,работает
RUN_20260509_VPLC_L0_IDLE_10_20_S01_R05,VPLC_L0_IDLE_10_20,SER_20260509_VPLC_L0_IDLE_10_20_S01,vPLC_container,VPLC_HOST,544,,,2026-05-09T15:46:27.052400671Z,,,,host_log,10,20,,,,,,0,0,,technical_check,vplc_status_cycle_duration_not_validated_as_Tper,0.021,100,работает
RUN_20260509_VPLC_L0_IDLE_10_20_S01_R05,VPLC_L0_IDLE_10_20,SER_20260509_VPLC_L0_IDLE_10_20_S01,vPLC_container,VPLC_HOST,545,,,2026-05-09T15:46:28.107551283Z,,,,host_log,10,20,,,,,,0,0,,technical_check,vplc_status_cycle_duration_not_validated_as_Tper,0.057,100,работает
RUN_20260509_VPLC_L0_IDLE_10_20_S01_R05,VPLC_L0_IDLE_10_20,SER_20260509_VPLC_L0_IDLE_10_20_S01,vPLC_container,VPLC_HOST,546,,,2026-05-09T15:46:29.163701840Z,,,,host_log,10,20,,,,,,0,0,,technical_check,vplc_status_cycle_duration_not_validated_as_Tper,0.056,100,работает
RUN_20260509_VPLC_L0_IDLE_10_20_S01_R05,VPLC_L0_IDLE_10_20,SER_20260509_VPLC_L0_IDLE_10_20_S01,vPLC_container,VPLC_HOST,547,,,2026-05-09T15:46:30.219656975Z,,,,host_log,10,20,,,,,,0,0,,technical_check,vplc_status_cycle_duration_not_validated_as_Tper,0.056,100,работает
RUN_20260509_VPLC_L0_IDLE_10_20_S01_R05,VPLC_L0_IDLE_10_20,SER_20260509_VPLC_L0_IDLE_10_20_S01,vPLC_container,VPLC_HOST,548,,,2026-05-09T15:46:31.272094618Z,,,,host_log,10,20,,,,,,0,0,,technical_check,vplc_status_cycle_duration_not_validated_as_Tper,0.056,100,работает
RUN_20260509_VPLC_L0_IDLE_10_20_S01_R05,VPLC_L0_IDLE_10_20,SER_20260509_VPLC_L0_IDLE_10_20_S01,vPLC_container,VPLC_HOST,549,,,2026-05-09T15:46:32.329961571Z,,,,host_log,10,20,,,,,,0,0,,technical_check,vplc_status_cycle_duration_not_validated_as_Tper,4.560,100,работает
RUN_20260509_VPLC_L0_IDLE_10_20_S01_R05,VPLC_L0_IDLE_10_20,SER_20260509_VPLC_L0_IDLE_10_20_S01,vPLC_container,VPLC_HOST,550,,,2026-05-09T15:46:33.385653815Z,,,,host_log,10,20,,,,,,0,0,,technical_check,vplc_status_cycle_duration_not_validated_as_Tper,4.726,100,работает
RUN_20260509_VPLC_L0_IDLE_10_20_S01_R05,VPLC_L0_IDLE_10_20,SER_20260509_VPLC_L0_IDLE_10_20_S01,vPLC_container,VPLC_HOST,551,,,2026-05-09T15:46:34.437569558Z,,,,host_log,10,20,,,,,,0,0,,technical_check,vplc_status_cycle_duration_not_validated_as_Tper,0.036,100,работает
RUN_20260509_VPLC_L0_IDLE_10_20_S01_R05,VPLC_L0_IDLE_10_20,SER_20260509_VPLC_L0_IDLE_10_20_S01,vPLC_container,VPLC_HOST,552,,,2026-05-09T15:46:35.495008313Z,,,,host_log,10,20,,,,,,0,0,,technical_check,vplc_status_cycle_duration_not_validated_as_Tper,0.055,100,работает
RUN_20260509_VPLC_L0_IDLE_10_20_S01_R05,VPLC_L0_IDLE_10_20,SER_20260509_VPLC_L0_IDLE_10_20_S01,vPLC_container,VPLC_HOST,553,,,2026-05-09T15:46:36.548984876Z,,,,host_log,10,20,,,,,,0,0,,technical_check,vplc_status_cycle_duration_not_validated_as_Tper,0.021,100,работает
RUN_20260509_VPLC_L0_IDLE_10_20_S01_R05,VPLC_L0_IDLE_10_20,SER_20260509_VPLC_L0_IDLE_10_20_S01,vPLC_container,VPLC_HOST,554,,,2026-05-09T15:46:37.606550075Z,,,,host_log,10,20,,,,,,0,0,,technical_check,vplc_status_cycle_duration_not_validated_as_Tper,0.055,100,работает
RUN_20260509_VPLC_L0_IDLE_10_20_S01_R05,VPLC_L0_IDLE_10_20,SER_20260509_VPLC_L0_IDLE_10_20_S01,vPLC_container,VPLC_HOST,555,,,2026-05-09T15:46:38.662188040Z,,,,host_log,10,20,,,,,,0,0,,technical_check,vplc_status_cycle_duration_not_validated_as_Tper,0.056,100,работает
RUN_20260509_VPLC_L0_IDLE_10_20_S01_R05,VPLC_L0_IDLE_10_20,SER_20260509_VPLC_L0_IDLE_10_20_S01,vPLC_container,VPLC_HOST,556,,,2026-05-09T15:46:39.715438663Z,,,,host_log,10,20,,,,,,0,0,,technical_check,vplc_status_cycle_duration_not_validated_as_Tper,0.056,100,работает
RUN_20260509_VPLC_L0_IDLE_10_20_S01_R05,VPLC_L0_IDLE_10_20,SER_20260509_VPLC_L0_IDLE_10_20_S01,vPLC_container,VPLC_HOST,557,,,2026-05-09T15:46:40.772471263Z,,,,host_log,10,20,,,,,,0,0,,technical_check,vplc_status_cycle_duration_not_validated_as_Tper,0.060,100,работает
RUN_20260509_VPLC_L0_IDLE_10_20_S01_R05,VPLC_L0_IDLE_10_20,SER_20260509_VPLC_L0_IDLE_10_20_S01,vPLC_container,VPLC_HOST,558,,,2026-05-09T15:46:41.826470956Z,,,,host_log,10,20,,,,,,0,0,,technical_check,vplc_status_cycle_duration_not_validated_as_Tper,0.036,100,работает
RUN_20260509_VPLC_L0_IDLE_10_20_S01_R05,VPLC_L0_IDLE_10_20,SER_20260509_VPLC_L0_IDLE_10_20_S01,vPLC_container,VPLC_HOST,559,,,2026-05-09T15:46:42.881640664Z,,,,host_log,10,20,,,,,,0,0,,technical_check,vplc_status_cycle_duration_not_validated_as_Tper,0.057,100,работает
RUN_20260509_VPLC_L0_IDLE_10_20_S01_R05,VPLC_L0_IDLE_10_20,SER_20260509_VPLC_L0_IDLE_10_20_S01,vPLC_container,VPLC_HOST,560,,,2026-05-09T15:46:43.937464417Z,,,,host_log,10,20,,,,,,0,0,,technical_check,vplc_status_cycle_duration_not_validated_as_Tper,0.035,100,работает
RUN_20260509_VPLC_L0_IDLE_10_20_S01_R05,VPLC_L0_IDLE_10_20,SER_20260509_VPLC_L0_IDLE_10_20_S01,vPLC_container,VPLC_HOST,561,,,2026-05-09T15:46:44.993250159Z,,,,host_log,10,20,,,,,,0,0,,technical_check,vplc_status_cycle_duration_not_validated_as_Tper,0.056,100,работает
RUN_20260509_VPLC_L0_IDLE_10_20_S01_R05,VPLC_L0_IDLE_10_20,SER_20260509_VPLC_L0_IDLE_10_20_S01,vPLC_container,VPLC_HOST,562,,,2026-05-09T15:46:46.047129854Z,,,,host_log,10,20,,,,,,0,0,,technical_check,vplc_status_cycle_duration_not_validated_as_Tper,0.029,100,работает
RUN_20260509_VPLC_L0_IDLE_10_20_S01_R05,VPLC_L0_IDLE_10_20,SER_20260509_VPLC_L0_IDLE_10_20_S01,vPLC_container,VPLC_HOST,563,,,2026-05-09T15:46:47.102722570Z,,,,host_log,10,20,,,,,,0,0,,technical_check,vplc_status_cycle_duration_not_validated_as_Tper,0.057,100,работает
RUN_20260509_VPLC_L0_IDLE_10_20_S01_R05,VPLC_L0_IDLE_10_20,SER_20260509_VPLC_L0_IDLE_10_20_S01,vPLC_container,VPLC_HOST,564,,,2026-05-09T15:46:48.158358957Z,,,,host_log,10,20,,,,,,0,0,,technical_check,vplc_status_cycle_duration_not_validated_as_Tper,0.040,100,работает
RUN_20260509_VPLC_L0_IDLE_10_20_S01_R05,VPLC_L0_IDLE_10_20,SER_20260509_VPLC_L0_IDLE_10_20_S01,vPLC_container,VPLC_HOST,565,,,2026-05-09T15:46:49.215441529Z,,,,host_log,10,20,,,,,,0,0,,technical_check,vplc_status_cycle_duration_not_validated_as_Tper,0.056,100,работает
RUN_20260509_VPLC_L0_IDLE_10_20_S01_R05,VPLC_L0_IDLE_10_20,SER_20260509_VPLC_L0_IDLE_10_20_S01,vPLC_container,VPLC_HOST,566,,,2026-05-09T15:46:50.269952923Z,,,,host_log,10,20,,,,,,0,0,,technical_check,vplc_status_cycle_duration_not_validated_as_Tper,0.053,100,работает
RUN_20260509_VPLC_L0_IDLE_10_20_S01_R05,VPLC_L0_IDLE_10_20,SER_20260509_VPLC_L0_IDLE_10_20_S01,vPLC_container,VPLC_HOST,567,,,2026-05-09T15:46:51.323727823Z,,,,host_log,10,20,,,,,,0,0,,technical_check,vplc_status_cycle_duration_not_validated_as_Tper,0.057,100,работает
RUN_20260509_VPLC_L0_IDLE_10_20_S01_R05,VPLC_L0_IDLE_10_20,SER_20260509_VPLC_L0_IDLE_10_20_S01,vPLC_container,VPLC_HOST,568,,,2026-05-09T15:46:52.380248318Z,,,,host_log,10,20,,,,,,0,0,,technical_check,vplc_status_cycle_duration_not_validated_as_Tper,4.736,100,работает
RUN_20260509_VPLC_L0_IDLE_10_20_S01_R05,VPLC_L0_IDLE_10_20,SER_20260509_VPLC_L0_IDLE_10_20_S01,vPLC_container,VPLC_HOST,569,,,2026-05-09T15:46:53.433202809Z,,,,host_log,10,20,,,,,,0,0,,technical_check,vplc_status_cycle_duration_not_validated_as_Tper,0.035,100,работает
RUN_20260509_VPLC_L0_IDLE_10_20_S01_R05,VPLC_L0_IDLE_10_20,SER_20260509_VPLC_L0_IDLE_10_20_S01,vPLC_container,VPLC_HOST,570,,,2026-05-09T15:46:54.491494166Z,,,,host_log,10,20,,,,,,0,0,,technical_check,vplc_status_cycle_duration_not_validated_as_Tper,0.056,100,работает
RUN_20260509_VPLC_L0_IDLE_10_20_S01_R05,VPLC_L0_IDLE_10_20,SER_20260509_VPLC_L0_IDLE_10_20_S01,vPLC_container,VPLC_HOST,571,,,2026-05-09T15:46:55.543875153Z,,,,host_log,10,20,,,,,,0,0,,technical_check,vplc_status_cycle_duration_not_validated_as_Tper,0.035,100,работает
RUN_20260509_VPLC_L0_IDLE_10_20_S01_R05,VPLC_L0_IDLE_10_20,SER_20260509_VPLC_L0_IDLE_10_20_S01,vPLC_container,VPLC_HOST,572,,,2026-05-09T15:46:56.600977296Z,,,,host_log,10,20,,,,,,0,0,,technical_check,vplc_status_cycle_duration_not_validated_as_Tper,0.056,100,работает
RUN_20260509_VPLC_L0_IDLE_10_20_S01_R05,VPLC_L0_IDLE_10_20,SER_20260509_VPLC_L0_IDLE_10_20_S01,vPLC_container,VPLC_HOST,573,,,2026-05-09T15:46:57.658508317Z,,,,host_log,10,20,,,,,,0,0,,technical_check,vplc_status_cycle_duration_not_validated_as_Tper,0.041,100,работает
RUN_20260509_VPLC_L0_IDLE_10_20_S01_R05,VPLC_L0_IDLE_10_20,SER_20260509_VPLC_L0_IDLE_10_20_S01,vPLC_container,VPLC_HOST,574,,,2026-05-09T15:46:58.712870905Z,,,,host_log,10,20,,,,,,0,0,,technical_check,vplc_status_cycle_duration_not_validated_as_Tper,0.057,100,работает
RUN_20260509_VPLC_L0_IDLE_10_20_S01_R05,VPLC_L0_IDLE_10_20,SER_20260509_VPLC_L0_IDLE_10_20_S01,vPLC_container,VPLC_HOST,575,,,2026-05-09T15:46:59.767136893Z,,,,host_log,10,20,,,,,,0,0,,technical_check,vplc_status_cycle_duration_not_validated_as_Tper,0.056,100,работает
RUN_20260509_VPLC_L0_IDLE_10_20_S01_R05,VPLC_L0_IDLE_10_20,SER_20260509_VPLC_L0_IDLE_10_20_S01,vPLC_container,VPLC_HOST,576,,,2026-05-09T15:47:00.821485284Z,,,,host_log,10,20,,,,,,0,0,,technical_check,vplc_status_cycle_duration_not_validated_as_Tper,0.056,100,работает
RUN_20260509_VPLC_L0_IDLE_10_20_S01_R05,VPLC_L0_IDLE_10_20,SER_20260509_VPLC_L0_IDLE_10_20_S01,vPLC_container,VPLC_HOST,577,,,2026-05-09T15:47:01.879503816Z,,,,host_log,10,20,,,,,,0,0,,technical_check,vplc_status_cycle_duration_not_validated_as_Tper,0.058,100,работает
RUN_20260509_VPLC_L0_IDLE_10_20_S01_R05,VPLC_L0_IDLE_10_20,SER_20260509_VPLC_L0_IDLE_10_20_S01,vPLC_container,VPLC_HOST,578,,,2026-05-09T15:47:02.933320474Z,,,,host_log,10,20,,,,,,0,0,,technical_check,vplc_status_cycle_duration_not_validated_as_Tper,0.035,100,работает
RUN_20260509_VPLC_L0_IDLE_10_20_S01_R05,VPLC_L0_IDLE_10_20,SER_20260509_VPLC_L0_IDLE_10_20_S01,vPLC_container,VPLC_HOST,579,,,2026-05-09T15:47:03.988345521Z,,,,host_log,10,20,,,,,,0,0,,technical_check,vplc_status_cycle_duration_not_validated_as_Tper,0.056,100,работает
RUN_20260509_VPLC_L0_IDLE_10_20_S01_R05,VPLC_L0_IDLE_10_20,SER_20260509_VPLC_L0_IDLE_10_20_S01,vPLC_container,VPLC_HOST,580,,,2026-05-09T15:47:05.042631661Z,,,,host_log,10,20,,,,,,0,0,,technical_check,vplc_status_cycle_duration_not_validated_as_Tper,0.035,100,работает
RUN_20260509_VPLC_L0_IDLE_10_20_S01_R05,VPLC_L0_IDLE_10_20,SER_20260509_VPLC_L0_IDLE_10_20_S01,vPLC_container,VPLC_HOST,581,,,2026-05-09T15:47:06.098781001Z,,,,host_log,10,20,,,,,,0,0,,technical_check,vplc_status_cycle_duration_not_validated_as_Tper,0.057,100,работает
RUN_20260509_VPLC_L0_IDLE_10_20_S01_R05,VPLC_L0_IDLE_10_20,SER_20260509_VPLC_L0_IDLE_10_20_S01,vPLC_container,VPLC_HOST,582,,,2026-05-09T15:47:07.152064001Z,,,,host_log,10,20,,,,,,0,0,,technical_check,vplc_status_cycle_duration_not_validated_as_Tper,0.021,100,работает
RUN_20260509_VPLC_L0_IDLE_10_20_S01_R05,VPLC_L0_IDLE_10_20,SER_20260509_VPLC_L0_IDLE_10_20_S01,vPLC_container,VPLC_HOST,583,,,2026-05-09T15:47:08.210225180Z,,,,host_log,10,20,,,,,,0,0,,technical_check,vplc_status_cycle_duration_not_validated_as_Tper,0.057,100,работает
RUN_20260509_VPLC_L0_IDLE_10_20_S01_R05,VPLC_L0_IDLE_10_20,SER_20260509_VPLC_L0_IDLE_10_20_S01,vPLC_container,VPLC_HOST,584,,,2026-05-09T15:47:09.265737928Z,,,,host_log,10,20,,,,,,0,0,,technical_check,vplc_status_cycle_duration_not_validated_as_Tper,0.056,100,работает
RUN_20260509_VPLC_L0_IDLE_10_20_S01_R05,VPLC_L0_IDLE_10_20,SER_20260509_VPLC_L0_IDLE_10_20_S01,vPLC_container,VPLC_HOST,585,,,2026-05-09T15:47:10.318295534Z,,,,host_log,10,20,,,,,,0,0,,technical_check,vplc_status_cycle_duration_not_validated_as_Tper,0.054,100,работает
RUN_20260509_VPLC_L0_IDLE_10_20_S01_R05,VPLC_L0_IDLE_10_20,SER_20260509_VPLC_L0_IDLE_10_20_S01,vPLC_container,VPLC_HOST,586,,,2026-05-09T15:47:11.372271294Z,,,,host_log,10,20,,,,,,0,0,,technical_check,vplc_status_cycle_duration_not_validated_as_Tper,4.686,100,работает
RUN_20260509_VPLC_L0_IDLE_10_20_S01_R05,VPLC_L0_IDLE_10_20,SER_20260509_VPLC_L0_IDLE_10_20_S01,vPLC_container,VPLC_HOST,587,,,2026-05-09T15:47:12.431476140Z,,,,host_log,10,20,,,,,,0,0,,technical_check,vplc_status_cycle_duration_not_validated_as_Tper,0.036,100,работает
RUN_20260509_VPLC_L0_IDLE_10_20_S01_R05,VPLC_L0_IDLE_10_20,SER_20260509_VPLC_L0_IDLE_10_20_S01,vPLC_container,VPLC_HOST,588,,,2026-05-09T15:47:13.483528210Z,,,,host_log,10,20,,,,,,0,0,,technical_check,vplc_status_cycle_duration_not_validated_as_Tper,0.057,100,работает
RUN_20260509_VPLC_L0_IDLE_10_20_S01_R05,VPLC_L0_IDLE_10_20,SER_20260509_VPLC_L0_IDLE_10_20_S01,vPLC_container,VPLC_HOST,589,,,2026-05-09T15:47:14.538090327Z,,,,host_log,10,20,,,,,,0,0,,technical_check,vplc_status_cycle_duration_not_validated_as_Tper,0.036,100,работает
RUN_20260509_VPLC_L0_IDLE_10_20_S01_R05,VPLC_L0_IDLE_10_20,SER_20260509_VPLC_L0_IDLE_10_20_S01,vPLC_container,VPLC_HOST,590,,,2026-05-09T15:47:15.590260572Z,,,,host_log,10,20,,,,,,0,0,,technical_check,vplc_status_cycle_duration_not_validated_as_Tper,0.055,100,работает
RUN_20260509_VPLC_L0_IDLE_10_20_S01_R05,VPLC_L0_IDLE_10_20,SER_20260509_VPLC_L0_IDLE_10_20_S01,vPLC_container,VPLC_HOST,591,,,2026-05-09T15:47:16.650061658Z,,,,host_log,10,20,,,,,,0,0,,technical_check,vplc_status_cycle_duration_not_validated_as_Tper,0.021,100,работает
RUN_20260509_VPLC_L0_IDLE_10_20_S01_R05,VPLC_L0_IDLE_10_20,SER_20260509_VPLC_L0_IDLE_10_20_S01,vPLC_container,VPLC_HOST,592,,,2026-05-09T15:47:17.703779843Z,,,,host_log,10,20,,,,,,0,0,,technical_check,vplc_status_cycle_duration_not_validated_as_Tper,0.054,100,работает
RUN_20260509_VPLC_L0_IDLE_10_20_S01_R05,VPLC_L0_IDLE_10_20,SER_20260509_VPLC_L0_IDLE_10_20_S01,vPLC_container,VPLC_HOST,593,,,2026-05-09T15:47:18.762794327Z,,,,host_log,10,20,,,,,,0,0,,technical_check,vplc_status_cycle_duration_not_validated_as_Tper,0.055,100,работает
RUN_20260509_VPLC_L0_IDLE_10_20_S01_R05,VPLC_L0_IDLE_10_20,SER_20260509_VPLC_L0_IDLE_10_20_S01,vPLC_container,VPLC_HOST,594,,,2026-05-09T15:47:19.815303565Z,,,,host_log,10,20,,,,,,0,0,,technical_check,vplc_status_cycle_duration_not_validated_as_Tper,0.057,100,работает
RUN_20260509_VPLC_L0_IDLE_10_20_S01_R05,VPLC_L0_IDLE_10_20,SER_20260509_VPLC_L0_IDLE_10_20_S01,vPLC_container,VPLC_HOST,595,,,2026-05-09T15:47:20.873199297Z,,,,host_log,10,20,,,,,,0,0,,technical_check,vplc_status_cycle_duration_not_validated_as_Tper,0.057,100,работает
RUN_20260509_VPLC_L0_IDLE_10_20_S01_R05,VPLC_L0_IDLE_10_20,SER_20260509_VPLC_L0_IDLE_10_20_S01,vPLC_container,VPLC_HOST,596,,,2026-05-09T15:47:21.927836059Z,,,,host_log,10,20,,,,,,0,0,,technical_check,vplc_status_cycle_duration_not_validated_as_Tper,0.036,100,работает
RUN_20260509_VPLC_L0_IDLE_10_20_S01_R05,VPLC_L0_IDLE_10_20,SER_20260509_VPLC_L0_IDLE_10_20_S01,vPLC_container,VPLC_HOST,597,,,2026-05-09T15:47:22.980001078Z,,,,host_log,10,20,,,,,,0,0,,technical_check,vplc_status_cycle_duration_not_validated_as_Tper,0.055,100,работает
RUN_20260509_VPLC_L0_IDLE_10_20_S01_R05,VPLC_L0_IDLE_10_20,SER_20260509_VPLC_L0_IDLE_10_20_S01,vPLC_container,VPLC_HOST,598,,,2026-05-09T15:47:24.036218801Z,,,,host_log,10,20,,,,,,0,0,,technical_check,vplc_status_cycle_duration_not_validated_as_Tper,0.037,100,работает
RUN_20260509_VPLC_L0_IDLE_10_20_S01_R05,VPLC_L0_IDLE_10_20,SER_20260509_VPLC_L0_IDLE_10_20_S01,vPLC_container,VPLC_HOST,599,,,2026-05-09T15:47:25.089304737Z,,,,host_log,10,20,,,,,,0,0,,technical_check,vplc_status_cycle_duration_not_validated_as_Tper,0.057,100,работает
RUN_20260509_VPLC_L0_IDLE_10_20_S01_R05,VPLC_L0_IDLE_10_20,SER_20260509_VPLC_L0_IDLE_10_20_S01,vPLC_container,VPLC_HOST,600,,,2026-05-09T15:47:26.143805834Z,,,,host_log,10,20,,,,,,0,0,,technical_check,vplc_status_cycle_duration_not_validated_as_Tper,0.037,100,работает
RUN_20260509_VPLC_L0_IDLE_10_20_S01_R05,VPLC_L0_IDLE_10_20,SER_20260509_VPLC_L0_IDLE_10_20_S01,vPLC_container,VPLC_HOST,601,,,2026-05-09T15:47:27.196270339Z,,,,host_log,10,20,,,,,,0,0,,technical_check,vplc_status_cycle_duration_not_validated_as_Tper,0.057,100,работает
RUN_20260509_VPLC_L0_IDLE_10_20_S01_R05,VPLC_L0_IDLE_10_20,SER_20260509_VPLC_L0_IDLE_10_20_S01,vPLC_container,VPLC_HOST,602,,,2026-05-09T15:47:28.252116092Z,,,,host_log,10,20,,,,,,0,0,,technical_check,vplc_status_cycle_duration_not_validated_as_Tper,0.021,100,работает
RUN_20260509_VPLC_L0_IDLE_10_20_S01_R05,VPLC_L0_IDLE_10_20,SER_20260509_VPLC_L0_IDLE_10_20_S01,vPLC_container,VPLC_HOST,603,,,2026-05-09T15:47:29.310246058Z,,,,host_log,10,20,,,,,,0,0,,technical_check,vplc_status_cycle_duration_not_validated_as_Tper,0.056,100,работает
RUN_20260509_VPLC_L0_IDLE_10_20_S01_R05,VPLC_L0_IDLE_10_20,SER_20260509_VPLC_L0_IDLE_10_20_S01,vPLC_container,VPLC_HOST,604,,,2026-05-09T15:47:30.365281292Z,,,,host_log,10,20,,,,,,0,0,,technical_check,vplc_status_cycle_duration_not_validated_as_Tper,4.512,100,работает
RUN_20260509_VPLC_L0_IDLE_10_20_S01_R05,VPLC_L0_IDLE_10_20,SER_20260509_VPLC_L0_IDLE_10_20_S01,vPLC_container,VPLC_HOST,605,,,2026-05-09T15:47:31.415735334Z,,,,host_log,10,20,,,,,,0,0,,technical_check,vplc_status_cycle_duration_not_validated_as_Tper,4.499,100,работает
RUN_20260509_VPLC_L0_IDLE_10_20_S01_R05,VPLC_L0_IDLE_10_20,SER_20260509_VPLC_L0_IDLE_10_20_S01,vPLC_container,VPLC_HOST,606,,,2026-05-09T15:47:32.476752075Z,,,,host_log,10,20,,,,,,0,0,,technical_check,vplc_status_cycle_duration_not_validated_as_Tper,0.055,100,работает
RUN_20260509_VPLC_L0_IDLE_10_20_S01_R05,VPLC_L0_IDLE_10_20,SER_20260509_VPLC_L0_IDLE_10_20_S01,vPLC_container,VPLC_HOST,607,,,2026-05-09T15:47:33.526636142Z,,,,host_log,10,20,,,,,,0,0,,technical_check,vplc_status_cycle_duration_not_validated_as_Tper,0.037,100,работает
RUN_20260509_VPLC_L0_IDLE_10_20_S01_R05,VPLC_L0_IDLE_10_20,SER_20260509_VPLC_L0_IDLE_10_20_S01,vPLC_container,VPLC_HOST,608,,,2026-05-09T15:47:34.579577817Z,,,,host_log,10,20,,,,,,0,0,,technical_check,vplc_status_cycle_duration_not_validated_as_Tper,0.058,100,работает
RUN_20260509_VPLC_L0_IDLE_10_20_S01_R05,VPLC_L0_IDLE_10_20,SER_20260509_VPLC_L0_IDLE_10_20_S01,vPLC_container,VPLC_HOST,609,,,2026-05-09T15:47:35.637743252Z,,,,host_log,10,20,,,,,,0,0,,technical_check,vplc_status_cycle_duration_not_validated_as_Tper,0.036,100,работает
RUN_20260509_VPLC_L0_IDLE_10_20_S01_R05,VPLC_L0_IDLE_10_20,SER_20260509_VPLC_L0_IDLE_10_20_S01,vPLC_container,VPLC_HOST,610,,,2026-05-09T15:47:36.691701821Z,,,,host_log,10,20,,,,,,0,0,,technical_check,vplc_status_cycle_duration_not_validated_as_Tper,0.057,100,работает
RUN_20260509_VPLC_L0_IDLE_10_20_S01_R05,VPLC_L0_IDLE_10_20,SER_20260509_VPLC_L0_IDLE_10_20_S01,vPLC_container,VPLC_HOST,611,,,2026-05-09T15:47:37.748173845Z,,,,host_log,10,20,,,,,,0,0,,technical_check,vplc_status_cycle_duration_not_validated_as_Tper,0.026,100,работает
RUN_20260509_VPLC_L0_IDLE_10_20_S01_R05,VPLC_L0_IDLE_10_20,SER_20260509_VPLC_L0_IDLE_10_20_S01,vPLC_container,VPLC_HOST,612,,,2026-05-09T15:47:38.799998985Z,,,,host_log,10,20,,,,,,0,0,,technical_check,vplc_status_cycle_duration_not_validated_as_Tper,0.054,100,работает
RUN_20260509_VPLC_L0_IDLE_10_20_S01_R05,VPLC_L0_IDLE_10_20,SER_20260509_VPLC_L0_IDLE_10_20_S01,vPLC_container,VPLC_HOST,613,,,2026-05-09T15:47:39.859264949Z,,,,host_log,10,20,,,,,,0,0,,technical_check,vplc_status_cycle_duration_not_validated_as_Tper,0.048,100,работает
RUN_20260509_VPLC_L0_IDLE_10_20_S01_R05,VPLC_L0_IDLE_10_20,SER_20260509_VPLC_L0_IDLE_10_20_S01,vPLC_container,VPLC_HOST,614,,,2026-05-09T15:47:40.914866099Z,,,,host_log,10,20,,,,,,0,0,,technical_check,vplc_status_cycle_duration_not_validated_as_Tper,0.057,100,работает
RUN_20260509_VPLC_L0_IDLE_10_20_S01_R05,VPLC_L0_IDLE_10_20,SER_20260509_VPLC_L0_IDLE_10_20_S01,vPLC_container,VPLC_HOST,615,,,2026-05-09T15:47:41.970195476Z,,,,host_log,10,20,,,,,,0,0,,technical_check,vplc_status_cycle_duration_not_validated_as_Tper,0.054,100,работает
RUN_20260509_VPLC_L0_IDLE_10_20_S01_R05,VPLC_L0_IDLE_10_20,SER_20260509_VPLC_L0_IDLE_10_20_S01,vPLC_container,VPLC_HOST,616,,,2026-05-09T15:47:43.025296309Z,,,,host_log,10,20,,,,,,0,0,,technical_check,vplc_status_cycle_duration_not_validated_as_Tper,0.055,100,работает
RUN_20260509_VPLC_L0_IDLE_10_20_S01_R05,VPLC_L0_IDLE_10_20,SER_20260509_VPLC_L0_IDLE_10_20_S01,vPLC_container,VPLC_HOST,617,,,2026-05-09T15:47:44.081549791Z,,,,host_log,10,20,,,,,,0,0,,technical_check,vplc_status_cycle_duration_not_validated_as_Tper,0.057,100,работает
RUN_20260509_VPLC_L0_IDLE_10_20_S01_R05,VPLC_L0_IDLE_10_20,SER_20260509_VPLC_L0_IDLE_10_20_S01,vPLC_container,VPLC_HOST,618,,,2026-05-09T15:47:45.135375733Z,,,,host_log,10,20,,,,,,0,0,,technical_check,vplc_status_cycle_duration_not_validated_as_Tper,0.036,100,работает
RUN_20260509_VPLC_L0_IDLE_10_20_S01_R05,VPLC_L0_IDLE_10_20,SER_20260509_VPLC_L0_IDLE_10_20_S01,vPLC_container,VPLC_HOST,619,,,2026-05-09T15:47:46.190483761Z,,,,host_log,10,20,,,,,,0,0,,technical_check,vplc_status_cycle_duration_not_validated_as_Tper,0.056,100,работает
RUN_20260509_VPLC_L0_IDLE_10_20_S01_R05,VPLC_L0_IDLE_10_20,SER_20260509_VPLC_L0_IDLE_10_20_S01,vPLC_container,VPLC_HOST,620,,,2026-05-09T15:47:47.242079836Z,,,,host_log,10,20,,,,,,0,0,,technical_check,vplc_status_cycle_duration_not_validated_as_Tper,0.035,100,работает
RUN_20260509_VPLC_L0_IDLE_10_20_S01_R05,VPLC_L0_IDLE_10_20,SER_20260509_VPLC_L0_IDLE_10_20_S01,vPLC_container,VPLC_HOST,621,,,2026-05-09T15:47:48.299200802Z,,,,host_log,10,20,,,,,,0,0,,technical_check,vplc_status_cycle_duration_not_validated_as_Tper,0.056,100,работает
RUN_20260509_VPLC_L0_IDLE_10_20_S01_R05,VPLC_L0_IDLE_10_20,SER_20260509_VPLC_L0_IDLE_10_20_S01,vPLC_container,VPLC_HOST,622,,,2026-05-09T15:47:49.357287422Z,,,,host_log,10,20,,,,,,0,0,,technical_check,vplc_status_cycle_duration_not_validated_as_Tper,3.925,100,работает
RUN_20260509_VPLC_L0_IDLE_10_20_S01_R05,VPLC_L0_IDLE_10_20,SER_20260509_VPLC_L0_IDLE_10_20_S01,vPLC_container,VPLC_HOST,623,,,2026-05-09T15:47:50.412066141Z,,,,host_log,10,20,,,,,,0,0,,technical_check,vplc_status_cycle_duration_not_validated_as_Tper,4.121,100,работает
RUN_20260509_VPLC_L0_IDLE_10_20_S01_R05,VPLC_L0_IDLE_10_20,SER_20260509_VPLC_L0_IDLE_10_20_S01,vPLC_container,VPLC_HOST,624,,,2026-05-09T15:47:51.468896172Z,,,,host_log,10,20,,,,,,0,0,,technical_check,vplc_status_cycle_duration_not_validated_as_Tper,0.056,100,работает
RUN_20260509_VPLC_L0_IDLE_10_20_S01_R05,VPLC_L0_IDLE_10_20,SER_20260509_VPLC_L0_IDLE_10_20_S01,vPLC_container,VPLC_HOST,625,,,2026-05-09T15:47:52.520703671Z,,,,host_log,10,20,,,,,,0,0,,technical_check,vplc_status_cycle_duration_not_validated_as_Tper,0.035,100,работает
RUN_20260509_VPLC_L0_IDLE_10_20_S01_R05,VPLC_L0_IDLE_10_20,SER_20260509_VPLC_L0_IDLE_10_20_S01,vPLC_container,VPLC_HOST,626,,,2026-05-09T15:47:53.578742333Z,,,,host_log,10,20,,,,,,0,0,,technical_check,vplc_status_cycle_duration_not_validated_as_Tper,0.057,100,работает
RUN_20260509_VPLC_L0_IDLE_10_20_S01_R05,VPLC_L0_IDLE_10_20,SER_20260509_VPLC_L0_IDLE_10_20_S01,vPLC_container,VPLC_HOST,627,,,2026-05-09T15:47:54.628690918Z,,,,host_log,10,20,,,,,,0,0,,technical_check,vplc_status_cycle_duration_not_validated_as_Tper,0.036,100,работает
RUN_20260509_VPLC_L0_IDLE_10_20_S01_R05,VPLC_L0_IDLE_10_20,SER_20260509_VPLC_L0_IDLE_10_20_S01,vPLC_container,VPLC_HOST,628,,,2026-05-09T15:47:55.689426511Z,,,,host_log,10,20,,,,,,0,0,,technical_check,vplc_status_cycle_duration_not_validated_as_Tper,0.055,100,работает
RUN_20260509_VPLC_L0_IDLE_10_20_S01_R05,VPLC_L0_IDLE_10_20,SER_20260509_VPLC_L0_IDLE_10_20_S01,vPLC_container,VPLC_HOST,629,,,2026-05-09T15:47:56.744646087Z,,,,host_log,10,20,,,,,,0,0,,technical_check,vplc_status_cycle_duration_not_validated_as_Tper,0.036,100,работает
RUN_20260509_VPLC_L0_IDLE_10_20_S01_R05,VPLC_L0_IDLE_10_20,SER_20260509_VPLC_L0_IDLE_10_20_S01,vPLC_container,VPLC_HOST,630,,,2026-05-09T15:47:57.800204394Z,,,,host_log,10,20,,,,,,0,0,,technical_check,vplc_status_cycle_duration_not_validated_as_Tper,0.057,100,работает
RUN_20260509_VPLC_L0_IDLE_10_20_S01_R05,VPLC_L0_IDLE_10_20,SER_20260509_VPLC_L0_IDLE_10_20_S01,vPLC_container,VPLC_HOST,631,,,2026-05-09T15:47:58.855158777Z,,,,host_log,10,20,,,,,,0,0,,technical_check,vplc_status_cycle_duration_not_validated_as_Tper,0.033,100,работает
RUN_20260509_VPLC_L0_IDLE_10_20_S01_R05,VPLC_L0_IDLE_10_20,SER_20260509_VPLC_L0_IDLE_10_20_S01,vPLC_container,VPLC_HOST,632,,,2026-05-09T15:47:59.911092500Z,,,,host_log,10,20,,,,,,0,0,,technical_check,vplc_status_cycle_duration_not_validated_as_Tper,0.055,100,работает
RUN_20260509_VPLC_L0_IDLE_10_20_S01_R05,VPLC_L0_IDLE_10_20,SER_20260509_VPLC_L0_IDLE_10_20_S01,vPLC_container,VPLC_HOST,633,,,2026-05-09T15:48:00.966165372Z,,,,host_log,10,20,,,,,,0,0,,technical_check,vplc_status_cycle_duration_not_validated_as_Tper,0.055,100,работает
RUN_20260509_VPLC_L0_IDLE_10_20_S01_R05,VPLC_L0_IDLE_10_20,SER_20260509_VPLC_L0_IDLE_10_20_S01,vPLC_container,VPLC_HOST,634,,,2026-05-09T15:48:02.020599442Z,,,,host_log,10,20,,,,,,0,0,,technical_check,vplc_status_cycle_duration_not_validated_as_Tper,0.054,100,работает
RUN_20260509_VPLC_L0_IDLE_10_20_S01_R05,VPLC_L0_IDLE_10_20,SER_20260509_VPLC_L0_IDLE_10_20_S01,vPLC_container,VPLC_HOST,635,,,2026-05-09T15:48:03.074232226Z,,,,host_log,10,20,,,,,,0,0,,technical_check,vplc_status_cycle_duration_not_validated_as_Tper,0.056,100,работает
RUN_20260509_VPLC_L0_IDLE_10_20_S01_R05,VPLC_L0_IDLE_10_20,SER_20260509_VPLC_L0_IDLE_10_20_S01,vPLC_container,VPLC_HOST,636,,,2026-05-09T15:48:04.130779312Z,,,,host_log,10,20,,,,,,0,0,,technical_check,vplc_status_cycle_duration_not_validated_as_Tper,0.036,100,работает
RUN_20260509_VPLC_L0_IDLE_10_20_S01_R05,VPLC_L0_IDLE_10_20,SER_20260509_VPLC_L0_IDLE_10_20_S01,vPLC_container,VPLC_HOST,637,,,2026-05-09T15:48:05.184175085Z,,,,host_log,10,20,,,,,,0,0,,technical_check,vplc_status_cycle_duration_not_validated_as_Tper,0.055,100,работает
RUN_20260509_VPLC_L0_IDLE_10_20_S01_R05,VPLC_L0_IDLE_10_20,SER_20260509_VPLC_L0_IDLE_10_20_S01,vPLC_container,VPLC_HOST,638,,,2026-05-09T15:48:06.242529983Z,,,,host_log,10,20,,,,,,0,0,,technical_check,vplc_status_cycle_duration_not_validated_as_Tper,0.036,100,работает
RUN_20260509_VPLC_L0_IDLE_10_20_S01_R05,VPLC_L0_IDLE_10_20,SER_20260509_VPLC_L0_IDLE_10_20_S01,vPLC_container,VPLC_HOST,639,,,2026-05-09T15:48:07.295196446Z,,,,host_log,10,20,,,,,,0,0,,technical_check,vplc_status_cycle_duration_not_validated_as_Tper,0.056,100,работает
RUN_20260509_VPLC_L0_IDLE_10_20_S01_R05,VPLC_L0_IDLE_10_20,SER_20260509_VPLC_L0_IDLE_10_20_S01,vPLC_container,VPLC_HOST,640,,,2026-05-09T15:48:08.352858847Z,,,,host_log,10,20,,,,,,0,0,,technical_check,vplc_status_cycle_duration_not_validated_as_Tper,3.440,100,работает
RUN_20260509_VPLC_L0_IDLE_10_20_S01_R05,VPLC_L0_IDLE_10_20,SER_20260509_VPLC_L0_IDLE_10_20_S01,vPLC_container,VPLC_HOST,641,,,2026-05-09T15:48:09.408066812Z,,,,host_log,10,20,,,,,,0,0,,technical_check,vplc_status_cycle_duration_not_validated_as_Tper,4.280,100,работает
RUN_20260509_VPLC_L0_IDLE_10_20_S01_R05,VPLC_L0_IDLE_10_20,SER_20260509_VPLC_L0_IDLE_10_20_S01,vPLC_container,VPLC_HOST,642,,,2026-05-09T15:48:10.462203153Z,,,,host_log,10,20,,,,,,0,0,,technical_check,vplc_status_cycle_duration_not_validated_as_Tper,0.056,100,работает
RUN_20260509_VPLC_L0_IDLE_10_20_S01_R05,VPLC_L0_IDLE_10_20,SER_20260509_VPLC_L0_IDLE_10_20_S01,vPLC_container,VPLC_HOST,643,,,2026-05-09T15:48:11.519003996Z,,,,host_log,10,20,,,,,,0,0,,technical_check,vplc_status_cycle_duration_not_validated_as_Tper,0.056,100,работает
RUN_20260509_VPLC_L0_IDLE_10_20_S01_R05,VPLC_L0_IDLE_10_20,SER_20260509_VPLC_L0_IDLE_10_20_S01,vPLC_container,VPLC_HOST,644,,,2026-05-09T15:48:12.574631856Z,,,,host_log,10,20,,,,,,0,0,,technical_check,vplc_status_cycle_duration_not_validated_as_Tper,0.056,100,работает
RUN_20260509_VPLC_L0_IDLE_10_20_S01_R05,VPLC_L0_IDLE_10_20,SER_20260509_VPLC_L0_IDLE_10_20_S01,vPLC_container,VPLC_HOST,645,,,2026-05-09T15:48:13.627444790Z,,,,host_log,10,20,,,,,,0,0,,technical_check,vplc_status_cycle_duration_not_validated_as_Tper,0.054,100,работает
RUN_20260509_VPLC_L0_IDLE_10_20_S01_R05,VPLC_L0_IDLE_10_20,SER_20260509_VPLC_L0_IDLE_10_20_S01,vPLC_container,VPLC_HOST,646,,,2026-05-09T15:48:14.685547197Z,,,,host_log,10,20,,,,,,0,0,,technical_check,vplc_status_cycle_duration_not_validated_as_Tper,0.056,100,работает
RUN_20260509_VPLC_L0_IDLE_10_20_S01_R05,VPLC_L0_IDLE_10_20,SER_20260509_VPLC_L0_IDLE_10_20_S01,vPLC_container,VPLC_HOST,647,,,2026-05-09T15:48:15.741154090Z,,,,host_log,10,20,,,,,,0,0,,technical_check,vplc_status_cycle_duration_not_validated_as_Tper,0.036,100,работает
RUN_20260509_VPLC_L0_IDLE_10_20_S01_R05,VPLC_L0_IDLE_10_20,SER_20260509_VPLC_L0_IDLE_10_20_S01,vPLC_container,VPLC_HOST,648,,,2026-05-09T15:48:16.794940988Z,,,,host_log,10,20,,,,,,0,0,,technical_check,vplc_status_cycle_duration_not_validated_as_Tper,0.055,100,работает
RUN_20260509_VPLC_L0_IDLE_10_20_S01_R05,VPLC_L0_IDLE_10_20,SER_20260509_VPLC_L0_IDLE_10_20_S01,vPLC_container,VPLC_HOST,649,,,2026-05-09T15:48:17.849143522Z,,,,host_log,10,20,,,,,,0,0,,technical_check,vplc_status_cycle_duration_not_validated_as_Tper,0.025,100,работает
RUN_20260509_VPLC_L0_IDLE_10_20_S01_R05,VPLC_L0_IDLE_10_20,SER_20260509_VPLC_L0_IDLE_10_20_S01,vPLC_container,VPLC_HOST,650,,,2026-05-09T15:48:18.906678946Z,,,,host_log,10,20,,,,,,0,0,,technical_check,vplc_status_cycle_duration_not_validated_as_Tper,0.056,100,работает
RUN_20260509_VPLC_L0_IDLE_10_20_S01_R05,VPLC_L0_IDLE_10_20,SER_20260509_VPLC_L0_IDLE_10_20_S01,vPLC_container,VPLC_HOST,651,,,2026-05-09T15:48:19.961494304Z,,,,host_log,10,20,,,,,,0,0,,technical_check,vplc_status_cycle_duration_not_validated_as_Tper,0.055,100,работает
RUN_20260509_VPLC_L0_IDLE_10_20_S01_R05,VPLC_L0_IDLE_10_20,SER_20260509_VPLC_L0_IDLE_10_20_S01,vPLC_container,VPLC_HOST,652,,,2026-05-09T15:48:21.016870057Z,,,,host_log,10,20,,,,,,0,0,,technical_check,vplc_status_cycle_duration_not_validated_as_Tper,0.053,100,работает
RUN_20260509_VPLC_L0_IDLE_10_20_S01_R05,VPLC_L0_IDLE_10_20,SER_20260509_VPLC_L0_IDLE_10_20_S01,vPLC_container,VPLC_HOST,653,,,2026-05-09T15:48:22.071843863Z,,,,host_log,10,20,,,,,,0,0,,technical_check,vplc_status_cycle_duration_not_validated_as_Tper,0.054,100,работает
RUN_20260509_VPLC_L0_IDLE_10_20_S01_R05,VPLC_L0_IDLE_10_20,SER_20260509_VPLC_L0_IDLE_10_20_S01,vPLC_container,VPLC_HOST,654,,,2026-05-09T15:48:23.127918650Z,,,,host_log,10,20,,,,,,0,0,,technical_check,vplc_status_cycle_duration_not_validated_as_Tper,0.035,100,работает
RUN_20260509_VPLC_L0_IDLE_10_20_S01_R05,VPLC_L0_IDLE_10_20,SER_20260509_VPLC_L0_IDLE_10_20_S01,vPLC_container,VPLC_HOST,655,,,2026-05-09T15:48:24.181084556Z,,,,host_log,10,20,,,,,,0,0,,technical_check,vplc_status_cycle_duration_not_validated_as_Tper,0.056,100,работает
RUN_20260509_VPLC_L0_IDLE_10_20_S01_R05,VPLC_L0_IDLE_10_20,SER_20260509_VPLC_L0_IDLE_10_20_S01,vPLC_container,VPLC_HOST,656,,,2026-05-09T15:48:25.237254853Z,,,,host_log,10,20,,,,,,0,0,,technical_check,vplc_status_cycle_duration_not_validated_as_Tper,0.035,100,работает
RUN_20260509_VPLC_L0_IDLE_10_20_S01_R05,VPLC_L0_IDLE_10_20,SER_20260509_VPLC_L0_IDLE_10_20_S01,vPLC_container,VPLC_HOST,657,,,2026-05-09T15:48:26.293761082Z,,,,host_log,10,20,,,,,,0,0,,technical_check,vplc_status_cycle_duration_not_validated_as_Tper,0.057,100,работает
RUN_20260509_VPLC_L0_IDLE_10_20_S01_R05,VPLC_L0_IDLE_10_20,SER_20260509_VPLC_L0_IDLE_10_20_S01,vPLC_container,VPLC_HOST,658,,,2026-05-09T15:48:27.348504423Z,,,,host_log,10,20,,,,,,0,0,,technical_check,vplc_status_cycle_duration_not_validated_as_Tper,3.690,100,работает
RUN_20260509_VPLC_L0_IDLE_10_20_S01_R05,VPLC_L0_IDLE_10_20,SER_20260509_VPLC_L0_IDLE_10_20_S01,vPLC_container,VPLC_HOST,659,,,2026-05-09T15:48:28.403837894Z,,,,host_log,10,20,,,,,,0,0,,technical_check,vplc_status_cycle_duration_not_validated_as_Tper,4.210,100,работает
RUN_20260509_VPLC_L0_IDLE_10_20_S01_R05,VPLC_L0_IDLE_10_20,SER_20260509_VPLC_L0_IDLE_10_20_S01,vPLC_container,VPLC_HOST,660,,,2026-05-09T15:48:29.457809955Z,,,,host_log,10,20,,,,,,0,0,,technical_check,vplc_status_cycle_duration_not_validated_as_Tper,0.037,100,работает
RUN_20260509_VPLC_L0_IDLE_10_20_S01_R05,VPLC_L0_IDLE_10_20,SER_20260509_VPLC_L0_IDLE_10_20_S01,vPLC_container,VPLC_HOST,661,,,2026-05-09T15:48:30.515484654Z,,,,host_log,10,20,,,,,,0,0,,technical_check,vplc_status_cycle_duration_not_validated_as_Tper,0.056,100,работает
RUN_20260509_VPLC_L0_IDLE_10_20_S01_R05,VPLC_L0_IDLE_10_20,SER_20260509_VPLC_L0_IDLE_10_20_S01,vPLC_container,VPLC_HOST,662,,,2026-05-09T15:48:31.570943345Z,,,,host_log,10,20,,,,,,0,0,,technical_check,vplc_status_cycle_duration_not_validated_as_Tper,0.055,100,работает
RUN_20260509_VPLC_L0_IDLE_10_20_S01_R05,VPLC_L0_IDLE_10_20,SER_20260509_VPLC_L0_IDLE_10_20_S01,vPLC_container,VPLC_HOST,663,,,2026-05-09T15:48:32.626388864Z,,,,host_log,10,20,,,,,,0,0,,technical_check,vplc_status_cycle_duration_not_validated_as_Tper,0.037,100,работает
RUN_20260509_VPLC_L0_IDLE_10_20_S01_R05,VPLC_L0_IDLE_10_20,SER_20260509_VPLC_L0_IDLE_10_20_S01,vPLC_container,VPLC_HOST,664,,,2026-05-09T15:48:33.680154390Z,,,,host_log,10,20,,,,,,0,0,,technical_check,vplc_status_cycle_duration_not_validated_as_Tper,0.057,100,работает
RUN_20260509_VPLC_L0_IDLE_10_20_S01_R05,VPLC_L0_IDLE_10_20,SER_20260509_VPLC_L0_IDLE_10_20_S01,vPLC_container,VPLC_HOST,665,,,2026-05-09T15:48:34.733153756Z,,,,host_log,10,20,,,,,,0,0,,technical_check,vplc_status_cycle_duration_not_validated_as_Tper,0.036,100,работает
RUN_20260509_VPLC_L0_IDLE_10_20_S01_R05,VPLC_L0_IDLE_10_20,SER_20260509_VPLC_L0_IDLE_10_20_S01,vPLC_container,VPLC_HOST,666,,,2026-05-09T15:48:35.791840681Z,,,,host_log,10,20,,,,,,0,0,,technical_check,vplc_status_cycle_duration_not_validated_as_Tper,0.056,100,работает
RUN_20260509_VPLC_L0_IDLE_10_20_S01_R05,VPLC_L0_IDLE_10_20,SER_20260509_VPLC_L0_IDLE_10_20_S01,vPLC_container,VPLC_HOST,667,,,2026-05-09T15:48:36.845846456Z,,,,host_log,10,20,,,,,,0,0,,technical_check,vplc_status_cycle_duration_not_validated_as_Tper,0.034,100,работает
RUN_20260509_VPLC_L0_IDLE_10_20_S01_R05,VPLC_L0_IDLE_10_20,SER_20260509_VPLC_L0_IDLE_10_20_S01,vPLC_container,VPLC_HOST,668,,,2026-05-09T15:48:37.901623440Z,,,,host_log,10,20,,,,,,0,0,,technical_check,vplc_status_cycle_duration_not_validated_as_Tper,0.057,100,работает
RUN_20260509_VPLC_L0_IDLE_10_20_S01_R05,VPLC_L0_IDLE_10_20,SER_20260509_VPLC_L0_IDLE_10_20_S01,vPLC_container,VPLC_HOST,669,,,2026-05-09T15:48:38.954041497Z,,,,host_log,10,20,,,,,,0,0,,technical_check,vplc_status_cycle_duration_not_validated_as_Tper,0.032,100,работает
RUN_20260509_VPLC_L0_IDLE_10_20_S01_R05,VPLC_L0_IDLE_10_20,SER_20260509_VPLC_L0_IDLE_10_20_S01,vPLC_container,VPLC_HOST,670,,,2026-05-09T15:48:40.012476500Z,,,,host_log,10,20,,,,,,0,0,,technical_check,vplc_status_cycle_duration_not_validated_as_Tper,0.057,100,работает
RUN_20260509_VPLC_L0_IDLE_10_20_S01_R05,VPLC_L0_IDLE_10_20,SER_20260509_VPLC_L0_IDLE_10_20_S01,vPLC_container,VPLC_HOST,671,,,2026-05-09T15:48:41.067847845Z,,,,host_log,10,20,,,,,,0,0,,technical_check,vplc_status_cycle_duration_not_validated_as_Tper,0.054,100,работает
RUN_20260509_VPLC_L0_IDLE_10_20_S01_R05,VPLC_L0_IDLE_10_20,SER_20260509_VPLC_L0_IDLE_10_20_S01,vPLC_container,VPLC_HOST,672,,,2026-05-09T15:48:42.123016437Z,,,,host_log,10,20,,,,,,0,0,,technical_check,vplc_status_cycle_duration_not_validated_as_Tper,0.038,100,работает
RUN_20260509_VPLC_L0_IDLE_10_20_S01_R05,VPLC_L0_IDLE_10_20,SER_20260509_VPLC_L0_IDLE_10_20_S01,vPLC_container,VPLC_HOST,673,,,2026-05-09T15:48:43.176754011Z,,,,host_log,10,20,,,,,,0,0,,technical_check,vplc_status_cycle_duration_not_validated_as_Tper,0.057,100,работает
RUN_20260509_VPLC_L0_IDLE_10_20_S01_R05,VPLC_L0_IDLE_10_20,SER_20260509_VPLC_L0_IDLE_10_20_S01,vPLC_container,VPLC_HOST,674,,,2026-05-09T15:48:44.234643990Z,,,,host_log,10,20,,,,,,0,0,,technical_check,vplc_status_cycle_duration_not_validated_as_Tper,0.035,100,работает
RUN_20260509_VPLC_L0_IDLE_10_20_S01_R05,VPLC_L0_IDLE_10_20,SER_20260509_VPLC_L0_IDLE_10_20_S01,vPLC_container,VPLC_HOST,675,,,2026-05-09T15:48:45.288775670Z,,,,host_log,10,20,,,,,,0,0,,technical_check,vplc_status_cycle_duration_not_validated_as_Tper,0.057,100,работает
RUN_20260509_VPLC_L0_IDLE_10_20_S01_R05,VPLC_L0_IDLE_10_20,SER_20260509_VPLC_L0_IDLE_10_20_S01,vPLC_container,VPLC_HOST,676,,,2026-05-09T15:48:46.343963441Z,,,,host_log,10,20,,,,,,0,0,,technical_check,vplc_status_cycle_duration_not_validated_as_Tper,4.664,100,работает
RUN_20260509_VPLC_L0_IDLE_10_20_S01_R05,VPLC_L0_IDLE_10_20,SER_20260509_VPLC_L0_IDLE_10_20_S01,vPLC_container,VPLC_HOST,677,,,2026-05-09T15:48:47.397623811Z,,,,host_log,10,20,,,,,,0,0,,technical_check,vplc_status_cycle_duration_not_validated_as_Tper,4.738,100,работает
RUN_20260509_VPLC_L0_IDLE_10_20_S01_R05,VPLC_L0_IDLE_10_20,SER_20260509_VPLC_L0_IDLE_10_20_S01,vPLC_container,VPLC_HOST,678,,,2026-05-09T15:48:48.454185325Z,,,,host_log,10,20,,,,,,0,0,,technical_check,vplc_status_cycle_duration_not_validated_as_Tper,0.032,100,работает
RUN_20260509_VPLC_L0_IDLE_10_20_S01_R05,VPLC_L0_IDLE_10_20,SER_20260509_VPLC_L0_IDLE_10_20_S01,vPLC_container,VPLC_HOST,679,,,2026-05-09T15:48:49.510299039Z,,,,host_log,10,20,,,,,,0,0,,technical_check,vplc_status_cycle_duration_not_validated_as_Tper,0.057,100,работает
RUN_20260509_VPLC_L0_IDLE_10_20_S01_R05,VPLC_L0_IDLE_10_20,SER_20260509_VPLC_L0_IDLE_10_20_S01,vPLC_container,VPLC_HOST,680,,,2026-05-09T15:48:50.565401724Z,,,,host_log,10,20,,,,,,0,0,,technical_check,vplc_status_cycle_duration_not_validated_as_Tper,0.057,100,работает
RUN_20260509_VPLC_L0_IDLE_10_20_S01_R05,VPLC_L0_IDLE_10_20,SER_20260509_VPLC_L0_IDLE_10_20_S01,vPLC_container,VPLC_HOST,681,,,2026-05-09T15:48:51.618480984Z,,,,host_log,10,20,,,,,,0,0,,technical_check,vplc_status_cycle_duration_not_validated_as_Tper,0.054,100,работает
RUN_20260509_VPLC_L0_IDLE_10_20_S01_R05,VPLC_L0_IDLE_10_20,SER_20260509_VPLC_L0_IDLE_10_20_S01,vPLC_container,VPLC_HOST,682,,,2026-05-09T15:48:52.676735688Z,,,,host_log,10,20,,,,,,0,0,,technical_check,vplc_status_cycle_duration_not_validated_as_Tper,0.058,100,работает
RUN_20260509_VPLC_L0_IDLE_10_20_S01_R05,VPLC_L0_IDLE_10_20,SER_20260509_VPLC_L0_IDLE_10_20_S01,vPLC_container,VPLC_HOST,683,,,2026-05-09T15:48:53.730984891Z,,,,host_log,10,20,,,,,,0,0,,technical_check,vplc_status_cycle_duration_not_validated_as_Tper,0.036,100,работает
RUN_20260509_VPLC_L0_IDLE_10_20_S01_R05,VPLC_L0_IDLE_10_20,SER_20260509_VPLC_L0_IDLE_10_20_S01,vPLC_container,VPLC_HOST,684,,,2026-05-09T15:48:54.782932545Z,,,,host_log,10,20,,,,,,0,0,,technical_check,vplc_status_cycle_duration_not_validated_as_Tper,0.056,100,работает
RUN_20260509_VPLC_L0_IDLE_10_20_S01_R05,VPLC_L0_IDLE_10_20,SER_20260509_VPLC_L0_IDLE_10_20_S01,vPLC_container,VPLC_HOST,685,,,2026-05-09T15:48:55.840511630Z,,,,host_log,10,20,,,,,,0,0,,technical_check,vplc_status_cycle_duration_not_validated_as_Tper,0.035,100,работает
RUN_20260509_VPLC_L0_IDLE_10_20_S01_R05,VPLC_L0_IDLE_10_20,SER_20260509_VPLC_L0_IDLE_10_20_S01,vPLC_container,VPLC_HOST,686,,,2026-05-09T15:48:56.896866821Z,,,,host_log,10,20,,,,,,0,0,,technical_check,vplc_status_cycle_duration_not_validated_as_Tper,0.056,100,работает
RUN_20260509_VPLC_L0_IDLE_10_20_S01_R05,VPLC_L0_IDLE_10_20,SER_20260509_VPLC_L0_IDLE_10_20_S01,vPLC_container,VPLC_HOST,687,,,2026-05-09T15:48:57.952014646Z,,,,host_log,10,20,,,,,,0,0,,technical_check,vplc_status_cycle_duration_not_validated_as_Tper,0.021,100,работает
RUN_20260509_VPLC_L0_IDLE_10_20_S01_R05,VPLC_L0_IDLE_10_20,SER_20260509_VPLC_L0_IDLE_10_20_S01,vPLC_container,VPLC_HOST,688,,,2026-05-09T15:48:59.006952109Z,,,,host_log,10,20,,,,,,0,0,,technical_check,vplc_status_cycle_duration_not_validated_as_Tper,0.057,100,работает
RUN_20260509_VPLC_L0_IDLE_10_20_S01_R05,VPLC_L0_IDLE_10_20,SER_20260509_VPLC_L0_IDLE_10_20_S01,vPLC_container,VPLC_HOST,689,,,2026-05-09T15:49:00.061205916Z,,,,host_log,10,20,,,,,,0,0,,technical_check,vplc_status_cycle_duration_not_validated_as_Tper,0.056,100,работает
RUN_20260509_VPLC_L0_IDLE_10_20_S01_R05,VPLC_L0_IDLE_10_20,SER_20260509_VPLC_L0_IDLE_10_20_S01,vPLC_container,VPLC_HOST,690,,,2026-05-09T15:49:01.117563473Z,,,,host_log,10,20,,,,,,0,0,,technical_check,vplc_status_cycle_duration_not_validated_as_Tper,0.056,100,работает
RUN_20260509_VPLC_L0_IDLE_10_20_S01_R05,VPLC_L0_IDLE_10_20,SER_20260509_VPLC_L0_IDLE_10_20_S01,vPLC_container,VPLC_HOST,691,,,2026-05-09T15:49:02.172726149Z,,,,host_log,10,20,,,,,,0,0,,technical_check,vplc_status_cycle_duration_not_validated_as_Tper,0.058,100,работает
RUN_20260509_VPLC_L0_IDLE_10_20_S01_R05,VPLC_L0_IDLE_10_20,SER_20260509_VPLC_L0_IDLE_10_20_S01,vPLC_container,VPLC_HOST,692,,,2026-05-09T15:49:03.223270491Z,,,,host_log,10,20,,,,,,0,0,,technical_check,vplc_status_cycle_duration_not_validated_as_Tper,0.023,100,работает
RUN_20260509_VPLC_L0_IDLE_10_20_S01_R05,VPLC_L0_IDLE_10_20,SER_20260509_VPLC_L0_IDLE_10_20_S01,vPLC_container,VPLC_HOST,693,,,2026-05-09T15:49:04.278415412Z,,,,host_log,10,20,,,,,,0,0,,technical_check,vplc_status_cycle_duration_not_validated_as_Tper,0.056,100,работает
RUN_20260509_VPLC_L0_IDLE_10_20_S01_R05,VPLC_L0_IDLE_10_20,SER_20260509_VPLC_L0_IDLE_10_20_S01,vPLC_container,VPLC_HOST,694,,,2026-05-09T15:49:05.337590350Z,,,,host_log,10,20,,,,,,0,0,,technical_check,vplc_status_cycle_duration_not_validated_as_Tper,4.440,100,работает
RUN_20260509_VPLC_L0_IDLE_10_20_S01_R05,VPLC_L0_IDLE_10_20,SER_20260509_VPLC_L0_IDLE_10_20_S01,vPLC_container,VPLC_HOST,695,,,2026-05-09T15:49:06.392825729Z,,,,host_log,10,20,,,,,,0,0,,technical_check,vplc_status_cycle_duration_not_validated_as_Tper,4.840,100,работает
RUN_20260509_VPLC_L0_IDLE_10_20_S01_R05,VPLC_L0_IDLE_10_20,SER_20260509_VPLC_L0_IDLE_10_20_S01,vPLC_container,VPLC_HOST,696,,,2026-05-09T15:49:07.446437726Z,,,,host_log,10,20,,,,,,0,0,,technical_check,vplc_status_cycle_duration_not_validated_as_Tper,0.029,100,работает
RUN_20260509_VPLC_L0_IDLE_10_20_S01_R05,VPLC_L0_IDLE_10_20,SER_20260509_VPLC_L0_IDLE_10_20_S01,vPLC_container,VPLC_HOST,697,,,2026-05-09T15:49:08.500569307Z,,,,host_log,10,20,,,,,,0,0,,technical_check,vplc_status_cycle_duration_not_validated_as_Tper,0.057,100,работает
RUN_20260509_VPLC_L0_IDLE_10_20_S01_R05,VPLC_L0_IDLE_10_20,SER_20260509_VPLC_L0_IDLE_10_20_S01,vPLC_container,VPLC_HOST,698,,,2026-05-09T15:49:09.558689999Z,,,,host_log,10,20,,,,,,0,0,,technical_check,vplc_status_cycle_duration_not_validated_as_Tper,0.040,100,работает
RUN_20260509_VPLC_L0_IDLE_10_20_S01_R05,VPLC_L0_IDLE_10_20,SER_20260509_VPLC_L0_IDLE_10_20_S01,vPLC_container,VPLC_HOST,699,,,2026-05-09T15:49:10.611523892Z,,,,host_log,10,20,,,,,,0,0,,technical_check,vplc_status_cycle_duration_not_validated_as_Tper,0.055,100,работает
RUN_20260509_VPLC_L0_IDLE_10_20_S01_R05,VPLC_L0_IDLE_10_20,SER_20260509_VPLC_L0_IDLE_10_20_S01,vPLC_container,VPLC_HOST,700,,,2026-05-09T15:49:11.669814976Z,,,,host_log,10,20,,,,,,0,0,,technical_check,vplc_status_cycle_duration_not_validated_as_Tper,0.058,100,работает
RUN_20260509_VPLC_L0_IDLE_10_20_S01_R05,VPLC_L0_IDLE_10_20,SER_20260509_VPLC_L0_IDLE_10_20_S01,vPLC_container,VPLC_HOST,701,,,2026-05-09T15:49:12.725072699Z,,,,host_log,10,20,,,,,,0,0,,technical_check,vplc_status_cycle_duration_not_validated_as_Tper,0.057,100,работает
RUN_20260509_VPLC_L0_IDLE_10_20_S01_R05,VPLC_L0_IDLE_10_20,SER_20260509_VPLC_L0_IDLE_10_20_S01,vPLC_container,VPLC_HOST,702,,,2026-05-09T15:49:13.779305417Z,,,,host_log,10,20,,,,,,0,0,,technical_check,vplc_status_cycle_duration_not_validated_as_Tper,0.056,100,работает
RUN_20260509_VPLC_L0_IDLE_10_20_S01_R05,VPLC_L0_IDLE_10_20,SER_20260509_VPLC_L0_IDLE_10_20_S01,vPLC_container,VPLC_HOST,703,,,2026-05-09T15:49:14.834808745Z,,,,host_log,10,20,,,,,,0,0,,technical_check,vplc_status_cycle_duration_not_validated_as_Tper,0.036,100,работает
RUN_20260509_VPLC_L0_IDLE_10_20_S01_R05,VPLC_L0_IDLE_10_20,SER_20260509_VPLC_L0_IDLE_10_20_S01,vPLC_container,VPLC_HOST,704,,,2026-05-09T15:49:15.890576005Z,,,,host_log,10,20,,,,,,0,0,,technical_check,vplc_status_cycle_duration_not_validated_as_Tper,0.055,100,работает
RUN_20260509_VPLC_L0_IDLE_10_20_S01_R05,VPLC_L0_IDLE_10_20,SER_20260509_VPLC_L0_IDLE_10_20_S01,vPLC_container,VPLC_HOST,705,,,2026-05-09T15:49:16.945074888Z,,,,host_log,10,20,,,,,,0,0,,technical_check,vplc_status_cycle_duration_not_validated_as_Tper,0.032,100,работает
RUN_20260509_VPLC_L0_IDLE_10_20_S01_R05,VPLC_L0_IDLE_10_20,SER_20260509_VPLC_L0_IDLE_10_20_S01,vPLC_container,VPLC_HOST,706,,,2026-05-09T15:49:18.000699799Z,,,,host_log,10,20,,,,,,0,0,,technical_check,vplc_status_cycle_duration_not_validated_as_Tper,0.056,100,работает
RUN_20260509_VPLC_L0_IDLE_10_20_S01_R05,VPLC_L0_IDLE_10_20,SER_20260509_VPLC_L0_IDLE_10_20_S01,vPLC_container,VPLC_HOST,707,,,2026-05-09T15:49:19.055405554Z,,,,host_log,10,20,,,,,,0,0,,technical_check,vplc_status_cycle_duration_not_validated_as_Tper,0.028,100,работает
RUN_20260509_VPLC_L0_IDLE_10_20_S01_R05,VPLC_L0_IDLE_10_20,SER_20260509_VPLC_L0_IDLE_10_20_S01,vPLC_container,VPLC_HOST,708,,,2026-05-09T15:49:20.111752098Z,,,,host_log,10,20,,,,,,0,0,,technical_check,vplc_status_cycle_duration_not_validated_as_Tper,0.057,100,работает
RUN_20260509_VPLC_L0_IDLE_10_20_S01_R05,VPLC_L0_IDLE_10_20,SER_20260509_VPLC_L0_IDLE_10_20_S01,vPLC_container,VPLC_HOST,709,,,2026-05-09T15:49:21.167053631Z,,,,host_log,10,20,,,,,,0,0,,technical_check,vplc_status_cycle_duration_not_validated_as_Tper,0.055,100,работает
RUN_20260509_VPLC_L0_IDLE_10_20_S01_R05,VPLC_L0_IDLE_10_20,SER_20260509_VPLC_L0_IDLE_10_20_S01,vPLC_container,VPLC_HOST,710,,,2026-05-09T15:49:22.222348079Z,,,,host_log,10,20,,,,,,0,0,,technical_check,vplc_status_cycle_duration_not_validated_as_Tper,0.057,100,работает
RUN_20260509_VPLC_L0_IDLE_10_20_S01_R05,VPLC_L0_IDLE_10_20,SER_20260509_VPLC_L0_IDLE_10_20_S01,vPLC_container,VPLC_HOST,711,,,2026-05-09T15:49:23.277519457Z,,,,host_log,10,20,,,,,,0,0,,technical_check,vplc_status_cycle_duration_not_validated_as_Tper,0.057,100,работает
RUN_20260509_VPLC_L0_IDLE_10_20_S01_R05,VPLC_L0_IDLE_10_20,SER_20260509_VPLC_L0_IDLE_10_20_S01,vPLC_container,VPLC_HOST,712,,,2026-05-09T15:49:24.333433151Z,,,,host_log,10,20,,,,,,0,0,,technical_check,vplc_status_cycle_duration_not_validated_as_Tper,4.542,100,работает
RUN_20260509_VPLC_L0_IDLE_10_20_S01_R05,VPLC_L0_IDLE_10_20,SER_20260509_VPLC_L0_IDLE_10_20_S01,vPLC_container,VPLC_HOST,713,,,2026-05-09T15:49:25.387759989Z,,,,host_log,10,20,,,,,,0,0,,technical_check,vplc_status_cycle_duration_not_validated_as_Tper,4.956,100,работает
RUN_20260509_VPLC_L0_IDLE_10_20_S01_R05,VPLC_L0_IDLE_10_20,SER_20260509_VPLC_L0_IDLE_10_20_S01,vPLC_container,VPLC_HOST,714,,,2026-05-09T15:49:26.439899284Z,,,,host_log,10,20,,,,,,0,0,,technical_check,vplc_status_cycle_duration_not_validated_as_Tper,0.035,100,работает
RUN_20260509_VPLC_L0_IDLE_10_20_S01_R05,VPLC_L0_IDLE_10_20,SER_20260509_VPLC_L0_IDLE_10_20_S01,vPLC_container,VPLC_HOST,715,,,2026-05-09T15:49:27.496159885Z,,,,host_log,10,20,,,,,,0,0,,technical_check,vplc_status_cycle_duration_not_validated_as_Tper,0.057,100,работает
RUN_20260509_VPLC_L0_IDLE_10_20_S01_R05,VPLC_L0_IDLE_10_20,SER_20260509_VPLC_L0_IDLE_10_20_S01,vPLC_container,VPLC_HOST,716,,,2026-05-09T15:49:28.550566711Z,,,,host_log,10,20,,,,,,0,0,,technical_check,vplc_status_cycle_duration_not_validated_as_Tper,0.020,100,работает
RUN_20260509_VPLC_L0_IDLE_10_20_S01_R05,VPLC_L0_IDLE_10_20,SER_20260509_VPLC_L0_IDLE_10_20_S01,vPLC_container,VPLC_HOST,717,,,2026-05-09T15:49:29.607288887Z,,,,host_log,10,20,,,,,,0,0,,technical_check,vplc_status_cycle_duration_not_validated_as_Tper,0.057,100,работает
RUN_20260509_VPLC_L0_IDLE_10_20_S01_R05,VPLC_L0_IDLE_10_20,SER_20260509_VPLC_L0_IDLE_10_20_S01,vPLC_container,VPLC_HOST,718,,,2026-05-09T15:49:30.664572564Z,,,,host_log,10,20,,,,,,0,0,,technical_check,vplc_status_cycle_duration_not_validated_as_Tper,0.057,100,работает
RUN_20260509_VPLC_L0_IDLE_10_20_S01_R05,VPLC_L0_IDLE_10_20,SER_20260509_VPLC_L0_IDLE_10_20_S01,vPLC_container,VPLC_HOST,719,,,2026-05-09T15:49:31.719257717Z,,,,host_log,10,20,,,,,,0,0,,technical_check,vplc_status_cycle_duration_not_validated_as_Tper,0.056,100,работает
RUN_20260509_VPLC_L0_IDLE_10_20_S01_R05,VPLC_L0_IDLE_10_20,SER_20260509_VPLC_L0_IDLE_10_20_S01,vPLC_container,VPLC_HOST,720,,,2026-05-09T15:49:32.772916829Z,,,,host_log,10,20,,,,,,0,0,,technical_check,vplc_status_cycle_duration_not_validated_as_Tper,0.057,100,работает
RUN_20260509_VPLC_L0_IDLE_10_20_S01_R05,VPLC_L0_IDLE_10_20,SER_20260509_VPLC_L0_IDLE_10_20_S01,vPLC_container,VPLC_HOST,721,,,2026-05-09T15:49:33.830951123Z,,,,host_log,10,20,,,,,,0,0,,technical_check,vplc_status_cycle_duration_not_validated_as_Tper,0.037,100,работает
RUN_20260509_VPLC_L0_IDLE_10_20_S01_R05,VPLC_L0_IDLE_10_20,SER_20260509_VPLC_L0_IDLE_10_20_S01,vPLC_container,VPLC_HOST,722,,,2026-05-09T15:49:34.884095698Z,,,,host_log,10,20,,,,,,0,0,,technical_check,vplc_status_cycle_duration_not_validated_as_Tper,0.057,100,работает
RUN_20260509_VPLC_L0_IDLE_10_20_S01_R05,VPLC_L0_IDLE_10_20,SER_20260509_VPLC_L0_IDLE_10_20_S01,vPLC_container,VPLC_HOST,723,,,2026-05-09T15:49:35.940431240Z,,,,host_log,10,20,,,,,,0,0,,technical_check,vplc_status_cycle_duration_not_validated_as_Tper,0.036,100,работает
RUN_20260509_VPLC_L0_IDLE_10_20_S01_R05,VPLC_L0_IDLE_10_20,SER_20260509_VPLC_L0_IDLE_10_20_S01,vPLC_container,VPLC_HOST,724,,,2026-05-09T15:49:36.996915208Z,,,,host_log,10,20,,,,,,0,0,,technical_check,vplc_status_cycle_duration_not_validated_as_Tper,0.057,100,работает
RUN_20260509_VPLC_L0_IDLE_10_20_S01_R05,VPLC_L0_IDLE_10_20,SER_20260509_VPLC_L0_IDLE_10_20_S01,vPLC_container,VPLC_HOST,725,,,2026-05-09T15:49:38.052139835Z,,,,host_log,10,20,,,,,,0,0,,technical_check,vplc_status_cycle_duration_not_validated_as_Tper,0.028,100,работает
RUN_20260509_VPLC_L0_IDLE_10_20_S01_R05,VPLC_L0_IDLE_10_20,SER_20260509_VPLC_L0_IDLE_10_20_S01,vPLC_container,VPLC_HOST,726,,,2026-05-09T15:49:39.107081447Z,,,,host_log,10,20,,,,,,0,0,,technical_check,vplc_status_cycle_duration_not_validated_as_Tper,0.056,100,работает
RUN_20260509_VPLC_L0_IDLE_10_20_S01_R05,VPLC_L0_IDLE_10_20,SER_20260509_VPLC_L0_IDLE_10_20_S01,vPLC_container,VPLC_HOST,727,,,2026-05-09T15:49:40.162483522Z,,,,host_log,10,20,,,,,,0,0,,technical_check,vplc_status_cycle_duration_not_validated_as_Tper,0.056,100,работает
RUN_20260509_VPLC_L0_IDLE_10_20_S01_R05,VPLC_L0_IDLE_10_20,SER_20260509_VPLC_L0_IDLE_10_20_S01,vPLC_container,VPLC_HOST,728,,,2026-05-09T15:49:41.217612606Z,,,,host_log,10,20,,,,,,0,0,,technical_check,vplc_status_cycle_duration_not_validated_as_Tper,0.056,100,работает
RUN_20260509_VPLC_L0_IDLE_10_20_S01_R05,VPLC_L0_IDLE_10_20,SER_20260509_VPLC_L0_IDLE_10_20_S01,vPLC_container,VPLC_HOST,729,,,2026-05-09T15:49:42.272841889Z,,,,host_log,10,20,,,,,,0,0,,technical_check,vplc_status_cycle_duration_not_validated_as_Tper,0.056,100,работает
RUN_20260509_VPLC_L0_IDLE_10_20_S01_R05,VPLC_L0_IDLE_10_20,SER_20260509_VPLC_L0_IDLE_10_20_S01,vPLC_container,VPLC_HOST,730,,,2026-05-09T15:49:43.326300938Z,,,,host_log,10,20,,,,,,0,0,,technical_check,vplc_status_cycle_duration_not_validated_as_Tper,3.853,100,работает
RUN_20260509_VPLC_L0_IDLE_10_20_S01_R05,VPLC_L0_IDLE_10_20,SER_20260509_VPLC_L0_IDLE_10_20_S01,vPLC_container,VPLC_HOST,731,,,2026-05-09T15:49:44.382874828Z,,,,host_log,10,20,,,,,,0,0,,technical_check,vplc_status_cycle_duration_not_validated_as_Tper,4.175,100,работает
RUN_20260509_VPLC_L0_IDLE_10_20_S01_R05,VPLC_L0_IDLE_10_20,SER_20260509_VPLC_L0_IDLE_10_20_S01,vPLC_container,VPLC_HOST,732,,,2026-05-09T15:49:45.439335292Z,,,,host_log,10,20,,,,,,0,0,,technical_check,vplc_status_cycle_duration_not_validated_as_Tper,0.036,100,работает
RUN_20260509_VPLC_L0_IDLE_10_20_S01_R05,VPLC_L0_IDLE_10_20,SER_20260509_VPLC_L0_IDLE_10_20_S01,vPLC_container,VPLC_HOST,733,,,2026-05-09T15:49:46.492580166Z,,,,host_log,10,20,,,,,,0,0,,technical_check,vplc_status_cycle_duration_not_validated_as_Tper,0.056,100,работает
RUN_20260509_VPLC_L0_IDLE_10_20_S01_R05,VPLC_L0_IDLE_10_20,SER_20260509_VPLC_L0_IDLE_10_20_S01,vPLC_container,VPLC_HOST,734,,,2026-05-09T15:49:47.547705741Z,,,,host_log,10,20,,,,,,0,0,,technical_check,vplc_status_cycle_duration_not_validated_as_Tper,0.025,100,работает
RUN_20260509_VPLC_L0_IDLE_10_20_S01_R05,VPLC_L0_IDLE_10_20,SER_20260509_VPLC_L0_IDLE_10_20_S01,vPLC_container,VPLC_HOST,735,,,2026-05-09T15:49:48.605426773Z,,,,host_log,10,20,,,,,,0,0,,technical_check,vplc_status_cycle_duration_not_validated_as_Tper,0.056,100,работает
RUN_20260509_VPLC_L0_IDLE_10_20_S01_R05,VPLC_L0_IDLE_10_20,SER_20260509_VPLC_L0_IDLE_10_20_S01,vPLC_container,VPLC_HOST,736,,,2026-05-09T15:49:49.657194286Z,,,,host_log,10,20,,,,,,0,0,,technical_check,vplc_status_cycle_duration_not_validated_as_Tper,0.034,100,работает
RUN_20260509_VPLC_L0_IDLE_10_20_S01_R05,VPLC_L0_IDLE_10_20,SER_20260509_VPLC_L0_IDLE_10_20_S01,vPLC_container,VPLC_HOST,737,,,2026-05-09T15:49:50.716693462Z,,,,host_log,10,20,,,,,,0,0,,technical_check,vplc_status_cycle_duration_not_validated_as_Tper,0.056,100,работает
RUN_20260509_VPLC_L0_IDLE_10_20_S01_R05,VPLC_L0_IDLE_10_20,SER_20260509_VPLC_L0_IDLE_10_20_S01,vPLC_container,VPLC_HOST,738,,,2026-05-09T15:49:51.771397443Z,,,,host_log,10,20,,,,,,0,0,,technical_check,vplc_status_cycle_duration_not_validated_as_Tper,0.057,100,работает
RUN_20260509_VPLC_L0_IDLE_10_20_S01_R05,VPLC_L0_IDLE_10_20,SER_20260509_VPLC_L0_IDLE_10_20_S01,vPLC_container,VPLC_HOST,739,,,2026-05-09T15:49:52.826102498Z,,,,host_log,10,20,,,,,,0,0,,technical_check,vplc_status_cycle_duration_not_validated_as_Tper,0.053,100,работает
RUN_20260509_VPLC_L0_IDLE_10_20_S01_R05,VPLC_L0_IDLE_10_20,SER_20260509_VPLC_L0_IDLE_10_20_S01,vPLC_container,VPLC_HOST,740,,,2026-05-09T15:49:53.879830270Z,,,,host_log,10,20,,,,,,0,0,,technical_check,vplc_status_cycle_duration_not_validated_as_Tper,0.057,100,работает
RUN_20260509_VPLC_L0_IDLE_10_20_S01_R05,VPLC_L0_IDLE_10_20,SER_20260509_VPLC_L0_IDLE_10_20_S01,vPLC_container,VPLC_HOST,741,,,2026-05-09T15:49:54.933842552Z,,,,host_log,10,20,,,,,,0,0,,technical_check,vplc_status_cycle_duration_not_validated_as_Tper,0.036,100,работает
RUN_20260509_VPLC_L0_IDLE_10_20_S01_R05,VPLC_L0_IDLE_10_20,SER_20260509_VPLC_L0_IDLE_10_20_S01,vPLC_container,VPLC_HOST,742,,,2026-05-09T15:49:55.992702726Z,,,,host_log,10,20,,,,,,0,0,,technical_check,vplc_status_cycle_duration_not_validated_as_Tper,0.056,100,работает
RUN_20260509_VPLC_L0_IDLE_10_20_S01_R05,VPLC_L0_IDLE_10_20,SER_20260509_VPLC_L0_IDLE_10_20_S01,vPLC_container,VPLC_HOST,743,,,2026-05-09T15:49:57.045534436Z,,,,host_log,10,20,,,,,,0,0,,technical_check,vplc_status_cycle_duration_not_validated_as_Tper,0.031,100,работает
RUN_20260509_VPLC_L0_IDLE_10_20_S01_R05,VPLC_L0_IDLE_10_20,SER_20260509_VPLC_L0_IDLE_10_20_S01,vPLC_container,VPLC_HOST,744,,,2026-05-09T15:49:58.101105203Z,,,,host_log,10,20,,,,,,0,0,,technical_check,vplc_status_cycle_duration_not_validated_as_Tper,0.057,100,работает
RUN_20260509_VPLC_L0_IDLE_10_20_S01_R05,VPLC_L0_IDLE_10_20,SER_20260509_VPLC_L0_IDLE_10_20_S01,vPLC_container,VPLC_HOST,745,,,2026-05-09T15:49:59.156946503Z,,,,host_log,10,20,,,,,,0,0,,technical_check,vplc_status_cycle_duration_not_validated_as_Tper,0.029,100,работает
RUN_20260509_VPLC_L0_IDLE_10_20_S01_R05,VPLC_L0_IDLE_10_20,SER_20260509_VPLC_L0_IDLE_10_20_S01,vPLC_container,VPLC_HOST,746,,,2026-05-09T15:50:00.214290980Z,,,,host_log,10,20,,,,,,0,0,,technical_check,vplc_status_cycle_duration_not_validated_as_Tper,0.056,100,работает
RUN_20260509_VPLC_L0_IDLE_10_20_S01_R05,VPLC_L0_IDLE_10_20,SER_20260509_VPLC_L0_IDLE_10_20_S01,vPLC_container,VPLC_HOST,747,,,2026-05-09T15:50:01.269331326Z,,,,host_log,10,20,,,,,,0,0,,technical_check,vplc_status_cycle_duration_not_validated_as_Tper,0.056,100,работает
RUN_20260509_VPLC_L0_IDLE_10_20_S01_R05,VPLC_L0_IDLE_10_20,SER_20260509_VPLC_L0_IDLE_10_20_S01,vPLC_container,VPLC_HOST,748,,,2026-05-09T15:50:02.324429031Z,,,,host_log,10,20,,,,,,0,0,,technical_check,vplc_status_cycle_duration_not_validated_as_Tper,0.056,100,работает
RUN_20260509_VPLC_L0_IDLE_10_20_S01_R05,VPLC_L0_IDLE_10_20,SER_20260509_VPLC_L0_IDLE_10_20_S01,vPLC_container,VPLC_HOST,749,,,2026-05-09T15:50:03.380884732Z,,,,host_log,10,20,,,,,,0,0,,technical_check,vplc_status_cycle_duration_not_validated_as_Tper,3.927,100,работает
RUN_20260509_VPLC_L0_IDLE_10_20_S01_R05,VPLC_L0_IDLE_10_20,SER_20260509_VPLC_L0_IDLE_10_20_S01,vPLC_container,VPLC_HOST,750,,,2026-05-09T15:50:04.435115776Z,,,,host_log,10,20,,,,,,0,0,,technical_check,vplc_status_cycle_duration_not_validated_as_Tper,0.035,100,работает
RUN_20260509_VPLC_L0_IDLE_10_20_S01_R05,VPLC_L0_IDLE_10_20,SER_20260509_VPLC_L0_IDLE_10_20_S01,vPLC_container,VPLC_HOST,751,,,2026-05-09T15:50:05.488085658Z,,,,host_log,10,20,,,,,,0,0,,technical_check,vplc_status_cycle_duration_not_validated_as_Tper,0.058,100,работает
RUN_20260509_VPLC_L0_IDLE_10_20_S01_R05,VPLC_L0_IDLE_10_20,SER_20260509_VPLC_L0_IDLE_10_20_S01,vPLC_container,VPLC_HOST,752,,,2026-05-09T15:50:06.546591007Z,,,,host_log,10,20,,,,,,0,0,,technical_check,vplc_status_cycle_duration_not_validated_as_Tper,0.030,100,работает
RUN_20260509_VPLC_L0_IDLE_10_20_S01_R05,VPLC_L0_IDLE_10_20,SER_20260509_VPLC_L0_IDLE_10_20_S01,vPLC_container,VPLC_HOST,753,,,2026-05-09T15:50:07.601200710Z,,,,host_log,10,20,,,,,,0,0,,technical_check,vplc_status_cycle_duration_not_validated_as_Tper,0.055,100,работает
RUN_20260509_VPLC_L0_IDLE_10_20_S01_R05,VPLC_L0_IDLE_10_20,SER_20260509_VPLC_L0_IDLE_10_20_S01,vPLC_container,VPLC_HOST,754,,,2026-05-09T15:50:08.654318903Z,,,,host_log,10,20,,,,,,0,0,,technical_check,vplc_status_cycle_duration_not_validated_as_Tper,0.027,100,работает
RUN_20260509_VPLC_L0_IDLE_10_20_S01_R05,VPLC_L0_IDLE_10_20,SER_20260509_VPLC_L0_IDLE_10_20_S01,vPLC_container,VPLC_HOST,755,,,2026-05-09T15:50:09.709563480Z,,,,host_log,10,20,,,,,,0,0,,technical_check,vplc_status_cycle_duration_not_validated_as_Tper,0.056,100,работает
RUN_20260509_VPLC_L0_IDLE_10_20_S01_R05,VPLC_L0_IDLE_10_20,SER_20260509_VPLC_L0_IDLE_10_20_S01,vPLC_container,VPLC_HOST,756,,,2026-05-09T15:50:10.764977118Z,,,,host_log,10,20,,,,,,0,0,,technical_check,vplc_status_cycle_duration_not_validated_as_Tper,0.057,100,работает
RUN_20260509_VPLC_L0_IDLE_10_20_S01_R05,VPLC_L0_IDLE_10_20,SER_20260509_VPLC_L0_IDLE_10_20_S01,vPLC_container,VPLC_HOST,757,,,2026-05-09T15:50:11.820849311Z,,,,host_log,10,20,,,,,,0,0,,technical_check,vplc_status_cycle_duration_not_validated_as_Tper,0.052,100,работает
RUN_20260509_VPLC_L0_IDLE_10_20_S01_R05,VPLC_L0_IDLE_10_20,SER_20260509_VPLC_L0_IDLE_10_20_S01,vPLC_container,VPLC_HOST,758,,,2026-05-09T15:50:12.876373404Z,,,,host_log,10,20,,,,,,0,0,,technical_check,vplc_status_cycle_duration_not_validated_as_Tper,0.055,100,работает
RUN_20260509_VPLC_L0_IDLE_10_20_S01_R05,VPLC_L0_IDLE_10_20,SER_20260509_VPLC_L0_IDLE_10_20_S01,vPLC_container,VPLC_HOST,759,,,2026-05-09T15:50:13.934549085Z,,,,host_log,10,20,,,,,,0,0,,technical_check,vplc_status_cycle_duration_not_validated_as_Tper,0.036,100,работает
RUN_20260509_VPLC_L0_IDLE_10_20_S01_R05,VPLC_L0_IDLE_10_20,SER_20260509_VPLC_L0_IDLE_10_20_S01,vPLC_container,VPLC_HOST,760,,,2026-05-09T15:50:14.989699149Z,,,,host_log,10,20,,,,,,0,0,,technical_check,vplc_status_cycle_duration_not_validated_as_Tper,0.056,100,работает
RUN_20260509_VPLC_L0_IDLE_10_20_S01_R05,VPLC_L0_IDLE_10_20,SER_20260509_VPLC_L0_IDLE_10_20_S01,vPLC_container,VPLC_HOST,761,,,2026-05-09T15:50:16.045137854Z,,,,host_log,10,20,,,,,,0,0,,technical_check,vplc_status_cycle_duration_not_validated_as_Tper,0.032,100,работает
RUN_20260509_VPLC_L0_IDLE_10_20_S01_R05,VPLC_L0_IDLE_10_20,SER_20260509_VPLC_L0_IDLE_10_20_S01,vPLC_container,VPLC_HOST,762,,,2026-05-09T15:50:17.097157171Z,,,,host_log,10,20,,,,,,0,0,,technical_check,vplc_status_cycle_duration_not_validated_as_Tper,0.057,100,работает
RUN_20260509_VPLC_L0_IDLE_10_20_S01_R05,VPLC_L0_IDLE_10_20,SER_20260509_VPLC_L0_IDLE_10_20_S01,vPLC_container,VPLC_HOST,763,,,2026-05-09T15:50:18.154893092Z,,,,host_log,10,20,,,,,,0,0,,technical_check,vplc_status_cycle_duration_not_validated_as_Tper,0.032,100,работает
RUN_20260509_VPLC_L0_IDLE_10_20_S01_R05,VPLC_L0_IDLE_10_20,SER_20260509_VPLC_L0_IDLE_10_20_S01,vPLC_container,VPLC_HOST,764,,,2026-05-09T15:50:19.211068298Z,,,,host_log,10,20,,,,,,0,0,,technical_check,vplc_status_cycle_duration_not_validated_as_Tper,0.056,100,работает
RUN_20260509_VPLC_L0_IDLE_10_20_S01_R05,VPLC_L0_IDLE_10_20,SER_20260509_VPLC_L0_IDLE_10_20_S01,vPLC_container,VPLC_HOST,765,,,2026-05-09T15:50:20.263768508Z,,,,host_log,10,20,,,,,,0,0,,technical_check,vplc_status_cycle_duration_not_validated_as_Tper,0.056,100,работает
RUN_20260509_VPLC_L0_IDLE_10_20_S01_R05,VPLC_L0_IDLE_10_20,SER_20260509_VPLC_L0_IDLE_10_20_S01,vPLC_container,VPLC_HOST,766,,,2026-05-09T15:50:21.321923586Z,,,,host_log,10,20,,,,,,0,0,,technical_check,vplc_status_cycle_duration_not_validated_as_Tper,0.052,100,работает
RUN_20260509_VPLC_L0_IDLE_10_20_S01_R05,VPLC_L0_IDLE_10_20,SER_20260509_VPLC_L0_IDLE_10_20_S01,vPLC_container,VPLC_HOST,767,,,2026-05-09T15:50:22.376771950Z,,,,host_log,10,20,,,,,,0,0,,technical_check,vplc_status_cycle_duration_not_validated_as_Tper,4.381,100,работает
RUN_20260509_VPLC_L0_IDLE_10_20_S01_R05,VPLC_L0_IDLE_10_20,SER_20260509_VPLC_L0_IDLE_10_20_S01,vPLC_container,VPLC_HOST,768,,,2026-05-09T15:50:23.428915146Z,,,,host_log,10,20,,,,,,0,0,,technical_check,vplc_status_cycle_duration_not_validated_as_Tper,0.036,100,работает
RUN_20260509_VPLC_L0_IDLE_10_20_S01_R05,VPLC_L0_IDLE_10_20,SER_20260509_VPLC_L0_IDLE_10_20_S01,vPLC_container,VPLC_HOST,769,,,2026-05-09T15:50:24.486378213Z,,,,host_log,10,20,,,,,,0,0,,technical_check,vplc_status_cycle_duration_not_validated_as_Tper,0.056,100,работает
RUN_20260509_VPLC_L0_IDLE_10_20_S01_R05,VPLC_L0_IDLE_10_20,SER_20260509_VPLC_L0_IDLE_10_20_S01,vPLC_container,VPLC_HOST,770,,,2026-05-09T15:50:25.541572944Z,,,,host_log,10,20,,,,,,0,0,,technical_check,vplc_status_cycle_duration_not_validated_as_Tper,0.035,100,работает
RUN_20260509_VPLC_L0_IDLE_10_20_S01_R05,VPLC_L0_IDLE_10_20,SER_20260509_VPLC_L0_IDLE_10_20_S01,vPLC_container,VPLC_HOST,771,,,2026-05-09T15:50:26.597549939Z,,,,host_log,10,20,,,,,,0,0,,technical_check,vplc_status_cycle_duration_not_validated_as_Tper,0.056,100,работает
RUN_20260509_VPLC_L0_IDLE_10_20_S01_R05,VPLC_L0_IDLE_10_20,SER_20260509_VPLC_L0_IDLE_10_20_S01,vPLC_container,VPLC_HOST,772,,,2026-05-09T15:50:27.652839577Z,,,,host_log,10,20,,,,,,0,0,,technical_check,vplc_status_cycle_duration_not_validated_as_Tper,0.023,100,работает
RUN_20260509_VPLC_L0_IDLE_10_20_S01_R05,VPLC_L0_IDLE_10_20,SER_20260509_VPLC_L0_IDLE_10_20_S01,vPLC_container,VPLC_HOST,773,,,2026-05-09T15:50:28.709191908Z,,,,host_log,10,20,,,,,,0,0,,technical_check,vplc_status_cycle_duration_not_validated_as_Tper,0.056,100,работает
RUN_20260509_VPLC_L0_IDLE_10_20_S01_R05,VPLC_L0_IDLE_10_20,SER_20260509_VPLC_L0_IDLE_10_20_S01,vPLC_container,VPLC_HOST,774,,,2026-05-09T15:50:29.762455834Z,,,,host_log,10,20,,,,,,0,0,,technical_check,vplc_status_cycle_duration_not_validated_as_Tper,0.057,100,работает
RUN_20260509_VPLC_L0_IDLE_10_20_S01_R05,VPLC_L0_IDLE_10_20,SER_20260509_VPLC_L0_IDLE_10_20_S01,vPLC_container,VPLC_HOST,775,,,2026-05-09T15:50:30.819913774Z,,,,host_log,10,20,,,,,,0,0,,technical_check,vplc_status_cycle_duration_not_validated_as_Tper,0.054,100,работает
RUN_20260509_VPLC_L0_IDLE_10_20_S01_R05,VPLC_L0_IDLE_10_20,SER_20260509_VPLC_L0_IDLE_10_20_S01,vPLC_container,VPLC_HOST,776,,,2026-05-09T15:50:31.875357231Z,,,,host_log,10,20,,,,,,0,0,,technical_check,vplc_status_cycle_duration_not_validated_as_Tper,0.056,100,работает
RUN_20260509_VPLC_L0_IDLE_10_20_S01_R05,VPLC_L0_IDLE_10_20,SER_20260509_VPLC_L0_IDLE_10_20_S01,vPLC_container,VPLC_HOST,777,,,2026-05-09T15:50:32.927050380Z,,,,host_log,10,20,,,,,,0,0,,technical_check,vplc_status_cycle_duration_not_validated_as_Tper,0.052,100,работает
RUN_20260509_VPLC_L0_IDLE_10_20_S01_R05,VPLC_L0_IDLE_10_20,SER_20260509_VPLC_L0_IDLE_10_20_S01,vPLC_container,VPLC_HOST,778,,,2026-05-09T15:50:33.982537802Z,,,,host_log,10,20,,,,,,0,0,,technical_check,vplc_status_cycle_duration_not_validated_as_Tper,0.057,100,работает
RUN_20260509_VPLC_L0_IDLE_10_20_S01_R05,VPLC_L0_IDLE_10_20,SER_20260509_VPLC_L0_IDLE_10_20_S01,vPLC_container,VPLC_HOST,779,,,2026-05-09T15:50:35.038267718Z,,,,host_log,10,20,,,,,,0,0,,technical_check,vplc_status_cycle_duration_not_validated_as_Tper,0.036,100,работает
RUN_20260509_VPLC_L0_IDLE_10_20_S01_R05,VPLC_L0_IDLE_10_20,SER_20260509_VPLC_L0_IDLE_10_20_S01,vPLC_container,VPLC_HOST,780,,,2026-05-09T15:50:36.095294538Z,,,,host_log,10,20,,,,,,0,0,,technical_check,vplc_status_cycle_duration_not_validated_as_Tper,0.057,100,работает
RUN_20260509_VPLC_L0_IDLE_10_20_S01_R05,VPLC_L0_IDLE_10_20,SER_20260509_VPLC_L0_IDLE_10_20_S01,vPLC_container,VPLC_HOST,781,,,2026-05-09T15:50:37.150433923Z,,,,host_log,10,20,,,,,,0,0,,technical_check,vplc_status_cycle_duration_not_validated_as_Tper,0.023,100,работает
RUN_20260509_VPLC_L0_IDLE_10_20_S01_R05,VPLC_L0_IDLE_10_20,SER_20260509_VPLC_L0_IDLE_10_20_S01,vPLC_container,VPLC_HOST,782,,,2026-05-09T15:50:38.203734710Z,,,,host_log,10,20,,,,,,0,0,,technical_check,vplc_status_cycle_duration_not_validated_as_Tper,0.055,100,работает
RUN_20260509_VPLC_L0_IDLE_10_20_S01_R05,VPLC_L0_IDLE_10_20,SER_20260509_VPLC_L0_IDLE_10_20_S01,vPLC_container,VPLC_HOST,783,,,2026-05-09T15:50:39.259272582Z,,,,host_log,10,20,,,,,,0,0,,technical_check,vplc_status_cycle_duration_not_validated_as_Tper,0.049,100,работает
RUN_20260509_VPLC_L0_IDLE_10_20_S01_R05,VPLC_L0_IDLE_10_20,SER_20260509_VPLC_L0_IDLE_10_20_S01,vPLC_container,VPLC_HOST,784,,,2026-05-09T15:50:40.315193113Z,,,,host_log,10,20,,,,,,0,0,,technical_check,vplc_status_cycle_duration_not_validated_as_Tper,0.057,100,работает
RUN_20260509_VPLC_L0_IDLE_10_20_S01_R05,VPLC_L0_IDLE_10_20,SER_20260509_VPLC_L0_IDLE_10_20_S01,vPLC_container,VPLC_HOST,785,,,2026-05-09T15:50:41.370020533Z,,,,host_log,10,20,,,,,,0,0,,technical_check,vplc_status_cycle_duration_not_validated_as_Tper,4.793,100,работает
RUN_20260509_VPLC_L0_IDLE_10_20_S01_R05,VPLC_L0_IDLE_10_20,SER_20260509_VPLC_L0_IDLE_10_20_S01,vPLC_container,VPLC_HOST,786,,,2026-05-09T15:50:42.424794963Z,,,,host_log,10,20,,,,,,0,0,,technical_check,vplc_status_cycle_duration_not_validated_as_Tper,0.054,100,работает
RUN_20260509_VPLC_L0_IDLE_10_20_S01_R05,VPLC_L0_IDLE_10_20,SER_20260509_VPLC_L0_IDLE_10_20_S01,vPLC_container,VPLC_HOST,787,,,2026-05-09T15:50:43.482835737Z,,,,host_log,10,20,,,,,,0,0,,technical_check,vplc_status_cycle_duration_not_validated_as_Tper,0.056,100,работает
RUN_20260509_VPLC_L0_IDLE_10_20_S01_R05,VPLC_L0_IDLE_10_20,SER_20260509_VPLC_L0_IDLE_10_20_S01,vPLC_container,VPLC_HOST,788,,,2026-05-09T15:50:44.536159856Z,,,,host_log,10,20,,,,,,0,0,,technical_check,vplc_status_cycle_duration_not_validated_as_Tper,0.036,100,работает
RUN_20260509_VPLC_L0_IDLE_10_20_S01_R05,VPLC_L0_IDLE_10_20,SER_20260509_VPLC_L0_IDLE_10_20_S01,vPLC_container,VPLC_HOST,789,,,2026-05-09T15:50:45.593810591Z,,,,host_log,10,20,,,,,,0,0,,technical_check,vplc_status_cycle_duration_not_validated_as_Tper,0.054,100,работает
RUN_20260509_VPLC_L0_IDLE_10_20_S01_R05,VPLC_L0_IDLE_10_20,SER_20260509_VPLC_L0_IDLE_10_20_S01,vPLC_container,VPLC_HOST,790,,,2026-05-09T15:50:46.646895260Z,,,,host_log,10,20,,,,,,0,0,,technical_check,vplc_status_cycle_duration_not_validated_as_Tper,0.025,100,работает
RUN_20260509_VPLC_L0_IDLE_10_20_S01_R05,VPLC_L0_IDLE_10_20,SER_20260509_VPLC_L0_IDLE_10_20_S01,vPLC_container,VPLC_HOST,791,,,2026-05-09T15:50:47.703652339Z,,,,host_log,10,20,,,,,,0,0,,technical_check,vplc_status_cycle_duration_not_validated_as_Tper,0.057,100,работает
RUN_20260509_VPLC_L0_IDLE_10_20_S01_R05,VPLC_L0_IDLE_10_20,SER_20260509_VPLC_L0_IDLE_10_20_S01,vPLC_container,VPLC_HOST,792,,,2026-05-09T15:50:48.759003720Z,,,,host_log,10,20,,,,,,0,0,,technical_check,vplc_status_cycle_duration_not_validated_as_Tper,0.038,100,работает
RUN_20260509_VPLC_L0_IDLE_10_20_S01_R05,VPLC_L0_IDLE_10_20,SER_20260509_VPLC_L0_IDLE_10_20_S01,vPLC_container,VPLC_HOST,793,,,2026-05-09T15:50:49.812039727Z,,,,host_log,10,20,,,,,,0,0,,technical_check,vplc_status_cycle_duration_not_validated_as_Tper,0.057,100,работает
RUN_20260509_VPLC_L0_IDLE_10_20_S01_R05,VPLC_L0_IDLE_10_20,SER_20260509_VPLC_L0_IDLE_10_20_S01,vPLC_container,VPLC_HOST,794,,,2026-05-09T15:50:50.867904771Z,,,,host_log,10,20,,,,,,0,0,,technical_check,vplc_status_cycle_duration_not_validated_as_Tper,0.058,100,работает
RUN_20260509_VPLC_L0_IDLE_10_20_S01_R05,VPLC_L0_IDLE_10_20,SER_20260509_VPLC_L0_IDLE_10_20_S01,vPLC_container,VPLC_HOST,795,,,2026-05-09T15:50:51.922932693Z,,,,host_log,10,20,,,,,,0,0,,technical_check,vplc_status_cycle_duration_not_validated_as_Tper,0.037,100,работает
RUN_20260509_VPLC_L0_IDLE_10_20_S01_R05,VPLC_L0_IDLE_10_20,SER_20260509_VPLC_L0_IDLE_10_20_S01,vPLC_container,VPLC_HOST,796,,,2026-05-09T15:50:52.980954268Z,,,,host_log,10,20,,,,,,0,0,,technical_check,vplc_status_cycle_duration_not_validated_as_Tper,0.056,100,работает
RUN_20260509_VPLC_L0_IDLE_10_20_S01_R05,VPLC_L0_IDLE_10_20,SER_20260509_VPLC_L0_IDLE_10_20_S01,vPLC_container,VPLC_HOST,797,,,2026-05-09T15:50:54.036267012Z,,,,host_log,10,20,,,,,,0,0,,technical_check,vplc_status_cycle_duration_not_validated_as_Tper,0.035,100,работает
RUN_20260509_VPLC_L0_IDLE_10_20_S01_R05,VPLC_L0_IDLE_10_20,SER_20260509_VPLC_L0_IDLE_10_20_S01,vPLC_container,VPLC_HOST,798,,,2026-05-09T15:50:55.088757413Z,,,,host_log,10,20,,,,,,0,0,,technical_check,vplc_status_cycle_duration_not_validated_as_Tper,0.057,100,работает
RUN_20260509_VPLC_L0_IDLE_10_20_S01_R05,VPLC_L0_IDLE_10_20,SER_20260509_VPLC_L0_IDLE_10_20_S01,vPLC_container,VPLC_HOST,799,,,2026-05-09T15:50:56.145600460Z,,,,host_log,10,20,,,,,,0,0,,technical_check,vplc_status_cycle_duration_not_validated_as_Tper,0.031,100,работает
RUN_20260509_VPLC_L0_IDLE_10_20_S01_R05,VPLC_L0_IDLE_10_20,SER_20260509_VPLC_L0_IDLE_10_20_S01,vPLC_container,VPLC_HOST,800,,,2026-05-09T15:50:57.201940246Z,,,,host_log,10,20,,,,,,0,0,,technical_check,vplc_status_cycle_duration_not_validated_as_Tper,0.057,100,работает
RUN_20260509_VPLC_L0_IDLE_10_20_S01_R05,VPLC_L0_IDLE_10_20,SER_20260509_VPLC_L0_IDLE_10_20_S01,vPLC_container,VPLC_HOST,801,,,2026-05-09T15:50:58.254291160Z,,,,host_log,10,20,,,,,,0,0,,technical_check,vplc_status_cycle_duration_not_validated_as_Tper,0.029,100,работает
RUN_20260509_VPLC_L0_IDLE_10_20_S01_R05,VPLC_L0_IDLE_10_20,SER_20260509_VPLC_L0_IDLE_10_20_S01,vPLC_container,VPLC_HOST,802,,,2026-05-09T15:50:59.312189972Z,,,,host_log,10,20,,,,,,0,0,,technical_check,vplc_status_cycle_duration_not_validated_as_Tper,0.057,100,работает
RUN_20260509_VPLC_L0_IDLE_10_20_S01_R05,VPLC_L0_IDLE_10_20,SER_20260509_VPLC_L0_IDLE_10_20_S01,vPLC_container,VPLC_HOST,803,,,2026-05-09T15:51:00.367388263Z,,,,host_log,10,20,,,,,,0,0,,technical_check,vplc_status_cycle_duration_not_validated_as_Tper,4.850,100,работает
RUN_20260509_VPLC_L0_IDLE_10_20_S01_R05,VPLC_L0_IDLE_10_20,SER_20260509_VPLC_L0_IDLE_10_20_S01,vPLC_container,VPLC_HOST,804,,,2026-05-09T15:51:01.422610396Z,,,,host_log,10,20,,,,,,0,0,,technical_check,vplc_status_cycle_duration_not_validated_as_Tper,0.037,100,работает
RUN_20260509_VPLC_L0_IDLE_10_20_S01_R05,VPLC_L0_IDLE_10_20,SER_20260509_VPLC_L0_IDLE_10_20_S01,vPLC_container,VPLC_HOST,805,,,2026-05-09T15:51:02.477178318Z,,,,host_log,10,20,,,,,,0,0,,technical_check,vplc_status_cycle_duration_not_validated_as_Tper,0.057,100,работает
RUN_20260509_VPLC_L0_IDLE_10_20_S01_R05,VPLC_L0_IDLE_10_20,SER_20260509_VPLC_L0_IDLE_10_20_S01,vPLC_container,VPLC_HOST,806,,,2026-05-09T15:51:03.533420244Z,,,,host_log,10,20,,,,,,0,0,,technical_check,vplc_status_cycle_duration_not_validated_as_Tper,0.035,100,работает
RUN_20260509_VPLC_L0_IDLE_10_20_S01_R05,VPLC_L0_IDLE_10_20,SER_20260509_VPLC_L0_IDLE_10_20_S01,vPLC_container,VPLC_HOST,807,,,2026-05-09T15:51:04.588694952Z,,,,host_log,10,20,,,,,,0,0,,technical_check,vplc_status_cycle_duration_not_validated_as_Tper,0.057,100,работает
RUN_20260509_VPLC_L0_IDLE_10_20_S01_R05,VPLC_L0_IDLE_10_20,SER_20260509_VPLC_L0_IDLE_10_20_S01,vPLC_container,VPLC_HOST,808,,,2026-05-09T15:51:05.643154368Z,,,,host_log,10,20,,,,,,0,0,,technical_check,vplc_status_cycle_duration_not_validated_as_Tper,0.036,100,работает
RUN_20260509_VPLC_L0_IDLE_10_20_S01_R05,VPLC_L0_IDLE_10_20,SER_20260509_VPLC_L0_IDLE_10_20_S01,vPLC_container,VPLC_HOST,809,,,2026-05-09T15:51:06.698563311Z,,,,host_log,10,20,,,,,,0,0,,technical_check,vplc_status_cycle_duration_not_validated_as_Tper,0.056,100,работает
RUN_20260509_VPLC_L0_IDLE_10_20_S01_R05,VPLC_L0_IDLE_10_20,SER_20260509_VPLC_L0_IDLE_10_20_S01,vPLC_container,VPLC_HOST,810,,,2026-05-09T15:51:07.752134030Z,,,,host_log,10,20,,,,,,0,0,,technical_check,vplc_status_cycle_duration_not_validated_as_Tper,0.020,100,работает
RUN_20260509_VPLC_L0_IDLE_10_20_S01_R05,VPLC_L0_IDLE_10_20,SER_20260509_VPLC_L0_IDLE_10_20_S01,vPLC_container,VPLC_HOST,811,,,2026-05-09T15:51:08.809812355Z,,,,host_log,10,20,,,,,,0,0,,technical_check,vplc_status_cycle_duration_not_validated_as_Tper,0.056,100,работает
RUN_20260509_VPLC_L0_IDLE_10_20_S01_R05,VPLC_L0_IDLE_10_20,SER_20260509_VPLC_L0_IDLE_10_20_S01,vPLC_container,VPLC_HOST,812,,,2026-05-09T15:51:09.865156870Z,,,,host_log,10,20,,,,,,0,0,,technical_check,vplc_status_cycle_duration_not_validated_as_Tper,0.056,100,работает
RUN_20260509_VPLC_L0_IDLE_10_20_S01_R05,VPLC_L0_IDLE_10_20,SER_20260509_VPLC_L0_IDLE_10_20_S01,vPLC_container,VPLC_HOST,813,,,2026-05-09T15:51:10.921508857Z,,,,host_log,10,20,,,,,,0,0,,technical_check,vplc_status_cycle_duration_not_validated_as_Tper,0.057,100,работает
RUN_20260509_VPLC_L0_IDLE_10_20_S01_R05,VPLC_L0_IDLE_10_20,SER_20260509_VPLC_L0_IDLE_10_20_S01,vPLC_container,VPLC_HOST,814,,,2026-05-09T15:51:11.974025966Z,,,,host_log,10,20,,,,,,0,0,,technical_check,vplc_status_cycle_duration_not_validated_as_Tper,0.056,100,работает
RUN_20260509_VPLC_L0_IDLE_10_20_S01_R05,VPLC_L0_IDLE_10_20,SER_20260509_VPLC_L0_IDLE_10_20_S01,vPLC_container,VPLC_HOST,815,,,2026-05-09T15:51:13.031371073Z,,,,host_log,10,20,,,,,,0,0,,technical_check,vplc_status_cycle_duration_not_validated_as_Tper,0.035,100,работает
RUN_20260509_VPLC_L0_IDLE_10_20_S01_R05,VPLC_L0_IDLE_10_20,SER_20260509_VPLC_L0_IDLE_10_20_S01,vPLC_container,VPLC_HOST,816,,,2026-05-09T15:51:14.086673105Z,,,,host_log,10,20,,,,,,0,0,,technical_check,vplc_status_cycle_duration_not_validated_as_Tper,0.057,100,работает
RUN_20260509_VPLC_L0_IDLE_10_20_S01_R05,VPLC_L0_IDLE_10_20,SER_20260509_VPLC_L0_IDLE_10_20_S01,vPLC_container,VPLC_HOST,817,,,2026-05-09T15:51:15.140031600Z,,,,host_log,10,20,,,,,,0,0,,technical_check,vplc_status_cycle_duration_not_validated_as_Tper,0.036,100,работает
RUN_20260509_VPLC_L0_IDLE_10_20_S01_R05,VPLC_L0_IDLE_10_20,SER_20260509_VPLC_L0_IDLE_10_20_S01,vPLC_container,VPLC_HOST,818,,,2026-05-09T15:51:16.195551801Z,,,,host_log,10,20,,,,,,0,0,,technical_check,vplc_status_cycle_duration_not_validated_as_Tper,0.057,100,работает
RUN_20260509_VPLC_L0_IDLE_10_20_S01_R05,VPLC_L0_IDLE_10_20,SER_20260509_VPLC_L0_IDLE_10_20_S01,vPLC_container,VPLC_HOST,819,,,2026-05-09T15:51:17.250461553Z,,,,host_log,10,20,,,,,,0,0,,technical_check,vplc_status_cycle_duration_not_validated_as_Tper,0.020,100,работает
RUN_20260509_VPLC_L0_IDLE_10_20_S01_R05,VPLC_L0_IDLE_10_20,SER_20260509_VPLC_L0_IDLE_10_20_S01,vPLC_container,VPLC_HOST,820,,,2026-05-09T15:51:18.307593722Z,,,,host_log,10,20,,,,,,0,0,,technical_check,vplc_status_cycle_duration_not_validated_as_Tper,0.054,100,работает
RUN_20260509_VPLC_L0_IDLE_10_20_S01_R05,VPLC_L0_IDLE_10_20,SER_20260509_VPLC_L0_IDLE_10_20_S01,vPLC_container,VPLC_HOST,821,,,2026-05-09T15:51:19.360771331Z,,,,host_log,10,20,,,,,,0,0,,technical_check,vplc_status_cycle_duration_not_validated_as_Tper,4.563,100,работает
RUN_20260509_VPLC_L0_IDLE_10_20_S01_R05,VPLC_L0_IDLE_10_20,SER_20260509_VPLC_L0_IDLE_10_20_S01,vPLC_container,VPLC_HOST,822,,,2026-05-09T15:51:20.415875456Z,,,,host_log,10,20,,,,,,0,0,,technical_check,vplc_status_cycle_duration_not_validated_as_Tper,5.074,100,работает
RUN_20260509_VPLC_L0_IDLE_10_20_S01_R05,VPLC_L0_IDLE_10_20,SER_20260509_VPLC_L0_IDLE_10_20_S01,vPLC_container,VPLC_HOST,823,,,2026-05-09T15:51:21.471412800Z,,,,host_log,10,20,,,,,,0,0,,technical_check,vplc_status_cycle_duration_not_validated_as_Tper,0.056,100,работает
RUN_20260509_VPLC_L0_IDLE_10_20_S01_R05,VPLC_L0_IDLE_10_20,SER_20260509_VPLC_L0_IDLE_10_20_S01,vPLC_container,VPLC_HOST,824,,,2026-05-09T15:51:22.526910580Z,,,,host_log,10,20,,,,,,0,0,,technical_check,vplc_status_cycle_duration_not_validated_as_Tper,0.036,100,работает
RUN_20260509_VPLC_L0_IDLE_10_20_S01_R05,VPLC_L0_IDLE_10_20,SER_20260509_VPLC_L0_IDLE_10_20_S01,vPLC_container,VPLC_HOST,825,,,2026-05-09T15:51:23.583785994Z,,,,host_log,10,20,,,,,,0,0,,technical_check,vplc_status_cycle_duration_not_validated_as_Tper,0.057,100,работает
RUN_20260509_VPLC_L0_IDLE_10_20_S01_R05,VPLC_L0_IDLE_10_20,SER_20260509_VPLC_L0_IDLE_10_20_S01,vPLC_container,VPLC_HOST,826,,,2026-05-09T15:51:24.640175602Z,,,,host_log,10,20,,,,,,0,0,,technical_check,vplc_status_cycle_duration_not_validated_as_Tper,0.035,100,работает
RUN_20260509_VPLC_L0_IDLE_10_20_S01_R05,VPLC_L0_IDLE_10_20,SER_20260509_VPLC_L0_IDLE_10_20_S01,vPLC_container,VPLC_HOST,827,,,2026-05-09T15:51:25.692851342Z,,,,host_log,10,20,,,,,,0,0,,technical_check,vplc_status_cycle_duration_not_validated_as_Tper,0.056,100,работает
RUN_20260509_VPLC_L0_IDLE_10_20_S01_R05,VPLC_L0_IDLE_10_20,SER_20260509_VPLC_L0_IDLE_10_20_S01,vPLC_container,VPLC_HOST,828,,,2026-05-09T15:51:26.750144706Z,,,,host_log,10,20,,,,,,0,0,,technical_check,vplc_status_cycle_duration_not_validated_as_Tper,0.021,100,работает
RUN_20260509_VPLC_L0_IDLE_10_20_S01_R05,VPLC_L0_IDLE_10_20,SER_20260509_VPLC_L0_IDLE_10_20_S01,vPLC_container,VPLC_HOST,829,,,2026-05-09T15:51:27.801221311Z,,,,host_log,10,20,,,,,,0,0,,technical_check,vplc_status_cycle_duration_not_validated_as_Tper,0.057,100,работает
RUN_20260509_VPLC_L0_IDLE_10_20_S01_R05,VPLC_L0_IDLE_10_20,SER_20260509_VPLC_L0_IDLE_10_20_S01,vPLC_container,VPLC_HOST,830,,,2026-05-09T15:51:28.861891651Z,,,,host_log,10,20,,,,,,0,0,,technical_check,vplc_status_cycle_duration_not_validated_as_Tper,0.053,100,работает
RUN_20260509_VPLC_L0_IDLE_10_20_S01_R05,VPLC_L0_IDLE_10_20,SER_20260509_VPLC_L0_IDLE_10_20_S01,vPLC_container,VPLC_HOST,831,,,2026-05-09T15:51:29.915204581Z,,,,host_log,10,20,,,,,,0,0,,technical_check,vplc_status_cycle_duration_not_validated_as_Tper,0.055,100,работает
RUN_20260509_VPLC_L0_IDLE_10_20_S01_R05,VPLC_L0_IDLE_10_20,SER_20260509_VPLC_L0_IDLE_10_20_S01,vPLC_container,VPLC_HOST,832,,,2026-05-09T15:51:30.970683265Z,,,,host_log,10,20,,,,,,0,0,,technical_check,vplc_status_cycle_duration_not_validated_as_Tper,0.056,100,работает
RUN_20260509_VPLC_L0_IDLE_10_20_S01_R05,VPLC_L0_IDLE_10_20,SER_20260509_VPLC_L0_IDLE_10_20_S01,vPLC_container,VPLC_HOST,833,,,2026-05-09T15:51:32.026052463Z,,,,host_log,10,20,,,,,,0,0,,technical_check,vplc_status_cycle_duration_not_validated_as_Tper,0.036,100,работает
RUN_20260509_VPLC_L0_IDLE_10_20_S01_R05,VPLC_L0_IDLE_10_20,SER_20260509_VPLC_L0_IDLE_10_20_S01,vPLC_container,VPLC_HOST,834,,,2026-05-09T15:51:33.083554566Z,,,,host_log,10,20,,,,,,0,0,,technical_check,vplc_status_cycle_duration_not_validated_as_Tper,0.056,100,работает
RUN_20260509_VPLC_L0_IDLE_10_20_S01_R05,VPLC_L0_IDLE_10_20,SER_20260509_VPLC_L0_IDLE_10_20_S01,vPLC_container,VPLC_HOST,835,,,2026-05-09T15:51:34.134029981Z,,,,host_log,10,20,,,,,,0,0,,technical_check,vplc_status_cycle_duration_not_validated_as_Tper,0.036,100,работает
RUN_20260509_VPLC_L0_IDLE_10_20_S01_R05,VPLC_L0_IDLE_10_20,SER_20260509_VPLC_L0_IDLE_10_20_S01,vPLC_container,VPLC_HOST,836,,,2026-05-09T15:51:35.194213946Z,,,,host_log,10,20,,,,,,0,0,,technical_check,vplc_status_cycle_duration_not_validated_as_Tper,0.056,100,работает
RUN_20260509_VPLC_L0_IDLE_10_20_S01_R05,VPLC_L0_IDLE_10_20,SER_20260509_VPLC_L0_IDLE_10_20_S01,vPLC_container,VPLC_HOST,837,,,2026-05-09T15:51:36.249627988Z,,,,host_log,10,20,,,,,,0,0,,technical_check,vplc_status_cycle_duration_not_validated_as_Tper,0.021,100,работает
RUN_20260509_VPLC_L0_IDLE_10_20_S01_R05,VPLC_L0_IDLE_10_20,SER_20260509_VPLC_L0_IDLE_10_20_S01,vPLC_container,VPLC_HOST,838,,,2026-05-09T15:51:37.302250990Z,,,,host_log,10,20,,,,,,0,0,,technical_check,vplc_status_cycle_duration_not_validated_as_Tper,0.057,100,работает
RUN_20260509_VPLC_L0_IDLE_10_20_S01_R05,VPLC_L0_IDLE_10_20,SER_20260509_VPLC_L0_IDLE_10_20_S01,vPLC_container,VPLC_HOST,839,,,2026-05-09T15:51:38.360253037Z,,,,host_log,10,20,,,,,,0,0,,technical_check,vplc_status_cycle_duration_not_validated_as_Tper,4.777,100,работает
RUN_20260509_VPLC_L0_IDLE_10_20_S01_R05,VPLC_L0_IDLE_10_20,SER_20260509_VPLC_L0_IDLE_10_20_S01,vPLC_container,VPLC_HOST,840,,,2026-05-09T15:51:39.414737885Z,,,,host_log,10,20,,,,,,0,0,,technical_check,vplc_status_cycle_duration_not_validated_as_Tper,5.020,100,работает
RUN_20260509_VPLC_L0_IDLE_10_20_S01_R05,VPLC_L0_IDLE_10_20,SER_20260509_VPLC_L0_IDLE_10_20_S01,vPLC_container,VPLC_HOST,841,,,2026-05-09T15:51:40.469866603Z,,,,host_log,10,20,,,,,,0,0,,technical_check,vplc_status_cycle_duration_not_validated_as_Tper,0.058,100,работает
RUN_20260509_VPLC_L0_IDLE_10_20_S01_R05,VPLC_L0_IDLE_10_20,SER_20260509_VPLC_L0_IDLE_10_20_S01,vPLC_container,VPLC_HOST,842,,,2026-05-09T15:51:41.525078698Z,,,,host_log,10,20,,,,,,0,0,,technical_check,vplc_status_cycle_duration_not_validated_as_Tper,0.053,100,работает
RUN_20260509_VPLC_L0_IDLE_10_20_S01_R05,VPLC_L0_IDLE_10_20,SER_20260509_VPLC_L0_IDLE_10_20_S01,vPLC_container,VPLC_HOST,843,,,2026-05-09T15:51:42.581696280Z,,,,host_log,10,20,,,,,,0,0,,technical_check,vplc_status_cycle_duration_not_validated_as_Tper,0.058,100,работает
RUN_20260509_VPLC_L0_IDLE_10_20_S01_R05,VPLC_L0_IDLE_10_20,SER_20260509_VPLC_L0_IDLE_10_20_S01,vPLC_container,VPLC_HOST,844,,,2026-05-09T15:51:43.636496902Z,,,,host_log,10,20,,,,,,0,0,,technical_check,vplc_status_cycle_duration_not_validated_as_Tper,0.036,100,работает
RUN_20260509_VPLC_L0_IDLE_10_20_S01_R05,VPLC_L0_IDLE_10_20,SER_20260509_VPLC_L0_IDLE_10_20_S01,vPLC_container,VPLC_HOST,845,,,2026-05-09T15:51:44.690820454Z,,,,host_log,10,20,,,,,,0,0,,technical_check,vplc_status_cycle_duration_not_validated_as_Tper,0.056,100,работает
RUN_20260509_VPLC_L0_IDLE_10_20_S01_R05,VPLC_L0_IDLE_10_20,SER_20260509_VPLC_L0_IDLE_10_20_S01,vPLC_container,VPLC_HOST,846,,,2026-05-09T15:51:45.746919245Z,,,,host_log,10,20,,,,,,0,0,,technical_check,vplc_status_cycle_duration_not_validated_as_Tper,0.030,100,работает
RUN_20260509_VPLC_L0_IDLE_10_20_S01_R05,VPLC_L0_IDLE_10_20,SER_20260509_VPLC_L0_IDLE_10_20_S01,vPLC_container,VPLC_HOST,847,,,2026-05-09T15:51:46.798778303Z,,,,host_log,10,20,,,,,,0,0,,technical_check,vplc_status_cycle_duration_not_validated_as_Tper,0.055,100,работает
RUN_20260509_VPLC_L0_IDLE_10_20_S01_R05,VPLC_L0_IDLE_10_20,SER_20260509_VPLC_L0_IDLE_10_20_S01,vPLC_container,VPLC_HOST,848,,,2026-05-09T15:51:47.856715119Z,,,,host_log,10,20,,,,,,0,0,,technical_check,vplc_status_cycle_duration_not_validated_as_Tper,0.037,100,работает
RUN_20260509_VPLC_L0_IDLE_10_20_S01_R05,VPLC_L0_IDLE_10_20,SER_20260509_VPLC_L0_IDLE_10_20_S01,vPLC_container,VPLC_HOST,849,,,2026-05-09T15:51:48.909581719Z,,,,host_log,10,20,,,,,,0,0,,technical_check,vplc_status_cycle_duration_not_validated_as_Tper,0.056,100,работает
RUN_20260509_VPLC_L0_IDLE_10_20_S01_R05,VPLC_L0_IDLE_10_20,SER_20260509_VPLC_L0_IDLE_10_20_S01,vPLC_container,VPLC_HOST,850,,,2026-05-09T15:51:49.968652890Z,,,,host_log,10,20,,,,,,0,0,,technical_check,vplc_status_cycle_duration_not_validated_as_Tper,0.056,100,работает
RUN_20260509_VPLC_L0_IDLE_10_20_S01_R05,VPLC_L0_IDLE_10_20,SER_20260509_VPLC_L0_IDLE_10_20_S01,vPLC_container,VPLC_HOST,851,,,2026-05-09T15:51:51.022901590Z,,,,host_log,10,20,,,,,,0,0,,technical_check,vplc_status_cycle_duration_not_validated_as_Tper,0.034,100,работает
RUN_20260509_VPLC_L0_IDLE_10_20_S01_R05,VPLC_L0_IDLE_10_20,SER_20260509_VPLC_L0_IDLE_10_20_S01,vPLC_container,VPLC_HOST,852,,,2026-05-09T15:51:52.074850916Z,,,,host_log,10,20,,,,,,0,0,,technical_check,vplc_status_cycle_duration_not_validated_as_Tper,0.056,100,работает
RUN_20260509_VPLC_L0_IDLE_10_20_S01_R05,VPLC_L0_IDLE_10_20,SER_20260509_VPLC_L0_IDLE_10_20_S01,vPLC_container,VPLC_HOST,853,,,2026-05-09T15:51:53.133442238Z,,,,host_log,10,20,,,,,,0,0,,technical_check,vplc_status_cycle_duration_not_validated_as_Tper,0.036,100,работает
RUN_20260509_VPLC_L0_IDLE_10_20_S01_R05,VPLC_L0_IDLE_10_20,SER_20260509_VPLC_L0_IDLE_10_20_S01,vPLC_container,VPLC_HOST,854,,,2026-05-09T15:51:54.185510506Z,,,,host_log,10,20,,,,,,0,0,,technical_check,vplc_status_cycle_duration_not_validated_as_Tper,0.066,100,работает
RUN_20260509_VPLC_L0_IDLE_10_20_S01_R05,VPLC_L0_IDLE_10_20,SER_20260509_VPLC_L0_IDLE_10_20_S01,vPLC_container,VPLC_HOST,855,,,2026-05-09T15:51:55.244156443Z,,,,host_log,10,20,,,,,,0,0,,technical_check,vplc_status_cycle_duration_not_validated_as_Tper,0.036,100,работает
RUN_20260509_VPLC_L0_IDLE_10_20_S01_R05,VPLC_L0_IDLE_10_20,SER_20260509_VPLC_L0_IDLE_10_20_S01,vPLC_container,VPLC_HOST,856,,,2026-05-09T15:51:56.298712128Z,,,,host_log,10,20,,,,,,0,0,,technical_check,vplc_status_cycle_duration_not_validated_as_Tper,0.056,100,работает
RUN_20260509_VPLC_L0_IDLE_10_20_S01_R05,VPLC_L0_IDLE_10_20,SER_20260509_VPLC_L0_IDLE_10_20_S01,vPLC_container,VPLC_HOST,857,,,2026-05-09T15:51:57.355537654Z,,,,host_log,10,20,,,,,,0,0,,technical_check,vplc_status_cycle_duration_not_validated_as_Tper,3.840,100,работает
RUN_20260509_VPLC_L0_IDLE_10_20_S01_R05,VPLC_L0_IDLE_10_20,SER_20260509_VPLC_L0_IDLE_10_20_S01,vPLC_container,VPLC_HOST,858,,,2026-05-09T15:51:58.408763620Z,,,,host_log,10,20,,,,,,0,0,,technical_check,vplc_status_cycle_duration_not_validated_as_Tper,5.012,100,работает
RUN_20260509_VPLC_L0_IDLE_10_20_S01_R05,VPLC_L0_IDLE_10_20,SER_20260509_VPLC_L0_IDLE_10_20_S01,vPLC_container,VPLC_HOST,859,,,2026-05-09T15:51:59.461873278Z,,,,host_log,10,20,,,,,,0,0,,technical_check,vplc_status_cycle_duration_not_validated_as_Tper,0.057,100,работает
RUN_20260509_VPLC_L0_IDLE_10_20_S01_R05,VPLC_L0_IDLE_10_20,SER_20260509_VPLC_L0_IDLE_10_20_S01,vPLC_container,VPLC_HOST,860,,,2026-05-09T15:52:00.519165169Z,,,,host_log,10,20,,,,,,0,0,,technical_check,vplc_status_cycle_duration_not_validated_as_Tper,0.058,100,работает
RUN_20260509_VPLC_L0_IDLE_10_20_S01_R05,VPLC_L0_IDLE_10_20,SER_20260509_VPLC_L0_IDLE_10_20_S01,vPLC_container,VPLC_HOST,861,,,2026-05-09T15:52:01.573607291Z,,,,host_log,10,20,,,,,,0,0,,technical_check,vplc_status_cycle_duration_not_validated_as_Tper,0.056,100,работает
RUN_20260509_VPLC_L0_IDLE_10_20_S01_R05,VPLC_L0_IDLE_10_20,SER_20260509_VPLC_L0_IDLE_10_20_S01,vPLC_container,VPLC_HOST,862,,,2026-05-09T15:52:02.627723856Z,,,,host_log,10,20,,,,,,0,0,,technical_check,vplc_status_cycle_duration_not_validated_as_Tper,0.056,100,работает
RUN_20260509_VPLC_L0_IDLE_10_20_S01_R05,VPLC_L0_IDLE_10_20,SER_20260509_VPLC_L0_IDLE_10_20_S01,vPLC_container,VPLC_HOST,863,,,2026-05-09T15:52:03.685748897Z,,,,host_log,10,20,,,,,,0,0,,technical_check,vplc_status_cycle_duration_not_validated_as_Tper,0.057,100,работает
RUN_20260509_VPLC_L0_IDLE_10_20_S01_R05,VPLC_L0_IDLE_10_20,SER_20260509_VPLC_L0_IDLE_10_20_S01,vPLC_container,VPLC_HOST,864,,,2026-05-09T15:52:04.740259636Z,,,,host_log,10,20,,,,,,0,0,,technical_check,vplc_status_cycle_duration_not_validated_as_Tper,0.036,100,работает
RUN_20260509_VPLC_L0_IDLE_10_20_S01_R05,VPLC_L0_IDLE_10_20,SER_20260509_VPLC_L0_IDLE_10_20_S01,vPLC_container,VPLC_HOST,865,,,2026-05-09T15:52:05.797068026Z,,,,host_log,10,20,,,,,,0,0,,technical_check,vplc_status_cycle_duration_not_validated_as_Tper,0.057,100,работает
RUN_20260509_VPLC_L0_IDLE_10_20_S01_R05,VPLC_L0_IDLE_10_20,SER_20260509_VPLC_L0_IDLE_10_20_S01,vPLC_container,VPLC_HOST,866,,,2026-05-09T15:52:06.850612255Z,,,,host_log,10,20,,,,,,0,0,,technical_check,vplc_status_cycle_duration_not_validated_as_Tper,0.019,100,работает
RUN_20260509_VPLC_L0_IDLE_10_20_S01_R05,VPLC_L0_IDLE_10_20,SER_20260509_VPLC_L0_IDLE_10_20_S01,vPLC_container,VPLC_HOST,867,,,2026-05-09T15:52:07.907118599Z,,,,host_log,10,20,,,,,,0,0,,technical_check,vplc_status_cycle_duration_not_validated_as_Tper,0.058,100,работает
RUN_20260509_VPLC_L0_IDLE_10_20_S01_R05,VPLC_L0_IDLE_10_20,SER_20260509_VPLC_L0_IDLE_10_20_S01,vPLC_container,VPLC_HOST,868,,,2026-05-09T15:52:08.961915174Z,,,,host_log,10,20,,,,,,0,0,,technical_check,vplc_status_cycle_duration_not_validated_as_Tper,0.056,100,работает
RUN_20260509_VPLC_L0_IDLE_10_20_S01_R05,VPLC_L0_IDLE_10_20,SER_20260509_VPLC_L0_IDLE_10_20_S01,vPLC_container,VPLC_HOST,869,,,2026-05-09T15:52:10.018428632Z,,,,host_log,10,20,,,,,,0,0,,technical_check,vplc_status_cycle_duration_not_validated_as_Tper,0.057,100,работает
RUN_20260509_VPLC_L0_IDLE_10_20_S01_R05,VPLC_L0_IDLE_10_20,SER_20260509_VPLC_L0_IDLE_10_20_S01,vPLC_container,VPLC_HOST,870,,,2026-05-09T15:52:11.072687673Z,,,,host_log,10,20,,,,,,0,0,,technical_check,vplc_status_cycle_duration_not_validated_as_Tper,0.057,100,работает
RUN_20260509_VPLC_L0_IDLE_10_20_S01_R05,VPLC_L0_IDLE_10_20,SER_20260509_VPLC_L0_IDLE_10_20_S01,vPLC_container,VPLC_HOST,871,,,2026-05-09T15:52:12.128274814Z,,,,host_log,10,20,,,,,,0,0,,technical_check,vplc_status_cycle_duration_not_validated_as_Tper,0.056,100,работает
RUN_20260509_VPLC_L0_IDLE_10_20_S01_R05,VPLC_L0_IDLE_10_20,SER_20260509_VPLC_L0_IDLE_10_20_S01,vPLC_container,VPLC_HOST,872,,,2026-05-09T15:52:13.181230126Z,,,,host_log,10,20,,,,,,0,0,,technical_check,vplc_status_cycle_duration_not_validated_as_Tper,0.056,100,работает
RUN_20260509_VPLC_L0_IDLE_10_20_S01_R05,VPLC_L0_IDLE_10_20,SER_20260509_VPLC_L0_IDLE_10_20_S01,vPLC_container,VPLC_HOST,873,,,2026-05-09T15:52:14.238810644Z,,,,host_log,10,20,,,,,,0,0,,technical_check,vplc_status_cycle_duration_not_validated_as_Tper,0.035,100,работает
RUN_20260509_VPLC_L0_IDLE_10_20_S01_R05,VPLC_L0_IDLE_10_20,SER_20260509_VPLC_L0_IDLE_10_20_S01,vPLC_container,VPLC_HOST,874,,,2026-05-09T15:52:15.294811834Z,,,,host_log,10,20,,,,,,0,0,,technical_check,vplc_status_cycle_duration_not_validated_as_Tper,0.056,100,работает
RUN_20260509_VPLC_L0_IDLE_10_20_S01_R05,VPLC_L0_IDLE_10_20,SER_20260509_VPLC_L0_IDLE_10_20_S01,vPLC_container,VPLC_HOST,875,,,2026-05-09T15:52:16.349095583Z,,,,host_log,10,20,,,,,,0,0,,technical_check,vplc_status_cycle_duration_not_validated_as_Tper,4.111,100,работает
RUN_20260509_VPLC_L0_IDLE_10_20_S01_R05,VPLC_L0_IDLE_10_20,SER_20260509_VPLC_L0_IDLE_10_20_S01,vPLC_container,VPLC_HOST,876,,,2026-05-09T15:52:17.402859674Z,,,,host_log,10,20,,,,,,0,0,,technical_check,vplc_status_cycle_duration_not_validated_as_Tper,4.545,100,работает
RUN_20260509_VPLC_L0_IDLE_10_20_S01_R05,VPLC_L0_IDLE_10_20,SER_20260509_VPLC_L0_IDLE_10_20_S01,vPLC_container,VPLC_HOST,877,,,2026-05-09T15:52:18.458750419Z,,,,host_log,10,20,,,,,,0,0,,technical_check,vplc_status_cycle_duration_not_validated_as_Tper,0.040,100,работает
RUN_20260509_VPLC_L0_IDLE_10_20_S01_R05,VPLC_L0_IDLE_10_20,SER_20260509_VPLC_L0_IDLE_10_20_S01,vPLC_container,VPLC_HOST,878,,,2026-05-09T15:52:19.513040752Z,,,,host_log,10,20,,,,,,0,0,,technical_check,vplc_status_cycle_duration_not_validated_as_Tper,0.055,100,работает
RUN_20260509_VPLC_L0_IDLE_10_20_S01_R05,VPLC_L0_IDLE_10_20,SER_20260509_VPLC_L0_IDLE_10_20_S01,vPLC_container,VPLC_HOST,879,,,2026-05-09T15:52:20.569227830Z,,,,host_log,10,20,,,,,,0,0,,technical_check,vplc_status_cycle_duration_not_validated_as_Tper,0.057,100,работает
RUN_20260509_VPLC_L0_IDLE_10_20_S01_R05,VPLC_L0_IDLE_10_20,SER_20260509_VPLC_L0_IDLE_10_20_S01,vPLC_container,VPLC_HOST,880,,,2026-05-09T15:52:21.626746660Z,,,,host_log,10,20,,,,,,0,0,,technical_check,vplc_status_cycle_duration_not_validated_as_Tper,0.035,100,работает
RUN_20260509_VPLC_L0_IDLE_10_20_S01_R05,VPLC_L0_IDLE_10_20,SER_20260509_VPLC_L0_IDLE_10_20_S01,vPLC_container,VPLC_HOST,881,,,2026-05-09T15:52:22.682057277Z,,,,host_log,10,20,,,,,,0,0,,technical_check,vplc_status_cycle_duration_not_validated_as_Tper,0.058,100,работает
RUN_20260509_VPLC_L0_IDLE_10_20_S01_R05,VPLC_L0_IDLE_10_20,SER_20260509_VPLC_L0_IDLE_10_20_S01,vPLC_container,VPLC_HOST,882,,,2026-05-09T15:52:23.735138313Z,,,,host_log,10,20,,,,,,0,0,,technical_check,vplc_status_cycle_duration_not_validated_as_Tper,0.036,100,работает
RUN_20260509_VPLC_L0_IDLE_10_20_S01_R05,VPLC_L0_IDLE_10_20,SER_20260509_VPLC_L0_IDLE_10_20_S01,vPLC_container,VPLC_HOST,883,,,2026-05-09T15:52:24.791694698Z,,,,host_log,10,20,,,,,,0,0,,technical_check,vplc_status_cycle_duration_not_validated_as_Tper,0.056,100,работает
RUN_20260509_VPLC_L0_IDLE_10_20_S01_R05,VPLC_L0_IDLE_10_20,SER_20260509_VPLC_L0_IDLE_10_20_S01,vPLC_container,VPLC_HOST,884,,,2026-05-09T15:52:25.847730930Z,,,,host_log,10,20,,,,,,0,0,,technical_check,vplc_status_cycle_duration_not_validated_as_Tper,0.026,100,работает
RUN_20260509_VPLC_L0_IDLE_10_20_S01_R05,VPLC_L0_IDLE_10_20,SER_20260509_VPLC_L0_IDLE_10_20_S01,vPLC_container,VPLC_HOST,885,,,2026-05-09T15:52:26.903785378Z,,,,host_log,10,20,,,,,,0,0,,technical_check,vplc_status_cycle_duration_not_validated_as_Tper,0.056,100,работает
RUN_20260509_VPLC_L0_IDLE_10_20_S01_R05,VPLC_L0_IDLE_10_20,SER_20260509_VPLC_L0_IDLE_10_20_S01,vPLC_container,VPLC_HOST,886,,,2026-05-09T15:52:27.956069429Z,,,,host_log,10,20,,,,,,0,0,,technical_check,vplc_status_cycle_duration_not_validated_as_Tper,0.033,100,работает
RUN_20260509_VPLC_L0_IDLE_10_20_S01_R05,VPLC_L0_IDLE_10_20,SER_20260509_VPLC_L0_IDLE_10_20_S01,vPLC_container,VPLC_HOST,887,,,2026-05-09T15:52:29.014031788Z,,,,host_log,10,20,,,,,,0,0,,technical_check,vplc_status_cycle_duration_not_validated_as_Tper,0.056,100,работает
RUN_20260509_VPLC_L0_IDLE_10_20_S01_R05,VPLC_L0_IDLE_10_20,SER_20260509_VPLC_L0_IDLE_10_20_S01,vPLC_container,VPLC_HOST,888,,,2026-05-09T15:52:30.068391061Z,,,,host_log,10,20,,,,,,0,0,,technical_check,vplc_status_cycle_duration_not_validated_as_Tper,0.053,100,работает
RUN_20260509_VPLC_L0_IDLE_10_20_S01_R05,VPLC_L0_IDLE_10_20,SER_20260509_VPLC_L0_IDLE_10_20_S01,vPLC_container,VPLC_HOST,889,,,2026-05-09T15:52:31.124734227Z,,,,host_log,10,20,,,,,,0,0,,technical_check,vplc_status_cycle_duration_not_validated_as_Tper,0.054,100,работает
RUN_20260509_VPLC_L0_IDLE_10_20_S01_R05,VPLC_L0_IDLE_10_20,SER_20260509_VPLC_L0_IDLE_10_20_S01,vPLC_container,VPLC_HOST,890,,,2026-05-09T15:52:32.181304332Z,,,,host_log,10,20,,,,,,0,0,,technical_check,vplc_status_cycle_duration_not_validated_as_Tper,0.056,100,работает
RUN_20260509_VPLC_L0_IDLE_10_20_S01_R05,VPLC_L0_IDLE_10_20,SER_20260509_VPLC_L0_IDLE_10_20_S01,vPLC_container,VPLC_HOST,891,,,2026-05-09T15:52:33.232858534Z,,,,host_log,10,20,,,,,,0,0,,technical_check,vplc_status_cycle_duration_not_validated_as_Tper,0.056,100,работает
RUN_20260509_VPLC_L0_IDLE_10_20_S01_R05,VPLC_L0_IDLE_10_20,SER_20260509_VPLC_L0_IDLE_10_20_S01,vPLC_container,VPLC_HOST,892,,,2026-05-09T15:52:34.287815188Z,,,,host_log,10,20,,,,,,0,0,,technical_check,vplc_status_cycle_duration_not_validated_as_Tper,0.056,100,работает
RUN_20260509_VPLC_L0_IDLE_10_20_S01_R05,VPLC_L0_IDLE_10_20,SER_20260509_VPLC_L0_IDLE_10_20_S01,vPLC_container,VPLC_HOST,893,,,2026-05-09T15:52:35.345655682Z,,,,host_log,10,20,,,,,,0,0,,technical_check,vplc_status_cycle_duration_not_validated_as_Tper,4.588,100,работает
RUN_20260509_VPLC_L0_IDLE_10_20_S01_R05,VPLC_L0_IDLE_10_20,SER_20260509_VPLC_L0_IDLE_10_20_S01,vPLC_container,VPLC_HOST,894,,,2026-05-09T15:52:36.400001466Z,,,,host_log,10,20,,,,,,0,0,,technical_check,vplc_status_cycle_duration_not_validated_as_Tper,4.175,100,работает
RUN_20260509_VPLC_L0_IDLE_10_20_S01_R05,VPLC_L0_IDLE_10_20,SER_20260509_VPLC_L0_IDLE_10_20_S01,vPLC_container,VPLC_HOST,895,,,2026-05-09T15:52:37.456276330Z,,,,host_log,10,20,,,,,,0,0,,technical_check,vplc_status_cycle_duration_not_validated_as_Tper,0.035,100,работает
RUN_20260509_VPLC_L0_IDLE_10_20_S01_R05,VPLC_L0_IDLE_10_20,SER_20260509_VPLC_L0_IDLE_10_20_S01,vPLC_container,VPLC_HOST,896,,,2026-05-09T15:52:38.511569332Z,,,,host_log,10,20,,,,,,0,0,,technical_check,vplc_status_cycle_duration_not_validated_as_Tper,0.056,100,работает
RUN_20260509_VPLC_L0_IDLE_10_20_S01_R05,VPLC_L0_IDLE_10_20,SER_20260509_VPLC_L0_IDLE_10_20_S01,vPLC_container,VPLC_HOST,897,,,2026-05-09T15:52:39.566817668Z,,,,host_log,10,20,,,,,,0,0,,technical_check,vplc_status_cycle_duration_not_validated_as_Tper,0.057,100,работает
RUN_20260509_VPLC_L0_IDLE_10_20_S01_R05,VPLC_L0_IDLE_10_20,SER_20260509_VPLC_L0_IDLE_10_20_S01,vPLC_container,VPLC_HOST,898,,,2026-05-09T15:52:40.622646465Z,,,,host_log,10,20,,,,,,0,0,,technical_check,vplc_status_cycle_duration_not_validated_as_Tper,0.056,100,работает
RUN_20260509_VPLC_L0_IDLE_10_20_S01_R05,VPLC_L0_IDLE_10_20,SER_20260509_VPLC_L0_IDLE_10_20_S01,vPLC_container,VPLC_HOST,899,,,2026-05-09T15:52:41.676698092Z,,,,host_log,10,20,,,,,,0,0,,technical_check,vplc_status_cycle_duration_not_validated_as_Tper,0.057,100,работает
RUN_20260509_VPLC_L0_IDLE_10_20_S01_R05,VPLC_L0_IDLE_10_20,SER_20260509_VPLC_L0_IDLE_10_20_S01,vPLC_container,VPLC_HOST,900,,,2026-05-09T15:52:42.728953553Z,,,,host_log,10,20,,,,,,0,0,,technical_check,vplc_status_cycle_duration_not_validated_as_Tper,0.057,100,работает
RUN_20260509_VPLC_L0_IDLE_10_20_S01_R05,VPLC_L0_IDLE_10_20,SER_20260509_VPLC_L0_IDLE_10_20_S01,vPLC_container,VPLC_HOST,901,,,2026-05-09T15:52:43.786062923Z,,,,host_log,10,20,,,,,,0,0,,technical_check,vplc_status_cycle_duration_not_validated_as_Tper,0.057,100,работает
RUN_20260509_VPLC_L0_IDLE_10_20_S01_R05,VPLC_L0_IDLE_10_20,SER_20260509_VPLC_L0_IDLE_10_20_S01,vPLC_container,VPLC_HOST,902,,,2026-05-09T15:52:44.843956941Z,,,,host_log,10,20,,,,,,0,0,,technical_check,vplc_status_cycle_duration_not_validated_as_Tper,0.036,100,работает
RUN_20260509_VPLC_L0_IDLE_10_20_S01_R05,VPLC_L0_IDLE_10_20,SER_20260509_VPLC_L0_IDLE_10_20_S01,vPLC_container,VPLC_HOST,903,,,2026-05-09T15:52:45.898705315Z,,,,host_log,10,20,,,,,,0,0,,technical_check,vplc_status_cycle_duration_not_validated_as_Tper,0.056,100,работает
RUN_20260509_VPLC_L0_IDLE_10_20_S01_R05,VPLC_L0_IDLE_10_20,SER_20260509_VPLC_L0_IDLE_10_20_S01,vPLC_container,VPLC_HOST,904,,,2026-05-09T15:52:46.952038232Z,,,,host_log,10,20,,,,,,0,0,,technical_check,vplc_status_cycle_duration_not_validated_as_Tper,0.026,100,работает
RUN_20260509_VPLC_L0_IDLE_10_20_S01_R05,VPLC_L0_IDLE_10_20,SER_20260509_VPLC_L0_IDLE_10_20_S01,vPLC_container,VPLC_HOST,905,,,2026-05-09T15:52:48.007404345Z,,,,host_log,10,20,,,,,,0,0,,technical_check,vplc_status_cycle_duration_not_validated_as_Tper,0.055,100,работает
RUN_20260509_VPLC_L0_IDLE_10_20_S01_R05,VPLC_L0_IDLE_10_20,SER_20260509_VPLC_L0_IDLE_10_20_S01,vPLC_container,VPLC_HOST,906,,,2026-05-09T15:52:49.065470842Z,,,,host_log,10,20,,,,,,0,0,,technical_check,vplc_status_cycle_duration_not_validated_as_Tper,0.055,100,работает
RUN_20260509_VPLC_L0_IDLE_10_20_S01_R05,VPLC_L0_IDLE_10_20,SER_20260509_VPLC_L0_IDLE_10_20_S01,vPLC_container,VPLC_HOST,907,,,2026-05-09T15:52:50.121033960Z,,,,host_log,10,20,,,,,,0,0,,technical_check,vplc_status_cycle_duration_not_validated_as_Tper,0.052,100,работает
RUN_20260509_VPLC_L0_IDLE_10_20_S01_R05,VPLC_L0_IDLE_10_20,SER_20260509_VPLC_L0_IDLE_10_20_S01,vPLC_container,VPLC_HOST,908,,,2026-05-09T15:52:51.175500985Z,,,,host_log,10,20,,,,,,0,0,,technical_check,vplc_status_cycle_duration_not_validated_as_Tper,0.056,100,работает
RUN_20260509_VPLC_L0_IDLE_10_20_S01_R05,VPLC_L0_IDLE_10_20,SER_20260509_VPLC_L0_IDLE_10_20_S01,vPLC_container,VPLC_HOST,909,,,2026-05-09T15:52:52.230619300Z,,,,host_log,10,20,,,,,,0,0,,technical_check,vplc_status_cycle_duration_not_validated_as_Tper,0.035,100,работает
RUN_20260509_VPLC_L0_IDLE_10_20_S01_R05,VPLC_L0_IDLE_10_20,SER_20260509_VPLC_L0_IDLE_10_20_S01,vPLC_container,VPLC_HOST,910,,,2026-05-09T15:52:53.286937763Z,,,,host_log,10,20,,,,,,0,0,,technical_check,vplc_status_cycle_duration_not_validated_as_Tper,0.056,100,работает
RUN_20260509_VPLC_L0_IDLE_10_20_S01_R05,VPLC_L0_IDLE_10_20,SER_20260509_VPLC_L0_IDLE_10_20_S01,vPLC_container,VPLC_HOST,911,,,2026-05-09T15:52:54.341568076Z,,,,host_log,10,20,,,,,,0,0,,technical_check,vplc_status_cycle_duration_not_validated_as_Tper,4.258,100,работает
RUN_20260509_VPLC_L0_IDLE_10_20_S01_R05,VPLC_L0_IDLE_10_20,SER_20260509_VPLC_L0_IDLE_10_20_S01,vPLC_container,VPLC_HOST,912,,,2026-05-09T15:52:55.394577320Z,,,,host_log,10,20,,,,,,0,0,,technical_check,vplc_status_cycle_duration_not_validated_as_Tper,4.343,100,работает
RUN_20260509_VPLC_L0_IDLE_10_20_S01_R05,VPLC_L0_IDLE_10_20,SER_20260509_VPLC_L0_IDLE_10_20_S01,vPLC_container,VPLC_HOST,913,,,2026-05-09T15:52:56.452201702Z,,,,host_log,10,20,,,,,,0,0,,technical_check,vplc_status_cycle_duration_not_validated_as_Tper,0.020,100,работает
RUN_20260509_VPLC_L0_IDLE_10_20_S01_R05,VPLC_L0_IDLE_10_20,SER_20260509_VPLC_L0_IDLE_10_20_S01,vPLC_container,VPLC_HOST,914,,,2026-05-09T15:52:57.506200859Z,,,,host_log,10,20,,,,,,0,0,,technical_check,vplc_status_cycle_duration_not_validated_as_Tper,0.056,100,работает
RUN_20260509_VPLC_L0_IDLE_10_20_S01_R05,VPLC_L0_IDLE_10_20,SER_20260509_VPLC_L0_IDLE_10_20_S01,vPLC_container,VPLC_HOST,915,,,2026-05-09T15:52:58.561265189Z,,,,host_log,10,20,,,,,,0,0,,technical_check,vplc_status_cycle_duration_not_validated_as_Tper,0.056,100,работает
RUN_20260509_VPLC_L0_IDLE_10_20_S01_R05,VPLC_L0_IDLE_10_20,SER_20260509_VPLC_L0_IDLE_10_20_S01,vPLC_container,VPLC_HOST,916,,,2026-05-09T15:52:59.618815134Z,,,,host_log,10,20,,,,,,0,0,,technical_check,vplc_status_cycle_duration_not_validated_as_Tper,0.056,100,работает
RUN_20260509_VPLC_L0_IDLE_10_20_S01_R05,VPLC_L0_IDLE_10_20,SER_20260509_VPLC_L0_IDLE_10_20_S01,vPLC_container,VPLC_HOST,917,,,2026-05-09T15:53:00.674675004Z,,,,host_log,10,20,,,,,,0,0,,technical_check,vplc_status_cycle_duration_not_validated_as_Tper,0.057,100,работает
RUN_20260509_VPLC_L0_IDLE_10_20_S01_R05,VPLC_L0_IDLE_10_20,SER_20260509_VPLC_L0_IDLE_10_20_S01,vPLC_container,VPLC_HOST,918,,,2026-05-09T15:53:01.729262128Z,,,,host_log,10,20,,,,,,0,0,,technical_check,vplc_status_cycle_duration_not_validated_as_Tper,0.052,100,работает
RUN_20260509_VPLC_L0_IDLE_10_20_S01_R05,VPLC_L0_IDLE_10_20,SER_20260509_VPLC_L0_IDLE_10_20_S01,vPLC_container,VPLC_HOST,919,,,2026-05-09T15:53:02.785616964Z,,,,host_log,10,20,,,,,,0,0,,technical_check,vplc_status_cycle_duration_not_validated_as_Tper,0.057,100,работает
RUN_20260509_VPLC_L0_IDLE_10_20_S01_R05,VPLC_L0_IDLE_10_20,SER_20260509_VPLC_L0_IDLE_10_20_S01,vPLC_container,VPLC_HOST,920,,,2026-05-09T15:53:03.839749995Z,,,,host_log,10,20,,,,,,0,0,,technical_check,vplc_status_cycle_duration_not_validated_as_Tper,0.035,100,работает
RUN_20260509_VPLC_L0_IDLE_10_20_S01_R05,VPLC_L0_IDLE_10_20,SER_20260509_VPLC_L0_IDLE_10_20_S01,vPLC_container,VPLC_HOST,921,,,2026-05-09T15:53:04.892551752Z,,,,host_log,10,20,,,,,,0,0,,technical_check,vplc_status_cycle_duration_not_validated_as_Tper,0.056,100,работает
RUN_20260509_VPLC_L0_IDLE_10_20_S01_R05,VPLC_L0_IDLE_10_20,SER_20260509_VPLC_L0_IDLE_10_20_S01,vPLC_container,VPLC_HOST,922,,,2026-05-09T15:53:05.950105919Z,,,,host_log,10,20,,,,,,0,0,,technical_check,vplc_status_cycle_duration_not_validated_as_Tper,0.020,100,работает
RUN_20260509_VPLC_L0_IDLE_10_20_S01_R05,VPLC_L0_IDLE_10_20,SER_20260509_VPLC_L0_IDLE_10_20_S01,vPLC_container,VPLC_HOST,923,,,2026-05-09T15:53:07.001401005Z,,,,host_log,10,20,,,,,,0,0,,technical_check,vplc_status_cycle_duration_not_validated_as_Tper,0.054,100,работает
RUN_20260509_VPLC_L0_IDLE_10_20_S01_R05,VPLC_L0_IDLE_10_20,SER_20260509_VPLC_L0_IDLE_10_20_S01,vPLC_container,VPLC_HOST,924,,,2026-05-09T15:53:08.059597066Z,,,,host_log,10,20,,,,,,0,0,,technical_check,vplc_status_cycle_duration_not_validated_as_Tper,0.048,100,работает
RUN_20260509_VPLC_L0_IDLE_10_20_S01_R05,VPLC_L0_IDLE_10_20,SER_20260509_VPLC_L0_IDLE_10_20_S01,vPLC_container,VPLC_HOST,925,,,2026-05-09T15:53:09.113759777Z,,,,host_log,10,20,,,,,,0,0,,technical_check,vplc_status_cycle_duration_not_validated_as_Tper,0.057,100,работает
RUN_20260509_VPLC_L0_IDLE_10_20_S01_R05,VPLC_L0_IDLE_10_20,SER_20260509_VPLC_L0_IDLE_10_20_S01,vPLC_container,VPLC_HOST,926,,,2026-05-09T15:53:10.169729645Z,,,,host_log,10,20,,,,,,0,0,,technical_check,vplc_status_cycle_duration_not_validated_as_Tper,0.057,100,работает
RUN_20260509_VPLC_L0_IDLE_10_20_S01_R05,VPLC_L0_IDLE_10_20,SER_20260509_VPLC_L0_IDLE_10_20_S01,vPLC_container,VPLC_HOST,927,,,2026-05-09T15:53:11.223032482Z,,,,host_log,10,20,,,,,,0,0,,technical_check,vplc_status_cycle_duration_not_validated_as_Tper,0.057,100,работает
RUN_20260509_VPLC_L0_IDLE_10_20_S01_R05,VPLC_L0_IDLE_10_20,SER_20260509_VPLC_L0_IDLE_10_20_S01,vPLC_container,VPLC_HOST,928,,,2026-05-09T15:53:12.282829717Z,,,,host_log,10,20,,,,,,0,0,,technical_check,vplc_status_cycle_duration_not_validated_as_Tper,0.054,100,работает
RUN_20260509_VPLC_L0_IDLE_10_20_S01_R05,VPLC_L0_IDLE_10_20,SER_20260509_VPLC_L0_IDLE_10_20_S01,vPLC_container,VPLC_HOST,929,,,2026-05-09T15:53:13.336630214Z,,,,host_log,10,20,,,,,,0,0,,technical_check,vplc_status_cycle_duration_not_validated_as_Tper,4.201,100,работает
RUN_20260509_VPLC_L0_IDLE_10_20_S01_R05,VPLC_L0_IDLE_10_20,SER_20260509_VPLC_L0_IDLE_10_20_S01,vPLC_container,VPLC_HOST,930,,,2026-05-09T15:53:14.392116185Z,,,,host_log,10,20,,,,,,0,0,,technical_check,vplc_status_cycle_duration_not_validated_as_Tper,4.838,100,работает
RUN_20260509_VPLC_L0_IDLE_10_20_S01_R05,VPLC_L0_IDLE_10_20,SER_20260509_VPLC_L0_IDLE_10_20_S01,vPLC_container,VPLC_HOST,931,,,2026-05-09T15:53:15.448127552Z,,,,host_log,10,20,,,,,,0,0,,technical_check,vplc_status_cycle_duration_not_validated_as_Tper,0.025,100,работает
RUN_20260509_VPLC_L0_IDLE_10_20_S01_R05,VPLC_L0_IDLE_10_20,SER_20260509_VPLC_L0_IDLE_10_20_S01,vPLC_container,VPLC_HOST,932,,,2026-05-09T15:53:16.500529520Z,,,,host_log,10,20,,,,,,0,0,,technical_check,vplc_status_cycle_duration_not_validated_as_Tper,0.056,100,работает
RUN_20260509_VPLC_L0_IDLE_10_20_S01_R05,VPLC_L0_IDLE_10_20,SER_20260509_VPLC_L0_IDLE_10_20_S01,vPLC_container,VPLC_HOST,933,,,2026-05-09T15:53:17.557948783Z,,,,host_log,10,20,,,,,,0,0,,technical_check,vplc_status_cycle_duration_not_validated_as_Tper,0.040,100,работает
RUN_20260509_VPLC_L0_IDLE_10_20_S01_R05,VPLC_L0_IDLE_10_20,SER_20260509_VPLC_L0_IDLE_10_20_S01,vPLC_container,VPLC_HOST,934,,,2026-05-09T15:53:18.613681192Z,,,,host_log,10,20,,,,,,0,0,,technical_check,vplc_status_cycle_duration_not_validated_as_Tper,0.056,100,работает
RUN_20260509_VPLC_L0_IDLE_10_20_S01_R05,VPLC_L0_IDLE_10_20,SER_20260509_VPLC_L0_IDLE_10_20_S01,vPLC_container,VPLC_HOST,935,,,2026-05-09T15:53:19.668544782Z,,,,host_log,10,20,,,,,,0,0,,technical_check,vplc_status_cycle_duration_not_validated_as_Tper,0.055,100,работает
RUN_20260509_VPLC_L0_IDLE_10_20_S01_R05,VPLC_L0_IDLE_10_20,SER_20260509_VPLC_L0_IDLE_10_20_S01,vPLC_container,VPLC_HOST,936,,,2026-05-09T15:53:20.725016592Z,,,,host_log,10,20,,,,,,0,0,,technical_check,vplc_status_cycle_duration_not_validated_as_Tper,0.054,100,работает
RUN_20260509_VPLC_L0_IDLE_10_20_S01_R05,VPLC_L0_IDLE_10_20,SER_20260509_VPLC_L0_IDLE_10_20_S01,vPLC_container,VPLC_HOST,937,,,2026-05-09T15:53:21.777308566Z,,,,host_log,10,20,,,,,,0,0,,technical_check,vplc_status_cycle_duration_not_validated_as_Tper,0.056,100,работает
RUN_20260509_VPLC_L0_IDLE_10_20_S01_R05,VPLC_L0_IDLE_10_20,SER_20260509_VPLC_L0_IDLE_10_20_S01,vPLC_container,VPLC_HOST,938,,,2026-05-09T15:53:22.835828909Z,,,,host_log,10,20,,,,,,0,0,,technical_check,vplc_status_cycle_duration_not_validated_as_Tper,0.035,100,работает
RUN_20260509_VPLC_L0_IDLE_10_20_S01_R05,VPLC_L0_IDLE_10_20,SER_20260509_VPLC_L0_IDLE_10_20_S01,vPLC_container,VPLC_HOST,939,,,2026-05-09T15:53:23.891111864Z,,,,host_log,10,20,,,,,,0,0,,technical_check,vplc_status_cycle_duration_not_validated_as_Tper,0.055,100,работает
RUN_20260509_VPLC_L0_IDLE_10_20_S01_R05,VPLC_L0_IDLE_10_20,SER_20260509_VPLC_L0_IDLE_10_20_S01,vPLC_container,VPLC_HOST,940,,,2026-05-09T15:53:24.945578687Z,,,,host_log,10,20,,,,,,0,0,,technical_check,vplc_status_cycle_duration_not_validated_as_Tper,0.031,100,работает
RUN_20260509_VPLC_L0_IDLE_10_20_S01_R05,VPLC_L0_IDLE_10_20,SER_20260509_VPLC_L0_IDLE_10_20_S01,vPLC_container,VPLC_HOST,941,,,2026-05-09T15:53:26.001060359Z,,,,host_log,10,20,,,,,,0,0,,technical_check,vplc_status_cycle_duration_not_validated_as_Tper,0.056,100,работает
RUN_20260509_VPLC_L0_IDLE_10_20_S01_R05,VPLC_L0_IDLE_10_20,SER_20260509_VPLC_L0_IDLE_10_20_S01,vPLC_container,VPLC_HOST,942,,,2026-05-09T15:53:27.056741548Z,,,,host_log,10,20,,,,,,0,0,,technical_check,vplc_status_cycle_duration_not_validated_as_Tper,0.035,100,работает
RUN_20260509_VPLC_L0_IDLE_10_20_S01_R05,VPLC_L0_IDLE_10_20,SER_20260509_VPLC_L0_IDLE_10_20_S01,vPLC_container,VPLC_HOST,943,,,2026-05-09T15:53:28.111945838Z,,,,host_log,10,20,,,,,,0,0,,technical_check,vplc_status_cycle_duration_not_validated_as_Tper,0.056,100,работает
RUN_20260509_VPLC_L0_IDLE_10_20_S01_R05,VPLC_L0_IDLE_10_20,SER_20260509_VPLC_L0_IDLE_10_20_S01,vPLC_container,VPLC_HOST,944,,,2026-05-09T15:53:29.167838509Z,,,,host_log,10,20,,,,,,0,0,,technical_check,vplc_status_cycle_duration_not_validated_as_Tper,0.057,100,работает
RUN_20260509_VPLC_L0_IDLE_10_20_S01_R05,VPLC_L0_IDLE_10_20,SER_20260509_VPLC_L0_IDLE_10_20_S01,vPLC_container,VPLC_HOST,945,,,2026-05-09T15:53:30.222897967Z,,,,host_log,10,20,,,,,,0,0,,technical_check,vplc_status_cycle_duration_not_validated_as_Tper,0.038,100,работает
RUN_20260509_VPLC_L0_IDLE_10_20_S01_R05,VPLC_L0_IDLE_10_20,SER_20260509_VPLC_L0_IDLE_10_20_S01,vPLC_container,VPLC_HOST,946,,,2026-05-09T15:53:31.278502255Z,,,,host_log,10,20,,,,,,0,0,,technical_check,vplc_status_cycle_duration_not_validated_as_Tper,0.056,100,работает
RUN_20260509_VPLC_L0_IDLE_10_20_S01_R05,VPLC_L0_IDLE_10_20,SER_20260509_VPLC_L0_IDLE_10_20_S01,vPLC_container,VPLC_HOST,947,,,2026-05-09T15:53:32.332928416Z,,,,host_log,10,20,,,,,,0,0,,technical_check,vplc_status_cycle_duration_not_validated_as_Tper,4.325,100,работает
RUN_20260509_VPLC_L0_IDLE_10_20_S01_R05,VPLC_L0_IDLE_10_20,SER_20260509_VPLC_L0_IDLE_10_20_S01,vPLC_container,VPLC_HOST,948,,,2026-05-09T15:53:33.388627898Z,,,,host_log,10,20,,,,,,0,0,,technical_check,vplc_status_cycle_duration_not_validated_as_Tper,3.984,100,работает
RUN_20260509_VPLC_L0_IDLE_10_20_S01_R05,VPLC_L0_IDLE_10_20,SER_20260509_VPLC_L0_IDLE_10_20_S01,vPLC_container,VPLC_HOST,949,,,2026-05-09T15:53:34.443282550Z,,,,host_log,10,20,,,,,,0,0,,technical_check,vplc_status_cycle_duration_not_validated_as_Tper,0.034,100,работает
RUN_20260509_VPLC_L0_IDLE_10_20_S01_R05,VPLC_L0_IDLE_10_20,SER_20260509_VPLC_L0_IDLE_10_20_S01,vPLC_container,VPLC_HOST,950,,,2026-05-09T15:53:35.499583445Z,,,,host_log,10,20,,,,,,0,0,,technical_check,vplc_status_cycle_duration_not_validated_as_Tper,0.053,100,работает
RUN_20260509_VPLC_L0_IDLE_10_20_S01_R05,VPLC_L0_IDLE_10_20,SER_20260509_VPLC_L0_IDLE_10_20_S01,vPLC_container,VPLC_HOST,951,,,2026-05-09T15:53:36.552054520Z,,,,host_log,10,20,,,,,,0,0,,technical_check,vplc_status_cycle_duration_not_validated_as_Tper,0.021,100,работает
RUN_20260509_VPLC_L0_IDLE_10_20_S01_R05,VPLC_L0_IDLE_10_20,SER_20260509_VPLC_L0_IDLE_10_20_S01,vPLC_container,VPLC_HOST,952,,,2026-05-09T15:53:37.610049100Z,,,,host_log,10,20,,,,,,0,0,,technical_check,vplc_status_cycle_duration_not_validated_as_Tper,0.053,100,работает
RUN_20260509_VPLC_L0_IDLE_10_20_S01_R05,VPLC_L0_IDLE_10_20,SER_20260509_VPLC_L0_IDLE_10_20_S01,vPLC_container,VPLC_HOST,953,,,2026-05-09T15:53:38.662402311Z,,,,host_log,10,20,,,,,,0,0,,technical_check,vplc_status_cycle_duration_not_validated_as_Tper,0.056,100,работает
RUN_20260509_VPLC_L0_IDLE_10_20_S01_R05,VPLC_L0_IDLE_10_20,SER_20260509_VPLC_L0_IDLE_10_20_S01,vPLC_container,VPLC_HOST,954,,,2026-05-09T15:53:39.720793116Z,,,,host_log,10,20,,,,,,0,0,,technical_check,vplc_status_cycle_duration_not_validated_as_Tper,0.057,100,работает
RUN_20260509_VPLC_L0_IDLE_10_20_S01_R05,VPLC_L0_IDLE_10_20,SER_20260509_VPLC_L0_IDLE_10_20_S01,vPLC_container,VPLC_HOST,955,,,2026-05-09T15:53:40.776302363Z,,,,host_log,10,20,,,,,,0,0,,technical_check,vplc_status_cycle_duration_not_validated_as_Tper,0.057,100,работает
RUN_20260509_VPLC_L0_IDLE_10_20_S01_R05,VPLC_L0_IDLE_10_20,SER_20260509_VPLC_L0_IDLE_10_20_S01,vPLC_container,VPLC_HOST,956,,,2026-05-09T15:53:41.830687130Z,,,,host_log,10,20,,,,,,0,0,,technical_check,vplc_status_cycle_duration_not_validated_as_Tper,0.036,100,работает
RUN_20260509_VPLC_L0_IDLE_10_20_S01_R05,VPLC_L0_IDLE_10_20,SER_20260509_VPLC_L0_IDLE_10_20_S01,vPLC_container,VPLC_HOST,957,,,2026-05-09T15:53:42.884030318Z,,,,host_log,10,20,,,,,,0,0,,technical_check,vplc_status_cycle_duration_not_validated_as_Tper,0.057,100,работает
RUN_20260509_VPLC_L0_IDLE_10_20_S01_R05,VPLC_L0_IDLE_10_20,SER_20260509_VPLC_L0_IDLE_10_20_S01,vPLC_container,VPLC_HOST,958,,,2026-05-09T15:53:43.941808950Z,,,,host_log,10,20,,,,,,0,0,,technical_check,vplc_status_cycle_duration_not_validated_as_Tper,0.036,100,работает
RUN_20260509_VPLC_L0_IDLE_10_20_S01_R05,VPLC_L0_IDLE_10_20,SER_20260509_VPLC_L0_IDLE_10_20_S01,vPLC_container,VPLC_HOST,959,,,2026-05-09T15:53:44.997763135Z,,,,host_log,10,20,,,,,,0,0,,technical_check,vplc_status_cycle_duration_not_validated_as_Tper,0.056,100,работает
RUN_20260509_VPLC_L0_IDLE_10_20_S01_R05,VPLC_L0_IDLE_10_20,SER_20260509_VPLC_L0_IDLE_10_20_S01,vPLC_container,VPLC_HOST,960,,,2026-05-09T15:53:46.052041324Z,,,,host_log,10,20,,,,,,0,0,,technical_check,vplc_status_cycle_duration_not_validated_as_Tper,0.019,100,работает
RUN_20260509_VPLC_L0_IDLE_10_20_S01_R05,VPLC_L0_IDLE_10_20,SER_20260509_VPLC_L0_IDLE_10_20_S01,vPLC_container,VPLC_HOST,961,,,2026-05-09T15:53:47.108521913Z,,,,host_log,10,20,,,,,,0,0,,technical_check,vplc_status_cycle_duration_not_validated_as_Tper,0.057,100,работает
RUN_20260509_VPLC_L0_IDLE_10_20_S01_R05,VPLC_L0_IDLE_10_20,SER_20260509_VPLC_L0_IDLE_10_20_S01,vPLC_container,VPLC_HOST,962,,,2026-05-09T15:53:48.161699847Z,,,,host_log,10,20,,,,,,0,0,,technical_check,vplc_status_cycle_duration_not_validated_as_Tper,0.055,100,работает
RUN_20260509_VPLC_L0_IDLE_10_20_S01_R05,VPLC_L0_IDLE_10_20,SER_20260509_VPLC_L0_IDLE_10_20_S01,vPLC_container,VPLC_HOST,963,,,2026-05-09T15:53:49.218546782Z,,,,host_log,10,20,,,,,,0,0,,technical_check,vplc_status_cycle_duration_not_validated_as_Tper,0.056,100,работает
RUN_20260509_VPLC_L0_IDLE_10_20_S01_R05,VPLC_L0_IDLE_10_20,SER_20260509_VPLC_L0_IDLE_10_20_S01,vPLC_container,VPLC_HOST,964,,,2026-05-09T15:53:50.274900688Z,,,,host_log,10,20,,,,,,0,0,,technical_check,vplc_status_cycle_duration_not_validated_as_Tper,0.056,100,работает
RUN_20260509_VPLC_L0_IDLE_10_20_S01_R05,VPLC_L0_IDLE_10_20,SER_20260509_VPLC_L0_IDLE_10_20_S01,vPLC_container,VPLC_HOST,965,,,2026-05-09T15:53:51.323901472Z,,,,host_log,10,20,,,,,,0,0,,technical_check,vplc_status_cycle_duration_not_validated_as_Tper,4.589,100,работает
RUN_20260509_VPLC_L0_IDLE_10_20_S01_R05,VPLC_L0_IDLE_10_20,SER_20260509_VPLC_L0_IDLE_10_20_S01,vPLC_container,VPLC_HOST,966,,,2026-05-09T15:53:52.384732188Z,,,,host_log,10,20,,,,,,0,0,,technical_check,vplc_status_cycle_duration_not_validated_as_Tper,4.129,100,работает
RUN_20260509_VPLC_L0_IDLE_10_20_S01_R05,VPLC_L0_IDLE_10_20,SER_20260509_VPLC_L0_IDLE_10_20_S01,vPLC_container,VPLC_HOST,967,,,2026-05-09T15:53:53.440713794Z,,,,host_log,10,20,,,,,,0,0,,technical_check,vplc_status_cycle_duration_not_validated_as_Tper,0.036,100,работает
RUN_20260509_VPLC_L0_IDLE_10_20_S01_R05,VPLC_L0_IDLE_10_20,SER_20260509_VPLC_L0_IDLE_10_20_S01,vPLC_container,VPLC_HOST,968,,,2026-05-09T15:53:54.494869270Z,,,,host_log,10,20,,,,,,0,0,,technical_check,vplc_status_cycle_duration_not_validated_as_Tper,0.055,100,работает
RUN_20260509_VPLC_L0_IDLE_10_20_S01_R05,VPLC_L0_IDLE_10_20,SER_20260509_VPLC_L0_IDLE_10_20_S01,vPLC_container,VPLC_HOST,969,,,2026-05-09T15:53:55.550816642Z,,,,host_log,10,20,,,,,,0,0,,technical_check,vplc_status_cycle_duration_not_validated_as_Tper,0.019,100,работает
RUN_20260509_VPLC_L0_IDLE_10_20_S01_R05,VPLC_L0_IDLE_10_20,SER_20260509_VPLC_L0_IDLE_10_20_S01,vPLC_container,VPLC_HOST,970,,,2026-05-09T15:53:56.606271970Z,,,,host_log,10,20,,,,,,0,0,,technical_check,vplc_status_cycle_duration_not_validated_as_Tper,0.057,100,работает
RUN_20260509_VPLC_L0_IDLE_10_20_S01_R05,VPLC_L0_IDLE_10_20,SER_20260509_VPLC_L0_IDLE_10_20_S01,vPLC_container,VPLC_HOST,971,,,2026-05-09T15:53:57.661558835Z,,,,host_log,10,20,,,,,,0,0,,technical_check,vplc_status_cycle_duration_not_validated_as_Tper,0.056,100,работает
RUN_20260509_VPLC_L0_IDLE_10_20_S01_R05,VPLC_L0_IDLE_10_20,SER_20260509_VPLC_L0_IDLE_10_20_S01,vPLC_container,VPLC_HOST,972,,,2026-05-09T15:53:58.716264579Z,,,,host_log,10,20,,,,,,0,0,,technical_check,vplc_status_cycle_duration_not_validated_as_Tper,0.054,100,работает
RUN_20260509_VPLC_L0_IDLE_10_20_S01_R05,VPLC_L0_IDLE_10_20,SER_20260509_VPLC_L0_IDLE_10_20_S01,vPLC_container,VPLC_HOST,973,,,2026-05-09T15:53:59.772900884Z,,,,host_log,10,20,,,,,,0,0,,technical_check,vplc_status_cycle_duration_not_validated_as_Tper,0.056,100,работает
RUN_20260509_VPLC_L0_IDLE_10_20_S01_R05,VPLC_L0_IDLE_10_20,SER_20260509_VPLC_L0_IDLE_10_20_S01,vPLC_container,VPLC_HOST,974,,,2026-05-09T15:54:00.825571240Z,,,,host_log,10,20,,,,,,0,0,,technical_check,vplc_status_cycle_duration_not_validated_as_Tper,0.037,100,работает
RUN_20260509_VPLC_L0_IDLE_10_20_S01_R05,VPLC_L0_IDLE_10_20,SER_20260509_VPLC_L0_IDLE_10_20_S01,vPLC_container,VPLC_HOST,975,,,2026-05-09T15:54:01.882349261Z,,,,host_log,10,20,,,,,,0,0,,technical_check,vplc_status_cycle_duration_not_validated_as_Tper,0.057,100,работает
RUN_20260509_VPLC_L0_IDLE_10_20_S01_R05,VPLC_L0_IDLE_10_20,SER_20260509_VPLC_L0_IDLE_10_20_S01,vPLC_container,VPLC_HOST,976,,,2026-05-09T15:54:02.938855054Z,,,,host_log,10,20,,,,,,0,0,,technical_check,vplc_status_cycle_duration_not_validated_as_Tper,0.035,100,работает
RUN_20260509_VPLC_L0_IDLE_10_20_S01_R05,VPLC_L0_IDLE_10_20,SER_20260509_VPLC_L0_IDLE_10_20_S01,vPLC_container,VPLC_HOST,977,,,2026-05-09T15:54:03.992685126Z,,,,host_log,10,20,,,,,,0,0,,technical_check,vplc_status_cycle_duration_not_validated_as_Tper,0.057,100,работает
RUN_20260509_VPLC_L0_IDLE_10_20_S01_R05,VPLC_L0_IDLE_10_20,SER_20260509_VPLC_L0_IDLE_10_20_S01,vPLC_container,VPLC_HOST,978,,,2026-05-09T15:54:05.049022764Z,,,,host_log,10,20,,,,,,0,0,,technical_check,vplc_status_cycle_duration_not_validated_as_Tper,0.026,100,работает
RUN_20260509_VPLC_L0_IDLE_10_20_S01_R05,VPLC_L0_IDLE_10_20,SER_20260509_VPLC_L0_IDLE_10_20_S01,vPLC_container,VPLC_HOST,979,,,2026-05-09T15:54:06.105107254Z,,,,host_log,10,20,,,,,,0,0,,technical_check,vplc_status_cycle_duration_not_validated_as_Tper,0.058,100,работает
RUN_20260509_VPLC_L0_IDLE_10_20_S01_R05,VPLC_L0_IDLE_10_20,SER_20260509_VPLC_L0_IDLE_10_20_S01,vPLC_container,VPLC_HOST,980,,,2026-05-09T15:54:07.159356923Z,,,,host_log,10,20,,,,,,0,0,,technical_check,vplc_status_cycle_duration_not_validated_as_Tper,0.048,100,работает
RUN_20260509_VPLC_L0_IDLE_10_20_S01_R05,VPLC_L0_IDLE_10_20,SER_20260509_VPLC_L0_IDLE_10_20_S01,vPLC_container,VPLC_HOST,981,,,2026-05-09T15:54:08.213867183Z,,,,host_log,10,20,,,,,,0,0,,technical_check,vplc_status_cycle_duration_not_validated_as_Tper,0.057,100,работает
RUN_20260509_VPLC_L0_IDLE_10_20_S01_R05,VPLC_L0_IDLE_10_20,SER_20260509_VPLC_L0_IDLE_10_20_S01,vPLC_container,VPLC_HOST,982,,,2026-05-09T15:54:09.269281970Z,,,,host_log,10,20,,,,,,0,0,,technical_check,vplc_status_cycle_duration_not_validated_as_Tper,0.057,100,работает
RUN_20260509_VPLC_L0_IDLE_10_20_S01_R05,VPLC_L0_IDLE_10_20,SER_20260509_VPLC_L0_IDLE_10_20_S01,vPLC_container,VPLC_HOST,983,,,2026-05-09T15:54:10.325580018Z,,,,host_log,10,20,,,,,,0,0,,technical_check,vplc_status_cycle_duration_not_validated_as_Tper,0.059,100,работает
RUN_20260509_VPLC_L0_IDLE_10_20_S01_R05,VPLC_L0_IDLE_10_20,SER_20260509_VPLC_L0_IDLE_10_20_S01,vPLC_container,VPLC_HOST,984,,,2026-05-09T15:54:11.378675664Z,,,,host_log,10,20,,,,,,0,0,,technical_check,vplc_status_cycle_duration_not_validated_as_Tper,4.207,100,работает
RUN_20260509_VPLC_L0_IDLE_10_20_S01_R05,VPLC_L0_IDLE_10_20,SER_20260509_VPLC_L0_IDLE_10_20_S01,vPLC_container,VPLC_HOST,985,,,2026-05-09T15:54:12.436906317Z,,,,host_log,10,20,,,,,,0,0,,technical_check,vplc_status_cycle_duration_not_validated_as_Tper,0.056,100,работает
RUN_20260509_VPLC_L0_IDLE_10_20_S01_R05,VPLC_L0_IDLE_10_20,SER_20260509_VPLC_L0_IDLE_10_20_S01,vPLC_container,VPLC_HOST,986,,,2026-05-09T15:54:13.490376122Z,,,,host_log,10,20,,,,,,0,0,,technical_check,vplc_status_cycle_duration_not_validated_as_Tper,0.057,100,работает
RUN_20260509_VPLC_L0_IDLE_10_20_S01_R05,VPLC_L0_IDLE_10_20,SER_20260509_VPLC_L0_IDLE_10_20_S01,vPLC_container,VPLC_HOST,987,,,2026-05-09T15:54:14.546976489Z,,,,host_log,10,20,,,,,,0,0,,technical_check,vplc_status_cycle_duration_not_validated_as_Tper,0.029,100,работает
RUN_20260509_VPLC_L0_IDLE_10_20_S01_R05,VPLC_L0_IDLE_10_20,SER_20260509_VPLC_L0_IDLE_10_20_S01,vPLC_container,VPLC_HOST,988,,,2026-05-09T15:54:15.600289017Z,,,,host_log,10,20,,,,,,0,0,,technical_check,vplc_status_cycle_duration_not_validated_as_Tper,0.057,100,работает
RUN_20260509_VPLC_L0_IDLE_10_20_S01_R05,VPLC_L0_IDLE_10_20,SER_20260509_VPLC_L0_IDLE_10_20_S01,vPLC_container,VPLC_HOST,989,,,2026-05-09T15:54:16.657331030Z,,,,host_log,10,20,,,,,,0,0,,technical_check,vplc_status_cycle_duration_not_validated_as_Tper,0.034,100,работает
RUN_20260509_VPLC_L0_IDLE_10_20_S01_R05,VPLC_L0_IDLE_10_20,SER_20260509_VPLC_L0_IDLE_10_20_S01,vPLC_container,VPLC_HOST,990,,,2026-05-09T15:54:17.711487546Z,,,,host_log,10,20,,,,,,0,0,,technical_check,vplc_status_cycle_duration_not_validated_as_Tper,0.055,100,работает
RUN_20260509_VPLC_L0_IDLE_10_20_S01_R05,VPLC_L0_IDLE_10_20,SER_20260509_VPLC_L0_IDLE_10_20_S01,vPLC_container,VPLC_HOST,991,,,2026-05-09T15:54:18.766825037Z,,,,host_log,10,20,,,,,,0,0,,technical_check,vplc_status_cycle_duration_not_validated_as_Tper,0.057,100,работает
RUN_20260509_VPLC_L0_IDLE_10_20_S01_R05,VPLC_L0_IDLE_10_20,SER_20260509_VPLC_L0_IDLE_10_20_S01,vPLC_container,VPLC_HOST,992,,,2026-05-09T15:54:19.823002630Z,,,,host_log,10,20,,,,,,0,0,,technical_check,vplc_status_cycle_duration_not_validated_as_Tper,0.054,100,работает
RUN_20260509_VPLC_L0_IDLE_10_20_S01_R05,VPLC_L0_IDLE_10_20,SER_20260509_VPLC_L0_IDLE_10_20_S01,vPLC_container,VPLC_HOST,993,,,2026-05-09T15:54:20.876621047Z,,,,host_log,10,20,,,,,,0,0,,technical_check,vplc_status_cycle_duration_not_validated_as_Tper,0.056,100,работает
RUN_20260509_VPLC_L0_IDLE_10_20_S01_R05,VPLC_L0_IDLE_10_20,SER_20260509_VPLC_L0_IDLE_10_20_S01,vPLC_container,VPLC_HOST,994,,,2026-05-09T15:54:21.933924707Z,,,,host_log,10,20,,,,,,0,0,,technical_check,vplc_status_cycle_duration_not_validated_as_Tper,0.035,100,работает
RUN_20260509_VPLC_L0_IDLE_10_20_S01_R05,VPLC_L0_IDLE_10_20,SER_20260509_VPLC_L0_IDLE_10_20_S01,vPLC_container,VPLC_HOST,995,,,2026-05-09T15:54:22.987137690Z,,,,host_log,10,20,,,,,,0,0,,technical_check,vplc_status_cycle_duration_not_validated_as_Tper,0.056,100,работает
RUN_20260509_VPLC_L0_IDLE_10_20_S01_R05,VPLC_L0_IDLE_10_20,SER_20260509_VPLC_L0_IDLE_10_20_S01,vPLC_container,VPLC_HOST,996,,,2026-05-09T15:54:24.043654187Z,,,,host_log,10,20,,,,,,0,0,,technical_check,vplc_status_cycle_duration_not_validated_as_Tper,0.029,100,работает
RUN_20260509_VPLC_L0_IDLE_10_20_S01_R05,VPLC_L0_IDLE_10_20,SER_20260509_VPLC_L0_IDLE_10_20_S01,vPLC_container,VPLC_HOST,997,,,2026-05-09T15:54:25.096735011Z,,,,host_log,10,20,,,,,,0,0,,technical_check,vplc_status_cycle_duration_not_validated_as_Tper,0.056,100,работает
RUN_20260509_VPLC_L0_IDLE_10_20_S01_R05,VPLC_L0_IDLE_10_20,SER_20260509_VPLC_L0_IDLE_10_20_S01,vPLC_container,VPLC_HOST,998,,,2026-05-09T15:54:26.154097822Z,,,,host_log,10,20,,,,,,0,0,,technical_check,vplc_status_cycle_duration_not_validated_as_Tper,0.028,100,работает
RUN_20260509_VPLC_L0_IDLE_10_20_S01_R05,VPLC_L0_IDLE_10_20,SER_20260509_VPLC_L0_IDLE_10_20_S01,vPLC_container,VPLC_HOST,999,,,2026-05-09T15:54:27.207783378Z,,,,host_log,10,20,,,,,,0,0,,technical_check,vplc_status_cycle_duration_not_validated_as_Tper,0.057,100,работает
