run_id,mode_id,series_id,object,node_id,sample_index,cycle_index,cycle_counter,ts_observe,ts_start,ts_end,timestamp_tick_ns,timestamp_source,t0_ms,deadline_threshold_ms,Tper,Jper,deadline_miss,heartbeat,workload_accumulator,load_level,load_passes,error_flag,quality_flag,notes,cycle_exec_ms,cycle_nominal_ms,program_status
RUN_20260509_VPLC_L0_IDLE_10_20_S01_R01,VPLC_L0_IDLE_10_20,SER_20260509_VPLC_L0_IDLE_10_20_S01,vPLC_container,VPLC_HOST,0,,,2026-05-09T14:22:18.628461564Z,,,,host_log,10,20,,,,,,0,0,,technical_check,vplc_status_cycle_duration_not_validated_as_Tper,0.031,100,работает
RUN_20260509_VPLC_L0_IDLE_10_20_S01_R01,VPLC_L0_IDLE_10_20,SER_20260509_VPLC_L0_IDLE_10_20_S01,vPLC_container,VPLC_HOST,1,,,2026-05-09T14:22:19.678982261Z,,,,host_log,10,20,,,,,,0,0,,technical_check,vplc_status_cycle_duration_not_validated_as_Tper,0.055,100,работает
RUN_20260509_VPLC_L0_IDLE_10_20_S01_R01,VPLC_L0_IDLE_10_20,SER_20260509_VPLC_L0_IDLE_10_20_S01,vPLC_container,VPLC_HOST,2,,,2026-05-09T14:22:20.735150313Z,,,,host_log,10,20,,,,,,0,0,,technical_check,vplc_status_cycle_duration_not_validated_as_Tper,0.036,100,работает
RUN_20260509_VPLC_L0_IDLE_10_20_S01_R01,VPLC_L0_IDLE_10_20,SER_20260509_VPLC_L0_IDLE_10_20_S01,vPLC_container,VPLC_HOST,3,,,2026-05-09T14:22:21.786600720Z,,,,host_log,10,20,,,,,,0,0,,technical_check,vplc_status_cycle_duration_not_validated_as_Tper,0.056,100,работает
RUN_20260509_VPLC_L0_IDLE_10_20_S01_R01,VPLC_L0_IDLE_10_20,SER_20260509_VPLC_L0_IDLE_10_20_S01,vPLC_container,VPLC_HOST,4,,,2026-05-09T14:22:22.843395278Z,,,,host_log,10,20,,,,,,0,0,,technical_check,vplc_status_cycle_duration_not_validated_as_Tper,0.035,100,работает
RUN_20260509_VPLC_L0_IDLE_10_20_S01_R01,VPLC_L0_IDLE_10_20,SER_20260509_VPLC_L0_IDLE_10_20_S01,vPLC_container,VPLC_HOST,5,,,2026-05-09T14:22:23.901225643Z,,,,host_log,10,20,,,,,,0,0,,technical_check,vplc_status_cycle_duration_not_validated_as_Tper,0.057,100,работает
RUN_20260509_VPLC_L0_IDLE_10_20_S01_R01,VPLC_L0_IDLE_10_20,SER_20260509_VPLC_L0_IDLE_10_20_S01,vPLC_container,VPLC_HOST,6,,,2026-05-09T14:22:24.953008135Z,,,,host_log,10,20,,,,,,0,0,,technical_check,vplc_status_cycle_duration_not_validated_as_Tper,0.026,100,работает
RUN_20260509_VPLC_L0_IDLE_10_20_S01_R01,VPLC_L0_IDLE_10_20,SER_20260509_VPLC_L0_IDLE_10_20_S01,vPLC_container,VPLC_HOST,7,,,2026-05-09T14:22:26.009149080Z,,,,host_log,10,20,,,,,,0,0,,technical_check,vplc_status_cycle_duration_not_validated_as_Tper,0.056,100,работает
RUN_20260509_VPLC_L0_IDLE_10_20_S01_R01,VPLC_L0_IDLE_10_20,SER_20260509_VPLC_L0_IDLE_10_20_S01,vPLC_container,VPLC_HOST,8,,,2026-05-09T14:22:27.061095881Z,,,,host_log,10,20,,,,,,0,0,,technical_check,vplc_status_cycle_duration_not_validated_as_Tper,0.057,100,работает
RUN_20260509_VPLC_L0_IDLE_10_20_S01_R01,VPLC_L0_IDLE_10_20,SER_20260509_VPLC_L0_IDLE_10_20_S01,vPLC_container,VPLC_HOST,9,,,2026-05-09T14:22:28.118650921Z,,,,host_log,10,20,,,,,,0,0,,technical_check,vplc_status_cycle_duration_not_validated_as_Tper,0.057,100,работает
RUN_20260509_VPLC_L0_IDLE_10_20_S01_R01,VPLC_L0_IDLE_10_20,SER_20260509_VPLC_L0_IDLE_10_20_S01,vPLC_container,VPLC_HOST,10,,,2026-05-09T14:22:29.173766628Z,,,,host_log,10,20,,,,,,0,0,,technical_check,vplc_status_cycle_duration_not_validated_as_Tper,0.057,100,работает
RUN_20260509_VPLC_L0_IDLE_10_20_S01_R01,VPLC_L0_IDLE_10_20,SER_20260509_VPLC_L0_IDLE_10_20_S01,vPLC_container,VPLC_HOST,11,,,2026-05-09T14:22:30.226453673Z,,,,host_log,10,20,,,,,,0,0,,technical_check,vplc_status_cycle_duration_not_validated_as_Tper,0.036,100,работает
RUN_20260509_VPLC_L0_IDLE_10_20_S01_R01,VPLC_L0_IDLE_10_20,SER_20260509_VPLC_L0_IDLE_10_20_S01,vPLC_container,VPLC_HOST,12,,,2026-05-09T14:22:31.282513342Z,,,,host_log,10,20,,,,,,0,0,,technical_check,vplc_status_cycle_duration_not_validated_as_Tper,0.057,100,работает
RUN_20260509_VPLC_L0_IDLE_10_20_S01_R01,VPLC_L0_IDLE_10_20,SER_20260509_VPLC_L0_IDLE_10_20_S01,vPLC_container,VPLC_HOST,13,,,2026-05-09T14:22:32.340472024Z,,,,host_log,10,20,,,,,,0,0,,technical_check,vplc_status_cycle_duration_not_validated_as_Tper,4.385,100,работает
RUN_20260509_VPLC_L0_IDLE_10_20_S01_R01,VPLC_L0_IDLE_10_20,SER_20260509_VPLC_L0_IDLE_10_20_S01,vPLC_container,VPLC_HOST,14,,,2026-05-09T14:22:33.395053094Z,,,,host_log,10,20,,,,,,0,0,,technical_check,vplc_status_cycle_duration_not_validated_as_Tper,4.772,100,работает
RUN_20260509_VPLC_L0_IDLE_10_20_S01_R01,VPLC_L0_IDLE_10_20,SER_20260509_VPLC_L0_IDLE_10_20_S01,vPLC_container,VPLC_HOST,15,,,2026-05-09T14:22:34.450356911Z,,,,host_log,10,20,,,,,,0,0,,technical_check,vplc_status_cycle_duration_not_validated_as_Tper,0.021,100,работает
RUN_20260509_VPLC_L0_IDLE_10_20_S01_R01,VPLC_L0_IDLE_10_20,SER_20260509_VPLC_L0_IDLE_10_20_S01,vPLC_container,VPLC_HOST,16,,,2026-05-09T14:22:35.502786036Z,,,,host_log,10,20,,,,,,0,0,,technical_check,vplc_status_cycle_duration_not_validated_as_Tper,0.058,100,работает
RUN_20260509_VPLC_L0_IDLE_10_20_S01_R01,VPLC_L0_IDLE_10_20,SER_20260509_VPLC_L0_IDLE_10_20_S01,vPLC_container,VPLC_HOST,17,,,2026-05-09T14:22:36.561199665Z,,,,host_log,10,20,,,,,,0,0,,technical_check,vplc_status_cycle_duration_not_validated_as_Tper,0.057,100,работает
RUN_20260509_VPLC_L0_IDLE_10_20_S01_R01,VPLC_L0_IDLE_10_20,SER_20260509_VPLC_L0_IDLE_10_20_S01,vPLC_container,VPLC_HOST,18,,,2026-05-09T14:22:37.615660963Z,,,,host_log,10,20,,,,,,0,0,,technical_check,vplc_status_cycle_duration_not_validated_as_Tper,0.056,100,работает
RUN_20260509_VPLC_L0_IDLE_10_20_S01_R01,VPLC_L0_IDLE_10_20,SER_20260509_VPLC_L0_IDLE_10_20_S01,vPLC_container,VPLC_HOST,19,,,2026-05-09T14:22:38.669015230Z,,,,host_log,10,20,,,,,,0,0,,technical_check,vplc_status_cycle_duration_not_validated_as_Tper,0.056,100,работает
RUN_20260509_VPLC_L0_IDLE_10_20_S01_R01,VPLC_L0_IDLE_10_20,SER_20260509_VPLC_L0_IDLE_10_20_S01,vPLC_container,VPLC_HOST,20,,,2026-05-09T14:22:39.723084797Z,,,,host_log,10,20,,,,,,0,0,,technical_check,vplc_status_cycle_duration_not_validated_as_Tper,0.036,100,работает
RUN_20260509_VPLC_L0_IDLE_10_20_S01_R01,VPLC_L0_IDLE_10_20,SER_20260509_VPLC_L0_IDLE_10_20_S01,vPLC_container,VPLC_HOST,21,,,2026-05-09T14:22:40.779550071Z,,,,host_log,10,20,,,,,,0,0,,technical_check,vplc_status_cycle_duration_not_validated_as_Tper,0.057,100,работает
RUN_20260509_VPLC_L0_IDLE_10_20_S01_R01,VPLC_L0_IDLE_10_20,SER_20260509_VPLC_L0_IDLE_10_20_S01,vPLC_container,VPLC_HOST,22,,,2026-05-09T14:22:41.834807690Z,,,,host_log,10,20,,,,,,0,0,,technical_check,vplc_status_cycle_duration_not_validated_as_Tper,0.036,100,работает
RUN_20260509_VPLC_L0_IDLE_10_20_S01_R01,VPLC_L0_IDLE_10_20,SER_20260509_VPLC_L0_IDLE_10_20_S01,vPLC_container,VPLC_HOST,23,,,2026-05-09T14:22:42.892186987Z,,,,host_log,10,20,,,,,,0,0,,technical_check,vplc_status_cycle_duration_not_validated_as_Tper,0.056,100,работает
RUN_20260509_VPLC_L0_IDLE_10_20_S01_R01,VPLC_L0_IDLE_10_20,SER_20260509_VPLC_L0_IDLE_10_20_S01,vPLC_container,VPLC_HOST,24,,,2026-05-09T14:22:43.943050563Z,,,,host_log,10,20,,,,,,0,0,,technical_check,vplc_status_cycle_duration_not_validated_as_Tper,0.035,100,работает
RUN_20260509_VPLC_L0_IDLE_10_20_S01_R01,VPLC_L0_IDLE_10_20,SER_20260509_VPLC_L0_IDLE_10_20_S01,vPLC_container,VPLC_HOST,25,,,2026-05-09T14:22:45.000113047Z,,,,host_log,10,20,,,,,,0,0,,technical_check,vplc_status_cycle_duration_not_validated_as_Tper,0.056,100,работает
RUN_20260509_VPLC_L0_IDLE_10_20_S01_R01,VPLC_L0_IDLE_10_20,SER_20260509_VPLC_L0_IDLE_10_20_S01,vPLC_container,VPLC_HOST,26,,,2026-05-09T14:22:46.056005642Z,,,,host_log,10,20,,,,,,0,0,,technical_check,vplc_status_cycle_duration_not_validated_as_Tper,0.034,100,работает
RUN_20260509_VPLC_L0_IDLE_10_20_S01_R01,VPLC_L0_IDLE_10_20,SER_20260509_VPLC_L0_IDLE_10_20_S01,vPLC_container,VPLC_HOST,27,,,2026-05-09T14:22:47.110436681Z,,,,host_log,10,20,,,,,,0,0,,technical_check,vplc_status_cycle_duration_not_validated_as_Tper,0.056,100,работает
RUN_20260509_VPLC_L0_IDLE_10_20_S01_R01,VPLC_L0_IDLE_10_20,SER_20260509_VPLC_L0_IDLE_10_20_S01,vPLC_container,VPLC_HOST,28,,,2026-05-09T14:22:48.164408983Z,,,,host_log,10,20,,,,,,0,0,,technical_check,vplc_status_cycle_duration_not_validated_as_Tper,0.056,100,работает
RUN_20260509_VPLC_L0_IDLE_10_20_S01_R01,VPLC_L0_IDLE_10_20,SER_20260509_VPLC_L0_IDLE_10_20_S01,vPLC_container,VPLC_HOST,29,,,2026-05-09T14:22:49.221658925Z,,,,host_log,10,20,,,,,,0,0,,technical_check,vplc_status_cycle_duration_not_validated_as_Tper,0.055,100,работает
RUN_20260509_VPLC_L0_IDLE_10_20_S01_R01,VPLC_L0_IDLE_10_20,SER_20260509_VPLC_L0_IDLE_10_20_S01,vPLC_container,VPLC_HOST,30,,,2026-05-09T14:22:50.276725478Z,,,,host_log,10,20,,,,,,0,0,,technical_check,vplc_status_cycle_duration_not_validated_as_Tper,0.057,100,работает
RUN_20260509_VPLC_L0_IDLE_10_20_S01_R01,VPLC_L0_IDLE_10_20,SER_20260509_VPLC_L0_IDLE_10_20_S01,vPLC_container,VPLC_HOST,31,,,2026-05-09T14:22:51.334923506Z,,,,host_log,10,20,,,,,,0,0,,technical_check,vplc_status_cycle_duration_not_validated_as_Tper,4.158,100,работает
RUN_20260509_VPLC_L0_IDLE_10_20_S01_R01,VPLC_L0_IDLE_10_20,SER_20260509_VPLC_L0_IDLE_10_20_S01,vPLC_container,VPLC_HOST,32,,,2026-05-09T14:22:52.389526189Z,,,,host_log,10,20,,,,,,0,0,,technical_check,vplc_status_cycle_duration_not_validated_as_Tper,4.656,100,работает
RUN_20260509_VPLC_L0_IDLE_10_20_S01_R01,VPLC_L0_IDLE_10_20,SER_20260509_VPLC_L0_IDLE_10_20_S01,vPLC_container,VPLC_HOST,33,,,2026-05-09T14:22:53.442824015Z,,,,host_log,10,20,,,,,,0,0,,technical_check,vplc_status_cycle_duration_not_validated_as_Tper,0.036,100,работает
RUN_20260509_VPLC_L0_IDLE_10_20_S01_R01,VPLC_L0_IDLE_10_20,SER_20260509_VPLC_L0_IDLE_10_20_S01,vPLC_container,VPLC_HOST,34,,,2026-05-09T14:22:54.499809561Z,,,,host_log,10,20,,,,,,0,0,,technical_check,vplc_status_cycle_duration_not_validated_as_Tper,0.057,100,работает
RUN_20260509_VPLC_L0_IDLE_10_20_S01_R01,VPLC_L0_IDLE_10_20,SER_20260509_VPLC_L0_IDLE_10_20_S01,vPLC_container,VPLC_HOST,35,,,2026-05-09T14:22:55.555349017Z,,,,host_log,10,20,,,,,,0,0,,technical_check,vplc_status_cycle_duration_not_validated_as_Tper,0.032,100,работает
RUN_20260509_VPLC_L0_IDLE_10_20_S01_R01,VPLC_L0_IDLE_10_20,SER_20260509_VPLC_L0_IDLE_10_20_S01,vPLC_container,VPLC_HOST,36,,,2026-05-09T14:22:56.610070983Z,,,,host_log,10,20,,,,,,0,0,,technical_check,vplc_status_cycle_duration_not_validated_as_Tper,0.057,100,работает
RUN_20260509_VPLC_L0_IDLE_10_20_S01_R01,VPLC_L0_IDLE_10_20,SER_20260509_VPLC_L0_IDLE_10_20_S01,vPLC_container,VPLC_HOST,37,,,2026-05-09T14:22:57.662986994Z,,,,host_log,10,20,,,,,,0,0,,technical_check,vplc_status_cycle_duration_not_validated_as_Tper,0.056,100,работает
RUN_20260509_VPLC_L0_IDLE_10_20_S01_R01,VPLC_L0_IDLE_10_20,SER_20260509_VPLC_L0_IDLE_10_20_S01,vPLC_container,VPLC_HOST,38,,,2026-05-09T14:22:58.719251097Z,,,,host_log,10,20,,,,,,0,0,,technical_check,vplc_status_cycle_duration_not_validated_as_Tper,0.058,100,работает
RUN_20260509_VPLC_L0_IDLE_10_20_S01_R01,VPLC_L0_IDLE_10_20,SER_20260509_VPLC_L0_IDLE_10_20_S01,vPLC_container,VPLC_HOST,39,,,2026-05-09T14:22:59.777185912Z,,,,host_log,10,20,,,,,,0,0,,technical_check,vplc_status_cycle_duration_not_validated_as_Tper,0.056,100,работает
RUN_20260509_VPLC_L0_IDLE_10_20_S01_R01,VPLC_L0_IDLE_10_20,SER_20260509_VPLC_L0_IDLE_10_20_S01,vPLC_container,VPLC_HOST,40,,,2026-05-09T14:23:00.832411675Z,,,,host_log,10,20,,,,,,0,0,,technical_check,vplc_status_cycle_duration_not_validated_as_Tper,0.035,100,работает
RUN_20260509_VPLC_L0_IDLE_10_20_S01_R01,VPLC_L0_IDLE_10_20,SER_20260509_VPLC_L0_IDLE_10_20_S01,vPLC_container,VPLC_HOST,41,,,2026-05-09T14:23:01.886897175Z,,,,host_log,10,20,,,,,,0,0,,technical_check,vplc_status_cycle_duration_not_validated_as_Tper,0.056,100,работает
RUN_20260509_VPLC_L0_IDLE_10_20_S01_R01,VPLC_L0_IDLE_10_20,SER_20260509_VPLC_L0_IDLE_10_20_S01,vPLC_container,VPLC_HOST,42,,,2026-05-09T14:23:02.941517455Z,,,,host_log,10,20,,,,,,0,0,,technical_check,vplc_status_cycle_duration_not_validated_as_Tper,0.034,100,работает
RUN_20260509_VPLC_L0_IDLE_10_20_S01_R01,VPLC_L0_IDLE_10_20,SER_20260509_VPLC_L0_IDLE_10_20_S01,vPLC_container,VPLC_HOST,43,,,2026-05-09T14:23:03.997494999Z,,,,host_log,10,20,,,,,,0,0,,technical_check,vplc_status_cycle_duration_not_validated_as_Tper,0.057,100,работает
RUN_20260509_VPLC_L0_IDLE_10_20_S01_R01,VPLC_L0_IDLE_10_20,SER_20260509_VPLC_L0_IDLE_10_20_S01,vPLC_container,VPLC_HOST,44,,,2026-05-09T14:23:05.052194880Z,,,,host_log,10,20,,,,,,0,0,,technical_check,vplc_status_cycle_duration_not_validated_as_Tper,0.027,100,работает
RUN_20260509_VPLC_L0_IDLE_10_20_S01_R01,VPLC_L0_IDLE_10_20,SER_20260509_VPLC_L0_IDLE_10_20_S01,vPLC_container,VPLC_HOST,45,,,2026-05-09T14:23:06.107368936Z,,,,host_log,10,20,,,,,,0,0,,technical_check,vplc_status_cycle_duration_not_validated_as_Tper,0.056,100,работает
RUN_20260509_VPLC_L0_IDLE_10_20_S01_R01,VPLC_L0_IDLE_10_20,SER_20260509_VPLC_L0_IDLE_10_20_S01,vPLC_container,VPLC_HOST,46,,,2026-05-09T14:23:07.164788314Z,,,,host_log,10,20,,,,,,0,0,,technical_check,vplc_status_cycle_duration_not_validated_as_Tper,0.056,100,работает
RUN_20260509_VPLC_L0_IDLE_10_20_S01_R01,VPLC_L0_IDLE_10_20,SER_20260509_VPLC_L0_IDLE_10_20_S01,vPLC_container,VPLC_HOST,47,,,2026-05-09T14:23:08.218692053Z,,,,host_log,10,20,,,,,,0,0,,technical_check,vplc_status_cycle_duration_not_validated_as_Tper,0.057,100,работает
RUN_20260509_VPLC_L0_IDLE_10_20_S01_R01,VPLC_L0_IDLE_10_20,SER_20260509_VPLC_L0_IDLE_10_20_S01,vPLC_container,VPLC_HOST,48,,,2026-05-09T14:23:09.273184446Z,,,,host_log,10,20,,,,,,0,0,,technical_check,vplc_status_cycle_duration_not_validated_as_Tper,0.057,100,работает
RUN_20260509_VPLC_L0_IDLE_10_20_S01_R01,VPLC_L0_IDLE_10_20,SER_20260509_VPLC_L0_IDLE_10_20_S01,vPLC_container,VPLC_HOST,49,,,2026-05-09T14:23:10.328110427Z,,,,host_log,10,20,,,,,,0,0,,technical_check,vplc_status_cycle_duration_not_validated_as_Tper,4.455,100,работает
RUN_20260509_VPLC_L0_IDLE_10_20_S01_R01,VPLC_L0_IDLE_10_20,SER_20260509_VPLC_L0_IDLE_10_20_S01,vPLC_container,VPLC_HOST,50,,,2026-05-09T14:23:11.380248105Z,,,,host_log,10,20,,,,,,0,0,,technical_check,vplc_status_cycle_duration_not_validated_as_Tper,4.785,100,работает
RUN_20260509_VPLC_L0_IDLE_10_20_S01_R01,VPLC_L0_IDLE_10_20,SER_20260509_VPLC_L0_IDLE_10_20_S01,vPLC_container,VPLC_HOST,51,,,2026-05-09T14:23:12.437532458Z,,,,host_log,10,20,,,,,,0,0,,technical_check,vplc_status_cycle_duration_not_validated_as_Tper,0.036,100,работает
RUN_20260509_VPLC_L0_IDLE_10_20_S01_R01,VPLC_L0_IDLE_10_20,SER_20260509_VPLC_L0_IDLE_10_20_S01,vPLC_container,VPLC_HOST,52,,,2026-05-09T14:23:13.494061638Z,,,,host_log,10,20,,,,,,0,0,,technical_check,vplc_status_cycle_duration_not_validated_as_Tper,0.057,100,работает
RUN_20260509_VPLC_L0_IDLE_10_20_S01_R01,VPLC_L0_IDLE_10_20,SER_20260509_VPLC_L0_IDLE_10_20_S01,vPLC_container,VPLC_HOST,53,,,2026-05-09T14:23:14.550047699Z,,,,host_log,10,20,,,,,,0,0,,technical_check,vplc_status_cycle_duration_not_validated_as_Tper,0.020,100,работает
RUN_20260509_VPLC_L0_IDLE_10_20_S01_R01,VPLC_L0_IDLE_10_20,SER_20260509_VPLC_L0_IDLE_10_20_S01,vPLC_container,VPLC_HOST,54,,,2026-05-09T14:23:15.604402931Z,,,,host_log,10,20,,,,,,0,0,,technical_check,vplc_status_cycle_duration_not_validated_as_Tper,0.058,100,работает
RUN_20260509_VPLC_L0_IDLE_10_20_S01_R01,VPLC_L0_IDLE_10_20,SER_20260509_VPLC_L0_IDLE_10_20_S01,vPLC_container,VPLC_HOST,55,,,2026-05-09T14:23:16.660796446Z,,,,host_log,10,20,,,,,,0,0,,technical_check,vplc_status_cycle_duration_not_validated_as_Tper,0.056,100,работает
RUN_20260509_VPLC_L0_IDLE_10_20_S01_R01,VPLC_L0_IDLE_10_20,SER_20260509_VPLC_L0_IDLE_10_20_S01,vPLC_container,VPLC_HOST,56,,,2026-05-09T14:23:17.714361001Z,,,,host_log,10,20,,,,,,0,0,,technical_check,vplc_status_cycle_duration_not_validated_as_Tper,0.058,100,работает
RUN_20260509_VPLC_L0_IDLE_10_20_S01_R01,VPLC_L0_IDLE_10_20,SER_20260509_VPLC_L0_IDLE_10_20_S01,vPLC_container,VPLC_HOST,57,,,2026-05-09T14:23:18.766877191Z,,,,host_log,10,20,,,,,,0,0,,technical_check,vplc_status_cycle_duration_not_validated_as_Tper,0.058,100,работает
RUN_20260509_VPLC_L0_IDLE_10_20_S01_R01,VPLC_L0_IDLE_10_20,SER_20260509_VPLC_L0_IDLE_10_20_S01,vPLC_container,VPLC_HOST,58,,,2026-05-09T14:23:19.826612824Z,,,,host_log,10,20,,,,,,0,0,,technical_check,vplc_status_cycle_duration_not_validated_as_Tper,0.036,100,работает
RUN_20260509_VPLC_L0_IDLE_10_20_S01_R01,VPLC_L0_IDLE_10_20,SER_20260509_VPLC_L0_IDLE_10_20_S01,vPLC_container,VPLC_HOST,59,,,2026-05-09T14:23:20.881775380Z,,,,host_log,10,20,,,,,,0,0,,technical_check,vplc_status_cycle_duration_not_validated_as_Tper,0.055,100,работает
RUN_20260509_VPLC_L0_IDLE_10_20_S01_R01,VPLC_L0_IDLE_10_20,SER_20260509_VPLC_L0_IDLE_10_20_S01,vPLC_container,VPLC_HOST,60,,,2026-05-09T14:23:21.933715953Z,,,,host_log,10,20,,,,,,0,0,,technical_check,vplc_status_cycle_duration_not_validated_as_Tper,0.035,100,работает
RUN_20260509_VPLC_L0_IDLE_10_20_S01_R01,VPLC_L0_IDLE_10_20,SER_20260509_VPLC_L0_IDLE_10_20_S01,vPLC_container,VPLC_HOST,61,,,2026-05-09T14:23:22.990366911Z,,,,host_log,10,20,,,,,,0,0,,technical_check,vplc_status_cycle_duration_not_validated_as_Tper,0.056,100,работает
RUN_20260509_VPLC_L0_IDLE_10_20_S01_R01,VPLC_L0_IDLE_10_20,SER_20260509_VPLC_L0_IDLE_10_20_S01,vPLC_container,VPLC_HOST,62,,,2026-05-09T14:23:24.045129306Z,,,,host_log,10,20,,,,,,0,0,,technical_check,vplc_status_cycle_duration_not_validated_as_Tper,0.036,100,работает
RUN_20260509_VPLC_L0_IDLE_10_20_S01_R01,VPLC_L0_IDLE_10_20,SER_20260509_VPLC_L0_IDLE_10_20_S01,vPLC_container,VPLC_HOST,63,,,2026-05-09T14:23:25.102125248Z,,,,host_log,10,20,,,,,,0,0,,technical_check,vplc_status_cycle_duration_not_validated_as_Tper,0.056,100,работает
RUN_20260509_VPLC_L0_IDLE_10_20_S01_R01,VPLC_L0_IDLE_10_20,SER_20260509_VPLC_L0_IDLE_10_20_S01,vPLC_container,VPLC_HOST,64,,,2026-05-09T14:23:26.158555267Z,,,,host_log,10,20,,,,,,0,0,,technical_check,vplc_status_cycle_duration_not_validated_as_Tper,0.039,100,работает
RUN_20260509_VPLC_L0_IDLE_10_20_S01_R01,VPLC_L0_IDLE_10_20,SER_20260509_VPLC_L0_IDLE_10_20_S01,vPLC_container,VPLC_HOST,65,,,2026-05-09T14:23:27.211514605Z,,,,host_log,10,20,,,,,,0,0,,technical_check,vplc_status_cycle_duration_not_validated_as_Tper,0.056,100,работает
RUN_20260509_VPLC_L0_IDLE_10_20_S01_R01,VPLC_L0_IDLE_10_20,SER_20260509_VPLC_L0_IDLE_10_20_S01,vPLC_container,VPLC_HOST,66,,,2026-05-09T14:23:28.269271430Z,,,,host_log,10,20,,,,,,0,0,,technical_check,vplc_status_cycle_duration_not_validated_as_Tper,0.054,100,работает
RUN_20260509_VPLC_L0_IDLE_10_20_S01_R01,VPLC_L0_IDLE_10_20,SER_20260509_VPLC_L0_IDLE_10_20_S01,vPLC_container,VPLC_HOST,67,,,2026-05-09T14:23:29.325186794Z,,,,host_log,10,20,,,,,,0,0,,technical_check,vplc_status_cycle_duration_not_validated_as_Tper,0.055,100,работает
RUN_20260509_VPLC_L0_IDLE_10_20_S01_R01,VPLC_L0_IDLE_10_20,SER_20260509_VPLC_L0_IDLE_10_20_S01,vPLC_container,VPLC_HOST,68,,,2026-05-09T14:23:30.378923955Z,,,,host_log,10,20,,,,,,0,0,,technical_check,vplc_status_cycle_duration_not_validated_as_Tper,4.725,100,работает
RUN_20260509_VPLC_L0_IDLE_10_20_S01_R01,VPLC_L0_IDLE_10_20,SER_20260509_VPLC_L0_IDLE_10_20_S01,vPLC_container,VPLC_HOST,69,,,2026-05-09T14:23:31.434268463Z,,,,host_log,10,20,,,,,,0,0,,technical_check,vplc_status_cycle_duration_not_validated_as_Tper,0.035,100,работает
RUN_20260509_VPLC_L0_IDLE_10_20_S01_R01,VPLC_L0_IDLE_10_20,SER_20260509_VPLC_L0_IDLE_10_20_S01,vPLC_container,VPLC_HOST,70,,,2026-05-09T14:23:32.489575544Z,,,,host_log,10,20,,,,,,0,0,,technical_check,vplc_status_cycle_duration_not_validated_as_Tper,0.056,100,работает
RUN_20260509_VPLC_L0_IDLE_10_20_S01_R01,VPLC_L0_IDLE_10_20,SER_20260509_VPLC_L0_IDLE_10_20_S01,vPLC_container,VPLC_HOST,71,,,2026-05-09T14:23:33.545101819Z,,,,host_log,10,20,,,,,,0,0,,technical_check,vplc_status_cycle_duration_not_validated_as_Tper,0.036,100,работает
RUN_20260509_VPLC_L0_IDLE_10_20_S01_R01,VPLC_L0_IDLE_10_20,SER_20260509_VPLC_L0_IDLE_10_20_S01,vPLC_container,VPLC_HOST,72,,,2026-05-09T14:23:34.600429191Z,,,,host_log,10,20,,,,,,0,0,,technical_check,vplc_status_cycle_duration_not_validated_as_Tper,0.056,100,работает
RUN_20260509_VPLC_L0_IDLE_10_20_S01_R01,VPLC_L0_IDLE_10_20,SER_20260509_VPLC_L0_IDLE_10_20_S01,vPLC_container,VPLC_HOST,73,,,2026-05-09T14:23:35.656383938Z,,,,host_log,10,20,,,,,,0,0,,technical_check,vplc_status_cycle_duration_not_validated_as_Tper,0.033,100,работает
RUN_20260509_VPLC_L0_IDLE_10_20_S01_R01,VPLC_L0_IDLE_10_20,SER_20260509_VPLC_L0_IDLE_10_20_S01,vPLC_container,VPLC_HOST,74,,,2026-05-09T14:23:36.710809055Z,,,,host_log,10,20,,,,,,0,0,,technical_check,vplc_status_cycle_duration_not_validated_as_Tper,0.055,100,работает
RUN_20260509_VPLC_L0_IDLE_10_20_S01_R01,VPLC_L0_IDLE_10_20,SER_20260509_VPLC_L0_IDLE_10_20_S01,vPLC_container,VPLC_HOST,75,,,2026-05-09T14:23:37.764439394Z,,,,host_log,10,20,,,,,,0,0,,technical_check,vplc_status_cycle_duration_not_validated_as_Tper,0.054,100,работает
RUN_20260509_VPLC_L0_IDLE_10_20_S01_R01,VPLC_L0_IDLE_10_20,SER_20260509_VPLC_L0_IDLE_10_20_S01,vPLC_container,VPLC_HOST,76,,,2026-05-09T14:23:38.819275654Z,,,,host_log,10,20,,,,,,0,0,,technical_check,vplc_status_cycle_duration_not_validated_as_Tper,0.037,100,работает
RUN_20260509_VPLC_L0_IDLE_10_20_S01_R01,VPLC_L0_IDLE_10_20,SER_20260509_VPLC_L0_IDLE_10_20_S01,vPLC_container,VPLC_HOST,77,,,2026-05-09T14:23:39.877020596Z,,,,host_log,10,20,,,,,,0,0,,technical_check,vplc_status_cycle_duration_not_validated_as_Tper,0.056,100,работает
RUN_20260509_VPLC_L0_IDLE_10_20_S01_R01,VPLC_L0_IDLE_10_20,SER_20260509_VPLC_L0_IDLE_10_20_S01,vPLC_container,VPLC_HOST,78,,,2026-05-09T14:23:40.930400744Z,,,,host_log,10,20,,,,,,0,0,,technical_check,vplc_status_cycle_duration_not_validated_as_Tper,0.036,100,работает
RUN_20260509_VPLC_L0_IDLE_10_20_S01_R01,VPLC_L0_IDLE_10_20,SER_20260509_VPLC_L0_IDLE_10_20_S01,vPLC_container,VPLC_HOST,79,,,2026-05-09T14:23:41.988370117Z,,,,host_log,10,20,,,,,,0,0,,technical_check,vplc_status_cycle_duration_not_validated_as_Tper,0.056,100,работает
RUN_20260509_VPLC_L0_IDLE_10_20_S01_R01,VPLC_L0_IDLE_10_20,SER_20260509_VPLC_L0_IDLE_10_20_S01,vPLC_container,VPLC_HOST,80,,,2026-05-09T14:23:43.040196593Z,,,,host_log,10,20,,,,,,0,0,,technical_check,vplc_status_cycle_duration_not_validated_as_Tper,0.035,100,работает
RUN_20260509_VPLC_L0_IDLE_10_20_S01_R01,VPLC_L0_IDLE_10_20,SER_20260509_VPLC_L0_IDLE_10_20_S01,vPLC_container,VPLC_HOST,81,,,2026-05-09T14:23:44.099163566Z,,,,host_log,10,20,,,,,,0,0,,technical_check,vplc_status_cycle_duration_not_validated_as_Tper,0.057,100,работает
RUN_20260509_VPLC_L0_IDLE_10_20_S01_R01,VPLC_L0_IDLE_10_20,SER_20260509_VPLC_L0_IDLE_10_20_S01,vPLC_container,VPLC_HOST,82,,,2026-05-09T14:23:45.153162384Z,,,,host_log,10,20,,,,,,0,0,,technical_check,vplc_status_cycle_duration_not_validated_as_Tper,0.025,100,работает
RUN_20260509_VPLC_L0_IDLE_10_20_S01_R01,VPLC_L0_IDLE_10_20,SER_20260509_VPLC_L0_IDLE_10_20_S01,vPLC_container,VPLC_HOST,83,,,2026-05-09T14:23:46.209349475Z,,,,host_log,10,20,,,,,,0,0,,technical_check,vplc_status_cycle_duration_not_validated_as_Tper,0.055,100,работает
RUN_20260509_VPLC_L0_IDLE_10_20_S01_R01,VPLC_L0_IDLE_10_20,SER_20260509_VPLC_L0_IDLE_10_20_S01,vPLC_container,VPLC_HOST,84,,,2026-05-09T14:23:47.265226014Z,,,,host_log,10,20,,,,,,0,0,,technical_check,vplc_status_cycle_duration_not_validated_as_Tper,0.056,100,работает
RUN_20260509_VPLC_L0_IDLE_10_20_S01_R01,VPLC_L0_IDLE_10_20,SER_20260509_VPLC_L0_IDLE_10_20_S01,vPLC_container,VPLC_HOST,85,,,2026-05-09T14:23:48.320386565Z,,,,host_log,10,20,,,,,,0,0,,technical_check,vplc_status_cycle_duration_not_validated_as_Tper,0.058,100,работает
RUN_20260509_VPLC_L0_IDLE_10_20_S01_R01,VPLC_L0_IDLE_10_20,SER_20260509_VPLC_L0_IDLE_10_20_S01,vPLC_container,VPLC_HOST,86,,,2026-05-09T14:23:49.373150833Z,,,,host_log,10,20,,,,,,0,0,,technical_check,vplc_status_cycle_duration_not_validated_as_Tper,4.799,100,работает
RUN_20260509_VPLC_L0_IDLE_10_20_S01_R01,VPLC_L0_IDLE_10_20,SER_20260509_VPLC_L0_IDLE_10_20_S01,vPLC_container,VPLC_HOST,87,,,2026-05-09T14:23:50.425908054Z,,,,host_log,10,20,,,,,,0,0,,technical_check,vplc_status_cycle_duration_not_validated_as_Tper,0.034,100,работает
RUN_20260509_VPLC_L0_IDLE_10_20_S01_R01,VPLC_L0_IDLE_10_20,SER_20260509_VPLC_L0_IDLE_10_20_S01,vPLC_container,VPLC_HOST,88,,,2026-05-09T14:23:51.480183879Z,,,,host_log,10,20,,,,,,0,0,,technical_check,vplc_status_cycle_duration_not_validated_as_Tper,0.056,100,работает
RUN_20260509_VPLC_L0_IDLE_10_20_S01_R01,VPLC_L0_IDLE_10_20,SER_20260509_VPLC_L0_IDLE_10_20_S01,vPLC_container,VPLC_HOST,89,,,2026-05-09T14:23:52.537051491Z,,,,host_log,10,20,,,,,,0,0,,technical_check,vplc_status_cycle_duration_not_validated_as_Tper,0.035,100,работает
RUN_20260509_VPLC_L0_IDLE_10_20_S01_R01,VPLC_L0_IDLE_10_20,SER_20260509_VPLC_L0_IDLE_10_20_S01,vPLC_container,VPLC_HOST,90,,,2026-05-09T14:23:53.593430681Z,,,,host_log,10,20,,,,,,0,0,,technical_check,vplc_status_cycle_duration_not_validated_as_Tper,0.056,100,работает
RUN_20260509_VPLC_L0_IDLE_10_20_S01_R01,VPLC_L0_IDLE_10_20,SER_20260509_VPLC_L0_IDLE_10_20_S01,vPLC_container,VPLC_HOST,91,,,2026-05-09T14:23:54.651908079Z,,,,host_log,10,20,,,,,,0,0,,technical_check,vplc_status_cycle_duration_not_validated_as_Tper,0.021,100,работает
RUN_20260509_VPLC_L0_IDLE_10_20_S01_R01,VPLC_L0_IDLE_10_20,SER_20260509_VPLC_L0_IDLE_10_20_S01,vPLC_container,VPLC_HOST,92,,,2026-05-09T14:23:55.706542136Z,,,,host_log,10,20,,,,,,0,0,,technical_check,vplc_status_cycle_duration_not_validated_as_Tper,0.056,100,работает
RUN_20260509_VPLC_L0_IDLE_10_20_S01_R01,VPLC_L0_IDLE_10_20,SER_20260509_VPLC_L0_IDLE_10_20_S01,vPLC_container,VPLC_HOST,93,,,2026-05-09T14:23:56.760234738Z,,,,host_log,10,20,,,,,,0,0,,technical_check,vplc_status_cycle_duration_not_validated_as_Tper,0.051,100,работает
RUN_20260509_VPLC_L0_IDLE_10_20_S01_R01,VPLC_L0_IDLE_10_20,SER_20260509_VPLC_L0_IDLE_10_20_S01,vPLC_container,VPLC_HOST,94,,,2026-05-09T14:23:57.817739731Z,,,,host_log,10,20,,,,,,0,0,,technical_check,vplc_status_cycle_duration_not_validated_as_Tper,0.056,100,работает
RUN_20260509_VPLC_L0_IDLE_10_20_S01_R01,VPLC_L0_IDLE_10_20,SER_20260509_VPLC_L0_IDLE_10_20_S01,vPLC_container,VPLC_HOST,95,,,2026-05-09T14:23:58.871356253Z,,,,host_log,10,20,,,,,,0,0,,technical_check,vplc_status_cycle_duration_not_validated_as_Tper,0.056,100,работает
RUN_20260509_VPLC_L0_IDLE_10_20_S01_R01,VPLC_L0_IDLE_10_20,SER_20260509_VPLC_L0_IDLE_10_20_S01,vPLC_container,VPLC_HOST,96,,,2026-05-09T14:23:59.925856723Z,,,,host_log,10,20,,,,,,0,0,,technical_check,vplc_status_cycle_duration_not_validated_as_Tper,0.036,100,работает
RUN_20260509_VPLC_L0_IDLE_10_20_S01_R01,VPLC_L0_IDLE_10_20,SER_20260509_VPLC_L0_IDLE_10_20_S01,vPLC_container,VPLC_HOST,97,,,2026-05-09T14:24:00.981165307Z,,,,host_log,10,20,,,,,,0,0,,technical_check,vplc_status_cycle_duration_not_validated_as_Tper,0.057,100,работает
RUN_20260509_VPLC_L0_IDLE_10_20_S01_R01,VPLC_L0_IDLE_10_20,SER_20260509_VPLC_L0_IDLE_10_20_S01,vPLC_container,VPLC_HOST,98,,,2026-05-09T14:24:02.039707228Z,,,,host_log,10,20,,,,,,0,0,,technical_check,vplc_status_cycle_duration_not_validated_as_Tper,0.035,100,работает
RUN_20260509_VPLC_L0_IDLE_10_20_S01_R01,VPLC_L0_IDLE_10_20,SER_20260509_VPLC_L0_IDLE_10_20_S01,vPLC_container,VPLC_HOST,99,,,2026-05-09T14:24:03.092260666Z,,,,host_log,10,20,,,,,,0,0,,technical_check,vplc_status_cycle_duration_not_validated_as_Tper,0.057,100,работает
RUN_20260509_VPLC_L0_IDLE_10_20_S01_R01,VPLC_L0_IDLE_10_20,SER_20260509_VPLC_L0_IDLE_10_20_S01,vPLC_container,VPLC_HOST,100,,,2026-05-09T14:24:04.149947866Z,,,,host_log,10,20,,,,,,0,0,,technical_check,vplc_status_cycle_duration_not_validated_as_Tper,0.025,100,работает
RUN_20260509_VPLC_L0_IDLE_10_20_S01_R01,VPLC_L0_IDLE_10_20,SER_20260509_VPLC_L0_IDLE_10_20_S01,vPLC_container,VPLC_HOST,101,,,2026-05-09T14:24:05.205410167Z,,,,host_log,10,20,,,,,,0,0,,technical_check,vplc_status_cycle_duration_not_validated_as_Tper,0.058,100,работает
RUN_20260509_VPLC_L0_IDLE_10_20_S01_R01,VPLC_L0_IDLE_10_20,SER_20260509_VPLC_L0_IDLE_10_20_S01,vPLC_container,VPLC_HOST,102,,,2026-05-09T14:24:06.260576690Z,,,,host_log,10,20,,,,,,0,0,,technical_check,vplc_status_cycle_duration_not_validated_as_Tper,0.059,100,работает
RUN_20260509_VPLC_L0_IDLE_10_20_S01_R01,VPLC_L0_IDLE_10_20,SER_20260509_VPLC_L0_IDLE_10_20_S01,vPLC_container,VPLC_HOST,103,,,2026-05-09T14:24:07.312749003Z,,,,host_log,10,20,,,,,,0,0,,technical_check,vplc_status_cycle_duration_not_validated_as_Tper,0.055,100,работает
RUN_20260509_VPLC_L0_IDLE_10_20_S01_R01,VPLC_L0_IDLE_10_20,SER_20260509_VPLC_L0_IDLE_10_20_S01,vPLC_container,VPLC_HOST,104,,,2026-05-09T14:24:08.369163433Z,,,,host_log,10,20,,,,,,0,0,,technical_check,vplc_status_cycle_duration_not_validated_as_Tper,6.069,100,работает
RUN_20260509_VPLC_L0_IDLE_10_20_S01_R01,VPLC_L0_IDLE_10_20,SER_20260509_VPLC_L0_IDLE_10_20_S01,vPLC_container,VPLC_HOST,105,,,2026-05-09T14:24:09.426613758Z,,,,host_log,10,20,,,,,,0,0,,technical_check,vplc_status_cycle_duration_not_validated_as_Tper,0.054,100,работает
RUN_20260509_VPLC_L0_IDLE_10_20_S01_R01,VPLC_L0_IDLE_10_20,SER_20260509_VPLC_L0_IDLE_10_20_S01,vPLC_container,VPLC_HOST,106,,,2026-05-09T14:24:10.478816348Z,,,,host_log,10,20,,,,,,0,0,,technical_check,vplc_status_cycle_duration_not_validated_as_Tper,0.055,100,работает
RUN_20260509_VPLC_L0_IDLE_10_20_S01_R01,VPLC_L0_IDLE_10_20,SER_20260509_VPLC_L0_IDLE_10_20_S01,vPLC_container,VPLC_HOST,107,,,2026-05-09T14:24:11.537374277Z,,,,host_log,10,20,,,,,,0,0,,technical_check,vplc_status_cycle_duration_not_validated_as_Tper,0.035,100,работает
RUN_20260509_VPLC_L0_IDLE_10_20_S01_R01,VPLC_L0_IDLE_10_20,SER_20260509_VPLC_L0_IDLE_10_20_S01,vPLC_container,VPLC_HOST,108,,,2026-05-09T14:24:12.592266025Z,,,,host_log,10,20,,,,,,0,0,,technical_check,vplc_status_cycle_duration_not_validated_as_Tper,0.056,100,работает
RUN_20260509_VPLC_L0_IDLE_10_20_S01_R01,VPLC_L0_IDLE_10_20,SER_20260509_VPLC_L0_IDLE_10_20_S01,vPLC_container,VPLC_HOST,109,,,2026-05-09T14:24:13.645255959Z,,,,host_log,10,20,,,,,,0,0,,technical_check,vplc_status_cycle_duration_not_validated_as_Tper,0.032,100,работает
RUN_20260509_VPLC_L0_IDLE_10_20_S01_R01,VPLC_L0_IDLE_10_20,SER_20260509_VPLC_L0_IDLE_10_20_S01,vPLC_container,VPLC_HOST,110,,,2026-05-09T14:24:14.703239363Z,,,,host_log,10,20,,,,,,0,0,,technical_check,vplc_status_cycle_duration_not_validated_as_Tper,0.056,100,работает
RUN_20260509_VPLC_L0_IDLE_10_20_S01_R01,VPLC_L0_IDLE_10_20,SER_20260509_VPLC_L0_IDLE_10_20_S01,vPLC_container,VPLC_HOST,111,,,2026-05-09T14:24:15.756533225Z,,,,host_log,10,20,,,,,,0,0,,technical_check,vplc_status_cycle_duration_not_validated_as_Tper,0.036,100,работает
RUN_20260509_VPLC_L0_IDLE_10_20_S01_R01,VPLC_L0_IDLE_10_20,SER_20260509_VPLC_L0_IDLE_10_20_S01,vPLC_container,VPLC_HOST,112,,,2026-05-09T14:24:16.813928065Z,,,,host_log,10,20,,,,,,0,0,,technical_check,vplc_status_cycle_duration_not_validated_as_Tper,0.056,100,работает
RUN_20260509_VPLC_L0_IDLE_10_20_S01_R01,VPLC_L0_IDLE_10_20,SER_20260509_VPLC_L0_IDLE_10_20_S01,vPLC_container,VPLC_HOST,113,,,2026-05-09T14:24:17.866247679Z,,,,host_log,10,20,,,,,,0,0,,technical_check,vplc_status_cycle_duration_not_validated_as_Tper,0.057,100,работает
RUN_20260509_VPLC_L0_IDLE_10_20_S01_R01,VPLC_L0_IDLE_10_20,SER_20260509_VPLC_L0_IDLE_10_20_S01,vPLC_container,VPLC_HOST,114,,,2026-05-09T14:24:18.922772796Z,,,,host_log,10,20,,,,,,0,0,,technical_check,vplc_status_cycle_duration_not_validated_as_Tper,0.054,100,работает
RUN_20260509_VPLC_L0_IDLE_10_20_S01_R01,VPLC_L0_IDLE_10_20,SER_20260509_VPLC_L0_IDLE_10_20_S01,vPLC_container,VPLC_HOST,115,,,2026-05-09T14:24:19.980367864Z,,,,host_log,10,20,,,,,,0,0,,technical_check,vplc_status_cycle_duration_not_validated_as_Tper,0.055,100,работает
RUN_20260509_VPLC_L0_IDLE_10_20_S01_R01,VPLC_L0_IDLE_10_20,SER_20260509_VPLC_L0_IDLE_10_20_S01,vPLC_container,VPLC_HOST,116,,,2026-05-09T14:24:21.033723208Z,,,,host_log,10,20,,,,,,0,0,,technical_check,vplc_status_cycle_duration_not_validated_as_Tper,0.036,100,работает
RUN_20260509_VPLC_L0_IDLE_10_20_S01_R01,VPLC_L0_IDLE_10_20,SER_20260509_VPLC_L0_IDLE_10_20_S01,vPLC_container,VPLC_HOST,117,,,2026-05-09T14:24:22.088848423Z,,,,host_log,10,20,,,,,,0,0,,technical_check,vplc_status_cycle_duration_not_validated_as_Tper,0.056,100,работает
RUN_20260509_VPLC_L0_IDLE_10_20_S01_R01,VPLC_L0_IDLE_10_20,SER_20260509_VPLC_L0_IDLE_10_20_S01,vPLC_container,VPLC_HOST,118,,,2026-05-09T14:24:23.144369085Z,,,,host_log,10,20,,,,,,0,0,,technical_check,vplc_status_cycle_duration_not_validated_as_Tper,0.033,100,работает
RUN_20260509_VPLC_L0_IDLE_10_20_S01_R01,VPLC_L0_IDLE_10_20,SER_20260509_VPLC_L0_IDLE_10_20_S01,vPLC_container,VPLC_HOST,119,,,2026-05-09T14:24:24.198894831Z,,,,host_log,10,20,,,,,,0,0,,technical_check,vplc_status_cycle_duration_not_validated_as_Tper,0.055,100,работает
RUN_20260509_VPLC_L0_IDLE_10_20_S01_R01,VPLC_L0_IDLE_10_20,SER_20260509_VPLC_L0_IDLE_10_20_S01,vPLC_container,VPLC_HOST,120,,,2026-05-09T14:24:25.254091532Z,,,,host_log,10,20,,,,,,0,0,,technical_check,vplc_status_cycle_duration_not_validated_as_Tper,0.031,100,работает
RUN_20260509_VPLC_L0_IDLE_10_20_S01_R01,VPLC_L0_IDLE_10_20,SER_20260509_VPLC_L0_IDLE_10_20_S01,vPLC_container,VPLC_HOST,121,,,2026-05-09T14:24:26.308679117Z,,,,host_log,10,20,,,,,,0,0,,technical_check,vplc_status_cycle_duration_not_validated_as_Tper,0.055,100,работает
RUN_20260509_VPLC_L0_IDLE_10_20_S01_R01,VPLC_L0_IDLE_10_20,SER_20260509_VPLC_L0_IDLE_10_20_S01,vPLC_container,VPLC_HOST,122,,,2026-05-09T14:24:27.361553718Z,,,,host_log,10,20,,,,,,0,0,,technical_check,vplc_status_cycle_duration_not_validated_as_Tper,4.870,100,работает
RUN_20260509_VPLC_L0_IDLE_10_20_S01_R01,VPLC_L0_IDLE_10_20,SER_20260509_VPLC_L0_IDLE_10_20_S01,vPLC_container,VPLC_HOST,123,,,2026-05-09T14:24:28.419142641Z,,,,host_log,10,20,,,,,,0,0,,technical_check,vplc_status_cycle_duration_not_validated_as_Tper,5.000,100,работает
RUN_20260509_VPLC_L0_IDLE_10_20_S01_R01,VPLC_L0_IDLE_10_20,SER_20260509_VPLC_L0_IDLE_10_20_S01,vPLC_container,VPLC_HOST,124,,,2026-05-09T14:24:29.477529192Z,,,,host_log,10,20,,,,,,0,0,,technical_check,vplc_status_cycle_duration_not_validated_as_Tper,0.057,100,работает
RUN_20260509_VPLC_L0_IDLE_10_20_S01_R01,VPLC_L0_IDLE_10_20,SER_20260509_VPLC_L0_IDLE_10_20_S01,vPLC_container,VPLC_HOST,125,,,2026-05-09T14:24:30.531003056Z,,,,host_log,10,20,,,,,,0,0,,technical_check,vplc_status_cycle_duration_not_validated_as_Tper,0.036,100,работает
RUN_20260509_VPLC_L0_IDLE_10_20_S01_R01,VPLC_L0_IDLE_10_20,SER_20260509_VPLC_L0_IDLE_10_20_S01,vPLC_container,VPLC_HOST,126,,,2026-05-09T14:24:31.585471795Z,,,,host_log,10,20,,,,,,0,0,,technical_check,vplc_status_cycle_duration_not_validated_as_Tper,0.056,100,работает
RUN_20260509_VPLC_L0_IDLE_10_20_S01_R01,VPLC_L0_IDLE_10_20,SER_20260509_VPLC_L0_IDLE_10_20_S01,vPLC_container,VPLC_HOST,127,,,2026-05-09T14:24:32.643854215Z,,,,host_log,10,20,,,,,,0,0,,technical_check,vplc_status_cycle_duration_not_validated_as_Tper,0.036,100,работает
RUN_20260509_VPLC_L0_IDLE_10_20_S01_R01,VPLC_L0_IDLE_10_20,SER_20260509_VPLC_L0_IDLE_10_20_S01,vPLC_container,VPLC_HOST,128,,,2026-05-09T14:24:33.697914050Z,,,,host_log,10,20,,,,,,0,0,,technical_check,vplc_status_cycle_duration_not_validated_as_Tper,0.058,100,работает
RUN_20260509_VPLC_L0_IDLE_10_20_S01_R01,VPLC_L0_IDLE_10_20,SER_20260509_VPLC_L0_IDLE_10_20_S01,vPLC_container,VPLC_HOST,129,,,2026-05-09T14:24:34.750555042Z,,,,host_log,10,20,,,,,,0,0,,technical_check,vplc_status_cycle_duration_not_validated_as_Tper,0.021,100,работает
RUN_20260509_VPLC_L0_IDLE_10_20_S01_R01,VPLC_L0_IDLE_10_20,SER_20260509_VPLC_L0_IDLE_10_20_S01,vPLC_container,VPLC_HOST,130,,,2026-05-09T14:24:35.808629242Z,,,,host_log,10,20,,,,,,0,0,,technical_check,vplc_status_cycle_duration_not_validated_as_Tper,0.058,100,работает
RUN_20260509_VPLC_L0_IDLE_10_20_S01_R01,VPLC_L0_IDLE_10_20,SER_20260509_VPLC_L0_IDLE_10_20_S01,vPLC_container,VPLC_HOST,131,,,2026-05-09T14:24:36.864471347Z,,,,host_log,10,20,,,,,,0,0,,technical_check,vplc_status_cycle_duration_not_validated_as_Tper,0.056,100,работает
RUN_20260509_VPLC_L0_IDLE_10_20_S01_R01,VPLC_L0_IDLE_10_20,SER_20260509_VPLC_L0_IDLE_10_20_S01,vPLC_container,VPLC_HOST,132,,,2026-05-09T14:24:37.918907391Z,,,,host_log,10,20,,,,,,0,0,,technical_check,vplc_status_cycle_duration_not_validated_as_Tper,0.056,100,работает
RUN_20260509_VPLC_L0_IDLE_10_20_S01_R01,VPLC_L0_IDLE_10_20,SER_20260509_VPLC_L0_IDLE_10_20_S01,vPLC_container,VPLC_HOST,133,,,2026-05-09T14:24:38.974069385Z,,,,host_log,10,20,,,,,,0,0,,technical_check,vplc_status_cycle_duration_not_validated_as_Tper,0.055,100,работает
RUN_20260509_VPLC_L0_IDLE_10_20_S01_R01,VPLC_L0_IDLE_10_20,SER_20260509_VPLC_L0_IDLE_10_20_S01,vPLC_container,VPLC_HOST,134,,,2026-05-09T14:24:40.030955166Z,,,,host_log,10,20,,,,,,0,0,,technical_check,vplc_status_cycle_duration_not_validated_as_Tper,0.036,100,работает
RUN_20260509_VPLC_L0_IDLE_10_20_S01_R01,VPLC_L0_IDLE_10_20,SER_20260509_VPLC_L0_IDLE_10_20_S01,vPLC_container,VPLC_HOST,135,,,2026-05-09T14:24:41.084581301Z,,,,host_log,10,20,,,,,,0,0,,technical_check,vplc_status_cycle_duration_not_validated_as_Tper,0.057,100,работает
RUN_20260509_VPLC_L0_IDLE_10_20_S01_R01,VPLC_L0_IDLE_10_20,SER_20260509_VPLC_L0_IDLE_10_20_S01,vPLC_container,VPLC_HOST,136,,,2026-05-09T14:24:42.141208179Z,,,,host_log,10,20,,,,,,0,0,,technical_check,vplc_status_cycle_duration_not_validated_as_Tper,0.035,100,работает
RUN_20260509_VPLC_L0_IDLE_10_20_S01_R01,VPLC_L0_IDLE_10_20,SER_20260509_VPLC_L0_IDLE_10_20_S01,vPLC_container,VPLC_HOST,137,,,2026-05-09T14:24:43.196312529Z,,,,host_log,10,20,,,,,,0,0,,technical_check,vplc_status_cycle_duration_not_validated_as_Tper,0.056,100,работает
RUN_20260509_VPLC_L0_IDLE_10_20_S01_R01,VPLC_L0_IDLE_10_20,SER_20260509_VPLC_L0_IDLE_10_20_S01,vPLC_container,VPLC_HOST,138,,,2026-05-09T14:24:44.250404620Z,,,,host_log,10,20,,,,,,0,0,,technical_check,vplc_status_cycle_duration_not_validated_as_Tper,0.021,100,работает
RUN_20260509_VPLC_L0_IDLE_10_20_S01_R01,VPLC_L0_IDLE_10_20,SER_20260509_VPLC_L0_IDLE_10_20_S01,vPLC_container,VPLC_HOST,139,,,2026-05-09T14:24:45.306669357Z,,,,host_log,10,20,,,,,,0,0,,technical_check,vplc_status_cycle_duration_not_validated_as_Tper,0.056,100,работает
RUN_20260509_VPLC_L0_IDLE_10_20_S01_R01,VPLC_L0_IDLE_10_20,SER_20260509_VPLC_L0_IDLE_10_20_S01,vPLC_container,VPLC_HOST,140,,,2026-05-09T14:24:46.360954968Z,,,,host_log,10,20,,,,,,0,0,,technical_check,vplc_status_cycle_duration_not_validated_as_Tper,4.743,100,работает
RUN_20260509_VPLC_L0_IDLE_10_20_S01_R01,VPLC_L0_IDLE_10_20,SER_20260509_VPLC_L0_IDLE_10_20_S01,vPLC_container,VPLC_HOST,141,,,2026-05-09T14:24:47.416877286Z,,,,host_log,10,20,,,,,,0,0,,technical_check,vplc_status_cycle_duration_not_validated_as_Tper,4.768,100,работает
RUN_20260509_VPLC_L0_IDLE_10_20_S01_R01,VPLC_L0_IDLE_10_20,SER_20260509_VPLC_L0_IDLE_10_20_S01,vPLC_container,VPLC_HOST,142,,,2026-05-09T14:24:48.473013392Z,,,,host_log,10,20,,,,,,0,0,,technical_check,vplc_status_cycle_duration_not_validated_as_Tper,0.056,100,работает
RUN_20260509_VPLC_L0_IDLE_10_20_S01_R01,VPLC_L0_IDLE_10_20,SER_20260509_VPLC_L0_IDLE_10_20_S01,vPLC_container,VPLC_HOST,143,,,2026-05-09T14:24:49.526025729Z,,,,host_log,10,20,,,,,,0,0,,technical_check,vplc_status_cycle_duration_not_validated_as_Tper,0.035,100,работает
RUN_20260509_VPLC_L0_IDLE_10_20_S01_R01,VPLC_L0_IDLE_10_20,SER_20260509_VPLC_L0_IDLE_10_20_S01,vPLC_container,VPLC_HOST,144,,,2026-05-09T14:24:50.583328996Z,,,,host_log,10,20,,,,,,0,0,,technical_check,vplc_status_cycle_duration_not_validated_as_Tper,0.055,100,работает
RUN_20260509_VPLC_L0_IDLE_10_20_S01_R01,VPLC_L0_IDLE_10_20,SER_20260509_VPLC_L0_IDLE_10_20_S01,vPLC_container,VPLC_HOST,145,,,2026-05-09T14:24:51.639334155Z,,,,host_log,10,20,,,,,,0,0,,technical_check,vplc_status_cycle_duration_not_validated_as_Tper,0.035,100,работает
RUN_20260509_VPLC_L0_IDLE_10_20_S01_R01,VPLC_L0_IDLE_10_20,SER_20260509_VPLC_L0_IDLE_10_20_S01,vPLC_container,VPLC_HOST,146,,,2026-05-09T14:24:52.693115444Z,,,,host_log,10,20,,,,,,0,0,,technical_check,vplc_status_cycle_duration_not_validated_as_Tper,0.057,100,работает
RUN_20260509_VPLC_L0_IDLE_10_20_S01_R01,VPLC_L0_IDLE_10_20,SER_20260509_VPLC_L0_IDLE_10_20_S01,vPLC_container,VPLC_HOST,147,,,2026-05-09T14:24:53.747409563Z,,,,host_log,10,20,,,,,,0,0,,technical_check,vplc_status_cycle_duration_not_validated_as_Tper,0.028,100,работает
RUN_20260509_VPLC_L0_IDLE_10_20_S01_R01,VPLC_L0_IDLE_10_20,SER_20260509_VPLC_L0_IDLE_10_20_S01,vPLC_container,VPLC_HOST,148,,,2026-05-09T14:24:54.803025097Z,,,,host_log,10,20,,,,,,0,0,,technical_check,vplc_status_cycle_duration_not_validated_as_Tper,0.055,100,работает
RUN_20260509_VPLC_L0_IDLE_10_20_S01_R01,VPLC_L0_IDLE_10_20,SER_20260509_VPLC_L0_IDLE_10_20_S01,vPLC_container,VPLC_HOST,149,,,2026-05-09T14:24:55.857774721Z,,,,host_log,10,20,,,,,,0,0,,technical_check,vplc_status_cycle_duration_not_validated_as_Tper,0.040,100,работает
RUN_20260509_VPLC_L0_IDLE_10_20_S01_R01,VPLC_L0_IDLE_10_20,SER_20260509_VPLC_L0_IDLE_10_20_S01,vPLC_container,VPLC_HOST,150,,,2026-05-09T14:24:56.912237583Z,,,,host_log,10,20,,,,,,0,0,,technical_check,vplc_status_cycle_duration_not_validated_as_Tper,0.056,100,работает
RUN_20260509_VPLC_L0_IDLE_10_20_S01_R01,VPLC_L0_IDLE_10_20,SER_20260509_VPLC_L0_IDLE_10_20_S01,vPLC_container,VPLC_HOST,151,,,2026-05-09T14:24:57.968157958Z,,,,host_log,10,20,,,,,,0,0,,technical_check,vplc_status_cycle_duration_not_validated_as_Tper,0.058,100,работает
RUN_20260509_VPLC_L0_IDLE_10_20_S01_R01,VPLC_L0_IDLE_10_20,SER_20260509_VPLC_L0_IDLE_10_20_S01,vPLC_container,VPLC_HOST,152,,,2026-05-09T14:24:59.023601124Z,,,,host_log,10,20,,,,,,0,0,,technical_check,vplc_status_cycle_duration_not_validated_as_Tper,0.056,100,работает
RUN_20260509_VPLC_L0_IDLE_10_20_S01_R01,VPLC_L0_IDLE_10_20,SER_20260509_VPLC_L0_IDLE_10_20_S01,vPLC_container,VPLC_HOST,153,,,2026-05-09T14:25:00.079372109Z,,,,host_log,10,20,,,,,,0,0,,technical_check,vplc_status_cycle_duration_not_validated_as_Tper,0.056,100,работает
RUN_20260509_VPLC_L0_IDLE_10_20_S01_R01,VPLC_L0_IDLE_10_20,SER_20260509_VPLC_L0_IDLE_10_20_S01,vPLC_container,VPLC_HOST,154,,,2026-05-09T14:25:01.136870081Z,,,,host_log,10,20,,,,,,0,0,,technical_check,vplc_status_cycle_duration_not_validated_as_Tper,0.036,100,работает
RUN_20260509_VPLC_L0_IDLE_10_20_S01_R01,VPLC_L0_IDLE_10_20,SER_20260509_VPLC_L0_IDLE_10_20_S01,vPLC_container,VPLC_HOST,155,,,2026-05-09T14:25:02.189822420Z,,,,host_log,10,20,,,,,,0,0,,technical_check,vplc_status_cycle_duration_not_validated_as_Tper,0.057,100,работает
RUN_20260509_VPLC_L0_IDLE_10_20_S01_R01,VPLC_L0_IDLE_10_20,SER_20260509_VPLC_L0_IDLE_10_20_S01,vPLC_container,VPLC_HOST,156,,,2026-05-09T14:25:03.247121571Z,,,,host_log,10,20,,,,,,0,0,,technical_check,vplc_status_cycle_duration_not_validated_as_Tper,0.032,100,работает
RUN_20260509_VPLC_L0_IDLE_10_20_S01_R01,VPLC_L0_IDLE_10_20,SER_20260509_VPLC_L0_IDLE_10_20_S01,vPLC_container,VPLC_HOST,157,,,2026-05-09T14:25:04.299516798Z,,,,host_log,10,20,,,,,,0,0,,technical_check,vplc_status_cycle_duration_not_validated_as_Tper,0.057,100,работает
RUN_20260509_VPLC_L0_IDLE_10_20_S01_R01,VPLC_L0_IDLE_10_20,SER_20260509_VPLC_L0_IDLE_10_20_S01,vPLC_container,VPLC_HOST,158,,,2026-05-09T14:25:05.357421729Z,,,,host_log,10,20,,,,,,0,0,,technical_check,vplc_status_cycle_duration_not_validated_as_Tper,4.262,100,работает
RUN_20260509_VPLC_L0_IDLE_10_20_S01_R01,VPLC_L0_IDLE_10_20,SER_20260509_VPLC_L0_IDLE_10_20_S01,vPLC_container,VPLC_HOST,159,,,2026-05-09T14:25:06.411300398Z,,,,host_log,10,20,,,,,,0,0,,technical_check,vplc_status_cycle_duration_not_validated_as_Tper,5.007,100,работает
RUN_20260509_VPLC_L0_IDLE_10_20_S01_R01,VPLC_L0_IDLE_10_20,SER_20260509_VPLC_L0_IDLE_10_20_S01,vPLC_container,VPLC_HOST,160,,,2026-05-09T14:25:07.464916934Z,,,,host_log,10,20,,,,,,0,0,,technical_check,vplc_status_cycle_duration_not_validated_as_Tper,0.054,100,работает
RUN_20260509_VPLC_L0_IDLE_10_20_S01_R01,VPLC_L0_IDLE_10_20,SER_20260509_VPLC_L0_IDLE_10_20_S01,vPLC_container,VPLC_HOST,161,,,2026-05-09T14:25:08.522489489Z,,,,host_log,10,20,,,,,,0,0,,technical_check,vplc_status_cycle_duration_not_validated_as_Tper,0.035,100,работает
RUN_20260509_VPLC_L0_IDLE_10_20_S01_R01,VPLC_L0_IDLE_10_20,SER_20260509_VPLC_L0_IDLE_10_20_S01,vPLC_container,VPLC_HOST,162,,,2026-05-09T14:25:09.575327220Z,,,,host_log,10,20,,,,,,0,0,,technical_check,vplc_status_cycle_duration_not_validated_as_Tper,0.056,100,работает
RUN_20260509_VPLC_L0_IDLE_10_20_S01_R01,VPLC_L0_IDLE_10_20,SER_20260509_VPLC_L0_IDLE_10_20_S01,vPLC_container,VPLC_HOST,163,,,2026-05-09T14:25:10.631845584Z,,,,host_log,10,20,,,,,,0,0,,technical_check,vplc_status_cycle_duration_not_validated_as_Tper,0.036,100,работает
RUN_20260509_VPLC_L0_IDLE_10_20_S01_R01,VPLC_L0_IDLE_10_20,SER_20260509_VPLC_L0_IDLE_10_20_S01,vPLC_container,VPLC_HOST,164,,,2026-05-09T14:25:11.689043357Z,,,,host_log,10,20,,,,,,0,0,,technical_check,vplc_status_cycle_duration_not_validated_as_Tper,0.056,100,работает
RUN_20260509_VPLC_L0_IDLE_10_20_S01_R01,VPLC_L0_IDLE_10_20,SER_20260509_VPLC_L0_IDLE_10_20_S01,vPLC_container,VPLC_HOST,165,,,2026-05-09T14:25:12.742160550Z,,,,host_log,10,20,,,,,,0,0,,technical_check,vplc_status_cycle_duration_not_validated_as_Tper,0.036,100,работает
RUN_20260509_VPLC_L0_IDLE_10_20_S01_R01,VPLC_L0_IDLE_10_20,SER_20260509_VPLC_L0_IDLE_10_20_S01,vPLC_container,VPLC_HOST,166,,,2026-05-09T14:25:13.797025102Z,,,,host_log,10,20,,,,,,0,0,,technical_check,vplc_status_cycle_duration_not_validated_as_Tper,0.057,100,работает
RUN_20260509_VPLC_L0_IDLE_10_20_S01_R01,VPLC_L0_IDLE_10_20,SER_20260509_VPLC_L0_IDLE_10_20_S01,vPLC_container,VPLC_HOST,167,,,2026-05-09T14:25:14.853418187Z,,,,host_log,10,20,,,,,,0,0,,technical_check,vplc_status_cycle_duration_not_validated_as_Tper,0.032,100,работает
RUN_20260509_VPLC_L0_IDLE_10_20_S01_R01,VPLC_L0_IDLE_10_20,SER_20260509_VPLC_L0_IDLE_10_20_S01,vPLC_container,VPLC_HOST,168,,,2026-05-09T14:25:15.910401479Z,,,,host_log,10,20,,,,,,0,0,,technical_check,vplc_status_cycle_duration_not_validated_as_Tper,0.057,100,работает
RUN_20260509_VPLC_L0_IDLE_10_20_S01_R01,VPLC_L0_IDLE_10_20,SER_20260509_VPLC_L0_IDLE_10_20_S01,vPLC_container,VPLC_HOST,169,,,2026-05-09T14:25:16.960598601Z,,,,host_log,10,20,,,,,,0,0,,technical_check,vplc_status_cycle_duration_not_validated_as_Tper,0.058,100,работает
RUN_20260509_VPLC_L0_IDLE_10_20_S01_R01,VPLC_L0_IDLE_10_20,SER_20260509_VPLC_L0_IDLE_10_20_S01,vPLC_container,VPLC_HOST,170,,,2026-05-09T14:25:18.021203028Z,,,,host_log,10,20,,,,,,0,0,,technical_check,vplc_status_cycle_duration_not_validated_as_Tper,0.057,100,работает
RUN_20260509_VPLC_L0_IDLE_10_20_S01_R01,VPLC_L0_IDLE_10_20,SER_20260509_VPLC_L0_IDLE_10_20_S01,vPLC_container,VPLC_HOST,171,,,2026-05-09T14:25:19.077170551Z,,,,host_log,10,20,,,,,,0,0,,technical_check,vplc_status_cycle_duration_not_validated_as_Tper,0.055,100,работает
RUN_20260509_VPLC_L0_IDLE_10_20_S01_R01,VPLC_L0_IDLE_10_20,SER_20260509_VPLC_L0_IDLE_10_20_S01,vPLC_container,VPLC_HOST,172,,,2026-05-09T14:25:20.131481540Z,,,,host_log,10,20,,,,,,0,0,,technical_check,vplc_status_cycle_duration_not_validated_as_Tper,0.036,100,работает
RUN_20260509_VPLC_L0_IDLE_10_20_S01_R01,VPLC_L0_IDLE_10_20,SER_20260509_VPLC_L0_IDLE_10_20_S01,vPLC_container,VPLC_HOST,173,,,2026-05-09T14:25:21.184939821Z,,,,host_log,10,20,,,,,,0,0,,technical_check,vplc_status_cycle_duration_not_validated_as_Tper,0.055,100,работает
RUN_20260509_VPLC_L0_IDLE_10_20_S01_R01,VPLC_L0_IDLE_10_20,SER_20260509_VPLC_L0_IDLE_10_20_S01,vPLC_container,VPLC_HOST,174,,,2026-05-09T14:25:22.243076798Z,,,,host_log,10,20,,,,,,0,0,,technical_check,vplc_status_cycle_duration_not_validated_as_Tper,0.036,100,работает
RUN_20260509_VPLC_L0_IDLE_10_20_S01_R01,VPLC_L0_IDLE_10_20,SER_20260509_VPLC_L0_IDLE_10_20_S01,vPLC_container,VPLC_HOST,175,,,2026-05-09T14:25:23.298447971Z,,,,host_log,10,20,,,,,,0,0,,technical_check,vplc_status_cycle_duration_not_validated_as_Tper,0.056,100,работает
RUN_20260509_VPLC_L0_IDLE_10_20_S01_R01,VPLC_L0_IDLE_10_20,SER_20260509_VPLC_L0_IDLE_10_20_S01,vPLC_container,VPLC_HOST,176,,,2026-05-09T14:25:24.349809880Z,,,,host_log,10,20,,,,,,0,0,,technical_check,vplc_status_cycle_duration_not_validated_as_Tper,3.470,100,работает
RUN_20260509_VPLC_L0_IDLE_10_20_S01_R01,VPLC_L0_IDLE_10_20,SER_20260509_VPLC_L0_IDLE_10_20_S01,vPLC_container,VPLC_HOST,177,,,2026-05-09T14:25:25.407934025Z,,,,host_log,10,20,,,,,,0,0,,technical_check,vplc_status_cycle_duration_not_validated_as_Tper,4.122,100,работает
RUN_20260509_VPLC_L0_IDLE_10_20_S01_R01,VPLC_L0_IDLE_10_20,SER_20260509_VPLC_L0_IDLE_10_20_S01,vPLC_container,VPLC_HOST,178,,,2026-05-09T14:25:26.462302496Z,,,,host_log,10,20,,,,,,0,0,,technical_check,vplc_status_cycle_duration_not_validated_as_Tper,0.057,100,работает
RUN_20260509_VPLC_L0_IDLE_10_20_S01_R01,VPLC_L0_IDLE_10_20,SER_20260509_VPLC_L0_IDLE_10_20_S01,vPLC_container,VPLC_HOST,179,,,2026-05-09T14:25:27.519474392Z,,,,host_log,10,20,,,,,,0,0,,technical_check,vplc_status_cycle_duration_not_validated_as_Tper,0.056,100,работает
RUN_20260509_VPLC_L0_IDLE_10_20_S01_R01,VPLC_L0_IDLE_10_20,SER_20260509_VPLC_L0_IDLE_10_20_S01,vPLC_container,VPLC_HOST,180,,,2026-05-09T14:25:28.575543529Z,,,,host_log,10,20,,,,,,0,0,,technical_check,vplc_status_cycle_duration_not_validated_as_Tper,0.056,100,работает
RUN_20260509_VPLC_L0_IDLE_10_20_S01_R01,VPLC_L0_IDLE_10_20,SER_20260509_VPLC_L0_IDLE_10_20_S01,vPLC_container,VPLC_HOST,181,,,2026-05-09T14:25:29.630672038Z,,,,host_log,10,20,,,,,,0,0,,technical_check,vplc_status_cycle_duration_not_validated_as_Tper,0.036,100,работает
RUN_20260509_VPLC_L0_IDLE_10_20_S01_R01,VPLC_L0_IDLE_10_20,SER_20260509_VPLC_L0_IDLE_10_20_S01,vPLC_container,VPLC_HOST,182,,,2026-05-09T14:25:30.685581939Z,,,,host_log,10,20,,,,,,0,0,,technical_check,vplc_status_cycle_duration_not_validated_as_Tper,0.055,100,работает
RUN_20260509_VPLC_L0_IDLE_10_20_S01_R01,VPLC_L0_IDLE_10_20,SER_20260509_VPLC_L0_IDLE_10_20_S01,vPLC_container,VPLC_HOST,183,,,2026-05-09T14:25:31.741046797Z,,,,host_log,10,20,,,,,,0,0,,technical_check,vplc_status_cycle_duration_not_validated_as_Tper,0.036,100,работает
RUN_20260509_VPLC_L0_IDLE_10_20_S01_R01,VPLC_L0_IDLE_10_20,SER_20260509_VPLC_L0_IDLE_10_20_S01,vPLC_container,VPLC_HOST,184,,,2026-05-09T14:25:32.795980607Z,,,,host_log,10,20,,,,,,0,0,,technical_check,vplc_status_cycle_duration_not_validated_as_Tper,0.055,100,работает
RUN_20260509_VPLC_L0_IDLE_10_20_S01_R01,VPLC_L0_IDLE_10_20,SER_20260509_VPLC_L0_IDLE_10_20_S01,vPLC_container,VPLC_HOST,185,,,2026-05-09T14:25:33.849230023Z,,,,host_log,10,20,,,,,,0,0,,technical_check,vplc_status_cycle_duration_not_validated_as_Tper,0.025,100,работает
RUN_20260509_VPLC_L0_IDLE_10_20_S01_R01,VPLC_L0_IDLE_10_20,SER_20260509_VPLC_L0_IDLE_10_20_S01,vPLC_container,VPLC_HOST,186,,,2026-05-09T14:25:34.904045565Z,,,,host_log,10,20,,,,,,0,0,,technical_check,vplc_status_cycle_duration_not_validated_as_Tper,0.058,100,работает
RUN_20260509_VPLC_L0_IDLE_10_20_S01_R01,VPLC_L0_IDLE_10_20,SER_20260509_VPLC_L0_IDLE_10_20_S01,vPLC_container,VPLC_HOST,187,,,2026-05-09T14:25:35.963126299Z,,,,host_log,10,20,,,,,,0,0,,technical_check,vplc_status_cycle_duration_not_validated_as_Tper,0.056,100,работает
RUN_20260509_VPLC_L0_IDLE_10_20_S01_R01,VPLC_L0_IDLE_10_20,SER_20260509_VPLC_L0_IDLE_10_20_S01,vPLC_container,VPLC_HOST,188,,,2026-05-09T14:25:37.017711973Z,,,,host_log,10,20,,,,,,0,0,,technical_check,vplc_status_cycle_duration_not_validated_as_Tper,0.056,100,работает
RUN_20260509_VPLC_L0_IDLE_10_20_S01_R01,VPLC_L0_IDLE_10_20,SER_20260509_VPLC_L0_IDLE_10_20_S01,vPLC_container,VPLC_HOST,189,,,2026-05-09T14:25:38.070239506Z,,,,host_log,10,20,,,,,,0,0,,technical_check,vplc_status_cycle_duration_not_validated_as_Tper,0.053,100,работает
RUN_20260509_VPLC_L0_IDLE_10_20_S01_R01,VPLC_L0_IDLE_10_20,SER_20260509_VPLC_L0_IDLE_10_20_S01,vPLC_container,VPLC_HOST,190,,,2026-05-09T14:25:39.128292534Z,,,,host_log,10,20,,,,,,0,0,,technical_check,vplc_status_cycle_duration_not_validated_as_Tper,0.057,100,работает
RUN_20260509_VPLC_L0_IDLE_10_20_S01_R01,VPLC_L0_IDLE_10_20,SER_20260509_VPLC_L0_IDLE_10_20_S01,vPLC_container,VPLC_HOST,191,,,2026-05-09T14:25:40.182826128Z,,,,host_log,10,20,,,,,,0,0,,technical_check,vplc_status_cycle_duration_not_validated_as_Tper,0.056,100,работает
RUN_20260509_VPLC_L0_IDLE_10_20_S01_R01,VPLC_L0_IDLE_10_20,SER_20260509_VPLC_L0_IDLE_10_20_S01,vPLC_container,VPLC_HOST,192,,,2026-05-09T14:25:41.237633032Z,,,,host_log,10,20,,,,,,0,0,,technical_check,vplc_status_cycle_duration_not_validated_as_Tper,0.035,100,работает
RUN_20260509_VPLC_L0_IDLE_10_20_S01_R01,VPLC_L0_IDLE_10_20,SER_20260509_VPLC_L0_IDLE_10_20_S01,vPLC_container,VPLC_HOST,193,,,2026-05-09T14:25:42.291085362Z,,,,host_log,10,20,,,,,,0,0,,technical_check,vplc_status_cycle_duration_not_validated_as_Tper,0.057,100,работает
RUN_20260509_VPLC_L0_IDLE_10_20_S01_R01,VPLC_L0_IDLE_10_20,SER_20260509_VPLC_L0_IDLE_10_20_S01,vPLC_container,VPLC_HOST,194,,,2026-05-09T14:25:43.345936281Z,,,,host_log,10,20,,,,,,0,0,,technical_check,vplc_status_cycle_duration_not_validated_as_Tper,4.042,100,работает
RUN_20260509_VPLC_L0_IDLE_10_20_S01_R01,VPLC_L0_IDLE_10_20,SER_20260509_VPLC_L0_IDLE_10_20_S01,vPLC_container,VPLC_HOST,195,,,2026-05-09T14:25:44.403069151Z,,,,host_log,10,20,,,,,,0,0,,technical_check,vplc_status_cycle_duration_not_validated_as_Tper,4.351,100,работает
RUN_20260509_VPLC_L0_IDLE_10_20_S01_R01,VPLC_L0_IDLE_10_20,SER_20260509_VPLC_L0_IDLE_10_20_S01,vPLC_container,VPLC_HOST,196,,,2026-05-09T14:25:45.457437236Z,,,,host_log,10,20,,,,,,0,0,,technical_check,vplc_status_cycle_duration_not_validated_as_Tper,0.039,100,работает
RUN_20260509_VPLC_L0_IDLE_10_20_S01_R01,VPLC_L0_IDLE_10_20,SER_20260509_VPLC_L0_IDLE_10_20_S01,vPLC_container,VPLC_HOST,197,,,2026-05-09T14:25:46.514178077Z,,,,host_log,10,20,,,,,,0,0,,technical_check,vplc_status_cycle_duration_not_validated_as_Tper,0.057,100,работает
RUN_20260509_VPLC_L0_IDLE_10_20_S01_R01,VPLC_L0_IDLE_10_20,SER_20260509_VPLC_L0_IDLE_10_20_S01,vPLC_container,VPLC_HOST,198,,,2026-05-09T14:25:47.567255009Z,,,,host_log,10,20,,,,,,0,0,,technical_check,vplc_status_cycle_duration_not_validated_as_Tper,0.059,100,работает
RUN_20260509_VPLC_L0_IDLE_10_20_S01_R01,VPLC_L0_IDLE_10_20,SER_20260509_VPLC_L0_IDLE_10_20_S01,vPLC_container,VPLC_HOST,199,,,2026-05-09T14:25:48.623229392Z,,,,host_log,10,20,,,,,,0,0,,technical_check,vplc_status_cycle_duration_not_validated_as_Tper,0.054,100,работает
RUN_20260509_VPLC_L0_IDLE_10_20_S01_R01,VPLC_L0_IDLE_10_20,SER_20260509_VPLC_L0_IDLE_10_20_S01,vPLC_container,VPLC_HOST,200,,,2026-05-09T14:25:49.678046548Z,,,,host_log,10,20,,,,,,0,0,,technical_check,vplc_status_cycle_duration_not_validated_as_Tper,0.057,100,работает
RUN_20260509_VPLC_L0_IDLE_10_20_S01_R01,VPLC_L0_IDLE_10_20,SER_20260509_VPLC_L0_IDLE_10_20_S01,vPLC_container,VPLC_HOST,201,,,2026-05-09T14:25:50.732490321Z,,,,host_log,10,20,,,,,,0,0,,technical_check,vplc_status_cycle_duration_not_validated_as_Tper,0.035,100,работает
RUN_20260509_VPLC_L0_IDLE_10_20_S01_R01,VPLC_L0_IDLE_10_20,SER_20260509_VPLC_L0_IDLE_10_20_S01,vPLC_container,VPLC_HOST,202,,,2026-05-09T14:25:51.790265138Z,,,,host_log,10,20,,,,,,0,0,,technical_check,vplc_status_cycle_duration_not_validated_as_Tper,0.056,100,работает
RUN_20260509_VPLC_L0_IDLE_10_20_S01_R01,VPLC_L0_IDLE_10_20,SER_20260509_VPLC_L0_IDLE_10_20_S01,vPLC_container,VPLC_HOST,203,,,2026-05-09T14:25:52.845556883Z,,,,host_log,10,20,,,,,,0,0,,technical_check,vplc_status_cycle_duration_not_validated_as_Tper,0.031,100,работает
RUN_20260509_VPLC_L0_IDLE_10_20_S01_R01,VPLC_L0_IDLE_10_20,SER_20260509_VPLC_L0_IDLE_10_20_S01,vPLC_container,VPLC_HOST,204,,,2026-05-09T14:25:53.901871570Z,,,,host_log,10,20,,,,,,0,0,,technical_check,vplc_status_cycle_duration_not_validated_as_Tper,0.055,100,работает
RUN_20260509_VPLC_L0_IDLE_10_20_S01_R01,VPLC_L0_IDLE_10_20,SER_20260509_VPLC_L0_IDLE_10_20_S01,vPLC_container,VPLC_HOST,205,,,2026-05-09T14:25:54.955227129Z,,,,host_log,10,20,,,,,,0,0,,technical_check,vplc_status_cycle_duration_not_validated_as_Tper,0.032,100,работает
RUN_20260509_VPLC_L0_IDLE_10_20_S01_R01,VPLC_L0_IDLE_10_20,SER_20260509_VPLC_L0_IDLE_10_20_S01,vPLC_container,VPLC_HOST,206,,,2026-05-09T14:25:56.012896783Z,,,,host_log,10,20,,,,,,0,0,,technical_check,vplc_status_cycle_duration_not_validated_as_Tper,0.057,100,работает
RUN_20260509_VPLC_L0_IDLE_10_20_S01_R01,VPLC_L0_IDLE_10_20,SER_20260509_VPLC_L0_IDLE_10_20_S01,vPLC_container,VPLC_HOST,207,,,2026-05-09T14:25:57.068582189Z,,,,host_log,10,20,,,,,,0,0,,technical_check,vplc_status_cycle_duration_not_validated_as_Tper,0.055,100,работает
RUN_20260509_VPLC_L0_IDLE_10_20_S01_R01,VPLC_L0_IDLE_10_20,SER_20260509_VPLC_L0_IDLE_10_20_S01,vPLC_container,VPLC_HOST,208,,,2026-05-09T14:25:58.124131642Z,,,,host_log,10,20,,,,,,0,0,,technical_check,vplc_status_cycle_duration_not_validated_as_Tper,0.036,100,работает
RUN_20260509_VPLC_L0_IDLE_10_20_S01_R01,VPLC_L0_IDLE_10_20,SER_20260509_VPLC_L0_IDLE_10_20_S01,vPLC_container,VPLC_HOST,209,,,2026-05-09T14:25:59.177800516Z,,,,host_log,10,20,,,,,,0,0,,technical_check,vplc_status_cycle_duration_not_validated_as_Tper,0.056,100,работает
RUN_20260509_VPLC_L0_IDLE_10_20_S01_R01,VPLC_L0_IDLE_10_20,SER_20260509_VPLC_L0_IDLE_10_20_S01,vPLC_container,VPLC_HOST,210,,,2026-05-09T14:26:00.233118238Z,,,,host_log,10,20,,,,,,0,0,,technical_check,vplc_status_cycle_duration_not_validated_as_Tper,0.054,100,работает
RUN_20260509_VPLC_L0_IDLE_10_20_S01_R01,VPLC_L0_IDLE_10_20,SER_20260509_VPLC_L0_IDLE_10_20_S01,vPLC_container,VPLC_HOST,211,,,2026-05-09T14:26:01.287383367Z,,,,host_log,10,20,,,,,,0,0,,technical_check,vplc_status_cycle_duration_not_validated_as_Tper,0.056,100,работает
RUN_20260509_VPLC_L0_IDLE_10_20_S01_R01,VPLC_L0_IDLE_10_20,SER_20260509_VPLC_L0_IDLE_10_20_S01,vPLC_container,VPLC_HOST,212,,,2026-05-09T14:26:02.345184529Z,,,,host_log,10,20,,,,,,0,0,,technical_check,vplc_status_cycle_duration_not_validated_as_Tper,4.214,100,работает
RUN_20260509_VPLC_L0_IDLE_10_20_S01_R01,VPLC_L0_IDLE_10_20,SER_20260509_VPLC_L0_IDLE_10_20_S01,vPLC_container,VPLC_HOST,213,,,2026-05-09T14:26:03.398965617Z,,,,host_log,10,20,,,,,,0,0,,technical_check,vplc_status_cycle_duration_not_validated_as_Tper,4.345,100,работает
RUN_20260509_VPLC_L0_IDLE_10_20_S01_R01,VPLC_L0_IDLE_10_20,SER_20260509_VPLC_L0_IDLE_10_20_S01,vPLC_container,VPLC_HOST,214,,,2026-05-09T14:26:04.454352329Z,,,,host_log,10,20,,,,,,0,0,,technical_check,vplc_status_cycle_duration_not_validated_as_Tper,0.027,100,работает
RUN_20260509_VPLC_L0_IDLE_10_20_S01_R01,VPLC_L0_IDLE_10_20,SER_20260509_VPLC_L0_IDLE_10_20_S01,vPLC_container,VPLC_HOST,215,,,2026-05-09T14:26:05.510285653Z,,,,host_log,10,20,,,,,,0,0,,technical_check,vplc_status_cycle_duration_not_validated_as_Tper,0.056,100,работает
RUN_20260509_VPLC_L0_IDLE_10_20_S01_R01,VPLC_L0_IDLE_10_20,SER_20260509_VPLC_L0_IDLE_10_20_S01,vPLC_container,VPLC_HOST,216,,,2026-05-09T14:26:06.565044988Z,,,,host_log,10,20,,,,,,0,0,,technical_check,vplc_status_cycle_duration_not_validated_as_Tper,0.056,100,работает
RUN_20260509_VPLC_L0_IDLE_10_20_S01_R01,VPLC_L0_IDLE_10_20,SER_20260509_VPLC_L0_IDLE_10_20_S01,vPLC_container,VPLC_HOST,217,,,2026-05-09T14:26:07.619702428Z,,,,host_log,10,20,,,,,,0,0,,technical_check,vplc_status_cycle_duration_not_validated_as_Tper,0.054,100,работает
RUN_20260509_VPLC_L0_IDLE_10_20_S01_R01,VPLC_L0_IDLE_10_20,SER_20260509_VPLC_L0_IDLE_10_20_S01,vPLC_container,VPLC_HOST,218,,,2026-05-09T14:26:08.677672519Z,,,,host_log,10,20,,,,,,0,0,,technical_check,vplc_status_cycle_duration_not_validated_as_Tper,0.056,100,работает
RUN_20260509_VPLC_L0_IDLE_10_20_S01_R01,VPLC_L0_IDLE_10_20,SER_20260509_VPLC_L0_IDLE_10_20_S01,vPLC_container,VPLC_HOST,219,,,2026-05-09T14:26:09.728965464Z,,,,host_log,10,20,,,,,,0,0,,technical_check,vplc_status_cycle_duration_not_validated_as_Tper,0.057,100,работает
RUN_20260509_VPLC_L0_IDLE_10_20_S01_R01,VPLC_L0_IDLE_10_20,SER_20260509_VPLC_L0_IDLE_10_20_S01,vPLC_container,VPLC_HOST,220,,,2026-05-09T14:26:10.785394199Z,,,,host_log,10,20,,,,,,0,0,,technical_check,vplc_status_cycle_duration_not_validated_as_Tper,0.057,100,работает
RUN_20260509_VPLC_L0_IDLE_10_20_S01_R01,VPLC_L0_IDLE_10_20,SER_20260509_VPLC_L0_IDLE_10_20_S01,vPLC_container,VPLC_HOST,221,,,2026-05-09T14:26:11.842645880Z,,,,host_log,10,20,,,,,,0,0,,technical_check,vplc_status_cycle_duration_not_validated_as_Tper,0.036,100,работает
RUN_20260509_VPLC_L0_IDLE_10_20_S01_R01,VPLC_L0_IDLE_10_20,SER_20260509_VPLC_L0_IDLE_10_20_S01,vPLC_container,VPLC_HOST,222,,,2026-05-09T14:26:12.897346544Z,,,,host_log,10,20,,,,,,0,0,,technical_check,vplc_status_cycle_duration_not_validated_as_Tper,0.057,100,работает
RUN_20260509_VPLC_L0_IDLE_10_20_S01_R01,VPLC_L0_IDLE_10_20,SER_20260509_VPLC_L0_IDLE_10_20_S01,vPLC_container,VPLC_HOST,223,,,2026-05-09T14:26:13.952185960Z,,,,host_log,10,20,,,,,,0,0,,technical_check,vplc_status_cycle_duration_not_validated_as_Tper,0.026,100,работает
RUN_20260509_VPLC_L0_IDLE_10_20_S01_R01,VPLC_L0_IDLE_10_20,SER_20260509_VPLC_L0_IDLE_10_20_S01,vPLC_container,VPLC_HOST,224,,,2026-05-09T14:26:15.008673793Z,,,,host_log,10,20,,,,,,0,0,,technical_check,vplc_status_cycle_duration_not_validated_as_Tper,0.056,100,работает
RUN_20260509_VPLC_L0_IDLE_10_20_S01_R01,VPLC_L0_IDLE_10_20,SER_20260509_VPLC_L0_IDLE_10_20_S01,vPLC_container,VPLC_HOST,225,,,2026-05-09T14:26:16.065146840Z,,,,host_log,10,20,,,,,,0,0,,technical_check,vplc_status_cycle_duration_not_validated_as_Tper,0.055,100,работает
RUN_20260509_VPLC_L0_IDLE_10_20_S01_R01,VPLC_L0_IDLE_10_20,SER_20260509_VPLC_L0_IDLE_10_20_S01,vPLC_container,VPLC_HOST,226,,,2026-05-09T14:26:17.119880175Z,,,,host_log,10,20,,,,,,0,0,,technical_check,vplc_status_cycle_duration_not_validated_as_Tper,0.053,100,работает
RUN_20260509_VPLC_L0_IDLE_10_20_S01_R01,VPLC_L0_IDLE_10_20,SER_20260509_VPLC_L0_IDLE_10_20_S01,vPLC_container,VPLC_HOST,227,,,2026-05-09T14:26:18.175973561Z,,,,host_log,10,20,,,,,,0,0,,technical_check,vplc_status_cycle_duration_not_validated_as_Tper,0.056,100,работает
RUN_20260509_VPLC_L0_IDLE_10_20_S01_R01,VPLC_L0_IDLE_10_20,SER_20260509_VPLC_L0_IDLE_10_20_S01,vPLC_container,VPLC_HOST,228,,,2026-05-09T14:26:19.230840329Z,,,,host_log,10,20,,,,,,0,0,,technical_check,vplc_status_cycle_duration_not_validated_as_Tper,0.055,100,работает
RUN_20260509_VPLC_L0_IDLE_10_20_S01_R01,VPLC_L0_IDLE_10_20,SER_20260509_VPLC_L0_IDLE_10_20_S01,vPLC_container,VPLC_HOST,229,,,2026-05-09T14:26:20.282680883Z,,,,host_log,10,20,,,,,,0,0,,technical_check,vplc_status_cycle_duration_not_validated_as_Tper,0.056,100,работает
RUN_20260509_VPLC_L0_IDLE_10_20_S01_R01,VPLC_L0_IDLE_10_20,SER_20260509_VPLC_L0_IDLE_10_20_S01,vPLC_container,VPLC_HOST,230,,,2026-05-09T14:26:21.340184023Z,,,,host_log,10,20,,,,,,0,0,,technical_check,vplc_status_cycle_duration_not_validated_as_Tper,4.280,100,работает
RUN_20260509_VPLC_L0_IDLE_10_20_S01_R01,VPLC_L0_IDLE_10_20,SER_20260509_VPLC_L0_IDLE_10_20_S01,vPLC_container,VPLC_HOST,231,,,2026-05-09T14:26:22.395892315Z,,,,host_log,10,20,,,,,,0,0,,technical_check,vplc_status_cycle_duration_not_validated_as_Tper,4.331,100,работает
RUN_20260509_VPLC_L0_IDLE_10_20_S01_R01,VPLC_L0_IDLE_10_20,SER_20260509_VPLC_L0_IDLE_10_20_S01,vPLC_container,VPLC_HOST,232,,,2026-05-09T14:26:23.452419751Z,,,,host_log,10,20,,,,,,0,0,,technical_check,vplc_status_cycle_duration_not_validated_as_Tper,0.029,100,работает
RUN_20260509_VPLC_L0_IDLE_10_20_S01_R01,VPLC_L0_IDLE_10_20,SER_20260509_VPLC_L0_IDLE_10_20_S01,vPLC_container,VPLC_HOST,233,,,2026-05-09T14:26:24.507496871Z,,,,host_log,10,20,,,,,,0,0,,technical_check,vplc_status_cycle_duration_not_validated_as_Tper,0.055,100,работает
RUN_20260509_VPLC_L0_IDLE_10_20_S01_R01,VPLC_L0_IDLE_10_20,SER_20260509_VPLC_L0_IDLE_10_20_S01,vPLC_container,VPLC_HOST,234,,,2026-05-09T14:26:25.560587796Z,,,,host_log,10,20,,,,,,0,0,,technical_check,vplc_status_cycle_duration_not_validated_as_Tper,0.057,100,работает
RUN_20260509_VPLC_L0_IDLE_10_20_S01_R01,VPLC_L0_IDLE_10_20,SER_20260509_VPLC_L0_IDLE_10_20_S01,vPLC_container,VPLC_HOST,235,,,2026-05-09T14:26:26.618764274Z,,,,host_log,10,20,,,,,,0,0,,technical_check,vplc_status_cycle_duration_not_validated_as_Tper,0.056,100,работает
RUN_20260509_VPLC_L0_IDLE_10_20_S01_R01,VPLC_L0_IDLE_10_20,SER_20260509_VPLC_L0_IDLE_10_20_S01,vPLC_container,VPLC_HOST,236,,,2026-05-09T14:26:27.673882154Z,,,,host_log,10,20,,,,,,0,0,,technical_check,vplc_status_cycle_duration_not_validated_as_Tper,0.053,100,работает
RUN_20260509_VPLC_L0_IDLE_10_20_S01_R01,VPLC_L0_IDLE_10_20,SER_20260509_VPLC_L0_IDLE_10_20_S01,vPLC_container,VPLC_HOST,237,,,2026-05-09T14:26:28.727925524Z,,,,host_log,10,20,,,,,,0,0,,technical_check,vplc_status_cycle_duration_not_validated_as_Tper,0.053,100,работает
RUN_20260509_VPLC_L0_IDLE_10_20_S01_R01,VPLC_L0_IDLE_10_20,SER_20260509_VPLC_L0_IDLE_10_20_S01,vPLC_container,VPLC_HOST,238,,,2026-05-09T14:26:29.784378972Z,,,,host_log,10,20,,,,,,0,0,,technical_check,vplc_status_cycle_duration_not_validated_as_Tper,0.055,100,работает
RUN_20260509_VPLC_L0_IDLE_10_20_S01_R01,VPLC_L0_IDLE_10_20,SER_20260509_VPLC_L0_IDLE_10_20_S01,vPLC_container,VPLC_HOST,239,,,2026-05-09T14:26:30.832967974Z,,,,host_log,10,20,,,,,,0,0,,technical_check,vplc_status_cycle_duration_not_validated_as_Tper,0.057,100,работает
RUN_20260509_VPLC_L0_IDLE_10_20_S01_R01,VPLC_L0_IDLE_10_20,SER_20260509_VPLC_L0_IDLE_10_20_S01,vPLC_container,VPLC_HOST,240,,,2026-05-09T14:26:31.889426258Z,,,,host_log,10,20,,,,,,0,0,,technical_check,vplc_status_cycle_duration_not_validated_as_Tper,0.056,100,работает
RUN_20260509_VPLC_L0_IDLE_10_20_S01_R01,VPLC_L0_IDLE_10_20,SER_20260509_VPLC_L0_IDLE_10_20_S01,vPLC_container,VPLC_HOST,241,,,2026-05-09T14:26:32.944494617Z,,,,host_log,10,20,,,,,,0,0,,technical_check,vplc_status_cycle_duration_not_validated_as_Tper,0.033,100,работает
RUN_20260509_VPLC_L0_IDLE_10_20_S01_R01,VPLC_L0_IDLE_10_20,SER_20260509_VPLC_L0_IDLE_10_20_S01,vPLC_container,VPLC_HOST,242,,,2026-05-09T14:26:33.998626777Z,,,,host_log,10,20,,,,,,0,0,,technical_check,vplc_status_cycle_duration_not_validated_as_Tper,0.056,100,работает
RUN_20260509_VPLC_L0_IDLE_10_20_S01_R01,VPLC_L0_IDLE_10_20,SER_20260509_VPLC_L0_IDLE_10_20_S01,vPLC_container,VPLC_HOST,243,,,2026-05-09T14:26:35.052668300Z,,,,host_log,10,20,,,,,,0,0,,technical_check,vplc_status_cycle_duration_not_validated_as_Tper,0.021,100,работает
RUN_20260509_VPLC_L0_IDLE_10_20_S01_R01,VPLC_L0_IDLE_10_20,SER_20260509_VPLC_L0_IDLE_10_20_S01,vPLC_container,VPLC_HOST,244,,,2026-05-09T14:26:36.108431970Z,,,,host_log,10,20,,,,,,0,0,,technical_check,vplc_status_cycle_duration_not_validated_as_Tper,0.056,100,работает
RUN_20260509_VPLC_L0_IDLE_10_20_S01_R01,VPLC_L0_IDLE_10_20,SER_20260509_VPLC_L0_IDLE_10_20_S01,vPLC_container,VPLC_HOST,245,,,2026-05-09T14:26:37.163129804Z,,,,host_log,10,20,,,,,,0,0,,technical_check,vplc_status_cycle_duration_not_validated_as_Tper,0.057,100,работает
RUN_20260509_VPLC_L0_IDLE_10_20_S01_R01,VPLC_L0_IDLE_10_20,SER_20260509_VPLC_L0_IDLE_10_20_S01,vPLC_container,VPLC_HOST,246,,,2026-05-09T14:26:38.217199972Z,,,,host_log,10,20,,,,,,0,0,,technical_check,vplc_status_cycle_duration_not_validated_as_Tper,0.057,100,работает
RUN_20260509_VPLC_L0_IDLE_10_20_S01_R01,VPLC_L0_IDLE_10_20,SER_20260509_VPLC_L0_IDLE_10_20_S01,vPLC_container,VPLC_HOST,247,,,2026-05-09T14:26:39.275507940Z,,,,host_log,10,20,,,,,,0,0,,technical_check,vplc_status_cycle_duration_not_validated_as_Tper,0.056,100,работает
RUN_20260509_VPLC_L0_IDLE_10_20_S01_R01,VPLC_L0_IDLE_10_20,SER_20260509_VPLC_L0_IDLE_10_20_S01,vPLC_container,VPLC_HOST,248,,,2026-05-09T14:26:40.329089152Z,,,,host_log,10,20,,,,,,0,0,,technical_check,vplc_status_cycle_duration_not_validated_as_Tper,4.527,100,работает
RUN_20260509_VPLC_L0_IDLE_10_20_S01_R01,VPLC_L0_IDLE_10_20,SER_20260509_VPLC_L0_IDLE_10_20_S01,vPLC_container,VPLC_HOST,249,,,2026-05-09T14:26:41.383101112Z,,,,host_log,10,20,,,,,,0,0,,technical_check,vplc_status_cycle_duration_not_validated_as_Tper,4.794,100,работает
RUN_20260509_VPLC_L0_IDLE_10_20_S01_R01,VPLC_L0_IDLE_10_20,SER_20260509_VPLC_L0_IDLE_10_20_S01,vPLC_container,VPLC_HOST,250,,,2026-05-09T14:26:42.433397979Z,,,,host_log,10,20,,,,,,0,0,,technical_check,vplc_status_cycle_duration_not_validated_as_Tper,0.037,100,работает
RUN_20260509_VPLC_L0_IDLE_10_20_S01_R01,VPLC_L0_IDLE_10_20,SER_20260509_VPLC_L0_IDLE_10_20_S01,vPLC_container,VPLC_HOST,251,,,2026-05-09T14:26:43.487841121Z,,,,host_log,10,20,,,,,,0,0,,technical_check,vplc_status_cycle_duration_not_validated_as_Tper,0.056,100,работает
RUN_20260509_VPLC_L0_IDLE_10_20_S01_R01,VPLC_L0_IDLE_10_20,SER_20260509_VPLC_L0_IDLE_10_20_S01,vPLC_container,VPLC_HOST,252,,,2026-05-09T14:26:44.542507676Z,,,,host_log,10,20,,,,,,0,0,,technical_check,vplc_status_cycle_duration_not_validated_as_Tper,0.037,100,работает
RUN_20260509_VPLC_L0_IDLE_10_20_S01_R01,VPLC_L0_IDLE_10_20,SER_20260509_VPLC_L0_IDLE_10_20_S01,vPLC_container,VPLC_HOST,253,,,2026-05-09T14:26:45.597830939Z,,,,host_log,10,20,,,,,,0,0,,technical_check,vplc_status_cycle_duration_not_validated_as_Tper,0.057,100,работает
RUN_20260509_VPLC_L0_IDLE_10_20_S01_R01,VPLC_L0_IDLE_10_20,SER_20260509_VPLC_L0_IDLE_10_20_S01,vPLC_container,VPLC_HOST,254,,,2026-05-09T14:26:46.654519373Z,,,,host_log,10,20,,,,,,0,0,,technical_check,vplc_status_cycle_duration_not_validated_as_Tper,0.033,100,работает
RUN_20260509_VPLC_L0_IDLE_10_20_S01_R01,VPLC_L0_IDLE_10_20,SER_20260509_VPLC_L0_IDLE_10_20_S01,vPLC_container,VPLC_HOST,255,,,2026-05-09T14:26:47.710388866Z,,,,host_log,10,20,,,,,,0,0,,technical_check,vplc_status_cycle_duration_not_validated_as_Tper,0.057,100,работает
RUN_20260509_VPLC_L0_IDLE_10_20_S01_R01,VPLC_L0_IDLE_10_20,SER_20260509_VPLC_L0_IDLE_10_20_S01,vPLC_container,VPLC_HOST,256,,,2026-05-09T14:26:48.765573850Z,,,,host_log,10,20,,,,,,0,0,,technical_check,vplc_status_cycle_duration_not_validated_as_Tper,0.056,100,работает
RUN_20260509_VPLC_L0_IDLE_10_20_S01_R01,VPLC_L0_IDLE_10_20,SER_20260509_VPLC_L0_IDLE_10_20_S01,vPLC_container,VPLC_HOST,257,,,2026-05-09T14:26:49.821917901Z,,,,host_log,10,20,,,,,,0,0,,technical_check,vplc_status_cycle_duration_not_validated_as_Tper,0.054,100,работает
RUN_20260509_VPLC_L0_IDLE_10_20_S01_R01,VPLC_L0_IDLE_10_20,SER_20260509_VPLC_L0_IDLE_10_20_S01,vPLC_container,VPLC_HOST,258,,,2026-05-09T14:26:50.877398763Z,,,,host_log,10,20,,,,,,0,0,,technical_check,vplc_status_cycle_duration_not_validated_as_Tper,0.056,100,работает
RUN_20260509_VPLC_L0_IDLE_10_20_S01_R01,VPLC_L0_IDLE_10_20,SER_20260509_VPLC_L0_IDLE_10_20_S01,vPLC_container,VPLC_HOST,259,,,2026-05-09T14:26:51.930932822Z,,,,host_log,10,20,,,,,,0,0,,technical_check,vplc_status_cycle_duration_not_validated_as_Tper,0.037,100,работает
RUN_20260509_VPLC_L0_IDLE_10_20_S01_R01,VPLC_L0_IDLE_10_20,SER_20260509_VPLC_L0_IDLE_10_20_S01,vPLC_container,VPLC_HOST,260,,,2026-05-09T14:26:52.985912059Z,,,,host_log,10,20,,,,,,0,0,,technical_check,vplc_status_cycle_duration_not_validated_as_Tper,0.057,100,работает
RUN_20260509_VPLC_L0_IDLE_10_20_S01_R01,VPLC_L0_IDLE_10_20,SER_20260509_VPLC_L0_IDLE_10_20_S01,vPLC_container,VPLC_HOST,261,,,2026-05-09T14:26:54.038624215Z,,,,host_log,10,20,,,,,,0,0,,technical_check,vplc_status_cycle_duration_not_validated_as_Tper,0.036,100,работает
RUN_20260509_VPLC_L0_IDLE_10_20_S01_R01,VPLC_L0_IDLE_10_20,SER_20260509_VPLC_L0_IDLE_10_20_S01,vPLC_container,VPLC_HOST,262,,,2026-05-09T14:26:55.093192167Z,,,,host_log,10,20,,,,,,0,0,,technical_check,vplc_status_cycle_duration_not_validated_as_Tper,0.057,100,работает
RUN_20260509_VPLC_L0_IDLE_10_20_S01_R01,VPLC_L0_IDLE_10_20,SER_20260509_VPLC_L0_IDLE_10_20_S01,vPLC_container,VPLC_HOST,263,,,2026-05-09T14:26:56.151204907Z,,,,host_log,10,20,,,,,,0,0,,technical_check,vplc_status_cycle_duration_not_validated_as_Tper,0.021,100,работает
RUN_20260509_VPLC_L0_IDLE_10_20_S01_R01,VPLC_L0_IDLE_10_20,SER_20260509_VPLC_L0_IDLE_10_20_S01,vPLC_container,VPLC_HOST,264,,,2026-05-09T14:26:57.207028072Z,,,,host_log,10,20,,,,,,0,0,,technical_check,vplc_status_cycle_duration_not_validated_as_Tper,0.058,100,работает
RUN_20260509_VPLC_L0_IDLE_10_20_S01_R01,VPLC_L0_IDLE_10_20,SER_20260509_VPLC_L0_IDLE_10_20_S01,vPLC_container,VPLC_HOST,265,,,2026-05-09T14:26:58.258826623Z,,,,host_log,10,20,,,,,,0,0,,technical_check,vplc_status_cycle_duration_not_validated_as_Tper,0.041,100,работает
RUN_20260509_VPLC_L0_IDLE_10_20_S01_R01,VPLC_L0_IDLE_10_20,SER_20260509_VPLC_L0_IDLE_10_20_S01,vPLC_container,VPLC_HOST,266,,,2026-05-09T14:26:59.315236232Z,,,,host_log,10,20,,,,,,0,0,,technical_check,vplc_status_cycle_duration_not_validated_as_Tper,0.057,100,работает
RUN_20260509_VPLC_L0_IDLE_10_20_S01_R01,VPLC_L0_IDLE_10_20,SER_20260509_VPLC_L0_IDLE_10_20_S01,vPLC_container,VPLC_HOST,267,,,2026-05-09T14:27:00.369134219Z,,,,host_log,10,20,,,,,,0,0,,technical_check,vplc_status_cycle_duration_not_validated_as_Tper,4.530,100,работает
RUN_20260509_VPLC_L0_IDLE_10_20_S01_R01,VPLC_L0_IDLE_10_20,SER_20260509_VPLC_L0_IDLE_10_20_S01,vPLC_container,VPLC_HOST,268,,,2026-05-09T14:27:01.427896151Z,,,,host_log,10,20,,,,,,0,0,,technical_check,vplc_status_cycle_duration_not_validated_as_Tper,0.035,100,работает
RUN_20260509_VPLC_L0_IDLE_10_20_S01_R01,VPLC_L0_IDLE_10_20,SER_20260509_VPLC_L0_IDLE_10_20_S01,vPLC_container,VPLC_HOST,269,,,2026-05-09T14:27:02.480478796Z,,,,host_log,10,20,,,,,,0,0,,technical_check,vplc_status_cycle_duration_not_validated_as_Tper,0.057,100,работает
RUN_20260509_VPLC_L0_IDLE_10_20_S01_R01,VPLC_L0_IDLE_10_20,SER_20260509_VPLC_L0_IDLE_10_20_S01,vPLC_container,VPLC_HOST,270,,,2026-05-09T14:27:03.538484663Z,,,,host_log,10,20,,,,,,0,0,,technical_check,vplc_status_cycle_duration_not_validated_as_Tper,0.036,100,работает
RUN_20260509_VPLC_L0_IDLE_10_20_S01_R01,VPLC_L0_IDLE_10_20,SER_20260509_VPLC_L0_IDLE_10_20_S01,vPLC_container,VPLC_HOST,271,,,2026-05-09T14:27:04.591149837Z,,,,host_log,10,20,,,,,,0,0,,technical_check,vplc_status_cycle_duration_not_validated_as_Tper,0.056,100,работает
RUN_20260509_VPLC_L0_IDLE_10_20_S01_R01,VPLC_L0_IDLE_10_20,SER_20260509_VPLC_L0_IDLE_10_20_S01,vPLC_container,VPLC_HOST,272,,,2026-05-09T14:27:05.649581321Z,,,,host_log,10,20,,,,,,0,0,,technical_check,vplc_status_cycle_duration_not_validated_as_Tper,0.020,100,работает
RUN_20260509_VPLC_L0_IDLE_10_20_S01_R01,VPLC_L0_IDLE_10_20,SER_20260509_VPLC_L0_IDLE_10_20_S01,vPLC_container,VPLC_HOST,273,,,2026-05-09T14:27:06.704020670Z,,,,host_log,10,20,,,,,,0,0,,technical_check,vplc_status_cycle_duration_not_validated_as_Tper,0.059,100,работает
RUN_20260509_VPLC_L0_IDLE_10_20_S01_R01,VPLC_L0_IDLE_10_20,SER_20260509_VPLC_L0_IDLE_10_20_S01,vPLC_container,VPLC_HOST,274,,,2026-05-09T14:27:07.757812302Z,,,,host_log,10,20,,,,,,0,0,,technical_check,vplc_status_cycle_duration_not_validated_as_Tper,0.041,100,работает
RUN_20260509_VPLC_L0_IDLE_10_20_S01_R01,VPLC_L0_IDLE_10_20,SER_20260509_VPLC_L0_IDLE_10_20_S01,vPLC_container,VPLC_HOST,275,,,2026-05-09T14:27:08.815458727Z,,,,host_log,10,20,,,,,,0,0,,technical_check,vplc_status_cycle_duration_not_validated_as_Tper,0.056,100,работает
RUN_20260509_VPLC_L0_IDLE_10_20_S01_R01,VPLC_L0_IDLE_10_20,SER_20260509_VPLC_L0_IDLE_10_20_S01,vPLC_container,VPLC_HOST,276,,,2026-05-09T14:27:09.870145198Z,,,,host_log,10,20,,,,,,0,0,,technical_check,vplc_status_cycle_duration_not_validated_as_Tper,0.058,100,работает
RUN_20260509_VPLC_L0_IDLE_10_20_S01_R01,VPLC_L0_IDLE_10_20,SER_20260509_VPLC_L0_IDLE_10_20_S01,vPLC_container,VPLC_HOST,277,,,2026-05-09T14:27:10.923719018Z,,,,host_log,10,20,,,,,,0,0,,technical_check,vplc_status_cycle_duration_not_validated_as_Tper,0.057,100,работает
RUN_20260509_VPLC_L0_IDLE_10_20_S01_R01,VPLC_L0_IDLE_10_20,SER_20260509_VPLC_L0_IDLE_10_20_S01,vPLC_container,VPLC_HOST,278,,,2026-05-09T14:27:11.980886582Z,,,,host_log,10,20,,,,,,0,0,,technical_check,vplc_status_cycle_duration_not_validated_as_Tper,0.044,100,работает
RUN_20260509_VPLC_L0_IDLE_10_20_S01_R01,VPLC_L0_IDLE_10_20,SER_20260509_VPLC_L0_IDLE_10_20_S01,vPLC_container,VPLC_HOST,279,,,2026-05-09T14:27:13.036754153Z,,,,host_log,10,20,,,,,,0,0,,technical_check,vplc_status_cycle_duration_not_validated_as_Tper,0.037,100,работает
RUN_20260509_VPLC_L0_IDLE_10_20_S01_R01,VPLC_L0_IDLE_10_20,SER_20260509_VPLC_L0_IDLE_10_20_S01,vPLC_container,VPLC_HOST,280,,,2026-05-09T14:27:14.090088965Z,,,,host_log,10,20,,,,,,0,0,,technical_check,vplc_status_cycle_duration_not_validated_as_Tper,0.056,100,работает
RUN_20260509_VPLC_L0_IDLE_10_20_S01_R01,VPLC_L0_IDLE_10_20,SER_20260509_VPLC_L0_IDLE_10_20_S01,vPLC_container,VPLC_HOST,281,,,2026-05-09T14:27:15.147479704Z,,,,host_log,10,20,,,,,,0,0,,technical_check,vplc_status_cycle_duration_not_validated_as_Tper,0.028,100,работает
RUN_20260509_VPLC_L0_IDLE_10_20_S01_R01,VPLC_L0_IDLE_10_20,SER_20260509_VPLC_L0_IDLE_10_20_S01,vPLC_container,VPLC_HOST,282,,,2026-05-09T14:27:16.200016300Z,,,,host_log,10,20,,,,,,0,0,,technical_check,vplc_status_cycle_duration_not_validated_as_Tper,0.057,100,работает
RUN_20260509_VPLC_L0_IDLE_10_20_S01_R01,VPLC_L0_IDLE_10_20,SER_20260509_VPLC_L0_IDLE_10_20_S01,vPLC_container,VPLC_HOST,283,,,2026-05-09T14:27:17.257363662Z,,,,host_log,10,20,,,,,,0,0,,technical_check,vplc_status_cycle_duration_not_validated_as_Tper,0.037,100,работает
RUN_20260509_VPLC_L0_IDLE_10_20_S01_R01,VPLC_L0_IDLE_10_20,SER_20260509_VPLC_L0_IDLE_10_20_S01,vPLC_container,VPLC_HOST,284,,,2026-05-09T14:27:18.314294182Z,,,,host_log,10,20,,,,,,0,0,,technical_check,vplc_status_cycle_duration_not_validated_as_Tper,0.056,100,работает
RUN_20260509_VPLC_L0_IDLE_10_20_S01_R01,VPLC_L0_IDLE_10_20,SER_20260509_VPLC_L0_IDLE_10_20_S01,vPLC_container,VPLC_HOST,285,,,2026-05-09T14:27:19.369377505Z,,,,host_log,10,20,,,,,,0,0,,technical_check,vplc_status_cycle_duration_not_validated_as_Tper,4.723,100,работает
RUN_20260509_VPLC_L0_IDLE_10_20_S01_R01,VPLC_L0_IDLE_10_20,SER_20260509_VPLC_L0_IDLE_10_20_S01,vPLC_container,VPLC_HOST,286,,,2026-05-09T14:27:20.422645004Z,,,,host_log,10,20,,,,,,0,0,,technical_check,vplc_status_cycle_duration_not_validated_as_Tper,0.037,100,работает
RUN_20260509_VPLC_L0_IDLE_10_20_S01_R01,VPLC_L0_IDLE_10_20,SER_20260509_VPLC_L0_IDLE_10_20_S01,vPLC_container,VPLC_HOST,287,,,2026-05-09T14:27:21.477670144Z,,,,host_log,10,20,,,,,,0,0,,technical_check,vplc_status_cycle_duration_not_validated_as_Tper,0.056,100,работает
RUN_20260509_VPLC_L0_IDLE_10_20_S01_R01,VPLC_L0_IDLE_10_20,SER_20260509_VPLC_L0_IDLE_10_20_S01,vPLC_container,VPLC_HOST,288,,,2026-05-09T14:27:22.532168575Z,,,,host_log,10,20,,,,,,0,0,,technical_check,vplc_status_cycle_duration_not_validated_as_Tper,0.036,100,работает
RUN_20260509_VPLC_L0_IDLE_10_20_S01_R01,VPLC_L0_IDLE_10_20,SER_20260509_VPLC_L0_IDLE_10_20_S01,vPLC_container,VPLC_HOST,289,,,2026-05-09T14:27:23.589431920Z,,,,host_log,10,20,,,,,,0,0,,technical_check,vplc_status_cycle_duration_not_validated_as_Tper,0.055,100,работает
RUN_20260509_VPLC_L0_IDLE_10_20_S01_R01,VPLC_L0_IDLE_10_20,SER_20260509_VPLC_L0_IDLE_10_20_S01,vPLC_container,VPLC_HOST,290,,,2026-05-09T14:27:24.643057205Z,,,,host_log,10,20,,,,,,0,0,,technical_check,vplc_status_cycle_duration_not_validated_as_Tper,0.036,100,работает
RUN_20260509_VPLC_L0_IDLE_10_20_S01_R01,VPLC_L0_IDLE_10_20,SER_20260509_VPLC_L0_IDLE_10_20_S01,vPLC_container,VPLC_HOST,291,,,2026-05-09T14:27:25.699342537Z,,,,host_log,10,20,,,,,,0,0,,technical_check,vplc_status_cycle_duration_not_validated_as_Tper,0.056,100,работает
RUN_20260509_VPLC_L0_IDLE_10_20_S01_R01,VPLC_L0_IDLE_10_20,SER_20260509_VPLC_L0_IDLE_10_20_S01,vPLC_container,VPLC_HOST,292,,,2026-05-09T14:27:26.751642045Z,,,,host_log,10,20,,,,,,0,0,,technical_check,vplc_status_cycle_duration_not_validated_as_Tper,0.020,100,работает
RUN_20260509_VPLC_L0_IDLE_10_20_S01_R01,VPLC_L0_IDLE_10_20,SER_20260509_VPLC_L0_IDLE_10_20_S01,vPLC_container,VPLC_HOST,293,,,2026-05-09T14:27:27.811290109Z,,,,host_log,10,20,,,,,,0,0,,technical_check,vplc_status_cycle_duration_not_validated_as_Tper,0.057,100,работает
RUN_20260509_VPLC_L0_IDLE_10_20_S01_R01,VPLC_L0_IDLE_10_20,SER_20260509_VPLC_L0_IDLE_10_20_S01,vPLC_container,VPLC_HOST,294,,,2026-05-09T14:27:28.866289560Z,,,,host_log,10,20,,,,,,0,0,,technical_check,vplc_status_cycle_duration_not_validated_as_Tper,0.058,100,работает
RUN_20260509_VPLC_L0_IDLE_10_20_S01_R01,VPLC_L0_IDLE_10_20,SER_20260509_VPLC_L0_IDLE_10_20_S01,vPLC_container,VPLC_HOST,295,,,2026-05-09T14:27:29.921377628Z,,,,host_log,10,20,,,,,,0,0,,technical_check,vplc_status_cycle_duration_not_validated_as_Tper,0.054,100,работает
RUN_20260509_VPLC_L0_IDLE_10_20_S01_R01,VPLC_L0_IDLE_10_20,SER_20260509_VPLC_L0_IDLE_10_20_S01,vPLC_container,VPLC_HOST,296,,,2026-05-09T14:27:30.976353815Z,,,,host_log,10,20,,,,,,0,0,,technical_check,vplc_status_cycle_duration_not_validated_as_Tper,0.056,100,работает
RUN_20260509_VPLC_L0_IDLE_10_20_S01_R01,VPLC_L0_IDLE_10_20,SER_20260509_VPLC_L0_IDLE_10_20_S01,vPLC_container,VPLC_HOST,297,,,2026-05-09T14:27:32.028510858Z,,,,host_log,10,20,,,,,,0,0,,technical_check,vplc_status_cycle_duration_not_validated_as_Tper,0.036,100,работает
RUN_20260509_VPLC_L0_IDLE_10_20_S01_R01,VPLC_L0_IDLE_10_20,SER_20260509_VPLC_L0_IDLE_10_20_S01,vPLC_container,VPLC_HOST,298,,,2026-05-09T14:27:33.083992907Z,,,,host_log,10,20,,,,,,0,0,,technical_check,vplc_status_cycle_duration_not_validated_as_Tper,0.056,100,работает
RUN_20260509_VPLC_L0_IDLE_10_20_S01_R01,VPLC_L0_IDLE_10_20,SER_20260509_VPLC_L0_IDLE_10_20_S01,vPLC_container,VPLC_HOST,299,,,2026-05-09T14:27:34.141649654Z,,,,host_log,10,20,,,,,,0,0,,technical_check,vplc_status_cycle_duration_not_validated_as_Tper,0.036,100,работает
RUN_20260509_VPLC_L0_IDLE_10_20_S01_R01,VPLC_L0_IDLE_10_20,SER_20260509_VPLC_L0_IDLE_10_20_S01,vPLC_container,VPLC_HOST,300,,,2026-05-09T14:27:35.197710348Z,,,,host_log,10,20,,,,,,0,0,,technical_check,vplc_status_cycle_duration_not_validated_as_Tper,0.057,100,работает
RUN_20260509_VPLC_L0_IDLE_10_20_S01_R01,VPLC_L0_IDLE_10_20,SER_20260509_VPLC_L0_IDLE_10_20_S01,vPLC_container,VPLC_HOST,301,,,2026-05-09T14:27:36.252765798Z,,,,host_log,10,20,,,,,,0,0,,technical_check,vplc_status_cycle_duration_not_validated_as_Tper,0.023,100,работает
RUN_20260509_VPLC_L0_IDLE_10_20_S01_R01,VPLC_L0_IDLE_10_20,SER_20260509_VPLC_L0_IDLE_10_20_S01,vPLC_container,VPLC_HOST,302,,,2026-05-09T14:27:37.305548704Z,,,,host_log,10,20,,,,,,0,0,,technical_check,vplc_status_cycle_duration_not_validated_as_Tper,0.056,100,работает
RUN_20260509_VPLC_L0_IDLE_10_20_S01_R01,VPLC_L0_IDLE_10_20,SER_20260509_VPLC_L0_IDLE_10_20_S01,vPLC_container,VPLC_HOST,303,,,2026-05-09T14:27:38.363121216Z,,,,host_log,10,20,,,,,,0,0,,technical_check,vplc_status_cycle_duration_not_validated_as_Tper,4.296,100,работает
RUN_20260509_VPLC_L0_IDLE_10_20_S01_R01,VPLC_L0_IDLE_10_20,SER_20260509_VPLC_L0_IDLE_10_20_S01,vPLC_container,VPLC_HOST,304,,,2026-05-09T14:27:39.419005771Z,,,,host_log,10,20,,,,,,0,0,,technical_check,vplc_status_cycle_duration_not_validated_as_Tper,4.785,100,работает
RUN_20260509_VPLC_L0_IDLE_10_20_S01_R01,VPLC_L0_IDLE_10_20,SER_20260509_VPLC_L0_IDLE_10_20_S01,vPLC_container,VPLC_HOST,305,,,2026-05-09T14:27:40.474258991Z,,,,host_log,10,20,,,,,,0,0,,technical_check,vplc_status_cycle_duration_not_validated_as_Tper,0.056,100,работает
RUN_20260509_VPLC_L0_IDLE_10_20_S01_R01,VPLC_L0_IDLE_10_20,SER_20260509_VPLC_L0_IDLE_10_20_S01,vPLC_container,VPLC_HOST,306,,,2026-05-09T14:27:41.527918668Z,,,,host_log,10,20,,,,,,0,0,,technical_check,vplc_status_cycle_duration_not_validated_as_Tper,0.035,100,работает
RUN_20260509_VPLC_L0_IDLE_10_20_S01_R01,VPLC_L0_IDLE_10_20,SER_20260509_VPLC_L0_IDLE_10_20_S01,vPLC_container,VPLC_HOST,307,,,2026-05-09T14:27:42.583830967Z,,,,host_log,10,20,,,,,,0,0,,technical_check,vplc_status_cycle_duration_not_validated_as_Tper,0.056,100,работает
RUN_20260509_VPLC_L0_IDLE_10_20_S01_R01,VPLC_L0_IDLE_10_20,SER_20260509_VPLC_L0_IDLE_10_20_S01,vPLC_container,VPLC_HOST,308,,,2026-05-09T14:27:43.637824928Z,,,,host_log,10,20,,,,,,0,0,,technical_check,vplc_status_cycle_duration_not_validated_as_Tper,0.035,100,работает
RUN_20260509_VPLC_L0_IDLE_10_20_S01_R01,VPLC_L0_IDLE_10_20,SER_20260509_VPLC_L0_IDLE_10_20_S01,vPLC_container,VPLC_HOST,309,,,2026-05-09T14:27:44.695313667Z,,,,host_log,10,20,,,,,,0,0,,technical_check,vplc_status_cycle_duration_not_validated_as_Tper,0.056,100,работает
RUN_20260509_VPLC_L0_IDLE_10_20_S01_R01,VPLC_L0_IDLE_10_20,SER_20260509_VPLC_L0_IDLE_10_20_S01,vPLC_container,VPLC_HOST,310,,,2026-05-09T14:27:45.749207488Z,,,,host_log,10,20,,,,,,0,0,,technical_check,vplc_status_cycle_duration_not_validated_as_Tper,0.022,100,работает
RUN_20260509_VPLC_L0_IDLE_10_20_S01_R01,VPLC_L0_IDLE_10_20,SER_20260509_VPLC_L0_IDLE_10_20_S01,vPLC_container,VPLC_HOST,311,,,2026-05-09T14:27:46.806514815Z,,,,host_log,10,20,,,,,,0,0,,technical_check,vplc_status_cycle_duration_not_validated_as_Tper,0.052,100,работает
RUN_20260509_VPLC_L0_IDLE_10_20_S01_R01,VPLC_L0_IDLE_10_20,SER_20260509_VPLC_L0_IDLE_10_20_S01,vPLC_container,VPLC_HOST,312,,,2026-05-09T14:27:47.861462112Z,,,,host_log,10,20,,,,,,0,0,,technical_check,vplc_status_cycle_duration_not_validated_as_Tper,0.056,100,работает
RUN_20260509_VPLC_L0_IDLE_10_20_S01_R01,VPLC_L0_IDLE_10_20,SER_20260509_VPLC_L0_IDLE_10_20_S01,vPLC_container,VPLC_HOST,313,,,2026-05-09T14:27:48.915977440Z,,,,host_log,10,20,,,,,,0,0,,technical_check,vplc_status_cycle_duration_not_validated_as_Tper,0.056,100,работает
RUN_20260509_VPLC_L0_IDLE_10_20_S01_R01,VPLC_L0_IDLE_10_20,SER_20260509_VPLC_L0_IDLE_10_20_S01,vPLC_container,VPLC_HOST,314,,,2026-05-09T14:27:49.972818190Z,,,,host_log,10,20,,,,,,0,0,,technical_check,vplc_status_cycle_duration_not_validated_as_Tper,0.057,100,работает
RUN_20260509_VPLC_L0_IDLE_10_20_S01_R01,VPLC_L0_IDLE_10_20,SER_20260509_VPLC_L0_IDLE_10_20_S01,vPLC_container,VPLC_HOST,315,,,2026-05-09T14:27:51.025558228Z,,,,host_log,10,20,,,,,,0,0,,technical_check,vplc_status_cycle_duration_not_validated_as_Tper,0.037,100,работает
RUN_20260509_VPLC_L0_IDLE_10_20_S01_R01,VPLC_L0_IDLE_10_20,SER_20260509_VPLC_L0_IDLE_10_20_S01,vPLC_container,VPLC_HOST,316,,,2026-05-09T14:27:52.083573066Z,,,,host_log,10,20,,,,,,0,0,,technical_check,vplc_status_cycle_duration_not_validated_as_Tper,0.057,100,работает
RUN_20260509_VPLC_L0_IDLE_10_20_S01_R01,VPLC_L0_IDLE_10_20,SER_20260509_VPLC_L0_IDLE_10_20_S01,vPLC_container,VPLC_HOST,317,,,2026-05-09T14:27:53.138987325Z,,,,host_log,10,20,,,,,,0,0,,technical_check,vplc_status_cycle_duration_not_validated_as_Tper,0.035,100,работает
RUN_20260509_VPLC_L0_IDLE_10_20_S01_R01,VPLC_L0_IDLE_10_20,SER_20260509_VPLC_L0_IDLE_10_20_S01,vPLC_container,VPLC_HOST,318,,,2026-05-09T14:27:54.193084441Z,,,,host_log,10,20,,,,,,0,0,,technical_check,vplc_status_cycle_duration_not_validated_as_Tper,0.056,100,работает
RUN_20260509_VPLC_L0_IDLE_10_20_S01_R01,VPLC_L0_IDLE_10_20,SER_20260509_VPLC_L0_IDLE_10_20_S01,vPLC_container,VPLC_HOST,319,,,2026-05-09T14:27:55.249088351Z,,,,host_log,10,20,,,,,,0,0,,technical_check,vplc_status_cycle_duration_not_validated_as_Tper,0.026,100,работает
RUN_20260509_VPLC_L0_IDLE_10_20_S01_R01,VPLC_L0_IDLE_10_20,SER_20260509_VPLC_L0_IDLE_10_20_S01,vPLC_container,VPLC_HOST,320,,,2026-05-09T14:27:56.304383839Z,,,,host_log,10,20,,,,,,0,0,,technical_check,vplc_status_cycle_duration_not_validated_as_Tper,0.058,100,работает
RUN_20260509_VPLC_L0_IDLE_10_20_S01_R01,VPLC_L0_IDLE_10_20,SER_20260509_VPLC_L0_IDLE_10_20_S01,vPLC_container,VPLC_HOST,321,,,2026-05-09T14:27:57.356870466Z,,,,host_log,10,20,,,,,,0,0,,technical_check,vplc_status_cycle_duration_not_validated_as_Tper,4.053,100,работает
RUN_20260509_VPLC_L0_IDLE_10_20_S01_R01,VPLC_L0_IDLE_10_20,SER_20260509_VPLC_L0_IDLE_10_20_S01,vPLC_container,VPLC_HOST,322,,,2026-05-09T14:27:58.415513677Z,,,,host_log,10,20,,,,,,0,0,,technical_check,vplc_status_cycle_duration_not_validated_as_Tper,4.595,100,работает
RUN_20260509_VPLC_L0_IDLE_10_20_S01_R01,VPLC_L0_IDLE_10_20,SER_20260509_VPLC_L0_IDLE_10_20_S01,vPLC_container,VPLC_HOST,323,,,2026-05-09T14:27:59.471275741Z,,,,host_log,10,20,,,,,,0,0,,technical_check,vplc_status_cycle_duration_not_validated_as_Tper,0.056,100,работает
RUN_20260509_VPLC_L0_IDLE_10_20_S01_R01,VPLC_L0_IDLE_10_20,SER_20260509_VPLC_L0_IDLE_10_20_S01,vPLC_container,VPLC_HOST,324,,,2026-05-09T14:28:00.524755427Z,,,,host_log,10,20,,,,,,0,0,,technical_check,vplc_status_cycle_duration_not_validated_as_Tper,0.035,100,работает
RUN_20260509_VPLC_L0_IDLE_10_20_S01_R01,VPLC_L0_IDLE_10_20,SER_20260509_VPLC_L0_IDLE_10_20_S01,vPLC_container,VPLC_HOST,325,,,2026-05-09T14:28:01.580877749Z,,,,host_log,10,20,,,,,,0,0,,technical_check,vplc_status_cycle_duration_not_validated_as_Tper,0.055,100,работает
RUN_20260509_VPLC_L0_IDLE_10_20_S01_R01,VPLC_L0_IDLE_10_20,SER_20260509_VPLC_L0_IDLE_10_20_S01,vPLC_container,VPLC_HOST,326,,,2026-05-09T14:28:02.637673569Z,,,,host_log,10,20,,,,,,0,0,,technical_check,vplc_status_cycle_duration_not_validated_as_Tper,0.036,100,работает
RUN_20260509_VPLC_L0_IDLE_10_20_S01_R01,VPLC_L0_IDLE_10_20,SER_20260509_VPLC_L0_IDLE_10_20_S01,vPLC_container,VPLC_HOST,327,,,2026-05-09T14:28:03.691150566Z,,,,host_log,10,20,,,,,,0,0,,technical_check,vplc_status_cycle_duration_not_validated_as_Tper,0.056,100,работает
RUN_20260509_VPLC_L0_IDLE_10_20_S01_R01,VPLC_L0_IDLE_10_20,SER_20260509_VPLC_L0_IDLE_10_20_S01,vPLC_container,VPLC_HOST,328,,,2026-05-09T14:28:04.747110682Z,,,,host_log,10,20,,,,,,0,0,,technical_check,vplc_status_cycle_duration_not_validated_as_Tper,0.032,100,работает
RUN_20260509_VPLC_L0_IDLE_10_20_S01_R01,VPLC_L0_IDLE_10_20,SER_20260509_VPLC_L0_IDLE_10_20_S01,vPLC_container,VPLC_HOST,329,,,2026-05-09T14:28:05.798723737Z,,,,host_log,10,20,,,,,,0,0,,technical_check,vplc_status_cycle_duration_not_validated_as_Tper,0.056,100,работает
RUN_20260509_VPLC_L0_IDLE_10_20_S01_R01,VPLC_L0_IDLE_10_20,SER_20260509_VPLC_L0_IDLE_10_20_S01,vPLC_container,VPLC_HOST,330,,,2026-05-09T14:28:06.857804362Z,,,,host_log,10,20,,,,,,0,0,,technical_check,vplc_status_cycle_duration_not_validated_as_Tper,0.039,100,работает
RUN_20260509_VPLC_L0_IDLE_10_20_S01_R01,VPLC_L0_IDLE_10_20,SER_20260509_VPLC_L0_IDLE_10_20_S01,vPLC_container,VPLC_HOST,331,,,2026-05-09T14:28:07.911523109Z,,,,host_log,10,20,,,,,,0,0,,technical_check,vplc_status_cycle_duration_not_validated_as_Tper,0.056,100,работает
RUN_20260509_VPLC_L0_IDLE_10_20_S01_R01,VPLC_L0_IDLE_10_20,SER_20260509_VPLC_L0_IDLE_10_20_S01,vPLC_container,VPLC_HOST,332,,,2026-05-09T14:28:08.966349846Z,,,,host_log,10,20,,,,,,0,0,,technical_check,vplc_status_cycle_duration_not_validated_as_Tper,0.055,100,работает
RUN_20260509_VPLC_L0_IDLE_10_20_S01_R01,VPLC_L0_IDLE_10_20,SER_20260509_VPLC_L0_IDLE_10_20_S01,vPLC_container,VPLC_HOST,333,,,2026-05-09T14:28:10.024549342Z,,,,host_log,10,20,,,,,,0,0,,technical_check,vplc_status_cycle_duration_not_validated_as_Tper,0.036,100,работает
RUN_20260509_VPLC_L0_IDLE_10_20_S01_R01,VPLC_L0_IDLE_10_20,SER_20260509_VPLC_L0_IDLE_10_20_S01,vPLC_container,VPLC_HOST,334,,,2026-05-09T14:28:11.078315384Z,,,,host_log,10,20,,,,,,0,0,,technical_check,vplc_status_cycle_duration_not_validated_as_Tper,0.057,100,работает
RUN_20260509_VPLC_L0_IDLE_10_20_S01_R01,VPLC_L0_IDLE_10_20,SER_20260509_VPLC_L0_IDLE_10_20_S01,vPLC_container,VPLC_HOST,335,,,2026-05-09T14:28:12.134719537Z,,,,host_log,10,20,,,,,,0,0,,technical_check,vplc_status_cycle_duration_not_validated_as_Tper,0.036,100,работает
RUN_20260509_VPLC_L0_IDLE_10_20_S01_R01,VPLC_L0_IDLE_10_20,SER_20260509_VPLC_L0_IDLE_10_20_S01,vPLC_container,VPLC_HOST,336,,,2026-05-09T14:28:13.189932624Z,,,,host_log,10,20,,,,,,0,0,,technical_check,vplc_status_cycle_duration_not_validated_as_Tper,0.055,100,работает
RUN_20260509_VPLC_L0_IDLE_10_20_S01_R01,VPLC_L0_IDLE_10_20,SER_20260509_VPLC_L0_IDLE_10_20_S01,vPLC_container,VPLC_HOST,337,,,2026-05-09T14:28:14.246344277Z,,,,host_log,10,20,,,,,,0,0,,technical_check,vplc_status_cycle_duration_not_validated_as_Tper,0.034,100,работает
RUN_20260509_VPLC_L0_IDLE_10_20_S01_R01,VPLC_L0_IDLE_10_20,SER_20260509_VPLC_L0_IDLE_10_20_S01,vPLC_container,VPLC_HOST,338,,,2026-05-09T14:28:15.300584287Z,,,,host_log,10,20,,,,,,0,0,,technical_check,vplc_status_cycle_duration_not_validated_as_Tper,0.057,100,работает
RUN_20260509_VPLC_L0_IDLE_10_20_S01_R01,VPLC_L0_IDLE_10_20,SER_20260509_VPLC_L0_IDLE_10_20_S01,vPLC_container,VPLC_HOST,339,,,2026-05-09T14:28:16.355397576Z,,,,host_log,10,20,,,,,,0,0,,technical_check,vplc_status_cycle_duration_not_validated_as_Tper,3.843,100,работает
RUN_20260509_VPLC_L0_IDLE_10_20_S01_R01,VPLC_L0_IDLE_10_20,SER_20260509_VPLC_L0_IDLE_10_20_S01,vPLC_container,VPLC_HOST,340,,,2026-05-09T14:28:17.409914955Z,,,,host_log,10,20,,,,,,0,0,,technical_check,vplc_status_cycle_duration_not_validated_as_Tper,4.449,100,работает
RUN_20260509_VPLC_L0_IDLE_10_20_S01_R01,VPLC_L0_IDLE_10_20,SER_20260509_VPLC_L0_IDLE_10_20_S01,vPLC_container,VPLC_HOST,341,,,2026-05-09T14:28:18.467914302Z,,,,host_log,10,20,,,,,,0,0,,technical_check,vplc_status_cycle_duration_not_validated_as_Tper,0.055,100,работает
RUN_20260509_VPLC_L0_IDLE_10_20_S01_R01,VPLC_L0_IDLE_10_20,SER_20260509_VPLC_L0_IDLE_10_20_S01,vPLC_container,VPLC_HOST,342,,,2026-05-09T14:28:19.519569257Z,,,,host_log,10,20,,,,,,0,0,,technical_check,vplc_status_cycle_duration_not_validated_as_Tper,0.056,100,работает
RUN_20260509_VPLC_L0_IDLE_10_20_S01_R01,VPLC_L0_IDLE_10_20,SER_20260509_VPLC_L0_IDLE_10_20_S01,vPLC_container,VPLC_HOST,343,,,2026-05-09T14:28:20.579391311Z,,,,host_log,10,20,,,,,,0,0,,technical_check,vplc_status_cycle_duration_not_validated_as_Tper,0.055,100,работает
RUN_20260509_VPLC_L0_IDLE_10_20_S01_R01,VPLC_L0_IDLE_10_20,SER_20260509_VPLC_L0_IDLE_10_20_S01,vPLC_container,VPLC_HOST,344,,,2026-05-09T14:28:21.634301593Z,,,,host_log,10,20,,,,,,0,0,,technical_check,vplc_status_cycle_duration_not_validated_as_Tper,0.036,100,работает
RUN_20260509_VPLC_L0_IDLE_10_20_S01_R01,VPLC_L0_IDLE_10_20,SER_20260509_VPLC_L0_IDLE_10_20_S01,vPLC_container,VPLC_HOST,345,,,2026-05-09T14:28:22.687036655Z,,,,host_log,10,20,,,,,,0,0,,technical_check,vplc_status_cycle_duration_not_validated_as_Tper,0.056,100,работает
RUN_20260509_VPLC_L0_IDLE_10_20_S01_R01,VPLC_L0_IDLE_10_20,SER_20260509_VPLC_L0_IDLE_10_20_S01,vPLC_container,VPLC_HOST,346,,,2026-05-09T14:28:23.744121071Z,,,,host_log,10,20,,,,,,0,0,,technical_check,vplc_status_cycle_duration_not_validated_as_Tper,0.035,100,работает
RUN_20260509_VPLC_L0_IDLE_10_20_S01_R01,VPLC_L0_IDLE_10_20,SER_20260509_VPLC_L0_IDLE_10_20_S01,vPLC_container,VPLC_HOST,347,,,2026-05-09T14:28:24.799431502Z,,,,host_log,10,20,,,,,,0,0,,technical_check,vplc_status_cycle_duration_not_validated_as_Tper,0.058,100,работает
RUN_20260509_VPLC_L0_IDLE_10_20_S01_R01,VPLC_L0_IDLE_10_20,SER_20260509_VPLC_L0_IDLE_10_20_S01,vPLC_container,VPLC_HOST,348,,,2026-05-09T14:28:25.855856365Z,,,,host_log,10,20,,,,,,0,0,,technical_check,vplc_status_cycle_duration_not_validated_as_Tper,0.034,100,работает
RUN_20260509_VPLC_L0_IDLE_10_20_S01_R01,VPLC_L0_IDLE_10_20,SER_20260509_VPLC_L0_IDLE_10_20_S01,vPLC_container,VPLC_HOST,349,,,2026-05-09T14:28:26.908981695Z,,,,host_log,10,20,,,,,,0,0,,technical_check,vplc_status_cycle_duration_not_validated_as_Tper,0.056,100,работает
RUN_20260509_VPLC_L0_IDLE_10_20_S01_R01,VPLC_L0_IDLE_10_20,SER_20260509_VPLC_L0_IDLE_10_20_S01,vPLC_container,VPLC_HOST,350,,,2026-05-09T14:28:27.966757306Z,,,,host_log,10,20,,,,,,0,0,,technical_check,vplc_status_cycle_duration_not_validated_as_Tper,0.056,100,работает
RUN_20260509_VPLC_L0_IDLE_10_20_S01_R01,VPLC_L0_IDLE_10_20,SER_20260509_VPLC_L0_IDLE_10_20_S01,vPLC_container,VPLC_HOST,351,,,2026-05-09T14:28:29.021741570Z,,,,host_log,10,20,,,,,,0,0,,technical_check,vplc_status_cycle_duration_not_validated_as_Tper,0.058,100,работает
RUN_20260509_VPLC_L0_IDLE_10_20_S01_R01,VPLC_L0_IDLE_10_20,SER_20260509_VPLC_L0_IDLE_10_20_S01,vPLC_container,VPLC_HOST,352,,,2026-05-09T14:28:30.076421090Z,,,,host_log,10,20,,,,,,0,0,,technical_check,vplc_status_cycle_duration_not_validated_as_Tper,0.057,100,работает
RUN_20260509_VPLC_L0_IDLE_10_20_S01_R01,VPLC_L0_IDLE_10_20,SER_20260509_VPLC_L0_IDLE_10_20_S01,vPLC_container,VPLC_HOST,353,,,2026-05-09T14:28:31.131975595Z,,,,host_log,10,20,,,,,,0,0,,technical_check,vplc_status_cycle_duration_not_validated_as_Tper,0.035,100,работает
RUN_20260509_VPLC_L0_IDLE_10_20_S01_R01,VPLC_L0_IDLE_10_20,SER_20260509_VPLC_L0_IDLE_10_20_S01,vPLC_container,VPLC_HOST,354,,,2026-05-09T14:28:32.187793571Z,,,,host_log,10,20,,,,,,0,0,,technical_check,vplc_status_cycle_duration_not_validated_as_Tper,0.058,100,работает
RUN_20260509_VPLC_L0_IDLE_10_20_S01_R01,VPLC_L0_IDLE_10_20,SER_20260509_VPLC_L0_IDLE_10_20_S01,vPLC_container,VPLC_HOST,355,,,2026-05-09T14:28:33.242403120Z,,,,host_log,10,20,,,,,,0,0,,technical_check,vplc_status_cycle_duration_not_validated_as_Tper,0.035,100,работает
RUN_20260509_VPLC_L0_IDLE_10_20_S01_R01,VPLC_L0_IDLE_10_20,SER_20260509_VPLC_L0_IDLE_10_20_S01,vPLC_container,VPLC_HOST,356,,,2026-05-09T14:28:34.295836513Z,,,,host_log,10,20,,,,,,0,0,,technical_check,vplc_status_cycle_duration_not_validated_as_Tper,0.056,100,работает
RUN_20260509_VPLC_L0_IDLE_10_20_S01_R01,VPLC_L0_IDLE_10_20,SER_20260509_VPLC_L0_IDLE_10_20_S01,vPLC_container,VPLC_HOST,357,,,2026-05-09T14:28:35.353730888Z,,,,host_log,10,20,,,,,,0,0,,technical_check,vplc_status_cycle_duration_not_validated_as_Tper,3.865,100,работает
RUN_20260509_VPLC_L0_IDLE_10_20_S01_R01,VPLC_L0_IDLE_10_20,SER_20260509_VPLC_L0_IDLE_10_20_S01,vPLC_container,VPLC_HOST,358,,,2026-05-09T14:28:36.407959241Z,,,,host_log,10,20,,,,,,0,0,,technical_check,vplc_status_cycle_duration_not_validated_as_Tper,4.949,100,работает
RUN_20260509_VPLC_L0_IDLE_10_20_S01_R01,VPLC_L0_IDLE_10_20,SER_20260509_VPLC_L0_IDLE_10_20_S01,vPLC_container,VPLC_HOST,359,,,2026-05-09T14:28:37.463564684Z,,,,host_log,10,20,,,,,,0,0,,technical_check,vplc_status_cycle_duration_not_validated_as_Tper,0.057,100,работает
RUN_20260509_VPLC_L0_IDLE_10_20_S01_R01,VPLC_L0_IDLE_10_20,SER_20260509_VPLC_L0_IDLE_10_20_S01,vPLC_container,VPLC_HOST,360,,,2026-05-09T14:28:38.518208934Z,,,,host_log,10,20,,,,,,0,0,,technical_check,vplc_status_cycle_duration_not_validated_as_Tper,0.054,100,работает
RUN_20260509_VPLC_L0_IDLE_10_20_S01_R01,VPLC_L0_IDLE_10_20,SER_20260509_VPLC_L0_IDLE_10_20_S01,vPLC_container,VPLC_HOST,361,,,2026-05-09T14:28:39.574644898Z,,,,host_log,10,20,,,,,,0,0,,technical_check,vplc_status_cycle_duration_not_validated_as_Tper,0.056,100,работает
RUN_20260509_VPLC_L0_IDLE_10_20_S01_R01,VPLC_L0_IDLE_10_20,SER_20260509_VPLC_L0_IDLE_10_20_S01,vPLC_container,VPLC_HOST,362,,,2026-05-09T14:28:40.629166941Z,,,,host_log,10,20,,,,,,0,0,,technical_check,vplc_status_cycle_duration_not_validated_as_Tper,0.054,100,работает
RUN_20260509_VPLC_L0_IDLE_10_20_S01_R01,VPLC_L0_IDLE_10_20,SER_20260509_VPLC_L0_IDLE_10_20_S01,vPLC_container,VPLC_HOST,363,,,2026-05-09T14:28:41.681917540Z,,,,host_log,10,20,,,,,,0,0,,technical_check,vplc_status_cycle_duration_not_validated_as_Tper,0.056,100,работает
RUN_20260509_VPLC_L0_IDLE_10_20_S01_R01,VPLC_L0_IDLE_10_20,SER_20260509_VPLC_L0_IDLE_10_20_S01,vPLC_container,VPLC_HOST,364,,,2026-05-09T14:28:42.739072709Z,,,,host_log,10,20,,,,,,0,0,,technical_check,vplc_status_cycle_duration_not_validated_as_Tper,0.036,100,работает
RUN_20260509_VPLC_L0_IDLE_10_20_S01_R01,VPLC_L0_IDLE_10_20,SER_20260509_VPLC_L0_IDLE_10_20_S01,vPLC_container,VPLC_HOST,365,,,2026-05-09T14:28:43.795639625Z,,,,host_log,10,20,,,,,,0,0,,technical_check,vplc_status_cycle_duration_not_validated_as_Tper,0.058,100,работает
RUN_20260509_VPLC_L0_IDLE_10_20_S01_R01,VPLC_L0_IDLE_10_20,SER_20260509_VPLC_L0_IDLE_10_20_S01,vPLC_container,VPLC_HOST,366,,,2026-05-09T14:28:44.849012315Z,,,,host_log,10,20,,,,,,0,0,,technical_check,vplc_status_cycle_duration_not_validated_as_Tper,0.025,100,работает
RUN_20260509_VPLC_L0_IDLE_10_20_S01_R01,VPLC_L0_IDLE_10_20,SER_20260509_VPLC_L0_IDLE_10_20_S01,vPLC_container,VPLC_HOST,367,,,2026-05-09T14:28:45.907907760Z,,,,host_log,10,20,,,,,,0,0,,technical_check,vplc_status_cycle_duration_not_validated_as_Tper,0.058,100,работает
RUN_20260509_VPLC_L0_IDLE_10_20_S01_R01,VPLC_L0_IDLE_10_20,SER_20260509_VPLC_L0_IDLE_10_20_S01,vPLC_container,VPLC_HOST,368,,,2026-05-09T14:28:46.962824837Z,,,,host_log,10,20,,,,,,0,0,,technical_check,vplc_status_cycle_duration_not_validated_as_Tper,0.057,100,работает
RUN_20260509_VPLC_L0_IDLE_10_20_S01_R01,VPLC_L0_IDLE_10_20,SER_20260509_VPLC_L0_IDLE_10_20_S01,vPLC_container,VPLC_HOST,369,,,2026-05-09T14:28:48.014060947Z,,,,host_log,10,20,,,,,,0,0,,technical_check,vplc_status_cycle_duration_not_validated_as_Tper,0.056,100,работает
RUN_20260509_VPLC_L0_IDLE_10_20_S01_R01,VPLC_L0_IDLE_10_20,SER_20260509_VPLC_L0_IDLE_10_20_S01,vPLC_container,VPLC_HOST,370,,,2026-05-09T14:28:49.072580415Z,,,,host_log,10,20,,,,,,0,0,,technical_check,vplc_status_cycle_duration_not_validated_as_Tper,0.056,100,работает
RUN_20260509_VPLC_L0_IDLE_10_20_S01_R01,VPLC_L0_IDLE_10_20,SER_20260509_VPLC_L0_IDLE_10_20_S01,vPLC_container,VPLC_HOST,371,,,2026-05-09T14:28:50.128041064Z,,,,host_log,10,20,,,,,,0,0,,technical_check,vplc_status_cycle_duration_not_validated_as_Tper,0.036,100,работает
RUN_20260509_VPLC_L0_IDLE_10_20_S01_R01,VPLC_L0_IDLE_10_20,SER_20260509_VPLC_L0_IDLE_10_20_S01,vPLC_container,VPLC_HOST,372,,,2026-05-09T14:28:51.181505347Z,,,,host_log,10,20,,,,,,0,0,,technical_check,vplc_status_cycle_duration_not_validated_as_Tper,0.055,100,работает
RUN_20260509_VPLC_L0_IDLE_10_20_S01_R01,VPLC_L0_IDLE_10_20,SER_20260509_VPLC_L0_IDLE_10_20_S01,vPLC_container,VPLC_HOST,373,,,2026-05-09T14:28:52.239404016Z,,,,host_log,10,20,,,,,,0,0,,technical_check,vplc_status_cycle_duration_not_validated_as_Tper,0.035,100,работает
RUN_20260509_VPLC_L0_IDLE_10_20_S01_R01,VPLC_L0_IDLE_10_20,SER_20260509_VPLC_L0_IDLE_10_20_S01,vPLC_container,VPLC_HOST,374,,,2026-05-09T14:28:53.293821790Z,,,,host_log,10,20,,,,,,0,0,,technical_check,vplc_status_cycle_duration_not_validated_as_Tper,0.055,100,работает
RUN_20260509_VPLC_L0_IDLE_10_20_S01_R01,VPLC_L0_IDLE_10_20,SER_20260509_VPLC_L0_IDLE_10_20_S01,vPLC_container,VPLC_HOST,375,,,2026-05-09T14:28:54.349590351Z,,,,host_log,10,20,,,,,,0,0,,technical_check,vplc_status_cycle_duration_not_validated_as_Tper,4.018,100,работает
RUN_20260509_VPLC_L0_IDLE_10_20_S01_R01,VPLC_L0_IDLE_10_20,SER_20260509_VPLC_L0_IDLE_10_20_S01,vPLC_container,VPLC_HOST,376,,,2026-05-09T14:28:55.403651723Z,,,,host_log,10,20,,,,,,0,0,,technical_check,vplc_status_cycle_duration_not_validated_as_Tper,4.926,100,работает
RUN_20260509_VPLC_L0_IDLE_10_20_S01_R01,VPLC_L0_IDLE_10_20,SER_20260509_VPLC_L0_IDLE_10_20_S01,vPLC_container,VPLC_HOST,377,,,2026-05-09T14:28:56.460119213Z,,,,host_log,10,20,,,,,,0,0,,technical_check,vplc_status_cycle_duration_not_validated_as_Tper,0.049,100,работает
RUN_20260509_VPLC_L0_IDLE_10_20_S01_R01,VPLC_L0_IDLE_10_20,SER_20260509_VPLC_L0_IDLE_10_20_S01,vPLC_container,VPLC_HOST,378,,,2026-05-09T14:28:57.516271285Z,,,,host_log,10,20,,,,,,0,0,,technical_check,vplc_status_cycle_duration_not_validated_as_Tper,0.057,100,работает
RUN_20260509_VPLC_L0_IDLE_10_20_S01_R01,VPLC_L0_IDLE_10_20,SER_20260509_VPLC_L0_IDLE_10_20_S01,vPLC_container,VPLC_HOST,379,,,2026-05-09T14:28:58.571972387Z,,,,host_log,10,20,,,,,,0,0,,technical_check,vplc_status_cycle_duration_not_validated_as_Tper,0.057,100,работает
RUN_20260509_VPLC_L0_IDLE_10_20_S01_R01,VPLC_L0_IDLE_10_20,SER_20260509_VPLC_L0_IDLE_10_20_S01,vPLC_container,VPLC_HOST,380,,,2026-05-09T14:28:59.626168928Z,,,,host_log,10,20,,,,,,0,0,,technical_check,vplc_status_cycle_duration_not_validated_as_Tper,0.036,100,работает
RUN_20260509_VPLC_L0_IDLE_10_20_S01_R01,VPLC_L0_IDLE_10_20,SER_20260509_VPLC_L0_IDLE_10_20_S01,vPLC_container,VPLC_HOST,381,,,2026-05-09T14:29:00.681651464Z,,,,host_log,10,20,,,,,,0,0,,technical_check,vplc_status_cycle_duration_not_validated_as_Tper,0.057,100,работает
RUN_20260509_VPLC_L0_IDLE_10_20_S01_R01,VPLC_L0_IDLE_10_20,SER_20260509_VPLC_L0_IDLE_10_20_S01,vPLC_container,VPLC_HOST,382,,,2026-05-09T14:29:01.735000297Z,,,,host_log,10,20,,,,,,0,0,,technical_check,vplc_status_cycle_duration_not_validated_as_Tper,0.036,100,работает
RUN_20260509_VPLC_L0_IDLE_10_20_S01_R01,VPLC_L0_IDLE_10_20,SER_20260509_VPLC_L0_IDLE_10_20_S01,vPLC_container,VPLC_HOST,383,,,2026-05-09T14:29:02.793135784Z,,,,host_log,10,20,,,,,,0,0,,technical_check,vplc_status_cycle_duration_not_validated_as_Tper,0.057,100,работает
RUN_20260509_VPLC_L0_IDLE_10_20_S01_R01,VPLC_L0_IDLE_10_20,SER_20260509_VPLC_L0_IDLE_10_20_S01,vPLC_container,VPLC_HOST,384,,,2026-05-09T14:29:03.847958942Z,,,,host_log,10,20,,,,,,0,0,,technical_check,vplc_status_cycle_duration_not_validated_as_Tper,0.025,100,работает
RUN_20260509_VPLC_L0_IDLE_10_20_S01_R01,VPLC_L0_IDLE_10_20,SER_20260509_VPLC_L0_IDLE_10_20_S01,vPLC_container,VPLC_HOST,385,,,2026-05-09T14:29:04.899758070Z,,,,host_log,10,20,,,,,,0,0,,technical_check,vplc_status_cycle_duration_not_validated_as_Tper,0.057,100,работает
RUN_20260509_VPLC_L0_IDLE_10_20_S01_R01,VPLC_L0_IDLE_10_20,SER_20260509_VPLC_L0_IDLE_10_20_S01,vPLC_container,VPLC_HOST,386,,,2026-05-09T14:29:05.956435408Z,,,,host_log,10,20,,,,,,0,0,,technical_check,vplc_status_cycle_duration_not_validated_as_Tper,0.034,100,работает
RUN_20260509_VPLC_L0_IDLE_10_20_S01_R01,VPLC_L0_IDLE_10_20,SER_20260509_VPLC_L0_IDLE_10_20_S01,vPLC_container,VPLC_HOST,387,,,2026-05-09T14:29:07.013296676Z,,,,host_log,10,20,,,,,,0,0,,technical_check,vplc_status_cycle_duration_not_validated_as_Tper,0.055,100,работает
RUN_20260509_VPLC_L0_IDLE_10_20_S01_R01,VPLC_L0_IDLE_10_20,SER_20260509_VPLC_L0_IDLE_10_20_S01,vPLC_container,VPLC_HOST,388,,,2026-05-09T14:29:08.069198210Z,,,,host_log,10,20,,,,,,0,0,,technical_check,vplc_status_cycle_duration_not_validated_as_Tper,0.056,100,работает
RUN_20260509_VPLC_L0_IDLE_10_20_S01_R01,VPLC_L0_IDLE_10_20,SER_20260509_VPLC_L0_IDLE_10_20_S01,vPLC_container,VPLC_HOST,389,,,2026-05-09T14:29:09.122349644Z,,,,host_log,10,20,,,,,,0,0,,technical_check,vplc_status_cycle_duration_not_validated_as_Tper,0.035,100,работает
RUN_20260509_VPLC_L0_IDLE_10_20_S01_R01,VPLC_L0_IDLE_10_20,SER_20260509_VPLC_L0_IDLE_10_20_S01,vPLC_container,VPLC_HOST,390,,,2026-05-09T14:29:10.179013383Z,,,,host_log,10,20,,,,,,0,0,,technical_check,vplc_status_cycle_duration_not_validated_as_Tper,0.056,100,работает
RUN_20260509_VPLC_L0_IDLE_10_20_S01_R01,VPLC_L0_IDLE_10_20,SER_20260509_VPLC_L0_IDLE_10_20_S01,vPLC_container,VPLC_HOST,391,,,2026-05-09T14:29:11.234564527Z,,,,host_log,10,20,,,,,,0,0,,technical_check,vplc_status_cycle_duration_not_validated_as_Tper,0.037,100,работает
RUN_20260509_VPLC_L0_IDLE_10_20_S01_R01,VPLC_L0_IDLE_10_20,SER_20260509_VPLC_L0_IDLE_10_20_S01,vPLC_container,VPLC_HOST,392,,,2026-05-09T14:29:12.287764930Z,,,,host_log,10,20,,,,,,0,0,,technical_check,vplc_status_cycle_duration_not_validated_as_Tper,0.056,100,работает
RUN_20260509_VPLC_L0_IDLE_10_20_S01_R01,VPLC_L0_IDLE_10_20,SER_20260509_VPLC_L0_IDLE_10_20_S01,vPLC_container,VPLC_HOST,393,,,2026-05-09T14:29:13.344682945Z,,,,host_log,10,20,,,,,,0,0,,technical_check,vplc_status_cycle_duration_not_validated_as_Tper,4.395,100,работает
RUN_20260509_VPLC_L0_IDLE_10_20_S01_R01,VPLC_L0_IDLE_10_20,SER_20260509_VPLC_L0_IDLE_10_20_S01,vPLC_container,VPLC_HOST,394,,,2026-05-09T14:29:14.397357247Z,,,,host_log,10,20,,,,,,0,0,,technical_check,vplc_status_cycle_duration_not_validated_as_Tper,4.765,100,работает
RUN_20260509_VPLC_L0_IDLE_10_20_S01_R01,VPLC_L0_IDLE_10_20,SER_20260509_VPLC_L0_IDLE_10_20_S01,vPLC_container,VPLC_HOST,395,,,2026-05-09T14:29:15.453562064Z,,,,host_log,10,20,,,,,,0,0,,technical_check,vplc_status_cycle_duration_not_validated_as_Tper,0.026,100,работает
RUN_20260509_VPLC_L0_IDLE_10_20_S01_R01,VPLC_L0_IDLE_10_20,SER_20260509_VPLC_L0_IDLE_10_20_S01,vPLC_container,VPLC_HOST,396,,,2026-05-09T14:29:16.510293033Z,,,,host_log,10,20,,,,,,0,0,,technical_check,vplc_status_cycle_duration_not_validated_as_Tper,0.056,100,работает
RUN_20260509_VPLC_L0_IDLE_10_20_S01_R01,VPLC_L0_IDLE_10_20,SER_20260509_VPLC_L0_IDLE_10_20_S01,vPLC_container,VPLC_HOST,397,,,2026-05-09T14:29:17.565435142Z,,,,host_log,10,20,,,,,,0,0,,technical_check,vplc_status_cycle_duration_not_validated_as_Tper,0.054,100,работает
RUN_20260509_VPLC_L0_IDLE_10_20_S01_R01,VPLC_L0_IDLE_10_20,SER_20260509_VPLC_L0_IDLE_10_20_S01,vPLC_container,VPLC_HOST,398,,,2026-05-09T14:29:18.621081306Z,,,,host_log,10,20,,,,,,0,0,,technical_check,vplc_status_cycle_duration_not_validated_as_Tper,0.057,100,работает
RUN_20260509_VPLC_L0_IDLE_10_20_S01_R01,VPLC_L0_IDLE_10_20,SER_20260509_VPLC_L0_IDLE_10_20_S01,vPLC_container,VPLC_HOST,399,,,2026-05-09T14:29:19.677457030Z,,,,host_log,10,20,,,,,,0,0,,technical_check,vplc_status_cycle_duration_not_validated_as_Tper,0.055,100,работает
RUN_20260509_VPLC_L0_IDLE_10_20_S01_R01,VPLC_L0_IDLE_10_20,SER_20260509_VPLC_L0_IDLE_10_20_S01,vPLC_container,VPLC_HOST,400,,,2026-05-09T14:29:20.731703342Z,,,,host_log,10,20,,,,,,0,0,,technical_check,vplc_status_cycle_duration_not_validated_as_Tper,0.036,100,работает
RUN_20260509_VPLC_L0_IDLE_10_20_S01_R01,VPLC_L0_IDLE_10_20,SER_20260509_VPLC_L0_IDLE_10_20_S01,vPLC_container,VPLC_HOST,401,,,2026-05-09T14:29:21.788121112Z,,,,host_log,10,20,,,,,,0,0,,technical_check,vplc_status_cycle_duration_not_validated_as_Tper,0.056,100,работает
RUN_20260509_VPLC_L0_IDLE_10_20_S01_R01,VPLC_L0_IDLE_10_20,SER_20260509_VPLC_L0_IDLE_10_20_S01,vPLC_container,VPLC_HOST,402,,,2026-05-09T14:29:22.842869633Z,,,,host_log,10,20,,,,,,0,0,,technical_check,vplc_status_cycle_duration_not_validated_as_Tper,0.036,100,работает
RUN_20260509_VPLC_L0_IDLE_10_20_S01_R01,VPLC_L0_IDLE_10_20,SER_20260509_VPLC_L0_IDLE_10_20_S01,vPLC_container,VPLC_HOST,403,,,2026-05-09T14:29:23.895500202Z,,,,host_log,10,20,,,,,,0,0,,technical_check,vplc_status_cycle_duration_not_validated_as_Tper,0.055,100,работает
RUN_20260509_VPLC_L0_IDLE_10_20_S01_R01,VPLC_L0_IDLE_10_20,SER_20260509_VPLC_L0_IDLE_10_20_S01,vPLC_container,VPLC_HOST,404,,,2026-05-09T14:29:24.953632864Z,,,,host_log,10,20,,,,,,0,0,,technical_check,vplc_status_cycle_duration_not_validated_as_Tper,0.029,100,работает
RUN_20260509_VPLC_L0_IDLE_10_20_S01_R01,VPLC_L0_IDLE_10_20,SER_20260509_VPLC_L0_IDLE_10_20_S01,vPLC_container,VPLC_HOST,405,,,2026-05-09T14:29:26.006330475Z,,,,host_log,10,20,,,,,,0,0,,technical_check,vplc_status_cycle_duration_not_validated_as_Tper,0.055,100,работает
RUN_20260509_VPLC_L0_IDLE_10_20_S01_R01,VPLC_L0_IDLE_10_20,SER_20260509_VPLC_L0_IDLE_10_20_S01,vPLC_container,VPLC_HOST,406,,,2026-05-09T14:29:27.064464943Z,,,,host_log,10,20,,,,,,0,0,,technical_check,vplc_status_cycle_duration_not_validated_as_Tper,0.056,100,работает
RUN_20260509_VPLC_L0_IDLE_10_20_S01_R01,VPLC_L0_IDLE_10_20,SER_20260509_VPLC_L0_IDLE_10_20_S01,vPLC_container,VPLC_HOST,407,,,2026-05-09T14:29:28.120862086Z,,,,host_log,10,20,,,,,,0,0,,technical_check,vplc_status_cycle_duration_not_validated_as_Tper,0.057,100,работает
RUN_20260509_VPLC_L0_IDLE_10_20_S01_R01,VPLC_L0_IDLE_10_20,SER_20260509_VPLC_L0_IDLE_10_20_S01,vPLC_container,VPLC_HOST,408,,,2026-05-09T14:29:29.175208422Z,,,,host_log,10,20,,,,,,0,0,,technical_check,vplc_status_cycle_duration_not_validated_as_Tper,0.057,100,работает
RUN_20260509_VPLC_L0_IDLE_10_20_S01_R01,VPLC_L0_IDLE_10_20,SER_20260509_VPLC_L0_IDLE_10_20_S01,vPLC_container,VPLC_HOST,409,,,2026-05-09T14:29:30.229068432Z,,,,host_log,10,20,,,,,,0,0,,technical_check,vplc_status_cycle_duration_not_validated_as_Tper,0.054,100,работает
RUN_20260509_VPLC_L0_IDLE_10_20_S01_R01,VPLC_L0_IDLE_10_20,SER_20260509_VPLC_L0_IDLE_10_20_S01,vPLC_container,VPLC_HOST,410,,,2026-05-09T14:29:31.287204222Z,,,,host_log,10,20,,,,,,0,0,,technical_check,vplc_status_cycle_duration_not_validated_as_Tper,0.055,100,работает
RUN_20260509_VPLC_L0_IDLE_10_20_S01_R01,VPLC_L0_IDLE_10_20,SER_20260509_VPLC_L0_IDLE_10_20_S01,vPLC_container,VPLC_HOST,411,,,2026-05-09T14:29:32.339508203Z,,,,host_log,10,20,,,,,,0,0,,technical_check,vplc_status_cycle_duration_not_validated_as_Tper,4.599,100,работает
RUN_20260509_VPLC_L0_IDLE_10_20_S01_R01,VPLC_L0_IDLE_10_20,SER_20260509_VPLC_L0_IDLE_10_20_S01,vPLC_container,VPLC_HOST,412,,,2026-05-09T14:29:33.391787154Z,,,,host_log,10,20,,,,,,0,0,,technical_check,vplc_status_cycle_duration_not_validated_as_Tper,4.960,100,работает
RUN_20260509_VPLC_L0_IDLE_10_20_S01_R01,VPLC_L0_IDLE_10_20,SER_20260509_VPLC_L0_IDLE_10_20_S01,vPLC_container,VPLC_HOST,413,,,2026-05-09T14:29:34.445716179Z,,,,host_log,10,20,,,,,,0,0,,technical_check,vplc_status_cycle_duration_not_validated_as_Tper,0.029,100,работает
RUN_20260509_VPLC_L0_IDLE_10_20_S01_R01,VPLC_L0_IDLE_10_20,SER_20260509_VPLC_L0_IDLE_10_20_S01,vPLC_container,VPLC_HOST,414,,,2026-05-09T14:29:35.498978135Z,,,,host_log,10,20,,,,,,0,0,,technical_check,vplc_status_cycle_duration_not_validated_as_Tper,0.057,100,работает
RUN_20260509_VPLC_L0_IDLE_10_20_S01_R01,VPLC_L0_IDLE_10_20,SER_20260509_VPLC_L0_IDLE_10_20_S01,vPLC_container,VPLC_HOST,415,,,2026-05-09T14:29:36.554934933Z,,,,host_log,10,20,,,,,,0,0,,technical_check,vplc_status_cycle_duration_not_validated_as_Tper,0.033,100,работает
RUN_20260509_VPLC_L0_IDLE_10_20_S01_R01,VPLC_L0_IDLE_10_20,SER_20260509_VPLC_L0_IDLE_10_20_S01,vPLC_container,VPLC_HOST,416,,,2026-05-09T14:29:37.610559342Z,,,,host_log,10,20,,,,,,0,0,,technical_check,vplc_status_cycle_duration_not_validated_as_Tper,0.056,100,работает
RUN_20260509_VPLC_L0_IDLE_10_20_S01_R01,VPLC_L0_IDLE_10_20,SER_20260509_VPLC_L0_IDLE_10_20_S01,vPLC_container,VPLC_HOST,417,,,2026-05-09T14:29:38.665383597Z,,,,host_log,10,20,,,,,,0,0,,technical_check,vplc_status_cycle_duration_not_validated_as_Tper,0.050,100,работает
RUN_20260509_VPLC_L0_IDLE_10_20_S01_R01,VPLC_L0_IDLE_10_20,SER_20260509_VPLC_L0_IDLE_10_20_S01,vPLC_container,VPLC_HOST,418,,,2026-05-09T14:29:39.720943712Z,,,,host_log,10,20,,,,,,0,0,,technical_check,vplc_status_cycle_duration_not_validated_as_Tper,0.057,100,работает
RUN_20260509_VPLC_L0_IDLE_10_20_S01_R01,VPLC_L0_IDLE_10_20,SER_20260509_VPLC_L0_IDLE_10_20_S01,vPLC_container,VPLC_HOST,419,,,2026-05-09T14:29:40.777783784Z,,,,host_log,10,20,,,,,,0,0,,technical_check,vplc_status_cycle_duration_not_validated_as_Tper,0.059,100,работает
RUN_20260509_VPLC_L0_IDLE_10_20_S01_R01,VPLC_L0_IDLE_10_20,SER_20260509_VPLC_L0_IDLE_10_20_S01,vPLC_container,VPLC_HOST,420,,,2026-05-09T14:29:41.832499354Z,,,,host_log,10,20,,,,,,0,0,,technical_check,vplc_status_cycle_duration_not_validated_as_Tper,0.036,100,работает
RUN_20260509_VPLC_L0_IDLE_10_20_S01_R01,VPLC_L0_IDLE_10_20,SER_20260509_VPLC_L0_IDLE_10_20_S01,vPLC_container,VPLC_HOST,421,,,2026-05-09T14:29:42.885691377Z,,,,host_log,10,20,,,,,,0,0,,technical_check,vplc_status_cycle_duration_not_validated_as_Tper,0.056,100,работает
RUN_20260509_VPLC_L0_IDLE_10_20_S01_R01,VPLC_L0_IDLE_10_20,SER_20260509_VPLC_L0_IDLE_10_20_S01,vPLC_container,VPLC_HOST,422,,,2026-05-09T14:29:43.942781538Z,,,,host_log,10,20,,,,,,0,0,,technical_check,vplc_status_cycle_duration_not_validated_as_Tper,0.036,100,работает
RUN_20260509_VPLC_L0_IDLE_10_20_S01_R01,VPLC_L0_IDLE_10_20,SER_20260509_VPLC_L0_IDLE_10_20_S01,vPLC_container,VPLC_HOST,423,,,2026-05-09T14:29:44.997949794Z,,,,host_log,10,20,,,,,,0,0,,technical_check,vplc_status_cycle_duration_not_validated_as_Tper,0.056,100,работает
RUN_20260509_VPLC_L0_IDLE_10_20_S01_R01,VPLC_L0_IDLE_10_20,SER_20260509_VPLC_L0_IDLE_10_20_S01,vPLC_container,VPLC_HOST,424,,,2026-05-09T14:29:46.053726728Z,,,,host_log,10,20,,,,,,0,0,,technical_check,vplc_status_cycle_duration_not_validated_as_Tper,0.028,100,работает
RUN_20260509_VPLC_L0_IDLE_10_20_S01_R01,VPLC_L0_IDLE_10_20,SER_20260509_VPLC_L0_IDLE_10_20_S01,vPLC_container,VPLC_HOST,425,,,2026-05-09T14:29:47.106204217Z,,,,host_log,10,20,,,,,,0,0,,technical_check,vplc_status_cycle_duration_not_validated_as_Tper,0.056,100,работает
RUN_20260509_VPLC_L0_IDLE_10_20_S01_R01,VPLC_L0_IDLE_10_20,SER_20260509_VPLC_L0_IDLE_10_20_S01,vPLC_container,VPLC_HOST,426,,,2026-05-09T14:29:48.164192131Z,,,,host_log,10,20,,,,,,0,0,,technical_check,vplc_status_cycle_duration_not_validated_as_Tper,0.056,100,работает
RUN_20260509_VPLC_L0_IDLE_10_20_S01_R01,VPLC_L0_IDLE_10_20,SER_20260509_VPLC_L0_IDLE_10_20_S01,vPLC_container,VPLC_HOST,427,,,2026-05-09T14:29:49.220009782Z,,,,host_log,10,20,,,,,,0,0,,technical_check,vplc_status_cycle_duration_not_validated_as_Tper,0.057,100,работает
RUN_20260509_VPLC_L0_IDLE_10_20_S01_R01,VPLC_L0_IDLE_10_20,SER_20260509_VPLC_L0_IDLE_10_20_S01,vPLC_container,VPLC_HOST,428,,,2026-05-09T14:29:50.274381524Z,,,,host_log,10,20,,,,,,0,0,,technical_check,vplc_status_cycle_duration_not_validated_as_Tper,0.055,100,работает
RUN_20260509_VPLC_L0_IDLE_10_20_S01_R01,VPLC_L0_IDLE_10_20,SER_20260509_VPLC_L0_IDLE_10_20_S01,vPLC_container,VPLC_HOST,429,,,2026-05-09T14:29:51.328749255Z,,,,host_log,10,20,,,,,,0,0,,technical_check,vplc_status_cycle_duration_not_validated_as_Tper,4.432,100,работает
RUN_20260509_VPLC_L0_IDLE_10_20_S01_R01,VPLC_L0_IDLE_10_20,SER_20260509_VPLC_L0_IDLE_10_20_S01,vPLC_container,VPLC_HOST,430,,,2026-05-09T14:29:52.383449044Z,,,,host_log,10,20,,,,,,0,0,,technical_check,vplc_status_cycle_duration_not_validated_as_Tper,4.877,100,работает
RUN_20260509_VPLC_L0_IDLE_10_20_S01_R01,VPLC_L0_IDLE_10_20,SER_20260509_VPLC_L0_IDLE_10_20_S01,vPLC_container,VPLC_HOST,431,,,2026-05-09T14:29:53.437321338Z,,,,host_log,10,20,,,,,,0,0,,technical_check,vplc_status_cycle_duration_not_validated_as_Tper,0.036,100,работает
RUN_20260509_VPLC_L0_IDLE_10_20_S01_R01,VPLC_L0_IDLE_10_20,SER_20260509_VPLC_L0_IDLE_10_20_S01,vPLC_container,VPLC_HOST,432,,,2026-05-09T14:29:54.495539486Z,,,,host_log,10,20,,,,,,0,0,,technical_check,vplc_status_cycle_duration_not_validated_as_Tper,0.056,100,работает
RUN_20260509_VPLC_L0_IDLE_10_20_S01_R01,VPLC_L0_IDLE_10_20,SER_20260509_VPLC_L0_IDLE_10_20_S01,vPLC_container,VPLC_HOST,433,,,2026-05-09T14:29:55.548574876Z,,,,host_log,10,20,,,,,,0,0,,technical_check,vplc_status_cycle_duration_not_validated_as_Tper,0.023,100,работает
RUN_20260509_VPLC_L0_IDLE_10_20_S01_R01,VPLC_L0_IDLE_10_20,SER_20260509_VPLC_L0_IDLE_10_20_S01,vPLC_container,VPLC_HOST,434,,,2026-05-09T14:29:56.606345918Z,,,,host_log,10,20,,,,,,0,0,,technical_check,vplc_status_cycle_duration_not_validated_as_Tper,0.054,100,работает
RUN_20260509_VPLC_L0_IDLE_10_20_S01_R01,VPLC_L0_IDLE_10_20,SER_20260509_VPLC_L0_IDLE_10_20_S01,vPLC_container,VPLC_HOST,435,,,2026-05-09T14:29:57.660245498Z,,,,host_log,10,20,,,,,,0,0,,technical_check,vplc_status_cycle_duration_not_validated_as_Tper,0.051,100,работает
RUN_20260509_VPLC_L0_IDLE_10_20_S01_R01,VPLC_L0_IDLE_10_20,SER_20260509_VPLC_L0_IDLE_10_20_S01,vPLC_container,VPLC_HOST,436,,,2026-05-09T14:29:58.716627044Z,,,,host_log,10,20,,,,,,0,0,,technical_check,vplc_status_cycle_duration_not_validated_as_Tper,0.056,100,работает
RUN_20260509_VPLC_L0_IDLE_10_20_S01_R01,VPLC_L0_IDLE_10_20,SER_20260509_VPLC_L0_IDLE_10_20_S01,vPLC_container,VPLC_HOST,437,,,2026-05-09T14:29:59.769633266Z,,,,host_log,10,20,,,,,,0,0,,technical_check,vplc_status_cycle_duration_not_validated_as_Tper,0.056,100,работает
RUN_20260509_VPLC_L0_IDLE_10_20_S01_R01,VPLC_L0_IDLE_10_20,SER_20260509_VPLC_L0_IDLE_10_20_S01,vPLC_container,VPLC_HOST,438,,,2026-05-09T14:30:00.827256072Z,,,,host_log,10,20,,,,,,0,0,,technical_check,vplc_status_cycle_duration_not_validated_as_Tper,0.035,100,работает
RUN_20260509_VPLC_L0_IDLE_10_20_S01_R01,VPLC_L0_IDLE_10_20,SER_20260509_VPLC_L0_IDLE_10_20_S01,vPLC_container,VPLC_HOST,439,,,2026-05-09T14:30:01.879641809Z,,,,host_log,10,20,,,,,,0,0,,technical_check,vplc_status_cycle_duration_not_validated_as_Tper,0.056,100,работает
RUN_20260509_VPLC_L0_IDLE_10_20_S01_R01,VPLC_L0_IDLE_10_20,SER_20260509_VPLC_L0_IDLE_10_20_S01,vPLC_container,VPLC_HOST,440,,,2026-05-09T14:30:02.938910263Z,,,,host_log,10,20,,,,,,0,0,,technical_check,vplc_status_cycle_duration_not_validated_as_Tper,0.036,100,работает
RUN_20260509_VPLC_L0_IDLE_10_20_S01_R01,VPLC_L0_IDLE_10_20,SER_20260509_VPLC_L0_IDLE_10_20_S01,vPLC_container,VPLC_HOST,441,,,2026-05-09T14:30:03.991495942Z,,,,host_log,10,20,,,,,,0,0,,technical_check,vplc_status_cycle_duration_not_validated_as_Tper,0.056,100,работает
RUN_20260509_VPLC_L0_IDLE_10_20_S01_R01,VPLC_L0_IDLE_10_20,SER_20260509_VPLC_L0_IDLE_10_20_S01,vPLC_container,VPLC_HOST,442,,,2026-05-09T14:30:05.048244906Z,,,,host_log,10,20,,,,,,0,0,,technical_check,vplc_status_cycle_duration_not_validated_as_Tper,0.025,100,работает
RUN_20260509_VPLC_L0_IDLE_10_20_S01_R01,VPLC_L0_IDLE_10_20,SER_20260509_VPLC_L0_IDLE_10_20_S01,vPLC_container,VPLC_HOST,443,,,2026-05-09T14:30:06.102071157Z,,,,host_log,10,20,,,,,,0,0,,technical_check,vplc_status_cycle_duration_not_validated_as_Tper,0.057,100,работает
RUN_20260509_VPLC_L0_IDLE_10_20_S01_R01,VPLC_L0_IDLE_10_20,SER_20260509_VPLC_L0_IDLE_10_20_S01,vPLC_container,VPLC_HOST,444,,,2026-05-09T14:30:07.157952243Z,,,,host_log,10,20,,,,,,0,0,,technical_check,vplc_status_cycle_duration_not_validated_as_Tper,0.040,100,работает
RUN_20260509_VPLC_L0_IDLE_10_20_S01_R01,VPLC_L0_IDLE_10_20,SER_20260509_VPLC_L0_IDLE_10_20_S01,vPLC_container,VPLC_HOST,445,,,2026-05-09T14:30:08.211447415Z,,,,host_log,10,20,,,,,,0,0,,technical_check,vplc_status_cycle_duration_not_validated_as_Tper,0.056,100,работает
RUN_20260509_VPLC_L0_IDLE_10_20_S01_R01,VPLC_L0_IDLE_10_20,SER_20260509_VPLC_L0_IDLE_10_20_S01,vPLC_container,VPLC_HOST,446,,,2026-05-09T14:30:09.269688521Z,,,,host_log,10,20,,,,,,0,0,,technical_check,vplc_status_cycle_duration_not_validated_as_Tper,0.055,100,работает
RUN_20260509_VPLC_L0_IDLE_10_20_S01_R01,VPLC_L0_IDLE_10_20,SER_20260509_VPLC_L0_IDLE_10_20_S01,vPLC_container,VPLC_HOST,447,,,2026-05-09T14:30:10.323981154Z,,,,host_log,10,20,,,,,,0,0,,technical_check,vplc_status_cycle_duration_not_validated_as_Tper,0.057,100,работает
RUN_20260509_VPLC_L0_IDLE_10_20_S01_R01,VPLC_L0_IDLE_10_20,SER_20260509_VPLC_L0_IDLE_10_20_S01,vPLC_container,VPLC_HOST,448,,,2026-05-09T14:30:11.380051640Z,,,,host_log,10,20,,,,,,0,0,,technical_check,vplc_status_cycle_duration_not_validated_as_Tper,4.921,100,работает
RUN_20260509_VPLC_L0_IDLE_10_20_S01_R01,VPLC_L0_IDLE_10_20,SER_20260509_VPLC_L0_IDLE_10_20_S01,vPLC_container,VPLC_HOST,449,,,2026-05-09T14:30:12.434654278Z,,,,host_log,10,20,,,,,,0,0,,technical_check,vplc_status_cycle_duration_not_validated_as_Tper,0.035,100,работает
RUN_20260509_VPLC_L0_IDLE_10_20_S01_R01,VPLC_L0_IDLE_10_20,SER_20260509_VPLC_L0_IDLE_10_20_S01,vPLC_container,VPLC_HOST,450,,,2026-05-09T14:30:13.490597386Z,,,,host_log,10,20,,,,,,0,0,,technical_check,vplc_status_cycle_duration_not_validated_as_Tper,0.057,100,работает
RUN_20260509_VPLC_L0_IDLE_10_20_S01_R01,VPLC_L0_IDLE_10_20,SER_20260509_VPLC_L0_IDLE_10_20_S01,vPLC_container,VPLC_HOST,451,,,2026-05-09T14:30:14.544485059Z,,,,host_log,10,20,,,,,,0,0,,technical_check,vplc_status_cycle_duration_not_validated_as_Tper,0.032,100,работает
RUN_20260509_VPLC_L0_IDLE_10_20_S01_R01,VPLC_L0_IDLE_10_20,SER_20260509_VPLC_L0_IDLE_10_20_S01,vPLC_container,VPLC_HOST,452,,,2026-05-09T14:30:15.600884105Z,,,,host_log,10,20,,,,,,0,0,,technical_check,vplc_status_cycle_duration_not_validated_as_Tper,0.056,100,работает
RUN_20260509_VPLC_L0_IDLE_10_20_S01_R01,VPLC_L0_IDLE_10_20,SER_20260509_VPLC_L0_IDLE_10_20_S01,vPLC_container,VPLC_HOST,453,,,2026-05-09T14:30:16.656277913Z,,,,host_log,10,20,,,,,,0,0,,technical_check,vplc_status_cycle_duration_not_validated_as_Tper,0.036,100,работает
RUN_20260509_VPLC_L0_IDLE_10_20_S01_R01,VPLC_L0_IDLE_10_20,SER_20260509_VPLC_L0_IDLE_10_20_S01,vPLC_container,VPLC_HOST,454,,,2026-05-09T14:30:17.709286511Z,,,,host_log,10,20,,,,,,0,0,,technical_check,vplc_status_cycle_duration_not_validated_as_Tper,0.057,100,работает
RUN_20260509_VPLC_L0_IDLE_10_20_S01_R01,VPLC_L0_IDLE_10_20,SER_20260509_VPLC_L0_IDLE_10_20_S01,vPLC_container,VPLC_HOST,455,,,2026-05-09T14:30:18.765392961Z,,,,host_log,10,20,,,,,,0,0,,technical_check,vplc_status_cycle_duration_not_validated_as_Tper,0.056,100,работает
RUN_20260509_VPLC_L0_IDLE_10_20_S01_R01,VPLC_L0_IDLE_10_20,SER_20260509_VPLC_L0_IDLE_10_20_S01,vPLC_container,VPLC_HOST,456,,,2026-05-09T14:30:19.821931893Z,,,,host_log,10,20,,,,,,0,0,,technical_check,vplc_status_cycle_duration_not_validated_as_Tper,0.035,100,работает
RUN_20260509_VPLC_L0_IDLE_10_20_S01_R01,VPLC_L0_IDLE_10_20,SER_20260509_VPLC_L0_IDLE_10_20_S01,vPLC_container,VPLC_HOST,457,,,2026-05-09T14:30:20.877467623Z,,,,host_log,10,20,,,,,,0,0,,technical_check,vplc_status_cycle_duration_not_validated_as_Tper,0.057,100,работает
RUN_20260509_VPLC_L0_IDLE_10_20_S01_R01,VPLC_L0_IDLE_10_20,SER_20260509_VPLC_L0_IDLE_10_20_S01,vPLC_container,VPLC_HOST,458,,,2026-05-09T14:30:21.933962661Z,,,,host_log,10,20,,,,,,0,0,,technical_check,vplc_status_cycle_duration_not_validated_as_Tper,0.036,100,работает
RUN_20260509_VPLC_L0_IDLE_10_20_S01_R01,VPLC_L0_IDLE_10_20,SER_20260509_VPLC_L0_IDLE_10_20_S01,vPLC_container,VPLC_HOST,459,,,2026-05-09T14:30:22.988613137Z,,,,host_log,10,20,,,,,,0,0,,technical_check,vplc_status_cycle_duration_not_validated_as_Tper,0.057,100,работает
RUN_20260509_VPLC_L0_IDLE_10_20_S01_R01,VPLC_L0_IDLE_10_20,SER_20260509_VPLC_L0_IDLE_10_20_S01,vPLC_container,VPLC_HOST,460,,,2026-05-09T14:30:24.041615619Z,,,,host_log,10,20,,,,,,0,0,,technical_check,vplc_status_cycle_duration_not_validated_as_Tper,0.036,100,работает
RUN_20260509_VPLC_L0_IDLE_10_20_S01_R01,VPLC_L0_IDLE_10_20,SER_20260509_VPLC_L0_IDLE_10_20_S01,vPLC_container,VPLC_HOST,461,,,2026-05-09T14:30:25.098656418Z,,,,host_log,10,20,,,,,,0,0,,technical_check,vplc_status_cycle_duration_not_validated_as_Tper,0.055,100,работает
RUN_20260509_VPLC_L0_IDLE_10_20_S01_R01,VPLC_L0_IDLE_10_20,SER_20260509_VPLC_L0_IDLE_10_20_S01,vPLC_container,VPLC_HOST,462,,,2026-05-09T14:30:26.155409704Z,,,,host_log,10,20,,,,,,0,0,,technical_check,vplc_status_cycle_duration_not_validated_as_Tper,0.032,100,работает
RUN_20260509_VPLC_L0_IDLE_10_20_S01_R01,VPLC_L0_IDLE_10_20,SER_20260509_VPLC_L0_IDLE_10_20_S01,vPLC_container,VPLC_HOST,463,,,2026-05-09T14:30:27.209633691Z,,,,host_log,10,20,,,,,,0,0,,technical_check,vplc_status_cycle_duration_not_validated_as_Tper,0.056,100,работает
RUN_20260509_VPLC_L0_IDLE_10_20_S01_R01,VPLC_L0_IDLE_10_20,SER_20260509_VPLC_L0_IDLE_10_20_S01,vPLC_container,VPLC_HOST,464,,,2026-05-09T14:30:28.261633550Z,,,,host_log,10,20,,,,,,0,0,,technical_check,vplc_status_cycle_duration_not_validated_as_Tper,0.057,100,работает
RUN_20260509_VPLC_L0_IDLE_10_20_S01_R01,VPLC_L0_IDLE_10_20,SER_20260509_VPLC_L0_IDLE_10_20_S01,vPLC_container,VPLC_HOST,465,,,2026-05-09T14:30:29.316791401Z,,,,host_log,10,20,,,,,,0,0,,technical_check,vplc_status_cycle_duration_not_validated_as_Tper,0.057,100,работает
RUN_20260509_VPLC_L0_IDLE_10_20_S01_R01,VPLC_L0_IDLE_10_20,SER_20260509_VPLC_L0_IDLE_10_20_S01,vPLC_container,VPLC_HOST,466,,,2026-05-09T14:30:30.372631635Z,,,,host_log,10,20,,,,,,0,0,,technical_check,vplc_status_cycle_duration_not_validated_as_Tper,4.296,100,работает
RUN_20260509_VPLC_L0_IDLE_10_20_S01_R01,VPLC_L0_IDLE_10_20,SER_20260509_VPLC_L0_IDLE_10_20_S01,vPLC_container,VPLC_HOST,467,,,2026-05-09T14:30:31.427952258Z,,,,host_log,10,20,,,,,,0,0,,technical_check,vplc_status_cycle_duration_not_validated_as_Tper,0.035,100,работает
RUN_20260509_VPLC_L0_IDLE_10_20_S01_R01,VPLC_L0_IDLE_10_20,SER_20260509_VPLC_L0_IDLE_10_20_S01,vPLC_container,VPLC_HOST,468,,,2026-05-09T14:30:32.484688267Z,,,,host_log,10,20,,,,,,0,0,,technical_check,vplc_status_cycle_duration_not_validated_as_Tper,0.055,100,работает
RUN_20260509_VPLC_L0_IDLE_10_20_S01_R01,VPLC_L0_IDLE_10_20,SER_20260509_VPLC_L0_IDLE_10_20_S01,vPLC_container,VPLC_HOST,469,,,2026-05-09T14:30:33.541015294Z,,,,host_log,10,20,,,,,,0,0,,technical_check,vplc_status_cycle_duration_not_validated_as_Tper,0.033,100,работает
RUN_20260509_VPLC_L0_IDLE_10_20_S01_R01,VPLC_L0_IDLE_10_20,SER_20260509_VPLC_L0_IDLE_10_20_S01,vPLC_container,VPLC_HOST,470,,,2026-05-09T14:30:34.597923019Z,,,,host_log,10,20,,,,,,0,0,,technical_check,vplc_status_cycle_duration_not_validated_as_Tper,0.057,100,работает
RUN_20260509_VPLC_L0_IDLE_10_20_S01_R01,VPLC_L0_IDLE_10_20,SER_20260509_VPLC_L0_IDLE_10_20_S01,vPLC_container,VPLC_HOST,471,,,2026-05-09T14:30:35.652614798Z,,,,host_log,10,20,,,,,,0,0,,technical_check,vplc_status_cycle_duration_not_validated_as_Tper,0.023,100,работает
RUN_20260509_VPLC_L0_IDLE_10_20_S01_R01,VPLC_L0_IDLE_10_20,SER_20260509_VPLC_L0_IDLE_10_20_S01,vPLC_container,VPLC_HOST,472,,,2026-05-09T14:30:36.708090267Z,,,,host_log,10,20,,,,,,0,0,,technical_check,vplc_status_cycle_duration_not_validated_as_Tper,0.053,100,работает
RUN_20260509_VPLC_L0_IDLE_10_20_S01_R01,VPLC_L0_IDLE_10_20,SER_20260509_VPLC_L0_IDLE_10_20_S01,vPLC_container,VPLC_HOST,473,,,2026-05-09T14:30:37.763526602Z,,,,host_log,10,20,,,,,,0,0,,technical_check,vplc_status_cycle_duration_not_validated_as_Tper,0.056,100,работает
RUN_20260509_VPLC_L0_IDLE_10_20_S01_R01,VPLC_L0_IDLE_10_20,SER_20260509_VPLC_L0_IDLE_10_20_S01,vPLC_container,VPLC_HOST,474,,,2026-05-09T14:30:38.815925781Z,,,,host_log,10,20,,,,,,0,0,,technical_check,vplc_status_cycle_duration_not_validated_as_Tper,0.057,100,работает
RUN_20260509_VPLC_L0_IDLE_10_20_S01_R01,VPLC_L0_IDLE_10_20,SER_20260509_VPLC_L0_IDLE_10_20_S01,vPLC_container,VPLC_HOST,475,,,2026-05-09T14:30:39.873352088Z,,,,host_log,10,20,,,,,,0,0,,technical_check,vplc_status_cycle_duration_not_validated_as_Tper,0.056,100,работает
RUN_20260509_VPLC_L0_IDLE_10_20_S01_R01,VPLC_L0_IDLE_10_20,SER_20260509_VPLC_L0_IDLE_10_20_S01,vPLC_container,VPLC_HOST,476,,,2026-05-09T14:30:40.929788401Z,,,,host_log,10,20,,,,,,0,0,,technical_check,vplc_status_cycle_duration_not_validated_as_Tper,0.035,100,работает
RUN_20260509_VPLC_L0_IDLE_10_20_S01_R01,VPLC_L0_IDLE_10_20,SER_20260509_VPLC_L0_IDLE_10_20_S01,vPLC_container,VPLC_HOST,477,,,2026-05-09T14:30:41.984675351Z,,,,host_log,10,20,,,,,,0,0,,technical_check,vplc_status_cycle_duration_not_validated_as_Tper,0.057,100,работает
RUN_20260509_VPLC_L0_IDLE_10_20_S01_R01,VPLC_L0_IDLE_10_20,SER_20260509_VPLC_L0_IDLE_10_20_S01,vPLC_container,VPLC_HOST,478,,,2026-05-09T14:30:43.038107715Z,,,,host_log,10,20,,,,,,0,0,,technical_check,vplc_status_cycle_duration_not_validated_as_Tper,0.035,100,работает
RUN_20260509_VPLC_L0_IDLE_10_20_S01_R01,VPLC_L0_IDLE_10_20,SER_20260509_VPLC_L0_IDLE_10_20_S01,vPLC_container,VPLC_HOST,479,,,2026-05-09T14:30:44.094897142Z,,,,host_log,10,20,,,,,,0,0,,technical_check,vplc_status_cycle_duration_not_validated_as_Tper,0.057,100,работает
RUN_20260509_VPLC_L0_IDLE_10_20_S01_R01,VPLC_L0_IDLE_10_20,SER_20260509_VPLC_L0_IDLE_10_20_S01,vPLC_container,VPLC_HOST,480,,,2026-05-09T14:30:45.151479948Z,,,,host_log,10,20,,,,,,0,0,,technical_check,vplc_status_cycle_duration_not_validated_as_Tper,0.021,100,работает
RUN_20260509_VPLC_L0_IDLE_10_20_S01_R01,VPLC_L0_IDLE_10_20,SER_20260509_VPLC_L0_IDLE_10_20_S01,vPLC_container,VPLC_HOST,481,,,2026-05-09T14:30:46.203014923Z,,,,host_log,10,20,,,,,,0,0,,technical_check,vplc_status_cycle_duration_not_validated_as_Tper,0.058,100,работает
RUN_20260509_VPLC_L0_IDLE_10_20_S01_R01,VPLC_L0_IDLE_10_20,SER_20260509_VPLC_L0_IDLE_10_20_S01,vPLC_container,VPLC_HOST,482,,,2026-05-09T14:30:47.259007160Z,,,,host_log,10,20,,,,,,0,0,,technical_check,vplc_status_cycle_duration_not_validated_as_Tper,0.040,100,работает
RUN_20260509_VPLC_L0_IDLE_10_20_S01_R01,VPLC_L0_IDLE_10_20,SER_20260509_VPLC_L0_IDLE_10_20_S01,vPLC_container,VPLC_HOST,483,,,2026-05-09T14:30:48.317776341Z,,,,host_log,10,20,,,,,,0,0,,technical_check,vplc_status_cycle_duration_not_validated_as_Tper,0.057,100,работает
RUN_20260509_VPLC_L0_IDLE_10_20_S01_R01,VPLC_L0_IDLE_10_20,SER_20260509_VPLC_L0_IDLE_10_20_S01,vPLC_container,VPLC_HOST,484,,,2026-05-09T14:30:49.370498551Z,,,,host_log,10,20,,,,,,0,0,,technical_check,vplc_status_cycle_duration_not_validated_as_Tper,4.368,100,работает
RUN_20260509_VPLC_L0_IDLE_10_20_S01_R01,VPLC_L0_IDLE_10_20,SER_20260509_VPLC_L0_IDLE_10_20_S01,vPLC_container,VPLC_HOST,485,,,2026-05-09T14:30:50.427994479Z,,,,host_log,10,20,,,,,,0,0,,technical_check,vplc_status_cycle_duration_not_validated_as_Tper,0.054,100,работает
RUN_20260509_VPLC_L0_IDLE_10_20_S01_R01,VPLC_L0_IDLE_10_20,SER_20260509_VPLC_L0_IDLE_10_20_S01,vPLC_container,VPLC_HOST,486,,,2026-05-09T14:30:51.483417322Z,,,,host_log,10,20,,,,,,0,0,,technical_check,vplc_status_cycle_duration_not_validated_as_Tper,0.056,100,работает
RUN_20260509_VPLC_L0_IDLE_10_20_S01_R01,VPLC_L0_IDLE_10_20,SER_20260509_VPLC_L0_IDLE_10_20_S01,vPLC_container,VPLC_HOST,487,,,2026-05-09T14:30:52.539272884Z,,,,host_log,10,20,,,,,,0,0,,technical_check,vplc_status_cycle_duration_not_validated_as_Tper,0.036,100,работает
RUN_20260509_VPLC_L0_IDLE_10_20_S01_R01,VPLC_L0_IDLE_10_20,SER_20260509_VPLC_L0_IDLE_10_20_S01,vPLC_container,VPLC_HOST,488,,,2026-05-09T14:30:53.591947582Z,,,,host_log,10,20,,,,,,0,0,,technical_check,vplc_status_cycle_duration_not_validated_as_Tper,0.056,100,работает
RUN_20260509_VPLC_L0_IDLE_10_20_S01_R01,VPLC_L0_IDLE_10_20,SER_20260509_VPLC_L0_IDLE_10_20_S01,vPLC_container,VPLC_HOST,489,,,2026-05-09T14:30:54.649025129Z,,,,host_log,10,20,,,,,,0,0,,technical_check,vplc_status_cycle_duration_not_validated_as_Tper,0.023,100,работает
RUN_20260509_VPLC_L0_IDLE_10_20_S01_R01,VPLC_L0_IDLE_10_20,SER_20260509_VPLC_L0_IDLE_10_20_S01,vPLC_container,VPLC_HOST,490,,,2026-05-09T14:30:55.704827871Z,,,,host_log,10,20,,,,,,0,0,,technical_check,vplc_status_cycle_duration_not_validated_as_Tper,0.057,100,работает
RUN_20260509_VPLC_L0_IDLE_10_20_S01_R01,VPLC_L0_IDLE_10_20,SER_20260509_VPLC_L0_IDLE_10_20_S01,vPLC_container,VPLC_HOST,491,,,2026-05-09T14:30:56.762109565Z,,,,host_log,10,20,,,,,,0,0,,technical_check,vplc_status_cycle_duration_not_validated_as_Tper,0.057,100,работает
RUN_20260509_VPLC_L0_IDLE_10_20_S01_R01,VPLC_L0_IDLE_10_20,SER_20260509_VPLC_L0_IDLE_10_20_S01,vPLC_container,VPLC_HOST,492,,,2026-05-09T14:30:57.816638401Z,,,,host_log,10,20,,,,,,0,0,,technical_check,vplc_status_cycle_duration_not_validated_as_Tper,0.056,100,работает
RUN_20260509_VPLC_L0_IDLE_10_20_S01_R01,VPLC_L0_IDLE_10_20,SER_20260509_VPLC_L0_IDLE_10_20_S01,vPLC_container,VPLC_HOST,493,,,2026-05-09T14:30:58.873196400Z,,,,host_log,10,20,,,,,,0,0,,technical_check,vplc_status_cycle_duration_not_validated_as_Tper,0.057,100,работает
RUN_20260509_VPLC_L0_IDLE_10_20_S01_R01,VPLC_L0_IDLE_10_20,SER_20260509_VPLC_L0_IDLE_10_20_S01,vPLC_container,VPLC_HOST,494,,,2026-05-09T14:30:59.927248590Z,,,,host_log,10,20,,,,,,0,0,,technical_check,vplc_status_cycle_duration_not_validated_as_Tper,0.036,100,работает
RUN_20260509_VPLC_L0_IDLE_10_20_S01_R01,VPLC_L0_IDLE_10_20,SER_20260509_VPLC_L0_IDLE_10_20_S01,vPLC_container,VPLC_HOST,495,,,2026-05-09T14:31:00.981670587Z,,,,host_log,10,20,,,,,,0,0,,technical_check,vplc_status_cycle_duration_not_validated_as_Tper,0.056,100,работает
RUN_20260509_VPLC_L0_IDLE_10_20_S01_R01,VPLC_L0_IDLE_10_20,SER_20260509_VPLC_L0_IDLE_10_20_S01,vPLC_container,VPLC_HOST,496,,,2026-05-09T14:31:02.038924235Z,,,,host_log,10,20,,,,,,0,0,,technical_check,vplc_status_cycle_duration_not_validated_as_Tper,0.036,100,работает
RUN_20260509_VPLC_L0_IDLE_10_20_S01_R01,VPLC_L0_IDLE_10_20,SER_20260509_VPLC_L0_IDLE_10_20_S01,vPLC_container,VPLC_HOST,497,,,2026-05-09T14:31:03.090681757Z,,,,host_log,10,20,,,,,,0,0,,technical_check,vplc_status_cycle_duration_not_validated_as_Tper,0.056,100,работает
RUN_20260509_VPLC_L0_IDLE_10_20_S01_R01,VPLC_L0_IDLE_10_20,SER_20260509_VPLC_L0_IDLE_10_20_S01,vPLC_container,VPLC_HOST,498,,,2026-05-09T14:31:04.148640415Z,,,,host_log,10,20,,,,,,0,0,,technical_check,vplc_status_cycle_duration_not_validated_as_Tper,0.029,100,работает
RUN_20260509_VPLC_L0_IDLE_10_20_S01_R01,VPLC_L0_IDLE_10_20,SER_20260509_VPLC_L0_IDLE_10_20_S01,vPLC_container,VPLC_HOST,499,,,2026-05-09T14:31:05.203874514Z,,,,host_log,10,20,,,,,,0,0,,technical_check,vplc_status_cycle_duration_not_validated_as_Tper,0.057,100,работает
RUN_20260509_VPLC_L0_IDLE_10_20_S01_R01,VPLC_L0_IDLE_10_20,SER_20260509_VPLC_L0_IDLE_10_20_S01,vPLC_container,VPLC_HOST,500,,,2026-05-09T14:31:06.257390454Z,,,,host_log,10,20,,,,,,0,0,,technical_check,vplc_status_cycle_duration_not_validated_as_Tper,0.024,100,работает
RUN_20260509_VPLC_L0_IDLE_10_20_S01_R01,VPLC_L0_IDLE_10_20,SER_20260509_VPLC_L0_IDLE_10_20_S01,vPLC_container,VPLC_HOST,501,,,2026-05-09T14:31:07.313670146Z,,,,host_log,10,20,,,,,,0,0,,technical_check,vplc_status_cycle_duration_not_validated_as_Tper,0.057,100,работает
RUN_20260509_VPLC_L0_IDLE_10_20_S01_R01,VPLC_L0_IDLE_10_20,SER_20260509_VPLC_L0_IDLE_10_20_S01,vPLC_container,VPLC_HOST,502,,,2026-05-09T14:31:08.366370715Z,,,,host_log,10,20,,,,,,0,0,,technical_check,vplc_status_cycle_duration_not_validated_as_Tper,4.746,100,работает
RUN_20260509_VPLC_L0_IDLE_10_20_S01_R01,VPLC_L0_IDLE_10_20,SER_20260509_VPLC_L0_IDLE_10_20_S01,vPLC_container,VPLC_HOST,503,,,2026-05-09T14:31:09.424713294Z,,,,host_log,10,20,,,,,,0,0,,technical_check,vplc_status_cycle_duration_not_validated_as_Tper,0.056,100,работает
RUN_20260509_VPLC_L0_IDLE_10_20_S01_R01,VPLC_L0_IDLE_10_20,SER_20260509_VPLC_L0_IDLE_10_20_S01,vPLC_container,VPLC_HOST,504,,,2026-05-09T14:31:10.478031421Z,,,,host_log,10,20,,,,,,0,0,,technical_check,vplc_status_cycle_duration_not_validated_as_Tper,0.057,100,работает
RUN_20260509_VPLC_L0_IDLE_10_20_S01_R01,VPLC_L0_IDLE_10_20,SER_20260509_VPLC_L0_IDLE_10_20_S01,vPLC_container,VPLC_HOST,505,,,2026-05-09T14:31:11.534950962Z,,,,host_log,10,20,,,,,,0,0,,technical_check,vplc_status_cycle_duration_not_validated_as_Tper,0.036,100,работает
RUN_20260509_VPLC_L0_IDLE_10_20_S01_R01,VPLC_L0_IDLE_10_20,SER_20260509_VPLC_L0_IDLE_10_20_S01,vPLC_container,VPLC_HOST,506,,,2026-05-09T14:31:12.590814957Z,,,,host_log,10,20,,,,,,0,0,,technical_check,vplc_status_cycle_duration_not_validated_as_Tper,0.055,100,работает
RUN_20260509_VPLC_L0_IDLE_10_20_S01_R01,VPLC_L0_IDLE_10_20,SER_20260509_VPLC_L0_IDLE_10_20_S01,vPLC_container,VPLC_HOST,507,,,2026-05-09T14:31:13.647376972Z,,,,host_log,10,20,,,,,,0,0,,technical_check,vplc_status_cycle_duration_not_validated_as_Tper,0.028,100,работает
RUN_20260509_VPLC_L0_IDLE_10_20_S01_R01,VPLC_L0_IDLE_10_20,SER_20260509_VPLC_L0_IDLE_10_20_S01,vPLC_container,VPLC_HOST,508,,,2026-05-09T14:31:14.700801800Z,,,,host_log,10,20,,,,,,0,0,,technical_check,vplc_status_cycle_duration_not_validated_as_Tper,0.056,100,работает
RUN_20260509_VPLC_L0_IDLE_10_20_S01_R01,VPLC_L0_IDLE_10_20,SER_20260509_VPLC_L0_IDLE_10_20_S01,vPLC_container,VPLC_HOST,509,,,2026-05-09T14:31:15.756714785Z,,,,host_log,10,20,,,,,,0,0,,technical_check,vplc_status_cycle_duration_not_validated_as_Tper,0.035,100,работает
RUN_20260509_VPLC_L0_IDLE_10_20_S01_R01,VPLC_L0_IDLE_10_20,SER_20260509_VPLC_L0_IDLE_10_20_S01,vPLC_container,VPLC_HOST,510,,,2026-05-09T14:31:16.812825934Z,,,,host_log,10,20,,,,,,0,0,,technical_check,vplc_status_cycle_duration_not_validated_as_Tper,0.056,100,работает
RUN_20260509_VPLC_L0_IDLE_10_20_S01_R01,VPLC_L0_IDLE_10_20,SER_20260509_VPLC_L0_IDLE_10_20_S01,vPLC_container,VPLC_HOST,511,,,2026-05-09T14:31:17.867791903Z,,,,host_log,10,20,,,,,,0,0,,technical_check,vplc_status_cycle_duration_not_validated_as_Tper,0.056,100,работает
RUN_20260509_VPLC_L0_IDLE_10_20_S01_R01,VPLC_L0_IDLE_10_20,SER_20260509_VPLC_L0_IDLE_10_20_S01,vPLC_container,VPLC_HOST,512,,,2026-05-09T14:31:18.923519749Z,,,,host_log,10,20,,,,,,0,0,,technical_check,vplc_status_cycle_duration_not_validated_as_Tper,0.052,100,работает
RUN_20260509_VPLC_L0_IDLE_10_20_S01_R01,VPLC_L0_IDLE_10_20,SER_20260509_VPLC_L0_IDLE_10_20_S01,vPLC_container,VPLC_HOST,513,,,2026-05-09T14:31:19.976190611Z,,,,host_log,10,20,,,,,,0,0,,technical_check,vplc_status_cycle_duration_not_validated_as_Tper,0.055,100,работает
RUN_20260509_VPLC_L0_IDLE_10_20_S01_R01,VPLC_L0_IDLE_10_20,SER_20260509_VPLC_L0_IDLE_10_20_S01,vPLC_container,VPLC_HOST,514,,,2026-05-09T14:31:21.033254067Z,,,,host_log,10,20,,,,,,0,0,,technical_check,vplc_status_cycle_duration_not_validated_as_Tper,0.036,100,работает
RUN_20260509_VPLC_L0_IDLE_10_20_S01_R01,VPLC_L0_IDLE_10_20,SER_20260509_VPLC_L0_IDLE_10_20_S01,vPLC_container,VPLC_HOST,515,,,2026-05-09T14:31:22.087116874Z,,,,host_log,10,20,,,,,,0,0,,technical_check,vplc_status_cycle_duration_not_validated_as_Tper,0.057,100,работает
RUN_20260509_VPLC_L0_IDLE_10_20_S01_R01,VPLC_L0_IDLE_10_20,SER_20260509_VPLC_L0_IDLE_10_20_S01,vPLC_container,VPLC_HOST,516,,,2026-05-09T14:31:23.141747667Z,,,,host_log,10,20,,,,,,0,0,,technical_check,vplc_status_cycle_duration_not_validated_as_Tper,0.036,100,работает
RUN_20260509_VPLC_L0_IDLE_10_20_S01_R01,VPLC_L0_IDLE_10_20,SER_20260509_VPLC_L0_IDLE_10_20_S01,vPLC_container,VPLC_HOST,517,,,2026-05-09T14:31:24.199493821Z,,,,host_log,10,20,,,,,,0,0,,technical_check,vplc_status_cycle_duration_not_validated_as_Tper,0.056,100,работает
RUN_20260509_VPLC_L0_IDLE_10_20_S01_R01,VPLC_L0_IDLE_10_20,SER_20260509_VPLC_L0_IDLE_10_20_S01,vPLC_container,VPLC_HOST,518,,,2026-05-09T14:31:25.253537990Z,,,,host_log,10,20,,,,,,0,0,,technical_check,vplc_status_cycle_duration_not_validated_as_Tper,0.028,100,работает
RUN_20260509_VPLC_L0_IDLE_10_20_S01_R01,VPLC_L0_IDLE_10_20,SER_20260509_VPLC_L0_IDLE_10_20_S01,vPLC_container,VPLC_HOST,519,,,2026-05-09T14:31:26.310684335Z,,,,host_log,10,20,,,,,,0,0,,technical_check,vplc_status_cycle_duration_not_validated_as_Tper,0.057,100,работает
RUN_20260509_VPLC_L0_IDLE_10_20_S01_R01,VPLC_L0_IDLE_10_20,SER_20260509_VPLC_L0_IDLE_10_20_S01,vPLC_container,VPLC_HOST,520,,,2026-05-09T14:31:27.366764534Z,,,,host_log,10,20,,,,,,0,0,,technical_check,vplc_status_cycle_duration_not_validated_as_Tper,4.338,100,работает
RUN_20260509_VPLC_L0_IDLE_10_20_S01_R01,VPLC_L0_IDLE_10_20,SER_20260509_VPLC_L0_IDLE_10_20_S01,vPLC_container,VPLC_HOST,521,,,2026-05-09T14:31:28.419969997Z,,,,host_log,10,20,,,,,,0,0,,technical_check,vplc_status_cycle_duration_not_validated_as_Tper,4.318,100,работает
RUN_20260509_VPLC_L0_IDLE_10_20_S01_R01,VPLC_L0_IDLE_10_20,SER_20260509_VPLC_L0_IDLE_10_20_S01,vPLC_container,VPLC_HOST,522,,,2026-05-09T14:31:29.474884481Z,,,,host_log,10,20,,,,,,0,0,,technical_check,vplc_status_cycle_duration_not_validated_as_Tper,0.056,100,работает
RUN_20260509_VPLC_L0_IDLE_10_20_S01_R01,VPLC_L0_IDLE_10_20,SER_20260509_VPLC_L0_IDLE_10_20_S01,vPLC_container,VPLC_HOST,523,,,2026-05-09T14:31:30.532607845Z,,,,host_log,10,20,,,,,,0,0,,technical_check,vplc_status_cycle_duration_not_validated_as_Tper,0.035,100,работает
RUN_20260509_VPLC_L0_IDLE_10_20_S01_R01,VPLC_L0_IDLE_10_20,SER_20260509_VPLC_L0_IDLE_10_20_S01,vPLC_container,VPLC_HOST,524,,,2026-05-09T14:31:31.586922517Z,,,,host_log,10,20,,,,,,0,0,,technical_check,vplc_status_cycle_duration_not_validated_as_Tper,0.056,100,работает
RUN_20260509_VPLC_L0_IDLE_10_20_S01_R01,VPLC_L0_IDLE_10_20,SER_20260509_VPLC_L0_IDLE_10_20_S01,vPLC_container,VPLC_HOST,525,,,2026-05-09T14:31:32.639928123Z,,,,host_log,10,20,,,,,,0,0,,technical_check,vplc_status_cycle_duration_not_validated_as_Tper,0.036,100,работает
RUN_20260509_VPLC_L0_IDLE_10_20_S01_R01,VPLC_L0_IDLE_10_20,SER_20260509_VPLC_L0_IDLE_10_20_S01,vPLC_container,VPLC_HOST,526,,,2026-05-09T14:31:33.698834248Z,,,,host_log,10,20,,,,,,0,0,,technical_check,vplc_status_cycle_duration_not_validated_as_Tper,0.054,100,работает
RUN_20260509_VPLC_L0_IDLE_10_20_S01_R01,VPLC_L0_IDLE_10_20,SER_20260509_VPLC_L0_IDLE_10_20_S01,vPLC_container,VPLC_HOST,527,,,2026-05-09T14:31:34.750877373Z,,,,host_log,10,20,,,,,,0,0,,technical_check,vplc_status_cycle_duration_not_validated_as_Tper,0.019,100,работает
RUN_20260509_VPLC_L0_IDLE_10_20_S01_R01,VPLC_L0_IDLE_10_20,SER_20260509_VPLC_L0_IDLE_10_20_S01,vPLC_container,VPLC_HOST,528,,,2026-05-09T14:31:35.807083354Z,,,,host_log,10,20,,,,,,0,0,,technical_check,vplc_status_cycle_duration_not_validated_as_Tper,0.058,100,работает
RUN_20260509_VPLC_L0_IDLE_10_20_S01_R01,VPLC_L0_IDLE_10_20,SER_20260509_VPLC_L0_IDLE_10_20_S01,vPLC_container,VPLC_HOST,529,,,2026-05-09T14:31:36.862029990Z,,,,host_log,10,20,,,,,,0,0,,technical_check,vplc_status_cycle_duration_not_validated_as_Tper,0.056,100,работает
RUN_20260509_VPLC_L0_IDLE_10_20_S01_R01,VPLC_L0_IDLE_10_20,SER_20260509_VPLC_L0_IDLE_10_20_S01,vPLC_container,VPLC_HOST,530,,,2026-05-09T14:31:37.918845523Z,,,,host_log,10,20,,,,,,0,0,,technical_check,vplc_status_cycle_duration_not_validated_as_Tper,0.055,100,работает
RUN_20260509_VPLC_L0_IDLE_10_20_S01_R01,VPLC_L0_IDLE_10_20,SER_20260509_VPLC_L0_IDLE_10_20_S01,vPLC_container,VPLC_HOST,531,,,2026-05-09T14:31:38.973072491Z,,,,host_log,10,20,,,,,,0,0,,technical_check,vplc_status_cycle_duration_not_validated_as_Tper,0.057,100,работает
RUN_20260509_VPLC_L0_IDLE_10_20_S01_R01,VPLC_L0_IDLE_10_20,SER_20260509_VPLC_L0_IDLE_10_20_S01,vPLC_container,VPLC_HOST,532,,,2026-05-09T14:31:40.027515681Z,,,,host_log,10,20,,,,,,0,0,,technical_check,vplc_status_cycle_duration_not_validated_as_Tper,0.035,100,работает
RUN_20260509_VPLC_L0_IDLE_10_20_S01_R01,VPLC_L0_IDLE_10_20,SER_20260509_VPLC_L0_IDLE_10_20_S01,vPLC_container,VPLC_HOST,533,,,2026-05-09T14:31:41.084843798Z,,,,host_log,10,20,,,,,,0,0,,technical_check,vplc_status_cycle_duration_not_validated_as_Tper,0.057,100,работает
RUN_20260509_VPLC_L0_IDLE_10_20_S01_R01,VPLC_L0_IDLE_10_20,SER_20260509_VPLC_L0_IDLE_10_20_S01,vPLC_container,VPLC_HOST,534,,,2026-05-09T14:31:42.140963787Z,,,,host_log,10,20,,,,,,0,0,,technical_check,vplc_status_cycle_duration_not_validated_as_Tper,0.036,100,работает
RUN_20260509_VPLC_L0_IDLE_10_20_S01_R01,VPLC_L0_IDLE_10_20,SER_20260509_VPLC_L0_IDLE_10_20_S01,vPLC_container,VPLC_HOST,535,,,2026-05-09T14:31:43.196145527Z,,,,host_log,10,20,,,,,,0,0,,technical_check,vplc_status_cycle_duration_not_validated_as_Tper,0.056,100,работает
RUN_20260509_VPLC_L0_IDLE_10_20_S01_R01,VPLC_L0_IDLE_10_20,SER_20260509_VPLC_L0_IDLE_10_20_S01,vPLC_container,VPLC_HOST,536,,,2026-05-09T14:31:44.251372813Z,,,,host_log,10,20,,,,,,0,0,,technical_check,vplc_status_cycle_duration_not_validated_as_Tper,0.020,100,работает
RUN_20260509_VPLC_L0_IDLE_10_20_S01_R01,VPLC_L0_IDLE_10_20,SER_20260509_VPLC_L0_IDLE_10_20_S01,vPLC_container,VPLC_HOST,537,,,2026-05-09T14:31:45.307902756Z,,,,host_log,10,20,,,,,,0,0,,technical_check,vplc_status_cycle_duration_not_validated_as_Tper,0.058,100,работает
RUN_20260509_VPLC_L0_IDLE_10_20_S01_R01,VPLC_L0_IDLE_10_20,SER_20260509_VPLC_L0_IDLE_10_20_S01,vPLC_container,VPLC_HOST,538,,,2026-05-09T14:31:46.362859315Z,,,,host_log,10,20,,,,,,0,0,,technical_check,vplc_status_cycle_duration_not_validated_as_Tper,4.719,100,работает
RUN_20260509_VPLC_L0_IDLE_10_20_S01_R01,VPLC_L0_IDLE_10_20,SER_20260509_VPLC_L0_IDLE_10_20_S01,vPLC_container,VPLC_HOST,539,,,2026-05-09T14:31:47.417022961Z,,,,host_log,10,20,,,,,,0,0,,technical_check,vplc_status_cycle_duration_not_validated_as_Tper,5.018,100,работает
RUN_20260509_VPLC_L0_IDLE_10_20_S01_R01,VPLC_L0_IDLE_10_20,SER_20260509_VPLC_L0_IDLE_10_20_S01,vPLC_container,VPLC_HOST,540,,,2026-05-09T14:31:48.471609486Z,,,,host_log,10,20,,,,,,0,0,,technical_check,vplc_status_cycle_duration_not_validated_as_Tper,0.057,100,работает
RUN_20260509_VPLC_L0_IDLE_10_20_S01_R01,VPLC_L0_IDLE_10_20,SER_20260509_VPLC_L0_IDLE_10_20_S01,vPLC_container,VPLC_HOST,541,,,2026-05-09T14:31:49.528677460Z,,,,host_log,10,20,,,,,,0,0,,technical_check,vplc_status_cycle_duration_not_validated_as_Tper,0.056,100,работает
RUN_20260509_VPLC_L0_IDLE_10_20_S01_R01,VPLC_L0_IDLE_10_20,SER_20260509_VPLC_L0_IDLE_10_20_S01,vPLC_container,VPLC_HOST,542,,,2026-05-09T14:31:50.583897332Z,,,,host_log,10,20,,,,,,0,0,,technical_check,vplc_status_cycle_duration_not_validated_as_Tper,0.056,100,работает
RUN_20260509_VPLC_L0_IDLE_10_20_S01_R01,VPLC_L0_IDLE_10_20,SER_20260509_VPLC_L0_IDLE_10_20_S01,vPLC_container,VPLC_HOST,543,,,2026-05-09T14:31:51.639359991Z,,,,host_log,10,20,,,,,,0,0,,technical_check,vplc_status_cycle_duration_not_validated_as_Tper,0.036,100,работает
RUN_20260509_VPLC_L0_IDLE_10_20_S01_R01,VPLC_L0_IDLE_10_20,SER_20260509_VPLC_L0_IDLE_10_20_S01,vPLC_container,VPLC_HOST,544,,,2026-05-09T14:31:52.692259052Z,,,,host_log,10,20,,,,,,0,0,,technical_check,vplc_status_cycle_duration_not_validated_as_Tper,0.056,100,работает
RUN_20260509_VPLC_L0_IDLE_10_20_S01_R01,VPLC_L0_IDLE_10_20,SER_20260509_VPLC_L0_IDLE_10_20_S01,vPLC_container,VPLC_HOST,545,,,2026-05-09T14:31:53.748115667Z,,,,host_log,10,20,,,,,,0,0,,technical_check,vplc_status_cycle_duration_not_validated_as_Tper,0.026,100,работает
RUN_20260509_VPLC_L0_IDLE_10_20_S01_R01,VPLC_L0_IDLE_10_20,SER_20260509_VPLC_L0_IDLE_10_20_S01,vPLC_container,VPLC_HOST,546,,,2026-05-09T14:31:54.803306479Z,,,,host_log,10,20,,,,,,0,0,,technical_check,vplc_status_cycle_duration_not_validated_as_Tper,0.054,100,работает
RUN_20260509_VPLC_L0_IDLE_10_20_S01_R01,VPLC_L0_IDLE_10_20,SER_20260509_VPLC_L0_IDLE_10_20_S01,vPLC_container,VPLC_HOST,547,,,2026-05-09T14:31:55.861238378Z,,,,host_log,10,20,,,,,,0,0,,technical_check,vplc_status_cycle_duration_not_validated_as_Tper,0.057,100,работает
RUN_20260509_VPLC_L0_IDLE_10_20_S01_R01,VPLC_L0_IDLE_10_20,SER_20260509_VPLC_L0_IDLE_10_20_S01,vPLC_container,VPLC_HOST,548,,,2026-05-09T14:31:56.915369408Z,,,,host_log,10,20,,,,,,0,0,,technical_check,vplc_status_cycle_duration_not_validated_as_Tper,0.057,100,работает
RUN_20260509_VPLC_L0_IDLE_10_20_S01_R01,VPLC_L0_IDLE_10_20,SER_20260509_VPLC_L0_IDLE_10_20_S01,vPLC_container,VPLC_HOST,549,,,2026-05-09T14:31:57.969319473Z,,,,host_log,10,20,,,,,,0,0,,technical_check,vplc_status_cycle_duration_not_validated_as_Tper,0.056,100,работает
RUN_20260509_VPLC_L0_IDLE_10_20_S01_R01,VPLC_L0_IDLE_10_20,SER_20260509_VPLC_L0_IDLE_10_20_S01,vPLC_container,VPLC_HOST,550,,,2026-05-09T14:31:59.027715376Z,,,,host_log,10,20,,,,,,0,0,,technical_check,vplc_status_cycle_duration_not_validated_as_Tper,0.054,100,работает
RUN_20260509_VPLC_L0_IDLE_10_20_S01_R01,VPLC_L0_IDLE_10_20,SER_20260509_VPLC_L0_IDLE_10_20_S01,vPLC_container,VPLC_HOST,551,,,2026-05-09T14:32:00.082123413Z,,,,host_log,10,20,,,,,,0,0,,technical_check,vplc_status_cycle_duration_not_validated_as_Tper,0.055,100,работает
RUN_20260509_VPLC_L0_IDLE_10_20_S01_R01,VPLC_L0_IDLE_10_20,SER_20260509_VPLC_L0_IDLE_10_20_S01,vPLC_container,VPLC_HOST,552,,,2026-05-09T14:32:01.135488376Z,,,,host_log,10,20,,,,,,0,0,,technical_check,vplc_status_cycle_duration_not_validated_as_Tper,0.036,100,работает
RUN_20260509_VPLC_L0_IDLE_10_20_S01_R01,VPLC_L0_IDLE_10_20,SER_20260509_VPLC_L0_IDLE_10_20_S01,vPLC_container,VPLC_HOST,553,,,2026-05-09T14:32:02.192597477Z,,,,host_log,10,20,,,,,,0,0,,technical_check,vplc_status_cycle_duration_not_validated_as_Tper,0.055,100,работает
RUN_20260509_VPLC_L0_IDLE_10_20_S01_R01,VPLC_L0_IDLE_10_20,SER_20260509_VPLC_L0_IDLE_10_20_S01,vPLC_container,VPLC_HOST,554,,,2026-05-09T14:32:03.248807657Z,,,,host_log,10,20,,,,,,0,0,,technical_check,vplc_status_cycle_duration_not_validated_as_Tper,0.022,100,работает
RUN_20260509_VPLC_L0_IDLE_10_20_S01_R01,VPLC_L0_IDLE_10_20,SER_20260509_VPLC_L0_IDLE_10_20_S01,vPLC_container,VPLC_HOST,555,,,2026-05-09T14:32:04.303924284Z,,,,host_log,10,20,,,,,,0,0,,technical_check,vplc_status_cycle_duration_not_validated_as_Tper,0.057,100,работает
RUN_20260509_VPLC_L0_IDLE_10_20_S01_R01,VPLC_L0_IDLE_10_20,SER_20260509_VPLC_L0_IDLE_10_20_S01,vPLC_container,VPLC_HOST,556,,,2026-05-09T14:32:05.357033432Z,,,,host_log,10,20,,,,,,0,0,,technical_check,vplc_status_cycle_duration_not_validated_as_Tper,3.948,100,работает
RUN_20260509_VPLC_L0_IDLE_10_20_S01_R01,VPLC_L0_IDLE_10_20,SER_20260509_VPLC_L0_IDLE_10_20_S01,vPLC_container,VPLC_HOST,557,,,2026-05-09T14:32:06.414065507Z,,,,host_log,10,20,,,,,,0,0,,technical_check,vplc_status_cycle_duration_not_validated_as_Tper,4.158,100,работает
RUN_20260509_VPLC_L0_IDLE_10_20_S01_R01,VPLC_L0_IDLE_10_20,SER_20260509_VPLC_L0_IDLE_10_20_S01,vPLC_container,VPLC_HOST,558,,,2026-05-09T14:32:07.467517028Z,,,,host_log,10,20,,,,,,0,0,,technical_check,vplc_status_cycle_duration_not_validated_as_Tper,0.056,100,работает
RUN_20260509_VPLC_L0_IDLE_10_20_S01_R01,VPLC_L0_IDLE_10_20,SER_20260509_VPLC_L0_IDLE_10_20_S01,vPLC_container,VPLC_HOST,559,,,2026-05-09T14:32:08.523090621Z,,,,host_log,10,20,,,,,,0,0,,technical_check,vplc_status_cycle_duration_not_validated_as_Tper,0.056,100,работает
RUN_20260509_VPLC_L0_IDLE_10_20_S01_R01,VPLC_L0_IDLE_10_20,SER_20260509_VPLC_L0_IDLE_10_20_S01,vPLC_container,VPLC_HOST,560,,,2026-05-09T14:32:09.580021102Z,,,,host_log,10,20,,,,,,0,0,,technical_check,vplc_status_cycle_duration_not_validated_as_Tper,0.057,100,работает
RUN_20260509_VPLC_L0_IDLE_10_20_S01_R01,VPLC_L0_IDLE_10_20,SER_20260509_VPLC_L0_IDLE_10_20_S01,vPLC_container,VPLC_HOST,561,,,2026-05-09T14:32:10.633531211Z,,,,host_log,10,20,,,,,,0,0,,technical_check,vplc_status_cycle_duration_not_validated_as_Tper,0.036,100,работает
RUN_20260509_VPLC_L0_IDLE_10_20_S01_R01,VPLC_L0_IDLE_10_20,SER_20260509_VPLC_L0_IDLE_10_20_S01,vPLC_container,VPLC_HOST,562,,,2026-05-09T14:32:11.688840049Z,,,,host_log,10,20,,,,,,0,0,,technical_check,vplc_status_cycle_duration_not_validated_as_Tper,0.057,100,работает
RUN_20260509_VPLC_L0_IDLE_10_20_S01_R01,VPLC_L0_IDLE_10_20,SER_20260509_VPLC_L0_IDLE_10_20_S01,vPLC_container,VPLC_HOST,563,,,2026-05-09T14:32:12.744388160Z,,,,host_log,10,20,,,,,,0,0,,technical_check,vplc_status_cycle_duration_not_validated_as_Tper,0.035,100,работает
RUN_20260509_VPLC_L0_IDLE_10_20_S01_R01,VPLC_L0_IDLE_10_20,SER_20260509_VPLC_L0_IDLE_10_20_S01,vPLC_container,VPLC_HOST,564,,,2026-05-09T14:32:13.799252867Z,,,,host_log,10,20,,,,,,0,0,,technical_check,vplc_status_cycle_duration_not_validated_as_Tper,0.057,100,работает
RUN_20260509_VPLC_L0_IDLE_10_20_S01_R01,VPLC_L0_IDLE_10_20,SER_20260509_VPLC_L0_IDLE_10_20_S01,vPLC_container,VPLC_HOST,565,,,2026-05-09T14:32:14.856617292Z,,,,host_log,10,20,,,,,,0,0,,technical_check,vplc_status_cycle_duration_not_validated_as_Tper,0.035,100,работает
RUN_20260509_VPLC_L0_IDLE_10_20_S01_R01,VPLC_L0_IDLE_10_20,SER_20260509_VPLC_L0_IDLE_10_20_S01,vPLC_container,VPLC_HOST,566,,,2026-05-09T14:32:15.910249463Z,,,,host_log,10,20,,,,,,0,0,,technical_check,vplc_status_cycle_duration_not_validated_as_Tper,0.056,100,работает
RUN_20260509_VPLC_L0_IDLE_10_20_S01_R01,VPLC_L0_IDLE_10_20,SER_20260509_VPLC_L0_IDLE_10_20_S01,vPLC_container,VPLC_HOST,567,,,2026-05-09T14:32:16.968433283Z,,,,host_log,10,20,,,,,,0,0,,technical_check,vplc_status_cycle_duration_not_validated_as_Tper,0.055,100,работает
RUN_20260509_VPLC_L0_IDLE_10_20_S01_R01,VPLC_L0_IDLE_10_20,SER_20260509_VPLC_L0_IDLE_10_20_S01,vPLC_container,VPLC_HOST,568,,,2026-05-09T14:32:18.020579762Z,,,,host_log,10,20,,,,,,0,0,,technical_check,vplc_status_cycle_duration_not_validated_as_Tper,0.057,100,работает
RUN_20260509_VPLC_L0_IDLE_10_20_S01_R01,VPLC_L0_IDLE_10_20,SER_20260509_VPLC_L0_IDLE_10_20_S01,vPLC_container,VPLC_HOST,569,,,2026-05-09T14:32:19.079124370Z,,,,host_log,10,20,,,,,,0,0,,technical_check,vplc_status_cycle_duration_not_validated_as_Tper,0.056,100,работает
RUN_20260509_VPLC_L0_IDLE_10_20_S01_R01,VPLC_L0_IDLE_10_20,SER_20260509_VPLC_L0_IDLE_10_20_S01,vPLC_container,VPLC_HOST,570,,,2026-05-09T14:32:20.131575024Z,,,,host_log,10,20,,,,,,0,0,,technical_check,vplc_status_cycle_duration_not_validated_as_Tper,0.036,100,работает
RUN_20260509_VPLC_L0_IDLE_10_20_S01_R01,VPLC_L0_IDLE_10_20,SER_20260509_VPLC_L0_IDLE_10_20_S01,vPLC_container,VPLC_HOST,571,,,2026-05-09T14:32:21.187122979Z,,,,host_log,10,20,,,,,,0,0,,technical_check,vplc_status_cycle_duration_not_validated_as_Tper,0.057,100,работает
RUN_20260509_VPLC_L0_IDLE_10_20_S01_R01,VPLC_L0_IDLE_10_20,SER_20260509_VPLC_L0_IDLE_10_20_S01,vPLC_container,VPLC_HOST,572,,,2026-05-09T14:32:22.241661870Z,,,,host_log,10,20,,,,,,0,0,,technical_check,vplc_status_cycle_duration_not_validated_as_Tper,0.036,100,работает
RUN_20260509_VPLC_L0_IDLE_10_20_S01_R01,VPLC_L0_IDLE_10_20,SER_20260509_VPLC_L0_IDLE_10_20_S01,vPLC_container,VPLC_HOST,573,,,2026-05-09T14:32:23.299977265Z,,,,host_log,10,20,,,,,,0,0,,technical_check,vplc_status_cycle_duration_not_validated_as_Tper,0.056,100,работает
RUN_20260509_VPLC_L0_IDLE_10_20_S01_R01,VPLC_L0_IDLE_10_20,SER_20260509_VPLC_L0_IDLE_10_20_S01,vPLC_container,VPLC_HOST,574,,,2026-05-09T14:32:24.354979801Z,,,,host_log,10,20,,,,,,0,0,,technical_check,vplc_status_cycle_duration_not_validated_as_Tper,3.727,100,работает
RUN_20260509_VPLC_L0_IDLE_10_20_S01_R01,VPLC_L0_IDLE_10_20,SER_20260509_VPLC_L0_IDLE_10_20_S01,vPLC_container,VPLC_HOST,575,,,2026-05-09T14:32:25.410399309Z,,,,host_log,10,20,,,,,,0,0,,technical_check,vplc_status_cycle_duration_not_validated_as_Tper,4.376,100,работает
RUN_20260509_VPLC_L0_IDLE_10_20_S01_R01,VPLC_L0_IDLE_10_20,SER_20260509_VPLC_L0_IDLE_10_20_S01,vPLC_container,VPLC_HOST,576,,,2026-05-09T14:32:26.465636790Z,,,,host_log,10,20,,,,,,0,0,,technical_check,vplc_status_cycle_duration_not_validated_as_Tper,0.056,100,работает
RUN_20260509_VPLC_L0_IDLE_10_20_S01_R01,VPLC_L0_IDLE_10_20,SER_20260509_VPLC_L0_IDLE_10_20_S01,vPLC_container,VPLC_HOST,577,,,2026-05-09T14:32:27.521401895Z,,,,host_log,10,20,,,,,,0,0,,technical_check,vplc_status_cycle_duration_not_validated_as_Tper,0.056,100,работает
RUN_20260509_VPLC_L0_IDLE_10_20_S01_R01,VPLC_L0_IDLE_10_20,SER_20260509_VPLC_L0_IDLE_10_20_S01,vPLC_container,VPLC_HOST,578,,,2026-05-09T14:32:28.576195657Z,,,,host_log,10,20,,,,,,0,0,,technical_check,vplc_status_cycle_duration_not_validated_as_Tper,0.056,100,работает
RUN_20260509_VPLC_L0_IDLE_10_20_S01_R01,VPLC_L0_IDLE_10_20,SER_20260509_VPLC_L0_IDLE_10_20_S01,vPLC_container,VPLC_HOST,579,,,2026-05-09T14:32:29.629541053Z,,,,host_log,10,20,,,,,,0,0,,technical_check,vplc_status_cycle_duration_not_validated_as_Tper,0.035,100,работает
RUN_20260509_VPLC_L0_IDLE_10_20_S01_R01,VPLC_L0_IDLE_10_20,SER_20260509_VPLC_L0_IDLE_10_20_S01,vPLC_container,VPLC_HOST,580,,,2026-05-09T14:32:30.687685847Z,,,,host_log,10,20,,,,,,0,0,,technical_check,vplc_status_cycle_duration_not_validated_as_Tper,0.058,100,работает
RUN_20260509_VPLC_L0_IDLE_10_20_S01_R01,VPLC_L0_IDLE_10_20,SER_20260509_VPLC_L0_IDLE_10_20_S01,vPLC_container,VPLC_HOST,581,,,2026-05-09T14:32:31.742719209Z,,,,host_log,10,20,,,,,,0,0,,technical_check,vplc_status_cycle_duration_not_validated_as_Tper,0.035,100,работает
RUN_20260509_VPLC_L0_IDLE_10_20_S01_R01,VPLC_L0_IDLE_10_20,SER_20260509_VPLC_L0_IDLE_10_20_S01,vPLC_container,VPLC_HOST,582,,,2026-05-09T14:32:32.795829617Z,,,,host_log,10,20,,,,,,0,0,,technical_check,vplc_status_cycle_duration_not_validated_as_Tper,0.055,100,работает
RUN_20260509_VPLC_L0_IDLE_10_20_S01_R01,VPLC_L0_IDLE_10_20,SER_20260509_VPLC_L0_IDLE_10_20_S01,vPLC_container,VPLC_HOST,583,,,2026-05-09T14:32:33.853607239Z,,,,host_log,10,20,,,,,,0,0,,technical_check,vplc_status_cycle_duration_not_validated_as_Tper,0.028,100,работает
RUN_20260509_VPLC_L0_IDLE_10_20_S01_R01,VPLC_L0_IDLE_10_20,SER_20260509_VPLC_L0_IDLE_10_20_S01,vPLC_container,VPLC_HOST,584,,,2026-05-09T14:32:34.906202923Z,,,,host_log,10,20,,,,,,0,0,,technical_check,vplc_status_cycle_duration_not_validated_as_Tper,0.057,100,работает
RUN_20260509_VPLC_L0_IDLE_10_20_S01_R01,VPLC_L0_IDLE_10_20,SER_20260509_VPLC_L0_IDLE_10_20_S01,vPLC_container,VPLC_HOST,585,,,2026-05-09T14:32:35.960630330Z,,,,host_log,10,20,,,,,,0,0,,technical_check,vplc_status_cycle_duration_not_validated_as_Tper,0.058,100,работает
RUN_20260509_VPLC_L0_IDLE_10_20_S01_R01,VPLC_L0_IDLE_10_20,SER_20260509_VPLC_L0_IDLE_10_20_S01,vPLC_container,VPLC_HOST,586,,,2026-05-09T14:32:37.015531811Z,,,,host_log,10,20,,,,,,0,0,,technical_check,vplc_status_cycle_duration_not_validated_as_Tper,0.056,100,работает
RUN_20260509_VPLC_L0_IDLE_10_20_S01_R01,VPLC_L0_IDLE_10_20,SER_20260509_VPLC_L0_IDLE_10_20_S01,vPLC_container,VPLC_HOST,587,,,2026-05-09T14:32:38.074092640Z,,,,host_log,10,20,,,,,,0,0,,technical_check,vplc_status_cycle_duration_not_validated_as_Tper,0.056,100,работает
RUN_20260509_VPLC_L0_IDLE_10_20_S01_R01,VPLC_L0_IDLE_10_20,SER_20260509_VPLC_L0_IDLE_10_20_S01,vPLC_container,VPLC_HOST,588,,,2026-05-09T14:32:39.126320532Z,,,,host_log,10,20,,,,,,0,0,,technical_check,vplc_status_cycle_duration_not_validated_as_Tper,0.055,100,работает
RUN_20260509_VPLC_L0_IDLE_10_20_S01_R01,VPLC_L0_IDLE_10_20,SER_20260509_VPLC_L0_IDLE_10_20_S01,vPLC_container,VPLC_HOST,589,,,2026-05-09T14:32:40.185657206Z,,,,host_log,10,20,,,,,,0,0,,technical_check,vplc_status_cycle_duration_not_validated_as_Tper,0.056,100,работает
RUN_20260509_VPLC_L0_IDLE_10_20_S01_R01,VPLC_L0_IDLE_10_20,SER_20260509_VPLC_L0_IDLE_10_20_S01,vPLC_container,VPLC_HOST,590,,,2026-05-09T14:32:41.236585891Z,,,,host_log,10,20,,,,,,0,0,,technical_check,vplc_status_cycle_duration_not_validated_as_Tper,0.036,100,работает
RUN_20260509_VPLC_L0_IDLE_10_20_S01_R01,VPLC_L0_IDLE_10_20,SER_20260509_VPLC_L0_IDLE_10_20_S01,vPLC_container,VPLC_HOST,591,,,2026-05-09T14:32:42.297132401Z,,,,host_log,10,20,,,,,,0,0,,technical_check,vplc_status_cycle_duration_not_validated_as_Tper,0.056,100,работает
RUN_20260509_VPLC_L0_IDLE_10_20_S01_R01,VPLC_L0_IDLE_10_20,SER_20260509_VPLC_L0_IDLE_10_20_S01,vPLC_container,VPLC_HOST,592,,,2026-05-09T14:32:43.351029458Z,,,,host_log,10,20,,,,,,0,0,,technical_check,vplc_status_cycle_duration_not_validated_as_Tper,3.575,100,работает
RUN_20260509_VPLC_L0_IDLE_10_20_S01_R01,VPLC_L0_IDLE_10_20,SER_20260509_VPLC_L0_IDLE_10_20_S01,vPLC_container,VPLC_HOST,593,,,2026-05-09T14:32:44.403204297Z,,,,host_log,10,20,,,,,,0,0,,technical_check,vplc_status_cycle_duration_not_validated_as_Tper,4.355,100,работает
RUN_20260509_VPLC_L0_IDLE_10_20_S01_R01,VPLC_L0_IDLE_10_20,SER_20260509_VPLC_L0_IDLE_10_20_S01,vPLC_container,VPLC_HOST,594,,,2026-05-09T14:32:45.461125150Z,,,,host_log,10,20,,,,,,0,0,,technical_check,vplc_status_cycle_duration_not_validated_as_Tper,0.058,100,работает
RUN_20260509_VPLC_L0_IDLE_10_20_S01_R01,VPLC_L0_IDLE_10_20,SER_20260509_VPLC_L0_IDLE_10_20_S01,vPLC_container,VPLC_HOST,595,,,2026-05-09T14:32:46.514276551Z,,,,host_log,10,20,,,,,,0,0,,technical_check,vplc_status_cycle_duration_not_validated_as_Tper,0.056,100,работает
RUN_20260509_VPLC_L0_IDLE_10_20_S01_R01,VPLC_L0_IDLE_10_20,SER_20260509_VPLC_L0_IDLE_10_20_S01,vPLC_container,VPLC_HOST,596,,,2026-05-09T14:32:47.572031678Z,,,,host_log,10,20,,,,,,0,0,,technical_check,vplc_status_cycle_duration_not_validated_as_Tper,0.053,100,работает
RUN_20260509_VPLC_L0_IDLE_10_20_S01_R01,VPLC_L0_IDLE_10_20,SER_20260509_VPLC_L0_IDLE_10_20_S01,vPLC_container,VPLC_HOST,597,,,2026-05-09T14:32:48.627847386Z,,,,host_log,10,20,,,,,,0,0,,technical_check,vplc_status_cycle_duration_not_validated_as_Tper,0.055,100,работает
RUN_20260509_VPLC_L0_IDLE_10_20_S01_R01,VPLC_L0_IDLE_10_20,SER_20260509_VPLC_L0_IDLE_10_20_S01,vPLC_container,VPLC_HOST,598,,,2026-05-09T14:32:49.681528530Z,,,,host_log,10,20,,,,,,0,0,,technical_check,vplc_status_cycle_duration_not_validated_as_Tper,0.056,100,работает
RUN_20260509_VPLC_L0_IDLE_10_20_S01_R01,VPLC_L0_IDLE_10_20,SER_20260509_VPLC_L0_IDLE_10_20_S01,vPLC_container,VPLC_HOST,599,,,2026-05-09T14:32:50.739696014Z,,,,host_log,10,20,,,,,,0,0,,technical_check,vplc_status_cycle_duration_not_validated_as_Tper,0.035,100,работает
RUN_20260509_VPLC_L0_IDLE_10_20_S01_R01,VPLC_L0_IDLE_10_20,SER_20260509_VPLC_L0_IDLE_10_20_S01,vPLC_container,VPLC_HOST,600,,,2026-05-09T14:32:51.794831102Z,,,,host_log,10,20,,,,,,0,0,,technical_check,vplc_status_cycle_duration_not_validated_as_Tper,0.057,100,работает
RUN_20260509_VPLC_L0_IDLE_10_20_S01_R01,VPLC_L0_IDLE_10_20,SER_20260509_VPLC_L0_IDLE_10_20_S01,vPLC_container,VPLC_HOST,601,,,2026-05-09T14:32:52.849935549Z,,,,host_log,10,20,,,,,,0,0,,technical_check,vplc_status_cycle_duration_not_validated_as_Tper,0.021,100,работает
RUN_20260509_VPLC_L0_IDLE_10_20_S01_R01,VPLC_L0_IDLE_10_20,SER_20260509_VPLC_L0_IDLE_10_20_S01,vPLC_container,VPLC_HOST,602,,,2026-05-09T14:32:53.902698695Z,,,,host_log,10,20,,,,,,0,0,,technical_check,vplc_status_cycle_duration_not_validated_as_Tper,0.054,100,работает
RUN_20260509_VPLC_L0_IDLE_10_20_S01_R01,VPLC_L0_IDLE_10_20,SER_20260509_VPLC_L0_IDLE_10_20_S01,vPLC_container,VPLC_HOST,603,,,2026-05-09T14:32:54.958581080Z,,,,host_log,10,20,,,,,,0,0,,technical_check,vplc_status_cycle_duration_not_validated_as_Tper,0.040,100,работает
RUN_20260509_VPLC_L0_IDLE_10_20_S01_R01,VPLC_L0_IDLE_10_20,SER_20260509_VPLC_L0_IDLE_10_20_S01,vPLC_container,VPLC_HOST,604,,,2026-05-09T14:32:56.016382629Z,,,,host_log,10,20,,,,,,0,0,,technical_check,vplc_status_cycle_duration_not_validated_as_Tper,0.056,100,работает
RUN_20260509_VPLC_L0_IDLE_10_20_S01_R01,VPLC_L0_IDLE_10_20,SER_20260509_VPLC_L0_IDLE_10_20_S01,vPLC_container,VPLC_HOST,605,,,2026-05-09T14:32:57.067471035Z,,,,host_log,10,20,,,,,,0,0,,technical_check,vplc_status_cycle_duration_not_validated_as_Tper,0.056,100,работает
RUN_20260509_VPLC_L0_IDLE_10_20_S01_R01,VPLC_L0_IDLE_10_20,SER_20260509_VPLC_L0_IDLE_10_20_S01,vPLC_container,VPLC_HOST,606,,,2026-05-09T14:32:58.124508524Z,,,,host_log,10,20,,,,,,0,0,,technical_check,vplc_status_cycle_duration_not_validated_as_Tper,0.036,100,работает
RUN_20260509_VPLC_L0_IDLE_10_20_S01_R01,VPLC_L0_IDLE_10_20,SER_20260509_VPLC_L0_IDLE_10_20_S01,vPLC_container,VPLC_HOST,607,,,2026-05-09T14:32:59.182220735Z,,,,host_log,10,20,,,,,,0,0,,technical_check,vplc_status_cycle_duration_not_validated_as_Tper,0.055,100,работает
RUN_20260509_VPLC_L0_IDLE_10_20_S01_R01,VPLC_L0_IDLE_10_20,SER_20260509_VPLC_L0_IDLE_10_20_S01,vPLC_container,VPLC_HOST,608,,,2026-05-09T14:33:00.237780177Z,,,,host_log,10,20,,,,,,0,0,,technical_check,vplc_status_cycle_duration_not_validated_as_Tper,0.035,100,работает
RUN_20260509_VPLC_L0_IDLE_10_20_S01_R01,VPLC_L0_IDLE_10_20,SER_20260509_VPLC_L0_IDLE_10_20_S01,vPLC_container,VPLC_HOST,609,,,2026-05-09T14:33:01.291886726Z,,,,host_log,10,20,,,,,,0,0,,technical_check,vplc_status_cycle_duration_not_validated_as_Tper,0.056,100,работает
RUN_20260509_VPLC_L0_IDLE_10_20_S01_R01,VPLC_L0_IDLE_10_20,SER_20260509_VPLC_L0_IDLE_10_20_S01,vPLC_container,VPLC_HOST,610,,,2026-05-09T14:33:02.347943166Z,,,,host_log,10,20,,,,,,0,0,,technical_check,vplc_status_cycle_duration_not_validated_as_Tper,3.777,100,работает
RUN_20260509_VPLC_L0_IDLE_10_20_S01_R01,VPLC_L0_IDLE_10_20,SER_20260509_VPLC_L0_IDLE_10_20_S01,vPLC_container,VPLC_HOST,611,,,2026-05-09T14:33:03.403278851Z,,,,host_log,10,20,,,,,,0,0,,technical_check,vplc_status_cycle_duration_not_validated_as_Tper,4.345,100,работает
RUN_20260509_VPLC_L0_IDLE_10_20_S01_R01,VPLC_L0_IDLE_10_20,SER_20260509_VPLC_L0_IDLE_10_20_S01,vPLC_container,VPLC_HOST,612,,,2026-05-09T14:33:04.459555882Z,,,,host_log,10,20,,,,,,0,0,,technical_check,vplc_status_cycle_duration_not_validated_as_Tper,0.047,100,работает
RUN_20260509_VPLC_L0_IDLE_10_20_S01_R01,VPLC_L0_IDLE_10_20,SER_20260509_VPLC_L0_IDLE_10_20_S01,vPLC_container,VPLC_HOST,613,,,2026-05-09T14:33:05.514804417Z,,,,host_log,10,20,,,,,,0,0,,technical_check,vplc_status_cycle_duration_not_validated_as_Tper,0.057,100,работает
RUN_20260509_VPLC_L0_IDLE_10_20_S01_R01,VPLC_L0_IDLE_10_20,SER_20260509_VPLC_L0_IDLE_10_20_S01,vPLC_container,VPLC_HOST,614,,,2026-05-09T14:33:06.569478101Z,,,,host_log,10,20,,,,,,0,0,,technical_check,vplc_status_cycle_duration_not_validated_as_Tper,0.057,100,работает
RUN_20260509_VPLC_L0_IDLE_10_20_S01_R01,VPLC_L0_IDLE_10_20,SER_20260509_VPLC_L0_IDLE_10_20_S01,vPLC_container,VPLC_HOST,615,,,2026-05-09T14:33:07.620187292Z,,,,host_log,10,20,,,,,,0,0,,technical_check,vplc_status_cycle_duration_not_validated_as_Tper,0.055,100,работает
RUN_20260509_VPLC_L0_IDLE_10_20_S01_R01,VPLC_L0_IDLE_10_20,SER_20260509_VPLC_L0_IDLE_10_20_S01,vPLC_container,VPLC_HOST,616,,,2026-05-09T14:33:08.680459214Z,,,,host_log,10,20,,,,,,0,0,,technical_check,vplc_status_cycle_duration_not_validated_as_Tper,0.056,100,работает
RUN_20260509_VPLC_L0_IDLE_10_20_S01_R01,VPLC_L0_IDLE_10_20,SER_20260509_VPLC_L0_IDLE_10_20_S01,vPLC_container,VPLC_HOST,617,,,2026-05-09T14:33:09.734513891Z,,,,host_log,10,20,,,,,,0,0,,technical_check,vplc_status_cycle_duration_not_validated_as_Tper,0.036,100,работает
RUN_20260509_VPLC_L0_IDLE_10_20_S01_R01,VPLC_L0_IDLE_10_20,SER_20260509_VPLC_L0_IDLE_10_20_S01,vPLC_container,VPLC_HOST,618,,,2026-05-09T14:33:10.789454388Z,,,,host_log,10,20,,,,,,0,0,,technical_check,vplc_status_cycle_duration_not_validated_as_Tper,0.057,100,работает
RUN_20260509_VPLC_L0_IDLE_10_20_S01_R01,VPLC_L0_IDLE_10_20,SER_20260509_VPLC_L0_IDLE_10_20_S01,vPLC_container,VPLC_HOST,619,,,2026-05-09T14:33:11.845802767Z,,,,host_log,10,20,,,,,,0,0,,technical_check,vplc_status_cycle_duration_not_validated_as_Tper,0.030,100,работает
RUN_20260509_VPLC_L0_IDLE_10_20_S01_R01,VPLC_L0_IDLE_10_20,SER_20260509_VPLC_L0_IDLE_10_20_S01,vPLC_container,VPLC_HOST,620,,,2026-05-09T14:33:12.898854903Z,,,,host_log,10,20,,,,,,0,0,,technical_check,vplc_status_cycle_duration_not_validated_as_Tper,0.056,100,работает
RUN_20260509_VPLC_L0_IDLE_10_20_S01_R01,VPLC_L0_IDLE_10_20,SER_20260509_VPLC_L0_IDLE_10_20_S01,vPLC_container,VPLC_HOST,621,,,2026-05-09T14:33:13.956348345Z,,,,host_log,10,20,,,,,,0,0,,technical_check,vplc_status_cycle_duration_not_validated_as_Tper,0.034,100,работает
RUN_20260509_VPLC_L0_IDLE_10_20_S01_R01,VPLC_L0_IDLE_10_20,SER_20260509_VPLC_L0_IDLE_10_20_S01,vPLC_container,VPLC_HOST,622,,,2026-05-09T14:33:15.012316327Z,,,,host_log,10,20,,,,,,0,0,,technical_check,vplc_status_cycle_duration_not_validated_as_Tper,0.057,100,работает
RUN_20260509_VPLC_L0_IDLE_10_20_S01_R01,VPLC_L0_IDLE_10_20,SER_20260509_VPLC_L0_IDLE_10_20_S01,vPLC_container,VPLC_HOST,623,,,2026-05-09T14:33:16.065520884Z,,,,host_log,10,20,,,,,,0,0,,technical_check,vplc_status_cycle_duration_not_validated_as_Tper,0.057,100,работает
RUN_20260509_VPLC_L0_IDLE_10_20_S01_R01,VPLC_L0_IDLE_10_20,SER_20260509_VPLC_L0_IDLE_10_20_S01,vPLC_container,VPLC_HOST,624,,,2026-05-09T14:33:17.118852677Z,,,,host_log,10,20,,,,,,0,0,,technical_check,vplc_status_cycle_duration_not_validated_as_Tper,0.054,100,работает
RUN_20260509_VPLC_L0_IDLE_10_20_S01_R01,VPLC_L0_IDLE_10_20,SER_20260509_VPLC_L0_IDLE_10_20_S01,vPLC_container,VPLC_HOST,625,,,2026-05-09T14:33:18.177340925Z,,,,host_log,10,20,,,,,,0,0,,technical_check,vplc_status_cycle_duration_not_validated_as_Tper,0.056,100,работает
RUN_20260509_VPLC_L0_IDLE_10_20_S01_R01,VPLC_L0_IDLE_10_20,SER_20260509_VPLC_L0_IDLE_10_20_S01,vPLC_container,VPLC_HOST,626,,,2026-05-09T14:33:19.226969628Z,,,,host_log,10,20,,,,,,0,0,,technical_check,vplc_status_cycle_duration_not_validated_as_Tper,0.035,100,работает
RUN_20260509_VPLC_L0_IDLE_10_20_S01_R01,VPLC_L0_IDLE_10_20,SER_20260509_VPLC_L0_IDLE_10_20_S01,vPLC_container,VPLC_HOST,627,,,2026-05-09T14:33:20.284941826Z,,,,host_log,10,20,,,,,,0,0,,technical_check,vplc_status_cycle_duration_not_validated_as_Tper,0.056,100,работает
RUN_20260509_VPLC_L0_IDLE_10_20_S01_R01,VPLC_L0_IDLE_10_20,SER_20260509_VPLC_L0_IDLE_10_20_S01,vPLC_container,VPLC_HOST,628,,,2026-05-09T14:33:21.343731669Z,,,,host_log,10,20,,,,,,0,0,,technical_check,vplc_status_cycle_duration_not_validated_as_Tper,4.023,100,работает
RUN_20260509_VPLC_L0_IDLE_10_20_S01_R01,VPLC_L0_IDLE_10_20,SER_20260509_VPLC_L0_IDLE_10_20_S01,vPLC_container,VPLC_HOST,629,,,2026-05-09T14:33:22.394950562Z,,,,host_log,10,20,,,,,,0,0,,technical_check,vplc_status_cycle_duration_not_validated_as_Tper,4.354,100,работает
RUN_20260509_VPLC_L0_IDLE_10_20_S01_R01,VPLC_L0_IDLE_10_20,SER_20260509_VPLC_L0_IDLE_10_20_S01,vPLC_container,VPLC_HOST,630,,,2026-05-09T14:33:23.451553233Z,,,,host_log,10,20,,,,,,0,0,,technical_check,vplc_status_cycle_duration_not_validated_as_Tper,0.021,100,работает
RUN_20260509_VPLC_L0_IDLE_10_20_S01_R01,VPLC_L0_IDLE_10_20,SER_20260509_VPLC_L0_IDLE_10_20_S01,vPLC_container,VPLC_HOST,631,,,2026-05-09T14:33:24.508602017Z,,,,host_log,10,20,,,,,,0,0,,technical_check,vplc_status_cycle_duration_not_validated_as_Tper,0.057,100,работает
RUN_20260509_VPLC_L0_IDLE_10_20_S01_R01,VPLC_L0_IDLE_10_20,SER_20260509_VPLC_L0_IDLE_10_20_S01,vPLC_container,VPLC_HOST,632,,,2026-05-09T14:33:25.563996717Z,,,,host_log,10,20,,,,,,0,0,,technical_check,vplc_status_cycle_duration_not_validated_as_Tper,0.057,100,работает
RUN_20260509_VPLC_L0_IDLE_10_20_S01_R01,VPLC_L0_IDLE_10_20,SER_20260509_VPLC_L0_IDLE_10_20_S01,vPLC_container,VPLC_HOST,633,,,2026-05-09T14:33:26.617820754Z,,,,host_log,10,20,,,,,,0,0,,technical_check,vplc_status_cycle_duration_not_validated_as_Tper,0.054,100,работает
RUN_20260509_VPLC_L0_IDLE_10_20_S01_R01,VPLC_L0_IDLE_10_20,SER_20260509_VPLC_L0_IDLE_10_20_S01,vPLC_container,VPLC_HOST,634,,,2026-05-09T14:33:27.675446514Z,,,,host_log,10,20,,,,,,0,0,,technical_check,vplc_status_cycle_duration_not_validated_as_Tper,0.056,100,работает
RUN_20260509_VPLC_L0_IDLE_10_20_S01_R01,VPLC_L0_IDLE_10_20,SER_20260509_VPLC_L0_IDLE_10_20_S01,vPLC_container,VPLC_HOST,635,,,2026-05-09T14:33:28.728784850Z,,,,host_log,10,20,,,,,,0,0,,technical_check,vplc_status_cycle_duration_not_validated_as_Tper,0.036,100,работает
RUN_20260509_VPLC_L0_IDLE_10_20_S01_R01,VPLC_L0_IDLE_10_20,SER_20260509_VPLC_L0_IDLE_10_20_S01,vPLC_container,VPLC_HOST,636,,,2026-05-09T14:33:29.782506276Z,,,,host_log,10,20,,,,,,0,0,,technical_check,vplc_status_cycle_duration_not_validated_as_Tper,0.057,100,работает
RUN_20260509_VPLC_L0_IDLE_10_20_S01_R01,VPLC_L0_IDLE_10_20,SER_20260509_VPLC_L0_IDLE_10_20_S01,vPLC_container,VPLC_HOST,637,,,2026-05-09T14:33:30.836564656Z,,,,host_log,10,20,,,,,,0,0,,technical_check,vplc_status_cycle_duration_not_validated_as_Tper,0.036,100,работает
RUN_20260509_VPLC_L0_IDLE_10_20_S01_R01,VPLC_L0_IDLE_10_20,SER_20260509_VPLC_L0_IDLE_10_20_S01,vPLC_container,VPLC_HOST,638,,,2026-05-09T14:33:31.890504030Z,,,,host_log,10,20,,,,,,0,0,,technical_check,vplc_status_cycle_duration_not_validated_as_Tper,0.056,100,работает
RUN_20260509_VPLC_L0_IDLE_10_20_S01_R01,VPLC_L0_IDLE_10_20,SER_20260509_VPLC_L0_IDLE_10_20_S01,vPLC_container,VPLC_HOST,639,,,2026-05-09T14:33:32.944451861Z,,,,host_log,10,20,,,,,,0,0,,technical_check,vplc_status_cycle_duration_not_validated_as_Tper,0.035,100,работает
RUN_20260509_VPLC_L0_IDLE_10_20_S01_R01,VPLC_L0_IDLE_10_20,SER_20260509_VPLC_L0_IDLE_10_20_S01,vPLC_container,VPLC_HOST,640,,,2026-05-09T14:33:34.001705626Z,,,,host_log,10,20,,,,,,0,0,,technical_check,vplc_status_cycle_duration_not_validated_as_Tper,0.055,100,работает
RUN_20260509_VPLC_L0_IDLE_10_20_S01_R01,VPLC_L0_IDLE_10_20,SER_20260509_VPLC_L0_IDLE_10_20_S01,vPLC_container,VPLC_HOST,641,,,2026-05-09T14:33:35.056324093Z,,,,host_log,10,20,,,,,,0,0,,technical_check,vplc_status_cycle_duration_not_validated_as_Tper,0.036,100,работает
RUN_20260509_VPLC_L0_IDLE_10_20_S01_R01,VPLC_L0_IDLE_10_20,SER_20260509_VPLC_L0_IDLE_10_20_S01,vPLC_container,VPLC_HOST,642,,,2026-05-09T14:33:36.112748456Z,,,,host_log,10,20,,,,,,0,0,,technical_check,vplc_status_cycle_duration_not_validated_as_Tper,0.058,100,работает
RUN_20260509_VPLC_L0_IDLE_10_20_S01_R01,VPLC_L0_IDLE_10_20,SER_20260509_VPLC_L0_IDLE_10_20_S01,vPLC_container,VPLC_HOST,643,,,2026-05-09T14:33:37.168707787Z,,,,host_log,10,20,,,,,,0,0,,technical_check,vplc_status_cycle_duration_not_validated_as_Tper,0.057,100,работает
RUN_20260509_VPLC_L0_IDLE_10_20_S01_R01,VPLC_L0_IDLE_10_20,SER_20260509_VPLC_L0_IDLE_10_20_S01,vPLC_container,VPLC_HOST,644,,,2026-05-09T14:33:38.224546167Z,,,,host_log,10,20,,,,,,0,0,,technical_check,vplc_status_cycle_duration_not_validated_as_Tper,0.036,100,работает
RUN_20260509_VPLC_L0_IDLE_10_20_S01_R01,VPLC_L0_IDLE_10_20,SER_20260509_VPLC_L0_IDLE_10_20_S01,vPLC_container,VPLC_HOST,645,,,2026-05-09T14:33:39.277872153Z,,,,host_log,10,20,,,,,,0,0,,technical_check,vplc_status_cycle_duration_not_validated_as_Tper,0.057,100,работает
RUN_20260509_VPLC_L0_IDLE_10_20_S01_R01,VPLC_L0_IDLE_10_20,SER_20260509_VPLC_L0_IDLE_10_20_S01,vPLC_container,VPLC_HOST,646,,,2026-05-09T14:33:40.334157919Z,,,,host_log,10,20,,,,,,0,0,,technical_check,vplc_status_cycle_duration_not_validated_as_Tper,4.036,100,работает
RUN_20260509_VPLC_L0_IDLE_10_20_S01_R01,VPLC_L0_IDLE_10_20,SER_20260509_VPLC_L0_IDLE_10_20_S01,vPLC_container,VPLC_HOST,647,,,2026-05-09T14:33:41.388824268Z,,,,host_log,10,20,,,,,,0,0,,technical_check,vplc_status_cycle_duration_not_validated_as_Tper,4.380,100,работает
RUN_20260509_VPLC_L0_IDLE_10_20_S01_R01,VPLC_L0_IDLE_10_20,SER_20260509_VPLC_L0_IDLE_10_20_S01,vPLC_container,VPLC_HOST,648,,,2026-05-09T14:33:42.445713712Z,,,,host_log,10,20,,,,,,0,0,,technical_check,vplc_status_cycle_duration_not_validated_as_Tper,0.025,100,работает
RUN_20260509_VPLC_L0_IDLE_10_20_S01_R01,VPLC_L0_IDLE_10_20,SER_20260509_VPLC_L0_IDLE_10_20_S01,vPLC_container,VPLC_HOST,649,,,2026-05-09T14:33:43.500569011Z,,,,host_log,10,20,,,,,,0,0,,technical_check,vplc_status_cycle_duration_not_validated_as_Tper,0.057,100,работает
RUN_20260509_VPLC_L0_IDLE_10_20_S01_R01,VPLC_L0_IDLE_10_20,SER_20260509_VPLC_L0_IDLE_10_20_S01,vPLC_container,VPLC_HOST,650,,,2026-05-09T14:33:44.553705872Z,,,,host_log,10,20,,,,,,0,0,,technical_check,vplc_status_cycle_duration_not_validated_as_Tper,0.027,100,работает
RUN_20260509_VPLC_L0_IDLE_10_20_S01_R01,VPLC_L0_IDLE_10_20,SER_20260509_VPLC_L0_IDLE_10_20_S01,vPLC_container,VPLC_HOST,651,,,2026-05-09T14:33:45.609841173Z,,,,host_log,10,20,,,,,,0,0,,technical_check,vplc_status_cycle_duration_not_validated_as_Tper,0.056,100,работает
RUN_20260509_VPLC_L0_IDLE_10_20_S01_R01,VPLC_L0_IDLE_10_20,SER_20260509_VPLC_L0_IDLE_10_20_S01,vPLC_container,VPLC_HOST,652,,,2026-05-09T14:33:46.665929110Z,,,,host_log,10,20,,,,,,0,0,,technical_check,vplc_status_cycle_duration_not_validated_as_Tper,0.056,100,работает
RUN_20260509_VPLC_L0_IDLE_10_20_S01_R01,VPLC_L0_IDLE_10_20,SER_20260509_VPLC_L0_IDLE_10_20_S01,vPLC_container,VPLC_HOST,653,,,2026-05-09T14:33:47.721733707Z,,,,host_log,10,20,,,,,,0,0,,technical_check,vplc_status_cycle_duration_not_validated_as_Tper,0.054,100,работает
RUN_20260509_VPLC_L0_IDLE_10_20_S01_R01,VPLC_L0_IDLE_10_20,SER_20260509_VPLC_L0_IDLE_10_20_S01,vPLC_container,VPLC_HOST,654,,,2026-05-09T14:33:48.776369257Z,,,,host_log,10,20,,,,,,0,0,,technical_check,vplc_status_cycle_duration_not_validated_as_Tper,0.056,100,работает
RUN_20260509_VPLC_L0_IDLE_10_20_S01_R01,VPLC_L0_IDLE_10_20,SER_20260509_VPLC_L0_IDLE_10_20_S01,vPLC_container,VPLC_HOST,655,,,2026-05-09T14:33:49.832354763Z,,,,host_log,10,20,,,,,,0,0,,technical_check,vplc_status_cycle_duration_not_validated_as_Tper,0.036,100,работает
RUN_20260509_VPLC_L0_IDLE_10_20_S01_R01,VPLC_L0_IDLE_10_20,SER_20260509_VPLC_L0_IDLE_10_20_S01,vPLC_container,VPLC_HOST,656,,,2026-05-09T14:33:50.887406656Z,,,,host_log,10,20,,,,,,0,0,,technical_check,vplc_status_cycle_duration_not_validated_as_Tper,0.056,100,работает
RUN_20260509_VPLC_L0_IDLE_10_20_S01_R01,VPLC_L0_IDLE_10_20,SER_20260509_VPLC_L0_IDLE_10_20_S01,vPLC_container,VPLC_HOST,657,,,2026-05-09T14:33:51.940505250Z,,,,host_log,10,20,,,,,,0,0,,technical_check,vplc_status_cycle_duration_not_validated_as_Tper,0.036,100,работает
RUN_20260509_VPLC_L0_IDLE_10_20_S01_R01,VPLC_L0_IDLE_10_20,SER_20260509_VPLC_L0_IDLE_10_20_S01,vPLC_container,VPLC_HOST,658,,,2026-05-09T14:33:52.997296252Z,,,,host_log,10,20,,,,,,0,0,,technical_check,vplc_status_cycle_duration_not_validated_as_Tper,0.057,100,работает
RUN_20260509_VPLC_L0_IDLE_10_20_S01_R01,VPLC_L0_IDLE_10_20,SER_20260509_VPLC_L0_IDLE_10_20_S01,vPLC_container,VPLC_HOST,659,,,2026-05-09T14:33:54.052302240Z,,,,host_log,10,20,,,,,,0,0,,technical_check,vplc_status_cycle_duration_not_validated_as_Tper,0.021,100,работает
RUN_20260509_VPLC_L0_IDLE_10_20_S01_R01,VPLC_L0_IDLE_10_20,SER_20260509_VPLC_L0_IDLE_10_20_S01,vPLC_container,VPLC_HOST,660,,,2026-05-09T14:33:55.106618310Z,,,,host_log,10,20,,,,,,0,0,,technical_check,vplc_status_cycle_duration_not_validated_as_Tper,0.056,100,работает
RUN_20260509_VPLC_L0_IDLE_10_20_S01_R01,VPLC_L0_IDLE_10_20,SER_20260509_VPLC_L0_IDLE_10_20_S01,vPLC_container,VPLC_HOST,661,,,2026-05-09T14:33:56.160185422Z,,,,host_log,10,20,,,,,,0,0,,technical_check,vplc_status_cycle_duration_not_validated_as_Tper,0.051,100,работает
RUN_20260509_VPLC_L0_IDLE_10_20_S01_R01,VPLC_L0_IDLE_10_20,SER_20260509_VPLC_L0_IDLE_10_20_S01,vPLC_container,VPLC_HOST,662,,,2026-05-09T14:33:57.218125487Z,,,,host_log,10,20,,,,,,0,0,,technical_check,vplc_status_cycle_duration_not_validated_as_Tper,0.057,100,работает
RUN_20260509_VPLC_L0_IDLE_10_20_S01_R01,VPLC_L0_IDLE_10_20,SER_20260509_VPLC_L0_IDLE_10_20_S01,vPLC_container,VPLC_HOST,663,,,2026-05-09T14:33:58.270751751Z,,,,host_log,10,20,,,,,,0,0,,technical_check,vplc_status_cycle_duration_not_validated_as_Tper,0.056,100,работает
RUN_20260509_VPLC_L0_IDLE_10_20_S01_R01,VPLC_L0_IDLE_10_20,SER_20260509_VPLC_L0_IDLE_10_20_S01,vPLC_container,VPLC_HOST,664,,,2026-05-09T14:33:59.330681927Z,,,,host_log,10,20,,,,,,0,0,,technical_check,vplc_status_cycle_duration_not_validated_as_Tper,4.678,100,работает
RUN_20260509_VPLC_L0_IDLE_10_20_S01_R01,VPLC_L0_IDLE_10_20,SER_20260509_VPLC_L0_IDLE_10_20_S01,vPLC_container,VPLC_HOST,665,,,2026-05-09T14:34:00.384123892Z,,,,host_log,10,20,,,,,,0,0,,technical_check,vplc_status_cycle_duration_not_validated_as_Tper,4.768,100,работает
RUN_20260509_VPLC_L0_IDLE_10_20_S01_R01,VPLC_L0_IDLE_10_20,SER_20260509_VPLC_L0_IDLE_10_20_S01,vPLC_container,VPLC_HOST,666,,,2026-05-09T14:34:01.437673492Z,,,,host_log,10,20,,,,,,0,0,,technical_check,vplc_status_cycle_duration_not_validated_as_Tper,0.037,100,работает
RUN_20260509_VPLC_L0_IDLE_10_20_S01_R01,VPLC_L0_IDLE_10_20,SER_20260509_VPLC_L0_IDLE_10_20_S01,vPLC_container,VPLC_HOST,667,,,2026-05-09T14:34:02.493584996Z,,,,host_log,10,20,,,,,,0,0,,technical_check,vplc_status_cycle_duration_not_validated_as_Tper,0.056,100,работает
RUN_20260509_VPLC_L0_IDLE_10_20_S01_R01,VPLC_L0_IDLE_10_20,SER_20260509_VPLC_L0_IDLE_10_20_S01,vPLC_container,VPLC_HOST,668,,,2026-05-09T14:34:03.550145688Z,,,,host_log,10,20,,,,,,0,0,,technical_check,vplc_status_cycle_duration_not_validated_as_Tper,0.020,100,работает
RUN_20260509_VPLC_L0_IDLE_10_20_S01_R01,VPLC_L0_IDLE_10_20,SER_20260509_VPLC_L0_IDLE_10_20_S01,vPLC_container,VPLC_HOST,669,,,2026-05-09T14:34:04.601066491Z,,,,host_log,10,20,,,,,,0,0,,technical_check,vplc_status_cycle_duration_not_validated_as_Tper,0.058,100,работает
RUN_20260509_VPLC_L0_IDLE_10_20_S01_R01,VPLC_L0_IDLE_10_20,SER_20260509_VPLC_L0_IDLE_10_20_S01,vPLC_container,VPLC_HOST,670,,,2026-05-09T14:34:05.659856018Z,,,,host_log,10,20,,,,,,0,0,,technical_check,vplc_status_cycle_duration_not_validated_as_Tper,0.048,100,работает
RUN_20260509_VPLC_L0_IDLE_10_20_S01_R01,VPLC_L0_IDLE_10_20,SER_20260509_VPLC_L0_IDLE_10_20_S01,vPLC_container,VPLC_HOST,671,,,2026-05-09T14:34:06.716528506Z,,,,host_log,10,20,,,,,,0,0,,technical_check,vplc_status_cycle_duration_not_validated_as_Tper,0.056,100,работает
RUN_20260509_VPLC_L0_IDLE_10_20_S01_R01,VPLC_L0_IDLE_10_20,SER_20260509_VPLC_L0_IDLE_10_20_S01,vPLC_container,VPLC_HOST,672,,,2026-05-09T14:34:07.772932404Z,,,,host_log,10,20,,,,,,0,0,,technical_check,vplc_status_cycle_duration_not_validated_as_Tper,0.053,100,работает
RUN_20260509_VPLC_L0_IDLE_10_20_S01_R01,VPLC_L0_IDLE_10_20,SER_20260509_VPLC_L0_IDLE_10_20_S01,vPLC_container,VPLC_HOST,673,,,2026-05-09T14:34:08.827019530Z,,,,host_log,10,20,,,,,,0,0,,technical_check,vplc_status_cycle_duration_not_validated_as_Tper,0.057,100,работает
RUN_20260509_VPLC_L0_IDLE_10_20_S01_R01,VPLC_L0_IDLE_10_20,SER_20260509_VPLC_L0_IDLE_10_20_S01,vPLC_container,VPLC_HOST,674,,,2026-05-09T14:34:09.881210198Z,,,,host_log,10,20,,,,,,0,0,,technical_check,vplc_status_cycle_duration_not_validated_as_Tper,0.056,100,работает
RUN_20260509_VPLC_L0_IDLE_10_20_S01_R01,VPLC_L0_IDLE_10_20,SER_20260509_VPLC_L0_IDLE_10_20_S01,vPLC_container,VPLC_HOST,675,,,2026-05-09T14:34:10.938418889Z,,,,host_log,10,20,,,,,,0,0,,technical_check,vplc_status_cycle_duration_not_validated_as_Tper,0.035,100,работает
RUN_20260509_VPLC_L0_IDLE_10_20_S01_R01,VPLC_L0_IDLE_10_20,SER_20260509_VPLC_L0_IDLE_10_20_S01,vPLC_container,VPLC_HOST,676,,,2026-05-09T14:34:11.992572374Z,,,,host_log,10,20,,,,,,0,0,,technical_check,vplc_status_cycle_duration_not_validated_as_Tper,0.055,100,работает
RUN_20260509_VPLC_L0_IDLE_10_20_S01_R01,VPLC_L0_IDLE_10_20,SER_20260509_VPLC_L0_IDLE_10_20_S01,vPLC_container,VPLC_HOST,677,,,2026-05-09T14:34:13.047764191Z,,,,host_log,10,20,,,,,,0,0,,technical_check,vplc_status_cycle_duration_not_validated_as_Tper,0.026,100,работает
RUN_20260509_VPLC_L0_IDLE_10_20_S01_R01,VPLC_L0_IDLE_10_20,SER_20260509_VPLC_L0_IDLE_10_20_S01,vPLC_container,VPLC_HOST,678,,,2026-05-09T14:34:14.101965332Z,,,,host_log,10,20,,,,,,0,0,,technical_check,vplc_status_cycle_duration_not_validated_as_Tper,0.055,100,работает
RUN_20260509_VPLC_L0_IDLE_10_20_S01_R01,VPLC_L0_IDLE_10_20,SER_20260509_VPLC_L0_IDLE_10_20_S01,vPLC_container,VPLC_HOST,679,,,2026-05-09T14:34:15.154892776Z,,,,host_log,10,20,,,,,,0,0,,technical_check,vplc_status_cycle_duration_not_validated_as_Tper,0.034,100,работает
RUN_20260509_VPLC_L0_IDLE_10_20_S01_R01,VPLC_L0_IDLE_10_20,SER_20260509_VPLC_L0_IDLE_10_20_S01,vPLC_container,VPLC_HOST,680,,,2026-05-09T14:34:16.213642130Z,,,,host_log,10,20,,,,,,0,0,,technical_check,vplc_status_cycle_duration_not_validated_as_Tper,0.057,100,работает
RUN_20260509_VPLC_L0_IDLE_10_20_S01_R01,VPLC_L0_IDLE_10_20,SER_20260509_VPLC_L0_IDLE_10_20_S01,vPLC_container,VPLC_HOST,681,,,2026-05-09T14:34:17.264855424Z,,,,host_log,10,20,,,,,,0,0,,technical_check,vplc_status_cycle_duration_not_validated_as_Tper,0.057,100,работает
RUN_20260509_VPLC_L0_IDLE_10_20_S01_R01,VPLC_L0_IDLE_10_20,SER_20260509_VPLC_L0_IDLE_10_20_S01,vPLC_container,VPLC_HOST,682,,,2026-05-09T14:34:18.324003222Z,,,,host_log,10,20,,,,,,0,0,,technical_check,vplc_status_cycle_duration_not_validated_as_Tper,0.056,100,работает
RUN_20260509_VPLC_L0_IDLE_10_20_S01_R01,VPLC_L0_IDLE_10_20,SER_20260509_VPLC_L0_IDLE_10_20_S01,vPLC_container,VPLC_HOST,683,,,2026-05-09T14:34:19.374978005Z,,,,host_log,10,20,,,,,,0,0,,technical_check,vplc_status_cycle_duration_not_validated_as_Tper,4.570,100,работает
RUN_20260509_VPLC_L0_IDLE_10_20_S01_R01,VPLC_L0_IDLE_10_20,SER_20260509_VPLC_L0_IDLE_10_20_S01,vPLC_container,VPLC_HOST,684,,,2026-05-09T14:34:20.430730687Z,,,,host_log,10,20,,,,,,0,0,,technical_check,vplc_status_cycle_duration_not_validated_as_Tper,0.036,100,работает
RUN_20260509_VPLC_L0_IDLE_10_20_S01_R01,VPLC_L0_IDLE_10_20,SER_20260509_VPLC_L0_IDLE_10_20_S01,vPLC_container,VPLC_HOST,685,,,2026-05-09T14:34:21.488429286Z,,,,host_log,10,20,,,,,,0,0,,technical_check,vplc_status_cycle_duration_not_validated_as_Tper,0.056,100,работает
RUN_20260509_VPLC_L0_IDLE_10_20_S01_R01,VPLC_L0_IDLE_10_20,SER_20260509_VPLC_L0_IDLE_10_20_S01,vPLC_container,VPLC_HOST,686,,,2026-05-09T14:34:22.540004962Z,,,,host_log,10,20,,,,,,0,0,,technical_check,vplc_status_cycle_duration_not_validated_as_Tper,0.035,100,работает
RUN_20260509_VPLC_L0_IDLE_10_20_S01_R01,VPLC_L0_IDLE_10_20,SER_20260509_VPLC_L0_IDLE_10_20_S01,vPLC_container,VPLC_HOST,687,,,2026-05-09T14:34:23.595574282Z,,,,host_log,10,20,,,,,,0,0,,technical_check,vplc_status_cycle_duration_not_validated_as_Tper,0.057,100,работает
RUN_20260509_VPLC_L0_IDLE_10_20_S01_R01,VPLC_L0_IDLE_10_20,SER_20260509_VPLC_L0_IDLE_10_20_S01,vPLC_container,VPLC_HOST,688,,,2026-05-09T14:34:24.651353537Z,,,,host_log,10,20,,,,,,0,0,,technical_check,vplc_status_cycle_duration_not_validated_as_Tper,0.020,100,работает
RUN_20260509_VPLC_L0_IDLE_10_20_S01_R01,VPLC_L0_IDLE_10_20,SER_20260509_VPLC_L0_IDLE_10_20_S01,vPLC_container,VPLC_HOST,689,,,2026-05-09T14:34:25.709163379Z,,,,host_log,10,20,,,,,,0,0,,technical_check,vplc_status_cycle_duration_not_validated_as_Tper,0.054,100,работает
RUN_20260509_VPLC_L0_IDLE_10_20_S01_R01,VPLC_L0_IDLE_10_20,SER_20260509_VPLC_L0_IDLE_10_20_S01,vPLC_container,VPLC_HOST,690,,,2026-05-09T14:34:26.764248284Z,,,,host_log,10,20,,,,,,0,0,,technical_check,vplc_status_cycle_duration_not_validated_as_Tper,0.056,100,работает
RUN_20260509_VPLC_L0_IDLE_10_20_S01_R01,VPLC_L0_IDLE_10_20,SER_20260509_VPLC_L0_IDLE_10_20_S01,vPLC_container,VPLC_HOST,691,,,2026-05-09T14:34:27.817392497Z,,,,host_log,10,20,,,,,,0,0,,technical_check,vplc_status_cycle_duration_not_validated_as_Tper,0.057,100,работает
RUN_20260509_VPLC_L0_IDLE_10_20_S01_R01,VPLC_L0_IDLE_10_20,SER_20260509_VPLC_L0_IDLE_10_20_S01,vPLC_container,VPLC_HOST,692,,,2026-05-09T14:34:28.874685809Z,,,,host_log,10,20,,,,,,0,0,,technical_check,vplc_status_cycle_duration_not_validated_as_Tper,0.056,100,работает
RUN_20260509_VPLC_L0_IDLE_10_20_S01_R01,VPLC_L0_IDLE_10_20,SER_20260509_VPLC_L0_IDLE_10_20_S01,vPLC_container,VPLC_HOST,693,,,2026-05-09T14:34:29.928563874Z,,,,host_log,10,20,,,,,,0,0,,technical_check,vplc_status_cycle_duration_not_validated_as_Tper,0.057,100,работает
RUN_20260509_VPLC_L0_IDLE_10_20_S01_R01,VPLC_L0_IDLE_10_20,SER_20260509_VPLC_L0_IDLE_10_20_S01,vPLC_container,VPLC_HOST,694,,,2026-05-09T14:34:30.983684697Z,,,,host_log,10,20,,,,,,0,0,,technical_check,vplc_status_cycle_duration_not_validated_as_Tper,0.055,100,работает
RUN_20260509_VPLC_L0_IDLE_10_20_S01_R01,VPLC_L0_IDLE_10_20,SER_20260509_VPLC_L0_IDLE_10_20_S01,vPLC_container,VPLC_HOST,695,,,2026-05-09T14:34:32.039065837Z,,,,host_log,10,20,,,,,,0,0,,technical_check,vplc_status_cycle_duration_not_validated_as_Tper,0.035,100,работает
RUN_20260509_VPLC_L0_IDLE_10_20_S01_R01,VPLC_L0_IDLE_10_20,SER_20260509_VPLC_L0_IDLE_10_20_S01,vPLC_container,VPLC_HOST,696,,,2026-05-09T14:34:33.095581391Z,,,,host_log,10,20,,,,,,0,0,,technical_check,vplc_status_cycle_duration_not_validated_as_Tper,0.056,100,работает
RUN_20260509_VPLC_L0_IDLE_10_20_S01_R01,VPLC_L0_IDLE_10_20,SER_20260509_VPLC_L0_IDLE_10_20_S01,vPLC_container,VPLC_HOST,697,,,2026-05-09T14:34:34.151890407Z,,,,host_log,10,20,,,,,,0,0,,technical_check,vplc_status_cycle_duration_not_validated_as_Tper,0.021,100,работает
RUN_20260509_VPLC_L0_IDLE_10_20_S01_R01,VPLC_L0_IDLE_10_20,SER_20260509_VPLC_L0_IDLE_10_20_S01,vPLC_container,VPLC_HOST,698,,,2026-05-09T14:34:35.205021719Z,,,,host_log,10,20,,,,,,0,0,,technical_check,vplc_status_cycle_duration_not_validated_as_Tper,0.057,100,работает
RUN_20260509_VPLC_L0_IDLE_10_20_S01_R01,VPLC_L0_IDLE_10_20,SER_20260509_VPLC_L0_IDLE_10_20_S01,vPLC_container,VPLC_HOST,699,,,2026-05-09T14:34:36.263720310Z,,,,host_log,10,20,,,,,,0,0,,technical_check,vplc_status_cycle_duration_not_validated_as_Tper,0.056,100,работает
RUN_20260509_VPLC_L0_IDLE_10_20_S01_R01,VPLC_L0_IDLE_10_20,SER_20260509_VPLC_L0_IDLE_10_20_S01,vPLC_container,VPLC_HOST,700,,,2026-05-09T14:34:37.316061078Z,,,,host_log,10,20,,,,,,0,0,,technical_check,vplc_status_cycle_duration_not_validated_as_Tper,0.057,100,работает
RUN_20260509_VPLC_L0_IDLE_10_20_S01_R01,VPLC_L0_IDLE_10_20,SER_20260509_VPLC_L0_IDLE_10_20_S01,vPLC_container,VPLC_HOST,701,,,2026-05-09T14:34:38.371867239Z,,,,host_log,10,20,,,,,,0,0,,technical_check,vplc_status_cycle_duration_not_validated_as_Tper,4.041,100,работает
RUN_20260509_VPLC_L0_IDLE_10_20_S01_R01,VPLC_L0_IDLE_10_20,SER_20260509_VPLC_L0_IDLE_10_20_S01,vPLC_container,VPLC_HOST,702,,,2026-05-09T14:34:39.428558827Z,,,,host_log,10,20,,,,,,0,0,,technical_check,vplc_status_cycle_duration_not_validated_as_Tper,0.054,100,работает
RUN_20260509_VPLC_L0_IDLE_10_20_S01_R01,VPLC_L0_IDLE_10_20,SER_20260509_VPLC_L0_IDLE_10_20_S01,vPLC_container,VPLC_HOST,703,,,2026-05-09T14:34:40.481004788Z,,,,host_log,10,20,,,,,,0,0,,technical_check,vplc_status_cycle_duration_not_validated_as_Tper,0.057,100,работает
RUN_20260509_VPLC_L0_IDLE_10_20_S01_R01,VPLC_L0_IDLE_10_20,SER_20260509_VPLC_L0_IDLE_10_20_S01,vPLC_container,VPLC_HOST,704,,,2026-05-09T14:34:41.539364093Z,,,,host_log,10,20,,,,,,0,0,,technical_check,vplc_status_cycle_duration_not_validated_as_Tper,0.035,100,работает
RUN_20260509_VPLC_L0_IDLE_10_20_S01_R01,VPLC_L0_IDLE_10_20,SER_20260509_VPLC_L0_IDLE_10_20_S01,vPLC_container,VPLC_HOST,705,,,2026-05-09T14:34:42.590903485Z,,,,host_log,10,20,,,,,,0,0,,technical_check,vplc_status_cycle_duration_not_validated_as_Tper,0.056,100,работает
RUN_20260509_VPLC_L0_IDLE_10_20_S01_R01,VPLC_L0_IDLE_10_20,SER_20260509_VPLC_L0_IDLE_10_20_S01,vPLC_container,VPLC_HOST,706,,,2026-05-09T14:34:43.648292522Z,,,,host_log,10,20,,,,,,0,0,,technical_check,vplc_status_cycle_duration_not_validated_as_Tper,0.029,100,работает
RUN_20260509_VPLC_L0_IDLE_10_20_S01_R01,VPLC_L0_IDLE_10_20,SER_20260509_VPLC_L0_IDLE_10_20_S01,vPLC_container,VPLC_HOST,707,,,2026-05-09T14:34:44.706145146Z,,,,host_log,10,20,,,,,,0,0,,technical_check,vplc_status_cycle_duration_not_validated_as_Tper,0.055,100,работает
RUN_20260509_VPLC_L0_IDLE_10_20_S01_R01,VPLC_L0_IDLE_10_20,SER_20260509_VPLC_L0_IDLE_10_20_S01,vPLC_container,VPLC_HOST,708,,,2026-05-09T14:34:45.760216477Z,,,,host_log,10,20,,,,,,0,0,,technical_check,vplc_status_cycle_duration_not_validated_as_Tper,0.052,100,работает
RUN_20260509_VPLC_L0_IDLE_10_20_S01_R01,VPLC_L0_IDLE_10_20,SER_20260509_VPLC_L0_IDLE_10_20_S01,vPLC_container,VPLC_HOST,709,,,2026-05-09T14:34:46.813144695Z,,,,host_log,10,20,,,,,,0,0,,technical_check,vplc_status_cycle_duration_not_validated_as_Tper,0.056,100,работает
RUN_20260509_VPLC_L0_IDLE_10_20_S01_R01,VPLC_L0_IDLE_10_20,SER_20260509_VPLC_L0_IDLE_10_20_S01,vPLC_container,VPLC_HOST,710,,,2026-05-09T14:34:47.867396362Z,,,,host_log,10,20,,,,,,0,0,,technical_check,vplc_status_cycle_duration_not_validated_as_Tper,0.059,100,работает
RUN_20260509_VPLC_L0_IDLE_10_20_S01_R01,VPLC_L0_IDLE_10_20,SER_20260509_VPLC_L0_IDLE_10_20_S01,vPLC_container,VPLC_HOST,711,,,2026-05-09T14:34:48.926027259Z,,,,host_log,10,20,,,,,,0,0,,technical_check,vplc_status_cycle_duration_not_validated_as_Tper,0.036,100,работает
RUN_20260509_VPLC_L0_IDLE_10_20_S01_R01,VPLC_L0_IDLE_10_20,SER_20260509_VPLC_L0_IDLE_10_20_S01,vPLC_container,VPLC_HOST,712,,,2026-05-09T14:34:49.981770751Z,,,,host_log,10,20,,,,,,0,0,,technical_check,vplc_status_cycle_duration_not_validated_as_Tper,0.056,100,работает
RUN_20260509_VPLC_L0_IDLE_10_20_S01_R01,VPLC_L0_IDLE_10_20,SER_20260509_VPLC_L0_IDLE_10_20_S01,vPLC_container,VPLC_HOST,713,,,2026-05-09T14:34:51.036348278Z,,,,host_log,10,20,,,,,,0,0,,technical_check,vplc_status_cycle_duration_not_validated_as_Tper,0.035,100,работает
RUN_20260509_VPLC_L0_IDLE_10_20_S01_R01,VPLC_L0_IDLE_10_20,SER_20260509_VPLC_L0_IDLE_10_20_S01,vPLC_container,VPLC_HOST,714,,,2026-05-09T14:34:52.092519399Z,,,,host_log,10,20,,,,,,0,0,,technical_check,vplc_status_cycle_duration_not_validated_as_Tper,0.056,100,работает
RUN_20260509_VPLC_L0_IDLE_10_20_S01_R01,VPLC_L0_IDLE_10_20,SER_20260509_VPLC_L0_IDLE_10_20_S01,vPLC_container,VPLC_HOST,715,,,2026-05-09T14:34:53.145260230Z,,,,host_log,10,20,,,,,,0,0,,technical_check,vplc_status_cycle_duration_not_validated_as_Tper,0.032,100,работает
RUN_20260509_VPLC_L0_IDLE_10_20_S01_R01,VPLC_L0_IDLE_10_20,SER_20260509_VPLC_L0_IDLE_10_20_S01,vPLC_container,VPLC_HOST,716,,,2026-05-09T14:34:54.202194574Z,,,,host_log,10,20,,,,,,0,0,,technical_check,vplc_status_cycle_duration_not_validated_as_Tper,0.057,100,работает
RUN_20260509_VPLC_L0_IDLE_10_20_S01_R01,VPLC_L0_IDLE_10_20,SER_20260509_VPLC_L0_IDLE_10_20_S01,vPLC_container,VPLC_HOST,717,,,2026-05-09T14:34:55.255453774Z,,,,host_log,10,20,,,,,,0,0,,technical_check,vplc_status_cycle_duration_not_validated_as_Tper,0.032,100,работает
RUN_20260509_VPLC_L0_IDLE_10_20_S01_R01,VPLC_L0_IDLE_10_20,SER_20260509_VPLC_L0_IDLE_10_20_S01,vPLC_container,VPLC_HOST,718,,,2026-05-09T14:34:56.311728607Z,,,,host_log,10,20,,,,,,0,0,,technical_check,vplc_status_cycle_duration_not_validated_as_Tper,0.056,100,работает
RUN_20260509_VPLC_L0_IDLE_10_20_S01_R01,VPLC_L0_IDLE_10_20,SER_20260509_VPLC_L0_IDLE_10_20_S01,vPLC_container,VPLC_HOST,719,,,2026-05-09T14:34:57.369738503Z,,,,host_log,10,20,,,,,,0,0,,technical_check,vplc_status_cycle_duration_not_validated_as_Tper,4.122,100,работает
RUN_20260509_VPLC_L0_IDLE_10_20_S01_R01,VPLC_L0_IDLE_10_20,SER_20260509_VPLC_L0_IDLE_10_20_S01,vPLC_container,VPLC_HOST,720,,,2026-05-09T14:34:58.422944583Z,,,,host_log,10,20,,,,,,0,0,,technical_check,vplc_status_cycle_duration_not_validated_as_Tper,0.035,100,работает
RUN_20260509_VPLC_L0_IDLE_10_20_S01_R01,VPLC_L0_IDLE_10_20,SER_20260509_VPLC_L0_IDLE_10_20_S01,vPLC_container,VPLC_HOST,721,,,2026-05-09T14:34:59.480279775Z,,,,host_log,10,20,,,,,,0,0,,technical_check,vplc_status_cycle_duration_not_validated_as_Tper,0.057,100,работает
RUN_20260509_VPLC_L0_IDLE_10_20_S01_R01,VPLC_L0_IDLE_10_20,SER_20260509_VPLC_L0_IDLE_10_20_S01,vPLC_container,VPLC_HOST,722,,,2026-05-09T14:35:00.531170452Z,,,,host_log,10,20,,,,,,0,0,,technical_check,vplc_status_cycle_duration_not_validated_as_Tper,0.035,100,работает
RUN_20260509_VPLC_L0_IDLE_10_20_S01_R01,VPLC_L0_IDLE_10_20,SER_20260509_VPLC_L0_IDLE_10_20_S01,vPLC_container,VPLC_HOST,723,,,2026-05-09T14:35:01.590303524Z,,,,host_log,10,20,,,,,,0,0,,technical_check,vplc_status_cycle_duration_not_validated_as_Tper,0.056,100,работает
RUN_20260509_VPLC_L0_IDLE_10_20_S01_R01,VPLC_L0_IDLE_10_20,SER_20260509_VPLC_L0_IDLE_10_20_S01,vPLC_container,VPLC_HOST,724,,,2026-05-09T14:35:02.644563472Z,,,,host_log,10,20,,,,,,0,0,,technical_check,vplc_status_cycle_duration_not_validated_as_Tper,0.033,100,работает
RUN_20260509_VPLC_L0_IDLE_10_20_S01_R01,VPLC_L0_IDLE_10_20,SER_20260509_VPLC_L0_IDLE_10_20_S01,vPLC_container,VPLC_HOST,725,,,2026-05-09T14:35:03.700047347Z,,,,host_log,10,20,,,,,,0,0,,technical_check,vplc_status_cycle_duration_not_validated_as_Tper,0.058,100,работает
RUN_20260509_VPLC_L0_IDLE_10_20_S01_R01,VPLC_L0_IDLE_10_20,SER_20260509_VPLC_L0_IDLE_10_20_S01,vPLC_container,VPLC_HOST,726,,,2026-05-09T14:35:04.753794661Z,,,,host_log,10,20,,,,,,0,0,,technical_check,vplc_status_cycle_duration_not_validated_as_Tper,0.028,100,работает
RUN_20260509_VPLC_L0_IDLE_10_20_S01_R01,VPLC_L0_IDLE_10_20,SER_20260509_VPLC_L0_IDLE_10_20_S01,vPLC_container,VPLC_HOST,727,,,2026-05-09T14:35:05.810791164Z,,,,host_log,10,20,,,,,,0,0,,technical_check,vplc_status_cycle_duration_not_validated_as_Tper,0.056,100,работает
RUN_20260509_VPLC_L0_IDLE_10_20_S01_R01,VPLC_L0_IDLE_10_20,SER_20260509_VPLC_L0_IDLE_10_20_S01,vPLC_container,VPLC_HOST,728,,,2026-05-09T14:35:06.866642098Z,,,,host_log,10,20,,,,,,0,0,,technical_check,vplc_status_cycle_duration_not_validated_as_Tper,0.055,100,работает
RUN_20260509_VPLC_L0_IDLE_10_20_S01_R01,VPLC_L0_IDLE_10_20,SER_20260509_VPLC_L0_IDLE_10_20_S01,vPLC_container,VPLC_HOST,729,,,2026-05-09T14:35:07.921378031Z,,,,host_log,10,20,,,,,,0,0,,technical_check,vplc_status_cycle_duration_not_validated_as_Tper,0.057,100,работает
RUN_20260509_VPLC_L0_IDLE_10_20_S01_R01,VPLC_L0_IDLE_10_20,SER_20260509_VPLC_L0_IDLE_10_20_S01,vPLC_container,VPLC_HOST,730,,,2026-05-09T14:35:08.975447153Z,,,,host_log,10,20,,,,,,0,0,,technical_check,vplc_status_cycle_duration_not_validated_as_Tper,0.056,100,работает
RUN_20260509_VPLC_L0_IDLE_10_20_S01_R01,VPLC_L0_IDLE_10_20,SER_20260509_VPLC_L0_IDLE_10_20_S01,vPLC_container,VPLC_HOST,731,,,2026-05-09T14:35:10.031303702Z,,,,host_log,10,20,,,,,,0,0,,technical_check,vplc_status_cycle_duration_not_validated_as_Tper,0.035,100,работает
RUN_20260509_VPLC_L0_IDLE_10_20_S01_R01,VPLC_L0_IDLE_10_20,SER_20260509_VPLC_L0_IDLE_10_20_S01,vPLC_container,VPLC_HOST,732,,,2026-05-09T14:35:11.088466615Z,,,,host_log,10,20,,,,,,0,0,,technical_check,vplc_status_cycle_duration_not_validated_as_Tper,0.057,100,работает
RUN_20260509_VPLC_L0_IDLE_10_20_S01_R01,VPLC_L0_IDLE_10_20,SER_20260509_VPLC_L0_IDLE_10_20_S01,vPLC_container,VPLC_HOST,733,,,2026-05-09T14:35:12.143359113Z,,,,host_log,10,20,,,,,,0,0,,technical_check,vplc_status_cycle_duration_not_validated_as_Tper,0.036,100,работает
RUN_20260509_VPLC_L0_IDLE_10_20_S01_R01,VPLC_L0_IDLE_10_20,SER_20260509_VPLC_L0_IDLE_10_20_S01,vPLC_container,VPLC_HOST,734,,,2026-05-09T14:35:13.196155592Z,,,,host_log,10,20,,,,,,0,0,,technical_check,vplc_status_cycle_duration_not_validated_as_Tper,0.056,100,работает
RUN_20260509_VPLC_L0_IDLE_10_20_S01_R01,VPLC_L0_IDLE_10_20,SER_20260509_VPLC_L0_IDLE_10_20_S01,vPLC_container,VPLC_HOST,735,,,2026-05-09T14:35:14.253223039Z,,,,host_log,10,20,,,,,,0,0,,technical_check,vplc_status_cycle_duration_not_validated_as_Tper,0.025,100,работает
RUN_20260509_VPLC_L0_IDLE_10_20_S01_R01,VPLC_L0_IDLE_10_20,SER_20260509_VPLC_L0_IDLE_10_20_S01,vPLC_container,VPLC_HOST,736,,,2026-05-09T14:35:15.305789820Z,,,,host_log,10,20,,,,,,0,0,,technical_check,vplc_status_cycle_duration_not_validated_as_Tper,0.057,100,работает
RUN_20260509_VPLC_L0_IDLE_10_20_S01_R01,VPLC_L0_IDLE_10_20,SER_20260509_VPLC_L0_IDLE_10_20_S01,vPLC_container,VPLC_HOST,737,,,2026-05-09T14:35:16.363840244Z,,,,host_log,10,20,,,,,,0,0,,technical_check,vplc_status_cycle_duration_not_validated_as_Tper,5.006,100,работает
RUN_20260509_VPLC_L0_IDLE_10_20_S01_R01,VPLC_L0_IDLE_10_20,SER_20260509_VPLC_L0_IDLE_10_20_S01,vPLC_container,VPLC_HOST,738,,,2026-05-09T14:35:17.416979145Z,,,,host_log,10,20,,,,,,0,0,,technical_check,vplc_status_cycle_duration_not_validated_as_Tper,5.903,100,работает
RUN_20260509_VPLC_L0_IDLE_10_20_S01_R01,VPLC_L0_IDLE_10_20,SER_20260509_VPLC_L0_IDLE_10_20_S01,vPLC_container,VPLC_HOST,739,,,2026-05-09T14:35:18.474515072Z,,,,host_log,10,20,,,,,,0,0,,technical_check,vplc_status_cycle_duration_not_validated_as_Tper,0.057,100,работает
RUN_20260509_VPLC_L0_IDLE_10_20_S01_R01,VPLC_L0_IDLE_10_20,SER_20260509_VPLC_L0_IDLE_10_20_S01,vPLC_container,VPLC_HOST,740,,,2026-05-09T14:35:19.528284101Z,,,,host_log,10,20,,,,,,0,0,,technical_check,vplc_status_cycle_duration_not_validated_as_Tper,0.057,100,работает
RUN_20260509_VPLC_L0_IDLE_10_20_S01_R01,VPLC_L0_IDLE_10_20,SER_20260509_VPLC_L0_IDLE_10_20_S01,vPLC_container,VPLC_HOST,741,,,2026-05-09T14:35:20.581690749Z,,,,host_log,10,20,,,,,,0,0,,technical_check,vplc_status_cycle_duration_not_validated_as_Tper,0.056,100,работает
RUN_20260509_VPLC_L0_IDLE_10_20_S01_R01,VPLC_L0_IDLE_10_20,SER_20260509_VPLC_L0_IDLE_10_20_S01,vPLC_container,VPLC_HOST,742,,,2026-05-09T14:35:21.640715743Z,,,,host_log,10,20,,,,,,0,0,,technical_check,vplc_status_cycle_duration_not_validated_as_Tper,0.035,100,работает
RUN_20260509_VPLC_L0_IDLE_10_20_S01_R01,VPLC_L0_IDLE_10_20,SER_20260509_VPLC_L0_IDLE_10_20_S01,vPLC_container,VPLC_HOST,743,,,2026-05-09T14:35:22.695043599Z,,,,host_log,10,20,,,,,,0,0,,technical_check,vplc_status_cycle_duration_not_validated_as_Tper,0.056,100,работает
RUN_20260509_VPLC_L0_IDLE_10_20_S01_R01,VPLC_L0_IDLE_10_20,SER_20260509_VPLC_L0_IDLE_10_20_S01,vPLC_container,VPLC_HOST,744,,,2026-05-09T14:35:23.750545232Z,,,,host_log,10,20,,,,,,0,0,,technical_check,vplc_status_cycle_duration_not_validated_as_Tper,0.020,100,работает
RUN_20260509_VPLC_L0_IDLE_10_20_S01_R01,VPLC_L0_IDLE_10_20,SER_20260509_VPLC_L0_IDLE_10_20_S01,vPLC_container,VPLC_HOST,745,,,2026-05-09T14:35:24.807437263Z,,,,host_log,10,20,,,,,,0,0,,technical_check,vplc_status_cycle_duration_not_validated_as_Tper,0.054,100,работает
RUN_20260509_VPLC_L0_IDLE_10_20_S01_R01,VPLC_L0_IDLE_10_20,SER_20260509_VPLC_L0_IDLE_10_20_S01,vPLC_container,VPLC_HOST,746,,,2026-05-09T14:35:25.863035574Z,,,,host_log,10,20,,,,,,0,0,,technical_check,vplc_status_cycle_duration_not_validated_as_Tper,0.056,100,работает
RUN_20260509_VPLC_L0_IDLE_10_20_S01_R01,VPLC_L0_IDLE_10_20,SER_20260509_VPLC_L0_IDLE_10_20_S01,vPLC_container,VPLC_HOST,747,,,2026-05-09T14:35:26.915706575Z,,,,host_log,10,20,,,,,,0,0,,technical_check,vplc_status_cycle_duration_not_validated_as_Tper,0.056,100,работает
RUN_20260509_VPLC_L0_IDLE_10_20_S01_R01,VPLC_L0_IDLE_10_20,SER_20260509_VPLC_L0_IDLE_10_20_S01,vPLC_container,VPLC_HOST,748,,,2026-05-09T14:35:27.973299046Z,,,,host_log,10,20,,,,,,0,0,,technical_check,vplc_status_cycle_duration_not_validated_as_Tper,0.056,100,работает
RUN_20260509_VPLC_L0_IDLE_10_20_S01_R01,VPLC_L0_IDLE_10_20,SER_20260509_VPLC_L0_IDLE_10_20_S01,vPLC_container,VPLC_HOST,749,,,2026-05-09T14:35:29.028756004Z,,,,host_log,10,20,,,,,,0,0,,technical_check,vplc_status_cycle_duration_not_validated_as_Tper,0.053,100,работает
RUN_20260509_VPLC_L0_IDLE_10_20_S01_R01,VPLC_L0_IDLE_10_20,SER_20260509_VPLC_L0_IDLE_10_20_S01,vPLC_container,VPLC_HOST,750,,,2026-05-09T14:35:30.085238069Z,,,,host_log,10,20,,,,,,0,0,,technical_check,vplc_status_cycle_duration_not_validated_as_Tper,0.056,100,работает
RUN_20260509_VPLC_L0_IDLE_10_20_S01_R01,VPLC_L0_IDLE_10_20,SER_20260509_VPLC_L0_IDLE_10_20_S01,vPLC_container,VPLC_HOST,751,,,2026-05-09T14:35:31.140698547Z,,,,host_log,10,20,,,,,,0,0,,technical_check,vplc_status_cycle_duration_not_validated_as_Tper,0.036,100,работает
RUN_20260509_VPLC_L0_IDLE_10_20_S01_R01,VPLC_L0_IDLE_10_20,SER_20260509_VPLC_L0_IDLE_10_20_S01,vPLC_container,VPLC_HOST,752,,,2026-05-09T14:35:32.194885255Z,,,,host_log,10,20,,,,,,0,0,,technical_check,vplc_status_cycle_duration_not_validated_as_Tper,0.056,100,работает
RUN_20260509_VPLC_L0_IDLE_10_20_S01_R01,VPLC_L0_IDLE_10_20,SER_20260509_VPLC_L0_IDLE_10_20_S01,vPLC_container,VPLC_HOST,753,,,2026-05-09T14:35:33.249057239Z,,,,host_log,10,20,,,,,,0,0,,technical_check,vplc_status_cycle_duration_not_validated_as_Tper,0.025,100,работает
RUN_20260509_VPLC_L0_IDLE_10_20_S01_R01,VPLC_L0_IDLE_10_20,SER_20260509_VPLC_L0_IDLE_10_20_S01,vPLC_container,VPLC_HOST,754,,,2026-05-09T14:35:34.307050774Z,,,,host_log,10,20,,,,,,0,0,,technical_check,vplc_status_cycle_duration_not_validated_as_Tper,0.054,100,работает
RUN_20260509_VPLC_L0_IDLE_10_20_S01_R01,VPLC_L0_IDLE_10_20,SER_20260509_VPLC_L0_IDLE_10_20_S01,vPLC_container,VPLC_HOST,755,,,2026-05-09T14:35:35.361170455Z,,,,host_log,10,20,,,,,,0,0,,technical_check,vplc_status_cycle_duration_not_validated_as_Tper,4.442,100,работает
RUN_20260509_VPLC_L0_IDLE_10_20_S01_R01,VPLC_L0_IDLE_10_20,SER_20260509_VPLC_L0_IDLE_10_20_S01,vPLC_container,VPLC_HOST,756,,,2026-05-09T14:35:36.413849842Z,,,,host_log,10,20,,,,,,0,0,,technical_check,vplc_status_cycle_duration_not_validated_as_Tper,4.910,100,работает
RUN_20260509_VPLC_L0_IDLE_10_20_S01_R01,VPLC_L0_IDLE_10_20,SER_20260509_VPLC_L0_IDLE_10_20_S01,vPLC_container,VPLC_HOST,757,,,2026-05-09T14:35:37.471067705Z,,,,host_log,10,20,,,,,,0,0,,technical_check,vplc_status_cycle_duration_not_validated_as_Tper,0.057,100,работает
RUN_20260509_VPLC_L0_IDLE_10_20_S01_R01,VPLC_L0_IDLE_10_20,SER_20260509_VPLC_L0_IDLE_10_20_S01,vPLC_container,VPLC_HOST,758,,,2026-05-09T14:35:38.524761272Z,,,,host_log,10,20,,,,,,0,0,,technical_check,vplc_status_cycle_duration_not_validated_as_Tper,0.051,100,работает
RUN_20260509_VPLC_L0_IDLE_10_20_S01_R01,VPLC_L0_IDLE_10_20,SER_20260509_VPLC_L0_IDLE_10_20_S01,vPLC_container,VPLC_HOST,759,,,2026-05-09T14:35:39.581692774Z,,,,host_log,10,20,,,,,,0,0,,technical_check,vplc_status_cycle_duration_not_validated_as_Tper,0.056,100,работает
RUN_20260509_VPLC_L0_IDLE_10_20_S01_R01,VPLC_L0_IDLE_10_20,SER_20260509_VPLC_L0_IDLE_10_20_S01,vPLC_container,VPLC_HOST,760,,,2026-05-09T14:35:40.637611631Z,,,,host_log,10,20,,,,,,0,0,,technical_check,vplc_status_cycle_duration_not_validated_as_Tper,0.036,100,работает
RUN_20260509_VPLC_L0_IDLE_10_20_S01_R01,VPLC_L0_IDLE_10_20,SER_20260509_VPLC_L0_IDLE_10_20_S01,vPLC_container,VPLC_HOST,761,,,2026-05-09T14:35:41.694475815Z,,,,host_log,10,20,,,,,,0,0,,technical_check,vplc_status_cycle_duration_not_validated_as_Tper,0.056,100,работает
RUN_20260509_VPLC_L0_IDLE_10_20_S01_R01,VPLC_L0_IDLE_10_20,SER_20260509_VPLC_L0_IDLE_10_20_S01,vPLC_container,VPLC_HOST,762,,,2026-05-09T14:35:42.746239677Z,,,,host_log,10,20,,,,,,0,0,,technical_check,vplc_status_cycle_duration_not_validated_as_Tper,0.030,100,работает
RUN_20260509_VPLC_L0_IDLE_10_20_S01_R01,VPLC_L0_IDLE_10_20,SER_20260509_VPLC_L0_IDLE_10_20_S01,vPLC_container,VPLC_HOST,763,,,2026-05-09T14:35:43.801678786Z,,,,host_log,10,20,,,,,,0,0,,technical_check,vplc_status_cycle_duration_not_validated_as_Tper,0.056,100,работает
RUN_20260509_VPLC_L0_IDLE_10_20_S01_R01,VPLC_L0_IDLE_10_20,SER_20260509_VPLC_L0_IDLE_10_20_S01,vPLC_container,VPLC_HOST,764,,,2026-05-09T14:35:44.859730944Z,,,,host_log,10,20,,,,,,0,0,,technical_check,vplc_status_cycle_duration_not_validated_as_Tper,0.047,100,работает
RUN_20260509_VPLC_L0_IDLE_10_20_S01_R01,VPLC_L0_IDLE_10_20,SER_20260509_VPLC_L0_IDLE_10_20_S01,vPLC_container,VPLC_HOST,765,,,2026-05-09T14:35:45.912710937Z,,,,host_log,10,20,,,,,,0,0,,technical_check,vplc_status_cycle_duration_not_validated_as_Tper,0.056,100,работает
RUN_20260509_VPLC_L0_IDLE_10_20_S01_R01,VPLC_L0_IDLE_10_20,SER_20260509_VPLC_L0_IDLE_10_20_S01,vPLC_container,VPLC_HOST,766,,,2026-05-09T14:35:46.970793624Z,,,,host_log,10,20,,,,,,0,0,,technical_check,vplc_status_cycle_duration_not_validated_as_Tper,0.058,100,работает
RUN_20260509_VPLC_L0_IDLE_10_20_S01_R01,VPLC_L0_IDLE_10_20,SER_20260509_VPLC_L0_IDLE_10_20_S01,vPLC_container,VPLC_HOST,767,,,2026-05-09T14:35:48.026645701Z,,,,host_log,10,20,,,,,,0,0,,technical_check,vplc_status_cycle_duration_not_validated_as_Tper,0.053,100,работает
RUN_20260509_VPLC_L0_IDLE_10_20_S01_R01,VPLC_L0_IDLE_10_20,SER_20260509_VPLC_L0_IDLE_10_20_S01,vPLC_container,VPLC_HOST,768,,,2026-05-09T14:35:49.081147519Z,,,,host_log,10,20,,,,,,0,0,,technical_check,vplc_status_cycle_duration_not_validated_as_Tper,0.056,100,работает
RUN_20260509_VPLC_L0_IDLE_10_20_S01_R01,VPLC_L0_IDLE_10_20,SER_20260509_VPLC_L0_IDLE_10_20_S01,vPLC_container,VPLC_HOST,769,,,2026-05-09T14:35:50.137275399Z,,,,host_log,10,20,,,,,,0,0,,technical_check,vplc_status_cycle_duration_not_validated_as_Tper,0.035,100,работает
RUN_20260509_VPLC_L0_IDLE_10_20_S01_R01,VPLC_L0_IDLE_10_20,SER_20260509_VPLC_L0_IDLE_10_20_S01,vPLC_container,VPLC_HOST,770,,,2026-05-09T14:35:51.192491534Z,,,,host_log,10,20,,,,,,0,0,,technical_check,vplc_status_cycle_duration_not_validated_as_Tper,0.056,100,работает
RUN_20260509_VPLC_L0_IDLE_10_20_S01_R01,VPLC_L0_IDLE_10_20,SER_20260509_VPLC_L0_IDLE_10_20_S01,vPLC_container,VPLC_HOST,771,,,2026-05-09T14:35:52.247961055Z,,,,host_log,10,20,,,,,,0,0,,technical_check,vplc_status_cycle_duration_not_validated_as_Tper,0.024,100,работает
RUN_20260509_VPLC_L0_IDLE_10_20_S01_R01,VPLC_L0_IDLE_10_20,SER_20260509_VPLC_L0_IDLE_10_20_S01,vPLC_container,VPLC_HOST,772,,,2026-05-09T14:35:53.300956939Z,,,,host_log,10,20,,,,,,0,0,,technical_check,vplc_status_cycle_duration_not_validated_as_Tper,0.056,100,работает
RUN_20260509_VPLC_L0_IDLE_10_20_S01_R01,VPLC_L0_IDLE_10_20,SER_20260509_VPLC_L0_IDLE_10_20_S01,vPLC_container,VPLC_HOST,773,,,2026-05-09T14:35:54.358015098Z,,,,host_log,10,20,,,,,,0,0,,technical_check,vplc_status_cycle_duration_not_validated_as_Tper,4.592,100,работает
RUN_20260509_VPLC_L0_IDLE_10_20_S01_R01,VPLC_L0_IDLE_10_20,SER_20260509_VPLC_L0_IDLE_10_20_S01,vPLC_container,VPLC_HOST,774,,,2026-05-09T14:35:55.411543054Z,,,,host_log,10,20,,,,,,0,0,,technical_check,vplc_status_cycle_duration_not_validated_as_Tper,4.354,100,работает
RUN_20260509_VPLC_L0_IDLE_10_20_S01_R01,VPLC_L0_IDLE_10_20,SER_20260509_VPLC_L0_IDLE_10_20_S01,vPLC_container,VPLC_HOST,775,,,2026-05-09T14:35:56.468320648Z,,,,host_log,10,20,,,,,,0,0,,technical_check,vplc_status_cycle_duration_not_validated_as_Tper,0.056,100,работает
RUN_20260509_VPLC_L0_IDLE_10_20_S01_R01,VPLC_L0_IDLE_10_20,SER_20260509_VPLC_L0_IDLE_10_20_S01,vPLC_container,VPLC_HOST,776,,,2026-05-09T14:35:57.522558330Z,,,,host_log,10,20,,,,,,0,0,,technical_check,vplc_status_cycle_duration_not_validated_as_Tper,0.035,100,работает
RUN_20260509_VPLC_L0_IDLE_10_20_S01_R01,VPLC_L0_IDLE_10_20,SER_20260509_VPLC_L0_IDLE_10_20_S01,vPLC_container,VPLC_HOST,777,,,2026-05-09T14:35:58.579288106Z,,,,host_log,10,20,,,,,,0,0,,technical_check,vplc_status_cycle_duration_not_validated_as_Tper,0.057,100,работает
RUN_20260509_VPLC_L0_IDLE_10_20_S01_R01,VPLC_L0_IDLE_10_20,SER_20260509_VPLC_L0_IDLE_10_20_S01,vPLC_container,VPLC_HOST,778,,,2026-05-09T14:35:59.633471972Z,,,,host_log,10,20,,,,,,0,0,,technical_check,vplc_status_cycle_duration_not_validated_as_Tper,0.056,100,работает
RUN_20260509_VPLC_L0_IDLE_10_20_S01_R01,VPLC_L0_IDLE_10_20,SER_20260509_VPLC_L0_IDLE_10_20_S01,vPLC_container,VPLC_HOST,779,,,2026-05-09T14:36:00.689185505Z,,,,host_log,10,20,,,,,,0,0,,technical_check,vplc_status_cycle_duration_not_validated_as_Tper,0.057,100,работает
RUN_20260509_VPLC_L0_IDLE_10_20_S01_R01,VPLC_L0_IDLE_10_20,SER_20260509_VPLC_L0_IDLE_10_20_S01,vPLC_container,VPLC_HOST,780,,,2026-05-09T14:36:01.746324175Z,,,,host_log,10,20,,,,,,0,0,,technical_check,vplc_status_cycle_duration_not_validated_as_Tper,0.029,100,работает
RUN_20260509_VPLC_L0_IDLE_10_20_S01_R01,VPLC_L0_IDLE_10_20,SER_20260509_VPLC_L0_IDLE_10_20_S01,vPLC_container,VPLC_HOST,781,,,2026-05-09T14:36:02.799052698Z,,,,host_log,10,20,,,,,,0,0,,technical_check,vplc_status_cycle_duration_not_validated_as_Tper,0.056,100,работает
RUN_20260509_VPLC_L0_IDLE_10_20_S01_R01,VPLC_L0_IDLE_10_20,SER_20260509_VPLC_L0_IDLE_10_20_S01,vPLC_container,VPLC_HOST,782,,,2026-05-09T14:36:03.855656687Z,,,,host_log,10,20,,,,,,0,0,,technical_check,vplc_status_cycle_duration_not_validated_as_Tper,0.034,100,работает
RUN_20260509_VPLC_L0_IDLE_10_20_S01_R01,VPLC_L0_IDLE_10_20,SER_20260509_VPLC_L0_IDLE_10_20_S01,vPLC_container,VPLC_HOST,783,,,2026-05-09T14:36:04.910596439Z,,,,host_log,10,20,,,,,,0,0,,technical_check,vplc_status_cycle_duration_not_validated_as_Tper,0.058,100,работает
RUN_20260509_VPLC_L0_IDLE_10_20_S01_R01,VPLC_L0_IDLE_10_20,SER_20260509_VPLC_L0_IDLE_10_20_S01,vPLC_container,VPLC_HOST,784,,,2026-05-09T14:36:05.967313814Z,,,,host_log,10,20,,,,,,0,0,,technical_check,vplc_status_cycle_duration_not_validated_as_Tper,0.056,100,работает
RUN_20260509_VPLC_L0_IDLE_10_20_S01_R01,VPLC_L0_IDLE_10_20,SER_20260509_VPLC_L0_IDLE_10_20_S01,vPLC_container,VPLC_HOST,785,,,2026-05-09T14:36:07.022732415Z,,,,host_log,10,20,,,,,,0,0,,technical_check,vplc_status_cycle_duration_not_validated_as_Tper,0.038,100,работает
RUN_20260509_VPLC_L0_IDLE_10_20_S01_R01,VPLC_L0_IDLE_10_20,SER_20260509_VPLC_L0_IDLE_10_20_S01,vPLC_container,VPLC_HOST,786,,,2026-05-09T14:36:08.076880022Z,,,,host_log,10,20,,,,,,0,0,,technical_check,vplc_status_cycle_duration_not_validated_as_Tper,0.057,100,работает
RUN_20260509_VPLC_L0_IDLE_10_20_S01_R01,VPLC_L0_IDLE_10_20,SER_20260509_VPLC_L0_IDLE_10_20_S01,vPLC_container,VPLC_HOST,787,,,2026-05-09T14:36:09.134485821Z,,,,host_log,10,20,,,,,,0,0,,technical_check,vplc_status_cycle_duration_not_validated_as_Tper,0.036,100,работает
RUN_20260509_VPLC_L0_IDLE_10_20_S01_R01,VPLC_L0_IDLE_10_20,SER_20260509_VPLC_L0_IDLE_10_20_S01,vPLC_container,VPLC_HOST,788,,,2026-05-09T14:36:10.188305113Z,,,,host_log,10,20,,,,,,0,0,,technical_check,vplc_status_cycle_duration_not_validated_as_Tper,0.055,100,работает
RUN_20260509_VPLC_L0_IDLE_10_20_S01_R01,VPLC_L0_IDLE_10_20,SER_20260509_VPLC_L0_IDLE_10_20_S01,vPLC_container,VPLC_HOST,789,,,2026-05-09T14:36:11.240285251Z,,,,host_log,10,20,,,,,,0,0,,technical_check,vplc_status_cycle_duration_not_validated_as_Tper,0.036,100,работает
RUN_20260509_VPLC_L0_IDLE_10_20_S01_R01,VPLC_L0_IDLE_10_20,SER_20260509_VPLC_L0_IDLE_10_20_S01,vPLC_container,VPLC_HOST,790,,,2026-05-09T14:36:12.300322169Z,,,,host_log,10,20,,,,,,0,0,,technical_check,vplc_status_cycle_duration_not_validated_as_Tper,0.057,100,работает
RUN_20260509_VPLC_L0_IDLE_10_20_S01_R01,VPLC_L0_IDLE_10_20,SER_20260509_VPLC_L0_IDLE_10_20_S01,vPLC_container,VPLC_HOST,791,,,2026-05-09T14:36:13.353268633Z,,,,host_log,10,20,,,,,,0,0,,technical_check,vplc_status_cycle_duration_not_validated_as_Tper,3.726,100,работает
RUN_20260509_VPLC_L0_IDLE_10_20_S01_R01,VPLC_L0_IDLE_10_20,SER_20260509_VPLC_L0_IDLE_10_20_S01,vPLC_container,VPLC_HOST,792,,,2026-05-09T14:36:14.409291519Z,,,,host_log,10,20,,,,,,0,0,,technical_check,vplc_status_cycle_duration_not_validated_as_Tper,4.525,100,работает
RUN_20260509_VPLC_L0_IDLE_10_20_S01_R01,VPLC_L0_IDLE_10_20,SER_20260509_VPLC_L0_IDLE_10_20_S01,vPLC_container,VPLC_HOST,793,,,2026-05-09T14:36:15.463409228Z,,,,host_log,10,20,,,,,,0,0,,technical_check,vplc_status_cycle_duration_not_validated_as_Tper,0.056,100,работает
RUN_20260509_VPLC_L0_IDLE_10_20_S01_R01,VPLC_L0_IDLE_10_20,SER_20260509_VPLC_L0_IDLE_10_20_S01,vPLC_container,VPLC_HOST,794,,,2026-05-09T14:36:16.517579271Z,,,,host_log,10,20,,,,,,0,0,,technical_check,vplc_status_cycle_duration_not_validated_as_Tper,0.057,100,работает
RUN_20260509_VPLC_L0_IDLE_10_20_S01_R01,VPLC_L0_IDLE_10_20,SER_20260509_VPLC_L0_IDLE_10_20_S01,vPLC_container,VPLC_HOST,795,,,2026-05-09T14:36:17.573838095Z,,,,host_log,10,20,,,,,,0,0,,technical_check,vplc_status_cycle_duration_not_validated_as_Tper,0.056,100,работает
RUN_20260509_VPLC_L0_IDLE_10_20_S01_R01,VPLC_L0_IDLE_10_20,SER_20260509_VPLC_L0_IDLE_10_20_S01,vPLC_container,VPLC_HOST,796,,,2026-05-09T14:36:18.628904203Z,,,,host_log,10,20,,,,,,0,0,,technical_check,vplc_status_cycle_duration_not_validated_as_Tper,0.054,100,работает
RUN_20260509_VPLC_L0_IDLE_10_20_S01_R01,VPLC_L0_IDLE_10_20,SER_20260509_VPLC_L0_IDLE_10_20_S01,vPLC_container,VPLC_HOST,797,,,2026-05-09T14:36:19.681780969Z,,,,host_log,10,20,,,,,,0,0,,technical_check,vplc_status_cycle_duration_not_validated_as_Tper,0.056,100,работает
RUN_20260509_VPLC_L0_IDLE_10_20_S01_R01,VPLC_L0_IDLE_10_20,SER_20260509_VPLC_L0_IDLE_10_20_S01,vPLC_container,VPLC_HOST,798,,,2026-05-09T14:36:20.737683558Z,,,,host_log,10,20,,,,,,0,0,,technical_check,vplc_status_cycle_duration_not_validated_as_Tper,0.036,100,работает
RUN_20260509_VPLC_L0_IDLE_10_20_S01_R01,VPLC_L0_IDLE_10_20,SER_20260509_VPLC_L0_IDLE_10_20_S01,vPLC_container,VPLC_HOST,799,,,2026-05-09T14:36:21.789546046Z,,,,host_log,10,20,,,,,,0,0,,technical_check,vplc_status_cycle_duration_not_validated_as_Tper,0.057,100,работает
RUN_20260509_VPLC_L0_IDLE_10_20_S01_R01,VPLC_L0_IDLE_10_20,SER_20260509_VPLC_L0_IDLE_10_20_S01,vPLC_container,VPLC_HOST,800,,,2026-05-09T14:36:22.846916586Z,,,,host_log,10,20,,,,,,0,0,,technical_check,vplc_status_cycle_duration_not_validated_as_Tper,0.030,100,работает
RUN_20260509_VPLC_L0_IDLE_10_20_S01_R01,VPLC_L0_IDLE_10_20,SER_20260509_VPLC_L0_IDLE_10_20_S01,vPLC_container,VPLC_HOST,801,,,2026-05-09T14:36:23.899354976Z,,,,host_log,10,20,,,,,,0,0,,technical_check,vplc_status_cycle_duration_not_validated_as_Tper,0.055,100,работает
RUN_20260509_VPLC_L0_IDLE_10_20_S01_R01,VPLC_L0_IDLE_10_20,SER_20260509_VPLC_L0_IDLE_10_20_S01,vPLC_container,VPLC_HOST,802,,,2026-05-09T14:36:24.956964007Z,,,,host_log,10,20,,,,,,0,0,,technical_check,vplc_status_cycle_duration_not_validated_as_Tper,0.036,100,работает
RUN_20260509_VPLC_L0_IDLE_10_20_S01_R01,VPLC_L0_IDLE_10_20,SER_20260509_VPLC_L0_IDLE_10_20_S01,vPLC_container,VPLC_HOST,803,,,2026-05-09T14:36:26.014403562Z,,,,host_log,10,20,,,,,,0,0,,technical_check,vplc_status_cycle_duration_not_validated_as_Tper,0.056,100,работает
RUN_20260509_VPLC_L0_IDLE_10_20_S01_R01,VPLC_L0_IDLE_10_20,SER_20260509_VPLC_L0_IDLE_10_20_S01,vPLC_container,VPLC_HOST,804,,,2026-05-09T14:36:27.068927027Z,,,,host_log,10,20,,,,,,0,0,,technical_check,vplc_status_cycle_duration_not_validated_as_Tper,0.057,100,работает
RUN_20260509_VPLC_L0_IDLE_10_20_S01_R01,VPLC_L0_IDLE_10_20,SER_20260509_VPLC_L0_IDLE_10_20_S01,vPLC_container,VPLC_HOST,805,,,2026-05-09T14:36:28.122662399Z,,,,host_log,10,20,,,,,,0,0,,technical_check,vplc_status_cycle_duration_not_validated_as_Tper,0.036,100,работает
RUN_20260509_VPLC_L0_IDLE_10_20_S01_R01,VPLC_L0_IDLE_10_20,SER_20260509_VPLC_L0_IDLE_10_20_S01,vPLC_container,VPLC_HOST,806,,,2026-05-09T14:36:29.177392117Z,,,,host_log,10,20,,,,,,0,0,,technical_check,vplc_status_cycle_duration_not_validated_as_Tper,0.057,100,работает
RUN_20260509_VPLC_L0_IDLE_10_20_S01_R01,VPLC_L0_IDLE_10_20,SER_20260509_VPLC_L0_IDLE_10_20_S01,vPLC_container,VPLC_HOST,807,,,2026-05-09T14:36:30.231925516Z,,,,host_log,10,20,,,,,,0,0,,technical_check,vplc_status_cycle_duration_not_validated_as_Tper,0.036,100,работает
RUN_20260509_VPLC_L0_IDLE_10_20_S01_R01,VPLC_L0_IDLE_10_20,SER_20260509_VPLC_L0_IDLE_10_20_S01,vPLC_container,VPLC_HOST,808,,,2026-05-09T14:36:31.289959771Z,,,,host_log,10,20,,,,,,0,0,,technical_check,vplc_status_cycle_duration_not_validated_as_Tper,0.057,100,работает
RUN_20260509_VPLC_L0_IDLE_10_20_S01_R01,VPLC_L0_IDLE_10_20,SER_20260509_VPLC_L0_IDLE_10_20_S01,vPLC_container,VPLC_HOST,809,,,2026-05-09T14:36:32.345580430Z,,,,host_log,10,20,,,,,,0,0,,technical_check,vplc_status_cycle_duration_not_validated_as_Tper,4.604,100,работает
RUN_20260509_VPLC_L0_IDLE_10_20_S01_R01,VPLC_L0_IDLE_10_20,SER_20260509_VPLC_L0_IDLE_10_20_S01,vPLC_container,VPLC_HOST,810,,,2026-05-09T14:36:33.397417062Z,,,,host_log,10,20,,,,,,0,0,,technical_check,vplc_status_cycle_duration_not_validated_as_Tper,4.858,100,работает
RUN_20260509_VPLC_L0_IDLE_10_20_S01_R01,VPLC_L0_IDLE_10_20,SER_20260509_VPLC_L0_IDLE_10_20_S01,vPLC_container,VPLC_HOST,811,,,2026-05-09T14:36:34.453220259Z,,,,host_log,10,20,,,,,,0,0,,technical_check,vplc_status_cycle_duration_not_validated_as_Tper,0.025,100,работает
RUN_20260509_VPLC_L0_IDLE_10_20_S01_R01,VPLC_L0_IDLE_10_20,SER_20260509_VPLC_L0_IDLE_10_20_S01,vPLC_container,VPLC_HOST,812,,,2026-05-09T14:36:35.510139306Z,,,,host_log,10,20,,,,,,0,0,,technical_check,vplc_status_cycle_duration_not_validated_as_Tper,0.056,100,работает
RUN_20260509_VPLC_L0_IDLE_10_20_S01_R01,VPLC_L0_IDLE_10_20,SER_20260509_VPLC_L0_IDLE_10_20_S01,vPLC_container,VPLC_HOST,813,,,2026-05-09T14:36:36.566454629Z,,,,host_log,10,20,,,,,,0,0,,technical_check,vplc_status_cycle_duration_not_validated_as_Tper,0.042,100,работает
RUN_20260509_VPLC_L0_IDLE_10_20_S01_R01,VPLC_L0_IDLE_10_20,SER_20260509_VPLC_L0_IDLE_10_20_S01,vPLC_container,VPLC_HOST,814,,,2026-05-09T14:36:37.617696905Z,,,,host_log,10,20,,,,,,0,0,,technical_check,vplc_status_cycle_duration_not_validated_as_Tper,0.057,100,работает
RUN_20260509_VPLC_L0_IDLE_10_20_S01_R01,VPLC_L0_IDLE_10_20,SER_20260509_VPLC_L0_IDLE_10_20_S01,vPLC_container,VPLC_HOST,815,,,2026-05-09T14:36:38.674802292Z,,,,host_log,10,20,,,,,,0,0,,technical_check,vplc_status_cycle_duration_not_validated_as_Tper,0.056,100,работает
RUN_20260509_VPLC_L0_IDLE_10_20_S01_R01,VPLC_L0_IDLE_10_20,SER_20260509_VPLC_L0_IDLE_10_20_S01,vPLC_container,VPLC_HOST,816,,,2026-05-09T14:36:39.732484323Z,,,,host_log,10,20,,,,,,0,0,,technical_check,vplc_status_cycle_duration_not_validated_as_Tper,0.036,100,работает
RUN_20260509_VPLC_L0_IDLE_10_20_S01_R01,VPLC_L0_IDLE_10_20,SER_20260509_VPLC_L0_IDLE_10_20_S01,vPLC_container,VPLC_HOST,817,,,2026-05-09T14:36:40.787601373Z,,,,host_log,10,20,,,,,,0,0,,technical_check,vplc_status_cycle_duration_not_validated_as_Tper,0.056,100,работает
RUN_20260509_VPLC_L0_IDLE_10_20_S01_R01,VPLC_L0_IDLE_10_20,SER_20260509_VPLC_L0_IDLE_10_20_S01,vPLC_container,VPLC_HOST,818,,,2026-05-09T14:36:41.842036369Z,,,,host_log,10,20,,,,,,0,0,,technical_check,vplc_status_cycle_duration_not_validated_as_Tper,0.036,100,работает
RUN_20260509_VPLC_L0_IDLE_10_20_S01_R01,VPLC_L0_IDLE_10_20,SER_20260509_VPLC_L0_IDLE_10_20_S01,vPLC_container,VPLC_HOST,819,,,2026-05-09T14:36:42.896235181Z,,,,host_log,10,20,,,,,,0,0,,technical_check,vplc_status_cycle_duration_not_validated_as_Tper,0.057,100,работает
RUN_20260509_VPLC_L0_IDLE_10_20_S01_R01,VPLC_L0_IDLE_10_20,SER_20260509_VPLC_L0_IDLE_10_20_S01,vPLC_container,VPLC_HOST,820,,,2026-05-09T14:36:43.953270447Z,,,,host_log,10,20,,,,,,0,0,,technical_check,vplc_status_cycle_duration_not_validated_as_Tper,0.029,100,работает
RUN_20260509_VPLC_L0_IDLE_10_20_S01_R01,VPLC_L0_IDLE_10_20,SER_20260509_VPLC_L0_IDLE_10_20_S01,vPLC_container,VPLC_HOST,821,,,2026-05-09T14:36:45.007622180Z,,,,host_log,10,20,,,,,,0,0,,technical_check,vplc_status_cycle_duration_not_validated_as_Tper,0.056,100,работает
RUN_20260509_VPLC_L0_IDLE_10_20_S01_R01,VPLC_L0_IDLE_10_20,SER_20260509_VPLC_L0_IDLE_10_20_S01,vPLC_container,VPLC_HOST,822,,,2026-05-09T14:36:46.062737879Z,,,,host_log,10,20,,,,,,0,0,,technical_check,vplc_status_cycle_duration_not_validated_as_Tper,0.057,100,работает
RUN_20260509_VPLC_L0_IDLE_10_20_S01_R01,VPLC_L0_IDLE_10_20,SER_20260509_VPLC_L0_IDLE_10_20_S01,vPLC_container,VPLC_HOST,823,,,2026-05-09T14:36:47.119741449Z,,,,host_log,10,20,,,,,,0,0,,technical_check,vplc_status_cycle_duration_not_validated_as_Tper,0.057,100,работает
RUN_20260509_VPLC_L0_IDLE_10_20_S01_R01,VPLC_L0_IDLE_10_20,SER_20260509_VPLC_L0_IDLE_10_20_S01,vPLC_container,VPLC_HOST,824,,,2026-05-09T14:36:48.173583516Z,,,,host_log,10,20,,,,,,0,0,,technical_check,vplc_status_cycle_duration_not_validated_as_Tper,0.056,100,работает
RUN_20260509_VPLC_L0_IDLE_10_20_S01_R01,VPLC_L0_IDLE_10_20,SER_20260509_VPLC_L0_IDLE_10_20_S01,vPLC_container,VPLC_HOST,825,,,2026-05-09T14:36:49.230524949Z,,,,host_log,10,20,,,,,,0,0,,technical_check,vplc_status_cycle_duration_not_validated_as_Tper,0.037,100,работает
RUN_20260509_VPLC_L0_IDLE_10_20_S01_R01,VPLC_L0_IDLE_10_20,SER_20260509_VPLC_L0_IDLE_10_20_S01,vPLC_container,VPLC_HOST,826,,,2026-05-09T14:36:50.285174848Z,,,,host_log,10,20,,,,,,0,0,,technical_check,vplc_status_cycle_duration_not_validated_as_Tper,0.057,100,работает
RUN_20260509_VPLC_L0_IDLE_10_20_S01_R01,VPLC_L0_IDLE_10_20,SER_20260509_VPLC_L0_IDLE_10_20_S01,vPLC_container,VPLC_HOST,827,,,2026-05-09T14:36:51.340682213Z,,,,host_log,10,20,,,,,,0,0,,technical_check,vplc_status_cycle_duration_not_validated_as_Tper,4.008,100,работает
RUN_20260509_VPLC_L0_IDLE_10_20_S01_R01,VPLC_L0_IDLE_10_20,SER_20260509_VPLC_L0_IDLE_10_20_S01,vPLC_container,VPLC_HOST,828,,,2026-05-09T14:36:52.394902965Z,,,,host_log,10,20,,,,,,0,0,,technical_check,vplc_status_cycle_duration_not_validated_as_Tper,4.040,100,работает
RUN_20260509_VPLC_L0_IDLE_10_20_S01_R01,VPLC_L0_IDLE_10_20,SER_20260509_VPLC_L0_IDLE_10_20_S01,vPLC_container,VPLC_HOST,829,,,2026-05-09T14:36:53.452529426Z,,,,host_log,10,20,,,,,,0,0,,technical_check,vplc_status_cycle_duration_not_validated_as_Tper,0.020,100,работает
RUN_20260509_VPLC_L0_IDLE_10_20_S01_R01,VPLC_L0_IDLE_10_20,SER_20260509_VPLC_L0_IDLE_10_20_S01,vPLC_container,VPLC_HOST,830,,,2026-05-09T14:36:54.505147411Z,,,,host_log,10,20,,,,,,0,0,,technical_check,vplc_status_cycle_duration_not_validated_as_Tper,0.057,100,работает
RUN_20260509_VPLC_L0_IDLE_10_20_S01_R01,VPLC_L0_IDLE_10_20,SER_20260509_VPLC_L0_IDLE_10_20_S01,vPLC_container,VPLC_HOST,831,,,2026-05-09T14:36:55.561889587Z,,,,host_log,10,20,,,,,,0,0,,technical_check,vplc_status_cycle_duration_not_validated_as_Tper,0.056,100,работает
RUN_20260509_VPLC_L0_IDLE_10_20_S01_R01,VPLC_L0_IDLE_10_20,SER_20260509_VPLC_L0_IDLE_10_20_S01,vPLC_container,VPLC_HOST,832,,,2026-05-09T14:36:56.612638368Z,,,,host_log,10,20,,,,,,0,0,,technical_check,vplc_status_cycle_duration_not_validated_as_Tper,0.057,100,работает
RUN_20260509_VPLC_L0_IDLE_10_20_S01_R01,VPLC_L0_IDLE_10_20,SER_20260509_VPLC_L0_IDLE_10_20_S01,vPLC_container,VPLC_HOST,833,,,2026-05-09T14:36:57.673775628Z,,,,host_log,10,20,,,,,,0,0,,technical_check,vplc_status_cycle_duration_not_validated_as_Tper,0.057,100,работает
RUN_20260509_VPLC_L0_IDLE_10_20_S01_R01,VPLC_L0_IDLE_10_20,SER_20260509_VPLC_L0_IDLE_10_20_S01,vPLC_container,VPLC_HOST,834,,,2026-05-09T14:36:58.726119172Z,,,,host_log,10,20,,,,,,0,0,,technical_check,vplc_status_cycle_duration_not_validated_as_Tper,0.037,100,работает
RUN_20260509_VPLC_L0_IDLE_10_20_S01_R01,VPLC_L0_IDLE_10_20,SER_20260509_VPLC_L0_IDLE_10_20_S01,vPLC_container,VPLC_HOST,835,,,2026-05-09T14:36:59.782729375Z,,,,host_log,10,20,,,,,,0,0,,technical_check,vplc_status_cycle_duration_not_validated_as_Tper,0.056,100,работает
RUN_20260509_VPLC_L0_IDLE_10_20_S01_R01,VPLC_L0_IDLE_10_20,SER_20260509_VPLC_L0_IDLE_10_20_S01,vPLC_container,VPLC_HOST,836,,,2026-05-09T14:37:00.838708237Z,,,,host_log,10,20,,,,,,0,0,,technical_check,vplc_status_cycle_duration_not_validated_as_Tper,0.035,100,работает
RUN_20260509_VPLC_L0_IDLE_10_20_S01_R01,VPLC_L0_IDLE_10_20,SER_20260509_VPLC_L0_IDLE_10_20_S01,vPLC_container,VPLC_HOST,837,,,2026-05-09T14:37:01.894126346Z,,,,host_log,10,20,,,,,,0,0,,technical_check,vplc_status_cycle_duration_not_validated_as_Tper,0.056,100,работает
RUN_20260509_VPLC_L0_IDLE_10_20_S01_R01,VPLC_L0_IDLE_10_20,SER_20260509_VPLC_L0_IDLE_10_20_S01,vPLC_container,VPLC_HOST,838,,,2026-05-09T14:37:02.945550177Z,,,,host_log,10,20,,,,,,0,0,,technical_check,vplc_status_cycle_duration_not_validated_as_Tper,0.031,100,работает
RUN_20260509_VPLC_L0_IDLE_10_20_S01_R01,VPLC_L0_IDLE_10_20,SER_20260509_VPLC_L0_IDLE_10_20_S01,vPLC_container,VPLC_HOST,839,,,2026-05-09T14:37:04.005236569Z,,,,host_log,10,20,,,,,,0,0,,technical_check,vplc_status_cycle_duration_not_validated_as_Tper,0.055,100,работает
RUN_20260509_VPLC_L0_IDLE_10_20_S01_R01,VPLC_L0_IDLE_10_20,SER_20260509_VPLC_L0_IDLE_10_20_S01,vPLC_container,VPLC_HOST,840,,,2026-05-09T14:37:05.060712844Z,,,,host_log,10,20,,,,,,0,0,,technical_check,vplc_status_cycle_duration_not_validated_as_Tper,0.060,100,работает
RUN_20260509_VPLC_L0_IDLE_10_20_S01_R01,VPLC_L0_IDLE_10_20,SER_20260509_VPLC_L0_IDLE_10_20_S01,vPLC_container,VPLC_HOST,841,,,2026-05-09T14:37:06.113066078Z,,,,host_log,10,20,,,,,,0,0,,technical_check,vplc_status_cycle_duration_not_validated_as_Tper,0.057,100,работает
RUN_20260509_VPLC_L0_IDLE_10_20_S01_R01,VPLC_L0_IDLE_10_20,SER_20260509_VPLC_L0_IDLE_10_20_S01,vPLC_container,VPLC_HOST,842,,,2026-05-09T14:37:07.171765003Z,,,,host_log,10,20,,,,,,0,0,,technical_check,vplc_status_cycle_duration_not_validated_as_Tper,0.058,100,работает
RUN_20260509_VPLC_L0_IDLE_10_20_S01_R01,VPLC_L0_IDLE_10_20,SER_20260509_VPLC_L0_IDLE_10_20_S01,vPLC_container,VPLC_HOST,843,,,2026-05-09T14:37:08.226774586Z,,,,host_log,10,20,,,,,,0,0,,technical_check,vplc_status_cycle_duration_not_validated_as_Tper,0.035,100,работает
RUN_20260509_VPLC_L0_IDLE_10_20_S01_R01,VPLC_L0_IDLE_10_20,SER_20260509_VPLC_L0_IDLE_10_20_S01,vPLC_container,VPLC_HOST,844,,,2026-05-09T14:37:09.281145817Z,,,,host_log,10,20,,,,,,0,0,,technical_check,vplc_status_cycle_duration_not_validated_as_Tper,0.056,100,работает
RUN_20260509_VPLC_L0_IDLE_10_20_S01_R01,VPLC_L0_IDLE_10_20,SER_20260509_VPLC_L0_IDLE_10_20_S01,vPLC_container,VPLC_HOST,845,,,2026-05-09T14:37:10.337819214Z,,,,host_log,10,20,,,,,,0,0,,technical_check,vplc_status_cycle_duration_not_validated_as_Tper,4.138,100,работает
RUN_20260509_VPLC_L0_IDLE_10_20_S01_R01,VPLC_L0_IDLE_10_20,SER_20260509_VPLC_L0_IDLE_10_20_S01,vPLC_container,VPLC_HOST,846,,,2026-05-09T14:37:11.391747181Z,,,,host_log,10,20,,,,,,0,0,,technical_check,vplc_status_cycle_duration_not_validated_as_Tper,4.283,100,работает
RUN_20260509_VPLC_L0_IDLE_10_20_S01_R01,VPLC_L0_IDLE_10_20,SER_20260509_VPLC_L0_IDLE_10_20_S01,vPLC_container,VPLC_HOST,847,,,2026-05-09T14:37:12.448337082Z,,,,host_log,10,20,,,,,,0,0,,technical_check,vplc_status_cycle_duration_not_validated_as_Tper,0.028,100,работает
RUN_20260509_VPLC_L0_IDLE_10_20_S01_R01,VPLC_L0_IDLE_10_20,SER_20260509_VPLC_L0_IDLE_10_20_S01,vPLC_container,VPLC_HOST,848,,,2026-05-09T14:37:13.502588249Z,,,,host_log,10,20,,,,,,0,0,,technical_check,vplc_status_cycle_duration_not_validated_as_Tper,0.058,100,работает
RUN_20260509_VPLC_L0_IDLE_10_20_S01_R01,VPLC_L0_IDLE_10_20,SER_20260509_VPLC_L0_IDLE_10_20_S01,vPLC_container,VPLC_HOST,849,,,2026-05-09T14:37:14.556150080Z,,,,host_log,10,20,,,,,,0,0,,technical_check,vplc_status_cycle_duration_not_validated_as_Tper,0.034,100,работает
RUN_20260509_VPLC_L0_IDLE_10_20_S01_R01,VPLC_L0_IDLE_10_20,SER_20260509_VPLC_L0_IDLE_10_20_S01,vPLC_container,VPLC_HOST,850,,,2026-05-09T14:37:15.613426100Z,,,,host_log,10,20,,,,,,0,0,,technical_check,vplc_status_cycle_duration_not_validated_as_Tper,0.056,100,работает
RUN_20260509_VPLC_L0_IDLE_10_20_S01_R01,VPLC_L0_IDLE_10_20,SER_20260509_VPLC_L0_IDLE_10_20_S01,vPLC_container,VPLC_HOST,851,,,2026-05-09T14:37:16.667456130Z,,,,host_log,10,20,,,,,,0,0,,technical_check,vplc_status_cycle_duration_not_validated_as_Tper,0.057,100,работает
RUN_20260509_VPLC_L0_IDLE_10_20_S01_R01,VPLC_L0_IDLE_10_20,SER_20260509_VPLC_L0_IDLE_10_20_S01,vPLC_container,VPLC_HOST,852,,,2026-05-09T14:37:17.725210521Z,,,,host_log,10,20,,,,,,0,0,,technical_check,vplc_status_cycle_duration_not_validated_as_Tper,0.055,100,работает
RUN_20260509_VPLC_L0_IDLE_10_20_S01_R01,VPLC_L0_IDLE_10_20,SER_20260509_VPLC_L0_IDLE_10_20_S01,vPLC_container,VPLC_HOST,853,,,2026-05-09T14:37:18.777360688Z,,,,host_log,10,20,,,,,,0,0,,technical_check,vplc_status_cycle_duration_not_validated_as_Tper,0.056,100,работает
RUN_20260509_VPLC_L0_IDLE_10_20_S01_R01,VPLC_L0_IDLE_10_20,SER_20260509_VPLC_L0_IDLE_10_20_S01,vPLC_container,VPLC_HOST,854,,,2026-05-09T14:37:19.832324310Z,,,,host_log,10,20,,,,,,0,0,,technical_check,vplc_status_cycle_duration_not_validated_as_Tper,0.036,100,работает
RUN_20260509_VPLC_L0_IDLE_10_20_S01_R01,VPLC_L0_IDLE_10_20,SER_20260509_VPLC_L0_IDLE_10_20_S01,vPLC_container,VPLC_HOST,855,,,2026-05-09T14:37:20.888599825Z,,,,host_log,10,20,,,,,,0,0,,technical_check,vplc_status_cycle_duration_not_validated_as_Tper,0.057,100,работает
RUN_20260509_VPLC_L0_IDLE_10_20_S01_R01,VPLC_L0_IDLE_10_20,SER_20260509_VPLC_L0_IDLE_10_20_S01,vPLC_container,VPLC_HOST,856,,,2026-05-09T14:37:21.944129257Z,,,,host_log,10,20,,,,,,0,0,,technical_check,vplc_status_cycle_duration_not_validated_as_Tper,0.035,100,работает
RUN_20260509_VPLC_L0_IDLE_10_20_S01_R01,VPLC_L0_IDLE_10_20,SER_20260509_VPLC_L0_IDLE_10_20_S01,vPLC_container,VPLC_HOST,857,,,2026-05-09T14:37:22.997690114Z,,,,host_log,10,20,,,,,,0,0,,technical_check,vplc_status_cycle_duration_not_validated_as_Tper,0.056,100,работает
RUN_20260509_VPLC_L0_IDLE_10_20_S01_R01,VPLC_L0_IDLE_10_20,SER_20260509_VPLC_L0_IDLE_10_20_S01,vPLC_container,VPLC_HOST,858,,,2026-05-09T14:37:24.055445404Z,,,,host_log,10,20,,,,,,0,0,,technical_check,vplc_status_cycle_duration_not_validated_as_Tper,0.027,100,работает
RUN_20260509_VPLC_L0_IDLE_10_20_S01_R01,VPLC_L0_IDLE_10_20,SER_20260509_VPLC_L0_IDLE_10_20_S01,vPLC_container,VPLC_HOST,859,,,2026-05-09T14:37:25.110924613Z,,,,host_log,10,20,,,,,,0,0,,technical_check,vplc_status_cycle_duration_not_validated_as_Tper,0.056,100,работает
RUN_20260509_VPLC_L0_IDLE_10_20_S01_R01,VPLC_L0_IDLE_10_20,SER_20260509_VPLC_L0_IDLE_10_20_S01,vPLC_container,VPLC_HOST,860,,,2026-05-09T14:37:26.164701290Z,,,,host_log,10,20,,,,,,0,0,,technical_check,vplc_status_cycle_duration_not_validated_as_Tper,0.057,100,работает
RUN_20260509_VPLC_L0_IDLE_10_20_S01_R01,VPLC_L0_IDLE_10_20,SER_20260509_VPLC_L0_IDLE_10_20_S01,vPLC_container,VPLC_HOST,861,,,2026-05-09T14:37:27.221605544Z,,,,host_log,10,20,,,,,,0,0,,technical_check,vplc_status_cycle_duration_not_validated_as_Tper,0.054,100,работает
RUN_20260509_VPLC_L0_IDLE_10_20_S01_R01,VPLC_L0_IDLE_10_20,SER_20260509_VPLC_L0_IDLE_10_20_S01,vPLC_container,VPLC_HOST,862,,,2026-05-09T14:37:28.276696740Z,,,,host_log,10,20,,,,,,0,0,,technical_check,vplc_status_cycle_duration_not_validated_as_Tper,0.055,100,работает
RUN_20260509_VPLC_L0_IDLE_10_20_S01_R01,VPLC_L0_IDLE_10_20,SER_20260509_VPLC_L0_IDLE_10_20_S01,vPLC_container,VPLC_HOST,863,,,2026-05-09T14:37:29.329261341Z,,,,host_log,10,20,,,,,,0,0,,technical_check,vplc_status_cycle_duration_not_validated_as_Tper,4.467,100,работает
RUN_20260509_VPLC_L0_IDLE_10_20_S01_R01,VPLC_L0_IDLE_10_20,SER_20260509_VPLC_L0_IDLE_10_20_S01,vPLC_container,VPLC_HOST,864,,,2026-05-09T14:37:30.386301111Z,,,,host_log,10,20,,,,,,0,0,,technical_check,vplc_status_cycle_duration_not_validated_as_Tper,4.819,100,работает
RUN_20260509_VPLC_L0_IDLE_10_20_S01_R01,VPLC_L0_IDLE_10_20,SER_20260509_VPLC_L0_IDLE_10_20_S01,vPLC_container,VPLC_HOST,865,,,2026-05-09T14:37:31.440887973Z,,,,host_log,10,20,,,,,,0,0,,technical_check,vplc_status_cycle_duration_not_validated_as_Tper,0.033,100,работает
RUN_20260509_VPLC_L0_IDLE_10_20_S01_R01,VPLC_L0_IDLE_10_20,SER_20260509_VPLC_L0_IDLE_10_20_S01,vPLC_container,VPLC_HOST,866,,,2026-05-09T14:37:32.496509366Z,,,,host_log,10,20,,,,,,0,0,,technical_check,vplc_status_cycle_duration_not_validated_as_Tper,0.057,100,работает
RUN_20260509_VPLC_L0_IDLE_10_20_S01_R01,VPLC_L0_IDLE_10_20,SER_20260509_VPLC_L0_IDLE_10_20_S01,vPLC_container,VPLC_HOST,867,,,2026-05-09T14:37:33.552050490Z,,,,host_log,10,20,,,,,,0,0,,technical_check,vplc_status_cycle_duration_not_validated_as_Tper,0.019,100,работает
RUN_20260509_VPLC_L0_IDLE_10_20_S01_R01,VPLC_L0_IDLE_10_20,SER_20260509_VPLC_L0_IDLE_10_20_S01,vPLC_container,VPLC_HOST,868,,,2026-05-09T14:37:34.608715350Z,,,,host_log,10,20,,,,,,0,0,,technical_check,vplc_status_cycle_duration_not_validated_as_Tper,0.056,100,работает
RUN_20260509_VPLC_L0_IDLE_10_20_S01_R01,VPLC_L0_IDLE_10_20,SER_20260509_VPLC_L0_IDLE_10_20_S01,vPLC_container,VPLC_HOST,869,,,2026-05-09T14:37:35.661088436Z,,,,host_log,10,20,,,,,,0,0,,technical_check,vplc_status_cycle_duration_not_validated_as_Tper,0.057,100,работает
RUN_20260509_VPLC_L0_IDLE_10_20_S01_R01,VPLC_L0_IDLE_10_20,SER_20260509_VPLC_L0_IDLE_10_20_S01,vPLC_container,VPLC_HOST,870,,,2026-05-09T14:37:36.719110956Z,,,,host_log,10,20,,,,,,0,0,,technical_check,vplc_status_cycle_duration_not_validated_as_Tper,0.056,100,работает
RUN_20260509_VPLC_L0_IDLE_10_20_S01_R01,VPLC_L0_IDLE_10_20,SER_20260509_VPLC_L0_IDLE_10_20_S01,vPLC_container,VPLC_HOST,871,,,2026-05-09T14:37:37.773265515Z,,,,host_log,10,20,,,,,,0,0,,technical_check,vplc_status_cycle_duration_not_validated_as_Tper,0.056,100,работает
RUN_20260509_VPLC_L0_IDLE_10_20_S01_R01,VPLC_L0_IDLE_10_20,SER_20260509_VPLC_L0_IDLE_10_20_S01,vPLC_container,VPLC_HOST,872,,,2026-05-09T14:37:38.828931859Z,,,,host_log,10,20,,,,,,0,0,,technical_check,vplc_status_cycle_duration_not_validated_as_Tper,0.055,100,работает
RUN_20260509_VPLC_L0_IDLE_10_20_S01_R01,VPLC_L0_IDLE_10_20,SER_20260509_VPLC_L0_IDLE_10_20_S01,vPLC_container,VPLC_HOST,873,,,2026-05-09T14:37:39.884117150Z,,,,host_log,10,20,,,,,,0,0,,technical_check,vplc_status_cycle_duration_not_validated_as_Tper,0.057,100,работает
RUN_20260509_VPLC_L0_IDLE_10_20_S01_R01,VPLC_L0_IDLE_10_20,SER_20260509_VPLC_L0_IDLE_10_20_S01,vPLC_container,VPLC_HOST,874,,,2026-05-09T14:37:40.941066994Z,,,,host_log,10,20,,,,,,0,0,,technical_check,vplc_status_cycle_duration_not_validated_as_Tper,0.036,100,работает
RUN_20260509_VPLC_L0_IDLE_10_20_S01_R01,VPLC_L0_IDLE_10_20,SER_20260509_VPLC_L0_IDLE_10_20_S01,vPLC_container,VPLC_HOST,875,,,2026-05-09T14:37:41.995199830Z,,,,host_log,10,20,,,,,,0,0,,technical_check,vplc_status_cycle_duration_not_validated_as_Tper,0.057,100,работает
RUN_20260509_VPLC_L0_IDLE_10_20_S01_R01,VPLC_L0_IDLE_10_20,SER_20260509_VPLC_L0_IDLE_10_20_S01,vPLC_container,VPLC_HOST,876,,,2026-05-09T14:37:43.050721477Z,,,,host_log,10,20,,,,,,0,0,,technical_check,vplc_status_cycle_duration_not_validated_as_Tper,0.021,100,работает
RUN_20260509_VPLC_L0_IDLE_10_20_S01_R01,VPLC_L0_IDLE_10_20,SER_20260509_VPLC_L0_IDLE_10_20_S01,vPLC_container,VPLC_HOST,877,,,2026-05-09T14:37:44.106118913Z,,,,host_log,10,20,,,,,,0,0,,technical_check,vplc_status_cycle_duration_not_validated_as_Tper,0.053,100,работает
RUN_20260509_VPLC_L0_IDLE_10_20_S01_R01,VPLC_L0_IDLE_10_20,SER_20260509_VPLC_L0_IDLE_10_20_S01,vPLC_container,VPLC_HOST,878,,,2026-05-09T14:37:45.163114552Z,,,,host_log,10,20,,,,,,0,0,,technical_check,vplc_status_cycle_duration_not_validated_as_Tper,0.058,100,работает
RUN_20260509_VPLC_L0_IDLE_10_20_S01_R01,VPLC_L0_IDLE_10_20,SER_20260509_VPLC_L0_IDLE_10_20_S01,vPLC_container,VPLC_HOST,879,,,2026-05-09T14:37:46.218074409Z,,,,host_log,10,20,,,,,,0,0,,technical_check,vplc_status_cycle_duration_not_validated_as_Tper,0.054,100,работает
RUN_20260509_VPLC_L0_IDLE_10_20_S01_R01,VPLC_L0_IDLE_10_20,SER_20260509_VPLC_L0_IDLE_10_20_S01,vPLC_container,VPLC_HOST,880,,,2026-05-09T14:37:47.272944797Z,,,,host_log,10,20,,,,,,0,0,,technical_check,vplc_status_cycle_duration_not_validated_as_Tper,0.058,100,работает
RUN_20260509_VPLC_L0_IDLE_10_20_S01_R01,VPLC_L0_IDLE_10_20,SER_20260509_VPLC_L0_IDLE_10_20_S01,vPLC_container,VPLC_HOST,881,,,2026-05-09T14:37:48.327851564Z,,,,host_log,10,20,,,,,,0,0,,technical_check,vplc_status_cycle_duration_not_validated_as_Tper,0.055,100,работает
RUN_20260509_VPLC_L0_IDLE_10_20_S01_R01,VPLC_L0_IDLE_10_20,SER_20260509_VPLC_L0_IDLE_10_20_S01,vPLC_container,VPLC_HOST,882,,,2026-05-09T14:37:49.380398963Z,,,,host_log,10,20,,,,,,0,0,,technical_check,vplc_status_cycle_duration_not_validated_as_Tper,4.672,100,работает
RUN_20260509_VPLC_L0_IDLE_10_20_S01_R01,VPLC_L0_IDLE_10_20,SER_20260509_VPLC_L0_IDLE_10_20_S01,vPLC_container,VPLC_HOST,883,,,2026-05-09T14:37:50.431082507Z,,,,host_log,10,20,,,,,,0,0,,technical_check,vplc_status_cycle_duration_not_validated_as_Tper,0.036,100,работает
RUN_20260509_VPLC_L0_IDLE_10_20_S01_R01,VPLC_L0_IDLE_10_20,SER_20260509_VPLC_L0_IDLE_10_20_S01,vPLC_container,VPLC_HOST,884,,,2026-05-09T14:37:51.486387947Z,,,,host_log,10,20,,,,,,0,0,,technical_check,vplc_status_cycle_duration_not_validated_as_Tper,0.052,100,работает
RUN_20260509_VPLC_L0_IDLE_10_20_S01_R01,VPLC_L0_IDLE_10_20,SER_20260509_VPLC_L0_IDLE_10_20_S01,vPLC_container,VPLC_HOST,885,,,2026-05-09T14:37:52.541611312Z,,,,host_log,10,20,,,,,,0,0,,technical_check,vplc_status_cycle_duration_not_validated_as_Tper,0.035,100,работает
RUN_20260509_VPLC_L0_IDLE_10_20_S01_R01,VPLC_L0_IDLE_10_20,SER_20260509_VPLC_L0_IDLE_10_20_S01,vPLC_container,VPLC_HOST,886,,,2026-05-09T14:37:53.598321970Z,,,,host_log,10,20,,,,,,0,0,,technical_check,vplc_status_cycle_duration_not_validated_as_Tper,0.056,100,работает
RUN_20260509_VPLC_L0_IDLE_10_20_S01_R01,VPLC_L0_IDLE_10_20,SER_20260509_VPLC_L0_IDLE_10_20_S01,vPLC_container,VPLC_HOST,887,,,2026-05-09T14:37:54.650943749Z,,,,host_log,10,20,,,,,,0,0,,technical_check,vplc_status_cycle_duration_not_validated_as_Tper,0.020,100,работает
RUN_20260509_VPLC_L0_IDLE_10_20_S01_R01,VPLC_L0_IDLE_10_20,SER_20260509_VPLC_L0_IDLE_10_20_S01,vPLC_container,VPLC_HOST,888,,,2026-05-09T14:37:55.707994571Z,,,,host_log,10,20,,,,,,0,0,,technical_check,vplc_status_cycle_duration_not_validated_as_Tper,0.058,100,работает
RUN_20260509_VPLC_L0_IDLE_10_20_S01_R01,VPLC_L0_IDLE_10_20,SER_20260509_VPLC_L0_IDLE_10_20_S01,vPLC_container,VPLC_HOST,889,,,2026-05-09T14:37:56.762055146Z,,,,host_log,10,20,,,,,,0,0,,technical_check,vplc_status_cycle_duration_not_validated_as_Tper,0.057,100,работает
RUN_20260509_VPLC_L0_IDLE_10_20_S01_R01,VPLC_L0_IDLE_10_20,SER_20260509_VPLC_L0_IDLE_10_20_S01,vPLC_container,VPLC_HOST,890,,,2026-05-09T14:37:57.819078054Z,,,,host_log,10,20,,,,,,0,0,,technical_check,vplc_status_cycle_duration_not_validated_as_Tper,0.053,100,работает
RUN_20260509_VPLC_L0_IDLE_10_20_S01_R01,VPLC_L0_IDLE_10_20,SER_20260509_VPLC_L0_IDLE_10_20_S01,vPLC_container,VPLC_HOST,891,,,2026-05-09T14:37:58.875285067Z,,,,host_log,10,20,,,,,,0,0,,technical_check,vplc_status_cycle_duration_not_validated_as_Tper,0.055,100,работает
RUN_20260509_VPLC_L0_IDLE_10_20_S01_R01,VPLC_L0_IDLE_10_20,SER_20260509_VPLC_L0_IDLE_10_20_S01,vPLC_container,VPLC_HOST,892,,,2026-05-09T14:37:59.931308476Z,,,,host_log,10,20,,,,,,0,0,,technical_check,vplc_status_cycle_duration_not_validated_as_Tper,0.036,100,работает
RUN_20260509_VPLC_L0_IDLE_10_20_S01_R01,VPLC_L0_IDLE_10_20,SER_20260509_VPLC_L0_IDLE_10_20_S01,vPLC_container,VPLC_HOST,893,,,2026-05-09T14:38:00.983412928Z,,,,host_log,10,20,,,,,,0,0,,technical_check,vplc_status_cycle_duration_not_validated_as_Tper,0.056,100,работает
RUN_20260509_VPLC_L0_IDLE_10_20_S01_R01,VPLC_L0_IDLE_10_20,SER_20260509_VPLC_L0_IDLE_10_20_S01,vPLC_container,VPLC_HOST,894,,,2026-05-09T14:38:02.040338804Z,,,,host_log,10,20,,,,,,0,0,,technical_check,vplc_status_cycle_duration_not_validated_as_Tper,0.036,100,работает
RUN_20260509_VPLC_L0_IDLE_10_20_S01_R01,VPLC_L0_IDLE_10_20,SER_20260509_VPLC_L0_IDLE_10_20_S01,vPLC_container,VPLC_HOST,895,,,2026-05-09T14:38:03.092658777Z,,,,host_log,10,20,,,,,,0,0,,technical_check,vplc_status_cycle_duration_not_validated_as_Tper,0.056,100,работает
RUN_20260509_VPLC_L0_IDLE_10_20_S01_R01,VPLC_L0_IDLE_10_20,SER_20260509_VPLC_L0_IDLE_10_20_S01,vPLC_container,VPLC_HOST,896,,,2026-05-09T14:38:04.149186030Z,,,,host_log,10,20,,,,,,0,0,,technical_check,vplc_status_cycle_duration_not_validated_as_Tper,0.025,100,работает
RUN_20260509_VPLC_L0_IDLE_10_20_S01_R01,VPLC_L0_IDLE_10_20,SER_20260509_VPLC_L0_IDLE_10_20_S01,vPLC_container,VPLC_HOST,897,,,2026-05-09T14:38:05.206821417Z,,,,host_log,10,20,,,,,,0,0,,technical_check,vplc_status_cycle_duration_not_validated_as_Tper,0.057,100,работает
RUN_20260509_VPLC_L0_IDLE_10_20_S01_R01,VPLC_L0_IDLE_10_20,SER_20260509_VPLC_L0_IDLE_10_20_S01,vPLC_container,VPLC_HOST,898,,,2026-05-09T14:38:06.260680951Z,,,,host_log,10,20,,,,,,0,0,,technical_check,vplc_status_cycle_duration_not_validated_as_Tper,0.058,100,работает
RUN_20260509_VPLC_L0_IDLE_10_20_S01_R01,VPLC_L0_IDLE_10_20,SER_20260509_VPLC_L0_IDLE_10_20_S01,vPLC_container,VPLC_HOST,899,,,2026-05-09T14:38:07.316902328Z,,,,host_log,10,20,,,,,,0,0,,technical_check,vplc_status_cycle_duration_not_validated_as_Tper,0.054,100,работает
RUN_20260509_VPLC_L0_IDLE_10_20_S01_R01,VPLC_L0_IDLE_10_20,SER_20260509_VPLC_L0_IDLE_10_20_S01,vPLC_container,VPLC_HOST,900,,,2026-05-09T14:38:08.373461640Z,,,,host_log,10,20,,,,,,0,0,,technical_check,vplc_status_cycle_duration_not_validated_as_Tper,4.164,100,работает
RUN_20260509_VPLC_L0_IDLE_10_20_S01_R01,VPLC_L0_IDLE_10_20,SER_20260509_VPLC_L0_IDLE_10_20_S01,vPLC_container,VPLC_HOST,901,,,2026-05-09T14:38:09.424618104Z,,,,host_log,10,20,,,,,,0,0,,technical_check,vplc_status_cycle_duration_not_validated_as_Tper,0.035,100,работает
RUN_20260509_VPLC_L0_IDLE_10_20_S01_R01,VPLC_L0_IDLE_10_20,SER_20260509_VPLC_L0_IDLE_10_20_S01,vPLC_container,VPLC_HOST,902,,,2026-05-09T14:38:10.481959636Z,,,,host_log,10,20,,,,,,0,0,,technical_check,vplc_status_cycle_duration_not_validated_as_Tper,0.058,100,работает
RUN_20260509_VPLC_L0_IDLE_10_20_S01_R01,VPLC_L0_IDLE_10_20,SER_20260509_VPLC_L0_IDLE_10_20_S01,vPLC_container,VPLC_HOST,903,,,2026-05-09T14:38:11.537069563Z,,,,host_log,10,20,,,,,,0,0,,technical_check,vplc_status_cycle_duration_not_validated_as_Tper,0.036,100,работает
RUN_20260509_VPLC_L0_IDLE_10_20_S01_R01,VPLC_L0_IDLE_10_20,SER_20260509_VPLC_L0_IDLE_10_20_S01,vPLC_container,VPLC_HOST,904,,,2026-05-09T14:38:12.593108860Z,,,,host_log,10,20,,,,,,0,0,,technical_check,vplc_status_cycle_duration_not_validated_as_Tper,0.055,100,работает
RUN_20260509_VPLC_L0_IDLE_10_20_S01_R01,VPLC_L0_IDLE_10_20,SER_20260509_VPLC_L0_IDLE_10_20_S01,vPLC_container,VPLC_HOST,905,,,2026-05-09T14:38:13.648291195Z,,,,host_log,10,20,,,,,,0,0,,technical_check,vplc_status_cycle_duration_not_validated_as_Tper,0.025,100,работает
RUN_20260509_VPLC_L0_IDLE_10_20_S01_R01,VPLC_L0_IDLE_10_20,SER_20260509_VPLC_L0_IDLE_10_20_S01,vPLC_container,VPLC_HOST,906,,,2026-05-09T14:38:14.704096821Z,,,,host_log,10,20,,,,,,0,0,,technical_check,vplc_status_cycle_duration_not_validated_as_Tper,0.055,100,работает
RUN_20260509_VPLC_L0_IDLE_10_20_S01_R01,VPLC_L0_IDLE_10_20,SER_20260509_VPLC_L0_IDLE_10_20_S01,vPLC_container,VPLC_HOST,907,,,2026-05-09T14:38:15.757728933Z,,,,host_log,10,20,,,,,,0,0,,technical_check,vplc_status_cycle_duration_not_validated_as_Tper,0.039,100,работает
RUN_20260509_VPLC_L0_IDLE_10_20_S01_R01,VPLC_L0_IDLE_10_20,SER_20260509_VPLC_L0_IDLE_10_20_S01,vPLC_container,VPLC_HOST,908,,,2026-05-09T14:38:16.811786310Z,,,,host_log,10,20,,,,,,0,0,,technical_check,vplc_status_cycle_duration_not_validated_as_Tper,0.056,100,работает
RUN_20260509_VPLC_L0_IDLE_10_20_S01_R01,VPLC_L0_IDLE_10_20,SER_20260509_VPLC_L0_IDLE_10_20_S01,vPLC_container,VPLC_HOST,909,,,2026-05-09T14:38:17.863576140Z,,,,host_log,10,20,,,,,,0,0,,technical_check,vplc_status_cycle_duration_not_validated_as_Tper,0.056,100,работает
RUN_20260509_VPLC_L0_IDLE_10_20_S01_R01,VPLC_L0_IDLE_10_20,SER_20260509_VPLC_L0_IDLE_10_20_S01,vPLC_container,VPLC_HOST,910,,,2026-05-09T14:38:18.924640340Z,,,,host_log,10,20,,,,,,0,0,,technical_check,vplc_status_cycle_duration_not_validated_as_Tper,0.056,100,работает
RUN_20260509_VPLC_L0_IDLE_10_20_S01_R01,VPLC_L0_IDLE_10_20,SER_20260509_VPLC_L0_IDLE_10_20_S01,vPLC_container,VPLC_HOST,911,,,2026-05-09T14:38:19.981129905Z,,,,host_log,10,20,,,,,,0,0,,technical_check,vplc_status_cycle_duration_not_validated_as_Tper,0.056,100,работает
RUN_20260509_VPLC_L0_IDLE_10_20_S01_R01,VPLC_L0_IDLE_10_20,SER_20260509_VPLC_L0_IDLE_10_20_S01,vPLC_container,VPLC_HOST,912,,,2026-05-09T14:38:21.031782053Z,,,,host_log,10,20,,,,,,0,0,,technical_check,vplc_status_cycle_duration_not_validated_as_Tper,0.036,100,работает
RUN_20260509_VPLC_L0_IDLE_10_20_S01_R01,VPLC_L0_IDLE_10_20,SER_20260509_VPLC_L0_IDLE_10_20_S01,vPLC_container,VPLC_HOST,913,,,2026-05-09T14:38:22.090134745Z,,,,host_log,10,20,,,,,,0,0,,technical_check,vplc_status_cycle_duration_not_validated_as_Tper,0.057,100,работает
RUN_20260509_VPLC_L0_IDLE_10_20_S01_R01,VPLC_L0_IDLE_10_20,SER_20260509_VPLC_L0_IDLE_10_20_S01,vPLC_container,VPLC_HOST,914,,,2026-05-09T14:38:23.144536698Z,,,,host_log,10,20,,,,,,0,0,,technical_check,vplc_status_cycle_duration_not_validated_as_Tper,0.036,100,работает
RUN_20260509_VPLC_L0_IDLE_10_20_S01_R01,VPLC_L0_IDLE_10_20,SER_20260509_VPLC_L0_IDLE_10_20_S01,vPLC_container,VPLC_HOST,915,,,2026-05-09T14:38:24.199325759Z,,,,host_log,10,20,,,,,,0,0,,technical_check,vplc_status_cycle_duration_not_validated_as_Tper,0.056,100,работает
RUN_20260509_VPLC_L0_IDLE_10_20_S01_R01,VPLC_L0_IDLE_10_20,SER_20260509_VPLC_L0_IDLE_10_20_S01,vPLC_container,VPLC_HOST,916,,,2026-05-09T14:38:25.257336493Z,,,,host_log,10,20,,,,,,0,0,,technical_check,vplc_status_cycle_duration_not_validated_as_Tper,0.033,100,работает
RUN_20260509_VPLC_L0_IDLE_10_20_S01_R01,VPLC_L0_IDLE_10_20,SER_20260509_VPLC_L0_IDLE_10_20_S01,vPLC_container,VPLC_HOST,917,,,2026-05-09T14:38:26.309667776Z,,,,host_log,10,20,,,,,,0,0,,technical_check,vplc_status_cycle_duration_not_validated_as_Tper,0.057,100,работает
RUN_20260509_VPLC_L0_IDLE_10_20_S01_R01,VPLC_L0_IDLE_10_20,SER_20260509_VPLC_L0_IDLE_10_20_S01,vPLC_container,VPLC_HOST,918,,,2026-05-09T14:38:27.366424650Z,,,,host_log,10,20,,,,,,0,0,,technical_check,vplc_status_cycle_duration_not_validated_as_Tper,4.368,100,работает
RUN_20260509_VPLC_L0_IDLE_10_20_S01_R01,VPLC_L0_IDLE_10_20,SER_20260509_VPLC_L0_IDLE_10_20_S01,vPLC_container,VPLC_HOST,919,,,2026-05-09T14:38:28.422619179Z,,,,host_log,10,20,,,,,,0,0,,technical_check,vplc_status_cycle_duration_not_validated_as_Tper,0.059,100,работает
RUN_20260509_VPLC_L0_IDLE_10_20_S01_R01,VPLC_L0_IDLE_10_20,SER_20260509_VPLC_L0_IDLE_10_20_S01,vPLC_container,VPLC_HOST,920,,,2026-05-09T14:38:29.477062228Z,,,,host_log,10,20,,,,,,0,0,,technical_check,vplc_status_cycle_duration_not_validated_as_Tper,0.056,100,работает
RUN_20260509_VPLC_L0_IDLE_10_20_S01_R01,VPLC_L0_IDLE_10_20,SER_20260509_VPLC_L0_IDLE_10_20_S01,vPLC_container,VPLC_HOST,921,,,2026-05-09T14:38:30.530727632Z,,,,host_log,10,20,,,,,,0,0,,technical_check,vplc_status_cycle_duration_not_validated_as_Tper,0.036,100,работает
RUN_20260509_VPLC_L0_IDLE_10_20_S01_R01,VPLC_L0_IDLE_10_20,SER_20260509_VPLC_L0_IDLE_10_20_S01,vPLC_container,VPLC_HOST,922,,,2026-05-09T14:38:31.586263441Z,,,,host_log,10,20,,,,,,0,0,,technical_check,vplc_status_cycle_duration_not_validated_as_Tper,0.056,100,работает
RUN_20260509_VPLC_L0_IDLE_10_20_S01_R01,VPLC_L0_IDLE_10_20,SER_20260509_VPLC_L0_IDLE_10_20_S01,vPLC_container,VPLC_HOST,923,,,2026-05-09T14:38:32.643290824Z,,,,host_log,10,20,,,,,,0,0,,technical_check,vplc_status_cycle_duration_not_validated_as_Tper,0.035,100,работает
RUN_20260509_VPLC_L0_IDLE_10_20_S01_R01,VPLC_L0_IDLE_10_20,SER_20260509_VPLC_L0_IDLE_10_20_S01,vPLC_container,VPLC_HOST,924,,,2026-05-09T14:38:33.699354804Z,,,,host_log,10,20,,,,,,0,0,,technical_check,vplc_status_cycle_duration_not_validated_as_Tper,0.058,100,работает
RUN_20260509_VPLC_L0_IDLE_10_20_S01_R01,VPLC_L0_IDLE_10_20,SER_20260509_VPLC_L0_IDLE_10_20_S01,vPLC_container,VPLC_HOST,925,,,2026-05-09T14:38:34.753692224Z,,,,host_log,10,20,,,,,,0,0,,technical_check,vplc_status_cycle_duration_not_validated_as_Tper,0.028,100,работает
RUN_20260509_VPLC_L0_IDLE_10_20_S01_R01,VPLC_L0_IDLE_10_20,SER_20260509_VPLC_L0_IDLE_10_20_S01,vPLC_container,VPLC_HOST,926,,,2026-05-09T14:38:35.808876661Z,,,,host_log,10,20,,,,,,0,0,,technical_check,vplc_status_cycle_duration_not_validated_as_Tper,0.055,100,работает
RUN_20260509_VPLC_L0_IDLE_10_20_S01_R01,VPLC_L0_IDLE_10_20,SER_20260509_VPLC_L0_IDLE_10_20_S01,vPLC_container,VPLC_HOST,927,,,2026-05-09T14:38:36.862961598Z,,,,host_log,10,20,,,,,,0,0,,technical_check,vplc_status_cycle_duration_not_validated_as_Tper,0.056,100,работает
RUN_20260509_VPLC_L0_IDLE_10_20_S01_R01,VPLC_L0_IDLE_10_20,SER_20260509_VPLC_L0_IDLE_10_20_S01,vPLC_container,VPLC_HOST,928,,,2026-05-09T14:38:37.920602994Z,,,,host_log,10,20,,,,,,0,0,,technical_check,vplc_status_cycle_duration_not_validated_as_Tper,0.054,100,работает
RUN_20260509_VPLC_L0_IDLE_10_20_S01_R01,VPLC_L0_IDLE_10_20,SER_20260509_VPLC_L0_IDLE_10_20_S01,vPLC_container,VPLC_HOST,929,,,2026-05-09T14:38:38.973376431Z,,,,host_log,10,20,,,,,,0,0,,technical_check,vplc_status_cycle_duration_not_validated_as_Tper,0.057,100,работает
RUN_20260509_VPLC_L0_IDLE_10_20_S01_R01,VPLC_L0_IDLE_10_20,SER_20260509_VPLC_L0_IDLE_10_20_S01,vPLC_container,VPLC_HOST,930,,,2026-05-09T14:38:40.028002063Z,,,,host_log,10,20,,,,,,0,0,,technical_check,vplc_status_cycle_duration_not_validated_as_Tper,0.052,100,работает
RUN_20260509_VPLC_L0_IDLE_10_20_S01_R01,VPLC_L0_IDLE_10_20,SER_20260509_VPLC_L0_IDLE_10_20_S01,vPLC_container,VPLC_HOST,931,,,2026-05-09T14:38:41.082439933Z,,,,host_log,10,20,,,,,,0,0,,technical_check,vplc_status_cycle_duration_not_validated_as_Tper,0.056,100,работает
RUN_20260509_VPLC_L0_IDLE_10_20_S01_R01,VPLC_L0_IDLE_10_20,SER_20260509_VPLC_L0_IDLE_10_20_S01,vPLC_container,VPLC_HOST,932,,,2026-05-09T14:38:42.138958029Z,,,,host_log,10,20,,,,,,0,0,,technical_check,vplc_status_cycle_duration_not_validated_as_Tper,0.037,100,работает
RUN_20260509_VPLC_L0_IDLE_10_20_S01_R01,VPLC_L0_IDLE_10_20,SER_20260509_VPLC_L0_IDLE_10_20_S01,vPLC_container,VPLC_HOST,933,,,2026-05-09T14:38:43.192466912Z,,,,host_log,10,20,,,,,,0,0,,technical_check,vplc_status_cycle_duration_not_validated_as_Tper,0.056,100,работает
RUN_20260509_VPLC_L0_IDLE_10_20_S01_R01,VPLC_L0_IDLE_10_20,SER_20260509_VPLC_L0_IDLE_10_20_S01,vPLC_container,VPLC_HOST,934,,,2026-05-09T14:38:44.248444521Z,,,,host_log,10,20,,,,,,0,0,,technical_check,vplc_status_cycle_duration_not_validated_as_Tper,0.028,100,работает
RUN_20260509_VPLC_L0_IDLE_10_20_S01_R01,VPLC_L0_IDLE_10_20,SER_20260509_VPLC_L0_IDLE_10_20_S01,vPLC_container,VPLC_HOST,935,,,2026-05-09T14:38:45.305349955Z,,,,host_log,10,20,,,,,,0,0,,technical_check,vplc_status_cycle_duration_not_validated_as_Tper,0.053,100,работает
RUN_20260509_VPLC_L0_IDLE_10_20_S01_R01,VPLC_L0_IDLE_10_20,SER_20260509_VPLC_L0_IDLE_10_20_S01,vPLC_container,VPLC_HOST,936,,,2026-05-09T14:38:46.359421651Z,,,,host_log,10,20,,,,,,0,0,,technical_check,vplc_status_cycle_duration_not_validated_as_Tper,4.456,100,работает
RUN_20260509_VPLC_L0_IDLE_10_20_S01_R01,VPLC_L0_IDLE_10_20,SER_20260509_VPLC_L0_IDLE_10_20_S01,vPLC_container,VPLC_HOST,937,,,2026-05-09T14:38:47.415297880Z,,,,host_log,10,20,,,,,,0,0,,technical_check,vplc_status_cycle_duration_not_validated_as_Tper,4.888,100,работает
RUN_20260509_VPLC_L0_IDLE_10_20_S01_R01,VPLC_L0_IDLE_10_20,SER_20260509_VPLC_L0_IDLE_10_20_S01,vPLC_container,VPLC_HOST,938,,,2026-05-09T14:38:48.473144405Z,,,,host_log,10,20,,,,,,0,0,,technical_check,vplc_status_cycle_duration_not_validated_as_Tper,0.056,100,работает
RUN_20260509_VPLC_L0_IDLE_10_20_S01_R01,VPLC_L0_IDLE_10_20,SER_20260509_VPLC_L0_IDLE_10_20_S01,vPLC_container,VPLC_HOST,939,,,2026-05-09T14:38:49.525640658Z,,,,host_log,10,20,,,,,,0,0,,technical_check,vplc_status_cycle_duration_not_validated_as_Tper,0.036,100,работает
RUN_20260509_VPLC_L0_IDLE_10_20_S01_R01,VPLC_L0_IDLE_10_20,SER_20260509_VPLC_L0_IDLE_10_20_S01,vPLC_container,VPLC_HOST,940,,,2026-05-09T14:38:50.579788496Z,,,,host_log,10,20,,,,,,0,0,,technical_check,vplc_status_cycle_duration_not_validated_as_Tper,0.056,100,работает
RUN_20260509_VPLC_L0_IDLE_10_20_S01_R01,VPLC_L0_IDLE_10_20,SER_20260509_VPLC_L0_IDLE_10_20_S01,vPLC_container,VPLC_HOST,941,,,2026-05-09T14:38:51.637289858Z,,,,host_log,10,20,,,,,,0,0,,technical_check,vplc_status_cycle_duration_not_validated_as_Tper,0.053,100,работает
RUN_20260509_VPLC_L0_IDLE_10_20_S01_R01,VPLC_L0_IDLE_10_20,SER_20260509_VPLC_L0_IDLE_10_20_S01,vPLC_container,VPLC_HOST,942,,,2026-05-09T14:38:52.695391899Z,,,,host_log,10,20,,,,,,0,0,,technical_check,vplc_status_cycle_duration_not_validated_as_Tper,0.055,100,работает
RUN_20260509_VPLC_L0_IDLE_10_20_S01_R01,VPLC_L0_IDLE_10_20,SER_20260509_VPLC_L0_IDLE_10_20_S01,vPLC_container,VPLC_HOST,943,,,2026-05-09T14:38:53.749487406Z,,,,host_log,10,20,,,,,,0,0,,technical_check,vplc_status_cycle_duration_not_validated_as_Tper,0.027,100,работает
RUN_20260509_VPLC_L0_IDLE_10_20_S01_R01,VPLC_L0_IDLE_10_20,SER_20260509_VPLC_L0_IDLE_10_20_S01,vPLC_container,VPLC_HOST,944,,,2026-05-09T14:38:54.805449029Z,,,,host_log,10,20,,,,,,0,0,,technical_check,vplc_status_cycle_duration_not_validated_as_Tper,0.055,100,работает
RUN_20260509_VPLC_L0_IDLE_10_20_S01_R01,VPLC_L0_IDLE_10_20,SER_20260509_VPLC_L0_IDLE_10_20_S01,vPLC_container,VPLC_HOST,945,,,2026-05-09T14:38:55.858287640Z,,,,host_log,10,20,,,,,,0,0,,technical_check,vplc_status_cycle_duration_not_validated_as_Tper,0.041,100,работает
RUN_20260509_VPLC_L0_IDLE_10_20_S01_R01,VPLC_L0_IDLE_10_20,SER_20260509_VPLC_L0_IDLE_10_20_S01,vPLC_container,VPLC_HOST,946,,,2026-05-09T14:38:56.916486030Z,,,,host_log,10,20,,,,,,0,0,,technical_check,vplc_status_cycle_duration_not_validated_as_Tper,0.056,100,работает
RUN_20260509_VPLC_L0_IDLE_10_20_S01_R01,VPLC_L0_IDLE_10_20,SER_20260509_VPLC_L0_IDLE_10_20_S01,vPLC_container,VPLC_HOST,947,,,2026-05-09T14:38:57.967916426Z,,,,host_log,10,20,,,,,,0,0,,technical_check,vplc_status_cycle_duration_not_validated_as_Tper,0.057,100,работает
RUN_20260509_VPLC_L0_IDLE_10_20_S01_R01,VPLC_L0_IDLE_10_20,SER_20260509_VPLC_L0_IDLE_10_20_S01,vPLC_container,VPLC_HOST,948,,,2026-05-09T14:38:59.026727347Z,,,,host_log,10,20,,,,,,0,0,,technical_check,vplc_status_cycle_duration_not_validated_as_Tper,0.040,100,работает
RUN_20260509_VPLC_L0_IDLE_10_20_S01_R01,VPLC_L0_IDLE_10_20,SER_20260509_VPLC_L0_IDLE_10_20_S01,vPLC_container,VPLC_HOST,949,,,2026-05-09T14:39:00.079299769Z,,,,host_log,10,20,,,,,,0,0,,technical_check,vplc_status_cycle_duration_not_validated_as_Tper,0.056,100,работает
RUN_20260509_VPLC_L0_IDLE_10_20_S01_R01,VPLC_L0_IDLE_10_20,SER_20260509_VPLC_L0_IDLE_10_20_S01,vPLC_container,VPLC_HOST,950,,,2026-05-09T14:39:01.134060284Z,,,,host_log,10,20,,,,,,0,0,,technical_check,vplc_status_cycle_duration_not_validated_as_Tper,0.037,100,работает
RUN_20260509_VPLC_L0_IDLE_10_20_S01_R01,VPLC_L0_IDLE_10_20,SER_20260509_VPLC_L0_IDLE_10_20_S01,vPLC_container,VPLC_HOST,951,,,2026-05-09T14:39:02.188833383Z,,,,host_log,10,20,,,,,,0,0,,technical_check,vplc_status_cycle_duration_not_validated_as_Tper,0.056,100,работает
RUN_20260509_VPLC_L0_IDLE_10_20_S01_R01,VPLC_L0_IDLE_10_20,SER_20260509_VPLC_L0_IDLE_10_20_S01,vPLC_container,VPLC_HOST,952,,,2026-05-09T14:39:03.246283435Z,,,,host_log,10,20,,,,,,0,0,,technical_check,vplc_status_cycle_duration_not_validated_as_Tper,0.037,100,работает
RUN_20260509_VPLC_L0_IDLE_10_20_S01_R01,VPLC_L0_IDLE_10_20,SER_20260509_VPLC_L0_IDLE_10_20_S01,vPLC_container,VPLC_HOST,953,,,2026-05-09T14:39:04.298853034Z,,,,host_log,10,20,,,,,,0,0,,technical_check,vplc_status_cycle_duration_not_validated_as_Tper,0.057,100,работает
RUN_20260509_VPLC_L0_IDLE_10_20_S01_R01,VPLC_L0_IDLE_10_20,SER_20260509_VPLC_L0_IDLE_10_20_S01,vPLC_container,VPLC_HOST,954,,,2026-05-09T14:39:05.355425432Z,,,,host_log,10,20,,,,,,0,0,,technical_check,vplc_status_cycle_duration_not_validated_as_Tper,3.870,100,работает
RUN_20260509_VPLC_L0_IDLE_10_20_S01_R01,VPLC_L0_IDLE_10_20,SER_20260509_VPLC_L0_IDLE_10_20_S01,vPLC_container,VPLC_HOST,955,,,2026-05-09T14:39:06.410023335Z,,,,host_log,10,20,,,,,,0,0,,technical_check,vplc_status_cycle_duration_not_validated_as_Tper,4.843,100,работает
RUN_20260509_VPLC_L0_IDLE_10_20_S01_R01,VPLC_L0_IDLE_10_20,SER_20260509_VPLC_L0_IDLE_10_20_S01,vPLC_container,VPLC_HOST,956,,,2026-05-09T14:39:07.468905116Z,,,,host_log,10,20,,,,,,0,0,,technical_check,vplc_status_cycle_duration_not_validated_as_Tper,0.057,100,работает
RUN_20260509_VPLC_L0_IDLE_10_20_S01_R01,VPLC_L0_IDLE_10_20,SER_20260509_VPLC_L0_IDLE_10_20_S01,vPLC_container,VPLC_HOST,957,,,2026-05-09T14:39:08.523217368Z,,,,host_log,10,20,,,,,,0,0,,technical_check,vplc_status_cycle_duration_not_validated_as_Tper,0.036,100,работает
RUN_20260509_VPLC_L0_IDLE_10_20_S01_R01,VPLC_L0_IDLE_10_20,SER_20260509_VPLC_L0_IDLE_10_20_S01,vPLC_container,VPLC_HOST,958,,,2026-05-09T14:39:09.578453914Z,,,,host_log,10,20,,,,,,0,0,,technical_check,vplc_status_cycle_duration_not_validated_as_Tper,0.057,100,работает
RUN_20260509_VPLC_L0_IDLE_10_20_S01_R01,VPLC_L0_IDLE_10_20,SER_20260509_VPLC_L0_IDLE_10_20_S01,vPLC_container,VPLC_HOST,959,,,2026-05-09T14:39:10.633010740Z,,,,host_log,10,20,,,,,,0,0,,technical_check,vplc_status_cycle_duration_not_validated_as_Tper,0.035,100,работает
RUN_20260509_VPLC_L0_IDLE_10_20_S01_R01,VPLC_L0_IDLE_10_20,SER_20260509_VPLC_L0_IDLE_10_20_S01,vPLC_container,VPLC_HOST,960,,,2026-05-09T14:39:11.688381865Z,,,,host_log,10,20,,,,,,0,0,,technical_check,vplc_status_cycle_duration_not_validated_as_Tper,0.057,100,работает
RUN_20260509_VPLC_L0_IDLE_10_20_S01_R01,VPLC_L0_IDLE_10_20,SER_20260509_VPLC_L0_IDLE_10_20_S01,vPLC_container,VPLC_HOST,961,,,2026-05-09T14:39:12.744022575Z,,,,host_log,10,20,,,,,,0,0,,technical_check,vplc_status_cycle_duration_not_validated_as_Tper,0.036,100,работает
RUN_20260509_VPLC_L0_IDLE_10_20_S01_R01,VPLC_L0_IDLE_10_20,SER_20260509_VPLC_L0_IDLE_10_20_S01,vPLC_container,VPLC_HOST,962,,,2026-05-09T14:39:13.797597164Z,,,,host_log,10,20,,,,,,0,0,,technical_check,vplc_status_cycle_duration_not_validated_as_Tper,0.057,100,работает
RUN_20260509_VPLC_L0_IDLE_10_20_S01_R01,VPLC_L0_IDLE_10_20,SER_20260509_VPLC_L0_IDLE_10_20_S01,vPLC_container,VPLC_HOST,963,,,2026-05-09T14:39:14.854132869Z,,,,host_log,10,20,,,,,,0,0,,technical_check,vplc_status_cycle_duration_not_validated_as_Tper,0.028,100,работает
RUN_20260509_VPLC_L0_IDLE_10_20_S01_R01,VPLC_L0_IDLE_10_20,SER_20260509_VPLC_L0_IDLE_10_20_S01,vPLC_container,VPLC_HOST,964,,,2026-05-09T14:39:15.909317653Z,,,,host_log,10,20,,,,,,0,0,,technical_check,vplc_status_cycle_duration_not_validated_as_Tper,0.057,100,работает
RUN_20260509_VPLC_L0_IDLE_10_20_S01_R01,VPLC_L0_IDLE_10_20,SER_20260509_VPLC_L0_IDLE_10_20_S01,vPLC_container,VPLC_HOST,965,,,2026-05-09T14:39:16.965275845Z,,,,host_log,10,20,,,,,,0,0,,technical_check,vplc_status_cycle_duration_not_validated_as_Tper,0.057,100,работает
RUN_20260509_VPLC_L0_IDLE_10_20_S01_R01,VPLC_L0_IDLE_10_20,SER_20260509_VPLC_L0_IDLE_10_20_S01,vPLC_container,VPLC_HOST,966,,,2026-05-09T14:39:18.020756204Z,,,,host_log,10,20,,,,,,0,0,,technical_check,vplc_status_cycle_duration_not_validated_as_Tper,0.058,100,работает
RUN_20260509_VPLC_L0_IDLE_10_20_S01_R01,VPLC_L0_IDLE_10_20,SER_20260509_VPLC_L0_IDLE_10_20_S01,vPLC_container,VPLC_HOST,967,,,2026-05-09T14:39:19.073840785Z,,,,host_log,10,20,,,,,,0,0,,technical_check,vplc_status_cycle_duration_not_validated_as_Tper,0.056,100,работает
RUN_20260509_VPLC_L0_IDLE_10_20_S01_R01,VPLC_L0_IDLE_10_20,SER_20260509_VPLC_L0_IDLE_10_20_S01,vPLC_container,VPLC_HOST,968,,,2026-05-09T14:39:20.132719034Z,,,,host_log,10,20,,,,,,0,0,,technical_check,vplc_status_cycle_duration_not_validated_as_Tper,0.035,100,работает
RUN_20260509_VPLC_L0_IDLE_10_20_S01_R01,VPLC_L0_IDLE_10_20,SER_20260509_VPLC_L0_IDLE_10_20_S01,vPLC_container,VPLC_HOST,969,,,2026-05-09T14:39:21.184568204Z,,,,host_log,10,20,,,,,,0,0,,technical_check,vplc_status_cycle_duration_not_validated_as_Tper,0.056,100,работает
RUN_20260509_VPLC_L0_IDLE_10_20_S01_R01,VPLC_L0_IDLE_10_20,SER_20260509_VPLC_L0_IDLE_10_20_S01,vPLC_container,VPLC_HOST,970,,,2026-05-09T14:39:22.241749700Z,,,,host_log,10,20,,,,,,0,0,,technical_check,vplc_status_cycle_duration_not_validated_as_Tper,0.035,100,работает
RUN_20260509_VPLC_L0_IDLE_10_20_S01_R01,VPLC_L0_IDLE_10_20,SER_20260509_VPLC_L0_IDLE_10_20_S01,vPLC_container,VPLC_HOST,971,,,2026-05-09T14:39:23.295716912Z,,,,host_log,10,20,,,,,,0,0,,technical_check,vplc_status_cycle_duration_not_validated_as_Tper,0.057,100,работает
RUN_20260509_VPLC_L0_IDLE_10_20_S01_R01,VPLC_L0_IDLE_10_20,SER_20260509_VPLC_L0_IDLE_10_20_S01,vPLC_container,VPLC_HOST,972,,,2026-05-09T14:39:24.352343534Z,,,,host_log,10,20,,,,,,0,0,,technical_check,vplc_status_cycle_duration_not_validated_as_Tper,3.382,100,работает
RUN_20260509_VPLC_L0_IDLE_10_20_S01_R01,VPLC_L0_IDLE_10_20,SER_20260509_VPLC_L0_IDLE_10_20_S01,vPLC_container,VPLC_HOST,973,,,2026-05-09T14:39:25.407682807Z,,,,host_log,10,20,,,,,,0,0,,technical_check,vplc_status_cycle_duration_not_validated_as_Tper,4.845,100,работает
RUN_20260509_VPLC_L0_IDLE_10_20_S01_R01,VPLC_L0_IDLE_10_20,SER_20260509_VPLC_L0_IDLE_10_20_S01,vPLC_container,VPLC_HOST,974,,,2026-05-09T14:39:26.462633549Z,,,,host_log,10,20,,,,,,0,0,,technical_check,vplc_status_cycle_duration_not_validated_as_Tper,0.057,100,работает
RUN_20260509_VPLC_L0_IDLE_10_20_S01_R01,VPLC_L0_IDLE_10_20,SER_20260509_VPLC_L0_IDLE_10_20_S01,vPLC_container,VPLC_HOST,975,,,2026-05-09T14:39:27.518689960Z,,,,host_log,10,20,,,,,,0,0,,technical_check,vplc_status_cycle_duration_not_validated_as_Tper,0.055,100,работает
RUN_20260509_VPLC_L0_IDLE_10_20_S01_R01,VPLC_L0_IDLE_10_20,SER_20260509_VPLC_L0_IDLE_10_20_S01,vPLC_container,VPLC_HOST,976,,,2026-05-09T14:39:28.572036767Z,,,,host_log,10,20,,,,,,0,0,,technical_check,vplc_status_cycle_duration_not_validated_as_Tper,0.057,100,работает
RUN_20260509_VPLC_L0_IDLE_10_20_S01_R01,VPLC_L0_IDLE_10_20,SER_20260509_VPLC_L0_IDLE_10_20_S01,vPLC_container,VPLC_HOST,977,,,2026-05-09T14:39:29.629324576Z,,,,host_log,10,20,,,,,,0,0,,technical_check,vplc_status_cycle_duration_not_validated_as_Tper,0.036,100,работает
RUN_20260509_VPLC_L0_IDLE_10_20_S01_R01,VPLC_L0_IDLE_10_20,SER_20260509_VPLC_L0_IDLE_10_20_S01,vPLC_container,VPLC_HOST,978,,,2026-05-09T14:39:30.681040873Z,,,,host_log,10,20,,,,,,0,0,,technical_check,vplc_status_cycle_duration_not_validated_as_Tper,0.058,100,работает
RUN_20260509_VPLC_L0_IDLE_10_20_S01_R01,VPLC_L0_IDLE_10_20,SER_20260509_VPLC_L0_IDLE_10_20_S01,vPLC_container,VPLC_HOST,979,,,2026-05-09T14:39:31.738710954Z,,,,host_log,10,20,,,,,,0,0,,technical_check,vplc_status_cycle_duration_not_validated_as_Tper,0.036,100,работает
RUN_20260509_VPLC_L0_IDLE_10_20_S01_R01,VPLC_L0_IDLE_10_20,SER_20260509_VPLC_L0_IDLE_10_20_S01,vPLC_container,VPLC_HOST,980,,,2026-05-09T14:39:32.794342622Z,,,,host_log,10,20,,,,,,0,0,,technical_check,vplc_status_cycle_duration_not_validated_as_Tper,0.039,100,работает
RUN_20260509_VPLC_L0_IDLE_10_20_S01_R01,VPLC_L0_IDLE_10_20,SER_20260509_VPLC_L0_IDLE_10_20_S01,vPLC_container,VPLC_HOST,981,,,2026-05-09T14:39:33.849739755Z,,,,host_log,10,20,,,,,,0,0,,technical_check,vplc_status_cycle_duration_not_validated_as_Tper,0.020,100,работает
RUN_20260509_VPLC_L0_IDLE_10_20_S01_R01,VPLC_L0_IDLE_10_20,SER_20260509_VPLC_L0_IDLE_10_20_S01,vPLC_container,VPLC_HOST,982,,,2026-05-09T14:39:34.905308105Z,,,,host_log,10,20,,,,,,0,0,,technical_check,vplc_status_cycle_duration_not_validated_as_Tper,0.057,100,работает
RUN_20260509_VPLC_L0_IDLE_10_20_S01_R01,VPLC_L0_IDLE_10_20,SER_20260509_VPLC_L0_IDLE_10_20_S01,vPLC_container,VPLC_HOST,983,,,2026-05-09T14:39:35.959343955Z,,,,host_log,10,20,,,,,,0,0,,technical_check,vplc_status_cycle_duration_not_validated_as_Tper,0.047,100,работает
RUN_20260509_VPLC_L0_IDLE_10_20_S01_R01,VPLC_L0_IDLE_10_20,SER_20260509_VPLC_L0_IDLE_10_20_S01,vPLC_container,VPLC_HOST,984,,,2026-05-09T14:39:37.016724585Z,,,,host_log,10,20,,,,,,0,0,,technical_check,vplc_status_cycle_duration_not_validated_as_Tper,0.056,100,работает
RUN_20260509_VPLC_L0_IDLE_10_20_S01_R01,VPLC_L0_IDLE_10_20,SER_20260509_VPLC_L0_IDLE_10_20_S01,vPLC_container,VPLC_HOST,985,,,2026-05-09T14:39:38.071047512Z,,,,host_log,10,20,,,,,,0,0,,technical_check,vplc_status_cycle_duration_not_validated_as_Tper,0.057,100,работает
RUN_20260509_VPLC_L0_IDLE_10_20_S01_R01,VPLC_L0_IDLE_10_20,SER_20260509_VPLC_L0_IDLE_10_20_S01,vPLC_container,VPLC_HOST,986,,,2026-05-09T14:39:39.128320373Z,,,,host_log,10,20,,,,,,0,0,,technical_check,vplc_status_cycle_duration_not_validated_as_Tper,0.035,100,работает
RUN_20260509_VPLC_L0_IDLE_10_20_S01_R01,VPLC_L0_IDLE_10_20,SER_20260509_VPLC_L0_IDLE_10_20_S01,vPLC_container,VPLC_HOST,987,,,2026-05-09T14:39:40.182294362Z,,,,host_log,10,20,,,,,,0,0,,technical_check,vplc_status_cycle_duration_not_validated_as_Tper,0.056,100,работает
RUN_20260509_VPLC_L0_IDLE_10_20_S01_R01,VPLC_L0_IDLE_10_20,SER_20260509_VPLC_L0_IDLE_10_20_S01,vPLC_container,VPLC_HOST,988,,,2026-05-09T14:39:41.235396211Z,,,,host_log,10,20,,,,,,0,0,,technical_check,vplc_status_cycle_duration_not_validated_as_Tper,0.037,100,работает
RUN_20260509_VPLC_L0_IDLE_10_20_S01_R01,VPLC_L0_IDLE_10_20,SER_20260509_VPLC_L0_IDLE_10_20_S01,vPLC_container,VPLC_HOST,989,,,2026-05-09T14:39:42.292786656Z,,,,host_log,10,20,,,,,,0,0,,technical_check,vplc_status_cycle_duration_not_validated_as_Tper,0.057,100,работает
RUN_20260509_VPLC_L0_IDLE_10_20_S01_R01,VPLC_L0_IDLE_10_20,SER_20260509_VPLC_L0_IDLE_10_20_S01,vPLC_container,VPLC_HOST,990,,,2026-05-09T14:39:43.348700424Z,,,,host_log,10,20,,,,,,0,0,,technical_check,vplc_status_cycle_duration_not_validated_as_Tper,4.214,100,работает
RUN_20260509_VPLC_L0_IDLE_10_20_S01_R01,VPLC_L0_IDLE_10_20,SER_20260509_VPLC_L0_IDLE_10_20_S01,vPLC_container,VPLC_HOST,991,,,2026-05-09T14:39:44.403584560Z,,,,host_log,10,20,,,,,,0,0,,technical_check,vplc_status_cycle_duration_not_validated_as_Tper,5.013,100,работает
RUN_20260509_VPLC_L0_IDLE_10_20_S01_R01,VPLC_L0_IDLE_10_20,SER_20260509_VPLC_L0_IDLE_10_20_S01,vPLC_container,VPLC_HOST,992,,,2026-05-09T14:39:45.456097931Z,,,,host_log,10,20,,,,,,0,0,,technical_check,vplc_status_cycle_duration_not_validated_as_Tper,0.033,100,работает
RUN_20260509_VPLC_L0_IDLE_10_20_S01_R01,VPLC_L0_IDLE_10_20,SER_20260509_VPLC_L0_IDLE_10_20_S01,vPLC_container,VPLC_HOST,993,,,2026-05-09T14:39:46.513152764Z,,,,host_log,10,20,,,,,,0,0,,technical_check,vplc_status_cycle_duration_not_validated_as_Tper,0.057,100,работает
RUN_20260509_VPLC_L0_IDLE_10_20_S01_R01,VPLC_L0_IDLE_10_20,SER_20260509_VPLC_L0_IDLE_10_20_S01,vPLC_container,VPLC_HOST,994,,,2026-05-09T14:39:47.568673974Z,,,,host_log,10,20,,,,,,0,0,,technical_check,vplc_status_cycle_duration_not_validated_as_Tper,0.056,100,работает
RUN_20260509_VPLC_L0_IDLE_10_20_S01_R01,VPLC_L0_IDLE_10_20,SER_20260509_VPLC_L0_IDLE_10_20_S01,vPLC_container,VPLC_HOST,995,,,2026-05-09T14:39:48.623940930Z,,,,host_log,10,20,,,,,,0,0,,technical_check,vplc_status_cycle_duration_not_validated_as_Tper,0.036,100,работает
RUN_20260509_VPLC_L0_IDLE_10_20_S01_R01,VPLC_L0_IDLE_10_20,SER_20260509_VPLC_L0_IDLE_10_20_S01,vPLC_container,VPLC_HOST,996,,,2026-05-09T14:39:49.677364157Z,,,,host_log,10,20,,,,,,0,0,,technical_check,vplc_status_cycle_duration_not_validated_as_Tper,0.058,100,работает
RUN_20260509_VPLC_L0_IDLE_10_20_S01_R01,VPLC_L0_IDLE_10_20,SER_20260509_VPLC_L0_IDLE_10_20_S01,vPLC_container,VPLC_HOST,997,,,2026-05-09T14:39:50.733258329Z,,,,host_log,10,20,,,,,,0,0,,technical_check,vplc_status_cycle_duration_not_validated_as_Tper,0.035,100,работает
RUN_20260509_VPLC_L0_IDLE_10_20_S01_R01,VPLC_L0_IDLE_10_20,SER_20260509_VPLC_L0_IDLE_10_20_S01,vPLC_container,VPLC_HOST,998,,,2026-05-09T14:39:51.789303211Z,,,,host_log,10,20,,,,,,0,0,,technical_check,vplc_status_cycle_duration_not_validated_as_Tper,0.056,100,работает
RUN_20260509_VPLC_L0_IDLE_10_20_S01_R01,VPLC_L0_IDLE_10_20,SER_20260509_VPLC_L0_IDLE_10_20_S01,vPLC_container,VPLC_HOST,999,,,2026-05-09T14:39:52.844606388Z,,,,host_log,10,20,,,,,,0,0,,technical_check,vplc_status_cycle_duration_not_validated_as_Tper,0.036,100,работает
