run_id,mode_id,series_id,object,node_id,sample_index,cycle_index,cycle_counter,ts_observe,ts_start,ts_end,timestamp_tick_ns,timestamp_source,t0_ms,deadline_threshold_ms,Tper,Jper,deadline_miss,heartbeat,workload_accumulator,load_level,load_passes,error_flag,quality_flag,notes
RUN_20260502_S7_L3_HIGH_75_100_S01_R02,S7_L3_HIGH_75_100,SER_20260502_S7_L3_HIGH_75_100_S01,HW_PLC,HW_PLC,673,673,674,,,,708709000,plc_internal_rd_loc_t_nanosecond,75,100,74.748,-0.2519989,0,0,1649906383,3,512,0,ok,
RUN_20260502_S7_L3_HIGH_75_100_S01_R02,S7_L3_HIGH_75_100,SER_20260502_S7_L3_HIGH_75_100_S01,HW_PLC,HW_PLC,674,674,675,,,,779627000,plc_internal_rd_loc_t_nanosecond,75,100,70.918,-4.082001,0,0,156081924,3,512,0,ok,
RUN_20260502_S7_L3_HIGH_75_100_S01_R02,S7_L3_HIGH_75_100,SER_20260502_S7_L3_HIGH_75_100_S01,HW_PLC,HW_PLC,675,675,676,,,,849813000,plc_internal_rd_loc_t_nanosecond,75,100,70.186,-4.814003,0,0,638829370,3,512,0,ok,
RUN_20260502_S7_L3_HIGH_75_100_S01_R02,S7_L3_HIGH_75_100,SER_20260502_S7_L3_HIGH_75_100_S01,HW_PLC,HW_PLC,676,676,677,,,,923199000,plc_internal_rd_loc_t_nanosecond,75,100,73.386,-1.613998,0,0,952758130,3,512,0,ok,
RUN_20260502_S7_L3_HIGH_75_100_S01_R02,S7_L3_HIGH_75_100,SER_20260502_S7_L3_HIGH_75_100_S01,HW_PLC,HW_PLC,677,677,678,,,,4811000,plc_internal_rd_loc_t_nanosecond,75,100,81.612,6.612,0,0,1099969452,3,512,0,ok,
RUN_20260502_S7_L3_HIGH_75_100_S01_R02,S7_L3_HIGH_75_100,SER_20260502_S7_L3_HIGH_75_100_S01,HW_PLC,HW_PLC,678,678,679,,,,76379000,plc_internal_rd_loc_t_nanosecond,75,100,71.568,-3.431999,0,0,1082556392,3,512,0,ok,
RUN_20260502_S7_L3_HIGH_75_100_S01_R02,S7_L3_HIGH_75_100,SER_20260502_S7_L3_HIGH_75_100_S01,HW_PLC,HW_PLC,679,679,680,,,,146841000,plc_internal_rd_loc_t_nanosecond,75,100,70.462,-4.538002,0,0,902620198,3,512,0,ok,
RUN_20260502_S7_L3_HIGH_75_100_S01_R02,S7_L3_HIGH_75_100,SER_20260502_S7_L3_HIGH_75_100_S01,HW_PLC,HW_PLC,680,680,681,,,,218940000,plc_internal_rd_loc_t_nanosecond,75,100,72.099,-2.901001,0,0,562253926,3,512,0,ok,
RUN_20260502_S7_L3_HIGH_75_100_S01_R02,S7_L3_HIGH_75_100,SER_20260502_S7_L3_HIGH_75_100_S01,HW_PLC,HW_PLC,681,681,682,,,,298782000,plc_internal_rd_loc_t_nanosecond,75,100,79.842,4.842003,0,0,63558824,3,512,0,ok,
RUN_20260502_S7_L3_HIGH_75_100_S01_R02,S7_L3_HIGH_75_100,SER_20260502_S7_L3_HIGH_75_100_S01,HW_PLC,HW_PLC,682,682,683,,,,368634000,plc_internal_rd_loc_t_nanosecond,75,100,69.852,-5.148003,0,0,1556111595,3,512,0,ok,
RUN_20260502_S7_L3_HIGH_75_100_S01_R02,S7_L3_HIGH_75_100,SER_20260502_S7_L3_HIGH_75_100_S01,HW_PLC,HW_PLC,683,683,684,,,,442220000,plc_internal_rd_loc_t_nanosecond,75,100,73.586,-1.414001,0,0,747046193,3,512,0,ok,
RUN_20260502_S7_L3_HIGH_75_100_S01_R02,S7_L3_HIGH_75_100,SER_20260502_S7_L3_HIGH_75_100_S01,HW_PLC,HW_PLC,684,684,685,,,,518211000,plc_internal_rd_loc_t_nanosecond,75,100,75.991,0.9909973,0,0,1933422968,3,512,0,ok,
RUN_20260502_S7_L3_HIGH_75_100_S01_R02,S7_L3_HIGH_75_100,SER_20260502_S7_L3_HIGH_75_100_S01,HW_PLC,HW_PLC,685,685,686,,,,587557000,plc_internal_rd_loc_t_nanosecond,75,100,69.346,-5.653999,0,0,822375874,3,512,0,ok,
RUN_20260502_S7_L3_HIGH_75_100_S01_R02,S7_L3_HIGH_75_100,SER_20260502_S7_L3_HIGH_75_100_S01,HW_PLC,HW_PLC,686,686,687,,,,657635000,plc_internal_rd_loc_t_nanosecond,75,100,70.078,-4.921997,0,0,1710965261,3,512,0,ok,
RUN_20260502_S7_L3_HIGH_75_100_S01_R02,S7_L3_HIGH_75_100,SER_20260502_S7_L3_HIGH_75_100_S01,HW_PLC,HW_PLC,687,687,688,,,,730473000,plc_internal_rd_loc_t_nanosecond,75,100,72.838,-2.162003,0,0,306325083,3,512,0,ok,
RUN_20260502_S7_L3_HIGH_75_100_S01_R02,S7_L3_HIGH_75_100,SER_20260502_S7_L3_HIGH_75_100_S01,HW_PLC,HW_PLC,688,688,689,,,,803935000,plc_internal_rd_loc_t_nanosecond,75,100,73.462,-1.538002,0,0,905515690,3,512,0,ok,
RUN_20260502_S7_L3_HIGH_75_100_S01_R02,S7_L3_HIGH_75_100,SER_20260502_S7_L3_HIGH_75_100_S01,HW_PLC,HW_PLC,689,689,690,,,,882596000,plc_internal_rd_loc_t_nanosecond,75,100,78.661,3.661003,0,0,1363154683,3,512,0,ok,
RUN_20260502_S7_L3_HIGH_75_100_S01_R02,S7_L3_HIGH_75_100,SER_20260502_S7_L3_HIGH_75_100_S01,HW_PLC,HW_PLC,690,690,691,,,,952934000,plc_internal_rd_loc_t_nanosecond,75,100,70.338,-4.662003,0,0,1681335118,3,512,0,ok,
RUN_20260502_S7_L3_HIGH_75_100_S01_R02,S7_L3_HIGH_75_100,SER_20260502_S7_L3_HIGH_75_100_S01,HW_PLC,HW_PLC,691,691,692,,,,26455000,plc_internal_rd_loc_t_nanosecond,75,100,73.521,-1.478996,0,0,1862158243,3,512,0,ok,
RUN_20260502_S7_L3_HIGH_75_100_S01_R02,S7_L3_HIGH_75_100,SER_20260502_S7_L3_HIGH_75_100_S01,HW_PLC,HW_PLC,692,692,693,,,,103244000,plc_internal_rd_loc_t_nanosecond,75,100,76.789,1.789001,0,0,1907717114,3,512,0,ok,
RUN_20260502_S7_L3_HIGH_75_100_S01_R02,S7_L3_HIGH_75_100,SER_20260502_S7_L3_HIGH_75_100_S01,HW_PLC,HW_PLC,693,693,694,,,,173519000,plc_internal_rd_loc_t_nanosecond,75,100,70.275,-4.724998,0,0,1820112979,3,512,0,ok,
RUN_20260502_S7_L3_HIGH_75_100_S01_R02,S7_L3_HIGH_75_100,SER_20260502_S7_L3_HIGH_75_100_S01,HW_PLC,HW_PLC,694,694,695,,,,246567000,plc_internal_rd_loc_t_nanosecond,75,100,73.048,-1.952003,0,0,1601438894,3,512,0,ok,
RUN_20260502_S7_L3_HIGH_75_100_S01_R02,S7_L3_HIGH_75_100,SER_20260502_S7_L3_HIGH_75_100_S01,HW_PLC,HW_PLC,695,695,696,,,,321742000,plc_internal_rd_loc_t_nanosecond,75,100,75.175,0.1750031,0,0,1253796107,3,512,0,ok,
RUN_20260502_S7_L3_HIGH_75_100_S01_R02,S7_L3_HIGH_75_100,SER_20260502_S7_L3_HIGH_75_100_S01,HW_PLC,HW_PLC,696,696,697,,,,392743000,plc_internal_rd_loc_t_nanosecond,75,100,71.001,-3.999001,0,0,779277674,3,512,0,ok,
RUN_20260502_S7_L3_HIGH_75_100_S01_R02,S7_L3_HIGH_75_100,SER_20260502_S7_L3_HIGH_75_100_S01,HW_PLC,HW_PLC,697,697,698,,,,462899000,plc_internal_rd_loc_t_nanosecond,75,100,70.156,-4.844002,0,0,179984843,3,512,0,ok,
RUN_20260502_S7_L3_HIGH_75_100_S01_R02,S7_L3_HIGH_75_100,SER_20260502_S7_L3_HIGH_75_100_S01,HW_PLC,HW_PLC,698,698,699,,,,535624000,plc_internal_rd_loc_t_nanosecond,75,100,72.725,-2.275002,0,0,1605494317,3,512,0,ok,
RUN_20260502_S7_L3_HIGH_75_100_S01_R02,S7_L3_HIGH_75_100,SER_20260502_S7_L3_HIGH_75_100_S01,HW_PLC,HW_PLC,699,699,700,,,,612598000,plc_internal_rd_loc_t_nanosecond,75,100,76.974,1.973999,0,1,762940050,3,512,0,ok,
RUN_20260502_S7_L3_HIGH_75_100_S01_R02,S7_L3_HIGH_75_100,SER_20260502_S7_L3_HIGH_75_100_S01,HW_PLC,HW_PLC,700,700,701,,,,682305000,plc_internal_rd_loc_t_nanosecond,75,100,69.707,-5.292999,0,1,1949382392,3,512,0,ok,
RUN_20260502_S7_L3_HIGH_75_100_S01_R02,S7_L3_HIGH_75_100,SER_20260502_S7_L3_HIGH_75_100_S01,HW_PLC,HW_PLC,701,701,702,,,,755669000,plc_internal_rd_loc_t_nanosecond,75,100,73.364,-1.636002,0,1,871955297,3,512,0,ok,
RUN_20260502_S7_L3_HIGH_75_100_S01_R02,S7_L3_HIGH_75_100,SER_20260502_S7_L3_HIGH_75_100_S01,HW_PLC,HW_PLC,702,702,703,,,,839523000,plc_internal_rd_loc_t_nanosecond,75,100,83.854,8.853996,0,1,1827719115,3,512,0,ok,
RUN_20260502_S7_L3_HIGH_75_100_S01_R02,S7_L3_HIGH_75_100,SER_20260502_S7_L3_HIGH_75_100_S01,HW_PLC,HW_PLC,703,703,704,,,,908989000,plc_internal_rd_loc_t_nanosecond,75,100,69.466,-5.533997,0,1,523807800,3,512,0,ok,
RUN_20260502_S7_L3_HIGH_75_100_S01_R02,S7_L3_HIGH_75_100,SER_20260502_S7_L3_HIGH_75_100_S01,HW_PLC,HW_PLC,704,704,705,,,,982505000,plc_internal_rd_loc_t_nanosecond,75,100,73.516,-1.484001,0,1,1257281702,3,512,0,ok,
RUN_20260502_S7_L3_HIGH_75_100_S01_R02,S7_L3_HIGH_75_100,SER_20260502_S7_L3_HIGH_75_100_S01,HW_PLC,HW_PLC,705,705,706,,,,59915000,plc_internal_rd_loc_t_nanosecond,75,100,77.41,2.410004,0,1,1882758422,3,512,0,ok,
RUN_20260502_S7_L3_HIGH_75_100_S01_R02,S7_L3_HIGH_75_100,SER_20260502_S7_L3_HIGH_75_100_S01,HW_PLC,HW_PLC,706,706,707,,,,128963000,plc_internal_rd_loc_t_nanosecond,75,100,69.048,-5.952003,0,1,254847369,3,512,0,ok,
RUN_20260502_S7_L3_HIGH_75_100_S01_R02,S7_L3_HIGH_75_100,SER_20260502_S7_L3_HIGH_75_100_S01,HW_PLC,HW_PLC,707,707,708,,,,202545000,plc_internal_rd_loc_t_nanosecond,75,100,73.582,-1.417999,0,1,670617085,3,512,0,ok,
RUN_20260502_S7_L3_HIGH_75_100_S01_R02,S7_L3_HIGH_75_100,SER_20260502_S7_L3_HIGH_75_100_S01,HW_PLC,HW_PLC,708,708,709,,,,279613000,plc_internal_rd_loc_t_nanosecond,75,100,77.068,2.068001,0,1,984676979,3,512,0,ok,
RUN_20260502_S7_L3_HIGH_75_100_S01_R02,S7_L3_HIGH_75_100,SER_20260502_S7_L3_HIGH_75_100_S01,HW_PLC,HW_PLC,709,709,710,,,,350200000,plc_internal_rd_loc_t_nanosecond,75,100,70.587,-4.413002,0,1,1199128299,3,512,0,ok,
RUN_20260502_S7_L3_HIGH_75_100_S01_R02,S7_L3_HIGH_75_100,SER_20260502_S7_L3_HIGH_75_100_S01,HW_PLC,HW_PLC,710,710,711,,,,422486000,plc_internal_rd_loc_t_nanosecond,75,100,72.286,-2.713997,0,1,1316064101,3,512,0,ok,
RUN_20260502_S7_L3_HIGH_75_100_S01_R02,S7_L3_HIGH_75_100,SER_20260502_S7_L3_HIGH_75_100_S01,HW_PLC,HW_PLC,711,711,712,,,,499791000,plc_internal_rd_loc_t_nanosecond,75,100,77.305,2.305,0,1,1337585633,3,512,0,ok,
RUN_20260502_S7_L3_HIGH_75_100_S01_R02,S7_L3_HIGH_75_100,SER_20260502_S7_L3_HIGH_75_100_S01,HW_PLC,HW_PLC,712,712,713,,,,569444000,plc_internal_rd_loc_t_nanosecond,75,100,69.653,-5.347,0,1,1265785951,3,512,0,ok,
RUN_20260502_S7_L3_HIGH_75_100_S01_R02,S7_L3_HIGH_75_100,SER_20260502_S7_L3_HIGH_75_100_S01,HW_PLC,HW_PLC,713,713,714,,,,642834000,plc_internal_rd_loc_t_nanosecond,75,100,73.39,-1.610001,0,1,1102766303,3,512,0,ok,
RUN_20260502_S7_L3_HIGH_75_100_S01_R02,S7_L3_HIGH_75_100,SER_20260502_S7_L3_HIGH_75_100_S01,HW_PLC,HW_PLC,714,714,715,,,,726369000,plc_internal_rd_loc_t_nanosecond,75,100,83.535,8.535004,0,1,850619745,3,512,0,ok,
RUN_20260502_S7_L3_HIGH_75_100_S01_R02,S7_L3_HIGH_75_100,SER_20260502_S7_L3_HIGH_75_100_S01,HW_PLC,HW_PLC,715,715,716,,,,795951000,plc_internal_rd_loc_t_nanosecond,75,100,69.582,-5.417999,0,1,511447525,3,512,0,ok,
RUN_20260502_S7_L3_HIGH_75_100_S01_R02,S7_L3_HIGH_75_100,SER_20260502_S7_L3_HIGH_75_100_S01,HW_PLC,HW_PLC,716,716,717,,,,869877000,plc_internal_rd_loc_t_nanosecond,75,100,73.926,-1.073997,0,1,87342699,3,512,0,ok,
RUN_20260502_S7_L3_HIGH_75_100_S01_R02,S7_L3_HIGH_75_100,SER_20260502_S7_L3_HIGH_75_100_S01,HW_PLC,HW_PLC,717,717,718,,,,945243000,plc_internal_rd_loc_t_nanosecond,75,100,75.366,0.3659973,0,1,1727890162,3,512,0,ok,
RUN_20260502_S7_L3_HIGH_75_100_S01_R02,S7_L3_HIGH_75_100,SER_20260502_S7_L3_HIGH_75_100_S01,HW_PLC,HW_PLC,718,718,719,,,,14993000,plc_internal_rd_loc_t_nanosecond,75,100,69.75,-5.25,0,1,1140215676,3,512,0,ok,
RUN_20260502_S7_L3_HIGH_75_100_S01_R02,S7_L3_HIGH_75_100,SER_20260502_S7_L3_HIGH_75_100_S01,HW_PLC,HW_PLC,719,719,720,,,,84957000,plc_internal_rd_loc_t_nanosecond,75,100,69.964,-5.036003,0,1,473904136,3,512,0,ok,
RUN_20260502_S7_L3_HIGH_75_100_S01_R02,S7_L3_HIGH_75_100,SER_20260502_S7_L3_HIGH_75_100_S01,HW_PLC,HW_PLC,720,720,721,,,,158581000,plc_internal_rd_loc_t_nanosecond,75,100,73.624,-1.375999,0,1,1878532245,3,512,0,ok,
RUN_20260502_S7_L3_HIGH_75_100_S01_R02,S7_L3_HIGH_75_100,SER_20260502_S7_L3_HIGH_75_100_S01,HW_PLC,HW_PLC,721,721,722,,,,233171000,plc_internal_rd_loc_t_nanosecond,75,100,74.59,-0.4100037,0,1,1061233957,3,512,0,ok,
RUN_20260502_S7_L3_HIGH_75_100_S01_R02,S7_L3_HIGH_75_100,SER_20260502_S7_L3_HIGH_75_100_S01,HW_PLC,HW_PLC,722,722,723,,,,304440000,plc_internal_rd_loc_t_nanosecond,75,100,71.269,-3.731003,0,1,171585975,3,512,0,ok,
RUN_20260502_S7_L3_HIGH_75_100_S01_R02,S7_L3_HIGH_75_100,SER_20260502_S7_L3_HIGH_75_100_S01,HW_PLC,HW_PLC,723,723,724,,,,373938000,plc_internal_rd_loc_t_nanosecond,75,100,69.498,-5.501999,0,1,1359173194,3,512,0,ok,
RUN_20260502_S7_L3_HIGH_75_100_S01_R02,S7_L3_HIGH_75_100,SER_20260502_S7_L3_HIGH_75_100_S01,HW_PLC,HW_PLC,724,724,725,,,,447597000,plc_internal_rd_loc_t_nanosecond,75,100,73.659,-1.341003,0,1,331121376,3,512,0,ok,
RUN_20260502_S7_L3_HIGH_75_100_S01_R02,S7_L3_HIGH_75_100,SER_20260502_S7_L3_HIGH_75_100_S01,HW_PLC,HW_PLC,725,725,726,,,,521361000,plc_internal_rd_loc_t_nanosecond,75,100,73.764,-1.236,0,1,1384499063,3,512,0,ok,
RUN_20260502_S7_L3_HIGH_75_100_S01_R02,S7_L3_HIGH_75_100,SER_20260502_S7_L3_HIGH_75_100_S01,HW_PLC,HW_PLC,726,726,727,,,,599896000,plc_internal_rd_loc_t_nanosecond,75,100,78.535,3.535004,0,1,226432017,3,512,0,ok,
RUN_20260502_S7_L3_HIGH_75_100_S01_R02,S7_L3_HIGH_75_100,SER_20260502_S7_L3_HIGH_75_100_S01,HW_PLC,HW_PLC,727,727,728,,,,669470000,plc_internal_rd_loc_t_nanosecond,75,100,69.574,-5.426003,0,1,1153988780,3,512,0,ok,
RUN_20260502_S7_L3_HIGH_75_100_S01_R02,S7_L3_HIGH_75_100,SER_20260502_S7_L3_HIGH_75_100_S01,HW_PLC,HW_PLC,728,728,729,,,,742846000,plc_internal_rd_loc_t_nanosecond,75,100,73.376,-1.624001,0,1,2021778761,3,512,0,ok,
RUN_20260502_S7_L3_HIGH_75_100_S01_R02,S7_L3_HIGH_75_100,SER_20260502_S7_L3_HIGH_75_100_S01,HW_PLC,HW_PLC,729,729,730,,,,819415000,plc_internal_rd_loc_t_nanosecond,75,100,76.569,1.569,0,1,684419561,3,512,0,ok,
RUN_20260502_S7_L3_HIGH_75_100_S01_R02,S7_L3_HIGH_75_100,SER_20260502_S7_L3_HIGH_75_100_S01,HW_PLC,HW_PLC,730,730,731,,,,889702000,plc_internal_rd_loc_t_nanosecond,75,100,70.287,-4.712997,0,1,1438971530,3,512,0,ok,
RUN_20260502_S7_L3_HIGH_75_100_S01_R02,S7_L3_HIGH_75_100,SER_20260502_S7_L3_HIGH_75_100_S01,HW_PLC,HW_PLC,731,731,732,,,,962607000,plc_internal_rd_loc_t_nanosecond,75,100,72.905,-2.095001,0,1,2140052269,3,512,0,ok,
RUN_20260502_S7_L3_HIGH_75_100_S01_R02,S7_L3_HIGH_75_100,SER_20260502_S7_L3_HIGH_75_100_S01,HW_PLC,HW_PLC,732,732,733,,,,38189000,plc_internal_rd_loc_t_nanosecond,75,100,75.582,0.5820007,0,1,642271187,3,512,0,ok,
RUN_20260502_S7_L3_HIGH_75_100_S01_R02,S7_L3_HIGH_75_100,SER_20260502_S7_L3_HIGH_75_100_S01,HW_PLC,HW_PLC,733,733,734,,,,108645000,plc_internal_rd_loc_t_nanosecond,75,100,70.456,-4.543999,0,1,1242696826,3,512,0,ok,
RUN_20260502_S7_L3_HIGH_75_100_S01_R02,S7_L3_HIGH_75_100,SER_20260502_S7_L3_HIGH_75_100_S01,HW_PLC,HW_PLC,734,734,735,,,,178834000,plc_internal_rd_loc_t_nanosecond,75,100,70.189,-4.810997,0,1,1795938595,3,512,0,ok,
RUN_20260502_S7_L3_HIGH_75_100_S01_R02,S7_L3_HIGH_75_100,SER_20260502_S7_L3_HIGH_75_100_S01,HW_PLC,HW_PLC,735,735,736,,,,251671000,plc_internal_rd_loc_t_nanosecond,75,100,72.837,-2.163002,0,1,156614095,3,512,0,ok,
RUN_20260502_S7_L3_HIGH_75_100_S01_R02,S7_L3_HIGH_75_100,SER_20260502_S7_L3_HIGH_75_100_S01,HW_PLC,HW_PLC,736,736,737,,,,328834000,plc_internal_rd_loc_t_nanosecond,75,100,77.163,2.163002,0,1,621783676,3,512,0,ok,
RUN_20260502_S7_L3_HIGH_75_100_S01_R02,S7_L3_HIGH_75_100,SER_20260502_S7_L3_HIGH_75_100_S01,HW_PLC,HW_PLC,737,737,738,,,,398145000,plc_internal_rd_loc_t_nanosecond,75,100,69.311,-5.689003,0,1,1046064939,3,512,0,ok,
RUN_20260502_S7_L3_HIGH_75_100_S01_R02,S7_L3_HIGH_75_100,SER_20260502_S7_L3_HIGH_75_100_S01,HW_PLC,HW_PLC,738,738,739,,,,476389000,plc_internal_rd_loc_t_nanosecond,75,100,78.244,3.244003,0,1,1431550940,3,512,0,ok,
RUN_20260502_S7_L3_HIGH_75_100_S01_R02,S7_L3_HIGH_75_100,SER_20260502_S7_L3_HIGH_75_100_S01,HW_PLC,HW_PLC,739,739,740,,,,553938000,plc_internal_rd_loc_t_nanosecond,75,100,77.549,2.549004,0,1,1780342927,3,512,0,ok,
RUN_20260502_S7_L3_HIGH_75_100_S01_R02,S7_L3_HIGH_75_100,SER_20260502_S7_L3_HIGH_75_100_S01,HW_PLC,HW_PLC,740,740,741,,,,623632000,plc_internal_rd_loc_t_nanosecond,75,100,69.694,-5.306,0,1,2094533956,3,512,0,ok,
RUN_20260502_S7_L3_HIGH_75_100_S01_R02,S7_L3_HIGH_75_100,SER_20260502_S7_L3_HIGH_75_100_S01,HW_PLC,HW_PLC,741,741,742,,,,693272000,plc_internal_rd_loc_t_nanosecond,75,100,69.64,-5.360001,0,1,228741628,3,512,0,ok,
RUN_20260502_S7_L3_HIGH_75_100_S01_R02,S7_L3_HIGH_75_100,SER_20260502_S7_L3_HIGH_75_100_S01,HW_PLC,HW_PLC,742,742,743,,,,766690000,plc_internal_rd_loc_t_nanosecond,75,100,73.418,-1.582001,0,1,480026293,3,512,0,ok,
RUN_20260502_S7_L3_HIGH_75_100_S01_R02,S7_L3_HIGH_75_100,SER_20260502_S7_L3_HIGH_75_100_S01,HW_PLC,HW_PLC,743,743,744,,,,842852000,plc_internal_rd_loc_t_nanosecond,75,100,76.162,1.162003,0,1,703005552,3,512,0,ok,
RUN_20260502_S7_L3_HIGH_75_100_S01_R02,S7_L3_HIGH_75_100,SER_20260502_S7_L3_HIGH_75_100_S01,HW_PLC,HW_PLC,744,744,745,,,,912443000,plc_internal_rd_loc_t_nanosecond,75,100,69.591,-5.408997,0,1,899772461,3,512,0,ok,
RUN_20260502_S7_L3_HIGH_75_100_S01_R02,S7_L3_HIGH_75_100,SER_20260502_S7_L3_HIGH_75_100_S01,HW_PLC,HW_PLC,745,745,746,,,,981950000,plc_internal_rd_loc_t_nanosecond,75,100,69.507,-5.492996,0,1,1072428268,3,512,0,ok,
RUN_20260502_S7_L3_HIGH_75_100_S01_R02,S7_L3_HIGH_75_100,SER_20260502_S7_L3_HIGH_75_100_S01,HW_PLC,HW_PLC,746,746,747,,,,55872000,plc_internal_rd_loc_t_nanosecond,75,100,73.922,-1.078003,0,1,1223066029,3,512,0,ok,
RUN_20260502_S7_L3_HIGH_75_100_S01_R02,S7_L3_HIGH_75_100,SER_20260502_S7_L3_HIGH_75_100_S01,HW_PLC,HW_PLC,747,747,748,,,,131834000,plc_internal_rd_loc_t_nanosecond,75,100,75.962,0.961998,0,1,1353786992,3,512,0,ok,
RUN_20260502_S7_L3_HIGH_75_100_S01_R02,S7_L3_HIGH_75_100,SER_20260502_S7_L3_HIGH_75_100_S01,HW_PLC,HW_PLC,748,748,749,,,,201316000,plc_internal_rd_loc_t_nanosecond,75,100,69.482,-5.517998,0,1,1466684213,3,512,0,ok,
RUN_20260502_S7_L3_HIGH_75_100_S01_R02,S7_L3_HIGH_75_100,SER_20260502_S7_L3_HIGH_75_100_S01,HW_PLC,HW_PLC,749,749,750,,,,273919000,plc_internal_rd_loc_t_nanosecond,75,100,72.603,-2.397003,0,1,1563858940,3,512,0,ok,
RUN_20260502_S7_L3_HIGH_75_100_S01_R02,S7_L3_HIGH_75_100,SER_20260502_S7_L3_HIGH_75_100_S01,HW_PLC,HW_PLC,750,750,751,,,,347387000,plc_internal_rd_loc_t_nanosecond,75,100,73.468,-1.531998,0,1,1647404229,3,512,0,ok,
RUN_20260502_S7_L3_HIGH_75_100_S01_R02,S7_L3_HIGH_75_100,SER_20260502_S7_L3_HIGH_75_100_S01,HW_PLC,HW_PLC,751,751,752,,,,431419000,plc_internal_rd_loc_t_nanosecond,75,100,84.032,9.031998,0,1,1719421328,3,512,0,ok,
RUN_20260502_S7_L3_HIGH_75_100_S01_R02,S7_L3_HIGH_75_100,SER_20260502_S7_L3_HIGH_75_100_S01,HW_PLC,HW_PLC,752,752,753,,,,500600000,plc_internal_rd_loc_t_nanosecond,75,100,69.181,-5.819,0,1,1782003293,3,512,0,ok,
RUN_20260502_S7_L3_HIGH_75_100_S01_R02,S7_L3_HIGH_75_100,SER_20260502_S7_L3_HIGH_75_100_S01,HW_PLC,HW_PLC,753,753,754,,,,574310000,plc_internal_rd_loc_t_nanosecond,75,100,73.71,-1.290001,0,1,1837251372,3,512,0,ok,
RUN_20260502_S7_L3_HIGH_75_100_S01_R02,S7_L3_HIGH_75_100,SER_20260502_S7_L3_HIGH_75_100_S01,HW_PLC,HW_PLC,754,754,755,,,,651499000,plc_internal_rd_loc_t_nanosecond,75,100,77.189,2.189003,0,1,1887258621,3,512,0,ok,
RUN_20260502_S7_L3_HIGH_75_100_S01_R02,S7_L3_HIGH_75_100,SER_20260502_S7_L3_HIGH_75_100_S01,HW_PLC,HW_PLC,755,755,756,,,,720339000,plc_internal_rd_loc_t_nanosecond,75,100,68.84,-6.160004,0,1,1934126288,3,512,0,ok,
RUN_20260502_S7_L3_HIGH_75_100_S01_R02,S7_L3_HIGH_75_100,SER_20260502_S7_L3_HIGH_75_100_S01,HW_PLC,HW_PLC,756,756,757,,,,793599000,plc_internal_rd_loc_t_nanosecond,75,100,73.26,-1.739998,0,1,1979947429,3,512,0,ok,
RUN_20260502_S7_L3_HIGH_75_100_S01_R02,S7_L3_HIGH_75_100,SER_20260502_S7_L3_HIGH_75_100_S01,HW_PLC,HW_PLC,757,757,758,,,,868949000,plc_internal_rd_loc_t_nanosecond,75,100,75.35,0.3499985,0,1,2026823292,3,512,0,ok,
RUN_20260502_S7_L3_HIGH_75_100_S01_R02,S7_L3_HIGH_75_100,SER_20260502_S7_L3_HIGH_75_100_S01,HW_PLC,HW_PLC,758,758,759,,,,939543000,plc_internal_rd_loc_t_nanosecond,75,100,70.594,-4.405998,0,1,2076846933,3,512,0,ok,
RUN_20260502_S7_L3_HIGH_75_100_S01_R02,S7_L3_HIGH_75_100,SER_20260502_S7_L3_HIGH_75_100_S01,HW_PLC,HW_PLC,759,759,760,,,,8644000,plc_internal_rd_loc_t_nanosecond,75,100,69.101,-5.899002,0,1,2132119600,3,512,0,ok,
RUN_20260502_S7_L3_HIGH_75_100_S01_R02,S7_L3_HIGH_75_100,SER_20260502_S7_L3_HIGH_75_100_S01,HW_PLC,HW_PLC,760,760,761,,,,82822000,plc_internal_rd_loc_t_nanosecond,75,100,74.178,-0.8219986,0,1,47250702,3,512,0,ok,
RUN_20260502_S7_L3_HIGH_75_100_S01_R02,S7_L3_HIGH_75_100,SER_20260502_S7_L3_HIGH_75_100_S01,HW_PLC,HW_PLC,761,761,762,,,,157371000,plc_internal_rd_loc_t_nanosecond,75,100,74.549,-0.4509964,0,1,119308781,3,512,0,ok,
RUN_20260502_S7_L3_HIGH_75_100_S01_R02,S7_L3_HIGH_75_100,SER_20260502_S7_L3_HIGH_75_100_S01,HW_PLC,HW_PLC,762,762,763,,,,228291000,plc_internal_rd_loc_t_nanosecond,75,100,70.92,-4.080002,0,1,202903246,3,512,0,ok,
RUN_20260502_S7_L3_HIGH_75_100_S01_R02,S7_L3_HIGH_75_100,SER_20260502_S7_L3_HIGH_75_100_S01,HW_PLC,HW_PLC,763,763,764,,,,304749000,plc_internal_rd_loc_t_nanosecond,75,100,76.458,1.458,0,1,300135345,3,512,0,ok,
RUN_20260502_S7_L3_HIGH_75_100_S01_R02,S7_L3_HIGH_75_100,SER_20260502_S7_L3_HIGH_75_100_S01,HW_PLC,HW_PLC,764,764,765,,,,378479000,plc_internal_rd_loc_t_nanosecond,75,100,73.73,-1.269997,0,1,413098134,3,512,0,ok,
RUN_20260502_S7_L3_HIGH_75_100_S01_R02,S7_L3_HIGH_75_100,SER_20260502_S7_L3_HIGH_75_100_S01,HW_PLC,HW_PLC,765,765,766,,,,454536000,plc_internal_rd_loc_t_nanosecond,75,100,76.057,1.056999,0,1,543892861,3,512,0,ok,
RUN_20260502_S7_L3_HIGH_75_100_S01_R02,S7_L3_HIGH_75_100,SER_20260502_S7_L3_HIGH_75_100_S01,HW_PLC,HW_PLC,766,766,767,,,,523653000,plc_internal_rd_loc_t_nanosecond,75,100,69.117,-5.883003,0,1,694612582,3,512,0,ok,
RUN_20260502_S7_L3_HIGH_75_100_S01_R02,S7_L3_HIGH_75_100,SER_20260502_S7_L3_HIGH_75_100_S01,HW_PLC,HW_PLC,767,767,768,,,,593406000,plc_internal_rd_loc_t_nanosecond,75,100,69.753,-5.247002,0,1,867358545,3,512,0,ok,
RUN_20260502_S7_L3_HIGH_75_100_S01_R02,S7_L3_HIGH_75_100,SER_20260502_S7_L3_HIGH_75_100_S01,HW_PLC,HW_PLC,768,768,769,,,,666730000,plc_internal_rd_loc_t_nanosecond,75,100,73.324,-1.676003,0,1,1064223806,3,512,0,ok,
RUN_20260502_S7_L3_HIGH_75_100_S01_R02,S7_L3_HIGH_75_100,SER_20260502_S7_L3_HIGH_75_100_S01,HW_PLC,HW_PLC,769,769,770,,,,742604000,plc_internal_rd_loc_t_nanosecond,75,100,75.874,0.8740005,0,1,1287309613,3,512,0,ok,
RUN_20260502_S7_L3_HIGH_75_100_S01_R02,S7_L3_HIGH_75_100,SER_20260502_S7_L3_HIGH_75_100_S01,HW_PLC,HW_PLC,770,770,771,,,,812530000,plc_internal_rd_loc_t_nanosecond,75,100,69.926,-5.073997,0,1,1538709022,3,512,0,ok,
RUN_20260502_S7_L3_HIGH_75_100_S01_R02,S7_L3_HIGH_75_100,SER_20260502_S7_L3_HIGH_75_100_S01,HW_PLC,HW_PLC,771,771,772,,,,882426000,plc_internal_rd_loc_t_nanosecond,75,100,69.896,-5.103996,0,1,1820523281,3,512,0,ok,
RUN_20260502_S7_L3_HIGH_75_100_S01_R02,S7_L3_HIGH_75_100,SER_20260502_S7_L3_HIGH_75_100_S01,HW_PLC,HW_PLC,772,772,773,,,,955824000,plc_internal_rd_loc_t_nanosecond,75,100,73.398,-1.601997,0,1,2134845446,3,512,0,ok,
RUN_20260502_S7_L3_HIGH_75_100_S01_R02,S7_L3_HIGH_75_100,SER_20260502_S7_L3_HIGH_75_100_S01,HW_PLC,HW_PLC,773,773,774,,,,32721000,plc_internal_rd_loc_t_nanosecond,75,100,76.897,1.897003,0,1,336293118,3,512,0,ok,
RUN_20260502_S7_L3_HIGH_75_100_S01_R02,S7_L3_HIGH_75_100,SER_20260502_S7_L3_HIGH_75_100_S01,HW_PLC,HW_PLC,774,774,775,,,,102990000,plc_internal_rd_loc_t_nanosecond,75,100,70.269,-4.731003,0,1,721926647,3,512,0,ok,
RUN_20260502_S7_L3_HIGH_75_100_S01_R02,S7_L3_HIGH_75_100,SER_20260502_S7_L3_HIGH_75_100_S01,HW_PLC,HW_PLC,775,775,776,,,,182249000,plc_internal_rd_loc_t_nanosecond,75,100,79.259,4.259003,0,1,1146363634,3,512,0,ok,
RUN_20260502_S7_L3_HIGH_75_100_S01_R02,S7_L3_HIGH_75_100,SER_20260502_S7_L3_HIGH_75_100_S01,HW_PLC,HW_PLC,776,776,777,,,,259762000,plc_internal_rd_loc_t_nanosecond,75,100,77.513,2.513,0,1,1611697135,3,512,0,ok,
RUN_20260502_S7_L3_HIGH_75_100_S01_R02,S7_L3_HIGH_75_100,SER_20260502_S7_L3_HIGH_75_100_S01,HW_PLC,HW_PLC,777,777,778,,,,329653000,plc_internal_rd_loc_t_nanosecond,75,100,69.891,-5.109001,0,1,2120028398,3,512,0,ok,
RUN_20260502_S7_L3_HIGH_75_100_S01_R02,S7_L3_HIGH_75_100,SER_20260502_S7_L3_HIGH_75_100_S01,HW_PLC,HW_PLC,778,778,779,,,,402589000,plc_internal_rd_loc_t_nanosecond,75,100,72.936,-2.064003,0,1,525966832,3,512,0,ok,
RUN_20260502_S7_L3_HIGH_75_100_S01_R02,S7_L3_HIGH_75_100,SER_20260502_S7_L3_HIGH_75_100_S01,HW_PLC,HW_PLC,779,779,780,,,,478639000,plc_internal_rd_loc_t_nanosecond,75,100,76.05,1.050003,0,1,1126580979,3,512,0,ok,
RUN_20260502_S7_L3_HIGH_75_100_S01_R02,S7_L3_HIGH_75_100,SER_20260502_S7_L3_HIGH_75_100_S01,HW_PLC,HW_PLC,780,780,781,,,,548601000,plc_internal_rd_loc_t_nanosecond,75,100,69.962,-5.038002,0,1,1776480248,3,512,0,ok,
RUN_20260502_S7_L3_HIGH_75_100_S01_R02,S7_L3_HIGH_75_100,SER_20260502_S7_L3_HIGH_75_100_S01,HW_PLC,HW_PLC,781,781,782,,,,617438000,plc_internal_rd_loc_t_nanosecond,75,100,68.837,-6.163002,0,1,330282240,3,512,0,ok,
RUN_20260502_S7_L3_HIGH_75_100_S01_R02,S7_L3_HIGH_75_100,SER_20260502_S7_L3_HIGH_75_100_S01,HW_PLC,HW_PLC,782,782,783,,,,690747000,plc_internal_rd_loc_t_nanosecond,75,100,73.309,-1.691002,0,1,1085047305,3,512,0,ok,
RUN_20260502_S7_L3_HIGH_75_100_S01_R02,S7_L3_HIGH_75_100,SER_20260502_S7_L3_HIGH_75_100_S01,HW_PLC,HW_PLC,783,783,784,,,,765628000,plc_internal_rd_loc_t_nanosecond,75,100,74.881,-0.1190033,0,1,1895393044,3,512,0,ok,
RUN_20260502_S7_L3_HIGH_75_100_S01_R02,S7_L3_HIGH_75_100,SER_20260502_S7_L3_HIGH_75_100_S01,HW_PLC,HW_PLC,784,784,785,,,,836598000,plc_internal_rd_loc_t_nanosecond,75,100,70.97,-4.029999,0,1,615928866,3,512,0,ok,
RUN_20260502_S7_L3_HIGH_75_100_S01_R02,S7_L3_HIGH_75_100,SER_20260502_S7_L3_HIGH_75_100_S01,HW_PLC,HW_PLC,785,785,786,,,,906303000,plc_internal_rd_loc_t_nanosecond,75,100,69.705,-5.294998,0,1,1543723313,3,512,0,ok,
RUN_20260502_S7_L3_HIGH_75_100_S01_R02,S7_L3_HIGH_75_100,SER_20260502_S7_L3_HIGH_75_100_S01,HW_PLC,HW_PLC,786,786,787,,,,979586000,plc_internal_rd_loc_t_nanosecond,75,100,73.283,-1.717003,0,1,385902147,3,512,0,ok,
RUN_20260502_S7_L3_HIGH_75_100_S01_R02,S7_L3_HIGH_75_100,SER_20260502_S7_L3_HIGH_75_100_S01,HW_PLC,HW_PLC,787,787,788,,,,57272000,plc_internal_rd_loc_t_nanosecond,75,100,77.686,2.685997,0,1,1439533910,3,512,0,ok,
RUN_20260502_S7_L3_HIGH_75_100_S01_R02,S7_L3_HIGH_75_100,SER_20260502_S7_L3_HIGH_75_100_S01,HW_PLC,HW_PLC,788,788,789,,,,132801000,plc_internal_rd_loc_t_nanosecond,75,100,75.529,0.5289993,0,1,411744364,3,512,0,ok,
RUN_20260502_S7_L3_HIGH_75_100_S01_R02,S7_L3_HIGH_75_100,SER_20260502_S7_L3_HIGH_75_100_S01,HW_PLC,HW_PLC,789,789,790,,,,206940000,plc_internal_rd_loc_t_nanosecond,75,100,74.139,-0.8610001,0,1,1599602051,3,512,0,ok,
RUN_20260502_S7_L3_HIGH_75_100_S01_R02,S7_L3_HIGH_75_100,SER_20260502_S7_L3_HIGH_75_100_S01,HW_PLC,HW_PLC,790,790,791,,,,281542000,plc_internal_rd_loc_t_nanosecond,75,100,74.602,-0.3980026,0,1,710232733,3,512,0,ok,
RUN_20260502_S7_L3_HIGH_75_100_S01_R02,S7_L3_HIGH_75_100,SER_20260502_S7_L3_HIGH_75_100_S01,HW_PLC,HW_PLC,791,791,792,,,,353629000,plc_internal_rd_loc_t_nanosecond,75,100,72.087,-2.913002,0,1,2040704952,3,512,0,ok,
RUN_20260502_S7_L3_HIGH_75_100_S01_R02,S7_L3_HIGH_75_100,SER_20260502_S7_L3_HIGH_75_100_S01,HW_PLC,HW_PLC,792,792,793,,,,422432000,plc_internal_rd_loc_t_nanosecond,75,100,68.803,-6.196999,0,1,1298144470,3,512,0,ok,
RUN_20260502_S7_L3_HIGH_75_100_S01_R02,S7_L3_HIGH_75_100,SER_20260502_S7_L3_HIGH_75_100_S01,HW_PLC,HW_PLC,793,793,794,,,,495885000,plc_internal_rd_loc_t_nanosecond,75,100,73.453,-1.546997,0,1,632136182,3,512,0,ok,
RUN_20260502_S7_L3_HIGH_75_100_S01_R02,S7_L3_HIGH_75_100,SER_20260502_S7_L3_HIGH_75_100_S01,HW_PLC,HW_PLC,794,794,795,,,,569663000,plc_internal_rd_loc_t_nanosecond,75,100,73.778,-1.222,0,1,44773144,3,512,0,ok,
RUN_20260502_S7_L3_HIGH_75_100_S01_R02,S7_L3_HIGH_75_100,SER_20260502_S7_L3_HIGH_75_100_S01,HW_PLC,HW_PLC,795,795,796,,,,641923000,plc_internal_rd_loc_t_nanosecond,75,100,72.26,-2.739998,0,1,1685640251,3,512,0,ok,
RUN_20260502_S7_L3_HIGH_75_100_S01_R02,S7_L3_HIGH_75_100,SER_20260502_S7_L3_HIGH_75_100_S01,HW_PLC,HW_PLC,796,796,797,,,,711398000,plc_internal_rd_loc_t_nanosecond,75,100,69.475,-5.525002,0,1,1261863265,3,512,0,ok,
RUN_20260502_S7_L3_HIGH_75_100_S01_R02,S7_L3_HIGH_75_100,SER_20260502_S7_L3_HIGH_75_100_S01,HW_PLC,HW_PLC,797,797,798,,,,784333000,plc_internal_rd_loc_t_nanosecond,75,100,72.935,-2.065002,0,1,923027081,3,512,0,ok,
RUN_20260502_S7_L3_HIGH_75_100_S01_R02,S7_L3_HIGH_75_100,SER_20260502_S7_L3_HIGH_75_100_S01,HW_PLC,HW_PLC,798,798,799,,,,861755000,plc_internal_rd_loc_t_nanosecond,75,100,77.422,2.421997,0,1,671224755,3,512,0,ok,
RUN_20260502_S7_L3_HIGH_75_100_S01_R02,S7_L3_HIGH_75_100,SER_20260502_S7_L3_HIGH_75_100_S01,HW_PLC,HW_PLC,799,799,800,,,,930569000,plc_internal_rd_loc_t_nanosecond,75,100,68.814,-6.185997,0,0,508557535,3,512,0,ok,
RUN_20260502_S7_L3_HIGH_75_100_S01_R02,S7_L3_HIGH_75_100,SER_20260502_S7_L3_HIGH_75_100_S01,HW_PLC,HW_PLC,800,800,801,,,,10717000,plc_internal_rd_loc_t_nanosecond,75,100,80.148,5.148003,0,0,437118477,3,512,0,ok,
RUN_20260502_S7_L3_HIGH_75_100_S01_R02,S7_L3_HIGH_75_100,SER_20260502_S7_L3_HIGH_75_100_S01,HW_PLC,HW_PLC,801,801,802,,,,88437000,plc_internal_rd_loc_t_nanosecond,75,100,77.72,2.720001,0,0,459008829,3,512,0,ok,
RUN_20260502_S7_L3_HIGH_75_100_S01_R02,S7_L3_HIGH_75_100,SER_20260502_S7_L3_HIGH_75_100_S01,HW_PLC,HW_PLC,802,802,803,,,,157944000,plc_internal_rd_loc_t_nanosecond,75,100,69.507,-5.492996,0,0,576321647,3,512,0,ok,
RUN_20260502_S7_L3_HIGH_75_100_S01_R02,S7_L3_HIGH_75_100,SER_20260502_S7_L3_HIGH_75_100_S01,HW_PLC,HW_PLC,803,803,804,,,,230838000,plc_internal_rd_loc_t_nanosecond,75,100,72.894,-2.106003,0,0,791158179,3,512,0,ok,
RUN_20260502_S7_L3_HIGH_75_100_S01_R02,S7_L3_HIGH_75_100,SER_20260502_S7_L3_HIGH_75_100_S01,HW_PLC,HW_PLC,804,804,805,,,,305359000,plc_internal_rd_loc_t_nanosecond,75,100,74.521,-0.4789963,0,0,1105611481,3,512,0,ok,
RUN_20260502_S7_L3_HIGH_75_100_S01_R02,S7_L3_HIGH_75_100,SER_20260502_S7_L3_HIGH_75_100_S01,HW_PLC,HW_PLC,805,805,806,,,,377294000,plc_internal_rd_loc_t_nanosecond,75,100,71.935,-3.065002,0,0,1521782801,3,512,0,ok,
RUN_20260502_S7_L3_HIGH_75_100_S01_R02,S7_L3_HIGH_75_100,SER_20260502_S7_L3_HIGH_75_100_S01,HW_PLC,HW_PLC,806,806,807,,,,447174000,plc_internal_rd_loc_t_nanosecond,75,100,69.88,-5.120003,0,0,2041765195,3,512,0,ok,
RUN_20260502_S7_L3_HIGH_75_100_S01_R02,S7_L3_HIGH_75_100,SER_20260502_S7_L3_HIGH_75_100_S01,HW_PLC,HW_PLC,807,807,808,,,,519770000,plc_internal_rd_loc_t_nanosecond,75,100,72.596,-2.403999,0,0,520176264,3,512,0,ok,
RUN_20260502_S7_L3_HIGH_75_100_S01_R02,S7_L3_HIGH_75_100,SER_20260502_S7_L3_HIGH_75_100_S01,HW_PLC,HW_PLC,808,808,809,,,,597428000,plc_internal_rd_loc_t_nanosecond,75,100,77.658,2.657997,0,0,1254076358,3,512,0,ok,
RUN_20260502_S7_L3_HIGH_75_100_S01_R02,S7_L3_HIGH_75_100,SER_20260502_S7_L3_HIGH_75_100_S01,HW_PLC,HW_PLC,809,809,810,,,,667251000,plc_internal_rd_loc_t_nanosecond,75,100,69.823,-5.177002,0,0,2098083078,3,512,0,ok,
RUN_20260502_S7_L3_HIGH_75_100_S01_R02,S7_L3_HIGH_75_100,SER_20260502_S7_L3_HIGH_75_100_S01,HW_PLC,HW_PLC,810,810,811,,,,740247000,plc_internal_rd_loc_t_nanosecond,75,100,72.996,-2.003998,0,0,906805833,3,512,0,ok,
RUN_20260502_S7_L3_HIGH_75_100_S01_R02,S7_L3_HIGH_75_100,SER_20260502_S7_L3_HIGH_75_100_S01,HW_PLC,HW_PLC,811,811,812,,,,817189000,plc_internal_rd_loc_t_nanosecond,75,100,76.942,1.942001,0,0,1977313165,3,512,0,ok,
RUN_20260502_S7_L3_HIGH_75_100_S01_R02,S7_L3_HIGH_75_100,SER_20260502_S7_L3_HIGH_75_100_S01,HW_PLC,HW_PLC,812,812,813,,,,893696000,plc_internal_rd_loc_t_nanosecond,75,100,76.507,1.507004,0,0,1016730836,3,512,0,ok,
RUN_20260502_S7_L3_HIGH_75_100_S01_R02,S7_L3_HIGH_75_100,SER_20260502_S7_L3_HIGH_75_100_S01,HW_PLC,HW_PLC,813,813,814,,,,967370000,plc_internal_rd_loc_t_nanosecond,75,100,73.674,-1.325996,0,0,174643741,3,512,0,ok,
RUN_20260502_S7_L3_HIGH_75_100_S01_R02,S7_L3_HIGH_75_100,SER_20260502_S7_L3_HIGH_75_100_S01,HW_PLC,HW_PLC,814,814,815,,,,44580000,plc_internal_rd_loc_t_nanosecond,75,100,77.21,2.209999,0,0,1600628583,3,512,0,ok,
RUN_20260502_S7_L3_HIGH_75_100_S01_R02,S7_L3_HIGH_75_100,SER_20260502_S7_L3_HIGH_75_100_S01,HW_PLC,HW_PLC,815,815,816,,,,114370000,plc_internal_rd_loc_t_nanosecond,75,100,69.79,-5.209999,0,0,1001819316,3,512,0,ok,
RUN_20260502_S7_L3_HIGH_75_100_S01_R02,S7_L3_HIGH_75_100,SER_20260502_S7_L3_HIGH_75_100_S01,HW_PLC,HW_PLC,816,816,817,,,,187428000,plc_internal_rd_loc_t_nanosecond,75,100,73.058,-1.942001,0,0,527792643,3,512,0,ok,
RUN_20260502_S7_L3_HIGH_75_100_S01_R02,S7_L3_HIGH_75_100,SER_20260502_S7_L3_HIGH_75_100_S01,HW_PLC,HW_PLC,817,817,818,,,,263220000,plc_internal_rd_loc_t_nanosecond,75,100,75.792,0.7919998,0,0,180649812,3,512,0,ok,
RUN_20260502_S7_L3_HIGH_75_100_S01_R02,S7_L3_HIGH_75_100,SER_20260502_S7_L3_HIGH_75_100_S01,HW_PLC,HW_PLC,818,818,819,,,,336261000,plc_internal_rd_loc_t_nanosecond,75,100,73.041,-1.959,0,0,2109967526,3,512,0,ok,
RUN_20260502_S7_L3_HIGH_75_100_S01_R02,S7_L3_HIGH_75_100,SER_20260502_S7_L3_HIGH_75_100_S01,HW_PLC,HW_PLC,819,819,820,,,,405681000,plc_internal_rd_loc_t_nanosecond,75,100,69.42,-5.580002,0,0,2022879739,3,512,0,ok,
RUN_20260502_S7_L3_HIGH_75_100_S01_R02,S7_L3_HIGH_75_100,SER_20260502_S7_L3_HIGH_75_100_S01,HW_PLC,HW_PLC,820,820,821,,,,479326000,plc_internal_rd_loc_t_nanosecond,75,100,73.645,-1.355003,0,0,2068963154,3,512,0,ok,
RUN_20260502_S7_L3_HIGH_75_100_S01_R02,S7_L3_HIGH_75_100,SER_20260502_S7_L3_HIGH_75_100_S01,HW_PLC,HW_PLC,821,821,822,,,,555539000,plc_internal_rd_loc_t_nanosecond,75,100,76.213,1.212997,0,0,102835372,3,512,0,ok,
RUN_20260502_S7_L3_HIGH_75_100_S01_R02,S7_L3_HIGH_75_100,SER_20260502_S7_L3_HIGH_75_100_S01,HW_PLC,HW_PLC,822,822,823,,,,625562000,plc_internal_rd_loc_t_nanosecond,75,100,70.023,-4.976997,0,0,421556743,3,512,0,ok,
RUN_20260502_S7_L3_HIGH_75_100_S01_R02,S7_L3_HIGH_75_100,SER_20260502_S7_L3_HIGH_75_100_S01,HW_PLC,HW_PLC,823,823,824,,,,698694000,plc_internal_rd_loc_t_nanosecond,75,100,73.132,-1.867996,0,0,879744868,3,512,0,ok,
RUN_20260502_S7_L3_HIGH_75_100_S01_R02,S7_L3_HIGH_75_100,SER_20260502_S7_L3_HIGH_75_100_S01,HW_PLC,HW_PLC,824,824,825,,,,773552000,plc_internal_rd_loc_t_nanosecond,75,100,74.858,-0.1419983,0,0,1479492803,3,512,0,ok,
RUN_20260502_S7_L3_HIGH_75_100_S01_R02,S7_L3_HIGH_75_100,SER_20260502_S7_L3_HIGH_75_100_S01,HW_PLC,HW_PLC,825,825,826,,,,851694000,plc_internal_rd_loc_t_nanosecond,75,100,78.142,3.141998,0,0,75418149,3,512,0,ok,
RUN_20260502_S7_L3_HIGH_75_100_S01_R02,S7_L3_HIGH_75_100,SER_20260502_S7_L3_HIGH_75_100_S01,HW_PLC,HW_PLC,826,826,827,,,,920984000,plc_internal_rd_loc_t_nanosecond,75,100,69.29,-5.709999,0,0,964581256,3,512,0,ok,
RUN_20260502_S7_L3_HIGH_75_100_S01_R02,S7_L3_HIGH_75_100,SER_20260502_S7_L3_HIGH_75_100_S01,HW_PLC,HW_PLC,827,827,828,,,,994561000,plc_internal_rd_loc_t_nanosecond,75,100,73.577,-1.422997,0,0,2001599725,3,512,0,ok,
RUN_20260502_S7_L3_HIGH_75_100_S01_R02,S7_L3_HIGH_75_100,SER_20260502_S7_L3_HIGH_75_100_S01,HW_PLC,HW_PLC,828,828,829,,,,71971000,plc_internal_rd_loc_t_nanosecond,75,100,77.41,2.410004,0,0,1041082965,3,512,0,ok,
RUN_20260502_S7_L3_HIGH_75_100_S01_R02,S7_L3_HIGH_75_100,SER_20260502_S7_L3_HIGH_75_100_S01,HW_PLC,HW_PLC,829,829,830,,,,141500000,plc_internal_rd_loc_t_nanosecond,75,100,69.529,-5.471001,0,0,232615871,3,512,0,ok,
RUN_20260502_S7_L3_HIGH_75_100_S01_R02,S7_L3_HIGH_75_100,SER_20260502_S7_L3_HIGH_75_100_S01,HW_PLC,HW_PLC,830,830,831,,,,214412000,plc_internal_rd_loc_t_nanosecond,75,100,72.912,-2.087997,0,0,1725775146,3,512,0,ok,
RUN_20260502_S7_L3_HIGH_75_100_S01_R02,S7_L3_HIGH_75_100,SER_20260502_S7_L3_HIGH_75_100_S01,HW_PLC,HW_PLC,831,831,832,,,,289526000,plc_internal_rd_loc_t_nanosecond,75,100,75.114,0.1139984,0,0,1227694744,3,512,0,ok,
RUN_20260502_S7_L3_HIGH_75_100_S01_R02,S7_L3_HIGH_75_100,SER_20260502_S7_L3_HIGH_75_100_S01,HW_PLC,HW_PLC,832,832,833,,,,360793000,plc_internal_rd_loc_t_nanosecond,75,100,71.267,-3.733002,0,0,887951368,3,512,0,ok,
RUN_20260502_S7_L3_HIGH_75_100_S01_R02,S7_L3_HIGH_75_100,SER_20260502_S7_L3_HIGH_75_100_S01,HW_PLC,HW_PLC,833,833,834,,,,429622000,plc_internal_rd_loc_t_nanosecond,75,100,68.829,-6.170998,0,0,708646266,3,512,0,ok,
RUN_20260502_S7_L3_HIGH_75_100_S01_R02,S7_L3_HIGH_75_100,SER_20260502_S7_L3_HIGH_75_100_S01,HW_PLC,HW_PLC,834,834,835,,,,503258000,plc_internal_rd_loc_t_nanosecond,75,100,73.636,-1.363998,0,0,691872494,3,512,0,ok,
RUN_20260502_S7_L3_HIGH_75_100_S01_R02,S7_L3_HIGH_75_100,SER_20260502_S7_L3_HIGH_75_100_S01,HW_PLC,HW_PLC,835,835,836,,,,579343000,plc_internal_rd_loc_t_nanosecond,75,100,76.085,1.084999,0,0,839731300,3,512,0,ok,
RUN_20260502_S7_L3_HIGH_75_100_S01_R02,S7_L3_HIGH_75_100,SER_20260502_S7_L3_HIGH_75_100_S01,HW_PLC,HW_PLC,836,836,837,,,,649236000,plc_internal_rd_loc_t_nanosecond,75,100,69.893,-5.107002,0,0,1154315740,3,512,0,ok,
RUN_20260502_S7_L3_HIGH_75_100_S01_R02,S7_L3_HIGH_75_100,SER_20260502_S7_L3_HIGH_75_100_S01,HW_PLC,HW_PLC,837,837,838,,,,725565000,plc_internal_rd_loc_t_nanosecond,75,100,76.329,1.329002,0,0,1637727062,3,512,0,ok,
RUN_20260502_S7_L3_HIGH_75_100_S01_R02,S7_L3_HIGH_75_100,SER_20260502_S7_L3_HIGH_75_100_S01,HW_PLC,HW_PLC,838,838,839,,,,798495000,plc_internal_rd_loc_t_nanosecond,75,100,72.93,-2.07,0,0,144574675,3,512,0,ok,
RUN_20260502_S7_L3_HIGH_75_100_S01_R02,S7_L3_HIGH_75_100,SER_20260502_S7_L3_HIGH_75_100_S01,HW_PLC,HW_PLC,839,839,840,,,,875915000,plc_internal_rd_loc_t_nanosecond,75,100,77.42,2.419998,0,0,971927121,3,512,0,ok,
RUN_20260502_S7_L3_HIGH_75_100_S01_R02,S7_L3_HIGH_75_100,SER_20260502_S7_L3_HIGH_75_100_S01,HW_PLC,HW_PLC,840,840,841,,,,945574000,plc_internal_rd_loc_t_nanosecond,75,100,69.659,-5.341003,0,0,1974393809,3,512,0,ok,
RUN_20260502_S7_L3_HIGH_75_100_S01_R02,S7_L3_HIGH_75_100,SER_20260502_S7_L3_HIGH_75_100_S01,HW_PLC,HW_PLC,841,841,842,,,,18555000,plc_internal_rd_loc_t_nanosecond,75,100,72.981,-2.018997,0,0,1006592340,3,512,0,ok,
RUN_20260502_S7_L3_HIGH_75_100_S01_R02,S7_L3_HIGH_75_100,SER_20260502_S7_L3_HIGH_75_100_S01,HW_PLC,HW_PLC,842,842,843,,,,89504000,plc_internal_rd_loc_t_nanosecond,75,100,70.949,-4.051003,0,0,218099417,3,512,0,ok,
RUN_20260502_S7_L3_HIGH_75_100_S01_R02,S7_L3_HIGH_75_100,SER_20260502_S7_L3_HIGH_75_100_S01,HW_PLC,HW_PLC,843,843,844,,,,164669000,plc_internal_rd_loc_t_nanosecond,75,100,75.165,0.1650009,0,0,1758499935,3,512,0,ok,
RUN_20260502_S7_L3_HIGH_75_100_S01_R02,S7_L3_HIGH_75_100,SER_20260502_S7_L3_HIGH_75_100_S01,HW_PLC,HW_PLC,844,844,845,,,,233955000,plc_internal_rd_loc_t_nanosecond,75,100,69.286,-5.713997,0,0,1334919656,3,512,0,ok,
RUN_20260502_S7_L3_HIGH_75_100_S01_R02,S7_L3_HIGH_75_100,SER_20260502_S7_L3_HIGH_75_100_S01,HW_PLC,HW_PLC,845,845,846,,,,308287000,plc_internal_rd_loc_t_nanosecond,75,100,74.332,-0.6679993,0,0,1096943475,3,512,0,ok,
RUN_20260502_S7_L3_HIGH_75_100_S01_R02,S7_L3_HIGH_75_100,SER_20260502_S7_L3_HIGH_75_100_S01,HW_PLC,HW_PLC,846,846,847,,,,385370000,plc_internal_rd_loc_t_nanosecond,75,100,77.083,2.083,0,0,1046664448,3,512,0,ok,
RUN_20260502_S7_L3_HIGH_75_100_S01_R02,S7_L3_HIGH_75_100,SER_20260502_S7_L3_HIGH_75_100_S01,HW_PLC,HW_PLC,847,847,848,,,,455236000,plc_internal_rd_loc_t_nanosecond,75,100,69.866,-5.134003,0,0,1186183823,3,512,0,ok,
RUN_20260502_S7_L3_HIGH_75_100_S01_R02,S7_L3_HIGH_75_100,SER_20260502_S7_L3_HIGH_75_100_S01,HW_PLC,HW_PLC,848,848,849,,,,527629000,plc_internal_rd_loc_t_nanosecond,75,100,72.393,-2.607002,0,0,1517594656,3,512,0,ok,
RUN_20260502_S7_L3_HIGH_75_100_S01_R02,S7_L3_HIGH_75_100,SER_20260502_S7_L3_HIGH_75_100_S01,HW_PLC,HW_PLC,849,849,850,,,,610768000,plc_internal_rd_loc_t_nanosecond,75,100,83.139,8.139,0,0,2042998195,3,512,0,ok,
RUN_20260502_S7_L3_HIGH_75_100_S01_R02,S7_L3_HIGH_75_100,SER_20260502_S7_L3_HIGH_75_100_S01,HW_PLC,HW_PLC,850,850,851,,,,680472000,plc_internal_rd_loc_t_nanosecond,75,100,69.704,-5.295998,0,0,617003849,3,512,0,ok,
RUN_20260502_S7_L3_HIGH_75_100_S01_R02,S7_L3_HIGH_75_100,SER_20260502_S7_L3_HIGH_75_100_S01,HW_PLC,HW_PLC,851,851,852,,,,750498000,plc_internal_rd_loc_t_nanosecond,75,100,70.026,-4.973999,0,0,1536680160,3,512,0,ok,
RUN_20260502_S7_L3_HIGH_75_100_S01_R02,S7_L3_HIGH_75_100,SER_20260502_S7_L3_HIGH_75_100_S01,HW_PLC,HW_PLC,852,852,853,,,,823500000,plc_internal_rd_loc_t_nanosecond,75,100,73.002,-1.998001,0,0,509152890,3,512,0,ok,
RUN_20260502_S7_L3_HIGH_75_100_S01_R02,S7_L3_HIGH_75_100,SER_20260502_S7_L3_HIGH_75_100_S01,HW_PLC,HW_PLC,853,853,854,,,,900708000,plc_internal_rd_loc_t_nanosecond,75,100,77.208,2.208,0,0,1831490581,3,512,0,ok,
RUN_20260502_S7_L3_HIGH_75_100_S01_R02,S7_L3_HIGH_75_100,SER_20260502_S7_L3_HIGH_75_100_S01,HW_PLC,HW_PLC,854,854,855,,,,970908000,plc_internal_rd_loc_t_nanosecond,75,100,70.2,-4.800003,0,0,1210818995,3,512,0,ok,
RUN_20260502_S7_L3_HIGH_75_100_S01_R02,S7_L3_HIGH_75_100,SER_20260502_S7_L3_HIGH_75_100_S01,HW_PLC,HW_PLC,855,855,856,,,,44193000,plc_internal_rd_loc_t_nanosecond,75,100,73.285,-1.714996,0,0,796723027,3,512,0,ok,
RUN_20260502_S7_L3_HIGH_75_100_S01_R02,S7_L3_HIGH_75_100,SER_20260502_S7_L3_HIGH_75_100_S01,HW_PLC,HW_PLC,856,856,857,,,,117276000,plc_internal_rd_loc_t_nanosecond,75,100,73.083,-1.917,0,0,591295733,3,512,0,ok,
RUN_20260502_S7_L3_HIGH_75_100_S01_R02,S7_L3_HIGH_75_100,SER_20260502_S7_L3_HIGH_75_100_S01,HW_PLC,HW_PLC,857,857,858,,,,189558000,plc_internal_rd_loc_t_nanosecond,75,100,72.282,-2.718002,0,0,596638361,3,512,0,ok,
RUN_20260502_S7_L3_HIGH_75_100_S01_R02,S7_L3_HIGH_75_100,SER_20260502_S7_L3_HIGH_75_100_S01,HW_PLC,HW_PLC,858,858,859,,,,259535000,plc_internal_rd_loc_t_nanosecond,75,100,69.977,-5.023003,0,0,814843967,3,512,0,ok,
RUN_20260502_S7_L3_HIGH_75_100_S01_R02,S7_L3_HIGH_75_100,SER_20260502_S7_L3_HIGH_75_100_S01,HW_PLC,HW_PLC,859,859,860,,,,332758000,plc_internal_rd_loc_t_nanosecond,75,100,73.223,-1.777,0,0,1248013799,3,512,0,ok,
RUN_20260502_S7_L3_HIGH_75_100_S01_R02,S7_L3_HIGH_75_100,SER_20260502_S7_L3_HIGH_75_100_S01,HW_PLC,HW_PLC,860,860,861,,,,407887000,plc_internal_rd_loc_t_nanosecond,75,100,75.129,0.1289978,0,0,1898240913,3,512,0,ok,
RUN_20260502_S7_L3_HIGH_75_100_S01_R02,S7_L3_HIGH_75_100,SER_20260502_S7_L3_HIGH_75_100_S01,HW_PLC,HW_PLC,861,861,862,,,,485696000,plc_internal_rd_loc_t_nanosecond,75,100,77.809,2.808998,0,0,620142910,3,512,0,ok,
RUN_20260502_S7_L3_HIGH_75_100_S01_R02,S7_L3_HIGH_75_100,SER_20260502_S7_L3_HIGH_75_100_S01,HW_PLC,HW_PLC,862,862,863,,,,555561000,plc_internal_rd_loc_t_nanosecond,75,100,69.865,-5.135002,0,0,1710780140,3,512,0,ok,
RUN_20260502_S7_L3_HIGH_75_100_S01_R02,S7_L3_HIGH_75_100,SER_20260502_S7_L3_HIGH_75_100_S01,HW_PLC,HW_PLC,863,863,864,,,,627875000,plc_internal_rd_loc_t_nanosecond,75,100,72.314,-2.685997,0,0,877286557,3,512,0,ok,
RUN_20260502_S7_L3_HIGH_75_100_S01_R02,S7_L3_HIGH_75_100,SER_20260502_S7_L3_HIGH_75_100_S01,HW_PLC,HW_PLC,864,864,865,,,,704333000,plc_internal_rd_loc_t_nanosecond,75,100,76.458,1.458,0,0,269238864,3,512,0,ok,
RUN_20260502_S7_L3_HIGH_75_100_S01_R02,S7_L3_HIGH_75_100,SER_20260502_S7_L3_HIGH_75_100_S01,HW_PLC,HW_PLC,865,865,866,,,,774418000,plc_internal_rd_loc_t_nanosecond,75,100,70.085,-4.915001,0,0,2036221956,3,512,0,ok,
RUN_20260502_S7_L3_HIGH_75_100_S01_R02,S7_L3_HIGH_75_100,SER_20260502_S7_L3_HIGH_75_100_S01,HW_PLC,HW_PLC,866,866,867,,,,844910000,plc_internal_rd_loc_t_nanosecond,75,100,70.492,-4.508003,0,0,1885361595,3,512,0,ok,
RUN_20260502_S7_L3_HIGH_75_100_S01_R02,S7_L3_HIGH_75_100,SER_20260502_S7_L3_HIGH_75_100_S01,HW_PLC,HW_PLC,867,867,868,,,,918193000,plc_internal_rd_loc_t_nanosecond,75,100,73.283,-1.717003,0,0,1966242676,3,512,0,ok,
RUN_20260502_S7_L3_HIGH_75_100_S01_R02,S7_L3_HIGH_75_100,SER_20260502_S7_L3_HIGH_75_100_S01,HW_PLC,HW_PLC,868,868,869,,,,995370000,plc_internal_rd_loc_t_nanosecond,75,100,77.177,2.177002,0,0,133474608,3,512,0,ok,
RUN_20260502_S7_L3_HIGH_75_100_S01_R02,S7_L3_HIGH_75_100,SER_20260502_S7_L3_HIGH_75_100_S01,HW_PLC,HW_PLC,869,869,870,,,,65948000,plc_internal_rd_loc_t_nanosecond,75,100,70.578,-4.421997,0,0,684125933,3,512,0,ok,
RUN_20260502_S7_L3_HIGH_75_100_S01_R02,S7_L3_HIGH_75_100,SER_20260502_S7_L3_HIGH_75_100_S01,HW_PLC,HW_PLC,870,870,871,,,,138297000,plc_internal_rd_loc_t_nanosecond,75,100,72.349,-2.651001,0,0,1472806060,3,512,0,ok,
RUN_20260502_S7_L3_HIGH_75_100_S01_R02,S7_L3_HIGH_75_100,SER_20260502_S7_L3_HIGH_75_100_S01,HW_PLC,HW_PLC,871,871,872,,,,214152000,plc_internal_rd_loc_t_nanosecond,75,100,75.855,0.8550034,0,0,354132590,3,512,0,ok,
RUN_20260502_S7_L3_HIGH_75_100_S01_R02,S7_L3_HIGH_75_100,SER_20260502_S7_L3_HIGH_75_100_S01,HW_PLC,HW_PLC,872,872,873,,,,284246000,plc_internal_rd_loc_t_nanosecond,75,100,70.094,-4.905998,0,0,1625165873,3,512,0,ok,
RUN_20260502_S7_L3_HIGH_75_100_S01_R02,S7_L3_HIGH_75_100,SER_20260502_S7_L3_HIGH_75_100_S01,HW_PLC,HW_PLC,873,873,874,,,,355230000,plc_internal_rd_loc_t_nanosecond,75,100,70.984,-4.015999,0,0,993039863,3,512,0,ok,
RUN_20260502_S7_L3_HIGH_75_100_S01_R02,S7_L3_HIGH_75_100,SER_20260502_S7_L3_HIGH_75_100_S01,HW_PLC,HW_PLC,874,874,875,,,,434139000,plc_internal_rd_loc_t_nanosecond,75,100,78.909,3.908997,0,0,607331263,3,512,0,ok,
RUN_20260502_S7_L3_HIGH_75_100_S01_R02,S7_L3_HIGH_75_100,SER_20260502_S7_L3_HIGH_75_100_S01,HW_PLC,HW_PLC,875,875,876,,,,511368000,plc_internal_rd_loc_t_nanosecond,75,100,77.229,2.228996,0,0,470141321,3,512,0,ok,
RUN_20260502_S7_L3_HIGH_75_100_S01_R02,S7_L3_HIGH_75_100,SER_20260502_S7_L3_HIGH_75_100_S01,HW_PLC,HW_PLC,876,876,877,,,,580798000,plc_internal_rd_loc_t_nanosecond,75,100,69.43,-5.57,0,0,583563093,3,512,0,ok,
RUN_20260502_S7_L3_HIGH_75_100_S01_R02,S7_L3_HIGH_75_100,SER_20260502_S7_L3_HIGH_75_100_S01,HW_PLC,HW_PLC,877,877,878,,,,654454000,plc_internal_rd_loc_t_nanosecond,75,100,73.656,-1.344002,0,0,949697827,3,512,0,ok,
RUN_20260502_S7_L3_HIGH_75_100_S01_R02,S7_L3_HIGH_75_100,SER_20260502_S7_L3_HIGH_75_100_S01,HW_PLC,HW_PLC,878,878,879,,,,729847000,plc_internal_rd_loc_t_nanosecond,75,100,75.393,0.3929977,0,0,1570638579,3,512,0,ok,
RUN_20260502_S7_L3_HIGH_75_100_S01_R02,S7_L3_HIGH_75_100,SER_20260502_S7_L3_HIGH_75_100_S01,HW_PLC,HW_PLC,879,879,880,,,,800532000,plc_internal_rd_loc_t_nanosecond,75,100,70.685,-4.315002,0,0,301002950,3,512,0,ok,
RUN_20260502_S7_L3_HIGH_75_100_S01_R02,S7_L3_HIGH_75_100,SER_20260502_S7_L3_HIGH_75_100_S01,HW_PLC,HW_PLC,880,880,881,,,,874327000,plc_internal_rd_loc_t_nanosecond,75,100,73.795,-1.205002,0,0,1437851290,3,512,0,ok,
RUN_20260502_S7_L3_HIGH_75_100_S01_R02,S7_L3_HIGH_75_100,SER_20260502_S7_L3_HIGH_75_100_S01,HW_PLC,HW_PLC,881,881,882,,,,951645000,plc_internal_rd_loc_t_nanosecond,75,100,77.318,2.318001,0,0,688317553,3,512,0,ok,
RUN_20260502_S7_L3_HIGH_75_100_S01_R02,S7_L3_HIGH_75_100,SER_20260502_S7_L3_HIGH_75_100_S01,HW_PLC,HW_PLC,882,882,883,,,,21174000,plc_internal_rd_loc_t_nanosecond,75,100,69.529,-5.471001,0,0,201978442,3,512,0,ok,
RUN_20260502_S7_L3_HIGH_75_100_S01_R02,S7_L3_HIGH_75_100,SER_20260502_S7_L3_HIGH_75_100_S01,HW_PLC,HW_PLC,883,883,884,,,,94581000,plc_internal_rd_loc_t_nanosecond,75,100,73.407,-1.593002,0,0,2128418852,3,512,0,ok,
RUN_20260502_S7_L3_HIGH_75_100_S01_R02,S7_L3_HIGH_75_100,SER_20260502_S7_L3_HIGH_75_100_S01,HW_PLC,HW_PLC,884,884,885,,,,171671000,plc_internal_rd_loc_t_nanosecond,75,100,77.09,2.089996,0,0,27280898,3,512,0,ok,
RUN_20260502_S7_L3_HIGH_75_100_S01_R02,S7_L3_HIGH_75_100,SER_20260502_S7_L3_HIGH_75_100_S01,HW_PLC,HW_PLC,885,885,886,,,,240610000,plc_internal_rd_loc_t_nanosecond,75,100,68.939,-6.060997,0,0,343116769,3,512,0,ok,
RUN_20260502_S7_L3_HIGH_75_100_S01_R02,S7_L3_HIGH_75_100,SER_20260502_S7_L3_HIGH_75_100_S01,HW_PLC,HW_PLC,886,886,887,,,,321307000,plc_internal_rd_loc_t_nanosecond,75,100,80.697,5.696999,0,0,930535874,3,512,0,ok,
RUN_20260502_S7_L3_HIGH_75_100_S01_R02,S7_L3_HIGH_75_100,SER_20260502_S7_L3_HIGH_75_100_S01,HW_PLC,HW_PLC,887,887,888,,,,398537000,plc_internal_rd_loc_t_nanosecond,75,100,77.23,2.230003,0,0,1791639461,3,512,0,ok,
RUN_20260502_S7_L3_HIGH_75_100_S01_R02,S7_L3_HIGH_75_100,SER_20260502_S7_L3_HIGH_75_100_S01,HW_PLC,HW_PLC,888,888,889,,,,467961000,plc_internal_rd_loc_t_nanosecond,75,100,69.424,-5.575996,0,0,781036939,3,512,0,ok,
RUN_20260502_S7_L3_HIGH_75_100_S01_R02,S7_L3_HIGH_75_100,SER_20260502_S7_L3_HIGH_75_100_S01,HW_PLC,HW_PLC,889,889,890,,,,540704000,plc_internal_rd_loc_t_nanosecond,75,100,72.743,-2.257004,0,0,48313203,3,512,0,ok,
RUN_20260502_S7_L3_HIGH_75_100_S01_R02,S7_L3_HIGH_75_100,SER_20260502_S7_L3_HIGH_75_100_S01,HW_PLC,HW_PLC,890,890,891,,,,617391000,plc_internal_rd_loc_t_nanosecond,75,100,76.687,1.686996,0,0,1743044956,3,512,0,ok,
RUN_20260502_S7_L3_HIGH_75_100_S01_R02,S7_L3_HIGH_75_100,SER_20260502_S7_L3_HIGH_75_100_S01,HW_PLC,HW_PLC,891,891,892,,,,686804000,plc_internal_rd_loc_t_nanosecond,75,100,69.413,-5.586998,0,0,1572366152,3,512,0,ok,
RUN_20260502_S7_L3_HIGH_75_100_S01_R02,S7_L3_HIGH_75_100,SER_20260502_S7_L3_HIGH_75_100_S01,HW_PLC,HW_PLC,892,892,893,,,,756736000,plc_internal_rd_loc_t_nanosecond,75,100,69.932,-5.068001,0,0,1685853494,3,512,0,ok,
RUN_20260502_S7_L3_HIGH_75_100_S01_R02,S7_L3_HIGH_75_100,SER_20260502_S7_L3_HIGH_75_100_S01,HW_PLC,HW_PLC,893,893,894,,,,829694000,plc_internal_rd_loc_t_nanosecond,75,100,72.958,-2.042,0,0,2085608230,3,512,0,ok,
RUN_20260502_S7_L3_HIGH_75_100_S01_R02,S7_L3_HIGH_75_100,SER_20260502_S7_L3_HIGH_75_100_S01,HW_PLC,HW_PLC,894,894,895,,,,906735000,plc_internal_rd_loc_t_nanosecond,75,100,77.041,2.041,0,0,626239769,3,512,0,ok,
RUN_20260502_S7_L3_HIGH_75_100_S01_R02,S7_L3_HIGH_75_100,SER_20260502_S7_L3_HIGH_75_100_S01,HW_PLC,HW_PLC,895,895,896,,,,977310000,plc_internal_rd_loc_t_nanosecond,75,100,70.575,-4.425003,0,0,1604816653,3,512,0,ok,
RUN_20260502_S7_L3_HIGH_75_100_S01_R02,S7_L3_HIGH_75_100,SER_20260502_S7_L3_HIGH_75_100_S01,HW_PLC,HW_PLC,896,896,897,,,,50602000,plc_internal_rd_loc_t_nanosecond,75,100,73.292,-1.708,0,0,728464644,3,512,0,ok,
RUN_20260502_S7_L3_HIGH_75_100_S01_R02,S7_L3_HIGH_75_100,SER_20260502_S7_L3_HIGH_75_100_S01,HW_PLC,HW_PLC,897,897,898,,,,125843000,plc_internal_rd_loc_t_nanosecond,75,100,75.241,0.2409973,0,0,146768637,3,512,0,ok,
RUN_20260502_S7_L3_HIGH_75_100_S01_R02,S7_L3_HIGH_75_100,SER_20260502_S7_L3_HIGH_75_100_S01,HW_PLC,HW_PLC,898,898,899,,,,202709000,plc_internal_rd_loc_t_nanosecond,75,100,76.866,1.865997,0,0,2009305335,3,512,0,ok,
RUN_20260502_S7_L3_HIGH_75_100_S01_R02,S7_L3_HIGH_75_100,SER_20260502_S7_L3_HIGH_75_100_S01,HW_PLC,HW_PLC,899,899,900,,,,272326000,plc_internal_rd_loc_t_nanosecond,75,100,69.617,-5.383003,0,1,2023208692,3,512,0,ok,
RUN_20260502_S7_L3_HIGH_75_100_S01_R02,S7_L3_HIGH_75_100,SER_20260502_S7_L3_HIGH_75_100_S01,HW_PLC,HW_PLC,900,900,901,,,,346363000,plc_internal_rd_loc_t_nanosecond,75,100,74.037,-0.9629974,0,1,190571764,3,512,0,ok,
RUN_20260502_S7_L3_HIGH_75_100_S01_R02,S7_L3_HIGH_75_100,SER_20260502_S7_L3_HIGH_75_100_S01,HW_PLC,HW_PLC,901,901,902,,,,422983000,plc_internal_rd_loc_t_nanosecond,75,100,76.62,1.620003,0,1,808463093,3,512,0,ok,
RUN_20260502_S7_L3_HIGH_75_100_S01_R02,S7_L3_HIGH_75_100,SER_20260502_S7_L3_HIGH_75_100_S01,HW_PLC,HW_PLC,902,902,903,,,,493226000,plc_internal_rd_loc_t_nanosecond,75,100,70.243,-4.757004,0,1,1731492088,3,512,0,ok,
RUN_20260502_S7_L3_HIGH_75_100_S01_R02,S7_L3_HIGH_75_100,SER_20260502_S7_L3_HIGH_75_100_S01,HW_PLC,HW_PLC,903,903,904,,,,566294000,plc_internal_rd_loc_t_nanosecond,75,100,73.068,-1.931999,0,1,814276350,3,512,0,ok,
RUN_20260502_S7_L3_HIGH_75_100_S01_R02,S7_L3_HIGH_75_100,SER_20260502_S7_L3_HIGH_75_100_S01,HW_PLC,HW_PLC,904,904,905,,,,640753000,plc_internal_rd_loc_t_nanosecond,75,100,74.459,-0.5410004,0,1,206392582,3,512,0,ok,
RUN_20260502_S7_L3_HIGH_75_100_S01_R02,S7_L3_HIGH_75_100,SER_20260502_S7_L3_HIGH_75_100_S01,HW_PLC,HW_PLC,905,905,906,,,,711535000,plc_internal_rd_loc_t_nanosecond,75,100,70.782,-4.218002,0,1,2057425679,3,512,0,ok,
RUN_20260502_S7_L3_HIGH_75_100_S01_R02,S7_L3_HIGH_75_100,SER_20260502_S7_L3_HIGH_75_100_S01,HW_PLC,HW_PLC,906,906,907,,,,781526000,plc_internal_rd_loc_t_nanosecond,75,100,69.991,-5.009003,0,1,2074501403,3,512,0,ok,
RUN_20260502_S7_L3_HIGH_75_100_S01_R02,S7_L3_HIGH_75_100,SER_20260502_S7_L3_HIGH_75_100_S01,HW_PLC,HW_PLC,907,907,908,,,,855313000,plc_internal_rd_loc_t_nanosecond,75,100,73.787,-1.212997,0,1,259721002,3,512,0,ok,
RUN_20260502_S7_L3_HIGH_75_100_S01_R02,S7_L3_HIGH_75_100,SER_20260502_S7_L3_HIGH_75_100_S01,HW_PLC,HW_PLC,908,908,909,,,,929979000,plc_internal_rd_loc_t_nanosecond,75,100,74.666,-0.3339996,0,1,910144826,3,512,0,ok,
RUN_20260502_S7_L3_HIGH_75_100_S01_R02,S7_L3_HIGH_75_100,SER_20260502_S7_L3_HIGH_75_100_S01,HW_PLC,HW_PLC,909,909,910,,,,435000,plc_internal_rd_loc_t_nanosecond,75,100,70.456,-4.543999,0,1,1880390476,3,512,0,ok,
RUN_20260502_S7_L3_HIGH_75_100_S01_R02,S7_L3_HIGH_75_100,SER_20260502_S7_L3_HIGH_75_100_S01,HW_PLC,HW_PLC,910,910,911,,,,73562000,plc_internal_rd_loc_t_nanosecond,75,100,73.127,-1.873001,0,1,1025067361,3,512,0,ok,
RUN_20260502_S7_L3_HIGH_75_100_S01_R02,S7_L3_HIGH_75_100,SER_20260502_S7_L3_HIGH_75_100_S01,HW_PLC,HW_PLC,911,911,912,,,,151174000,plc_internal_rd_loc_t_nanosecond,75,100,77.612,2.612,0,1,493760376,3,512,0,ok,
RUN_20260502_S7_L3_HIGH_75_100_S01_R02,S7_L3_HIGH_75_100,SER_20260502_S7_L3_HIGH_75_100_S01,HW_PLC,HW_PLC,912,912,913,,,,222352000,plc_internal_rd_loc_t_nanosecond,75,100,71.178,-3.821999,0,1,288562577,3,512,0,ok,
RUN_20260502_S7_L3_HIGH_75_100_S01_R02,S7_L3_HIGH_75_100,SER_20260502_S7_L3_HIGH_75_100_S01,HW_PLC,HW_PLC,913,913,914,,,,296521000,plc_internal_rd_loc_t_nanosecond,75,100,74.169,-0.8310013,0,1,411575212,3,512,0,ok,
RUN_20260502_S7_L3_HIGH_75_100_S01_R02,S7_L3_HIGH_75_100,SER_20260502_S7_L3_HIGH_75_100_S01,HW_PLC,HW_PLC,914,914,915,,,,366806000,plc_internal_rd_loc_t_nanosecond,75,100,70.285,-4.714996,0,1,864891337,3,512,0,ok,
RUN_20260502_S7_L3_HIGH_75_100_S01_R02,S7_L3_HIGH_75_100,SER_20260502_S7_L3_HIGH_75_100_S01,HW_PLC,HW_PLC,915,915,916,,,,439448000,plc_internal_rd_loc_t_nanosecond,75,100,72.642,-2.358002,0,1,1650612200,3,512,0,ok,
RUN_20260502_S7_L3_HIGH_75_100_S01_R02,S7_L3_HIGH_75_100,SER_20260502_S7_L3_HIGH_75_100_S01,HW_PLC,HW_PLC,916,916,917,,,,516581000,plc_internal_rd_loc_t_nanosecond,75,100,77.133,2.133003,0,1,623347210,3,512,0,ok,
RUN_20260502_S7_L3_HIGH_75_100_S01_R02,S7_L3_HIGH_75_100,SER_20260502_S7_L3_HIGH_75_100_S01,HW_PLC,HW_PLC,917,917,918,,,,586271000,plc_internal_rd_loc_t_nanosecond,75,100,69.69,-5.309998,0,1,2080164909,3,512,0,ok,
RUN_20260502_S7_L3_HIGH_75_100_S01_R02,S7_L3_HIGH_75_100,SER_20260502_S7_L3_HIGH_75_100_S01,HW_PLC,HW_PLC,918,918,919,,,,659577000,plc_internal_rd_loc_t_nanosecond,75,100,73.306,-1.694,0,1,1728191059,3,512,0,ok,
RUN_20260502_S7_L3_HIGH_75_100_S01_R02,S7_L3_HIGH_75_100,SER_20260502_S7_L3_HIGH_75_100_S01,HW_PLC,HW_PLC,919,919,920,,,,733355000,plc_internal_rd_loc_t_nanosecond,75,100,73.778,-1.222,0,1,1717010555,3,512,0,ok,
RUN_20260502_S7_L3_HIGH_75_100_S01_R02,S7_L3_HIGH_75_100,SER_20260502_S7_L3_HIGH_75_100_S01,HW_PLC,HW_PLC,920,920,921,,,,805396000,plc_internal_rd_loc_t_nanosecond,75,100,72.041,-2.959,0,1,2048716453,3,512,0,ok,
RUN_20260502_S7_L3_HIGH_75_100_S01_R02,S7_L3_HIGH_75_100,SER_20260502_S7_L3_HIGH_75_100_S01,HW_PLC,HW_PLC,921,921,922,,,,875825000,plc_internal_rd_loc_t_nanosecond,75,100,70.429,-4.570999,0,1,577926354,3,512,0,ok,
RUN_20260502_S7_L3_HIGH_75_100_S01_R02,S7_L3_HIGH_75_100,SER_20260502_S7_L3_HIGH_75_100_S01,HW_PLC,HW_PLC,922,922,923,,,,949401000,plc_internal_rd_loc_t_nanosecond,75,100,73.576,-1.424004,0,1,1601700608,3,512,0,ok,
RUN_20260502_S7_L3_HIGH_75_100_S01_R02,S7_L3_HIGH_75_100,SER_20260502_S7_L3_HIGH_75_100_S01,HW_PLC,HW_PLC,923,923,924,,,,32848000,plc_internal_rd_loc_t_nanosecond,75,100,83.447,8.446999,0,1,827173169,3,512,0,ok,
RUN_20260502_S7_L3_HIGH_75_100_S01_R02,S7_L3_HIGH_75_100,SER_20260502_S7_L3_HIGH_75_100_S01,HW_PLC,HW_PLC,924,924,925,,,,102590000,plc_internal_rd_loc_t_nanosecond,75,100,69.742,-5.258003,0,1,403920740,3,512,0,ok,
RUN_20260502_S7_L3_HIGH_75_100_S01_R02,S7_L3_HIGH_75_100,SER_20260502_S7_L3_HIGH_75_100_S01,HW_PLC,HW_PLC,925,925,926,,,,176239000,plc_internal_rd_loc_t_nanosecond,75,100,73.649,-1.350998,0,1,334044569,3,512,0,ok,
RUN_20260502_S7_L3_HIGH_75_100_S01_R02,S7_L3_HIGH_75_100,SER_20260502_S7_L3_HIGH_75_100_S01,HW_PLC,HW_PLC,926,926,927,,,,251181000,plc_internal_rd_loc_t_nanosecond,75,100,74.942,-0.05799866,0,1,619637712,3,512,0,ok,
RUN_20260502_S7_L3_HIGH_75_100_S01_R02,S7_L3_HIGH_75_100,SER_20260502_S7_L3_HIGH_75_100_S01,HW_PLC,HW_PLC,927,927,928,,,,321768000,plc_internal_rd_loc_t_nanosecond,75,100,70.587,-4.413002,0,1,1262801417,3,512,0,ok,
RUN_20260502_S7_L3_HIGH_75_100_S01_R02,S7_L3_HIGH_75_100,SER_20260502_S7_L3_HIGH_75_100_S01,HW_PLC,HW_PLC,928,928,929,,,,391447000,plc_internal_rd_loc_t_nanosecond,75,100,69.679,-5.320999,0,1,118145093,3,512,0,ok,
RUN_20260502_S7_L3_HIGH_75_100_S01_R02,S7_L3_HIGH_75_100,SER_20260502_S7_L3_HIGH_75_100_S01,HW_PLC,HW_PLC,929,929,930,,,,464854000,plc_internal_rd_loc_t_nanosecond,75,100,73.407,-1.593002,0,1,1482737282,3,512,0,ok,
RUN_20260502_S7_L3_HIGH_75_100_S01_R02,S7_L3_HIGH_75_100,SER_20260502_S7_L3_HIGH_75_100_S01,HW_PLC,HW_PLC,930,930,931,,,,540782000,plc_internal_rd_loc_t_nanosecond,75,100,75.928,0.9280014,0,1,1063703746,3,512,0,ok,
RUN_20260502_S7_L3_HIGH_75_100_S01_R02,S7_L3_HIGH_75_100,SER_20260502_S7_L3_HIGH_75_100_S01,HW_PLC,HW_PLC,931,931,932,,,,610167000,plc_internal_rd_loc_t_nanosecond,75,100,69.385,-5.614998,0,1,1010629380,3,512,0,ok,
RUN_20260502_S7_L3_HIGH_75_100_S01_R02,S7_L3_HIGH_75_100,SER_20260502_S7_L3_HIGH_75_100_S01,HW_PLC,HW_PLC,932,932,933,,,,679943000,plc_internal_rd_loc_t_nanosecond,75,100,69.776,-5.223999,0,1,1325607240,3,512,0,ok,
RUN_20260502_S7_L3_HIGH_75_100_S01_R02,S7_L3_HIGH_75_100,SER_20260502_S7_L3_HIGH_75_100_S01,HW_PLC,HW_PLC,933,933,934,,,,753525000,plc_internal_rd_loc_t_nanosecond,75,100,73.582,-1.417999,0,1,2010738574,3,512,0,ok,
RUN_20260502_S7_L3_HIGH_75_100_S01_R02,S7_L3_HIGH_75_100,SER_20260502_S7_L3_HIGH_75_100_S01,HW_PLC,HW_PLC,934,934,935,,,,829666000,plc_internal_rd_loc_t_nanosecond,75,100,76.141,1.140999,0,1,920632791,3,512,0,ok,
RUN_20260502_S7_L3_HIGH_75_100_S01_R02,S7_L3_HIGH_75_100,SER_20260502_S7_L3_HIGH_75_100_S01,HW_PLC,HW_PLC,935,935,936,,,,905876000,plc_internal_rd_loc_t_nanosecond,75,100,76.21,1.209999,0,1,204874786,3,512,0,ok,
RUN_20260502_S7_L3_HIGH_75_100_S01_R02,S7_L3_HIGH_75_100,SER_20260502_S7_L3_HIGH_75_100_S01,HW_PLC,HW_PLC,936,936,937,,,,975532000,plc_internal_rd_loc_t_nanosecond,75,100,69.656,-5.344002,0,1,2013041262,3,512,0,ok,
RUN_20260502_S7_L3_HIGH_75_100_S01_R02,S7_L3_HIGH_75_100,SER_20260502_S7_L3_HIGH_75_100_S01,HW_PLC,HW_PLC,937,937,938,,,,49312000,plc_internal_rd_loc_t_nanosecond,75,100,73.78,-1.220001,0,1,2052266173,3,512,0,ok,
RUN_20260502_S7_L3_HIGH_75_100_S01_R02,S7_L3_HIGH_75_100,SER_20260502_S7_L3_HIGH_75_100_S01,HW_PLC,HW_PLC,938,938,939,,,,125822000,plc_internal_rd_loc_t_nanosecond,75,100,76.51,1.510002,0,1,324642575,3,512,0,ok,
RUN_20260502_S7_L3_HIGH_75_100_S01_R02,S7_L3_HIGH_75_100,SER_20260502_S7_L3_HIGH_75_100_S01,HW_PLC,HW_PLC,939,939,940,,,,195901000,plc_internal_rd_loc_t_nanosecond,75,100,70.079,-4.920998,0,1,1127239010,3,512,0,ok,
RUN_20260502_S7_L3_HIGH_75_100_S01_R02,S7_L3_HIGH_75_100,SER_20260502_S7_L3_HIGH_75_100_S01,HW_PLC,HW_PLC,940,940,941,,,,269399000,plc_internal_rd_loc_t_nanosecond,75,100,73.498,-1.501999,0,1,167181240,3,512,0,ok,
RUN_20260502_S7_L3_HIGH_75_100_S01_R02,S7_L3_HIGH_75_100,SER_20260502_S7_L3_HIGH_75_100_S01,HW_PLC,HW_PLC,941,941,942,,,,345836000,plc_internal_rd_loc_t_nanosecond,75,100,76.437,1.436996,0,1,1741537807,3,512,0,ok,
RUN_20260502_S7_L3_HIGH_75_100_S01_R02,S7_L3_HIGH_75_100,SER_20260502_S7_L3_HIGH_75_100_S01,HW_PLC,HW_PLC,942,942,943,,,,415368000,plc_internal_rd_loc_t_nanosecond,75,100,69.532,-5.468002,0,1,1557434473,3,512,0,ok,
RUN_20260502_S7_L3_HIGH_75_100_S01_R02,S7_L3_HIGH_75_100,SER_20260502_S7_L3_HIGH_75_100_S01,HW_PLC,HW_PLC,943,943,944,,,,485428000,plc_internal_rd_loc_t_nanosecond,75,100,70.06,-4.940002,0,1,1764456133,3,512,0,ok,
RUN_20260502_S7_L3_HIGH_75_100_S01_R02,S7_L3_HIGH_75_100,SER_20260502_S7_L3_HIGH_75_100_S01,HW_PLC,HW_PLC,944,944,945,,,,558769000,plc_internal_rd_loc_t_nanosecond,75,100,73.341,-1.658997,0,1,217212196,3,512,0,ok,
RUN_20260502_S7_L3_HIGH_75_100_S01_R02,S7_L3_HIGH_75_100,SER_20260502_S7_L3_HIGH_75_100_S01,HW_PLC,HW_PLC,945,945,946,,,,634209000,plc_internal_rd_loc_t_nanosecond,75,100,75.44,0.4400024,0,1,1212771204,3,512,0,ok,
RUN_20260502_S7_L3_HIGH_75_100_S01_R02,S7_L3_HIGH_75_100,SER_20260502_S7_L3_HIGH_75_100_S01,HW_PLC,HW_PLC,946,946,947,,,,704206000,plc_internal_rd_loc_t_nanosecond,75,100,69.997,-5.002998,0,1,458258919,3,512,0,ok,
RUN_20260502_S7_L3_HIGH_75_100_S01_R02,S7_L3_HIGH_75_100,SER_20260502_S7_L3_HIGH_75_100_S01,HW_PLC,HW_PLC,947,947,948,,,,778396000,plc_internal_rd_loc_t_nanosecond,75,100,74.19,-0.8099976,0,1,103260236,3,512,0,ok,
RUN_20260502_S7_L3_HIGH_75_100_S01_R02,S7_L3_HIGH_75_100,SER_20260502_S7_L3_HIGH_75_100_S01,HW_PLC,HW_PLC,948,948,949,,,,854516000,plc_internal_rd_loc_t_nanosecond,75,100,76.12,1.120003,0,1,149868211,3,512,0,ok,
RUN_20260502_S7_L3_HIGH_75_100_S01_R02,S7_L3_HIGH_75_100,SER_20260502_S7_L3_HIGH_75_100_S01,HW_PLC,HW_PLC,949,949,950,,,,925535000,plc_internal_rd_loc_t_nanosecond,75,100,71.019,-3.981003,0,1,600184092,3,512,0,ok,
RUN_20260502_S7_L3_HIGH_75_100_S01_R02,S7_L3_HIGH_75_100,SER_20260502_S7_L3_HIGH_75_100_S01,HW_PLC,HW_PLC,950,950,951,,,,999977000,plc_internal_rd_loc_t_nanosecond,75,100,74.442,-0.5579987,0,1,1456300935,3,512,0,ok,
RUN_20260502_S7_L3_HIGH_75_100_S01_R02,S7_L3_HIGH_75_100,SER_20260502_S7_L3_HIGH_75_100_S01,HW_PLC,HW_PLC,951,951,952,,,,70370000,plc_internal_rd_loc_t_nanosecond,75,100,70.393,-4.607002,0,1,572836341,3,512,0,ok,
RUN_20260502_S7_L3_HIGH_75_100_S01_R02,S7_L3_HIGH_75_100,SER_20260502_S7_L3_HIGH_75_100_S01,HW_PLC,HW_PLC,952,952,953,,,,143566000,plc_internal_rd_loc_t_nanosecond,75,100,73.196,-1.804001,0,1,99367013,3,512,0,ok,
RUN_20260502_S7_L3_HIGH_75_100_S01_R02,S7_L3_HIGH_75_100,SER_20260502_S7_L3_HIGH_75_100_S01,HW_PLC,HW_PLC,953,953,954,,,,220377000,plc_internal_rd_loc_t_nanosecond,75,100,76.811,1.810997,0,1,37994199,3,512,0,ok,
RUN_20260502_S7_L3_HIGH_75_100_S01_R02,S7_L3_HIGH_75_100,SER_20260502_S7_L3_HIGH_75_100_S01,HW_PLC,HW_PLC,954,954,955,,,,292883000,plc_internal_rd_loc_t_nanosecond,75,100,72.506,-2.494003,0,1,390810955,3,512,0,ok,
RUN_20260502_S7_L3_HIGH_75_100_S01_R02,S7_L3_HIGH_75_100,SER_20260502_S7_L3_HIGH_75_100_S01,HW_PLC,HW_PLC,955,955,956,,,,366220000,plc_internal_rd_loc_t_nanosecond,75,100,73.337,-1.663002,0,1,1159918529,3,512,0,ok,
RUN_20260502_S7_L3_HIGH_75_100_S01_R02,S7_L3_HIGH_75_100,SER_20260502_S7_L3_HIGH_75_100_S01,HW_PLC,HW_PLC,956,956,957,,,,442251000,plc_internal_rd_loc_t_nanosecond,75,100,76.031,1.030998,0,1,199926330,3,512,0,ok,
RUN_20260502_S7_L3_HIGH_75_100_S01_R02,S7_L3_HIGH_75_100,SER_20260502_S7_L3_HIGH_75_100_S01,HW_PLC,HW_PLC,957,957,958,,,,511501000,plc_internal_rd_loc_t_nanosecond,75,100,69.25,-5.75,0,1,1807902900,3,512,0,ok,
RUN_20260502_S7_L3_HIGH_75_100_S01_R02,S7_L3_HIGH_75_100,SER_20260502_S7_L3_HIGH_75_100_S01,HW_PLC,HW_PLC,958,958,959,,,,582607000,plc_internal_rd_loc_t_nanosecond,75,100,71.106,-3.893997,0,1,1690974001,3,512,0,ok,
RUN_20260502_S7_L3_HIGH_75_100_S01_R02,S7_L3_HIGH_75_100,SER_20260502_S7_L3_HIGH_75_100_S01,HW_PLC,HW_PLC,959,959,960,,,,655551000,plc_internal_rd_loc_t_nanosecond,75,100,72.944,-2.056,0,1,1998724528,3,512,0,ok,
RUN_20260502_S7_L3_HIGH_75_100_S01_R02,S7_L3_HIGH_75_100,SER_20260502_S7_L3_HIGH_75_100_S01,HW_PLC,HW_PLC,960,960,961,,,,738792000,plc_internal_rd_loc_t_nanosecond,75,100,83.241,8.240997,0,1,585763890,3,512,0,ok,
RUN_20260502_S7_L3_HIGH_75_100_S01_R02,S7_L3_HIGH_75_100,SER_20260502_S7_L3_HIGH_75_100_S01,HW_PLC,HW_PLC,961,961,962,,,,809166000,plc_internal_rd_loc_t_nanosecond,75,100,70.374,-4.625999,0,1,1749160629,3,512,0,ok,
RUN_20260502_S7_L3_HIGH_75_100_S01_R02,S7_L3_HIGH_75_100,SER_20260502_S7_L3_HIGH_75_100_S01,HW_PLC,HW_PLC,962,962,963,,,,882140000,plc_internal_rd_loc_t_nanosecond,75,100,72.974,-2.026001,0,1,1196040507,3,512,0,ok,
RUN_20260502_S7_L3_HIGH_75_100_S01_R02,S7_L3_HIGH_75_100,SER_20260502_S7_L3_HIGH_75_100_S01,HW_PLC,HW_PLC,963,963,964,,,,959225000,plc_internal_rd_loc_t_nanosecond,75,100,77.085,2.084999,0,1,1075988419,3,512,0,ok,
RUN_20260502_S7_L3_HIGH_75_100_S01_R02,S7_L3_HIGH_75_100,SER_20260502_S7_L3_HIGH_75_100_S01,HW_PLC,HW_PLC,964,964,965,,,,28433000,plc_internal_rd_loc_t_nanosecond,75,100,69.208,-5.792,0,1,1391097421,3,512,0,ok,
RUN_20260502_S7_L3_HIGH_75_100_S01_R02,S7_L3_HIGH_75_100,SER_20260502_S7_L3_HIGH_75_100_S01,HW_PLC,HW_PLC,965,965,966,,,,101788000,plc_internal_rd_loc_t_nanosecond,75,100,73.355,-1.644997,0,1,2143468761,3,512,0,ok,
RUN_20260502_S7_L3_HIGH_75_100_S01_R02,S7_L3_HIGH_75_100,SER_20260502_S7_L3_HIGH_75_100_S01,HW_PLC,HW_PLC,966,966,967,,,,178725000,plc_internal_rd_loc_t_nanosecond,75,100,76.937,1.936996,0,1,1187711848,3,512,0,ok,
RUN_20260502_S7_L3_HIGH_75_100_S01_R02,S7_L3_HIGH_75_100,SER_20260502_S7_L3_HIGH_75_100_S01,HW_PLC,HW_PLC,967,967,968,,,,248871000,plc_internal_rd_loc_t_nanosecond,75,100,70.146,-4.853996,0,1,673411577,3,512,0,ok,
RUN_20260502_S7_L3_HIGH_75_100_S01_R02,S7_L3_HIGH_75_100,SER_20260502_S7_L3_HIGH_75_100_S01,HW_PLC,HW_PLC,968,968,969,,,,321431000,plc_internal_rd_loc_t_nanosecond,75,100,72.56,-2.440002,0,1,602661004,3,512,0,ok,
RUN_20260502_S7_L3_HIGH_75_100_S01_R02,S7_L3_HIGH_75_100,SER_20260502_S7_L3_HIGH_75_100_S01,HW_PLC,HW_PLC,969,969,970,,,,396633000,plc_internal_rd_loc_t_nanosecond,75,100,75.202,0.2020035,0,1,977561377,3,512,0,ok,
RUN_20260502_S7_L3_HIGH_75_100_S01_R02,S7_L3_HIGH_75_100,SER_20260502_S7_L3_HIGH_75_100_S01,HW_PLC,HW_PLC,970,970,971,,,,467421000,plc_internal_rd_loc_t_nanosecond,75,100,70.788,-4.211998,0,1,1800205752,3,512,0,ok,
RUN_20260502_S7_L3_HIGH_75_100_S01_R02,S7_L3_HIGH_75_100,SER_20260502_S7_L3_HIGH_75_100_S01,HW_PLC,HW_PLC,971,971,972,,,,536300000,plc_internal_rd_loc_t_nanosecond,75,100,68.879,-6.121002,0,1,925211730,3,512,0,ok,
RUN_20260502_S7_L3_HIGH_75_100_S01_R02,S7_L3_HIGH_75_100,SER_20260502_S7_L3_HIGH_75_100_S01,HW_PLC,HW_PLC,972,972,973,,,,616879000,plc_internal_rd_loc_t_nanosecond,75,100,80.579,5.579002,0,1,502156014,3,512,0,ok,
RUN_20260502_S7_L3_HIGH_75_100_S01_R02,S7_L3_HIGH_75_100,SER_20260502_S7_L3_HIGH_75_100_S01,HW_PLC,HW_PLC,973,973,974,,,,693952000,plc_internal_rd_loc_t_nanosecond,75,100,77.073,2.072998,0,1,533139852,3,512,0,ok,
RUN_20260502_S7_L3_HIGH_75_100_S01_R02,S7_L3_HIGH_75_100,SER_20260502_S7_L3_HIGH_75_100_S01,HW_PLC,HW_PLC,974,974,975,,,,763529000,plc_internal_rd_loc_t_nanosecond,75,100,69.577,-5.422997,0,1,1020256300,3,512,0,ok,
RUN_20260502_S7_L3_HIGH_75_100_S01_R02,S7_L3_HIGH_75_100,SER_20260502_S7_L3_HIGH_75_100_S01,HW_PLC,HW_PLC,975,975,976,,,,836486000,plc_internal_rd_loc_t_nanosecond,75,100,72.957,-2.042999,0,1,1965606606,3,512,0,ok,
RUN_20260502_S7_L3_HIGH_75_100_S01_R02,S7_L3_HIGH_75_100,SER_20260502_S7_L3_HIGH_75_100_S01,HW_PLC,HW_PLC,976,976,977,,,,912925000,plc_internal_rd_loc_t_nanosecond,75,100,76.439,1.439003,0,1,1223800179,3,512,0,ok,
RUN_20260502_S7_L3_HIGH_75_100_S01_R02,S7_L3_HIGH_75_100,SER_20260502_S7_L3_HIGH_75_100_S01,HW_PLC,HW_PLC,977,977,978,,,,983190000,plc_internal_rd_loc_t_nanosecond,75,100,70.265,-4.735001,0,1,944421914,3,512,0,ok,
RUN_20260502_S7_L3_HIGH_75_100_S01_R02,S7_L3_HIGH_75_100,SER_20260502_S7_L3_HIGH_75_100_S01,HW_PLC,HW_PLC,978,978,979,,,,54204000,plc_internal_rd_loc_t_nanosecond,75,100,71.014,-3.986,0,1,1129564867,3,512,0,ok,
RUN_20260502_S7_L3_HIGH_75_100_S01_R02,S7_L3_HIGH_75_100,SER_20260502_S7_L3_HIGH_75_100_S01,HW_PLC,HW_PLC,979,979,980,,,,126258000,plc_internal_rd_loc_t_nanosecond,75,100,72.054,-2.945999,0,1,1781330286,3,512,0,ok,
RUN_20260502_S7_L3_HIGH_75_100_S01_R02,S7_L3_HIGH_75_100,SER_20260502_S7_L3_HIGH_75_100_S01,HW_PLC,HW_PLC,980,980,981,,,,201584000,plc_internal_rd_loc_t_nanosecond,75,100,75.326,0.3259964,0,1,754327580,3,512,0,ok,
RUN_20260502_S7_L3_HIGH_75_100_S01_R02,S7_L3_HIGH_75_100,SER_20260502_S7_L3_HIGH_75_100_S01,HW_PLC,HW_PLC,981,981,982,,,,272242000,plc_internal_rd_loc_t_nanosecond,75,100,70.658,-4.342003,0,1,198141644,3,512,0,ok,
RUN_20260502_S7_L3_HIGH_75_100_S01_R02,S7_L3_HIGH_75_100,SER_20260502_S7_L3_HIGH_75_100_S01,HW_PLC,HW_PLC,982,982,983,,,,341558000,plc_internal_rd_loc_t_nanosecond,75,100,69.316,-5.683998,0,1,114865534,3,512,0,ok,
RUN_20260502_S7_L3_HIGH_75_100_S01_R02,S7_L3_HIGH_75_100,SER_20260502_S7_L3_HIGH_75_100_S01,HW_PLC,HW_PLC,983,983,984,,,,415453000,plc_internal_rd_loc_t_nanosecond,75,100,73.895,-1.105003,0,1,506600498,3,512,0,ok,
RUN_20260502_S7_L3_HIGH_75_100_S01_R02,S7_L3_HIGH_75_100,SER_20260502_S7_L3_HIGH_75_100_S01,HW_PLC,HW_PLC,984,984,985,,,,492726000,plc_internal_rd_loc_t_nanosecond,75,100,77.273,2.273003,0,1,1375439592,3,512,0,ok,
RUN_20260502_S7_L3_HIGH_75_100_S01_R02,S7_L3_HIGH_75_100,SER_20260502_S7_L3_HIGH_75_100_S01,HW_PLC,HW_PLC,985,985,986,,,,568336000,plc_internal_rd_loc_t_nanosecond,75,100,75.61,0.6100006,0,1,576000417,3,512,0,ok,
RUN_20260502_S7_L3_HIGH_75_100_S01_R02,S7_L3_HIGH_75_100,SER_20260502_S7_L3_HIGH_75_100_S01,HW_PLC,HW_PLC,986,986,987,,,,637250000,plc_internal_rd_loc_t_nanosecond,75,100,68.914,-6.085999,0,1,257859676,3,512,0,ok,
RUN_20260502_S7_L3_HIGH_75_100_S01_R02,S7_L3_HIGH_75_100,SER_20260502_S7_L3_HIGH_75_100_S01,HW_PLC,HW_PLC,987,987,988,,,,710850000,plc_internal_rd_loc_t_nanosecond,75,100,73.6,-1.400002,0,1,423118617,3,512,0,ok,
RUN_20260502_S7_L3_HIGH_75_100_S01_R02,S7_L3_HIGH_75_100,SER_20260502_S7_L3_HIGH_75_100_S01,HW_PLC,HW_PLC,988,988,989,,,,787515000,plc_internal_rd_loc_t_nanosecond,75,100,76.665,1.665001,0,1,1073870296,3,512,0,ok,
RUN_20260502_S7_L3_HIGH_75_100_S01_R02,S7_L3_HIGH_75_100,SER_20260502_S7_L3_HIGH_75_100_S01,HW_PLC,HW_PLC,989,989,990,,,,857476000,plc_internal_rd_loc_t_nanosecond,75,100,69.961,-5.039001,0,1,64732314,3,512,0,ok,
RUN_20260502_S7_L3_HIGH_75_100_S01_R02,S7_L3_HIGH_75_100,SER_20260502_S7_L3_HIGH_75_100_S01,HW_PLC,HW_PLC,990,990,991,,,,926432000,plc_internal_rd_loc_t_nanosecond,75,100,68.956,-6.043999,0,1,1692765021,3,512,0,ok,
RUN_20260502_S7_L3_HIGH_75_100_S01_R02,S7_L3_HIGH_75_100,SER_20260502_S7_L3_HIGH_75_100_S01,HW_PLC,HW_PLC,991,991,992,,,,999649000,plc_internal_rd_loc_t_nanosecond,75,100,73.217,-1.782997,0,1,1665102371,3,512,0,ok,
RUN_20260502_S7_L3_HIGH_75_100_S01_R02,S7_L3_HIGH_75_100,SER_20260502_S7_L3_HIGH_75_100_S01,HW_PLC,HW_PLC,992,992,993,,,,77320000,plc_internal_rd_loc_t_nanosecond,75,100,77.671,2.670998,0,1,2131321067,3,512,0,ok,
RUN_20260502_S7_L3_HIGH_75_100_S01_R02,S7_L3_HIGH_75_100,SER_20260502_S7_L3_HIGH_75_100_S01,HW_PLC,HW_PLC,993,993,994,,,,146804000,plc_internal_rd_loc_t_nanosecond,75,100,69.484,-5.515999,0,1,946038710,3,512,0,ok,
RUN_20260502_S7_L3_HIGH_75_100_S01_R02,S7_L3_HIGH_75_100,SER_20260502_S7_L3_HIGH_75_100_S01,HW_PLC,HW_PLC,994,994,995,,,,219676000,plc_internal_rd_loc_t_nanosecond,75,100,72.872,-2.127998,0,1,258832003,3,512,0,ok,
RUN_20260502_S7_L3_HIGH_75_100_S01_R02,S7_L3_HIGH_75_100,SER_20260502_S7_L3_HIGH_75_100_S01,HW_PLC,HW_PLC,995,995,996,,,,296503000,plc_internal_rd_loc_t_nanosecond,75,100,76.827,1.827003,0,1,71802194,3,512,0,ok,
RUN_20260502_S7_L3_HIGH_75_100_S01_R02,S7_L3_HIGH_75_100,SER_20260502_S7_L3_HIGH_75_100_S01,HW_PLC,HW_PLC,996,996,997,,,,368414000,plc_internal_rd_loc_t_nanosecond,75,100,71.911,-3.088997,0,1,387042339,3,512,0,ok,
RUN_20260502_S7_L3_HIGH_75_100_S01_R02,S7_L3_HIGH_75_100,SER_20260502_S7_L3_HIGH_75_100_S01,HW_PLC,HW_PLC,997,997,998,,,,441989000,plc_internal_rd_loc_t_nanosecond,75,100,73.575,-1.425003,0,1,1206653686,3,512,0,ok,
RUN_20260502_S7_L3_HIGH_75_100_S01_R02,S7_L3_HIGH_75_100,SER_20260502_S7_L3_HIGH_75_100_S01,HW_PLC,HW_PLC,998,998,999,,,,515669000,plc_internal_rd_loc_t_nanosecond,75,100,73.68,-1.32,0,1,385245644,3,512,0,ok,
RUN_20260502_S7_L3_HIGH_75_100_S01_R02,S7_L3_HIGH_75_100,SER_20260502_S7_L3_HIGH_75_100_S01,HW_PLC,HW_PLC,999,999,1000,,,,592752000,plc_internal_rd_loc_t_nanosecond,75,100,77.083,2.083,0,0,72403108,3,512,0,ok,
RUN_20260502_S7_L3_HIGH_75_100_S01_R02,S7_L3_HIGH_75_100,SER_20260502_S7_L3_HIGH_75_100_S01,HW_PLC,HW_PLC,1000,1000,1001,,,,662550000,plc_internal_rd_loc_t_nanosecond,75,100,69.798,-5.202003,0,0,270219134,3,512,0,ok,
RUN_20260502_S7_L3_HIGH_75_100_S01_R02,S7_L3_HIGH_75_100,SER_20260502_S7_L3_HIGH_75_100_S01,HW_PLC,HW_PLC,1001,1001,1002,,,,735250000,plc_internal_rd_loc_t_nanosecond,75,100,72.7,-2.300003,0,0,980794970,3,512,0,ok,
RUN_20260502_S7_L3_HIGH_75_100_S01_R02,S7_L3_HIGH_75_100,SER_20260502_S7_L3_HIGH_75_100_S01,HW_PLC,HW_PLC,1002,1002,1003,,,,812424000,plc_internal_rd_loc_t_nanosecond,75,100,77.174,2.174004,0,0,58740025,3,512,0,ok,
RUN_20260502_S7_L3_HIGH_75_100_S01_R02,S7_L3_HIGH_75_100,SER_20260502_S7_L3_HIGH_75_100_S01,HW_PLC,HW_PLC,1003,1003,1004,,,,882240000,plc_internal_rd_loc_t_nanosecond,75,100,69.816,-5.183998,0,0,1801122841,3,512,0,ok,
RUN_20260502_S7_L3_HIGH_75_100_S01_R02,S7_L3_HIGH_75_100,SER_20260502_S7_L3_HIGH_75_100_S01,HW_PLC,HW_PLC,1004,1004,1005,,,,955626000,plc_internal_rd_loc_t_nanosecond,75,100,73.386,-1.613998,0,0,1915069180,3,512,0,ok,
RUN_20260502_S7_L3_HIGH_75_100_S01_R02,S7_L3_HIGH_75_100,SER_20260502_S7_L3_HIGH_75_100_S01,HW_PLC,HW_PLC,1005,1005,1006,,,,30666000,plc_internal_rd_loc_t_nanosecond,75,100,75.04,0.04000092,0,0,402680290,3,512,0,ok,
RUN_20260502_S7_L3_HIGH_75_100_S01_R02,S7_L3_HIGH_75_100,SER_20260502_S7_L3_HIGH_75_100_S01,HW_PLC,HW_PLC,1006,1006,1007,,,,101402000,plc_internal_rd_loc_t_nanosecond,75,100,70.736,-4.264,0,0,1561016521,3,512,0,ok,
RUN_20260502_S7_L3_HIGH_75_100_S01_R02,S7_L3_HIGH_75_100,SER_20260502_S7_L3_HIGH_75_100_S01,HW_PLC,HW_PLC,1007,1007,1008,,,,171379000,plc_internal_rd_loc_t_nanosecond,75,100,69.977,-5.023003,0,0,1097211827,3,512,0,ok,
RUN_20260502_S7_L3_HIGH_75_100_S01_R02,S7_L3_HIGH_75_100,SER_20260502_S7_L3_HIGH_75_100_S01,HW_PLC,HW_PLC,1008,1008,1009,,,,244530000,plc_internal_rd_loc_t_nanosecond,75,100,73.151,-1.848999,0,0,1160842911,3,512,0,ok,
RUN_20260502_S7_L3_HIGH_75_100_S01_R02,S7_L3_HIGH_75_100,SER_20260502_S7_L3_HIGH_75_100_S01,HW_PLC,HW_PLC,1009,1009,1010,,,,328605000,plc_internal_rd_loc_t_nanosecond,75,100,84.075,9.074997,0,0,1754011021,3,512,0,ok,
RUN_20260502_S7_L3_HIGH_75_100_S01_R02,S7_L3_HIGH_75_100,SER_20260502_S7_L3_HIGH_75_100_S01,HW_PLC,HW_PLC,1010,1010,1011,,,,398255000,plc_internal_rd_loc_t_nanosecond,75,100,69.65,-5.349998,0,0,731325566,3,512,0,ok,
RUN_20260502_S7_L3_HIGH_75_100_S01_R02,S7_L3_HIGH_75_100,SER_20260502_S7_L3_HIGH_75_100_S01,HW_PLC,HW_PLC,1011,1011,1012,,,,471490000,plc_internal_rd_loc_t_nanosecond,75,100,73.235,-1.764999,0,0,242371441,3,512,0,ok,
RUN_20260502_S7_L3_HIGH_75_100_S01_R02,S7_L3_HIGH_75_100,SER_20260502_S7_L3_HIGH_75_100_S01,HW_PLC,HW_PLC,1012,1012,1013,,,,547729000,plc_internal_rd_loc_t_nanosecond,75,100,76.239,1.238998,0,0,289241702,3,512,0,ok,
RUN_20260502_S7_L3_HIGH_75_100_S01_R02,S7_L3_HIGH_75_100,SER_20260502_S7_L3_HIGH_75_100_S01,HW_PLC,HW_PLC,1013,1013,1014,,,,616560000,plc_internal_rd_loc_t_nanosecond,75,100,68.831,-6.168999,0,0,874037597,3,512,0,ok,
RUN_20260502_S7_L3_HIGH_75_100_S01_R02,S7_L3_HIGH_75_100,SER_20260502_S7_L3_HIGH_75_100_S01,HW_PLC,HW_PLC,1014,1014,1015,,,,686931000,plc_internal_rd_loc_t_nanosecond,75,100,70.371,-4.628998,0,0,1998852182,3,512,0,ok,
RUN_20260502_S7_L3_HIGH_75_100_S01_R02,S7_L3_HIGH_75_100,SER_20260502_S7_L3_HIGH_75_100_S01,HW_PLC,HW_PLC,1015,1015,1016,,,,760530000,plc_internal_rd_loc_t_nanosecond,75,100,73.599,-1.401001,0,0,1518303058,3,512,0,ok,
RUN_20260502_S7_L3_HIGH_75_100_S01_R02,S7_L3_HIGH_75_100,SER_20260502_S7_L3_HIGH_75_100_S01,HW_PLC,HW_PLC,1016,1016,1017,,,,836235000,plc_internal_rd_loc_t_nanosecond,75,100,75.705,0.7050018,0,0,1581966928,3,512,0,ok,
RUN_20260502_S7_L3_HIGH_75_100_S01_R02,S7_L3_HIGH_75_100,SER_20260502_S7_L3_HIGH_75_100_S01,HW_PLC,HW_PLC,1017,1017,1018,,,,905819000,plc_internal_rd_loc_t_nanosecond,75,100,69.584,-5.416,0,0,44461393,3,512,0,ok,
RUN_20260502_S7_L3_HIGH_75_100_S01_R02,S7_L3_HIGH_75_100,SER_20260502_S7_L3_HIGH_75_100_S01,HW_PLC,HW_PLC,1018,1018,1019,,,,975911000,plc_internal_rd_loc_t_nanosecond,75,100,70.092,-4.907997,0,0,1202846803,3,512,0,ok,
RUN_20260502_S7_L3_HIGH_75_100_S01_R02,S7_L3_HIGH_75_100,SER_20260502_S7_L3_HIGH_75_100_S01,HW_PLC,HW_PLC,1019,1019,1020,,,,49636000,plc_internal_rd_loc_t_nanosecond,75,100,73.725,-1.275002,0,0,764257112,3,512,0,ok,
RUN_20260502_S7_L3_HIGH_75_100_S01_R02,S7_L3_HIGH_75_100,SER_20260502_S7_L3_HIGH_75_100_S01,HW_PLC,HW_PLC,1020,1020,1021,,,,125643000,plc_internal_rd_loc_t_nanosecond,75,100,76.007,1.007004,0,0,878269023,3,512,0,ok,
RUN_20260502_S7_L3_HIGH_75_100_S01_R02,S7_L3_HIGH_75_100,SER_20260502_S7_L3_HIGH_75_100_S01,HW_PLC,HW_PLC,1021,1021,1022,,,,202511000,plc_internal_rd_loc_t_nanosecond,75,100,76.868,1.867996,0,0,1546983784,3,512,0,ok,
RUN_20260502_S7_L3_HIGH_75_100_S01_R02,S7_L3_HIGH_75_100,SER_20260502_S7_L3_HIGH_75_100_S01,HW_PLC,HW_PLC,1022,1022,1023,,,,278459000,plc_internal_rd_loc_t_nanosecond,75,100,75.948,0.947998,0,0,625010804,3,512,0,ok,
RUN_20260502_S7_L3_HIGH_75_100_S01_R02,S7_L3_HIGH_75_100,SER_20260502_S7_L3_HIGH_75_100_S01,HW_PLC,HW_PLC,1023,1023,1024,,,,356320000,plc_internal_rd_loc_t_nanosecond,75,100,77.861,2.861,0,0,261934978,3,512,0,ok,
RUN_20260502_S7_L3_HIGH_75_100_S01_R02,S7_L3_HIGH_75_100,SER_20260502_S7_L3_HIGH_75_100_S01,HW_PLC,HW_PLC,1024,1024,1025,,,,424951000,plc_internal_rd_loc_t_nanosecond,75,100,68.631,-6.369003,0,0,459849362,3,512,0,ok,
RUN_20260502_S7_L3_HIGH_75_100_S01_R02,S7_L3_HIGH_75_100,SER_20260502_S7_L3_HIGH_75_100_S01,HW_PLC,HW_PLC,1025,1025,1026,,,,498649000,plc_internal_rd_loc_t_nanosecond,75,100,73.698,-1.302002,0,0,1220855204,3,512,0,ok,
RUN_20260502_S7_L3_HIGH_75_100_S01_R02,S7_L3_HIGH_75_100,SER_20260502_S7_L3_HIGH_75_100_S01,HW_PLC,HW_PLC,1026,1026,1027,,,,575684000,plc_internal_rd_loc_t_nanosecond,75,100,77.035,2.035004,0,0,399561913,3,512,0,ok,
RUN_20260502_S7_L3_HIGH_75_100_S01_R02,S7_L3_HIGH_75_100,SER_20260502_S7_L3_HIGH_75_100_S01,HW_PLC,HW_PLC,1027,1027,1028,,,,644827000,plc_internal_rd_loc_t_nanosecond,75,100,69.143,-5.857002,0,0,145554384,3,512,0,ok,
RUN_20260502_S7_L3_HIGH_75_100_S01_R02,S7_L3_HIGH_75_100,SER_20260502_S7_L3_HIGH_75_100_S01,HW_PLC,HW_PLC,1028,1028,1029,,,,717951000,plc_internal_rd_loc_t_nanosecond,75,100,73.124,-1.875999,0,0,460925673,3,512,0,ok,
RUN_20260502_S7_L3_HIGH_75_100_S01_R02,S7_L3_HIGH_75_100,SER_20260502_S7_L3_HIGH_75_100_S01,HW_PLC,HW_PLC,1029,1029,1030,,,,793417000,plc_internal_rd_loc_t_nanosecond,75,100,75.466,0.4660034,0,0,1347777028,3,512,0,ok,
RUN_20260502_S7_L3_HIGH_75_100_S01_R02,S7_L3_HIGH_75_100,SER_20260502_S7_L3_HIGH_75_100_S01,HW_PLC,HW_PLC,1030,1030,1031,,,,864361000,plc_internal_rd_loc_t_nanosecond,75,100,70.944,-4.056,0,0,660717858,3,512,0,ok,
RUN_20260502_S7_L3_HIGH_75_100_S01_R02,S7_L3_HIGH_75_100,SER_20260502_S7_L3_HIGH_75_100_S01,HW_PLC,HW_PLC,1031,1031,1032,,,,933729000,plc_internal_rd_loc_t_nanosecond,75,100,69.368,-5.632004,0,0,549333058,3,512,0,ok,
RUN_20260502_S7_L3_HIGH_75_100_S01_R02,S7_L3_HIGH_75_100,SER_20260502_S7_L3_HIGH_75_100_S01,HW_PLC,HW_PLC,1032,1032,1033,,,,6479000,plc_internal_rd_loc_t_nanosecond,75,100,72.75,-2.25,0,0,1015715684,3,512,0,ok,
RUN_20260502_S7_L3_HIGH_75_100_S01_R02,S7_L3_HIGH_75_100,SER_20260502_S7_L3_HIGH_75_100_S01,HW_PLC,HW_PLC,1033,1033,1034,,,,88308000,plc_internal_rd_loc_t_nanosecond,75,100,81.829,6.829002,0,0,2061966984,3,512,0,ok,
RUN_20260502_S7_L3_HIGH_75_100_S01_R02,S7_L3_HIGH_75_100,SER_20260502_S7_L3_HIGH_75_100_S01,HW_PLC,HW_PLC,1034,1034,1035,,,,160976000,plc_internal_rd_loc_t_nanosecond,75,100,72.668,-2.332001,0,0,1542696367,3,512,0,ok,
RUN_20260502_S7_L3_HIGH_75_100_S01_R02,S7_L3_HIGH_75_100,SER_20260502_S7_L3_HIGH_75_100_S01,HW_PLC,HW_PLC,1035,1035,1036,,,,233691000,plc_internal_rd_loc_t_nanosecond,75,100,72.715,-2.285004,0,0,1607488728,3,512,0,ok,
RUN_20260502_S7_L3_HIGH_75_100_S01_R02,S7_L3_HIGH_75_100,SER_20260502_S7_L3_HIGH_75_100_S01,HW_PLC,HW_PLC,1036,1036,1037,,,,309515000,plc_internal_rd_loc_t_nanosecond,75,100,75.824,0.8239975,0,0,110953476,3,512,0,ok,
RUN_20260502_S7_L3_HIGH_75_100_S01_R02,S7_L3_HIGH_75_100,SER_20260502_S7_L3_HIGH_75_100_S01,HW_PLC,HW_PLC,1037,1037,1038,,,,379980000,plc_internal_rd_loc_t_nanosecond,75,100,70.465,-4.535004,0,0,1350159153,3,512,0,ok,
RUN_20260502_S7_L3_HIGH_75_100_S01_R02,S7_L3_HIGH_75_100,SER_20260502_S7_L3_HIGH_75_100_S01,HW_PLC,HW_PLC,1038,1038,1039,,,,450219000,plc_internal_rd_loc_t_nanosecond,75,100,70.239,-4.761002,0,0,1032231521,3,512,0,ok,
RUN_20260502_S7_L3_HIGH_75_100_S01_R02,S7_L3_HIGH_75_100,SER_20260502_S7_L3_HIGH_75_100_S01,HW_PLC,HW_PLC,1039,1039,1040,,,,522739000,plc_internal_rd_loc_t_nanosecond,75,100,72.52,-2.480003,0,0,1306755475,3,512,0,ok,
RUN_20260502_S7_L3_HIGH_75_100_S01_R02,S7_L3_HIGH_75_100,SER_20260502_S7_L3_HIGH_75_100_S01,HW_PLC,HW_PLC,1040,1040,1041,,,,597947000,plc_internal_rd_loc_t_nanosecond,75,100,75.208,0.2080002,0,0,28340424,3,512,0,ok,
RUN_20260502_S7_L3_HIGH_75_100_S01_R02,S7_L3_HIGH_75_100,SER_20260502_S7_L3_HIGH_75_100_S01,HW_PLC,HW_PLC,1041,1041,1042,,,,668918000,plc_internal_rd_loc_t_nanosecond,75,100,70.971,-4.028999,0,0,1494054910,3,512,0,ok,
RUN_20260502_S7_L3_HIGH_75_100_S01_R02,S7_L3_HIGH_75_100,SER_20260502_S7_L3_HIGH_75_100_S01,HW_PLC,HW_PLC,1042,1042,1043,,,,737640000,plc_internal_rd_loc_t_nanosecond,75,100,68.722,-6.278,0,0,1411024695,3,512,0,ok,
RUN_20260502_S7_L3_HIGH_75_100_S01_R02,S7_L3_HIGH_75_100,SER_20260502_S7_L3_HIGH_75_100_S01,HW_PLC,HW_PLC,1043,1043,1044,,,,811401000,plc_internal_rd_loc_t_nanosecond,75,100,73.761,-1.238998,0,0,1928834674,3,512,0,ok,
RUN_20260502_S7_L3_HIGH_75_100_S01_R02,S7_L3_HIGH_75_100,SER_20260502_S7_L3_HIGH_75_100_S01,HW_PLC,HW_PLC,1044,1044,1045,,,,886631000,plc_internal_rd_loc_t_nanosecond,75,100,75.23,0.2300034,0,0,902094256,3,512,0,ok,
RUN_20260502_S7_L3_HIGH_75_100_S01_R02,S7_L3_HIGH_75_100,SER_20260502_S7_L3_HIGH_75_100_S01,HW_PLC,HW_PLC,1045,1045,1046,,,,957604000,plc_internal_rd_loc_t_nanosecond,75,100,70.973,-4.027,0,0,480388336,3,512,0,ok,
RUN_20260502_S7_L3_HIGH_75_100_S01_R02,S7_L3_HIGH_75_100,SER_20260502_S7_L3_HIGH_75_100_S01,HW_PLC,HW_PLC,1046,1046,1047,,,,34336000,plc_internal_rd_loc_t_nanosecond,75,100,76.732,1.732002,0,0,665809970,3,512,0,ok,
RUN_20260502_S7_L3_HIGH_75_100_S01_R02,S7_L3_HIGH_75_100,SER_20260502_S7_L3_HIGH_75_100_S01,HW_PLC,HW_PLC,1047,1047,1048,,,,107254000,plc_internal_rd_loc_t_nanosecond,75,100,72.918,-2.082001,0,0,1460460406,3,512,0,ok,
RUN_20260502_S7_L3_HIGH_75_100_S01_R02,S7_L3_HIGH_75_100,SER_20260502_S7_L3_HIGH_75_100_S01,HW_PLC,HW_PLC,1048,1048,1049,,,,184340000,plc_internal_rd_loc_t_nanosecond,75,100,77.086,2.085999,0,0,718949053,3,512,0,ok,
RUN_20260502_S7_L3_HIGH_75_100_S01_R02,S7_L3_HIGH_75_100,SER_20260502_S7_L3_HIGH_75_100_S01,HW_PLC,HW_PLC,1049,1049,1050,,,,253840000,plc_internal_rd_loc_t_nanosecond,75,100,69.5,-5.5,0,0,590860806,3,512,0,ok,
RUN_20260502_S7_L3_HIGH_75_100_S01_R02,S7_L3_HIGH_75_100,SER_20260502_S7_L3_HIGH_75_100_S01,HW_PLC,HW_PLC,1050,1050,1051,,,,326933000,plc_internal_rd_loc_t_nanosecond,75,100,73.093,-1.906998,0,0,1078288721,3,512,0,ok,
RUN_20260502_S7_L3_HIGH_75_100_S01_R02,S7_L3_HIGH_75_100,SER_20260502_S7_L3_HIGH_75_100_S01,HW_PLC,HW_PLC,1051,1051,1052,,,,401857000,plc_internal_rd_loc_t_nanosecond,75,100,74.924,-0.0759964,0,0,35850399,3,512,0,ok,
RUN_20260502_S7_L3_HIGH_75_100_S01_R02,S7_L3_HIGH_75_100,SER_20260502_S7_L3_HIGH_75_100_S01,HW_PLC,HW_PLC,1052,1052,1053,,,,473389000,plc_internal_rd_loc_t_nanosecond,75,100,71.532,-3.468002,0,0,1760606190,3,512,0,ok,
RUN_20260502_S7_L3_HIGH_75_100_S01_R02,S7_L3_HIGH_75_100,SER_20260502_S7_L3_HIGH_75_100_S01,HW_PLC,HW_PLC,1053,1053,1054,,,,542482000,plc_internal_rd_loc_t_nanosecond,75,100,69.093,-5.906998,0,0,1959690048,3,512,0,ok,
RUN_20260502_S7_L3_HIGH_75_100_S01_R02,S7_L3_HIGH_75_100,SER_20260502_S7_L3_HIGH_75_100_S01,HW_PLC,HW_PLC,1054,1054,1055,,,,615814000,plc_internal_rd_loc_t_nanosecond,75,100,73.332,-1.667999,0,0,635195029,3,512,0,ok,
RUN_20260502_S7_L3_HIGH_75_100_S01_R02,S7_L3_HIGH_75_100,SER_20260502_S7_L3_HIGH_75_100_S01,HW_PLC,HW_PLC,1055,1055,1056,,,,692956000,plc_internal_rd_loc_t_nanosecond,75,100,77.142,2.141998,0,0,2084189675,3,512,0,ok,
RUN_20260502_S7_L3_HIGH_75_100_S01_R02,S7_L3_HIGH_75_100,SER_20260502_S7_L3_HIGH_75_100_S01,HW_PLC,HW_PLC,1056,1056,1057,,,,763317000,plc_internal_rd_loc_t_nanosecond,75,100,70.361,-4.639,0,0,2013799748,3,512,0,ok,
RUN_20260502_S7_L3_HIGH_75_100_S01_R02,S7_L3_HIGH_75_100,SER_20260502_S7_L3_HIGH_75_100_S01,HW_PLC,HW_PLC,1057,1057,1058,,,,835830000,plc_internal_rd_loc_t_nanosecond,75,100,72.513,-2.487,0,0,426126496,3,512,0,ok,
RUN_20260502_S7_L3_HIGH_75_100_S01_R02,S7_L3_HIGH_75_100,SER_20260502_S7_L3_HIGH_75_100_S01,HW_PLC,HW_PLC,1058,1058,1059,,,,919881000,plc_internal_rd_loc_t_nanosecond,75,100,84.051,9.051003,0,0,1618230269,3,512,0,ok,
RUN_20260502_S7_L3_HIGH_75_100_S01_R02,S7_L3_HIGH_75_100,SER_20260502_S7_L3_HIGH_75_100_S01,HW_PLC,HW_PLC,1059,1059,1060,,,,990171000,plc_internal_rd_loc_t_nanosecond,75,100,70.29,-4.709999,0,0,1297245021,3,512,0,ok,
RUN_20260502_S7_L3_HIGH_75_100_S01_R02,S7_L3_HIGH_75_100,SER_20260502_S7_L3_HIGH_75_100_S01,HW_PLC,HW_PLC,1060,1060,1061,,,,63512000,plc_internal_rd_loc_t_nanosecond,75,100,73.341,-1.658997,0,0,1612747455,3,512,0,ok,
RUN_20260502_S7_L3_HIGH_75_100_S01_R02,S7_L3_HIGH_75_100,SER_20260502_S7_L3_HIGH_75_100_S01,HW_PLC,HW_PLC,1061,1061,1062,,,,139705000,plc_internal_rd_loc_t_nanosecond,75,100,76.193,1.193001,0,0,419355172,3,512,0,ok,
RUN_20260502_S7_L3_HIGH_75_100_S01_R02,S7_L3_HIGH_75_100,SER_20260502_S7_L3_HIGH_75_100_S01,HW_PLC,HW_PLC,1062,1062,1063,,,,209447000,plc_internal_rd_loc_t_nanosecond,75,100,69.742,-5.258003,0,0,2014128522,3,512,0,ok,
RUN_20260502_S7_L3_HIGH_75_100_S01_R02,S7_L3_HIGH_75_100,SER_20260502_S7_L3_HIGH_75_100_S01,HW_PLC,HW_PLC,1063,1063,1064,,,,282895000,plc_internal_rd_loc_t_nanosecond,75,100,73.448,-1.552002,0,0,2104201459,3,512,0,ok,
RUN_20260502_S7_L3_HIGH_75_100_S01_R02,S7_L3_HIGH_75_100,SER_20260502_S7_L3_HIGH_75_100_S01,HW_PLC,HW_PLC,1064,1064,1065,,,,356401000,plc_internal_rd_loc_t_nanosecond,75,100,73.506,-1.494003,0,0,691667039,3,512,0,ok,
RUN_20260502_S7_L3_HIGH_75_100_S01_R02,S7_L3_HIGH_75_100,SER_20260502_S7_L3_HIGH_75_100_S01,HW_PLC,HW_PLC,1065,1065,1066,,,,428698000,plc_internal_rd_loc_t_nanosecond,75,100,72.297,-2.703003,0,0,2073593804,3,512,0,ok,
RUN_20260502_S7_L3_HIGH_75_100_S01_R02,S7_L3_HIGH_75_100,SER_20260502_S7_L3_HIGH_75_100_S01,HW_PLC,HW_PLC,1066,1066,1067,,,,498375000,plc_internal_rd_loc_t_nanosecond,75,100,69.677,-5.322998,0,0,1957107516,3,512,0,ok,
RUN_20260502_S7_L3_HIGH_75_100_S01_R02,S7_L3_HIGH_75_100,SER_20260502_S7_L3_HIGH_75_100_S01,HW_PLC,HW_PLC,1067,1067,1068,,,,571801000,plc_internal_rd_loc_t_nanosecond,75,100,73.426,-1.573997,0,0,344309423,3,512,0,ok,
RUN_20260502_S7_L3_HIGH_75_100_S01_R02,S7_L3_HIGH_75_100,SER_20260502_S7_L3_HIGH_75_100_S01,HW_PLC,HW_PLC,1068,1068,1069,,,,643853000,plc_internal_rd_loc_t_nanosecond,75,100,72.052,-2.947998,0,0,1532259875,3,512,0,ok,
RUN_20260502_S7_L3_HIGH_75_100_S01_R02,S7_L3_HIGH_75_100,SER_20260502_S7_L3_HIGH_75_100_S01,HW_PLC,HW_PLC,1069,1069,1070,,,,717186000,plc_internal_rd_loc_t_nanosecond,75,100,73.333,-1.667,0,0,1228092826,3,512,0,ok,
RUN_20260502_S7_L3_HIGH_75_100_S01_R02,S7_L3_HIGH_75_100,SER_20260502_S7_L3_HIGH_75_100_S01,HW_PLC,HW_PLC,1070,1070,1071,,,,793967000,plc_internal_rd_loc_t_nanosecond,75,100,76.781,1.780998,0,0,1581384979,3,512,0,ok,
RUN_20260502_S7_L3_HIGH_75_100_S01_R02,S7_L3_HIGH_75_100,SER_20260502_S7_L3_HIGH_75_100_S01,HW_PLC,HW_PLC,1071,1071,1072,,,,867583000,plc_internal_rd_loc_t_nanosecond,75,100,73.616,-1.384003,0,0,446753935,3,512,0,ok,
RUN_20260502_S7_L3_HIGH_75_100_S01_R02,S7_L3_HIGH_75_100,SER_20260502_S7_L3_HIGH_75_100_S01,HW_PLC,HW_PLC,1072,1072,1073,,,,941538000,plc_internal_rd_loc_t_nanosecond,75,100,73.955,-1.044998,0,0,2121260044,3,512,0,ok,
RUN_20260502_S7_L3_HIGH_75_100_S01_R02,S7_L3_HIGH_75_100,SER_20260502_S7_L3_HIGH_75_100_S01,HW_PLC,HW_PLC,1073,1073,1074,,,,12720000,plc_internal_rd_loc_t_nanosecond,75,100,71.182,-3.818001,0,0,164553613,3,512,0,ok,
RUN_20260502_S7_L3_HIGH_75_100_S01_R02,S7_L3_HIGH_75_100,SER_20260502_S7_L3_HIGH_75_100_S01,HW_PLC,HW_PLC,1074,1074,1075,,,,83155000,plc_internal_rd_loc_t_nanosecond,75,100,70.435,-4.565002,0,0,1021178639,3,512,0,ok,
RUN_20260502_S7_L3_HIGH_75_100_S01_R02,S7_L3_HIGH_75_100,SER_20260502_S7_L3_HIGH_75_100_S01,HW_PLC,HW_PLC,1075,1075,1076,,,,156568000,plc_internal_rd_loc_t_nanosecond,75,100,73.413,-1.586998,0,0,398269076,3,512,0,ok,
RUN_20260502_S7_L3_HIGH_75_100_S01_R02,S7_L3_HIGH_75_100,SER_20260502_S7_L3_HIGH_75_100_S01,HW_PLC,HW_PLC,1076,1076,1077,,,,231228000,plc_internal_rd_loc_t_nanosecond,75,100,74.66,-0.3399963,0,0,445401627,3,512,0,ok,
RUN_20260502_S7_L3_HIGH_75_100_S01_R02,S7_L3_HIGH_75_100,SER_20260502_S7_L3_HIGH_75_100_S01,HW_PLC,HW_PLC,1077,1077,1078,,,,301893000,plc_internal_rd_loc_t_nanosecond,75,100,70.665,-4.334999,0,0,1164677540,3,512,0,ok,
RUN_20260502_S7_L3_HIGH_75_100_S01_R02,S7_L3_HIGH_75_100,SER_20260502_S7_L3_HIGH_75_100_S01,HW_PLC,HW_PLC,1078,1078,1079,,,,372300000,plc_internal_rd_loc_t_nanosecond,75,100,70.407,-4.593002,0,0,410706224,3,512,0,ok,
RUN_20260502_S7_L3_HIGH_75_100_S01_R02,S7_L3_HIGH_75_100,SER_20260502_S7_L3_HIGH_75_100_S01,HW_PLC,HW_PLC,1079,1079,1080,,,,445361000,plc_internal_rd_loc_t_nanosecond,75,100,73.061,-1.939003,0,0,333072574,3,512,0,ok,
RUN_20260502_S7_L3_HIGH_75_100_S01_R02,S7_L3_HIGH_75_100,SER_20260502_S7_L3_HIGH_75_100_S01,HW_PLC,HW_PLC,1080,1080,1081,,,,520293000,plc_internal_rd_loc_t_nanosecond,75,100,74.932,-0.06800079,0,0,933869646,3,512,0,ok,
RUN_20260502_S7_L3_HIGH_75_100_S01_R02,S7_L3_HIGH_75_100,SER_20260502_S7_L3_HIGH_75_100_S01,HW_PLC,HW_PLC,1081,1081,1082,,,,591173000,plc_internal_rd_loc_t_nanosecond,75,100,70.88,-4.120003,0,0,67715041,3,512,0,ok,
RUN_20260502_S7_L3_HIGH_75_100_S01_R02,S7_L3_HIGH_75_100,SER_20260502_S7_L3_HIGH_75_100_S01,HW_PLC,HW_PLC,1082,1082,1083,,,,661352000,plc_internal_rd_loc_t_nanosecond,75,100,70.179,-4.820999,0,0,2031669109,3,512,0,ok,
RUN_20260502_S7_L3_HIGH_75_100_S01_R02,S7_L3_HIGH_75_100,SER_20260502_S7_L3_HIGH_75_100_S01,HW_PLC,HW_PLC,1083,1083,1084,,,,740626000,plc_internal_rd_loc_t_nanosecond,75,100,79.274,4.274002,0,0,385382157,3,512,0,ok,
RUN_20260502_S7_L3_HIGH_75_100_S01_R02,S7_L3_HIGH_75_100,SER_20260502_S7_L3_HIGH_75_100_S01,HW_PLC,HW_PLC,1084,1084,1085,,,,817805000,plc_internal_rd_loc_t_nanosecond,75,100,77.179,2.179001,0,0,1573398182,3,512,0,ok,
RUN_20260502_S7_L3_HIGH_75_100_S01_R02,S7_L3_HIGH_75_100,SER_20260502_S7_L3_HIGH_75_100_S01,HW_PLC,HW_PLC,1085,1085,1086,,,,887656000,plc_internal_rd_loc_t_nanosecond,75,100,69.851,-5.149002,0,0,1302851138,3,512,0,ok,
RUN_20260502_S7_L3_HIGH_75_100_S01_R02,S7_L3_HIGH_75_100,SER_20260502_S7_L3_HIGH_75_100_S01,HW_PLC,HW_PLC,1086,1086,1087,,,,960883000,plc_internal_rd_loc_t_nanosecond,75,100,73.227,-1.773003,0,0,1723317728,3,512,0,ok,
RUN_20260502_S7_L3_HIGH_75_100_S01_R02,S7_L3_HIGH_75_100,SER_20260502_S7_L3_HIGH_75_100_S01,HW_PLC,HW_PLC,1087,1087,1088,,,,37585000,plc_internal_rd_loc_t_nanosecond,75,100,76.702,1.702003,0,0,689415553,3,512,0,ok,
RUN_20260502_S7_L3_HIGH_75_100_S01_R02,S7_L3_HIGH_75_100,SER_20260502_S7_L3_HIGH_75_100_S01,HW_PLC,HW_PLC,1088,1088,1089,,,,107390000,plc_internal_rd_loc_t_nanosecond,75,100,69.805,-5.195,0,0,350721316,3,512,0,ok,
RUN_20260502_S7_L3_HIGH_75_100_S01_R02,S7_L3_HIGH_75_100,SER_20260502_S7_L3_HIGH_75_100_S01,HW_PLC,HW_PLC,1089,1089,1090,,,,181316000,plc_internal_rd_loc_t_nanosecond,75,100,73.926,-1.073997,0,0,709336265,3,512,0,ok,
RUN_20260502_S7_L3_HIGH_75_100_S01_R02,S7_L3_HIGH_75_100,SER_20260502_S7_L3_HIGH_75_100_S01,HW_PLC,HW_PLC,1090,1090,1091,,,,256488000,plc_internal_rd_loc_t_nanosecond,75,100,75.172,0.1719971,0,0,1767353456,3,512,0,ok,
RUN_20260502_S7_L3_HIGH_75_100_S01_R02,S7_L3_HIGH_75_100,SER_20260502_S7_L3_HIGH_75_100_S01,HW_PLC,HW_PLC,1091,1091,1092,,,,329592000,plc_internal_rd_loc_t_nanosecond,75,100,73.104,-1.896004,0,0,1379390490,3,512,0,ok,
RUN_20260502_S7_L3_HIGH_75_100_S01_R02,S7_L3_HIGH_75_100,SER_20260502_S7_L3_HIGH_75_100_S01,HW_PLC,HW_PLC,1092,1092,1093,,,,399321000,plc_internal_rd_loc_t_nanosecond,75,100,69.729,-5.271004,0,0,1695024070,3,512,0,ok,
RUN_20260502_S7_L3_HIGH_75_100_S01_R02,S7_L3_HIGH_75_100,SER_20260502_S7_L3_HIGH_75_100_S01,HW_PLC,HW_PLC,1093,1093,1094,,,,472526000,plc_internal_rd_loc_t_nanosecond,75,100,73.205,-1.794998,0,0,568871797,3,512,0,ok,
RUN_20260502_S7_L3_HIGH_75_100_S01_R02,S7_L3_HIGH_75_100,SER_20260502_S7_L3_HIGH_75_100_S01,HW_PLC,HW_PLC,1094,1094,1095,,,,549481000,plc_internal_rd_loc_t_nanosecond,75,100,76.955,1.955002,0,0,150510374,3,512,0,ok,
RUN_20260502_S7_L3_HIGH_75_100_S01_R02,S7_L3_HIGH_75_100,SER_20260502_S7_L3_HIGH_75_100_S01,HW_PLC,HW_PLC,1095,1095,1096,,,,625569000,plc_internal_rd_loc_t_nanosecond,75,100,76.088,1.087997,0,0,442041049,3,512,0,ok,
RUN_20260502_S7_L3_HIGH_75_100_S01_R02,S7_L3_HIGH_75_100,SER_20260502_S7_L3_HIGH_75_100_S01,HW_PLC,HW_PLC,1096,1096,1097,,,,699259000,plc_internal_rd_loc_t_nanosecond,75,100,73.69,-1.309998,0,0,1445556878,3,512,0,ok,
RUN_20260502_S7_L3_HIGH_75_100_S01_R02,S7_L3_HIGH_75_100,SER_20260502_S7_L3_HIGH_75_100_S01,HW_PLC,HW_PLC,1097,1097,1098,,,,776362000,plc_internal_rd_loc_t_nanosecond,75,100,77.103,2.102997,0,0,1015675462,3,512,0,ok,
RUN_20260502_S7_L3_HIGH_75_100_S01_R02,S7_L3_HIGH_75_100,SER_20260502_S7_L3_HIGH_75_100_S01,HW_PLC,HW_PLC,1098,1098,1099,,,,845809000,plc_internal_rd_loc_t_nanosecond,75,100,69.447,-5.553001,0,0,1301973504,3,512,0,ok,
RUN_20260502_S7_L3_HIGH_75_100_S01_R02,S7_L3_HIGH_75_100,SER_20260502_S7_L3_HIGH_75_100_S01,HW_PLC,HW_PLC,1099,1099,1100,,,,918877000,plc_internal_rd_loc_t_nanosecond,75,100,73.068,-1.931999,0,1,159068605,3,512,0,ok,
RUN_20260502_S7_L3_HIGH_75_100_S01_R02,S7_L3_HIGH_75_100,SER_20260502_S7_L3_HIGH_75_100_S01,HW_PLC,HW_PLC,1100,1100,1101,,,,994295000,plc_internal_rd_loc_t_nanosecond,75,100,75.418,0.4179993,0,1,1884021115,3,512,0,ok,
RUN_20260502_S7_L3_HIGH_75_100_S01_R02,S7_L3_HIGH_75_100,SER_20260502_S7_L3_HIGH_75_100_S01,HW_PLC,HW_PLC,1101,1101,1102,,,,65389000,plc_internal_rd_loc_t_nanosecond,75,100,71.094,-3.905998,0,1,36481341,3,512,0,ok,
RUN_20260502_S7_L3_HIGH_75_100_S01_R02,S7_L3_HIGH_75_100,SER_20260502_S7_L3_HIGH_75_100_S01,HW_PLC,HW_PLC,1102,1102,1103,,,,134905000,plc_internal_rd_loc_t_nanosecond,75,100,69.516,-5.484001,0,1,1060993280,3,512,0,ok,
RUN_20260502_S7_L3_HIGH_75_100_S01_R02,S7_L3_HIGH_75_100,SER_20260502_S7_L3_HIGH_75_100_S01,HW_PLC,HW_PLC,1103,1103,1104,,,,207584000,plc_internal_rd_loc_t_nanosecond,75,100,72.679,-2.320999,0,1,664690886,3,512,0,ok,
RUN_20260502_S7_L3_HIGH_75_100_S01_R02,S7_L3_HIGH_75_100,SER_20260502_S7_L3_HIGH_75_100_S01,HW_PLC,HW_PLC,1104,1104,1105,,,,283824000,plc_internal_rd_loc_t_nanosecond,75,100,76.24,1.239998,0,1,997150862,3,512,0,ok,
RUN_20260502_S7_L3_HIGH_75_100_S01_R02,S7_L3_HIGH_75_100,SER_20260502_S7_L3_HIGH_75_100_S01,HW_PLC,HW_PLC,1105,1105,1106,,,,353932000,plc_internal_rd_loc_t_nanosecond,75,100,70.108,-4.891998,0,1,2060474456,3,512,0,ok,
RUN_20260502_S7_L3_HIGH_75_100_S01_R02,S7_L3_HIGH_75_100,SER_20260502_S7_L3_HIGH_75_100_S01,HW_PLC,HW_PLC,1106,1106,1107,,,,422761000,plc_internal_rd_loc_t_nanosecond,75,100,68.829,-6.170998,0,1,1709271077,3,512,0,ok,
RUN_20260502_S7_L3_HIGH_75_100_S01_R02,S7_L3_HIGH_75_100,SER_20260502_S7_L3_HIGH_75_100_S01,HW_PLC,HW_PLC,1107,1107,1108,,,,503300000,plc_internal_rd_loc_t_nanosecond,75,100,80.539,5.539001,0,1,2093125620,3,512,0,ok,
RUN_20260502_S7_L3_HIGH_75_100_S01_R02,S7_L3_HIGH_75_100,SER_20260502_S7_L3_HIGH_75_100_S01,HW_PLC,HW_PLC,1108,1108,1109,,,,580803000,plc_internal_rd_loc_t_nanosecond,75,100,77.503,2.502998,0,1,1066647494,3,512,0,ok,
RUN_20260502_S7_L3_HIGH_75_100_S01_R02,S7_L3_HIGH_75_100,SER_20260502_S7_L3_HIGH_75_100_S01,HW_PLC,HW_PLC,1109,1109,1110,,,,649959000,plc_internal_rd_loc_t_nanosecond,75,100,69.156,-5.844002,0,1,779421594,3,512,0,ok,
RUN_20260502_S7_L3_HIGH_75_100_S01_R02,S7_L3_HIGH_75_100,SER_20260502_S7_L3_HIGH_75_100_S01,HW_PLC,HW_PLC,1110,1110,1111,,,,723303000,plc_internal_rd_loc_t_nanosecond,75,100,73.344,-1.655998,0,1,1233540976,3,512,0,ok,
RUN_20260502_S7_L3_HIGH_75_100_S01_R02,S7_L3_HIGH_75_100,SER_20260502_S7_L3_HIGH_75_100_S01,HW_PLC,HW_PLC,1111,1111,1112,,,,794457000,plc_internal_rd_loc_t_nanosecond,75,100,71.154,-3.846001,0,1,283623241,3,512,0,ok,
RUN_20260502_S7_L3_HIGH_75_100_S01_R02,S7_L3_HIGH_75_100,SER_20260502_S7_L3_HIGH_75_100_S01,HW_PLC,HW_PLC,1112,1112,1113,,,,869608000,plc_internal_rd_loc_t_nanosecond,75,100,75.151,0.151001,0,1,79245092,3,512,0,ok,
RUN_20260502_S7_L3_HIGH_75_100_S01_R02,S7_L3_HIGH_75_100,SER_20260502_S7_L3_HIGH_75_100_S01,HW_PLC,HW_PLC,1113,1113,1114,,,,938515000,plc_internal_rd_loc_t_nanosecond,75,100,68.907,-6.093002,0,1,622507777,3,512,0,ok,
RUN_20260502_S7_L3_HIGH_75_100_S01_R02,S7_L3_HIGH_75_100,SER_20260502_S7_L3_HIGH_75_100_S01,HW_PLC,HW_PLC,1114,1114,1115,,,,11935000,plc_internal_rd_loc_t_nanosecond,75,100,73.42,-1.580002,0,1,1915504352,3,512,0,ok,
RUN_20260502_S7_L3_HIGH_75_100_S01_R02,S7_L3_HIGH_75_100,SER_20260502_S7_L3_HIGH_75_100_S01,HW_PLC,HW_PLC,1115,1115,1116,,,,89401000,plc_internal_rd_loc_t_nanosecond,75,100,77.466,2.466003,0,1,1812852418,3,512,0,ok,
RUN_20260502_S7_L3_HIGH_75_100_S01_R02,S7_L3_HIGH_75_100,SER_20260502_S7_L3_HIGH_75_100_S01,HW_PLC,HW_PLC,1116,1116,1117,,,,159263000,plc_internal_rd_loc_t_nanosecond,75,100,69.862,-5.138,0,1,316645031,3,512,0,ok,
RUN_20260502_S7_L3_HIGH_75_100_S01_R02,S7_L3_HIGH_75_100,SER_20260502_S7_L3_HIGH_75_100_S01,HW_PLC,HW_PLC,1117,1117,1118,,,,231808000,plc_internal_rd_loc_t_nanosecond,75,100,72.545,-2.455002,0,1,1723950733,3,512,0,ok,
RUN_20260502_S7_L3_HIGH_75_100_S01_R02,S7_L3_HIGH_75_100,SER_20260502_S7_L3_HIGH_75_100_S01,HW_PLC,HW_PLC,1118,1118,1119,,,,309412000,plc_internal_rd_loc_t_nanosecond,75,100,77.604,2.603996,0,1,1741895286,3,512,0,ok,
RUN_20260502_S7_L3_HIGH_75_100_S01_R02,S7_L3_HIGH_75_100,SER_20260502_S7_L3_HIGH_75_100_S01,HW_PLC,HW_PLC,1119,1119,1120,,,,385673000,plc_internal_rd_loc_t_nanosecond,75,100,76.261,1.261002,0,1,372579938,3,512,0,ok,
RUN_20260502_S7_L3_HIGH_75_100_S01_R02,S7_L3_HIGH_75_100,SER_20260502_S7_L3_HIGH_75_100_S01,HW_PLC,HW_PLC,1120,1120,1121,,,,459506000,plc_internal_rd_loc_t_nanosecond,75,100,73.833,-1.167,0,1,1913065039,3,512,0,ok,
RUN_20260502_S7_L3_HIGH_75_100_S01_R02,S7_L3_HIGH_75_100,SER_20260502_S7_L3_HIGH_75_100_S01,HW_PLC,HW_PLC,1121,1121,1122,,,,535977000,plc_internal_rd_loc_t_nanosecond,75,100,76.471,1.471001,0,1,2070484543,3,512,0,ok,
RUN_20260502_S7_L3_HIGH_75_100_S01_R02,S7_L3_HIGH_75_100,SER_20260502_S7_L3_HIGH_75_100_S01,HW_PLC,HW_PLC,1122,1122,1123,,,,605566000,plc_internal_rd_loc_t_nanosecond,75,100,69.589,-5.411003,0,1,846931506,3,512,0,ok,
RUN_20260502_S7_L3_HIGH_75_100_S01_R02,S7_L3_HIGH_75_100,SER_20260502_S7_L3_HIGH_75_100_S01,HW_PLC,HW_PLC,1123,1123,1124,,,,679236000,plc_internal_rd_loc_t_nanosecond,75,100,73.67,-1.330002,0,1,391990823,3,512,0,ok,
RUN_20260502_S7_L3_HIGH_75_100_S01_R02,S7_L3_HIGH_75_100,SER_20260502_S7_L3_HIGH_75_100_S01,HW_PLC,HW_PLC,1124,1124,1125,,,,754568000,plc_internal_rd_loc_t_nanosecond,75,100,75.332,0.3320007,0,1,707755550,3,512,0,ok,
RUN_20260502_S7_L3_HIGH_75_100_S01_R02,S7_L3_HIGH_75_100,SER_20260502_S7_L3_HIGH_75_100_S01,HW_PLC,HW_PLC,1125,1125,1126,,,,824886000,plc_internal_rd_loc_t_nanosecond,75,100,70.318,-4.681999,0,1,1796326935,3,512,0,ok,
RUN_20260502_S7_L3_HIGH_75_100_S01_R02,S7_L3_HIGH_75_100,SER_20260502_S7_L3_HIGH_75_100_S01,HW_PLC,HW_PLC,1126,1126,1127,,,,894934000,plc_internal_rd_loc_t_nanosecond,75,100,70.048,-4.952003,0,1,1512314387,3,512,0,ok,
RUN_20260502_S7_L3_HIGH_75_100_S01_R02,S7_L3_HIGH_75_100,SER_20260502_S7_L3_HIGH_75_100_S01,HW_PLC,HW_PLC,1127,1127,1128,,,,968919000,plc_internal_rd_loc_t_nanosecond,75,100,73.985,-1.014999,0,1,2005302801,3,512,0,ok,
RUN_20260502_S7_L3_HIGH_75_100_S01_R02,S7_L3_HIGH_75_100,SER_20260502_S7_L3_HIGH_75_100_S01,HW_PLC,HW_PLC,1128,1128,1129,,,,44492000,plc_internal_rd_loc_t_nanosecond,75,100,75.573,0.572998,0,1,1129901586,3,512,0,ok,
RUN_20260502_S7_L3_HIGH_75_100_S01_R02,S7_L3_HIGH_75_100,SER_20260502_S7_L3_HIGH_75_100_S01,HW_PLC,HW_PLC,1129,1129,1130,,,,114620000,plc_internal_rd_loc_t_nanosecond,75,100,70.128,-4.872002,0,1,1035695637,3,512,0,ok,
RUN_20260502_S7_L3_HIGH_75_100_S01_R02,S7_L3_HIGH_75_100,SER_20260502_S7_L3_HIGH_75_100_S01,HW_PLC,HW_PLC,1130,1130,1131,,,,185303000,plc_internal_rd_loc_t_nanosecond,75,100,70.683,-4.317001,0,1,1724778010,3,512,0,ok,
RUN_20260502_S7_L3_HIGH_75_100_S01_R02,S7_L3_HIGH_75_100,SER_20260502_S7_L3_HIGH_75_100_S01,HW_PLC,HW_PLC,1131,1131,1132,,,,258264000,plc_internal_rd_loc_t_nanosecond,75,100,72.961,-2.039001,0,1,1051766306,3,512,0,ok,
RUN_20260502_S7_L3_HIGH_75_100_S01_R02,S7_L3_HIGH_75_100,SER_20260502_S7_L3_HIGH_75_100_S01,HW_PLC,HW_PLC,1132,1132,1133,,,,342267000,plc_internal_rd_loc_t_nanosecond,75,100,84.003,9.002998,0,1,1166237228,3,512,0,ok,
RUN_20260502_S7_L3_HIGH_75_100_S01_R02,S7_L3_HIGH_75_100,SER_20260502_S7_L3_HIGH_75_100_S01,HW_PLC,HW_PLC,1133,1133,1134,,,,411976000,plc_internal_rd_loc_t_nanosecond,75,100,69.709,-5.291,0,1,2070292024,3,512,0,ok,
RUN_20260502_S7_L3_HIGH_75_100_S01_R02,S7_L3_HIGH_75_100,SER_20260502_S7_L3_HIGH_75_100_S01,HW_PLC,HW_PLC,1134,1134,1135,,,,484929000,plc_internal_rd_loc_t_nanosecond,75,100,72.953,-2.046997,0,1,1618540103,3,512,0,ok,
RUN_20260502_S7_L3_HIGH_75_100_S01_R02,S7_L3_HIGH_75_100,SER_20260502_S7_L3_HIGH_75_100_S01,HW_PLC,HW_PLC,1135,1135,1136,,,,559531000,plc_internal_rd_loc_t_nanosecond,75,100,74.602,-0.3980026,0,1,1960566360,3,512,0,ok,
RUN_20260502_S7_L3_HIGH_75_100_S01_R02,S7_L3_HIGH_75_100,SER_20260502_S7_L3_HIGH_75_100_S01,HW_PLC,HW_PLC,1136,1136,1137,,,,630258000,plc_internal_rd_loc_t_nanosecond,75,100,70.727,-4.273003,0,1,950980204,3,512,0,ok,
RUN_20260502_S7_L3_HIGH_75_100_S01_R02,S7_L3_HIGH_75_100,SER_20260502_S7_L3_HIGH_75_100_S01,HW_PLC,HW_PLC,1137,1137,1138,,,,699689000,plc_internal_rd_loc_t_nanosecond,75,100,69.431,-5.569,0,1,739366530,3,512,0,ok,
RUN_20260502_S7_L3_HIGH_75_100_S01_R02,S7_L3_HIGH_75_100,SER_20260502_S7_L3_HIGH_75_100_S01,HW_PLC,HW_PLC,1138,1138,1139,,,,773352000,plc_internal_rd_loc_t_nanosecond,75,100,73.663,-1.336998,0,1,1327818394,3,512,0,ok,
RUN_20260502_S7_L3_HIGH_75_100_S01_R02,S7_L3_HIGH_75_100,SER_20260502_S7_L3_HIGH_75_100_S01,HW_PLC,HW_PLC,1139,1139,1140,,,,847466000,plc_internal_rd_loc_t_nanosecond,75,100,74.114,-0.8860016,0,1,570953397,3,512,0,ok,
RUN_20260502_S7_L3_HIGH_75_100_S01_R02,S7_L3_HIGH_75_100,SER_20260502_S7_L3_HIGH_75_100_S01,HW_PLC,HW_PLC,1140,1140,1141,,,,918641000,plc_internal_rd_loc_t_nanosecond,75,100,71.175,-3.824997,0,1,618348242,3,512,0,ok,
RUN_20260502_S7_L3_HIGH_75_100_S01_R02,S7_L3_HIGH_75_100,SER_20260502_S7_L3_HIGH_75_100_S01,HW_PLC,HW_PLC,1141,1141,1142,,,,988672000,plc_internal_rd_loc_t_nanosecond,75,100,70.031,-4.969002,0,1,1472104177,3,512,0,ok,
RUN_20260502_S7_L3_HIGH_75_100_S01_R02,S7_L3_HIGH_75_100,SER_20260502_S7_L3_HIGH_75_100_S01,HW_PLC,HW_PLC,1142,1142,1143,,,,62612000,plc_internal_rd_loc_t_nanosecond,75,100,73.94,-1.059998,0,1,986830611,3,512,0,ok,
RUN_20260502_S7_L3_HIGH_75_100_S01_R02,S7_L3_HIGH_75_100,SER_20260502_S7_L3_HIGH_75_100_S01,HW_PLC,HW_PLC,1143,1143,1144,,,,136443000,plc_internal_rd_loc_t_nanosecond,75,100,73.831,-1.168999,0,1,1312112439,3,512,0,ok,
RUN_20260502_S7_L3_HIGH_75_100_S01_R02,S7_L3_HIGH_75_100,SER_20260502_S7_L3_HIGH_75_100_S01,HW_PLC,HW_PLC,1144,1144,1145,,,,214711000,plc_internal_rd_loc_t_nanosecond,75,100,78.268,3.267998,0,1,302559070,3,512,0,ok,
RUN_20260502_S7_L3_HIGH_75_100_S01_R02,S7_L3_HIGH_75_100,SER_20260502_S7_L3_HIGH_75_100_S01,HW_PLC,HW_PLC,1145,1145,1146,,,,284711000,plc_internal_rd_loc_t_nanosecond,75,100,70,-5,0,1,107755399,3,512,0,ok,
RUN_20260502_S7_L3_HIGH_75_100_S01_R02,S7_L3_HIGH_75_100,SER_20260502_S7_L3_HIGH_75_100_S01,HW_PLC,HW_PLC,1146,1146,1147,,,,358715000,plc_internal_rd_loc_t_nanosecond,75,100,74.004,-0.9960022,0,1,729794482,3,512,0,ok,
RUN_20260502_S7_L3_HIGH_75_100_S01_R02,S7_L3_HIGH_75_100,SER_20260502_S7_L3_HIGH_75_100_S01,HW_PLC,HW_PLC,1147,1147,1148,,,,434687000,plc_internal_rd_loc_t_nanosecond,75,100,75.972,0.9720001,0,1,23293920,3,512,0,ok,
RUN_20260502_S7_L3_HIGH_75_100_S01_R02,S7_L3_HIGH_75_100,SER_20260502_S7_L3_HIGH_75_100_S01,HW_PLC,HW_PLC,1148,1148,1149,,,,504164000,plc_internal_rd_loc_t_nanosecond,75,100,69.477,-5.523003,0,1,137830416,3,512,0,ok,
RUN_20260502_S7_L3_HIGH_75_100_S01_R02,S7_L3_HIGH_75_100,SER_20260502_S7_L3_HIGH_75_100_S01,HW_PLC,HW_PLC,1149,1149,1150,,,,574220000,plc_internal_rd_loc_t_nanosecond,75,100,70.056,-4.944,0,1,1075505218,3,512,0,ok,
RUN_20260502_S7_L3_HIGH_75_100_S01_R02,S7_L3_HIGH_75_100,SER_20260502_S7_L3_HIGH_75_100_S01,HW_PLC,HW_PLC,1150,1150,1151,,,,647335000,plc_internal_rd_loc_t_nanosecond,75,100,73.115,-1.885002,0,1,690927735,3,512,0,ok,
RUN_20260502_S7_L3_HIGH_75_100_S01_R02,S7_L3_HIGH_75_100,SER_20260502_S7_L3_HIGH_75_100_S01,HW_PLC,HW_PLC,1151,1151,1152,,,,718586000,plc_internal_rd_loc_t_nanosecond,75,100,71.251,-3.749001,0,1,1133682862,3,512,0,ok,
RUN_20260502_S7_L3_HIGH_75_100_S01_R02,S7_L3_HIGH_75_100,SER_20260502_S7_L3_HIGH_75_100_S01,HW_PLC,HW_PLC,1152,1152,1153,,,,793214000,plc_internal_rd_loc_t_nanosecond,75,100,74.628,-0.3720016,0,1,258380008,3,512,0,ok,
RUN_20260502_S7_L3_HIGH_75_100_S01_R02,S7_L3_HIGH_75_100,SER_20260502_S7_L3_HIGH_75_100_S01,HW_PLC,HW_PLC,1153,1153,1154,,,,863438000,plc_internal_rd_loc_t_nanosecond,75,100,70.224,-4.776001,0,1,214604068,3,512,0,ok,
RUN_20260502_S7_L3_HIGH_75_100_S01_R02,S7_L3_HIGH_75_100,SER_20260502_S7_L3_HIGH_75_100_S01,HW_PLC,HW_PLC,1154,1154,1155,,,,936157000,plc_internal_rd_loc_t_nanosecond,75,100,72.719,-2.280998,0,1,1004448098,3,512,0,ok,
RUN_20260502_S7_L3_HIGH_75_100_S01_R02,S7_L3_HIGH_75_100,SER_20260502_S7_L3_HIGH_75_100_S01,HW_PLC,HW_PLC,1155,1155,1156,,,,13510000,plc_internal_rd_loc_t_nanosecond,75,100,77.353,2.352997,0,1,482529699,3,512,0,ok,
RUN_20260502_S7_L3_HIGH_75_100_S01_R02,S7_L3_HIGH_75_100,SER_20260502_S7_L3_HIGH_75_100_S01,HW_PLC,HW_PLC,1156,1156,1157,,,,91273000,plc_internal_rd_loc_t_nanosecond,75,100,77.763,2.763,0,1,798425574,3,512,0,ok,
RUN_20260502_S7_L3_HIGH_75_100_S01_R02,S7_L3_HIGH_75_100,SER_20260502_S7_L3_HIGH_75_100_S01,HW_PLC,HW_PLC,1157,1157,1158,,,,164188000,plc_internal_rd_loc_t_nanosecond,75,100,72.915,-2.084999,0,1,1954236971,3,512,0,ok,
RUN_20260502_S7_L3_HIGH_75_100_S01_R02,S7_L3_HIGH_75_100,SER_20260502_S7_L3_HIGH_75_100_S01,HW_PLC,HW_PLC,1158,1158,1159,,,,240616000,plc_internal_rd_loc_t_nanosecond,75,100,76.428,1.428001,0,1,1804573299,3,512,0,ok,
RUN_20260502_S7_L3_HIGH_75_100_S01_R02,S7_L3_HIGH_75_100,SER_20260502_S7_L3_HIGH_75_100_S01,HW_PLC,HW_PLC,1159,1159,1160,,,,312798000,plc_internal_rd_loc_t_nanosecond,75,100,72.182,-2.818001,0,1,351535806,3,512,0,ok,
RUN_20260502_S7_L3_HIGH_75_100_S01_R02,S7_L3_HIGH_75_100,SER_20260502_S7_L3_HIGH_75_100_S01,HW_PLC,HW_PLC,1160,1160,1161,,,,386478000,plc_internal_rd_loc_t_nanosecond,75,100,73.68,-1.32,0,1,1892184842,3,512,0,ok,
RUN_20260502_S7_L3_HIGH_75_100_S01_R02,S7_L3_HIGH_75_100,SER_20260502_S7_L3_HIGH_75_100_S01,HW_PLC,HW_PLC,1161,1161,1162,,,,463467000,plc_internal_rd_loc_t_nanosecond,75,100,76.989,1.988998,0,1,2133654361,3,512,0,ok,
RUN_20260502_S7_L3_HIGH_75_100_S01_R02,S7_L3_HIGH_75_100,SER_20260502_S7_L3_HIGH_75_100_S01,HW_PLC,HW_PLC,1162,1162,1163,,,,532340000,plc_internal_rd_loc_t_nanosecond,75,100,68.873,-6.126999,0,1,1078037419,3,512,0,ok,
RUN_20260502_S7_L3_HIGH_75_100_S01_R02,S7_L3_HIGH_75_100,SER_20260502_S7_L3_HIGH_75_100_S01,HW_PLC,HW_PLC,1163,1163,1164,,,,605570000,plc_internal_rd_loc_t_nanosecond,75,100,73.23,-1.769997,0,1,874918911,3,512,0,ok,
RUN_20260502_S7_L3_HIGH_75_100_S01_R02,S7_L3_HIGH_75_100,SER_20260502_S7_L3_HIGH_75_100_S01,HW_PLC,HW_PLC,1164,1164,1165,,,,682884000,plc_internal_rd_loc_t_nanosecond,75,100,77.314,2.314003,0,1,1526391893,3,512,0,ok,
RUN_20260502_S7_L3_HIGH_75_100_S01_R02,S7_L3_HIGH_75_100,SER_20260502_S7_L3_HIGH_75_100_S01,HW_PLC,HW_PLC,1165,1165,1166,,,,752175000,plc_internal_rd_loc_t_nanosecond,75,100,69.291,-5.709,0,1,887073966,3,512,0,ok,
RUN_20260502_S7_L3_HIGH_75_100_S01_R02,S7_L3_HIGH_75_100,SER_20260502_S7_L3_HIGH_75_100_S01,HW_PLC,HW_PLC,1166,1166,1167,,,,825375000,plc_internal_rd_loc_t_nanosecond,75,100,73.2,-1.800003,0,1,1106541833,3,512,0,ok,
RUN_20260502_S7_L3_HIGH_75_100_S01_R02,S7_L3_HIGH_75_100,SER_20260502_S7_L3_HIGH_75_100_S01,HW_PLC,HW_PLC,1167,1167,1168,,,,902746000,plc_internal_rd_loc_t_nanosecond,75,100,77.371,2.371002,0,1,39413095,3,512,0,ok,
RUN_20260502_S7_L3_HIGH_75_100_S01_R02,S7_L3_HIGH_75_100,SER_20260502_S7_L3_HIGH_75_100_S01,HW_PLC,HW_PLC,1168,1168,1169,,,,976551000,plc_internal_rd_loc_t_nanosecond,75,100,73.805,-1.195,0,1,1982748102,3,512,0,ok,
RUN_20260502_S7_L3_HIGH_75_100_S01_R02,S7_L3_HIGH_75_100,SER_20260502_S7_L3_HIGH_75_100_S01,HW_PLC,HW_PLC,1169,1169,1170,,,,52473000,plc_internal_rd_loc_t_nanosecond,75,100,75.922,0.9219971,0,1,496197161,3,512,0,ok,
RUN_20260502_S7_L3_HIGH_75_100_S01_R02,S7_L3_HIGH_75_100,SER_20260502_S7_L3_HIGH_75_100_S01,HW_PLC,HW_PLC,1170,1170,1171,,,,126502000,plc_internal_rd_loc_t_nanosecond,75,100,74.029,-0.9710007,0,1,2024304269,3,512,0,ok,
RUN_20260502_S7_L3_HIGH_75_100_S01_R02,S7_L3_HIGH_75_100,SER_20260502_S7_L3_HIGH_75_100_S01,HW_PLC,HW_PLC,1171,1171,1172,,,,198188000,plc_internal_rd_loc_t_nanosecond,75,100,71.686,-3.314003,0,1,126719733,3,512,0,ok,
RUN_20260502_S7_L3_HIGH_75_100_S01_R02,S7_L3_HIGH_75_100,SER_20260502_S7_L3_HIGH_75_100_S01,HW_PLC,HW_PLC,1172,1172,1173,,,,268259000,plc_internal_rd_loc_t_nanosecond,75,100,70.071,-4.929001,0,1,1247987550,3,512,0,ok,
RUN_20260502_S7_L3_HIGH_75_100_S01_R02,S7_L3_HIGH_75_100,SER_20260502_S7_L3_HIGH_75_100_S01,HW_PLC,HW_PLC,1173,1173,1174,,,,341625000,plc_internal_rd_loc_t_nanosecond,75,100,73.366,-1.634003,0,1,1095241674,3,512,0,ok,
RUN_20260502_S7_L3_HIGH_75_100_S01_R02,S7_L3_HIGH_75_100,SER_20260502_S7_L3_HIGH_75_100_S01,HW_PLC,HW_PLC,1174,1174,1175,,,,418599000,plc_internal_rd_loc_t_nanosecond,75,100,76.974,1.973999,0,1,1818058808,3,512,0,ok,
RUN_20260502_S7_L3_HIGH_75_100_S01_R02,S7_L3_HIGH_75_100,SER_20260502_S7_L3_HIGH_75_100_S01,HW_PLC,HW_PLC,1175,1175,1176,,,,488780000,plc_internal_rd_loc_t_nanosecond,75,100,70.181,-4.819,0,1,1271056553,3,512,0,ok,
RUN_20260502_S7_L3_HIGH_75_100_S01_R02,S7_L3_HIGH_75_100,SER_20260502_S7_L3_HIGH_75_100_S01,HW_PLC,HW_PLC,1176,1176,1177,,,,561655000,plc_internal_rd_loc_t_nanosecond,75,100,72.875,-2.125,0,1,1603811612,3,512,0,ok,
RUN_20260502_S7_L3_HIGH_75_100_S01_R02,S7_L3_HIGH_75_100,SER_20260502_S7_L3_HIGH_75_100_S01,HW_PLC,HW_PLC,1177,1177,1178,,,,638368000,plc_internal_rd_loc_t_nanosecond,75,100,76.713,1.712997,0,1,670941586,3,512,0,ok,
RUN_20260502_S7_L3_HIGH_75_100_S01_R02,S7_L3_HIGH_75_100,SER_20260502_S7_L3_HIGH_75_100_S01,HW_PLC,HW_PLC,1178,1178,1179,,,,707918000,plc_internal_rd_loc_t_nanosecond,75,100,69.55,-5.449997,0,1,622023178,3,512,0,ok,
RUN_20260502_S7_L3_HIGH_75_100_S01_R02,S7_L3_HIGH_75_100,SER_20260502_S7_L3_HIGH_75_100_S01,HW_PLC,HW_PLC,1179,1179,1180,,,,781396000,plc_internal_rd_loc_t_nanosecond,75,100,73.478,-1.522003,0,1,1459157636,3,512,0,ok,
RUN_20260502_S7_L3_HIGH_75_100_S01_R02,S7_L3_HIGH_75_100,SER_20260502_S7_L3_HIGH_75_100_S01,HW_PLC,HW_PLC,1180,1180,1181,,,,858612000,plc_internal_rd_loc_t_nanosecond,75,100,77.216,2.216003,0,1,1036954369,3,512,0,ok,
RUN_20260502_S7_L3_HIGH_75_100_S01_R02,S7_L3_HIGH_75_100,SER_20260502_S7_L3_HIGH_75_100_S01,HW_PLC,HW_PLC,1181,1181,1182,,,,934284000,plc_internal_rd_loc_t_nanosecond,75,100,75.672,0.6719971,0,1,1504998272,3,512,0,ok,
RUN_20260502_S7_L3_HIGH_75_100_S01_R02,S7_L3_HIGH_75_100,SER_20260502_S7_L3_HIGH_75_100_S01,HW_PLC,HW_PLC,1182,1182,1183,,,,7685000,plc_internal_rd_loc_t_nanosecond,75,100,73.401,-1.598999,0,1,717898754,3,512,0,ok,
RUN_20260502_S7_L3_HIGH_75_100_S01_R02,S7_L3_HIGH_75_100,SER_20260502_S7_L3_HIGH_75_100_S01,HW_PLC,HW_PLC,1183,1183,1184,,,,82470000,plc_internal_rd_loc_t_nanosecond,75,100,74.785,-0.2149963,0,1,825240710,3,512,0,ok,
RUN_20260502_S7_L3_HIGH_75_100_S01_R02,S7_L3_HIGH_75_100,SER_20260502_S7_L3_HIGH_75_100_S01,HW_PLC,HW_PLC,1184,1184,1185,,,,154428000,plc_internal_rd_loc_t_nanosecond,75,100,71.958,-3.042,0,1,1829117196,3,512,0,ok,
RUN_20260502_S7_L3_HIGH_75_100_S01_R02,S7_L3_HIGH_75_100,SER_20260502_S7_L3_HIGH_75_100_S01,HW_PLC,HW_PLC,1185,1185,1186,,,,223548000,plc_internal_rd_loc_t_nanosecond,75,100,69.12,-5.879997,0,1,1584145813,3,512,0,ok,
RUN_20260502_S7_L3_HIGH_75_100_S01_R02,S7_L3_HIGH_75_100,SER_20260502_S7_L3_HIGH_75_100_S01,HW_PLC,HW_PLC,1186,1186,1187,,,,296590000,plc_internal_rd_loc_t_nanosecond,75,100,73.042,-1.958,0,1,92419617,3,512,0,ok,
RUN_20260502_S7_L3_HIGH_75_100_S01_R02,S7_L3_HIGH_75_100,SER_20260502_S7_L3_HIGH_75_100_S01,HW_PLC,HW_PLC,1187,1187,1188,,,,374245000,plc_internal_rd_loc_t_nanosecond,75,100,77.655,2.654999,0,1,1651007150,3,512,0,ok,
RUN_20260502_S7_L3_HIGH_75_100_S01_R02,S7_L3_HIGH_75_100,SER_20260502_S7_L3_HIGH_75_100_S01,HW_PLC,HW_PLC,1188,1188,1189,,,,443152000,plc_internal_rd_loc_t_nanosecond,75,100,68.907,-6.093002,0,1,1967034174,3,512,0,ok,
RUN_20260502_S7_L3_HIGH_75_100_S01_R02,S7_L3_HIGH_75_100,SER_20260502_S7_L3_HIGH_75_100_S01,HW_PLC,HW_PLC,1189,1189,1190,,,,516505000,plc_internal_rd_loc_t_nanosecond,75,100,73.353,-1.647003,0,1,1042601937,3,512,0,ok,
RUN_20260502_S7_L3_HIGH_75_100_S01_R02,S7_L3_HIGH_75_100,SER_20260502_S7_L3_HIGH_75_100_S01,HW_PLC,HW_PLC,1190,1190,1191,,,,593431000,plc_internal_rd_loc_t_nanosecond,75,100,76.926,1.926003,0,1,1027287142,3,512,0,ok,
RUN_20260502_S7_L3_HIGH_75_100_S01_R02,S7_L3_HIGH_75_100,SER_20260502_S7_L3_HIGH_75_100_S01,HW_PLC,HW_PLC,1191,1191,1192,,,,663438000,plc_internal_rd_loc_t_nanosecond,75,100,70.007,-4.992996,0,1,1923191037,3,512,0,ok,
RUN_20260502_S7_L3_HIGH_75_100_S01_R02,S7_L3_HIGH_75_100,SER_20260502_S7_L3_HIGH_75_100_S01,HW_PLC,HW_PLC,1192,1192,1193,,,,736267000,plc_internal_rd_loc_t_nanosecond,75,100,72.829,-2.170998,0,1,1584923031,3,512,0,ok,
RUN_20260502_S7_L3_HIGH_75_100_S01_R02,S7_L3_HIGH_75_100,SER_20260502_S7_L3_HIGH_75_100_S01,HW_PLC,HW_PLC,1193,1193,1194,,,,820602000,plc_internal_rd_loc_t_nanosecond,75,100,84.335,9.334999,0,1,14584372,3,512,0,ok,
RUN_20260502_S7_L3_HIGH_75_100_S01_R02,S7_L3_HIGH_75_100,SER_20260502_S7_L3_HIGH_75_100_S01,HW_PLC,HW_PLC,1194,1194,1195,,,,890419000,plc_internal_rd_loc_t_nanosecond,75,100,69.817,-5.182999,0,1,1509235410,3,512,0,ok,
RUN_20260502_S7_L3_HIGH_75_100_S01_R02,S7_L3_HIGH_75_100,SER_20260502_S7_L3_HIGH_75_100_S01,HW_PLC,HW_PLC,1195,1195,1196,,,,963729000,plc_internal_rd_loc_t_nanosecond,75,100,73.31,-1.690002,0,1,1776010099,3,512,0,ok,
RUN_20260502_S7_L3_HIGH_75_100_S01_R02,S7_L3_HIGH_75_100,SER_20260502_S7_L3_HIGH_75_100_S01,HW_PLC,HW_PLC,1196,1196,1197,,,,37574000,plc_internal_rd_loc_t_nanosecond,75,100,73.845,-1.154999,0,1,817001495,3,512,0,ok,
RUN_20260502_S7_L3_HIGH_75_100_S01_R02,S7_L3_HIGH_75_100,SER_20260502_S7_L3_HIGH_75_100_S01,HW_PLC,HW_PLC,1197,1197,1198,,,,109583000,plc_internal_rd_loc_t_nanosecond,75,100,72.009,-2.990997,0,1,781794493,3,512,0,ok,
RUN_20260502_S7_L3_HIGH_75_100_S01_R02,S7_L3_HIGH_75_100,SER_20260502_S7_L3_HIGH_75_100_S01,HW_PLC,HW_PLC,1198,1198,1199,,,,179543000,plc_internal_rd_loc_t_nanosecond,75,100,69.96,-5.040001,0,1,1672482149,3,512,0,ok,
RUN_20260502_S7_L3_HIGH_75_100_S01_R02,S7_L3_HIGH_75_100,SER_20260502_S7_L3_HIGH_75_100_S01,HW_PLC,HW_PLC,1199,1199,1200,,,,252639000,plc_internal_rd_loc_t_nanosecond,75,100,73.096,-1.903999,0,0,1343682064,3,512,0,ok,
RUN_20260502_S7_L3_HIGH_75_100_S01_R02,S7_L3_HIGH_75_100,SER_20260502_S7_L3_HIGH_75_100_S01,HW_PLC,HW_PLC,1200,1200,1201,,,,327293000,plc_internal_rd_loc_t_nanosecond,75,100,74.654,-0.3460007,0,0,1944970941,3,512,0,ok,
RUN_20260502_S7_L3_HIGH_75_100_S01_R02,S7_L3_HIGH_75_100,SER_20260502_S7_L3_HIGH_75_100_S01,HW_PLC,HW_PLC,1201,1201,1202,,,,398766000,plc_internal_rd_loc_t_nanosecond,75,100,71.473,-3.527,0,0,1330966381,3,512,0,ok,
RUN_20260502_S7_L3_HIGH_75_100_S01_R02,S7_L3_HIGH_75_100,SER_20260502_S7_L3_HIGH_75_100_S01,HW_PLC,HW_PLC,1202,1202,1203,,,,468998000,plc_internal_rd_loc_t_nanosecond,75,100,70.232,-4.767998,0,0,1651245087,3,512,0,ok,
RUN_20260502_S7_L3_HIGH_75_100_S01_R02,S7_L3_HIGH_75_100,SER_20260502_S7_L3_HIGH_75_100_S01,HW_PLC,HW_PLC,1203,1203,1204,,,,542371000,plc_internal_rd_loc_t_nanosecond,75,100,73.373,-1.626999,0,0,760424660,3,512,0,ok,
RUN_20260502_S7_L3_HIGH_75_100_S01_R02,S7_L3_HIGH_75_100,SER_20260502_S7_L3_HIGH_75_100_S01,HW_PLC,HW_PLC,1204,1204,1205,,,,619347000,plc_internal_rd_loc_t_nanosecond,75,100,76.976,1.975998,0,0,808081803,3,512,0,ok,
RUN_20260502_S7_L3_HIGH_75_100_S01_R02,S7_L3_HIGH_75_100,SER_20260502_S7_L3_HIGH_75_100_S01,HW_PLC,HW_PLC,1205,1205,1206,,,,695711000,plc_internal_rd_loc_t_nanosecond,75,100,76.364,1.363998,0,0,1796317764,3,512,0,ok,
RUN_20260502_S7_L3_HIGH_75_100_S01_R02,S7_L3_HIGH_75_100,SER_20260502_S7_L3_HIGH_75_100_S01,HW_PLC,HW_PLC,1206,1206,1207,,,,769377000,plc_internal_rd_loc_t_nanosecond,75,100,73.666,-1.334,0,0,1579741952,3,512,0,ok,
RUN_20260502_S7_L3_HIGH_75_100_S01_R02,S7_L3_HIGH_75_100,SER_20260502_S7_L3_HIGH_75_100_S01,HW_PLC,HW_PLC,1207,1207,1208,,,,843438000,plc_internal_rd_loc_t_nanosecond,75,100,74.061,-0.939003,0,0,160455615,3,512,0,ok,
RUN_20260502_S7_L3_HIGH_75_100_S01_R02,S7_L3_HIGH_75_100,SER_20260502_S7_L3_HIGH_75_100_S01,HW_PLC,HW_PLC,1208,1208,1209,,,,914968000,plc_internal_rd_loc_t_nanosecond,75,100,71.53,-3.470001,0,0,1835519103,3,512,0,ok,
RUN_20260502_S7_L3_HIGH_75_100_S01_R02,S7_L3_HIGH_75_100,SER_20260502_S7_L3_HIGH_75_100_S01,HW_PLC,HW_PLC,1209,1209,1210,,,,984994000,plc_internal_rd_loc_t_nanosecond,75,100,70.026,-4.973999,0,0,164582723,3,512,0,ok,
RUN_20260502_S7_L3_HIGH_75_100_S01_R02,S7_L3_HIGH_75_100,SER_20260502_S7_L3_HIGH_75_100_S01,HW_PLC,HW_PLC,1210,1210,1211,,,,58871000,plc_internal_rd_loc_t_nanosecond,75,100,73.877,-1.123001,0,0,1592190472,3,512,0,ok,
RUN_20260502_S7_L3_HIGH_75_100_S01_R02,S7_L3_HIGH_75_100,SER_20260502_S7_L3_HIGH_75_100_S01,HW_PLC,HW_PLC,1211,1211,1212,,,,132773000,plc_internal_rd_loc_t_nanosecond,75,100,73.902,-1.098,0,0,1825476304,3,512,0,ok,
RUN_20260502_S7_L3_HIGH_75_100_S01_R02,S7_L3_HIGH_75_100,SER_20260502_S7_L3_HIGH_75_100_S01,HW_PLC,HW_PLC,1212,1212,1213,,,,204589000,plc_internal_rd_loc_t_nanosecond,75,100,71.816,-3.183998,0,0,866533275,3,512,0,ok,
RUN_20260502_S7_L3_HIGH_75_100_S01_R02,S7_L3_HIGH_75_100,SER_20260502_S7_L3_HIGH_75_100_S01,HW_PLC,HW_PLC,1213,1213,1214,,,,274553000,plc_internal_rd_loc_t_nanosecond,75,100,69.964,-5.036003,0,0,864946280,3,512,0,ok,
RUN_20260502_S7_L3_HIGH_75_100_S01_R02,S7_L3_HIGH_75_100,SER_20260502_S7_L3_HIGH_75_100_S01,HW_PLC,HW_PLC,1214,1214,1215,,,,348404000,plc_internal_rd_loc_t_nanosecond,75,100,73.851,-1.149002,0,0,1822808375,3,512,0,ok,
RUN_20260502_S7_L3_HIGH_75_100_S01_R02,S7_L3_HIGH_75_100,SER_20260502_S7_L3_HIGH_75_100_S01,HW_PLC,HW_PLC,1215,1215,1216,,,,424775000,plc_internal_rd_loc_t_nanosecond,75,100,76.371,1.371002,0,0,1594737161,3,512,0,ok,
RUN_20260502_S7_L3_HIGH_75_100_S01_R02,S7_L3_HIGH_75_100,SER_20260502_S7_L3_HIGH_75_100_S01,HW_PLC,HW_PLC,1216,1216,1217,,,,495242000,plc_internal_rd_loc_t_nanosecond,75,100,70.467,-4.532997,0,0,182825694,3,512,0,ok,
RUN_20260502_S7_L3_HIGH_75_100_S01_R02,S7_L3_HIGH_75_100,SER_20260502_S7_L3_HIGH_75_100_S01,HW_PLC,HW_PLC,1217,1217,1218,,,,571577000,plc_internal_rd_loc_t_nanosecond,75,100,76.335,1.334999,0,0,1884142516,3,512,0,ok,
RUN_20260502_S7_L3_HIGH_75_100_S01_R02,S7_L3_HIGH_75_100,SER_20260502_S7_L3_HIGH_75_100_S01,HW_PLC,HW_PLC,1218,1218,1219,,,,651755000,plc_internal_rd_loc_t_nanosecond,75,100,80.178,5.178001,0,0,258329742,3,512,0,ok,
RUN_20260502_S7_L3_HIGH_75_100_S01_R02,S7_L3_HIGH_75_100,SER_20260502_S7_L3_HIGH_75_100_S01,HW_PLC,HW_PLC,1219,1219,1220,,,,721536000,plc_internal_rd_loc_t_nanosecond,75,100,69.781,-5.219002,0,0,1749939561,3,512,0,ok,
RUN_20260502_S7_L3_HIGH_75_100_S01_R02,S7_L3_HIGH_75_100,SER_20260502_S7_L3_HIGH_75_100_S01,HW_PLC,HW_PLC,1220,1220,1221,,,,794909000,plc_internal_rd_loc_t_nanosecond,75,100,73.373,-1.626999,0,0,2066097735,3,512,0,ok,
RUN_20260502_S7_L3_HIGH_75_100_S01_R02,S7_L3_HIGH_75_100,SER_20260502_S7_L3_HIGH_75_100_S01,HW_PLC,HW_PLC,1221,1221,1222,,,,872623000,plc_internal_rd_loc_t_nanosecond,75,100,77.714,2.713997,0,0,1208905512,3,512,0,ok,
RUN_20260502_S7_L3_HIGH_75_100_S01_R02,S7_L3_HIGH_75_100,SER_20260502_S7_L3_HIGH_75_100_S01,HW_PLC,HW_PLC,1222,1222,1223,,,,942276000,plc_internal_rd_loc_t_nanosecond,75,100,69.653,-5.347,0,0,1327939595,3,512,0,ok,
RUN_20260502_S7_L3_HIGH_75_100_S01_R02,S7_L3_HIGH_75_100,SER_20260502_S7_L3_HIGH_75_100_S01,HW_PLC,HW_PLC,1223,1223,1224,,,,14943000,plc_internal_rd_loc_t_nanosecond,75,100,72.667,-2.333,0,0,277817585,3,512,0,ok,
RUN_20260502_S7_L3_HIGH_75_100_S01_R02,S7_L3_HIGH_75_100,SER_20260502_S7_L3_HIGH_75_100_S01,HW_PLC,HW_PLC,1224,1224,1225,,,,92520000,plc_internal_rd_loc_t_nanosecond,75,100,77.577,2.577003,0,0,208116185,3,512,0,ok,
RUN_20260502_S7_L3_HIGH_75_100_S01_R02,S7_L3_HIGH_75_100,SER_20260502_S7_L3_HIGH_75_100_S01,HW_PLC,HW_PLC,1225,1225,1226,,,,162265000,plc_internal_rd_loc_t_nanosecond,75,100,69.745,-5.254997,0,0,1120936643,3,512,0,ok,
RUN_20260502_S7_L3_HIGH_75_100_S01_R02,S7_L3_HIGH_75_100,SER_20260502_S7_L3_HIGH_75_100_S01,HW_PLC,HW_PLC,1226,1226,1227,,,,234800000,plc_internal_rd_loc_t_nanosecond,75,100,72.535,-2.464996,0,0,870888368,3,512,0,ok,
RUN_20260502_S7_L3_HIGH_75_100_S01_R02,S7_L3_HIGH_75_100,SER_20260502_S7_L3_HIGH_75_100_S01,HW_PLC,HW_PLC,1227,1227,1228,,,,314945000,plc_internal_rd_loc_t_nanosecond,75,100,80.145,5.144997,0,0,1607556255,3,512,0,ok,
RUN_20260502_S7_L3_HIGH_75_100_S01_R02,S7_L3_HIGH_75_100,SER_20260502_S7_L3_HIGH_75_100_S01,HW_PLC,HW_PLC,1228,1228,1229,,,,384719000,plc_internal_rd_loc_t_nanosecond,75,100,69.774,-5.225998,0,0,1185549713,3,512,0,ok,
RUN_20260502_S7_L3_HIGH_75_100_S01_R02,S7_L3_HIGH_75_100,SER_20260502_S7_L3_HIGH_75_100_S01,HW_PLC,HW_PLC,1229,1229,1230,,,,458237000,plc_internal_rd_loc_t_nanosecond,75,100,73.518,-1.482002,0,0,1754453637,3,512,0,ok,
RUN_20260502_S7_L3_HIGH_75_100_S01_R02,S7_L3_HIGH_75_100,SER_20260502_S7_L3_HIGH_75_100_S01,HW_PLC,HW_PLC,1230,1230,1231,,,,541593000,plc_internal_rd_loc_t_nanosecond,75,100,83.356,8.356003,0,0,1168877436,3,512,0,ok,
RUN_20260502_S7_L3_HIGH_75_100_S01_R02,S7_L3_HIGH_75_100,SER_20260502_S7_L3_HIGH_75_100_S01,HW_PLC,HW_PLC,1231,1231,1232,,,,611199000,plc_internal_rd_loc_t_nanosecond,75,100,69.606,-5.393997,0,0,1578406005,3,512,0,ok,
RUN_20260502_S7_L3_HIGH_75_100_S01_R02,S7_L3_HIGH_75_100,SER_20260502_S7_L3_HIGH_75_100_S01,HW_PLC,HW_PLC,1232,1232,1233,,,,684370000,plc_internal_rd_loc_t_nanosecond,75,100,73.171,-1.829002,0,0,837648753,3,512,0,ok,
RUN_20260502_S7_L3_HIGH_75_100_S01_R02,S7_L3_HIGH_75_100,SER_20260502_S7_L3_HIGH_75_100_S01,HW_PLC,HW_PLC,1233,1233,1234,,,,760756000,plc_internal_rd_loc_t_nanosecond,75,100,76.386,1.386002,0,0,1096190575,3,512,0,ok,
RUN_20260502_S7_L3_HIGH_75_100_S01_R02,S7_L3_HIGH_75_100,SER_20260502_S7_L3_HIGH_75_100_S01,HW_PLC,HW_PLC,1234,1234,1235,,,,829542000,plc_internal_rd_loc_t_nanosecond,75,100,68.786,-6.213997,0,0,208640880,3,512,0,ok,
RUN_20260502_S7_L3_HIGH_75_100_S01_R02,S7_L3_HIGH_75_100,SER_20260502_S7_L3_HIGH_75_100_S01,HW_PLC,HW_PLC,1235,1235,1236,,,,900322000,plc_internal_rd_loc_t_nanosecond,75,100,70.78,-4.220001,0,0,324584563,3,512,0,ok,
RUN_20260502_S7_L3_HIGH_75_100_S01_R02,S7_L3_HIGH_75_100,SER_20260502_S7_L3_HIGH_75_100_S01,HW_PLC,HW_PLC,1236,1236,1237,,,,973349000,plc_internal_rd_loc_t_nanosecond,75,100,73.027,-1.973,0,0,1446114680,3,512,0,ok,
RUN_20260502_S7_L3_HIGH_75_100_S01_R02,S7_L3_HIGH_75_100,SER_20260502_S7_L3_HIGH_75_100_S01,HW_PLC,HW_PLC,1237,1237,1238,,,,49233000,plc_internal_rd_loc_t_nanosecond,75,100,75.884,0.8840027,0,0,1427848832,3,512,0,ok,
RUN_20260502_S7_L3_HIGH_75_100_S01_R02,S7_L3_HIGH_75_100,SER_20260502_S7_L3_HIGH_75_100_S01,HW_PLC,HW_PLC,1238,1238,1239,,,,119338000,plc_internal_rd_loc_t_nanosecond,75,100,70.105,-4.894997,0,0,271880075,3,512,0,ok,
RUN_20260502_S7_L3_HIGH_75_100_S01_R02,S7_L3_HIGH_75_100,SER_20260502_S7_L3_HIGH_75_100_S01,HW_PLC,HW_PLC,1239,1239,1240,,,,190214000,plc_internal_rd_loc_t_nanosecond,75,100,70.876,-4.124001,0,0,127793304,3,512,0,ok,
RUN_20260502_S7_L3_HIGH_75_100_S01_R02,S7_L3_HIGH_75_100,SER_20260502_S7_L3_HIGH_75_100_S01,HW_PLC,HW_PLC,1240,1240,1241,,,,263255000,plc_internal_rd_loc_t_nanosecond,75,100,73.041,-1.959,0,0,997681575,3,512,0,ok,
RUN_20260502_S7_L3_HIGH_75_100_S01_R02,S7_L3_HIGH_75_100,SER_20260502_S7_L3_HIGH_75_100_S01,HW_PLC,HW_PLC,1241,1241,1242,,,,339894000,plc_internal_rd_loc_t_nanosecond,75,100,76.639,1.639,0,0,736162489,3,512,0,ok,
RUN_20260502_S7_L3_HIGH_75_100_S01_R02,S7_L3_HIGH_75_100,SER_20260502_S7_L3_HIGH_75_100_S01,HW_PLC,HW_PLC,1242,1242,1243,,,,416649000,plc_internal_rd_loc_t_nanosecond,75,100,76.755,1.754997,0,0,1492812749,3,512,0,ok,
RUN_20260502_S7_L3_HIGH_75_100_S01_R02,S7_L3_HIGH_75_100,SER_20260502_S7_L3_HIGH_75_100_S01,HW_PLC,HW_PLC,1243,1243,1244,,,,490728000,plc_internal_rd_loc_t_nanosecond,75,100,74.079,-0.9209976,0,0,1122249956,3,512,0,ok,
RUN_20260502_S7_L3_HIGH_75_100_S01_R02,S7_L3_HIGH_75_100,SER_20260502_S7_L3_HIGH_75_100_S01,HW_PLC,HW_PLC,1244,1244,1245,,,,567755000,plc_internal_rd_loc_t_nanosecond,75,100,77.027,2.027,0,0,1774050813,3,512,0,ok,
RUN_20260502_S7_L3_HIGH_75_100_S01_R02,S7_L3_HIGH_75_100,SER_20260502_S7_L3_HIGH_75_100_S01,HW_PLC,HW_PLC,1245,1245,1246,,,,636657000,plc_internal_rd_loc_t_nanosecond,75,100,68.902,-6.098,0,0,1302832921,3,512,0,ok,
RUN_20260502_S7_L3_HIGH_75_100_S01_R02,S7_L3_HIGH_75_100,SER_20260502_S7_L3_HIGH_75_100_S01,HW_PLC,HW_PLC,1246,1246,1247,,,,710198000,plc_internal_rd_loc_t_nanosecond,75,100,73.541,-1.459,0,0,1858172983,3,512,0,ok,
RUN_20260502_S7_L3_HIGH_75_100_S01_R02,S7_L3_HIGH_75_100,SER_20260502_S7_L3_HIGH_75_100_S01,HW_PLC,HW_PLC,1247,1247,1248,,,,786454000,plc_internal_rd_loc_t_nanosecond,75,100,76.256,1.255997,0,0,1294688600,3,512,0,ok,
RUN_20260502_S7_L3_HIGH_75_100_S01_R02,S7_L3_HIGH_75_100,SER_20260502_S7_L3_HIGH_75_100_S01,HW_PLC,HW_PLC,1248,1248,1249,,,,856405000,plc_internal_rd_loc_t_nanosecond,75,100,69.951,-5.049004,0,0,1761956475,3,512,0,ok,
RUN_20260502_S7_L3_HIGH_75_100_S01_R02,S7_L3_HIGH_75_100,SER_20260502_S7_L3_HIGH_75_100_S01,HW_PLC,HW_PLC,1249,1249,1250,,,,925343000,plc_internal_rd_loc_t_nanosecond,75,100,68.938,-6.061996,0,0,1114594209,3,512,0,ok,
RUN_20260502_S7_L3_HIGH_75_100_S01_R02,S7_L3_HIGH_75_100,SER_20260502_S7_L3_HIGH_75_100_S01,HW_PLC,HW_PLC,1250,1250,1251,,,,998658000,plc_internal_rd_loc_t_nanosecond,75,100,73.315,-1.684998,0,0,1502178505,3,512,0,ok,
RUN_20260502_S7_L3_HIGH_75_100_S01_R02,S7_L3_HIGH_75_100,SER_20260502_S7_L3_HIGH_75_100_S01,HW_PLC,HW_PLC,1251,1251,1252,,,,73344000,plc_internal_rd_loc_t_nanosecond,75,100,74.686,-0.314003,0,0,779326964,3,512,0,ok,
RUN_20260502_S7_L3_HIGH_75_100_S01_R02,S7_L3_HIGH_75_100,SER_20260502_S7_L3_HIGH_75_100_S01,HW_PLC,HW_PLC,1252,1252,1253,,,,144808000,plc_internal_rd_loc_t_nanosecond,75,100,71.464,-3.536003,0,0,1095616289,3,512,0,ok,
RUN_20260502_S7_L3_HIGH_75_100_S01_R02,S7_L3_HIGH_75_100,SER_20260502_S7_L3_HIGH_75_100_S01,HW_PLC,HW_PLC,1253,1253,1254,,,,214235000,plc_internal_rd_loc_t_nanosecond,75,100,69.427,-5.572998,0,0,305664081,3,512,0,ok,
RUN_20260502_S7_L3_HIGH_75_100_S01_R02,S7_L3_HIGH_75_100,SER_20260502_S7_L3_HIGH_75_100_S01,HW_PLC,HW_PLC,1254,1254,1255,,,,294505000,plc_internal_rd_loc_t_nanosecond,75,100,80.27,5.269997,0,0,559047043,3,512,0,ok,
RUN_20260502_S7_L3_HIGH_75_100_S01_R02,S7_L3_HIGH_75_100,SER_20260502_S7_L3_HIGH_75_100_S01,HW_PLC,HW_PLC,1255,1255,1256,,,,372258000,plc_internal_rd_loc_t_nanosecond,75,100,77.753,2.752998,0,0,1857866423,3,512,0,ok,
RUN_20260502_S7_L3_HIGH_75_100_S01_R02,S7_L3_HIGH_75_100,SER_20260502_S7_L3_HIGH_75_100_S01,HW_PLC,HW_PLC,1256,1256,1257,,,,441252000,plc_internal_rd_loc_t_nanosecond,75,100,68.994,-6.005997,0,0,2056731630,3,512,0,ok,
RUN_20260502_S7_L3_HIGH_75_100_S01_R02,S7_L3_HIGH_75_100,SER_20260502_S7_L3_HIGH_75_100_S01,HW_PLC,HW_PLC,1257,1257,1258,,,,514609000,plc_internal_rd_loc_t_nanosecond,75,100,73.357,-1.642998,0,0,1157743912,3,512,0,ok,
RUN_20260502_S7_L3_HIGH_75_100_S01_R02,S7_L3_HIGH_75_100,SER_20260502_S7_L3_HIGH_75_100_S01,HW_PLC,HW_PLC,1258,1258,1259,,,,590665000,plc_internal_rd_loc_t_nanosecond,75,100,76.056,1.056,0,0,1310479972,3,512,0,ok,
RUN_20260502_S7_L3_HIGH_75_100_S01_R02,S7_L3_HIGH_75_100,SER_20260502_S7_L3_HIGH_75_100_S01,HW_PLC,HW_PLC,1259,1259,1260,,,,660984000,plc_internal_rd_loc_t_nanosecond,75,100,70.319,-4.681,0,0,369557411,3,512,0,ok,
RUN_20260502_S7_L3_HIGH_75_100_S01_R02,S7_L3_HIGH_75_100,SER_20260502_S7_L3_HIGH_75_100_S01,HW_PLC,HW_PLC,1260,1260,1261,,,,729943000,plc_internal_rd_loc_t_nanosecond,75,100,68.959,-6.041,0,0,484552932,3,512,0,ok,
RUN_20260502_S7_L3_HIGH_75_100_S01_R02,S7_L3_HIGH_75_100,SER_20260502_S7_L3_HIGH_75_100_S01,HW_PLC,HW_PLC,1261,1261,1262,,,,803421000,plc_internal_rd_loc_t_nanosecond,75,100,73.478,-1.522003,0,0,1657567783,3,512,0,ok,
RUN_20260502_S7_L3_HIGH_75_100_S01_R02,S7_L3_HIGH_75_100,SER_20260502_S7_L3_HIGH_75_100_S01,HW_PLC,HW_PLC,1262,1262,1263,,,,878901000,plc_internal_rd_loc_t_nanosecond,75,100,75.48,0.4800034,0,0,1743211373,3,512,0,ok,
RUN_20260502_S7_L3_HIGH_75_100_S01_R02,S7_L3_HIGH_75_100,SER_20260502_S7_L3_HIGH_75_100_S01,HW_PLC,HW_PLC,1263,1263,1264,,,,949637000,plc_internal_rd_loc_t_nanosecond,75,100,70.736,-4.264,0,0,743584950,3,512,0,ok,
RUN_20260502_S7_L3_HIGH_75_100_S01_R02,S7_L3_HIGH_75_100,SER_20260502_S7_L3_HIGH_75_100_S01,HW_PLC,HW_PLC,1264,1264,1265,,,,19485000,plc_internal_rd_loc_t_nanosecond,75,100,69.848,-5.152,0,0,808265217,3,512,0,ok,
RUN_20260502_S7_L3_HIGH_75_100_S01_R02,S7_L3_HIGH_75_100,SER_20260502_S7_L3_HIGH_75_100_S01,HW_PLC,HW_PLC,1265,1265,1266,,,,92535000,plc_internal_rd_loc_t_nanosecond,75,100,73.05,-1.949997,0,0,1939353422,3,512,0,ok,
RUN_20260502_S7_L3_HIGH_75_100_S01_R02,S7_L3_HIGH_75_100,SER_20260502_S7_L3_HIGH_75_100_S01,HW_PLC,HW_PLC,1266,1266,1267,,,,166850000,plc_internal_rd_loc_t_nanosecond,75,100,74.315,-0.6849976,0,0,1991458974,3,512,0,ok,
RUN_20260502_S7_L3_HIGH_75_100_S01_R02,S7_L3_HIGH_75_100,SER_20260502_S7_L3_HIGH_75_100_S01,HW_PLC,HW_PLC,1267,1267,1268,,,,244900000,plc_internal_rd_loc_t_nanosecond,75,100,78.05,3.050003,0,0,966683121,3,512,0,ok,
RUN_20260502_S7_L3_HIGH_75_100_S01_R02,S7_L3_HIGH_75_100,SER_20260502_S7_L3_HIGH_75_100_S01,HW_PLC,HW_PLC,1268,1268,1269,,,,314531000,plc_internal_rd_loc_t_nanosecond,75,100,69.631,-5.369003,0,0,1014602566,3,512,0,ok,
RUN_20260502_S7_L3_HIGH_75_100_S01_R02,S7_L3_HIGH_75_100,SER_20260502_S7_L3_HIGH_75_100_S01,HW_PLC,HW_PLC,1269,1269,1270,,,,388232000,plc_internal_rd_loc_t_nanosecond,75,100,73.701,-1.299004,0,0,2137318557,3,512,0,ok,
RUN_20260502_S7_L3_HIGH_75_100_S01_R02,S7_L3_HIGH_75_100,SER_20260502_S7_L3_HIGH_75_100_S01,HW_PLC,HW_PLC,1270,1270,1271,,,,462780000,plc_internal_rd_loc_t_nanosecond,75,100,74.548,-0.4520035,0,0,41956856,3,512,0,ok,
RUN_20260502_S7_L3_HIGH_75_100_S01_R02,S7_L3_HIGH_75_100,SER_20260502_S7_L3_HIGH_75_100_S01,HW_PLC,HW_PLC,1271,1271,1272,,,,533350000,plc_internal_rd_loc_t_nanosecond,75,100,70.57,-4.43,0,0,1173069652,3,512,0,ok,
RUN_20260502_S7_L3_HIGH_75_100_S01_R02,S7_L3_HIGH_75_100,SER_20260502_S7_L3_HIGH_75_100_S01,HW_PLC,HW_PLC,1272,1272,1273,,,,603507000,plc_internal_rd_loc_t_nanosecond,75,100,70.157,-4.843002,0,0,1237782707,3,512,0,ok,
RUN_20260502_S7_L3_HIGH_75_100_S01_R02,S7_L3_HIGH_75_100,SER_20260502_S7_L3_HIGH_75_100_S01,HW_PLC,HW_PLC,1273,1273,1274,,,,676528000,plc_internal_rd_loc_t_nanosecond,75,100,73.021,-1.978996,0,0,238197269,3,512,0,ok,
RUN_20260502_S7_L3_HIGH_75_100_S01_R02,S7_L3_HIGH_75_100,SER_20260502_S7_L3_HIGH_75_100_S01,HW_PLC,HW_PLC,1274,1274,1275,,,,751699000,plc_internal_rd_loc_t_nanosecond,75,100,75.171,0.1709976,0,0,323890041,3,512,0,ok,
RUN_20260502_S7_L3_HIGH_75_100_S01_R02,S7_L3_HIGH_75_100,SER_20260502_S7_L3_HIGH_75_100_S01,HW_PLC,HW_PLC,1275,1275,1276,,,,821925000,plc_internal_rd_loc_t_nanosecond,75,100,70.226,-4.774002,0,0,1496962271,3,512,0,ok,
RUN_20260502_S7_L3_HIGH_75_100_S01_R02,S7_L3_HIGH_75_100,SER_20260502_S7_L3_HIGH_75_100_S01,HW_PLC,HW_PLC,1276,1276,1277,,,,892814000,plc_internal_rd_loc_t_nanosecond,75,100,70.889,-4.111,0,0,1612023368,3,512,0,ok,
RUN_20260502_S7_L3_HIGH_75_100_S01_R02,S7_L3_HIGH_75_100,SER_20260502_S7_L3_HIGH_75_100_S01,HW_PLC,HW_PLC,1277,1277,1278,,,,966141000,plc_internal_rd_loc_t_nanosecond,75,100,73.327,-1.672997,0,0,671174580,3,512,0,ok,
RUN_20260502_S7_L3_HIGH_75_100_S01_R02,S7_L3_HIGH_75_100,SER_20260502_S7_L3_HIGH_75_100_S01,HW_PLC,HW_PLC,1278,1278,1279,,,,42304000,plc_internal_rd_loc_t_nanosecond,75,100,76.163,1.163002,0,0,823992610,3,512,0,ok,
RUN_20260502_S7_L3_HIGH_75_100_S01_R02,S7_L3_HIGH_75_100,SER_20260502_S7_L3_HIGH_75_100_S01,HW_PLC,HW_PLC,1279,1279,1280,,,,119699000,plc_internal_rd_loc_t_nanosecond,75,100,77.395,2.394997,0,0,2072578706,3,512,0,ok,
RUN_20260502_S7_L3_HIGH_75_100_S01_R02,S7_L3_HIGH_75_100,SER_20260502_S7_L3_HIGH_75_100_S01,HW_PLC,HW_PLC,1280,1280,1281,,,,192897000,plc_internal_rd_loc_t_nanosecond,75,100,73.198,-1.802002,0,0,124058630,3,512,0,ok,
RUN_20260502_S7_L3_HIGH_75_100_S01_R02,S7_L3_HIGH_75_100,SER_20260502_S7_L3_HIGH_75_100_S01,HW_PLC,HW_PLC,1281,1281,1282,,,,269686000,plc_internal_rd_loc_t_nanosecond,75,100,76.789,1.789001,0,0,1422984571,3,512,0,ok,
RUN_20260502_S7_L3_HIGH_75_100_S01_R02,S7_L3_HIGH_75_100,SER_20260502_S7_L3_HIGH_75_100_S01,HW_PLC,HW_PLC,1282,1282,1283,,,,338773000,plc_internal_rd_loc_t_nanosecond,75,100,69.087,-5.913002,0,0,1676482291,3,512,0,ok,
RUN_20260502_S7_L3_HIGH_75_100_S01_R02,S7_L3_HIGH_75_100,SER_20260502_S7_L3_HIGH_75_100_S01,HW_PLC,HW_PLC,1283,1283,1284,,,,408953000,plc_internal_rd_loc_t_nanosecond,75,100,70.18,-4.82,0,0,886653038,3,512,0,ok,
RUN_20260502_S7_L3_HIGH_75_100_S01_R02,S7_L3_HIGH_75_100,SER_20260502_S7_L3_HIGH_75_100_S01,HW_PLC,HW_PLC,1284,1284,1285,,,,481882000,plc_internal_rd_loc_t_nanosecond,75,100,72.929,-2.070999,0,0,1203073515,3,512,0,ok,
RUN_20260502_S7_L3_HIGH_75_100_S01_R02,S7_L3_HIGH_75_100,SER_20260502_S7_L3_HIGH_75_100_S01,HW_PLC,HW_PLC,1285,1285,1286,,,,559145000,plc_internal_rd_loc_t_nanosecond,75,100,77.263,2.263,0,0,480361323,3,512,0,ok,
RUN_20260502_S7_L3_HIGH_75_100_S01_R02,S7_L3_HIGH_75_100,SER_20260502_S7_L3_HIGH_75_100_S01,HW_PLC,HW_PLC,1286,1286,1287,,,,627779000,plc_internal_rd_loc_t_nanosecond,75,100,68.634,-6.365997,0,0,868093165,3,512,0,ok,
RUN_20260502_S7_L3_HIGH_75_100_S01_R02,S7_L3_HIGH_75_100,SER_20260502_S7_L3_HIGH_75_100_S01,HW_PLC,HW_PLC,1287,1287,1288,,,,701459000,plc_internal_rd_loc_t_nanosecond,75,100,73.68,-1.32,0,0,220886642,3,512,0,ok,
RUN_20260502_S7_L3_HIGH_75_100_S01_R02,S7_L3_HIGH_75_100,SER_20260502_S7_L3_HIGH_75_100_S01,HW_PLC,HW_PLC,1288,1288,1289,,,,776507000,plc_internal_rd_loc_t_nanosecond,75,100,75.048,0.04799652,0,0,688318457,3,512,0,ok,
RUN_20260502_S7_L3_HIGH_75_100_S01_R02,S7_L3_HIGH_75_100,SER_20260502_S7_L3_HIGH_75_100_S01,HW_PLC,HW_PLC,1289,1289,1290,,,,847352000,plc_internal_rd_loc_t_nanosecond,75,100,70.845,-4.154999,0,0,125006211,3,512,0,ok,
RUN_20260502_S7_L3_HIGH_75_100_S01_R02,S7_L3_HIGH_75_100,SER_20260502_S7_L3_HIGH_75_100_S01,HW_PLC,HW_PLC,1290,1290,1291,,,,917225000,plc_internal_rd_loc_t_nanosecond,75,100,69.873,-5.126999,0,0,680526607,3,512,0,ok,
RUN_20260502_S7_L3_HIGH_75_100_S01_R02,S7_L3_HIGH_75_100,SER_20260502_S7_L3_HIGH_75_100_S01,HW_PLC,HW_PLC,1291,1291,1292,,,,997142000,plc_internal_rd_loc_t_nanosecond,75,100,79.917,4.917,0,0,209497246,3,512,0,ok,
RUN_20260502_S7_L3_HIGH_75_100_S01_R02,S7_L3_HIGH_75_100,SER_20260502_S7_L3_HIGH_75_100_S01,HW_PLC,HW_PLC,1292,1292,1293,,,,73864000,plc_internal_rd_loc_t_nanosecond,75,100,76.722,1.722,0,0,861494831,3,512,0,ok,
RUN_20260502_S7_L3_HIGH_75_100_S01_R02,S7_L3_HIGH_75_100,SER_20260502_S7_L3_HIGH_75_100_S01,HW_PLC,HW_PLC,1293,1293,1294,,,,143409000,plc_internal_rd_loc_t_nanosecond,75,100,69.545,-5.455002,0,0,491136963,3,512,0,ok,
RUN_20260502_S7_L3_HIGH_75_100_S01_R02,S7_L3_HIGH_75_100,SER_20260502_S7_L3_HIGH_75_100_S01,HW_PLC,HW_PLC,1294,1294,1295,,,,212537000,plc_internal_rd_loc_t_nanosecond,75,100,69.128,-5.872002,0,0,1248000345,3,512,0,ok,
RUN_20260502_S7_L3_HIGH_75_100_S01_R02,S7_L3_HIGH_75_100,SER_20260502_S7_L3_HIGH_75_100_S01,HW_PLC,HW_PLC,1295,1295,1296,,,,288854000,plc_internal_rd_loc_t_nanosecond,75,100,76.317,1.317001,0,0,986702578,3,512,0,ok,
RUN_20260502_S7_L3_HIGH_75_100_S01_R02,S7_L3_HIGH_75_100,SER_20260502_S7_L3_HIGH_75_100_S01,HW_PLC,HW_PLC,1296,1296,1297,,,,366516000,plc_internal_rd_loc_t_nanosecond,75,100,77.662,2.662003,0,0,1856820365,3,512,0,ok,
RUN_20260502_S7_L3_HIGH_75_100_S01_R02,S7_L3_HIGH_75_100,SER_20260502_S7_L3_HIGH_75_100_S01,HW_PLC,HW_PLC,1297,1297,1298,,,,435740000,plc_internal_rd_loc_t_nanosecond,75,100,69.224,-5.776001,0,0,1712971307,3,512,0,ok,
RUN_20260502_S7_L3_HIGH_75_100_S01_R02,S7_L3_HIGH_75_100,SER_20260502_S7_L3_HIGH_75_100_S01,HW_PLC,HW_PLC,1298,1298,1299,,,,508687000,plc_internal_rd_loc_t_nanosecond,75,100,72.947,-2.053001,0,0,557248460,3,512,0,ok,
RUN_20260502_S7_L3_HIGH_75_100_S01_R02,S7_L3_HIGH_75_100,SER_20260502_S7_L3_HIGH_75_100_S01,HW_PLC,HW_PLC,1299,1299,1300,,,,585591000,plc_internal_rd_loc_t_nanosecond,75,100,76.904,1.903999,0,1,539236719,3,512,0,ok,
RUN_20260502_S7_L3_HIGH_75_100_S01_R02,S7_L3_HIGH_75_100,SER_20260502_S7_L3_HIGH_75_100_S01,HW_PLC,HW_PLC,1300,1300,1301,,,,654446000,plc_internal_rd_loc_t_nanosecond,75,100,68.855,-6.144997,0,1,1661029140,3,512,0,ok,
RUN_20260502_S7_L3_HIGH_75_100_S01_R02,S7_L3_HIGH_75_100,SER_20260502_S7_L3_HIGH_75_100_S01,HW_PLC,HW_PLC,1301,1301,1302,,,,723554000,plc_internal_rd_loc_t_nanosecond,75,100,69.108,-5.891998,0,1,1777243324,3,512,0,ok,
RUN_20260502_S7_L3_HIGH_75_100_S01_R02,S7_L3_HIGH_75_100,SER_20260502_S7_L3_HIGH_75_100_S01,HW_PLC,HW_PLC,1302,1302,1303,,,,797310000,plc_internal_rd_loc_t_nanosecond,75,100,73.756,-1.244003,0,1,889972327,3,512,0,ok,
RUN_20260502_S7_L3_HIGH_75_100_S01_R02,S7_L3_HIGH_75_100,SER_20260502_S7_L3_HIGH_75_100_S01,HW_PLC,HW_PLC,1303,1303,1304,,,,873207000,plc_internal_rd_loc_t_nanosecond,75,100,75.897,0.8970032,0,1,1148801044,3,512,0,ok,
RUN_20260502_S7_L3_HIGH_75_100_S01_R02,S7_L3_HIGH_75_100,SER_20260502_S7_L3_HIGH_75_100_S01,HW_PLC,HW_PLC,1304,1304,1305,,,,950246000,plc_internal_rd_loc_t_nanosecond,75,100,77.039,2.039001,0,1,408338884,3,512,0,ok,
RUN_20260502_S7_L3_HIGH_75_100_S01_R02,S7_L3_HIGH_75_100,SER_20260502_S7_L3_HIGH_75_100_S01,HW_PLC,HW_PLC,1305,1305,1306,,,,20162000,plc_internal_rd_loc_t_nanosecond,75,100,69.916,-5.084,0,1,818170742,3,512,0,ok,
RUN_20260502_S7_L3_HIGH_75_100_S01_R02,S7_L3_HIGH_75_100,SER_20260502_S7_L3_HIGH_75_100_S01,HW_PLC,HW_PLC,1306,1306,1307,,,,93292000,plc_internal_rd_loc_t_nanosecond,75,100,73.13,-1.870003,0,1,232906027,3,512,0,ok,
RUN_20260502_S7_L3_HIGH_75_100_S01_R02,S7_L3_HIGH_75_100,SER_20260502_S7_L3_HIGH_75_100_S01,HW_PLC,HW_PLC,1307,1307,1308,,,,170373000,plc_internal_rd_loc_t_nanosecond,75,100,77.081,2.081001,0,1,802129634,3,512,0,ok,
RUN_20260502_S7_L3_HIGH_75_100_S01_R02,S7_L3_HIGH_75_100,SER_20260502_S7_L3_HIGH_75_100_S01,HW_PLC,HW_PLC,1308,1308,1309,,,,239246000,plc_internal_rd_loc_t_nanosecond,75,100,68.873,-6.126999,0,1,380450972,3,512,0,ok,
RUN_20260502_S7_L3_HIGH_75_100_S01_R02,S7_L3_HIGH_75_100,SER_20260502_S7_L3_HIGH_75_100_S01,HW_PLC,HW_PLC,1309,1309,1310,,,,313237000,plc_internal_rd_loc_t_nanosecond,75,100,73.991,-1.009003,0,1,1117454936,3,512,0,ok,
RUN_20260502_S7_L3_HIGH_75_100_S01_R02,S7_L3_HIGH_75_100,SER_20260502_S7_L3_HIGH_75_100_S01,HW_PLC,HW_PLC,1310,1310,1311,,,,390404000,plc_internal_rd_loc_t_nanosecond,75,100,77.167,2.167,0,1,867750935,3,512,0,ok,
RUN_20260502_S7_L3_HIGH_75_100_S01_R02,S7_L3_HIGH_75_100,SER_20260502_S7_L3_HIGH_75_100_S01,HW_PLC,HW_PLC,1311,1311,1312,,,,459880000,plc_internal_rd_loc_t_nanosecond,75,100,69.476,-5.524002,0,1,1780923864,3,512,0,ok,
RUN_20260502_S7_L3_HIGH_75_100_S01_R02,S7_L3_HIGH_75_100,SER_20260502_S7_L3_HIGH_75_100_S01,HW_PLC,HW_PLC,1312,1312,1313,,,,532609000,plc_internal_rd_loc_t_nanosecond,75,100,72.729,-2.271004,0,1,1711583132,3,512,0,ok,
RUN_20260502_S7_L3_HIGH_75_100_S01_R02,S7_L3_HIGH_75_100,SER_20260502_S7_L3_HIGH_75_100_S01,HW_PLC,HW_PLC,1313,1313,1314,,,,607976000,plc_internal_rd_loc_t_nanosecond,75,100,75.367,0.3669968,0,1,661829987,3,512,0,ok,
RUN_20260502_S7_L3_HIGH_75_100_S01_R02,S7_L3_HIGH_75_100,SER_20260502_S7_L3_HIGH_75_100_S01,HW_PLC,HW_PLC,1314,1314,1315,,,,679162000,plc_internal_rd_loc_t_nanosecond,75,100,71.186,-3.814003,0,1,781241132,3,512,0,ok,
RUN_20260502_S7_L3_HIGH_75_100_S01_R02,S7_L3_HIGH_75_100,SER_20260502_S7_L3_HIGH_75_100_S01,HW_PLC,HW_PLC,1315,1315,1316,,,,748901000,plc_internal_rd_loc_t_nanosecond,75,100,69.739,-5.261002,0,1,2071917815,3,512,0,ok,
RUN_20260502_S7_L3_HIGH_75_100_S01_R02,S7_L3_HIGH_75_100,SER_20260502_S7_L3_HIGH_75_100_S01,HW_PLC,HW_PLC,1316,1316,1317,,,,828374000,plc_internal_rd_loc_t_nanosecond,75,100,79.473,4.473,0,1,240985798,3,512,0,ok,
RUN_20260502_S7_L3_HIGH_75_100_S01_R02,S7_L3_HIGH_75_100,SER_20260502_S7_L3_HIGH_75_100_S01,HW_PLC,HW_PLC,1317,1317,1318,,,,905620000,plc_internal_rd_loc_t_nanosecond,75,100,77.246,2.246002,0,1,1732997270,3,512,0,ok,
RUN_20260502_S7_L3_HIGH_75_100_S01_R02,S7_L3_HIGH_75_100,SER_20260502_S7_L3_HIGH_75_100_S01,HW_PLC,HW_PLC,1318,1318,1319,,,,975546000,plc_internal_rd_loc_t_nanosecond,75,100,69.926,-5.073997,0,1,107594346,3,512,0,ok,
RUN_20260502_S7_L3_HIGH_75_100_S01_R02,S7_L3_HIGH_75_100,SER_20260502_S7_L3_HIGH_75_100_S01,HW_PLC,HW_PLC,1319,1319,1320,,,,49190000,plc_internal_rd_loc_t_nanosecond,75,100,73.644,-1.356003,0,1,1809329215,3,512,0,ok,
RUN_20260502_S7_L3_HIGH_75_100_S01_R02,S7_L3_HIGH_75_100,SER_20260502_S7_L3_HIGH_75_100_S01,HW_PLC,HW_PLC,1320,1320,1321,,,,123914000,plc_internal_rd_loc_t_nanosecond,75,100,74.724,-0.276001,0,1,397843992,3,512,0,ok,
RUN_20260502_S7_L3_HIGH_75_100_S01_R02,S7_L3_HIGH_75_100,SER_20260502_S7_L3_HIGH_75_100_S01,HW_PLC,HW_PLC,1321,1321,1322,,,,194908000,plc_internal_rd_loc_t_nanosecond,75,100,70.994,-4.005997,0,1,170207219,3,512,0,ok,
RUN_20260502_S7_L3_HIGH_75_100_S01_R02,S7_L3_HIGH_75_100,SER_20260502_S7_L3_HIGH_75_100_S01,HW_PLC,HW_PLC,1322,1322,1323,,,,264806000,plc_internal_rd_loc_t_nanosecond,75,100,69.898,-5.101997,0,1,1128511952,3,512,0,ok,
RUN_20260502_S7_L3_HIGH_75_100_S01_R02,S7_L3_HIGH_75_100,SER_20260502_S7_L3_HIGH_75_100_S01,HW_PLC,HW_PLC,1323,1323,1324,,,,338186000,plc_internal_rd_loc_t_nanosecond,75,100,73.38,-1.620003,0,1,1127375792,3,512,0,ok,
RUN_20260502_S7_L3_HIGH_75_100_S01_R02,S7_L3_HIGH_75_100,SER_20260502_S7_L3_HIGH_75_100_S01,HW_PLC,HW_PLC,1324,1324,1325,,,,412889000,plc_internal_rd_loc_t_nanosecond,75,100,74.703,-0.2969971,0,1,168891795,3,512,0,ok,
RUN_20260502_S7_L3_HIGH_75_100_S01_R02,S7_L3_HIGH_75_100,SER_20260502_S7_L3_HIGH_75_100_S01,HW_PLC,HW_PLC,1325,1325,1326,,,,484431000,plc_internal_rd_loc_t_nanosecond,75,100,71.542,-3.458,0,1,402644856,3,512,0,ok,
RUN_20260502_S7_L3_HIGH_75_100_S01_R02,S7_L3_HIGH_75_100,SER_20260502_S7_L3_HIGH_75_100_S01,HW_PLC,HW_PLC,1326,1326,1327,,,,554284000,plc_internal_rd_loc_t_nanosecond,75,100,69.853,-5.147003,0,1,1830728031,3,512,0,ok,
RUN_20260502_S7_L3_HIGH_75_100_S01_R02,S7_L3_HIGH_75_100,SER_20260502_S7_L3_HIGH_75_100_S01,HW_PLC,HW_PLC,1327,1327,1328,,,,627263000,plc_internal_rd_loc_t_nanosecond,75,100,72.979,-2.021004,0,1,160275274,3,512,0,ok,
RUN_20260502_S7_L3_HIGH_75_100_S01_R02,S7_L3_HIGH_75_100,SER_20260502_S7_L3_HIGH_75_100_S01,HW_PLC,HW_PLC,1328,1328,1329,,,,710194000,plc_internal_rd_loc_t_nanosecond,75,100,82.931,7.931,0,1,1835830582,3,512,0,ok,
RUN_20260502_S7_L3_HIGH_75_100_S01_R02,S7_L3_HIGH_75_100,SER_20260502_S7_L3_HIGH_75_100_S01,HW_PLC,HW_PLC,1329,1329,1330,,,,779790000,plc_internal_rd_loc_t_nanosecond,75,100,69.596,-5.403999,0,1,417044262,3,512,0,ok,
RUN_20260502_S7_L3_HIGH_75_100_S01_R02,S7_L3_HIGH_75_100,SER_20260502_S7_L3_HIGH_75_100_S01,HW_PLC,HW_PLC,1330,1330,1331,,,,849537000,plc_internal_rd_loc_t_nanosecond,75,100,69.747,-5.252998,0,1,200976664,3,512,0,ok,
RUN_20260502_S7_L3_HIGH_75_100_S01_R02,S7_L3_HIGH_75_100,SER_20260502_S7_L3_HIGH_75_100_S01,HW_PLC,HW_PLC,1331,1331,1332,,,,922922000,plc_internal_rd_loc_t_nanosecond,75,100,73.385,-1.614998,0,1,1189729036,3,512,0,ok,
RUN_20260502_S7_L3_HIGH_75_100_S01_R02,S7_L3_HIGH_75_100,SER_20260502_S7_L3_HIGH_75_100_S01,HW_PLC,HW_PLC,1332,1332,1333,,,,999185000,plc_internal_rd_loc_t_nanosecond,75,100,76.263,1.263,0,1,1237910787,3,512,0,ok,
RUN_20260502_S7_L3_HIGH_75_100_S01_R02,S7_L3_HIGH_75_100,SER_20260502_S7_L3_HIGH_75_100_S01,HW_PLC,HW_PLC,1333,1333,1334,,,,69925000,plc_internal_rd_loc_t_nanosecond,75,100,70.74,-4.260002,0,1,347623165,3,512,0,ok,
RUN_20260502_S7_L3_HIGH_75_100_S01_R02,S7_L3_HIGH_75_100,SER_20260502_S7_L3_HIGH_75_100_S01,HW_PLC,HW_PLC,1334,1334,1335,,,,138848000,plc_internal_rd_loc_t_nanosecond,75,100,68.923,-6.077003,0,1,668442873,3,512,0,ok,
RUN_20260502_S7_L3_HIGH_75_100_S01_R02,S7_L3_HIGH_75_100,SER_20260502_S7_L3_HIGH_75_100_S01,HW_PLC,HW_PLC,1335,1335,1336,,,,212570000,plc_internal_rd_loc_t_nanosecond,75,100,73.722,-1.278,0,1,54987512,3,512,0,ok,
RUN_20260502_S7_L3_HIGH_75_100_S01_R02,S7_L3_HIGH_75_100,SER_20260502_S7_L3_HIGH_75_100_S01,HW_PLC,HW_PLC,1336,1336,1337,,,,288806000,plc_internal_rd_loc_t_nanosecond,75,100,76.236,1.236,0,1,656833785,3,512,0,ok,
RUN_20260502_S7_L3_HIGH_75_100_S01_R02,S7_L3_HIGH_75_100,SER_20260502_S7_L3_HIGH_75_100_S01,HW_PLC,HW_PLC,1337,1337,1338,,,,358932000,plc_internal_rd_loc_t_nanosecond,75,100,70.126,-4.874001,0,1,328599293,3,512,0,ok,
RUN_20260502_S7_L3_HIGH_75_100_S01_R02,S7_L3_HIGH_75_100,SER_20260502_S7_L3_HIGH_75_100_S01,HW_PLC,HW_PLC,1338,1338,1339,,,,428205000,plc_internal_rd_loc_t_nanosecond,75,100,69.273,-5.726997,0,1,1219860739,3,512,0,ok,
RUN_20260502_S7_L3_HIGH_75_100_S01_R02,S7_L3_HIGH_75_100,SER_20260502_S7_L3_HIGH_75_100_S01,HW_PLC,HW_PLC,1339,1339,1340,,,,501412000,plc_internal_rd_loc_t_nanosecond,75,100,73.207,-1.792999,0,1,1185235724,3,512,0,ok,
RUN_20260502_S7_L3_HIGH_75_100_S01_R02,S7_L3_HIGH_75_100,SER_20260502_S7_L3_HIGH_75_100_S01,HW_PLC,HW_PLC,1340,1340,1341,,,,577793000,plc_internal_rd_loc_t_nanosecond,75,100,76.381,1.380997,0,1,226817304,3,512,0,ok,
RUN_20260502_S7_L3_HIGH_75_100_S01_R02,S7_L3_HIGH_75_100,SER_20260502_S7_L3_HIGH_75_100_S01,HW_PLC,HW_PLC,1341,1341,1342,,,,653846000,plc_internal_rd_loc_t_nanosecond,75,100,76.053,1.053001,0,1,494190374,3,512,0,ok,
RUN_20260502_S7_L3_HIGH_75_100_S01_R02,S7_L3_HIGH_75_100,SER_20260502_S7_L3_HIGH_75_100_S01,HW_PLC,HW_PLC,1342,1342,1343,,,,723537000,plc_internal_rd_loc_t_nanosecond,75,100,69.691,-5.308998,0,1,1989447990,3,512,0,ok,
RUN_20260502_S7_L3_HIGH_75_100_S01_R02,S7_L3_HIGH_75_100,SER_20260502_S7_L3_HIGH_75_100_S01,HW_PLC,HW_PLC,1343,1343,1344,,,,796938000,plc_internal_rd_loc_t_nanosecond,75,100,73.401,-1.598999,0,1,419724106,3,512,0,ok,
RUN_20260502_S7_L3_HIGH_75_100_S01_R02,S7_L3_HIGH_75_100,SER_20260502_S7_L3_HIGH_75_100_S01,HW_PLC,HW_PLC,1344,1344,1345,,,,874300000,plc_internal_rd_loc_t_nanosecond,75,100,77.362,2.362,0,1,82079072,3,512,0,ok,
RUN_20260502_S7_L3_HIGH_75_100_S01_R02,S7_L3_HIGH_75_100,SER_20260502_S7_L3_HIGH_75_100_S01,HW_PLC,HW_PLC,1345,1345,1346,,,,943894000,plc_internal_rd_loc_t_nanosecond,75,100,69.594,-5.405998,0,1,978614136,3,512,0,ok,
RUN_20260502_S7_L3_HIGH_75_100_S01_R02,S7_L3_HIGH_75_100,SER_20260502_S7_L3_HIGH_75_100_S01,HW_PLC,HW_PLC,1346,1346,1347,,,,16768000,plc_internal_rd_loc_t_nanosecond,75,100,72.874,-2.125999,0,1,963938707,3,512,0,ok,
RUN_20260502_S7_L3_HIGH_75_100_S01_R02,S7_L3_HIGH_75_100,SER_20260502_S7_L3_HIGH_75_100_S01,HW_PLC,HW_PLC,1347,1347,1348,,,,94226000,plc_internal_rd_loc_t_nanosecond,75,100,77.458,2.458,0,1,40154033,3,512,0,ok,
RUN_20260502_S7_L3_HIGH_75_100_S01_R02,S7_L3_HIGH_75_100,SER_20260502_S7_L3_HIGH_75_100_S01,HW_PLC,HW_PLC,1348,1348,1349,,,,163725000,plc_internal_rd_loc_t_nanosecond,75,100,69.499,-5.500999,0,1,356836817,3,512,0,ok,
RUN_20260502_S7_L3_HIGH_75_100_S01_R02,S7_L3_HIGH_75_100,SER_20260502_S7_L3_HIGH_75_100_S01,HW_PLC,HW_PLC,1349,1349,1350,,,,236601000,plc_internal_rd_loc_t_nanosecond,75,100,72.876,-2.124001,0,1,1916088307,3,512,0,ok,
RUN_20260502_S7_L3_HIGH_75_100_S01_R02,S7_L3_HIGH_75_100,SER_20260502_S7_L3_HIGH_75_100_S01,HW_PLC,HW_PLC,1350,1350,1351,,,,312977000,plc_internal_rd_loc_t_nanosecond,75,100,76.376,1.375999,0,1,425034265,3,512,0,ok,
RUN_20260502_S7_L3_HIGH_75_100_S01_R02,S7_L3_HIGH_75_100,SER_20260502_S7_L3_HIGH_75_100_S01,HW_PLC,HW_PLC,1351,1351,1352,,,,383849000,plc_internal_rd_loc_t_nanosecond,75,100,70.872,-4.127998,0,1,180743233,3,512,0,ok,
RUN_20260502_S7_L3_HIGH_75_100_S01_R02,S7_L3_HIGH_75_100,SER_20260502_S7_L3_HIGH_75_100_S01,HW_PLC,HW_PLC,1352,1352,1353,,,,457558000,plc_internal_rd_loc_t_nanosecond,75,100,73.709,-1.291,0,1,1185308267,3,512,0,ok,
RUN_20260502_S7_L3_HIGH_75_100_S01_R02,S7_L3_HIGH_75_100,SER_20260502_S7_L3_HIGH_75_100_S01,HW_PLC,HW_PLC,1353,1353,1354,,,,541657000,plc_internal_rd_loc_t_nanosecond,75,100,84.099,9.098999,0,1,1293346968,3,512,0,ok,
RUN_20260502_S7_L3_HIGH_75_100_S01_R02,S7_L3_HIGH_75_100,SER_20260502_S7_L3_HIGH_75_100_S01,HW_PLC,HW_PLC,1354,1354,1355,,,,610926000,plc_internal_rd_loc_t_nanosecond,75,100,69.269,-5.731003,0,1,506952392,3,512,0,ok,
RUN_20260502_S7_L3_HIGH_75_100_S01_R02,S7_L3_HIGH_75_100,SER_20260502_S7_L3_HIGH_75_100_S01,HW_PLC,HW_PLC,1355,1355,1356,,,,684395000,plc_internal_rd_loc_t_nanosecond,75,100,73.469,-1.530998,0,1,975709434,3,512,0,ok,
RUN_20260502_S7_L3_HIGH_75_100_S01_R02,S7_L3_HIGH_75_100,SER_20260502_S7_L3_HIGH_75_100_S01,HW_PLC,HW_PLC,1356,1356,1357,,,,760606000,plc_internal_rd_loc_t_nanosecond,75,100,76.211,1.210999,0,1,554227503,3,512,0,ok,
RUN_20260502_S7_L3_HIGH_75_100_S01_R02,S7_L3_HIGH_75_100,SER_20260502_S7_L3_HIGH_75_100_S01,HW_PLC,HW_PLC,1357,1357,1358,,,,831249000,plc_internal_rd_loc_t_nanosecond,75,100,70.643,-4.357002,0,1,1392091494,3,512,0,ok,
RUN_20260502_S7_L3_HIGH_75_100_S01_R02,S7_L3_HIGH_75_100,SER_20260502_S7_L3_HIGH_75_100_S01,HW_PLC,HW_PLC,1358,1358,1359,,,,904525000,plc_internal_rd_loc_t_nanosecond,75,100,73.276,-1.723999,0,1,1343910816,3,512,0,ok,
RUN_20260502_S7_L3_HIGH_75_100_S01_R02,S7_L3_HIGH_75_100,SER_20260502_S7_L3_HIGH_75_100_S01,HW_PLC,HW_PLC,1359,1359,1360,,,,981627000,plc_internal_rd_loc_t_nanosecond,75,100,77.102,2.101997,0,1,411786717,3,512,0,ok,
RUN_20260502_S7_L3_HIGH_75_100_S01_R02,S7_L3_HIGH_75_100,SER_20260502_S7_L3_HIGH_75_100_S01,HW_PLC,HW_PLC,1360,1360,1361,,,,51389000,plc_internal_rd_loc_t_nanosecond,75,100,69.762,-5.237999,0,1,745295900,3,512,0,ok,
RUN_20260502_S7_L3_HIGH_75_100_S01_R02,S7_L3_HIGH_75_100,SER_20260502_S7_L3_HIGH_75_100_S01,HW_PLC,HW_PLC,1361,1361,1362,,,,124447000,plc_internal_rd_loc_t_nanosecond,75,100,73.058,-1.942001,0,1,199055966,3,512,0,ok,
RUN_20260502_S7_L3_HIGH_75_100_S01_R02,S7_L3_HIGH_75_100,SER_20260502_S7_L3_HIGH_75_100_S01,HW_PLC,HW_PLC,1362,1362,1363,,,,201774000,plc_internal_rd_loc_t_nanosecond,75,100,77.327,2.327003,0,1,922643618,3,512,0,ok,
RUN_20260502_S7_L3_HIGH_75_100_S01_R02,S7_L3_HIGH_75_100,SER_20260502_S7_L3_HIGH_75_100_S01,HW_PLC,HW_PLC,1363,1363,1364,,,,273656000,plc_internal_rd_loc_t_nanosecond,75,100,71.882,-3.117996,0,1,770676457,3,512,0,ok,
RUN_20260502_S7_L3_HIGH_75_100_S01_R02,S7_L3_HIGH_75_100,SER_20260502_S7_L3_HIGH_75_100_S01,HW_PLC,HW_PLC,1364,1364,1365,,,,347478000,plc_internal_rd_loc_t_nanosecond,75,100,73.822,-1.178001,0,1,1892731186,3,512,0,ok,
RUN_20260502_S7_L3_HIGH_75_100_S01_R02,S7_L3_HIGH_75_100,SER_20260502_S7_L3_HIGH_75_100_S01,HW_PLC,HW_PLC,1365,1365,1366,,,,427476000,plc_internal_rd_loc_t_nanosecond,75,100,79.998,4.998001,0,1,2143425406,3,512,0,ok,
RUN_20260502_S7_L3_HIGH_75_100_S01_R02,S7_L3_HIGH_75_100,SER_20260502_S7_L3_HIGH_75_100_S01,HW_PLC,HW_PLC,1366,1366,1367,,,,499909000,plc_internal_rd_loc_t_nanosecond,75,100,72.433,-2.567001,0,1,1524852173,3,512,0,ok,
RUN_20260502_S7_L3_HIGH_75_100_S01_R02,S7_L3_HIGH_75_100,SER_20260502_S7_L3_HIGH_75_100_S01,HW_PLC,HW_PLC,1367,1367,1368,,,,569787000,plc_internal_rd_loc_t_nanosecond,75,100,69.878,-5.122002,0,1,39112735,3,512,0,ok,
RUN_20260502_S7_L3_HIGH_75_100_S01_R02,S7_L3_HIGH_75_100,SER_20260502_S7_L3_HIGH_75_100_S01,HW_PLC,HW_PLC,1368,1368,1369,,,,643197000,plc_internal_rd_loc_t_nanosecond,75,100,73.41,-1.589996,0,1,1983267442,3,512,0,ok,
RUN_20260502_S7_L3_HIGH_75_100_S01_R02,S7_L3_HIGH_75_100,SER_20260502_S7_L3_HIGH_75_100_S01,HW_PLC,HW_PLC,1369,1369,1370,,,,719922000,plc_internal_rd_loc_t_nanosecond,75,100,76.725,1.724998,0,1,916966601,3,512,0,ok,
RUN_20260502_S7_L3_HIGH_75_100_S01_R02,S7_L3_HIGH_75_100,SER_20260502_S7_L3_HIGH_75_100_S01,HW_PLC,HW_PLC,1370,1370,1371,,,,789969000,plc_internal_rd_loc_t_nanosecond,75,100,70.047,-4.953003,0,1,1137270562,3,512,0,ok,
RUN_20260502_S7_L3_HIGH_75_100_S01_R02,S7_L3_HIGH_75_100,SER_20260502_S7_L3_HIGH_75_100_S01,HW_PLC,HW_PLC,1371,1371,1372,,,,863823000,plc_internal_rd_loc_t_nanosecond,75,100,73.854,-1.146004,0,1,498796926,3,512,0,ok,
RUN_20260502_S7_L3_HIGH_75_100_S01_R02,S7_L3_HIGH_75_100,SER_20260502_S7_L3_HIGH_75_100_S01,HW_PLC,HW_PLC,1372,1372,1373,,,,940507000,plc_internal_rd_loc_t_nanosecond,75,100,76.684,1.683998,0,1,1151122396,3,512,0,ok,
RUN_20260502_S7_L3_HIGH_75_100_S01_R02,S7_L3_HIGH_75_100,SER_20260502_S7_L3_HIGH_75_100_S01,HW_PLC,HW_PLC,1373,1373,1374,,,,10617000,plc_internal_rd_loc_t_nanosecond,75,100,70.11,-4.889999,0,1,948864573,3,512,0,ok,
RUN_20260502_S7_L3_HIGH_75_100_S01_R02,S7_L3_HIGH_75_100,SER_20260502_S7_L3_HIGH_75_100_S01,HW_PLC,HW_PLC,1374,1374,1375,,,,83827000,plc_internal_rd_loc_t_nanosecond,75,100,73.21,-1.790001,0,1,2041600160,3,512,0,ok,
RUN_20260502_S7_L3_HIGH_75_100_S01_R02,S7_L3_HIGH_75_100,SER_20260502_S7_L3_HIGH_75_100_S01,HW_PLC,HW_PLC,1375,1375,1376,,,,159336000,plc_internal_rd_loc_t_nanosecond,75,100,75.509,0.5090027,0,1,136463111,3,512,0,ok,
RUN_20260502_S7_L3_HIGH_75_100_S01_R02,S7_L3_HIGH_75_100,SER_20260502_S7_L3_HIGH_75_100_S01,HW_PLC,HW_PLC,1376,1376,1377,,,,229432000,plc_internal_rd_loc_t_nanosecond,75,100,70.096,-4.903999,0,1,1677997423,3,512,0,ok,
RUN_20260502_S7_L3_HIGH_75_100_S01_R02,S7_L3_HIGH_75_100,SER_20260502_S7_L3_HIGH_75_100_S01,HW_PLC,HW_PLC,1377,1377,1378,,,,306534000,plc_internal_rd_loc_t_nanosecond,75,100,77.102,2.101997,0,1,225853403,3,512,0,ok,
RUN_20260502_S7_L3_HIGH_75_100_S01_R02,S7_L3_HIGH_75_100,SER_20260502_S7_L3_HIGH_75_100_S01,HW_PLC,HW_PLC,1378,1378,1379,,,,380334000,plc_internal_rd_loc_t_nanosecond,75,100,73.8,-1.199997,0,1,77091401,3,512,0,ok,
RUN_20260502_S7_L3_HIGH_75_100_S01_R02,S7_L3_HIGH_75_100,SER_20260502_S7_L3_HIGH_75_100_S01,HW_PLC,HW_PLC,1379,1379,1380,,,,452667000,plc_internal_rd_loc_t_nanosecond,75,100,72.333,-2.667,0,1,1233812665,3,512,0,ok,
RUN_20260502_S7_L3_HIGH_75_100_S01_R02,S7_L3_HIGH_75_100,SER_20260502_S7_L3_HIGH_75_100_S01,HW_PLC,HW_PLC,1380,1380,1381,,,,525807000,plc_internal_rd_loc_t_nanosecond,75,100,73.14,-1.860001,0,1,1550626604,3,512,0,ok,
RUN_20260502_S7_L3_HIGH_75_100_S01_R02,S7_L3_HIGH_75_100,SER_20260502_S7_L3_HIGH_75_100_S01,HW_PLC,HW_PLC,1381,1381,1382,,,,595495000,plc_internal_rd_loc_t_nanosecond,75,100,69.688,-5.311996,0,1,1029634466,3,512,0,ok,
RUN_20260502_S7_L3_HIGH_75_100_S01_R02,S7_L3_HIGH_75_100,SER_20260502_S7_L3_HIGH_75_100_S01,HW_PLC,HW_PLC,1382,1382,1383,,,,668922000,plc_internal_rd_loc_t_nanosecond,75,100,73.427,-1.572998,0,1,1820412954,3,512,0,ok,
RUN_20260502_S7_L3_HIGH_75_100_S01_R02,S7_L3_HIGH_75_100,SER_20260502_S7_L3_HIGH_75_100_S01,HW_PLC,HW_PLC,1383,1383,1384,,,,745790000,plc_internal_rd_loc_t_nanosecond,75,100,76.868,1.867996,0,1,1777579669,3,512,0,ok,
RUN_20260502_S7_L3_HIGH_75_100_S01_R02,S7_L3_HIGH_75_100,SER_20260502_S7_L3_HIGH_75_100_S01,HW_PLC,HW_PLC,1384,1384,1385,,,,814990000,plc_internal_rd_loc_t_nanosecond,75,100,69.2,-5.800003,0,1,903227667,3,512,0,ok,
RUN_20260502_S7_L3_HIGH_75_100_S01_R02,S7_L3_HIGH_75_100,SER_20260502_S7_L3_HIGH_75_100_S01,HW_PLC,HW_PLC,1385,1385,1386,,,,888679000,plc_internal_rd_loc_t_nanosecond,75,100,73.689,-1.310997,0,1,1346941843,3,512,0,ok,
RUN_20260502_S7_L3_HIGH_75_100_S01_R02,S7_L3_HIGH_75_100,SER_20260502_S7_L3_HIGH_75_100_S01,HW_PLC,HW_PLC,1386,1386,1387,,,,963812000,plc_internal_rd_loc_t_nanosecond,75,100,75.133,0.1330032,0,1,963331606,3,512,0,ok,
RUN_20260502_S7_L3_HIGH_75_100_S01_R02,S7_L3_HIGH_75_100,SER_20260502_S7_L3_HIGH_75_100_S01,HW_PLC,HW_PLC,1387,1387,1388,,,,34450000,plc_internal_rd_loc_t_nanosecond,75,100,70.638,-4.362,0,1,1901981851,3,512,0,ok,
RUN_20260502_S7_L3_HIGH_75_100_S01_R02,S7_L3_HIGH_75_100,SER_20260502_S7_L3_HIGH_75_100_S01,HW_PLC,HW_PLC,1388,1388,1389,,,,103979000,plc_internal_rd_loc_t_nanosecond,75,100,69.529,-5.471001,0,1,2017501987,3,512,0,ok,
RUN_20260502_S7_L3_HIGH_75_100_S01_R02,S7_L3_HIGH_75_100,SER_20260502_S7_L3_HIGH_75_100_S01,HW_PLC,HW_PLC,1389,1389,1390,,,,184824000,plc_internal_rd_loc_t_nanosecond,75,100,80.845,5.845001,0,1,1311993262,3,512,0,ok,
RUN_20260502_S7_L3_HIGH_75_100_S01_R02,S7_L3_HIGH_75_100,SER_20260502_S7_L3_HIGH_75_100_S01,HW_PLC,HW_PLC,1390,1390,1391,,,,262222000,plc_internal_rd_loc_t_nanosecond,75,100,77.398,2.398003,0,1,1935032379,3,512,0,ok,
RUN_20260502_S7_L3_HIGH_75_100_S01_R02,S7_L3_HIGH_75_100,SER_20260502_S7_L3_HIGH_75_100_S01,HW_PLC,HW_PLC,1391,1391,1392,,,,331975000,plc_internal_rd_loc_t_nanosecond,75,100,69.753,-5.247002,0,1,1741236939,3,512,0,ok,
RUN_20260502_S7_L3_HIGH_75_100_S01_R02,S7_L3_HIGH_75_100,SER_20260502_S7_L3_HIGH_75_100_S01,HW_PLC,HW_PLC,1392,1392,1393,,,,405236000,plc_internal_rd_loc_t_nanosecond,75,100,73.261,-1.738998,0,1,732699998,3,512,0,ok,
RUN_20260502_S7_L3_HIGH_75_100_S01_R02,S7_L3_HIGH_75_100,SER_20260502_S7_L3_HIGH_75_100_S01,HW_PLC,HW_PLC,1393,1393,1394,,,,480930000,plc_internal_rd_loc_t_nanosecond,75,100,75.694,0.6940002,0,1,1059006451,3,512,0,ok,
RUN_20260502_S7_L3_HIGH_75_100_S01_R02,S7_L3_HIGH_75_100,SER_20260502_S7_L3_HIGH_75_100_S01,HW_PLC,HW_PLC,1394,1394,1395,,,,550924000,plc_internal_rd_loc_t_nanosecond,75,100,69.994,-5.005997,0,1,574765707,3,512,0,ok,
RUN_20260502_S7_L3_HIGH_75_100_S01_R02,S7_L3_HIGH_75_100,SER_20260502_S7_L3_HIGH_75_100_S01,HW_PLC,HW_PLC,1395,1395,1396,,,,620282000,plc_internal_rd_loc_t_nanosecond,75,100,69.358,-5.641998,0,1,1429562661,3,512,0,ok,
RUN_20260502_S7_L3_HIGH_75_100_S01_R02,S7_L3_HIGH_75_100,SER_20260502_S7_L3_HIGH_75_100_S01,HW_PLC,HW_PLC,1396,1396,1397,,,,693739000,plc_internal_rd_loc_t_nanosecond,75,100,73.457,-1.542999,0,1,1478006722,3,512,0,ok,
RUN_20260502_S7_L3_HIGH_75_100_S01_R02,S7_L3_HIGH_75_100,SER_20260502_S7_L3_HIGH_75_100_S01,HW_PLC,HW_PLC,1397,1397,1398,,,,769280000,plc_internal_rd_loc_t_nanosecond,75,100,75.541,0.5410004,0,1,722199138,3,512,0,ok,
RUN_20260502_S7_L3_HIGH_75_100_S01_R02,S7_L3_HIGH_75_100,SER_20260502_S7_L3_HIGH_75_100_S01,HW_PLC,HW_PLC,1398,1398,1399,,,,839565000,plc_internal_rd_loc_t_nanosecond,75,100,70.285,-4.714996,0,1,1311716612,3,512,0,ok,
RUN_20260502_S7_L3_HIGH_75_100_S01_R02,S7_L3_HIGH_75_100,SER_20260502_S7_L3_HIGH_75_100_S01,HW_PLC,HW_PLC,1399,1399,1400,,,,909339000,plc_internal_rd_loc_t_nanosecond,75,100,69.774,-5.225998,0,0,1101176745,3,512,0,ok,
RUN_20260502_S7_L3_HIGH_75_100_S01_R02,S7_L3_HIGH_75_100,SER_20260502_S7_L3_HIGH_75_100_S01,HW_PLC,HW_PLC,1400,1400,1401,,,,982694000,plc_internal_rd_loc_t_nanosecond,75,100,73.355,-1.644997,0,0,92672593,3,512,0,ok,
RUN_20260502_S7_L3_HIGH_75_100_S01_R02,S7_L3_HIGH_75_100,SER_20260502_S7_L3_HIGH_75_100_S01,HW_PLC,HW_PLC,1401,1401,1402,,,,59469000,plc_internal_rd_loc_t_nanosecond,75,100,76.775,1.775002,0,0,435789051,3,512,0,ok,
RUN_20260502_S7_L3_HIGH_75_100_S01_R02,S7_L3_HIGH_75_100,SER_20260502_S7_L3_HIGH_75_100_S01,HW_PLC,HW_PLC,1402,1402,1403,,,,136404000,plc_internal_rd_loc_t_nanosecond,75,100,76.935,1.934998,0,0,2132619175,3,512,0,ok,
RUN_20260502_S7_L3_HIGH_75_100_S01_R02,S7_L3_HIGH_75_100,SER_20260502_S7_L3_HIGH_75_100_S01,HW_PLC,HW_PLC,1403,1403,1404,,,,209720000,plc_internal_rd_loc_t_nanosecond,75,100,73.316,-1.683998,0,0,890296919,3,512,0,ok,
RUN_20260502_S7_L3_HIGH_75_100_S01_R02,S7_L3_HIGH_75_100,SER_20260502_S7_L3_HIGH_75_100_S01,HW_PLC,HW_PLC,1404,1404,1405,,,,286916000,plc_internal_rd_loc_t_nanosecond,75,100,77.196,2.195999,0,0,1005882633,3,512,0,ok,
RUN_20260502_S7_L3_HIGH_75_100_S01_R02,S7_L3_HIGH_75_100,SER_20260502_S7_L3_HIGH_75_100_S01,HW_PLC,HW_PLC,1405,1405,1406,,,,356688000,plc_internal_rd_loc_t_nanosecond,75,100,69.772,-5.227997,0,0,333993918,3,512,0,ok,
RUN_20260502_S7_L3_HIGH_75_100_S01_R02,S7_L3_HIGH_75_100,SER_20260502_S7_L3_HIGH_75_100_S01,HW_PLC,HW_PLC,1406,1406,1407,,,,429766000,plc_internal_rd_loc_t_nanosecond,75,100,73.078,-1.921997,0,0,1024207477,3,512,0,ok,
RUN_20260502_S7_L3_HIGH_75_100_S01_R02,S7_L3_HIGH_75_100,SER_20260502_S7_L3_HIGH_75_100_S01,HW_PLC,HW_PLC,1407,1407,1408,,,,505917000,plc_internal_rd_loc_t_nanosecond,75,100,76.151,1.151001,0,0,931140911,3,512,0,ok,
RUN_20260502_S7_L3_HIGH_75_100_S01_R02,S7_L3_HIGH_75_100,SER_20260502_S7_L3_HIGH_75_100_S01,HW_PLC,HW_PLC,1408,1408,1409,,,,576491000,plc_internal_rd_loc_t_nanosecond,75,100,70.574,-4.426003,0,0,56887276,3,512,0,ok,
RUN_20260502_S7_L3_HIGH_75_100_S01_R02,S7_L3_HIGH_75_100,SER_20260502_S7_L3_HIGH_75_100_S01,HW_PLC,HW_PLC,1409,1409,1410,,,,645756000,plc_internal_rd_loc_t_nanosecond,75,100,69.265,-5.735001,0,0,551031467,3,512,0,ok,
RUN_20260502_S7_L3_HIGH_75_100_S01_R02,S7_L3_HIGH_75_100,SER_20260502_S7_L3_HIGH_75_100_S01,HW_PLC,HW_PLC,1410,1410,1411,,,,718739000,plc_internal_rd_loc_t_nanosecond,75,100,72.983,-2.016998,0,0,268182893,3,512,0,ok,
RUN_20260502_S7_L3_HIGH_75_100_S01_R02,S7_L3_HIGH_75_100,SER_20260502_S7_L3_HIGH_75_100_S01,HW_PLC,HW_PLC,1411,1411,1412,,,,794535000,plc_internal_rd_loc_t_nanosecond,75,100,75.796,0.7959976,0,0,1357926449,3,512,0,ok,
RUN_20260502_S7_L3_HIGH_75_100_S01_R02,S7_L3_HIGH_75_100,SER_20260502_S7_L3_HIGH_75_100_S01,HW_PLC,HW_PLC,1412,1412,1413,,,,865194000,plc_internal_rd_loc_t_nanosecond,75,100,70.659,-4.341003,0,0,1674871544,3,512,0,ok,
RUN_20260502_S7_L3_HIGH_75_100_S01_R02,S7_L3_HIGH_75_100,SER_20260502_S7_L3_HIGH_75_100_S01,HW_PLC,HW_PLC,1413,1413,1414,,,,933925000,plc_internal_rd_loc_t_nanosecond,75,100,68.731,-6.268997,0,0,1221119426,3,512,0,ok,
RUN_20260502_S7_L3_HIGH_75_100_S01_R02,S7_L3_HIGH_75_100,SER_20260502_S7_L3_HIGH_75_100_S01,HW_PLC,HW_PLC,1414,1414,1415,,,,14447000,plc_internal_rd_loc_t_nanosecond,75,100,80.522,5.522003,0,0,2146246798,3,512,0,ok,
RUN_20260502_S7_L3_HIGH_75_100_S01_R02,S7_L3_HIGH_75_100,SER_20260502_S7_L3_HIGH_75_100_S01,HW_PLC,HW_PLC,1415,1415,1416,,,,91877000,plc_internal_rd_loc_t_nanosecond,75,100,77.43,2.43,0,0,157387614,3,512,0,ok,
RUN_20260502_S7_L3_HIGH_75_100_S01_R02,S7_L3_HIGH_75_100,SER_20260502_S7_L3_HIGH_75_100_S01,HW_PLC,HW_PLC,1416,1416,1417,,,,161542000,plc_internal_rd_loc_t_nanosecond,75,100,69.665,-5.334999,0,0,1699085871,3,512,0,ok,
RUN_20260502_S7_L3_HIGH_75_100_S01_R02,S7_L3_HIGH_75_100,SER_20260502_S7_L3_HIGH_75_100_S01,HW_PLC,HW_PLC,1417,1417,1418,,,,234389000,plc_internal_rd_loc_t_nanosecond,75,100,72.847,-2.153,0,0,330991876,3,512,0,ok,
RUN_20260502_S7_L3_HIGH_75_100_S01_R02,S7_L3_HIGH_75_100,SER_20260502_S7_L3_HIGH_75_100_S01,HW_PLC,HW_PLC,1418,1418,1419,,,,310222000,plc_internal_rd_loc_t_nanosecond,75,100,75.833,0.8330002,0,0,350165979,3,512,0,ok,
RUN_20260502_S7_L3_HIGH_75_100_S01_R02,S7_L3_HIGH_75_100,SER_20260502_S7_L3_HIGH_75_100_S01,HW_PLC,HW_PLC,1419,1419,1420,,,,380747000,plc_internal_rd_loc_t_nanosecond,75,100,70.525,-4.474998,0,0,1758709428,3,512,0,ok,
RUN_20260502_S7_L3_HIGH_75_100_S01_R02,S7_L3_HIGH_75_100,SER_20260502_S7_L3_HIGH_75_100_S01,HW_PLC,HW_PLC,1420,1420,1421,,,,450640000,plc_internal_rd_loc_t_nanosecond,75,100,69.893,-5.107002,0,0,263747985,3,512,0,ok,
RUN_20260502_S7_L3_HIGH_75_100_S01_R02,S7_L3_HIGH_75_100,SER_20260502_S7_L3_HIGH_75_100_S01,HW_PLC,HW_PLC,1421,1421,1422,,,,522875000,plc_internal_rd_loc_t_nanosecond,75,100,72.235,-2.764999,0,0,162350192,3,512,0,ok,
RUN_20260502_S7_L3_HIGH_75_100_S01_R02,S7_L3_HIGH_75_100,SER_20260502_S7_L3_HIGH_75_100_S01,HW_PLC,HW_PLC,1422,1422,1423,,,,598360000,plc_internal_rd_loc_t_nanosecond,75,100,75.485,0.4850006,0,0,1456609105,3,512,0,ok,
RUN_20260502_S7_L3_HIGH_75_100_S01_R02,S7_L3_HIGH_75_100,SER_20260502_S7_L3_HIGH_75_100_S01,HW_PLC,HW_PLC,1423,1423,1424,,,,669315000,plc_internal_rd_loc_t_nanosecond,75,100,70.955,-4.044998,0,0,2001142325,3,512,0,ok,
RUN_20260502_S7_L3_HIGH_75_100_S01_R02,S7_L3_HIGH_75_100,SER_20260502_S7_L3_HIGH_75_100_S01,HW_PLC,HW_PLC,1424,1424,1425,,,,738235000,plc_internal_rd_loc_t_nanosecond,75,100,68.92,-6.080002,0,0,1798042908,3,512,0,ok,
RUN_20260502_S7_L3_HIGH_75_100_S01_R02,S7_L3_HIGH_75_100,SER_20260502_S7_L3_HIGH_75_100_S01,HW_PLC,HW_PLC,1425,1425,1426,,,,811590000,plc_internal_rd_loc_t_nanosecond,75,100,73.355,-1.644997,0,0,849412102,3,512,0,ok,
RUN_20260502_S7_L3_HIGH_75_100_S01_R02,S7_L3_HIGH_75_100,SER_20260502_S7_L3_HIGH_75_100_S01,HW_PLC,HW_PLC,1426,1426,1427,,,,891883000,plc_internal_rd_loc_t_nanosecond,75,100,80.293,5.292999,0,0,1304826610,3,512,0,ok,
RUN_20260502_S7_L3_HIGH_75_100_S01_R02,S7_L3_HIGH_75_100,SER_20260502_S7_L3_HIGH_75_100_S01,HW_PLC,HW_PLC,1427,1427,1428,,,,965819000,plc_internal_rd_loc_t_nanosecond,75,100,73.936,-1.064003,0,0,1018904033,3,512,0,ok,
RUN_20260502_S7_L3_HIGH_75_100_S01_R02,S7_L3_HIGH_75_100,SER_20260502_S7_L3_HIGH_75_100_S01,HW_PLC,HW_PLC,1428,1428,1429,,,,39404000,plc_internal_rd_loc_t_nanosecond,75,100,73.585,-1.415001,0,0,2141221074,3,512,0,ok,
RUN_20260502_S7_L3_HIGH_75_100_S01_R02,S7_L3_HIGH_75_100,SER_20260502_S7_L3_HIGH_75_100_S01,HW_PLC,HW_PLC,1429,1429,1430,,,,114688000,plc_internal_rd_loc_t_nanosecond,75,100,75.284,0.2839966,0,0,378911687,3,512,0,ok,
RUN_20260502_S7_L3_HIGH_75_100_S01_R02,S7_L3_HIGH_75_100,SER_20260502_S7_L3_HIGH_75_100_S01,HW_PLC,HW_PLC,1430,1430,1431,,,,185653000,plc_internal_rd_loc_t_nanosecond,75,100,70.965,-4.035004,0,0,29036222,3,512,0,ok,
RUN_20260502_S7_L3_HIGH_75_100_S01_R02,S7_L3_HIGH_75_100,SER_20260502_S7_L3_HIGH_75_100_S01,HW_PLC,HW_PLC,1431,1431,1432,,,,257482000,plc_internal_rd_loc_t_nanosecond,75,100,71.829,-3.170998,0,0,1093695927,3,512,0,ok,
RUN_20260502_S7_L3_HIGH_75_100_S01_R02,S7_L3_HIGH_75_100,SER_20260502_S7_L3_HIGH_75_100_S01,HW_PLC,HW_PLC,1432,1432,1433,,,,330897000,plc_internal_rd_loc_t_nanosecond,75,100,73.415,-1.584999,0,0,1427500211,3,512,0,ok,
RUN_20260502_S7_L3_HIGH_75_100_S01_R02,S7_L3_HIGH_75_100,SER_20260502_S7_L3_HIGH_75_100_S01,HW_PLC,HW_PLC,1433,1433,1434,,,,407888000,plc_internal_rd_loc_t_nanosecond,75,100,76.991,1.990997,0,0,1032550322,3,512,0,ok,
RUN_20260502_S7_L3_HIGH_75_100_S01_R02,S7_L3_HIGH_75_100,SER_20260502_S7_L3_HIGH_75_100_S01,HW_PLC,HW_PLC,1434,1434,1435,,,,477730000,plc_internal_rd_loc_t_nanosecond,75,100,69.842,-5.157997,0,0,2058422963,3,512,0,ok,
RUN_20260502_S7_L3_HIGH_75_100_S01_R02,S7_L3_HIGH_75_100,SER_20260502_S7_L3_HIGH_75_100_S01,HW_PLC,HW_PLC,1435,1435,1436,,,,550930000,plc_internal_rd_loc_t_nanosecond,75,100,73.2,-1.800003,0,0,212252088,3,512,0,ok,
RUN_20260502_S7_L3_HIGH_75_100_S01_R02,S7_L3_HIGH_75_100,SER_20260502_S7_L3_HIGH_75_100_S01,HW_PLC,HW_PLC,1436,1436,1437,,,,625909000,plc_internal_rd_loc_t_nanosecond,75,100,74.979,-0.02100372,0,0,1938581694,3,512,0,ok,
RUN_20260502_S7_L3_HIGH_75_100_S01_R02,S7_L3_HIGH_75_100,SER_20260502_S7_L3_HIGH_75_100_S01,HW_PLC,HW_PLC,1437,1437,1438,,,,696778000,plc_internal_rd_loc_t_nanosecond,75,100,70.869,-4.130997,0,0,797062088,3,512,0,ok,
RUN_20260502_S7_L3_HIGH_75_100_S01_R02,S7_L3_HIGH_75_100,SER_20260502_S7_L3_HIGH_75_100_S01,HW_PLC,HW_PLC,1438,1438,1439,,,,767599000,plc_internal_rd_loc_t_nanosecond,75,100,70.821,-4.179001,0,0,1084753620,3,512,0,ok,
RUN_20260502_S7_L3_HIGH_75_100_S01_R02,S7_L3_HIGH_75_100,SER_20260502_S7_L3_HIGH_75_100_S01,HW_PLC,HW_PLC,1439,1439,1440,,,,846804000,plc_internal_rd_loc_t_nanosecond,75,100,79.205,4.205002,0,0,656273891,3,512,0,ok,
RUN_20260502_S7_L3_HIGH_75_100_S01_R02,S7_L3_HIGH_75_100,SER_20260502_S7_L3_HIGH_75_100_S01,HW_PLC,HW_PLC,1440,1440,1441,,,,917650000,plc_internal_rd_loc_t_nanosecond,75,100,70.846,-4.153999,0,0,1661199604,3,512,0,ok,
RUN_20260502_S7_L3_HIGH_75_100_S01_R02,S7_L3_HIGH_75_100,SER_20260502_S7_L3_HIGH_75_100_S01,HW_PLC,HW_PLC,1441,1441,1442,,,,992769000,plc_internal_rd_loc_t_nanosecond,75,100,75.119,0.1190033,0,0,1954148360,3,512,0,ok,
RUN_20260502_S7_L3_HIGH_75_100_S01_R02,S7_L3_HIGH_75_100,SER_20260502_S7_L3_HIGH_75_100_S01,HW_PLC,HW_PLC,1442,1442,1443,,,,62526000,plc_internal_rd_loc_t_nanosecond,75,100,69.757,-5.242996,0,0,1537213215,3,512,0,ok,
RUN_20260502_S7_L3_HIGH_75_100_S01_R02,S7_L3_HIGH_75_100,SER_20260502_S7_L3_HIGH_75_100_S01,HW_PLC,HW_PLC,1443,1443,1444,,,,136273000,plc_internal_rd_loc_t_nanosecond,75,100,73.747,-1.252998,0,0,412495417,3,512,0,ok,
RUN_20260502_S7_L3_HIGH_75_100_S01_R02,S7_L3_HIGH_75_100,SER_20260502_S7_L3_HIGH_75_100_S01,HW_PLC,HW_PLC,1444,1444,1445,,,,213627000,plc_internal_rd_loc_t_nanosecond,75,100,77.354,2.353996,0,0,729571669,3,512,0,ok,
RUN_20260502_S7_L3_HIGH_75_100_S01_R02,S7_L3_HIGH_75_100,SER_20260502_S7_L3_HIGH_75_100_S01,HW_PLC,HW_PLC,1445,1445,1446,,,,283709000,plc_internal_rd_loc_t_nanosecond,75,100,70.082,-4.917999,0,0,343059572,3,512,0,ok,
RUN_20260502_S7_L3_HIGH_75_100_S01_R02,S7_L3_HIGH_75_100,SER_20260502_S7_L3_HIGH_75_100_S01,HW_PLC,HW_PLC,1446,1446,1447,,,,357342000,plc_internal_rd_loc_t_nanosecond,75,100,73.633,-1.366997,0,0,1402535829,3,512,0,ok,
RUN_20260502_S7_L3_HIGH_75_100_S01_R02,S7_L3_HIGH_75_100,SER_20260502_S7_L3_HIGH_75_100_S01,HW_PLC,HW_PLC,1447,1447,1448,,,,432978000,plc_internal_rd_loc_t_nanosecond,75,100,75.636,0.6360016,0,0,1762618041,3,512,0,ok,
RUN_20260502_S7_L3_HIGH_75_100_S01_R02,S7_L3_HIGH_75_100,SER_20260502_S7_L3_HIGH_75_100_S01,HW_PLC,HW_PLC,1448,1448,1449,,,,503157000,plc_internal_rd_loc_t_nanosecond,75,100,70.179,-4.820999,0,0,1425399264,3,512,0,ok,
RUN_20260502_S7_L3_HIGH_75_100_S01_R02,S7_L3_HIGH_75_100,SER_20260502_S7_L3_HIGH_75_100_S01,HW_PLC,HW_PLC,1449,1449,1450,,,,572963000,plc_internal_rd_loc_t_nanosecond,75,100,69.806,-5.194,0,0,392980746,3,512,0,ok,
RUN_20260502_S7_L3_HIGH_75_100_S01_R02,S7_L3_HIGH_75_100,SER_20260502_S7_L3_HIGH_75_100_S01,HW_PLC,HW_PLC,1450,1450,1451,,,,646407000,plc_internal_rd_loc_t_nanosecond,75,100,73.444,-1.556,0,0,814939190,3,512,0,ok,
RUN_20260502_S7_L3_HIGH_75_100_S01_R02,S7_L3_HIGH_75_100,SER_20260502_S7_L3_HIGH_75_100_S01,HW_PLC,HW_PLC,1451,1451,1452,,,,729712000,plc_internal_rd_loc_t_nanosecond,75,100,83.305,8.305,0,0,545892197,3,512,0,ok,
RUN_20260502_S7_L3_HIGH_75_100_S01_R02,S7_L3_HIGH_75_100,SER_20260502_S7_L3_HIGH_75_100_S01,HW_PLC,HW_PLC,1452,1452,1453,,,,799633000,plc_internal_rd_loc_t_nanosecond,75,100,69.921,-5.079002,0,0,1735416470,3,512,0,ok,
RUN_20260502_S7_L3_HIGH_75_100_S01_R02,S7_L3_HIGH_75_100,SER_20260502_S7_L3_HIGH_75_100_S01,HW_PLC,HW_PLC,1453,1453,1454,,,,873463000,plc_internal_rd_loc_t_nanosecond,75,100,73.83,-1.169998,0,0,90645963,3,512,0,ok,
RUN_20260502_S7_L3_HIGH_75_100_S01_R02,S7_L3_HIGH_75_100,SER_20260502_S7_L3_HIGH_75_100_S01,HW_PLC,HW_PLC,1454,1454,1455,,,,947282000,plc_internal_rd_loc_t_nanosecond,75,100,73.819,-1.181,0,0,2056124673,3,512,0,ok,
RUN_20260502_S7_L3_HIGH_75_100_S01_R02,S7_L3_HIGH_75_100,SER_20260502_S7_L3_HIGH_75_100_S01,HW_PLC,HW_PLC,1455,1455,1456,,,,19146000,plc_internal_rd_loc_t_nanosecond,75,100,71.864,-3.136002,0,0,1191502907,3,512,0,ok,
RUN_20260502_S7_L3_HIGH_75_100_S01_R02,S7_L3_HIGH_75_100,SER_20260502_S7_L3_HIGH_75_100_S01,HW_PLC,HW_PLC,1456,1456,1457,,,,88979000,plc_internal_rd_loc_t_nanosecond,75,100,69.833,-5.167,0,0,1793841015,3,512,0,ok,
RUN_20260502_S7_L3_HIGH_75_100_S01_R02,S7_L3_HIGH_75_100,SER_20260502_S7_L3_HIGH_75_100_S01,HW_PLC,HW_PLC,1457,1457,1458,,,,162330000,plc_internal_rd_loc_t_nanosecond,75,100,73.351,-1.649002,0,0,1717756598,3,512,0,ok,
RUN_20260502_S7_L3_HIGH_75_100_S01_R02,S7_L3_HIGH_75_100,SER_20260502_S7_L3_HIGH_75_100_S01,HW_PLC,HW_PLC,1458,1458,1459,,,,236451000,plc_internal_rd_loc_t_nanosecond,75,100,74.121,-0.8789978,0,0,965342712,3,512,0,ok,
RUN_20260502_S7_L3_HIGH_75_100_S01_R02,S7_L3_HIGH_75_100,SER_20260502_S7_L3_HIGH_75_100_S01,HW_PLC,HW_PLC,1459,1459,1460,,,,308363000,plc_internal_rd_loc_t_nanosecond,75,100,71.912,-3.087997,0,0,1686184252,3,512,0,ok,
RUN_20260502_S7_L3_HIGH_75_100_S01_R02,S7_L3_HIGH_75_100,SER_20260502_S7_L3_HIGH_75_100_S01,HW_PLC,HW_PLC,1460,1460,1461,,,,378539000,plc_internal_rd_loc_t_nanosecond,75,100,70.176,-4.823997,0,0,1734890627,3,512,0,ok,
RUN_20260502_S7_L3_HIGH_75_100_S01_R02,S7_L3_HIGH_75_100,SER_20260502_S7_L3_HIGH_75_100_S01,HW_PLC,HW_PLC,1461,1461,1462,,,,451617000,plc_internal_rd_loc_t_nanosecond,75,100,73.078,-1.921997,0,0,1113563085,3,512,0,ok,
RUN_20260502_S7_L3_HIGH_75_100_S01_R02,S7_L3_HIGH_75_100,SER_20260502_S7_L3_HIGH_75_100_S01,HW_PLC,HW_PLC,1462,1462,1463,,,,526444000,plc_internal_rd_loc_t_nanosecond,75,100,74.827,-0.1729965,0,0,1971778329,3,512,0,ok,
RUN_20260502_S7_L3_HIGH_75_100_S01_R02,S7_L3_HIGH_75_100,SER_20260502_S7_L3_HIGH_75_100_S01,HW_PLC,HW_PLC,1463,1463,1464,,,,604291000,plc_internal_rd_loc_t_nanosecond,75,100,77.847,2.847,0,0,16670313,3,512,0,ok,
RUN_20260502_S7_L3_HIGH_75_100_S01_R02,S7_L3_HIGH_75_100,SER_20260502_S7_L3_HIGH_75_100_S01,HW_PLC,HW_PLC,1464,1464,1465,,,,674284000,plc_internal_rd_loc_t_nanosecond,75,100,69.993,-5.007004,0,0,1692783034,3,512,0,ok,
RUN_20260502_S7_L3_HIGH_75_100_S01_R02,S7_L3_HIGH_75_100,SER_20260502_S7_L3_HIGH_75_100_S01,HW_PLC,HW_PLC,1465,1465,1466,,,,747447000,plc_internal_rd_loc_t_nanosecond,75,100,73.163,-1.836998,0,0,559766799,3,512,0,ok,
RUN_20260502_S7_L3_HIGH_75_100_S01_R02,S7_L3_HIGH_75_100,SER_20260502_S7_L3_HIGH_75_100_S01,HW_PLC,HW_PLC,1466,1466,1467,,,,820864000,plc_internal_rd_loc_t_nanosecond,75,100,73.417,-1.583,0,0,914681958,3,512,0,ok,
RUN_20260502_S7_L3_HIGH_75_100_S01_R02,S7_L3_HIGH_75_100,SER_20260502_S7_L3_HIGH_75_100_S01,HW_PLC,HW_PLC,1467,1467,1468,,,,893758000,plc_internal_rd_loc_t_nanosecond,75,100,72.894,-2.106003,0,0,612146112,3,512,0,ok,
RUN_20260502_S7_L3_HIGH_75_100_S01_R02,S7_L3_HIGH_75_100,SER_20260502_S7_L3_HIGH_75_100_S01,HW_PLC,HW_PLC,1468,1468,1469,,,,962973000,plc_internal_rd_loc_t_nanosecond,75,100,69.215,-5.785004,0,0,1801735964,3,512,0,ok,
RUN_20260502_S7_L3_HIGH_75_100_S01_R02,S7_L3_HIGH_75_100,SER_20260502_S7_L3_HIGH_75_100_S01,HW_PLC,HW_PLC,1469,1469,1470,,,,37191000,plc_internal_rd_loc_t_nanosecond,75,100,74.218,-0.7819977,0,0,190585468,3,512,0,ok,
RUN_20260502_S7_L3_HIGH_75_100_S01_R02,S7_L3_HIGH_75_100,SER_20260502_S7_L3_HIGH_75_100_S01,HW_PLC,HW_PLC,1470,1470,1471,,,,110939000,plc_internal_rd_loc_t_nanosecond,75,100,73.748,-1.251999,0,0,75754974,3,512,0,ok,
RUN_20260502_S7_L3_HIGH_75_100_S01_R02,S7_L3_HIGH_75_100,SER_20260502_S7_L3_HIGH_75_100_S01,HW_PLC,HW_PLC,1471,1471,1472,,,,183387000,plc_internal_rd_loc_t_nanosecond,75,100,72.448,-2.552002,0,0,1459345730,3,512,0,ok,
RUN_20260502_S7_L3_HIGH_75_100_S01_R02,S7_L3_HIGH_75_100,SER_20260502_S7_L3_HIGH_75_100_S01,HW_PLC,HW_PLC,1472,1472,1473,,,,252533000,plc_internal_rd_loc_t_nanosecond,75,100,69.146,-5.853996,0,0,48483498,3,512,0,ok,
RUN_20260502_S7_L3_HIGH_75_100_S01_R02,S7_L3_HIGH_75_100,SER_20260502_S7_L3_HIGH_75_100_S01,HW_PLC,HW_PLC,1473,1473,1474,,,,325996000,plc_internal_rd_loc_t_nanosecond,75,100,73.463,-1.537003,0,0,140236820,3,512,0,ok,
RUN_20260502_S7_L3_HIGH_75_100_S01_R02,S7_L3_HIGH_75_100,SER_20260502_S7_L3_HIGH_75_100_S01,HW_PLC,HW_PLC,1474,1474,1475,,,,403464000,plc_internal_rd_loc_t_nanosecond,75,100,77.468,2.468002,0,0,1736698752,3,512,0,ok,
RUN_20260502_S7_L3_HIGH_75_100_S01_R02,S7_L3_HIGH_75_100,SER_20260502_S7_L3_HIGH_75_100_S01,HW_PLC,HW_PLC,1475,1475,1476,,,,476566000,plc_internal_rd_loc_t_nanosecond,75,100,73.102,-1.898003,0,0,545003248,3,512,0,ok,
RUN_20260502_S7_L3_HIGH_75_100_S01_R02,S7_L3_HIGH_75_100,SER_20260502_S7_L3_HIGH_75_100_S01,HW_PLC,HW_PLC,1476,1476,1477,,,,552892000,plc_internal_rd_loc_t_nanosecond,75,100,76.326,1.325996,0,0,862210658,3,512,0,ok,
RUN_20260502_S7_L3_HIGH_75_100_S01_R02,S7_L3_HIGH_75_100,SER_20260502_S7_L3_HIGH_75_100_S01,HW_PLC,HW_PLC,1477,1477,1478,,,,626431000,plc_internal_rd_loc_t_nanosecond,75,100,73.539,-1.460999,0,0,542938583,3,512,0,ok,
RUN_20260502_S7_L3_HIGH_75_100_S01_R02,S7_L3_HIGH_75_100,SER_20260502_S7_L3_HIGH_75_100_S01,HW_PLC,HW_PLC,1478,1478,1479,,,,698776000,plc_internal_rd_loc_t_nanosecond,75,100,72.345,-2.654999,0,0,1736763726,3,512,0,ok,
RUN_20260502_S7_L3_HIGH_75_100_S01_R02,S7_L3_HIGH_75_100,SER_20260502_S7_L3_HIGH_75_100_S01,HW_PLC,HW_PLC,1479,1479,1480,,,,768471000,plc_internal_rd_loc_t_nanosecond,75,100,69.695,-5.305,0,0,150820041,3,512,0,ok,
RUN_20260502_S7_L3_HIGH_75_100_S01_R02,S7_L3_HIGH_75_100,SER_20260502_S7_L3_HIGH_75_100_S01,HW_PLC,HW_PLC,1480,1480,1481,,,,841859000,plc_internal_rd_loc_t_nanosecond,75,100,73.388,-1.612,0,0,82167878,3,512,0,ok,
RUN_20260502_S7_L3_HIGH_75_100_S01_R02,S7_L3_HIGH_75_100,SER_20260502_S7_L3_HIGH_75_100_S01,HW_PLC,HW_PLC,1481,1481,1482,,,,918993000,plc_internal_rd_loc_t_nanosecond,75,100,77.134,2.134003,0,0,1532908485,3,512,0,ok,
RUN_20260502_S7_L3_HIGH_75_100_S01_R02,S7_L3_HIGH_75_100,SER_20260502_S7_L3_HIGH_75_100_S01,HW_PLC,HW_PLC,1482,1482,1483,,,,989332000,plc_internal_rd_loc_t_nanosecond,75,100,70.339,-4.661003,0,0,210167624,3,512,0,ok,
RUN_20260502_S7_L3_HIGH_75_100_S01_R02,S7_L3_HIGH_75_100,SER_20260502_S7_L3_HIGH_75_100_S01,HW_PLC,HW_PLC,1483,1483,1484,,,,62676000,plc_internal_rd_loc_t_nanosecond,75,100,73.344,-1.655998,0,0,411013837,3,512,0,ok,
RUN_20260502_S7_L3_HIGH_75_100_S01_R02,S7_L3_HIGH_75_100,SER_20260502_S7_L3_HIGH_75_100_S01,HW_PLC,HW_PLC,1484,1484,1485,,,,139458000,plc_internal_rd_loc_t_nanosecond,75,100,76.782,1.781998,0,0,2137540180,3,512,0,ok,
RUN_20260502_S7_L3_HIGH_75_100_S01_R02,S7_L3_HIGH_75_100,SER_20260502_S7_L3_HIGH_75_100_S01,HW_PLC,HW_PLC,1485,1485,1486,,,,208990000,plc_internal_rd_loc_t_nanosecond,75,100,69.532,-5.468002,0,0,1096880607,3,512,0,ok,
RUN_20260502_S7_L3_HIGH_75_100_S01_R02,S7_L3_HIGH_75_100,SER_20260502_S7_L3_HIGH_75_100_S01,HW_PLC,HW_PLC,1486,1486,1487,,,,282539000,plc_internal_rd_loc_t_nanosecond,75,100,73.549,-1.450996,0,0,1586095468,3,512,0,ok,
RUN_20260502_S7_L3_HIGH_75_100_S01_R02,S7_L3_HIGH_75_100,SER_20260502_S7_L3_HIGH_75_100_S01,HW_PLC,HW_PLC,1487,1487,1488,,,,358337000,plc_internal_rd_loc_t_nanosecond,75,100,75.798,0.7979965,0,0,1459802364,3,512,0,ok,
RUN_20260502_S7_L3_HIGH_75_100_S01_R02,S7_L3_HIGH_75_100,SER_20260502_S7_L3_HIGH_75_100_S01,HW_PLC,HW_PLC,1488,1488,1489,,,,435341000,plc_internal_rd_loc_t_nanosecond,75,100,77.004,2.003998,0,0,720094351,3,512,0,ok,
RUN_20260502_S7_L3_HIGH_75_100_S01_R02,S7_L3_HIGH_75_100,SER_20260502_S7_L3_HIGH_75_100_S01,HW_PLC,HW_PLC,1489,1489,1490,,,,505542000,plc_internal_rd_loc_t_nanosecond,75,100,70.201,-4.799004,0,0,1516556324,3,512,0,ok,
RUN_20260502_S7_L3_HIGH_75_100_S01_R02,S7_L3_HIGH_75_100,SER_20260502_S7_L3_HIGH_75_100_S01,HW_PLC,HW_PLC,1490,1490,1491,,,,578416000,plc_internal_rd_loc_t_nanosecond,75,100,72.874,-2.125999,0,0,1703797692,3,512,0,ok,
RUN_20260502_S7_L3_HIGH_75_100_S01_R02,S7_L3_HIGH_75_100,SER_20260502_S7_L3_HIGH_75_100_S01,HW_PLC,HW_PLC,1491,1491,1492,,,,655412000,plc_internal_rd_loc_t_nanosecond,75,100,76.996,1.996002,0,0,1283919703,3,512,0,ok,
RUN_20260502_S7_L3_HIGH_75_100_S01_R02,S7_L3_HIGH_75_100,SER_20260502_S7_L3_HIGH_75_100_S01,HW_PLC,HW_PLC,1492,1492,1493,,,,724544000,plc_internal_rd_loc_t_nanosecond,75,100,69.132,-5.867996,0,0,259015413,3,512,0,ok,
RUN_20260502_S7_L3_HIGH_75_100_S01_R02,S7_L3_HIGH_75_100,SER_20260502_S7_L3_HIGH_75_100_S01,HW_PLC,HW_PLC,1493,1493,1494,,,,797934000,plc_internal_rd_loc_t_nanosecond,75,100,73.39,-1.610001,0,0,778669717,3,512,0,ok,
RUN_20260502_S7_L3_HIGH_75_100_S01_R02,S7_L3_HIGH_75_100,SER_20260502_S7_L3_HIGH_75_100_S01,HW_PLC,HW_PLC,1494,1494,1495,,,,874806000,plc_internal_rd_loc_t_nanosecond,75,100,76.872,1.872002,0,0,697492024,3,512,0,ok,
RUN_20260502_S7_L3_HIGH_75_100_S01_R02,S7_L3_HIGH_75_100,SER_20260502_S7_L3_HIGH_75_100_S01,HW_PLC,HW_PLC,1495,1495,1496,,,,944943000,plc_internal_rd_loc_t_nanosecond,75,100,70.137,-4.862999,0,0,17583582,3,512,0,ok,
RUN_20260502_S7_L3_HIGH_75_100_S01_R02,S7_L3_HIGH_75_100,SER_20260502_S7_L3_HIGH_75_100_S01,HW_PLC,HW_PLC,1496,1496,1497,,,,17864000,plc_internal_rd_loc_t_nanosecond,75,100,72.921,-2.079002,0,0,888521094,3,512,0,ok,
RUN_20260502_S7_L3_HIGH_75_100_S01_R02,S7_L3_HIGH_75_100,SER_20260502_S7_L3_HIGH_75_100_S01,HW_PLC,HW_PLC,1497,1497,1498,,,,95418000,plc_internal_rd_loc_t_nanosecond,75,100,77.554,2.554001,0,0,1164922161,3,512,0,ok,
RUN_20260502_S7_L3_HIGH_75_100_S01_R02,S7_L3_HIGH_75_100,SER_20260502_S7_L3_HIGH_75_100_S01,HW_PLC,HW_PLC,1498,1498,1499,,,,164599000,plc_internal_rd_loc_t_nanosecond,75,100,69.181,-5.819,0,0,848879839,3,512,0,ok,
RUN_20260502_S7_L3_HIGH_75_100_S01_R02,S7_L3_HIGH_75_100,SER_20260502_S7_L3_HIGH_75_100_S01,HW_PLC,HW_PLC,1499,1499,1500,,,,237903000,plc_internal_rd_loc_t_nanosecond,75,100,73.304,-1.695999,0,1,2089979023,3,512,0,ok,
RUN_20260502_S7_L3_HIGH_75_100_S01_R02,S7_L3_HIGH_75_100,SER_20260502_S7_L3_HIGH_75_100_S01,HW_PLC,HW_PLC,1500,1500,1501,,,,324624000,plc_internal_rd_loc_t_nanosecond,75,100,86.721,11.721,0,1,595345475,3,512,0,ok,
RUN_20260502_S7_L3_HIGH_75_100_S01_R02,S7_L3_HIGH_75_100,SER_20260502_S7_L3_HIGH_75_100_S01,HW_PLC,HW_PLC,1501,1501,1502,,,,394916000,plc_internal_rd_loc_t_nanosecond,75,100,70.292,-4.708,0,1,662047737,3,512,0,ok,
RUN_20260502_S7_L3_HIGH_75_100_S01_R02,S7_L3_HIGH_75_100,SER_20260502_S7_L3_HIGH_75_100_S01,HW_PLC,HW_PLC,1502,1502,1503,,,,468185000,plc_internal_rd_loc_t_nanosecond,75,100,73.269,-1.731003,0,1,144695218,3,512,0,ok,
RUN_20260502_S7_L3_HIGH_75_100_S01_R02,S7_L3_HIGH_75_100,SER_20260502_S7_L3_HIGH_75_100_S01,HW_PLC,HW_PLC,1503,1503,1504,,,,544225000,plc_internal_rd_loc_t_nanosecond,75,100,76.04,1.040001,0,1,1192872813,3,512,0,ok,
RUN_20260502_S7_L3_HIGH_75_100_S01_R02,S7_L3_HIGH_75_100,SER_20260502_S7_L3_HIGH_75_100_S01,HW_PLC,HW_PLC,1504,1504,1505,,,,613629000,plc_internal_rd_loc_t_nanosecond,75,100,69.404,-5.596001,0,1,1661189931,3,512,0,ok,
RUN_20260502_S7_L3_HIGH_75_100_S01_R02,S7_L3_HIGH_75_100,SER_20260502_S7_L3_HIGH_75_100_S01,HW_PLC,HW_PLC,1505,1505,1506,,,,683538000,plc_internal_rd_loc_t_nanosecond,75,100,69.909,-5.091003,0,1,1551747820,3,512,0,ok,
RUN_20260502_S7_L3_HIGH_75_100_S01_R02,S7_L3_HIGH_75_100,SER_20260502_S7_L3_HIGH_75_100_S01,HW_PLC,HW_PLC,1506,1506,1507,,,,756733000,plc_internal_rd_loc_t_nanosecond,75,100,73.195,-1.805,0,1,866639536,3,512,0,ok,
RUN_20260502_S7_L3_HIGH_75_100_S01_R02,S7_L3_HIGH_75_100,SER_20260502_S7_L3_HIGH_75_100_S01,HW_PLC,HW_PLC,1507,1507,1508,,,,833326000,plc_internal_rd_loc_t_nanosecond,75,100,76.593,1.593002,0,1,1755449974,3,512,0,ok,
RUN_20260502_S7_L3_HIGH_75_100_S01_R02,S7_L3_HIGH_75_100,SER_20260502_S7_L3_HIGH_75_100_S01,HW_PLC,HW_PLC,1508,1508,1509,,,,903448000,plc_internal_rd_loc_t_nanosecond,75,100,70.122,-4.877998,0,1,2072788543,3,512,0,ok,
RUN_20260502_S7_L3_HIGH_75_100_S01_R02,S7_L3_HIGH_75_100,SER_20260502_S7_L3_HIGH_75_100_S01,HW_PLC,HW_PLC,1509,1509,1510,,,,976938000,plc_internal_rd_loc_t_nanosecond,75,100,73.49,-1.510002,0,1,1820756491,3,512,0,ok,
RUN_20260502_S7_L3_HIGH_75_100_S01_R02,S7_L3_HIGH_75_100,SER_20260502_S7_L3_HIGH_75_100_S01,HW_PLC,HW_PLC,1510,1510,1511,,,,51313000,plc_internal_rd_loc_t_nanosecond,75,100,74.375,-0.625,0,1,1001446874,3,512,0,ok,
RUN_20260502_S7_L3_HIGH_75_100_S01_R02,S7_L3_HIGH_75_100,SER_20260502_S7_L3_HIGH_75_100_S01,HW_PLC,HW_PLC,1511,1511,1512,,,,122854000,plc_internal_rd_loc_t_nanosecond,75,100,71.541,-3.459,0,1,1764444587,3,512,0,ok,
RUN_20260502_S7_L3_HIGH_75_100_S01_R02,S7_L3_HIGH_75_100,SER_20260502_S7_L3_HIGH_75_100_S01,HW_PLC,HW_PLC,1512,1512,1513,,,,200301000,plc_internal_rd_loc_t_nanosecond,75,100,77.447,2.446999,0,1,1964359039,3,512,0,ok,
RUN_20260502_S7_L3_HIGH_75_100_S01_R02,S7_L3_HIGH_75_100,SER_20260502_S7_L3_HIGH_75_100_S01,HW_PLC,HW_PLC,1513,1513,1514,,,,273331000,plc_internal_rd_loc_t_nanosecond,75,100,73.03,-1.970001,0,1,1603291478,3,512,0,ok,
RUN_20260502_S7_L3_HIGH_75_100_S01_R02,S7_L3_HIGH_75_100,SER_20260502_S7_L3_HIGH_75_100_S01,HW_PLC,HW_PLC,1514,1514,1515,,,,350711000,plc_internal_rd_loc_t_nanosecond,75,100,77.38,2.379997,0,1,683334960,3,512,0,ok,
RUN_20260502_S7_L3_HIGH_75_100_S01_R02,S7_L3_HIGH_75_100,SER_20260502_S7_L3_HIGH_75_100_S01,HW_PLC,HW_PLC,1515,1515,1516,,,,419834000,plc_internal_rd_loc_t_nanosecond,75,100,69.123,-5.876999,0,1,1354074380,3,512,0,ok,
RUN_20260502_S7_L3_HIGH_75_100_S01_R02,S7_L3_HIGH_75_100,SER_20260502_S7_L3_HIGH_75_100_S01,HW_PLC,HW_PLC,1516,1516,1517,,,,493480000,plc_internal_rd_loc_t_nanosecond,75,100,73.646,-1.353996,0,1,1470119147,3,512,0,ok,
RUN_20260502_S7_L3_HIGH_75_100_S01_R02,S7_L3_HIGH_75_100,SER_20260502_S7_L3_HIGH_75_100_S01,HW_PLC,HW_PLC,1517,1517,1518,,,,569266000,plc_internal_rd_loc_t_nanosecond,75,100,75.786,0.7860031,0,1,1033570509,3,512,0,ok,
RUN_20260502_S7_L3_HIGH_75_100_S01_R02,S7_L3_HIGH_75_100,SER_20260502_S7_L3_HIGH_75_100_S01,HW_PLC,HW_PLC,1518,1518,1519,,,,638941000,plc_internal_rd_loc_t_nanosecond,75,100,69.675,-5.324997,0,1,46521522,3,512,0,ok,
RUN_20260502_S7_L3_HIGH_75_100_S01_R02,S7_L3_HIGH_75_100,SER_20260502_S7_L3_HIGH_75_100_S01,HW_PLC,HW_PLC,1519,1519,1520,,,,708946000,plc_internal_rd_loc_t_nanosecond,75,100,70.005,-4.995003,0,1,658557081,3,512,0,ok,
RUN_20260502_S7_L3_HIGH_75_100_S01_R02,S7_L3_HIGH_75_100,SER_20260502_S7_L3_HIGH_75_100_S01,HW_PLC,HW_PLC,1520,1520,1521,,,,782580000,plc_internal_rd_loc_t_nanosecond,75,100,73.634,-1.365997,0,1,724286595,3,512,0,ok,
RUN_20260502_S7_L3_HIGH_75_100_S01_R02,S7_L3_HIGH_75_100,SER_20260502_S7_L3_HIGH_75_100_S01,HW_PLC,HW_PLC,1521,1521,1522,,,,858325000,plc_internal_rd_loc_t_nanosecond,75,100,75.745,0.7450027,0,1,245811312,3,512,0,ok,
RUN_20260502_S7_L3_HIGH_75_100_S01_R02,S7_L3_HIGH_75_100,SER_20260502_S7_L3_HIGH_75_100_S01,HW_PLC,HW_PLC,1522,1522,1523,,,,928455000,plc_internal_rd_loc_t_nanosecond,75,100,70.13,-4.870003,0,1,1372707935,3,512,0,ok,
RUN_20260502_S7_L3_HIGH_75_100_S01_R02,S7_L3_HIGH_75_100,SER_20260502_S7_L3_HIGH_75_100_S01,HW_PLC,HW_PLC,1523,1523,1524,,,,998402000,plc_internal_rd_loc_t_nanosecond,75,100,69.947,-5.053001,0,1,1959594065,3,512,0,ok,
RUN_20260502_S7_L3_HIGH_75_100_S01_R02,S7_L3_HIGH_75_100,SER_20260502_S7_L3_HIGH_75_100_S01,HW_PLC,HW_PLC,1524,1524,1525,,,,76745000,plc_internal_rd_loc_t_nanosecond,75,100,78.343,3.343002,0,1,2008562758,3,512,0,ok,
RUN_20260502_S7_L3_HIGH_75_100_S01_R02,S7_L3_HIGH_75_100,SER_20260502_S7_L3_HIGH_75_100_S01,HW_PLC,HW_PLC,1525,1525,1526,,,,155796000,plc_internal_rd_loc_t_nanosecond,75,100,79.051,4.051003,0,1,1521715262,3,512,0,ok,
RUN_20260502_S7_L3_HIGH_75_100_S01_R02,S7_L3_HIGH_75_100,SER_20260502_S7_L3_HIGH_75_100_S01,HW_PLC,HW_PLC,1526,1526,1527,,,,224931000,plc_internal_rd_loc_t_nanosecond,75,100,69.135,-5.864998,0,1,501144633,3,512,0,ok,
RUN_20260502_S7_L3_HIGH_75_100_S01_R02,S7_L3_HIGH_75_100,SER_20260502_S7_L3_HIGH_75_100_S01,HW_PLC,HW_PLC,1527,1527,1528,,,,298591000,plc_internal_rd_loc_t_nanosecond,75,100,73.66,-1.339996,0,1,1096435766,3,512,0,ok,
RUN_20260502_S7_L3_HIGH_75_100_S01_R02,S7_L3_HIGH_75_100,SER_20260502_S7_L3_HIGH_75_100_S01,HW_PLC,HW_PLC,1528,1528,1529,,,,376383000,plc_internal_rd_loc_t_nanosecond,75,100,77.792,2.792,0,1,1162198070,3,512,0,ok,
RUN_20260502_S7_L3_HIGH_75_100_S01_R02,S7_L3_HIGH_75_100,SER_20260502_S7_L3_HIGH_75_100_S01,HW_PLC,HW_PLC,1529,1529,1530,,,,445637000,plc_internal_rd_loc_t_nanosecond,75,100,69.254,-5.746002,0,1,700532793,3,512,0,ok,
RUN_20260502_S7_L3_HIGH_75_100_S01_R02,S7_L3_HIGH_75_100,SER_20260502_S7_L3_HIGH_75_100_S01,HW_PLC,HW_PLC,1530,1530,1531,,,,518876000,plc_internal_rd_loc_t_nanosecond,75,100,73.239,-1.761002,0,1,1861016638,3,512,0,ok,
RUN_20260502_S7_L3_HIGH_75_100_S01_R02,S7_L3_HIGH_75_100,SER_20260502_S7_L3_HIGH_75_100_S01,HW_PLC,HW_PLC,1531,1531,1532,,,,595248000,plc_internal_rd_loc_t_nanosecond,75,100,76.372,1.372002,0,1,350783559,3,512,0,ok,
RUN_20260502_S7_L3_HIGH_75_100_S01_R02,S7_L3_HIGH_75_100,SER_20260502_S7_L3_HIGH_75_100_S01,HW_PLC,HW_PLC,1532,1532,1533,,,,664603000,plc_internal_rd_loc_t_nanosecond,75,100,69.355,-5.644997,0,1,466893906,3,512,0,ok,
RUN_20260502_S7_L3_HIGH_75_100_S01_R02,S7_L3_HIGH_75_100,SER_20260502_S7_L3_HIGH_75_100_S01,HW_PLC,HW_PLC,1533,1533,1534,,,,733669000,plc_internal_rd_loc_t_nanosecond,75,100,69.066,-5.933998,0,1,63965280,3,512,0,ok,
RUN_20260502_S7_L3_HIGH_75_100_S01_R02,S7_L3_HIGH_75_100,SER_20260502_S7_L3_HIGH_75_100_S01,HW_PLC,HW_PLC,1534,1534,1535,,,,807491000,plc_internal_rd_loc_t_nanosecond,75,100,73.822,-1.178001,0,1,1291574384,3,512,0,ok,
RUN_20260502_S7_L3_HIGH_75_100_S01_R02,S7_L3_HIGH_75_100,SER_20260502_S7_L3_HIGH_75_100_S01,HW_PLC,HW_PLC,1535,1535,1536,,,,882994000,plc_internal_rd_loc_t_nanosecond,75,100,75.503,0.5029984,0,1,2004338819,3,512,0,ok,
RUN_20260502_S7_L3_HIGH_75_100_S01_R02,S7_L3_HIGH_75_100,SER_20260502_S7_L3_HIGH_75_100_S01,HW_PLC,HW_PLC,1536,1536,1537,,,,953947000,plc_internal_rd_loc_t_nanosecond,75,100,70.953,-4.046997,0,1,56867994,3,512,0,ok,
RUN_20260502_S7_L3_HIGH_75_100_S01_R02,S7_L3_HIGH_75_100,SER_20260502_S7_L3_HIGH_75_100_S01,HW_PLC,HW_PLC,1537,1537,1538,,,,30440000,plc_internal_rd_loc_t_nanosecond,75,100,76.493,1.492996,0,1,1893714098,3,512,0,ok,
RUN_20260502_S7_L3_HIGH_75_100_S01_R02,S7_L3_HIGH_75_100,SER_20260502_S7_L3_HIGH_75_100_S01,HW_PLC,HW_PLC,1538,1538,1539,,,,103789000,plc_internal_rd_loc_t_nanosecond,75,100,73.349,-1.651001,0,1,1074519246,3,512,0,ok,
RUN_20260502_S7_L3_HIGH_75_100_S01_R02,S7_L3_HIGH_75_100,SER_20260502_S7_L3_HIGH_75_100_S01,HW_PLC,HW_PLC,1539,1539,1540,,,,180786000,plc_internal_rd_loc_t_nanosecond,75,100,76.997,1.997002,0,1,1896351980,3,512,0,ok,
RUN_20260502_S7_L3_HIGH_75_100_S01_R02,S7_L3_HIGH_75_100,SER_20260502_S7_L3_HIGH_75_100_S01,HW_PLC,HW_PLC,1540,1540,1541,,,,250150000,plc_internal_rd_loc_t_nanosecond,75,100,69.364,-5.636002,0,1,66338062,3,512,0,ok,
RUN_20260502_S7_L3_HIGH_75_100_S01_R02,S7_L3_HIGH_75_100,SER_20260502_S7_L3_HIGH_75_100_S01,HW_PLC,HW_PLC,1541,1541,1542,,,,319631000,plc_internal_rd_loc_t_nanosecond,75,100,69.481,-5.518997,0,1,2029029681,3,512,0,ok,
RUN_20260502_S7_L3_HIGH_75_100_S01_R02,S7_L3_HIGH_75_100,SER_20260502_S7_L3_HIGH_75_100_S01,HW_PLC,HW_PLC,1542,1542,1543,,,,393366000,plc_internal_rd_loc_t_nanosecond,75,100,73.735,-1.264999,0,1,1344068952,3,512,0,ok,
RUN_20260502_S7_L3_HIGH_75_100_S01_R02,S7_L3_HIGH_75_100,SER_20260502_S7_L3_HIGH_75_100_S01,HW_PLC,HW_PLC,1543,1543,1544,,,,469729000,plc_internal_rd_loc_t_nanosecond,75,100,76.363,1.362999,0,1,161040770,3,512,0,ok,
RUN_20260502_S7_L3_HIGH_75_100_S01_R02,S7_L3_HIGH_75_100,SER_20260502_S7_L3_HIGH_75_100_S01,HW_PLC,HW_PLC,1544,1544,1545,,,,538719000,plc_internal_rd_loc_t_nanosecond,75,100,68.99,-6.010002,0,1,629521838,3,512,0,ok,
RUN_20260502_S7_L3_HIGH_75_100_S01_R02,S7_L3_HIGH_75_100,SER_20260502_S7_L3_HIGH_75_100_S01,HW_PLC,HW_PLC,1545,1545,1546,,,,608720000,plc_internal_rd_loc_t_nanosecond,75,100,70.001,-4.999001,0,1,604129757,3,512,0,ok,
RUN_20260502_S7_L3_HIGH_75_100_S01_R02,S7_L3_HIGH_75_100,SER_20260502_S7_L3_HIGH_75_100_S01,HW_PLC,HW_PLC,1546,1546,1547,,,,682436000,plc_internal_rd_loc_t_nanosecond,75,100,73.716,-1.283997,0,1,86957583,3,512,0,ok,
RUN_20260502_S7_L3_HIGH_75_100_S01_R02,S7_L3_HIGH_75_100,SER_20260502_S7_L3_HIGH_75_100_S01,HW_PLC,HW_PLC,1547,1547,1548,,,,757558000,plc_internal_rd_loc_t_nanosecond,75,100,75.122,0.1220016,0,1,1227590211,3,512,0,ok,
RUN_20260502_S7_L3_HIGH_75_100_S01_R02,S7_L3_HIGH_75_100,SER_20260502_S7_L3_HIGH_75_100_S01,HW_PLC,HW_PLC,1548,1548,1549,,,,827821000,plc_internal_rd_loc_t_nanosecond,75,100,70.263,-4.737,0,1,1880637050,3,512,0,ok,
RUN_20260502_S7_L3_HIGH_75_100_S01_R02,S7_L3_HIGH_75_100,SER_20260502_S7_L3_HIGH_75_100_S01,HW_PLC,HW_PLC,1549,1549,1550,,,,904972000,plc_internal_rd_loc_t_nanosecond,75,100,77.151,2.151001,0,1,2048199348,3,512,0,ok,
RUN_20260502_S7_L3_HIGH_75_100_S01_R02,S7_L3_HIGH_75_100,SER_20260502_S7_L3_HIGH_75_100_S01,HW_PLC,HW_PLC,1550,1550,1551,,,,978650000,plc_internal_rd_loc_t_nanosecond,75,100,73.678,-1.321999,0,1,1732370161,3,512,0,ok,
RUN_20260502_S7_L3_HIGH_75_100_S01_R02,S7_L3_HIGH_75_100,SER_20260502_S7_L3_HIGH_75_100_S01,HW_PLC,HW_PLC,1551,1551,1552,,,,55940000,plc_internal_rd_loc_t_nanosecond,75,100,77.29,2.290001,0,1,935250737,3,512,0,ok,
RUN_20260502_S7_L3_HIGH_75_100_S01_R02,S7_L3_HIGH_75_100,SER_20260502_S7_L3_HIGH_75_100_S01,HW_PLC,HW_PLC,1552,1552,1553,,,,125203000,plc_internal_rd_loc_t_nanosecond,75,100,69.263,-5.737,0,1,1806417779,3,512,0,ok,
RUN_20260502_S7_L3_HIGH_75_100_S01_R02,S7_L3_HIGH_75_100,SER_20260502_S7_L3_HIGH_75_100_S01,HW_PLC,HW_PLC,1553,1553,1554,,,,198568000,plc_internal_rd_loc_t_nanosecond,75,100,73.365,-1.635002,0,1,53005241,3,512,0,ok,
RUN_20260502_S7_L3_HIGH_75_100_S01_R02,S7_L3_HIGH_75_100,SER_20260502_S7_L3_HIGH_75_100_S01,HW_PLC,HW_PLC,1554,1554,1555,,,,274859000,plc_internal_rd_loc_t_nanosecond,75,100,76.291,1.291,0,1,2119557120,3,512,0,ok,
RUN_20260502_S7_L3_HIGH_75_100_S01_R02,S7_L3_HIGH_75_100,SER_20260502_S7_L3_HIGH_75_100_S01,HW_PLC,HW_PLC,1555,1555,1556,,,,344760000,plc_internal_rd_loc_t_nanosecond,75,100,69.901,-5.098999,0,1,1565723723,3,512,0,ok,
RUN_20260502_S7_L3_HIGH_75_100_S01_R02,S7_L3_HIGH_75_100,SER_20260502_S7_L3_HIGH_75_100_S01,HW_PLC,HW_PLC,1556,1556,1557,,,,414369000,plc_internal_rd_loc_t_nanosecond,75,100,69.609,-5.390999,0,1,541081753,3,512,0,ok,
RUN_20260502_S7_L3_HIGH_75_100_S01_R02,S7_L3_HIGH_75_100,SER_20260502_S7_L3_HIGH_75_100_S01,HW_PLC,HW_PLC,1557,1557,1558,,,,487904000,plc_internal_rd_loc_t_nanosecond,75,100,73.535,-1.464996,0,1,1195216105,3,512,0,ok,
RUN_20260502_S7_L3_HIGH_75_100_S01_R02,S7_L3_HIGH_75_100,SER_20260502_S7_L3_HIGH_75_100_S01,HW_PLC,HW_PLC,1558,1558,1559,,,,565272000,plc_internal_rd_loc_t_nanosecond,75,100,77.368,2.367996,0,1,1382736188,3,512,0,ok,
RUN_20260502_S7_L3_HIGH_75_100_S01_R02,S7_L3_HIGH_75_100,SER_20260502_S7_L3_HIGH_75_100_S01,HW_PLC,HW_PLC,1559,1559,1560,,,,635195000,plc_internal_rd_loc_t_nanosecond,75,100,69.923,-5.077003,0,1,1105743250,3,512,0,ok,
RUN_20260502_S7_L3_HIGH_75_100_S01_R02,S7_L3_HIGH_75_100,SER_20260502_S7_L3_HIGH_75_100_S01,HW_PLC,HW_PLC,1560,1560,1561,,,,707771000,plc_internal_rd_loc_t_nanosecond,75,100,72.576,-2.424004,0,1,366330347,3,512,0,ok,
RUN_20260502_S7_L3_HIGH_75_100_S01_R02,S7_L3_HIGH_75_100,SER_20260502_S7_L3_HIGH_75_100_S01,HW_PLC,HW_PLC,1561,1561,1562,,,,783501000,plc_internal_rd_loc_t_nanosecond,75,100,75.73,0.7300034,0,1,1314082374,3,512,0,ok,
RUN_20260502_S7_L3_HIGH_75_100_S01_R02,S7_L3_HIGH_75_100,SER_20260502_S7_L3_HIGH_75_100_S01,HW_PLC,HW_PLC,1562,1562,1563,,,,860828000,plc_internal_rd_loc_t_nanosecond,75,100,77.327,2.327003,0,1,1803608740,3,512,0,ok,
RUN_20260502_S7_L3_HIGH_75_100_S01_R02,S7_L3_HIGH_75_100,SER_20260502_S7_L3_HIGH_75_100_S01,HW_PLC,HW_PLC,1563,1563,1564,,,,930269000,plc_internal_rd_loc_t_nanosecond,75,100,69.441,-5.558998,0,1,1837010693,3,512,0,ok,
RUN_20260502_S7_L3_HIGH_75_100_S01_R02,S7_L3_HIGH_75_100,SER_20260502_S7_L3_HIGH_75_100_S01,HW_PLC,HW_PLC,1564,1564,1565,,,,3499000,plc_internal_rd_loc_t_nanosecond,75,100,73.23,-1.769997,0,1,1416381289,3,512,0,ok,
RUN_20260502_S7_L3_HIGH_75_100_S01_R02,S7_L3_HIGH_75_100,SER_20260502_S7_L3_HIGH_75_100_S01,HW_PLC,HW_PLC,1565,1565,1566,,,,76201000,plc_internal_rd_loc_t_nanosecond,75,100,72.702,-2.297997,0,1,543821776,3,512,0,ok,
RUN_20260502_S7_L3_HIGH_75_100_S01_R02,S7_L3_HIGH_75_100,SER_20260502_S7_L3_HIGH_75_100_S01,HW_PLC,HW_PLC,1566,1566,1567,,,,149676000,plc_internal_rd_loc_t_nanosecond,75,100,73.475,-1.525002,0,1,1368908857,3,512,0,ok,
RUN_20260502_S7_L3_HIGH_75_100_S01_R02,S7_L3_HIGH_75_100,SER_20260502_S7_L3_HIGH_75_100_S01,HW_PLC,HW_PLC,1567,1567,1568,,,,219582000,plc_internal_rd_loc_t_nanosecond,75,100,69.906,-5.094002,0,1,1746260133,3,512,0,ok,
RUN_20260502_S7_L3_HIGH_75_100_S01_R02,S7_L3_HIGH_75_100,SER_20260502_S7_L3_HIGH_75_100_S01,HW_PLC,HW_PLC,1568,1568,1569,,,,294790000,plc_internal_rd_loc_t_nanosecond,75,100,75.208,0.2080002,0,1,1677968660,3,512,0,ok,
RUN_20260502_S7_L3_HIGH_75_100_S01_R02,S7_L3_HIGH_75_100,SER_20260502_S7_L3_HIGH_75_100_S01,HW_PLC,HW_PLC,1569,1569,1570,,,,372491000,plc_internal_rd_loc_t_nanosecond,75,100,77.701,2.700996,0,1,1166135686,3,512,0,ok,
RUN_20260502_S7_L3_HIGH_75_100_S01_R02,S7_L3_HIGH_75_100,SER_20260502_S7_L3_HIGH_75_100_S01,HW_PLC,HW_PLC,1570,1570,1571,,,,441392000,plc_internal_rd_loc_t_nanosecond,75,100,68.901,-6.098999,0,1,212854267,3,512,0,ok,
RUN_20260502_S7_L3_HIGH_75_100_S01_R02,S7_L3_HIGH_75_100,SER_20260502_S7_L3_HIGH_75_100_S01,HW_PLC,HW_PLC,1571,1571,1572,,,,514886000,plc_internal_rd_loc_t_nanosecond,75,100,73.494,-1.505997,0,1,967709298,3,512,0,ok,
RUN_20260502_S7_L3_HIGH_75_100_S01_R02,S7_L3_HIGH_75_100,SER_20260502_S7_L3_HIGH_75_100_S01,HW_PLC,HW_PLC,1572,1572,1573,,,,592209000,plc_internal_rd_loc_t_nanosecond,75,100,77.323,2.322998,0,1,1285310188,3,512,0,ok,
RUN_20260502_S7_L3_HIGH_75_100_S01_R02,S7_L3_HIGH_75_100,SER_20260502_S7_L3_HIGH_75_100_S01,HW_PLC,HW_PLC,1573,1573,1574,,,,661818000,plc_internal_rd_loc_t_nanosecond,75,100,69.609,-5.390999,0,1,1167758185,3,512,0,ok,
RUN_20260502_S7_L3_HIGH_75_100_S01_R02,S7_L3_HIGH_75_100,SER_20260502_S7_L3_HIGH_75_100_S01,HW_PLC,HW_PLC,1574,1574,1575,,,,741529000,plc_internal_rd_loc_t_nanosecond,75,100,79.711,4.710999,0,1,617146345,3,512,0,ok,
RUN_20260502_S7_L3_HIGH_75_100_S01_R02,S7_L3_HIGH_75_100,SER_20260502_S7_L3_HIGH_75_100_S01,HW_PLC,HW_PLC,1575,1575,1576,,,,818632000,plc_internal_rd_loc_t_nanosecond,75,100,77.103,2.102997,0,1,1783059563,3,512,0,ok,
RUN_20260502_S7_L3_HIGH_75_100_S01_R02,S7_L3_HIGH_75_100,SER_20260502_S7_L3_HIGH_75_100_S01,HW_PLC,HW_PLC,1576,1576,1577,,,,888454000,plc_internal_rd_loc_t_nanosecond,75,100,69.822,-5.178001,0,1,372623601,3,512,0,ok,
RUN_20260502_S7_L3_HIGH_75_100_S01_R02,S7_L3_HIGH_75_100,SER_20260502_S7_L3_HIGH_75_100_S01,HW_PLC,HW_PLC,1577,1577,1578,,,,962140000,plc_internal_rd_loc_t_nanosecond,75,100,73.686,-1.314003,0,1,682907001,3,512,0,ok,
RUN_20260502_S7_L3_HIGH_75_100_S01_R02,S7_L3_HIGH_75_100,SER_20260502_S7_L3_HIGH_75_100_S01,HW_PLC,HW_PLC,1578,1578,1579,,,,38484000,plc_internal_rd_loc_t_nanosecond,75,100,76.344,1.344002,0,1,568519172,3,512,0,ok,
RUN_20260502_S7_L3_HIGH_75_100_S01_R02,S7_L3_HIGH_75_100,SER_20260502_S7_L3_HIGH_75_100_S01,HW_PLC,HW_PLC,1579,1579,1580,,,,108375000,plc_internal_rd_loc_t_nanosecond,75,100,69.891,-5.109001,0,1,31561362,3,512,0,ok,
RUN_20260502_S7_L3_HIGH_75_100_S01_R02,S7_L3_HIGH_75_100,SER_20260502_S7_L3_HIGH_75_100_S01,HW_PLC,HW_PLC,1580,1580,1581,,,,178372000,plc_internal_rd_loc_t_nanosecond,75,100,69.997,-5.002998,0,1,1221610274,3,512,0,ok,
RUN_20260502_S7_L3_HIGH_75_100_S01_R02,S7_L3_HIGH_75_100,SER_20260502_S7_L3_HIGH_75_100_S01,HW_PLC,HW_PLC,1581,1581,1582,,,,251482000,plc_internal_rd_loc_t_nanosecond,75,100,73.11,-1.889999,0,1,1993283509,3,512,0,ok,
RUN_20260502_S7_L3_HIGH_75_100_S01_R02,S7_L3_HIGH_75_100,SER_20260502_S7_L3_HIGH_75_100_S01,HW_PLC,HW_PLC,1582,1582,1583,,,,328262000,plc_internal_rd_loc_t_nanosecond,75,100,76.78,1.779999,0,1,201190476,3,512,0,ok,
RUN_20260502_S7_L3_HIGH_75_100_S01_R02,S7_L3_HIGH_75_100,SER_20260502_S7_L3_HIGH_75_100_S01,HW_PLC,HW_PLC,1583,1583,1584,,,,398953000,plc_internal_rd_loc_t_nanosecond,75,100,70.691,-4.308998,0,1,142399717,3,512,0,ok,
RUN_20260502_S7_L3_HIGH_75_100_S01_R02,S7_L3_HIGH_75_100,SER_20260502_S7_L3_HIGH_75_100_S01,HW_PLC,HW_PLC,1584,1584,1585,,,,471935000,plc_internal_rd_loc_t_nanosecond,75,100,72.982,-2.017998,0,1,1819004288,3,512,0,ok,
RUN_20260502_S7_L3_HIGH_75_100_S01_R02,S7_L3_HIGH_75_100,SER_20260502_S7_L3_HIGH_75_100_S01,HW_PLC,HW_PLC,1585,1585,1586,,,,544982000,plc_internal_rd_loc_t_nanosecond,75,100,73.047,-1.953003,0,1,938138143,3,512,0,ok,
RUN_20260502_S7_L3_HIGH_75_100_S01_R02,S7_L3_HIGH_75_100,SER_20260502_S7_L3_HIGH_75_100_S01,HW_PLC,HW_PLC,1586,1586,1587,,,,624192000,plc_internal_rd_loc_t_nanosecond,75,100,79.21,4.209999,0,1,1796861632,3,512,0,ok,
RUN_20260502_S7_L3_HIGH_75_100_S01_R02,S7_L3_HIGH_75_100,SER_20260502_S7_L3_HIGH_75_100_S01,HW_PLC,HW_PLC,1587,1587,1588,,,,693763000,plc_internal_rd_loc_t_nanosecond,75,100,69.571,-5.429001,0,1,102308709,3,512,0,ok,
RUN_20260502_S7_L3_HIGH_75_100_S01_R02,S7_L3_HIGH_75_100,SER_20260502_S7_L3_HIGH_75_100_S01,HW_PLC,HW_PLC,1588,1588,1589,,,,766883000,plc_internal_rd_loc_t_nanosecond,75,100,73.12,-1.879997,0,1,151539724,3,512,0,ok,
RUN_20260502_S7_L3_HIGH_75_100_S01_R02,S7_L3_HIGH_75_100,SER_20260502_S7_L3_HIGH_75_100_S01,HW_PLC,HW_PLC,1589,1589,1590,,,,844197000,plc_internal_rd_loc_t_nanosecond,75,100,77.314,2.314003,0,1,1946655925,3,512,0,ok,
RUN_20260502_S7_L3_HIGH_75_100_S01_R02,S7_L3_HIGH_75_100,SER_20260502_S7_L3_HIGH_75_100_S01,HW_PLC,HW_PLC,1590,1590,1591,,,,913562000,plc_internal_rd_loc_t_nanosecond,75,100,69.365,-5.635002,0,1,1194783074,3,512,0,ok,
RUN_20260502_S7_L3_HIGH_75_100_S01_R02,S7_L3_HIGH_75_100,SER_20260502_S7_L3_HIGH_75_100_S01,HW_PLC,HW_PLC,1591,1591,1592,,,,987327000,plc_internal_rd_loc_t_nanosecond,75,100,73.765,-1.235001,0,1,45506066,3,512,0,ok,
RUN_20260502_S7_L3_HIGH_75_100_S01_R02,S7_L3_HIGH_75_100,SER_20260502_S7_L3_HIGH_75_100_S01,HW_PLC,HW_PLC,1592,1592,1593,,,,62735000,plc_internal_rd_loc_t_nanosecond,75,100,75.408,0.4079971,0,1,648401604,3,512,0,ok,
RUN_20260502_S7_L3_HIGH_75_100_S01_R02,S7_L3_HIGH_75_100,SER_20260502_S7_L3_HIGH_75_100_S01,HW_PLC,HW_PLC,1593,1593,1594,,,,132958000,plc_internal_rd_loc_t_nanosecond,75,100,70.223,-4.777,0,1,858087289,3,512,0,ok,
RUN_20260502_S7_L3_HIGH_75_100_S01_R02,S7_L3_HIGH_75_100,SER_20260502_S7_L3_HIGH_75_100_S01,HW_PLC,HW_PLC,1594,1594,1595,,,,202975000,plc_internal_rd_loc_t_nanosecond,75,100,70.017,-4.983002,0,1,676656177,3,512,0,ok,
RUN_20260502_S7_L3_HIGH_75_100_S01_R02,S7_L3_HIGH_75_100,SER_20260502_S7_L3_HIGH_75_100_S01,HW_PLC,HW_PLC,1595,1595,1596,,,,276634000,plc_internal_rd_loc_t_nanosecond,75,100,73.659,-1.341003,0,1,106209516,3,512,0,ok,
RUN_20260502_S7_L3_HIGH_75_100_S01_R02,S7_L3_HIGH_75_100,SER_20260502_S7_L3_HIGH_75_100_S01,HW_PLC,HW_PLC,1596,1596,1597,,,,352793000,plc_internal_rd_loc_t_nanosecond,75,100,76.159,1.158997,0,1,1296324009,3,512,0,ok,
RUN_20260502_S7_L3_HIGH_75_100_S01_R02,S7_L3_HIGH_75_100,SER_20260502_S7_L3_HIGH_75_100_S01,HW_PLC,HW_PLC,1597,1597,1598,,,,422877000,plc_internal_rd_loc_t_nanosecond,75,100,70.084,-4.916,0,1,2101617257,3,512,0,ok,
RUN_20260502_S7_L3_HIGH_75_100_S01_R02,S7_L3_HIGH_75_100,SER_20260502_S7_L3_HIGH_75_100_S01,HW_PLC,HW_PLC,1598,1598,1599,,,,499702000,plc_internal_rd_loc_t_nanosecond,75,100,76.825,1.824997,0,1,376698669,3,512,0,ok,
RUN_20260502_S7_L3_HIGH_75_100_S01_R02,S7_L3_HIGH_75_100,SER_20260502_S7_L3_HIGH_75_100_S01,HW_PLC,HW_PLC,1599,1599,1600,,,,573362000,plc_internal_rd_loc_t_nanosecond,75,100,73.66,-1.339996,0,0,418636787,3,512,0,ok,
RUN_20260502_S7_L3_HIGH_75_100_S01_R02,S7_L3_HIGH_75_100,SER_20260502_S7_L3_HIGH_75_100_S01,HW_PLC,HW_PLC,1600,1600,1601,,,,650298000,plc_internal_rd_loc_t_nanosecond,75,100,76.936,1.935997,0,0,82041020,3,512,0,ok,
RUN_20260502_S7_L3_HIGH_75_100_S01_R02,S7_L3_HIGH_75_100,SER_20260502_S7_L3_HIGH_75_100_S01,HW_PLC,HW_PLC,1601,1601,1602,,,,720183000,plc_internal_rd_loc_t_nanosecond,75,100,69.885,-5.114998,0,0,1516496263,3,512,0,ok,
RUN_20260502_S7_L3_HIGH_75_100_S01_R02,S7_L3_HIGH_75_100,SER_20260502_S7_L3_HIGH_75_100_S01,HW_PLC,HW_PLC,1602,1602,1603,,,,793232000,plc_internal_rd_loc_t_nanosecond,75,100,73.049,-1.950996,0,0,429128278,3,512,0,ok,
RUN_20260502_S7_L3_HIGH_75_100_S01_R02,S7_L3_HIGH_75_100,SER_20260502_S7_L3_HIGH_75_100_S01,HW_PLC,HW_PLC,1603,1603,1604,,,,868482000,plc_internal_rd_loc_t_nanosecond,75,100,75.25,0.25,0,0,1117005607,3,512,0,ok,
RUN_20260502_S7_L3_HIGH_75_100_S01_R02,S7_L3_HIGH_75_100,SER_20260502_S7_L3_HIGH_75_100_S01,HW_PLC,HW_PLC,1604,1604,1605,,,,939202000,plc_internal_rd_loc_t_nanosecond,75,100,70.72,-4.279999,0,0,1434737659,3,512,0,ok,
RUN_20260502_S7_L3_HIGH_75_100_S01_R02,S7_L3_HIGH_75_100,SER_20260502_S7_L3_HIGH_75_100_S01,HW_PLC,HW_PLC,1605,1605,1606,,,,9550000,plc_internal_rd_loc_t_nanosecond,75,100,70.348,-4.652,0,0,1384425682,3,512,0,ok,
RUN_20260502_S7_L3_HIGH_75_100_S01_R02,S7_L3_HIGH_75_100,SER_20260502_S7_L3_HIGH_75_100_S01,HW_PLC,HW_PLC,1606,1606,1607,,,,83237000,plc_internal_rd_loc_t_nanosecond,75,100,73.687,-1.313004,0,0,968162732,3,512,0,ok,
RUN_20260502_S7_L3_HIGH_75_100_S01_R02,S7_L3_HIGH_75_100,SER_20260502_S7_L3_HIGH_75_100_S01,HW_PLC,HW_PLC,1607,1607,1608,,,,157780000,plc_internal_rd_loc_t_nanosecond,75,100,74.543,-0.4570007,0,0,188050057,3,512,0,ok,
RUN_20260502_S7_L3_HIGH_75_100_S01_R02,S7_L3_HIGH_75_100,SER_20260502_S7_L3_HIGH_75_100_S01,HW_PLC,HW_PLC,1608,1608,1609,,,,228709000,plc_internal_rd_loc_t_nanosecond,75,100,70.929,-4.070999,0,0,1193664360,3,512,0,ok,
RUN_20260502_S7_L3_HIGH_75_100_S01_R02,S7_L3_HIGH_75_100,SER_20260502_S7_L3_HIGH_75_100_S01,HW_PLC,HW_PLC,1609,1609,1610,,,,299212000,plc_internal_rd_loc_t_nanosecond,75,100,70.503,-4.497002,0,0,1839623242,3,512,0,ok,
RUN_20260502_S7_L3_HIGH_75_100_S01_R02,S7_L3_HIGH_75_100,SER_20260502_S7_L3_HIGH_75_100_S01,HW_PLC,HW_PLC,1610,1610,1611,,,,376677000,plc_internal_rd_loc_t_nanosecond,75,100,77.465,2.464996,0,0,2128019759,3,512,0,ok,
RUN_20260502_S7_L3_HIGH_75_100_S01_R02,S7_L3_HIGH_75_100,SER_20260502_S7_L3_HIGH_75_100_S01,HW_PLC,HW_PLC,1611,1611,1612,,,,456376000,plc_internal_rd_loc_t_nanosecond,75,100,79.699,4.698997,0,0,2060955159,3,512,0,ok,
RUN_20260502_S7_L3_HIGH_75_100_S01_R02,S7_L3_HIGH_75_100,SER_20260502_S7_L3_HIGH_75_100_S01,HW_PLC,HW_PLC,1612,1612,1613,,,,525669000,plc_internal_rd_loc_t_nanosecond,75,100,69.293,-5.707001,0,0,1640522498,3,512,0,ok,
RUN_20260502_S7_L3_HIGH_75_100_S01_R02,S7_L3_HIGH_75_100,SER_20260502_S7_L3_HIGH_75_100_S01,HW_PLC,HW_PLC,1613,1613,1614,,,,599256000,plc_internal_rd_loc_t_nanosecond,75,100,73.587,-1.413002,0,0,868823024,3,512,0,ok,
RUN_20260502_S7_L3_HIGH_75_100_S01_R02,S7_L3_HIGH_75_100,SER_20260502_S7_L3_HIGH_75_100_S01,HW_PLC,HW_PLC,1614,1614,1615,,,,675926000,plc_internal_rd_loc_t_nanosecond,75,100,76.67,1.669998,0,0,1895433440,3,512,0,ok,
RUN_20260502_S7_L3_HIGH_75_100_S01_R02,S7_L3_HIGH_75_100,SER_20260502_S7_L3_HIGH_75_100_S01,HW_PLC,HW_PLC,1615,1615,1616,,,,746466000,plc_internal_rd_loc_t_nanosecond,75,100,70.54,-4.459999,0,0,427487700,3,512,0,ok,
RUN_20260502_S7_L3_HIGH_75_100_S01_R02,S7_L3_HIGH_75_100,SER_20260502_S7_L3_HIGH_75_100_S01,HW_PLC,HW_PLC,1616,1616,1617,,,,819241000,plc_internal_rd_loc_t_nanosecond,75,100,72.775,-2.224998,0,0,762046154,3,512,0,ok,
RUN_20260502_S7_L3_HIGH_75_100_S01_R02,S7_L3_HIGH_75_100,SER_20260502_S7_L3_HIGH_75_100_S01,HW_PLC,HW_PLC,1617,1617,1618,,,,894214000,plc_internal_rd_loc_t_nanosecond,75,100,74.973,-0.02700043,0,0,753726403,3,512,0,ok,
RUN_20260502_S7_L3_HIGH_75_100_S01_R02,S7_L3_HIGH_75_100,SER_20260502_S7_L3_HIGH_75_100_S01,HW_PLC,HW_PLC,1618,1618,1619,,,,964864000,plc_internal_rd_loc_t_nanosecond,75,100,70.65,-4.349998,0,0,404621503,3,512,0,ok,
RUN_20260502_S7_L3_HIGH_75_100_S01_R02,S7_L3_HIGH_75_100,SER_20260502_S7_L3_HIGH_75_100_S01,HW_PLC,HW_PLC,1619,1619,1620,,,,34524000,plc_internal_rd_loc_t_nanosecond,75,100,69.66,-5.339996,0,0,1864316349,3,512,0,ok,
RUN_20260502_S7_L3_HIGH_75_100_S01_R02,S7_L3_HIGH_75_100,SER_20260502_S7_L3_HIGH_75_100_S01,HW_PLC,HW_PLC,1620,1620,1621,,,,107987000,plc_internal_rd_loc_t_nanosecond,75,100,73.463,-1.537003,0,0,839936703,3,512,0,ok,
RUN_20260502_S7_L3_HIGH_75_100_S01_R02,S7_L3_HIGH_75_100,SER_20260502_S7_L3_HIGH_75_100_S01,HW_PLC,HW_PLC,1621,1621,1622,,,,182339000,plc_internal_rd_loc_t_nanosecond,75,100,74.352,-0.6480026,0,0,1628551107,3,512,0,ok,
RUN_20260502_S7_L3_HIGH_75_100_S01_R02,S7_L3_HIGH_75_100,SER_20260502_S7_L3_HIGH_75_100_S01,HW_PLC,HW_PLC,1622,1622,1623,,,,253959000,plc_internal_rd_loc_t_nanosecond,75,100,71.62,-3.379997,0,0,2084768970,3,512,0,ok,
RUN_20260502_S7_L3_HIGH_75_100_S01_R02,S7_L3_HIGH_75_100,SER_20260502_S7_L3_HIGH_75_100_S01,HW_PLC,HW_PLC,1623,1623,1624,,,,330879000,plc_internal_rd_loc_t_nanosecond,75,100,76.92,1.919998,0,0,63207893,3,512,0,ok,
RUN_20260502_S7_L3_HIGH_75_100_S01_R02,S7_L3_HIGH_75_100,SER_20260502_S7_L3_HIGH_75_100_S01,HW_PLC,HW_PLC,1624,1624,1625,,,,403815000,plc_internal_rd_loc_t_nanosecond,75,100,72.936,-2.064003,0,0,2008411873,3,512,0,ok,
RUN_20260502_S7_L3_HIGH_75_100_S01_R02,S7_L3_HIGH_75_100,SER_20260502_S7_L3_HIGH_75_100_S01,HW_PLC,HW_PLC,1625,1625,1626,,,,480943000,plc_internal_rd_loc_t_nanosecond,75,100,77.128,2.127998,0,0,1480031217,3,512,0,ok,
RUN_20260502_S7_L3_HIGH_75_100_S01_R02,S7_L3_HIGH_75_100,SER_20260502_S7_L3_HIGH_75_100_S01,HW_PLC,HW_PLC,1626,1626,1627,,,,550394000,plc_internal_rd_loc_t_nanosecond,75,100,69.451,-5.549004,0,0,627642628,3,512,0,ok,
RUN_20260502_S7_L3_HIGH_75_100_S01_R02,S7_L3_HIGH_75_100,SER_20260502_S7_L3_HIGH_75_100_S01,HW_PLC,HW_PLC,1627,1627,1628,,,,623459000,plc_internal_rd_loc_t_nanosecond,75,100,73.065,-1.934998,0,0,1600831001,3,512,0,ok,
RUN_20260502_S7_L3_HIGH_75_100_S01_R02,S7_L3_HIGH_75_100,SER_20260502_S7_L3_HIGH_75_100_S01,HW_PLC,HW_PLC,1628,1628,1629,,,,699207000,plc_internal_rd_loc_t_nanosecond,75,100,75.748,0.7480011,0,0,106722098,3,512,0,ok,
RUN_20260502_S7_L3_HIGH_75_100_S01_R02,S7_L3_HIGH_75_100,SER_20260502_S7_L3_HIGH_75_100_S01,HW_PLC,HW_PLC,1629,1629,1630,,,,769144000,plc_internal_rd_loc_t_nanosecond,75,100,69.937,-5.063004,0,0,442384461,3,512,0,ok,
RUN_20260502_S7_L3_HIGH_75_100_S01_R02,S7_L3_HIGH_75_100,SER_20260502_S7_L3_HIGH_75_100_S01,HW_PLC,HW_PLC,1630,1630,1631,,,,838809000,plc_internal_rd_loc_t_nanosecond,75,100,69.665,-5.334999,0,0,462427499,3,512,0,ok,
RUN_20260502_S7_L3_HIGH_75_100_S01_R02,S7_L3_HIGH_75_100,SER_20260502_S7_L3_HIGH_75_100_S01,HW_PLC,HW_PLC,1631,1631,1632,,,,912174000,plc_internal_rd_loc_t_nanosecond,75,100,73.365,-1.635002,0,0,168952460,3,512,0,ok,
RUN_20260502_S7_L3_HIGH_75_100_S01_R02,S7_L3_HIGH_75_100,SER_20260502_S7_L3_HIGH_75_100_S01,HW_PLC,HW_PLC,1632,1632,1633,,,,989431000,plc_internal_rd_loc_t_nanosecond,75,100,77.257,2.257004,0,0,1711536047,3,512,0,ok,
RUN_20260502_S7_L3_HIGH_75_100_S01_R02,S7_L3_HIGH_75_100,SER_20260502_S7_L3_HIGH_75_100_S01,HW_PLC,HW_PLC,1633,1633,1634,,,,59897000,plc_internal_rd_loc_t_nanosecond,75,100,70.466,-4.533997,0,0,797312214,3,512,0,ok,
RUN_20260502_S7_L3_HIGH_75_100_S01_R02,S7_L3_HIGH_75_100,SER_20260502_S7_L3_HIGH_75_100_S01,HW_PLC,HW_PLC,1634,1634,1635,,,,132582000,plc_internal_rd_loc_t_nanosecond,75,100,72.685,-2.315002,0,0,1723341311,3,512,0,ok,
RUN_20260502_S7_L3_HIGH_75_100_S01_R02,S7_L3_HIGH_75_100,SER_20260502_S7_L3_HIGH_75_100_S01,HW_PLC,HW_PLC,1635,1635,1636,,,,216872000,plc_internal_rd_loc_t_nanosecond,75,100,84.29,9.290001,0,0,196757292,3,512,0,ok,
RUN_20260502_S7_L3_HIGH_75_100_S01_R02,S7_L3_HIGH_75_100,SER_20260502_S7_L3_HIGH_75_100_S01,HW_PLC,HW_PLC,1636,1636,1637,,,,289195000,plc_internal_rd_loc_t_nanosecond,75,100,72.323,-2.677002,0,0,514620507,3,512,0,ok,
RUN_20260502_S7_L3_HIGH_75_100_S01_R02,S7_L3_HIGH_75_100,SER_20260502_S7_L3_HIGH_75_100_S01,HW_PLC,HW_PLC,1637,1637,1638,,,,362605000,plc_internal_rd_loc_t_nanosecond,75,100,73.41,-1.589996,0,0,531548557,3,512,0,ok,
RUN_20260502_S7_L3_HIGH_75_100_S01_R02,S7_L3_HIGH_75_100,SER_20260502_S7_L3_HIGH_75_100_S01,HW_PLC,HW_PLC,1638,1638,1639,,,,436741000,plc_internal_rd_loc_t_nanosecond,75,100,74.136,-0.8639984,0,0,249634498,3,512,0,ok,
RUN_20260502_S7_L3_HIGH_75_100_S01_R02,S7_L3_HIGH_75_100,SER_20260502_S7_L3_HIGH_75_100_S01,HW_PLC,HW_PLC,1639,1639,1640,,,,508359000,plc_internal_rd_loc_t_nanosecond,75,100,71.618,-3.382004,0,0,1818463225,3,512,0,ok,
RUN_20260502_S7_L3_HIGH_75_100_S01_R02,S7_L3_HIGH_75_100,SER_20260502_S7_L3_HIGH_75_100_S01,HW_PLC,HW_PLC,1640,1640,1641,,,,578408000,plc_internal_rd_loc_t_nanosecond,75,100,70.049,-4.950996,0,0,945160500,3,512,0,ok,
RUN_20260502_S7_L3_HIGH_75_100_S01_R02,S7_L3_HIGH_75_100,SER_20260502_S7_L3_HIGH_75_100_S01,HW_PLC,HW_PLC,1641,1641,1642,,,,651563000,plc_internal_rd_loc_t_nanosecond,75,100,73.155,-1.845001,0,0,1926794865,3,512,0,ok,
RUN_20260502_S7_L3_HIGH_75_100_S01_R02,S7_L3_HIGH_75_100,SER_20260502_S7_L3_HIGH_75_100_S01,HW_PLC,HW_PLC,1642,1642,1643,,,,728320000,plc_internal_rd_loc_t_nanosecond,75,100,76.757,1.757004,0,0,470492082,3,512,0,ok,
RUN_20260502_S7_L3_HIGH_75_100_S01_R02,S7_L3_HIGH_75_100,SER_20260502_S7_L3_HIGH_75_100_S01,HW_PLC,HW_PLC,1643,1643,1644,,,,797830000,plc_internal_rd_loc_t_nanosecond,75,100,69.51,-5.489998,0,0,873320693,3,512,0,ok,
RUN_20260502_S7_L3_HIGH_75_100_S01_R02,S7_L3_HIGH_75_100,SER_20260502_S7_L3_HIGH_75_100_S01,HW_PLC,HW_PLC,1644,1644,1645,,,,871441000,plc_internal_rd_loc_t_nanosecond,75,100,73.611,-1.389,0,0,989890107,3,512,0,ok,
RUN_20260502_S7_L3_HIGH_75_100_S01_R02,S7_L3_HIGH_75_100,SER_20260502_S7_L3_HIGH_75_100_S01,HW_PLC,HW_PLC,1645,1645,1646,,,,948648000,plc_internal_rd_loc_t_nanosecond,75,100,77.207,2.207001,0,0,822301572,3,512,0,ok,
RUN_20260502_S7_L3_HIGH_75_100_S01_R02,S7_L3_HIGH_75_100,SER_20260502_S7_L3_HIGH_75_100_S01,HW_PLC,HW_PLC,1646,1646,1647,,,,18225000,plc_internal_rd_loc_t_nanosecond,75,100,69.577,-5.422997,0,0,372648144,3,512,0,ok,
RUN_20260502_S7_L3_HIGH_75_100_S01_R02,S7_L3_HIGH_75_100,SER_20260502_S7_L3_HIGH_75_100_S01,HW_PLC,HW_PLC,1647,1647,1648,,,,98591000,plc_internal_rd_loc_t_nanosecond,75,100,80.366,5.365997,0,0,1790514718,3,512,0,ok,
RUN_20260502_S7_L3_HIGH_75_100_S01_R02,S7_L3_HIGH_75_100,SER_20260502_S7_L3_HIGH_75_100_S01,HW_PLC,HW_PLC,1648,1648,1649,,,,175765000,plc_internal_rd_loc_t_nanosecond,75,100,77.174,2.174004,0,0,783027056,3,512,0,ok,
RUN_20260502_S7_L3_HIGH_75_100_S01_R02,S7_L3_HIGH_75_100,SER_20260502_S7_L3_HIGH_75_100_S01,HW_PLC,HW_PLC,1649,1649,1650,,,,244968000,plc_internal_rd_loc_t_nanosecond,75,100,69.203,-5.796997,0,0,1647253700,3,512,0,ok,
RUN_20260502_S7_L3_HIGH_75_100_S01_R02,S7_L3_HIGH_75_100,SER_20260502_S7_L3_HIGH_75_100_S01,HW_PLC,HW_PLC,1650,1650,1651,,,,318410000,plc_internal_rd_loc_t_nanosecond,75,100,73.442,-1.557999,0,0,90320412,3,512,0,ok,
RUN_20260502_S7_L3_HIGH_75_100_S01_R02,S7_L3_HIGH_75_100,SER_20260502_S7_L3_HIGH_75_100_S01,HW_PLC,HW_PLC,1651,1651,1652,,,,389944000,plc_internal_rd_loc_t_nanosecond,75,100,71.534,-3.466003,0,0,409295734,3,512,0,ok,
RUN_20260502_S7_L3_HIGH_75_100_S01_R02,S7_L3_HIGH_75_100,SER_20260502_S7_L3_HIGH_75_100_S01,HW_PLC,HW_PLC,1652,1652,1653,,,,464844000,plc_internal_rd_loc_t_nanosecond,75,100,74.9,-0.09999847,0,0,458789075,3,512,0,ok,
RUN_20260502_S7_L3_HIGH_75_100_S01_R02,S7_L3_HIGH_75_100,SER_20260502_S7_L3_HIGH_75_100_S01,HW_PLC,HW_PLC,1653,1653,1654,,,,534244000,plc_internal_rd_loc_t_nanosecond,75,100,69.4,-5.599998,0,0,240901683,3,512,0,ok,
RUN_20260502_S7_L3_HIGH_75_100_S01_R02,S7_L3_HIGH_75_100,SER_20260502_S7_L3_HIGH_75_100_S01,HW_PLC,HW_PLC,1654,1654,1655,,,,607485000,plc_internal_rd_loc_t_nanosecond,75,100,73.241,-1.759003,0,0,1905210261,3,512,0,ok,
RUN_20260502_S7_L3_HIGH_75_100_S01_R02,S7_L3_HIGH_75_100,SER_20260502_S7_L3_HIGH_75_100_S01,HW_PLC,HW_PLC,1655,1655,1656,,,,684752000,plc_internal_rd_loc_t_nanosecond,75,100,77.267,2.266998,0,0,1158848763,3,512,0,ok,
RUN_20260502_S7_L3_HIGH_75_100_S01_R02,S7_L3_HIGH_75_100,SER_20260502_S7_L3_HIGH_75_100_S01,HW_PLC,HW_PLC,1656,1656,1657,,,,754626000,plc_internal_rd_loc_t_nanosecond,75,100,69.874,-5.125999,0,0,151393892,3,512,0,ok,
RUN_20260502_S7_L3_HIGH_75_100_S01_R02,S7_L3_HIGH_75_100,SER_20260502_S7_L3_HIGH_75_100_S01,HW_PLC,HW_PLC,1657,1657,1658,,,,827390000,plc_internal_rd_loc_t_nanosecond,75,100,72.764,-2.236,0,0,1032430543,3,512,0,ok,
RUN_20260502_S7_L3_HIGH_75_100_S01_R02,S7_L3_HIGH_75_100,SER_20260502_S7_L3_HIGH_75_100_S01,HW_PLC,HW_PLC,1658,1658,1659,,,,904537000,plc_internal_rd_loc_t_nanosecond,75,100,77.147,2.147003,0,0,1656568125,3,512,0,ok,
RUN_20260502_S7_L3_HIGH_75_100_S01_R02,S7_L3_HIGH_75_100,SER_20260502_S7_L3_HIGH_75_100_S01,HW_PLC,HW_PLC,1659,1659,1660,,,,978211000,plc_internal_rd_loc_t_nanosecond,75,100,73.674,-1.325996,0,0,2025907886,3,512,0,ok,
RUN_20260502_S7_L3_HIGH_75_100_S01_R02,S7_L3_HIGH_75_100,SER_20260502_S7_L3_HIGH_75_100_S01,HW_PLC,HW_PLC,1660,1660,1661,,,,54627000,plc_internal_rd_loc_t_nanosecond,75,100,76.416,1.416,0,0,2142542882,3,512,0,ok,
RUN_20260502_S7_L3_HIGH_75_100_S01_R02,S7_L3_HIGH_75_100,SER_20260502_S7_L3_HIGH_75_100_S01,HW_PLC,HW_PLC,1661,1661,1662,,,,126344000,plc_internal_rd_loc_t_nanosecond,75,100,71.717,-3.282997,0,0,2008574361,3,512,0,ok,
RUN_20260502_S7_L3_HIGH_75_100_S01_R02,S7_L3_HIGH_75_100,SER_20260502_S7_L3_HIGH_75_100_S01,HW_PLC,HW_PLC,1662,1662,1663,,,,199968000,plc_internal_rd_loc_t_nanosecond,75,100,73.624,-1.375999,0,0,1626095379,3,512,0,ok,
RUN_20260502_S7_L3_HIGH_75_100_S01_R02,S7_L3_HIGH_75_100,SER_20260502_S7_L3_HIGH_75_100_S01,HW_PLC,HW_PLC,1663,1663,1664,,,,269430000,plc_internal_rd_loc_t_nanosecond,75,100,69.462,-5.538002,0,0,997207184,3,512,0,ok,
RUN_20260502_S7_L3_HIGH_75_100_S01_R02,S7_L3_HIGH_75_100,SER_20260502_S7_L3_HIGH_75_100_S01,HW_PLC,HW_PLC,1664,1664,1665,,,,343626000,plc_internal_rd_loc_t_nanosecond,75,100,74.196,-0.8040009,0,0,124002832,3,512,0,ok,
RUN_20260502_S7_L3_HIGH_75_100_S01_R02,S7_L3_HIGH_75_100,SER_20260502_S7_L3_HIGH_75_100_S01,HW_PLC,HW_PLC,1665,1665,1666,,,,420588000,plc_internal_rd_loc_t_nanosecond,75,100,76.962,1.961998,0,0,1156067218,3,512,0,ok,
RUN_20260502_S7_L3_HIGH_75_100_S01_R02,S7_L3_HIGH_75_100,SER_20260502_S7_L3_HIGH_75_100_S01,HW_PLC,HW_PLC,1666,1666,1667,,,,490353000,plc_internal_rd_loc_t_nanosecond,75,100,69.765,-5.235001,0,0,1948009751,3,512,0,ok,
RUN_20260502_S7_L3_HIGH_75_100_S01_R02,S7_L3_HIGH_75_100,SER_20260502_S7_L3_HIGH_75_100_S01,HW_PLC,HW_PLC,1667,1667,1668,,,,563530000,plc_internal_rd_loc_t_nanosecond,75,100,73.177,-1.822998,0,0,354448032,3,512,0,ok,
RUN_20260502_S7_L3_HIGH_75_100_S01_R02,S7_L3_HIGH_75_100,SER_20260502_S7_L3_HIGH_75_100_S01,HW_PLC,HW_PLC,1668,1668,1669,,,,631948000,plc_internal_rd_loc_t_nanosecond,75,100,68.418,-6.582001,0,0,672442411,3,512,0,ok,
RUN_20260502_S7_L3_HIGH_75_100_S01_R02,S7_L3_HIGH_75_100,SER_20260502_S7_L3_HIGH_75_100_S01,HW_PLC,HW_PLC,1669,1669,1670,,,,701381000,plc_internal_rd_loc_t_nanosecond,75,100,69.433,-5.567001,0,0,756610489,3,512,0,ok,
RUN_20260502_S7_L3_HIGH_75_100_S01_R02,S7_L3_HIGH_75_100,SER_20260502_S7_L3_HIGH_75_100_S01,HW_PLC,HW_PLC,1670,1670,1671,,,,769880000,plc_internal_rd_loc_t_nanosecond,75,100,68.499,-6.500999,0,0,609045322,3,512,0,ok,
RUN_20260502_S7_L3_HIGH_75_100_S01_R02,S7_L3_HIGH_75_100,SER_20260502_S7_L3_HIGH_75_100_S01,HW_PLC,HW_PLC,1671,1671,1672,,,,839253000,plc_internal_rd_loc_t_nanosecond,75,100,69.373,-5.626999,0,0,231848158,3,512,0,ok,
RUN_20260502_S7_L3_HIGH_75_100_S01_R02,S7_L3_HIGH_75_100,SER_20260502_S7_L3_HIGH_75_100_S01,HW_PLC,HW_PLC,1672,1672,1673,,,,926894000,plc_internal_rd_loc_t_nanosecond,75,100,87.641,12.641,0,0,1774595700,3,512,0,ok,
