run_id,mode_id,series_id,object,node_id,sample_index,cycle_index,cycle_counter,ts_observe,ts_start,ts_end,timestamp_tick_ns,timestamp_source,t0_ms,deadline_threshold_ms,Tper,Jper,deadline_miss,heartbeat,workload_accumulator,load_level,load_passes,error_flag,quality_flag,notes
RUN_20260502_S7_L3_HIGH_75_100_S01_R04,S7_L3_HIGH_75_100,SER_20260502_S7_L3_HIGH_75_100_S01,HW_PLC,HW_PLC,49,49,50,,,,442431000,plc_internal_rd_loc_t_nanosecond,75,100,69.18,-5.82,0,0,1840295657,3,512,0,ok,
RUN_20260502_S7_L3_HIGH_75_100_S01_R04,S7_L3_HIGH_75_100,SER_20260502_S7_L3_HIGH_75_100_S01,HW_PLC,HW_PLC,50,50,51,,,,518952000,plc_internal_rd_loc_t_nanosecond,75,100,76.521,1.521004,0,0,545240878,3,512,0,ok,
RUN_20260502_S7_L3_HIGH_75_100_S01_R04,S7_L3_HIGH_75_100,SER_20260502_S7_L3_HIGH_75_100_S01,HW_PLC,HW_PLC,51,51,52,,,,591449000,plc_internal_rd_loc_t_nanosecond,75,100,72.497,-2.502998,0,0,2065618803,3,512,0,ok,
RUN_20260502_S7_L3_HIGH_75_100_S01_R04,S7_L3_HIGH_75_100,SER_20260502_S7_L3_HIGH_75_100_S01,HW_PLC,HW_PLC,52,52,53,,,,668547000,plc_internal_rd_loc_t_nanosecond,75,100,77.098,2.098,0,0,2108555194,3,512,0,ok,
RUN_20260502_S7_L3_HIGH_75_100_S01_R04,S7_L3_HIGH_75_100,SER_20260502_S7_L3_HIGH_75_100_S01,HW_PLC,HW_PLC,53,53,54,,,,737586000,plc_internal_rd_loc_t_nanosecond,75,100,69.039,-5.960999,0,0,676151299,3,512,0,ok,
RUN_20260502_S7_L3_HIGH_75_100_S01_R04,S7_L3_HIGH_75_100,SER_20260502_S7_L3_HIGH_75_100_S01,HW_PLC,HW_PLC,54,54,55,,,,811364000,plc_internal_rd_loc_t_nanosecond,75,100,73.778,-1.222,0,0,2065467468,3,512,0,ok,
RUN_20260502_S7_L3_HIGH_75_100_S01_R04,S7_L3_HIGH_75_100,SER_20260502_S7_L3_HIGH_75_100_S01,HW_PLC,HW_PLC,55,55,56,,,,888310000,plc_internal_rd_loc_t_nanosecond,75,100,76.946,1.945999,0,0,1983637655,3,512,0,ok,
RUN_20260502_S7_L3_HIGH_75_100_S01_R04,S7_L3_HIGH_75_100,SER_20260502_S7_L3_HIGH_75_100_S01,HW_PLC,HW_PLC,56,56,57,,,,958479000,plc_internal_rd_loc_t_nanosecond,75,100,70.169,-4.831001,0,0,432754916,3,512,0,ok,
RUN_20260502_S7_L3_HIGH_75_100_S01_R04,S7_L3_HIGH_75_100,SER_20260502_S7_L3_HIGH_75_100_S01,HW_PLC,HW_PLC,57,57,58,,,,31392000,plc_internal_rd_loc_t_nanosecond,75,100,72.913,-2.086998,0,0,1709887793,3,512,0,ok,
RUN_20260502_S7_L3_HIGH_75_100_S01_R04,S7_L3_HIGH_75_100,SER_20260502_S7_L3_HIGH_75_100_S01,HW_PLC,HW_PLC,58,58,59,,,,108585000,plc_internal_rd_loc_t_nanosecond,75,100,77.193,2.193001,0,0,1522162048,3,512,0,ok,
RUN_20260502_S7_L3_HIGH_75_100_S01_R04,S7_L3_HIGH_75_100,SER_20260502_S7_L3_HIGH_75_100_S01,HW_PLC,HW_PLC,59,59,60,,,,177697000,plc_internal_rd_loc_t_nanosecond,75,100,69.112,-5.888,0,0,2019162576,3,512,0,ok,
RUN_20260502_S7_L3_HIGH_75_100_S01_R04,S7_L3_HIGH_75_100,SER_20260502_S7_L3_HIGH_75_100_S01,HW_PLC,HW_PLC,60,60,61,,,,251284000,plc_internal_rd_loc_t_nanosecond,75,100,73.587,-1.413002,0,0,1055498786,3,512,0,ok,
RUN_20260502_S7_L3_HIGH_75_100_S01_R04,S7_L3_HIGH_75_100,SER_20260502_S7_L3_HIGH_75_100_S01,HW_PLC,HW_PLC,61,61,62,,,,327343000,plc_internal_rd_loc_t_nanosecond,75,100,76.059,1.058998,0,0,780755573,3,512,0,ok,
RUN_20260502_S7_L3_HIGH_75_100_S01_R04,S7_L3_HIGH_75_100,SER_20260502_S7_L3_HIGH_75_100_S01,HW_PLC,HW_PLC,62,62,63,,,,403670000,plc_internal_rd_loc_t_nanosecond,75,100,76.327,1.327003,0,0,1197025993,3,512,0,ok,
RUN_20260502_S7_L3_HIGH_75_100_S01_R04,S7_L3_HIGH_75_100,SER_20260502_S7_L3_HIGH_75_100_S01,HW_PLC,HW_PLC,63,63,64,,,,474244000,plc_internal_rd_loc_t_nanosecond,75,100,70.574,-4.426003,0,0,158927647,3,512,0,ok,
RUN_20260502_S7_L3_HIGH_75_100_S01_R04,S7_L3_HIGH_75_100,SER_20260502_S7_L3_HIGH_75_100_S01,HW_PLC,HW_PLC,64,64,65,,,,547236000,plc_internal_rd_loc_t_nanosecond,75,100,72.992,-2.008003,0,0,1963520885,3,512,0,ok,
RUN_20260502_S7_L3_HIGH_75_100_S01_R04,S7_L3_HIGH_75_100,SER_20260502_S7_L3_HIGH_75_100_S01,HW_PLC,HW_PLC,65,65,66,,,,623902000,plc_internal_rd_loc_t_nanosecond,75,100,76.666,1.666,0,0,170456014,3,512,0,ok,
RUN_20260502_S7_L3_HIGH_75_100_S01_R04,S7_L3_HIGH_75_100,SER_20260502_S7_L3_HIGH_75_100_S01,HW_PLC,HW_PLC,66,66,67,,,,693253000,plc_internal_rd_loc_t_nanosecond,75,100,69.351,-5.649002,0,0,1224277031,3,512,0,ok,
RUN_20260502_S7_L3_HIGH_75_100_S01_R04,S7_L3_HIGH_75_100,SER_20260502_S7_L3_HIGH_75_100_S01,HW_PLC,HW_PLC,67,67,68,,,,766408000,plc_internal_rd_loc_t_nanosecond,75,100,73.155,-1.845001,0,0,832117890,3,512,0,ok,
RUN_20260502_S7_L3_HIGH_75_100_S01_R04,S7_L3_HIGH_75_100,SER_20260502_S7_L3_HIGH_75_100_S01,HW_PLC,HW_PLC,68,68,69,,,,843664000,plc_internal_rd_loc_t_nanosecond,75,100,77.256,2.255997,0,0,1143555294,3,512,0,ok,
RUN_20260502_S7_L3_HIGH_75_100_S01_R04,S7_L3_HIGH_75_100,SER_20260502_S7_L3_HIGH_75_100_S01,HW_PLC,HW_PLC,69,69,70,,,,912842000,plc_internal_rd_loc_t_nanosecond,75,100,69.178,-5.821999,0,0,13206844,3,512,0,ok,
RUN_20260502_S7_L3_HIGH_75_100_S01_R04,S7_L3_HIGH_75_100,SER_20260502_S7_L3_HIGH_75_100_S01,HW_PLC,HW_PLC,70,70,71,,,,986326000,plc_internal_rd_loc_t_nanosecond,75,100,73.484,-1.515999,0,0,1738132890,3,512,0,ok,
RUN_20260502_S7_L3_HIGH_75_100_S01_R04,S7_L3_HIGH_75_100,SER_20260502_S7_L3_HIGH_75_100_S01,HW_PLC,HW_PLC,71,71,72,,,,62814000,plc_internal_rd_loc_t_nanosecond,75,100,76.488,1.487999,0,0,2025467386,3,512,0,ok,
RUN_20260502_S7_L3_HIGH_75_100_S01_R04,S7_L3_HIGH_75_100,SER_20260502_S7_L3_HIGH_75_100_S01,HW_PLC,HW_PLC,72,72,73,,,,132813000,plc_internal_rd_loc_t_nanosecond,75,100,69.999,-5.000999,0,0,877303388,3,512,0,ok,
RUN_20260502_S7_L3_HIGH_75_100_S01_R04,S7_L3_HIGH_75_100,SER_20260502_S7_L3_HIGH_75_100_S01,HW_PLC,HW_PLC,73,73,74,,,,205966000,plc_internal_rd_loc_t_nanosecond,75,100,73.153,-1.847,0,0,443225791,3,512,0,ok,
RUN_20260502_S7_L3_HIGH_75_100_S01_R04,S7_L3_HIGH_75_100,SER_20260502_S7_L3_HIGH_75_100_S01,HW_PLC,HW_PLC,74,74,75,,,,285899000,plc_internal_rd_loc_t_nanosecond,75,100,79.933,4.932999,0,0,725327651,3,512,0,ok,
RUN_20260502_S7_L3_HIGH_75_100_S01_R04,S7_L3_HIGH_75_100,SER_20260502_S7_L3_HIGH_75_100_S01,HW_PLC,HW_PLC,75,75,76,,,,361894000,plc_internal_rd_loc_t_nanosecond,75,100,75.995,0.9950027,0,0,1725710216,3,512,0,ok,
RUN_20260502_S7_L3_HIGH_75_100_S01_R04,S7_L3_HIGH_75_100,SER_20260502_S7_L3_HIGH_75_100_S01,HW_PLC,HW_PLC,76,76,77,,,,434411000,plc_internal_rd_loc_t_nanosecond,75,100,72.517,-2.483002,0,0,1298982895,3,512,0,ok,
RUN_20260502_S7_L3_HIGH_75_100_S01_R04,S7_L3_HIGH_75_100,SER_20260502_S7_L3_HIGH_75_100_S01,HW_PLC,HW_PLC,77,77,78,,,,511532000,plc_internal_rd_loc_t_nanosecond,75,100,77.121,2.121002,0,0,1594730583,3,512,0,ok,
RUN_20260502_S7_L3_HIGH_75_100_S01_R04,S7_L3_HIGH_75_100,SER_20260502_S7_L3_HIGH_75_100_S01,HW_PLC,HW_PLC,78,78,79,,,,580646000,plc_internal_rd_loc_t_nanosecond,75,100,69.114,-5.886002,0,0,467562689,3,512,0,ok,
RUN_20260502_S7_L3_HIGH_75_100_S01_R04,S7_L3_HIGH_75_100,SER_20260502_S7_L3_HIGH_75_100_S01,HW_PLC,HW_PLC,79,79,80,,,,654289000,plc_internal_rd_loc_t_nanosecond,75,100,73.643,-1.357002,0,0,67064108,3,512,0,ok,
RUN_20260502_S7_L3_HIGH_75_100_S01_R04,S7_L3_HIGH_75_100,SER_20260502_S7_L3_HIGH_75_100_S01,HW_PLC,HW_PLC,80,80,81,,,,730901000,plc_internal_rd_loc_t_nanosecond,75,100,76.612,1.612,0,0,395327896,3,512,0,ok,
RUN_20260502_S7_L3_HIGH_75_100_S01_R04,S7_L3_HIGH_75_100,SER_20260502_S7_L3_HIGH_75_100_S01,HW_PLC,HW_PLC,81,81,82,,,,801406000,plc_internal_rd_loc_t_nanosecond,75,100,70.505,-4.495003,0,0,1454455301,3,512,0,ok,
RUN_20260502_S7_L3_HIGH_75_100_S01_R04,S7_L3_HIGH_75_100,SER_20260502_S7_L3_HIGH_75_100_S01,HW_PLC,HW_PLC,82,82,83,,,,874255000,plc_internal_rd_loc_t_nanosecond,75,100,72.849,-2.151001,0,0,1099055732,3,512,0,ok,
RUN_20260502_S7_L3_HIGH_75_100_S01_R04,S7_L3_HIGH_75_100,SER_20260502_S7_L3_HIGH_75_100_S01,HW_PLC,HW_PLC,83,83,84,,,,950348000,plc_internal_rd_loc_t_nanosecond,75,100,76.093,1.093002,0,0,1478714084,3,512,0,ok,
RUN_20260502_S7_L3_HIGH_75_100_S01_R04,S7_L3_HIGH_75_100,SER_20260502_S7_L3_HIGH_75_100_S01,HW_PLC,HW_PLC,84,84,85,,,,20711000,plc_internal_rd_loc_t_nanosecond,75,100,70.363,-4.637001,0,0,448039766,3,512,0,ok,
RUN_20260502_S7_L3_HIGH_75_100_S01_R04,S7_L3_HIGH_75_100,SER_20260502_S7_L3_HIGH_75_100_S01,HW_PLC,HW_PLC,85,85,86,,,,89762000,plc_internal_rd_loc_t_nanosecond,75,100,69.051,-5.948997,0,0,156617673,3,512,0,ok,
RUN_20260502_S7_L3_HIGH_75_100_S01_R04,S7_L3_HIGH_75_100,SER_20260502_S7_L3_HIGH_75_100_S01,HW_PLC,HW_PLC,86,86,87,,,,164601000,plc_internal_rd_loc_t_nanosecond,75,100,74.839,-0.1610031,0,0,606540861,3,512,0,ok,
RUN_20260502_S7_L3_HIGH_75_100_S01_R04,S7_L3_HIGH_75_100,SER_20260502_S7_L3_HIGH_75_100_S01,HW_PLC,HW_PLC,87,87,88,,,,247294000,plc_internal_rd_loc_t_nanosecond,75,100,82.693,7.693001,0,0,1799910578,3,512,0,ok,
RUN_20260502_S7_L3_HIGH_75_100_S01_R04,S7_L3_HIGH_75_100,SER_20260502_S7_L3_HIGH_75_100_S01,HW_PLC,HW_PLC,88,88,89,,,,317350000,plc_internal_rd_loc_t_nanosecond,75,100,70.056,-4.944,0,0,1591336233,3,512,0,ok,
RUN_20260502_S7_L3_HIGH_75_100_S01_R04,S7_L3_HIGH_75_100,SER_20260502_S7_L3_HIGH_75_100_S01,HW_PLC,HW_PLC,89,89,90,,,,389639000,plc_internal_rd_loc_t_nanosecond,75,100,72.289,-2.710999,0,0,2130402721,3,512,0,ok,
RUN_20260502_S7_L3_HIGH_75_100_S01_R04,S7_L3_HIGH_75_100,SER_20260502_S7_L3_HIGH_75_100_S01,HW_PLC,HW_PLC,90,90,91,,,,466867000,plc_internal_rd_loc_t_nanosecond,75,100,77.228,2.227997,0,0,1271719451,3,512,0,ok,
RUN_20260502_S7_L3_HIGH_75_100_S01_R04,S7_L3_HIGH_75_100,SER_20260502_S7_L3_HIGH_75_100_S01,HW_PLC,HW_PLC,91,91,92,,,,535987000,plc_internal_rd_loc_t_nanosecond,75,100,69.12,-5.879997,0,0,1164871318,3,512,0,ok,
RUN_20260502_S7_L3_HIGH_75_100_S01_R04,S7_L3_HIGH_75_100,SER_20260502_S7_L3_HIGH_75_100_S01,HW_PLC,HW_PLC,92,92,93,,,,609596000,plc_internal_rd_loc_t_nanosecond,75,100,73.609,-1.390999,0,0,1811951378,3,512,0,ok,
RUN_20260502_S7_L3_HIGH_75_100_S01_R04,S7_L3_HIGH_75_100,SER_20260502_S7_L3_HIGH_75_100_S01,HW_PLC,HW_PLC,93,93,94,,,,686509000,plc_internal_rd_loc_t_nanosecond,75,100,76.913,1.913002,0,0,1067577232,3,512,0,ok,
RUN_20260502_S7_L3_HIGH_75_100_S01_R04,S7_L3_HIGH_75_100,SER_20260502_S7_L3_HIGH_75_100_S01,HW_PLC,HW_PLC,94,94,95,,,,755947000,plc_internal_rd_loc_t_nanosecond,75,100,69.438,-5.561996,0,0,1081325583,3,512,0,ok,
RUN_20260502_S7_L3_HIGH_75_100_S01_R04,S7_L3_HIGH_75_100,SER_20260502_S7_L3_HIGH_75_100_S01,HW_PLC,HW_PLC,95,95,96,,,,829138000,plc_internal_rd_loc_t_nanosecond,75,100,73.191,-1.808998,0,0,1855297679,3,512,0,ok,
RUN_20260502_S7_L3_HIGH_75_100_S01_R04,S7_L3_HIGH_75_100,SER_20260502_S7_L3_HIGH_75_100_S01,HW_PLC,HW_PLC,96,96,97,,,,904576000,plc_internal_rd_loc_t_nanosecond,75,100,75.438,0.4380035,0,0,1244102929,3,512,0,ok,
RUN_20260502_S7_L3_HIGH_75_100_S01_R04,S7_L3_HIGH_75_100,SER_20260502_S7_L3_HIGH_75_100_S01,HW_PLC,HW_PLC,97,97,98,,,,974733000,plc_internal_rd_loc_t_nanosecond,75,100,70.157,-4.843002,0,0,1397326228,3,512,0,ok,
RUN_20260502_S7_L3_HIGH_75_100_S01_R04,S7_L3_HIGH_75_100,SER_20260502_S7_L3_HIGH_75_100_S01,HW_PLC,HW_PLC,98,98,99,,,,44963000,plc_internal_rd_loc_t_nanosecond,75,100,70.23,-4.769997,0,0,169576985,3,512,0,ok,
RUN_20260502_S7_L3_HIGH_75_100_S01_R04,S7_L3_HIGH_75_100,SER_20260502_S7_L3_HIGH_75_100_S01,HW_PLC,HW_PLC,99,99,100,,,,124800000,plc_internal_rd_loc_t_nanosecond,75,100,79.837,4.836998,0,1,1857923742,3,512,0,ok,
RUN_20260502_S7_L3_HIGH_75_100_S01_R04,S7_L3_HIGH_75_100,SER_20260502_S7_L3_HIGH_75_100_S01,HW_PLC,HW_PLC,100,100,101,,,,201940000,plc_internal_rd_loc_t_nanosecond,75,100,77.14,2.139999,0,1,22008614,3,512,0,ok,
RUN_20260502_S7_L3_HIGH_75_100_S01_R04,S7_L3_HIGH_75_100,SER_20260502_S7_L3_HIGH_75_100_S01,HW_PLC,HW_PLC,101,101,102,,,,271451000,plc_internal_rd_loc_t_nanosecond,75,100,69.511,-5.488998,0,1,1106383790,3,512,0,ok,
RUN_20260502_S7_L3_HIGH_75_100_S01_R04,S7_L3_HIGH_75_100,SER_20260502_S7_L3_HIGH_75_100_S01,HW_PLC,HW_PLC,102,102,103,,,,345178000,plc_internal_rd_loc_t_nanosecond,75,100,73.727,-1.273003,0,1,818175032,3,512,0,ok,
RUN_20260502_S7_L3_HIGH_75_100_S01_R04,S7_L3_HIGH_75_100,SER_20260502_S7_L3_HIGH_75_100_S01,HW_PLC,HW_PLC,103,103,104,,,,421602000,plc_internal_rd_loc_t_nanosecond,75,100,76.424,1.424004,0,1,1306967235,3,512,0,ok,
RUN_20260502_S7_L3_HIGH_75_100_S01_R04,S7_L3_HIGH_75_100,SER_20260502_S7_L3_HIGH_75_100_S01,HW_PLC,HW_PLC,104,104,105,,,,491421000,plc_internal_rd_loc_t_nanosecond,75,100,69.819,-5.181,0,1,427369808,3,512,0,ok,
RUN_20260502_S7_L3_HIGH_75_100_S01_R04,S7_L3_HIGH_75_100,SER_20260502_S7_L3_HIGH_75_100_S01,HW_PLC,HW_PLC,105,105,106,,,,564301000,plc_internal_rd_loc_t_nanosecond,75,100,72.88,-2.120003,0,1,328967646,3,512,0,ok,
RUN_20260502_S7_L3_HIGH_75_100_S01_R04,S7_L3_HIGH_75_100,SER_20260502_S7_L3_HIGH_75_100_S01,HW_PLC,HW_PLC,106,106,107,,,,640354000,plc_internal_rd_loc_t_nanosecond,75,100,76.053,1.053001,0,1,1013853805,3,512,0,ok,
RUN_20260502_S7_L3_HIGH_75_100_S01_R04,S7_L3_HIGH_75_100,SER_20260502_S7_L3_HIGH_75_100_S01,HW_PLC,HW_PLC,107,107,108,,,,710411000,plc_internal_rd_loc_t_nanosecond,75,100,70.057,-4.943001,0,1,336645886,3,512,0,ok,
RUN_20260502_S7_L3_HIGH_75_100_S01_R04,S7_L3_HIGH_75_100,SER_20260502_S7_L3_HIGH_75_100_S01,HW_PLC,HW_PLC,108,108,109,,,,783490000,plc_internal_rd_loc_t_nanosecond,75,100,73.079,-1.920998,0,1,446920592,3,512,0,ok,
RUN_20260502_S7_L3_HIGH_75_100_S01_R04,S7_L3_HIGH_75_100,SER_20260502_S7_L3_HIGH_75_100_S01,HW_PLC,HW_PLC,109,109,110,,,,857695000,plc_internal_rd_loc_t_nanosecond,75,100,74.205,-0.7949982,0,1,1346779171,3,512,0,ok,
RUN_20260502_S7_L3_HIGH_75_100_S01_R04,S7_L3_HIGH_75_100,SER_20260502_S7_L3_HIGH_75_100_S01,HW_PLC,HW_PLC,110,110,111,,,,929289000,plc_internal_rd_loc_t_nanosecond,75,100,71.594,-3.405998,0,1,890831032,3,512,0,ok,
RUN_20260502_S7_L3_HIGH_75_100_S01_R04,S7_L3_HIGH_75_100,SER_20260502_S7_L3_HIGH_75_100_S01,HW_PLC,HW_PLC,111,111,112,,,,5371000,plc_internal_rd_loc_t_nanosecond,75,100,76.082,1.082001,0,1,1228661070,3,512,0,ok,
RUN_20260502_S7_L3_HIGH_75_100_S01_R04,S7_L3_HIGH_75_100,SER_20260502_S7_L3_HIGH_75_100_S01,HW_PLC,HW_PLC,112,112,113,,,,79173000,plc_internal_rd_loc_t_nanosecond,75,100,73.802,-1.197998,0,1,214878694,3,512,0,ok,
RUN_20260502_S7_L3_HIGH_75_100_S01_R04,S7_L3_HIGH_75_100,SER_20260502_S7_L3_HIGH_75_100_S01,HW_PLC,HW_PLC,113,113,114,,,,156417000,plc_internal_rd_loc_t_nanosecond,75,100,77.244,2.244003,0,1,2146552446,3,512,0,ok,
RUN_20260502_S7_L3_HIGH_75_100_S01_R04,S7_L3_HIGH_75_100,SER_20260502_S7_L3_HIGH_75_100_S01,HW_PLC,HW_PLC,114,114,115,,,,225917000,plc_internal_rd_loc_t_nanosecond,75,100,69.5,-5.5,0,1,583324441,3,512,0,ok,
RUN_20260502_S7_L3_HIGH_75_100_S01_R04,S7_L3_HIGH_75_100,SER_20260502_S7_L3_HIGH_75_100_S01,HW_PLC,HW_PLC,115,115,116,,,,298473000,plc_internal_rd_loc_t_nanosecond,75,100,72.556,-2.444,0,1,1969746868,3,512,0,ok,
RUN_20260502_S7_L3_HIGH_75_100_S01_R04,S7_L3_HIGH_75_100,SER_20260502_S7_L3_HIGH_75_100_S01,HW_PLC,HW_PLC,116,116,117,,,,374917000,plc_internal_rd_loc_t_nanosecond,75,100,76.444,1.444,0,1,2012945489,3,512,0,ok,
RUN_20260502_S7_L3_HIGH_75_100_S01_R04,S7_L3_HIGH_75_100,SER_20260502_S7_L3_HIGH_75_100_S01,HW_PLC,HW_PLC,117,117,118,,,,445542000,plc_internal_rd_loc_t_nanosecond,75,100,70.625,-4.375,0,1,715021552,3,512,0,ok,
RUN_20260502_S7_L3_HIGH_75_100_S01_R04,S7_L3_HIGH_75_100,SER_20260502_S7_L3_HIGH_75_100_S01,HW_PLC,HW_PLC,118,118,119,,,,518471000,plc_internal_rd_loc_t_nanosecond,75,100,72.929,-2.070999,0,1,225551760,3,512,0,ok,
RUN_20260502_S7_L3_HIGH_75_100_S01_R04,S7_L3_HIGH_75_100,SER_20260502_S7_L3_HIGH_75_100_S01,HW_PLC,HW_PLC,119,119,120,,,,592905000,plc_internal_rd_loc_t_nanosecond,75,100,74.434,-0.5660019,0,1,546637361,3,512,0,ok,
RUN_20260502_S7_L3_HIGH_75_100_S01_R04,S7_L3_HIGH_75_100,SER_20260502_S7_L3_HIGH_75_100_S01,HW_PLC,HW_PLC,120,120,121,,,,664454000,plc_internal_rd_loc_t_nanosecond,75,100,71.549,-3.450996,0,1,1680371411,3,512,0,ok,
RUN_20260502_S7_L3_HIGH_75_100_S01_R04,S7_L3_HIGH_75_100,SER_20260502_S7_L3_HIGH_75_100_S01,HW_PLC,HW_PLC,121,121,122,,,,733881000,plc_internal_rd_loc_t_nanosecond,75,100,69.427,-5.572998,0,1,1481371511,3,512,0,ok,
RUN_20260502_S7_L3_HIGH_75_100_S01_R04,S7_L3_HIGH_75_100,SER_20260502_S7_L3_HIGH_75_100_S01,HW_PLC,HW_PLC,122,122,123,,,,807331000,plc_internal_rd_loc_t_nanosecond,75,100,73.45,-1.550003,0,1,2099214364,3,512,0,ok,
RUN_20260502_S7_L3_HIGH_75_100_S01_R04,S7_L3_HIGH_75_100,SER_20260502_S7_L3_HIGH_75_100_S01,HW_PLC,HW_PLC,123,123,124,,,,882236000,plc_internal_rd_loc_t_nanosecond,75,100,74.905,-0.09500122,0,1,1388517571,3,512,0,ok,
RUN_20260502_S7_L3_HIGH_75_100_S01_R04,S7_L3_HIGH_75_100,SER_20260502_S7_L3_HIGH_75_100_S01,HW_PLC,HW_PLC,124,124,125,,,,959973000,plc_internal_rd_loc_t_nanosecond,75,100,77.737,2.737,0,1,1498857835,3,512,0,ok,
RUN_20260502_S7_L3_HIGH_75_100_S01_R04,S7_L3_HIGH_75_100,SER_20260502_S7_L3_HIGH_75_100_S01,HW_PLC,HW_PLC,125,125,126,,,,29863000,plc_internal_rd_loc_t_nanosecond,75,100,69.89,-5.110001,0,1,284852757,3,512,0,ok,
RUN_20260502_S7_L3_HIGH_75_100_S01_R04,S7_L3_HIGH_75_100,SER_20260502_S7_L3_HIGH_75_100_S01,HW_PLC,HW_PLC,126,126,127,,,,102803000,plc_internal_rd_loc_t_nanosecond,75,100,72.94,-2.059998,0,1,2043562687,3,512,0,ok,
RUN_20260502_S7_L3_HIGH_75_100_S01_R04,S7_L3_HIGH_75_100,SER_20260502_S7_L3_HIGH_75_100_S01,HW_PLC,HW_PLC,127,127,128,,,,180179000,plc_internal_rd_loc_t_nanosecond,75,100,77.376,2.375999,0,1,334637932,3,512,0,ok,
RUN_20260502_S7_L3_HIGH_75_100_S01_R04,S7_L3_HIGH_75_100,SER_20260502_S7_L3_HIGH_75_100_S01,HW_PLC,HW_PLC,128,128,129,,,,249801000,plc_internal_rd_loc_t_nanosecond,75,100,69.622,-5.377998,0,1,1602622489,3,512,0,ok,
RUN_20260502_S7_L3_HIGH_75_100_S01_R04,S7_L3_HIGH_75_100,SER_20260502_S7_L3_HIGH_75_100_S01,HW_PLC,HW_PLC,129,129,130,,,,322637000,plc_internal_rd_loc_t_nanosecond,75,100,72.836,-2.164001,0,1,1554650312,3,512,0,ok,
RUN_20260502_S7_L3_HIGH_75_100_S01_R04,S7_L3_HIGH_75_100,SER_20260502_S7_L3_HIGH_75_100_S01,HW_PLC,HW_PLC,130,130,131,,,,399606000,plc_internal_rd_loc_t_nanosecond,75,100,76.969,1.969002,0,1,192814457,3,512,0,ok,
RUN_20260502_S7_L3_HIGH_75_100_S01_R04,S7_L3_HIGH_75_100,SER_20260502_S7_L3_HIGH_75_100_S01,HW_PLC,HW_PLC,131,131,132,,,,469212000,plc_internal_rd_loc_t_nanosecond,75,100,69.606,-5.393997,0,1,1814183466,3,512,0,ok,
RUN_20260502_S7_L3_HIGH_75_100_S01_R04,S7_L3_HIGH_75_100,SER_20260502_S7_L3_HIGH_75_100_S01,HW_PLC,HW_PLC,132,132,133,,,,542438000,plc_internal_rd_loc_t_nanosecond,75,100,73.226,-1.774002,0,1,2125883101,3,512,0,ok,
RUN_20260502_S7_L3_HIGH_75_100_S01_R04,S7_L3_HIGH_75_100,SER_20260502_S7_L3_HIGH_75_100_S01,HW_PLC,HW_PLC,133,133,134,,,,618496000,plc_internal_rd_loc_t_nanosecond,75,100,76.058,1.057999,0,1,1130014610,3,512,0,ok,
RUN_20260502_S7_L3_HIGH_75_100_S01_R04,S7_L3_HIGH_75_100,SER_20260502_S7_L3_HIGH_75_100_S01,HW_PLC,HW_PLC,134,134,135,,,,688996000,plc_internal_rd_loc_t_nanosecond,75,100,70.5,-4.5,0,1,976154696,3,512,0,ok,
RUN_20260502_S7_L3_HIGH_75_100_S01_R04,S7_L3_HIGH_75_100,SER_20260502_S7_L3_HIGH_75_100_S01,HW_PLC,HW_PLC,135,135,136,,,,761649000,plc_internal_rd_loc_t_nanosecond,75,100,72.653,-2.347,0,1,1666404607,3,512,0,ok,
RUN_20260502_S7_L3_HIGH_75_100_S01_R04,S7_L3_HIGH_75_100,SER_20260502_S7_L3_HIGH_75_100_S01,HW_PLC,HW_PLC,136,136,137,,,,845704000,plc_internal_rd_loc_t_nanosecond,75,100,84.055,9.055,0,1,1055373752,3,512,0,ok,
RUN_20260502_S7_L3_HIGH_75_100_S01_R04,S7_L3_HIGH_75_100,SER_20260502_S7_L3_HIGH_75_100_S01,HW_PLC,HW_PLC,137,137,138,,,,915839000,plc_internal_rd_loc_t_nanosecond,75,100,70.135,-4.864998,0,1,1292647026,3,512,0,ok,
RUN_20260502_S7_L3_HIGH_75_100_S01_R04,S7_L3_HIGH_75_100,SER_20260502_S7_L3_HIGH_75_100_S01,HW_PLC,HW_PLC,138,138,139,,,,988411000,plc_internal_rd_loc_t_nanosecond,75,100,72.572,-2.428001,0,1,232833838,3,512,0,ok,
RUN_20260502_S7_L3_HIGH_75_100_S01_R04,S7_L3_HIGH_75_100,SER_20260502_S7_L3_HIGH_75_100_S01,HW_PLC,HW_PLC,139,139,140,,,,60964000,plc_internal_rd_loc_t_nanosecond,75,100,72.553,-2.446999,0,1,25519083,3,512,0,ok,
RUN_20260502_S7_L3_HIGH_75_100_S01_R04,S7_L3_HIGH_75_100,SER_20260502_S7_L3_HIGH_75_100_S01,HW_PLC,HW_PLC,140,140,141,,,,134375000,plc_internal_rd_loc_t_nanosecond,75,100,73.411,-1.588997,0,1,672795817,3,512,0,ok,
RUN_20260502_S7_L3_HIGH_75_100_S01_R04,S7_L3_HIGH_75_100,SER_20260502_S7_L3_HIGH_75_100_S01,HW_PLC,HW_PLC,141,141,142,,,,203507000,plc_internal_rd_loc_t_nanosecond,75,100,69.132,-5.867996,0,1,29281641,3,512,0,ok,
RUN_20260502_S7_L3_HIGH_75_100_S01_R04,S7_L3_HIGH_75_100,SER_20260502_S7_L3_HIGH_75_100_S01,HW_PLC,HW_PLC,142,142,143,,,,279736000,plc_internal_rd_loc_t_nanosecond,75,100,76.229,1.228996,0,1,244553258,3,512,0,ok,
RUN_20260502_S7_L3_HIGH_75_100_S01_R04,S7_L3_HIGH_75_100,SER_20260502_S7_L3_HIGH_75_100_S01,HW_PLC,HW_PLC,143,143,144,,,,357261000,plc_internal_rd_loc_t_nanosecond,75,100,77.525,2.525002,0,1,1320711916,3,512,0,ok,
RUN_20260502_S7_L3_HIGH_75_100_S01_R04,S7_L3_HIGH_75_100,SER_20260502_S7_L3_HIGH_75_100_S01,HW_PLC,HW_PLC,144,144,145,,,,426523000,plc_internal_rd_loc_t_nanosecond,75,100,69.262,-5.737999,0,1,1112367024,3,512,0,ok,
RUN_20260502_S7_L3_HIGH_75_100_S01_R04,S7_L3_HIGH_75_100,SER_20260502_S7_L3_HIGH_75_100_S01,HW_PLC,HW_PLC,145,145,146,,,,499410000,plc_internal_rd_loc_t_nanosecond,75,100,72.887,-2.112999,0,1,1769103477,3,512,0,ok,
RUN_20260502_S7_L3_HIGH_75_100_S01_R04,S7_L3_HIGH_75_100,SER_20260502_S7_L3_HIGH_75_100_S01,HW_PLC,HW_PLC,146,146,147,,,,570991000,plc_internal_rd_loc_t_nanosecond,75,100,71.581,-3.418999,0,1,1145530684,3,512,0,ok,
RUN_20260502_S7_L3_HIGH_75_100_S01_R04,S7_L3_HIGH_75_100,SER_20260502_S7_L3_HIGH_75_100_S01,HW_PLC,HW_PLC,147,147,148,,,,645403000,plc_internal_rd_loc_t_nanosecond,75,100,74.412,-0.5879974,0,1,1391233540,3,512,0,ok,
RUN_20260502_S7_L3_HIGH_75_100_S01_R04,S7_L3_HIGH_75_100,SER_20260502_S7_L3_HIGH_75_100_S01,HW_PLC,HW_PLC,148,148,149,,,,721326000,plc_internal_rd_loc_t_nanosecond,75,100,75.923,0.9229965,0,1,360821454,3,512,0,ok,
RUN_20260502_S7_L3_HIGH_75_100_S01_R04,S7_L3_HIGH_75_100,SER_20260502_S7_L3_HIGH_75_100_S01,HW_PLC,HW_PLC,149,149,150,,,,794400000,plc_internal_rd_loc_t_nanosecond,75,100,73.074,-1.926003,0,1,203879321,3,512,0,ok,
RUN_20260502_S7_L3_HIGH_75_100_S01_R04,S7_L3_HIGH_75_100,SER_20260502_S7_L3_HIGH_75_100_S01,HW_PLC,HW_PLC,150,150,151,,,,868803000,plc_internal_rd_loc_t_nanosecond,75,100,74.403,-0.5970001,0,1,922500197,3,512,0,ok,
RUN_20260502_S7_L3_HIGH_75_100_S01_R04,S7_L3_HIGH_75_100,SER_20260502_S7_L3_HIGH_75_100_S01,HW_PLC,HW_PLC,151,151,152,,,,940415000,plc_internal_rd_loc_t_nanosecond,75,100,71.612,-3.388,0,1,371301683,3,512,0,ok,
RUN_20260502_S7_L3_HIGH_75_100_S01_R04,S7_L3_HIGH_75_100,SER_20260502_S7_L3_HIGH_75_100_S01,HW_PLC,HW_PLC,152,152,153,,,,10581000,plc_internal_rd_loc_t_nanosecond,75,100,70.166,-4.834,0,1,699860482,3,512,0,ok,
RUN_20260502_S7_L3_HIGH_75_100_S01_R04,S7_L3_HIGH_75_100,SER_20260502_S7_L3_HIGH_75_100_S01,HW_PLC,HW_PLC,153,153,154,,,,83783000,plc_internal_rd_loc_t_nanosecond,75,100,73.202,-1.797997,0,1,1910277842,3,512,0,ok,
RUN_20260502_S7_L3_HIGH_75_100_S01_R04,S7_L3_HIGH_75_100,SER_20260502_S7_L3_HIGH_75_100_S01,HW_PLC,HW_PLC,154,154,155,,,,160647000,plc_internal_rd_loc_t_nanosecond,75,100,76.864,1.863998,0,1,1857163172,3,512,0,ok,
RUN_20260502_S7_L3_HIGH_75_100_S01_R04,S7_L3_HIGH_75_100,SER_20260502_S7_L3_HIGH_75_100_S01,HW_PLC,HW_PLC,155,155,156,,,,229328000,plc_internal_rd_loc_t_nanosecond,75,100,68.681,-6.319,0,1,542617720,3,512,0,ok,
RUN_20260502_S7_L3_HIGH_75_100_S01_R04,S7_L3_HIGH_75_100,SER_20260502_S7_L3_HIGH_75_100_S01,HW_PLC,HW_PLC,156,156,157,,,,298858000,plc_internal_rd_loc_t_nanosecond,75,100,69.53,-5.470001,0,1,116218189,3,512,0,ok,
RUN_20260502_S7_L3_HIGH_75_100_S01_R04,S7_L3_HIGH_75_100,SER_20260502_S7_L3_HIGH_75_100_S01,HW_PLC,HW_PLC,157,157,158,,,,372943000,plc_internal_rd_loc_t_nanosecond,75,100,74.085,-0.9150009,0,1,580065827,3,512,0,ok,
RUN_20260502_S7_L3_HIGH_75_100_S01_R04,S7_L3_HIGH_75_100,SER_20260502_S7_L3_HIGH_75_100_S01,HW_PLC,HW_PLC,158,158,159,,,,450302000,plc_internal_rd_loc_t_nanosecond,75,100,77.359,2.359001,0,1,1936253690,3,512,0,ok,
RUN_20260502_S7_L3_HIGH_75_100_S01_R04,S7_L3_HIGH_75_100,SER_20260502_S7_L3_HIGH_75_100_S01,HW_PLC,HW_PLC,159,159,160,,,,519385000,plc_internal_rd_loc_t_nanosecond,75,100,69.083,-5.917,0,1,2039399379,3,512,0,ok,
RUN_20260502_S7_L3_HIGH_75_100_S01_R04,S7_L3_HIGH_75_100,SER_20260502_S7_L3_HIGH_75_100_S01,HW_PLC,HW_PLC,160,160,161,,,,599223000,plc_internal_rd_loc_t_nanosecond,75,100,79.838,4.837997,0,1,891595950,3,512,0,ok,
RUN_20260502_S7_L3_HIGH_75_100_S01_R04,S7_L3_HIGH_75_100,SER_20260502_S7_L3_HIGH_75_100_S01,HW_PLC,HW_PLC,161,161,162,,,,676235000,plc_internal_rd_loc_t_nanosecond,75,100,77.012,2.012001,0,1,642428298,3,512,0,ok,
RUN_20260502_S7_L3_HIGH_75_100_S01_R04,S7_L3_HIGH_75_100,SER_20260502_S7_L3_HIGH_75_100_S01,HW_PLC,HW_PLC,162,162,163,,,,745575000,plc_internal_rd_loc_t_nanosecond,75,100,69.34,-5.660004,0,1,1293989479,3,512,0,ok,
RUN_20260502_S7_L3_HIGH_75_100_S01_R04,S7_L3_HIGH_75_100,SER_20260502_S7_L3_HIGH_75_100_S01,HW_PLC,HW_PLC,163,163,164,,,,818754000,plc_internal_rd_loc_t_nanosecond,75,100,73.179,-1.820999,0,1,700897094,3,512,0,ok,
RUN_20260502_S7_L3_HIGH_75_100_S01_R04,S7_L3_HIGH_75_100,SER_20260502_S7_L3_HIGH_75_100_S01,HW_PLC,HW_PLC,164,164,165,,,,895774000,plc_internal_rd_loc_t_nanosecond,75,100,77.02,2.019997,0,1,1012727846,3,512,0,ok,
RUN_20260502_S7_L3_HIGH_75_100_S01_R04,S7_L3_HIGH_75_100,SER_20260502_S7_L3_HIGH_75_100_S01,HW_PLC,HW_PLC,165,165,166,,,,966280000,plc_internal_rd_loc_t_nanosecond,75,100,70.506,-4.494003,0,1,84099336,3,512,0,ok,
RUN_20260502_S7_L3_HIGH_75_100_S01_R04,S7_L3_HIGH_75_100,SER_20260502_S7_L3_HIGH_75_100_S01,HW_PLC,HW_PLC,166,166,167,,,,38754000,plc_internal_rd_loc_t_nanosecond,75,100,72.474,-2.526001,0,1,64588267,3,512,0,ok,
RUN_20260502_S7_L3_HIGH_75_100_S01_R04,S7_L3_HIGH_75_100,SER_20260502_S7_L3_HIGH_75_100_S01,HW_PLC,HW_PLC,167,167,168,,,,115938000,plc_internal_rd_loc_t_nanosecond,75,100,77.184,2.183998,0,1,956295887,3,512,0,ok,
RUN_20260502_S7_L3_HIGH_75_100_S01_R04,S7_L3_HIGH_75_100,SER_20260502_S7_L3_HIGH_75_100_S01,HW_PLC,HW_PLC,168,168,169,,,,185263000,plc_internal_rd_loc_t_nanosecond,75,100,69.325,-5.675003,0,1,613831605,3,512,0,ok,
RUN_20260502_S7_L3_HIGH_75_100_S01_R04,S7_L3_HIGH_75_100,SER_20260502_S7_L3_HIGH_75_100_S01,HW_PLC,HW_PLC,169,169,170,,,,258516000,plc_internal_rd_loc_t_nanosecond,75,100,73.253,-1.747002,0,1,1186780316,3,512,0,ok,
RUN_20260502_S7_L3_HIGH_75_100_S01_R04,S7_L3_HIGH_75_100,SER_20260502_S7_L3_HIGH_75_100_S01,HW_PLC,HW_PLC,170,170,171,,,,335670000,plc_internal_rd_loc_t_nanosecond,75,100,77.154,2.153999,0,1,529751429,3,512,0,ok,
RUN_20260502_S7_L3_HIGH_75_100_S01_R04,S7_L3_HIGH_75_100,SER_20260502_S7_L3_HIGH_75_100_S01,HW_PLC,HW_PLC,171,171,172,,,,404721000,plc_internal_rd_loc_t_nanosecond,75,100,69.051,-5.948997,0,1,792329839,3,512,0,ok,
RUN_20260502_S7_L3_HIGH_75_100_S01_R04,S7_L3_HIGH_75_100,SER_20260502_S7_L3_HIGH_75_100_S01,HW_PLC,HW_PLC,172,172,173,,,,484807000,plc_internal_rd_loc_t_nanosecond,75,100,80.086,5.085999,0,1,1976608602,3,512,0,ok,
RUN_20260502_S7_L3_HIGH_75_100_S01_R04,S7_L3_HIGH_75_100,SER_20260502_S7_L3_HIGH_75_100_S01,HW_PLC,HW_PLC,173,173,174,,,,553511000,plc_internal_rd_loc_t_nanosecond,75,100,68.704,-6.295998,0,1,1937205319,3,512,0,ok,
RUN_20260502_S7_L3_HIGH_75_100_S01_R04,S7_L3_HIGH_75_100,SER_20260502_S7_L3_HIGH_75_100_S01,HW_PLC,HW_PLC,174,174,175,,,,622337000,plc_internal_rd_loc_t_nanosecond,75,100,68.826,-6.174004,0,1,676213046,3,512,0,ok,
RUN_20260502_S7_L3_HIGH_75_100_S01_R04,S7_L3_HIGH_75_100,SER_20260502_S7_L3_HIGH_75_100_S01,HW_PLC,HW_PLC,175,175,176,,,,691309000,plc_internal_rd_loc_t_nanosecond,75,100,68.972,-6.028,0,1,343216678,3,512,0,ok,
RUN_20260502_S7_L3_HIGH_75_100_S01_R04,S7_L3_HIGH_75_100,SER_20260502_S7_L3_HIGH_75_100_S01,HW_PLC,HW_PLC,176,176,177,,,,760214000,plc_internal_rd_loc_t_nanosecond,75,100,68.905,-6.095001,0,1,940309271,3,512,0,ok,
RUN_20260502_S7_L3_HIGH_75_100_S01_R04,S7_L3_HIGH_75_100,SER_20260502_S7_L3_HIGH_75_100_S01,HW_PLC,HW_PLC,177,177,178,,,,828659000,plc_internal_rd_loc_t_nanosecond,75,100,68.445,-6.555,0,1,322108426,3,512,0,ok,
RUN_20260502_S7_L3_HIGH_75_100_S01_R04,S7_L3_HIGH_75_100,SER_20260502_S7_L3_HIGH_75_100_S01,HW_PLC,HW_PLC,178,178,179,,,,904918000,plc_internal_rd_loc_t_nanosecond,75,100,76.259,1.259003,0,1,638190846,3,512,0,ok,
RUN_20260502_S7_L3_HIGH_75_100_S01_R04,S7_L3_HIGH_75_100,SER_20260502_S7_L3_HIGH_75_100_S01,HW_PLC,HW_PLC,179,179,180,,,,974571000,plc_internal_rd_loc_t_nanosecond,75,100,69.653,-5.347,0,1,1890657779,3,512,0,ok,
RUN_20260502_S7_L3_HIGH_75_100_S01_R04,S7_L3_HIGH_75_100,SER_20260502_S7_L3_HIGH_75_100_S01,HW_PLC,HW_PLC,180,180,181,,,,48502000,plc_internal_rd_loc_t_nanosecond,75,100,73.931,-1.069,0,1,1934118634,3,512,0,ok,
RUN_20260502_S7_L3_HIGH_75_100_S01_R04,S7_L3_HIGH_75_100,SER_20260502_S7_L3_HIGH_75_100_S01,HW_PLC,HW_PLC,181,181,182,,,,125355000,plc_internal_rd_loc_t_nanosecond,75,100,76.853,1.852997,0,1,770674659,3,512,0,ok,
RUN_20260502_S7_L3_HIGH_75_100_S01_R04,S7_L3_HIGH_75_100,SER_20260502_S7_L3_HIGH_75_100_S01,HW_PLC,HW_PLC,182,182,183,,,,195293000,plc_internal_rd_loc_t_nanosecond,75,100,69.938,-5.061996,0,1,549902557,3,512,0,ok,
RUN_20260502_S7_L3_HIGH_75_100_S01_R04,S7_L3_HIGH_75_100,SER_20260502_S7_L3_HIGH_75_100_S01,HW_PLC,HW_PLC,183,183,184,,,,267760000,plc_internal_rd_loc_t_nanosecond,75,100,72.467,-2.532997,0,1,1273903576,3,512,0,ok,
RUN_20260502_S7_L3_HIGH_75_100_S01_R04,S7_L3_HIGH_75_100,SER_20260502_S7_L3_HIGH_75_100_S01,HW_PLC,HW_PLC,184,184,185,,,,345257000,plc_internal_rd_loc_t_nanosecond,75,100,77.497,2.497002,0,1,797287125,3,512,0,ok,
RUN_20260502_S7_L3_HIGH_75_100_S01_R04,S7_L3_HIGH_75_100,SER_20260502_S7_L3_HIGH_75_100_S01,HW_PLC,HW_PLC,185,185,186,,,,421603000,plc_internal_rd_loc_t_nanosecond,75,100,76.346,1.346001,0,1,1269638099,3,512,0,ok,
RUN_20260502_S7_L3_HIGH_75_100_S01_R04,S7_L3_HIGH_75_100,SER_20260502_S7_L3_HIGH_75_100_S01,HW_PLC,HW_PLC,186,186,187,,,,494419000,plc_internal_rd_loc_t_nanosecond,75,100,72.816,-2.183998,0,1,545565907,3,512,0,ok,
RUN_20260502_S7_L3_HIGH_75_100_S01_R04,S7_L3_HIGH_75_100,SER_20260502_S7_L3_HIGH_75_100_S01,HW_PLC,HW_PLC,187,187,188,,,,571537000,plc_internal_rd_loc_t_nanosecond,75,100,77.118,2.117996,0,1,774655444,3,512,0,ok,
RUN_20260502_S7_L3_HIGH_75_100_S01_R04,S7_L3_HIGH_75_100,SER_20260502_S7_L3_HIGH_75_100_S01,HW_PLC,HW_PLC,188,188,189,,,,640634000,plc_internal_rd_loc_t_nanosecond,75,100,69.097,-5.903,0,1,1958999766,3,512,0,ok,
RUN_20260502_S7_L3_HIGH_75_100_S01_R04,S7_L3_HIGH_75_100,SER_20260502_S7_L3_HIGH_75_100_S01,HW_PLC,HW_PLC,189,189,190,,,,713915000,plc_internal_rd_loc_t_nanosecond,75,100,73.281,-1.719002,0,1,1953216474,3,512,0,ok,
RUN_20260502_S7_L3_HIGH_75_100_S01_R04,S7_L3_HIGH_75_100,SER_20260502_S7_L3_HIGH_75_100_S01,HW_PLC,HW_PLC,190,190,191,,,,788827000,plc_internal_rd_loc_t_nanosecond,75,100,74.912,-0.08799744,0,1,759398624,3,512,0,ok,
RUN_20260502_S7_L3_HIGH_75_100_S01_R04,S7_L3_HIGH_75_100,SER_20260502_S7_L3_HIGH_75_100_S01,HW_PLC,HW_PLC,191,191,192,,,,859823000,plc_internal_rd_loc_t_nanosecond,75,100,70.996,-4.003998,0,1,527131111,3,512,0,ok,
RUN_20260502_S7_L3_HIGH_75_100_S01_R04,S7_L3_HIGH_75_100,SER_20260502_S7_L3_HIGH_75_100_S01,HW_PLC,HW_PLC,192,192,193,,,,929580000,plc_internal_rd_loc_t_nanosecond,75,100,69.757,-5.242996,0,1,1258506991,3,512,0,ok,
RUN_20260502_S7_L3_HIGH_75_100_S01_R04,S7_L3_HIGH_75_100,SER_20260502_S7_L3_HIGH_75_100_S01,HW_PLC,HW_PLC,193,193,194,,,,2595000,plc_internal_rd_loc_t_nanosecond,75,100,73.015,-1.985001,0,1,808143865,3,512,0,ok,
RUN_20260502_S7_L3_HIGH_75_100_S01_R04,S7_L3_HIGH_75_100,SER_20260502_S7_L3_HIGH_75_100_S01,HW_PLC,HW_PLC,194,194,195,,,,80646000,plc_internal_rd_loc_t_nanosecond,75,100,78.051,3.051003,0,1,1325618436,3,512,0,ok,
RUN_20260502_S7_L3_HIGH_75_100_S01_R04,S7_L3_HIGH_75_100,SER_20260502_S7_L3_HIGH_75_100_S01,HW_PLC,HW_PLC,195,195,196,,,,150678000,plc_internal_rd_loc_t_nanosecond,75,100,70.032,-4.968002,0,1,665548305,3,512,0,ok,
RUN_20260502_S7_L3_HIGH_75_100_S01_R04,S7_L3_HIGH_75_100,SER_20260502_S7_L3_HIGH_75_100_S01,HW_PLC,HW_PLC,196,196,197,,,,223366000,plc_internal_rd_loc_t_nanosecond,75,100,72.688,-2.311996,0,1,977510175,3,512,0,ok,
RUN_20260502_S7_L3_HIGH_75_100_S01_R04,S7_L3_HIGH_75_100,SER_20260502_S7_L3_HIGH_75_100_S01,HW_PLC,HW_PLC,197,197,198,,,,304359000,plc_internal_rd_loc_t_nanosecond,75,100,80.993,5.992996,0,1,116121647,3,512,0,ok,
RUN_20260502_S7_L3_HIGH_75_100_S01_R04,S7_L3_HIGH_75_100,SER_20260502_S7_L3_HIGH_75_100_S01,HW_PLC,HW_PLC,198,198,199,,,,375799000,plc_internal_rd_loc_t_nanosecond,75,100,71.44,-3.559998,0,1,230959424,3,512,0,ok,
RUN_20260502_S7_L3_HIGH_75_100_S01_R04,S7_L3_HIGH_75_100,SER_20260502_S7_L3_HIGH_75_100_S01,HW_PLC,HW_PLC,199,199,200,,,,445711000,plc_internal_rd_loc_t_nanosecond,75,100,69.912,-5.087997,0,0,1324124754,3,512,0,ok,
RUN_20260502_S7_L3_HIGH_75_100_S01_R04,S7_L3_HIGH_75_100,SER_20260502_S7_L3_HIGH_75_100_S01,HW_PLC,HW_PLC,200,200,201,,,,518791000,plc_internal_rd_loc_t_nanosecond,75,100,73.08,-1.919998,0,0,1250227046,3,512,0,ok,
RUN_20260502_S7_L3_HIGH_75_100_S01_R04,S7_L3_HIGH_75_100,SER_20260502_S7_L3_HIGH_75_100_S01,HW_PLC,HW_PLC,201,201,202,,,,590214000,plc_internal_rd_loc_t_nanosecond,75,100,71.423,-3.577003,0,0,11367548,3,512,0,ok,
RUN_20260502_S7_L3_HIGH_75_100_S01_R04,S7_L3_HIGH_75_100,SER_20260502_S7_L3_HIGH_75_100_S01,HW_PLC,HW_PLC,202,202,203,,,,664494000,plc_internal_rd_loc_t_nanosecond,75,100,74.28,-0.7200012,0,0,1904606610,3,512,0,ok,
RUN_20260502_S7_L3_HIGH_75_100_S01_R04,S7_L3_HIGH_75_100,SER_20260502_S7_L3_HIGH_75_100_S01,HW_PLC,HW_PLC,203,203,204,,,,733954000,plc_internal_rd_loc_t_nanosecond,75,100,69.46,-5.540001,0,0,489594539,3,512,0,ok,
RUN_20260502_S7_L3_HIGH_75_100_S01_R04,S7_L3_HIGH_75_100,SER_20260502_S7_L3_HIGH_75_100_S01,HW_PLC,HW_PLC,204,204,205,,,,807207000,plc_internal_rd_loc_t_nanosecond,75,100,73.253,-1.747002,0,0,63391685,3,512,0,ok,
RUN_20260502_S7_L3_HIGH_75_100_S01_R04,S7_L3_HIGH_75_100,SER_20260502_S7_L3_HIGH_75_100_S01,HW_PLC,HW_PLC,205,205,206,,,,883982000,plc_internal_rd_loc_t_nanosecond,75,100,76.775,1.775002,0,0,628099296,3,512,0,ok,
RUN_20260502_S7_L3_HIGH_75_100_S01_R04,S7_L3_HIGH_75_100,SER_20260502_S7_L3_HIGH_75_100_S01,HW_PLC,HW_PLC,206,206,207,,,,954235000,plc_internal_rd_loc_t_nanosecond,75,100,70.253,-4.747002,0,0,38326781,3,512,0,ok,
RUN_20260502_S7_L3_HIGH_75_100_S01_R04,S7_L3_HIGH_75_100,SER_20260502_S7_L3_HIGH_75_100_S01,HW_PLC,HW_PLC,207,207,208,,,,27547000,plc_internal_rd_loc_t_nanosecond,75,100,73.312,-1.688004,0,0,443659035,3,512,0,ok,
RUN_20260502_S7_L3_HIGH_75_100_S01_R04,S7_L3_HIGH_75_100,SER_20260502_S7_L3_HIGH_75_100_S01,HW_PLC,HW_PLC,208,208,209,,,,101563000,plc_internal_rd_loc_t_nanosecond,75,100,74.016,-0.9840012,0,0,1846189114,3,512,0,ok,
RUN_20260502_S7_L3_HIGH_75_100_S01_R04,S7_L3_HIGH_75_100,SER_20260502_S7_L3_HIGH_75_100_S01,HW_PLC,HW_PLC,209,209,210,,,,177877000,plc_internal_rd_loc_t_nanosecond,75,100,76.314,1.314003,0,0,2100534619,3,512,0,ok,
RUN_20260502_S7_L3_HIGH_75_100_S01_R04,S7_L3_HIGH_75_100,SER_20260502_S7_L3_HIGH_75_100_S01,HW_PLC,HW_PLC,210,210,211,,,,251954000,plc_internal_rd_loc_t_nanosecond,75,100,74.077,-0.9229965,0,0,1208788606,3,512,0,ok,
RUN_20260502_S7_L3_HIGH_75_100_S01_R04,S7_L3_HIGH_75_100,SER_20260502_S7_L3_HIGH_75_100_S01,HW_PLC,HW_PLC,211,211,212,,,,325566000,plc_internal_rd_loc_t_nanosecond,75,100,73.612,-1.388,0,0,1320535970,3,512,0,ok,
RUN_20260502_S7_L3_HIGH_75_100_S01_R04,S7_L3_HIGH_75_100,SER_20260502_S7_L3_HIGH_75_100_S01,HW_PLC,HW_PLC,212,212,213,,,,402546000,plc_internal_rd_loc_t_nanosecond,75,100,76.98,1.980003,0,0,290386120,3,512,0,ok,
RUN_20260502_S7_L3_HIGH_75_100_S01_R04,S7_L3_HIGH_75_100,SER_20260502_S7_L3_HIGH_75_100_S01,HW_PLC,HW_PLC,213,213,214,,,,472550000,plc_internal_rd_loc_t_nanosecond,75,100,70.004,-4.996002,0,0,267923951,3,512,0,ok,
RUN_20260502_S7_L3_HIGH_75_100_S01_R04,S7_L3_HIGH_75_100,SER_20260502_S7_L3_HIGH_75_100_S01,HW_PLC,HW_PLC,214,214,215,,,,545931000,plc_internal_rd_loc_t_nanosecond,75,100,73.381,-1.619003,0,0,1255242519,3,512,0,ok,
RUN_20260502_S7_L3_HIGH_75_100_S01_R04,S7_L3_HIGH_75_100,SER_20260502_S7_L3_HIGH_75_100_S01,HW_PLC,HW_PLC,215,215,216,,,,622729000,plc_internal_rd_loc_t_nanosecond,75,100,76.798,1.797997,0,0,1106959425,3,512,0,ok,
RUN_20260502_S7_L3_HIGH_75_100_S01_R04,S7_L3_HIGH_75_100,SER_20260502_S7_L3_HIGH_75_100_S01,HW_PLC,HW_PLC,216,216,217,,,,691921000,plc_internal_rd_loc_t_nanosecond,75,100,69.192,-5.807999,0,0,1972651372,3,512,0,ok,
RUN_20260502_S7_L3_HIGH_75_100_S01_R04,S7_L3_HIGH_75_100,SER_20260502_S7_L3_HIGH_75_100_S01,HW_PLC,HW_PLC,217,217,218,,,,765463000,plc_internal_rd_loc_t_nanosecond,75,100,73.542,-1.458,0,0,1706935961,3,512,0,ok,
RUN_20260502_S7_L3_HIGH_75_100_S01_R04,S7_L3_HIGH_75_100,SER_20260502_S7_L3_HIGH_75_100_S01,HW_PLC,HW_PLC,218,218,219,,,,834437000,plc_internal_rd_loc_t_nanosecond,75,100,68.974,-6.026001,0,0,311906248,3,512,0,ok,
RUN_20260502_S7_L3_HIGH_75_100_S01_R04,S7_L3_HIGH_75_100,SER_20260502_S7_L3_HIGH_75_100_S01,HW_PLC,HW_PLC,219,219,220,,,,903384000,plc_internal_rd_loc_t_nanosecond,75,100,68.947,-6.053001,0,0,2084630775,3,512,0,ok,
RUN_20260502_S7_L3_HIGH_75_100_S01_R04,S7_L3_HIGH_75_100,SER_20260502_S7_L3_HIGH_75_100_S01,HW_PLC,HW_PLC,220,220,221,,,,972305000,plc_internal_rd_loc_t_nanosecond,75,100,68.921,-6.079002,0,0,584751657,3,512,0,ok,
RUN_20260502_S7_L3_HIGH_75_100_S01_R04,S7_L3_HIGH_75_100,SER_20260502_S7_L3_HIGH_75_100_S01,HW_PLC,HW_PLC,221,221,222,,,,41554000,plc_internal_rd_loc_t_nanosecond,75,100,69.249,-5.750999,0,0,109337436,3,512,0,ok,
RUN_20260502_S7_L3_HIGH_75_100_S01_R04,S7_L3_HIGH_75_100,SER_20260502_S7_L3_HIGH_75_100_S01,HW_PLC,HW_PLC,222,222,223,,,,124913000,plc_internal_rd_loc_t_nanosecond,75,100,83.359,8.359001,0,0,660481168,3,512,0,ok,
RUN_20260502_S7_L3_HIGH_75_100_S01_R04,S7_L3_HIGH_75_100,SER_20260502_S7_L3_HIGH_75_100_S01,HW_PLC,HW_PLC,223,223,224,,,,194241000,plc_internal_rd_loc_t_nanosecond,75,100,69.328,-5.671997,0,0,92800454,3,512,0,ok,
RUN_20260502_S7_L3_HIGH_75_100_S01_R04,S7_L3_HIGH_75_100,SER_20260502_S7_L3_HIGH_75_100_S01,HW_PLC,HW_PLC,224,224,225,,,,267526000,plc_internal_rd_loc_t_nanosecond,75,100,73.285,-1.714996,0,0,555871997,3,512,0,ok,
RUN_20260502_S7_L3_HIGH_75_100_S01_R04,S7_L3_HIGH_75_100,SER_20260502_S7_L3_HIGH_75_100_S01,HW_PLC,HW_PLC,225,225,226,,,,338647000,plc_internal_rd_loc_t_nanosecond,75,100,71.121,-3.878998,0,0,2051797045,3,512,0,ok,
RUN_20260502_S7_L3_HIGH_75_100_S01_R04,S7_L3_HIGH_75_100,SER_20260502_S7_L3_HIGH_75_100_S01,HW_PLC,HW_PLC,226,226,227,,,,412823000,plc_internal_rd_loc_t_nanosecond,75,100,74.176,-0.8239975,0,0,287701360,3,512,0,ok,
RUN_20260502_S7_L3_HIGH_75_100_S01_R04,S7_L3_HIGH_75_100,SER_20260502_S7_L3_HIGH_75_100_S01,HW_PLC,HW_PLC,227,227,228,,,,482880000,plc_internal_rd_loc_t_nanosecond,75,100,70.057,-4.943001,0,0,1708137131,3,512,0,ok,
RUN_20260502_S7_L3_HIGH_75_100_S01_R04,S7_L3_HIGH_75_100,SER_20260502_S7_L3_HIGH_75_100_S01,HW_PLC,HW_PLC,228,228,229,,,,555651000,plc_internal_rd_loc_t_nanosecond,75,100,72.771,-2.228996,0,0,2020230120,3,512,0,ok,
RUN_20260502_S7_L3_HIGH_75_100_S01_R04,S7_L3_HIGH_75_100,SER_20260502_S7_L3_HIGH_75_100_S01,HW_PLC,HW_PLC,229,229,230,,,,632456000,plc_internal_rd_loc_t_nanosecond,75,100,76.805,1.805,0,0,1226081575,3,512,0,ok,
RUN_20260502_S7_L3_HIGH_75_100_S01_R04,S7_L3_HIGH_75_100,SER_20260502_S7_L3_HIGH_75_100_S01,HW_PLC,HW_PLC,230,230,231,,,,701586000,plc_internal_rd_loc_t_nanosecond,75,100,69.13,-5.870003,0,0,1475268199,3,512,0,ok,
RUN_20260502_S7_L3_HIGH_75_100_S01_R04,S7_L3_HIGH_75_100,SER_20260502_S7_L3_HIGH_75_100_S01,HW_PLC,HW_PLC,231,231,232,,,,775186000,plc_internal_rd_loc_t_nanosecond,75,100,73.6,-1.400002,0,0,622407593,3,512,0,ok,
RUN_20260502_S7_L3_HIGH_75_100_S01_R04,S7_L3_HIGH_75_100,SER_20260502_S7_L3_HIGH_75_100_S01,HW_PLC,HW_PLC,232,232,233,,,,852930000,plc_internal_rd_loc_t_nanosecond,75,100,77.744,2.744003,0,0,817076460,3,512,0,ok,
RUN_20260502_S7_L3_HIGH_75_100_S01_R04,S7_L3_HIGH_75_100,SER_20260502_S7_L3_HIGH_75_100_S01,HW_PLC,HW_PLC,233,233,234,,,,922495000,plc_internal_rd_loc_t_nanosecond,75,100,69.565,-5.434998,0,0,2061376048,3,512,0,ok,
RUN_20260502_S7_L3_HIGH_75_100_S01_R04,S7_L3_HIGH_75_100,SER_20260502_S7_L3_HIGH_75_100_S01,HW_PLC,HW_PLC,234,234,235,,,,2193000,plc_internal_rd_loc_t_nanosecond,75,100,79.698,4.697998,0,0,62432119,3,512,0,ok,
RUN_20260502_S7_L3_HIGH_75_100_S01_R04,S7_L3_HIGH_75_100,SER_20260502_S7_L3_HIGH_75_100_S01,HW_PLC,HW_PLC,235,235,236,,,,79657000,plc_internal_rd_loc_t_nanosecond,75,100,77.464,2.463997,0,0,1264796862,3,512,0,ok,
RUN_20260502_S7_L3_HIGH_75_100_S01_R04,S7_L3_HIGH_75_100,SER_20260502_S7_L3_HIGH_75_100_S01,HW_PLC,HW_PLC,236,236,237,,,,149377000,plc_internal_rd_loc_t_nanosecond,75,100,69.72,-5.279999,0,0,1375596039,3,512,0,ok,
RUN_20260502_S7_L3_HIGH_75_100_S01_R04,S7_L3_HIGH_75_100,SER_20260502_S7_L3_HIGH_75_100_S01,HW_PLC,HW_PLC,237,237,238,,,,222306000,plc_internal_rd_loc_t_nanosecond,75,100,72.929,-2.070999,0,0,396930898,3,512,0,ok,
RUN_20260502_S7_L3_HIGH_75_100_S01_R04,S7_L3_HIGH_75_100,SER_20260502_S7_L3_HIGH_75_100_S01,HW_PLC,HW_PLC,238,238,239,,,,299167000,plc_internal_rd_loc_t_nanosecond,75,100,76.861,1.861,0,0,478378142,3,512,0,ok,
RUN_20260502_S7_L3_HIGH_75_100_S01_R04,S7_L3_HIGH_75_100,SER_20260502_S7_L3_HIGH_75_100_S01,HW_PLC,HW_PLC,239,239,240,,,,368855000,plc_internal_rd_loc_t_nanosecond,75,100,69.688,-5.311996,0,0,1622039019,3,512,0,ok,
RUN_20260502_S7_L3_HIGH_75_100_S01_R04,S7_L3_HIGH_75_100,SER_20260502_S7_L3_HIGH_75_100_S01,HW_PLC,HW_PLC,240,240,241,,,,442347000,plc_internal_rd_loc_t_nanosecond,75,100,73.492,-1.508003,0,0,1682522938,3,512,0,ok,
RUN_20260502_S7_L3_HIGH_75_100_S01_R04,S7_L3_HIGH_75_100,SER_20260502_S7_L3_HIGH_75_100_S01,HW_PLC,HW_PLC,241,241,242,,,,518303000,plc_internal_rd_loc_t_nanosecond,75,100,75.956,0.9560013,0,0,661931147,3,512,0,ok,
RUN_20260502_S7_L3_HIGH_75_100_S01_R04,S7_L3_HIGH_75_100,SER_20260502_S7_L3_HIGH_75_100_S01,HW_PLC,HW_PLC,242,242,243,,,,587611000,plc_internal_rd_loc_t_nanosecond,75,100,69.308,-5.692001,0,0,709840349,3,512,0,ok,
RUN_20260502_S7_L3_HIGH_75_100_S01_R04,S7_L3_HIGH_75_100,SER_20260502_S7_L3_HIGH_75_100_S01,HW_PLC,HW_PLC,243,243,244,,,,657155000,plc_internal_rd_loc_t_nanosecond,75,100,69.544,-5.456001,0,0,1828351792,3,512,0,ok,
RUN_20260502_S7_L3_HIGH_75_100_S01_R04,S7_L3_HIGH_75_100,SER_20260502_S7_L3_HIGH_75_100_S01,HW_PLC,HW_PLC,244,244,245,,,,730285000,plc_internal_rd_loc_t_nanosecond,75,100,73.13,-1.870003,0,0,1872074885,3,512,0,ok,
RUN_20260502_S7_L3_HIGH_75_100_S01_R04,S7_L3_HIGH_75_100,SER_20260502_S7_L3_HIGH_75_100_S01,HW_PLC,HW_PLC,245,245,246,,,,807221000,plc_internal_rd_loc_t_nanosecond,75,100,76.936,1.935997,0,0,843110876,3,512,0,ok,
RUN_20260502_S7_L3_HIGH_75_100_S01_R04,S7_L3_HIGH_75_100,SER_20260502_S7_L3_HIGH_75_100_S01,HW_PLC,HW_PLC,246,246,247,,,,881672000,plc_internal_rd_loc_t_nanosecond,75,100,74.451,-0.5490036,0,0,891036468,3,512,0,ok,
RUN_20260502_S7_L3_HIGH_75_100_S01_R04,S7_L3_HIGH_75_100,SER_20260502_S7_L3_HIGH_75_100_S01,HW_PLC,HW_PLC,247,247,248,,,,957410000,plc_internal_rd_loc_t_nanosecond,75,100,75.738,0.737999,0,0,2017952909,3,512,0,ok,
RUN_20260502_S7_L3_HIGH_75_100_S01_R04,S7_L3_HIGH_75_100,SER_20260502_S7_L3_HIGH_75_100_S01,HW_PLC,HW_PLC,248,248,249,,,,26547000,plc_internal_rd_loc_t_nanosecond,75,100,69.137,-5.862999,0,0,2078469608,3,512,0,ok,
RUN_20260502_S7_L3_HIGH_75_100_S01_R04,S7_L3_HIGH_75_100,SER_20260502_S7_L3_HIGH_75_100_S01,HW_PLC,HW_PLC,249,249,250,,,,102851000,plc_internal_rd_loc_t_nanosecond,75,100,76.304,1.304001,0,0,1074687813,3,512,0,ok,
RUN_20260502_S7_L3_HIGH_75_100_S01_R04,S7_L3_HIGH_75_100,SER_20260502_S7_L3_HIGH_75_100_S01,HW_PLC,HW_PLC,250,250,251,,,,173206000,plc_internal_rd_loc_t_nanosecond,75,100,70.355,-4.644997,0,0,1156184227,3,512,0,ok,
RUN_20260502_S7_L3_HIGH_75_100_S01_R04,S7_L3_HIGH_75_100,SER_20260502_S7_L3_HIGH_75_100_S01,HW_PLC,HW_PLC,251,251,252,,,,246541000,plc_internal_rd_loc_t_nanosecond,75,100,73.335,-1.665001,0,0,177576451,3,512,0,ok,
RUN_20260502_S7_L3_HIGH_75_100_S01_R04,S7_L3_HIGH_75_100,SER_20260502_S7_L3_HIGH_75_100_S01,HW_PLC,HW_PLC,252,252,253,,,,319202000,plc_internal_rd_loc_t_nanosecond,75,100,72.661,-2.338997,0,0,288441188,3,512,0,ok,
RUN_20260502_S7_L3_HIGH_75_100_S01_R04,S7_L3_HIGH_75_100,SER_20260502_S7_L3_HIGH_75_100_S01,HW_PLC,HW_PLC,253,253,254,,,,391934000,plc_internal_rd_loc_t_nanosecond,75,100,72.732,-2.267998,0,0,1490879686,3,512,0,ok,
RUN_20260502_S7_L3_HIGH_75_100_S01_R04,S7_L3_HIGH_75_100,SER_20260502_S7_L3_HIGH_75_100_S01,HW_PLC,HW_PLC,254,254,255,,,,461576000,plc_internal_rd_loc_t_nanosecond,75,100,69.642,-5.358002,0,0,1639501354,3,512,0,ok,
RUN_20260502_S7_L3_HIGH_75_100_S01_R04,S7_L3_HIGH_75_100,SER_20260502_S7_L3_HIGH_75_100_S01,HW_PLC,HW_PLC,255,255,256,,,,534566000,plc_internal_rd_loc_t_nanosecond,75,100,72.99,-2.010002,0,0,736407440,3,512,0,ok,
RUN_20260502_S7_L3_HIGH_75_100_S01_R04,S7_L3_HIGH_75_100,SER_20260502_S7_L3_HIGH_75_100_S01,HW_PLC,HW_PLC,256,256,257,,,,608646000,plc_internal_rd_loc_t_nanosecond,75,100,74.08,-0.9199982,0,0,931174647,3,512,0,ok,
RUN_20260502_S7_L3_HIGH_75_100_S01_R04,S7_L3_HIGH_75_100,SER_20260502_S7_L3_HIGH_75_100_S01,HW_PLC,HW_PLC,257,257,258,,,,680313000,plc_internal_rd_loc_t_nanosecond,75,100,71.667,-3.333,0,0,78420576,3,512,0,ok,
RUN_20260502_S7_L3_HIGH_75_100_S01_R04,S7_L3_HIGH_75_100,SER_20260502_S7_L3_HIGH_75_100_S01,HW_PLC,HW_PLC,258,258,259,,,,750255000,plc_internal_rd_loc_t_nanosecond,75,100,69.942,-5.057999,0,0,327721930,3,512,0,ok,
RUN_20260502_S7_L3_HIGH_75_100_S01_R04,S7_L3_HIGH_75_100,SER_20260502_S7_L3_HIGH_75_100_S01,HW_PLC,HW_PLC,259,259,260,,,,829979000,plc_internal_rd_loc_t_nanosecond,75,100,79.724,4.723999,0,0,1681179957,3,512,0,ok,
RUN_20260502_S7_L3_HIGH_75_100_S01_R04,S7_L3_HIGH_75_100,SER_20260502_S7_L3_HIGH_75_100_S01,HW_PLC,HW_PLC,260,260,261,,,,907150000,plc_internal_rd_loc_t_nanosecond,75,100,77.171,2.170998,0,0,1993404066,3,512,0,ok,
RUN_20260502_S7_L3_HIGH_75_100_S01_R04,S7_L3_HIGH_75_100,SER_20260502_S7_L3_HIGH_75_100_S01,HW_PLC,HW_PLC,261,261,262,,,,976690000,plc_internal_rd_loc_t_nanosecond,75,100,69.54,-5.459999,0,0,1266495505,3,512,0,ok,
RUN_20260502_S7_L3_HIGH_75_100_S01_R04,S7_L3_HIGH_75_100,SER_20260502_S7_L3_HIGH_75_100_S01,HW_PLC,HW_PLC,262,262,263,,,,50660000,plc_internal_rd_loc_t_nanosecond,75,100,73.97,-1.029999,0,0,1650030977,3,512,0,ok,
RUN_20260502_S7_L3_HIGH_75_100_S01_R04,S7_L3_HIGH_75_100,SER_20260502_S7_L3_HIGH_75_100_S01,HW_PLC,HW_PLC,263,263,264,,,,127473000,plc_internal_rd_loc_t_nanosecond,75,100,76.813,1.813004,0,0,998628083,3,512,0,ok,
RUN_20260502_S7_L3_HIGH_75_100_S01_R04,S7_L3_HIGH_75_100,SER_20260502_S7_L3_HIGH_75_100_S01,HW_PLC,HW_PLC,264,264,265,,,,197371000,plc_internal_rd_loc_t_nanosecond,75,100,69.898,-5.101997,0,0,1461863526,3,512,0,ok,
RUN_20260502_S7_L3_HIGH_75_100_S01_R04,S7_L3_HIGH_75_100,SER_20260502_S7_L3_HIGH_75_100_S01,HW_PLC,HW_PLC,265,265,266,,,,270468000,plc_internal_rd_loc_t_nanosecond,75,100,73.097,-1.903,0,0,894354907,3,512,0,ok,
RUN_20260502_S7_L3_HIGH_75_100_S01_R04,S7_L3_HIGH_75_100,SER_20260502_S7_L3_HIGH_75_100_S01,HW_PLC,HW_PLC,266,266,267,,,,347799000,plc_internal_rd_loc_t_nanosecond,75,100,77.331,2.331001,0,0,1445678929,3,512,0,ok,
RUN_20260502_S7_L3_HIGH_75_100_S01_R04,S7_L3_HIGH_75_100,SER_20260502_S7_L3_HIGH_75_100_S01,HW_PLC,HW_PLC,267,267,268,,,,416540000,plc_internal_rd_loc_t_nanosecond,75,100,68.741,-6.259003,0,0,970453193,3,512,0,ok,
RUN_20260502_S7_L3_HIGH_75_100_S01_R04,S7_L3_HIGH_75_100,SER_20260502_S7_L3_HIGH_75_100_S01,HW_PLC,HW_PLC,268,268,269,,,,489921000,plc_internal_rd_loc_t_nanosecond,75,100,73.381,-1.619003,0,0,1618254402,3,512,0,ok,
RUN_20260502_S7_L3_HIGH_75_100_S01_R04,S7_L3_HIGH_75_100,SER_20260502_S7_L3_HIGH_75_100_S01,HW_PLC,HW_PLC,269,269,270,,,,559279000,plc_internal_rd_loc_t_nanosecond,75,100,69.358,-5.641998,0,0,1243700157,3,512,0,ok,
RUN_20260502_S7_L3_HIGH_75_100_S01_R04,S7_L3_HIGH_75_100,SER_20260502_S7_L3_HIGH_75_100_S01,HW_PLC,HW_PLC,270,270,271,,,,635789000,plc_internal_rd_loc_t_nanosecond,75,100,76.51,1.510002,0,0,1996367161,3,512,0,ok,
RUN_20260502_S7_L3_HIGH_75_100_S01_R04,S7_L3_HIGH_75_100,SER_20260502_S7_L3_HIGH_75_100_S01,HW_PLC,HW_PLC,271,271,272,,,,711811000,plc_internal_rd_loc_t_nanosecond,75,100,76.022,1.022003,0,0,1730873015,3,512,0,ok,
RUN_20260502_S7_L3_HIGH_75_100_S01_R04,S7_L3_HIGH_75_100,SER_20260502_S7_L3_HIGH_75_100_S01,HW_PLC,HW_PLC,272,272,273,,,,785377000,plc_internal_rd_loc_t_nanosecond,75,100,73.566,-1.433998,0,0,449310775,3,512,0,ok,
RUN_20260502_S7_L3_HIGH_75_100_S01_R04,S7_L3_HIGH_75_100,SER_20260502_S7_L3_HIGH_75_100_S01,HW_PLC,HW_PLC,273,273,274,,,,862546000,plc_internal_rd_loc_t_nanosecond,75,100,77.169,2.168999,0,0,301265336,3,512,0,ok,
RUN_20260502_S7_L3_HIGH_75_100_S01_R04,S7_L3_HIGH_75_100,SER_20260502_S7_L3_HIGH_75_100_S01,HW_PLC,HW_PLC,274,274,275,,,,931720000,plc_internal_rd_loc_t_nanosecond,75,100,69.174,-5.825996,0,0,1288829754,3,512,0,ok,
RUN_20260502_S7_L3_HIGH_75_100_S01_R04,S7_L3_HIGH_75_100,SER_20260502_S7_L3_HIGH_75_100_S01,HW_PLC,HW_PLC,275,275,276,,,,5220000,plc_internal_rd_loc_t_nanosecond,75,100,73.5,-1.5,0,0,1266621630,3,512,0,ok,
RUN_20260502_S7_L3_HIGH_75_100_S01_R04,S7_L3_HIGH_75_100,SER_20260502_S7_L3_HIGH_75_100_S01,HW_PLC,HW_PLC,276,276,277,,,,77784000,plc_internal_rd_loc_t_nanosecond,75,100,72.564,-2.435997,0,0,236734020,3,512,0,ok,
RUN_20260502_S7_L3_HIGH_75_100_S01_R04,S7_L3_HIGH_75_100,SER_20260502_S7_L3_HIGH_75_100_S01,HW_PLC,HW_PLC,277,277,278,,,,151532000,plc_internal_rd_loc_t_nanosecond,75,100,73.748,-1.251999,0,0,348751819,3,512,0,ok,
RUN_20260502_S7_L3_HIGH_75_100_S01_R04,S7_L3_HIGH_75_100,SER_20260502_S7_L3_HIGH_75_100_S01,HW_PLC,HW_PLC,278,278,279,,,,221200000,plc_internal_rd_loc_t_nanosecond,75,100,69.668,-5.332001,0,0,1604768083,3,512,0,ok,
RUN_20260502_S7_L3_HIGH_75_100_S01_R04,S7_L3_HIGH_75_100,SER_20260502_S7_L3_HIGH_75_100_S01,HW_PLC,HW_PLC,279,279,280,,,,296514000,plc_internal_rd_loc_t_nanosecond,75,100,75.314,0.314003,0,0,1859400413,3,512,0,ok,
RUN_20260502_S7_L3_HIGH_75_100_S01_R04,S7_L3_HIGH_75_100,SER_20260502_S7_L3_HIGH_75_100_S01,HW_PLC,HW_PLC,280,280,281,,,,373841000,plc_internal_rd_loc_t_nanosecond,75,100,77.327,2.327003,0,0,1114741865,3,512,0,ok,
RUN_20260502_S7_L3_HIGH_75_100_S01_R04,S7_L3_HIGH_75_100,SER_20260502_S7_L3_HIGH_75_100_S01,HW_PLC,HW_PLC,281,281,282,,,,443340000,plc_internal_rd_loc_t_nanosecond,75,100,69.499,-5.500999,0,0,1520377334,3,512,0,ok,
RUN_20260502_S7_L3_HIGH_75_100_S01_R04,S7_L3_HIGH_75_100,SER_20260502_S7_L3_HIGH_75_100_S01,HW_PLC,HW_PLC,282,282,283,,,,516299000,plc_internal_rd_loc_t_nanosecond,75,100,72.959,-2.041,0,0,930916229,3,512,0,ok,
RUN_20260502_S7_L3_HIGH_75_100_S01_R04,S7_L3_HIGH_75_100,SER_20260502_S7_L3_HIGH_75_100_S01,HW_PLC,HW_PLC,283,283,284,,,,591622000,plc_internal_rd_loc_t_nanosecond,75,100,75.323,0.322998,0,0,1495943445,3,512,0,ok,
RUN_20260502_S7_L3_HIGH_75_100_S01_R04,S7_L3_HIGH_75_100,SER_20260502_S7_L3_HIGH_75_100_S01,HW_PLC,HW_PLC,284,284,285,,,,660462000,plc_internal_rd_loc_t_nanosecond,75,100,68.84,-6.160004,0,0,1070068391,3,512,0,ok,
RUN_20260502_S7_L3_HIGH_75_100_S01_R04,S7_L3_HIGH_75_100,SER_20260502_S7_L3_HIGH_75_100_S01,HW_PLC,HW_PLC,285,285,286,,,,729286000,plc_internal_rd_loc_t_nanosecond,75,100,68.824,-6.176003,0,0,1802875962,3,512,0,ok,
RUN_20260502_S7_L3_HIGH_75_100_S01_R04,S7_L3_HIGH_75_100,SER_20260502_S7_L3_HIGH_75_100_S01,HW_PLC,HW_PLC,286,286,287,,,,797904000,plc_internal_rd_loc_t_nanosecond,75,100,68.618,-6.382004,0,0,1548975567,3,512,0,ok,
RUN_20260502_S7_L3_HIGH_75_100_S01_R04,S7_L3_HIGH_75_100,SER_20260502_S7_L3_HIGH_75_100_S01,HW_PLC,HW_PLC,287,287,288,,,,874599000,plc_internal_rd_loc_t_nanosecond,75,100,76.695,1.695,0,0,310468454,3,512,0,ok,
RUN_20260502_S7_L3_HIGH_75_100_S01_R04,S7_L3_HIGH_75_100,SER_20260502_S7_L3_HIGH_75_100_S01,HW_PLC,HW_PLC,288,288,289,,,,944950000,plc_internal_rd_loc_t_nanosecond,75,100,70.351,-4.649002,0,0,236931326,3,512,0,ok,
RUN_20260502_S7_L3_HIGH_75_100_S01_R04,S7_L3_HIGH_75_100,SER_20260502_S7_L3_HIGH_75_100_S01,HW_PLC,HW_PLC,289,289,290,,,,18534000,plc_internal_rd_loc_t_nanosecond,75,100,73.584,-1.416,0,0,1330465431,3,512,0,ok,
RUN_20260502_S7_L3_HIGH_75_100_S01_R04,S7_L3_HIGH_75_100,SER_20260502_S7_L3_HIGH_75_100_S01,HW_PLC,HW_PLC,290,290,291,,,,89576000,plc_internal_rd_loc_t_nanosecond,75,100,71.042,-3.958,0,0,1445680178,3,512,0,ok,
RUN_20260502_S7_L3_HIGH_75_100_S01_R04,S7_L3_HIGH_75_100,SER_20260502_S7_L3_HIGH_75_100_S01,HW_PLC,HW_PLC,291,291,292,,,,164297000,plc_internal_rd_loc_t_nanosecond,75,100,74.721,-0.2789993,0,0,584676815,3,512,0,ok,
RUN_20260502_S7_L3_HIGH_75_100_S01_R04,S7_L3_HIGH_75_100,SER_20260502_S7_L3_HIGH_75_100_S01,HW_PLC,HW_PLC,292,292,293,,,,234358000,plc_internal_rd_loc_t_nanosecond,75,100,70.061,-4.939003,0,0,897032045,3,512,0,ok,
RUN_20260502_S7_L3_HIGH_75_100_S01_R04,S7_L3_HIGH_75_100,SER_20260502_S7_L3_HIGH_75_100_S01,HW_PLC,HW_PLC,293,293,294,,,,307188000,plc_internal_rd_loc_t_nanosecond,75,100,72.83,-2.169998,0,0,237363469,3,512,0,ok,
RUN_20260502_S7_L3_HIGH_75_100_S01_R04,S7_L3_HIGH_75_100,SER_20260502_S7_L3_HIGH_75_100_S01,HW_PLC,HW_PLC,294,294,295,,,,384236000,plc_internal_rd_loc_t_nanosecond,75,100,77.048,2.047997,0,0,755247790,3,512,0,ok,
RUN_20260502_S7_L3_HIGH_75_100_S01_R04,S7_L3_HIGH_75_100,SER_20260502_S7_L3_HIGH_75_100_S01,HW_PLC,HW_PLC,295,295,296,,,,453634000,plc_internal_rd_loc_t_nanosecond,75,100,69.398,-5.601997,0,0,305302609,3,512,0,ok,
RUN_20260502_S7_L3_HIGH_75_100_S01_R04,S7_L3_HIGH_75_100,SER_20260502_S7_L3_HIGH_75_100_S01,HW_PLC,HW_PLC,296,296,297,,,,533333000,plc_internal_rd_loc_t_nanosecond,75,100,79.699,4.698997,0,0,1037104629,3,512,0,ok,
RUN_20260502_S7_L3_HIGH_75_100_S01_R04,S7_L3_HIGH_75_100,SER_20260502_S7_L3_HIGH_75_100_S01,HW_PLC,HW_PLC,297,297,298,,,,608281000,plc_internal_rd_loc_t_nanosecond,75,100,74.948,-0.05200195,0,0,805271451,3,512,0,ok,
RUN_20260502_S7_L3_HIGH_75_100_S01_R04,S7_L3_HIGH_75_100,SER_20260502_S7_L3_HIGH_75_100_S01,HW_PLC,HW_PLC,298,298,299,,,,678896000,plc_internal_rd_loc_t_nanosecond,75,100,70.615,-4.385002,0,0,1759379778,3,512,0,ok,
RUN_20260502_S7_L3_HIGH_75_100_S01_R04,S7_L3_HIGH_75_100,SER_20260502_S7_L3_HIGH_75_100_S01,HW_PLC,HW_PLC,299,299,300,,,,748771000,plc_internal_rd_loc_t_nanosecond,75,100,69.875,-5.125,0,1,1754047211,3,512,0,ok,
RUN_20260502_S7_L3_HIGH_75_100_S01_R04,S7_L3_HIGH_75_100,SER_20260502_S7_L3_HIGH_75_100_S01,HW_PLC,HW_PLC,300,300,301,,,,821947000,plc_internal_rd_loc_t_nanosecond,75,100,73.176,-1.823997,0,1,791366806,3,512,0,ok,
RUN_20260502_S7_L3_HIGH_75_100_S01_R04,S7_L3_HIGH_75_100,SER_20260502_S7_L3_HIGH_75_100_S01,HW_PLC,HW_PLC,301,301,302,,,,896352000,plc_internal_rd_loc_t_nanosecond,75,100,74.405,-0.5950012,0,1,1020923458,3,512,0,ok,
RUN_20260502_S7_L3_HIGH_75_100_S01_R04,S7_L3_HIGH_75_100,SER_20260502_S7_L3_HIGH_75_100_S01,HW_PLC,HW_PLC,302,302,303,,,,968274000,plc_internal_rd_loc_t_nanosecond,75,100,71.922,-3.078003,0,1,297326576,3,512,0,ok,
RUN_20260502_S7_L3_HIGH_75_100_S01_R04,S7_L3_HIGH_75_100,SER_20260502_S7_L3_HIGH_75_100_S01,HW_PLC,HW_PLC,303,303,304,,,,37956000,plc_internal_rd_loc_t_nanosecond,75,100,69.682,-5.318001,0,1,770161055,3,512,0,ok,
RUN_20260502_S7_L3_HIGH_75_100_S01_R04,S7_L3_HIGH_75_100,SER_20260502_S7_L3_HIGH_75_100_S01,HW_PLC,HW_PLC,304,304,305,,,,111339000,plc_internal_rd_loc_t_nanosecond,75,100,73.383,-1.616997,0,1,294036304,3,512,0,ok,
RUN_20260502_S7_L3_HIGH_75_100_S01_R04,S7_L3_HIGH_75_100,SER_20260502_S7_L3_HIGH_75_100_S01,HW_PLC,HW_PLC,305,305,306,,,,188282000,plc_internal_rd_loc_t_nanosecond,75,100,76.943,1.943001,0,1,1018537218,3,512,0,ok,
RUN_20260502_S7_L3_HIGH_75_100_S01_R04,S7_L3_HIGH_75_100,SER_20260502_S7_L3_HIGH_75_100_S01,HW_PLC,HW_PLC,306,306,307,,,,258247000,plc_internal_rd_loc_t_nanosecond,75,100,69.965,-5.035004,0,1,798273206,3,512,0,ok,
RUN_20260502_S7_L3_HIGH_75_100_S01_R04,S7_L3_HIGH_75_100,SER_20260502_S7_L3_HIGH_75_100_S01,HW_PLC,HW_PLC,307,307,308,,,,331771000,plc_internal_rd_loc_t_nanosecond,75,100,73.524,-1.475998,0,1,1782829163,3,512,0,ok,
RUN_20260502_S7_L3_HIGH_75_100_S01_R04,S7_L3_HIGH_75_100,SER_20260502_S7_L3_HIGH_75_100_S01,HW_PLC,HW_PLC,308,308,309,,,,414911000,plc_internal_rd_loc_t_nanosecond,75,100,83.14,8.139999,0,1,1826814498,3,512,0,ok,
RUN_20260502_S7_L3_HIGH_75_100_S01_R04,S7_L3_HIGH_75_100,SER_20260502_S7_L3_HIGH_75_100_S01,HW_PLC,HW_PLC,309,309,310,,,,485476000,plc_internal_rd_loc_t_nanosecond,75,100,70.565,-4.434998,0,1,932330459,3,512,0,ok,
RUN_20260502_S7_L3_HIGH_75_100_S01_R04,S7_L3_HIGH_75_100,SER_20260502_S7_L3_HIGH_75_100_S01,HW_PLC,HW_PLC,310,310,311,,,,558810000,plc_internal_rd_loc_t_nanosecond,75,100,73.334,-1.666,0,1,1248953749,3,512,0,ok,
RUN_20260502_S7_L3_HIGH_75_100_S01_R04,S7_L3_HIGH_75_100,SER_20260502_S7_L3_HIGH_75_100_S01,HW_PLC,HW_PLC,311,311,312,,,,634590000,plc_internal_rd_loc_t_nanosecond,75,100,75.78,0.7799988,0,1,631301969,3,512,0,ok,
RUN_20260502_S7_L3_HIGH_75_100_S01_R04,S7_L3_HIGH_75_100,SER_20260502_S7_L3_HIGH_75_100_S01,HW_PLC,HW_PLC,312,312,313,,,,703952000,plc_internal_rd_loc_t_nanosecond,75,100,69.362,-5.638,0,1,1228951822,3,512,0,ok,
RUN_20260502_S7_L3_HIGH_75_100_S01_R04,S7_L3_HIGH_75_100,SER_20260502_S7_L3_HIGH_75_100_S01,HW_PLC,HW_PLC,313,313,314,,,,773991000,plc_internal_rd_loc_t_nanosecond,75,100,70.039,-4.960999,0,1,896520909,3,512,0,ok,
RUN_20260502_S7_L3_HIGH_75_100_S01_R04,S7_L3_HIGH_75_100,SER_20260502_S7_L3_HIGH_75_100_S01,HW_PLC,HW_PLC,314,314,315,,,,847237000,plc_internal_rd_loc_t_nanosecond,75,100,73.246,-1.753998,0,1,1783585933,3,512,0,ok,
RUN_20260502_S7_L3_HIGH_75_100_S01_R04,S7_L3_HIGH_75_100,SER_20260502_S7_L3_HIGH_75_100_S01,HW_PLC,HW_PLC,315,315,316,,,,922518000,plc_internal_rd_loc_t_nanosecond,75,100,75.281,0.2809982,0,1,1744764495,3,512,0,ok,
RUN_20260502_S7_L3_HIGH_75_100_S01_R04,S7_L3_HIGH_75_100,SER_20260502_S7_L3_HIGH_75_100_S01,HW_PLC,HW_PLC,316,316,317,,,,992734000,plc_internal_rd_loc_t_nanosecond,75,100,70.216,-4.783997,0,1,782149651,3,512,0,ok,
RUN_20260502_S7_L3_HIGH_75_100_S01_R04,S7_L3_HIGH_75_100,SER_20260502_S7_L3_HIGH_75_100_S01,HW_PLC,HW_PLC,317,317,318,,,,63259000,plc_internal_rd_loc_t_nanosecond,75,100,70.525,-4.474998,0,1,1045326296,3,512,0,ok,
RUN_20260502_S7_L3_HIGH_75_100_S01_R04,S7_L3_HIGH_75_100,SER_20260502_S7_L3_HIGH_75_100_S01,HW_PLC,HW_PLC,318,318,319,,,,135702000,plc_internal_rd_loc_t_nanosecond,75,100,72.443,-2.556999,0,1,388903839,3,512,0,ok,
RUN_20260502_S7_L3_HIGH_75_100_S01_R04,S7_L3_HIGH_75_100,SER_20260502_S7_L3_HIGH_75_100_S01,HW_PLC,HW_PLC,319,319,320,,,,212404000,plc_internal_rd_loc_t_nanosecond,75,100,76.702,1.702003,0,1,962467175,3,512,0,ok,
RUN_20260502_S7_L3_HIGH_75_100_S01_R04,S7_L3_HIGH_75_100,SER_20260502_S7_L3_HIGH_75_100_S01,HW_PLC,HW_PLC,320,320,321,,,,288818000,plc_internal_rd_loc_t_nanosecond,75,100,76.414,1.414001,0,1,620625713,3,512,0,ok,
RUN_20260502_S7_L3_HIGH_75_100_S01_R04,S7_L3_HIGH_75_100,SER_20260502_S7_L3_HIGH_75_100_S01,HW_PLC,HW_PLC,321,321,322,,,,362502000,plc_internal_rd_loc_t_nanosecond,75,100,73.684,-1.316002,0,1,1512964348,3,512,0,ok,
RUN_20260502_S7_L3_HIGH_75_100_S01_R04,S7_L3_HIGH_75_100,SER_20260502_S7_L3_HIGH_75_100_S01,HW_PLC,HW_PLC,322,322,323,,,,439340000,plc_internal_rd_loc_t_nanosecond,75,100,76.838,1.837997,0,1,1494092489,3,512,0,ok,
RUN_20260502_S7_L3_HIGH_75_100_S01_R04,S7_L3_HIGH_75_100,SER_20260502_S7_L3_HIGH_75_100_S01,HW_PLC,HW_PLC,323,323,324,,,,508503000,plc_internal_rd_loc_t_nanosecond,75,100,69.163,-5.836998,0,1,566111384,3,512,0,ok,
RUN_20260502_S7_L3_HIGH_75_100_S01_R04,S7_L3_HIGH_75_100,SER_20260502_S7_L3_HIGH_75_100_S01,HW_PLC,HW_PLC,324,324,325,,,,581809000,plc_internal_rd_loc_t_nanosecond,75,100,73.306,-1.694,0,1,878597736,3,512,0,ok,
RUN_20260502_S7_L3_HIGH_75_100_S01_R04,S7_L3_HIGH_75_100,SER_20260502_S7_L3_HIGH_75_100_S01,HW_PLC,HW_PLC,325,325,326,,,,652705000,plc_internal_rd_loc_t_nanosecond,75,100,70.896,-4.103996,0,1,286169146,3,512,0,ok,
RUN_20260502_S7_L3_HIGH_75_100_S01_R04,S7_L3_HIGH_75_100,SER_20260502_S7_L3_HIGH_75_100_S01,HW_PLC,HW_PLC,326,326,327,,,,727746000,plc_internal_rd_loc_t_nanosecond,75,100,75.041,0.04100037,0,1,938402317,3,512,0,ok,
RUN_20260502_S7_L3_HIGH_75_100_S01_R04,S7_L3_HIGH_75_100,SER_20260502_S7_L3_HIGH_75_100_S01,HW_PLC,HW_PLC,327,327,328,,,,797763000,plc_internal_rd_loc_t_nanosecond,75,100,70.017,-4.983002,0,1,689914850,3,512,0,ok,
RUN_20260502_S7_L3_HIGH_75_100_S01_R04,S7_L3_HIGH_75_100,SER_20260502_S7_L3_HIGH_75_100_S01,HW_PLC,HW_PLC,328,328,329,,,,870514000,plc_internal_rd_loc_t_nanosecond,75,100,72.751,-2.249001,0,1,1690283448,3,512,0,ok,
RUN_20260502_S7_L3_HIGH_75_100_S01_R04,S7_L3_HIGH_75_100,SER_20260502_S7_L3_HIGH_75_100_S01,HW_PLC,HW_PLC,329,329,330,,,,944983000,plc_internal_rd_loc_t_nanosecond,75,100,74.469,-0.5309982,0,1,1794125712,3,512,0,ok,
RUN_20260502_S7_L3_HIGH_75_100_S01_R04,S7_L3_HIGH_75_100,SER_20260502_S7_L3_HIGH_75_100_S01,HW_PLC,HW_PLC,330,330,331,,,,16264000,plc_internal_rd_loc_t_nanosecond,75,100,71.281,-3.719002,0,1,1003534698,3,512,0,ok,
RUN_20260502_S7_L3_HIGH_75_100_S01_R04,S7_L3_HIGH_75_100,SER_20260502_S7_L3_HIGH_75_100_S01,HW_PLC,HW_PLC,331,331,332,,,,85632000,plc_internal_rd_loc_t_nanosecond,75,100,69.368,-5.632004,0,1,1468095301,3,512,0,ok,
RUN_20260502_S7_L3_HIGH_75_100_S01_R04,S7_L3_HIGH_75_100,SER_20260502_S7_L3_HIGH_75_100_S01,HW_PLC,HW_PLC,332,332,333,,,,159262000,plc_internal_rd_loc_t_nanosecond,75,100,73.63,-1.370003,0,1,1042416930,3,512,0,ok,
RUN_20260502_S7_L3_HIGH_75_100_S01_R04,S7_L3_HIGH_75_100,SER_20260502_S7_L3_HIGH_75_100_S01,HW_PLC,HW_PLC,333,333,334,,,,242756000,plc_internal_rd_loc_t_nanosecond,75,100,83.494,8.494003,0,1,1876084480,3,512,0,ok,
RUN_20260502_S7_L3_HIGH_75_100_S01_R04,S7_L3_HIGH_75_100,SER_20260502_S7_L3_HIGH_75_100_S01,HW_PLC,HW_PLC,334,334,335,,,,312271000,plc_internal_rd_loc_t_nanosecond,75,100,69.515,-5.485001,0,1,1823707360,3,512,0,ok,
RUN_20260502_S7_L3_HIGH_75_100_S01_R04,S7_L3_HIGH_75_100,SER_20260502_S7_L3_HIGH_75_100_S01,HW_PLC,HW_PLC,335,335,336,,,,385545000,plc_internal_rd_loc_t_nanosecond,75,100,73.274,-1.725998,0,1,887386818,3,512,0,ok,
RUN_20260502_S7_L3_HIGH_75_100_S01_R04,S7_L3_HIGH_75_100,SER_20260502_S7_L3_HIGH_75_100_S01,HW_PLC,HW_PLC,336,336,337,,,,461225000,plc_internal_rd_loc_t_nanosecond,75,100,75.68,0.6800003,0,1,1216699557,3,512,0,ok,
RUN_20260502_S7_L3_HIGH_75_100_S01_R04,S7_L3_HIGH_75_100,SER_20260502_S7_L3_HIGH_75_100_S01,HW_PLC,HW_PLC,337,337,338,,,,531171000,plc_internal_rd_loc_t_nanosecond,75,100,69.946,-5.054001,0,1,666263178,3,512,0,ok,
RUN_20260502_S7_L3_HIGH_75_100_S01_R04,S7_L3_HIGH_75_100,SER_20260502_S7_L3_HIGH_75_100_S01,HW_PLC,HW_PLC,338,338,339,,,,600784000,plc_internal_rd_loc_t_nanosecond,75,100,69.613,-5.387001,0,1,1385654384,3,512,0,ok,
RUN_20260502_S7_L3_HIGH_75_100_S01_R04,S7_L3_HIGH_75_100,SER_20260502_S7_L3_HIGH_75_100_S01,HW_PLC,HW_PLC,339,339,340,,,,673519000,plc_internal_rd_loc_t_nanosecond,75,100,72.735,-2.264999,0,1,1229490776,3,512,0,ok,
RUN_20260502_S7_L3_HIGH_75_100_S01_R04,S7_L3_HIGH_75_100,SER_20260502_S7_L3_HIGH_75_100_S01,HW_PLC,HW_PLC,340,340,341,,,,749422000,plc_internal_rd_loc_t_nanosecond,75,100,75.903,0.9029999,0,1,199865410,3,512,0,ok,
RUN_20260502_S7_L3_HIGH_75_100_S01_R04,S7_L3_HIGH_75_100,SER_20260502_S7_L3_HIGH_75_100_S01,HW_PLC,HW_PLC,341,341,342,,,,819155000,plc_internal_rd_loc_t_nanosecond,75,100,69.733,-5.266998,0,1,446363181,3,512,0,ok,
RUN_20260502_S7_L3_HIGH_75_100_S01_R04,S7_L3_HIGH_75_100,SER_20260502_S7_L3_HIGH_75_100_S01,HW_PLC,HW_PLC,342,342,343,,,,888362000,plc_internal_rd_loc_t_nanosecond,75,100,69.207,-5.792999,0,1,1971077145,3,512,0,ok,
RUN_20260502_S7_L3_HIGH_75_100_S01_R04,S7_L3_HIGH_75_100,SER_20260502_S7_L3_HIGH_75_100_S01,HW_PLC,HW_PLC,343,343,344,,,,961950000,plc_internal_rd_loc_t_nanosecond,75,100,73.588,-1.412003,0,1,481141256,3,512,0,ok,
RUN_20260502_S7_L3_HIGH_75_100_S01_R04,S7_L3_HIGH_75_100,SER_20260502_S7_L3_HIGH_75_100_S01,HW_PLC,HW_PLC,344,344,345,,,,38632000,plc_internal_rd_loc_t_nanosecond,75,100,76.682,1.681999,0,1,273615864,3,512,0,ok,
RUN_20260502_S7_L3_HIGH_75_100_S01_R04,S7_L3_HIGH_75_100,SER_20260502_S7_L3_HIGH_75_100_S01,HW_PLC,HW_PLC,345,345,346,,,,115635000,plc_internal_rd_loc_t_nanosecond,75,100,77.003,2.002998,0,1,1350602217,3,512,0,ok,
RUN_20260502_S7_L3_HIGH_75_100_S01_R04,S7_L3_HIGH_75_100,SER_20260502_S7_L3_HIGH_75_100_S01,HW_PLC,HW_PLC,346,346,347,,,,189213000,plc_internal_rd_loc_t_nanosecond,75,100,73.578,-1.421997,0,1,1566709724,3,512,0,ok,
RUN_20260502_S7_L3_HIGH_75_100_S01_R04,S7_L3_HIGH_75_100,SER_20260502_S7_L3_HIGH_75_100_S01,HW_PLC,HW_PLC,347,347,348,,,,264539000,plc_internal_rd_loc_t_nanosecond,75,100,75.326,0.3259964,0,1,924039633,3,512,0,ok,
RUN_20260502_S7_L3_HIGH_75_100_S01_R04,S7_L3_HIGH_75_100,SER_20260502_S7_L3_HIGH_75_100_S01,HW_PLC,HW_PLC,348,348,349,,,,337358000,plc_internal_rd_loc_t_nanosecond,75,100,72.819,-2.181,0,1,1572168647,3,512,0,ok,
RUN_20260502_S7_L3_HIGH_75_100_S01_R04,S7_L3_HIGH_75_100,SER_20260502_S7_L3_HIGH_75_100_S01,HW_PLC,HW_PLC,349,349,350,,,,406535000,plc_internal_rd_loc_t_nanosecond,75,100,69.177,-5.822998,0,1,1365714367,3,512,0,ok,
RUN_20260502_S7_L3_HIGH_75_100_S01_R04,S7_L3_HIGH_75_100,SER_20260502_S7_L3_HIGH_75_100_S01,HW_PLC,HW_PLC,350,350,351,,,,479851000,plc_internal_rd_loc_t_nanosecond,75,100,73.316,-1.683998,0,1,306769849,3,512,0,ok,
RUN_20260502_S7_L3_HIGH_75_100_S01_R04,S7_L3_HIGH_75_100,SER_20260502_S7_L3_HIGH_75_100_S01,HW_PLC,HW_PLC,351,351,352,,,,557213000,plc_internal_rd_loc_t_nanosecond,75,100,77.362,2.362,0,1,544919988,3,512,0,ok,
RUN_20260502_S7_L3_HIGH_75_100_S01_R04,S7_L3_HIGH_75_100,SER_20260502_S7_L3_HIGH_75_100_S01,HW_PLC,HW_PLC,352,352,353,,,,626895000,plc_internal_rd_loc_t_nanosecond,75,100,69.682,-5.318001,0,1,2082257840,3,512,0,ok,
RUN_20260502_S7_L3_HIGH_75_100_S01_R04,S7_L3_HIGH_75_100,SER_20260502_S7_L3_HIGH_75_100_S01,HW_PLC,HW_PLC,353,353,354,,,,699404000,plc_internal_rd_loc_t_nanosecond,75,100,72.509,-2.490997,0,1,625917359,3,512,0,ok,
RUN_20260502_S7_L3_HIGH_75_100_S01_R04,S7_L3_HIGH_75_100,SER_20260502_S7_L3_HIGH_75_100_S01,HW_PLC,HW_PLC,354,354,355,,,,776499000,plc_internal_rd_loc_t_nanosecond,75,100,77.095,2.095001,0,1,472958895,3,512,0,ok,
RUN_20260502_S7_L3_HIGH_75_100_S01_R04,S7_L3_HIGH_75_100,SER_20260502_S7_L3_HIGH_75_100_S01,HW_PLC,HW_PLC,355,355,356,,,,846332000,plc_internal_rd_loc_t_nanosecond,75,100,69.833,-5.167,0,1,1625483696,3,512,0,ok,
RUN_20260502_S7_L3_HIGH_75_100_S01_R04,S7_L3_HIGH_75_100,SER_20260502_S7_L3_HIGH_75_100_S01,HW_PLC,HW_PLC,356,356,357,,,,919631000,plc_internal_rd_loc_t_nanosecond,75,100,73.299,-1.700996,0,1,1938101171,3,512,0,ok,
RUN_20260502_S7_L3_HIGH_75_100_S01_R04,S7_L3_HIGH_75_100,SER_20260502_S7_L3_HIGH_75_100_S01,HW_PLC,HW_PLC,357,357,358,,,,998889000,plc_internal_rd_loc_t_nanosecond,75,100,79.258,4.258003,0,1,1412912568,3,512,0,ok,
RUN_20260502_S7_L3_HIGH_75_100_S01_R04,S7_L3_HIGH_75_100,SER_20260502_S7_L3_HIGH_75_100_S01,HW_PLC,HW_PLC,358,358,359,,,,72327000,plc_internal_rd_loc_t_nanosecond,75,100,73.438,-1.561996,0,1,52010943,3,512,0,ok,
RUN_20260502_S7_L3_HIGH_75_100_S01_R04,S7_L3_HIGH_75_100,SER_20260502_S7_L3_HIGH_75_100_S01,HW_PLC,HW_PLC,359,359,360,,,,141846000,plc_internal_rd_loc_t_nanosecond,75,100,69.519,-5.481003,0,1,4981191,3,512,0,ok,
RUN_20260502_S7_L3_HIGH_75_100_S01_R04,S7_L3_HIGH_75_100,SER_20260502_S7_L3_HIGH_75_100_S01,HW_PLC,HW_PLC,360,360,361,,,,214853000,plc_internal_rd_loc_t_nanosecond,75,100,73.007,-1.992996,0,1,1273916368,3,512,0,ok,
RUN_20260502_S7_L3_HIGH_75_100_S01_R04,S7_L3_HIGH_75_100,SER_20260502_S7_L3_HIGH_75_100_S01,HW_PLC,HW_PLC,361,361,362,,,,290810000,plc_internal_rd_loc_t_nanosecond,75,100,75.957,0.9570007,0,1,1713434075,3,512,0,ok,
RUN_20260502_S7_L3_HIGH_75_100_S01_R04,S7_L3_HIGH_75_100,SER_20260502_S7_L3_HIGH_75_100_S01,HW_PLC,HW_PLC,362,362,363,,,,361261000,plc_internal_rd_loc_t_nanosecond,75,100,70.451,-4.549004,0,1,1325627368,3,512,0,ok,
RUN_20260502_S7_L3_HIGH_75_100_S01_R04,S7_L3_HIGH_75_100,SER_20260502_S7_L3_HIGH_75_100_S01,HW_PLC,HW_PLC,363,363,364,,,,431272000,plc_internal_rd_loc_t_nanosecond,75,100,70.011,-4.988998,0,1,112597495,3,512,0,ok,
RUN_20260502_S7_L3_HIGH_75_100_S01_R04,S7_L3_HIGH_75_100,SER_20260502_S7_L3_HIGH_75_100_S01,HW_PLC,HW_PLC,364,364,365,,,,503967000,plc_internal_rd_loc_t_nanosecond,75,100,72.695,-2.305,0,1,223921159,3,512,0,ok,
RUN_20260502_S7_L3_HIGH_75_100_S01_R04,S7_L3_HIGH_75_100,SER_20260502_S7_L3_HIGH_75_100_S01,HW_PLC,HW_PLC,365,365,366,,,,580977000,plc_internal_rd_loc_t_nanosecond,75,100,77.01,2.010002,0,1,1661699608,3,512,0,ok,
RUN_20260502_S7_L3_HIGH_75_100_S01_R04,S7_L3_HIGH_75_100,SER_20260502_S7_L3_HIGH_75_100_S01,HW_PLC,HW_PLC,366,366,367,,,,651386000,plc_internal_rd_loc_t_nanosecond,75,100,70.409,-4.591003,0,1,133058604,3,512,0,ok,
RUN_20260502_S7_L3_HIGH_75_100_S01_R04,S7_L3_HIGH_75_100,SER_20260502_S7_L3_HIGH_75_100_S01,HW_PLC,HW_PLC,367,367,368,,,,723700000,plc_internal_rd_loc_t_nanosecond,75,100,72.314,-2.685997,0,1,2082550336,3,512,0,ok,
RUN_20260502_S7_L3_HIGH_75_100_S01_R04,S7_L3_HIGH_75_100,SER_20260502_S7_L3_HIGH_75_100_S01,HW_PLC,HW_PLC,368,368,369,,,,800643000,plc_internal_rd_loc_t_nanosecond,75,100,76.943,1.943001,0,1,1069816919,3,512,0,ok,
RUN_20260502_S7_L3_HIGH_75_100_S01_R04,S7_L3_HIGH_75_100,SER_20260502_S7_L3_HIGH_75_100_S01,HW_PLC,HW_PLC,369,369,370,,,,873204000,plc_internal_rd_loc_t_nanosecond,75,100,72.561,-2.439003,0,1,1391926895,3,512,0,ok,
RUN_20260502_S7_L3_HIGH_75_100_S01_R04,S7_L3_HIGH_75_100,SER_20260502_S7_L3_HIGH_75_100_S01,HW_PLC,HW_PLC,370,370,371,,,,951132000,plc_internal_rd_loc_t_nanosecond,75,100,77.928,2.928001,0,1,903489673,3,512,0,ok,
RUN_20260502_S7_L3_HIGH_75_100_S01_R04,S7_L3_HIGH_75_100,SER_20260502_S7_L3_HIGH_75_100_S01,HW_PLC,HW_PLC,371,371,372,,,,26335000,plc_internal_rd_loc_t_nanosecond,75,100,75.203,0.2030029,0,1,1754090148,3,512,0,ok,
RUN_20260502_S7_L3_HIGH_75_100_S01_R04,S7_L3_HIGH_75_100,SER_20260502_S7_L3_HIGH_75_100_S01,HW_PLC,HW_PLC,372,372,373,,,,96618000,plc_internal_rd_loc_t_nanosecond,75,100,70.283,-4.717003,0,1,1798337729,3,512,0,ok,
RUN_20260502_S7_L3_HIGH_75_100_S01_R04,S7_L3_HIGH_75_100,SER_20260502_S7_L3_HIGH_75_100_S01,HW_PLC,HW_PLC,373,373,374,,,,166278000,plc_internal_rd_loc_t_nanosecond,75,100,69.66,-5.339996,0,1,1038333664,3,512,0,ok,
RUN_20260502_S7_L3_HIGH_75_100_S01_R04,S7_L3_HIGH_75_100,SER_20260502_S7_L3_HIGH_75_100_S01,HW_PLC,HW_PLC,374,374,375,,,,239210000,plc_internal_rd_loc_t_nanosecond,75,100,72.932,-2.068001,0,1,1623654656,3,512,0,ok,
RUN_20260502_S7_L3_HIGH_75_100_S01_R04,S7_L3_HIGH_75_100,SER_20260502_S7_L3_HIGH_75_100_S01,HW_PLC,HW_PLC,375,375,376,,,,315642000,plc_internal_rd_loc_t_nanosecond,75,100,76.432,1.431999,0,1,1408918306,3,512,0,ok,
RUN_20260502_S7_L3_HIGH_75_100_S01_R04,S7_L3_HIGH_75_100,SER_20260502_S7_L3_HIGH_75_100_S01,HW_PLC,HW_PLC,376,376,377,,,,385788000,plc_internal_rd_loc_t_nanosecond,75,100,70.146,-4.853996,0,1,396217670,3,512,0,ok,
RUN_20260502_S7_L3_HIGH_75_100_S01_R04,S7_L3_HIGH_75_100,SER_20260502_S7_L3_HIGH_75_100_S01,HW_PLC,HW_PLC,377,377,378,,,,459308000,plc_internal_rd_loc_t_nanosecond,75,100,73.52,-1.480003,0,1,735137643,3,512,0,ok,
RUN_20260502_S7_L3_HIGH_75_100_S01_R04,S7_L3_HIGH_75_100,SER_20260502_S7_L3_HIGH_75_100_S01,HW_PLC,HW_PLC,378,378,379,,,,533624000,plc_internal_rd_loc_t_nanosecond,75,100,74.316,-0.6839981,0,1,280287634,3,512,0,ok,
RUN_20260502_S7_L3_HIGH_75_100_S01_R04,S7_L3_HIGH_75_100,SER_20260502_S7_L3_HIGH_75_100_S01,HW_PLC,HW_PLC,379,379,380,,,,604564000,plc_internal_rd_loc_t_nanosecond,75,100,70.94,-4.059998,0,1,1181252538,3,512,0,ok,
RUN_20260502_S7_L3_HIGH_75_100_S01_R04,S7_L3_HIGH_75_100,SER_20260502_S7_L3_HIGH_75_100_S01,HW_PLC,HW_PLC,380,380,381,,,,673997000,plc_internal_rd_loc_t_nanosecond,75,100,69.433,-5.567001,0,1,1292641764,3,512,0,ok,
RUN_20260502_S7_L3_HIGH_75_100_S01_R04,S7_L3_HIGH_75_100,SER_20260502_S7_L3_HIGH_75_100_S01,HW_PLC,HW_PLC,381,381,382,,,,747571000,plc_internal_rd_loc_t_nanosecond,75,100,73.574,-1.426003,0,1,616556560,3,512,0,ok,
RUN_20260502_S7_L3_HIGH_75_100_S01_R04,S7_L3_HIGH_75_100,SER_20260502_S7_L3_HIGH_75_100_S01,HW_PLC,HW_PLC,382,382,383,,,,831656000,plc_internal_rd_loc_t_nanosecond,75,100,84.085,9.084999,0,1,1302573629,3,512,0,ok,
RUN_20260502_S7_L3_HIGH_75_100_S01_R04,S7_L3_HIGH_75_100,SER_20260502_S7_L3_HIGH_75_100_S01,HW_PLC,HW_PLC,383,383,384,,,,901584000,plc_internal_rd_loc_t_nanosecond,75,100,69.928,-5.071999,0,1,1205310572,3,512,0,ok,
RUN_20260502_S7_L3_HIGH_75_100_S01_R04,S7_L3_HIGH_75_100,SER_20260502_S7_L3_HIGH_75_100_S01,HW_PLC,HW_PLC,384,384,385,,,,974525000,plc_internal_rd_loc_t_nanosecond,75,100,72.941,-2.058998,0,1,326860445,3,512,0,ok,
RUN_20260502_S7_L3_HIGH_75_100_S01_R04,S7_L3_HIGH_75_100,SER_20260502_S7_L3_HIGH_75_100_S01,HW_PLC,HW_PLC,385,385,386,,,,51753000,plc_internal_rd_loc_t_nanosecond,75,100,77.228,2.227997,0,1,816808143,3,512,0,ok,
RUN_20260502_S7_L3_HIGH_75_100_S01_R04,S7_L3_HIGH_75_100,SER_20260502_S7_L3_HIGH_75_100_S01,HW_PLC,HW_PLC,386,386,387,,,,120569000,plc_internal_rd_loc_t_nanosecond,75,100,68.816,-6.183998,0,1,529763075,3,512,0,ok,
RUN_20260502_S7_L3_HIGH_75_100_S01_R04,S7_L3_HIGH_75_100,SER_20260502_S7_L3_HIGH_75_100_S01,HW_PLC,HW_PLC,387,387,388,,,,193990000,plc_internal_rd_loc_t_nanosecond,75,100,73.421,-1.579002,0,1,1615310136,3,512,0,ok,
RUN_20260502_S7_L3_HIGH_75_100_S01_R04,S7_L3_HIGH_75_100,SER_20260502_S7_L3_HIGH_75_100_S01,HW_PLC,HW_PLC,388,388,389,,,,269757000,plc_internal_rd_loc_t_nanosecond,75,100,75.767,0.7669983,0,1,1928058735,3,512,0,ok,
RUN_20260502_S7_L3_HIGH_75_100_S01_R04,S7_L3_HIGH_75_100,SER_20260502_S7_L3_HIGH_75_100_S01,HW_PLC,HW_PLC,389,389,390,,,,339742000,plc_internal_rd_loc_t_nanosecond,75,100,69.985,-5.014999,0,1,1470110120,3,512,0,ok,
RUN_20260502_S7_L3_HIGH_75_100_S01_R04,S7_L3_HIGH_75_100,SER_20260502_S7_L3_HIGH_75_100_S01,HW_PLC,HW_PLC,390,390,391,,,,409441000,plc_internal_rd_loc_t_nanosecond,75,100,69.699,-5.301003,0,1,243557347,3,512,0,ok,
RUN_20260502_S7_L3_HIGH_75_100_S01_R04,S7_L3_HIGH_75_100,SER_20260502_S7_L3_HIGH_75_100_S01,HW_PLC,HW_PLC,391,391,392,,,,482335000,plc_internal_rd_loc_t_nanosecond,75,100,72.894,-2.106003,0,1,397985311,3,512,0,ok,
RUN_20260502_S7_L3_HIGH_75_100_S01_R04,S7_L3_HIGH_75_100,SER_20260502_S7_L3_HIGH_75_100_S01,HW_PLC,HW_PLC,392,392,393,,,,559331000,plc_internal_rd_loc_t_nanosecond,75,100,76.996,1.996002,0,1,1935487068,3,512,0,ok,
RUN_20260502_S7_L3_HIGH_75_100_S01_R04,S7_L3_HIGH_75_100,SER_20260502_S7_L3_HIGH_75_100_S01,HW_PLC,HW_PLC,393,393,394,,,,628469000,plc_internal_rd_loc_t_nanosecond,75,100,69.138,-5.862,0,1,563196572,3,512,0,ok,
RUN_20260502_S7_L3_HIGH_75_100_S01_R04,S7_L3_HIGH_75_100,SER_20260502_S7_L3_HIGH_75_100_S01,HW_PLC,HW_PLC,394,394,395,,,,708278000,plc_internal_rd_loc_t_nanosecond,75,100,79.809,4.808998,0,1,578174173,3,512,0,ok,
RUN_20260502_S7_L3_HIGH_75_100_S01_R04,S7_L3_HIGH_75_100,SER_20260502_S7_L3_HIGH_75_100_S01,HW_PLC,HW_PLC,395,395,396,,,,785610000,plc_internal_rd_loc_t_nanosecond,75,100,77.332,2.332001,0,1,1982521119,3,512,0,ok,
RUN_20260502_S7_L3_HIGH_75_100_S01_R04,S7_L3_HIGH_75_100,SER_20260502_S7_L3_HIGH_75_100_S01,HW_PLC,HW_PLC,396,396,397,,,,855462000,plc_internal_rd_loc_t_nanosecond,75,100,69.852,-5.148003,0,1,483363172,3,512,0,ok,
RUN_20260502_S7_L3_HIGH_75_100_S01_R04,S7_L3_HIGH_75_100,SER_20260502_S7_L3_HIGH_75_100_S01,HW_PLC,HW_PLC,397,397,398,,,,928464000,plc_internal_rd_loc_t_nanosecond,75,100,73.002,-1.998001,0,1,377768874,3,512,0,ok,
RUN_20260502_S7_L3_HIGH_75_100_S01_R04,S7_L3_HIGH_75_100,SER_20260502_S7_L3_HIGH_75_100_S01,HW_PLC,HW_PLC,398,398,399,,,,4550000,plc_internal_rd_loc_t_nanosecond,75,100,76.086,1.085999,0,1,1667831281,3,512,0,ok,
RUN_20260502_S7_L3_HIGH_75_100_S01_R04,S7_L3_HIGH_75_100,SER_20260502_S7_L3_HIGH_75_100_S01,HW_PLC,HW_PLC,399,399,400,,,,74518000,plc_internal_rd_loc_t_nanosecond,75,100,69.968,-5.031998,0,0,60684347,3,512,0,ok,
RUN_20260502_S7_L3_HIGH_75_100_S01_R04,S7_L3_HIGH_75_100,SER_20260502_S7_L3_HIGH_75_100_S01,HW_PLC,HW_PLC,400,400,401,,,,144546000,plc_internal_rd_loc_t_nanosecond,75,100,70.028,-4.972,0,0,2000872069,3,512,0,ok,
RUN_20260502_S7_L3_HIGH_75_100_S01_R04,S7_L3_HIGH_75_100,SER_20260502_S7_L3_HIGH_75_100_S01,HW_PLC,HW_PLC,401,401,402,,,,217993000,plc_internal_rd_loc_t_nanosecond,75,100,73.447,-1.553001,0,0,1048044754,3,512,0,ok,
RUN_20260502_S7_L3_HIGH_75_100_S01_R04,S7_L3_HIGH_75_100,SER_20260502_S7_L3_HIGH_75_100_S01,HW_PLC,HW_PLC,402,402,403,,,,295352000,plc_internal_rd_loc_t_nanosecond,75,100,77.359,2.359001,0,0,1499262752,3,512,0,ok,
RUN_20260502_S7_L3_HIGH_75_100_S01_R04,S7_L3_HIGH_75_100,SER_20260502_S7_L3_HIGH_75_100_S01,HW_PLC,HW_PLC,403,403,404,,,,365183000,plc_internal_rd_loc_t_nanosecond,75,100,69.831,-5.168999,0,0,1209143664,3,512,0,ok,
RUN_20260502_S7_L3_HIGH_75_100_S01_R04,S7_L3_HIGH_75_100,SER_20260502_S7_L3_HIGH_75_100_S01,HW_PLC,HW_PLC,404,404,405,,,,438160000,plc_internal_rd_loc_t_nanosecond,75,100,72.977,-2.023003,0,0,179780546,3,512,0,ok,
RUN_20260502_S7_L3_HIGH_75_100_S01_R04,S7_L3_HIGH_75_100,SER_20260502_S7_L3_HIGH_75_100_S01,HW_PLC,HW_PLC,405,405,406,,,,513853000,plc_internal_rd_loc_t_nanosecond,75,100,75.693,0.6930008,0,0,560758293,3,512,0,ok,
RUN_20260502_S7_L3_HIGH_75_100_S01_R04,S7_L3_HIGH_75_100,SER_20260502_S7_L3_HIGH_75_100_S01,HW_PLC,HW_PLC,406,406,407,,,,591510000,plc_internal_rd_loc_t_nanosecond,75,100,77.657,2.656998,0,0,206686314,3,512,0,ok,
RUN_20260502_S7_L3_HIGH_75_100_S01_R04,S7_L3_HIGH_75_100,SER_20260502_S7_L3_HIGH_75_100_S01,HW_PLC,HW_PLC,407,407,408,,,,664528000,plc_internal_rd_loc_t_nanosecond,75,100,73.018,-1.982002,0,0,1267149504,3,512,0,ok,
RUN_20260502_S7_L3_HIGH_75_100_S01_R04,S7_L3_HIGH_75_100,SER_20260502_S7_L3_HIGH_75_100_S01,HW_PLC,HW_PLC,408,408,409,,,,741347000,plc_internal_rd_loc_t_nanosecond,75,100,76.819,1.819,0,0,1596757272,3,512,0,ok,
RUN_20260502_S7_L3_HIGH_75_100_S01_R04,S7_L3_HIGH_75_100,SER_20260502_S7_L3_HIGH_75_100_S01,HW_PLC,HW_PLC,409,409,410,,,,810538000,plc_internal_rd_loc_t_nanosecond,75,100,69.191,-5.808998,0,0,1197610866,3,512,0,ok,
RUN_20260502_S7_L3_HIGH_75_100_S01_R04,S7_L3_HIGH_75_100,SER_20260502_S7_L3_HIGH_75_100_S01,HW_PLC,HW_PLC,410,410,411,,,,883878000,plc_internal_rd_loc_t_nanosecond,75,100,73.34,-1.660004,0,0,71803342,3,512,0,ok,
RUN_20260502_S7_L3_HIGH_75_100_S01_R04,S7_L3_HIGH_75_100,SER_20260502_S7_L3_HIGH_75_100_S01,HW_PLC,HW_PLC,411,411,412,,,,958494000,plc_internal_rd_loc_t_nanosecond,75,100,74.616,-0.3840027,0,0,368919595,3,512,0,ok,
RUN_20260502_S7_L3_HIGH_75_100_S01_R04,S7_L3_HIGH_75_100,SER_20260502_S7_L3_HIGH_75_100_S01,HW_PLC,HW_PLC,412,412,413,,,,29950000,plc_internal_rd_loc_t_nanosecond,75,100,71.456,-3.543999,0,0,2091052681,3,512,0,ok,
RUN_20260502_S7_L3_HIGH_75_100_S01_R04,S7_L3_HIGH_75_100,SER_20260502_S7_L3_HIGH_75_100_S01,HW_PLC,HW_PLC,413,413,414,,,,99538000,plc_internal_rd_loc_t_nanosecond,75,100,69.588,-5.412003,0,0,945336554,3,512,0,ok,
RUN_20260502_S7_L3_HIGH_75_100_S01_R04,S7_L3_HIGH_75_100,SER_20260502_S7_L3_HIGH_75_100_S01,HW_PLC,HW_PLC,414,414,415,,,,172659000,plc_internal_rd_loc_t_nanosecond,75,100,73.121,-1.878998,0,0,1228831564,3,512,0,ok,
RUN_20260502_S7_L3_HIGH_75_100_S01_R04,S7_L3_HIGH_75_100,SER_20260502_S7_L3_HIGH_75_100_S01,HW_PLC,HW_PLC,415,415,416,,,,247935000,plc_internal_rd_loc_t_nanosecond,75,100,75.276,0.276001,0,0,796155312,3,512,0,ok,
RUN_20260502_S7_L3_HIGH_75_100_S01_R04,S7_L3_HIGH_75_100,SER_20260502_S7_L3_HIGH_75_100_S01,HW_PLC,HW_PLC,416,416,417,,,,317877000,plc_internal_rd_loc_t_nanosecond,75,100,69.942,-5.057999,0,0,1796884501,3,512,0,ok,
RUN_20260502_S7_L3_HIGH_75_100_S01_R04,S7_L3_HIGH_75_100,SER_20260502_S7_L3_HIGH_75_100_S01,HW_PLC,HW_PLC,417,417,418,,,,387535000,plc_internal_rd_loc_t_nanosecond,75,100,69.658,-5.342003,0,0,2085636732,3,512,0,ok,
RUN_20260502_S7_L3_HIGH_75_100_S01_R04,S7_L3_HIGH_75_100,SER_20260502_S7_L3_HIGH_75_100_S01,HW_PLC,HW_PLC,418,418,419,,,,460886000,plc_internal_rd_loc_t_nanosecond,75,100,73.351,-1.649002,0,0,1664505061,3,512,0,ok,
RUN_20260502_S7_L3_HIGH_75_100_S01_R04,S7_L3_HIGH_75_100,SER_20260502_S7_L3_HIGH_75_100_S01,HW_PLC,HW_PLC,419,419,420,,,,545257000,plc_internal_rd_loc_t_nanosecond,75,100,84.371,9.371002,0,0,535590736,3,512,0,ok,
RUN_20260502_S7_L3_HIGH_75_100_S01_R04,S7_L3_HIGH_75_100,SER_20260502_S7_L3_HIGH_75_100_S01,HW_PLC,HW_PLC,420,420,421,,,,613960000,plc_internal_rd_loc_t_nanosecond,75,100,68.703,-6.296997,0,0,848470460,3,512,0,ok,
RUN_20260502_S7_L3_HIGH_75_100_S01_R04,S7_L3_HIGH_75_100,SER_20260502_S7_L3_HIGH_75_100_S01,HW_PLC,HW_PLC,421,421,422,,,,687406000,plc_internal_rd_loc_t_nanosecond,75,100,73.446,-1.554001,0,0,457761834,3,512,0,ok,
RUN_20260502_S7_L3_HIGH_75_100_S01_R04,S7_L3_HIGH_75_100,SER_20260502_S7_L3_HIGH_75_100_S01,HW_PLC,HW_PLC,422,422,423,,,,761213000,plc_internal_rd_loc_t_nanosecond,75,100,73.807,-1.193001,0,0,1513041561,3,512,0,ok,
RUN_20260502_S7_L3_HIGH_75_100_S01_R04,S7_L3_HIGH_75_100,SER_20260502_S7_L3_HIGH_75_100_S01,HW_PLC,HW_PLC,423,423,424,,,,833304000,plc_internal_rd_loc_t_nanosecond,75,100,72.091,-2.908997,0,0,1868927242,3,512,0,ok,
RUN_20260502_S7_L3_HIGH_75_100_S01_R04,S7_L3_HIGH_75_100,SER_20260502_S7_L3_HIGH_75_100_S01,HW_PLC,HW_PLC,424,424,425,,,,902855000,plc_internal_rd_loc_t_nanosecond,75,100,69.551,-5.448997,0,0,1527511933,3,512,0,ok,
RUN_20260502_S7_L3_HIGH_75_100_S01_R04,S7_L3_HIGH_75_100,SER_20260502_S7_L3_HIGH_75_100_S01,HW_PLC,HW_PLC,425,425,426,,,,976628000,plc_internal_rd_loc_t_nanosecond,75,100,73.773,-1.226997,0,0,490896882,3,512,0,ok,
RUN_20260502_S7_L3_HIGH_75_100_S01_R04,S7_L3_HIGH_75_100,SER_20260502_S7_L3_HIGH_75_100_S01,HW_PLC,HW_PLC,426,426,427,,,,50677000,plc_internal_rd_loc_t_nanosecond,75,100,74.049,-0.9509964,0,0,908658792,3,512,0,ok,
RUN_20260502_S7_L3_HIGH_75_100_S01_R04,S7_L3_HIGH_75_100,SER_20260502_S7_L3_HIGH_75_100_S01,HW_PLC,HW_PLC,427,427,428,,,,122633000,plc_internal_rd_loc_t_nanosecond,75,100,71.956,-3.043999,0,0,635415264,3,512,0,ok,
RUN_20260502_S7_L3_HIGH_75_100_S01_R04,S7_L3_HIGH_75_100,SER_20260502_S7_L3_HIGH_75_100_S01,HW_PLC,HW_PLC,428,428,429,,,,191852000,plc_internal_rd_loc_t_nanosecond,75,100,69.219,-5.780998,0,0,1820743001,3,512,0,ok,
RUN_20260502_S7_L3_HIGH_75_100_S01_R04,S7_L3_HIGH_75_100,SER_20260502_S7_L3_HIGH_75_100_S01,HW_PLC,HW_PLC,429,429,430,,,,265466000,plc_internal_rd_loc_t_nanosecond,75,100,73.614,-1.386002,0,0,171775957,3,512,0,ok,
RUN_20260502_S7_L3_HIGH_75_100_S01_R04,S7_L3_HIGH_75_100,SER_20260502_S7_L3_HIGH_75_100_S01,HW_PLC,HW_PLC,430,430,431,,,,339442000,plc_internal_rd_loc_t_nanosecond,75,100,73.976,-1.024002,0,0,2133058129,3,512,0,ok,
RUN_20260502_S7_L3_HIGH_75_100_S01_R04,S7_L3_HIGH_75_100,SER_20260502_S7_L3_HIGH_75_100_S01,HW_PLC,HW_PLC,431,431,432,,,,417712000,plc_internal_rd_loc_t_nanosecond,75,100,78.27,3.269997,0,0,1264239824,3,512,0,ok,
RUN_20260502_S7_L3_HIGH_75_100_S01_R04,S7_L3_HIGH_75_100,SER_20260502_S7_L3_HIGH_75_100_S01,HW_PLC,HW_PLC,432,432,433,,,,487423000,plc_internal_rd_loc_t_nanosecond,75,100,69.711,-5.289001,0,0,1862381392,3,512,0,ok,
RUN_20260502_S7_L3_HIGH_75_100_S01_R04,S7_L3_HIGH_75_100,SER_20260502_S7_L3_HIGH_75_100_S01,HW_PLC,HW_PLC,433,433,434,,,,560693000,plc_internal_rd_loc_t_nanosecond,75,100,73.27,-1.730003,0,0,1782100434,3,512,0,ok,
RUN_20260502_S7_L3_HIGH_75_100_S01_R04,S7_L3_HIGH_75_100,SER_20260502_S7_L3_HIGH_75_100_S01,HW_PLC,HW_PLC,434,434,435,,,,637355000,plc_internal_rd_loc_t_nanosecond,75,100,76.662,1.662003,0,0,1025490006,3,512,0,ok,
RUN_20260502_S7_L3_HIGH_75_100_S01_R04,S7_L3_HIGH_75_100,SER_20260502_S7_L3_HIGH_75_100_S01,HW_PLC,HW_PLC,435,435,436,,,,706546000,plc_internal_rd_loc_t_nanosecond,75,100,69.191,-5.808998,0,0,1742135003,3,512,0,ok,
RUN_20260502_S7_L3_HIGH_75_100_S01_R04,S7_L3_HIGH_75_100,SER_20260502_S7_L3_HIGH_75_100_S01,HW_PLC,HW_PLC,436,436,437,,,,779924000,plc_internal_rd_loc_t_nanosecond,75,100,73.378,-1.622002,0,0,1786644834,3,512,0,ok,
RUN_20260502_S7_L3_HIGH_75_100_S01_R04,S7_L3_HIGH_75_100,SER_20260502_S7_L3_HIGH_75_100_S01,HW_PLC,HW_PLC,437,437,438,,,,855946000,plc_internal_rd_loc_t_nanosecond,75,100,76.022,1.022003,0,0,1161120747,3,512,0,ok,
RUN_20260502_S7_L3_HIGH_75_100_S01_R04,S7_L3_HIGH_75_100,SER_20260502_S7_L3_HIGH_75_100_S01,HW_PLC,HW_PLC,438,438,439,,,,926167000,plc_internal_rd_loc_t_nanosecond,75,100,70.221,-4.778999,0,0,2015139445,3,512,0,ok,
RUN_20260502_S7_L3_HIGH_75_100_S01_R04,S7_L3_HIGH_75_100,SER_20260502_S7_L3_HIGH_75_100_S01,HW_PLC,HW_PLC,439,439,440,,,,995557000,plc_internal_rd_loc_t_nanosecond,75,100,69.39,-5.610001,0,0,55834882,3,512,0,ok,
RUN_20260502_S7_L3_HIGH_75_100_S01_R04,S7_L3_HIGH_75_100,SER_20260502_S7_L3_HIGH_75_100_S01,HW_PLC,HW_PLC,440,440,441,,,,69300000,plc_internal_rd_loc_t_nanosecond,75,100,73.743,-1.257004,0,0,1727751055,3,512,0,ok,
RUN_20260502_S7_L3_HIGH_75_100_S01_R04,S7_L3_HIGH_75_100,SER_20260502_S7_L3_HIGH_75_100_S01,HW_PLC,HW_PLC,441,441,442,,,,145422000,plc_internal_rd_loc_t_nanosecond,75,100,76.122,1.122002,0,0,590538271,3,512,0,ok,
RUN_20260502_S7_L3_HIGH_75_100_S01_R04,S7_L3_HIGH_75_100,SER_20260502_S7_L3_HIGH_75_100_S01,HW_PLC,HW_PLC,442,442,443,,,,214672000,plc_internal_rd_loc_t_nanosecond,75,100,69.25,-5.75,0,0,941256880,3,512,0,ok,
RUN_20260502_S7_L3_HIGH_75_100_S01_R04,S7_L3_HIGH_75_100,SER_20260502_S7_L3_HIGH_75_100_S01,HW_PLC,HW_PLC,443,443,444,,,,291631000,plc_internal_rd_loc_t_nanosecond,75,100,76.959,1.959,0,0,634524483,3,512,0,ok,
RUN_20260502_S7_L3_HIGH_75_100_S01_R04,S7_L3_HIGH_75_100,SER_20260502_S7_L3_HIGH_75_100_S01,HW_PLC,HW_PLC,444,444,445,,,,364658000,plc_internal_rd_loc_t_nanosecond,75,100,73.027,-1.973,0,0,1819917783,3,512,0,ok,
RUN_20260502_S7_L3_HIGH_75_100_S01_R04,S7_L3_HIGH_75_100,SER_20260502_S7_L3_HIGH_75_100_S01,HW_PLC,HW_PLC,445,445,446,,,,441868000,plc_internal_rd_loc_t_nanosecond,75,100,77.21,2.209999,0,0,204570734,3,512,0,ok,
RUN_20260502_S7_L3_HIGH_75_100_S01_R04,S7_L3_HIGH_75_100,SER_20260502_S7_L3_HIGH_75_100_S01,HW_PLC,HW_PLC,446,446,447,,,,510607000,plc_internal_rd_loc_t_nanosecond,75,100,68.739,-6.261002,0,0,85543686,3,512,0,ok,
RUN_20260502_S7_L3_HIGH_75_100_S01_R04,S7_L3_HIGH_75_100,SER_20260502_S7_L3_HIGH_75_100_S01,HW_PLC,HW_PLC,447,447,448,,,,584223000,plc_internal_rd_loc_t_nanosecond,75,100,73.616,-1.384003,0,0,1464937887,3,512,0,ok,
RUN_20260502_S7_L3_HIGH_75_100_S01_R04,S7_L3_HIGH_75_100,SER_20260502_S7_L3_HIGH_75_100_S01,HW_PLC,HW_PLC,448,448,449,,,,661206000,plc_internal_rd_loc_t_nanosecond,75,100,76.983,1.983002,0,0,49879099,3,512,0,ok,
RUN_20260502_S7_L3_HIGH_75_100_S01_R04,S7_L3_HIGH_75_100,SER_20260502_S7_L3_HIGH_75_100_S01,HW_PLC,HW_PLC,449,449,450,,,,730345000,plc_internal_rd_loc_t_nanosecond,75,100,69.139,-5.861,0,0,137435864,3,512,0,ok,
RUN_20260502_S7_L3_HIGH_75_100_S01_R04,S7_L3_HIGH_75_100,SER_20260502_S7_L3_HIGH_75_100_S01,HW_PLC,HW_PLC,450,450,451,,,,803478000,plc_internal_rd_loc_t_nanosecond,75,100,73.133,-1.866997,0,0,1729701238,3,512,0,ok,
RUN_20260502_S7_L3_HIGH_75_100_S01_R04,S7_L3_HIGH_75_100,SER_20260502_S7_L3_HIGH_75_100_S01,HW_PLC,HW_PLC,451,451,452,,,,880369000,plc_internal_rd_loc_t_nanosecond,75,100,76.891,1.890999,0,0,533809175,3,512,0,ok,
RUN_20260502_S7_L3_HIGH_75_100_S01_R04,S7_L3_HIGH_75_100,SER_20260502_S7_L3_HIGH_75_100_S01,HW_PLC,HW_PLC,452,452,453,,,,950517000,plc_internal_rd_loc_t_nanosecond,75,100,70.148,-4.851997,0,0,846820025,3,512,0,ok,
RUN_20260502_S7_L3_HIGH_75_100_S01_R04,S7_L3_HIGH_75_100,SER_20260502_S7_L3_HIGH_75_100_S01,HW_PLC,HW_PLC,453,453,454,,,,23552000,plc_internal_rd_loc_t_nanosecond,75,100,73.035,-1.964996,0,0,523351389,3,512,0,ok,
RUN_20260502_S7_L3_HIGH_75_100_S01_R04,S7_L3_HIGH_75_100,SER_20260502_S7_L3_HIGH_75_100_S01,HW_PLC,HW_PLC,454,454,455,,,,100194000,plc_internal_rd_loc_t_nanosecond,75,100,76.642,1.641998,0,0,1712979970,3,512,0,ok,
RUN_20260502_S7_L3_HIGH_75_100_S01_R04,S7_L3_HIGH_75_100,SER_20260502_S7_L3_HIGH_75_100_S01,HW_PLC,HW_PLC,455,455,456,,,,172637000,plc_internal_rd_loc_t_nanosecond,75,100,72.443,-2.556999,0,0,122839722,3,512,0,ok,
RUN_20260502_S7_L3_HIGH_75_100_S01_R04,S7_L3_HIGH_75_100,SER_20260502_S7_L3_HIGH_75_100_S01,HW_PLC,HW_PLC,456,456,457,,,,245730000,plc_internal_rd_loc_t_nanosecond,75,100,73.093,-1.906998,0,0,49990995,3,512,0,ok,
RUN_20260502_S7_L3_HIGH_75_100_S01_R04,S7_L3_HIGH_75_100,SER_20260502_S7_L3_HIGH_75_100_S01,HW_PLC,HW_PLC,457,457,458,,,,319301000,plc_internal_rd_loc_t_nanosecond,75,100,73.571,-1.429001,0,0,1496535037,3,512,0,ok,
RUN_20260502_S7_L3_HIGH_75_100_S01_R04,S7_L3_HIGH_75_100,SER_20260502_S7_L3_HIGH_75_100_S01,HW_PLC,HW_PLC,458,458,459,,,,393754000,plc_internal_rd_loc_t_nanosecond,75,100,74.453,-0.5469971,0,0,169597610,3,512,0,ok,
RUN_20260502_S7_L3_HIGH_75_100_S01_R04,S7_L3_HIGH_75_100,SER_20260502_S7_L3_HIGH_75_100_S01,HW_PLC,HW_PLC,459,459,460,,,,465358000,plc_internal_rd_loc_t_nanosecond,75,100,71.604,-3.396004,0,0,366247256,3,512,0,ok,
RUN_20260502_S7_L3_HIGH_75_100_S01_R04,S7_L3_HIGH_75_100,SER_20260502_S7_L3_HIGH_75_100_S01,HW_PLC,HW_PLC,460,460,461,,,,534704000,plc_internal_rd_loc_t_nanosecond,75,100,69.346,-5.653999,0,0,2088577031,3,512,0,ok,
RUN_20260502_S7_L3_HIGH_75_100_S01_R04,S7_L3_HIGH_75_100,SER_20260502_S7_L3_HIGH_75_100_S01,HW_PLC,HW_PLC,461,461,462,,,,608160000,plc_internal_rd_loc_t_nanosecond,75,100,73.456,-1.543999,0,0,1043720889,3,512,0,ok,
RUN_20260502_S7_L3_HIGH_75_100_S01_R04,S7_L3_HIGH_75_100,SER_20260502_S7_L3_HIGH_75_100_S01,HW_PLC,HW_PLC,462,462,463,,,,683305000,plc_internal_rd_loc_t_nanosecond,75,100,75.145,0.1449966,0,0,1528739180,3,512,0,ok,
RUN_20260502_S7_L3_HIGH_75_100_S01_R04,S7_L3_HIGH_75_100,SER_20260502_S7_L3_HIGH_75_100_S01,HW_PLC,HW_PLC,463,463,464,,,,753942000,plc_internal_rd_loc_t_nanosecond,75,100,70.637,-4.362999,0,0,1398249505,3,512,0,ok,
RUN_20260502_S7_L3_HIGH_75_100_S01_R04,S7_L3_HIGH_75_100,SER_20260502_S7_L3_HIGH_75_100_S01,HW_PLC,HW_PLC,464,464,465,,,,823546000,plc_internal_rd_loc_t_nanosecond,75,100,69.604,-5.396004,0,0,654344920,3,512,0,ok,
RUN_20260502_S7_L3_HIGH_75_100_S01_R04,S7_L3_HIGH_75_100,SER_20260502_S7_L3_HIGH_75_100_S01,HW_PLC,HW_PLC,465,465,466,,,,897190000,plc_internal_rd_loc_t_nanosecond,75,100,73.644,-1.356003,0,0,1446610320,3,512,0,ok,
RUN_20260502_S7_L3_HIGH_75_100_S01_R04,S7_L3_HIGH_75_100,SER_20260502_S7_L3_HIGH_75_100_S01,HW_PLC,HW_PLC,466,466,467,,,,973761000,plc_internal_rd_loc_t_nanosecond,75,100,76.571,1.570999,0,0,1629655114,3,512,0,ok,
RUN_20260502_S7_L3_HIGH_75_100_S01_R04,S7_L3_HIGH_75_100,SER_20260502_S7_L3_HIGH_75_100_S01,HW_PLC,HW_PLC,467,467,468,,,,43692000,plc_internal_rd_loc_t_nanosecond,75,100,69.931,-5.069,0,0,1205580550,3,512,0,ok,
RUN_20260502_S7_L3_HIGH_75_100_S01_R04,S7_L3_HIGH_75_100,SER_20260502_S7_L3_HIGH_75_100_S01,HW_PLC,HW_PLC,468,468,469,,,,119473000,plc_internal_rd_loc_t_nanosecond,75,100,75.781,0.7809982,0,0,176479684,3,512,0,ok,
RUN_20260502_S7_L3_HIGH_75_100_S01_R04,S7_L3_HIGH_75_100,SER_20260502_S7_L3_HIGH_75_100_S01,HW_PLC,HW_PLC,469,469,470,,,,192773000,plc_internal_rd_loc_t_nanosecond,75,100,73.3,-1.699997,0,0,691937411,3,512,0,ok,
RUN_20260502_S7_L3_HIGH_75_100_S01_R04,S7_L3_HIGH_75_100,SER_20260502_S7_L3_HIGH_75_100_S01,HW_PLC,HW_PLC,470,470,471,,,,269856000,plc_internal_rd_loc_t_nanosecond,75,100,77.083,2.083,0,0,606563140,3,512,0,ok,
RUN_20260502_S7_L3_HIGH_75_100_S01_R04,S7_L3_HIGH_75_100,SER_20260502_S7_L3_HIGH_75_100_S01,HW_PLC,HW_PLC,471,471,472,,,,339781000,plc_internal_rd_loc_t_nanosecond,75,100,69.925,-5.074997,0,0,2069941766,3,512,0,ok,
RUN_20260502_S7_L3_HIGH_75_100_S01_R04,S7_L3_HIGH_75_100,SER_20260502_S7_L3_HIGH_75_100_S01,HW_PLC,HW_PLC,472,472,473,,,,412497000,plc_internal_rd_loc_t_nanosecond,75,100,72.716,-2.283997,0,0,789199051,3,512,0,ok,
RUN_20260502_S7_L3_HIGH_75_100_S01_R04,S7_L3_HIGH_75_100,SER_20260502_S7_L3_HIGH_75_100_S01,HW_PLC,HW_PLC,473,473,474,,,,489673000,plc_internal_rd_loc_t_nanosecond,75,100,77.176,2.176003,0,0,1061403537,3,512,0,ok,
RUN_20260502_S7_L3_HIGH_75_100_S01_R04,S7_L3_HIGH_75_100,SER_20260502_S7_L3_HIGH_75_100_S01,HW_PLC,HW_PLC,474,474,475,,,,559359000,plc_internal_rd_loc_t_nanosecond,75,100,69.686,-5.314003,0,0,741164633,3,512,0,ok,
RUN_20260502_S7_L3_HIGH_75_100_S01_R04,S7_L3_HIGH_75_100,SER_20260502_S7_L3_HIGH_75_100_S01,HW_PLC,HW_PLC,475,475,476,,,,632393000,plc_internal_rd_loc_t_nanosecond,75,100,73.034,-1.966003,0,0,1978067234,3,512,0,ok,
RUN_20260502_S7_L3_HIGH_75_100_S01_R04,S7_L3_HIGH_75_100,SER_20260502_S7_L3_HIGH_75_100_S01,HW_PLC,HW_PLC,476,476,477,,,,709401000,plc_internal_rd_loc_t_nanosecond,75,100,77.008,2.008003,0,0,479237102,3,512,0,ok,
RUN_20260502_S7_L3_HIGH_75_100_S01_R04,S7_L3_HIGH_75_100,SER_20260502_S7_L3_HIGH_75_100_S01,HW_PLC,HW_PLC,477,477,478,,,,779380000,plc_internal_rd_loc_t_nanosecond,75,100,69.979,-5.021004,0,0,541742779,3,512,0,ok,
RUN_20260502_S7_L3_HIGH_75_100_S01_R04,S7_L3_HIGH_75_100,SER_20260502_S7_L3_HIGH_75_100_S01,HW_PLC,HW_PLC,478,478,479,,,,852865000,plc_internal_rd_loc_t_nanosecond,75,100,73.485,-1.514999,0,0,20193674,3,512,0,ok,
RUN_20260502_S7_L3_HIGH_75_100_S01_R04,S7_L3_HIGH_75_100,SER_20260502_S7_L3_HIGH_75_100_S01,HW_PLC,HW_PLC,479,479,480,,,,927572000,plc_internal_rd_loc_t_nanosecond,75,100,74.707,-0.2929993,0,0,1064174682,3,512,0,ok,
RUN_20260502_S7_L3_HIGH_75_100_S01_R04,S7_L3_HIGH_75_100,SER_20260502_S7_L3_HIGH_75_100_S01,HW_PLC,HW_PLC,480,480,481,,,,5275000,plc_internal_rd_loc_t_nanosecond,75,100,77.703,2.703003,0,0,1528295212,3,512,0,ok,
RUN_20260502_S7_L3_HIGH_75_100_S01_R04,S7_L3_HIGH_75_100,SER_20260502_S7_L3_HIGH_75_100_S01,HW_PLC,HW_PLC,481,481,482,,,,74989000,plc_internal_rd_loc_t_nanosecond,75,100,69.714,-5.286003,0,0,1414656512,3,512,0,ok,
RUN_20260502_S7_L3_HIGH_75_100_S01_R04,S7_L3_HIGH_75_100,SER_20260502_S7_L3_HIGH_75_100_S01,HW_PLC,HW_PLC,482,482,483,,,,148598000,plc_internal_rd_loc_t_nanosecond,75,100,73.609,-1.390999,0,0,725351638,3,512,0,ok,
RUN_20260502_S7_L3_HIGH_75_100_S01_R04,S7_L3_HIGH_75_100,SER_20260502_S7_L3_HIGH_75_100_S01,HW_PLC,HW_PLC,483,483,484,,,,224927000,plc_internal_rd_loc_t_nanosecond,75,100,76.329,1.329002,0,0,1609965485,3,512,0,ok,
RUN_20260502_S7_L3_HIGH_75_100_S01_R04,S7_L3_HIGH_75_100,SER_20260502_S7_L3_HIGH_75_100_S01,HW_PLC,HW_PLC,484,484,485,,,,297583000,plc_internal_rd_loc_t_nanosecond,75,100,72.656,-2.344002,0,0,1923107462,3,512,0,ok,
RUN_20260502_S7_L3_HIGH_75_100_S01_R04,S7_L3_HIGH_75_100,SER_20260502_S7_L3_HIGH_75_100_S01,HW_PLC,HW_PLC,485,485,486,,,,370509000,plc_internal_rd_loc_t_nanosecond,75,100,72.926,-2.073997,0,0,1666878817,3,512,0,ok,
RUN_20260502_S7_L3_HIGH_75_100_S01_R04,S7_L3_HIGH_75_100,SER_20260502_S7_L3_HIGH_75_100_S01,HW_PLC,HW_PLC,486,486,487,,,,447837000,plc_internal_rd_loc_t_nanosecond,75,100,77.328,2.328003,0,0,843372606,3,512,0,ok,
RUN_20260502_S7_L3_HIGH_75_100_S01_R04,S7_L3_HIGH_75_100,SER_20260502_S7_L3_HIGH_75_100_S01,HW_PLC,HW_PLC,487,487,488,,,,516594000,plc_internal_rd_loc_t_nanosecond,75,100,68.757,-6.242996,0,0,1602173724,3,512,0,ok,
RUN_20260502_S7_L3_HIGH_75_100_S01_R04,S7_L3_HIGH_75_100,SER_20260502_S7_L3_HIGH_75_100_S01,HW_PLC,HW_PLC,488,488,489,,,,589920000,plc_internal_rd_loc_t_nanosecond,75,100,73.326,-1.674004,0,0,1797891580,3,512,0,ok,
RUN_20260502_S7_L3_HIGH_75_100_S01_R04,S7_L3_HIGH_75_100,SER_20260502_S7_L3_HIGH_75_100_S01,HW_PLC,HW_PLC,489,489,490,,,,666248000,plc_internal_rd_loc_t_nanosecond,75,100,76.328,1.328003,0,0,1432627422,3,512,0,ok,
RUN_20260502_S7_L3_HIGH_75_100_S01_R04,S7_L3_HIGH_75_100,SER_20260502_S7_L3_HIGH_75_100_S01,HW_PLC,HW_PLC,490,490,491,,,,735506000,plc_internal_rd_loc_t_nanosecond,75,100,69.258,-5.741997,0,0,508474306,3,512,0,ok,
RUN_20260502_S7_L3_HIGH_75_100_S01_R04,S7_L3_HIGH_75_100,SER_20260502_S7_L3_HIGH_75_100_S01,HW_PLC,HW_PLC,491,491,492,,,,804724000,plc_internal_rd_loc_t_nanosecond,75,100,69.218,-5.781998,0,0,1175017127,3,512,0,ok,
RUN_20260502_S7_L3_HIGH_75_100_S01_R04,S7_L3_HIGH_75_100,SER_20260502_S7_L3_HIGH_75_100_S01,HW_PLC,HW_PLC,492,492,493,,,,884789000,plc_internal_rd_loc_t_nanosecond,75,100,80.065,5.065002,0,0,1286865294,3,512,0,ok,
RUN_20260502_S7_L3_HIGH_75_100_S01_R04,S7_L3_HIGH_75_100,SER_20260502_S7_L3_HIGH_75_100_S01,HW_PLC,HW_PLC,493,493,494,,,,962470000,plc_internal_rd_loc_t_nanosecond,75,100,77.681,2.681,0,0,846120055,3,512,0,ok,
RUN_20260502_S7_L3_HIGH_75_100_S01_R04,S7_L3_HIGH_75_100,SER_20260502_S7_L3_HIGH_75_100_S01,HW_PLC,HW_PLC,494,494,495,,,,32413000,plc_internal_rd_loc_t_nanosecond,75,100,69.943,-5.056999,0,0,2002358113,3,512,0,ok,
RUN_20260502_S7_L3_HIGH_75_100_S01_R04,S7_L3_HIGH_75_100,SER_20260502_S7_L3_HIGH_75_100_S01,HW_PLC,HW_PLC,495,495,496,,,,105535000,plc_internal_rd_loc_t_nanosecond,75,100,73.122,-1.877998,0,0,462713422,3,512,0,ok,
RUN_20260502_S7_L3_HIGH_75_100_S01_R04,S7_L3_HIGH_75_100,SER_20260502_S7_L3_HIGH_75_100_S01,HW_PLC,HW_PLC,496,496,497,,,,182726000,plc_internal_rd_loc_t_nanosecond,75,100,77.191,2.191002,0,0,524246332,3,512,0,ok,
RUN_20260502_S7_L3_HIGH_75_100_S01_R04,S7_L3_HIGH_75_100,SER_20260502_S7_L3_HIGH_75_100_S01,HW_PLC,HW_PLC,497,497,498,,,,252357000,plc_internal_rd_loc_t_nanosecond,75,100,69.631,-5.369003,0,0,41574444,3,512,0,ok,
RUN_20260502_S7_L3_HIGH_75_100_S01_R04,S7_L3_HIGH_75_100,SER_20260502_S7_L3_HIGH_75_100_S01,HW_PLC,HW_PLC,498,498,499,,,,325260000,plc_internal_rd_loc_t_nanosecond,75,100,72.903,-2.097,0,0,1164274461,3,512,0,ok,
RUN_20260502_S7_L3_HIGH_75_100_S01_R04,S7_L3_HIGH_75_100,SER_20260502_S7_L3_HIGH_75_100_S01,HW_PLC,HW_PLC,499,499,500,,,,402441000,plc_internal_rd_loc_t_nanosecond,75,100,77.181,2.181,0,1,1746963984,3,512,0,ok,
RUN_20260502_S7_L3_HIGH_75_100_S01_R04,S7_L3_HIGH_75_100,SER_20260502_S7_L3_HIGH_75_100_S01,HW_PLC,HW_PLC,500,500,501,,,,471957000,plc_internal_rd_loc_t_nanosecond,75,100,69.516,-5.484001,0,1,1791736069,3,512,0,ok,
RUN_20260502_S7_L3_HIGH_75_100_S01_R04,S7_L3_HIGH_75_100,SER_20260502_S7_L3_HIGH_75_100_S01,HW_PLC,HW_PLC,501,501,502,,,,545596000,plc_internal_rd_loc_t_nanosecond,75,100,73.639,-1.361,0,1,1300691964,3,512,0,ok,
RUN_20260502_S7_L3_HIGH_75_100_S01_R04,S7_L3_HIGH_75_100,SER_20260502_S7_L3_HIGH_75_100_S01,HW_PLC,HW_PLC,502,502,503,,,,620921000,plc_internal_rd_loc_t_nanosecond,75,100,75.325,0.3249969,0,1,275924725,3,512,0,ok,
RUN_20260502_S7_L3_HIGH_75_100_S01_R04,S7_L3_HIGH_75_100,SER_20260502_S7_L3_HIGH_75_100_S01,HW_PLC,HW_PLC,503,503,504,,,,691564000,plc_internal_rd_loc_t_nanosecond,75,100,70.643,-4.357002,0,1,867019247,3,512,0,ok,
RUN_20260502_S7_L3_HIGH_75_100_S01_R04,S7_L3_HIGH_75_100,SER_20260502_S7_L3_HIGH_75_100_S01,HW_PLC,HW_PLC,504,504,505,,,,767295000,plc_internal_rd_loc_t_nanosecond,75,100,75.731,0.7310028,0,1,928584939,3,512,0,ok,
RUN_20260502_S7_L3_HIGH_75_100_S01_R04,S7_L3_HIGH_75_100,SER_20260502_S7_L3_HIGH_75_100_S01,HW_PLC,HW_PLC,505,505,506,,,,849359000,plc_internal_rd_loc_t_nanosecond,75,100,82.064,7.064003,0,1,462723049,3,512,0,ok,
RUN_20260502_S7_L3_HIGH_75_100_S01_R04,S7_L3_HIGH_75_100,SER_20260502_S7_L3_HIGH_75_100_S01,HW_PLC,HW_PLC,506,506,507,,,,918326000,plc_internal_rd_loc_t_nanosecond,75,100,68.967,-6.032997,0,1,1619010280,3,512,0,ok,
RUN_20260502_S7_L3_HIGH_75_100_S01_R04,S7_L3_HIGH_75_100,SER_20260502_S7_L3_HIGH_75_100_S01,HW_PLC,HW_PLC,507,507,508,,,,991713000,plc_internal_rd_loc_t_nanosecond,75,100,73.387,-1.612999,0,1,104580586,3,512,0,ok,
RUN_20260502_S7_L3_HIGH_75_100_S01_R04,S7_L3_HIGH_75_100,SER_20260502_S7_L3_HIGH_75_100_S01,HW_PLC,HW_PLC,508,508,509,,,,69247000,plc_internal_rd_loc_t_nanosecond,75,100,77.534,2.533997,0,1,216494317,3,512,0,ok,
RUN_20260502_S7_L3_HIGH_75_100_S01_R04,S7_L3_HIGH_75_100,SER_20260502_S7_L3_HIGH_75_100_S01,HW_PLC,HW_PLC,509,509,510,,,,138515000,plc_internal_rd_loc_t_nanosecond,75,100,69.268,-5.732002,0,1,1956852721,3,512,0,ok,
RUN_20260502_S7_L3_HIGH_75_100_S01_R04,S7_L3_HIGH_75_100,SER_20260502_S7_L3_HIGH_75_100_S01,HW_PLC,HW_PLC,510,510,511,,,,211637000,plc_internal_rd_loc_t_nanosecond,75,100,73.122,-1.877998,0,1,1032781560,3,512,0,ok,
RUN_20260502_S7_L3_HIGH_75_100_S01_R04,S7_L3_HIGH_75_100,SER_20260502_S7_L3_HIGH_75_100_S01,HW_PLC,HW_PLC,511,511,512,,,,287643000,plc_internal_rd_loc_t_nanosecond,75,100,76.006,1.005997,0,1,1741349376,3,512,0,ok,
RUN_20260502_S7_L3_HIGH_75_100_S01_R04,S7_L3_HIGH_75_100,SER_20260502_S7_L3_HIGH_75_100_S01,HW_PLC,HW_PLC,512,512,513,,,,358181000,plc_internal_rd_loc_t_nanosecond,75,100,70.538,-4.461998,0,1,1937165578,3,512,0,ok,
RUN_20260502_S7_L3_HIGH_75_100_S01_R04,S7_L3_HIGH_75_100,SER_20260502_S7_L3_HIGH_75_100_S01,HW_PLC,HW_PLC,513,513,514,,,,427616000,plc_internal_rd_loc_t_nanosecond,75,100,69.435,-5.565002,0,1,1622331414,3,512,0,ok,
RUN_20260502_S7_L3_HIGH_75_100_S01_R04,S7_L3_HIGH_75_100,SER_20260502_S7_L3_HIGH_75_100_S01,HW_PLC,HW_PLC,514,514,515,,,,501243000,plc_internal_rd_loc_t_nanosecond,75,100,73.627,-1.373001,0,1,798939940,3,512,0,ok,
RUN_20260502_S7_L3_HIGH_75_100_S01_R04,S7_L3_HIGH_75_100,SER_20260502_S7_L3_HIGH_75_100_S01,HW_PLC,HW_PLC,515,515,516,,,,577443000,plc_internal_rd_loc_t_nanosecond,75,100,76.2,1.199997,0,1,1616576051,3,512,0,ok,
RUN_20260502_S7_L3_HIGH_75_100_S01_R04,S7_L3_HIGH_75_100,SER_20260502_S7_L3_HIGH_75_100_S01,HW_PLC,HW_PLC,516,516,517,,,,647322000,plc_internal_rd_loc_t_nanosecond,75,100,69.879,-5.121002,0,1,1929849156,3,512,0,ok,
RUN_20260502_S7_L3_HIGH_75_100_S01_R04,S7_L3_HIGH_75_100,SER_20260502_S7_L3_HIGH_75_100_S01,HW_PLC,HW_PLC,517,517,518,,,,722778000,plc_internal_rd_loc_t_nanosecond,75,100,75.456,0.4560013,0,1,1740860503,3,512,0,ok,
RUN_20260502_S7_L3_HIGH_75_100_S01_R04,S7_L3_HIGH_75_100,SER_20260502_S7_L3_HIGH_75_100_S01,HW_PLC,HW_PLC,518,518,519,,,,796577000,plc_internal_rd_loc_t_nanosecond,75,100,73.799,-1.200996,0,1,1051703148,3,512,0,ok,
RUN_20260502_S7_L3_HIGH_75_100_S01_R04,S7_L3_HIGH_75_100,SER_20260502_S7_L3_HIGH_75_100_S01,HW_PLC,HW_PLC,519,519,520,,,,869686000,plc_internal_rd_loc_t_nanosecond,75,100,73.109,-1.890999,0,1,2011961986,3,512,0,ok,
RUN_20260502_S7_L3_HIGH_75_100_S01_R04,S7_L3_HIGH_75_100,SER_20260502_S7_L3_HIGH_75_100_S01,HW_PLC,HW_PLC,520,520,521,,,,942826000,plc_internal_rd_loc_t_nanosecond,75,100,73.14,-1.860001,0,1,328762779,3,512,0,ok,
RUN_20260502_S7_L3_HIGH_75_100_S01_R04,S7_L3_HIGH_75_100,SER_20260502_S7_L3_HIGH_75_100_S01,HW_PLC,HW_PLC,521,521,522,,,,11746000,plc_internal_rd_loc_t_nanosecond,75,100,68.92,-6.080002,0,1,299174069,3,512,0,ok,
RUN_20260502_S7_L3_HIGH_75_100_S01_R04,S7_L3_HIGH_75_100,SER_20260502_S7_L3_HIGH_75_100_S01,HW_PLC,HW_PLC,522,522,523,,,,85611000,plc_internal_rd_loc_t_nanosecond,75,100,73.865,-1.135002,0,1,1925288912,3,512,0,ok,
RUN_20260502_S7_L3_HIGH_75_100_S01_R04,S7_L3_HIGH_75_100,SER_20260502_S7_L3_HIGH_75_100_S01,HW_PLC,HW_PLC,523,523,524,,,,162646000,plc_internal_rd_loc_t_nanosecond,75,100,77.035,2.035004,0,1,914241262,3,512,0,ok,
RUN_20260502_S7_L3_HIGH_75_100_S01_R04,S7_L3_HIGH_75_100,SER_20260502_S7_L3_HIGH_75_100_S01,HW_PLC,HW_PLC,524,524,525,,,,231755000,plc_internal_rd_loc_t_nanosecond,75,100,69.109,-5.890999,0,1,1563091469,3,512,0,ok,
RUN_20260502_S7_L3_HIGH_75_100_S01_R04,S7_L3_HIGH_75_100,SER_20260502_S7_L3_HIGH_75_100_S01,HW_PLC,HW_PLC,525,525,526,,,,305363000,plc_internal_rd_loc_t_nanosecond,75,100,73.608,-1.391998,0,1,1726457134,3,512,0,ok,
RUN_20260502_S7_L3_HIGH_75_100_S01_R04,S7_L3_HIGH_75_100,SER_20260502_S7_L3_HIGH_75_100_S01,HW_PLC,HW_PLC,526,526,527,,,,376446000,plc_internal_rd_loc_t_nanosecond,75,100,71.083,-3.917,0,1,1406431313,3,512,0,ok,
RUN_20260502_S7_L3_HIGH_75_100_S01_R04,S7_L3_HIGH_75_100,SER_20260502_S7_L3_HIGH_75_100_S01,HW_PLC,HW_PLC,527,527,528,,,,451581000,plc_internal_rd_loc_t_nanosecond,75,100,75.135,0.1350021,0,1,605115254,3,512,0,ok,
RUN_20260502_S7_L3_HIGH_75_100_S01_R04,S7_L3_HIGH_75_100,SER_20260502_S7_L3_HIGH_75_100_S01,HW_PLC,HW_PLC,528,528,529,,,,520371000,plc_internal_rd_loc_t_nanosecond,75,100,68.79,-6.209999,0,1,1472085660,3,512,0,ok,
RUN_20260502_S7_L3_HIGH_75_100_S01_R04,S7_L3_HIGH_75_100,SER_20260502_S7_L3_HIGH_75_100_S01,HW_PLC,HW_PLC,529,529,530,,,,600872000,plc_internal_rd_loc_t_nanosecond,75,100,80.501,5.500999,0,1,1861960132,3,512,0,ok,
RUN_20260502_S7_L3_HIGH_75_100_S01_R04,S7_L3_HIGH_75_100,SER_20260502_S7_L3_HIGH_75_100_S01,HW_PLC,HW_PLC,530,530,531,,,,678165000,plc_internal_rd_loc_t_nanosecond,75,100,77.293,2.292999,0,1,1776831726,3,512,0,ok,
RUN_20260502_S7_L3_HIGH_75_100_S01_R04,S7_L3_HIGH_75_100,SER_20260502_S7_L3_HIGH_75_100_S01,HW_PLC,HW_PLC,531,531,532,,,,747806000,plc_internal_rd_loc_t_nanosecond,75,100,69.641,-5.359001,0,1,1218801690,3,512,0,ok,
RUN_20260502_S7_L3_HIGH_75_100_S01_R04,S7_L3_HIGH_75_100,SER_20260502_S7_L3_HIGH_75_100_S01,HW_PLC,HW_PLC,532,532,533,,,,821137000,plc_internal_rd_loc_t_nanosecond,75,100,73.331,-1.668999,0,1,189963080,3,512,0,ok,
RUN_20260502_S7_L3_HIGH_75_100_S01_R04,S7_L3_HIGH_75_100,SER_20260502_S7_L3_HIGH_75_100_S01,HW_PLC,HW_PLC,533,533,534,,,,894854000,plc_internal_rd_loc_t_nanosecond,75,100,73.717,-1.282997,0,1,839900791,3,512,0,ok,
RUN_20260502_S7_L3_HIGH_75_100_S01_R04,S7_L3_HIGH_75_100,SER_20260502_S7_L3_HIGH_75_100_S01,HW_PLC,HW_PLC,534,534,535,,,,967549000,plc_internal_rd_loc_t_nanosecond,75,100,72.695,-2.305,0,1,1023224232,3,512,0,ok,
RUN_20260502_S7_L3_HIGH_75_100_S01_R04,S7_L3_HIGH_75_100,SER_20260502_S7_L3_HIGH_75_100_S01,HW_PLC,HW_PLC,535,535,536,,,,38242000,plc_internal_rd_loc_t_nanosecond,75,100,70.693,-4.306999,0,1,742034651,3,512,0,ok,
RUN_20260502_S7_L3_HIGH_75_100_S01_R04,S7_L3_HIGH_75_100,SER_20260502_S7_L3_HIGH_75_100_S01,HW_PLC,HW_PLC,536,536,537,,,,110741000,plc_internal_rd_loc_t_nanosecond,75,100,72.499,-2.500999,0,1,2145908751,3,512,0,ok,
RUN_20260502_S7_L3_HIGH_75_100_S01_R04,S7_L3_HIGH_75_100,SER_20260502_S7_L3_HIGH_75_100_S01,HW_PLC,HW_PLC,537,537,538,,,,184590000,plc_internal_rd_loc_t_nanosecond,75,100,73.849,-1.151001,0,1,941980486,3,512,0,ok,
RUN_20260502_S7_L3_HIGH_75_100_S01_R04,S7_L3_HIGH_75_100,SER_20260502_S7_L3_HIGH_75_100_S01,HW_PLC,HW_PLC,538,538,539,,,,256893000,plc_internal_rd_loc_t_nanosecond,75,100,72.303,-2.696999,0,1,1427310206,3,512,0,ok,
RUN_20260502_S7_L3_HIGH_75_100_S01_R04,S7_L3_HIGH_75_100,SER_20260502_S7_L3_HIGH_75_100_S01,HW_PLC,HW_PLC,539,539,540,,,,325967000,plc_internal_rd_loc_t_nanosecond,75,100,69.074,-5.926003,0,1,1456515512,3,512,0,ok,
RUN_20260502_S7_L3_HIGH_75_100_S01_R04,S7_L3_HIGH_75_100,SER_20260502_S7_L3_HIGH_75_100_S01,HW_PLC,HW_PLC,540,540,541,,,,400252000,plc_internal_rd_loc_t_nanosecond,75,100,74.285,-0.7149963,0,1,1031689460,3,512,0,ok,
RUN_20260502_S7_L3_HIGH_75_100_S01_R04,S7_L3_HIGH_75_100,SER_20260502_S7_L3_HIGH_75_100_S01,HW_PLC,HW_PLC,541,541,542,,,,476218000,plc_internal_rd_loc_t_nanosecond,75,100,75.966,0.9660034,0,1,154933298,3,512,0,ok,
RUN_20260502_S7_L3_HIGH_75_100_S01_R04,S7_L3_HIGH_75_100,SER_20260502_S7_L3_HIGH_75_100_S01,HW_PLC,HW_PLC,542,542,543,,,,553179000,plc_internal_rd_loc_t_nanosecond,75,100,76.961,1.960999,0,1,975823729,3,512,0,ok,
RUN_20260502_S7_L3_HIGH_75_100_S01_R04,S7_L3_HIGH_75_100,SER_20260502_S7_L3_HIGH_75_100_S01,HW_PLC,HW_PLC,543,543,544,,,,622597000,plc_internal_rd_loc_t_nanosecond,75,100,69.418,-5.582001,0,1,1348978354,3,512,0,ok,
RUN_20260502_S7_L3_HIGH_75_100_S01_R04,S7_L3_HIGH_75_100,SER_20260502_S7_L3_HIGH_75_100_S01,HW_PLC,HW_PLC,544,544,545,,,,695891000,plc_internal_rd_loc_t_nanosecond,75,100,73.294,-1.706001,0,1,1276490229,3,512,0,ok,
RUN_20260502_S7_L3_HIGH_75_100_S01_R04,S7_L3_HIGH_75_100,SER_20260502_S7_L3_HIGH_75_100_S01,HW_PLC,HW_PLC,545,545,546,,,,773187000,plc_internal_rd_loc_t_nanosecond,75,100,77.296,2.295998,0,1,760460602,3,512,0,ok,
RUN_20260502_S7_L3_HIGH_75_100_S01_R04,S7_L3_HIGH_75_100,SER_20260502_S7_L3_HIGH_75_100_S01,HW_PLC,HW_PLC,546,546,547,,,,842469000,plc_internal_rd_loc_t_nanosecond,75,100,69.282,-5.718002,0,1,1950466176,3,512,0,ok,
RUN_20260502_S7_L3_HIGH_75_100_S01_R04,S7_L3_HIGH_75_100,SER_20260502_S7_L3_HIGH_75_100_S01,HW_PLC,HW_PLC,547,547,548,,,,915665000,plc_internal_rd_loc_t_nanosecond,75,100,73.196,-1.804001,0,1,553640905,3,512,0,ok,
RUN_20260502_S7_L3_HIGH_75_100_S01_R04,S7_L3_HIGH_75_100,SER_20260502_S7_L3_HIGH_75_100_S01,HW_PLC,HW_PLC,548,548,549,,,,992711000,plc_internal_rd_loc_t_nanosecond,75,100,77.046,2.045998,0,1,867045139,3,512,0,ok,
RUN_20260502_S7_L3_HIGH_75_100_S01_R04,S7_L3_HIGH_75_100,SER_20260502_S7_L3_HIGH_75_100_S01,HW_PLC,HW_PLC,549,549,550,,,,62732000,plc_internal_rd_loc_t_nanosecond,75,100,70.021,-4.978996,0,1,745296479,3,512,0,ok,
RUN_20260502_S7_L3_HIGH_75_100_S01_R04,S7_L3_HIGH_75_100,SER_20260502_S7_L3_HIGH_75_100_S01,HW_PLC,HW_PLC,550,550,551,,,,135871000,plc_internal_rd_loc_t_nanosecond,75,100,73.139,-1.861,0,1,190487981,3,512,0,ok,
RUN_20260502_S7_L3_HIGH_75_100_S01_R04,S7_L3_HIGH_75_100,SER_20260502_S7_L3_HIGH_75_100_S01,HW_PLC,HW_PLC,551,551,552,,,,207730000,plc_internal_rd_loc_t_nanosecond,75,100,71.859,-3.140999,0,1,1352204540,3,512,0,ok,
RUN_20260502_S7_L3_HIGH_75_100_S01_R04,S7_L3_HIGH_75_100,SER_20260502_S7_L3_HIGH_75_100_S01,HW_PLC,HW_PLC,552,552,553,,,,284617000,plc_internal_rd_loc_t_nanosecond,75,100,76.887,1.887001,0,1,2085055565,3,512,0,ok,
RUN_20260502_S7_L3_HIGH_75_100_S01_R04,S7_L3_HIGH_75_100,SER_20260502_S7_L3_HIGH_75_100_S01,HW_PLC,HW_PLC,553,553,554,,,,354640000,plc_internal_rd_loc_t_nanosecond,75,100,70.023,-4.976997,0,1,243658657,3,512,0,ok,
RUN_20260502_S7_L3_HIGH_75_100_S01_R04,S7_L3_HIGH_75_100,SER_20260502_S7_L3_HIGH_75_100_S01,HW_PLC,HW_PLC,554,554,555,,,,434356000,plc_internal_rd_loc_t_nanosecond,75,100,79.716,4.716003,0,1,125074166,3,512,0,ok,
RUN_20260502_S7_L3_HIGH_75_100_S01_R04,S7_L3_HIGH_75_100,SER_20260502_S7_L3_HIGH_75_100_S01,HW_PLC,HW_PLC,555,555,556,,,,509960000,plc_internal_rd_loc_t_nanosecond,75,100,75.604,0.6039963,0,1,1731403340,3,512,0,ok,
RUN_20260502_S7_L3_HIGH_75_100_S01_R04,S7_L3_HIGH_75_100,SER_20260502_S7_L3_HIGH_75_100_S01,HW_PLC,HW_PLC,556,556,557,,,,580262000,plc_internal_rd_loc_t_nanosecond,75,100,70.302,-4.697998,0,1,769771941,3,512,0,ok,
RUN_20260502_S7_L3_HIGH_75_100_S01_R04,S7_L3_HIGH_75_100,SER_20260502_S7_L3_HIGH_75_100_S01,HW_PLC,HW_PLC,557,557,558,,,,650168000,plc_internal_rd_loc_t_nanosecond,75,100,69.906,-5.094002,0,1,1537248511,3,512,0,ok,
RUN_20260502_S7_L3_HIGH_75_100_S01_R04,S7_L3_HIGH_75_100,SER_20260502_S7_L3_HIGH_75_100_S01,HW_PLC,HW_PLC,558,558,559,,,,722764000,plc_internal_rd_loc_t_nanosecond,75,100,72.596,-2.403999,0,1,1888442459,3,512,0,ok,
RUN_20260502_S7_L3_HIGH_75_100_S01_R04,S7_L3_HIGH_75_100,SER_20260502_S7_L3_HIGH_75_100_S01,HW_PLC,HW_PLC,559,559,560,,,,799334000,plc_internal_rd_loc_t_nanosecond,75,100,76.57,1.57,0,1,1825455033,3,512,0,ok,
RUN_20260502_S7_L3_HIGH_75_100_S01_R04,S7_L3_HIGH_75_100,SER_20260502_S7_L3_HIGH_75_100_S01,HW_PLC,HW_PLC,560,560,561,,,,868938000,plc_internal_rd_loc_t_nanosecond,75,100,69.604,-5.396004,0,1,1350379289,3,512,0,ok,
RUN_20260502_S7_L3_HIGH_75_100_S01_R04,S7_L3_HIGH_75_100,SER_20260502_S7_L3_HIGH_75_100_S01,HW_PLC,HW_PLC,561,561,562,,,,939193000,plc_internal_rd_loc_t_nanosecond,75,100,70.255,-4.745003,0,1,465316475,3,512,0,ok,
RUN_20260502_S7_L3_HIGH_75_100_S01_R04,S7_L3_HIGH_75_100,SER_20260502_S7_L3_HIGH_75_100_S01,HW_PLC,HW_PLC,562,562,563,,,,12333000,plc_internal_rd_loc_t_nanosecond,75,100,73.14,-1.860001,0,1,1319843294,3,512,0,ok,
RUN_20260502_S7_L3_HIGH_75_100_S01_R04,S7_L3_HIGH_75_100,SER_20260502_S7_L3_HIGH_75_100_S01,HW_PLC,HW_PLC,563,563,564,,,,87999000,plc_internal_rd_loc_t_nanosecond,75,100,75.666,0.6660004,0,1,1768577347,3,512,0,ok,
RUN_20260502_S7_L3_HIGH_75_100_S01_R04,S7_L3_HIGH_75_100,SER_20260502_S7_L3_HIGH_75_100_S01,HW_PLC,HW_PLC,564,564,565,,,,158735000,plc_internal_rd_loc_t_nanosecond,75,100,70.736,-4.264,0,1,1813611690,3,512,0,ok,
RUN_20260502_S7_L3_HIGH_75_100_S01_R04,S7_L3_HIGH_75_100,SER_20260502_S7_L3_HIGH_75_100_S01,HW_PLC,HW_PLC,565,565,566,,,,228300000,plc_internal_rd_loc_t_nanosecond,75,100,69.565,-5.434998,0,1,1457047571,3,512,0,ok,
RUN_20260502_S7_L3_HIGH_75_100_S01_R04,S7_L3_HIGH_75_100,SER_20260502_S7_L3_HIGH_75_100_S01,HW_PLC,HW_PLC,566,566,567,,,,308442000,plc_internal_rd_loc_t_nanosecond,75,100,80.142,5.141998,0,1,700978046,3,512,0,ok,
RUN_20260502_S7_L3_HIGH_75_100_S01_R04,S7_L3_HIGH_75_100,SER_20260502_S7_L3_HIGH_75_100_S01,HW_PLC,HW_PLC,567,567,568,,,,385712000,plc_internal_rd_loc_t_nanosecond,75,100,77.27,2.269997,0,1,1694988010,3,512,0,ok,
RUN_20260502_S7_L3_HIGH_75_100_S01_R04,S7_L3_HIGH_75_100,SER_20260502_S7_L3_HIGH_75_100_S01,HW_PLC,HW_PLC,568,568,569,,,,455349000,plc_internal_rd_loc_t_nanosecond,75,100,69.637,-5.362999,0,1,146203225,3,512,0,ok,
RUN_20260502_S7_L3_HIGH_75_100_S01_R04,S7_L3_HIGH_75_100,SER_20260502_S7_L3_HIGH_75_100_S01,HW_PLC,HW_PLC,569,569,570,,,,528269000,plc_internal_rd_loc_t_nanosecond,75,100,72.92,-2.080002,0,1,351692233,3,512,0,ok,
RUN_20260502_S7_L3_HIGH_75_100_S01_R04,S7_L3_HIGH_75_100,SER_20260502_S7_L3_HIGH_75_100_S01,HW_PLC,HW_PLC,570,570,571,,,,605539000,plc_internal_rd_loc_t_nanosecond,75,100,77.27,2.269997,0,1,166064443,3,512,0,ok,
RUN_20260502_S7_L3_HIGH_75_100_S01_R04,S7_L3_HIGH_75_100,SER_20260502_S7_L3_HIGH_75_100_S01,HW_PLC,HW_PLC,571,571,572,,,,675666000,plc_internal_rd_loc_t_nanosecond,75,100,70.127,-4.873001,0,1,1738904750,3,512,0,ok,
RUN_20260502_S7_L3_HIGH_75_100_S01_R04,S7_L3_HIGH_75_100,SER_20260502_S7_L3_HIGH_75_100_S01,HW_PLC,HW_PLC,572,572,573,,,,748563000,plc_internal_rd_loc_t_nanosecond,75,100,72.897,-2.102997,0,1,777338916,3,512,0,ok,
RUN_20260502_S7_L3_HIGH_75_100_S01_R04,S7_L3_HIGH_75_100,SER_20260502_S7_L3_HIGH_75_100_S01,HW_PLC,HW_PLC,573,573,574,,,,824228000,plc_internal_rd_loc_t_nanosecond,75,100,75.665,0.6650009,0,1,1578435483,3,512,0,ok,
RUN_20260502_S7_L3_HIGH_75_100_S01_R04,S7_L3_HIGH_75_100,SER_20260502_S7_L3_HIGH_75_100_S01,HW_PLC,HW_PLC,574,574,575,,,,894838000,plc_internal_rd_loc_t_nanosecond,75,100,70.61,-4.389999,0,1,1996803860,3,512,0,ok,
RUN_20260502_S7_L3_HIGH_75_100_S01_R04,S7_L3_HIGH_75_100,SER_20260502_S7_L3_HIGH_75_100_S01,HW_PLC,HW_PLC,575,575,576,,,,968571000,plc_internal_rd_loc_t_nanosecond,75,100,73.733,-1.266998,0,1,2034545295,3,512,0,ok,
RUN_20260502_S7_L3_HIGH_75_100_S01_R04,S7_L3_HIGH_75_100,SER_20260502_S7_L3_HIGH_75_100_S01,HW_PLC,HW_PLC,576,576,577,,,,42359000,plc_internal_rd_loc_t_nanosecond,75,100,73.788,-1.211998,0,1,1693752844,3,512,0,ok,
RUN_20260502_S7_L3_HIGH_75_100_S01_R04,S7_L3_HIGH_75_100,SER_20260502_S7_L3_HIGH_75_100_S01,HW_PLC,HW_PLC,577,577,578,,,,114248000,plc_internal_rd_loc_t_nanosecond,75,100,71.889,-3.111,0,1,976527755,3,512,0,ok,
RUN_20260502_S7_L3_HIGH_75_100_S01_R04,S7_L3_HIGH_75_100,SER_20260502_S7_L3_HIGH_75_100_S01,HW_PLC,HW_PLC,578,578,579,,,,190661000,plc_internal_rd_loc_t_nanosecond,75,100,76.413,1.413002,0,1,2032446731,3,512,0,ok,
RUN_20260502_S7_L3_HIGH_75_100_S01_R04,S7_L3_HIGH_75_100,SER_20260502_S7_L3_HIGH_75_100_S01,HW_PLC,HW_PLC,579,579,580,,,,264234000,plc_internal_rd_loc_t_nanosecond,75,100,73.573,-1.427002,0,1,568643726,3,512,0,ok,
RUN_20260502_S7_L3_HIGH_75_100_S01_R04,S7_L3_HIGH_75_100,SER_20260502_S7_L3_HIGH_75_100_S01,HW_PLC,HW_PLC,580,580,581,,,,341727000,plc_internal_rd_loc_t_nanosecond,75,100,77.493,2.492996,0,1,882179090,3,512,0,ok,
RUN_20260502_S7_L3_HIGH_75_100_S01_R04,S7_L3_HIGH_75_100,SER_20260502_S7_L3_HIGH_75_100_S01,HW_PLC,HW_PLC,581,581,582,,,,410540000,plc_internal_rd_loc_t_nanosecond,75,100,68.813,-6.186996,0,1,827670424,3,512,0,ok,
RUN_20260502_S7_L3_HIGH_75_100_S01_R04,S7_L3_HIGH_75_100,SER_20260502_S7_L3_HIGH_75_100_S01,HW_PLC,HW_PLC,582,582,583,,,,483946000,plc_internal_rd_loc_t_nanosecond,75,100,73.406,-1.594002,0,1,407210784,3,512,0,ok,
RUN_20260502_S7_L3_HIGH_75_100_S01_R04,S7_L3_HIGH_75_100,SER_20260502_S7_L3_HIGH_75_100_S01,HW_PLC,HW_PLC,583,583,584,,,,561242000,plc_internal_rd_loc_t_nanosecond,75,100,77.296,2.295998,0,1,1770385065,3,512,0,ok,
RUN_20260502_S7_L3_HIGH_75_100_S01_R04,S7_L3_HIGH_75_100,SER_20260502_S7_L3_HIGH_75_100_S01,HW_PLC,HW_PLC,584,584,585,,,,630201000,plc_internal_rd_loc_t_nanosecond,75,100,68.959,-6.041,0,1,624319029,3,512,0,ok,
RUN_20260502_S7_L3_HIGH_75_100_S01_R04,S7_L3_HIGH_75_100,SER_20260502_S7_L3_HIGH_75_100_S01,HW_PLC,HW_PLC,585,585,586,,,,703579000,plc_internal_rd_loc_t_nanosecond,75,100,73.378,-1.622002,0,1,1266081218,3,512,0,ok,
RUN_20260502_S7_L3_HIGH_75_100_S01_R04,S7_L3_HIGH_75_100,SER_20260502_S7_L3_HIGH_75_100_S01,HW_PLC,HW_PLC,586,586,587,,,,778923000,plc_internal_rd_loc_t_nanosecond,75,100,75.344,0.3440018,0,1,1550281041,3,512,0,ok,
RUN_20260502_S7_L3_HIGH_75_100_S01_R04,S7_L3_HIGH_75_100,SER_20260502_S7_L3_HIGH_75_100_S01,HW_PLC,HW_PLC,587,587,588,,,,849665000,plc_internal_rd_loc_t_nanosecond,75,100,70.742,-4.258003,0,1,1479019746,3,512,0,ok,
RUN_20260502_S7_L3_HIGH_75_100_S01_R04,S7_L3_HIGH_75_100,SER_20260502_S7_L3_HIGH_75_100_S01,HW_PLC,HW_PLC,588,588,589,,,,919269000,plc_internal_rd_loc_t_nanosecond,75,100,69.604,-5.396004,0,1,1054390389,3,512,0,ok,
RUN_20260502_S7_L3_HIGH_75_100_S01_R04,S7_L3_HIGH_75_100,SER_20260502_S7_L3_HIGH_75_100_S01,HW_PLC,HW_PLC,589,589,590,,,,992584000,plc_internal_rd_loc_t_nanosecond,75,100,73.315,-1.684998,0,1,278494218,3,512,0,ok,
RUN_20260502_S7_L3_HIGH_75_100_S01_R04,S7_L3_HIGH_75_100,SER_20260502_S7_L3_HIGH_75_100_S01,HW_PLC,HW_PLC,590,590,591,,,,69269000,plc_internal_rd_loc_t_nanosecond,75,100,76.685,1.684998,0,1,1300907936,3,512,0,ok,
RUN_20260502_S7_L3_HIGH_75_100_S01_R04,S7_L3_HIGH_75_100,SER_20260502_S7_L3_HIGH_75_100_S01,HW_PLC,HW_PLC,591,591,592,,,,145876000,plc_internal_rd_loc_t_nanosecond,75,100,76.607,1.607002,0,1,1976249144,3,512,0,ok,
RUN_20260502_S7_L3_HIGH_75_100_S01_R04,S7_L3_HIGH_75_100,SER_20260502_S7_L3_HIGH_75_100_S01,HW_PLC,HW_PLC,592,592,593,,,,214682000,plc_internal_rd_loc_t_nanosecond,75,100,68.806,-6.194,0,1,159127251,3,512,0,ok,
RUN_20260502_S7_L3_HIGH_75_100_S01_R04,S7_L3_HIGH_75_100,SER_20260502_S7_L3_HIGH_75_100_S01,HW_PLC,HW_PLC,593,593,594,,,,287960000,plc_internal_rd_loc_t_nanosecond,75,100,73.278,-1.722,0,1,146610799,3,512,0,ok,
RUN_20260502_S7_L3_HIGH_75_100_S01_R04,S7_L3_HIGH_75_100,SER_20260502_S7_L3_HIGH_75_100_S01,HW_PLC,HW_PLC,594,594,595,,,,365545000,plc_internal_rd_loc_t_nanosecond,75,100,77.585,2.584999,0,1,1940792844,3,512,0,ok,
RUN_20260502_S7_L3_HIGH_75_100_S01_R04,S7_L3_HIGH_75_100,SER_20260502_S7_L3_HIGH_75_100_S01,HW_PLC,HW_PLC,595,595,596,,,,434685000,plc_internal_rd_loc_t_nanosecond,75,100,69.14,-5.860001,0,1,1248807340,3,512,0,ok,
RUN_20260502_S7_L3_HIGH_75_100_S01_R04,S7_L3_HIGH_75_100,SER_20260502_S7_L3_HIGH_75_100_S01,HW_PLC,HW_PLC,596,596,597,,,,507801000,plc_internal_rd_loc_t_nanosecond,75,100,73.116,-1.884003,0,1,220230990,3,512,0,ok,
RUN_20260502_S7_L3_HIGH_75_100_S01_R04,S7_L3_HIGH_75_100,SER_20260502_S7_L3_HIGH_75_100_S01,HW_PLC,HW_PLC,597,597,598,,,,584873000,plc_internal_rd_loc_t_nanosecond,75,100,77.072,2.071999,0,1,1004648689,3,512,0,ok,
RUN_20260502_S7_L3_HIGH_75_100_S01_R04,S7_L3_HIGH_75_100,SER_20260502_S7_L3_HIGH_75_100_S01,HW_PLC,HW_PLC,598,598,599,,,,655300000,plc_internal_rd_loc_t_nanosecond,75,100,70.427,-4.572998,0,1,1456669846,3,512,0,ok,
RUN_20260502_S7_L3_HIGH_75_100_S01_R04,S7_L3_HIGH_75_100,SER_20260502_S7_L3_HIGH_75_100_S01,HW_PLC,HW_PLC,599,599,600,,,,727357000,plc_internal_rd_loc_t_nanosecond,75,100,72.057,-2.943001,0,0,1578395709,3,512,0,ok,
RUN_20260502_S7_L3_HIGH_75_100_S01_R04,S7_L3_HIGH_75_100,SER_20260502_S7_L3_HIGH_75_100_S01,HW_PLC,HW_PLC,600,600,601,,,,802877000,plc_internal_rd_loc_t_nanosecond,75,100,75.52,0.5199966,0,0,1371919334,3,512,0,ok,
RUN_20260502_S7_L3_HIGH_75_100_S01_R04,S7_L3_HIGH_75_100,SER_20260502_S7_L3_HIGH_75_100_S01,HW_PLC,HW_PLC,601,601,602,,,,873367000,plc_internal_rd_loc_t_nanosecond,75,100,70.49,-4.510002,0,0,839341969,3,512,0,ok,
RUN_20260502_S7_L3_HIGH_75_100_S01_R04,S7_L3_HIGH_75_100,SER_20260502_S7_L3_HIGH_75_100_S01,HW_PLC,HW_PLC,602,602,603,,,,943477000,plc_internal_rd_loc_t_nanosecond,75,100,70.11,-4.889999,0,0,2130240317,3,512,0,ok,
RUN_20260502_S7_L3_HIGH_75_100_S01_R04,S7_L3_HIGH_75_100,SER_20260502_S7_L3_HIGH_75_100_S01,HW_PLC,HW_PLC,603,603,604,,,,23422000,plc_internal_rd_loc_t_nanosecond,75,100,79.945,4.945,0,0,951748332,3,512,0,ok,
RUN_20260502_S7_L3_HIGH_75_100_S01_R04,S7_L3_HIGH_75_100,SER_20260502_S7_L3_HIGH_75_100_S01,HW_PLC,HW_PLC,604,604,605,,,,100614000,plc_internal_rd_loc_t_nanosecond,75,100,77.192,2.192001,0,0,1600926364,3,512,0,ok,
RUN_20260502_S7_L3_HIGH_75_100_S01_R04,S7_L3_HIGH_75_100,SER_20260502_S7_L3_HIGH_75_100_S01,HW_PLC,HW_PLC,605,605,606,,,,170366000,plc_internal_rd_loc_t_nanosecond,75,100,69.752,-5.248001,0,0,1932392014,3,512,0,ok,
RUN_20260502_S7_L3_HIGH_75_100_S01_R04,S7_L3_HIGH_75_100,SER_20260502_S7_L3_HIGH_75_100_S01,HW_PLC,HW_PLC,606,606,607,,,,243709000,plc_internal_rd_loc_t_nanosecond,75,100,73.343,-1.656998,0,0,1948238338,3,512,0,ok,
RUN_20260502_S7_L3_HIGH_75_100_S01_R04,S7_L3_HIGH_75_100,SER_20260502_S7_L3_HIGH_75_100_S01,HW_PLC,HW_PLC,607,607,608,,,,320725000,plc_internal_rd_loc_t_nanosecond,75,100,77.016,2.015999,0,0,1650566584,3,512,0,ok,
RUN_20260502_S7_L3_HIGH_75_100_S01_R04,S7_L3_HIGH_75_100,SER_20260502_S7_L3_HIGH_75_100_S01,HW_PLC,HW_PLC,608,608,609,,,,390422000,plc_internal_rd_loc_t_nanosecond,75,100,69.697,-5.303001,0,0,1041469808,3,512,0,ok,
RUN_20260502_S7_L3_HIGH_75_100_S01_R04,S7_L3_HIGH_75_100,SER_20260502_S7_L3_HIGH_75_100_S01,HW_PLC,HW_PLC,609,609,610,,,,463756000,plc_internal_rd_loc_t_nanosecond,75,100,73.334,-1.666,0,0,123049258,3,512,0,ok,
RUN_20260502_S7_L3_HIGH_75_100_S01_R04,S7_L3_HIGH_75_100,SER_20260502_S7_L3_HIGH_75_100_S01,HW_PLC,HW_PLC,610,610,611,,,,539727000,plc_internal_rd_loc_t_nanosecond,75,100,75.971,0.9710007,0,0,1044881637,3,512,0,ok,
RUN_20260502_S7_L3_HIGH_75_100_S01_R04,S7_L3_HIGH_75_100,SER_20260502_S7_L3_HIGH_75_100_S01,HW_PLC,HW_PLC,611,611,612,,,,609198000,plc_internal_rd_loc_t_nanosecond,75,100,69.471,-5.528999,0,0,1661584546,3,512,0,ok,
RUN_20260502_S7_L3_HIGH_75_100_S01_R04,S7_L3_HIGH_75_100,SER_20260502_S7_L3_HIGH_75_100_S01,HW_PLC,HW_PLC,612,612,613,,,,679359000,plc_internal_rd_loc_t_nanosecond,75,100,70.161,-4.838997,0,0,1975251041,3,512,0,ok,
RUN_20260502_S7_L3_HIGH_75_100_S01_R04,S7_L3_HIGH_75_100,SER_20260502_S7_L3_HIGH_75_100_S01,HW_PLC,HW_PLC,613,613,614,,,,752339000,plc_internal_rd_loc_t_nanosecond,75,100,72.98,-2.019997,0,0,1987982370,3,512,0,ok,
RUN_20260502_S7_L3_HIGH_75_100_S01_R04,S7_L3_HIGH_75_100,SER_20260502_S7_L3_HIGH_75_100_S01,HW_PLC,HW_PLC,614,614,615,,,,829282000,plc_internal_rd_loc_t_nanosecond,75,100,76.943,1.943001,0,0,1701871589,3,512,0,ok,
RUN_20260502_S7_L3_HIGH_75_100_S01_R04,S7_L3_HIGH_75_100,SER_20260502_S7_L3_HIGH_75_100_S01,HW_PLC,HW_PLC,615,615,616,,,,905877000,plc_internal_rd_loc_t_nanosecond,75,100,76.595,1.595001,0,0,1119019946,3,512,0,ok,
RUN_20260502_S7_L3_HIGH_75_100_S01_R04,S7_L3_HIGH_75_100,SER_20260502_S7_L3_HIGH_75_100_S01,HW_PLC,HW_PLC,616,616,617,,,,979150000,plc_internal_rd_loc_t_nanosecond,75,100,73.273,-1.726997,0,0,241520497,3,512,0,ok,
RUN_20260502_S7_L3_HIGH_75_100_S01_R04,S7_L3_HIGH_75_100,SER_20260502_S7_L3_HIGH_75_100_S01,HW_PLC,HW_PLC,617,617,618,,,,56765000,plc_internal_rd_loc_t_nanosecond,75,100,77.615,2.614998,0,0,1218958137,3,512,0,ok,
RUN_20260502_S7_L3_HIGH_75_100_S01_R04,S7_L3_HIGH_75_100,SER_20260502_S7_L3_HIGH_75_100_S01,HW_PLC,HW_PLC,618,618,619,,,,125609000,plc_internal_rd_loc_t_nanosecond,75,100,68.844,-6.155998,0,0,1905942275,3,512,0,ok,
RUN_20260502_S7_L3_HIGH_75_100_S01_R04,S7_L3_HIGH_75_100,SER_20260502_S7_L3_HIGH_75_100_S01,HW_PLC,HW_PLC,619,619,620,,,,199291000,plc_internal_rd_loc_t_nanosecond,75,100,73.682,-1.318001,0,0,157090512,3,512,0,ok,
RUN_20260502_S7_L3_HIGH_75_100_S01_R04,S7_L3_HIGH_75_100,SER_20260502_S7_L3_HIGH_75_100_S01,HW_PLC,HW_PLC,620,620,621,,,,278858000,plc_internal_rd_loc_t_nanosecond,75,100,79.567,4.567001,0,0,269463198,3,512,0,ok,
RUN_20260502_S7_L3_HIGH_75_100_S01_R04,S7_L3_HIGH_75_100,SER_20260502_S7_L3_HIGH_75_100_S01,HW_PLC,HW_PLC,621,621,622,,,,348835000,plc_internal_rd_loc_t_nanosecond,75,100,69.977,-5.023003,0,0,97677934,3,512,0,ok,
RUN_20260502_S7_L3_HIGH_75_100_S01_R04,S7_L3_HIGH_75_100,SER_20260502_S7_L3_HIGH_75_100_S01,HW_PLC,HW_PLC,622,622,623,,,,421640000,plc_internal_rd_loc_t_nanosecond,75,100,72.805,-2.195,0,0,1791311423,3,512,0,ok,
RUN_20260502_S7_L3_HIGH_75_100_S01_R04,S7_L3_HIGH_75_100,SER_20260502_S7_L3_HIGH_75_100_S01,HW_PLC,HW_PLC,623,623,624,,,,498808000,plc_internal_rd_loc_t_nanosecond,75,100,77.168,2.167999,0,0,1057497619,3,512,0,ok,
RUN_20260502_S7_L3_HIGH_75_100_S01_R04,S7_L3_HIGH_75_100,SER_20260502_S7_L3_HIGH_75_100_S01,HW_PLC,HW_PLC,624,624,625,,,,569169000,plc_internal_rd_loc_t_nanosecond,75,100,70.361,-4.639,0,0,45813225,3,512,0,ok,
RUN_20260502_S7_L3_HIGH_75_100_S01_R04,S7_L3_HIGH_75_100,SER_20260502_S7_L3_HIGH_75_100_S01,HW_PLC,HW_PLC,625,625,626,,,,641724000,plc_internal_rd_loc_t_nanosecond,75,100,72.555,-2.445,0,0,905843136,3,512,0,ok,
RUN_20260502_S7_L3_HIGH_75_100_S01_R04,S7_L3_HIGH_75_100,SER_20260502_S7_L3_HIGH_75_100_S01,HW_PLC,HW_PLC,626,626,627,,,,716676000,plc_internal_rd_loc_t_nanosecond,75,100,74.952,-0.04799652,0,0,1492196761,3,512,0,ok,
RUN_20260502_S7_L3_HIGH_75_100_S01_R04,S7_L3_HIGH_75_100,SER_20260502_S7_L3_HIGH_75_100_S01,HW_PLC,HW_PLC,627,627,628,,,,794313000,plc_internal_rd_loc_t_nanosecond,75,100,77.637,2.637001,0,0,1806975348,3,512,0,ok,
RUN_20260502_S7_L3_HIGH_75_100_S01_R04,S7_L3_HIGH_75_100,SER_20260502_S7_L3_HIGH_75_100_S01,HW_PLC,HW_PLC,628,628,629,,,,863960000,plc_internal_rd_loc_t_nanosecond,75,100,69.647,-5.352997,0,0,1852271953,3,512,0,ok,
RUN_20260502_S7_L3_HIGH_75_100_S01_R04,S7_L3_HIGH_75_100,SER_20260502_S7_L3_HIGH_75_100_S01,HW_PLC,HW_PLC,629,629,630,,,,937685000,plc_internal_rd_loc_t_nanosecond,75,100,73.725,-1.275002,0,0,1630187824,3,512,0,ok,
RUN_20260502_S7_L3_HIGH_75_100_S01_R04,S7_L3_HIGH_75_100,SER_20260502_S7_L3_HIGH_75_100_S01,HW_PLC,HW_PLC,630,630,631,,,,14421000,plc_internal_rd_loc_t_nanosecond,75,100,76.736,1.736,0,0,1142816017,3,512,0,ok,
RUN_20260502_S7_L3_HIGH_75_100_S01_R04,S7_L3_HIGH_75_100,SER_20260502_S7_L3_HIGH_75_100_S01,HW_PLC,HW_PLC,631,631,632,,,,85234000,plc_internal_rd_loc_t_nanosecond,75,100,70.813,-4.186996,0,0,392257780,3,512,0,ok,
RUN_20260502_S7_L3_HIGH_75_100_S01_R04,S7_L3_HIGH_75_100,SER_20260502_S7_L3_HIGH_75_100_S01,HW_PLC,HW_PLC,632,632,633,,,,158153000,plc_internal_rd_loc_t_nanosecond,75,100,72.919,-2.081001,0,0,1528089816,3,512,0,ok,
RUN_20260502_S7_L3_HIGH_75_100_S01_R04,S7_L3_HIGH_75_100,SER_20260502_S7_L3_HIGH_75_100_S01,HW_PLC,HW_PLC,633,633,634,,,,228385000,plc_internal_rd_loc_t_nanosecond,75,100,70.232,-4.767998,0,0,257446079,3,512,0,ok,
RUN_20260502_S7_L3_HIGH_75_100_S01_R04,S7_L3_HIGH_75_100,SER_20260502_S7_L3_HIGH_75_100_S01,HW_PLC,HW_PLC,634,634,635,,,,303742000,plc_internal_rd_loc_t_nanosecond,75,100,75.357,0.3570023,0,0,877386919,3,512,0,ok,
RUN_20260502_S7_L3_HIGH_75_100_S01_R04,S7_L3_HIGH_75_100,SER_20260502_S7_L3_HIGH_75_100_S01,HW_PLC,HW_PLC,635,635,636,,,,373473000,plc_internal_rd_loc_t_nanosecond,75,100,69.731,-5.268997,0,0,1242529937,3,512,0,ok,
RUN_20260502_S7_L3_HIGH_75_100_S01_R04,S7_L3_HIGH_75_100,SER_20260502_S7_L3_HIGH_75_100_S01,HW_PLC,HW_PLC,636,636,637,,,,446819000,plc_internal_rd_loc_t_nanosecond,75,100,73.346,-1.653999,0,0,1354968189,3,512,0,ok,
RUN_20260502_S7_L3_HIGH_75_100_S01_R04,S7_L3_HIGH_75_100,SER_20260502_S7_L3_HIGH_75_100_S01,HW_PLC,HW_PLC,637,637,638,,,,522989000,plc_internal_rd_loc_t_nanosecond,75,100,76.17,1.169998,0,0,1216802923,3,512,0,ok,
RUN_20260502_S7_L3_HIGH_75_100_S01_R04,S7_L3_HIGH_75_100,SER_20260502_S7_L3_HIGH_75_100_S01,HW_PLC,HW_PLC,638,638,639,,,,593225000,plc_internal_rd_loc_t_nanosecond,75,100,70.236,-4.764,0,0,830127195,3,512,0,ok,
RUN_20260502_S7_L3_HIGH_75_100_S01_R04,S7_L3_HIGH_75_100,SER_20260502_S7_L3_HIGH_75_100_S01,HW_PLC,HW_PLC,639,639,640,,,,668941000,plc_internal_rd_loc_t_nanosecond,75,100,75.716,0.7160034,0,0,197042253,3,512,0,ok,
RUN_20260502_S7_L3_HIGH_75_100_S01_R04,S7_L3_HIGH_75_100,SER_20260502_S7_L3_HIGH_75_100_S01,HW_PLC,HW_PLC,640,640,641,,,,750181000,plc_internal_rd_loc_t_nanosecond,75,100,81.24,6.239998,0,0,1467124800,3,512,0,ok,
RUN_20260502_S7_L3_HIGH_75_100_S01_R04,S7_L3_HIGH_75_100,SER_20260502_S7_L3_HIGH_75_100_S01,HW_PLC,HW_PLC,641,641,642,,,,819558000,plc_internal_rd_loc_t_nanosecond,75,100,69.377,-5.623001,0,0,347508790,3,512,0,ok,
RUN_20260502_S7_L3_HIGH_75_100_S01_R04,S7_L3_HIGH_75_100,SER_20260502_S7_L3_HIGH_75_100_S01,HW_PLC,HW_PLC,642,642,643,,,,892638000,plc_internal_rd_loc_t_nanosecond,75,100,73.08,-1.919998,0,0,1135254573,3,512,0,ok,
RUN_20260502_S7_L3_HIGH_75_100_S01_R04,S7_L3_HIGH_75_100,SER_20260502_S7_L3_HIGH_75_100_S01,HW_PLC,HW_PLC,643,643,644,,,,969890000,plc_internal_rd_loc_t_nanosecond,75,100,77.252,2.251999,0,0,1684979750,3,512,0,ok,
RUN_20260502_S7_L3_HIGH_75_100_S01_R04,S7_L3_HIGH_75_100,SER_20260502_S7_L3_HIGH_75_100_S01,HW_PLC,HW_PLC,644,644,645,,,,40431000,plc_internal_rd_loc_t_nanosecond,75,100,70.541,-4.459,0,0,1998777377,3,512,0,ok,
RUN_20260502_S7_L3_HIGH_75_100_S01_R04,S7_L3_HIGH_75_100,SER_20260502_S7_L3_HIGH_75_100_S01,HW_PLC,HW_PLC,645,645,646,,,,113163000,plc_internal_rd_loc_t_nanosecond,75,100,72.732,-2.267998,0,0,2078748702,3,512,0,ok,
RUN_20260502_S7_L3_HIGH_75_100_S01_R04,S7_L3_HIGH_75_100,SER_20260502_S7_L3_HIGH_75_100_S01,HW_PLC,HW_PLC,646,646,647,,,,190329000,plc_internal_rd_loc_t_nanosecond,75,100,77.166,2.166,0,0,1926986781,3,512,0,ok,
RUN_20260502_S7_L3_HIGH_75_100_S01_R04,S7_L3_HIGH_75_100,SER_20260502_S7_L3_HIGH_75_100_S01,HW_PLC,HW_PLC,647,647,648,,,,259873000,plc_internal_rd_loc_t_nanosecond,75,100,69.544,-5.456001,0,0,1545592862,3,512,0,ok,
RUN_20260502_S7_L3_HIGH_75_100_S01_R04,S7_L3_HIGH_75_100,SER_20260502_S7_L3_HIGH_75_100_S01,HW_PLC,HW_PLC,648,648,649,,,,332838000,plc_internal_rd_loc_t_nanosecond,75,100,72.965,-2.035004,0,0,936660001,3,512,0,ok,
RUN_20260502_S7_L3_HIGH_75_100_S01_R04,S7_L3_HIGH_75_100,SER_20260502_S7_L3_HIGH_75_100_S01,HW_PLC,HW_PLC,649,649,650,,,,408850000,plc_internal_rd_loc_t_nanosecond,75,100,76.012,1.012001,0,0,102289446,3,512,0,ok,
RUN_20260502_S7_L3_HIGH_75_100_S01_R04,S7_L3_HIGH_75_100,SER_20260502_S7_L3_HIGH_75_100_S01,HW_PLC,HW_PLC,650,650,651,,,,478988000,plc_internal_rd_loc_t_nanosecond,75,100,70.138,-4.862,0,0,1192057900,3,512,0,ok,
RUN_20260502_S7_L3_HIGH_75_100_S01_R04,S7_L3_HIGH_75_100,SER_20260502_S7_L3_HIGH_75_100_S01,HW_PLC,HW_PLC,651,651,652,,,,548981000,plc_internal_rd_loc_t_nanosecond,75,100,69.993,-5.007004,0,0,2060582964,3,512,0,ok,
RUN_20260502_S7_L3_HIGH_75_100_S01_R04,S7_L3_HIGH_75_100,SER_20260502_S7_L3_HIGH_75_100_S01,HW_PLC,HW_PLC,652,652,653,,,,628629000,plc_internal_rd_loc_t_nanosecond,75,100,79.648,4.648003,0,0,562474047,3,512,0,ok,
RUN_20260502_S7_L3_HIGH_75_100_S01_R04,S7_L3_HIGH_75_100,SER_20260502_S7_L3_HIGH_75_100_S01,HW_PLC,HW_PLC,653,653,654,,,,705846000,plc_internal_rd_loc_t_nanosecond,75,100,77.217,2.217003,0,0,994799691,3,512,0,ok,
RUN_20260502_S7_L3_HIGH_75_100_S01_R04,S7_L3_HIGH_75_100,SER_20260502_S7_L3_HIGH_75_100_S01,HW_PLC,HW_PLC,654,654,655,,,,775494000,plc_internal_rd_loc_t_nanosecond,75,100,69.648,-5.351997,0,0,1212169305,3,512,0,ok,
RUN_20260502_S7_L3_HIGH_75_100_S01_R04,S7_L3_HIGH_75_100,SER_20260502_S7_L3_HIGH_75_100_S01,HW_PLC,HW_PLC,655,655,656,,,,849270000,plc_internal_rd_loc_t_nanosecond,75,100,73.776,-1.223999,0,0,1216684137,3,512,0,ok,
RUN_20260502_S7_L3_HIGH_75_100_S01_R04,S7_L3_HIGH_75_100,SER_20260502_S7_L3_HIGH_75_100_S01,HW_PLC,HW_PLC,656,656,657,,,,925685000,plc_internal_rd_loc_t_nanosecond,75,100,76.415,1.415001,0,0,1010437243,3,512,0,ok,
RUN_20260502_S7_L3_HIGH_75_100_S01_R04,S7_L3_HIGH_75_100,SER_20260502_S7_L3_HIGH_75_100_S01,HW_PLC,HW_PLC,657,657,658,,,,996280000,plc_internal_rd_loc_t_nanosecond,75,100,70.595,-4.404999,0,0,595529871,3,512,0,ok,
RUN_20260502_S7_L3_HIGH_75_100_S01_R04,S7_L3_HIGH_75_100,SER_20260502_S7_L3_HIGH_75_100_S01,HW_PLC,HW_PLC,658,658,659,,,,69393000,plc_internal_rd_loc_t_nanosecond,75,100,73.113,-1.887001,0,0,2121538724,3,512,0,ok,
RUN_20260502_S7_L3_HIGH_75_100_S01_R04,S7_L3_HIGH_75_100,SER_20260502_S7_L3_HIGH_75_100_S01,HW_PLC,HW_PLC,659,659,660,,,,146694000,plc_internal_rd_loc_t_nanosecond,75,100,77.301,2.301003,0,0,1295597756,3,512,0,ok,
RUN_20260502_S7_L3_HIGH_75_100_S01_R04,S7_L3_HIGH_75_100,SER_20260502_S7_L3_HIGH_75_100_S01,HW_PLC,HW_PLC,660,660,661,,,,215567000,plc_internal_rd_loc_t_nanosecond,75,100,68.873,-6.126999,0,0,267283670,3,512,0,ok,
RUN_20260502_S7_L3_HIGH_75_100_S01_R04,S7_L3_HIGH_75_100,SER_20260502_S7_L3_HIGH_75_100_S01,HW_PLC,HW_PLC,661,661,662,,,,288941000,plc_internal_rd_loc_t_nanosecond,75,100,73.374,-1.625999,0,0,1186181361,3,512,0,ok,
RUN_20260502_S7_L3_HIGH_75_100_S01_R04,S7_L3_HIGH_75_100,SER_20260502_S7_L3_HIGH_75_100_S01,HW_PLC,HW_PLC,662,662,663,,,,365882000,plc_internal_rd_loc_t_nanosecond,75,100,76.941,1.941002,0,0,1906900238,3,512,0,ok,
RUN_20260502_S7_L3_HIGH_75_100_S01_R04,S7_L3_HIGH_75_100,SER_20260502_S7_L3_HIGH_75_100_S01,HW_PLC,HW_PLC,663,663,664,,,,435877000,plc_internal_rd_loc_t_nanosecond,75,100,69.995,-5.004997,0,0,284057902,3,512,0,ok,
RUN_20260502_S7_L3_HIGH_75_100_S01_R04,S7_L3_HIGH_75_100,SER_20260502_S7_L3_HIGH_75_100_S01,HW_PLC,HW_PLC,664,664,665,,,,516156000,plc_internal_rd_loc_t_nanosecond,75,100,80.279,5.278999,0,0,614714703,3,512,0,ok,
RUN_20260502_S7_L3_HIGH_75_100_S01_R04,S7_L3_HIGH_75_100,SER_20260502_S7_L3_HIGH_75_100_S01,HW_PLC,HW_PLC,665,665,666,,,,593388000,plc_internal_rd_loc_t_nanosecond,75,100,77.232,2.232002,0,0,753488242,3,512,0,ok,
RUN_20260502_S7_L3_HIGH_75_100_S01_R04,S7_L3_HIGH_75_100,SER_20260502_S7_L3_HIGH_75_100_S01,HW_PLC,HW_PLC,666,666,667,,,,662919000,plc_internal_rd_loc_t_nanosecond,75,100,69.531,-5.469002,0,0,702471575,3,512,0,ok,
RUN_20260502_S7_L3_HIGH_75_100_S01_R04,S7_L3_HIGH_75_100,SER_20260502_S7_L3_HIGH_75_100_S01,HW_PLC,HW_PLC,667,667,668,,,,735846000,plc_internal_rd_loc_t_nanosecond,75,100,72.927,-2.072998,0,0,463765950,3,512,0,ok,
RUN_20260502_S7_L3_HIGH_75_100_S01_R04,S7_L3_HIGH_75_100,SER_20260502_S7_L3_HIGH_75_100_S01,HW_PLC,HW_PLC,668,668,669,,,,812308000,plc_internal_rd_loc_t_nanosecond,75,100,76.462,1.461998,0,0,39464423,3,512,0,ok,
RUN_20260502_S7_L3_HIGH_75_100_S01_R04,S7_L3_HIGH_75_100,SER_20260502_S7_L3_HIGH_75_100_S01,HW_PLC,HW_PLC,669,669,670,,,,881810000,plc_internal_rd_loc_t_nanosecond,75,100,69.502,-5.498001,0,0,1579151889,3,512,0,ok,
RUN_20260502_S7_L3_HIGH_75_100_S01_R04,S7_L3_HIGH_75_100,SER_20260502_S7_L3_HIGH_75_100_S01,HW_PLC,HW_PLC,670,670,671,,,,951942000,plc_internal_rd_loc_t_nanosecond,75,100,70.132,-4.867996,0,0,789954110,3,512,0,ok,
RUN_20260502_S7_L3_HIGH_75_100_S01_R04,S7_L3_HIGH_75_100,SER_20260502_S7_L3_HIGH_75_100_S01,HW_PLC,HW_PLC,671,671,672,,,,25235000,plc_internal_rd_loc_t_nanosecond,75,100,73.293,-1.707001,0,0,1968939628,3,512,0,ok,
RUN_20260502_S7_L3_HIGH_75_100_S01_R04,S7_L3_HIGH_75_100,SER_20260502_S7_L3_HIGH_75_100_S01,HW_PLC,HW_PLC,672,672,673,,,,102519000,plc_internal_rd_loc_t_nanosecond,75,100,77.284,2.283997,0,0,823234205,3,512,0,ok,
RUN_20260502_S7_L3_HIGH_75_100_S01_R04,S7_L3_HIGH_75_100,SER_20260502_S7_L3_HIGH_75_100_S01,HW_PLC,HW_PLC,673,673,674,,,,172656000,plc_internal_rd_loc_t_nanosecond,75,100,70.137,-4.862999,0,0,1649906383,3,512,0,ok,
RUN_20260502_S7_L3_HIGH_75_100_S01_R04,S7_L3_HIGH_75_100,SER_20260502_S7_L3_HIGH_75_100_S01,HW_PLC,HW_PLC,674,674,675,,,,245602000,plc_internal_rd_loc_t_nanosecond,75,100,72.946,-2.054001,0,0,156081924,3,512,0,ok,
RUN_20260502_S7_L3_HIGH_75_100_S01_R04,S7_L3_HIGH_75_100,SER_20260502_S7_L3_HIGH_75_100_S01,HW_PLC,HW_PLC,675,675,676,,,,322413000,plc_internal_rd_loc_t_nanosecond,75,100,76.811,1.810997,0,0,638829370,3,512,0,ok,
RUN_20260502_S7_L3_HIGH_75_100_S01_R04,S7_L3_HIGH_75_100,SER_20260502_S7_L3_HIGH_75_100_S01,HW_PLC,HW_PLC,676,676,677,,,,399255000,plc_internal_rd_loc_t_nanosecond,75,100,76.842,1.842003,0,0,952758130,3,512,0,ok,
RUN_20260502_S7_L3_HIGH_75_100_S01_R04,S7_L3_HIGH_75_100,SER_20260502_S7_L3_HIGH_75_100_S01,HW_PLC,HW_PLC,677,677,678,,,,472720000,plc_internal_rd_loc_t_nanosecond,75,100,73.465,-1.535004,0,0,1099969452,3,512,0,ok,
RUN_20260502_S7_L3_HIGH_75_100_S01_R04,S7_L3_HIGH_75_100,SER_20260502_S7_L3_HIGH_75_100_S01,HW_PLC,HW_PLC,678,678,679,,,,549834000,plc_internal_rd_loc_t_nanosecond,75,100,77.114,2.113998,0,0,1082556392,3,512,0,ok,
RUN_20260502_S7_L3_HIGH_75_100_S01_R04,S7_L3_HIGH_75_100,SER_20260502_S7_L3_HIGH_75_100_S01,HW_PLC,HW_PLC,679,679,680,,,,618630000,plc_internal_rd_loc_t_nanosecond,75,100,68.796,-6.204002,0,0,902620198,3,512,0,ok,
RUN_20260502_S7_L3_HIGH_75_100_S01_R04,S7_L3_HIGH_75_100,SER_20260502_S7_L3_HIGH_75_100_S01,HW_PLC,HW_PLC,680,680,681,,,,692226000,plc_internal_rd_loc_t_nanosecond,75,100,73.596,-1.403999,0,0,562253926,3,512,0,ok,
RUN_20260502_S7_L3_HIGH_75_100_S01_R04,S7_L3_HIGH_75_100,SER_20260502_S7_L3_HIGH_75_100_S01,HW_PLC,HW_PLC,681,681,682,,,,768769000,plc_internal_rd_loc_t_nanosecond,75,100,76.543,1.542999,0,0,63558824,3,512,0,ok,
RUN_20260502_S7_L3_HIGH_75_100_S01_R04,S7_L3_HIGH_75_100,SER_20260502_S7_L3_HIGH_75_100_S01,HW_PLC,HW_PLC,682,682,683,,,,838517000,plc_internal_rd_loc_t_nanosecond,75,100,69.748,-5.251999,0,0,1556111595,3,512,0,ok,
RUN_20260502_S7_L3_HIGH_75_100_S01_R04,S7_L3_HIGH_75_100,SER_20260502_S7_L3_HIGH_75_100_S01,HW_PLC,HW_PLC,683,683,684,,,,907848000,plc_internal_rd_loc_t_nanosecond,75,100,69.331,-5.668999,0,0,747046193,3,512,0,ok,
RUN_20260502_S7_L3_HIGH_75_100_S01_R04,S7_L3_HIGH_75_100,SER_20260502_S7_L3_HIGH_75_100_S01,HW_PLC,HW_PLC,684,684,685,,,,981654000,plc_internal_rd_loc_t_nanosecond,75,100,73.806,-1.194,0,0,1933422968,3,512,0,ok,
RUN_20260502_S7_L3_HIGH_75_100_S01_R04,S7_L3_HIGH_75_100,SER_20260502_S7_L3_HIGH_75_100_S01,HW_PLC,HW_PLC,685,685,686,,,,57198000,plc_internal_rd_loc_t_nanosecond,75,100,75.544,0.5439987,0,0,822375874,3,512,0,ok,
RUN_20260502_S7_L3_HIGH_75_100_S01_R04,S7_L3_HIGH_75_100,SER_20260502_S7_L3_HIGH_75_100_S01,HW_PLC,HW_PLC,686,686,687,,,,127489000,plc_internal_rd_loc_t_nanosecond,75,100,70.291,-4.709,0,0,1710965261,3,512,0,ok,
RUN_20260502_S7_L3_HIGH_75_100_S01_R04,S7_L3_HIGH_75_100,SER_20260502_S7_L3_HIGH_75_100_S01,HW_PLC,HW_PLC,687,687,688,,,,196980000,plc_internal_rd_loc_t_nanosecond,75,100,69.491,-5.509003,0,0,306325083,3,512,0,ok,
RUN_20260502_S7_L3_HIGH_75_100_S01_R04,S7_L3_HIGH_75_100,SER_20260502_S7_L3_HIGH_75_100_S01,HW_PLC,HW_PLC,688,688,689,,,,276933000,plc_internal_rd_loc_t_nanosecond,75,100,79.953,4.953003,0,0,905515690,3,512,0,ok,
RUN_20260502_S7_L3_HIGH_75_100_S01_R04,S7_L3_HIGH_75_100,SER_20260502_S7_L3_HIGH_75_100_S01,HW_PLC,HW_PLC,689,689,690,,,,356916000,plc_internal_rd_loc_t_nanosecond,75,100,79.983,4.983002,0,0,1363154683,3,512,0,ok,
RUN_20260502_S7_L3_HIGH_75_100_S01_R04,S7_L3_HIGH_75_100,SER_20260502_S7_L3_HIGH_75_100_S01,HW_PLC,HW_PLC,690,690,691,,,,425739000,plc_internal_rd_loc_t_nanosecond,75,100,68.823,-6.177002,0,0,1681335118,3,512,0,ok,
RUN_20260502_S7_L3_HIGH_75_100_S01_R04,S7_L3_HIGH_75_100,SER_20260502_S7_L3_HIGH_75_100_S01,HW_PLC,HW_PLC,691,691,692,,,,499351000,plc_internal_rd_loc_t_nanosecond,75,100,73.612,-1.388,0,0,1862158243,3,512,0,ok,
RUN_20260502_S7_L3_HIGH_75_100_S01_R04,S7_L3_HIGH_75_100,SER_20260502_S7_L3_HIGH_75_100_S01,HW_PLC,HW_PLC,692,692,693,,,,570940000,plc_internal_rd_loc_t_nanosecond,75,100,71.589,-3.411003,0,0,1907717114,3,512,0,ok,
RUN_20260502_S7_L3_HIGH_75_100_S01_R04,S7_L3_HIGH_75_100,SER_20260502_S7_L3_HIGH_75_100_S01,HW_PLC,HW_PLC,693,693,694,,,,645527000,plc_internal_rd_loc_t_nanosecond,75,100,74.587,-0.413002,0,0,1820112979,3,512,0,ok,
RUN_20260502_S7_L3_HIGH_75_100_S01_R04,S7_L3_HIGH_75_100,SER_20260502_S7_L3_HIGH_75_100_S01,HW_PLC,HW_PLC,694,694,695,,,,714985000,plc_internal_rd_loc_t_nanosecond,75,100,69.458,-5.542,0,0,1601438894,3,512,0,ok,
RUN_20260502_S7_L3_HIGH_75_100_S01_R04,S7_L3_HIGH_75_100,SER_20260502_S7_L3_HIGH_75_100_S01,HW_PLC,HW_PLC,695,695,696,,,,787818000,plc_internal_rd_loc_t_nanosecond,75,100,72.833,-2.167,0,0,1253796107,3,512,0,ok,
RUN_20260502_S7_L3_HIGH_75_100_S01_R04,S7_L3_HIGH_75_100,SER_20260502_S7_L3_HIGH_75_100_S01,HW_PLC,HW_PLC,696,696,697,,,,865178000,plc_internal_rd_loc_t_nanosecond,75,100,77.36,2.360001,0,0,779277674,3,512,0,ok,
RUN_20260502_S7_L3_HIGH_75_100_S01_R04,S7_L3_HIGH_75_100,SER_20260502_S7_L3_HIGH_75_100_S01,HW_PLC,HW_PLC,697,697,698,,,,934379000,plc_internal_rd_loc_t_nanosecond,75,100,69.201,-5.799004,0,0,179984843,3,512,0,ok,
RUN_20260502_S7_L3_HIGH_75_100_S01_R04,S7_L3_HIGH_75_100,SER_20260502_S7_L3_HIGH_75_100_S01,HW_PLC,HW_PLC,698,698,699,,,,8168000,plc_internal_rd_loc_t_nanosecond,75,100,73.789,-1.210999,0,0,1605494317,3,512,0,ok,
RUN_20260502_S7_L3_HIGH_75_100_S01_R04,S7_L3_HIGH_75_100,SER_20260502_S7_L3_HIGH_75_100_S01,HW_PLC,HW_PLC,699,699,700,,,,85739000,plc_internal_rd_loc_t_nanosecond,75,100,77.571,2.570999,0,1,762940050,3,512,0,ok,
RUN_20260502_S7_L3_HIGH_75_100_S01_R04,S7_L3_HIGH_75_100,SER_20260502_S7_L3_HIGH_75_100_S01,HW_PLC,HW_PLC,700,700,701,,,,155403000,plc_internal_rd_loc_t_nanosecond,75,100,69.664,-5.335999,0,1,1949382392,3,512,0,ok,
RUN_20260502_S7_L3_HIGH_75_100_S01_R04,S7_L3_HIGH_75_100,SER_20260502_S7_L3_HIGH_75_100_S01,HW_PLC,HW_PLC,701,701,702,,,,235318000,plc_internal_rd_loc_t_nanosecond,75,100,79.915,4.915001,0,1,871955297,3,512,0,ok,
RUN_20260502_S7_L3_HIGH_75_100_S01_R04,S7_L3_HIGH_75_100,SER_20260502_S7_L3_HIGH_75_100_S01,HW_PLC,HW_PLC,702,702,703,,,,312848000,plc_internal_rd_loc_t_nanosecond,75,100,77.53,2.529999,0,1,1827719115,3,512,0,ok,
RUN_20260502_S7_L3_HIGH_75_100_S01_R04,S7_L3_HIGH_75_100,SER_20260502_S7_L3_HIGH_75_100_S01,HW_PLC,HW_PLC,703,703,704,,,,389540000,plc_internal_rd_loc_t_nanosecond,75,100,76.692,1.692001,0,1,523807800,3,512,0,ok,
RUN_20260502_S7_L3_HIGH_75_100_S01_R04,S7_L3_HIGH_75_100,SER_20260502_S7_L3_HIGH_75_100_S01,HW_PLC,HW_PLC,704,704,705,,,,462956000,plc_internal_rd_loc_t_nanosecond,75,100,73.416,-1.584,0,1,1257281702,3,512,0,ok,
RUN_20260502_S7_L3_HIGH_75_100_S01_R04,S7_L3_HIGH_75_100,SER_20260502_S7_L3_HIGH_75_100_S01,HW_PLC,HW_PLC,705,705,706,,,,537505000,plc_internal_rd_loc_t_nanosecond,75,100,74.549,-0.4509964,0,1,1882758422,3,512,0,ok,
RUN_20260502_S7_L3_HIGH_75_100_S01_R04,S7_L3_HIGH_75_100,SER_20260502_S7_L3_HIGH_75_100_S01,HW_PLC,HW_PLC,706,706,707,,,,608344000,plc_internal_rd_loc_t_nanosecond,75,100,70.839,-4.161003,0,1,254847369,3,512,0,ok,
RUN_20260502_S7_L3_HIGH_75_100_S01_R04,S7_L3_HIGH_75_100,SER_20260502_S7_L3_HIGH_75_100_S01,HW_PLC,HW_PLC,707,707,708,,,,678662000,plc_internal_rd_loc_t_nanosecond,75,100,70.318,-4.681999,0,1,670617085,3,512,0,ok,
RUN_20260502_S7_L3_HIGH_75_100_S01_R04,S7_L3_HIGH_75_100,SER_20260502_S7_L3_HIGH_75_100_S01,HW_PLC,HW_PLC,708,708,709,,,,751632000,plc_internal_rd_loc_t_nanosecond,75,100,72.97,-2.029999,0,1,984676979,3,512,0,ok,
RUN_20260502_S7_L3_HIGH_75_100_S01_R04,S7_L3_HIGH_75_100,SER_20260502_S7_L3_HIGH_75_100_S01,HW_PLC,HW_PLC,709,709,710,,,,824834000,plc_internal_rd_loc_t_nanosecond,75,100,73.202,-1.797997,0,1,1199128299,3,512,0,ok,
RUN_20260502_S7_L3_HIGH_75_100_S01_R04,S7_L3_HIGH_75_100,SER_20260502_S7_L3_HIGH_75_100_S01,HW_PLC,HW_PLC,710,710,711,,,,897484000,plc_internal_rd_loc_t_nanosecond,75,100,72.65,-2.349998,0,1,1316064101,3,512,0,ok,
RUN_20260502_S7_L3_HIGH_75_100_S01_R04,S7_L3_HIGH_75_100,SER_20260502_S7_L3_HIGH_75_100_S01,HW_PLC,HW_PLC,711,711,712,,,,968238000,plc_internal_rd_loc_t_nanosecond,75,100,70.754,-4.246002,0,1,1337585633,3,512,0,ok,
RUN_20260502_S7_L3_HIGH_75_100_S01_R04,S7_L3_HIGH_75_100,SER_20260502_S7_L3_HIGH_75_100_S01,HW_PLC,HW_PLC,712,712,713,,,,40911000,plc_internal_rd_loc_t_nanosecond,75,100,72.673,-2.327003,0,1,1265785951,3,512,0,ok,
RUN_20260502_S7_L3_HIGH_75_100_S01_R04,S7_L3_HIGH_75_100,SER_20260502_S7_L3_HIGH_75_100_S01,HW_PLC,HW_PLC,713,713,714,,,,124524000,plc_internal_rd_loc_t_nanosecond,75,100,83.613,8.612999,0,1,1102766303,3,512,0,ok,
RUN_20260502_S7_L3_HIGH_75_100_S01_R04,S7_L3_HIGH_75_100,SER_20260502_S7_L3_HIGH_75_100_S01,HW_PLC,HW_PLC,714,714,715,,,,194642000,plc_internal_rd_loc_t_nanosecond,75,100,70.118,-4.882004,0,1,850619745,3,512,0,ok,
RUN_20260502_S7_L3_HIGH_75_100_S01_R04,S7_L3_HIGH_75_100,SER_20260502_S7_L3_HIGH_75_100_S01,HW_PLC,HW_PLC,715,715,716,,,,267619000,plc_internal_rd_loc_t_nanosecond,75,100,72.977,-2.023003,0,1,511447525,3,512,0,ok,
RUN_20260502_S7_L3_HIGH_75_100_S01_R04,S7_L3_HIGH_75_100,SER_20260502_S7_L3_HIGH_75_100_S01,HW_PLC,HW_PLC,716,716,717,,,,344767000,plc_internal_rd_loc_t_nanosecond,75,100,77.148,2.148003,0,1,87342699,3,512,0,ok,
RUN_20260502_S7_L3_HIGH_75_100_S01_R04,S7_L3_HIGH_75_100,SER_20260502_S7_L3_HIGH_75_100_S01,HW_PLC,HW_PLC,717,717,718,,,,413550000,plc_internal_rd_loc_t_nanosecond,75,100,68.783,-6.217003,0,1,1727890162,3,512,0,ok,
RUN_20260502_S7_L3_HIGH_75_100_S01_R04,S7_L3_HIGH_75_100,SER_20260502_S7_L3_HIGH_75_100_S01,HW_PLC,HW_PLC,718,718,719,,,,487276000,plc_internal_rd_loc_t_nanosecond,75,100,73.726,-1.274002,0,1,1140215676,3,512,0,ok,
RUN_20260502_S7_L3_HIGH_75_100_S01_R04,S7_L3_HIGH_75_100,SER_20260502_S7_L3_HIGH_75_100_S01,HW_PLC,HW_PLC,719,719,720,,,,563567000,plc_internal_rd_loc_t_nanosecond,75,100,76.291,1.291,0,1,473904136,3,512,0,ok,
RUN_20260502_S7_L3_HIGH_75_100_S01_R04,S7_L3_HIGH_75_100,SER_20260502_S7_L3_HIGH_75_100_S01,HW_PLC,HW_PLC,720,720,721,,,,632973000,plc_internal_rd_loc_t_nanosecond,75,100,69.406,-5.594002,0,1,1878532245,3,512,0,ok,
RUN_20260502_S7_L3_HIGH_75_100_S01_R04,S7_L3_HIGH_75_100,SER_20260502_S7_L3_HIGH_75_100_S01,HW_PLC,HW_PLC,721,721,722,,,,702582000,plc_internal_rd_loc_t_nanosecond,75,100,69.609,-5.390999,0,1,1061233957,3,512,0,ok,
RUN_20260502_S7_L3_HIGH_75_100_S01_R04,S7_L3_HIGH_75_100,SER_20260502_S7_L3_HIGH_75_100_S01,HW_PLC,HW_PLC,722,722,723,,,,775993000,plc_internal_rd_loc_t_nanosecond,75,100,73.411,-1.588997,0,1,171585975,3,512,0,ok,
RUN_20260502_S7_L3_HIGH_75_100_S01_R04,S7_L3_HIGH_75_100,SER_20260502_S7_L3_HIGH_75_100_S01,HW_PLC,HW_PLC,723,723,724,,,,852432000,plc_internal_rd_loc_t_nanosecond,75,100,76.439,1.439003,0,1,1359173194,3,512,0,ok,
RUN_20260502_S7_L3_HIGH_75_100_S01_R04,S7_L3_HIGH_75_100,SER_20260502_S7_L3_HIGH_75_100_S01,HW_PLC,HW_PLC,724,724,725,,,,921627000,plc_internal_rd_loc_t_nanosecond,75,100,69.195,-5.805,0,1,331121376,3,512,0,ok,
RUN_20260502_S7_L3_HIGH_75_100_S01_R04,S7_L3_HIGH_75_100,SER_20260502_S7_L3_HIGH_75_100_S01,HW_PLC,HW_PLC,725,725,726,,,,998270000,plc_internal_rd_loc_t_nanosecond,75,100,76.643,1.642998,0,1,1384499063,3,512,0,ok,
RUN_20260502_S7_L3_HIGH_75_100_S01_R04,S7_L3_HIGH_75_100,SER_20260502_S7_L3_HIGH_75_100_S01,HW_PLC,HW_PLC,726,726,727,,,,71859000,plc_internal_rd_loc_t_nanosecond,75,100,73.589,-1.411003,0,1,226432017,3,512,0,ok,
RUN_20260502_S7_L3_HIGH_75_100_S01_R04,S7_L3_HIGH_75_100,SER_20260502_S7_L3_HIGH_75_100_S01,HW_PLC,HW_PLC,727,727,728,,,,145328000,plc_internal_rd_loc_t_nanosecond,75,100,73.469,-1.530998,0,1,1153988780,3,512,0,ok,
RUN_20260502_S7_L3_HIGH_75_100_S01_R04,S7_L3_HIGH_75_100,SER_20260502_S7_L3_HIGH_75_100_S01,HW_PLC,HW_PLC,728,728,729,,,,217353000,plc_internal_rd_loc_t_nanosecond,75,100,72.025,-2.974998,0,1,2021778761,3,512,0,ok,
RUN_20260502_S7_L3_HIGH_75_100_S01_R04,S7_L3_HIGH_75_100,SER_20260502_S7_L3_HIGH_75_100_S01,HW_PLC,HW_PLC,729,729,730,,,,286780000,plc_internal_rd_loc_t_nanosecond,75,100,69.427,-5.572998,0,1,684419561,3,512,0,ok,
RUN_20260502_S7_L3_HIGH_75_100_S01_R04,S7_L3_HIGH_75_100,SER_20260502_S7_L3_HIGH_75_100_S01,HW_PLC,HW_PLC,730,730,731,,,,360623000,plc_internal_rd_loc_t_nanosecond,75,100,73.843,-1.156998,0,1,1438971530,3,512,0,ok,
RUN_20260502_S7_L3_HIGH_75_100_S01_R04,S7_L3_HIGH_75_100,SER_20260502_S7_L3_HIGH_75_100_S01,HW_PLC,HW_PLC,731,731,732,,,,434439000,plc_internal_rd_loc_t_nanosecond,75,100,73.816,-1.183998,0,1,2140052269,3,512,0,ok,
RUN_20260502_S7_L3_HIGH_75_100_S01_R04,S7_L3_HIGH_75_100,SER_20260502_S7_L3_HIGH_75_100_S01,HW_PLC,HW_PLC,732,732,733,,,,505932000,plc_internal_rd_loc_t_nanosecond,75,100,71.493,-3.507004,0,1,642271187,3,512,0,ok,
RUN_20260502_S7_L3_HIGH_75_100_S01_R04,S7_L3_HIGH_75_100,SER_20260502_S7_L3_HIGH_75_100_S01,HW_PLC,HW_PLC,733,733,734,,,,576309000,plc_internal_rd_loc_t_nanosecond,75,100,70.377,-4.623001,0,1,1242696826,3,512,0,ok,
RUN_20260502_S7_L3_HIGH_75_100_S01_R04,S7_L3_HIGH_75_100,SER_20260502_S7_L3_HIGH_75_100_S01,HW_PLC,HW_PLC,734,734,735,,,,649487000,plc_internal_rd_loc_t_nanosecond,75,100,73.178,-1.821999,0,1,1795938595,3,512,0,ok,
RUN_20260502_S7_L3_HIGH_75_100_S01_R04,S7_L3_HIGH_75_100,SER_20260502_S7_L3_HIGH_75_100_S01,HW_PLC,HW_PLC,735,735,736,,,,723748000,plc_internal_rd_loc_t_nanosecond,75,100,74.261,-0.7389984,0,1,156614095,3,512,0,ok,
RUN_20260502_S7_L3_HIGH_75_100_S01_R04,S7_L3_HIGH_75_100,SER_20260502_S7_L3_HIGH_75_100_S01,HW_PLC,HW_PLC,736,736,737,,,,794650000,plc_internal_rd_loc_t_nanosecond,75,100,70.902,-4.098,0,1,621783676,3,512,0,ok,
RUN_20260502_S7_L3_HIGH_75_100_S01_R04,S7_L3_HIGH_75_100,SER_20260502_S7_L3_HIGH_75_100_S01,HW_PLC,HW_PLC,737,737,738,,,,866340000,plc_internal_rd_loc_t_nanosecond,75,100,71.69,-3.309998,0,1,1046064939,3,512,0,ok,
RUN_20260502_S7_L3_HIGH_75_100_S01_R04,S7_L3_HIGH_75_100,SER_20260502_S7_L3_HIGH_75_100_S01,HW_PLC,HW_PLC,738,738,739,,,,945760000,plc_internal_rd_loc_t_nanosecond,75,100,79.42,4.419998,0,1,1431550940,3,512,0,ok,
RUN_20260502_S7_L3_HIGH_75_100_S01_R04,S7_L3_HIGH_75_100,SER_20260502_S7_L3_HIGH_75_100_S01,HW_PLC,HW_PLC,739,739,740,,,,18798000,plc_internal_rd_loc_t_nanosecond,75,100,73.038,-1.961998,0,1,1780342927,3,512,0,ok,
RUN_20260502_S7_L3_HIGH_75_100_S01_R04,S7_L3_HIGH_75_100,SER_20260502_S7_L3_HIGH_75_100_S01,HW_PLC,HW_PLC,740,740,741,,,,91565000,plc_internal_rd_loc_t_nanosecond,75,100,72.767,-2.233002,0,1,2094533956,3,512,0,ok,
RUN_20260502_S7_L3_HIGH_75_100_S01_R04,S7_L3_HIGH_75_100,SER_20260502_S7_L3_HIGH_75_100_S01,HW_PLC,HW_PLC,741,741,742,,,,161612000,plc_internal_rd_loc_t_nanosecond,75,100,70.047,-4.953003,0,1,228741628,3,512,0,ok,
RUN_20260502_S7_L3_HIGH_75_100_S01_R04,S7_L3_HIGH_75_100,SER_20260502_S7_L3_HIGH_75_100_S01,HW_PLC,HW_PLC,742,742,743,,,,234490000,plc_internal_rd_loc_t_nanosecond,75,100,72.878,-2.122002,0,1,480026293,3,512,0,ok,
RUN_20260502_S7_L3_HIGH_75_100_S01_R04,S7_L3_HIGH_75_100,SER_20260502_S7_L3_HIGH_75_100_S01,HW_PLC,HW_PLC,743,743,744,,,,309143000,plc_internal_rd_loc_t_nanosecond,75,100,74.653,-0.3470001,0,1,703005552,3,512,0,ok,
RUN_20260502_S7_L3_HIGH_75_100_S01_R04,S7_L3_HIGH_75_100,SER_20260502_S7_L3_HIGH_75_100_S01,HW_PLC,HW_PLC,744,744,745,,,,380883000,plc_internal_rd_loc_t_nanosecond,75,100,71.74,-3.260002,0,1,899772461,3,512,0,ok,
RUN_20260502_S7_L3_HIGH_75_100_S01_R04,S7_L3_HIGH_75_100,SER_20260502_S7_L3_HIGH_75_100_S01,HW_PLC,HW_PLC,745,745,746,,,,450809000,plc_internal_rd_loc_t_nanosecond,75,100,69.926,-5.073997,0,1,1072428268,3,512,0,ok,
RUN_20260502_S7_L3_HIGH_75_100_S01_R04,S7_L3_HIGH_75_100,SER_20260502_S7_L3_HIGH_75_100_S01,HW_PLC,HW_PLC,746,746,747,,,,523669000,plc_internal_rd_loc_t_nanosecond,75,100,72.86,-2.139999,0,1,1223066029,3,512,0,ok,
RUN_20260502_S7_L3_HIGH_75_100_S01_R04,S7_L3_HIGH_75_100,SER_20260502_S7_L3_HIGH_75_100_S01,HW_PLC,HW_PLC,747,747,748,,,,598259000,plc_internal_rd_loc_t_nanosecond,75,100,74.59,-0.4100037,0,1,1353786992,3,512,0,ok,
RUN_20260502_S7_L3_HIGH_75_100_S01_R04,S7_L3_HIGH_75_100,SER_20260502_S7_L3_HIGH_75_100_S01,HW_PLC,HW_PLC,748,748,749,,,,669777000,plc_internal_rd_loc_t_nanosecond,75,100,71.518,-3.482002,0,1,1466684213,3,512,0,ok,
RUN_20260502_S7_L3_HIGH_75_100_S01_R04,S7_L3_HIGH_75_100,SER_20260502_S7_L3_HIGH_75_100_S01,HW_PLC,HW_PLC,749,749,750,,,,739385000,plc_internal_rd_loc_t_nanosecond,75,100,69.608,-5.391998,0,1,1563858940,3,512,0,ok,
RUN_20260502_S7_L3_HIGH_75_100_S01_R04,S7_L3_HIGH_75_100,SER_20260502_S7_L3_HIGH_75_100_S01,HW_PLC,HW_PLC,750,750,751,,,,819541000,plc_internal_rd_loc_t_nanosecond,75,100,80.156,5.155998,0,1,1647404229,3,512,0,ok,
RUN_20260502_S7_L3_HIGH_75_100_S01_R04,S7_L3_HIGH_75_100,SER_20260502_S7_L3_HIGH_75_100_S01,HW_PLC,HW_PLC,751,751,752,,,,896803000,plc_internal_rd_loc_t_nanosecond,75,100,77.262,2.262001,0,1,1719421328,3,512,0,ok,
RUN_20260502_S7_L3_HIGH_75_100_S01_R04,S7_L3_HIGH_75_100,SER_20260502_S7_L3_HIGH_75_100_S01,HW_PLC,HW_PLC,752,752,753,,,,966540000,plc_internal_rd_loc_t_nanosecond,75,100,69.737,-5.263,0,1,1782003293,3,512,0,ok,
RUN_20260502_S7_L3_HIGH_75_100_S01_R04,S7_L3_HIGH_75_100,SER_20260502_S7_L3_HIGH_75_100_S01,HW_PLC,HW_PLC,753,753,754,,,,39941000,plc_internal_rd_loc_t_nanosecond,75,100,73.401,-1.598999,0,1,1837251372,3,512,0,ok,
RUN_20260502_S7_L3_HIGH_75_100_S01_R04,S7_L3_HIGH_75_100,SER_20260502_S7_L3_HIGH_75_100_S01,HW_PLC,HW_PLC,754,754,755,,,,114922000,plc_internal_rd_loc_t_nanosecond,75,100,74.981,-0.01899719,0,1,1887258621,3,512,0,ok,
RUN_20260502_S7_L3_HIGH_75_100_S01_R04,S7_L3_HIGH_75_100,SER_20260502_S7_L3_HIGH_75_100_S01,HW_PLC,HW_PLC,755,755,756,,,,185626000,plc_internal_rd_loc_t_nanosecond,75,100,70.704,-4.295998,0,1,1934126288,3,512,0,ok,
RUN_20260502_S7_L3_HIGH_75_100_S01_R04,S7_L3_HIGH_75_100,SER_20260502_S7_L3_HIGH_75_100_S01,HW_PLC,HW_PLC,756,756,757,,,,258524000,plc_internal_rd_loc_t_nanosecond,75,100,72.898,-2.101997,0,1,1979947429,3,512,0,ok,
RUN_20260502_S7_L3_HIGH_75_100_S01_R04,S7_L3_HIGH_75_100,SER_20260502_S7_L3_HIGH_75_100_S01,HW_PLC,HW_PLC,757,757,758,,,,331424000,plc_internal_rd_loc_t_nanosecond,75,100,72.9,-2.099998,0,1,2026823292,3,512,0,ok,
RUN_20260502_S7_L3_HIGH_75_100_S01_R04,S7_L3_HIGH_75_100,SER_20260502_S7_L3_HIGH_75_100_S01,HW_PLC,HW_PLC,758,758,759,,,,408487000,plc_internal_rd_loc_t_nanosecond,75,100,77.063,2.063004,0,1,2076846933,3,512,0,ok,
RUN_20260502_S7_L3_HIGH_75_100_S01_R04,S7_L3_HIGH_75_100,SER_20260502_S7_L3_HIGH_75_100_S01,HW_PLC,HW_PLC,759,759,760,,,,478225000,plc_internal_rd_loc_t_nanosecond,75,100,69.738,-5.262001,0,1,2132119600,3,512,0,ok,
RUN_20260502_S7_L3_HIGH_75_100_S01_R04,S7_L3_HIGH_75_100,SER_20260502_S7_L3_HIGH_75_100_S01,HW_PLC,HW_PLC,760,760,761,,,,551699000,plc_internal_rd_loc_t_nanosecond,75,100,73.474,-1.526001,0,1,47250702,3,512,0,ok,
RUN_20260502_S7_L3_HIGH_75_100_S01_R04,S7_L3_HIGH_75_100,SER_20260502_S7_L3_HIGH_75_100_S01,HW_PLC,HW_PLC,761,761,762,,,,626860000,plc_internal_rd_loc_t_nanosecond,75,100,75.161,0.1610031,0,1,119308781,3,512,0,ok,
RUN_20260502_S7_L3_HIGH_75_100_S01_R04,S7_L3_HIGH_75_100,SER_20260502_S7_L3_HIGH_75_100_S01,HW_PLC,HW_PLC,762,762,763,,,,703729000,plc_internal_rd_loc_t_nanosecond,75,100,76.869,1.869003,0,1,202903246,3,512,0,ok,
RUN_20260502_S7_L3_HIGH_75_100_S01_R04,S7_L3_HIGH_75_100,SER_20260502_S7_L3_HIGH_75_100_S01,HW_PLC,HW_PLC,763,763,764,,,,774214000,plc_internal_rd_loc_t_nanosecond,75,100,70.485,-4.514999,0,1,300135345,3,512,0,ok,
RUN_20260502_S7_L3_HIGH_75_100_S01_R04,S7_L3_HIGH_75_100,SER_20260502_S7_L3_HIGH_75_100_S01,HW_PLC,HW_PLC,764,764,765,,,,847336000,plc_internal_rd_loc_t_nanosecond,75,100,73.122,-1.877998,0,1,413098134,3,512,0,ok,
RUN_20260502_S7_L3_HIGH_75_100_S01_R04,S7_L3_HIGH_75_100,SER_20260502_S7_L3_HIGH_75_100_S01,HW_PLC,HW_PLC,765,765,766,,,,924185000,plc_internal_rd_loc_t_nanosecond,75,100,76.849,1.848999,0,1,543892861,3,512,0,ok,
RUN_20260502_S7_L3_HIGH_75_100_S01_R04,S7_L3_HIGH_75_100,SER_20260502_S7_L3_HIGH_75_100_S01,HW_PLC,HW_PLC,766,766,767,,,,993847000,plc_internal_rd_loc_t_nanosecond,75,100,69.662,-5.337997,0,1,694612582,3,512,0,ok,
RUN_20260502_S7_L3_HIGH_75_100_S01_R04,S7_L3_HIGH_75_100,SER_20260502_S7_L3_HIGH_75_100_S01,HW_PLC,HW_PLC,767,767,768,,,,67833000,plc_internal_rd_loc_t_nanosecond,75,100,73.986,-1.014,0,1,867358545,3,512,0,ok,
RUN_20260502_S7_L3_HIGH_75_100_S01_R04,S7_L3_HIGH_75_100,SER_20260502_S7_L3_HIGH_75_100_S01,HW_PLC,HW_PLC,768,768,769,,,,145324000,plc_internal_rd_loc_t_nanosecond,75,100,77.491,2.490997,0,1,1064223806,3,512,0,ok,
RUN_20260502_S7_L3_HIGH_75_100_S01_R04,S7_L3_HIGH_75_100,SER_20260502_S7_L3_HIGH_75_100_S01,HW_PLC,HW_PLC,769,769,770,,,,214264000,plc_internal_rd_loc_t_nanosecond,75,100,68.94,-6.059998,0,1,1287309613,3,512,0,ok,
RUN_20260502_S7_L3_HIGH_75_100_S01_R04,S7_L3_HIGH_75_100,SER_20260502_S7_L3_HIGH_75_100_S01,HW_PLC,HW_PLC,770,770,771,,,,287605000,plc_internal_rd_loc_t_nanosecond,75,100,73.341,-1.658997,0,1,1538709022,3,512,0,ok,
RUN_20260502_S7_L3_HIGH_75_100_S01_R04,S7_L3_HIGH_75_100,SER_20260502_S7_L3_HIGH_75_100_S01,HW_PLC,HW_PLC,771,771,772,,,,364338000,plc_internal_rd_loc_t_nanosecond,75,100,76.733,1.733002,0,1,1820523281,3,512,0,ok,
RUN_20260502_S7_L3_HIGH_75_100_S01_R04,S7_L3_HIGH_75_100,SER_20260502_S7_L3_HIGH_75_100_S01,HW_PLC,HW_PLC,772,772,773,,,,432883000,plc_internal_rd_loc_t_nanosecond,75,100,68.545,-6.455002,0,1,2134845446,3,512,0,ok,
RUN_20260502_S7_L3_HIGH_75_100_S01_R04,S7_L3_HIGH_75_100,SER_20260502_S7_L3_HIGH_75_100_S01,HW_PLC,HW_PLC,773,773,774,,,,502510000,plc_internal_rd_loc_t_nanosecond,75,100,69.627,-5.373001,0,1,336293118,3,512,0,ok,
RUN_20260502_S7_L3_HIGH_75_100_S01_R04,S7_L3_HIGH_75_100,SER_20260502_S7_L3_HIGH_75_100_S01,HW_PLC,HW_PLC,774,774,775,,,,581649000,plc_internal_rd_loc_t_nanosecond,75,100,79.139,4.139,0,1,721926647,3,512,0,ok,
RUN_20260502_S7_L3_HIGH_75_100_S01_R04,S7_L3_HIGH_75_100,SER_20260502_S7_L3_HIGH_75_100_S01,HW_PLC,HW_PLC,775,775,776,,,,660231000,plc_internal_rd_loc_t_nanosecond,75,100,78.582,3.582001,0,1,1146363634,3,512,0,ok,
RUN_20260502_S7_L3_HIGH_75_100_S01_R04,S7_L3_HIGH_75_100,SER_20260502_S7_L3_HIGH_75_100_S01,HW_PLC,HW_PLC,776,776,777,,,,728935000,plc_internal_rd_loc_t_nanosecond,75,100,68.704,-6.295998,0,1,1611697135,3,512,0,ok,
RUN_20260502_S7_L3_HIGH_75_100_S01_R04,S7_L3_HIGH_75_100,SER_20260502_S7_L3_HIGH_75_100_S01,HW_PLC,HW_PLC,777,777,778,,,,802413000,plc_internal_rd_loc_t_nanosecond,75,100,73.478,-1.522003,0,1,2120028398,3,512,0,ok,
RUN_20260502_S7_L3_HIGH_75_100_S01_R04,S7_L3_HIGH_75_100,SER_20260502_S7_L3_HIGH_75_100_S01,HW_PLC,HW_PLC,778,778,779,,,,879602000,plc_internal_rd_loc_t_nanosecond,75,100,77.189,2.189003,0,1,525966832,3,512,0,ok,
RUN_20260502_S7_L3_HIGH_75_100_S01_R04,S7_L3_HIGH_75_100,SER_20260502_S7_L3_HIGH_75_100_S01,HW_PLC,HW_PLC,779,779,780,,,,949392000,plc_internal_rd_loc_t_nanosecond,75,100,69.79,-5.209999,0,1,1126580979,3,512,0,ok,
RUN_20260502_S7_L3_HIGH_75_100_S01_R04,S7_L3_HIGH_75_100,SER_20260502_S7_L3_HIGH_75_100_S01,HW_PLC,HW_PLC,780,780,781,,,,22510000,plc_internal_rd_loc_t_nanosecond,75,100,73.118,-1.882004,0,1,1776480248,3,512,0,ok,
RUN_20260502_S7_L3_HIGH_75_100_S01_R04,S7_L3_HIGH_75_100,SER_20260502_S7_L3_HIGH_75_100_S01,HW_PLC,HW_PLC,781,781,782,,,,99335000,plc_internal_rd_loc_t_nanosecond,75,100,76.825,1.824997,0,1,330282240,3,512,0,ok,
RUN_20260502_S7_L3_HIGH_75_100_S01_R04,S7_L3_HIGH_75_100,SER_20260502_S7_L3_HIGH_75_100_S01,HW_PLC,HW_PLC,782,782,783,,,,168669000,plc_internal_rd_loc_t_nanosecond,75,100,69.334,-5.666,0,1,1085047305,3,512,0,ok,
RUN_20260502_S7_L3_HIGH_75_100_S01_R04,S7_L3_HIGH_75_100,SER_20260502_S7_L3_HIGH_75_100_S01,HW_PLC,HW_PLC,783,783,784,,,,238248000,plc_internal_rd_loc_t_nanosecond,75,100,69.579,-5.420998,0,1,1895393044,3,512,0,ok,
RUN_20260502_S7_L3_HIGH_75_100_S01_R04,S7_L3_HIGH_75_100,SER_20260502_S7_L3_HIGH_75_100_S01,HW_PLC,HW_PLC,784,784,785,,,,311607000,plc_internal_rd_loc_t_nanosecond,75,100,73.359,-1.640999,0,1,615928866,3,512,0,ok,
RUN_20260502_S7_L3_HIGH_75_100_S01_R04,S7_L3_HIGH_75_100,SER_20260502_S7_L3_HIGH_75_100_S01,HW_PLC,HW_PLC,785,785,786,,,,383507000,plc_internal_rd_loc_t_nanosecond,75,100,71.9,-3.099998,0,1,1543723313,3,512,0,ok,
RUN_20260502_S7_L3_HIGH_75_100_S01_R04,S7_L3_HIGH_75_100,SER_20260502_S7_L3_HIGH_75_100_S01,HW_PLC,HW_PLC,786,786,787,,,,457682000,plc_internal_rd_loc_t_nanosecond,75,100,74.175,-0.8249969,0,1,385902147,3,512,0,ok,
RUN_20260502_S7_L3_HIGH_75_100_S01_R04,S7_L3_HIGH_75_100,SER_20260502_S7_L3_HIGH_75_100_S01,HW_PLC,HW_PLC,787,787,788,,,,533290000,plc_internal_rd_loc_t_nanosecond,75,100,75.608,0.6080017,0,1,1439533910,3,512,0,ok,
RUN_20260502_S7_L3_HIGH_75_100_S01_R04,S7_L3_HIGH_75_100,SER_20260502_S7_L3_HIGH_75_100_S01,HW_PLC,HW_PLC,788,788,789,,,,606611000,plc_internal_rd_loc_t_nanosecond,75,100,73.321,-1.679001,0,1,411744364,3,512,0,ok,
RUN_20260502_S7_L3_HIGH_75_100_S01_R04,S7_L3_HIGH_75_100,SER_20260502_S7_L3_HIGH_75_100_S01,HW_PLC,HW_PLC,789,789,790,,,,681195000,plc_internal_rd_loc_t_nanosecond,75,100,74.584,-0.4160004,0,1,1599602051,3,512,0,ok,
RUN_20260502_S7_L3_HIGH_75_100_S01_R04,S7_L3_HIGH_75_100,SER_20260502_S7_L3_HIGH_75_100_S01,HW_PLC,HW_PLC,790,790,791,,,,752664000,plc_internal_rd_loc_t_nanosecond,75,100,71.469,-3.530998,0,1,710232733,3,512,0,ok,
RUN_20260502_S7_L3_HIGH_75_100_S01_R04,S7_L3_HIGH_75_100,SER_20260502_S7_L3_HIGH_75_100_S01,HW_PLC,HW_PLC,791,791,792,,,,822349000,plc_internal_rd_loc_t_nanosecond,75,100,69.685,-5.315002,0,1,2040704952,3,512,0,ok,
RUN_20260502_S7_L3_HIGH_75_100_S01_R04,S7_L3_HIGH_75_100,SER_20260502_S7_L3_HIGH_75_100_S01,HW_PLC,HW_PLC,792,792,793,,,,895355000,plc_internal_rd_loc_t_nanosecond,75,100,73.006,-1.994003,0,1,1298144470,3,512,0,ok,
RUN_20260502_S7_L3_HIGH_75_100_S01_R04,S7_L3_HIGH_75_100,SER_20260502_S7_L3_HIGH_75_100_S01,HW_PLC,HW_PLC,793,793,794,,,,971209000,plc_internal_rd_loc_t_nanosecond,75,100,75.854,0.8539963,0,1,632136182,3,512,0,ok,
RUN_20260502_S7_L3_HIGH_75_100_S01_R04,S7_L3_HIGH_75_100,SER_20260502_S7_L3_HIGH_75_100_S01,HW_PLC,HW_PLC,794,794,795,,,,42162000,plc_internal_rd_loc_t_nanosecond,75,100,70.953,-4.046997,0,1,44773144,3,512,0,ok,
RUN_20260502_S7_L3_HIGH_75_100_S01_R04,S7_L3_HIGH_75_100,SER_20260502_S7_L3_HIGH_75_100_S01,HW_PLC,HW_PLC,795,795,796,,,,111590000,plc_internal_rd_loc_t_nanosecond,75,100,69.428,-5.571999,0,1,1685640251,3,512,0,ok,
RUN_20260502_S7_L3_HIGH_75_100_S01_R04,S7_L3_HIGH_75_100,SER_20260502_S7_L3_HIGH_75_100_S01,HW_PLC,HW_PLC,796,796,797,,,,184517000,plc_internal_rd_loc_t_nanosecond,75,100,72.927,-2.072998,0,1,1261863265,3,512,0,ok,
RUN_20260502_S7_L3_HIGH_75_100_S01_R04,S7_L3_HIGH_75_100,SER_20260502_S7_L3_HIGH_75_100_S01,HW_PLC,HW_PLC,797,797,798,,,,259683000,plc_internal_rd_loc_t_nanosecond,75,100,75.166,0.1660004,0,1,923027081,3,512,0,ok,
RUN_20260502_S7_L3_HIGH_75_100_S01_R04,S7_L3_HIGH_75_100,SER_20260502_S7_L3_HIGH_75_100_S01,HW_PLC,HW_PLC,798,798,799,,,,330284000,plc_internal_rd_loc_t_nanosecond,75,100,70.601,-4.399002,0,1,671224755,3,512,0,ok,
RUN_20260502_S7_L3_HIGH_75_100_S01_R04,S7_L3_HIGH_75_100,SER_20260502_S7_L3_HIGH_75_100_S01,HW_PLC,HW_PLC,799,799,800,,,,406727000,plc_internal_rd_loc_t_nanosecond,75,100,76.443,1.443001,0,0,508557535,3,512,0,ok,
RUN_20260502_S7_L3_HIGH_75_100_S01_R04,S7_L3_HIGH_75_100,SER_20260502_S7_L3_HIGH_75_100_S01,HW_PLC,HW_PLC,800,800,801,,,,479851000,plc_internal_rd_loc_t_nanosecond,75,100,73.124,-1.875999,0,0,437118477,3,512,0,ok,
RUN_20260502_S7_L3_HIGH_75_100_S01_R04,S7_L3_HIGH_75_100,SER_20260502_S7_L3_HIGH_75_100_S01,HW_PLC,HW_PLC,801,801,802,,,,552940000,plc_internal_rd_loc_t_nanosecond,75,100,73.089,-1.911003,0,0,459008829,3,512,0,ok,
RUN_20260502_S7_L3_HIGH_75_100_S01_R04,S7_L3_HIGH_75_100,SER_20260502_S7_L3_HIGH_75_100_S01,HW_PLC,HW_PLC,802,802,803,,,,625281000,plc_internal_rd_loc_t_nanosecond,75,100,72.341,-2.658997,0,0,576321647,3,512,0,ok,
RUN_20260502_S7_L3_HIGH_75_100_S01_R04,S7_L3_HIGH_75_100,SER_20260502_S7_L3_HIGH_75_100_S01,HW_PLC,HW_PLC,803,803,804,,,,694738000,plc_internal_rd_loc_t_nanosecond,75,100,69.457,-5.542999,0,0,791158179,3,512,0,ok,
RUN_20260502_S7_L3_HIGH_75_100_S01_R04,S7_L3_HIGH_75_100,SER_20260502_S7_L3_HIGH_75_100_S01,HW_PLC,HW_PLC,804,804,805,,,,768362000,plc_internal_rd_loc_t_nanosecond,75,100,73.624,-1.375999,0,0,1105611481,3,512,0,ok,
RUN_20260502_S7_L3_HIGH_75_100_S01_R04,S7_L3_HIGH_75_100,SER_20260502_S7_L3_HIGH_75_100_S01,HW_PLC,HW_PLC,805,805,806,,,,842276000,plc_internal_rd_loc_t_nanosecond,75,100,73.914,-1.085999,0,0,1521782801,3,512,0,ok,
RUN_20260502_S7_L3_HIGH_75_100_S01_R04,S7_L3_HIGH_75_100,SER_20260502_S7_L3_HIGH_75_100_S01,HW_PLC,HW_PLC,806,806,807,,,,913806000,plc_internal_rd_loc_t_nanosecond,75,100,71.53,-3.470001,0,0,2041765195,3,512,0,ok,
RUN_20260502_S7_L3_HIGH_75_100_S01_R04,S7_L3_HIGH_75_100,SER_20260502_S7_L3_HIGH_75_100_S01,HW_PLC,HW_PLC,807,807,808,,,,983574000,plc_internal_rd_loc_t_nanosecond,75,100,69.768,-5.232002,0,0,520176264,3,512,0,ok,
RUN_20260502_S7_L3_HIGH_75_100_S01_R04,S7_L3_HIGH_75_100,SER_20260502_S7_L3_HIGH_75_100_S01,HW_PLC,HW_PLC,808,808,809,,,,57460000,plc_internal_rd_loc_t_nanosecond,75,100,73.886,-1.113998,0,0,1254076358,3,512,0,ok,
RUN_20260502_S7_L3_HIGH_75_100_S01_R04,S7_L3_HIGH_75_100,SER_20260502_S7_L3_HIGH_75_100_S01,HW_PLC,HW_PLC,809,809,810,,,,132776000,plc_internal_rd_loc_t_nanosecond,75,100,75.316,0.3160019,0,0,2098083078,3,512,0,ok,
RUN_20260502_S7_L3_HIGH_75_100_S01_R04,S7_L3_HIGH_75_100,SER_20260502_S7_L3_HIGH_75_100_S01,HW_PLC,HW_PLC,810,810,811,,,,202795000,plc_internal_rd_loc_t_nanosecond,75,100,70.019,-4.981003,0,0,906805833,3,512,0,ok,
RUN_20260502_S7_L3_HIGH_75_100_S01_R04,S7_L3_HIGH_75_100,SER_20260502_S7_L3_HIGH_75_100_S01,HW_PLC,HW_PLC,811,811,812,,,,276474000,plc_internal_rd_loc_t_nanosecond,75,100,73.679,-1.320999,0,0,1977313165,3,512,0,ok,
RUN_20260502_S7_L3_HIGH_75_100_S01_R04,S7_L3_HIGH_75_100,SER_20260502_S7_L3_HIGH_75_100_S01,HW_PLC,HW_PLC,812,812,813,,,,352960000,plc_internal_rd_loc_t_nanosecond,75,100,76.486,1.486,0,0,1016730836,3,512,0,ok,
RUN_20260502_S7_L3_HIGH_75_100_S01_R04,S7_L3_HIGH_75_100,SER_20260502_S7_L3_HIGH_75_100_S01,HW_PLC,HW_PLC,813,813,814,,,,425828000,plc_internal_rd_loc_t_nanosecond,75,100,72.868,-2.132004,0,0,174643741,3,512,0,ok,
RUN_20260502_S7_L3_HIGH_75_100_S01_R04,S7_L3_HIGH_75_100,SER_20260502_S7_L3_HIGH_75_100_S01,HW_PLC,HW_PLC,814,814,815,,,,498809000,plc_internal_rd_loc_t_nanosecond,75,100,72.981,-2.018997,0,0,1600628583,3,512,0,ok,
RUN_20260502_S7_L3_HIGH_75_100_S01_R04,S7_L3_HIGH_75_100,SER_20260502_S7_L3_HIGH_75_100_S01,HW_PLC,HW_PLC,815,815,816,,,,568707000,plc_internal_rd_loc_t_nanosecond,75,100,69.898,-5.101997,0,0,1001819316,3,512,0,ok,
RUN_20260502_S7_L3_HIGH_75_100_S01_R04,S7_L3_HIGH_75_100,SER_20260502_S7_L3_HIGH_75_100_S01,HW_PLC,HW_PLC,816,816,817,,,,641969000,plc_internal_rd_loc_t_nanosecond,75,100,73.262,-1.737999,0,0,527792643,3,512,0,ok,
RUN_20260502_S7_L3_HIGH_75_100_S01_R04,S7_L3_HIGH_75_100,SER_20260502_S7_L3_HIGH_75_100_S01,HW_PLC,HW_PLC,817,817,818,,,,715212000,plc_internal_rd_loc_t_nanosecond,75,100,73.243,-1.757004,0,0,180649812,3,512,0,ok,
RUN_20260502_S7_L3_HIGH_75_100_S01_R04,S7_L3_HIGH_75_100,SER_20260502_S7_L3_HIGH_75_100_S01,HW_PLC,HW_PLC,818,818,819,,,,787566000,plc_internal_rd_loc_t_nanosecond,75,100,72.354,-2.646004,0,0,2109967526,3,512,0,ok,
RUN_20260502_S7_L3_HIGH_75_100_S01_R04,S7_L3_HIGH_75_100,SER_20260502_S7_L3_HIGH_75_100_S01,HW_PLC,HW_PLC,819,819,820,,,,857574000,plc_internal_rd_loc_t_nanosecond,75,100,70.008,-4.991997,0,0,2022879739,3,512,0,ok,
RUN_20260502_S7_L3_HIGH_75_100_S01_R04,S7_L3_HIGH_75_100,SER_20260502_S7_L3_HIGH_75_100_S01,HW_PLC,HW_PLC,820,820,821,,,,930494000,plc_internal_rd_loc_t_nanosecond,75,100,72.92,-2.080002,0,0,2068963154,3,512,0,ok,
RUN_20260502_S7_L3_HIGH_75_100_S01_R04,S7_L3_HIGH_75_100,SER_20260502_S7_L3_HIGH_75_100_S01,HW_PLC,HW_PLC,821,821,822,,,,7898000,plc_internal_rd_loc_t_nanosecond,75,100,77.404,2.403999,0,0,102835372,3,512,0,ok,
RUN_20260502_S7_L3_HIGH_75_100_S01_R04,S7_L3_HIGH_75_100,SER_20260502_S7_L3_HIGH_75_100_S01,HW_PLC,HW_PLC,822,822,823,,,,77852000,plc_internal_rd_loc_t_nanosecond,75,100,69.954,-5.045998,0,0,421556743,3,512,0,ok,
RUN_20260502_S7_L3_HIGH_75_100_S01_R04,S7_L3_HIGH_75_100,SER_20260502_S7_L3_HIGH_75_100_S01,HW_PLC,HW_PLC,823,823,824,,,,151412000,plc_internal_rd_loc_t_nanosecond,75,100,73.56,-1.440002,0,0,879744868,3,512,0,ok,
RUN_20260502_S7_L3_HIGH_75_100_S01_R04,S7_L3_HIGH_75_100,SER_20260502_S7_L3_HIGH_75_100_S01,HW_PLC,HW_PLC,824,824,825,,,,234647000,plc_internal_rd_loc_t_nanosecond,75,100,83.235,8.235001,0,0,1479492803,3,512,0,ok,
RUN_20260502_S7_L3_HIGH_75_100_S01_R04,S7_L3_HIGH_75_100,SER_20260502_S7_L3_HIGH_75_100_S01,HW_PLC,HW_PLC,825,825,826,,,,307214000,plc_internal_rd_loc_t_nanosecond,75,100,72.567,-2.432999,0,0,75418149,3,512,0,ok,
RUN_20260502_S7_L3_HIGH_75_100_S01_R04,S7_L3_HIGH_75_100,SER_20260502_S7_L3_HIGH_75_100_S01,HW_PLC,HW_PLC,826,826,827,,,,380509000,plc_internal_rd_loc_t_nanosecond,75,100,73.295,-1.705002,0,0,964581256,3,512,0,ok,
RUN_20260502_S7_L3_HIGH_75_100_S01_R04,S7_L3_HIGH_75_100,SER_20260502_S7_L3_HIGH_75_100_S01,HW_PLC,HW_PLC,827,827,828,,,,454704000,plc_internal_rd_loc_t_nanosecond,75,100,74.195,-0.8050003,0,0,2001599725,3,512,0,ok,
RUN_20260502_S7_L3_HIGH_75_100_S01_R04,S7_L3_HIGH_75_100,SER_20260502_S7_L3_HIGH_75_100_S01,HW_PLC,HW_PLC,828,828,829,,,,525766000,plc_internal_rd_loc_t_nanosecond,75,100,71.062,-3.938004,0,0,1041082965,3,512,0,ok,
RUN_20260502_S7_L3_HIGH_75_100_S01_R04,S7_L3_HIGH_75_100,SER_20260502_S7_L3_HIGH_75_100_S01,HW_PLC,HW_PLC,829,829,830,,,,595425000,plc_internal_rd_loc_t_nanosecond,75,100,69.659,-5.341003,0,0,232615871,3,512,0,ok,
RUN_20260502_S7_L3_HIGH_75_100_S01_R04,S7_L3_HIGH_75_100,SER_20260502_S7_L3_HIGH_75_100_S01,HW_PLC,HW_PLC,830,830,831,,,,668613000,plc_internal_rd_loc_t_nanosecond,75,100,73.188,-1.811996,0,0,1725775146,3,512,0,ok,
RUN_20260502_S7_L3_HIGH_75_100_S01_R04,S7_L3_HIGH_75_100,SER_20260502_S7_L3_HIGH_75_100_S01,HW_PLC,HW_PLC,831,831,832,,,,744254000,plc_internal_rd_loc_t_nanosecond,75,100,75.641,0.6409988,0,0,1227694744,3,512,0,ok,
RUN_20260502_S7_L3_HIGH_75_100_S01_R04,S7_L3_HIGH_75_100,SER_20260502_S7_L3_HIGH_75_100_S01,HW_PLC,HW_PLC,832,832,833,,,,814725000,plc_internal_rd_loc_t_nanosecond,75,100,70.471,-4.528999,0,0,887951368,3,512,0,ok,
RUN_20260502_S7_L3_HIGH_75_100_S01_R04,S7_L3_HIGH_75_100,SER_20260502_S7_L3_HIGH_75_100_S01,HW_PLC,HW_PLC,833,833,834,,,,884349000,plc_internal_rd_loc_t_nanosecond,75,100,69.624,-5.375999,0,0,708646266,3,512,0,ok,
RUN_20260502_S7_L3_HIGH_75_100_S01_R04,S7_L3_HIGH_75_100,SER_20260502_S7_L3_HIGH_75_100_S01,HW_PLC,HW_PLC,834,834,835,,,,958222000,plc_internal_rd_loc_t_nanosecond,75,100,73.873,-1.126999,0,0,691872494,3,512,0,ok,
RUN_20260502_S7_L3_HIGH_75_100_S01_R04,S7_L3_HIGH_75_100,SER_20260502_S7_L3_HIGH_75_100_S01,HW_PLC,HW_PLC,835,835,836,,,,34808000,plc_internal_rd_loc_t_nanosecond,75,100,76.586,1.585999,0,0,839731300,3,512,0,ok,
RUN_20260502_S7_L3_HIGH_75_100_S01_R04,S7_L3_HIGH_75_100,SER_20260502_S7_L3_HIGH_75_100_S01,HW_PLC,HW_PLC,836,836,837,,,,111311000,plc_internal_rd_loc_t_nanosecond,75,100,76.503,1.502998,0,0,1154315740,3,512,0,ok,
RUN_20260502_S7_L3_HIGH_75_100_S01_R04,S7_L3_HIGH_75_100,SER_20260502_S7_L3_HIGH_75_100_S01,HW_PLC,HW_PLC,837,837,838,,,,184554000,plc_internal_rd_loc_t_nanosecond,75,100,73.243,-1.757004,0,0,1637727062,3,512,0,ok,
RUN_20260502_S7_L3_HIGH_75_100_S01_R04,S7_L3_HIGH_75_100,SER_20260502_S7_L3_HIGH_75_100_S01,HW_PLC,HW_PLC,838,838,839,,,,261827000,plc_internal_rd_loc_t_nanosecond,75,100,77.273,2.273003,0,0,144574675,3,512,0,ok,
RUN_20260502_S7_L3_HIGH_75_100_S01_R04,S7_L3_HIGH_75_100,SER_20260502_S7_L3_HIGH_75_100_S01,HW_PLC,HW_PLC,839,839,840,,,,330974000,plc_internal_rd_loc_t_nanosecond,75,100,69.147,-5.852997,0,0,971927121,3,512,0,ok,
RUN_20260502_S7_L3_HIGH_75_100_S01_R04,S7_L3_HIGH_75_100,SER_20260502_S7_L3_HIGH_75_100_S01,HW_PLC,HW_PLC,840,840,841,,,,404551000,plc_internal_rd_loc_t_nanosecond,75,100,73.577,-1.422997,0,0,1974393809,3,512,0,ok,
RUN_20260502_S7_L3_HIGH_75_100_S01_R04,S7_L3_HIGH_75_100,SER_20260502_S7_L3_HIGH_75_100_S01,HW_PLC,HW_PLC,841,841,842,,,,481648000,plc_internal_rd_loc_t_nanosecond,75,100,77.097,2.097,0,0,1006592340,3,512,0,ok,
RUN_20260502_S7_L3_HIGH_75_100_S01_R04,S7_L3_HIGH_75_100,SER_20260502_S7_L3_HIGH_75_100_S01,HW_PLC,HW_PLC,842,842,843,,,,551827000,plc_internal_rd_loc_t_nanosecond,75,100,70.179,-4.820999,0,0,218099417,3,512,0,ok,
RUN_20260502_S7_L3_HIGH_75_100_S01_R04,S7_L3_HIGH_75_100,SER_20260502_S7_L3_HIGH_75_100_S01,HW_PLC,HW_PLC,843,843,844,,,,623865000,plc_internal_rd_loc_t_nanosecond,75,100,72.038,-2.961998,0,0,1758499935,3,512,0,ok,
RUN_20260502_S7_L3_HIGH_75_100_S01_R04,S7_L3_HIGH_75_100,SER_20260502_S7_L3_HIGH_75_100_S01,HW_PLC,HW_PLC,844,844,845,,,,700407000,plc_internal_rd_loc_t_nanosecond,75,100,76.542,1.542,0,0,1334919656,3,512,0,ok,
RUN_20260502_S7_L3_HIGH_75_100_S01_R04,S7_L3_HIGH_75_100,SER_20260502_S7_L3_HIGH_75_100_S01,HW_PLC,HW_PLC,845,845,846,,,,770624000,plc_internal_rd_loc_t_nanosecond,75,100,70.217,-4.782997,0,0,1096943475,3,512,0,ok,
RUN_20260502_S7_L3_HIGH_75_100_S01_R04,S7_L3_HIGH_75_100,SER_20260502_S7_L3_HIGH_75_100_S01,HW_PLC,HW_PLC,846,846,847,,,,844395000,plc_internal_rd_loc_t_nanosecond,75,100,73.771,-1.228996,0,0,1046664448,3,512,0,ok,
RUN_20260502_S7_L3_HIGH_75_100_S01_R04,S7_L3_HIGH_75_100,SER_20260502_S7_L3_HIGH_75_100_S01,HW_PLC,HW_PLC,847,847,848,,,,918254000,plc_internal_rd_loc_t_nanosecond,75,100,73.859,-1.140999,0,0,1186183823,3,512,0,ok,
RUN_20260502_S7_L3_HIGH_75_100_S01_R04,S7_L3_HIGH_75_100,SER_20260502_S7_L3_HIGH_75_100_S01,HW_PLC,HW_PLC,848,848,849,,,,996892000,plc_internal_rd_loc_t_nanosecond,75,100,78.638,3.638,0,0,1517594656,3,512,0,ok,
RUN_20260502_S7_L3_HIGH_75_100_S01_R04,S7_L3_HIGH_75_100,SER_20260502_S7_L3_HIGH_75_100_S01,HW_PLC,HW_PLC,849,849,850,,,,66799000,plc_internal_rd_loc_t_nanosecond,75,100,69.907,-5.093002,0,0,2042998195,3,512,0,ok,
RUN_20260502_S7_L3_HIGH_75_100_S01_R04,S7_L3_HIGH_75_100,SER_20260502_S7_L3_HIGH_75_100_S01,HW_PLC,HW_PLC,850,850,851,,,,139605000,plc_internal_rd_loc_t_nanosecond,75,100,72.806,-2.194,0,0,617003849,3,512,0,ok,
RUN_20260502_S7_L3_HIGH_75_100_S01_R04,S7_L3_HIGH_75_100,SER_20260502_S7_L3_HIGH_75_100_S01,HW_PLC,HW_PLC,851,851,852,,,,217319000,plc_internal_rd_loc_t_nanosecond,75,100,77.714,2.713997,0,0,1536680160,3,512,0,ok,
RUN_20260502_S7_L3_HIGH_75_100_S01_R04,S7_L3_HIGH_75_100,SER_20260502_S7_L3_HIGH_75_100_S01,HW_PLC,HW_PLC,852,852,853,,,,286784000,plc_internal_rd_loc_t_nanosecond,75,100,69.465,-5.535004,0,0,509152890,3,512,0,ok,
RUN_20260502_S7_L3_HIGH_75_100_S01_R04,S7_L3_HIGH_75_100,SER_20260502_S7_L3_HIGH_75_100_S01,HW_PLC,HW_PLC,853,853,854,,,,360527000,plc_internal_rd_loc_t_nanosecond,75,100,73.743,-1.257004,0,0,1831490581,3,512,0,ok,
RUN_20260502_S7_L3_HIGH_75_100_S01_R04,S7_L3_HIGH_75_100,SER_20260502_S7_L3_HIGH_75_100_S01,HW_PLC,HW_PLC,854,854,855,,,,436700000,plc_internal_rd_loc_t_nanosecond,75,100,76.173,1.172997,0,0,1210818995,3,512,0,ok,
RUN_20260502_S7_L3_HIGH_75_100_S01_R04,S7_L3_HIGH_75_100,SER_20260502_S7_L3_HIGH_75_100_S01,HW_PLC,HW_PLC,855,855,856,,,,507263000,plc_internal_rd_loc_t_nanosecond,75,100,70.563,-4.436996,0,0,796723027,3,512,0,ok,
RUN_20260502_S7_L3_HIGH_75_100_S01_R04,S7_L3_HIGH_75_100,SER_20260502_S7_L3_HIGH_75_100_S01,HW_PLC,HW_PLC,856,856,857,,,,580209000,plc_internal_rd_loc_t_nanosecond,75,100,72.946,-2.054001,0,0,591295733,3,512,0,ok,
RUN_20260502_S7_L3_HIGH_75_100_S01_R04,S7_L3_HIGH_75_100,SER_20260502_S7_L3_HIGH_75_100_S01,HW_PLC,HW_PLC,857,857,858,,,,655411000,plc_internal_rd_loc_t_nanosecond,75,100,75.202,0.2020035,0,0,596638361,3,512,0,ok,
RUN_20260502_S7_L3_HIGH_75_100_S01_R04,S7_L3_HIGH_75_100,SER_20260502_S7_L3_HIGH_75_100_S01,HW_PLC,HW_PLC,858,858,859,,,,725491000,plc_internal_rd_loc_t_nanosecond,75,100,70.08,-4.919998,0,0,814843967,3,512,0,ok,
RUN_20260502_S7_L3_HIGH_75_100_S01_R04,S7_L3_HIGH_75_100,SER_20260502_S7_L3_HIGH_75_100_S01,HW_PLC,HW_PLC,859,859,860,,,,794801000,plc_internal_rd_loc_t_nanosecond,75,100,69.31,-5.690002,0,0,1248013799,3,512,0,ok,
RUN_20260502_S7_L3_HIGH_75_100_S01_R04,S7_L3_HIGH_75_100,SER_20260502_S7_L3_HIGH_75_100_S01,HW_PLC,HW_PLC,860,860,861,,,,871833000,plc_internal_rd_loc_t_nanosecond,75,100,77.032,2.031998,0,0,1898240913,3,512,0,ok,
RUN_20260502_S7_L3_HIGH_75_100_S01_R04,S7_L3_HIGH_75_100,SER_20260502_S7_L3_HIGH_75_100_S01,HW_PLC,HW_PLC,861,861,862,,,,952639000,plc_internal_rd_loc_t_nanosecond,75,100,80.806,5.806,0,0,620142910,3,512,0,ok,
RUN_20260502_S7_L3_HIGH_75_100_S01_R04,S7_L3_HIGH_75_100,SER_20260502_S7_L3_HIGH_75_100_S01,HW_PLC,HW_PLC,862,862,863,,,,21873000,plc_internal_rd_loc_t_nanosecond,75,100,69.234,-5.765999,0,0,1710780140,3,512,0,ok,
RUN_20260502_S7_L3_HIGH_75_100_S01_R04,S7_L3_HIGH_75_100,SER_20260502_S7_L3_HIGH_75_100_S01,HW_PLC,HW_PLC,863,863,864,,,,95318000,plc_internal_rd_loc_t_nanosecond,75,100,73.445,-1.555,0,0,877286557,3,512,0,ok,
RUN_20260502_S7_L3_HIGH_75_100_S01_R04,S7_L3_HIGH_75_100,SER_20260502_S7_L3_HIGH_75_100_S01,HW_PLC,HW_PLC,864,864,865,,,,169428000,plc_internal_rd_loc_t_nanosecond,75,100,74.11,-0.8899994,0,0,269238864,3,512,0,ok,
RUN_20260502_S7_L3_HIGH_75_100_S01_R04,S7_L3_HIGH_75_100,SER_20260502_S7_L3_HIGH_75_100_S01,HW_PLC,HW_PLC,865,865,866,,,,240424000,plc_internal_rd_loc_t_nanosecond,75,100,70.996,-4.003998,0,0,2036221956,3,512,0,ok,
RUN_20260502_S7_L3_HIGH_75_100_S01_R04,S7_L3_HIGH_75_100,SER_20260502_S7_L3_HIGH_75_100_S01,HW_PLC,HW_PLC,866,866,867,,,,310380000,plc_internal_rd_loc_t_nanosecond,75,100,69.956,-5.043999,0,0,1885361595,3,512,0,ok,
RUN_20260502_S7_L3_HIGH_75_100_S01_R04,S7_L3_HIGH_75_100,SER_20260502_S7_L3_HIGH_75_100_S01,HW_PLC,HW_PLC,867,867,868,,,,383578000,plc_internal_rd_loc_t_nanosecond,75,100,73.198,-1.802002,0,0,1966242676,3,512,0,ok,
RUN_20260502_S7_L3_HIGH_75_100_S01_R04,S7_L3_HIGH_75_100,SER_20260502_S7_L3_HIGH_75_100_S01,HW_PLC,HW_PLC,868,868,869,,,,456364000,plc_internal_rd_loc_t_nanosecond,75,100,72.786,-2.213997,0,0,133474608,3,512,0,ok,
RUN_20260502_S7_L3_HIGH_75_100_S01_R04,S7_L3_HIGH_75_100,SER_20260502_S7_L3_HIGH_75_100_S01,HW_PLC,HW_PLC,869,869,870,,,,528714000,plc_internal_rd_loc_t_nanosecond,75,100,72.35,-2.650002,0,0,684125933,3,512,0,ok,
RUN_20260502_S7_L3_HIGH_75_100_S01_R04,S7_L3_HIGH_75_100,SER_20260502_S7_L3_HIGH_75_100_S01,HW_PLC,HW_PLC,870,870,871,,,,598608000,plc_internal_rd_loc_t_nanosecond,75,100,69.894,-5.106003,0,0,1472806060,3,512,0,ok,
RUN_20260502_S7_L3_HIGH_75_100_S01_R04,S7_L3_HIGH_75_100,SER_20260502_S7_L3_HIGH_75_100_S01,HW_PLC,HW_PLC,871,871,872,,,,671972000,plc_internal_rd_loc_t_nanosecond,75,100,73.364,-1.636002,0,0,354132590,3,512,0,ok,
RUN_20260502_S7_L3_HIGH_75_100_S01_R04,S7_L3_HIGH_75_100,SER_20260502_S7_L3_HIGH_75_100_S01,HW_PLC,HW_PLC,872,872,873,,,,749425000,plc_internal_rd_loc_t_nanosecond,75,100,77.453,2.453003,0,0,1625165873,3,512,0,ok,
RUN_20260502_S7_L3_HIGH_75_100_S01_R04,S7_L3_HIGH_75_100,SER_20260502_S7_L3_HIGH_75_100_S01,HW_PLC,HW_PLC,873,873,874,,,,825882000,plc_internal_rd_loc_t_nanosecond,75,100,76.457,1.457001,0,0,993039863,3,512,0,ok,
RUN_20260502_S7_L3_HIGH_75_100_S01_R04,S7_L3_HIGH_75_100,SER_20260502_S7_L3_HIGH_75_100_S01,HW_PLC,HW_PLC,874,874,875,,,,898717000,plc_internal_rd_loc_t_nanosecond,75,100,72.835,-2.165001,0,0,607331263,3,512,0,ok,
RUN_20260502_S7_L3_HIGH_75_100_S01_R04,S7_L3_HIGH_75_100,SER_20260502_S7_L3_HIGH_75_100_S01,HW_PLC,HW_PLC,875,875,876,,,,974633000,plc_internal_rd_loc_t_nanosecond,75,100,75.916,0.9160004,0,0,470141321,3,512,0,ok,
RUN_20260502_S7_L3_HIGH_75_100_S01_R04,S7_L3_HIGH_75_100,SER_20260502_S7_L3_HIGH_75_100_S01,HW_PLC,HW_PLC,876,876,877,,,,45340000,plc_internal_rd_loc_t_nanosecond,75,100,70.707,-4.292999,0,0,583563093,3,512,0,ok,
RUN_20260502_S7_L3_HIGH_75_100_S01_R04,S7_L3_HIGH_75_100,SER_20260502_S7_L3_HIGH_75_100_S01,HW_PLC,HW_PLC,877,877,878,,,,114168000,plc_internal_rd_loc_t_nanosecond,75,100,68.828,-6.171997,0,0,949697827,3,512,0,ok,
RUN_20260502_S7_L3_HIGH_75_100_S01_R04,S7_L3_HIGH_75_100,SER_20260502_S7_L3_HIGH_75_100_S01,HW_PLC,HW_PLC,878,878,879,,,,187582000,plc_internal_rd_loc_t_nanosecond,75,100,73.414,-1.585999,0,0,1570638579,3,512,0,ok,
RUN_20260502_S7_L3_HIGH_75_100_S01_R04,S7_L3_HIGH_75_100,SER_20260502_S7_L3_HIGH_75_100_S01,HW_PLC,HW_PLC,879,879,880,,,,262217000,plc_internal_rd_loc_t_nanosecond,75,100,74.635,-0.3649979,0,0,301002950,3,512,0,ok,
RUN_20260502_S7_L3_HIGH_75_100_S01_R04,S7_L3_HIGH_75_100,SER_20260502_S7_L3_HIGH_75_100_S01,HW_PLC,HW_PLC,880,880,881,,,,333387000,plc_internal_rd_loc_t_nanosecond,75,100,71.17,-3.830002,0,0,1437851290,3,512,0,ok,
RUN_20260502_S7_L3_HIGH_75_100_S01_R04,S7_L3_HIGH_75_100,SER_20260502_S7_L3_HIGH_75_100_S01,HW_PLC,HW_PLC,881,881,882,,,,402813000,plc_internal_rd_loc_t_nanosecond,75,100,69.426,-5.573997,0,0,688317553,3,512,0,ok,
RUN_20260502_S7_L3_HIGH_75_100_S01_R04,S7_L3_HIGH_75_100,SER_20260502_S7_L3_HIGH_75_100_S01,HW_PLC,HW_PLC,882,882,883,,,,476462000,plc_internal_rd_loc_t_nanosecond,75,100,73.649,-1.350998,0,0,201978442,3,512,0,ok,
RUN_20260502_S7_L3_HIGH_75_100_S01_R04,S7_L3_HIGH_75_100,SER_20260502_S7_L3_HIGH_75_100_S01,HW_PLC,HW_PLC,883,883,884,,,,551662000,plc_internal_rd_loc_t_nanosecond,75,100,75.2,0.1999969,0,0,2128418852,3,512,0,ok,
RUN_20260502_S7_L3_HIGH_75_100_S01_R04,S7_L3_HIGH_75_100,SER_20260502_S7_L3_HIGH_75_100_S01,HW_PLC,HW_PLC,884,884,885,,,,621550000,plc_internal_rd_loc_t_nanosecond,75,100,69.888,-5.112,0,0,27280898,3,512,0,ok,
RUN_20260502_S7_L3_HIGH_75_100_S01_R04,S7_L3_HIGH_75_100,SER_20260502_S7_L3_HIGH_75_100_S01,HW_PLC,HW_PLC,885,885,886,,,,697866000,plc_internal_rd_loc_t_nanosecond,75,100,76.316,1.316002,0,0,343116769,3,512,0,ok,
RUN_20260502_S7_L3_HIGH_75_100_S01_R04,S7_L3_HIGH_75_100,SER_20260502_S7_L3_HIGH_75_100_S01,HW_PLC,HW_PLC,886,886,887,,,,771412000,plc_internal_rd_loc_t_nanosecond,75,100,73.546,-1.454002,0,0,930535874,3,512,0,ok,
RUN_20260502_S7_L3_HIGH_75_100_S01_R04,S7_L3_HIGH_75_100,SER_20260502_S7_L3_HIGH_75_100_S01,HW_PLC,HW_PLC,887,887,888,,,,843451000,plc_internal_rd_loc_t_nanosecond,75,100,72.039,-2.960999,0,0,1791639461,3,512,0,ok,
RUN_20260502_S7_L3_HIGH_75_100_S01_R04,S7_L3_HIGH_75_100,SER_20260502_S7_L3_HIGH_75_100_S01,HW_PLC,HW_PLC,888,888,889,,,,917631000,plc_internal_rd_loc_t_nanosecond,75,100,74.18,-0.8199997,0,0,781036939,3,512,0,ok,
RUN_20260502_S7_L3_HIGH_75_100_S01_R04,S7_L3_HIGH_75_100,SER_20260502_S7_L3_HIGH_75_100_S01,HW_PLC,HW_PLC,889,889,890,,,,987421000,plc_internal_rd_loc_t_nanosecond,75,100,69.79,-5.209999,0,0,48313203,3,512,0,ok,
RUN_20260502_S7_L3_HIGH_75_100_S01_R04,S7_L3_HIGH_75_100,SER_20260502_S7_L3_HIGH_75_100_S01,HW_PLC,HW_PLC,890,890,891,,,,61155000,plc_internal_rd_loc_t_nanosecond,75,100,73.734,-1.265999,0,0,1743044956,3,512,0,ok,
RUN_20260502_S7_L3_HIGH_75_100_S01_R04,S7_L3_HIGH_75_100,SER_20260502_S7_L3_HIGH_75_100_S01,HW_PLC,HW_PLC,891,891,892,,,,137660000,plc_internal_rd_loc_t_nanosecond,75,100,76.505,1.504997,0,0,1572366152,3,512,0,ok,
RUN_20260502_S7_L3_HIGH_75_100_S01_R04,S7_L3_HIGH_75_100,SER_20260502_S7_L3_HIGH_75_100_S01,HW_PLC,HW_PLC,892,892,893,,,,207829000,plc_internal_rd_loc_t_nanosecond,75,100,70.169,-4.831001,0,0,1685853494,3,512,0,ok,
RUN_20260502_S7_L3_HIGH_75_100_S01_R04,S7_L3_HIGH_75_100,SER_20260502_S7_L3_HIGH_75_100_S01,HW_PLC,HW_PLC,893,893,894,,,,283186000,plc_internal_rd_loc_t_nanosecond,75,100,75.357,0.3570023,0,0,2085608230,3,512,0,ok,
RUN_20260502_S7_L3_HIGH_75_100_S01_R04,S7_L3_HIGH_75_100,SER_20260502_S7_L3_HIGH_75_100_S01,HW_PLC,HW_PLC,894,894,895,,,,360678000,plc_internal_rd_loc_t_nanosecond,75,100,77.492,2.491997,0,0,626239769,3,512,0,ok,
RUN_20260502_S7_L3_HIGH_75_100_S01_R04,S7_L3_HIGH_75_100,SER_20260502_S7_L3_HIGH_75_100_S01,HW_PLC,HW_PLC,895,895,896,,,,429475000,plc_internal_rd_loc_t_nanosecond,75,100,68.797,-6.203003,0,0,1604816653,3,512,0,ok,
RUN_20260502_S7_L3_HIGH_75_100_S01_R04,S7_L3_HIGH_75_100,SER_20260502_S7_L3_HIGH_75_100_S01,HW_PLC,HW_PLC,896,896,897,,,,502781000,plc_internal_rd_loc_t_nanosecond,75,100,73.306,-1.694,0,0,728464644,3,512,0,ok,
RUN_20260502_S7_L3_HIGH_75_100_S01_R04,S7_L3_HIGH_75_100,SER_20260502_S7_L3_HIGH_75_100_S01,HW_PLC,HW_PLC,897,897,898,,,,581867000,plc_internal_rd_loc_t_nanosecond,75,100,79.086,4.085999,0,0,146768637,3,512,0,ok,
RUN_20260502_S7_L3_HIGH_75_100_S01_R04,S7_L3_HIGH_75_100,SER_20260502_S7_L3_HIGH_75_100_S01,HW_PLC,HW_PLC,898,898,899,,,,656393000,plc_internal_rd_loc_t_nanosecond,75,100,74.526,-0.473999,0,0,2009305335,3,512,0,ok,
RUN_20260502_S7_L3_HIGH_75_100_S01_R04,S7_L3_HIGH_75_100,SER_20260502_S7_L3_HIGH_75_100_S01,HW_PLC,HW_PLC,899,899,900,,,,729173000,plc_internal_rd_loc_t_nanosecond,75,100,72.78,-2.220001,0,1,2023208692,3,512,0,ok,
RUN_20260502_S7_L3_HIGH_75_100_S01_R04,S7_L3_HIGH_75_100,SER_20260502_S7_L3_HIGH_75_100_S01,HW_PLC,HW_PLC,900,900,901,,,,806360000,plc_internal_rd_loc_t_nanosecond,75,100,77.187,2.186996,0,1,190571764,3,512,0,ok,
RUN_20260502_S7_L3_HIGH_75_100_S01_R04,S7_L3_HIGH_75_100,SER_20260502_S7_L3_HIGH_75_100_S01,HW_PLC,HW_PLC,901,901,902,,,,876555000,plc_internal_rd_loc_t_nanosecond,75,100,70.195,-4.805,0,1,808463093,3,512,0,ok,
RUN_20260502_S7_L3_HIGH_75_100_S01_R04,S7_L3_HIGH_75_100,SER_20260502_S7_L3_HIGH_75_100_S01,HW_PLC,HW_PLC,902,902,903,,,,949794000,plc_internal_rd_loc_t_nanosecond,75,100,73.239,-1.761002,0,1,1731492088,3,512,0,ok,
RUN_20260502_S7_L3_HIGH_75_100_S01_R04,S7_L3_HIGH_75_100,SER_20260502_S7_L3_HIGH_75_100_S01,HW_PLC,HW_PLC,903,903,904,,,,26838000,plc_internal_rd_loc_t_nanosecond,75,100,77.044,2.043999,0,1,814276350,3,512,0,ok,
RUN_20260502_S7_L3_HIGH_75_100_S01_R04,S7_L3_HIGH_75_100,SER_20260502_S7_L3_HIGH_75_100_S01,HW_PLC,HW_PLC,904,904,905,,,,96510000,plc_internal_rd_loc_t_nanosecond,75,100,69.672,-5.328003,0,1,206392582,3,512,0,ok,
RUN_20260502_S7_L3_HIGH_75_100_S01_R04,S7_L3_HIGH_75_100,SER_20260502_S7_L3_HIGH_75_100_S01,HW_PLC,HW_PLC,905,905,906,,,,169951000,plc_internal_rd_loc_t_nanosecond,75,100,73.441,-1.558998,0,1,2057425679,3,512,0,ok,
RUN_20260502_S7_L3_HIGH_75_100_S01_R04,S7_L3_HIGH_75_100,SER_20260502_S7_L3_HIGH_75_100_S01,HW_PLC,HW_PLC,906,906,907,,,,246704000,plc_internal_rd_loc_t_nanosecond,75,100,76.753,1.752998,0,1,2074501403,3,512,0,ok,
RUN_20260502_S7_L3_HIGH_75_100_S01_R04,S7_L3_HIGH_75_100,SER_20260502_S7_L3_HIGH_75_100_S01,HW_PLC,HW_PLC,907,907,908,,,,316637000,plc_internal_rd_loc_t_nanosecond,75,100,69.933,-5.067001,0,1,259721002,3,512,0,ok,
RUN_20260502_S7_L3_HIGH_75_100_S01_R04,S7_L3_HIGH_75_100,SER_20260502_S7_L3_HIGH_75_100_S01,HW_PLC,HW_PLC,908,908,909,,,,390312000,plc_internal_rd_loc_t_nanosecond,75,100,73.675,-1.324997,0,1,910144826,3,512,0,ok,
RUN_20260502_S7_L3_HIGH_75_100_S01_R04,S7_L3_HIGH_75_100,SER_20260502_S7_L3_HIGH_75_100_S01,HW_PLC,HW_PLC,909,909,910,,,,466331000,plc_internal_rd_loc_t_nanosecond,75,100,76.019,1.018997,0,1,1880390476,3,512,0,ok,
RUN_20260502_S7_L3_HIGH_75_100_S01_R04,S7_L3_HIGH_75_100,SER_20260502_S7_L3_HIGH_75_100_S01,HW_PLC,HW_PLC,910,910,911,,,,542637000,plc_internal_rd_loc_t_nanosecond,75,100,76.306,1.306,0,1,1025067361,3,512,0,ok,
RUN_20260502_S7_L3_HIGH_75_100_S01_R04,S7_L3_HIGH_75_100,SER_20260502_S7_L3_HIGH_75_100_S01,HW_PLC,HW_PLC,911,911,912,,,,611841000,plc_internal_rd_loc_t_nanosecond,75,100,69.204,-5.795998,0,1,493760376,3,512,0,ok,
RUN_20260502_S7_L3_HIGH_75_100_S01_R04,S7_L3_HIGH_75_100,SER_20260502_S7_L3_HIGH_75_100_S01,HW_PLC,HW_PLC,912,912,913,,,,685502000,plc_internal_rd_loc_t_nanosecond,75,100,73.661,-1.338997,0,1,288562577,3,512,0,ok,
RUN_20260502_S7_L3_HIGH_75_100_S01_R04,S7_L3_HIGH_75_100,SER_20260502_S7_L3_HIGH_75_100_S01,HW_PLC,HW_PLC,913,913,914,,,,762568000,plc_internal_rd_loc_t_nanosecond,75,100,77.066,2.066002,0,1,411575212,3,512,0,ok,
RUN_20260502_S7_L3_HIGH_75_100_S01_R04,S7_L3_HIGH_75_100,SER_20260502_S7_L3_HIGH_75_100_S01,HW_PLC,HW_PLC,914,914,915,,,,832206000,plc_internal_rd_loc_t_nanosecond,75,100,69.638,-5.362,0,1,864891337,3,512,0,ok,
RUN_20260502_S7_L3_HIGH_75_100_S01_R04,S7_L3_HIGH_75_100,SER_20260502_S7_L3_HIGH_75_100_S01,HW_PLC,HW_PLC,915,915,916,,,,904993000,plc_internal_rd_loc_t_nanosecond,75,100,72.787,-2.212997,0,1,1650612200,3,512,0,ok,
RUN_20260502_S7_L3_HIGH_75_100_S01_R04,S7_L3_HIGH_75_100,SER_20260502_S7_L3_HIGH_75_100_S01,HW_PLC,HW_PLC,916,916,917,,,,977898000,plc_internal_rd_loc_t_nanosecond,75,100,72.905,-2.095001,0,1,623347210,3,512,0,ok,
RUN_20260502_S7_L3_HIGH_75_100_S01_R04,S7_L3_HIGH_75_100,SER_20260502_S7_L3_HIGH_75_100_S01,HW_PLC,HW_PLC,917,917,918,,,,51552000,plc_internal_rd_loc_t_nanosecond,75,100,73.654,-1.346001,0,1,2080164909,3,512,0,ok,
RUN_20260502_S7_L3_HIGH_75_100_S01_R04,S7_L3_HIGH_75_100,SER_20260502_S7_L3_HIGH_75_100_S01,HW_PLC,HW_PLC,918,918,919,,,,120484000,plc_internal_rd_loc_t_nanosecond,75,100,68.932,-6.068001,0,1,1728191059,3,512,0,ok,
RUN_20260502_S7_L3_HIGH_75_100_S01_R04,S7_L3_HIGH_75_100,SER_20260502_S7_L3_HIGH_75_100_S01,HW_PLC,HW_PLC,919,919,920,,,,193854000,plc_internal_rd_loc_t_nanosecond,75,100,73.37,-1.629997,0,1,1717010555,3,512,0,ok,
RUN_20260502_S7_L3_HIGH_75_100_S01_R04,S7_L3_HIGH_75_100,SER_20260502_S7_L3_HIGH_75_100_S01,HW_PLC,HW_PLC,920,920,921,,,,271168000,plc_internal_rd_loc_t_nanosecond,75,100,77.314,2.314003,0,1,2048716453,3,512,0,ok,
RUN_20260502_S7_L3_HIGH_75_100_S01_R04,S7_L3_HIGH_75_100,SER_20260502_S7_L3_HIGH_75_100_S01,HW_PLC,HW_PLC,921,921,922,,,,340515000,plc_internal_rd_loc_t_nanosecond,75,100,69.347,-5.653,0,1,577926354,3,512,0,ok,
RUN_20260502_S7_L3_HIGH_75_100_S01_R04,S7_L3_HIGH_75_100,SER_20260502_S7_L3_HIGH_75_100_S01,HW_PLC,HW_PLC,922,922,923,,,,420408000,plc_internal_rd_loc_t_nanosecond,75,100,79.893,4.892998,0,1,1601700608,3,512,0,ok,
RUN_20260502_S7_L3_HIGH_75_100_S01_R04,S7_L3_HIGH_75_100,SER_20260502_S7_L3_HIGH_75_100_S01,HW_PLC,HW_PLC,923,923,924,,,,497699000,plc_internal_rd_loc_t_nanosecond,75,100,77.291,2.291,0,1,827173169,3,512,0,ok,
RUN_20260502_S7_L3_HIGH_75_100_S01_R04,S7_L3_HIGH_75_100,SER_20260502_S7_L3_HIGH_75_100_S01,HW_PLC,HW_PLC,924,924,925,,,,567306000,plc_internal_rd_loc_t_nanosecond,75,100,69.607,-5.392998,0,1,403920740,3,512,0,ok,
RUN_20260502_S7_L3_HIGH_75_100_S01_R04,S7_L3_HIGH_75_100,SER_20260502_S7_L3_HIGH_75_100_S01,HW_PLC,HW_PLC,925,925,926,,,,639844000,plc_internal_rd_loc_t_nanosecond,75,100,72.538,-2.461998,0,1,334044569,3,512,0,ok,
RUN_20260502_S7_L3_HIGH_75_100_S01_R04,S7_L3_HIGH_75_100,SER_20260502_S7_L3_HIGH_75_100_S01,HW_PLC,HW_PLC,926,926,927,,,,713972000,plc_internal_rd_loc_t_nanosecond,75,100,74.128,-0.8720016,0,1,619637712,3,512,0,ok,
RUN_20260502_S7_L3_HIGH_75_100_S01_R04,S7_L3_HIGH_75_100,SER_20260502_S7_L3_HIGH_75_100_S01,HW_PLC,HW_PLC,927,927,928,,,,786398000,plc_internal_rd_loc_t_nanosecond,75,100,72.426,-2.573997,0,1,1262801417,3,512,0,ok,
RUN_20260502_S7_L3_HIGH_75_100_S01_R04,S7_L3_HIGH_75_100,SER_20260502_S7_L3_HIGH_75_100_S01,HW_PLC,HW_PLC,928,928,929,,,,856493000,plc_internal_rd_loc_t_nanosecond,75,100,70.095,-4.904999,0,1,118145093,3,512,0,ok,
RUN_20260502_S7_L3_HIGH_75_100_S01_R04,S7_L3_HIGH_75_100,SER_20260502_S7_L3_HIGH_75_100_S01,HW_PLC,HW_PLC,929,929,930,,,,929286000,plc_internal_rd_loc_t_nanosecond,75,100,72.793,-2.207001,0,1,1482737282,3,512,0,ok,
RUN_20260502_S7_L3_HIGH_75_100_S01_R04,S7_L3_HIGH_75_100,SER_20260502_S7_L3_HIGH_75_100_S01,HW_PLC,HW_PLC,930,930,931,,,,3771000,plc_internal_rd_loc_t_nanosecond,75,100,74.485,-0.5149994,0,1,1063703746,3,512,0,ok,
RUN_20260502_S7_L3_HIGH_75_100_S01_R04,S7_L3_HIGH_75_100,SER_20260502_S7_L3_HIGH_75_100_S01,HW_PLC,HW_PLC,931,931,932,,,,75837000,plc_internal_rd_loc_t_nanosecond,75,100,72.066,-2.933998,0,1,1010629380,3,512,0,ok,
RUN_20260502_S7_L3_HIGH_75_100_S01_R04,S7_L3_HIGH_75_100,SER_20260502_S7_L3_HIGH_75_100_S01,HW_PLC,HW_PLC,932,932,933,,,,145725000,plc_internal_rd_loc_t_nanosecond,75,100,69.888,-5.112,0,1,1325607240,3,512,0,ok,
RUN_20260502_S7_L3_HIGH_75_100_S01_R04,S7_L3_HIGH_75_100,SER_20260502_S7_L3_HIGH_75_100_S01,HW_PLC,HW_PLC,933,933,934,,,,218613000,plc_internal_rd_loc_t_nanosecond,75,100,72.888,-2.112,0,1,2010738574,3,512,0,ok,
RUN_20260502_S7_L3_HIGH_75_100_S01_R04,S7_L3_HIGH_75_100,SER_20260502_S7_L3_HIGH_75_100_S01,HW_PLC,HW_PLC,934,934,935,,,,297468000,plc_internal_rd_loc_t_nanosecond,75,100,78.855,3.855003,0,1,920632791,3,512,0,ok,
RUN_20260502_S7_L3_HIGH_75_100_S01_R04,S7_L3_HIGH_75_100,SER_20260502_S7_L3_HIGH_75_100_S01,HW_PLC,HW_PLC,935,935,936,,,,371728000,plc_internal_rd_loc_t_nanosecond,75,100,74.26,-0.7399979,0,1,204874786,3,512,0,ok,
RUN_20260502_S7_L3_HIGH_75_100_S01_R04,S7_L3_HIGH_75_100,SER_20260502_S7_L3_HIGH_75_100_S01,HW_PLC,HW_PLC,936,936,937,,,,440675000,plc_internal_rd_loc_t_nanosecond,75,100,68.947,-6.053001,0,1,2013041262,3,512,0,ok,
RUN_20260502_S7_L3_HIGH_75_100_S01_R04,S7_L3_HIGH_75_100,SER_20260502_S7_L3_HIGH_75_100_S01,HW_PLC,HW_PLC,937,937,938,,,,514453000,plc_internal_rd_loc_t_nanosecond,75,100,73.778,-1.222,0,1,2052266173,3,512,0,ok,
RUN_20260502_S7_L3_HIGH_75_100_S01_R04,S7_L3_HIGH_75_100,SER_20260502_S7_L3_HIGH_75_100_S01,HW_PLC,HW_PLC,938,938,939,,,,586295000,plc_internal_rd_loc_t_nanosecond,75,100,71.842,-3.157997,0,1,324642575,3,512,0,ok,
RUN_20260502_S7_L3_HIGH_75_100_S01_R04,S7_L3_HIGH_75_100,SER_20260502_S7_L3_HIGH_75_100_S01,HW_PLC,HW_PLC,939,939,940,,,,660551000,plc_internal_rd_loc_t_nanosecond,75,100,74.256,-0.7440033,0,1,1127239010,3,512,0,ok,
RUN_20260502_S7_L3_HIGH_75_100_S01_R04,S7_L3_HIGH_75_100,SER_20260502_S7_L3_HIGH_75_100_S01,HW_PLC,HW_PLC,940,940,941,,,,730183000,plc_internal_rd_loc_t_nanosecond,75,100,69.632,-5.367996,0,1,167181240,3,512,0,ok,
RUN_20260502_S7_L3_HIGH_75_100_S01_R04,S7_L3_HIGH_75_100,SER_20260502_S7_L3_HIGH_75_100_S01,HW_PLC,HW_PLC,941,941,942,,,,802618000,plc_internal_rd_loc_t_nanosecond,75,100,72.435,-2.565002,0,1,1741537807,3,512,0,ok,
RUN_20260502_S7_L3_HIGH_75_100_S01_R04,S7_L3_HIGH_75_100,SER_20260502_S7_L3_HIGH_75_100_S01,HW_PLC,HW_PLC,942,942,943,,,,879846000,plc_internal_rd_loc_t_nanosecond,75,100,77.228,2.227997,0,1,1557434473,3,512,0,ok,
RUN_20260502_S7_L3_HIGH_75_100_S01_R04,S7_L3_HIGH_75_100,SER_20260502_S7_L3_HIGH_75_100_S01,HW_PLC,HW_PLC,943,943,944,,,,949538000,plc_internal_rd_loc_t_nanosecond,75,100,69.692,-5.307999,0,1,1764456133,3,512,0,ok,
RUN_20260502_S7_L3_HIGH_75_100_S01_R04,S7_L3_HIGH_75_100,SER_20260502_S7_L3_HIGH_75_100_S01,HW_PLC,HW_PLC,944,944,945,,,,22814000,plc_internal_rd_loc_t_nanosecond,75,100,73.276,-1.723999,0,1,217212196,3,512,0,ok,
RUN_20260502_S7_L3_HIGH_75_100_S01_R04,S7_L3_HIGH_75_100,SER_20260502_S7_L3_HIGH_75_100_S01,HW_PLC,HW_PLC,945,945,946,,,,99366000,plc_internal_rd_loc_t_nanosecond,75,100,76.552,1.552002,0,1,1212771204,3,512,0,ok,
RUN_20260502_S7_L3_HIGH_75_100_S01_R04,S7_L3_HIGH_75_100,SER_20260502_S7_L3_HIGH_75_100_S01,HW_PLC,HW_PLC,946,946,947,,,,172934000,plc_internal_rd_loc_t_nanosecond,75,100,73.568,-1.431999,0,1,458258919,3,512,0,ok,
RUN_20260502_S7_L3_HIGH_75_100_S01_R04,S7_L3_HIGH_75_100,SER_20260502_S7_L3_HIGH_75_100_S01,HW_PLC,HW_PLC,947,947,948,,,,246255000,plc_internal_rd_loc_t_nanosecond,75,100,73.321,-1.679001,0,1,103260236,3,512,0,ok,
RUN_20260502_S7_L3_HIGH_75_100_S01_R04,S7_L3_HIGH_75_100,SER_20260502_S7_L3_HIGH_75_100_S01,HW_PLC,HW_PLC,948,948,949,,,,318722000,plc_internal_rd_loc_t_nanosecond,75,100,72.467,-2.532997,0,1,149868211,3,512,0,ok,
RUN_20260502_S7_L3_HIGH_75_100_S01_R04,S7_L3_HIGH_75_100,SER_20260502_S7_L3_HIGH_75_100_S01,HW_PLC,HW_PLC,949,949,950,,,,395820000,plc_internal_rd_loc_t_nanosecond,75,100,77.098,2.098,0,1,600184092,3,512,0,ok,
RUN_20260502_S7_L3_HIGH_75_100_S01_R04,S7_L3_HIGH_75_100,SER_20260502_S7_L3_HIGH_75_100_S01,HW_PLC,HW_PLC,950,950,951,,,,465461000,plc_internal_rd_loc_t_nanosecond,75,100,69.641,-5.359001,0,1,1456300935,3,512,0,ok,
RUN_20260502_S7_L3_HIGH_75_100_S01_R04,S7_L3_HIGH_75_100,SER_20260502_S7_L3_HIGH_75_100_S01,HW_PLC,HW_PLC,951,951,952,,,,538164000,plc_internal_rd_loc_t_nanosecond,75,100,72.703,-2.296997,0,1,572836341,3,512,0,ok,
RUN_20260502_S7_L3_HIGH_75_100_S01_R04,S7_L3_HIGH_75_100,SER_20260502_S7_L3_HIGH_75_100_S01,HW_PLC,HW_PLC,952,952,953,,,,615227000,plc_internal_rd_loc_t_nanosecond,75,100,77.063,2.063004,0,1,99367013,3,512,0,ok,
RUN_20260502_S7_L3_HIGH_75_100_S01_R04,S7_L3_HIGH_75_100,SER_20260502_S7_L3_HIGH_75_100_S01,HW_PLC,HW_PLC,953,953,954,,,,684628000,plc_internal_rd_loc_t_nanosecond,75,100,69.401,-5.598999,0,1,37994199,3,512,0,ok,
RUN_20260502_S7_L3_HIGH_75_100_S01_R04,S7_L3_HIGH_75_100,SER_20260502_S7_L3_HIGH_75_100_S01,HW_PLC,HW_PLC,954,954,955,,,,758306000,plc_internal_rd_loc_t_nanosecond,75,100,73.678,-1.321999,0,1,390810955,3,512,0,ok,
RUN_20260502_S7_L3_HIGH_75_100_S01_R04,S7_L3_HIGH_75_100,SER_20260502_S7_L3_HIGH_75_100_S01,HW_PLC,HW_PLC,955,955,956,,,,833663000,plc_internal_rd_loc_t_nanosecond,75,100,75.357,0.3570023,0,1,1159918529,3,512,0,ok,
RUN_20260502_S7_L3_HIGH_75_100_S01_R04,S7_L3_HIGH_75_100,SER_20260502_S7_L3_HIGH_75_100_S01,HW_PLC,HW_PLC,956,956,957,,,,904158000,plc_internal_rd_loc_t_nanosecond,75,100,70.495,-4.504997,0,1,199926330,3,512,0,ok,
RUN_20260502_S7_L3_HIGH_75_100_S01_R04,S7_L3_HIGH_75_100,SER_20260502_S7_L3_HIGH_75_100_S01,HW_PLC,HW_PLC,957,957,958,,,,974792000,plc_internal_rd_loc_t_nanosecond,75,100,70.634,-4.365997,0,1,1807902900,3,512,0,ok,
RUN_20260502_S7_L3_HIGH_75_100_S01_R04,S7_L3_HIGH_75_100,SER_20260502_S7_L3_HIGH_75_100_S01,HW_PLC,HW_PLC,958,958,959,,,,47942000,plc_internal_rd_loc_t_nanosecond,75,100,73.15,-1.849998,0,1,1690974001,3,512,0,ok,
RUN_20260502_S7_L3_HIGH_75_100_S01_R04,S7_L3_HIGH_75_100,SER_20260502_S7_L3_HIGH_75_100_S01,HW_PLC,HW_PLC,959,959,960,,,,131338000,plc_internal_rd_loc_t_nanosecond,75,100,83.396,8.396004,0,1,1998724528,3,512,0,ok,
RUN_20260502_S7_L3_HIGH_75_100_S01_R04,S7_L3_HIGH_75_100,SER_20260502_S7_L3_HIGH_75_100_S01,HW_PLC,HW_PLC,960,960,961,,,,201550000,plc_internal_rd_loc_t_nanosecond,75,100,70.212,-4.788002,0,1,585763890,3,512,0,ok,
RUN_20260502_S7_L3_HIGH_75_100_S01_R04,S7_L3_HIGH_75_100,SER_20260502_S7_L3_HIGH_75_100_S01,HW_PLC,HW_PLC,961,961,962,,,,276763000,plc_internal_rd_loc_t_nanosecond,75,100,75.213,0.2129974,0,1,1749160629,3,512,0,ok,
RUN_20260502_S7_L3_HIGH_75_100_S01_R04,S7_L3_HIGH_75_100,SER_20260502_S7_L3_HIGH_75_100_S01,HW_PLC,HW_PLC,962,962,963,,,,354169000,plc_internal_rd_loc_t_nanosecond,75,100,77.406,2.405998,0,1,1196040507,3,512,0,ok,
RUN_20260502_S7_L3_HIGH_75_100_S01_R04,S7_L3_HIGH_75_100,SER_20260502_S7_L3_HIGH_75_100_S01,HW_PLC,HW_PLC,963,963,964,,,,423439000,plc_internal_rd_loc_t_nanosecond,75,100,69.27,-5.730003,0,1,1075988419,3,512,0,ok,
RUN_20260502_S7_L3_HIGH_75_100_S01_R04,S7_L3_HIGH_75_100,SER_20260502_S7_L3_HIGH_75_100_S01,HW_PLC,HW_PLC,964,964,965,,,,496749000,plc_internal_rd_loc_t_nanosecond,75,100,73.31,-1.690002,0,1,1391097421,3,512,0,ok,
RUN_20260502_S7_L3_HIGH_75_100_S01_R04,S7_L3_HIGH_75_100,SER_20260502_S7_L3_HIGH_75_100_S01,HW_PLC,HW_PLC,965,965,966,,,,571541000,plc_internal_rd_loc_t_nanosecond,75,100,74.792,-0.2080002,0,1,2143468761,3,512,0,ok,
RUN_20260502_S7_L3_HIGH_75_100_S01_R04,S7_L3_HIGH_75_100,SER_20260502_S7_L3_HIGH_75_100_S01,HW_PLC,HW_PLC,966,966,967,,,,642251000,plc_internal_rd_loc_t_nanosecond,75,100,70.71,-4.290001,0,1,1187711848,3,512,0,ok,
RUN_20260502_S7_L3_HIGH_75_100_S01_R04,S7_L3_HIGH_75_100,SER_20260502_S7_L3_HIGH_75_100_S01,HW_PLC,HW_PLC,967,967,968,,,,711941000,plc_internal_rd_loc_t_nanosecond,75,100,69.69,-5.309998,0,1,673411577,3,512,0,ok,
RUN_20260502_S7_L3_HIGH_75_100_S01_R04,S7_L3_HIGH_75_100,SER_20260502_S7_L3_HIGH_75_100_S01,HW_PLC,HW_PLC,968,968,969,,,,784742000,plc_internal_rd_loc_t_nanosecond,75,100,72.801,-2.198997,0,1,602661004,3,512,0,ok,
RUN_20260502_S7_L3_HIGH_75_100_S01_R04,S7_L3_HIGH_75_100,SER_20260502_S7_L3_HIGH_75_100_S01,HW_PLC,HW_PLC,969,969,970,,,,857983000,plc_internal_rd_loc_t_nanosecond,75,100,73.241,-1.759003,0,1,977561377,3,512,0,ok,
RUN_20260502_S7_L3_HIGH_75_100_S01_R04,S7_L3_HIGH_75_100,SER_20260502_S7_L3_HIGH_75_100_S01,HW_PLC,HW_PLC,970,970,971,,,,930651000,plc_internal_rd_loc_t_nanosecond,75,100,72.668,-2.332001,0,1,1800205752,3,512,0,ok,
RUN_20260502_S7_L3_HIGH_75_100_S01_R04,S7_L3_HIGH_75_100,SER_20260502_S7_L3_HIGH_75_100_S01,HW_PLC,HW_PLC,971,971,972,,,,6974000,plc_internal_rd_loc_t_nanosecond,75,100,76.323,1.322998,0,1,925211730,3,512,0,ok,
RUN_20260502_S7_L3_HIGH_75_100_S01_R04,S7_L3_HIGH_75_100,SER_20260502_S7_L3_HIGH_75_100_S01,HW_PLC,HW_PLC,972,972,973,,,,80797000,plc_internal_rd_loc_t_nanosecond,75,100,73.823,-1.177002,0,1,502156014,3,512,0,ok,
RUN_20260502_S7_L3_HIGH_75_100_S01_R04,S7_L3_HIGH_75_100,SER_20260502_S7_L3_HIGH_75_100_S01,HW_PLC,HW_PLC,973,973,974,,,,157946000,plc_internal_rd_loc_t_nanosecond,75,100,77.149,2.149002,0,1,533139852,3,512,0,ok,
RUN_20260502_S7_L3_HIGH_75_100_S01_R04,S7_L3_HIGH_75_100,SER_20260502_S7_L3_HIGH_75_100_S01,HW_PLC,HW_PLC,974,974,975,,,,226803000,plc_internal_rd_loc_t_nanosecond,75,100,68.857,-6.142998,0,1,1020256300,3,512,0,ok,
RUN_20260502_S7_L3_HIGH_75_100_S01_R04,S7_L3_HIGH_75_100,SER_20260502_S7_L3_HIGH_75_100_S01,HW_PLC,HW_PLC,975,975,976,,,,300350000,plc_internal_rd_loc_t_nanosecond,75,100,73.547,-1.453003,0,1,1965606606,3,512,0,ok,
RUN_20260502_S7_L3_HIGH_75_100_S01_R04,S7_L3_HIGH_75_100,SER_20260502_S7_L3_HIGH_75_100_S01,HW_PLC,HW_PLC,976,976,977,,,,377685000,plc_internal_rd_loc_t_nanosecond,75,100,77.335,2.334999,0,1,1223800179,3,512,0,ok,
RUN_20260502_S7_L3_HIGH_75_100_S01_R04,S7_L3_HIGH_75_100,SER_20260502_S7_L3_HIGH_75_100_S01,HW_PLC,HW_PLC,977,977,978,,,,446940000,plc_internal_rd_loc_t_nanosecond,75,100,69.255,-5.745003,0,1,944421914,3,512,0,ok,
RUN_20260502_S7_L3_HIGH_75_100_S01_R04,S7_L3_HIGH_75_100,SER_20260502_S7_L3_HIGH_75_100_S01,HW_PLC,HW_PLC,978,978,979,,,,519981000,plc_internal_rd_loc_t_nanosecond,75,100,73.041,-1.959,0,1,1129564867,3,512,0,ok,
RUN_20260502_S7_L3_HIGH_75_100_S01_R04,S7_L3_HIGH_75_100,SER_20260502_S7_L3_HIGH_75_100_S01,HW_PLC,HW_PLC,979,979,980,,,,595527000,plc_internal_rd_loc_t_nanosecond,75,100,75.546,0.5459976,0,1,1781330286,3,512,0,ok,
RUN_20260502_S7_L3_HIGH_75_100_S01_R04,S7_L3_HIGH_75_100,SER_20260502_S7_L3_HIGH_75_100_S01,HW_PLC,HW_PLC,980,980,981,,,,666256000,plc_internal_rd_loc_t_nanosecond,75,100,70.729,-4.271004,0,1,754327580,3,512,0,ok,
RUN_20260502_S7_L3_HIGH_75_100_S01_R04,S7_L3_HIGH_75_100,SER_20260502_S7_L3_HIGH_75_100_S01,HW_PLC,HW_PLC,981,981,982,,,,734998000,plc_internal_rd_loc_t_nanosecond,75,100,68.742,-6.258003,0,1,198141644,3,512,0,ok,
RUN_20260502_S7_L3_HIGH_75_100_S01_R04,S7_L3_HIGH_75_100,SER_20260502_S7_L3_HIGH_75_100_S01,HW_PLC,HW_PLC,982,982,983,,,,808887000,plc_internal_rd_loc_t_nanosecond,75,100,73.889,-1.111,0,1,114865534,3,512,0,ok,
RUN_20260502_S7_L3_HIGH_75_100_S01_R04,S7_L3_HIGH_75_100,SER_20260502_S7_L3_HIGH_75_100_S01,HW_PLC,HW_PLC,983,983,984,,,,885882000,plc_internal_rd_loc_t_nanosecond,75,100,76.995,1.995003,0,1,506600498,3,512,0,ok,
RUN_20260502_S7_L3_HIGH_75_100_S01_R04,S7_L3_HIGH_75_100,SER_20260502_S7_L3_HIGH_75_100_S01,HW_PLC,HW_PLC,984,984,985,,,,962222000,plc_internal_rd_loc_t_nanosecond,75,100,76.34,1.339996,0,1,1375439592,3,512,0,ok,
RUN_20260502_S7_L3_HIGH_75_100_S01_R04,S7_L3_HIGH_75_100,SER_20260502_S7_L3_HIGH_75_100_S01,HW_PLC,HW_PLC,985,985,986,,,,31498000,plc_internal_rd_loc_t_nanosecond,75,100,69.276,-5.723999,0,1,576000417,3,512,0,ok,
RUN_20260502_S7_L3_HIGH_75_100_S01_R04,S7_L3_HIGH_75_100,SER_20260502_S7_L3_HIGH_75_100_S01,HW_PLC,HW_PLC,986,986,987,,,,104737000,plc_internal_rd_loc_t_nanosecond,75,100,73.239,-1.761002,0,1,257859676,3,512,0,ok,
RUN_20260502_S7_L3_HIGH_75_100_S01_R04,S7_L3_HIGH_75_100,SER_20260502_S7_L3_HIGH_75_100_S01,HW_PLC,HW_PLC,987,987,988,,,,181848000,plc_internal_rd_loc_t_nanosecond,75,100,77.111,2.111,0,1,423118617,3,512,0,ok,
RUN_20260502_S7_L3_HIGH_75_100_S01_R04,S7_L3_HIGH_75_100,SER_20260502_S7_L3_HIGH_75_100_S01,HW_PLC,HW_PLC,988,988,989,,,,252155000,plc_internal_rd_loc_t_nanosecond,75,100,70.307,-4.693001,0,1,1073870296,3,512,0,ok,
RUN_20260502_S7_L3_HIGH_75_100_S01_R04,S7_L3_HIGH_75_100,SER_20260502_S7_L3_HIGH_75_100_S01,HW_PLC,HW_PLC,989,989,990,,,,324457000,plc_internal_rd_loc_t_nanosecond,75,100,72.302,-2.697998,0,1,64732314,3,512,0,ok,
RUN_20260502_S7_L3_HIGH_75_100_S01_R04,S7_L3_HIGH_75_100,SER_20260502_S7_L3_HIGH_75_100_S01,HW_PLC,HW_PLC,990,990,991,,,,401743000,plc_internal_rd_loc_t_nanosecond,75,100,77.286,2.286003,0,1,1692765021,3,512,0,ok,
RUN_20260502_S7_L3_HIGH_75_100_S01_R04,S7_L3_HIGH_75_100,SER_20260502_S7_L3_HIGH_75_100_S01,HW_PLC,HW_PLC,991,991,992,,,,471473000,plc_internal_rd_loc_t_nanosecond,75,100,69.73,-5.269997,0,1,1665102371,3,512,0,ok,
RUN_20260502_S7_L3_HIGH_75_100_S01_R04,S7_L3_HIGH_75_100,SER_20260502_S7_L3_HIGH_75_100_S01,HW_PLC,HW_PLC,992,992,993,,,,544534000,plc_internal_rd_loc_t_nanosecond,75,100,73.061,-1.939003,0,1,2131321067,3,512,0,ok,
RUN_20260502_S7_L3_HIGH_75_100_S01_R04,S7_L3_HIGH_75_100,SER_20260502_S7_L3_HIGH_75_100_S01,HW_PLC,HW_PLC,993,993,994,,,,621370000,plc_internal_rd_loc_t_nanosecond,75,100,76.836,1.835999,0,1,946038710,3,512,0,ok,
RUN_20260502_S7_L3_HIGH_75_100_S01_R04,S7_L3_HIGH_75_100,SER_20260502_S7_L3_HIGH_75_100_S01,HW_PLC,HW_PLC,994,994,995,,,,691593000,plc_internal_rd_loc_t_nanosecond,75,100,70.223,-4.777,0,1,258832003,3,512,0,ok,
RUN_20260502_S7_L3_HIGH_75_100_S01_R04,S7_L3_HIGH_75_100,SER_20260502_S7_L3_HIGH_75_100_S01,HW_PLC,HW_PLC,995,995,996,,,,765837000,plc_internal_rd_loc_t_nanosecond,75,100,74.244,-0.7559967,0,1,71802194,3,512,0,ok,
RUN_20260502_S7_L3_HIGH_75_100_S01_R04,S7_L3_HIGH_75_100,SER_20260502_S7_L3_HIGH_75_100_S01,HW_PLC,HW_PLC,996,996,997,,,,848550000,plc_internal_rd_loc_t_nanosecond,75,100,82.713,7.712997,0,1,387042339,3,512,0,ok,
RUN_20260502_S7_L3_HIGH_75_100_S01_R04,S7_L3_HIGH_75_100,SER_20260502_S7_L3_HIGH_75_100_S01,HW_PLC,HW_PLC,997,997,998,,,,918205000,plc_internal_rd_loc_t_nanosecond,75,100,69.655,-5.345001,0,1,1206653686,3,512,0,ok,
RUN_20260502_S7_L3_HIGH_75_100_S01_R04,S7_L3_HIGH_75_100,SER_20260502_S7_L3_HIGH_75_100_S01,HW_PLC,HW_PLC,998,998,999,,,,991141000,plc_internal_rd_loc_t_nanosecond,75,100,72.936,-2.064003,0,1,385245644,3,512,0,ok,
RUN_20260502_S7_L3_HIGH_75_100_S01_R04,S7_L3_HIGH_75_100,SER_20260502_S7_L3_HIGH_75_100_S01,HW_PLC,HW_PLC,999,999,1000,,,,67843000,plc_internal_rd_loc_t_nanosecond,75,100,76.702,1.702003,0,0,72403108,3,512,0,ok,
RUN_20260502_S7_L3_HIGH_75_100_S01_R04,S7_L3_HIGH_75_100,SER_20260502_S7_L3_HIGH_75_100_S01,HW_PLC,HW_PLC,1000,1000,1001,,,,136764000,plc_internal_rd_loc_t_nanosecond,75,100,68.921,-6.079002,0,0,270219134,3,512,0,ok,
RUN_20260502_S7_L3_HIGH_75_100_S01_R04,S7_L3_HIGH_75_100,SER_20260502_S7_L3_HIGH_75_100_S01,HW_PLC,HW_PLC,1001,1001,1002,,,,207420000,plc_internal_rd_loc_t_nanosecond,75,100,70.656,-4.344002,0,0,980794970,3,512,0,ok,
RUN_20260502_S7_L3_HIGH_75_100_S01_R04,S7_L3_HIGH_75_100,SER_20260502_S7_L3_HIGH_75_100_S01,HW_PLC,HW_PLC,1002,1002,1003,,,,280330000,plc_internal_rd_loc_t_nanosecond,75,100,72.91,-2.089996,0,0,58740025,3,512,0,ok,
RUN_20260502_S7_L3_HIGH_75_100_S01_R04,S7_L3_HIGH_75_100,SER_20260502_S7_L3_HIGH_75_100_S01,HW_PLC,HW_PLC,1003,1003,1004,,,,352286000,plc_internal_rd_loc_t_nanosecond,75,100,71.956,-3.043999,0,0,1801122841,3,512,0,ok,
RUN_20260502_S7_L3_HIGH_75_100_S01_R04,S7_L3_HIGH_75_100,SER_20260502_S7_L3_HIGH_75_100_S01,HW_PLC,HW_PLC,1004,1004,1005,,,,425785000,plc_internal_rd_loc_t_nanosecond,75,100,73.499,-1.500999,0,0,1915069180,3,512,0,ok,
RUN_20260502_S7_L3_HIGH_75_100_S01_R04,S7_L3_HIGH_75_100,SER_20260502_S7_L3_HIGH_75_100_S01,HW_PLC,HW_PLC,1005,1005,1006,,,,495501000,plc_internal_rd_loc_t_nanosecond,75,100,69.716,-5.283997,0,0,402680290,3,512,0,ok,
RUN_20260502_S7_L3_HIGH_75_100_S01_R04,S7_L3_HIGH_75_100,SER_20260502_S7_L3_HIGH_75_100_S01,HW_PLC,HW_PLC,1006,1006,1007,,,,568936000,plc_internal_rd_loc_t_nanosecond,75,100,73.435,-1.565002,0,0,1561016521,3,512,0,ok,
RUN_20260502_S7_L3_HIGH_75_100_S01_R04,S7_L3_HIGH_75_100,SER_20260502_S7_L3_HIGH_75_100_S01,HW_PLC,HW_PLC,1007,1007,1008,,,,645936000,plc_internal_rd_loc_t_nanosecond,75,100,77,2,0,0,1097211827,3,512,0,ok,
RUN_20260502_S7_L3_HIGH_75_100_S01_R04,S7_L3_HIGH_75_100,SER_20260502_S7_L3_HIGH_75_100_S01,HW_PLC,HW_PLC,1008,1008,1009,,,,721757000,plc_internal_rd_loc_t_nanosecond,75,100,75.821,0.8209991,0,0,1160842911,3,512,0,ok,
RUN_20260502_S7_L3_HIGH_75_100_S01_R04,S7_L3_HIGH_75_100,SER_20260502_S7_L3_HIGH_75_100_S01,HW_PLC,HW_PLC,1009,1009,1010,,,,795383000,plc_internal_rd_loc_t_nanosecond,75,100,73.626,-1.374001,0,0,1754011021,3,512,0,ok,
RUN_20260502_S7_L3_HIGH_75_100_S01_R04,S7_L3_HIGH_75_100,SER_20260502_S7_L3_HIGH_75_100_S01,HW_PLC,HW_PLC,1010,1010,1011,,,,869669000,plc_internal_rd_loc_t_nanosecond,75,100,74.286,-0.7139969,0,0,731325566,3,512,0,ok,
RUN_20260502_S7_L3_HIGH_75_100_S01_R04,S7_L3_HIGH_75_100,SER_20260502_S7_L3_HIGH_75_100_S01,HW_PLC,HW_PLC,1011,1011,1012,,,,940889000,plc_internal_rd_loc_t_nanosecond,75,100,71.22,-3.779999,0,0,242371441,3,512,0,ok,
RUN_20260502_S7_L3_HIGH_75_100_S01_R04,S7_L3_HIGH_75_100,SER_20260502_S7_L3_HIGH_75_100_S01,HW_PLC,HW_PLC,1012,1012,1013,,,,10541000,plc_internal_rd_loc_t_nanosecond,75,100,69.652,-5.348,0,0,289241702,3,512,0,ok,
RUN_20260502_S7_L3_HIGH_75_100_S01_R04,S7_L3_HIGH_75_100,SER_20260502_S7_L3_HIGH_75_100_S01,HW_PLC,HW_PLC,1013,1013,1014,,,,84356000,plc_internal_rd_loc_t_nanosecond,75,100,73.815,-1.184998,0,0,874037597,3,512,0,ok,
RUN_20260502_S7_L3_HIGH_75_100_S01_R04,S7_L3_HIGH_75_100,SER_20260502_S7_L3_HIGH_75_100_S01,HW_PLC,HW_PLC,1014,1014,1015,,,,157543000,plc_internal_rd_loc_t_nanosecond,75,100,73.187,-1.813004,0,0,1998852182,3,512,0,ok,
RUN_20260502_S7_L3_HIGH_75_100_S01_R04,S7_L3_HIGH_75_100,SER_20260502_S7_L3_HIGH_75_100_S01,HW_PLC,HW_PLC,1015,1015,1016,,,,229663000,plc_internal_rd_loc_t_nanosecond,75,100,72.12,-2.879997,0,0,1518303058,3,512,0,ok,
RUN_20260502_S7_L3_HIGH_75_100_S01_R04,S7_L3_HIGH_75_100,SER_20260502_S7_L3_HIGH_75_100_S01,HW_PLC,HW_PLC,1016,1016,1017,,,,299762000,plc_internal_rd_loc_t_nanosecond,75,100,70.099,-4.901001,0,0,1581966928,3,512,0,ok,
RUN_20260502_S7_L3_HIGH_75_100_S01_R04,S7_L3_HIGH_75_100,SER_20260502_S7_L3_HIGH_75_100_S01,HW_PLC,HW_PLC,1017,1017,1018,,,,373158000,plc_internal_rd_loc_t_nanosecond,75,100,73.396,-1.603996,0,0,44461393,3,512,0,ok,
RUN_20260502_S7_L3_HIGH_75_100_S01_R04,S7_L3_HIGH_75_100,SER_20260502_S7_L3_HIGH_75_100_S01,HW_PLC,HW_PLC,1018,1018,1019,,,,446886000,plc_internal_rd_loc_t_nanosecond,75,100,73.728,-1.272003,0,0,1202846803,3,512,0,ok,
RUN_20260502_S7_L3_HIGH_75_100_S01_R04,S7_L3_HIGH_75_100,SER_20260502_S7_L3_HIGH_75_100_S01,HW_PLC,HW_PLC,1019,1019,1020,,,,518454000,plc_internal_rd_loc_t_nanosecond,75,100,71.568,-3.431999,0,0,764257112,3,512,0,ok,
RUN_20260502_S7_L3_HIGH_75_100_S01_R04,S7_L3_HIGH_75_100,SER_20260502_S7_L3_HIGH_75_100_S01,HW_PLC,HW_PLC,1020,1020,1021,,,,595462000,plc_internal_rd_loc_t_nanosecond,75,100,77.008,2.008003,0,0,878269023,3,512,0,ok,
RUN_20260502_S7_L3_HIGH_75_100_S01_R04,S7_L3_HIGH_75_100,SER_20260502_S7_L3_HIGH_75_100_S01,HW_PLC,HW_PLC,1021,1021,1022,,,,668730000,plc_internal_rd_loc_t_nanosecond,75,100,73.268,-1.732002,0,0,1546983784,3,512,0,ok,
RUN_20260502_S7_L3_HIGH_75_100_S01_R04,S7_L3_HIGH_75_100,SER_20260502_S7_L3_HIGH_75_100_S01,HW_PLC,HW_PLC,1022,1022,1023,,,,745604000,plc_internal_rd_loc_t_nanosecond,75,100,76.874,1.874001,0,0,625010804,3,512,0,ok,
RUN_20260502_S7_L3_HIGH_75_100_S01_R04,S7_L3_HIGH_75_100,SER_20260502_S7_L3_HIGH_75_100_S01,HW_PLC,HW_PLC,1023,1023,1024,,,,815531000,plc_internal_rd_loc_t_nanosecond,75,100,69.927,-5.072998,0,0,261934978,3,512,0,ok,
RUN_20260502_S7_L3_HIGH_75_100_S01_R04,S7_L3_HIGH_75_100,SER_20260502_S7_L3_HIGH_75_100_S01,HW_PLC,HW_PLC,1024,1024,1025,,,,888530000,plc_internal_rd_loc_t_nanosecond,75,100,72.999,-2.000999,0,0,459849362,3,512,0,ok,
RUN_20260502_S7_L3_HIGH_75_100_S01_R04,S7_L3_HIGH_75_100,SER_20260502_S7_L3_HIGH_75_100_S01,HW_PLC,HW_PLC,1025,1025,1026,,,,965877000,plc_internal_rd_loc_t_nanosecond,75,100,77.347,2.347,0,0,1220855204,3,512,0,ok,
RUN_20260502_S7_L3_HIGH_75_100_S01_R04,S7_L3_HIGH_75_100,SER_20260502_S7_L3_HIGH_75_100_S01,HW_PLC,HW_PLC,1026,1026,1027,,,,35280000,plc_internal_rd_loc_t_nanosecond,75,100,69.403,-5.597,0,0,399561913,3,512,0,ok,
RUN_20260502_S7_L3_HIGH_75_100_S01_R04,S7_L3_HIGH_75_100,SER_20260502_S7_L3_HIGH_75_100_S01,HW_PLC,HW_PLC,1027,1027,1028,,,,108540000,plc_internal_rd_loc_t_nanosecond,75,100,73.26,-1.739998,0,0,145554384,3,512,0,ok,
RUN_20260502_S7_L3_HIGH_75_100_S01_R04,S7_L3_HIGH_75_100,SER_20260502_S7_L3_HIGH_75_100_S01,HW_PLC,HW_PLC,1028,1028,1029,,,,185236000,plc_internal_rd_loc_t_nanosecond,75,100,76.696,1.695999,0,0,460925673,3,512,0,ok,
RUN_20260502_S7_L3_HIGH_75_100_S01_R04,S7_L3_HIGH_75_100,SER_20260502_S7_L3_HIGH_75_100_S01,HW_PLC,HW_PLC,1029,1029,1030,,,,257891000,plc_internal_rd_loc_t_nanosecond,75,100,72.655,-2.345001,0,0,1347777028,3,512,0,ok,
RUN_20260502_S7_L3_HIGH_75_100_S01_R04,S7_L3_HIGH_75_100,SER_20260502_S7_L3_HIGH_75_100_S01,HW_PLC,HW_PLC,1030,1030,1031,,,,330426000,plc_internal_rd_loc_t_nanosecond,75,100,72.535,-2.464996,0,0,660717858,3,512,0,ok,
RUN_20260502_S7_L3_HIGH_75_100_S01_R04,S7_L3_HIGH_75_100,SER_20260502_S7_L3_HIGH_75_100_S01,HW_PLC,HW_PLC,1031,1031,1032,,,,405647000,plc_internal_rd_loc_t_nanosecond,75,100,75.221,0.2210007,0,0,549333058,3,512,0,ok,
RUN_20260502_S7_L3_HIGH_75_100_S01_R04,S7_L3_HIGH_75_100,SER_20260502_S7_L3_HIGH_75_100_S01,HW_PLC,HW_PLC,1032,1032,1033,,,,482784000,plc_internal_rd_loc_t_nanosecond,75,100,77.137,2.137001,0,0,1015715684,3,512,0,ok,
RUN_20260502_S7_L3_HIGH_75_100_S01_R04,S7_L3_HIGH_75_100,SER_20260502_S7_L3_HIGH_75_100_S01,HW_PLC,HW_PLC,1033,1033,1034,,,,552784000,plc_internal_rd_loc_t_nanosecond,75,100,70,-5,0,0,2061966984,3,512,0,ok,
RUN_20260502_S7_L3_HIGH_75_100_S01_R04,S7_L3_HIGH_75_100,SER_20260502_S7_L3_HIGH_75_100_S01,HW_PLC,HW_PLC,1034,1034,1035,,,,625667000,plc_internal_rd_loc_t_nanosecond,75,100,72.883,-2.116997,0,0,1542696367,3,512,0,ok,
RUN_20260502_S7_L3_HIGH_75_100_S01_R04,S7_L3_HIGH_75_100,SER_20260502_S7_L3_HIGH_75_100_S01,HW_PLC,HW_PLC,1035,1035,1036,,,,702761000,plc_internal_rd_loc_t_nanosecond,75,100,77.094,2.094002,0,0,1607488728,3,512,0,ok,
RUN_20260502_S7_L3_HIGH_75_100_S01_R04,S7_L3_HIGH_75_100,SER_20260502_S7_L3_HIGH_75_100_S01,HW_PLC,HW_PLC,1036,1036,1037,,,,772433000,plc_internal_rd_loc_t_nanosecond,75,100,69.672,-5.328003,0,0,110953476,3,512,0,ok,
RUN_20260502_S7_L3_HIGH_75_100_S01_R04,S7_L3_HIGH_75_100,SER_20260502_S7_L3_HIGH_75_100_S01,HW_PLC,HW_PLC,1037,1037,1038,,,,845608000,plc_internal_rd_loc_t_nanosecond,75,100,73.175,-1.824997,0,0,1350159153,3,512,0,ok,
RUN_20260502_S7_L3_HIGH_75_100_S01_R04,S7_L3_HIGH_75_100,SER_20260502_S7_L3_HIGH_75_100_S01,HW_PLC,HW_PLC,1038,1038,1039,,,,922966000,plc_internal_rd_loc_t_nanosecond,75,100,77.358,2.358002,0,0,1032231521,3,512,0,ok,
RUN_20260502_S7_L3_HIGH_75_100_S01_R04,S7_L3_HIGH_75_100,SER_20260502_S7_L3_HIGH_75_100_S01,HW_PLC,HW_PLC,1039,1039,1040,,,,992722000,plc_internal_rd_loc_t_nanosecond,75,100,69.756,-5.244003,0,0,1306755475,3,512,0,ok,
RUN_20260502_S7_L3_HIGH_75_100_S01_R04,S7_L3_HIGH_75_100,SER_20260502_S7_L3_HIGH_75_100_S01,HW_PLC,HW_PLC,1040,1040,1041,,,,66787000,plc_internal_rd_loc_t_nanosecond,75,100,74.065,-0.9349976,0,0,28340424,3,512,0,ok,
RUN_20260502_S7_L3_HIGH_75_100_S01_R04,S7_L3_HIGH_75_100,SER_20260502_S7_L3_HIGH_75_100_S01,HW_PLC,HW_PLC,1041,1041,1042,,,,142187000,plc_internal_rd_loc_t_nanosecond,75,100,75.4,0.4000015,0,0,1494054910,3,512,0,ok,
RUN_20260502_S7_L3_HIGH_75_100_S01_R04,S7_L3_HIGH_75_100,SER_20260502_S7_L3_HIGH_75_100_S01,HW_PLC,HW_PLC,1042,1042,1043,,,,212165000,plc_internal_rd_loc_t_nanosecond,75,100,69.978,-5.022003,0,0,1411024695,3,512,0,ok,
RUN_20260502_S7_L3_HIGH_75_100_S01_R04,S7_L3_HIGH_75_100,SER_20260502_S7_L3_HIGH_75_100_S01,HW_PLC,HW_PLC,1043,1043,1044,,,,281957000,plc_internal_rd_loc_t_nanosecond,75,100,69.792,-5.208,0,0,1928834674,3,512,0,ok,
RUN_20260502_S7_L3_HIGH_75_100_S01_R04,S7_L3_HIGH_75_100,SER_20260502_S7_L3_HIGH_75_100_S01,HW_PLC,HW_PLC,1044,1044,1045,,,,355789000,plc_internal_rd_loc_t_nanosecond,75,100,73.832,-1.167999,0,0,902094256,3,512,0,ok,
RUN_20260502_S7_L3_HIGH_75_100_S01_R04,S7_L3_HIGH_75_100,SER_20260502_S7_L3_HIGH_75_100_S01,HW_PLC,HW_PLC,1045,1045,1046,,,,430806000,plc_internal_rd_loc_t_nanosecond,75,100,75.017,0.01699829,0,0,480388336,3,512,0,ok,
RUN_20260502_S7_L3_HIGH_75_100_S01_R04,S7_L3_HIGH_75_100,SER_20260502_S7_L3_HIGH_75_100_S01,HW_PLC,HW_PLC,1046,1046,1047,,,,499789000,plc_internal_rd_loc_t_nanosecond,75,100,68.983,-6.016998,0,0,665809970,3,512,0,ok,
RUN_20260502_S7_L3_HIGH_75_100_S01_R04,S7_L3_HIGH_75_100,SER_20260502_S7_L3_HIGH_75_100_S01,HW_PLC,HW_PLC,1047,1047,1048,,,,574697000,plc_internal_rd_loc_t_nanosecond,75,100,74.908,-0.09200287,0,0,1460460406,3,512,0,ok,
RUN_20260502_S7_L3_HIGH_75_100_S01_R04,S7_L3_HIGH_75_100,SER_20260502_S7_L3_HIGH_75_100_S01,HW_PLC,HW_PLC,1048,1048,1049,,,,669349000,plc_internal_rd_loc_t_nanosecond,75,100,94.652,19.652,0,0,718949053,3,512,0,ok,
