run_id,mode_id,series_id,object,node_id,sample_index,cycle_index,cycle_counter,ts_observe,ts_start,ts_end,timestamp_tick_ns,timestamp_source,t0_ms,deadline_threshold_ms,Tper,Jper,deadline_miss,heartbeat,workload_accumulator,load_level,load_passes,error_flag,quality_flag,notes
RUN_20260502_S7_L3_HIGH_75_100_S01_R01,S7_L3_HIGH_75_100,SER_20260502_S7_L3_HIGH_75_100_S01,HW_PLC,HW_PLC,86,86,87,,,,437959000,plc_internal_rd_loc_t_nanosecond,75,100,72.472,-2.528,0,0,606540861,3,512,0,ok,
RUN_20260502_S7_L3_HIGH_75_100_S01_R01,S7_L3_HIGH_75_100,SER_20260502_S7_L3_HIGH_75_100_S01,HW_PLC,HW_PLC,87,87,88,,,,514672000,plc_internal_rd_loc_t_nanosecond,75,100,76.713,1.712997,0,0,1799910578,3,512,0,ok,
RUN_20260502_S7_L3_HIGH_75_100_S01_R01,S7_L3_HIGH_75_100,SER_20260502_S7_L3_HIGH_75_100_S01,HW_PLC,HW_PLC,88,88,89,,,,584269000,plc_internal_rd_loc_t_nanosecond,75,100,69.597,-5.403,0,0,1591336233,3,512,0,ok,
RUN_20260502_S7_L3_HIGH_75_100_S01_R01,S7_L3_HIGH_75_100,SER_20260502_S7_L3_HIGH_75_100_S01,HW_PLC,HW_PLC,89,89,90,,,,657637000,plc_internal_rd_loc_t_nanosecond,75,100,73.368,-1.632004,0,0,2130402721,3,512,0,ok,
RUN_20260502_S7_L3_HIGH_75_100_S01_R01,S7_L3_HIGH_75_100,SER_20260502_S7_L3_HIGH_75_100_S01,HW_PLC,HW_PLC,90,90,91,,,,731537000,plc_internal_rd_loc_t_nanosecond,75,100,73.9,-1.099998,0,0,1271719451,3,512,0,ok,
RUN_20260502_S7_L3_HIGH_75_100_S01_R01,S7_L3_HIGH_75_100,SER_20260502_S7_L3_HIGH_75_100_S01,HW_PLC,HW_PLC,91,91,92,,,,802891000,plc_internal_rd_loc_t_nanosecond,75,100,71.354,-3.646004,0,0,1164871318,3,512,0,ok,
RUN_20260502_S7_L3_HIGH_75_100_S01_R01,S7_L3_HIGH_75_100,SER_20260502_S7_L3_HIGH_75_100_S01,HW_PLC,HW_PLC,92,92,93,,,,876375000,plc_internal_rd_loc_t_nanosecond,75,100,73.484,-1.515999,0,0,1811951378,3,512,0,ok,
RUN_20260502_S7_L3_HIGH_75_100_S01_R01,S7_L3_HIGH_75_100,SER_20260502_S7_L3_HIGH_75_100_S01,HW_PLC,HW_PLC,93,93,94,,,,952794000,plc_internal_rd_loc_t_nanosecond,75,100,76.419,1.418999,0,0,1067577232,3,512,0,ok,
RUN_20260502_S7_L3_HIGH_75_100_S01_R01,S7_L3_HIGH_75_100,SER_20260502_S7_L3_HIGH_75_100_S01,HW_PLC,HW_PLC,94,94,95,,,,28755000,plc_internal_rd_loc_t_nanosecond,75,100,75.961,0.9609985,0,0,1081325583,3,512,0,ok,
RUN_20260502_S7_L3_HIGH_75_100_S01_R01,S7_L3_HIGH_75_100,SER_20260502_S7_L3_HIGH_75_100_S01,HW_PLC,HW_PLC,95,95,96,,,,98421000,plc_internal_rd_loc_t_nanosecond,75,100,69.666,-5.334,0,0,1855297679,3,512,0,ok,
RUN_20260502_S7_L3_HIGH_75_100_S01_R01,S7_L3_HIGH_75_100,SER_20260502_S7_L3_HIGH_75_100_S01,HW_PLC,HW_PLC,96,96,97,,,,168252000,plc_internal_rd_loc_t_nanosecond,75,100,69.831,-5.168999,0,0,1244102929,3,512,0,ok,
RUN_20260502_S7_L3_HIGH_75_100_S01_R01,S7_L3_HIGH_75_100,SER_20260502_S7_L3_HIGH_75_100_S01,HW_PLC,HW_PLC,97,97,98,,,,241442000,plc_internal_rd_loc_t_nanosecond,75,100,73.19,-1.809998,0,0,1397326228,3,512,0,ok,
RUN_20260502_S7_L3_HIGH_75_100_S01_R01,S7_L3_HIGH_75_100,SER_20260502_S7_L3_HIGH_75_100_S01,HW_PLC,HW_PLC,98,98,99,,,,317337000,plc_internal_rd_loc_t_nanosecond,75,100,75.895,0.8949966,0,0,169576985,3,512,0,ok,
RUN_20260502_S7_L3_HIGH_75_100_S01_R01,S7_L3_HIGH_75_100,SER_20260502_S7_L3_HIGH_75_100_S01,HW_PLC,HW_PLC,99,99,100,,,,386735000,plc_internal_rd_loc_t_nanosecond,75,100,69.398,-5.601997,0,1,1857923742,3,512,0,ok,
RUN_20260502_S7_L3_HIGH_75_100_S01_R01,S7_L3_HIGH_75_100,SER_20260502_S7_L3_HIGH_75_100_S01,HW_PLC,HW_PLC,100,100,101,,,,456599000,plc_internal_rd_loc_t_nanosecond,75,100,69.864,-5.136002,0,1,22008614,3,512,0,ok,
RUN_20260502_S7_L3_HIGH_75_100_S01_R01,S7_L3_HIGH_75_100,SER_20260502_S7_L3_HIGH_75_100_S01,HW_PLC,HW_PLC,101,101,102,,,,529632000,plc_internal_rd_loc_t_nanosecond,75,100,73.033,-1.967003,0,1,1106383790,3,512,0,ok,
RUN_20260502_S7_L3_HIGH_75_100_S01_R01,S7_L3_HIGH_75_100,SER_20260502_S7_L3_HIGH_75_100_S01,HW_PLC,HW_PLC,102,102,103,,,,605263000,plc_internal_rd_loc_t_nanosecond,75,100,75.631,0.6309967,0,1,818175032,3,512,0,ok,
RUN_20260502_S7_L3_HIGH_75_100_S01_R01,S7_L3_HIGH_75_100,SER_20260502_S7_L3_HIGH_75_100_S01,HW_PLC,HW_PLC,103,103,104,,,,675761000,plc_internal_rd_loc_t_nanosecond,75,100,70.498,-4.501999,0,1,1306967235,3,512,0,ok,
RUN_20260502_S7_L3_HIGH_75_100_S01_R01,S7_L3_HIGH_75_100,SER_20260502_S7_L3_HIGH_75_100_S01,HW_PLC,HW_PLC,104,104,105,,,,745599000,plc_internal_rd_loc_t_nanosecond,75,100,69.838,-5.162003,0,1,427369808,3,512,0,ok,
RUN_20260502_S7_L3_HIGH_75_100_S01_R01,S7_L3_HIGH_75_100,SER_20260502_S7_L3_HIGH_75_100_S01,HW_PLC,HW_PLC,105,105,106,,,,825569000,plc_internal_rd_loc_t_nanosecond,75,100,79.97,4.970001,0,1,328967646,3,512,0,ok,
RUN_20260502_S7_L3_HIGH_75_100_S01_R01,S7_L3_HIGH_75_100,SER_20260502_S7_L3_HIGH_75_100_S01,HW_PLC,HW_PLC,106,106,107,,,,902560000,plc_internal_rd_loc_t_nanosecond,75,100,76.991,1.990997,0,1,1013853805,3,512,0,ok,
RUN_20260502_S7_L3_HIGH_75_100_S01_R01,S7_L3_HIGH_75_100,SER_20260502_S7_L3_HIGH_75_100_S01,HW_PLC,HW_PLC,107,107,108,,,,972263000,plc_internal_rd_loc_t_nanosecond,75,100,69.703,-5.296997,0,1,336645886,3,512,0,ok,
RUN_20260502_S7_L3_HIGH_75_100_S01_R01,S7_L3_HIGH_75_100,SER_20260502_S7_L3_HIGH_75_100_S01,HW_PLC,HW_PLC,108,108,109,,,,45894000,plc_internal_rd_loc_t_nanosecond,75,100,73.631,-1.369003,0,1,446920592,3,512,0,ok,
RUN_20260502_S7_L3_HIGH_75_100_S01_R01,S7_L3_HIGH_75_100,SER_20260502_S7_L3_HIGH_75_100_S01,HW_PLC,HW_PLC,109,109,110,,,,121187000,plc_internal_rd_loc_t_nanosecond,75,100,75.293,0.2929993,0,1,1346779171,3,512,0,ok,
RUN_20260502_S7_L3_HIGH_75_100_S01_R01,S7_L3_HIGH_75_100,SER_20260502_S7_L3_HIGH_75_100_S01,HW_PLC,HW_PLC,110,110,111,,,,191273000,plc_internal_rd_loc_t_nanosecond,75,100,70.086,-4.914001,0,1,890831032,3,512,0,ok,
RUN_20260502_S7_L3_HIGH_75_100_S01_R01,S7_L3_HIGH_75_100,SER_20260502_S7_L3_HIGH_75_100_S01,HW_PLC,HW_PLC,111,111,112,,,,261294000,plc_internal_rd_loc_t_nanosecond,75,100,70.021,-4.978996,0,1,1228661070,3,512,0,ok,
RUN_20260502_S7_L3_HIGH_75_100_S01_R01,S7_L3_HIGH_75_100,SER_20260502_S7_L3_HIGH_75_100_S01,HW_PLC,HW_PLC,112,112,113,,,,334441000,plc_internal_rd_loc_t_nanosecond,75,100,73.147,-1.852997,0,1,214878694,3,512,0,ok,
RUN_20260502_S7_L3_HIGH_75_100_S01_R01,S7_L3_HIGH_75_100,SER_20260502_S7_L3_HIGH_75_100_S01,HW_PLC,HW_PLC,113,113,114,,,,410378000,plc_internal_rd_loc_t_nanosecond,75,100,75.937,0.9369965,0,1,2146552446,3,512,0,ok,
RUN_20260502_S7_L3_HIGH_75_100_S01_R01,S7_L3_HIGH_75_100,SER_20260502_S7_L3_HIGH_75_100_S01,HW_PLC,HW_PLC,114,114,115,,,,479936000,plc_internal_rd_loc_t_nanosecond,75,100,69.558,-5.442001,0,1,583324441,3,512,0,ok,
RUN_20260502_S7_L3_HIGH_75_100_S01_R01,S7_L3_HIGH_75_100,SER_20260502_S7_L3_HIGH_75_100_S01,HW_PLC,HW_PLC,115,115,116,,,,549933000,plc_internal_rd_loc_t_nanosecond,75,100,69.997,-5.002998,0,1,1969746868,3,512,0,ok,
RUN_20260502_S7_L3_HIGH_75_100_S01_R01,S7_L3_HIGH_75_100,SER_20260502_S7_L3_HIGH_75_100_S01,HW_PLC,HW_PLC,116,116,117,,,,622447000,plc_internal_rd_loc_t_nanosecond,75,100,72.514,-2.486,0,1,2012945489,3,512,0,ok,
RUN_20260502_S7_L3_HIGH_75_100_S01_R01,S7_L3_HIGH_75_100,SER_20260502_S7_L3_HIGH_75_100_S01,HW_PLC,HW_PLC,117,117,118,,,,703446000,plc_internal_rd_loc_t_nanosecond,75,100,80.999,5.999001,0,1,715021552,3,512,0,ok,
RUN_20260502_S7_L3_HIGH_75_100_S01_R01,S7_L3_HIGH_75_100,SER_20260502_S7_L3_HIGH_75_100_S01,HW_PLC,HW_PLC,118,118,119,,,,775171000,plc_internal_rd_loc_t_nanosecond,75,100,71.725,-3.275002,0,1,225551760,3,512,0,ok,
RUN_20260502_S7_L3_HIGH_75_100_S01_R01,S7_L3_HIGH_75_100,SER_20260502_S7_L3_HIGH_75_100_S01,HW_PLC,HW_PLC,119,119,120,,,,845363000,plc_internal_rd_loc_t_nanosecond,75,100,70.192,-4.807999,0,1,546637361,3,512,0,ok,
RUN_20260502_S7_L3_HIGH_75_100_S01_R01,S7_L3_HIGH_75_100,SER_20260502_S7_L3_HIGH_75_100_S01,HW_PLC,HW_PLC,120,120,121,,,,917708000,plc_internal_rd_loc_t_nanosecond,75,100,72.345,-2.654999,0,1,1680371411,3,512,0,ok,
RUN_20260502_S7_L3_HIGH_75_100_S01_R01,S7_L3_HIGH_75_100,SER_20260502_S7_L3_HIGH_75_100_S01,HW_PLC,HW_PLC,121,121,122,,,,994734000,plc_internal_rd_loc_t_nanosecond,75,100,77.026,2.026001,0,1,1481371511,3,512,0,ok,
RUN_20260502_S7_L3_HIGH_75_100_S01_R01,S7_L3_HIGH_75_100,SER_20260502_S7_L3_HIGH_75_100_S01,HW_PLC,HW_PLC,122,122,123,,,,65678000,plc_internal_rd_loc_t_nanosecond,75,100,70.944,-4.056,0,1,2099214364,3,512,0,ok,
RUN_20260502_S7_L3_HIGH_75_100_S01_R01,S7_L3_HIGH_75_100,SER_20260502_S7_L3_HIGH_75_100_S01,HW_PLC,HW_PLC,123,123,124,,,,138178000,plc_internal_rd_loc_t_nanosecond,75,100,72.5,-2.5,0,1,1388517571,3,512,0,ok,
RUN_20260502_S7_L3_HIGH_75_100_S01_R01,S7_L3_HIGH_75_100,SER_20260502_S7_L3_HIGH_75_100_S01,HW_PLC,HW_PLC,124,124,125,,,,214622000,plc_internal_rd_loc_t_nanosecond,75,100,76.444,1.444,0,1,1498857835,3,512,0,ok,
RUN_20260502_S7_L3_HIGH_75_100_S01_R01,S7_L3_HIGH_75_100,SER_20260502_S7_L3_HIGH_75_100_S01,HW_PLC,HW_PLC,125,125,126,,,,284537000,plc_internal_rd_loc_t_nanosecond,75,100,69.915,-5.084999,0,1,284852757,3,512,0,ok,
RUN_20260502_S7_L3_HIGH_75_100_S01_R01,S7_L3_HIGH_75_100,SER_20260502_S7_L3_HIGH_75_100_S01,HW_PLC,HW_PLC,126,126,127,,,,358293000,plc_internal_rd_loc_t_nanosecond,75,100,73.756,-1.244003,0,1,2043562687,3,512,0,ok,
RUN_20260502_S7_L3_HIGH_75_100_S01_R01,S7_L3_HIGH_75_100,SER_20260502_S7_L3_HIGH_75_100_S01,HW_PLC,HW_PLC,127,127,128,,,,431873000,plc_internal_rd_loc_t_nanosecond,75,100,73.58,-1.419998,0,1,334637932,3,512,0,ok,
RUN_20260502_S7_L3_HIGH_75_100_S01_R01,S7_L3_HIGH_75_100,SER_20260502_S7_L3_HIGH_75_100_S01,HW_PLC,HW_PLC,128,128,129,,,,503358000,plc_internal_rd_loc_t_nanosecond,75,100,71.485,-3.514999,0,1,1602622489,3,512,0,ok,
RUN_20260502_S7_L3_HIGH_75_100_S01_R01,S7_L3_HIGH_75_100,SER_20260502_S7_L3_HIGH_75_100_S01,HW_PLC,HW_PLC,129,129,130,,,,576896000,plc_internal_rd_loc_t_nanosecond,75,100,73.538,-1.461998,0,1,1554650312,3,512,0,ok,
RUN_20260502_S7_L3_HIGH_75_100_S01_R01,S7_L3_HIGH_75_100,SER_20260502_S7_L3_HIGH_75_100_S01,HW_PLC,HW_PLC,130,130,131,,,,652691000,plc_internal_rd_loc_t_nanosecond,75,100,75.795,0.7949982,0,1,192814457,3,512,0,ok,
RUN_20260502_S7_L3_HIGH_75_100_S01_R01,S7_L3_HIGH_75_100,SER_20260502_S7_L3_HIGH_75_100_S01,HW_PLC,HW_PLC,131,131,132,,,,728930000,plc_internal_rd_loc_t_nanosecond,75,100,76.239,1.238998,0,1,1814183466,3,512,0,ok,
RUN_20260502_S7_L3_HIGH_75_100_S01_R01,S7_L3_HIGH_75_100,SER_20260502_S7_L3_HIGH_75_100_S01,HW_PLC,HW_PLC,132,132,133,,,,797875000,plc_internal_rd_loc_t_nanosecond,75,100,68.945,-6.055,0,1,2125883101,3,512,0,ok,
RUN_20260502_S7_L3_HIGH_75_100_S01_R01,S7_L3_HIGH_75_100,SER_20260502_S7_L3_HIGH_75_100_S01,HW_PLC,HW_PLC,133,133,134,,,,868629000,plc_internal_rd_loc_t_nanosecond,75,100,70.754,-4.246002,0,1,1130014610,3,512,0,ok,
RUN_20260502_S7_L3_HIGH_75_100_S01_R01,S7_L3_HIGH_75_100,SER_20260502_S7_L3_HIGH_75_100_S01,HW_PLC,HW_PLC,134,134,135,,,,940908000,plc_internal_rd_loc_t_nanosecond,75,100,72.279,-2.721001,0,1,976154696,3,512,0,ok,
RUN_20260502_S7_L3_HIGH_75_100_S01_R01,S7_L3_HIGH_75_100,SER_20260502_S7_L3_HIGH_75_100_S01,HW_PLC,HW_PLC,135,135,136,,,,16547000,plc_internal_rd_loc_t_nanosecond,75,100,75.639,0.6389999,0,1,1666404607,3,512,0,ok,
RUN_20260502_S7_L3_HIGH_75_100_S01_R01,S7_L3_HIGH_75_100,SER_20260502_S7_L3_HIGH_75_100_S01,HW_PLC,HW_PLC,136,136,137,,,,89354000,plc_internal_rd_loc_t_nanosecond,75,100,72.807,-2.193001,0,1,1055373752,3,512,0,ok,
RUN_20260502_S7_L3_HIGH_75_100_S01_R01,S7_L3_HIGH_75_100,SER_20260502_S7_L3_HIGH_75_100_S01,HW_PLC,HW_PLC,137,137,138,,,,158865000,plc_internal_rd_loc_t_nanosecond,75,100,69.511,-5.488998,0,1,1292647026,3,512,0,ok,
RUN_20260502_S7_L3_HIGH_75_100_S01_R01,S7_L3_HIGH_75_100,SER_20260502_S7_L3_HIGH_75_100_S01,HW_PLC,HW_PLC,138,138,139,,,,231960000,plc_internal_rd_loc_t_nanosecond,75,100,73.095,-1.904999,0,1,232833838,3,512,0,ok,
RUN_20260502_S7_L3_HIGH_75_100_S01_R01,S7_L3_HIGH_75_100,SER_20260502_S7_L3_HIGH_75_100_S01,HW_PLC,HW_PLC,139,139,140,,,,308526000,plc_internal_rd_loc_t_nanosecond,75,100,76.566,1.566002,0,1,25519083,3,512,0,ok,
RUN_20260502_S7_L3_HIGH_75_100_S01_R01,S7_L3_HIGH_75_100,SER_20260502_S7_L3_HIGH_75_100_S01,HW_PLC,HW_PLC,140,140,141,,,,377821000,plc_internal_rd_loc_t_nanosecond,75,100,69.295,-5.705002,0,1,672795817,3,512,0,ok,
RUN_20260502_S7_L3_HIGH_75_100_S01_R01,S7_L3_HIGH_75_100,SER_20260502_S7_L3_HIGH_75_100_S01,HW_PLC,HW_PLC,141,141,142,,,,448168000,plc_internal_rd_loc_t_nanosecond,75,100,70.347,-4.653,0,1,29281641,3,512,0,ok,
RUN_20260502_S7_L3_HIGH_75_100_S01_R01,S7_L3_HIGH_75_100,SER_20260502_S7_L3_HIGH_75_100_S01,HW_PLC,HW_PLC,142,142,143,,,,527777000,plc_internal_rd_loc_t_nanosecond,75,100,79.609,4.609001,0,1,244553258,3,512,0,ok,
RUN_20260502_S7_L3_HIGH_75_100_S01_R01,S7_L3_HIGH_75_100,SER_20260502_S7_L3_HIGH_75_100_S01,HW_PLC,HW_PLC,143,143,144,,,,604727000,plc_internal_rd_loc_t_nanosecond,75,100,76.95,1.949997,0,1,1320711916,3,512,0,ok,
RUN_20260502_S7_L3_HIGH_75_100_S01_R01,S7_L3_HIGH_75_100,SER_20260502_S7_L3_HIGH_75_100_S01,HW_PLC,HW_PLC,144,144,145,,,,674454000,plc_internal_rd_loc_t_nanosecond,75,100,69.727,-5.273003,0,1,1112367024,3,512,0,ok,
RUN_20260502_S7_L3_HIGH_75_100_S01_R01,S7_L3_HIGH_75_100,SER_20260502_S7_L3_HIGH_75_100_S01,HW_PLC,HW_PLC,145,145,146,,,,747735000,plc_internal_rd_loc_t_nanosecond,75,100,73.281,-1.719002,0,1,1769103477,3,512,0,ok,
RUN_20260502_S7_L3_HIGH_75_100_S01_R01,S7_L3_HIGH_75_100,SER_20260502_S7_L3_HIGH_75_100_S01,HW_PLC,HW_PLC,146,146,147,,,,823769000,plc_internal_rd_loc_t_nanosecond,75,100,76.034,1.033997,0,1,1145530684,3,512,0,ok,
RUN_20260502_S7_L3_HIGH_75_100_S01_R01,S7_L3_HIGH_75_100,SER_20260502_S7_L3_HIGH_75_100_S01,HW_PLC,HW_PLC,147,147,148,,,,892962000,plc_internal_rd_loc_t_nanosecond,75,100,69.193,-5.806999,0,1,1391233540,3,512,0,ok,
RUN_20260502_S7_L3_HIGH_75_100_S01_R01,S7_L3_HIGH_75_100,SER_20260502_S7_L3_HIGH_75_100_S01,HW_PLC,HW_PLC,148,148,149,,,,963438000,plc_internal_rd_loc_t_nanosecond,75,100,70.476,-4.524002,0,1,360821454,3,512,0,ok,
RUN_20260502_S7_L3_HIGH_75_100_S01_R01,S7_L3_HIGH_75_100,SER_20260502_S7_L3_HIGH_75_100_S01,HW_PLC,HW_PLC,149,149,150,,,,36345000,plc_internal_rd_loc_t_nanosecond,75,100,72.907,-2.093002,0,1,203879321,3,512,0,ok,
RUN_20260502_S7_L3_HIGH_75_100_S01_R01,S7_L3_HIGH_75_100,SER_20260502_S7_L3_HIGH_75_100_S01,HW_PLC,HW_PLC,150,150,151,,,,113213000,plc_internal_rd_loc_t_nanosecond,75,100,76.868,1.867996,0,1,922500197,3,512,0,ok,
RUN_20260502_S7_L3_HIGH_75_100_S01_R01,S7_L3_HIGH_75_100,SER_20260502_S7_L3_HIGH_75_100_S01,HW_PLC,HW_PLC,151,151,152,,,,182695000,plc_internal_rd_loc_t_nanosecond,75,100,69.482,-5.517998,0,1,371301683,3,512,0,ok,
RUN_20260502_S7_L3_HIGH_75_100_S01_R01,S7_L3_HIGH_75_100,SER_20260502_S7_L3_HIGH_75_100_S01,HW_PLC,HW_PLC,152,152,153,,,,256431000,plc_internal_rd_loc_t_nanosecond,75,100,73.736,-1.264,0,1,699860482,3,512,0,ok,
RUN_20260502_S7_L3_HIGH_75_100_S01_R01,S7_L3_HIGH_75_100,SER_20260502_S7_L3_HIGH_75_100_S01,HW_PLC,HW_PLC,153,153,154,,,,330515000,plc_internal_rd_loc_t_nanosecond,75,100,74.084,-0.9160004,0,1,1910277842,3,512,0,ok,
RUN_20260502_S7_L3_HIGH_75_100_S01_R01,S7_L3_HIGH_75_100,SER_20260502_S7_L3_HIGH_75_100_S01,HW_PLC,HW_PLC,154,154,155,,,,408679000,plc_internal_rd_loc_t_nanosecond,75,100,78.164,3.164001,0,1,1857163172,3,512,0,ok,
RUN_20260502_S7_L3_HIGH_75_100_S01_R01,S7_L3_HIGH_75_100,SER_20260502_S7_L3_HIGH_75_100_S01,HW_PLC,HW_PLC,155,155,156,,,,478340000,plc_internal_rd_loc_t_nanosecond,75,100,69.661,-5.338997,0,1,542617720,3,512,0,ok,
RUN_20260502_S7_L3_HIGH_75_100_S01_R01,S7_L3_HIGH_75_100,SER_20260502_S7_L3_HIGH_75_100_S01,HW_PLC,HW_PLC,156,156,157,,,,551615000,plc_internal_rd_loc_t_nanosecond,75,100,73.275,-1.724998,0,1,116218189,3,512,0,ok,
RUN_20260502_S7_L3_HIGH_75_100_S01_R01,S7_L3_HIGH_75_100,SER_20260502_S7_L3_HIGH_75_100_S01,HW_PLC,HW_PLC,157,157,158,,,,627593000,plc_internal_rd_loc_t_nanosecond,75,100,75.978,0.9779968,0,1,580065827,3,512,0,ok,
RUN_20260502_S7_L3_HIGH_75_100_S01_R01,S7_L3_HIGH_75_100,SER_20260502_S7_L3_HIGH_75_100_S01,HW_PLC,HW_PLC,158,158,159,,,,696854000,plc_internal_rd_loc_t_nanosecond,75,100,69.261,-5.738998,0,1,1936253690,3,512,0,ok,
RUN_20260502_S7_L3_HIGH_75_100_S01_R01,S7_L3_HIGH_75_100,SER_20260502_S7_L3_HIGH_75_100_S01,HW_PLC,HW_PLC,159,159,160,,,,766650000,plc_internal_rd_loc_t_nanosecond,75,100,69.796,-5.204002,0,1,2039399379,3,512,0,ok,
RUN_20260502_S7_L3_HIGH_75_100_S01_R01,S7_L3_HIGH_75_100,SER_20260502_S7_L3_HIGH_75_100_S01,HW_PLC,HW_PLC,160,160,161,,,,840655000,plc_internal_rd_loc_t_nanosecond,75,100,74.005,-0.9950027,0,1,891595950,3,512,0,ok,
RUN_20260502_S7_L3_HIGH_75_100_S01_R01,S7_L3_HIGH_75_100,SER_20260502_S7_L3_HIGH_75_100_S01,HW_PLC,HW_PLC,161,161,162,,,,916599000,plc_internal_rd_loc_t_nanosecond,75,100,75.944,0.9440002,0,1,642428298,3,512,0,ok,
RUN_20260502_S7_L3_HIGH_75_100_S01_R01,S7_L3_HIGH_75_100,SER_20260502_S7_L3_HIGH_75_100_S01,HW_PLC,HW_PLC,162,162,163,,,,985949000,plc_internal_rd_loc_t_nanosecond,75,100,69.35,-5.650002,0,1,1293989479,3,512,0,ok,
RUN_20260502_S7_L3_HIGH_75_100_S01_R01,S7_L3_HIGH_75_100,SER_20260502_S7_L3_HIGH_75_100_S01,HW_PLC,HW_PLC,163,163,164,,,,56299000,plc_internal_rd_loc_t_nanosecond,75,100,70.35,-4.650002,0,1,700897094,3,512,0,ok,
RUN_20260502_S7_L3_HIGH_75_100_S01_R01,S7_L3_HIGH_75_100,SER_20260502_S7_L3_HIGH_75_100_S01,HW_PLC,HW_PLC,164,164,165,,,,129241000,plc_internal_rd_loc_t_nanosecond,75,100,72.942,-2.057999,0,1,1012727846,3,512,0,ok,
RUN_20260502_S7_L3_HIGH_75_100_S01_R01,S7_L3_HIGH_75_100,SER_20260502_S7_L3_HIGH_75_100_S01,HW_PLC,HW_PLC,165,165,166,,,,206161000,plc_internal_rd_loc_t_nanosecond,75,100,76.92,1.919998,0,1,84099336,3,512,0,ok,
RUN_20260502_S7_L3_HIGH_75_100_S01_R01,S7_L3_HIGH_75_100,SER_20260502_S7_L3_HIGH_75_100_S01,HW_PLC,HW_PLC,166,166,167,,,,280642000,plc_internal_rd_loc_t_nanosecond,75,100,74.481,-0.5189972,0,1,64588267,3,512,0,ok,
RUN_20260502_S7_L3_HIGH_75_100_S01_R01,S7_L3_HIGH_75_100,SER_20260502_S7_L3_HIGH_75_100_S01,HW_PLC,HW_PLC,167,167,168,,,,356288000,plc_internal_rd_loc_t_nanosecond,75,100,75.646,0.6460037,0,1,956295887,3,512,0,ok,
RUN_20260502_S7_L3_HIGH_75_100_S01_R01,S7_L3_HIGH_75_100,SER_20260502_S7_L3_HIGH_75_100_S01,HW_PLC,HW_PLC,168,168,169,,,,429937000,plc_internal_rd_loc_t_nanosecond,75,100,73.649,-1.350998,0,1,613831605,3,512,0,ok,
RUN_20260502_S7_L3_HIGH_75_100_S01_R01,S7_L3_HIGH_75_100,SER_20260502_S7_L3_HIGH_75_100_S01,HW_PLC,HW_PLC,169,169,170,,,,501526000,plc_internal_rd_loc_t_nanosecond,75,100,71.589,-3.411003,0,1,1186780316,3,512,0,ok,
RUN_20260502_S7_L3_HIGH_75_100_S01_R01,S7_L3_HIGH_75_100,SER_20260502_S7_L3_HIGH_75_100_S01,HW_PLC,HW_PLC,170,170,171,,,,570938000,plc_internal_rd_loc_t_nanosecond,75,100,69.412,-5.587997,0,1,529751429,3,512,0,ok,
RUN_20260502_S7_L3_HIGH_75_100_S01_R01,S7_L3_HIGH_75_100,SER_20260502_S7_L3_HIGH_75_100_S01,HW_PLC,HW_PLC,171,171,172,,,,644413000,plc_internal_rd_loc_t_nanosecond,75,100,73.475,-1.525002,0,1,792329839,3,512,0,ok,
RUN_20260502_S7_L3_HIGH_75_100_S01_R01,S7_L3_HIGH_75_100,SER_20260502_S7_L3_HIGH_75_100_S01,HW_PLC,HW_PLC,172,172,173,,,,720705000,plc_internal_rd_loc_t_nanosecond,75,100,76.292,1.292,0,1,1976608602,3,512,0,ok,
RUN_20260502_S7_L3_HIGH_75_100_S01_R01,S7_L3_HIGH_75_100,SER_20260502_S7_L3_HIGH_75_100_S01,HW_PLC,HW_PLC,173,173,174,,,,790644000,plc_internal_rd_loc_t_nanosecond,75,100,69.939,-5.060997,0,1,1937205319,3,512,0,ok,
RUN_20260502_S7_L3_HIGH_75_100_S01_R01,S7_L3_HIGH_75_100,SER_20260502_S7_L3_HIGH_75_100_S01,HW_PLC,HW_PLC,174,174,175,,,,863759000,plc_internal_rd_loc_t_nanosecond,75,100,73.115,-1.885002,0,1,676213046,3,512,0,ok,
RUN_20260502_S7_L3_HIGH_75_100_S01_R01,S7_L3_HIGH_75_100,SER_20260502_S7_L3_HIGH_75_100_S01,HW_PLC,HW_PLC,175,175,176,,,,940235000,plc_internal_rd_loc_t_nanosecond,75,100,76.476,1.475998,0,1,343216678,3,512,0,ok,
RUN_20260502_S7_L3_HIGH_75_100_S01_R01,S7_L3_HIGH_75_100,SER_20260502_S7_L3_HIGH_75_100_S01,HW_PLC,HW_PLC,176,176,177,,,,9412000,plc_internal_rd_loc_t_nanosecond,75,100,69.177,-5.822998,0,1,940309271,3,512,0,ok,
RUN_20260502_S7_L3_HIGH_75_100_S01_R01,S7_L3_HIGH_75_100,SER_20260502_S7_L3_HIGH_75_100_S01,HW_PLC,HW_PLC,177,177,178,,,,83211000,plc_internal_rd_loc_t_nanosecond,75,100,73.799,-1.200996,0,1,322108426,3,512,0,ok,
RUN_20260502_S7_L3_HIGH_75_100_S01_R01,S7_L3_HIGH_75_100,SER_20260502_S7_L3_HIGH_75_100_S01,HW_PLC,HW_PLC,178,178,179,,,,160197000,plc_internal_rd_loc_t_nanosecond,75,100,76.986,1.986,0,1,638190846,3,512,0,ok,
RUN_20260502_S7_L3_HIGH_75_100_S01_R01,S7_L3_HIGH_75_100,SER_20260502_S7_L3_HIGH_75_100_S01,HW_PLC,HW_PLC,179,179,180,,,,235873000,plc_internal_rd_loc_t_nanosecond,75,100,75.676,0.6760025,0,1,1890657779,3,512,0,ok,
RUN_20260502_S7_L3_HIGH_75_100_S01_R01,S7_L3_HIGH_75_100,SER_20260502_S7_L3_HIGH_75_100_S01,HW_PLC,HW_PLC,180,180,181,,,,305313000,plc_internal_rd_loc_t_nanosecond,75,100,69.44,-5.559998,0,1,1934118634,3,512,0,ok,
RUN_20260502_S7_L3_HIGH_75_100_S01_R01,S7_L3_HIGH_75_100,SER_20260502_S7_L3_HIGH_75_100_S01,HW_PLC,HW_PLC,181,181,182,,,,378610000,plc_internal_rd_loc_t_nanosecond,75,100,73.297,-1.703003,0,1,770674659,3,512,0,ok,
RUN_20260502_S7_L3_HIGH_75_100_S01_R01,S7_L3_HIGH_75_100,SER_20260502_S7_L3_HIGH_75_100_S01,HW_PLC,HW_PLC,182,182,183,,,,455725000,plc_internal_rd_loc_t_nanosecond,75,100,77.115,2.114998,0,1,549902557,3,512,0,ok,
RUN_20260502_S7_L3_HIGH_75_100_S01_R01,S7_L3_HIGH_75_100,SER_20260502_S7_L3_HIGH_75_100_S01,HW_PLC,HW_PLC,183,183,184,,,,524959000,plc_internal_rd_loc_t_nanosecond,75,100,69.234,-5.765999,0,1,1273903576,3,512,0,ok,
RUN_20260502_S7_L3_HIGH_75_100_S01_R01,S7_L3_HIGH_75_100,SER_20260502_S7_L3_HIGH_75_100_S01,HW_PLC,HW_PLC,184,184,185,,,,597869000,plc_internal_rd_loc_t_nanosecond,75,100,72.91,-2.089996,0,1,797287125,3,512,0,ok,
RUN_20260502_S7_L3_HIGH_75_100_S01_R01,S7_L3_HIGH_75_100,SER_20260502_S7_L3_HIGH_75_100_S01,HW_PLC,HW_PLC,185,185,186,,,,674943000,plc_internal_rd_loc_t_nanosecond,75,100,77.074,2.073997,0,1,1269638099,3,512,0,ok,
RUN_20260502_S7_L3_HIGH_75_100_S01_R01,S7_L3_HIGH_75_100,SER_20260502_S7_L3_HIGH_75_100_S01,HW_PLC,HW_PLC,186,186,187,,,,744556000,plc_internal_rd_loc_t_nanosecond,75,100,69.613,-5.387001,0,1,545565907,3,512,0,ok,
RUN_20260502_S7_L3_HIGH_75_100_S01_R01,S7_L3_HIGH_75_100,SER_20260502_S7_L3_HIGH_75_100_S01,HW_PLC,HW_PLC,187,187,188,,,,817508000,plc_internal_rd_loc_t_nanosecond,75,100,72.952,-2.047997,0,1,774655444,3,512,0,ok,
RUN_20260502_S7_L3_HIGH_75_100_S01_R01,S7_L3_HIGH_75_100,SER_20260502_S7_L3_HIGH_75_100_S01,HW_PLC,HW_PLC,188,188,189,,,,891985000,plc_internal_rd_loc_t_nanosecond,75,100,74.477,-0.5230026,0,1,1958999766,3,512,0,ok,
RUN_20260502_S7_L3_HIGH_75_100_S01_R01,S7_L3_HIGH_75_100,SER_20260502_S7_L3_HIGH_75_100_S01,HW_PLC,HW_PLC,189,189,190,,,,963630000,plc_internal_rd_loc_t_nanosecond,75,100,71.645,-3.355003,0,1,1953216474,3,512,0,ok,
RUN_20260502_S7_L3_HIGH_75_100_S01_R01,S7_L3_HIGH_75_100,SER_20260502_S7_L3_HIGH_75_100_S01,HW_PLC,HW_PLC,190,190,191,,,,33641000,plc_internal_rd_loc_t_nanosecond,75,100,70.011,-4.988998,0,1,759398624,3,512,0,ok,
RUN_20260502_S7_L3_HIGH_75_100_S01_R01,S7_L3_HIGH_75_100,SER_20260502_S7_L3_HIGH_75_100_S01,HW_PLC,HW_PLC,191,191,192,,,,113574000,plc_internal_rd_loc_t_nanosecond,75,100,79.933,4.932999,0,1,527131111,3,512,0,ok,
RUN_20260502_S7_L3_HIGH_75_100_S01_R01,S7_L3_HIGH_75_100,SER_20260502_S7_L3_HIGH_75_100_S01,HW_PLC,HW_PLC,192,192,193,,,,190655000,plc_internal_rd_loc_t_nanosecond,75,100,77.081,2.081001,0,1,1258506991,3,512,0,ok,
RUN_20260502_S7_L3_HIGH_75_100_S01_R01,S7_L3_HIGH_75_100,SER_20260502_S7_L3_HIGH_75_100_S01,HW_PLC,HW_PLC,193,193,194,,,,260427000,plc_internal_rd_loc_t_nanosecond,75,100,69.772,-5.227997,0,1,808143865,3,512,0,ok,
RUN_20260502_S7_L3_HIGH_75_100_S01_R01,S7_L3_HIGH_75_100,SER_20260502_S7_L3_HIGH_75_100_S01,HW_PLC,HW_PLC,194,194,195,,,,333610000,plc_internal_rd_loc_t_nanosecond,75,100,73.183,-1.817001,0,1,1325618436,3,512,0,ok,
RUN_20260502_S7_L3_HIGH_75_100_S01_R01,S7_L3_HIGH_75_100,SER_20260502_S7_L3_HIGH_75_100_S01,HW_PLC,HW_PLC,195,195,196,,,,410440000,plc_internal_rd_loc_t_nanosecond,75,100,76.83,1.830002,0,1,665548305,3,512,0,ok,
RUN_20260502_S7_L3_HIGH_75_100_S01_R01,S7_L3_HIGH_75_100,SER_20260502_S7_L3_HIGH_75_100_S01,HW_PLC,HW_PLC,196,196,197,,,,480614000,plc_internal_rd_loc_t_nanosecond,75,100,70.174,-4.825996,0,1,977510175,3,512,0,ok,
RUN_20260502_S7_L3_HIGH_75_100_S01_R01,S7_L3_HIGH_75_100,SER_20260502_S7_L3_HIGH_75_100_S01,HW_PLC,HW_PLC,197,197,198,,,,553801000,plc_internal_rd_loc_t_nanosecond,75,100,73.187,-1.813004,0,1,116121647,3,512,0,ok,
RUN_20260502_S7_L3_HIGH_75_100_S01_R01,S7_L3_HIGH_75_100,SER_20260502_S7_L3_HIGH_75_100_S01,HW_PLC,HW_PLC,198,198,199,,,,626625000,plc_internal_rd_loc_t_nanosecond,75,100,72.824,-2.176003,0,1,230959424,3,512,0,ok,
RUN_20260502_S7_L3_HIGH_75_100_S01_R01,S7_L3_HIGH_75_100,SER_20260502_S7_L3_HIGH_75_100_S01,HW_PLC,HW_PLC,199,199,200,,,,698777000,plc_internal_rd_loc_t_nanosecond,75,100,72.152,-2.848,0,0,1324124754,3,512,0,ok,
RUN_20260502_S7_L3_HIGH_75_100_S01_R01,S7_L3_HIGH_75_100,SER_20260502_S7_L3_HIGH_75_100_S01,HW_PLC,HW_PLC,200,200,201,,,,768395000,plc_internal_rd_loc_t_nanosecond,75,100,69.618,-5.382004,0,0,1250227046,3,512,0,ok,
RUN_20260502_S7_L3_HIGH_75_100_S01_R01,S7_L3_HIGH_75_100,SER_20260502_S7_L3_HIGH_75_100_S01,HW_PLC,HW_PLC,201,201,202,,,,841892000,plc_internal_rd_loc_t_nanosecond,75,100,73.497,-1.502998,0,0,11367548,3,512,0,ok,
RUN_20260502_S7_L3_HIGH_75_100_S01_R01,S7_L3_HIGH_75_100,SER_20260502_S7_L3_HIGH_75_100_S01,HW_PLC,HW_PLC,202,202,203,,,,915304000,plc_internal_rd_loc_t_nanosecond,75,100,73.412,-1.587997,0,0,1904606610,3,512,0,ok,
RUN_20260502_S7_L3_HIGH_75_100_S01_R01,S7_L3_HIGH_75_100,SER_20260502_S7_L3_HIGH_75_100_S01,HW_PLC,HW_PLC,203,203,204,,,,993644000,plc_internal_rd_loc_t_nanosecond,75,100,78.34,3.339996,0,0,489594539,3,512,0,ok,
RUN_20260502_S7_L3_HIGH_75_100_S01_R01,S7_L3_HIGH_75_100,SER_20260502_S7_L3_HIGH_75_100_S01,HW_PLC,HW_PLC,204,204,205,,,,65977000,plc_internal_rd_loc_t_nanosecond,75,100,72.333,-2.667,0,0,63391685,3,512,0,ok,
RUN_20260502_S7_L3_HIGH_75_100_S01_R01,S7_L3_HIGH_75_100,SER_20260502_S7_L3_HIGH_75_100_S01,HW_PLC,HW_PLC,205,205,206,,,,139272000,plc_internal_rd_loc_t_nanosecond,75,100,73.295,-1.705002,0,0,628099296,3,512,0,ok,
RUN_20260502_S7_L3_HIGH_75_100_S01_R01,S7_L3_HIGH_75_100,SER_20260502_S7_L3_HIGH_75_100_S01,HW_PLC,HW_PLC,206,206,207,,,,213356000,plc_internal_rd_loc_t_nanosecond,75,100,74.084,-0.9160004,0,0,38326781,3,512,0,ok,
RUN_20260502_S7_L3_HIGH_75_100_S01_R01,S7_L3_HIGH_75_100,SER_20260502_S7_L3_HIGH_75_100_S01,HW_PLC,HW_PLC,207,207,208,,,,284945000,plc_internal_rd_loc_t_nanosecond,75,100,71.589,-3.411003,0,0,443659035,3,512,0,ok,
RUN_20260502_S7_L3_HIGH_75_100_S01_R01,S7_L3_HIGH_75_100,SER_20260502_S7_L3_HIGH_75_100_S01,HW_PLC,HW_PLC,208,208,209,,,,355300000,plc_internal_rd_loc_t_nanosecond,75,100,70.355,-4.644997,0,0,1846189114,3,512,0,ok,
RUN_20260502_S7_L3_HIGH_75_100_S01_R01,S7_L3_HIGH_75_100,SER_20260502_S7_L3_HIGH_75_100_S01,HW_PLC,HW_PLC,209,209,210,,,,428202000,plc_internal_rd_loc_t_nanosecond,75,100,72.902,-2.098,0,0,2100534619,3,512,0,ok,
RUN_20260502_S7_L3_HIGH_75_100_S01_R01,S7_L3_HIGH_75_100,SER_20260502_S7_L3_HIGH_75_100_S01,HW_PLC,HW_PLC,210,210,211,,,,504897000,plc_internal_rd_loc_t_nanosecond,75,100,76.695,1.695,0,0,1208788606,3,512,0,ok,
RUN_20260502_S7_L3_HIGH_75_100_S01_R01,S7_L3_HIGH_75_100,SER_20260502_S7_L3_HIGH_75_100_S01,HW_PLC,HW_PLC,211,211,212,,,,574596000,plc_internal_rd_loc_t_nanosecond,75,100,69.699,-5.301003,0,0,1320535970,3,512,0,ok,
RUN_20260502_S7_L3_HIGH_75_100_S01_R01,S7_L3_HIGH_75_100,SER_20260502_S7_L3_HIGH_75_100_S01,HW_PLC,HW_PLC,212,212,213,,,,648318000,plc_internal_rd_loc_t_nanosecond,75,100,73.722,-1.278,0,0,290386120,3,512,0,ok,
RUN_20260502_S7_L3_HIGH_75_100_S01_R01,S7_L3_HIGH_75_100,SER_20260502_S7_L3_HIGH_75_100_S01,HW_PLC,HW_PLC,213,213,214,,,,724727000,plc_internal_rd_loc_t_nanosecond,75,100,76.409,1.408997,0,0,267923951,3,512,0,ok,
RUN_20260502_S7_L3_HIGH_75_100_S01_R01,S7_L3_HIGH_75_100,SER_20260502_S7_L3_HIGH_75_100_S01,HW_PLC,HW_PLC,214,214,215,,,,794386000,plc_internal_rd_loc_t_nanosecond,75,100,69.659,-5.341003,0,0,1255242519,3,512,0,ok,
RUN_20260502_S7_L3_HIGH_75_100_S01_R01,S7_L3_HIGH_75_100,SER_20260502_S7_L3_HIGH_75_100_S01,HW_PLC,HW_PLC,215,215,216,,,,870629000,plc_internal_rd_loc_t_nanosecond,75,100,76.243,1.242996,0,0,1106959425,3,512,0,ok,
RUN_20260502_S7_L3_HIGH_75_100_S01_R01,S7_L3_HIGH_75_100,SER_20260502_S7_L3_HIGH_75_100_S01,HW_PLC,HW_PLC,216,216,217,,,,952275000,plc_internal_rd_loc_t_nanosecond,75,100,81.646,6.646004,0,0,1972651372,3,512,0,ok,
RUN_20260502_S7_L3_HIGH_75_100_S01_R01,S7_L3_HIGH_75_100,SER_20260502_S7_L3_HIGH_75_100_S01,HW_PLC,HW_PLC,217,217,218,,,,21518000,plc_internal_rd_loc_t_nanosecond,75,100,69.243,-5.757004,0,0,1706935961,3,512,0,ok,
RUN_20260502_S7_L3_HIGH_75_100_S01_R01,S7_L3_HIGH_75_100,SER_20260502_S7_L3_HIGH_75_100_S01,HW_PLC,HW_PLC,218,218,219,,,,94747000,plc_internal_rd_loc_t_nanosecond,75,100,73.229,-1.771004,0,0,311906248,3,512,0,ok,
RUN_20260502_S7_L3_HIGH_75_100_S01_R01,S7_L3_HIGH_75_100,SER_20260502_S7_L3_HIGH_75_100_S01,HW_PLC,HW_PLC,219,219,220,,,,171771000,plc_internal_rd_loc_t_nanosecond,75,100,77.024,2.024002,0,0,2084630775,3,512,0,ok,
RUN_20260502_S7_L3_HIGH_75_100_S01_R01,S7_L3_HIGH_75_100,SER_20260502_S7_L3_HIGH_75_100_S01,HW_PLC,HW_PLC,220,220,221,,,,241644000,plc_internal_rd_loc_t_nanosecond,75,100,69.873,-5.126999,0,0,584751657,3,512,0,ok,
RUN_20260502_S7_L3_HIGH_75_100_S01_R01,S7_L3_HIGH_75_100,SER_20260502_S7_L3_HIGH_75_100_S01,HW_PLC,HW_PLC,221,221,222,,,,314304000,plc_internal_rd_loc_t_nanosecond,75,100,72.66,-2.339996,0,0,109337436,3,512,0,ok,
RUN_20260502_S7_L3_HIGH_75_100_S01_R01,S7_L3_HIGH_75_100,SER_20260502_S7_L3_HIGH_75_100_S01,HW_PLC,HW_PLC,222,222,223,,,,391592000,plc_internal_rd_loc_t_nanosecond,75,100,77.288,2.288002,0,0,660481168,3,512,0,ok,
RUN_20260502_S7_L3_HIGH_75_100_S01_R01,S7_L3_HIGH_75_100,SER_20260502_S7_L3_HIGH_75_100_S01,HW_PLC,HW_PLC,223,223,224,,,,461270000,plc_internal_rd_loc_t_nanosecond,75,100,69.678,-5.321999,0,0,92800454,3,512,0,ok,
RUN_20260502_S7_L3_HIGH_75_100_S01_R01,S7_L3_HIGH_75_100,SER_20260502_S7_L3_HIGH_75_100_S01,HW_PLC,HW_PLC,224,224,225,,,,534150000,plc_internal_rd_loc_t_nanosecond,75,100,72.88,-2.120003,0,0,555871997,3,512,0,ok,
RUN_20260502_S7_L3_HIGH_75_100_S01_R01,S7_L3_HIGH_75_100,SER_20260502_S7_L3_HIGH_75_100_S01,HW_PLC,HW_PLC,225,225,226,,,,608935000,plc_internal_rd_loc_t_nanosecond,75,100,74.785,-0.2149963,0,0,2051797045,3,512,0,ok,
RUN_20260502_S7_L3_HIGH_75_100_S01_R01,S7_L3_HIGH_75_100,SER_20260502_S7_L3_HIGH_75_100_S01,HW_PLC,HW_PLC,226,226,227,,,,679721000,plc_internal_rd_loc_t_nanosecond,75,100,70.786,-4.213997,0,0,287701360,3,512,0,ok,
RUN_20260502_S7_L3_HIGH_75_100_S01_R01,S7_L3_HIGH_75_100,SER_20260502_S7_L3_HIGH_75_100_S01,HW_PLC,HW_PLC,227,227,228,,,,749744000,plc_internal_rd_loc_t_nanosecond,75,100,70.023,-4.976997,0,0,1708137131,3,512,0,ok,
RUN_20260502_S7_L3_HIGH_75_100_S01_R01,S7_L3_HIGH_75_100,SER_20260502_S7_L3_HIGH_75_100_S01,HW_PLC,HW_PLC,228,228,229,,,,829714000,plc_internal_rd_loc_t_nanosecond,75,100,79.97,4.970001,0,0,2020230120,3,512,0,ok,
RUN_20260502_S7_L3_HIGH_75_100_S01_R01,S7_L3_HIGH_75_100,SER_20260502_S7_L3_HIGH_75_100_S01,HW_PLC,HW_PLC,229,229,230,,,,898441000,plc_internal_rd_loc_t_nanosecond,75,100,68.727,-6.273003,0,0,1226081575,3,512,0,ok,
RUN_20260502_S7_L3_HIGH_75_100_S01_R01,S7_L3_HIGH_75_100,SER_20260502_S7_L3_HIGH_75_100_S01,HW_PLC,HW_PLC,230,230,231,,,,967680000,plc_internal_rd_loc_t_nanosecond,75,100,69.239,-5.761002,0,0,1475268199,3,512,0,ok,
RUN_20260502_S7_L3_HIGH_75_100_S01_R01,S7_L3_HIGH_75_100,SER_20260502_S7_L3_HIGH_75_100_S01,HW_PLC,HW_PLC,231,231,232,,,,36573000,plc_internal_rd_loc_t_nanosecond,75,100,68.893,-6.107002,0,0,622407593,3,512,0,ok,
RUN_20260502_S7_L3_HIGH_75_100_S01_R01,S7_L3_HIGH_75_100,SER_20260502_S7_L3_HIGH_75_100_S01,HW_PLC,HW_PLC,232,232,233,,,,104981000,plc_internal_rd_loc_t_nanosecond,75,100,68.408,-6.592003,0,0,817076460,3,512,0,ok,
RUN_20260502_S7_L3_HIGH_75_100_S01_R01,S7_L3_HIGH_75_100,SER_20260502_S7_L3_HIGH_75_100_S01,HW_PLC,HW_PLC,233,233,234,,,,173899000,plc_internal_rd_loc_t_nanosecond,75,100,68.918,-6.082001,0,0,2061376048,3,512,0,ok,
RUN_20260502_S7_L3_HIGH_75_100_S01_R01,S7_L3_HIGH_75_100,SER_20260502_S7_L3_HIGH_75_100_S01,HW_PLC,HW_PLC,234,234,235,,,,250772000,plc_internal_rd_loc_t_nanosecond,75,100,76.873,1.873001,0,0,62432119,3,512,0,ok,
RUN_20260502_S7_L3_HIGH_75_100_S01_R01,S7_L3_HIGH_75_100,SER_20260502_S7_L3_HIGH_75_100_S01,HW_PLC,HW_PLC,235,235,236,,,,320618000,plc_internal_rd_loc_t_nanosecond,75,100,69.846,-5.153999,0,0,1264796862,3,512,0,ok,
RUN_20260502_S7_L3_HIGH_75_100_S01_R01,S7_L3_HIGH_75_100,SER_20260502_S7_L3_HIGH_75_100_S01,HW_PLC,HW_PLC,236,236,237,,,,393739000,plc_internal_rd_loc_t_nanosecond,75,100,73.121,-1.878998,0,0,1375596039,3,512,0,ok,
RUN_20260502_S7_L3_HIGH_75_100_S01_R01,S7_L3_HIGH_75_100,SER_20260502_S7_L3_HIGH_75_100_S01,HW_PLC,HW_PLC,237,237,238,,,,470772000,plc_internal_rd_loc_t_nanosecond,75,100,77.033,2.032997,0,0,396930898,3,512,0,ok,
RUN_20260502_S7_L3_HIGH_75_100_S01_R01,S7_L3_HIGH_75_100,SER_20260502_S7_L3_HIGH_75_100_S01,HW_PLC,HW_PLC,238,238,239,,,,539836000,plc_internal_rd_loc_t_nanosecond,75,100,69.064,-5.935997,0,0,478378142,3,512,0,ok,
RUN_20260502_S7_L3_HIGH_75_100_S01_R01,S7_L3_HIGH_75_100,SER_20260502_S7_L3_HIGH_75_100_S01,HW_PLC,HW_PLC,239,239,240,,,,612963000,plc_internal_rd_loc_t_nanosecond,75,100,73.127,-1.873001,0,0,1622039019,3,512,0,ok,
RUN_20260502_S7_L3_HIGH_75_100_S01_R01,S7_L3_HIGH_75_100,SER_20260502_S7_L3_HIGH_75_100_S01,HW_PLC,HW_PLC,240,240,241,,,,689978000,plc_internal_rd_loc_t_nanosecond,75,100,77.015,2.014999,0,0,1682522938,3,512,0,ok,
RUN_20260502_S7_L3_HIGH_75_100_S01_R01,S7_L3_HIGH_75_100,SER_20260502_S7_L3_HIGH_75_100_S01,HW_PLC,HW_PLC,241,241,242,,,,765746000,plc_internal_rd_loc_t_nanosecond,75,100,75.768,0.7679977,0,0,661931147,3,512,0,ok,
RUN_20260502_S7_L3_HIGH_75_100_S01_R01,S7_L3_HIGH_75_100,SER_20260502_S7_L3_HIGH_75_100_S01,HW_PLC,HW_PLC,242,242,243,,,,836248000,plc_internal_rd_loc_t_nanosecond,75,100,70.502,-4.498001,0,0,709840349,3,512,0,ok,
RUN_20260502_S7_L3_HIGH_75_100_S01_R01,S7_L3_HIGH_75_100,SER_20260502_S7_L3_HIGH_75_100_S01,HW_PLC,HW_PLC,243,243,244,,,,908552000,plc_internal_rd_loc_t_nanosecond,75,100,72.304,-2.695999,0,0,1828351792,3,512,0,ok,
RUN_20260502_S7_L3_HIGH_75_100_S01_R01,S7_L3_HIGH_75_100,SER_20260502_S7_L3_HIGH_75_100_S01,HW_PLC,HW_PLC,244,244,245,,,,985629000,plc_internal_rd_loc_t_nanosecond,75,100,77.077,2.077003,0,0,1872074885,3,512,0,ok,
RUN_20260502_S7_L3_HIGH_75_100_S01_R01,S7_L3_HIGH_75_100,SER_20260502_S7_L3_HIGH_75_100_S01,HW_PLC,HW_PLC,245,245,246,,,,55563000,plc_internal_rd_loc_t_nanosecond,75,100,69.934,-5.066002,0,0,843110876,3,512,0,ok,
RUN_20260502_S7_L3_HIGH_75_100_S01_R01,S7_L3_HIGH_75_100,SER_20260502_S7_L3_HIGH_75_100_S01,HW_PLC,HW_PLC,246,246,247,,,,128314000,plc_internal_rd_loc_t_nanosecond,75,100,72.751,-2.249001,0,0,891036468,3,512,0,ok,
RUN_20260502_S7_L3_HIGH_75_100_S01_R01,S7_L3_HIGH_75_100,SER_20260502_S7_L3_HIGH_75_100_S01,HW_PLC,HW_PLC,247,247,248,,,,200623000,plc_internal_rd_loc_t_nanosecond,75,100,72.309,-2.691002,0,0,2017952909,3,512,0,ok,
RUN_20260502_S7_L3_HIGH_75_100_S01_R01,S7_L3_HIGH_75_100,SER_20260502_S7_L3_HIGH_75_100_S01,HW_PLC,HW_PLC,248,248,249,,,,274623000,plc_internal_rd_loc_t_nanosecond,75,100,74,-1,0,0,2078469608,3,512,0,ok,
RUN_20260502_S7_L3_HIGH_75_100_S01_R01,S7_L3_HIGH_75_100,SER_20260502_S7_L3_HIGH_75_100_S01,HW_PLC,HW_PLC,249,249,250,,,,344542000,plc_internal_rd_loc_t_nanosecond,75,100,69.919,-5.081001,0,0,1074687813,3,512,0,ok,
RUN_20260502_S7_L3_HIGH_75_100_S01_R01,S7_L3_HIGH_75_100,SER_20260502_S7_L3_HIGH_75_100_S01,HW_PLC,HW_PLC,250,250,251,,,,417181000,plc_internal_rd_loc_t_nanosecond,75,100,72.639,-2.361,0,0,1156184227,3,512,0,ok,
RUN_20260502_S7_L3_HIGH_75_100_S01_R01,S7_L3_HIGH_75_100,SER_20260502_S7_L3_HIGH_75_100_S01,HW_PLC,HW_PLC,251,251,252,,,,494293000,plc_internal_rd_loc_t_nanosecond,75,100,77.112,2.112,0,0,177576451,3,512,0,ok,
RUN_20260502_S7_L3_HIGH_75_100_S01_R01,S7_L3_HIGH_75_100,SER_20260502_S7_L3_HIGH_75_100_S01,HW_PLC,HW_PLC,252,252,253,,,,563859000,plc_internal_rd_loc_t_nanosecond,75,100,69.566,-5.433998,0,0,288441188,3,512,0,ok,
RUN_20260502_S7_L3_HIGH_75_100_S01_R01,S7_L3_HIGH_75_100,SER_20260502_S7_L3_HIGH_75_100_S01,HW_PLC,HW_PLC,253,253,254,,,,644226000,plc_internal_rd_loc_t_nanosecond,75,100,80.367,5.366997,0,0,1490879686,3,512,0,ok,
RUN_20260502_S7_L3_HIGH_75_100_S01_R01,S7_L3_HIGH_75_100,SER_20260502_S7_L3_HIGH_75_100_S01,HW_PLC,HW_PLC,254,254,255,,,,712603000,plc_internal_rd_loc_t_nanosecond,75,100,68.377,-6.623001,0,0,1639501354,3,512,0,ok,
RUN_20260502_S7_L3_HIGH_75_100_S01_R01,S7_L3_HIGH_75_100,SER_20260502_S7_L3_HIGH_75_100_S01,HW_PLC,HW_PLC,255,255,256,,,,789805000,plc_internal_rd_loc_t_nanosecond,75,100,77.202,2.202003,0,0,736407440,3,512,0,ok,
RUN_20260502_S7_L3_HIGH_75_100_S01_R01,S7_L3_HIGH_75_100,SER_20260502_S7_L3_HIGH_75_100_S01,HW_PLC,HW_PLC,256,256,257,,,,860266000,plc_internal_rd_loc_t_nanosecond,75,100,70.461,-4.539001,0,0,931174647,3,512,0,ok,
RUN_20260502_S7_L3_HIGH_75_100_S01_R01,S7_L3_HIGH_75_100,SER_20260502_S7_L3_HIGH_75_100_S01,HW_PLC,HW_PLC,257,257,258,,,,932407000,plc_internal_rd_loc_t_nanosecond,75,100,72.141,-2.859001,0,0,78420576,3,512,0,ok,
RUN_20260502_S7_L3_HIGH_75_100_S01_R01,S7_L3_HIGH_75_100,SER_20260502_S7_L3_HIGH_75_100_S01,HW_PLC,HW_PLC,258,258,259,,,,9318000,plc_internal_rd_loc_t_nanosecond,75,100,76.911,1.911003,0,0,327721930,3,512,0,ok,
RUN_20260502_S7_L3_HIGH_75_100_S01_R01,S7_L3_HIGH_75_100,SER_20260502_S7_L3_HIGH_75_100_S01,HW_PLC,HW_PLC,259,259,260,,,,79261000,plc_internal_rd_loc_t_nanosecond,75,100,69.943,-5.056999,0,0,1681179957,3,512,0,ok,
RUN_20260502_S7_L3_HIGH_75_100_S01_R01,S7_L3_HIGH_75_100,SER_20260502_S7_L3_HIGH_75_100_S01,HW_PLC,HW_PLC,260,260,261,,,,152621000,plc_internal_rd_loc_t_nanosecond,75,100,73.36,-1.639999,0,0,1993404066,3,512,0,ok,
RUN_20260502_S7_L3_HIGH_75_100_S01_R01,S7_L3_HIGH_75_100,SER_20260502_S7_L3_HIGH_75_100_S01,HW_PLC,HW_PLC,261,261,262,,,,229418000,plc_internal_rd_loc_t_nanosecond,75,100,76.797,1.796997,0,0,1266495505,3,512,0,ok,
RUN_20260502_S7_L3_HIGH_75_100_S01_R01,S7_L3_HIGH_75_100,SER_20260502_S7_L3_HIGH_75_100_S01,HW_PLC,HW_PLC,262,262,263,,,,298598000,plc_internal_rd_loc_t_nanosecond,75,100,69.18,-5.82,0,0,1650030977,3,512,0,ok,
RUN_20260502_S7_L3_HIGH_75_100_S01_R01,S7_L3_HIGH_75_100,SER_20260502_S7_L3_HIGH_75_100_S01,HW_PLC,HW_PLC,263,263,264,,,,372428000,plc_internal_rd_loc_t_nanosecond,75,100,73.83,-1.169998,0,0,998628083,3,512,0,ok,
RUN_20260502_S7_L3_HIGH_75_100_S01_R01,S7_L3_HIGH_75_100,SER_20260502_S7_L3_HIGH_75_100_S01,HW_PLC,HW_PLC,264,264,265,,,,447606000,plc_internal_rd_loc_t_nanosecond,75,100,75.178,0.1780014,0,0,1461863526,3,512,0,ok,
RUN_20260502_S7_L3_HIGH_75_100_S01_R01,S7_L3_HIGH_75_100,SER_20260502_S7_L3_HIGH_75_100_S01,HW_PLC,HW_PLC,265,265,266,,,,524457000,plc_internal_rd_loc_t_nanosecond,75,100,76.851,1.850998,0,0,894354907,3,512,0,ok,
RUN_20260502_S7_L3_HIGH_75_100_S01_R01,S7_L3_HIGH_75_100,SER_20260502_S7_L3_HIGH_75_100_S01,HW_PLC,HW_PLC,266,266,267,,,,594621000,plc_internal_rd_loc_t_nanosecond,75,100,70.164,-4.835999,0,0,1445678929,3,512,0,ok,
RUN_20260502_S7_L3_HIGH_75_100_S01_R01,S7_L3_HIGH_75_100,SER_20260502_S7_L3_HIGH_75_100_S01,HW_PLC,HW_PLC,267,267,268,,,,667442000,plc_internal_rd_loc_t_nanosecond,75,100,72.821,-2.179001,0,0,970453193,3,512,0,ok,
RUN_20260502_S7_L3_HIGH_75_100_S01_R01,S7_L3_HIGH_75_100,SER_20260502_S7_L3_HIGH_75_100_S01,HW_PLC,HW_PLC,268,268,269,,,,744710000,plc_internal_rd_loc_t_nanosecond,75,100,77.268,2.267998,0,0,1618254402,3,512,0,ok,
RUN_20260502_S7_L3_HIGH_75_100_S01_R01,S7_L3_HIGH_75_100,SER_20260502_S7_L3_HIGH_75_100_S01,HW_PLC,HW_PLC,269,269,270,,,,813591000,plc_internal_rd_loc_t_nanosecond,75,100,68.881,-6.119003,0,0,1243700157,3,512,0,ok,
RUN_20260502_S7_L3_HIGH_75_100_S01_R01,S7_L3_HIGH_75_100,SER_20260502_S7_L3_HIGH_75_100_S01,HW_PLC,HW_PLC,270,270,271,,,,887174000,plc_internal_rd_loc_t_nanosecond,75,100,73.583,-1.417,0,0,1996367161,3,512,0,ok,
RUN_20260502_S7_L3_HIGH_75_100_S01_R01,S7_L3_HIGH_75_100,SER_20260502_S7_L3_HIGH_75_100_S01,HW_PLC,HW_PLC,271,271,272,,,,960909000,plc_internal_rd_loc_t_nanosecond,75,100,73.735,-1.264999,0,0,1730873015,3,512,0,ok,
RUN_20260502_S7_L3_HIGH_75_100_S01_R01,S7_L3_HIGH_75_100,SER_20260502_S7_L3_HIGH_75_100_S01,HW_PLC,HW_PLC,272,272,273,,,,32703000,plc_internal_rd_loc_t_nanosecond,75,100,71.794,-3.206001,0,0,449310775,3,512,0,ok,
RUN_20260502_S7_L3_HIGH_75_100_S01_R01,S7_L3_HIGH_75_100,SER_20260502_S7_L3_HIGH_75_100_S01,HW_PLC,HW_PLC,273,273,274,,,,105528000,plc_internal_rd_loc_t_nanosecond,75,100,72.825,-2.175003,0,0,301265336,3,512,0,ok,
RUN_20260502_S7_L3_HIGH_75_100_S01_R01,S7_L3_HIGH_75_100,SER_20260502_S7_L3_HIGH_75_100_S01,HW_PLC,HW_PLC,274,274,275,,,,178437000,plc_internal_rd_loc_t_nanosecond,75,100,72.909,-2.091003,0,0,1288829754,3,512,0,ok,
RUN_20260502_S7_L3_HIGH_75_100_S01_R01,S7_L3_HIGH_75_100,SER_20260502_S7_L3_HIGH_75_100_S01,HW_PLC,HW_PLC,275,275,276,,,,252778000,plc_internal_rd_loc_t_nanosecond,75,100,74.341,-0.6589966,0,0,1266621630,3,512,0,ok,
RUN_20260502_S7_L3_HIGH_75_100_S01_R01,S7_L3_HIGH_75_100,SER_20260502_S7_L3_HIGH_75_100_S01,HW_PLC,HW_PLC,276,276,277,,,,323827000,plc_internal_rd_loc_t_nanosecond,75,100,71.049,-3.950996,0,0,236734020,3,512,0,ok,
RUN_20260502_S7_L3_HIGH_75_100_S01_R01,S7_L3_HIGH_75_100,SER_20260502_S7_L3_HIGH_75_100_S01,HW_PLC,HW_PLC,277,277,278,,,,400500000,plc_internal_rd_loc_t_nanosecond,75,100,76.673,1.672997,0,0,348751819,3,512,0,ok,
RUN_20260502_S7_L3_HIGH_75_100_S01_R01,S7_L3_HIGH_75_100,SER_20260502_S7_L3_HIGH_75_100_S01,HW_PLC,HW_PLC,278,278,279,,,,474331000,plc_internal_rd_loc_t_nanosecond,75,100,73.831,-1.168999,0,0,1604768083,3,512,0,ok,
RUN_20260502_S7_L3_HIGH_75_100_S01_R01,S7_L3_HIGH_75_100,SER_20260502_S7_L3_HIGH_75_100_S01,HW_PLC,HW_PLC,279,279,280,,,,548580000,plc_internal_rd_loc_t_nanosecond,75,100,74.249,-0.7509995,0,0,1859400413,3,512,0,ok,
RUN_20260502_S7_L3_HIGH_75_100_S01_R01,S7_L3_HIGH_75_100,SER_20260502_S7_L3_HIGH_75_100_S01,HW_PLC,HW_PLC,280,280,281,,,,619370000,plc_internal_rd_loc_t_nanosecond,75,100,70.79,-4.209999,0,0,1114741865,3,512,0,ok,
RUN_20260502_S7_L3_HIGH_75_100_S01_R01,S7_L3_HIGH_75_100,SER_20260502_S7_L3_HIGH_75_100_S01,HW_PLC,HW_PLC,281,281,282,,,,689603000,plc_internal_rd_loc_t_nanosecond,75,100,70.233,-4.766998,0,0,1520377334,3,512,0,ok,
RUN_20260502_S7_L3_HIGH_75_100_S01_R01,S7_L3_HIGH_75_100,SER_20260502_S7_L3_HIGH_75_100_S01,HW_PLC,HW_PLC,282,282,283,,,,762454000,plc_internal_rd_loc_t_nanosecond,75,100,72.851,-2.149002,0,0,930916229,3,512,0,ok,
RUN_20260502_S7_L3_HIGH_75_100_S01_R01,S7_L3_HIGH_75_100,SER_20260502_S7_L3_HIGH_75_100_S01,HW_PLC,HW_PLC,283,283,284,,,,837180000,plc_internal_rd_loc_t_nanosecond,75,100,74.726,-0.2740021,0,0,1495943445,3,512,0,ok,
RUN_20260502_S7_L3_HIGH_75_100_S01_R01,S7_L3_HIGH_75_100,SER_20260502_S7_L3_HIGH_75_100_S01,HW_PLC,HW_PLC,284,284,285,,,,907733000,plc_internal_rd_loc_t_nanosecond,75,100,70.553,-4.446999,0,0,1070068391,3,512,0,ok,
RUN_20260502_S7_L3_HIGH_75_100_S01_R01,S7_L3_HIGH_75_100,SER_20260502_S7_L3_HIGH_75_100_S01,HW_PLC,HW_PLC,285,285,286,,,,977370000,plc_internal_rd_loc_t_nanosecond,75,100,69.637,-5.362999,0,0,1802875962,3,512,0,ok,
RUN_20260502_S7_L3_HIGH_75_100_S01_R01,S7_L3_HIGH_75_100,SER_20260502_S7_L3_HIGH_75_100_S01,HW_PLC,HW_PLC,286,286,287,,,,50976000,plc_internal_rd_loc_t_nanosecond,75,100,73.606,-1.393997,0,0,1548975567,3,512,0,ok,
RUN_20260502_S7_L3_HIGH_75_100_S01_R01,S7_L3_HIGH_75_100,SER_20260502_S7_L3_HIGH_75_100_S01,HW_PLC,HW_PLC,287,287,288,,,,119258000,plc_internal_rd_loc_t_nanosecond,75,100,68.282,-6.718002,0,0,310468454,3,512,0,ok,
RUN_20260502_S7_L3_HIGH_75_100_S01_R01,S7_L3_HIGH_75_100,SER_20260502_S7_L3_HIGH_75_100_S01,HW_PLC,HW_PLC,288,288,289,,,,196711000,plc_internal_rd_loc_t_nanosecond,75,100,77.453,2.453003,0,0,236931326,3,512,0,ok,
RUN_20260502_S7_L3_HIGH_75_100_S01_R01,S7_L3_HIGH_75_100,SER_20260502_S7_L3_HIGH_75_100_S01,HW_PLC,HW_PLC,289,289,290,,,,267852000,plc_internal_rd_loc_t_nanosecond,75,100,71.141,-3.859001,0,0,1330465431,3,512,0,ok,
RUN_20260502_S7_L3_HIGH_75_100_S01_R01,S7_L3_HIGH_75_100,SER_20260502_S7_L3_HIGH_75_100_S01,HW_PLC,HW_PLC,290,290,291,,,,346862000,plc_internal_rd_loc_t_nanosecond,75,100,79.01,4.010002,0,0,1445680178,3,512,0,ok,
RUN_20260502_S7_L3_HIGH_75_100_S01_R01,S7_L3_HIGH_75_100,SER_20260502_S7_L3_HIGH_75_100_S01,HW_PLC,HW_PLC,291,291,292,,,,419603000,plc_internal_rd_loc_t_nanosecond,75,100,72.741,-2.259003,0,0,584676815,3,512,0,ok,
RUN_20260502_S7_L3_HIGH_75_100_S01_R01,S7_L3_HIGH_75_100,SER_20260502_S7_L3_HIGH_75_100_S01,HW_PLC,HW_PLC,292,292,293,,,,492530000,plc_internal_rd_loc_t_nanosecond,75,100,72.927,-2.072998,0,0,897032045,3,512,0,ok,
RUN_20260502_S7_L3_HIGH_75_100_S01_R01,S7_L3_HIGH_75_100,SER_20260502_S7_L3_HIGH_75_100_S01,HW_PLC,HW_PLC,293,293,294,,,,562491000,plc_internal_rd_loc_t_nanosecond,75,100,69.961,-5.039001,0,0,237363469,3,512,0,ok,
RUN_20260502_S7_L3_HIGH_75_100_S01_R01,S7_L3_HIGH_75_100,SER_20260502_S7_L3_HIGH_75_100_S01,HW_PLC,HW_PLC,294,294,295,,,,635523000,plc_internal_rd_loc_t_nanosecond,75,100,73.032,-1.968002,0,0,755247790,3,512,0,ok,
RUN_20260502_S7_L3_HIGH_75_100_S01_R01,S7_L3_HIGH_75_100,SER_20260502_S7_L3_HIGH_75_100_S01,HW_PLC,HW_PLC,295,295,296,,,,711267000,plc_internal_rd_loc_t_nanosecond,75,100,75.744,0.7440033,0,0,305302609,3,512,0,ok,
RUN_20260502_S7_L3_HIGH_75_100_S01_R01,S7_L3_HIGH_75_100,SER_20260502_S7_L3_HIGH_75_100_S01,HW_PLC,HW_PLC,296,296,297,,,,781267000,plc_internal_rd_loc_t_nanosecond,75,100,70,-5,0,0,1037104629,3,512,0,ok,
RUN_20260502_S7_L3_HIGH_75_100_S01_R01,S7_L3_HIGH_75_100,SER_20260502_S7_L3_HIGH_75_100_S01,HW_PLC,HW_PLC,297,297,298,,,,851537000,plc_internal_rd_loc_t_nanosecond,75,100,70.27,-4.730003,0,0,805271451,3,512,0,ok,
RUN_20260502_S7_L3_HIGH_75_100_S01_R01,S7_L3_HIGH_75_100,SER_20260502_S7_L3_HIGH_75_100_S01,HW_PLC,HW_PLC,298,298,299,,,,924189000,plc_internal_rd_loc_t_nanosecond,75,100,72.652,-2.348,0,0,1759379778,3,512,0,ok,
RUN_20260502_S7_L3_HIGH_75_100_S01_R01,S7_L3_HIGH_75_100,SER_20260502_S7_L3_HIGH_75_100_S01,HW_PLC,HW_PLC,299,299,300,,,,993139000,plc_internal_rd_loc_t_nanosecond,75,100,68.95,-6.050003,0,1,1754047211,3,512,0,ok,
RUN_20260502_S7_L3_HIGH_75_100_S01_R01,S7_L3_HIGH_75_100,SER_20260502_S7_L3_HIGH_75_100_S01,HW_PLC,HW_PLC,300,300,301,,,,62585000,plc_internal_rd_loc_t_nanosecond,75,100,69.446,-5.554001,0,1,791366806,3,512,0,ok,
RUN_20260502_S7_L3_HIGH_75_100_S01_R01,S7_L3_HIGH_75_100,SER_20260502_S7_L3_HIGH_75_100_S01,HW_PLC,HW_PLC,301,301,302,,,,130736000,plc_internal_rd_loc_t_nanosecond,75,100,68.151,-6.848999,0,1,1020923458,3,512,0,ok,
RUN_20260502_S7_L3_HIGH_75_100_S01_R01,S7_L3_HIGH_75_100,SER_20260502_S7_L3_HIGH_75_100_S01,HW_PLC,HW_PLC,302,302,303,,,,214518000,plc_internal_rd_loc_t_nanosecond,75,100,83.782,8.781998,0,1,297326576,3,512,0,ok,
RUN_20260502_S7_L3_HIGH_75_100_S01_R01,S7_L3_HIGH_75_100,SER_20260502_S7_L3_HIGH_75_100_S01,HW_PLC,HW_PLC,303,303,304,,,,284826000,plc_internal_rd_loc_t_nanosecond,75,100,70.308,-4.692001,0,1,770161055,3,512,0,ok,
RUN_20260502_S7_L3_HIGH_75_100_S01_R01,S7_L3_HIGH_75_100,SER_20260502_S7_L3_HIGH_75_100_S01,HW_PLC,HW_PLC,304,304,305,,,,357845000,plc_internal_rd_loc_t_nanosecond,75,100,73.019,-1.981003,0,1,294036304,3,512,0,ok,
RUN_20260502_S7_L3_HIGH_75_100_S01_R01,S7_L3_HIGH_75_100,SER_20260502_S7_L3_HIGH_75_100_S01,HW_PLC,HW_PLC,305,305,306,,,,433390000,plc_internal_rd_loc_t_nanosecond,75,100,75.545,0.5449982,0,1,1018537218,3,512,0,ok,
RUN_20260502_S7_L3_HIGH_75_100_S01_R01,S7_L3_HIGH_75_100,SER_20260502_S7_L3_HIGH_75_100_S01,HW_PLC,HW_PLC,306,306,307,,,,502993000,plc_internal_rd_loc_t_nanosecond,75,100,69.603,-5.397003,0,1,798273206,3,512,0,ok,
RUN_20260502_S7_L3_HIGH_75_100_S01_R01,S7_L3_HIGH_75_100,SER_20260502_S7_L3_HIGH_75_100_S01,HW_PLC,HW_PLC,307,307,308,,,,572857000,plc_internal_rd_loc_t_nanosecond,75,100,69.864,-5.136002,0,1,1782829163,3,512,0,ok,
RUN_20260502_S7_L3_HIGH_75_100_S01_R01,S7_L3_HIGH_75_100,SER_20260502_S7_L3_HIGH_75_100_S01,HW_PLC,HW_PLC,308,308,309,,,,646456000,plc_internal_rd_loc_t_nanosecond,75,100,73.599,-1.401001,0,1,1826814498,3,512,0,ok,
RUN_20260502_S7_L3_HIGH_75_100_S01_R01,S7_L3_HIGH_75_100,SER_20260502_S7_L3_HIGH_75_100_S01,HW_PLC,HW_PLC,309,309,310,,,,722838000,plc_internal_rd_loc_t_nanosecond,75,100,76.382,1.382004,0,1,932330459,3,512,0,ok,
RUN_20260502_S7_L3_HIGH_75_100_S01_R01,S7_L3_HIGH_75_100,SER_20260502_S7_L3_HIGH_75_100_S01,HW_PLC,HW_PLC,310,310,311,,,,792967000,plc_internal_rd_loc_t_nanosecond,75,100,70.129,-4.871002,0,1,1248953749,3,512,0,ok,
RUN_20260502_S7_L3_HIGH_75_100_S01_R01,S7_L3_HIGH_75_100,SER_20260502_S7_L3_HIGH_75_100_S01,HW_PLC,HW_PLC,311,311,312,,,,866444000,plc_internal_rd_loc_t_nanosecond,75,100,73.477,-1.523003,0,1,631301969,3,512,0,ok,
RUN_20260502_S7_L3_HIGH_75_100_S01_R01,S7_L3_HIGH_75_100,SER_20260502_S7_L3_HIGH_75_100_S01,HW_PLC,HW_PLC,312,312,313,,,,938819000,plc_internal_rd_loc_t_nanosecond,75,100,72.375,-2.625,0,1,1228951822,3,512,0,ok,
RUN_20260502_S7_L3_HIGH_75_100_S01_R01,S7_L3_HIGH_75_100,SER_20260502_S7_L3_HIGH_75_100_S01,HW_PLC,HW_PLC,313,313,314,,,,11547000,plc_internal_rd_loc_t_nanosecond,75,100,72.728,-2.272003,0,1,896520909,3,512,0,ok,
RUN_20260502_S7_L3_HIGH_75_100_S01_R01,S7_L3_HIGH_75_100,SER_20260502_S7_L3_HIGH_75_100_S01,HW_PLC,HW_PLC,314,314,315,,,,88453000,plc_internal_rd_loc_t_nanosecond,75,100,76.906,1.905998,0,1,1783585933,3,512,0,ok,
RUN_20260502_S7_L3_HIGH_75_100_S01_R01,S7_L3_HIGH_75_100,SER_20260502_S7_L3_HIGH_75_100_S01,HW_PLC,HW_PLC,315,315,316,,,,161827000,plc_internal_rd_loc_t_nanosecond,75,100,73.374,-1.625999,0,1,1744764495,3,512,0,ok,
RUN_20260502_S7_L3_HIGH_75_100_S01_R01,S7_L3_HIGH_75_100,SER_20260502_S7_L3_HIGH_75_100_S01,HW_PLC,HW_PLC,316,316,317,,,,233164000,plc_internal_rd_loc_t_nanosecond,75,100,71.337,-3.663002,0,1,782149651,3,512,0,ok,
RUN_20260502_S7_L3_HIGH_75_100_S01_R01,S7_L3_HIGH_75_100,SER_20260502_S7_L3_HIGH_75_100_S01,HW_PLC,HW_PLC,317,317,318,,,,307416000,plc_internal_rd_loc_t_nanosecond,75,100,74.252,-0.7480011,0,1,1045326296,3,512,0,ok,
RUN_20260502_S7_L3_HIGH_75_100_S01_R01,S7_L3_HIGH_75_100,SER_20260502_S7_L3_HIGH_75_100_S01,HW_PLC,HW_PLC,318,318,319,,,,377253000,plc_internal_rd_loc_t_nanosecond,75,100,69.837,-5.163002,0,1,388903839,3,512,0,ok,
RUN_20260502_S7_L3_HIGH_75_100_S01_R01,S7_L3_HIGH_75_100,SER_20260502_S7_L3_HIGH_75_100_S01,HW_PLC,HW_PLC,319,319,320,,,,450486000,plc_internal_rd_loc_t_nanosecond,75,100,73.233,-1.766998,0,1,962467175,3,512,0,ok,
RUN_20260502_S7_L3_HIGH_75_100_S01_R01,S7_L3_HIGH_75_100,SER_20260502_S7_L3_HIGH_75_100_S01,HW_PLC,HW_PLC,320,320,321,,,,526903000,plc_internal_rd_loc_t_nanosecond,75,100,76.417,1.417,0,1,620625713,3,512,0,ok,
RUN_20260502_S7_L3_HIGH_75_100_S01_R01,S7_L3_HIGH_75_100,SER_20260502_S7_L3_HIGH_75_100_S01,HW_PLC,HW_PLC,321,321,322,,,,596533000,plc_internal_rd_loc_t_nanosecond,75,100,69.63,-5.370003,0,1,1512964348,3,512,0,ok,
RUN_20260502_S7_L3_HIGH_75_100_S01_R01,S7_L3_HIGH_75_100,SER_20260502_S7_L3_HIGH_75_100_S01,HW_PLC,HW_PLC,322,322,323,,,,669766000,plc_internal_rd_loc_t_nanosecond,75,100,73.233,-1.766998,0,1,1494092489,3,512,0,ok,
RUN_20260502_S7_L3_HIGH_75_100_S01_R01,S7_L3_HIGH_75_100,SER_20260502_S7_L3_HIGH_75_100_S01,HW_PLC,HW_PLC,323,323,324,,,,746676000,plc_internal_rd_loc_t_nanosecond,75,100,76.91,1.910004,0,1,566111384,3,512,0,ok,
RUN_20260502_S7_L3_HIGH_75_100_S01_R01,S7_L3_HIGH_75_100,SER_20260502_S7_L3_HIGH_75_100_S01,HW_PLC,HW_PLC,324,324,325,,,,815598000,plc_internal_rd_loc_t_nanosecond,75,100,68.922,-6.078003,0,1,878597736,3,512,0,ok,
RUN_20260502_S7_L3_HIGH_75_100_S01_R01,S7_L3_HIGH_75_100,SER_20260502_S7_L3_HIGH_75_100_S01,HW_PLC,HW_PLC,325,325,326,,,,889190000,plc_internal_rd_loc_t_nanosecond,75,100,73.592,-1.407997,0,1,286169146,3,512,0,ok,
RUN_20260502_S7_L3_HIGH_75_100_S01_R01,S7_L3_HIGH_75_100,SER_20260502_S7_L3_HIGH_75_100_S01,HW_PLC,HW_PLC,326,326,327,,,,959633000,plc_internal_rd_loc_t_nanosecond,75,100,70.443,-4.556999,0,1,938402317,3,512,0,ok,
RUN_20260502_S7_L3_HIGH_75_100_S01_R01,S7_L3_HIGH_75_100,SER_20260502_S7_L3_HIGH_75_100_S01,HW_PLC,HW_PLC,327,327,328,,,,41964000,plc_internal_rd_loc_t_nanosecond,75,100,82.331,7.331001,0,1,689914850,3,512,0,ok,
RUN_20260502_S7_L3_HIGH_75_100_S01_R01,S7_L3_HIGH_75_100,SER_20260502_S7_L3_HIGH_75_100_S01,HW_PLC,HW_PLC,328,328,329,,,,111469000,plc_internal_rd_loc_t_nanosecond,75,100,69.505,-5.495003,0,1,1690283448,3,512,0,ok,
RUN_20260502_S7_L3_HIGH_75_100_S01_R01,S7_L3_HIGH_75_100,SER_20260502_S7_L3_HIGH_75_100_S01,HW_PLC,HW_PLC,329,329,330,,,,184674000,plc_internal_rd_loc_t_nanosecond,75,100,73.205,-1.794998,0,1,1794125712,3,512,0,ok,
RUN_20260502_S7_L3_HIGH_75_100_S01_R01,S7_L3_HIGH_75_100,SER_20260502_S7_L3_HIGH_75_100_S01,HW_PLC,HW_PLC,330,330,331,,,,261762000,plc_internal_rd_loc_t_nanosecond,75,100,77.088,2.087997,0,1,1003534698,3,512,0,ok,
RUN_20260502_S7_L3_HIGH_75_100_S01_R01,S7_L3_HIGH_75_100,SER_20260502_S7_L3_HIGH_75_100_S01,HW_PLC,HW_PLC,331,331,332,,,,330789000,plc_internal_rd_loc_t_nanosecond,75,100,69.027,-5.973,0,1,1468095301,3,512,0,ok,
RUN_20260502_S7_L3_HIGH_75_100_S01_R01,S7_L3_HIGH_75_100,SER_20260502_S7_L3_HIGH_75_100_S01,HW_PLC,HW_PLC,332,332,333,,,,404365000,plc_internal_rd_loc_t_nanosecond,75,100,73.576,-1.424004,0,1,1042416930,3,512,0,ok,
RUN_20260502_S7_L3_HIGH_75_100_S01_R01,S7_L3_HIGH_75_100,SER_20260502_S7_L3_HIGH_75_100_S01,HW_PLC,HW_PLC,333,333,334,,,,474687000,plc_internal_rd_loc_t_nanosecond,75,100,70.322,-4.678001,0,1,1876084480,3,512,0,ok,
RUN_20260502_S7_L3_HIGH_75_100_S01_R01,S7_L3_HIGH_75_100,SER_20260502_S7_L3_HIGH_75_100_S01,HW_PLC,HW_PLC,334,334,335,,,,550385000,plc_internal_rd_loc_t_nanosecond,75,100,75.698,0.697998,0,1,1823707360,3,512,0,ok,
RUN_20260502_S7_L3_HIGH_75_100_S01_R01,S7_L3_HIGH_75_100,SER_20260502_S7_L3_HIGH_75_100_S01,HW_PLC,HW_PLC,335,335,336,,,,619556000,plc_internal_rd_loc_t_nanosecond,75,100,69.171,-5.829002,0,1,887386818,3,512,0,ok,
RUN_20260502_S7_L3_HIGH_75_100_S01_R01,S7_L3_HIGH_75_100,SER_20260502_S7_L3_HIGH_75_100_S01,HW_PLC,HW_PLC,336,336,337,,,,692533000,plc_internal_rd_loc_t_nanosecond,75,100,72.977,-2.023003,0,1,1216699557,3,512,0,ok,
RUN_20260502_S7_L3_HIGH_75_100_S01_R01,S7_L3_HIGH_75_100,SER_20260502_S7_L3_HIGH_75_100_S01,HW_PLC,HW_PLC,337,337,338,,,,768282000,plc_internal_rd_loc_t_nanosecond,75,100,75.749,0.7490005,0,1,666263178,3,512,0,ok,
RUN_20260502_S7_L3_HIGH_75_100_S01_R01,S7_L3_HIGH_75_100,SER_20260502_S7_L3_HIGH_75_100_S01,HW_PLC,HW_PLC,338,338,339,,,,838351000,plc_internal_rd_loc_t_nanosecond,75,100,70.069,-4.931,0,1,1385654384,3,512,0,ok,
RUN_20260502_S7_L3_HIGH_75_100_S01_R01,S7_L3_HIGH_75_100,SER_20260502_S7_L3_HIGH_75_100_S01,HW_PLC,HW_PLC,339,339,340,,,,914526000,plc_internal_rd_loc_t_nanosecond,75,100,76.175,1.175003,0,1,1229490776,3,512,0,ok,
RUN_20260502_S7_L3_HIGH_75_100_S01_R01,S7_L3_HIGH_75_100,SER_20260502_S7_L3_HIGH_75_100_S01,HW_PLC,HW_PLC,340,340,341,,,,987543000,plc_internal_rd_loc_t_nanosecond,75,100,73.017,-1.983002,0,1,199865410,3,512,0,ok,
RUN_20260502_S7_L3_HIGH_75_100_S01_R01,S7_L3_HIGH_75_100,SER_20260502_S7_L3_HIGH_75_100_S01,HW_PLC,HW_PLC,341,341,342,,,,65334000,plc_internal_rd_loc_t_nanosecond,75,100,77.791,2.791,0,1,446363181,3,512,0,ok,
RUN_20260502_S7_L3_HIGH_75_100_S01_R01,S7_L3_HIGH_75_100,SER_20260502_S7_L3_HIGH_75_100_S01,HW_PLC,HW_PLC,342,342,343,,,,136208000,plc_internal_rd_loc_t_nanosecond,75,100,70.874,-4.125999,0,1,1971077145,3,512,0,ok,
RUN_20260502_S7_L3_HIGH_75_100_S01_R01,S7_L3_HIGH_75_100,SER_20260502_S7_L3_HIGH_75_100_S01,HW_PLC,HW_PLC,343,343,344,,,,205306000,plc_internal_rd_loc_t_nanosecond,75,100,69.098,-5.902,0,1,481141256,3,512,0,ok,
RUN_20260502_S7_L3_HIGH_75_100_S01_R01,S7_L3_HIGH_75_100,SER_20260502_S7_L3_HIGH_75_100_S01,HW_PLC,HW_PLC,344,344,345,,,,278786000,plc_internal_rd_loc_t_nanosecond,75,100,73.48,-1.519997,0,1,273615864,3,512,0,ok,
RUN_20260502_S7_L3_HIGH_75_100_S01_R01,S7_L3_HIGH_75_100,SER_20260502_S7_L3_HIGH_75_100_S01,HW_PLC,HW_PLC,345,345,346,,,,348402000,plc_internal_rd_loc_t_nanosecond,75,100,69.616,-5.384003,0,1,1350602217,3,512,0,ok,
RUN_20260502_S7_L3_HIGH_75_100_S01_R01,S7_L3_HIGH_75_100,SER_20260502_S7_L3_HIGH_75_100_S01,HW_PLC,HW_PLC,346,346,347,,,,416463000,plc_internal_rd_loc_t_nanosecond,75,100,68.061,-6.939003,0,1,1566709724,3,512,0,ok,
RUN_20260502_S7_L3_HIGH_75_100_S01_R01,S7_L3_HIGH_75_100,SER_20260502_S7_L3_HIGH_75_100_S01,HW_PLC,HW_PLC,347,347,348,,,,493160000,plc_internal_rd_loc_t_nanosecond,75,100,76.697,1.696999,0,1,924039633,3,512,0,ok,
RUN_20260502_S7_L3_HIGH_75_100_S01_R01,S7_L3_HIGH_75_100,SER_20260502_S7_L3_HIGH_75_100_S01,HW_PLC,HW_PLC,348,348,349,,,,562990000,plc_internal_rd_loc_t_nanosecond,75,100,69.83,-5.169998,0,1,1572168647,3,512,0,ok,
RUN_20260502_S7_L3_HIGH_75_100_S01_R01,S7_L3_HIGH_75_100,SER_20260502_S7_L3_HIGH_75_100_S01,HW_PLC,HW_PLC,349,349,350,,,,636245000,plc_internal_rd_loc_t_nanosecond,75,100,73.255,-1.745003,0,1,1365714367,3,512,0,ok,
RUN_20260502_S7_L3_HIGH_75_100_S01_R01,S7_L3_HIGH_75_100,SER_20260502_S7_L3_HIGH_75_100_S01,HW_PLC,HW_PLC,350,350,351,,,,712562000,plc_internal_rd_loc_t_nanosecond,75,100,76.317,1.317001,0,1,306769849,3,512,0,ok,
RUN_20260502_S7_L3_HIGH_75_100_S01_R01,S7_L3_HIGH_75_100,SER_20260502_S7_L3_HIGH_75_100_S01,HW_PLC,HW_PLC,351,351,352,,,,789370000,plc_internal_rd_loc_t_nanosecond,75,100,76.808,1.807999,0,1,544919988,3,512,0,ok,
RUN_20260502_S7_L3_HIGH_75_100_S01_R01,S7_L3_HIGH_75_100,SER_20260502_S7_L3_HIGH_75_100_S01,HW_PLC,HW_PLC,352,352,353,,,,862878000,plc_internal_rd_loc_t_nanosecond,75,100,73.508,-1.491997,0,1,2082257840,3,512,0,ok,
RUN_20260502_S7_L3_HIGH_75_100_S01_R01,S7_L3_HIGH_75_100,SER_20260502_S7_L3_HIGH_75_100_S01,HW_PLC,HW_PLC,353,353,354,,,,933844000,plc_internal_rd_loc_t_nanosecond,75,100,70.966,-4.033997,0,1,625917359,3,512,0,ok,
RUN_20260502_S7_L3_HIGH_75_100_S01_R01,S7_L3_HIGH_75_100,SER_20260502_S7_L3_HIGH_75_100_S01,HW_PLC,HW_PLC,354,354,355,,,,8154000,plc_internal_rd_loc_t_nanosecond,75,100,74.31,-0.6900024,0,1,472958895,3,512,0,ok,
RUN_20260502_S7_L3_HIGH_75_100_S01_R01,S7_L3_HIGH_75_100,SER_20260502_S7_L3_HIGH_75_100_S01,HW_PLC,HW_PLC,355,355,356,,,,78186000,plc_internal_rd_loc_t_nanosecond,75,100,70.032,-4.968002,0,1,1625483696,3,512,0,ok,
RUN_20260502_S7_L3_HIGH_75_100_S01_R01,S7_L3_HIGH_75_100,SER_20260502_S7_L3_HIGH_75_100_S01,HW_PLC,HW_PLC,356,356,357,,,,151641000,plc_internal_rd_loc_t_nanosecond,75,100,73.455,-1.544998,0,1,1938101171,3,512,0,ok,
RUN_20260502_S7_L3_HIGH_75_100_S01_R01,S7_L3_HIGH_75_100,SER_20260502_S7_L3_HIGH_75_100_S01,HW_PLC,HW_PLC,357,357,358,,,,228270000,plc_internal_rd_loc_t_nanosecond,75,100,76.629,1.628998,0,1,1412912568,3,512,0,ok,
RUN_20260502_S7_L3_HIGH_75_100_S01_R01,S7_L3_HIGH_75_100,SER_20260502_S7_L3_HIGH_75_100_S01,HW_PLC,HW_PLC,358,358,359,,,,297654000,plc_internal_rd_loc_t_nanosecond,75,100,69.384,-5.615997,0,1,52010943,3,512,0,ok,
RUN_20260502_S7_L3_HIGH_75_100_S01_R01,S7_L3_HIGH_75_100,SER_20260502_S7_L3_HIGH_75_100_S01,HW_PLC,HW_PLC,359,359,360,,,,371489000,plc_internal_rd_loc_t_nanosecond,75,100,73.835,-1.165001,0,1,4981191,3,512,0,ok,
RUN_20260502_S7_L3_HIGH_75_100_S01_R01,S7_L3_HIGH_75_100,SER_20260502_S7_L3_HIGH_75_100_S01,HW_PLC,HW_PLC,360,360,361,,,,446563000,plc_internal_rd_loc_t_nanosecond,75,100,75.074,0.0739975,0,1,1273916368,3,512,0,ok,
RUN_20260502_S7_L3_HIGH_75_100_S01_R01,S7_L3_HIGH_75_100,SER_20260502_S7_L3_HIGH_75_100_S01,HW_PLC,HW_PLC,361,361,362,,,,516749000,plc_internal_rd_loc_t_nanosecond,75,100,70.186,-4.814003,0,1,1713434075,3,512,0,ok,
RUN_20260502_S7_L3_HIGH_75_100_S01_R01,S7_L3_HIGH_75_100,SER_20260502_S7_L3_HIGH_75_100_S01,HW_PLC,HW_PLC,362,362,363,,,,586308000,plc_internal_rd_loc_t_nanosecond,75,100,69.559,-5.441002,0,1,1325627368,3,512,0,ok,
RUN_20260502_S7_L3_HIGH_75_100_S01_R01,S7_L3_HIGH_75_100,SER_20260502_S7_L3_HIGH_75_100_S01,HW_PLC,HW_PLC,363,363,364,,,,659662000,plc_internal_rd_loc_t_nanosecond,75,100,73.354,-1.646004,0,1,112597495,3,512,0,ok,
RUN_20260502_S7_L3_HIGH_75_100_S01_R01,S7_L3_HIGH_75_100,SER_20260502_S7_L3_HIGH_75_100_S01,HW_PLC,HW_PLC,364,364,365,,,,743516000,plc_internal_rd_loc_t_nanosecond,75,100,83.854,8.853996,0,1,223921159,3,512,0,ok,
RUN_20260502_S7_L3_HIGH_75_100_S01_R01,S7_L3_HIGH_75_100,SER_20260502_S7_L3_HIGH_75_100_S01,HW_PLC,HW_PLC,365,365,366,,,,812631000,plc_internal_rd_loc_t_nanosecond,75,100,69.115,-5.885002,0,1,1661699608,3,512,0,ok,
RUN_20260502_S7_L3_HIGH_75_100_S01_R01,S7_L3_HIGH_75_100,SER_20260502_S7_L3_HIGH_75_100_S01,HW_PLC,HW_PLC,366,366,367,,,,886343000,plc_internal_rd_loc_t_nanosecond,75,100,73.712,-1.288002,0,1,133058604,3,512,0,ok,
RUN_20260502_S7_L3_HIGH_75_100_S01_R01,S7_L3_HIGH_75_100,SER_20260502_S7_L3_HIGH_75_100_S01,HW_PLC,HW_PLC,367,367,368,,,,963614000,plc_internal_rd_loc_t_nanosecond,75,100,77.271,2.271004,0,1,2082550336,3,512,0,ok,
RUN_20260502_S7_L3_HIGH_75_100_S01_R01,S7_L3_HIGH_75_100,SER_20260502_S7_L3_HIGH_75_100_S01,HW_PLC,HW_PLC,368,368,369,,,,33422000,plc_internal_rd_loc_t_nanosecond,75,100,69.808,-5.192001,0,1,1069816919,3,512,0,ok,
RUN_20260502_S7_L3_HIGH_75_100_S01_R01,S7_L3_HIGH_75_100,SER_20260502_S7_L3_HIGH_75_100_S01,HW_PLC,HW_PLC,369,369,370,,,,106375000,plc_internal_rd_loc_t_nanosecond,75,100,72.953,-2.046997,0,1,1391926895,3,512,0,ok,
RUN_20260502_S7_L3_HIGH_75_100_S01_R01,S7_L3_HIGH_75_100,SER_20260502_S7_L3_HIGH_75_100_S01,HW_PLC,HW_PLC,370,370,371,,,,175270000,plc_internal_rd_loc_t_nanosecond,75,100,68.895,-6.105003,0,1,903489673,3,512,0,ok,
RUN_20260502_S7_L3_HIGH_75_100_S01_R01,S7_L3_HIGH_75_100,SER_20260502_S7_L3_HIGH_75_100_S01,HW_PLC,HW_PLC,371,371,372,,,,244531000,plc_internal_rd_loc_t_nanosecond,75,100,69.261,-5.738998,0,1,1754090148,3,512,0,ok,
RUN_20260502_S7_L3_HIGH_75_100_S01_R01,S7_L3_HIGH_75_100,SER_20260502_S7_L3_HIGH_75_100_S01,HW_PLC,HW_PLC,372,372,373,,,,312754000,plc_internal_rd_loc_t_nanosecond,75,100,68.223,-6.777,0,1,1798337729,3,512,0,ok,
RUN_20260502_S7_L3_HIGH_75_100_S01_R01,S7_L3_HIGH_75_100,SER_20260502_S7_L3_HIGH_75_100_S01,HW_PLC,HW_PLC,373,373,374,,,,382343000,plc_internal_rd_loc_t_nanosecond,75,100,69.589,-5.411003,0,1,1038333664,3,512,0,ok,
RUN_20260502_S7_L3_HIGH_75_100_S01_R01,S7_L3_HIGH_75_100,SER_20260502_S7_L3_HIGH_75_100_S01,HW_PLC,HW_PLC,374,374,375,,,,458218000,plc_internal_rd_loc_t_nanosecond,75,100,75.875,0.875,0,1,1623654656,3,512,0,ok,
RUN_20260502_S7_L3_HIGH_75_100_S01_R01,S7_L3_HIGH_75_100,SER_20260502_S7_L3_HIGH_75_100_S01,HW_PLC,HW_PLC,375,375,376,,,,526760000,plc_internal_rd_loc_t_nanosecond,75,100,68.542,-6.458,0,1,1408918306,3,512,0,ok,
RUN_20260502_S7_L3_HIGH_75_100_S01_R01,S7_L3_HIGH_75_100,SER_20260502_S7_L3_HIGH_75_100_S01,HW_PLC,HW_PLC,376,376,377,,,,607545000,plc_internal_rd_loc_t_nanosecond,75,100,80.785,5.785004,0,1,396217670,3,512,0,ok,
RUN_20260502_S7_L3_HIGH_75_100_S01_R01,S7_L3_HIGH_75_100,SER_20260502_S7_L3_HIGH_75_100_S01,HW_PLC,HW_PLC,377,377,378,,,,684699000,plc_internal_rd_loc_t_nanosecond,75,100,77.154,2.153999,0,1,735137643,3,512,0,ok,
RUN_20260502_S7_L3_HIGH_75_100_S01_R01,S7_L3_HIGH_75_100,SER_20260502_S7_L3_HIGH_75_100_S01,HW_PLC,HW_PLC,378,378,379,,,,754627000,plc_internal_rd_loc_t_nanosecond,75,100,69.928,-5.071999,0,1,280287634,3,512,0,ok,
RUN_20260502_S7_L3_HIGH_75_100_S01_R01,S7_L3_HIGH_75_100,SER_20260502_S7_L3_HIGH_75_100_S01,HW_PLC,HW_PLC,379,379,380,,,,826893000,plc_internal_rd_loc_t_nanosecond,75,100,72.266,-2.734001,0,1,1181252538,3,512,0,ok,
RUN_20260502_S7_L3_HIGH_75_100_S01_R01,S7_L3_HIGH_75_100,SER_20260502_S7_L3_HIGH_75_100_S01,HW_PLC,HW_PLC,380,380,381,,,,904308000,plc_internal_rd_loc_t_nanosecond,75,100,77.415,2.415001,0,1,1292641764,3,512,0,ok,
RUN_20260502_S7_L3_HIGH_75_100_S01_R01,S7_L3_HIGH_75_100,SER_20260502_S7_L3_HIGH_75_100_S01,HW_PLC,HW_PLC,381,381,382,,,,973757000,plc_internal_rd_loc_t_nanosecond,75,100,69.449,-5.551003,0,1,616556560,3,512,0,ok,
RUN_20260502_S7_L3_HIGH_75_100_S01_R01,S7_L3_HIGH_75_100,SER_20260502_S7_L3_HIGH_75_100_S01,HW_PLC,HW_PLC,382,382,383,,,,47874000,plc_internal_rd_loc_t_nanosecond,75,100,74.117,-0.8830032,0,1,1302573629,3,512,0,ok,
RUN_20260502_S7_L3_HIGH_75_100_S01_R01,S7_L3_HIGH_75_100,SER_20260502_S7_L3_HIGH_75_100_S01,HW_PLC,HW_PLC,383,383,384,,,,123887000,plc_internal_rd_loc_t_nanosecond,75,100,76.013,1.013,0,1,1205310572,3,512,0,ok,
RUN_20260502_S7_L3_HIGH_75_100_S01_R01,S7_L3_HIGH_75_100,SER_20260502_S7_L3_HIGH_75_100_S01,HW_PLC,HW_PLC,384,384,385,,,,194328000,plc_internal_rd_loc_t_nanosecond,75,100,70.441,-4.558998,0,1,326860445,3,512,0,ok,
RUN_20260502_S7_L3_HIGH_75_100_S01_R01,S7_L3_HIGH_75_100,SER_20260502_S7_L3_HIGH_75_100_S01,HW_PLC,HW_PLC,385,385,386,,,,267538000,plc_internal_rd_loc_t_nanosecond,75,100,73.21,-1.790001,0,1,816808143,3,512,0,ok,
RUN_20260502_S7_L3_HIGH_75_100_S01_R01,S7_L3_HIGH_75_100,SER_20260502_S7_L3_HIGH_75_100_S01,HW_PLC,HW_PLC,386,386,387,,,,341872000,plc_internal_rd_loc_t_nanosecond,75,100,74.334,-0.6660004,0,1,529763075,3,512,0,ok,
RUN_20260502_S7_L3_HIGH_75_100_S01_R01,S7_L3_HIGH_75_100,SER_20260502_S7_L3_HIGH_75_100_S01,HW_PLC,HW_PLC,387,387,388,,,,413250000,plc_internal_rd_loc_t_nanosecond,75,100,71.378,-3.622002,0,1,1615310136,3,512,0,ok,
RUN_20260502_S7_L3_HIGH_75_100_S01_R01,S7_L3_HIGH_75_100,SER_20260502_S7_L3_HIGH_75_100_S01,HW_PLC,HW_PLC,388,388,389,,,,489527000,plc_internal_rd_loc_t_nanosecond,75,100,76.277,1.277,0,1,1928058735,3,512,0,ok,
RUN_20260502_S7_L3_HIGH_75_100_S01_R01,S7_L3_HIGH_75_100,SER_20260502_S7_L3_HIGH_75_100_S01,HW_PLC,HW_PLC,389,389,390,,,,562843000,plc_internal_rd_loc_t_nanosecond,75,100,73.316,-1.683998,0,1,1470110120,3,512,0,ok,
RUN_20260502_S7_L3_HIGH_75_100_S01_R01,S7_L3_HIGH_75_100,SER_20260502_S7_L3_HIGH_75_100_S01,HW_PLC,HW_PLC,390,390,391,,,,639509000,plc_internal_rd_loc_t_nanosecond,75,100,76.666,1.666,0,1,243557347,3,512,0,ok,
RUN_20260502_S7_L3_HIGH_75_100_S01_R01,S7_L3_HIGH_75_100,SER_20260502_S7_L3_HIGH_75_100_S01,HW_PLC,HW_PLC,391,391,392,,,,708822000,plc_internal_rd_loc_t_nanosecond,75,100,69.313,-5.686996,0,1,397985311,3,512,0,ok,
RUN_20260502_S7_L3_HIGH_75_100_S01_R01,S7_L3_HIGH_75_100,SER_20260502_S7_L3_HIGH_75_100_S01,HW_PLC,HW_PLC,392,392,393,,,,782436000,plc_internal_rd_loc_t_nanosecond,75,100,73.614,-1.386002,0,1,1935487068,3,512,0,ok,
RUN_20260502_S7_L3_HIGH_75_100_S01_R01,S7_L3_HIGH_75_100,SER_20260502_S7_L3_HIGH_75_100_S01,HW_PLC,HW_PLC,393,393,394,,,,857491000,plc_internal_rd_loc_t_nanosecond,75,100,75.055,0.05500031,0,1,563196572,3,512,0,ok,
RUN_20260502_S7_L3_HIGH_75_100_S01_R01,S7_L3_HIGH_75_100,SER_20260502_S7_L3_HIGH_75_100_S01,HW_PLC,HW_PLC,394,394,395,,,,927740000,plc_internal_rd_loc_t_nanosecond,75,100,70.249,-4.750999,0,1,578174173,3,512,0,ok,
RUN_20260502_S7_L3_HIGH_75_100_S01_R01,S7_L3_HIGH_75_100,SER_20260502_S7_L3_HIGH_75_100_S01,HW_PLC,HW_PLC,395,395,396,,,,997338000,plc_internal_rd_loc_t_nanosecond,75,100,69.598,-5.402,0,1,1982521119,3,512,0,ok,
RUN_20260502_S7_L3_HIGH_75_100_S01_R01,S7_L3_HIGH_75_100,SER_20260502_S7_L3_HIGH_75_100_S01,HW_PLC,HW_PLC,396,396,397,,,,71234000,plc_internal_rd_loc_t_nanosecond,75,100,73.896,-1.103996,0,1,483363172,3,512,0,ok,
RUN_20260502_S7_L3_HIGH_75_100_S01_R01,S7_L3_HIGH_75_100,SER_20260502_S7_L3_HIGH_75_100_S01,HW_PLC,HW_PLC,397,397,398,,,,144331000,plc_internal_rd_loc_t_nanosecond,75,100,73.097,-1.903,0,1,377768874,3,512,0,ok,
RUN_20260502_S7_L3_HIGH_75_100_S01_R01,S7_L3_HIGH_75_100,SER_20260502_S7_L3_HIGH_75_100_S01,HW_PLC,HW_PLC,398,398,399,,,,216661000,plc_internal_rd_loc_t_nanosecond,75,100,72.33,-2.669998,0,1,1667831281,3,512,0,ok,
RUN_20260502_S7_L3_HIGH_75_100_S01_R01,S7_L3_HIGH_75_100,SER_20260502_S7_L3_HIGH_75_100_S01,HW_PLC,HW_PLC,399,399,400,,,,286503000,plc_internal_rd_loc_t_nanosecond,75,100,69.842,-5.157997,0,0,60684347,3,512,0,ok,
RUN_20260502_S7_L3_HIGH_75_100_S01_R01,S7_L3_HIGH_75_100,SER_20260502_S7_L3_HIGH_75_100_S01,HW_PLC,HW_PLC,400,400,401,,,,359947000,plc_internal_rd_loc_t_nanosecond,75,100,73.444,-1.556,0,0,2000872069,3,512,0,ok,
RUN_20260502_S7_L3_HIGH_75_100_S01_R01,S7_L3_HIGH_75_100,SER_20260502_S7_L3_HIGH_75_100_S01,HW_PLC,HW_PLC,401,401,402,,,,442829000,plc_internal_rd_loc_t_nanosecond,75,100,82.882,7.882004,0,0,1048044754,3,512,0,ok,
RUN_20260502_S7_L3_HIGH_75_100_S01_R01,S7_L3_HIGH_75_100,SER_20260502_S7_L3_HIGH_75_100_S01,HW_PLC,HW_PLC,402,402,403,,,,512759000,plc_internal_rd_loc_t_nanosecond,75,100,69.93,-5.07,0,0,1499262752,3,512,0,ok,
RUN_20260502_S7_L3_HIGH_75_100_S01_R01,S7_L3_HIGH_75_100,SER_20260502_S7_L3_HIGH_75_100_S01,HW_PLC,HW_PLC,403,403,404,,,,586137000,plc_internal_rd_loc_t_nanosecond,75,100,73.378,-1.622002,0,0,1209143664,3,512,0,ok,
RUN_20260502_S7_L3_HIGH_75_100_S01_R01,S7_L3_HIGH_75_100,SER_20260502_S7_L3_HIGH_75_100_S01,HW_PLC,HW_PLC,404,404,405,,,,662911000,plc_internal_rd_loc_t_nanosecond,75,100,76.774,1.774002,0,0,179780546,3,512,0,ok,
RUN_20260502_S7_L3_HIGH_75_100_S01_R01,S7_L3_HIGH_75_100,SER_20260502_S7_L3_HIGH_75_100_S01,HW_PLC,HW_PLC,405,405,406,,,,731465000,plc_internal_rd_loc_t_nanosecond,75,100,68.554,-6.445999,0,0,560758293,3,512,0,ok,
RUN_20260502_S7_L3_HIGH_75_100_S01_R01,S7_L3_HIGH_75_100,SER_20260502_S7_L3_HIGH_75_100_S01,HW_PLC,HW_PLC,406,406,407,,,,801805000,plc_internal_rd_loc_t_nanosecond,75,100,70.34,-4.660004,0,0,206686314,3,512,0,ok,
RUN_20260502_S7_L3_HIGH_75_100_S01_R01,S7_L3_HIGH_75_100,SER_20260502_S7_L3_HIGH_75_100_S01,HW_PLC,HW_PLC,407,407,408,,,,874629000,plc_internal_rd_loc_t_nanosecond,75,100,72.824,-2.176003,0,0,1267149504,3,512,0,ok,
RUN_20260502_S7_L3_HIGH_75_100_S01_R01,S7_L3_HIGH_75_100,SER_20260502_S7_L3_HIGH_75_100_S01,HW_PLC,HW_PLC,408,408,409,,,,945492000,plc_internal_rd_loc_t_nanosecond,75,100,70.863,-4.137001,0,0,1596757272,3,512,0,ok,
RUN_20260502_S7_L3_HIGH_75_100_S01_R01,S7_L3_HIGH_75_100,SER_20260502_S7_L3_HIGH_75_100_S01,HW_PLC,HW_PLC,409,409,410,,,,20178000,plc_internal_rd_loc_t_nanosecond,75,100,74.686,-0.314003,0,0,1197610866,3,512,0,ok,
RUN_20260502_S7_L3_HIGH_75_100_S01_R01,S7_L3_HIGH_75_100,SER_20260502_S7_L3_HIGH_75_100_S01,HW_PLC,HW_PLC,410,410,411,,,,91998000,plc_internal_rd_loc_t_nanosecond,75,100,71.82,-3.18,0,0,71803342,3,512,0,ok,
RUN_20260502_S7_L3_HIGH_75_100_S01_R01,S7_L3_HIGH_75_100,SER_20260502_S7_L3_HIGH_75_100_S01,HW_PLC,HW_PLC,411,411,412,,,,165602000,plc_internal_rd_loc_t_nanosecond,75,100,73.604,-1.396004,0,0,368919595,3,512,0,ok,
RUN_20260502_S7_L3_HIGH_75_100_S01_R01,S7_L3_HIGH_75_100,SER_20260502_S7_L3_HIGH_75_100_S01,HW_PLC,HW_PLC,412,412,413,,,,237964000,plc_internal_rd_loc_t_nanosecond,75,100,72.362,-2.638,0,0,2091052681,3,512,0,ok,
RUN_20260502_S7_L3_HIGH_75_100_S01_R01,S7_L3_HIGH_75_100,SER_20260502_S7_L3_HIGH_75_100_S01,HW_PLC,HW_PLC,413,413,414,,,,317993000,plc_internal_rd_loc_t_nanosecond,75,100,80.029,5.028999,0,0,945336554,3,512,0,ok,
RUN_20260502_S7_L3_HIGH_75_100_S01_R01,S7_L3_HIGH_75_100,SER_20260502_S7_L3_HIGH_75_100_S01,HW_PLC,HW_PLC,414,414,415,,,,387603000,plc_internal_rd_loc_t_nanosecond,75,100,69.61,-5.389999,0,0,1228831564,3,512,0,ok,
RUN_20260502_S7_L3_HIGH_75_100_S01_R01,S7_L3_HIGH_75_100,SER_20260502_S7_L3_HIGH_75_100_S01,HW_PLC,HW_PLC,415,415,416,,,,461187000,plc_internal_rd_loc_t_nanosecond,75,100,73.584,-1.416,0,0,796155312,3,512,0,ok,
RUN_20260502_S7_L3_HIGH_75_100_S01_R01,S7_L3_HIGH_75_100,SER_20260502_S7_L3_HIGH_75_100_S01,HW_PLC,HW_PLC,416,416,417,,,,537692000,plc_internal_rd_loc_t_nanosecond,75,100,76.505,1.504997,0,0,1796884501,3,512,0,ok,
RUN_20260502_S7_L3_HIGH_75_100_S01_R01,S7_L3_HIGH_75_100,SER_20260502_S7_L3_HIGH_75_100_S01,HW_PLC,HW_PLC,417,417,418,,,,607519000,plc_internal_rd_loc_t_nanosecond,75,100,69.827,-5.172997,0,0,2085636732,3,512,0,ok,
RUN_20260502_S7_L3_HIGH_75_100_S01_R01,S7_L3_HIGH_75_100,SER_20260502_S7_L3_HIGH_75_100_S01,HW_PLC,HW_PLC,418,418,419,,,,680501000,plc_internal_rd_loc_t_nanosecond,75,100,72.982,-2.017998,0,0,1664505061,3,512,0,ok,
RUN_20260502_S7_L3_HIGH_75_100_S01_R01,S7_L3_HIGH_75_100,SER_20260502_S7_L3_HIGH_75_100_S01,HW_PLC,HW_PLC,419,419,420,,,,756559000,plc_internal_rd_loc_t_nanosecond,75,100,76.058,1.057999,0,0,535590736,3,512,0,ok,
RUN_20260502_S7_L3_HIGH_75_100_S01_R01,S7_L3_HIGH_75_100,SER_20260502_S7_L3_HIGH_75_100_S01,HW_PLC,HW_PLC,420,420,421,,,,826505000,plc_internal_rd_loc_t_nanosecond,75,100,69.946,-5.054001,0,0,848470460,3,512,0,ok,
RUN_20260502_S7_L3_HIGH_75_100_S01_R01,S7_L3_HIGH_75_100,SER_20260502_S7_L3_HIGH_75_100_S01,HW_PLC,HW_PLC,421,421,422,,,,900243000,plc_internal_rd_loc_t_nanosecond,75,100,73.738,-1.262001,0,0,457761834,3,512,0,ok,
RUN_20260502_S7_L3_HIGH_75_100_S01_R01,S7_L3_HIGH_75_100,SER_20260502_S7_L3_HIGH_75_100_S01,HW_PLC,HW_PLC,422,422,423,,,,976980000,plc_internal_rd_loc_t_nanosecond,75,100,76.737,1.737,0,0,1513041561,3,512,0,ok,
RUN_20260502_S7_L3_HIGH_75_100_S01_R01,S7_L3_HIGH_75_100,SER_20260502_S7_L3_HIGH_75_100_S01,HW_PLC,HW_PLC,423,423,424,,,,47688000,plc_internal_rd_loc_t_nanosecond,75,100,70.708,-4.292,0,0,1868927242,3,512,0,ok,
RUN_20260502_S7_L3_HIGH_75_100_S01_R01,S7_L3_HIGH_75_100,SER_20260502_S7_L3_HIGH_75_100_S01,HW_PLC,HW_PLC,424,424,425,,,,120482000,plc_internal_rd_loc_t_nanosecond,75,100,72.794,-2.206001,0,0,1527511933,3,512,0,ok,
RUN_20260502_S7_L3_HIGH_75_100_S01_R01,S7_L3_HIGH_75_100,SER_20260502_S7_L3_HIGH_75_100_S01,HW_PLC,HW_PLC,425,425,426,,,,200640000,plc_internal_rd_loc_t_nanosecond,75,100,80.158,5.157997,0,0,490896882,3,512,0,ok,
RUN_20260502_S7_L3_HIGH_75_100_S01_R01,S7_L3_HIGH_75_100,SER_20260502_S7_L3_HIGH_75_100_S01,HW_PLC,HW_PLC,426,426,427,,,,273506000,plc_internal_rd_loc_t_nanosecond,75,100,72.866,-2.134003,0,0,908658792,3,512,0,ok,
RUN_20260502_S7_L3_HIGH_75_100_S01_R01,S7_L3_HIGH_75_100,SER_20260502_S7_L3_HIGH_75_100_S01,HW_PLC,HW_PLC,427,427,428,,,,343535000,plc_internal_rd_loc_t_nanosecond,75,100,70.029,-4.971001,0,0,635415264,3,512,0,ok,
RUN_20260502_S7_L3_HIGH_75_100_S01_R01,S7_L3_HIGH_75_100,SER_20260502_S7_L3_HIGH_75_100_S01,HW_PLC,HW_PLC,428,428,429,,,,416463000,plc_internal_rd_loc_t_nanosecond,75,100,72.928,-2.071999,0,0,1820743001,3,512,0,ok,
RUN_20260502_S7_L3_HIGH_75_100_S01_R01,S7_L3_HIGH_75_100,SER_20260502_S7_L3_HIGH_75_100_S01,HW_PLC,HW_PLC,429,429,430,,,,490911000,plc_internal_rd_loc_t_nanosecond,75,100,74.448,-0.552002,0,0,171775957,3,512,0,ok,
RUN_20260502_S7_L3_HIGH_75_100_S01_R01,S7_L3_HIGH_75_100,SER_20260502_S7_L3_HIGH_75_100_S01,HW_PLC,HW_PLC,430,430,431,,,,562499000,plc_internal_rd_loc_t_nanosecond,75,100,71.588,-3.412003,0,0,2133058129,3,512,0,ok,
RUN_20260502_S7_L3_HIGH_75_100_S01_R01,S7_L3_HIGH_75_100,SER_20260502_S7_L3_HIGH_75_100_S01,HW_PLC,HW_PLC,431,431,432,,,,631544000,plc_internal_rd_loc_t_nanosecond,75,100,69.045,-5.955002,0,0,1264239824,3,512,0,ok,
RUN_20260502_S7_L3_HIGH_75_100_S01_R01,S7_L3_HIGH_75_100,SER_20260502_S7_L3_HIGH_75_100_S01,HW_PLC,HW_PLC,432,432,433,,,,705287000,plc_internal_rd_loc_t_nanosecond,75,100,73.743,-1.257004,0,0,1862381392,3,512,0,ok,
RUN_20260502_S7_L3_HIGH_75_100_S01_R01,S7_L3_HIGH_75_100,SER_20260502_S7_L3_HIGH_75_100_S01,HW_PLC,HW_PLC,433,433,434,,,,780470000,plc_internal_rd_loc_t_nanosecond,75,100,75.183,0.1829987,0,0,1782100434,3,512,0,ok,
RUN_20260502_S7_L3_HIGH_75_100_S01_R01,S7_L3_HIGH_75_100,SER_20260502_S7_L3_HIGH_75_100_S01,HW_PLC,HW_PLC,434,434,435,,,,851692000,plc_internal_rd_loc_t_nanosecond,75,100,71.222,-3.778,0,0,1025490006,3,512,0,ok,
RUN_20260502_S7_L3_HIGH_75_100_S01_R01,S7_L3_HIGH_75_100,SER_20260502_S7_L3_HIGH_75_100_S01,HW_PLC,HW_PLC,435,435,436,,,,920979000,plc_internal_rd_loc_t_nanosecond,75,100,69.287,-5.712997,0,0,1742135003,3,512,0,ok,
RUN_20260502_S7_L3_HIGH_75_100_S01_R01,S7_L3_HIGH_75_100,SER_20260502_S7_L3_HIGH_75_100_S01,HW_PLC,HW_PLC,436,436,437,,,,993776000,plc_internal_rd_loc_t_nanosecond,75,100,72.797,-2.203003,0,0,1786644834,3,512,0,ok,
RUN_20260502_S7_L3_HIGH_75_100_S01_R01,S7_L3_HIGH_75_100,SER_20260502_S7_L3_HIGH_75_100_S01,HW_PLC,HW_PLC,437,437,438,,,,65501000,plc_internal_rd_loc_t_nanosecond,75,100,71.725,-3.275002,0,0,1161120747,3,512,0,ok,
RUN_20260502_S7_L3_HIGH_75_100_S01_R01,S7_L3_HIGH_75_100,SER_20260502_S7_L3_HIGH_75_100_S01,HW_PLC,HW_PLC,438,438,439,,,,147268000,plc_internal_rd_loc_t_nanosecond,75,100,81.767,6.766998,0,0,2015139445,3,512,0,ok,
RUN_20260502_S7_L3_HIGH_75_100_S01_R01,S7_L3_HIGH_75_100,SER_20260502_S7_L3_HIGH_75_100_S01,HW_PLC,HW_PLC,439,439,440,,,,216202000,plc_internal_rd_loc_t_nanosecond,75,100,68.934,-6.066002,0,0,55834882,3,512,0,ok,
RUN_20260502_S7_L3_HIGH_75_100_S01_R01,S7_L3_HIGH_75_100,SER_20260502_S7_L3_HIGH_75_100_S01,HW_PLC,HW_PLC,440,440,441,,,,289729000,plc_internal_rd_loc_t_nanosecond,75,100,73.527,-1.473,0,0,1727751055,3,512,0,ok,
RUN_20260502_S7_L3_HIGH_75_100_S01_R01,S7_L3_HIGH_75_100,SER_20260502_S7_L3_HIGH_75_100_S01,HW_PLC,HW_PLC,441,441,442,,,,366844000,plc_internal_rd_loc_t_nanosecond,75,100,77.115,2.114998,0,0,590538271,3,512,0,ok,
RUN_20260502_S7_L3_HIGH_75_100_S01_R01,S7_L3_HIGH_75_100,SER_20260502_S7_L3_HIGH_75_100_S01,HW_PLC,HW_PLC,442,442,443,,,,437169000,plc_internal_rd_loc_t_nanosecond,75,100,70.325,-4.675003,0,0,941256880,3,512,0,ok,
RUN_20260502_S7_L3_HIGH_75_100_S01_R01,S7_L3_HIGH_75_100,SER_20260502_S7_L3_HIGH_75_100_S01,HW_PLC,HW_PLC,443,443,444,,,,509440000,plc_internal_rd_loc_t_nanosecond,75,100,72.271,-2.728996,0,0,634524483,3,512,0,ok,
RUN_20260502_S7_L3_HIGH_75_100_S01_R01,S7_L3_HIGH_75_100,SER_20260502_S7_L3_HIGH_75_100_S01,HW_PLC,HW_PLC,444,444,445,,,,585582000,plc_internal_rd_loc_t_nanosecond,75,100,76.142,1.141998,0,0,1819917783,3,512,0,ok,
RUN_20260502_S7_L3_HIGH_75_100_S01_R01,S7_L3_HIGH_75_100,SER_20260502_S7_L3_HIGH_75_100_S01,HW_PLC,HW_PLC,445,445,446,,,,656171000,plc_internal_rd_loc_t_nanosecond,75,100,70.589,-4.411003,0,0,204570734,3,512,0,ok,
RUN_20260502_S7_L3_HIGH_75_100_S01_R01,S7_L3_HIGH_75_100,SER_20260502_S7_L3_HIGH_75_100_S01,HW_PLC,HW_PLC,446,446,447,,,,728771000,plc_internal_rd_loc_t_nanosecond,75,100,72.6,-2.400002,0,0,85543686,3,512,0,ok,
RUN_20260502_S7_L3_HIGH_75_100_S01_R01,S7_L3_HIGH_75_100,SER_20260502_S7_L3_HIGH_75_100_S01,HW_PLC,HW_PLC,447,447,448,,,,797744000,plc_internal_rd_loc_t_nanosecond,75,100,68.973,-6.027,0,0,1464937887,3,512,0,ok,
RUN_20260502_S7_L3_HIGH_75_100_S01_R01,S7_L3_HIGH_75_100,SER_20260502_S7_L3_HIGH_75_100_S01,HW_PLC,HW_PLC,448,448,449,,,,874839000,plc_internal_rd_loc_t_nanosecond,75,100,77.095,2.095001,0,0,49879099,3,512,0,ok,
RUN_20260502_S7_L3_HIGH_75_100_S01_R01,S7_L3_HIGH_75_100,SER_20260502_S7_L3_HIGH_75_100_S01,HW_PLC,HW_PLC,449,449,450,,,,944952000,plc_internal_rd_loc_t_nanosecond,75,100,70.113,-4.887001,0,0,137435864,3,512,0,ok,
RUN_20260502_S7_L3_HIGH_75_100_S01_R01,S7_L3_HIGH_75_100,SER_20260502_S7_L3_HIGH_75_100_S01,HW_PLC,HW_PLC,450,450,451,,,,24346000,plc_internal_rd_loc_t_nanosecond,75,100,79.394,4.393997,0,0,1729701238,3,512,0,ok,
RUN_20260502_S7_L3_HIGH_75_100_S01_R01,S7_L3_HIGH_75_100,SER_20260502_S7_L3_HIGH_75_100_S01,HW_PLC,HW_PLC,451,451,452,,,,101631000,plc_internal_rd_loc_t_nanosecond,75,100,77.285,2.285004,0,0,533809175,3,512,0,ok,
RUN_20260502_S7_L3_HIGH_75_100_S01_R01,S7_L3_HIGH_75_100,SER_20260502_S7_L3_HIGH_75_100_S01,HW_PLC,HW_PLC,452,452,453,,,,171526000,plc_internal_rd_loc_t_nanosecond,75,100,69.895,-5.105003,0,0,846820025,3,512,0,ok,
RUN_20260502_S7_L3_HIGH_75_100_S01_R01,S7_L3_HIGH_75_100,SER_20260502_S7_L3_HIGH_75_100_S01,HW_PLC,HW_PLC,453,453,454,,,,244778000,plc_internal_rd_loc_t_nanosecond,75,100,73.252,-1.748001,0,0,523351389,3,512,0,ok,
RUN_20260502_S7_L3_HIGH_75_100_S01_R01,S7_L3_HIGH_75_100,SER_20260502_S7_L3_HIGH_75_100_S01,HW_PLC,HW_PLC,454,454,455,,,,321529000,plc_internal_rd_loc_t_nanosecond,75,100,76.751,1.750999,0,0,1712979970,3,512,0,ok,
RUN_20260502_S7_L3_HIGH_75_100_S01_R01,S7_L3_HIGH_75_100,SER_20260502_S7_L3_HIGH_75_100_S01,HW_PLC,HW_PLC,455,455,456,,,,390991000,plc_internal_rd_loc_t_nanosecond,75,100,69.462,-5.538002,0,0,122839722,3,512,0,ok,
RUN_20260502_S7_L3_HIGH_75_100_S01_R01,S7_L3_HIGH_75_100,SER_20260502_S7_L3_HIGH_75_100_S01,HW_PLC,HW_PLC,456,456,457,,,,464482000,plc_internal_rd_loc_t_nanosecond,75,100,73.491,-1.509003,0,0,49990995,3,512,0,ok,
RUN_20260502_S7_L3_HIGH_75_100_S01_R01,S7_L3_HIGH_75_100,SER_20260502_S7_L3_HIGH_75_100_S01,HW_PLC,HW_PLC,457,457,458,,,,541478000,plc_internal_rd_loc_t_nanosecond,75,100,76.996,1.996002,0,0,1496535037,3,512,0,ok,
RUN_20260502_S7_L3_HIGH_75_100_S01_R01,S7_L3_HIGH_75_100,SER_20260502_S7_L3_HIGH_75_100_S01,HW_PLC,HW_PLC,458,458,459,,,,611231000,plc_internal_rd_loc_t_nanosecond,75,100,69.753,-5.247002,0,0,169597610,3,512,0,ok,
RUN_20260502_S7_L3_HIGH_75_100_S01_R01,S7_L3_HIGH_75_100,SER_20260502_S7_L3_HIGH_75_100_S01,HW_PLC,HW_PLC,459,459,460,,,,683791000,plc_internal_rd_loc_t_nanosecond,75,100,72.56,-2.440002,0,0,366247256,3,512,0,ok,
RUN_20260502_S7_L3_HIGH_75_100_S01_R01,S7_L3_HIGH_75_100,SER_20260502_S7_L3_HIGH_75_100_S01,HW_PLC,HW_PLC,460,460,461,,,,759882000,plc_internal_rd_loc_t_nanosecond,75,100,76.091,1.091003,0,0,2088577031,3,512,0,ok,
RUN_20260502_S7_L3_HIGH_75_100_S01_R01,S7_L3_HIGH_75_100,SER_20260502_S7_L3_HIGH_75_100_S01,HW_PLC,HW_PLC,461,461,462,,,,830309000,plc_internal_rd_loc_t_nanosecond,75,100,70.427,-4.572998,0,0,1043720889,3,512,0,ok,
RUN_20260502_S7_L3_HIGH_75_100_S01_R01,S7_L3_HIGH_75_100,SER_20260502_S7_L3_HIGH_75_100_S01,HW_PLC,HW_PLC,462,462,463,,,,910640000,plc_internal_rd_loc_t_nanosecond,75,100,80.331,5.331001,0,0,1528739180,3,512,0,ok,
RUN_20260502_S7_L3_HIGH_75_100_S01_R01,S7_L3_HIGH_75_100,SER_20260502_S7_L3_HIGH_75_100_S01,HW_PLC,HW_PLC,463,463,464,,,,987751000,plc_internal_rd_loc_t_nanosecond,75,100,77.111,2.111,0,0,1398249505,3,512,0,ok,
RUN_20260502_S7_L3_HIGH_75_100_S01_R01,S7_L3_HIGH_75_100,SER_20260502_S7_L3_HIGH_75_100_S01,HW_PLC,HW_PLC,464,464,465,,,,58303000,plc_internal_rd_loc_t_nanosecond,75,100,70.552,-4.447998,0,0,654344920,3,512,0,ok,
RUN_20260502_S7_L3_HIGH_75_100_S01_R01,S7_L3_HIGH_75_100,SER_20260502_S7_L3_HIGH_75_100_S01,HW_PLC,HW_PLC,465,465,466,,,,130490000,plc_internal_rd_loc_t_nanosecond,75,100,72.187,-2.813004,0,0,1446610320,3,512,0,ok,
RUN_20260502_S7_L3_HIGH_75_100_S01_R01,S7_L3_HIGH_75_100,SER_20260502_S7_L3_HIGH_75_100_S01,HW_PLC,HW_PLC,466,466,467,,,,207455000,plc_internal_rd_loc_t_nanosecond,75,100,76.965,1.964996,0,0,1629655114,3,512,0,ok,
RUN_20260502_S7_L3_HIGH_75_100_S01_R01,S7_L3_HIGH_75_100,SER_20260502_S7_L3_HIGH_75_100_S01,HW_PLC,HW_PLC,467,467,468,,,,277240000,plc_internal_rd_loc_t_nanosecond,75,100,69.785,-5.214996,0,0,1205580550,3,512,0,ok,
RUN_20260502_S7_L3_HIGH_75_100_S01_R01,S7_L3_HIGH_75_100,SER_20260502_S7_L3_HIGH_75_100_S01,HW_PLC,HW_PLC,468,468,469,,,,350893000,plc_internal_rd_loc_t_nanosecond,75,100,73.653,-1.347,0,0,176479684,3,512,0,ok,
RUN_20260502_S7_L3_HIGH_75_100_S01_R01,S7_L3_HIGH_75_100,SER_20260502_S7_L3_HIGH_75_100_S01,HW_PLC,HW_PLC,469,469,470,,,,427389000,plc_internal_rd_loc_t_nanosecond,75,100,76.496,1.496002,0,0,691937411,3,512,0,ok,
RUN_20260502_S7_L3_HIGH_75_100_S01_R01,S7_L3_HIGH_75_100,SER_20260502_S7_L3_HIGH_75_100_S01,HW_PLC,HW_PLC,470,470,471,,,,496824000,plc_internal_rd_loc_t_nanosecond,75,100,69.435,-5.565002,0,0,606563140,3,512,0,ok,
RUN_20260502_S7_L3_HIGH_75_100_S01_R01,S7_L3_HIGH_75_100,SER_20260502_S7_L3_HIGH_75_100_S01,HW_PLC,HW_PLC,471,471,472,,,,570323000,plc_internal_rd_loc_t_nanosecond,75,100,73.499,-1.500999,0,0,2069941766,3,512,0,ok,
RUN_20260502_S7_L3_HIGH_75_100_S01_R01,S7_L3_HIGH_75_100,SER_20260502_S7_L3_HIGH_75_100_S01,HW_PLC,HW_PLC,472,472,473,,,,646964000,plc_internal_rd_loc_t_nanosecond,75,100,76.641,1.640999,0,0,789199051,3,512,0,ok,
RUN_20260502_S7_L3_HIGH_75_100_S01_R01,S7_L3_HIGH_75_100,SER_20260502_S7_L3_HIGH_75_100_S01,HW_PLC,HW_PLC,473,473,474,,,,715706000,plc_internal_rd_loc_t_nanosecond,75,100,68.742,-6.258003,0,0,1061403537,3,512,0,ok,
RUN_20260502_S7_L3_HIGH_75_100_S01_R01,S7_L3_HIGH_75_100,SER_20260502_S7_L3_HIGH_75_100_S01,HW_PLC,HW_PLC,474,474,475,,,,791791000,plc_internal_rd_loc_t_nanosecond,75,100,76.085,1.084999,0,0,741164633,3,512,0,ok,
RUN_20260502_S7_L3_HIGH_75_100_S01_R01,S7_L3_HIGH_75_100,SER_20260502_S7_L3_HIGH_75_100_S01,HW_PLC,HW_PLC,475,475,476,,,,865598000,plc_internal_rd_loc_t_nanosecond,75,100,73.807,-1.193001,0,0,1978067234,3,512,0,ok,
RUN_20260502_S7_L3_HIGH_75_100_S01_R01,S7_L3_HIGH_75_100,SER_20260502_S7_L3_HIGH_75_100_S01,HW_PLC,HW_PLC,476,476,477,,,,940225000,plc_internal_rd_loc_t_nanosecond,75,100,74.627,-0.3730011,0,0,479237102,3,512,0,ok,
RUN_20260502_S7_L3_HIGH_75_100_S01_R01,S7_L3_HIGH_75_100,SER_20260502_S7_L3_HIGH_75_100_S01,HW_PLC,HW_PLC,477,477,478,,,,10734000,plc_internal_rd_loc_t_nanosecond,75,100,70.509,-4.490997,0,0,541742779,3,512,0,ok,
RUN_20260502_S7_L3_HIGH_75_100_S01_R01,S7_L3_HIGH_75_100,SER_20260502_S7_L3_HIGH_75_100_S01,HW_PLC,HW_PLC,478,478,479,,,,83264000,plc_internal_rd_loc_t_nanosecond,75,100,72.53,-2.470001,0,0,20193674,3,512,0,ok,
RUN_20260502_S7_L3_HIGH_75_100_S01_R01,S7_L3_HIGH_75_100,SER_20260502_S7_L3_HIGH_75_100_S01,HW_PLC,HW_PLC,479,479,480,,,,156724000,plc_internal_rd_loc_t_nanosecond,75,100,73.46,-1.540001,0,0,1064174682,3,512,0,ok,
RUN_20260502_S7_L3_HIGH_75_100_S01_R01,S7_L3_HIGH_75_100,SER_20260502_S7_L3_HIGH_75_100_S01,HW_PLC,HW_PLC,480,480,481,,,,233715000,plc_internal_rd_loc_t_nanosecond,75,100,76.991,1.990997,0,0,1528295212,3,512,0,ok,
RUN_20260502_S7_L3_HIGH_75_100_S01_R01,S7_L3_HIGH_75_100,SER_20260502_S7_L3_HIGH_75_100_S01,HW_PLC,HW_PLC,481,481,482,,,,303653000,plc_internal_rd_loc_t_nanosecond,75,100,69.938,-5.061996,0,0,1414656512,3,512,0,ok,
RUN_20260502_S7_L3_HIGH_75_100_S01_R01,S7_L3_HIGH_75_100,SER_20260502_S7_L3_HIGH_75_100_S01,HW_PLC,HW_PLC,482,482,483,,,,376802000,plc_internal_rd_loc_t_nanosecond,75,100,73.149,-1.850998,0,0,725351638,3,512,0,ok,
RUN_20260502_S7_L3_HIGH_75_100_S01_R01,S7_L3_HIGH_75_100,SER_20260502_S7_L3_HIGH_75_100_S01,HW_PLC,HW_PLC,483,483,484,,,,452191000,plc_internal_rd_loc_t_nanosecond,75,100,75.389,0.3889999,0,0,1609965485,3,512,0,ok,
RUN_20260502_S7_L3_HIGH_75_100_S01_R01,S7_L3_HIGH_75_100,SER_20260502_S7_L3_HIGH_75_100_S01,HW_PLC,HW_PLC,484,484,485,,,,521954000,plc_internal_rd_loc_t_nanosecond,75,100,69.763,-5.237,0,0,1923107462,3,512,0,ok,
RUN_20260502_S7_L3_HIGH_75_100_S01_R01,S7_L3_HIGH_75_100,SER_20260502_S7_L3_HIGH_75_100_S01,HW_PLC,HW_PLC,485,485,486,,,,591546000,plc_internal_rd_loc_t_nanosecond,75,100,69.592,-5.407997,0,0,1666878817,3,512,0,ok,
RUN_20260502_S7_L3_HIGH_75_100_S01_R01,S7_L3_HIGH_75_100,SER_20260502_S7_L3_HIGH_75_100_S01,HW_PLC,HW_PLC,486,486,487,,,,666992000,plc_internal_rd_loc_t_nanosecond,75,100,75.446,0.4459991,0,0,843372606,3,512,0,ok,
RUN_20260502_S7_L3_HIGH_75_100_S01_R01,S7_L3_HIGH_75_100,SER_20260502_S7_L3_HIGH_75_100_S01,HW_PLC,HW_PLC,487,487,488,,,,748885000,plc_internal_rd_loc_t_nanosecond,75,100,81.893,6.892998,0,0,1602173724,3,512,0,ok,
RUN_20260502_S7_L3_HIGH_75_100_S01_R01,S7_L3_HIGH_75_100,SER_20260502_S7_L3_HIGH_75_100_S01,HW_PLC,HW_PLC,488,488,489,,,,817712000,plc_internal_rd_loc_t_nanosecond,75,100,68.827,-6.172997,0,0,1797891580,3,512,0,ok,
RUN_20260502_S7_L3_HIGH_75_100_S01_R01,S7_L3_HIGH_75_100,SER_20260502_S7_L3_HIGH_75_100_S01,HW_PLC,HW_PLC,489,489,490,,,,891274000,plc_internal_rd_loc_t_nanosecond,75,100,73.562,-1.438004,0,0,1432627422,3,512,0,ok,
RUN_20260502_S7_L3_HIGH_75_100_S01_R01,S7_L3_HIGH_75_100,SER_20260502_S7_L3_HIGH_75_100_S01,HW_PLC,HW_PLC,490,490,491,,,,968243000,plc_internal_rd_loc_t_nanosecond,75,100,76.969,1.969002,0,0,508474306,3,512,0,ok,
RUN_20260502_S7_L3_HIGH_75_100_S01_R01,S7_L3_HIGH_75_100,SER_20260502_S7_L3_HIGH_75_100_S01,HW_PLC,HW_PLC,491,491,492,,,,37929000,plc_internal_rd_loc_t_nanosecond,75,100,69.686,-5.314003,0,0,1175017127,3,512,0,ok,
RUN_20260502_S7_L3_HIGH_75_100_S01_R01,S7_L3_HIGH_75_100,SER_20260502_S7_L3_HIGH_75_100_S01,HW_PLC,HW_PLC,492,492,493,,,,110750000,plc_internal_rd_loc_t_nanosecond,75,100,72.821,-2.179001,0,0,1286865294,3,512,0,ok,
RUN_20260502_S7_L3_HIGH_75_100_S01_R01,S7_L3_HIGH_75_100,SER_20260502_S7_L3_HIGH_75_100_S01,HW_PLC,HW_PLC,493,493,494,,,,187956000,plc_internal_rd_loc_t_nanosecond,75,100,77.206,2.206001,0,0,846120055,3,512,0,ok,
RUN_20260502_S7_L3_HIGH_75_100_S01_R01,S7_L3_HIGH_75_100,SER_20260502_S7_L3_HIGH_75_100_S01,HW_PLC,HW_PLC,494,494,495,,,,257711000,plc_internal_rd_loc_t_nanosecond,75,100,69.755,-5.245003,0,0,2002358113,3,512,0,ok,
RUN_20260502_S7_L3_HIGH_75_100_S01_R01,S7_L3_HIGH_75_100,SER_20260502_S7_L3_HIGH_75_100_S01,HW_PLC,HW_PLC,495,495,496,,,,330610000,plc_internal_rd_loc_t_nanosecond,75,100,72.899,-2.100998,0,0,462713422,3,512,0,ok,
RUN_20260502_S7_L3_HIGH_75_100_S01_R01,S7_L3_HIGH_75_100,SER_20260502_S7_L3_HIGH_75_100_S01,HW_PLC,HW_PLC,496,496,497,,,,407498000,plc_internal_rd_loc_t_nanosecond,75,100,76.888,1.888,0,0,524246332,3,512,0,ok,
RUN_20260502_S7_L3_HIGH_75_100_S01_R01,S7_L3_HIGH_75_100,SER_20260502_S7_L3_HIGH_75_100_S01,HW_PLC,HW_PLC,497,497,498,,,,477714000,plc_internal_rd_loc_t_nanosecond,75,100,70.216,-4.783997,0,0,41574444,3,512,0,ok,
RUN_20260502_S7_L3_HIGH_75_100_S01_R01,S7_L3_HIGH_75_100,SER_20260502_S7_L3_HIGH_75_100_S01,HW_PLC,HW_PLC,498,498,499,,,,551298000,plc_internal_rd_loc_t_nanosecond,75,100,73.584,-1.416,0,0,1164274461,3,512,0,ok,
RUN_20260502_S7_L3_HIGH_75_100_S01_R01,S7_L3_HIGH_75_100,SER_20260502_S7_L3_HIGH_75_100_S01,HW_PLC,HW_PLC,499,499,500,,,,634742000,plc_internal_rd_loc_t_nanosecond,75,100,83.444,8.444,0,1,1746963984,3,512,0,ok,
RUN_20260502_S7_L3_HIGH_75_100_S01_R01,S7_L3_HIGH_75_100,SER_20260502_S7_L3_HIGH_75_100_S01,HW_PLC,HW_PLC,500,500,501,,,,704441000,plc_internal_rd_loc_t_nanosecond,75,100,69.699,-5.301003,0,1,1791736069,3,512,0,ok,
RUN_20260502_S7_L3_HIGH_75_100_S01_R01,S7_L3_HIGH_75_100,SER_20260502_S7_L3_HIGH_75_100_S01,HW_PLC,HW_PLC,501,501,502,,,,777416000,plc_internal_rd_loc_t_nanosecond,75,100,72.975,-2.025002,0,1,1300691964,3,512,0,ok,
RUN_20260502_S7_L3_HIGH_75_100_S01_R01,S7_L3_HIGH_75_100,SER_20260502_S7_L3_HIGH_75_100_S01,HW_PLC,HW_PLC,502,502,503,,,,855263000,plc_internal_rd_loc_t_nanosecond,75,100,77.847,2.847,0,1,275924725,3,512,0,ok,
RUN_20260502_S7_L3_HIGH_75_100_S01_R01,S7_L3_HIGH_75_100,SER_20260502_S7_L3_HIGH_75_100_S01,HW_PLC,HW_PLC,503,503,504,,,,923814000,plc_internal_rd_loc_t_nanosecond,75,100,68.551,-6.448997,0,1,867019247,3,512,0,ok,
RUN_20260502_S7_L3_HIGH_75_100_S01_R01,S7_L3_HIGH_75_100,SER_20260502_S7_L3_HIGH_75_100_S01,HW_PLC,HW_PLC,504,504,505,,,,997369000,plc_internal_rd_loc_t_nanosecond,75,100,73.555,-1.445,0,1,928584939,3,512,0,ok,
RUN_20260502_S7_L3_HIGH_75_100_S01_R01,S7_L3_HIGH_75_100,SER_20260502_S7_L3_HIGH_75_100_S01,HW_PLC,HW_PLC,505,505,506,,,,74845000,plc_internal_rd_loc_t_nanosecond,75,100,77.476,2.475998,0,1,462723049,3,512,0,ok,
RUN_20260502_S7_L3_HIGH_75_100_S01_R01,S7_L3_HIGH_75_100,SER_20260502_S7_L3_HIGH_75_100_S01,HW_PLC,HW_PLC,506,506,507,,,,144536000,plc_internal_rd_loc_t_nanosecond,75,100,69.691,-5.308998,0,1,1619010280,3,512,0,ok,
RUN_20260502_S7_L3_HIGH_75_100_S01_R01,S7_L3_HIGH_75_100,SER_20260502_S7_L3_HIGH_75_100_S01,HW_PLC,HW_PLC,507,507,508,,,,217301000,plc_internal_rd_loc_t_nanosecond,75,100,72.765,-2.235001,0,1,104580586,3,512,0,ok,
RUN_20260502_S7_L3_HIGH_75_100_S01_R01,S7_L3_HIGH_75_100,SER_20260502_S7_L3_HIGH_75_100_S01,HW_PLC,HW_PLC,508,508,509,,,,294357000,plc_internal_rd_loc_t_nanosecond,75,100,77.056,2.056,0,1,216494317,3,512,0,ok,
RUN_20260502_S7_L3_HIGH_75_100_S01_R01,S7_L3_HIGH_75_100,SER_20260502_S7_L3_HIGH_75_100_S01,HW_PLC,HW_PLC,509,509,510,,,,365283000,plc_internal_rd_loc_t_nanosecond,75,100,70.926,-4.073997,0,1,1956852721,3,512,0,ok,
RUN_20260502_S7_L3_HIGH_75_100_S01_R01,S7_L3_HIGH_75_100,SER_20260502_S7_L3_HIGH_75_100_S01,HW_PLC,HW_PLC,510,510,511,,,,437555000,plc_internal_rd_loc_t_nanosecond,75,100,72.272,-2.727997,0,1,1032781560,3,512,0,ok,
RUN_20260502_S7_L3_HIGH_75_100_S01_R01,S7_L3_HIGH_75_100,SER_20260502_S7_L3_HIGH_75_100_S01,HW_PLC,HW_PLC,511,511,512,,,,520999000,plc_internal_rd_loc_t_nanosecond,75,100,83.444,8.444,0,1,1741349376,3,512,0,ok,
RUN_20260502_S7_L3_HIGH_75_100_S01_R01,S7_L3_HIGH_75_100,SER_20260502_S7_L3_HIGH_75_100_S01,HW_PLC,HW_PLC,512,512,513,,,,591317000,plc_internal_rd_loc_t_nanosecond,75,100,70.318,-4.681999,0,1,1937165578,3,512,0,ok,
RUN_20260502_S7_L3_HIGH_75_100_S01_R01,S7_L3_HIGH_75_100,SER_20260502_S7_L3_HIGH_75_100_S01,HW_PLC,HW_PLC,513,513,514,,,,664409000,plc_internal_rd_loc_t_nanosecond,75,100,73.092,-1.907997,0,1,1622331414,3,512,0,ok,
RUN_20260502_S7_L3_HIGH_75_100_S01_R01,S7_L3_HIGH_75_100,SER_20260502_S7_L3_HIGH_75_100_S01,HW_PLC,HW_PLC,514,514,515,,,,740962000,plc_internal_rd_loc_t_nanosecond,75,100,76.553,1.553001,0,1,798939940,3,512,0,ok,
RUN_20260502_S7_L3_HIGH_75_100_S01_R01,S7_L3_HIGH_75_100,SER_20260502_S7_L3_HIGH_75_100_S01,HW_PLC,HW_PLC,515,515,516,,,,810391000,plc_internal_rd_loc_t_nanosecond,75,100,69.429,-5.570999,0,1,1616576051,3,512,0,ok,
RUN_20260502_S7_L3_HIGH_75_100_S01_R01,S7_L3_HIGH_75_100,SER_20260502_S7_L3_HIGH_75_100_S01,HW_PLC,HW_PLC,516,516,517,,,,883987000,plc_internal_rd_loc_t_nanosecond,75,100,73.596,-1.403999,0,1,1929849156,3,512,0,ok,
RUN_20260502_S7_L3_HIGH_75_100_S01_R01,S7_L3_HIGH_75_100,SER_20260502_S7_L3_HIGH_75_100_S01,HW_PLC,HW_PLC,517,517,518,,,,960530000,plc_internal_rd_loc_t_nanosecond,75,100,76.543,1.542999,0,1,1740860503,3,512,0,ok,
RUN_20260502_S7_L3_HIGH_75_100_S01_R01,S7_L3_HIGH_75_100,SER_20260502_S7_L3_HIGH_75_100_S01,HW_PLC,HW_PLC,518,518,519,,,,29925000,plc_internal_rd_loc_t_nanosecond,75,100,69.395,-5.605003,0,1,1051703148,3,512,0,ok,
RUN_20260502_S7_L3_HIGH_75_100_S01_R01,S7_L3_HIGH_75_100,SER_20260502_S7_L3_HIGH_75_100_S01,HW_PLC,HW_PLC,519,519,520,,,,99692000,plc_internal_rd_loc_t_nanosecond,75,100,69.767,-5.233002,0,1,2011961986,3,512,0,ok,
RUN_20260502_S7_L3_HIGH_75_100_S01_R01,S7_L3_HIGH_75_100,SER_20260502_S7_L3_HIGH_75_100_S01,HW_PLC,HW_PLC,520,520,521,,,,173220000,plc_internal_rd_loc_t_nanosecond,75,100,73.528,-1.472,0,1,328762779,3,512,0,ok,
RUN_20260502_S7_L3_HIGH_75_100_S01_R01,S7_L3_HIGH_75_100,SER_20260502_S7_L3_HIGH_75_100_S01,HW_PLC,HW_PLC,521,521,522,,,,250421000,plc_internal_rd_loc_t_nanosecond,75,100,77.201,2.200996,0,1,299174069,3,512,0,ok,
RUN_20260502_S7_L3_HIGH_75_100_S01_R01,S7_L3_HIGH_75_100,SER_20260502_S7_L3_HIGH_75_100_S01,HW_PLC,HW_PLC,522,522,523,,,,319543000,plc_internal_rd_loc_t_nanosecond,75,100,69.122,-5.877998,0,1,1925288912,3,512,0,ok,
RUN_20260502_S7_L3_HIGH_75_100_S01_R01,S7_L3_HIGH_75_100,SER_20260502_S7_L3_HIGH_75_100_S01,HW_PLC,HW_PLC,523,523,524,,,,399861000,plc_internal_rd_loc_t_nanosecond,75,100,80.318,5.318001,0,1,914241262,3,512,0,ok,
RUN_20260502_S7_L3_HIGH_75_100_S01_R01,S7_L3_HIGH_75_100,SER_20260502_S7_L3_HIGH_75_100_S01,HW_PLC,HW_PLC,524,524,525,,,,477306000,plc_internal_rd_loc_t_nanosecond,75,100,77.445,2.445,0,1,1563091469,3,512,0,ok,
RUN_20260502_S7_L3_HIGH_75_100_S01_R01,S7_L3_HIGH_75_100,SER_20260502_S7_L3_HIGH_75_100_S01,HW_PLC,HW_PLC,525,525,526,,,,547215000,plc_internal_rd_loc_t_nanosecond,75,100,69.909,-5.091003,0,1,1726457134,3,512,0,ok,
RUN_20260502_S7_L3_HIGH_75_100_S01_R01,S7_L3_HIGH_75_100,SER_20260502_S7_L3_HIGH_75_100_S01,HW_PLC,HW_PLC,526,526,527,,,,619439000,plc_internal_rd_loc_t_nanosecond,75,100,72.224,-2.776001,0,1,1406431313,3,512,0,ok,
RUN_20260502_S7_L3_HIGH_75_100_S01_R01,S7_L3_HIGH_75_100,SER_20260502_S7_L3_HIGH_75_100_S01,HW_PLC,HW_PLC,527,527,528,,,,696727000,plc_internal_rd_loc_t_nanosecond,75,100,77.288,2.288002,0,1,605115254,3,512,0,ok,
RUN_20260502_S7_L3_HIGH_75_100_S01_R01,S7_L3_HIGH_75_100,SER_20260502_S7_L3_HIGH_75_100_S01,HW_PLC,HW_PLC,528,528,529,,,,766314000,plc_internal_rd_loc_t_nanosecond,75,100,69.587,-5.413002,0,1,1472085660,3,512,0,ok,
RUN_20260502_S7_L3_HIGH_75_100_S01_R01,S7_L3_HIGH_75_100,SER_20260502_S7_L3_HIGH_75_100_S01,HW_PLC,HW_PLC,529,529,530,,,,839566000,plc_internal_rd_loc_t_nanosecond,75,100,73.252,-1.748001,0,1,1861960132,3,512,0,ok,
RUN_20260502_S7_L3_HIGH_75_100_S01_R01,S7_L3_HIGH_75_100,SER_20260502_S7_L3_HIGH_75_100_S01,HW_PLC,HW_PLC,530,530,531,,,,916502000,plc_internal_rd_loc_t_nanosecond,75,100,76.936,1.935997,0,1,1776831726,3,512,0,ok,
RUN_20260502_S7_L3_HIGH_75_100_S01_R01,S7_L3_HIGH_75_100,SER_20260502_S7_L3_HIGH_75_100_S01,HW_PLC,HW_PLC,531,531,532,,,,986663000,plc_internal_rd_loc_t_nanosecond,75,100,70.161,-4.838997,0,1,1218801690,3,512,0,ok,
RUN_20260502_S7_L3_HIGH_75_100_S01_R01,S7_L3_HIGH_75_100,SER_20260502_S7_L3_HIGH_75_100_S01,HW_PLC,HW_PLC,532,532,533,,,,59885000,plc_internal_rd_loc_t_nanosecond,75,100,73.222,-1.778,0,1,189963080,3,512,0,ok,
RUN_20260502_S7_L3_HIGH_75_100_S01_R01,S7_L3_HIGH_75_100,SER_20260502_S7_L3_HIGH_75_100_S01,HW_PLC,HW_PLC,533,533,534,,,,136688000,plc_internal_rd_loc_t_nanosecond,75,100,76.803,1.803001,0,1,839900791,3,512,0,ok,
RUN_20260502_S7_L3_HIGH_75_100_S01_R01,S7_L3_HIGH_75_100,SER_20260502_S7_L3_HIGH_75_100_S01,HW_PLC,HW_PLC,534,534,535,,,,205944000,plc_internal_rd_loc_t_nanosecond,75,100,69.256,-5.744003,0,1,1023224232,3,512,0,ok,
RUN_20260502_S7_L3_HIGH_75_100_S01_R01,S7_L3_HIGH_75_100,SER_20260502_S7_L3_HIGH_75_100_S01,HW_PLC,HW_PLC,535,535,536,,,,286794000,plc_internal_rd_loc_t_nanosecond,75,100,80.85,5.849998,0,1,742034651,3,512,0,ok,
RUN_20260502_S7_L3_HIGH_75_100_S01_R01,S7_L3_HIGH_75_100,SER_20260502_S7_L3_HIGH_75_100_S01,HW_PLC,HW_PLC,536,536,537,,,,364210000,plc_internal_rd_loc_t_nanosecond,75,100,77.416,2.416,0,1,2145908751,3,512,0,ok,
RUN_20260502_S7_L3_HIGH_75_100_S01_R01,S7_L3_HIGH_75_100,SER_20260502_S7_L3_HIGH_75_100_S01,HW_PLC,HW_PLC,537,537,538,,,,432959000,plc_internal_rd_loc_t_nanosecond,75,100,68.749,-6.250999,0,1,941980486,3,512,0,ok,
RUN_20260502_S7_L3_HIGH_75_100_S01_R01,S7_L3_HIGH_75_100,SER_20260502_S7_L3_HIGH_75_100_S01,HW_PLC,HW_PLC,538,538,539,,,,506490000,plc_internal_rd_loc_t_nanosecond,75,100,73.531,-1.469002,0,1,1427310206,3,512,0,ok,
RUN_20260502_S7_L3_HIGH_75_100_S01_R01,S7_L3_HIGH_75_100,SER_20260502_S7_L3_HIGH_75_100_S01,HW_PLC,HW_PLC,539,539,540,,,,583614000,plc_internal_rd_loc_t_nanosecond,75,100,77.124,2.124001,0,1,1456515512,3,512,0,ok,
RUN_20260502_S7_L3_HIGH_75_100_S01_R01,S7_L3_HIGH_75_100,SER_20260502_S7_L3_HIGH_75_100_S01,HW_PLC,HW_PLC,540,540,541,,,,653221000,plc_internal_rd_loc_t_nanosecond,75,100,69.607,-5.392998,0,1,1031689460,3,512,0,ok,
RUN_20260502_S7_L3_HIGH_75_100_S01_R01,S7_L3_HIGH_75_100,SER_20260502_S7_L3_HIGH_75_100_S01,HW_PLC,HW_PLC,541,541,542,,,,725818000,plc_internal_rd_loc_t_nanosecond,75,100,72.597,-2.403,0,1,154933298,3,512,0,ok,
RUN_20260502_S7_L3_HIGH_75_100_S01_R01,S7_L3_HIGH_75_100,SER_20260502_S7_L3_HIGH_75_100_S01,HW_PLC,HW_PLC,542,542,543,,,,803204000,plc_internal_rd_loc_t_nanosecond,75,100,77.386,2.386002,0,1,975823729,3,512,0,ok,
RUN_20260502_S7_L3_HIGH_75_100_S01_R01,S7_L3_HIGH_75_100,SER_20260502_S7_L3_HIGH_75_100_S01,HW_PLC,HW_PLC,543,543,544,,,,873469000,plc_internal_rd_loc_t_nanosecond,75,100,70.265,-4.735001,0,1,1348978354,3,512,0,ok,
RUN_20260502_S7_L3_HIGH_75_100_S01_R01,S7_L3_HIGH_75_100,SER_20260502_S7_L3_HIGH_75_100_S01,HW_PLC,HW_PLC,544,544,545,,,,946460000,plc_internal_rd_loc_t_nanosecond,75,100,72.991,-2.009003,0,1,1276490229,3,512,0,ok,
RUN_20260502_S7_L3_HIGH_75_100_S01_R01,S7_L3_HIGH_75_100,SER_20260502_S7_L3_HIGH_75_100_S01,HW_PLC,HW_PLC,545,545,546,,,,21515000,plc_internal_rd_loc_t_nanosecond,75,100,75.055,0.05500031,0,1,760460602,3,512,0,ok,
RUN_20260502_S7_L3_HIGH_75_100_S01_R01,S7_L3_HIGH_75_100,SER_20260502_S7_L3_HIGH_75_100_S01,HW_PLC,HW_PLC,546,546,547,,,,94473000,plc_internal_rd_loc_t_nanosecond,75,100,72.958,-2.042,0,1,1950466176,3,512,0,ok,
RUN_20260502_S7_L3_HIGH_75_100_S01_R01,S7_L3_HIGH_75_100,SER_20260502_S7_L3_HIGH_75_100_S01,HW_PLC,HW_PLC,547,547,548,,,,164250000,plc_internal_rd_loc_t_nanosecond,75,100,69.777,-5.223,0,1,553640905,3,512,0,ok,
RUN_20260502_S7_L3_HIGH_75_100_S01_R01,S7_L3_HIGH_75_100,SER_20260502_S7_L3_HIGH_75_100_S01,HW_PLC,HW_PLC,548,548,549,,,,244441000,plc_internal_rd_loc_t_nanosecond,75,100,80.191,5.191002,0,1,867045139,3,512,0,ok,
RUN_20260502_S7_L3_HIGH_75_100_S01_R01,S7_L3_HIGH_75_100,SER_20260502_S7_L3_HIGH_75_100_S01,HW_PLC,HW_PLC,549,549,550,,,,312881000,plc_internal_rd_loc_t_nanosecond,75,100,68.44,-6.559998,0,1,745296479,3,512,0,ok,
RUN_20260502_S7_L3_HIGH_75_100_S01_R01,S7_L3_HIGH_75_100,SER_20260502_S7_L3_HIGH_75_100_S01,HW_PLC,HW_PLC,550,550,551,,,,389994000,plc_internal_rd_loc_t_nanosecond,75,100,77.113,2.112999,0,1,190487981,3,512,0,ok,
RUN_20260502_S7_L3_HIGH_75_100_S01_R01,S7_L3_HIGH_75_100,SER_20260502_S7_L3_HIGH_75_100_S01,HW_PLC,HW_PLC,551,551,552,,,,460285000,plc_internal_rd_loc_t_nanosecond,75,100,70.291,-4.709,0,1,1352204540,3,512,0,ok,
RUN_20260502_S7_L3_HIGH_75_100_S01_R01,S7_L3_HIGH_75_100,SER_20260502_S7_L3_HIGH_75_100_S01,HW_PLC,HW_PLC,552,552,553,,,,532389000,plc_internal_rd_loc_t_nanosecond,75,100,72.104,-2.896004,0,1,2085055565,3,512,0,ok,
RUN_20260502_S7_L3_HIGH_75_100_S01_R01,S7_L3_HIGH_75_100,SER_20260502_S7_L3_HIGH_75_100_S01,HW_PLC,HW_PLC,553,553,554,,,,607949000,plc_internal_rd_loc_t_nanosecond,75,100,75.56,0.5599976,0,1,243658657,3,512,0,ok,
RUN_20260502_S7_L3_HIGH_75_100_S01_R01,S7_L3_HIGH_75_100,SER_20260502_S7_L3_HIGH_75_100_S01,HW_PLC,HW_PLC,554,554,555,,,,678766000,plc_internal_rd_loc_t_nanosecond,75,100,70.817,-4.182999,0,1,125074166,3,512,0,ok,
RUN_20260502_S7_L3_HIGH_75_100_S01_R01,S7_L3_HIGH_75_100,SER_20260502_S7_L3_HIGH_75_100_S01,HW_PLC,HW_PLC,555,555,556,,,,748732000,plc_internal_rd_loc_t_nanosecond,75,100,69.966,-5.033997,0,1,1731403340,3,512,0,ok,
RUN_20260502_S7_L3_HIGH_75_100_S01_R01,S7_L3_HIGH_75_100,SER_20260502_S7_L3_HIGH_75_100_S01,HW_PLC,HW_PLC,556,556,557,,,,821596000,plc_internal_rd_loc_t_nanosecond,75,100,72.864,-2.136002,0,1,769771941,3,512,0,ok,
RUN_20260502_S7_L3_HIGH_75_100_S01_R01,S7_L3_HIGH_75_100,SER_20260502_S7_L3_HIGH_75_100_S01,HW_PLC,HW_PLC,557,557,558,,,,898504000,plc_internal_rd_loc_t_nanosecond,75,100,76.908,1.907997,0,1,1537248511,3,512,0,ok,
RUN_20260502_S7_L3_HIGH_75_100_S01_R01,S7_L3_HIGH_75_100,SER_20260502_S7_L3_HIGH_75_100_S01,HW_PLC,HW_PLC,558,558,559,,,,967758000,plc_internal_rd_loc_t_nanosecond,75,100,69.254,-5.746002,0,1,1888442459,3,512,0,ok,
RUN_20260502_S7_L3_HIGH_75_100_S01_R01,S7_L3_HIGH_75_100,SER_20260502_S7_L3_HIGH_75_100_S01,HW_PLC,HW_PLC,559,559,560,,,,37184000,plc_internal_rd_loc_t_nanosecond,75,100,69.426,-5.573997,0,1,1825455033,3,512,0,ok,
RUN_20260502_S7_L3_HIGH_75_100_S01_R01,S7_L3_HIGH_75_100,SER_20260502_S7_L3_HIGH_75_100_S01,HW_PLC,HW_PLC,560,560,561,,,,117796000,plc_internal_rd_loc_t_nanosecond,75,100,80.612,5.612,0,1,1350379289,3,512,0,ok,
RUN_20260502_S7_L3_HIGH_75_100_S01_R01,S7_L3_HIGH_75_100,SER_20260502_S7_L3_HIGH_75_100_S01,HW_PLC,HW_PLC,561,561,562,,,,193203000,plc_internal_rd_loc_t_nanosecond,75,100,75.407,0.4069977,0,1,465316475,3,512,0,ok,
RUN_20260502_S7_L3_HIGH_75_100_S01_R01,S7_L3_HIGH_75_100,SER_20260502_S7_L3_HIGH_75_100_S01,HW_PLC,HW_PLC,562,562,563,,,,264225000,plc_internal_rd_loc_t_nanosecond,75,100,71.022,-3.977997,0,1,1319843294,3,512,0,ok,
RUN_20260502_S7_L3_HIGH_75_100_S01_R01,S7_L3_HIGH_75_100,SER_20260502_S7_L3_HIGH_75_100_S01,HW_PLC,HW_PLC,563,563,564,,,,334183000,plc_internal_rd_loc_t_nanosecond,75,100,69.958,-5.042,0,1,1768577347,3,512,0,ok,
RUN_20260502_S7_L3_HIGH_75_100_S01_R01,S7_L3_HIGH_75_100,SER_20260502_S7_L3_HIGH_75_100_S01,HW_PLC,HW_PLC,564,564,565,,,,407268000,plc_internal_rd_loc_t_nanosecond,75,100,73.085,-1.915001,0,1,1813611690,3,512,0,ok,
RUN_20260502_S7_L3_HIGH_75_100_S01_R01,S7_L3_HIGH_75_100,SER_20260502_S7_L3_HIGH_75_100_S01,HW_PLC,HW_PLC,565,565,566,,,,483834000,plc_internal_rd_loc_t_nanosecond,75,100,76.566,1.566002,0,1,1457047571,3,512,0,ok,
RUN_20260502_S7_L3_HIGH_75_100_S01_R01,S7_L3_HIGH_75_100,SER_20260502_S7_L3_HIGH_75_100_S01,HW_PLC,HW_PLC,566,566,567,,,,552990000,plc_internal_rd_loc_t_nanosecond,75,100,69.156,-5.844002,0,1,700978046,3,512,0,ok,
RUN_20260502_S7_L3_HIGH_75_100_S01_R01,S7_L3_HIGH_75_100,SER_20260502_S7_L3_HIGH_75_100_S01,HW_PLC,HW_PLC,567,567,568,,,,621857000,plc_internal_rd_loc_t_nanosecond,75,100,68.867,-6.133003,0,1,1694988010,3,512,0,ok,
RUN_20260502_S7_L3_HIGH_75_100_S01_R01,S7_L3_HIGH_75_100,SER_20260502_S7_L3_HIGH_75_100_S01,HW_PLC,HW_PLC,568,568,569,,,,695482000,plc_internal_rd_loc_t_nanosecond,75,100,73.625,-1.375,0,1,146203225,3,512,0,ok,
RUN_20260502_S7_L3_HIGH_75_100_S01_R01,S7_L3_HIGH_75_100,SER_20260502_S7_L3_HIGH_75_100_S01,HW_PLC,HW_PLC,569,569,570,,,,772260000,plc_internal_rd_loc_t_nanosecond,75,100,76.778,1.778,0,1,351692233,3,512,0,ok,
RUN_20260502_S7_L3_HIGH_75_100_S01_R01,S7_L3_HIGH_75_100,SER_20260502_S7_L3_HIGH_75_100_S01,HW_PLC,HW_PLC,570,570,571,,,,842267000,plc_internal_rd_loc_t_nanosecond,75,100,70.007,-4.992996,0,1,166064443,3,512,0,ok,
RUN_20260502_S7_L3_HIGH_75_100_S01_R01,S7_L3_HIGH_75_100,SER_20260502_S7_L3_HIGH_75_100_S01,HW_PLC,HW_PLC,571,571,572,,,,915244000,plc_internal_rd_loc_t_nanosecond,75,100,72.977,-2.023003,0,1,1738904750,3,512,0,ok,
RUN_20260502_S7_L3_HIGH_75_100_S01_R01,S7_L3_HIGH_75_100,SER_20260502_S7_L3_HIGH_75_100_S01,HW_PLC,HW_PLC,572,572,573,,,,993254000,plc_internal_rd_loc_t_nanosecond,75,100,78.01,3.010002,0,1,777338916,3,512,0,ok,
RUN_20260502_S7_L3_HIGH_75_100_S01_R01,S7_L3_HIGH_75_100,SER_20260502_S7_L3_HIGH_75_100_S01,HW_PLC,HW_PLC,573,573,574,,,,68530000,plc_internal_rd_loc_t_nanosecond,75,100,75.276,0.276001,0,1,1578435483,3,512,0,ok,
RUN_20260502_S7_L3_HIGH_75_100_S01_R01,S7_L3_HIGH_75_100,SER_20260502_S7_L3_HIGH_75_100_S01,HW_PLC,HW_PLC,574,574,575,,,,137534000,plc_internal_rd_loc_t_nanosecond,75,100,69.004,-5.996002,0,1,1996803860,3,512,0,ok,
RUN_20260502_S7_L3_HIGH_75_100_S01_R01,S7_L3_HIGH_75_100,SER_20260502_S7_L3_HIGH_75_100_S01,HW_PLC,HW_PLC,575,575,576,,,,211437000,plc_internal_rd_loc_t_nanosecond,75,100,73.903,-1.097,0,1,2034545295,3,512,0,ok,
RUN_20260502_S7_L3_HIGH_75_100_S01_R01,S7_L3_HIGH_75_100,SER_20260502_S7_L3_HIGH_75_100_S01,HW_PLC,HW_PLC,576,576,577,,,,284988000,plc_internal_rd_loc_t_nanosecond,75,100,73.551,-1.448997,0,1,1693752844,3,512,0,ok,
RUN_20260502_S7_L3_HIGH_75_100_S01_R01,S7_L3_HIGH_75_100,SER_20260502_S7_L3_HIGH_75_100_S01,HW_PLC,HW_PLC,577,577,578,,,,357748000,plc_internal_rd_loc_t_nanosecond,75,100,72.76,-2.239998,0,1,976527755,3,512,0,ok,
RUN_20260502_S7_L3_HIGH_75_100_S01_R01,S7_L3_HIGH_75_100,SER_20260502_S7_L3_HIGH_75_100_S01,HW_PLC,HW_PLC,578,578,579,,,,426580000,plc_internal_rd_loc_t_nanosecond,75,100,68.832,-6.167999,0,1,2032446731,3,512,0,ok,
RUN_20260502_S7_L3_HIGH_75_100_S01_R01,S7_L3_HIGH_75_100,SER_20260502_S7_L3_HIGH_75_100_S01,HW_PLC,HW_PLC,579,579,580,,,,499947000,plc_internal_rd_loc_t_nanosecond,75,100,73.367,-1.633003,0,1,568643726,3,512,0,ok,
RUN_20260502_S7_L3_HIGH_75_100_S01_R01,S7_L3_HIGH_75_100,SER_20260502_S7_L3_HIGH_75_100_S01,HW_PLC,HW_PLC,580,580,581,,,,577198000,plc_internal_rd_loc_t_nanosecond,75,100,77.251,2.250999,0,1,882179090,3,512,0,ok,
RUN_20260502_S7_L3_HIGH_75_100_S01_R01,S7_L3_HIGH_75_100,SER_20260502_S7_L3_HIGH_75_100_S01,HW_PLC,HW_PLC,581,581,582,,,,647417000,plc_internal_rd_loc_t_nanosecond,75,100,70.219,-4.780998,0,1,827670424,3,512,0,ok,
RUN_20260502_S7_L3_HIGH_75_100_S01_R01,S7_L3_HIGH_75_100,SER_20260502_S7_L3_HIGH_75_100_S01,HW_PLC,HW_PLC,582,582,583,,,,719506000,plc_internal_rd_loc_t_nanosecond,75,100,72.089,-2.911003,0,1,407210784,3,512,0,ok,
RUN_20260502_S7_L3_HIGH_75_100_S01_R01,S7_L3_HIGH_75_100,SER_20260502_S7_L3_HIGH_75_100_S01,HW_PLC,HW_PLC,583,583,584,,,,796806000,plc_internal_rd_loc_t_nanosecond,75,100,77.3,2.300003,0,1,1770385065,3,512,0,ok,
RUN_20260502_S7_L3_HIGH_75_100_S01_R01,S7_L3_HIGH_75_100,SER_20260502_S7_L3_HIGH_75_100_S01,HW_PLC,HW_PLC,584,584,585,,,,868672000,plc_internal_rd_loc_t_nanosecond,75,100,71.866,-3.134003,0,1,624319029,3,512,0,ok,
RUN_20260502_S7_L3_HIGH_75_100_S01_R01,S7_L3_HIGH_75_100,SER_20260502_S7_L3_HIGH_75_100_S01,HW_PLC,HW_PLC,585,585,586,,,,946814000,plc_internal_rd_loc_t_nanosecond,75,100,78.142,3.141998,0,1,1266081218,3,512,0,ok,
RUN_20260502_S7_L3_HIGH_75_100_S01_R01,S7_L3_HIGH_75_100,SER_20260502_S7_L3_HIGH_75_100_S01,HW_PLC,HW_PLC,586,586,587,,,,20278000,plc_internal_rd_loc_t_nanosecond,75,100,73.464,-1.536003,0,1,1550281041,3,512,0,ok,
RUN_20260502_S7_L3_HIGH_75_100_S01_R01,S7_L3_HIGH_75_100,SER_20260502_S7_L3_HIGH_75_100_S01,HW_PLC,HW_PLC,587,587,588,,,,92376000,plc_internal_rd_loc_t_nanosecond,75,100,72.098,-2.902,0,1,1479019746,3,512,0,ok,
RUN_20260502_S7_L3_HIGH_75_100_S01_R01,S7_L3_HIGH_75_100,SER_20260502_S7_L3_HIGH_75_100_S01,HW_PLC,HW_PLC,588,588,589,,,,162430000,plc_internal_rd_loc_t_nanosecond,75,100,70.054,-4.945999,0,1,1054390389,3,512,0,ok,
RUN_20260502_S7_L3_HIGH_75_100_S01_R01,S7_L3_HIGH_75_100,SER_20260502_S7_L3_HIGH_75_100_S01,HW_PLC,HW_PLC,589,589,590,,,,234924000,plc_internal_rd_loc_t_nanosecond,75,100,72.494,-2.505997,0,1,278494218,3,512,0,ok,
RUN_20260502_S7_L3_HIGH_75_100_S01_R01,S7_L3_HIGH_75_100,SER_20260502_S7_L3_HIGH_75_100_S01,HW_PLC,HW_PLC,590,590,591,,,,311245000,plc_internal_rd_loc_t_nanosecond,75,100,76.321,1.320999,0,1,1300907936,3,512,0,ok,
RUN_20260502_S7_L3_HIGH_75_100_S01_R01,S7_L3_HIGH_75_100,SER_20260502_S7_L3_HIGH_75_100_S01,HW_PLC,HW_PLC,591,591,592,,,,381371000,plc_internal_rd_loc_t_nanosecond,75,100,70.126,-4.874001,0,1,1976249144,3,512,0,ok,
RUN_20260502_S7_L3_HIGH_75_100_S01_R01,S7_L3_HIGH_75_100,SER_20260502_S7_L3_HIGH_75_100_S01,HW_PLC,HW_PLC,592,592,593,,,,451725000,plc_internal_rd_loc_t_nanosecond,75,100,70.354,-4.646004,0,1,159127251,3,512,0,ok,
RUN_20260502_S7_L3_HIGH_75_100_S01_R01,S7_L3_HIGH_75_100,SER_20260502_S7_L3_HIGH_75_100_S01,HW_PLC,HW_PLC,593,593,594,,,,524533000,plc_internal_rd_loc_t_nanosecond,75,100,72.808,-2.192001,0,1,146610799,3,512,0,ok,
RUN_20260502_S7_L3_HIGH_75_100_S01_R01,S7_L3_HIGH_75_100,SER_20260502_S7_L3_HIGH_75_100_S01,HW_PLC,HW_PLC,594,594,595,,,,601674000,plc_internal_rd_loc_t_nanosecond,75,100,77.141,2.140999,0,1,1940792844,3,512,0,ok,
RUN_20260502_S7_L3_HIGH_75_100_S01_R01,S7_L3_HIGH_75_100,SER_20260502_S7_L3_HIGH_75_100_S01,HW_PLC,HW_PLC,595,595,596,,,,671481000,plc_internal_rd_loc_t_nanosecond,75,100,69.807,-5.193001,0,1,1248807340,3,512,0,ok,
RUN_20260502_S7_L3_HIGH_75_100_S01_R01,S7_L3_HIGH_75_100,SER_20260502_S7_L3_HIGH_75_100_S01,HW_PLC,HW_PLC,596,596,597,,,,744794000,plc_internal_rd_loc_t_nanosecond,75,100,73.313,-1.686996,0,1,220230990,3,512,0,ok,
RUN_20260502_S7_L3_HIGH_75_100_S01_R01,S7_L3_HIGH_75_100,SER_20260502_S7_L3_HIGH_75_100_S01,HW_PLC,HW_PLC,597,597,598,,,,828144000,plc_internal_rd_loc_t_nanosecond,75,100,83.35,8.349998,0,1,1004648689,3,512,0,ok,
RUN_20260502_S7_L3_HIGH_75_100_S01_R01,S7_L3_HIGH_75_100,SER_20260502_S7_L3_HIGH_75_100_S01,HW_PLC,HW_PLC,598,598,599,,,,897860000,plc_internal_rd_loc_t_nanosecond,75,100,69.716,-5.283997,0,1,1456669846,3,512,0,ok,
RUN_20260502_S7_L3_HIGH_75_100_S01_R01,S7_L3_HIGH_75_100,SER_20260502_S7_L3_HIGH_75_100_S01,HW_PLC,HW_PLC,599,599,600,,,,971269000,plc_internal_rd_loc_t_nanosecond,75,100,73.409,-1.591003,0,0,1578395709,3,512,0,ok,
RUN_20260502_S7_L3_HIGH_75_100_S01_R01,S7_L3_HIGH_75_100,SER_20260502_S7_L3_HIGH_75_100_S01,HW_PLC,HW_PLC,600,600,601,,,,48777000,plc_internal_rd_loc_t_nanosecond,75,100,77.508,2.508003,0,0,1371919334,3,512,0,ok,
RUN_20260502_S7_L3_HIGH_75_100_S01_R01,S7_L3_HIGH_75_100,SER_20260502_S7_L3_HIGH_75_100_S01,HW_PLC,HW_PLC,601,601,602,,,,117626000,plc_internal_rd_loc_t_nanosecond,75,100,68.849,-6.151001,0,0,839341969,3,512,0,ok,
RUN_20260502_S7_L3_HIGH_75_100_S01_R01,S7_L3_HIGH_75_100,SER_20260502_S7_L3_HIGH_75_100_S01,HW_PLC,HW_PLC,602,602,603,,,,191243000,plc_internal_rd_loc_t_nanosecond,75,100,73.617,-1.383003,0,0,2130240317,3,512,0,ok,
RUN_20260502_S7_L3_HIGH_75_100_S01_R01,S7_L3_HIGH_75_100,SER_20260502_S7_L3_HIGH_75_100_S01,HW_PLC,HW_PLC,603,603,604,,,,268345000,plc_internal_rd_loc_t_nanosecond,75,100,77.102,2.101997,0,0,951748332,3,512,0,ok,
RUN_20260502_S7_L3_HIGH_75_100_S01_R01,S7_L3_HIGH_75_100,SER_20260502_S7_L3_HIGH_75_100_S01,HW_PLC,HW_PLC,604,604,605,,,,337545000,plc_internal_rd_loc_t_nanosecond,75,100,69.2,-5.800003,0,0,1600926364,3,512,0,ok,
RUN_20260502_S7_L3_HIGH_75_100_S01_R01,S7_L3_HIGH_75_100,SER_20260502_S7_L3_HIGH_75_100_S01,HW_PLC,HW_PLC,605,605,606,,,,410902000,plc_internal_rd_loc_t_nanosecond,75,100,73.357,-1.642998,0,0,1932392014,3,512,0,ok,
RUN_20260502_S7_L3_HIGH_75_100_S01_R01,S7_L3_HIGH_75_100,SER_20260502_S7_L3_HIGH_75_100_S01,HW_PLC,HW_PLC,606,606,607,,,,487874000,plc_internal_rd_loc_t_nanosecond,75,100,76.972,1.972,0,0,1948238338,3,512,0,ok,
RUN_20260502_S7_L3_HIGH_75_100_S01_R01,S7_L3_HIGH_75_100,SER_20260502_S7_L3_HIGH_75_100_S01,HW_PLC,HW_PLC,607,607,608,,,,558343000,plc_internal_rd_loc_t_nanosecond,75,100,70.469,-4.530998,0,0,1650566584,3,512,0,ok,
RUN_20260502_S7_L3_HIGH_75_100_S01_R01,S7_L3_HIGH_75_100,SER_20260502_S7_L3_HIGH_75_100_S01,HW_PLC,HW_PLC,608,608,609,,,,630520000,plc_internal_rd_loc_t_nanosecond,75,100,72.177,-2.822998,0,0,1041469808,3,512,0,ok,
RUN_20260502_S7_L3_HIGH_75_100_S01_R01,S7_L3_HIGH_75_100,SER_20260502_S7_L3_HIGH_75_100_S01,HW_PLC,HW_PLC,609,609,610,,,,714344000,plc_internal_rd_loc_t_nanosecond,75,100,83.824,8.823997,0,0,123049258,3,512,0,ok,
RUN_20260502_S7_L3_HIGH_75_100_S01_R01,S7_L3_HIGH_75_100,SER_20260502_S7_L3_HIGH_75_100_S01,HW_PLC,HW_PLC,610,610,611,,,,784931000,plc_internal_rd_loc_t_nanosecond,75,100,70.587,-4.413002,0,0,1044881637,3,512,0,ok,
RUN_20260502_S7_L3_HIGH_75_100_S01_R01,S7_L3_HIGH_75_100,SER_20260502_S7_L3_HIGH_75_100_S01,HW_PLC,HW_PLC,611,611,612,,,,858327000,plc_internal_rd_loc_t_nanosecond,75,100,73.396,-1.603996,0,0,1661584546,3,512,0,ok,
RUN_20260502_S7_L3_HIGH_75_100_S01_R01,S7_L3_HIGH_75_100,SER_20260502_S7_L3_HIGH_75_100_S01,HW_PLC,HW_PLC,612,612,613,,,,934784000,plc_internal_rd_loc_t_nanosecond,75,100,76.457,1.457001,0,0,1975251041,3,512,0,ok,
RUN_20260502_S7_L3_HIGH_75_100_S01_R01,S7_L3_HIGH_75_100,SER_20260502_S7_L3_HIGH_75_100_S01,HW_PLC,HW_PLC,613,613,614,,,,4287000,plc_internal_rd_loc_t_nanosecond,75,100,69.503,-5.497002,0,0,1987982370,3,512,0,ok,
RUN_20260502_S7_L3_HIGH_75_100_S01_R01,S7_L3_HIGH_75_100,SER_20260502_S7_L3_HIGH_75_100_S01,HW_PLC,HW_PLC,614,614,615,,,,80516000,plc_internal_rd_loc_t_nanosecond,75,100,76.229,1.228996,0,0,1701871589,3,512,0,ok,
RUN_20260502_S7_L3_HIGH_75_100_S01_R01,S7_L3_HIGH_75_100,SER_20260502_S7_L3_HIGH_75_100_S01,HW_PLC,HW_PLC,615,615,616,,,,157304000,plc_internal_rd_loc_t_nanosecond,75,100,76.788,1.788002,0,0,1119019946,3,512,0,ok,
RUN_20260502_S7_L3_HIGH_75_100_S01_R01,S7_L3_HIGH_75_100,SER_20260502_S7_L3_HIGH_75_100_S01,HW_PLC,HW_PLC,616,616,617,,,,225751000,plc_internal_rd_loc_t_nanosecond,75,100,68.447,-6.553001,0,0,241520497,3,512,0,ok,
RUN_20260502_S7_L3_HIGH_75_100_S01_R01,S7_L3_HIGH_75_100,SER_20260502_S7_L3_HIGH_75_100_S01,HW_PLC,HW_PLC,617,617,618,,,,295668000,plc_internal_rd_loc_t_nanosecond,75,100,69.917,-5.083,0,0,1218958137,3,512,0,ok,
RUN_20260502_S7_L3_HIGH_75_100_S01_R01,S7_L3_HIGH_75_100,SER_20260502_S7_L3_HIGH_75_100_S01,HW_PLC,HW_PLC,618,618,619,,,,369262000,plc_internal_rd_loc_t_nanosecond,75,100,73.594,-1.405998,0,0,1905942275,3,512,0,ok,
RUN_20260502_S7_L3_HIGH_75_100_S01_R01,S7_L3_HIGH_75_100,SER_20260502_S7_L3_HIGH_75_100_S01,HW_PLC,HW_PLC,619,619,620,,,,446532000,plc_internal_rd_loc_t_nanosecond,75,100,77.27,2.269997,0,0,157090512,3,512,0,ok,
RUN_20260502_S7_L3_HIGH_75_100_S01_R01,S7_L3_HIGH_75_100,SER_20260502_S7_L3_HIGH_75_100_S01,HW_PLC,HW_PLC,620,620,621,,,,515303000,plc_internal_rd_loc_t_nanosecond,75,100,68.771,-6.228996,0,0,269463198,3,512,0,ok,
RUN_20260502_S7_L3_HIGH_75_100_S01_R01,S7_L3_HIGH_75_100,SER_20260502_S7_L3_HIGH_75_100_S01,HW_PLC,HW_PLC,621,621,622,,,,595478000,plc_internal_rd_loc_t_nanosecond,75,100,80.175,5.175003,0,0,97677934,3,512,0,ok,
RUN_20260502_S7_L3_HIGH_75_100_S01_R01,S7_L3_HIGH_75_100,SER_20260502_S7_L3_HIGH_75_100_S01,HW_PLC,HW_PLC,622,622,623,,,,672669000,plc_internal_rd_loc_t_nanosecond,75,100,77.191,2.191002,0,0,1791311423,3,512,0,ok,
RUN_20260502_S7_L3_HIGH_75_100_S01_R01,S7_L3_HIGH_75_100,SER_20260502_S7_L3_HIGH_75_100_S01,HW_PLC,HW_PLC,623,623,624,,,,741603000,plc_internal_rd_loc_t_nanosecond,75,100,68.934,-6.066002,0,0,1057497619,3,512,0,ok,
RUN_20260502_S7_L3_HIGH_75_100_S01_R01,S7_L3_HIGH_75_100,SER_20260502_S7_L3_HIGH_75_100_S01,HW_PLC,HW_PLC,624,624,625,,,,815221000,plc_internal_rd_loc_t_nanosecond,75,100,73.618,-1.382004,0,0,45813225,3,512,0,ok,
RUN_20260502_S7_L3_HIGH_75_100_S01_R01,S7_L3_HIGH_75_100,SER_20260502_S7_L3_HIGH_75_100_S01,HW_PLC,HW_PLC,625,625,626,,,,889245000,plc_internal_rd_loc_t_nanosecond,75,100,74.024,-0.9759979,0,0,905843136,3,512,0,ok,
RUN_20260502_S7_L3_HIGH_75_100_S01_R01,S7_L3_HIGH_75_100,SER_20260502_S7_L3_HIGH_75_100_S01,HW_PLC,HW_PLC,626,626,627,,,,961432000,plc_internal_rd_loc_t_nanosecond,75,100,72.187,-2.813004,0,0,1492196761,3,512,0,ok,
RUN_20260502_S7_L3_HIGH_75_100_S01_R01,S7_L3_HIGH_75_100,SER_20260502_S7_L3_HIGH_75_100_S01,HW_PLC,HW_PLC,627,627,628,,,,30644000,plc_internal_rd_loc_t_nanosecond,75,100,69.212,-5.788002,0,0,1806975348,3,512,0,ok,
RUN_20260502_S7_L3_HIGH_75_100_S01_R01,S7_L3_HIGH_75_100,SER_20260502_S7_L3_HIGH_75_100_S01,HW_PLC,HW_PLC,628,628,629,,,,104315000,plc_internal_rd_loc_t_nanosecond,75,100,73.671,-1.329002,0,0,1852271953,3,512,0,ok,
RUN_20260502_S7_L3_HIGH_75_100_S01_R01,S7_L3_HIGH_75_100,SER_20260502_S7_L3_HIGH_75_100_S01,HW_PLC,HW_PLC,629,629,630,,,,179897000,plc_internal_rd_loc_t_nanosecond,75,100,75.582,0.5820007,0,0,1630187824,3,512,0,ok,
RUN_20260502_S7_L3_HIGH_75_100_S01_R01,S7_L3_HIGH_75_100,SER_20260502_S7_L3_HIGH_75_100_S01,HW_PLC,HW_PLC,630,630,631,,,,250775000,plc_internal_rd_loc_t_nanosecond,75,100,70.878,-4.122002,0,0,1142816017,3,512,0,ok,
RUN_20260502_S7_L3_HIGH_75_100_S01_R01,S7_L3_HIGH_75_100,SER_20260502_S7_L3_HIGH_75_100_S01,HW_PLC,HW_PLC,631,631,632,,,,319816000,plc_internal_rd_loc_t_nanosecond,75,100,69.041,-5.959,0,0,392257780,3,512,0,ok,
RUN_20260502_S7_L3_HIGH_75_100_S01_R01,S7_L3_HIGH_75_100,SER_20260502_S7_L3_HIGH_75_100_S01,HW_PLC,HW_PLC,632,632,633,,,,393406000,plc_internal_rd_loc_t_nanosecond,75,100,73.59,-1.410004,0,0,1528089816,3,512,0,ok,
RUN_20260502_S7_L3_HIGH_75_100_S01_R01,S7_L3_HIGH_75_100,SER_20260502_S7_L3_HIGH_75_100_S01,HW_PLC,HW_PLC,633,633,634,,,,470205000,plc_internal_rd_loc_t_nanosecond,75,100,76.799,1.799004,0,0,257446079,3,512,0,ok,
RUN_20260502_S7_L3_HIGH_75_100_S01_R01,S7_L3_HIGH_75_100,SER_20260502_S7_L3_HIGH_75_100_S01,HW_PLC,HW_PLC,634,634,635,,,,546257000,plc_internal_rd_loc_t_nanosecond,75,100,76.052,1.052002,0,0,877386919,3,512,0,ok,
RUN_20260502_S7_L3_HIGH_75_100_S01_R01,S7_L3_HIGH_75_100,SER_20260502_S7_L3_HIGH_75_100_S01,HW_PLC,HW_PLC,635,635,636,,,,614919000,plc_internal_rd_loc_t_nanosecond,75,100,68.662,-6.337997,0,0,1242529937,3,512,0,ok,
RUN_20260502_S7_L3_HIGH_75_100_S01_R01,S7_L3_HIGH_75_100,SER_20260502_S7_L3_HIGH_75_100_S01,HW_PLC,HW_PLC,636,636,637,,,,688468000,plc_internal_rd_loc_t_nanosecond,75,100,73.549,-1.450996,0,0,1354968189,3,512,0,ok,
RUN_20260502_S7_L3_HIGH_75_100_S01_R01,S7_L3_HIGH_75_100,SER_20260502_S7_L3_HIGH_75_100_S01,HW_PLC,HW_PLC,637,637,638,,,,762858000,plc_internal_rd_loc_t_nanosecond,75,100,74.39,-0.6100006,0,0,1216802923,3,512,0,ok,
RUN_20260502_S7_L3_HIGH_75_100_S01_R01,S7_L3_HIGH_75_100,SER_20260502_S7_L3_HIGH_75_100_S01,HW_PLC,HW_PLC,638,638,639,,,,834306000,plc_internal_rd_loc_t_nanosecond,75,100,71.448,-3.552002,0,0,830127195,3,512,0,ok,
RUN_20260502_S7_L3_HIGH_75_100_S01_R01,S7_L3_HIGH_75_100,SER_20260502_S7_L3_HIGH_75_100_S01,HW_PLC,HW_PLC,639,639,640,,,,903885000,plc_internal_rd_loc_t_nanosecond,75,100,69.579,-5.420998,0,0,197042253,3,512,0,ok,
RUN_20260502_S7_L3_HIGH_75_100_S01_R01,S7_L3_HIGH_75_100,SER_20260502_S7_L3_HIGH_75_100_S01,HW_PLC,HW_PLC,640,640,641,,,,977255000,plc_internal_rd_loc_t_nanosecond,75,100,73.37,-1.629997,0,0,1467124800,3,512,0,ok,
RUN_20260502_S7_L3_HIGH_75_100_S01_R01,S7_L3_HIGH_75_100,SER_20260502_S7_L3_HIGH_75_100_S01,HW_PLC,HW_PLC,641,641,642,,,,53494000,plc_internal_rd_loc_t_nanosecond,75,100,76.239,1.238998,0,0,347508790,3,512,0,ok,
RUN_20260502_S7_L3_HIGH_75_100_S01_R01,S7_L3_HIGH_75_100,SER_20260502_S7_L3_HIGH_75_100_S01,HW_PLC,HW_PLC,642,642,643,,,,122745000,plc_internal_rd_loc_t_nanosecond,75,100,69.251,-5.749001,0,0,1135254573,3,512,0,ok,
RUN_20260502_S7_L3_HIGH_75_100_S01_R01,S7_L3_HIGH_75_100,SER_20260502_S7_L3_HIGH_75_100_S01,HW_PLC,HW_PLC,643,643,644,,,,193216000,plc_internal_rd_loc_t_nanosecond,75,100,70.471,-4.528999,0,0,1684979750,3,512,0,ok,
RUN_20260502_S7_L3_HIGH_75_100_S01_R01,S7_L3_HIGH_75_100,SER_20260502_S7_L3_HIGH_75_100_S01,HW_PLC,HW_PLC,644,644,645,,,,265946000,plc_internal_rd_loc_t_nanosecond,75,100,72.73,-2.269997,0,0,1998777377,3,512,0,ok,
RUN_20260502_S7_L3_HIGH_75_100_S01_R01,S7_L3_HIGH_75_100,SER_20260502_S7_L3_HIGH_75_100_S01,HW_PLC,HW_PLC,645,645,646,,,,343268000,plc_internal_rd_loc_t_nanosecond,75,100,77.322,2.321999,0,0,2078748702,3,512,0,ok,
RUN_20260502_S7_L3_HIGH_75_100_S01_R01,S7_L3_HIGH_75_100,SER_20260502_S7_L3_HIGH_75_100_S01,HW_PLC,HW_PLC,646,646,647,,,,419455000,plc_internal_rd_loc_t_nanosecond,75,100,76.187,1.186996,0,0,1926986781,3,512,0,ok,
RUN_20260502_S7_L3_HIGH_75_100_S01_R01,S7_L3_HIGH_75_100,SER_20260502_S7_L3_HIGH_75_100_S01,HW_PLC,HW_PLC,647,647,648,,,,492497000,plc_internal_rd_loc_t_nanosecond,75,100,73.042,-1.958,0,0,1545592862,3,512,0,ok,
RUN_20260502_S7_L3_HIGH_75_100_S01_R01,S7_L3_HIGH_75_100,SER_20260502_S7_L3_HIGH_75_100_S01,HW_PLC,HW_PLC,648,648,649,,,,570211000,plc_internal_rd_loc_t_nanosecond,75,100,77.714,2.713997,0,0,936660001,3,512,0,ok,
RUN_20260502_S7_L3_HIGH_75_100_S01_R01,S7_L3_HIGH_75_100,SER_20260502_S7_L3_HIGH_75_100_S01,HW_PLC,HW_PLC,649,649,650,,,,638880000,plc_internal_rd_loc_t_nanosecond,75,100,68.669,-6.331001,0,0,102289446,3,512,0,ok,
RUN_20260502_S7_L3_HIGH_75_100_S01_R01,S7_L3_HIGH_75_100,SER_20260502_S7_L3_HIGH_75_100_S01,HW_PLC,HW_PLC,650,650,651,,,,712458000,plc_internal_rd_loc_t_nanosecond,75,100,73.578,-1.421997,0,0,1192057900,3,512,0,ok,
RUN_20260502_S7_L3_HIGH_75_100_S01_R01,S7_L3_HIGH_75_100,SER_20260502_S7_L3_HIGH_75_100_S01,HW_PLC,HW_PLC,651,651,652,,,,786360000,plc_internal_rd_loc_t_nanosecond,75,100,73.902,-1.098,0,0,2060582964,3,512,0,ok,
RUN_20260502_S7_L3_HIGH_75_100_S01_R01,S7_L3_HIGH_75_100,SER_20260502_S7_L3_HIGH_75_100_S01,HW_PLC,HW_PLC,652,652,653,,,,858940000,plc_internal_rd_loc_t_nanosecond,75,100,72.58,-2.419998,0,0,562474047,3,512,0,ok,
RUN_20260502_S7_L3_HIGH_75_100_S01_R01,S7_L3_HIGH_75_100,SER_20260502_S7_L3_HIGH_75_100_S01,HW_PLC,HW_PLC,653,653,654,,,,927706000,plc_internal_rd_loc_t_nanosecond,75,100,68.766,-6.234001,0,0,994799691,3,512,0,ok,
RUN_20260502_S7_L3_HIGH_75_100_S01_R01,S7_L3_HIGH_75_100,SER_20260502_S7_L3_HIGH_75_100_S01,HW_PLC,HW_PLC,654,654,655,,,,1241000,plc_internal_rd_loc_t_nanosecond,75,100,73.535,-1.464996,0,0,1212169305,3,512,0,ok,
RUN_20260502_S7_L3_HIGH_75_100_S01_R01,S7_L3_HIGH_75_100,SER_20260502_S7_L3_HIGH_75_100_S01,HW_PLC,HW_PLC,655,655,656,,,,76497000,plc_internal_rd_loc_t_nanosecond,75,100,75.256,0.2559967,0,0,1216684137,3,512,0,ok,
RUN_20260502_S7_L3_HIGH_75_100_S01_R01,S7_L3_HIGH_75_100,SER_20260502_S7_L3_HIGH_75_100_S01,HW_PLC,HW_PLC,656,656,657,,,,147624000,plc_internal_rd_loc_t_nanosecond,75,100,71.127,-3.873001,0,0,1010437243,3,512,0,ok,
RUN_20260502_S7_L3_HIGH_75_100_S01_R01,S7_L3_HIGH_75_100,SER_20260502_S7_L3_HIGH_75_100_S01,HW_PLC,HW_PLC,657,657,658,,,,217263000,plc_internal_rd_loc_t_nanosecond,75,100,69.639,-5.361,0,0,595529871,3,512,0,ok,
RUN_20260502_S7_L3_HIGH_75_100_S01_R01,S7_L3_HIGH_75_100,SER_20260502_S7_L3_HIGH_75_100_S01,HW_PLC,HW_PLC,658,658,659,,,,296899000,plc_internal_rd_loc_t_nanosecond,75,100,79.636,4.636002,0,0,2121538724,3,512,0,ok,
RUN_20260502_S7_L3_HIGH_75_100_S01_R01,S7_L3_HIGH_75_100,SER_20260502_S7_L3_HIGH_75_100_S01,HW_PLC,HW_PLC,659,659,660,,,,374504000,plc_internal_rd_loc_t_nanosecond,75,100,77.605,2.605003,0,0,1295597756,3,512,0,ok,
RUN_20260502_S7_L3_HIGH_75_100_S01_R01,S7_L3_HIGH_75_100,SER_20260502_S7_L3_HIGH_75_100_S01,HW_PLC,HW_PLC,660,660,661,,,,443787000,plc_internal_rd_loc_t_nanosecond,75,100,69.283,-5.717003,0,0,267283670,3,512,0,ok,
RUN_20260502_S7_L3_HIGH_75_100_S01_R01,S7_L3_HIGH_75_100,SER_20260502_S7_L3_HIGH_75_100_S01,HW_PLC,HW_PLC,661,661,662,,,,516839000,plc_internal_rd_loc_t_nanosecond,75,100,73.052,-1.947998,0,0,1186181361,3,512,0,ok,
RUN_20260502_S7_L3_HIGH_75_100_S01_R01,S7_L3_HIGH_75_100,SER_20260502_S7_L3_HIGH_75_100_S01,HW_PLC,HW_PLC,662,662,663,,,,594279000,plc_internal_rd_loc_t_nanosecond,75,100,77.44,2.440002,0,0,1906900238,3,512,0,ok,
RUN_20260502_S7_L3_HIGH_75_100_S01_R01,S7_L3_HIGH_75_100,SER_20260502_S7_L3_HIGH_75_100_S01,HW_PLC,HW_PLC,663,663,664,,,,663689000,plc_internal_rd_loc_t_nanosecond,75,100,69.41,-5.589996,0,0,284057902,3,512,0,ok,
RUN_20260502_S7_L3_HIGH_75_100_S01_R01,S7_L3_HIGH_75_100,SER_20260502_S7_L3_HIGH_75_100_S01,HW_PLC,HW_PLC,664,664,665,,,,736490000,plc_internal_rd_loc_t_nanosecond,75,100,72.801,-2.198997,0,0,614714703,3,512,0,ok,
RUN_20260502_S7_L3_HIGH_75_100_S01_R01,S7_L3_HIGH_75_100,SER_20260502_S7_L3_HIGH_75_100_S01,HW_PLC,HW_PLC,665,665,666,,,,813757000,plc_internal_rd_loc_t_nanosecond,75,100,77.267,2.266998,0,0,753488242,3,512,0,ok,
RUN_20260502_S7_L3_HIGH_75_100_S01_R01,S7_L3_HIGH_75_100,SER_20260502_S7_L3_HIGH_75_100_S01,HW_PLC,HW_PLC,666,666,667,,,,883569000,plc_internal_rd_loc_t_nanosecond,75,100,69.812,-5.188004,0,0,702471575,3,512,0,ok,
RUN_20260502_S7_L3_HIGH_75_100_S01_R01,S7_L3_HIGH_75_100,SER_20260502_S7_L3_HIGH_75_100_S01,HW_PLC,HW_PLC,667,667,668,,,,957584000,plc_internal_rd_loc_t_nanosecond,75,100,74.015,-0.9850006,0,0,463765950,3,512,0,ok,
RUN_20260502_S7_L3_HIGH_75_100_S01_R01,S7_L3_HIGH_75_100,SER_20260502_S7_L3_HIGH_75_100_S01,HW_PLC,HW_PLC,668,668,669,,,,32382000,plc_internal_rd_loc_t_nanosecond,75,100,74.798,-0.2020035,0,0,39464423,3,512,0,ok,
RUN_20260502_S7_L3_HIGH_75_100_S01_R01,S7_L3_HIGH_75_100,SER_20260502_S7_L3_HIGH_75_100_S01,HW_PLC,HW_PLC,669,669,670,,,,103224000,plc_internal_rd_loc_t_nanosecond,75,100,70.842,-4.157997,0,0,1579151889,3,512,0,ok,
RUN_20260502_S7_L3_HIGH_75_100_S01_R01,S7_L3_HIGH_75_100,SER_20260502_S7_L3_HIGH_75_100_S01,HW_PLC,HW_PLC,670,670,671,,,,176714000,plc_internal_rd_loc_t_nanosecond,75,100,73.49,-1.510002,0,0,789954110,3,512,0,ok,
RUN_20260502_S7_L3_HIGH_75_100_S01_R01,S7_L3_HIGH_75_100,SER_20260502_S7_L3_HIGH_75_100_S01,HW_PLC,HW_PLC,671,671,672,,,,253452000,plc_internal_rd_loc_t_nanosecond,75,100,76.738,1.737999,0,0,1968939628,3,512,0,ok,
RUN_20260502_S7_L3_HIGH_75_100_S01_R01,S7_L3_HIGH_75_100,SER_20260502_S7_L3_HIGH_75_100_S01,HW_PLC,HW_PLC,672,672,673,,,,326696000,plc_internal_rd_loc_t_nanosecond,75,100,73.244,-1.755997,0,0,823234205,3,512,0,ok,
RUN_20260502_S7_L3_HIGH_75_100_S01_R01,S7_L3_HIGH_75_100,SER_20260502_S7_L3_HIGH_75_100_S01,HW_PLC,HW_PLC,673,673,674,,,,399180000,plc_internal_rd_loc_t_nanosecond,75,100,72.484,-2.515999,0,0,1649906383,3,512,0,ok,
RUN_20260502_S7_L3_HIGH_75_100_S01_R01,S7_L3_HIGH_75_100,SER_20260502_S7_L3_HIGH_75_100_S01,HW_PLC,HW_PLC,674,674,675,,,,468940000,plc_internal_rd_loc_t_nanosecond,75,100,69.76,-5.239998,0,0,156081924,3,512,0,ok,
RUN_20260502_S7_L3_HIGH_75_100_S01_R01,S7_L3_HIGH_75_100,SER_20260502_S7_L3_HIGH_75_100_S01,HW_PLC,HW_PLC,675,675,676,,,,541856000,plc_internal_rd_loc_t_nanosecond,75,100,72.916,-2.084,0,0,638829370,3,512,0,ok,
RUN_20260502_S7_L3_HIGH_75_100_S01_R01,S7_L3_HIGH_75_100,SER_20260502_S7_L3_HIGH_75_100_S01,HW_PLC,HW_PLC,676,676,677,,,,616192000,plc_internal_rd_loc_t_nanosecond,75,100,74.336,-0.6640015,0,0,952758130,3,512,0,ok,
RUN_20260502_S7_L3_HIGH_75_100_S01_R01,S7_L3_HIGH_75_100,SER_20260502_S7_L3_HIGH_75_100_S01,HW_PLC,HW_PLC,677,677,678,,,,687608000,plc_internal_rd_loc_t_nanosecond,75,100,71.416,-3.584,0,0,1099969452,3,512,0,ok,
RUN_20260502_S7_L3_HIGH_75_100_S01_R01,S7_L3_HIGH_75_100,SER_20260502_S7_L3_HIGH_75_100_S01,HW_PLC,HW_PLC,678,678,679,,,,757533000,plc_internal_rd_loc_t_nanosecond,75,100,69.925,-5.074997,0,0,1082556392,3,512,0,ok,
RUN_20260502_S7_L3_HIGH_75_100_S01_R01,S7_L3_HIGH_75_100,SER_20260502_S7_L3_HIGH_75_100_S01,HW_PLC,HW_PLC,679,679,680,,,,830395000,plc_internal_rd_loc_t_nanosecond,75,100,72.862,-2.138,0,0,902620198,3,512,0,ok,
RUN_20260502_S7_L3_HIGH_75_100_S01_R01,S7_L3_HIGH_75_100,SER_20260502_S7_L3_HIGH_75_100_S01,HW_PLC,HW_PLC,680,680,681,,,,907410000,plc_internal_rd_loc_t_nanosecond,75,100,77.015,2.014999,0,0,562253926,3,512,0,ok,
RUN_20260502_S7_L3_HIGH_75_100_S01_R01,S7_L3_HIGH_75_100,SER_20260502_S7_L3_HIGH_75_100_S01,HW_PLC,HW_PLC,681,681,682,,,,976622000,plc_internal_rd_loc_t_nanosecond,75,100,69.212,-5.788002,0,0,63558824,3,512,0,ok,
RUN_20260502_S7_L3_HIGH_75_100_S01_R01,S7_L3_HIGH_75_100,SER_20260502_S7_L3_HIGH_75_100_S01,HW_PLC,HW_PLC,682,682,683,,,,47545000,plc_internal_rd_loc_t_nanosecond,75,100,70.923,-4.077003,0,0,1556111595,3,512,0,ok,
RUN_20260502_S7_L3_HIGH_75_100_S01_R01,S7_L3_HIGH_75_100,SER_20260502_S7_L3_HIGH_75_100_S01,HW_PLC,HW_PLC,683,683,684,,,,128720000,plc_internal_rd_loc_t_nanosecond,75,100,81.175,6.175003,0,0,747046193,3,512,0,ok,
RUN_20260502_S7_L3_HIGH_75_100_S01_R01,S7_L3_HIGH_75_100,SER_20260502_S7_L3_HIGH_75_100_S01,HW_PLC,HW_PLC,684,684,685,,,,203369000,plc_internal_rd_loc_t_nanosecond,75,100,74.649,-0.3509979,0,0,1933422968,3,512,0,ok,
RUN_20260502_S7_L3_HIGH_75_100_S01_R01,S7_L3_HIGH_75_100,SER_20260502_S7_L3_HIGH_75_100_S01,HW_PLC,HW_PLC,685,685,686,,,,274827000,plc_internal_rd_loc_t_nanosecond,75,100,71.458,-3.542,0,0,822375874,3,512,0,ok,
RUN_20260502_S7_L3_HIGH_75_100_S01_R01,S7_L3_HIGH_75_100,SER_20260502_S7_L3_HIGH_75_100_S01,HW_PLC,HW_PLC,686,686,687,,,,344792000,plc_internal_rd_loc_t_nanosecond,75,100,69.965,-5.035004,0,0,1710965261,3,512,0,ok,
RUN_20260502_S7_L3_HIGH_75_100_S01_R01,S7_L3_HIGH_75_100,SER_20260502_S7_L3_HIGH_75_100_S01,HW_PLC,HW_PLC,687,687,688,,,,418398000,plc_internal_rd_loc_t_nanosecond,75,100,73.606,-1.393997,0,0,306325083,3,512,0,ok,
RUN_20260502_S7_L3_HIGH_75_100_S01_R01,S7_L3_HIGH_75_100,SER_20260502_S7_L3_HIGH_75_100_S01,HW_PLC,HW_PLC,688,688,689,,,,494705000,plc_internal_rd_loc_t_nanosecond,75,100,76.307,1.306999,0,0,905515690,3,512,0,ok,
RUN_20260502_S7_L3_HIGH_75_100_S01_R01,S7_L3_HIGH_75_100,SER_20260502_S7_L3_HIGH_75_100_S01,HW_PLC,HW_PLC,689,689,690,,,,564309000,plc_internal_rd_loc_t_nanosecond,75,100,69.604,-5.396004,0,0,1363154683,3,512,0,ok,
RUN_20260502_S7_L3_HIGH_75_100_S01_R01,S7_L3_HIGH_75_100,SER_20260502_S7_L3_HIGH_75_100_S01,HW_PLC,HW_PLC,690,690,691,,,,633730000,plc_internal_rd_loc_t_nanosecond,75,100,69.421,-5.579002,0,0,1681335118,3,512,0,ok,
RUN_20260502_S7_L3_HIGH_75_100_S01_R01,S7_L3_HIGH_75_100,SER_20260502_S7_L3_HIGH_75_100_S01,HW_PLC,HW_PLC,691,691,692,,,,706503000,plc_internal_rd_loc_t_nanosecond,75,100,72.773,-2.226997,0,0,1862158243,3,512,0,ok,
RUN_20260502_S7_L3_HIGH_75_100_S01_R01,S7_L3_HIGH_75_100,SER_20260502_S7_L3_HIGH_75_100_S01,HW_PLC,HW_PLC,692,692,693,,,,783562000,plc_internal_rd_loc_t_nanosecond,75,100,77.059,2.058998,0,0,1907717114,3,512,0,ok,
RUN_20260502_S7_L3_HIGH_75_100_S01_R01,S7_L3_HIGH_75_100,SER_20260502_S7_L3_HIGH_75_100_S01,HW_PLC,HW_PLC,693,693,694,,,,853545000,plc_internal_rd_loc_t_nanosecond,75,100,69.983,-5.016998,0,0,1820112979,3,512,0,ok,
RUN_20260502_S7_L3_HIGH_75_100_S01_R01,S7_L3_HIGH_75_100,SER_20260502_S7_L3_HIGH_75_100_S01,HW_PLC,HW_PLC,694,694,695,,,,926294000,plc_internal_rd_loc_t_nanosecond,75,100,72.749,-2.250999,0,0,1601438894,3,512,0,ok,
RUN_20260502_S7_L3_HIGH_75_100_S01_R01,S7_L3_HIGH_75_100,SER_20260502_S7_L3_HIGH_75_100_S01,HW_PLC,HW_PLC,695,695,696,,,,8667000,plc_internal_rd_loc_t_nanosecond,75,100,82.373,7.373001,0,0,1253796107,3,512,0,ok,
RUN_20260502_S7_L3_HIGH_75_100_S01_R01,S7_L3_HIGH_75_100,SER_20260502_S7_L3_HIGH_75_100_S01,HW_PLC,HW_PLC,696,696,697,,,,79595000,plc_internal_rd_loc_t_nanosecond,75,100,70.928,-4.071999,0,0,779277674,3,512,0,ok,
RUN_20260502_S7_L3_HIGH_75_100_S01_R01,S7_L3_HIGH_75_100,SER_20260502_S7_L3_HIGH_75_100_S01,HW_PLC,HW_PLC,697,697,698,,,,149800000,plc_internal_rd_loc_t_nanosecond,75,100,70.205,-4.794998,0,0,179984843,3,512,0,ok,
RUN_20260502_S7_L3_HIGH_75_100_S01_R01,S7_L3_HIGH_75_100,SER_20260502_S7_L3_HIGH_75_100_S01,HW_PLC,HW_PLC,698,698,699,,,,222345000,plc_internal_rd_loc_t_nanosecond,75,100,72.545,-2.455002,0,0,1605494317,3,512,0,ok,
RUN_20260502_S7_L3_HIGH_75_100_S01_R01,S7_L3_HIGH_75_100,SER_20260502_S7_L3_HIGH_75_100_S01,HW_PLC,HW_PLC,699,699,700,,,,299794000,plc_internal_rd_loc_t_nanosecond,75,100,77.449,2.448997,0,1,762940050,3,512,0,ok,
RUN_20260502_S7_L3_HIGH_75_100_S01_R01,S7_L3_HIGH_75_100,SER_20260502_S7_L3_HIGH_75_100_S01,HW_PLC,HW_PLC,700,700,701,,,,369547000,plc_internal_rd_loc_t_nanosecond,75,100,69.753,-5.247002,0,1,1949382392,3,512,0,ok,
RUN_20260502_S7_L3_HIGH_75_100_S01_R01,S7_L3_HIGH_75_100,SER_20260502_S7_L3_HIGH_75_100_S01,HW_PLC,HW_PLC,701,701,702,,,,442713000,plc_internal_rd_loc_t_nanosecond,75,100,73.166,-1.834,0,1,871955297,3,512,0,ok,
RUN_20260502_S7_L3_HIGH_75_100_S01_R01,S7_L3_HIGH_75_100,SER_20260502_S7_L3_HIGH_75_100_S01,HW_PLC,HW_PLC,702,702,703,,,,519548000,plc_internal_rd_loc_t_nanosecond,75,100,76.835,1.834999,0,1,1827719115,3,512,0,ok,
RUN_20260502_S7_L3_HIGH_75_100_S01_R01,S7_L3_HIGH_75_100,SER_20260502_S7_L3_HIGH_75_100_S01,HW_PLC,HW_PLC,703,703,704,,,,589467000,plc_internal_rd_loc_t_nanosecond,75,100,69.919,-5.081001,0,1,523807800,3,512,0,ok,
RUN_20260502_S7_L3_HIGH_75_100_S01_R01,S7_L3_HIGH_75_100,SER_20260502_S7_L3_HIGH_75_100_S01,HW_PLC,HW_PLC,704,704,705,,,,663157000,plc_internal_rd_loc_t_nanosecond,75,100,73.69,-1.309998,0,1,1257281702,3,512,0,ok,
RUN_20260502_S7_L3_HIGH_75_100_S01_R01,S7_L3_HIGH_75_100,SER_20260502_S7_L3_HIGH_75_100_S01,HW_PLC,HW_PLC,705,705,706,,,,739715000,plc_internal_rd_loc_t_nanosecond,75,100,76.558,1.557999,0,1,1882758422,3,512,0,ok,
RUN_20260502_S7_L3_HIGH_75_100_S01_R01,S7_L3_HIGH_75_100,SER_20260502_S7_L3_HIGH_75_100_S01,HW_PLC,HW_PLC,706,706,707,,,,810383000,plc_internal_rd_loc_t_nanosecond,75,100,70.668,-4.332001,0,1,254847369,3,512,0,ok,
RUN_20260502_S7_L3_HIGH_75_100_S01_R01,S7_L3_HIGH_75_100,SER_20260502_S7_L3_HIGH_75_100_S01,HW_PLC,HW_PLC,707,707,708,,,,890232000,plc_internal_rd_loc_t_nanosecond,75,100,79.849,4.848999,0,1,670617085,3,512,0,ok,
RUN_20260502_S7_L3_HIGH_75_100_S01_R01,S7_L3_HIGH_75_100,SER_20260502_S7_L3_HIGH_75_100_S01,HW_PLC,HW_PLC,708,708,709,,,,967414000,plc_internal_rd_loc_t_nanosecond,75,100,77.182,2.181999,0,1,984676979,3,512,0,ok,
RUN_20260502_S7_L3_HIGH_75_100_S01_R01,S7_L3_HIGH_75_100,SER_20260502_S7_L3_HIGH_75_100_S01,HW_PLC,HW_PLC,709,709,710,,,,36929000,plc_internal_rd_loc_t_nanosecond,75,100,69.515,-5.485001,0,1,1199128299,3,512,0,ok,
RUN_20260502_S7_L3_HIGH_75_100_S01_R01,S7_L3_HIGH_75_100,SER_20260502_S7_L3_HIGH_75_100_S01,HW_PLC,HW_PLC,710,710,711,,,,110135000,plc_internal_rd_loc_t_nanosecond,75,100,73.206,-1.793999,0,1,1316064101,3,512,0,ok,
RUN_20260502_S7_L3_HIGH_75_100_S01_R01,S7_L3_HIGH_75_100,SER_20260502_S7_L3_HIGH_75_100_S01,HW_PLC,HW_PLC,711,711,712,,,,183292000,plc_internal_rd_loc_t_nanosecond,75,100,73.157,-1.843002,0,1,1337585633,3,512,0,ok,
RUN_20260502_S7_L3_HIGH_75_100_S01_R01,S7_L3_HIGH_75_100,SER_20260502_S7_L3_HIGH_75_100_S01,HW_PLC,HW_PLC,712,712,713,,,,256461000,plc_internal_rd_loc_t_nanosecond,75,100,73.169,-1.831001,0,1,1265785951,3,512,0,ok,
RUN_20260502_S7_L3_HIGH_75_100_S01_R01,S7_L3_HIGH_75_100,SER_20260502_S7_L3_HIGH_75_100_S01,HW_PLC,HW_PLC,713,713,714,,,,325569000,plc_internal_rd_loc_t_nanosecond,75,100,69.108,-5.891998,0,1,1102766303,3,512,0,ok,
RUN_20260502_S7_L3_HIGH_75_100_S01_R01,S7_L3_HIGH_75_100,SER_20260502_S7_L3_HIGH_75_100_S01,HW_PLC,HW_PLC,714,714,715,,,,398998000,plc_internal_rd_loc_t_nanosecond,75,100,73.429,-1.570999,0,1,850619745,3,512,0,ok,
RUN_20260502_S7_L3_HIGH_75_100_S01_R01,S7_L3_HIGH_75_100,SER_20260502_S7_L3_HIGH_75_100_S01,HW_PLC,HW_PLC,715,715,716,,,,473851000,plc_internal_rd_loc_t_nanosecond,75,100,74.853,-0.1470032,0,1,511447525,3,512,0,ok,
RUN_20260502_S7_L3_HIGH_75_100_S01_R01,S7_L3_HIGH_75_100,SER_20260502_S7_L3_HIGH_75_100_S01,HW_PLC,HW_PLC,716,716,717,,,,544724000,plc_internal_rd_loc_t_nanosecond,75,100,70.873,-4.126999,0,1,87342699,3,512,0,ok,
RUN_20260502_S7_L3_HIGH_75_100_S01_R01,S7_L3_HIGH_75_100,SER_20260502_S7_L3_HIGH_75_100_S01,HW_PLC,HW_PLC,717,717,718,,,,613952000,plc_internal_rd_loc_t_nanosecond,75,100,69.228,-5.772003,0,1,1727890162,3,512,0,ok,
RUN_20260502_S7_L3_HIGH_75_100_S01_R01,S7_L3_HIGH_75_100,SER_20260502_S7_L3_HIGH_75_100_S01,HW_PLC,HW_PLC,718,718,719,,,,687582000,plc_internal_rd_loc_t_nanosecond,75,100,73.63,-1.370003,0,1,1140215676,3,512,0,ok,
RUN_20260502_S7_L3_HIGH_75_100_S01_R01,S7_L3_HIGH_75_100,SER_20260502_S7_L3_HIGH_75_100_S01,HW_PLC,HW_PLC,719,719,720,,,,766740000,plc_internal_rd_loc_t_nanosecond,75,100,79.158,4.157997,0,1,473904136,3,512,0,ok,
RUN_20260502_S7_L3_HIGH_75_100_S01_R01,S7_L3_HIGH_75_100,SER_20260502_S7_L3_HIGH_75_100_S01,HW_PLC,HW_PLC,720,720,721,,,,841594000,plc_internal_rd_loc_t_nanosecond,75,100,74.854,-0.1460037,0,1,1878532245,3,512,0,ok,
RUN_20260502_S7_L3_HIGH_75_100_S01_R01,S7_L3_HIGH_75_100,SER_20260502_S7_L3_HIGH_75_100_S01,HW_PLC,HW_PLC,721,721,722,,,,915221000,plc_internal_rd_loc_t_nanosecond,75,100,73.627,-1.373001,0,1,1061233957,3,512,0,ok,
RUN_20260502_S7_L3_HIGH_75_100_S01_R01,S7_L3_HIGH_75_100,SER_20260502_S7_L3_HIGH_75_100_S01,HW_PLC,HW_PLC,722,722,723,,,,990982000,plc_internal_rd_loc_t_nanosecond,75,100,75.761,0.7610016,0,1,171585975,3,512,0,ok,
RUN_20260502_S7_L3_HIGH_75_100_S01_R01,S7_L3_HIGH_75_100,SER_20260502_S7_L3_HIGH_75_100_S01,HW_PLC,HW_PLC,723,723,724,,,,61983000,plc_internal_rd_loc_t_nanosecond,75,100,71.001,-3.999001,0,1,1359173194,3,512,0,ok,
RUN_20260502_S7_L3_HIGH_75_100_S01_R01,S7_L3_HIGH_75_100,SER_20260502_S7_L3_HIGH_75_100_S01,HW_PLC,HW_PLC,724,724,725,,,,130936000,plc_internal_rd_loc_t_nanosecond,75,100,68.953,-6.046997,0,1,331121376,3,512,0,ok,
RUN_20260502_S7_L3_HIGH_75_100_S01_R01,S7_L3_HIGH_75_100,SER_20260502_S7_L3_HIGH_75_100_S01,HW_PLC,HW_PLC,725,725,726,,,,204383000,plc_internal_rd_loc_t_nanosecond,75,100,73.447,-1.553001,0,1,1384499063,3,512,0,ok,
RUN_20260502_S7_L3_HIGH_75_100_S01_R01,S7_L3_HIGH_75_100,SER_20260502_S7_L3_HIGH_75_100_S01,HW_PLC,HW_PLC,726,726,727,,,,280262000,plc_internal_rd_loc_t_nanosecond,75,100,75.879,0.8789978,0,1,226432017,3,512,0,ok,
RUN_20260502_S7_L3_HIGH_75_100_S01_R01,S7_L3_HIGH_75_100,SER_20260502_S7_L3_HIGH_75_100_S01,HW_PLC,HW_PLC,727,727,728,,,,351306000,plc_internal_rd_loc_t_nanosecond,75,100,71.044,-3.956001,0,1,1153988780,3,512,0,ok,
RUN_20260502_S7_L3_HIGH_75_100_S01_R01,S7_L3_HIGH_75_100,SER_20260502_S7_L3_HIGH_75_100_S01,HW_PLC,HW_PLC,728,728,729,,,,420171000,plc_internal_rd_loc_t_nanosecond,75,100,68.865,-6.135002,0,1,2021778761,3,512,0,ok,
RUN_20260502_S7_L3_HIGH_75_100_S01_R01,S7_L3_HIGH_75_100,SER_20260502_S7_L3_HIGH_75_100_S01,HW_PLC,HW_PLC,729,729,730,,,,493550000,plc_internal_rd_loc_t_nanosecond,75,100,73.379,-1.621002,0,1,684419561,3,512,0,ok,
RUN_20260502_S7_L3_HIGH_75_100_S01_R01,S7_L3_HIGH_75_100,SER_20260502_S7_L3_HIGH_75_100_S01,HW_PLC,HW_PLC,730,730,731,,,,567688000,plc_internal_rd_loc_t_nanosecond,75,100,74.138,-0.8619995,0,1,1438971530,3,512,0,ok,
RUN_20260502_S7_L3_HIGH_75_100_S01_R01,S7_L3_HIGH_75_100,SER_20260502_S7_L3_HIGH_75_100_S01,HW_PLC,HW_PLC,731,731,732,,,,638730000,plc_internal_rd_loc_t_nanosecond,75,100,71.042,-3.958,0,1,2140052269,3,512,0,ok,
RUN_20260502_S7_L3_HIGH_75_100_S01_R01,S7_L3_HIGH_75_100,SER_20260502_S7_L3_HIGH_75_100_S01,HW_PLC,HW_PLC,732,732,733,,,,715298000,plc_internal_rd_loc_t_nanosecond,75,100,76.568,1.568001,0,1,642271187,3,512,0,ok,
RUN_20260502_S7_L3_HIGH_75_100_S01_R01,S7_L3_HIGH_75_100,SER_20260502_S7_L3_HIGH_75_100_S01,HW_PLC,HW_PLC,733,733,734,,,,788583000,plc_internal_rd_loc_t_nanosecond,75,100,73.285,-1.714996,0,1,1242696826,3,512,0,ok,
RUN_20260502_S7_L3_HIGH_75_100_S01_R01,S7_L3_HIGH_75_100,SER_20260502_S7_L3_HIGH_75_100_S01,HW_PLC,HW_PLC,734,734,735,,,,864197000,plc_internal_rd_loc_t_nanosecond,75,100,75.614,0.6139984,0,1,1795938595,3,512,0,ok,
RUN_20260502_S7_L3_HIGH_75_100_S01_R01,S7_L3_HIGH_75_100,SER_20260502_S7_L3_HIGH_75_100_S01,HW_PLC,HW_PLC,735,735,736,,,,934247000,plc_internal_rd_loc_t_nanosecond,75,100,70.05,-4.949997,0,1,156614095,3,512,0,ok,
RUN_20260502_S7_L3_HIGH_75_100_S01_R01,S7_L3_HIGH_75_100,SER_20260502_S7_L3_HIGH_75_100_S01,HW_PLC,HW_PLC,736,736,737,,,,3612000,plc_internal_rd_loc_t_nanosecond,75,100,69.365,-5.635002,0,1,621783676,3,512,0,ok,
RUN_20260502_S7_L3_HIGH_75_100_S01_R01,S7_L3_HIGH_75_100,SER_20260502_S7_L3_HIGH_75_100_S01,HW_PLC,HW_PLC,737,737,738,,,,77488000,plc_internal_rd_loc_t_nanosecond,75,100,73.876,-1.124001,0,1,1046064939,3,512,0,ok,
RUN_20260502_S7_L3_HIGH_75_100_S01_R01,S7_L3_HIGH_75_100,SER_20260502_S7_L3_HIGH_75_100_S01,HW_PLC,HW_PLC,738,738,739,,,,152172000,plc_internal_rd_loc_t_nanosecond,75,100,74.684,-0.3160019,0,1,1431550940,3,512,0,ok,
RUN_20260502_S7_L3_HIGH_75_100_S01_R01,S7_L3_HIGH_75_100,SER_20260502_S7_L3_HIGH_75_100_S01,HW_PLC,HW_PLC,739,739,740,,,,222773000,plc_internal_rd_loc_t_nanosecond,75,100,70.601,-4.399002,0,1,1780342927,3,512,0,ok,
RUN_20260502_S7_L3_HIGH_75_100_S01_R01,S7_L3_HIGH_75_100,SER_20260502_S7_L3_HIGH_75_100_S01,HW_PLC,HW_PLC,740,740,741,,,,292790000,plc_internal_rd_loc_t_nanosecond,75,100,70.017,-4.983002,0,1,2094533956,3,512,0,ok,
RUN_20260502_S7_L3_HIGH_75_100_S01_R01,S7_L3_HIGH_75_100,SER_20260502_S7_L3_HIGH_75_100_S01,HW_PLC,HW_PLC,741,741,742,,,,366260000,plc_internal_rd_loc_t_nanosecond,75,100,73.47,-1.529999,0,1,228741628,3,512,0,ok,
RUN_20260502_S7_L3_HIGH_75_100_S01_R01,S7_L3_HIGH_75_100,SER_20260502_S7_L3_HIGH_75_100_S01,HW_PLC,HW_PLC,742,742,743,,,,442651000,plc_internal_rd_loc_t_nanosecond,75,100,76.391,1.390999,0,1,480026293,3,512,0,ok,
RUN_20260502_S7_L3_HIGH_75_100_S01_R01,S7_L3_HIGH_75_100,SER_20260502_S7_L3_HIGH_75_100_S01,HW_PLC,HW_PLC,743,743,744,,,,512542000,plc_internal_rd_loc_t_nanosecond,75,100,69.891,-5.109001,0,1,703005552,3,512,0,ok,
RUN_20260502_S7_L3_HIGH_75_100_S01_R01,S7_L3_HIGH_75_100,SER_20260502_S7_L3_HIGH_75_100_S01,HW_PLC,HW_PLC,744,744,745,,,,592847000,plc_internal_rd_loc_t_nanosecond,75,100,80.305,5.305,0,1,899772461,3,512,0,ok,
RUN_20260502_S7_L3_HIGH_75_100_S01_R01,S7_L3_HIGH_75_100,SER_20260502_S7_L3_HIGH_75_100_S01,HW_PLC,HW_PLC,745,745,746,,,,669823000,plc_internal_rd_loc_t_nanosecond,75,100,76.976,1.975998,0,1,1072428268,3,512,0,ok,
RUN_20260502_S7_L3_HIGH_75_100_S01_R01,S7_L3_HIGH_75_100,SER_20260502_S7_L3_HIGH_75_100_S01,HW_PLC,HW_PLC,746,746,747,,,,738710000,plc_internal_rd_loc_t_nanosecond,75,100,68.887,-6.112999,0,1,1223066029,3,512,0,ok,
RUN_20260502_S7_L3_HIGH_75_100_S01_R01,S7_L3_HIGH_75_100,SER_20260502_S7_L3_HIGH_75_100_S01,HW_PLC,HW_PLC,747,747,748,,,,812412000,plc_internal_rd_loc_t_nanosecond,75,100,73.702,-1.297997,0,1,1353786992,3,512,0,ok,
RUN_20260502_S7_L3_HIGH_75_100_S01_R01,S7_L3_HIGH_75_100,SER_20260502_S7_L3_HIGH_75_100_S01,HW_PLC,HW_PLC,748,748,749,,,,886488000,plc_internal_rd_loc_t_nanosecond,75,100,74.076,-0.9240036,0,1,1466684213,3,512,0,ok,
RUN_20260502_S7_L3_HIGH_75_100_S01_R01,S7_L3_HIGH_75_100,SER_20260502_S7_L3_HIGH_75_100_S01,HW_PLC,HW_PLC,749,749,750,,,,958679000,plc_internal_rd_loc_t_nanosecond,75,100,72.191,-2.808998,0,1,1563858940,3,512,0,ok,
RUN_20260502_S7_L3_HIGH_75_100_S01_R01,S7_L3_HIGH_75_100,SER_20260502_S7_L3_HIGH_75_100_S01,HW_PLC,HW_PLC,750,750,751,,,,27839000,plc_internal_rd_loc_t_nanosecond,75,100,69.16,-5.839996,0,1,1647404229,3,512,0,ok,
RUN_20260502_S7_L3_HIGH_75_100_S01_R01,S7_L3_HIGH_75_100,SER_20260502_S7_L3_HIGH_75_100_S01,HW_PLC,HW_PLC,751,751,752,,,,103666000,plc_internal_rd_loc_t_nanosecond,75,100,75.827,0.8270035,0,1,1719421328,3,512,0,ok,
RUN_20260502_S7_L3_HIGH_75_100_S01_R01,S7_L3_HIGH_75_100,SER_20260502_S7_L3_HIGH_75_100_S01,HW_PLC,HW_PLC,752,752,753,,,,180302000,plc_internal_rd_loc_t_nanosecond,75,100,76.636,1.636002,0,1,1782003293,3,512,0,ok,
RUN_20260502_S7_L3_HIGH_75_100_S01_R01,S7_L3_HIGH_75_100,SER_20260502_S7_L3_HIGH_75_100_S01,HW_PLC,HW_PLC,753,753,754,,,,250843000,plc_internal_rd_loc_t_nanosecond,75,100,70.541,-4.459,0,1,1837251372,3,512,0,ok,
RUN_20260502_S7_L3_HIGH_75_100_S01_R01,S7_L3_HIGH_75_100,SER_20260502_S7_L3_HIGH_75_100_S01,HW_PLC,HW_PLC,754,754,755,,,,323462000,plc_internal_rd_loc_t_nanosecond,75,100,72.619,-2.380997,0,1,1887258621,3,512,0,ok,
RUN_20260502_S7_L3_HIGH_75_100_S01_R01,S7_L3_HIGH_75_100,SER_20260502_S7_L3_HIGH_75_100_S01,HW_PLC,HW_PLC,755,755,756,,,,398753000,plc_internal_rd_loc_t_nanosecond,75,100,75.291,0.2910004,0,1,1934126288,3,512,0,ok,
RUN_20260502_S7_L3_HIGH_75_100_S01_R01,S7_L3_HIGH_75_100,SER_20260502_S7_L3_HIGH_75_100_S01,HW_PLC,HW_PLC,756,756,757,,,,472952000,plc_internal_rd_loc_t_nanosecond,75,100,74.199,-0.8010025,0,1,1979947429,3,512,0,ok,
RUN_20260502_S7_L3_HIGH_75_100_S01_R01,S7_L3_HIGH_75_100,SER_20260502_S7_L3_HIGH_75_100_S01,HW_PLC,HW_PLC,757,757,758,,,,545855000,plc_internal_rd_loc_t_nanosecond,75,100,72.903,-2.097,0,1,2026823292,3,512,0,ok,
RUN_20260502_S7_L3_HIGH_75_100_S01_R01,S7_L3_HIGH_75_100,SER_20260502_S7_L3_HIGH_75_100_S01,HW_PLC,HW_PLC,758,758,759,,,,618568000,plc_internal_rd_loc_t_nanosecond,75,100,72.713,-2.287003,0,1,2076846933,3,512,0,ok,
RUN_20260502_S7_L3_HIGH_75_100_S01_R01,S7_L3_HIGH_75_100,SER_20260502_S7_L3_HIGH_75_100_S01,HW_PLC,HW_PLC,759,759,760,,,,694782000,plc_internal_rd_loc_t_nanosecond,75,100,76.214,1.213997,0,1,2132119600,3,512,0,ok,
RUN_20260502_S7_L3_HIGH_75_100_S01_R01,S7_L3_HIGH_75_100,SER_20260502_S7_L3_HIGH_75_100_S01,HW_PLC,HW_PLC,760,760,761,,,,764775000,plc_internal_rd_loc_t_nanosecond,75,100,69.993,-5.007004,0,1,47250702,3,512,0,ok,
RUN_20260502_S7_L3_HIGH_75_100_S01_R01,S7_L3_HIGH_75_100,SER_20260502_S7_L3_HIGH_75_100_S01,HW_PLC,HW_PLC,761,761,762,,,,834186000,plc_internal_rd_loc_t_nanosecond,75,100,69.411,-5.588997,0,1,119308781,3,512,0,ok,
RUN_20260502_S7_L3_HIGH_75_100_S01_R01,S7_L3_HIGH_75_100,SER_20260502_S7_L3_HIGH_75_100_S01,HW_PLC,HW_PLC,762,762,763,,,,907777000,plc_internal_rd_loc_t_nanosecond,75,100,73.591,-1.408997,0,1,202903246,3,512,0,ok,
RUN_20260502_S7_L3_HIGH_75_100_S01_R01,S7_L3_HIGH_75_100,SER_20260502_S7_L3_HIGH_75_100_S01,HW_PLC,HW_PLC,763,763,764,,,,984744000,plc_internal_rd_loc_t_nanosecond,75,100,76.967,1.967003,0,1,300135345,3,512,0,ok,
RUN_20260502_S7_L3_HIGH_75_100_S01_R01,S7_L3_HIGH_75_100,SER_20260502_S7_L3_HIGH_75_100_S01,HW_PLC,HW_PLC,764,764,765,,,,54668000,plc_internal_rd_loc_t_nanosecond,75,100,69.924,-5.075996,0,1,413098134,3,512,0,ok,
RUN_20260502_S7_L3_HIGH_75_100_S01_R01,S7_L3_HIGH_75_100,SER_20260502_S7_L3_HIGH_75_100_S01,HW_PLC,HW_PLC,765,765,766,,,,127531000,plc_internal_rd_loc_t_nanosecond,75,100,72.863,-2.137001,0,1,543892861,3,512,0,ok,
RUN_20260502_S7_L3_HIGH_75_100_S01_R01,S7_L3_HIGH_75_100,SER_20260502_S7_L3_HIGH_75_100_S01,HW_PLC,HW_PLC,766,766,767,,,,202142000,plc_internal_rd_loc_t_nanosecond,75,100,74.611,-0.3889999,0,1,694612582,3,512,0,ok,
RUN_20260502_S7_L3_HIGH_75_100_S01_R01,S7_L3_HIGH_75_100,SER_20260502_S7_L3_HIGH_75_100_S01,HW_PLC,HW_PLC,767,767,768,,,,273740000,plc_internal_rd_loc_t_nanosecond,75,100,71.598,-3.402,0,1,867358545,3,512,0,ok,
RUN_20260502_S7_L3_HIGH_75_100_S01_R01,S7_L3_HIGH_75_100,SER_20260502_S7_L3_HIGH_75_100_S01,HW_PLC,HW_PLC,768,768,769,,,,343533000,plc_internal_rd_loc_t_nanosecond,75,100,69.793,-5.207001,0,1,1064223806,3,512,0,ok,
RUN_20260502_S7_L3_HIGH_75_100_S01_R01,S7_L3_HIGH_75_100,SER_20260502_S7_L3_HIGH_75_100_S01,HW_PLC,HW_PLC,769,769,770,,,,422887000,plc_internal_rd_loc_t_nanosecond,75,100,79.354,4.353996,0,1,1287309613,3,512,0,ok,
RUN_20260502_S7_L3_HIGH_75_100_S01_R01,S7_L3_HIGH_75_100,SER_20260502_S7_L3_HIGH_75_100_S01,HW_PLC,HW_PLC,770,770,771,,,,500267000,plc_internal_rd_loc_t_nanosecond,75,100,77.38,2.379997,0,1,1538709022,3,512,0,ok,
RUN_20260502_S7_L3_HIGH_75_100_S01_R01,S7_L3_HIGH_75_100,SER_20260502_S7_L3_HIGH_75_100_S01,HW_PLC,HW_PLC,771,771,772,,,,569885000,plc_internal_rd_loc_t_nanosecond,75,100,69.618,-5.382004,0,1,1820523281,3,512,0,ok,
RUN_20260502_S7_L3_HIGH_75_100_S01_R01,S7_L3_HIGH_75_100,SER_20260502_S7_L3_HIGH_75_100_S01,HW_PLC,HW_PLC,772,772,773,,,,642830000,plc_internal_rd_loc_t_nanosecond,75,100,72.945,-2.055,0,1,2134845446,3,512,0,ok,
RUN_20260502_S7_L3_HIGH_75_100_S01_R01,S7_L3_HIGH_75_100,SER_20260502_S7_L3_HIGH_75_100_S01,HW_PLC,HW_PLC,773,773,774,,,,719641000,plc_internal_rd_loc_t_nanosecond,75,100,76.811,1.810997,0,1,336293118,3,512,0,ok,
RUN_20260502_S7_L3_HIGH_75_100_S01_R01,S7_L3_HIGH_75_100,SER_20260502_S7_L3_HIGH_75_100_S01,HW_PLC,HW_PLC,774,774,775,,,,789374000,plc_internal_rd_loc_t_nanosecond,75,100,69.733,-5.266998,0,1,721926647,3,512,0,ok,
RUN_20260502_S7_L3_HIGH_75_100_S01_R01,S7_L3_HIGH_75_100,SER_20260502_S7_L3_HIGH_75_100_S01,HW_PLC,HW_PLC,775,775,776,,,,863434000,plc_internal_rd_loc_t_nanosecond,75,100,74.06,-0.9400024,0,1,1146363634,3,512,0,ok,
RUN_20260502_S7_L3_HIGH_75_100_S01_R01,S7_L3_HIGH_75_100,SER_20260502_S7_L3_HIGH_75_100_S01,HW_PLC,HW_PLC,776,776,777,,,,939773000,plc_internal_rd_loc_t_nanosecond,75,100,76.339,1.338997,0,1,1611697135,3,512,0,ok,
RUN_20260502_S7_L3_HIGH_75_100_S01_R01,S7_L3_HIGH_75_100,SER_20260502_S7_L3_HIGH_75_100_S01,HW_PLC,HW_PLC,777,777,778,,,,9588000,plc_internal_rd_loc_t_nanosecond,75,100,69.815,-5.184998,0,1,2120028398,3,512,0,ok,
RUN_20260502_S7_L3_HIGH_75_100_S01_R01,S7_L3_HIGH_75_100,SER_20260502_S7_L3_HIGH_75_100_S01,HW_PLC,HW_PLC,778,778,779,,,,83367000,plc_internal_rd_loc_t_nanosecond,75,100,73.779,-1.221001,0,1,525966832,3,512,0,ok,
RUN_20260502_S7_L3_HIGH_75_100_S01_R01,S7_L3_HIGH_75_100,SER_20260502_S7_L3_HIGH_75_100_S01,HW_PLC,HW_PLC,779,779,780,,,,159670000,plc_internal_rd_loc_t_nanosecond,75,100,76.303,1.303001,0,1,1126580979,3,512,0,ok,
RUN_20260502_S7_L3_HIGH_75_100_S01_R01,S7_L3_HIGH_75_100,SER_20260502_S7_L3_HIGH_75_100_S01,HW_PLC,HW_PLC,780,780,781,,,,228988000,plc_internal_rd_loc_t_nanosecond,75,100,69.318,-5.681999,0,1,1776480248,3,512,0,ok,
RUN_20260502_S7_L3_HIGH_75_100_S01_R01,S7_L3_HIGH_75_100,SER_20260502_S7_L3_HIGH_75_100_S01,HW_PLC,HW_PLC,781,781,782,,,,305833000,plc_internal_rd_loc_t_nanosecond,75,100,76.845,1.845001,0,1,330282240,3,512,0,ok,
RUN_20260502_S7_L3_HIGH_75_100_S01_R01,S7_L3_HIGH_75_100,SER_20260502_S7_L3_HIGH_75_100_S01,HW_PLC,HW_PLC,782,782,783,,,,379448000,plc_internal_rd_loc_t_nanosecond,75,100,73.615,-1.385002,0,1,1085047305,3,512,0,ok,
RUN_20260502_S7_L3_HIGH_75_100_S01_R01,S7_L3_HIGH_75_100,SER_20260502_S7_L3_HIGH_75_100_S01,HW_PLC,HW_PLC,783,783,784,,,,456632000,plc_internal_rd_loc_t_nanosecond,75,100,77.184,2.183998,0,1,1895393044,3,512,0,ok,
RUN_20260502_S7_L3_HIGH_75_100_S01_R01,S7_L3_HIGH_75_100,SER_20260502_S7_L3_HIGH_75_100_S01,HW_PLC,HW_PLC,784,784,785,,,,525612000,plc_internal_rd_loc_t_nanosecond,75,100,68.98,-6.019997,0,1,615928866,3,512,0,ok,
RUN_20260502_S7_L3_HIGH_75_100_S01_R01,S7_L3_HIGH_75_100,SER_20260502_S7_L3_HIGH_75_100_S01,HW_PLC,HW_PLC,785,785,786,,,,598942000,plc_internal_rd_loc_t_nanosecond,75,100,73.33,-1.669998,0,1,1543723313,3,512,0,ok,
RUN_20260502_S7_L3_HIGH_75_100_S01_R01,S7_L3_HIGH_75_100,SER_20260502_S7_L3_HIGH_75_100_S01,HW_PLC,HW_PLC,786,786,787,,,,676241000,plc_internal_rd_loc_t_nanosecond,75,100,77.299,2.299004,0,1,385902147,3,512,0,ok,
RUN_20260502_S7_L3_HIGH_75_100_S01_R01,S7_L3_HIGH_75_100,SER_20260502_S7_L3_HIGH_75_100_S01,HW_PLC,HW_PLC,787,787,788,,,,745442000,plc_internal_rd_loc_t_nanosecond,75,100,69.201,-5.799004,0,1,1439533910,3,512,0,ok,
RUN_20260502_S7_L3_HIGH_75_100_S01_R01,S7_L3_HIGH_75_100,SER_20260502_S7_L3_HIGH_75_100_S01,HW_PLC,HW_PLC,788,788,789,,,,818497000,plc_internal_rd_loc_t_nanosecond,75,100,73.055,-1.945,0,1,411744364,3,512,0,ok,
RUN_20260502_S7_L3_HIGH_75_100_S01_R01,S7_L3_HIGH_75_100,SER_20260502_S7_L3_HIGH_75_100_S01,HW_PLC,HW_PLC,789,789,790,,,,895672000,plc_internal_rd_loc_t_nanosecond,75,100,77.175,2.175003,0,1,1599602051,3,512,0,ok,
RUN_20260502_S7_L3_HIGH_75_100_S01_R01,S7_L3_HIGH_75_100,SER_20260502_S7_L3_HIGH_75_100_S01,HW_PLC,HW_PLC,790,790,791,,,,965487000,plc_internal_rd_loc_t_nanosecond,75,100,69.815,-5.184998,0,1,710232733,3,512,0,ok,
RUN_20260502_S7_L3_HIGH_75_100_S01_R01,S7_L3_HIGH_75_100,SER_20260502_S7_L3_HIGH_75_100_S01,HW_PLC,HW_PLC,791,791,792,,,,38628000,plc_internal_rd_loc_t_nanosecond,75,100,73.141,-1.859001,0,1,2040704952,3,512,0,ok,
RUN_20260502_S7_L3_HIGH_75_100_S01_R01,S7_L3_HIGH_75_100,SER_20260502_S7_L3_HIGH_75_100_S01,HW_PLC,HW_PLC,792,792,793,,,,113232000,plc_internal_rd_loc_t_nanosecond,75,100,74.604,-0.3960037,0,1,1298144470,3,512,0,ok,
RUN_20260502_S7_L3_HIGH_75_100_S01_R01,S7_L3_HIGH_75_100,SER_20260502_S7_L3_HIGH_75_100_S01,HW_PLC,HW_PLC,793,793,794,,,,191529000,plc_internal_rd_loc_t_nanosecond,75,100,78.297,3.296997,0,1,632136182,3,512,0,ok,
RUN_20260502_S7_L3_HIGH_75_100_S01_R01,S7_L3_HIGH_75_100,SER_20260502_S7_L3_HIGH_75_100_S01,HW_PLC,HW_PLC,794,794,795,,,,261306000,plc_internal_rd_loc_t_nanosecond,75,100,69.777,-5.223,0,1,44773144,3,512,0,ok,
RUN_20260502_S7_L3_HIGH_75_100_S01_R01,S7_L3_HIGH_75_100,SER_20260502_S7_L3_HIGH_75_100_S01,HW_PLC,HW_PLC,795,795,796,,,,334286000,plc_internal_rd_loc_t_nanosecond,75,100,72.98,-2.019997,0,1,1685640251,3,512,0,ok,
RUN_20260502_S7_L3_HIGH_75_100_S01_R01,S7_L3_HIGH_75_100,SER_20260502_S7_L3_HIGH_75_100_S01,HW_PLC,HW_PLC,796,796,797,,,,411254000,plc_internal_rd_loc_t_nanosecond,75,100,76.968,1.968002,0,1,1261863265,3,512,0,ok,
RUN_20260502_S7_L3_HIGH_75_100_S01_R01,S7_L3_HIGH_75_100,SER_20260502_S7_L3_HIGH_75_100_S01,HW_PLC,HW_PLC,797,797,798,,,,481279000,plc_internal_rd_loc_t_nanosecond,75,100,70.025,-4.974998,0,1,923027081,3,512,0,ok,
RUN_20260502_S7_L3_HIGH_75_100_S01_R01,S7_L3_HIGH_75_100,SER_20260502_S7_L3_HIGH_75_100_S01,HW_PLC,HW_PLC,798,798,799,,,,554620000,plc_internal_rd_loc_t_nanosecond,75,100,73.341,-1.658997,0,1,671224755,3,512,0,ok,
RUN_20260502_S7_L3_HIGH_75_100_S01_R01,S7_L3_HIGH_75_100,SER_20260502_S7_L3_HIGH_75_100_S01,HW_PLC,HW_PLC,799,799,800,,,,629329000,plc_internal_rd_loc_t_nanosecond,75,100,74.709,-0.2910004,0,0,508557535,3,512,0,ok,
RUN_20260502_S7_L3_HIGH_75_100_S01_R01,S7_L3_HIGH_75_100,SER_20260502_S7_L3_HIGH_75_100_S01,HW_PLC,HW_PLC,800,800,801,,,,700430000,plc_internal_rd_loc_t_nanosecond,75,100,71.101,-3.899002,0,0,437118477,3,512,0,ok,
RUN_20260502_S7_L3_HIGH_75_100_S01_R01,S7_L3_HIGH_75_100,SER_20260502_S7_L3_HIGH_75_100_S01,HW_PLC,HW_PLC,801,801,802,,,,770598000,plc_internal_rd_loc_t_nanosecond,75,100,70.168,-4.832001,0,0,459008829,3,512,0,ok,
RUN_20260502_S7_L3_HIGH_75_100_S01_R01,S7_L3_HIGH_75_100,SER_20260502_S7_L3_HIGH_75_100_S01,HW_PLC,HW_PLC,802,802,803,,,,843767000,plc_internal_rd_loc_t_nanosecond,75,100,73.169,-1.831001,0,0,576321647,3,512,0,ok,
RUN_20260502_S7_L3_HIGH_75_100_S01_R01,S7_L3_HIGH_75_100,SER_20260502_S7_L3_HIGH_75_100_S01,HW_PLC,HW_PLC,803,803,804,,,,917717000,plc_internal_rd_loc_t_nanosecond,75,100,73.95,-1.050003,0,0,791158179,3,512,0,ok,
RUN_20260502_S7_L3_HIGH_75_100_S01_R01,S7_L3_HIGH_75_100,SER_20260502_S7_L3_HIGH_75_100_S01,HW_PLC,HW_PLC,804,804,805,,,,989485000,plc_internal_rd_loc_t_nanosecond,75,100,71.768,-3.232002,0,0,1105611481,3,512,0,ok,
RUN_20260502_S7_L3_HIGH_75_100_S01_R01,S7_L3_HIGH_75_100,SER_20260502_S7_L3_HIGH_75_100_S01,HW_PLC,HW_PLC,805,805,806,,,,60215000,plc_internal_rd_loc_t_nanosecond,75,100,70.73,-4.269997,0,0,1521782801,3,512,0,ok,
RUN_20260502_S7_L3_HIGH_75_100_S01_R01,S7_L3_HIGH_75_100,SER_20260502_S7_L3_HIGH_75_100_S01,HW_PLC,HW_PLC,806,806,807,,,,139449000,plc_internal_rd_loc_t_nanosecond,75,100,79.234,4.234001,0,0,2041765195,3,512,0,ok,
RUN_20260502_S7_L3_HIGH_75_100_S01_R01,S7_L3_HIGH_75_100,SER_20260502_S7_L3_HIGH_75_100_S01,HW_PLC,HW_PLC,807,807,808,,,,216617000,plc_internal_rd_loc_t_nanosecond,75,100,77.168,2.167999,0,0,520176264,3,512,0,ok,
RUN_20260502_S7_L3_HIGH_75_100_S01_R01,S7_L3_HIGH_75_100,SER_20260502_S7_L3_HIGH_75_100_S01,HW_PLC,HW_PLC,808,808,809,,,,286553000,plc_internal_rd_loc_t_nanosecond,75,100,69.936,-5.064003,0,0,1254076358,3,512,0,ok,
RUN_20260502_S7_L3_HIGH_75_100_S01_R01,S7_L3_HIGH_75_100,SER_20260502_S7_L3_HIGH_75_100_S01,HW_PLC,HW_PLC,809,809,810,,,,359948000,plc_internal_rd_loc_t_nanosecond,75,100,73.395,-1.605003,0,0,2098083078,3,512,0,ok,
RUN_20260502_S7_L3_HIGH_75_100_S01_R01,S7_L3_HIGH_75_100,SER_20260502_S7_L3_HIGH_75_100_S01,HW_PLC,HW_PLC,810,810,811,,,,434922000,plc_internal_rd_loc_t_nanosecond,75,100,74.974,-0.02600098,0,0,906805833,3,512,0,ok,
RUN_20260502_S7_L3_HIGH_75_100_S01_R01,S7_L3_HIGH_75_100,SER_20260502_S7_L3_HIGH_75_100_S01,HW_PLC,HW_PLC,811,811,812,,,,505386000,plc_internal_rd_loc_t_nanosecond,75,100,70.464,-4.536003,0,0,1977313165,3,512,0,ok,
RUN_20260502_S7_L3_HIGH_75_100_S01_R01,S7_L3_HIGH_75_100,SER_20260502_S7_L3_HIGH_75_100_S01,HW_PLC,HW_PLC,812,812,813,,,,575805000,plc_internal_rd_loc_t_nanosecond,75,100,70.419,-4.581001,0,0,1016730836,3,512,0,ok,
RUN_20260502_S7_L3_HIGH_75_100_S01_R01,S7_L3_HIGH_75_100,SER_20260502_S7_L3_HIGH_75_100_S01,HW_PLC,HW_PLC,813,813,814,,,,648435000,plc_internal_rd_loc_t_nanosecond,75,100,72.63,-2.370003,0,0,174643741,3,512,0,ok,
RUN_20260502_S7_L3_HIGH_75_100_S01_R01,S7_L3_HIGH_75_100,SER_20260502_S7_L3_HIGH_75_100_S01,HW_PLC,HW_PLC,814,814,815,,,,723326000,plc_internal_rd_loc_t_nanosecond,75,100,74.891,-0.1090012,0,0,1600628583,3,512,0,ok,
RUN_20260502_S7_L3_HIGH_75_100_S01_R01,S7_L3_HIGH_75_100,SER_20260502_S7_L3_HIGH_75_100_S01,HW_PLC,HW_PLC,815,815,816,,,,794448000,plc_internal_rd_loc_t_nanosecond,75,100,71.122,-3.877998,0,0,1001819316,3,512,0,ok,
RUN_20260502_S7_L3_HIGH_75_100_S01_R01,S7_L3_HIGH_75_100,SER_20260502_S7_L3_HIGH_75_100_S01,HW_PLC,HW_PLC,816,816,817,,,,865235000,plc_internal_rd_loc_t_nanosecond,75,100,70.787,-4.212997,0,0,527792643,3,512,0,ok,
RUN_20260502_S7_L3_HIGH_75_100_S01_R01,S7_L3_HIGH_75_100,SER_20260502_S7_L3_HIGH_75_100_S01,HW_PLC,HW_PLC,817,817,818,,,,937611000,plc_internal_rd_loc_t_nanosecond,75,100,72.376,-2.624001,0,0,180649812,3,512,0,ok,
RUN_20260502_S7_L3_HIGH_75_100_S01_R01,S7_L3_HIGH_75_100,SER_20260502_S7_L3_HIGH_75_100_S01,HW_PLC,HW_PLC,818,818,819,,,,21864000,plc_internal_rd_loc_t_nanosecond,75,100,84.253,9.252998,0,0,2109967526,3,512,0,ok,
RUN_20260502_S7_L3_HIGH_75_100_S01_R01,S7_L3_HIGH_75_100,SER_20260502_S7_L3_HIGH_75_100_S01,HW_PLC,HW_PLC,819,819,820,,,,94618000,plc_internal_rd_loc_t_nanosecond,75,100,72.754,-2.246002,0,0,2022879739,3,512,0,ok,
RUN_20260502_S7_L3_HIGH_75_100_S01_R01,S7_L3_HIGH_75_100,SER_20260502_S7_L3_HIGH_75_100_S01,HW_PLC,HW_PLC,820,820,821,,,,167611000,plc_internal_rd_loc_t_nanosecond,75,100,72.993,-2.007004,0,0,2068963154,3,512,0,ok,
RUN_20260502_S7_L3_HIGH_75_100_S01_R01,S7_L3_HIGH_75_100,SER_20260502_S7_L3_HIGH_75_100_S01,HW_PLC,HW_PLC,821,821,822,,,,244645000,plc_internal_rd_loc_t_nanosecond,75,100,77.034,2.033997,0,0,102835372,3,512,0,ok,
RUN_20260502_S7_L3_HIGH_75_100_S01_R01,S7_L3_HIGH_75_100,SER_20260502_S7_L3_HIGH_75_100_S01,HW_PLC,HW_PLC,822,822,823,,,,313952000,plc_internal_rd_loc_t_nanosecond,75,100,69.307,-5.693001,0,0,421556743,3,512,0,ok,
RUN_20260502_S7_L3_HIGH_75_100_S01_R01,S7_L3_HIGH_75_100,SER_20260502_S7_L3_HIGH_75_100_S01,HW_PLC,HW_PLC,823,823,824,,,,387516000,plc_internal_rd_loc_t_nanosecond,75,100,73.564,-1.435997,0,0,879744868,3,512,0,ok,
RUN_20260502_S7_L3_HIGH_75_100_S01_R01,S7_L3_HIGH_75_100,SER_20260502_S7_L3_HIGH_75_100_S01,HW_PLC,HW_PLC,824,824,825,,,,464194000,plc_internal_rd_loc_t_nanosecond,75,100,76.678,1.678001,0,0,1479492803,3,512,0,ok,
RUN_20260502_S7_L3_HIGH_75_100_S01_R01,S7_L3_HIGH_75_100,SER_20260502_S7_L3_HIGH_75_100_S01,HW_PLC,HW_PLC,825,825,826,,,,534200000,plc_internal_rd_loc_t_nanosecond,75,100,70.006,-4.994003,0,0,75418149,3,512,0,ok,
RUN_20260502_S7_L3_HIGH_75_100_S01_R01,S7_L3_HIGH_75_100,SER_20260502_S7_L3_HIGH_75_100_S01,HW_PLC,HW_PLC,826,826,827,,,,606805000,plc_internal_rd_loc_t_nanosecond,75,100,72.605,-2.394997,0,0,964581256,3,512,0,ok,
RUN_20260502_S7_L3_HIGH_75_100_S01_R01,S7_L3_HIGH_75_100,SER_20260502_S7_L3_HIGH_75_100_S01,HW_PLC,HW_PLC,827,827,828,,,,682443000,plc_internal_rd_loc_t_nanosecond,75,100,75.638,0.6380005,0,0,2001599725,3,512,0,ok,
RUN_20260502_S7_L3_HIGH_75_100_S01_R01,S7_L3_HIGH_75_100,SER_20260502_S7_L3_HIGH_75_100_S01,HW_PLC,HW_PLC,828,828,829,,,,752560000,plc_internal_rd_loc_t_nanosecond,75,100,70.117,-4.883003,0,0,1041082965,3,512,0,ok,
RUN_20260502_S7_L3_HIGH_75_100_S01_R01,S7_L3_HIGH_75_100,SER_20260502_S7_L3_HIGH_75_100_S01,HW_PLC,HW_PLC,829,829,830,,,,821927000,plc_internal_rd_loc_t_nanosecond,75,100,69.367,-5.633003,0,0,232615871,3,512,0,ok,
RUN_20260502_S7_L3_HIGH_75_100_S01_R01,S7_L3_HIGH_75_100,SER_20260502_S7_L3_HIGH_75_100_S01,HW_PLC,HW_PLC,830,830,831,,,,902419000,plc_internal_rd_loc_t_nanosecond,75,100,80.492,5.491997,0,0,1725775146,3,512,0,ok,
RUN_20260502_S7_L3_HIGH_75_100_S01_R01,S7_L3_HIGH_75_100,SER_20260502_S7_L3_HIGH_75_100_S01,HW_PLC,HW_PLC,831,831,832,,,,979573000,plc_internal_rd_loc_t_nanosecond,75,100,77.154,2.153999,0,0,1227694744,3,512,0,ok,
RUN_20260502_S7_L3_HIGH_75_100_S01_R01,S7_L3_HIGH_75_100,SER_20260502_S7_L3_HIGH_75_100_S01,HW_PLC,HW_PLC,832,832,833,,,,49885000,plc_internal_rd_loc_t_nanosecond,75,100,70.312,-4.688004,0,0,887951368,3,512,0,ok,
RUN_20260502_S7_L3_HIGH_75_100_S01_R01,S7_L3_HIGH_75_100,SER_20260502_S7_L3_HIGH_75_100_S01,HW_PLC,HW_PLC,833,833,834,,,,122301000,plc_internal_rd_loc_t_nanosecond,75,100,72.416,-2.584,0,0,708646266,3,512,0,ok,
RUN_20260502_S7_L3_HIGH_75_100_S01_R01,S7_L3_HIGH_75_100,SER_20260502_S7_L3_HIGH_75_100_S01,HW_PLC,HW_PLC,834,834,835,,,,197517000,plc_internal_rd_loc_t_nanosecond,75,100,75.216,0.2160034,0,0,691872494,3,512,0,ok,
RUN_20260502_S7_L3_HIGH_75_100_S01_R01,S7_L3_HIGH_75_100,SER_20260502_S7_L3_HIGH_75_100_S01,HW_PLC,HW_PLC,835,835,836,,,,268625000,plc_internal_rd_loc_t_nanosecond,75,100,71.108,-3.891998,0,0,839731300,3,512,0,ok,
RUN_20260502_S7_L3_HIGH_75_100_S01_R01,S7_L3_HIGH_75_100,SER_20260502_S7_L3_HIGH_75_100_S01,HW_PLC,HW_PLC,836,836,837,,,,338287000,plc_internal_rd_loc_t_nanosecond,75,100,69.662,-5.337997,0,0,1154315740,3,512,0,ok,
RUN_20260502_S7_L3_HIGH_75_100_S01_R01,S7_L3_HIGH_75_100,SER_20260502_S7_L3_HIGH_75_100_S01,HW_PLC,HW_PLC,837,837,838,,,,411724000,plc_internal_rd_loc_t_nanosecond,75,100,73.437,-1.563004,0,0,1637727062,3,512,0,ok,
RUN_20260502_S7_L3_HIGH_75_100_S01_R01,S7_L3_HIGH_75_100,SER_20260502_S7_L3_HIGH_75_100_S01,HW_PLC,HW_PLC,838,838,839,,,,487709000,plc_internal_rd_loc_t_nanosecond,75,100,75.985,0.9850006,0,0,144574675,3,512,0,ok,
RUN_20260502_S7_L3_HIGH_75_100_S01_R01,S7_L3_HIGH_75_100,SER_20260502_S7_L3_HIGH_75_100_S01,HW_PLC,HW_PLC,839,839,840,,,,557610000,plc_internal_rd_loc_t_nanosecond,75,100,69.901,-5.098999,0,0,971927121,3,512,0,ok,
RUN_20260502_S7_L3_HIGH_75_100_S01_R01,S7_L3_HIGH_75_100,SER_20260502_S7_L3_HIGH_75_100_S01,HW_PLC,HW_PLC,840,840,841,,,,626533000,plc_internal_rd_loc_t_nanosecond,75,100,68.923,-6.077003,0,0,1974393809,3,512,0,ok,
RUN_20260502_S7_L3_HIGH_75_100_S01_R01,S7_L3_HIGH_75_100,SER_20260502_S7_L3_HIGH_75_100_S01,HW_PLC,HW_PLC,841,841,842,,,,699859000,plc_internal_rd_loc_t_nanosecond,75,100,73.326,-1.674004,0,0,1006592340,3,512,0,ok,
RUN_20260502_S7_L3_HIGH_75_100_S01_R01,S7_L3_HIGH_75_100,SER_20260502_S7_L3_HIGH_75_100_S01,HW_PLC,HW_PLC,842,842,843,,,,774819000,plc_internal_rd_loc_t_nanosecond,75,100,74.96,-0.04000092,0,0,218099417,3,512,0,ok,
RUN_20260502_S7_L3_HIGH_75_100_S01_R01,S7_L3_HIGH_75_100,SER_20260502_S7_L3_HIGH_75_100_S01,HW_PLC,HW_PLC,843,843,844,,,,852932000,plc_internal_rd_loc_t_nanosecond,75,100,78.113,3.112999,0,0,1758499935,3,512,0,ok,
RUN_20260502_S7_L3_HIGH_75_100_S01_R01,S7_L3_HIGH_75_100,SER_20260502_S7_L3_HIGH_75_100_S01,HW_PLC,HW_PLC,844,844,845,,,,922265000,plc_internal_rd_loc_t_nanosecond,75,100,69.333,-5.667,0,0,1334919656,3,512,0,ok,
RUN_20260502_S7_L3_HIGH_75_100_S01_R01,S7_L3_HIGH_75_100,SER_20260502_S7_L3_HIGH_75_100_S01,HW_PLC,HW_PLC,845,845,846,,,,995520000,plc_internal_rd_loc_t_nanosecond,75,100,73.255,-1.745003,0,0,1096943475,3,512,0,ok,
RUN_20260502_S7_L3_HIGH_75_100_S01_R01,S7_L3_HIGH_75_100,SER_20260502_S7_L3_HIGH_75_100_S01,HW_PLC,HW_PLC,846,846,847,,,,73260000,plc_internal_rd_loc_t_nanosecond,75,100,77.74,2.739998,0,0,1046664448,3,512,0,ok,
RUN_20260502_S7_L3_HIGH_75_100_S01_R01,S7_L3_HIGH_75_100,SER_20260502_S7_L3_HIGH_75_100_S01,HW_PLC,HW_PLC,847,847,848,,,,142420000,plc_internal_rd_loc_t_nanosecond,75,100,69.16,-5.839996,0,0,1186183823,3,512,0,ok,
RUN_20260502_S7_L3_HIGH_75_100_S01_R01,S7_L3_HIGH_75_100,SER_20260502_S7_L3_HIGH_75_100_S01,HW_PLC,HW_PLC,848,848,849,,,,215513000,plc_internal_rd_loc_t_nanosecond,75,100,73.093,-1.906998,0,0,1517594656,3,512,0,ok,
RUN_20260502_S7_L3_HIGH_75_100_S01_R01,S7_L3_HIGH_75_100,SER_20260502_S7_L3_HIGH_75_100_S01,HW_PLC,HW_PLC,849,849,850,,,,292691000,plc_internal_rd_loc_t_nanosecond,75,100,77.178,2.178001,0,0,2042998195,3,512,0,ok,
RUN_20260502_S7_L3_HIGH_75_100_S01_R01,S7_L3_HIGH_75_100,SER_20260502_S7_L3_HIGH_75_100_S01,HW_PLC,HW_PLC,850,850,851,,,,363324000,plc_internal_rd_loc_t_nanosecond,75,100,70.633,-4.366997,0,0,617003849,3,512,0,ok,
RUN_20260502_S7_L3_HIGH_75_100_S01_R01,S7_L3_HIGH_75_100,SER_20260502_S7_L3_HIGH_75_100_S01,HW_PLC,HW_PLC,851,851,852,,,,435470000,plc_internal_rd_loc_t_nanosecond,75,100,72.146,-2.853996,0,0,1536680160,3,512,0,ok,
RUN_20260502_S7_L3_HIGH_75_100_S01_R01,S7_L3_HIGH_75_100,SER_20260502_S7_L3_HIGH_75_100_S01,HW_PLC,HW_PLC,852,852,853,,,,511522000,plc_internal_rd_loc_t_nanosecond,75,100,76.052,1.052002,0,0,509152890,3,512,0,ok,
RUN_20260502_S7_L3_HIGH_75_100_S01_R01,S7_L3_HIGH_75_100,SER_20260502_S7_L3_HIGH_75_100_S01,HW_PLC,HW_PLC,853,853,854,,,,581618000,plc_internal_rd_loc_t_nanosecond,75,100,70.096,-4.903999,0,0,1831490581,3,512,0,ok,
RUN_20260502_S7_L3_HIGH_75_100_S01_R01,S7_L3_HIGH_75_100,SER_20260502_S7_L3_HIGH_75_100_S01,HW_PLC,HW_PLC,854,854,855,,,,650853000,plc_internal_rd_loc_t_nanosecond,75,100,69.235,-5.764999,0,0,1210818995,3,512,0,ok,
RUN_20260502_S7_L3_HIGH_75_100_S01_R01,S7_L3_HIGH_75_100,SER_20260502_S7_L3_HIGH_75_100_S01,HW_PLC,HW_PLC,855,855,856,,,,731684000,plc_internal_rd_loc_t_nanosecond,75,100,80.831,5.831001,0,0,796723027,3,512,0,ok,
RUN_20260502_S7_L3_HIGH_75_100_S01_R01,S7_L3_HIGH_75_100,SER_20260502_S7_L3_HIGH_75_100_S01,HW_PLC,HW_PLC,856,856,857,,,,809262000,plc_internal_rd_loc_t_nanosecond,75,100,77.578,2.578003,0,0,591295733,3,512,0,ok,
RUN_20260502_S7_L3_HIGH_75_100_S01_R01,S7_L3_HIGH_75_100,SER_20260502_S7_L3_HIGH_75_100_S01,HW_PLC,HW_PLC,857,857,858,,,,879403000,plc_internal_rd_loc_t_nanosecond,75,100,70.141,-4.859001,0,0,596638361,3,512,0,ok,
RUN_20260502_S7_L3_HIGH_75_100_S01_R01,S7_L3_HIGH_75_100,SER_20260502_S7_L3_HIGH_75_100_S01,HW_PLC,HW_PLC,858,858,859,,,,952263000,plc_internal_rd_loc_t_nanosecond,75,100,72.86,-2.139999,0,0,814843967,3,512,0,ok,
RUN_20260502_S7_L3_HIGH_75_100_S01_R01,S7_L3_HIGH_75_100,SER_20260502_S7_L3_HIGH_75_100_S01,HW_PLC,HW_PLC,859,859,860,,,,27693000,plc_internal_rd_loc_t_nanosecond,75,100,75.43,0.4300003,0,0,1248013799,3,512,0,ok,
RUN_20260502_S7_L3_HIGH_75_100_S01_R01,S7_L3_HIGH_75_100,SER_20260502_S7_L3_HIGH_75_100_S01,HW_PLC,HW_PLC,860,860,861,,,,98306000,plc_internal_rd_loc_t_nanosecond,75,100,70.613,-4.387001,0,0,1898240913,3,512,0,ok,
RUN_20260502_S7_L3_HIGH_75_100_S01_R01,S7_L3_HIGH_75_100,SER_20260502_S7_L3_HIGH_75_100_S01,HW_PLC,HW_PLC,861,861,862,,,,168783000,plc_internal_rd_loc_t_nanosecond,75,100,70.477,-4.523003,0,0,620142910,3,512,0,ok,
RUN_20260502_S7_L3_HIGH_75_100_S01_R01,S7_L3_HIGH_75_100,SER_20260502_S7_L3_HIGH_75_100_S01,HW_PLC,HW_PLC,862,862,863,,,,240882000,plc_internal_rd_loc_t_nanosecond,75,100,72.099,-2.901001,0,0,1710780140,3,512,0,ok,
RUN_20260502_S7_L3_HIGH_75_100_S01_R01,S7_L3_HIGH_75_100,SER_20260502_S7_L3_HIGH_75_100_S01,HW_PLC,HW_PLC,863,863,864,,,,316974000,plc_internal_rd_loc_t_nanosecond,75,100,76.092,1.092003,0,0,877286557,3,512,0,ok,
RUN_20260502_S7_L3_HIGH_75_100_S01_R01,S7_L3_HIGH_75_100,SER_20260502_S7_L3_HIGH_75_100_S01,HW_PLC,HW_PLC,864,864,865,,,,387492000,plc_internal_rd_loc_t_nanosecond,75,100,70.518,-4.482002,0,0,269238864,3,512,0,ok,
RUN_20260502_S7_L3_HIGH_75_100_S01_R01,S7_L3_HIGH_75_100,SER_20260502_S7_L3_HIGH_75_100_S01,HW_PLC,HW_PLC,865,865,866,,,,456682000,plc_internal_rd_loc_t_nanosecond,75,100,69.19,-5.809998,0,0,2036221956,3,512,0,ok,
RUN_20260502_S7_L3_HIGH_75_100_S01_R01,S7_L3_HIGH_75_100,SER_20260502_S7_L3_HIGH_75_100_S01,HW_PLC,HW_PLC,866,866,867,,,,530363000,plc_internal_rd_loc_t_nanosecond,75,100,73.681,-1.319,0,0,1885361595,3,512,0,ok,
RUN_20260502_S7_L3_HIGH_75_100_S01_R01,S7_L3_HIGH_75_100,SER_20260502_S7_L3_HIGH_75_100_S01,HW_PLC,HW_PLC,867,867,868,,,,614198000,plc_internal_rd_loc_t_nanosecond,75,100,83.835,8.834999,0,0,1966242676,3,512,0,ok,
RUN_20260502_S7_L3_HIGH_75_100_S01_R01,S7_L3_HIGH_75_100,SER_20260502_S7_L3_HIGH_75_100_S01,HW_PLC,HW_PLC,868,868,869,,,,684414000,plc_internal_rd_loc_t_nanosecond,75,100,70.216,-4.783997,0,0,133474608,3,512,0,ok,
RUN_20260502_S7_L3_HIGH_75_100_S01_R01,S7_L3_HIGH_75_100,SER_20260502_S7_L3_HIGH_75_100_S01,HW_PLC,HW_PLC,869,869,870,,,,757355000,plc_internal_rd_loc_t_nanosecond,75,100,72.941,-2.058998,0,0,684125933,3,512,0,ok,
RUN_20260502_S7_L3_HIGH_75_100_S01_R01,S7_L3_HIGH_75_100,SER_20260502_S7_L3_HIGH_75_100_S01,HW_PLC,HW_PLC,870,870,871,,,,832630000,plc_internal_rd_loc_t_nanosecond,75,100,75.275,0.2750015,0,0,1472806060,3,512,0,ok,
RUN_20260502_S7_L3_HIGH_75_100_S01_R01,S7_L3_HIGH_75_100,SER_20260502_S7_L3_HIGH_75_100_S01,HW_PLC,HW_PLC,871,871,872,,,,902768000,plc_internal_rd_loc_t_nanosecond,75,100,70.138,-4.862,0,0,354132590,3,512,0,ok,
RUN_20260502_S7_L3_HIGH_75_100_S01_R01,S7_L3_HIGH_75_100,SER_20260502_S7_L3_HIGH_75_100_S01,HW_PLC,HW_PLC,872,872,873,,,,972692000,plc_internal_rd_loc_t_nanosecond,75,100,69.924,-5.075996,0,0,1625165873,3,512,0,ok,
RUN_20260502_S7_L3_HIGH_75_100_S01_R01,S7_L3_HIGH_75_100,SER_20260502_S7_L3_HIGH_75_100_S01,HW_PLC,HW_PLC,873,873,874,,,,46842000,plc_internal_rd_loc_t_nanosecond,75,100,74.15,-0.8499985,0,0,993039863,3,512,0,ok,
RUN_20260502_S7_L3_HIGH_75_100_S01_R01,S7_L3_HIGH_75_100,SER_20260502_S7_L3_HIGH_75_100_S01,HW_PLC,HW_PLC,874,874,875,,,,122509000,plc_internal_rd_loc_t_nanosecond,75,100,75.667,0.6669998,0,0,607331263,3,512,0,ok,
RUN_20260502_S7_L3_HIGH_75_100_S01_R01,S7_L3_HIGH_75_100,SER_20260502_S7_L3_HIGH_75_100_S01,HW_PLC,HW_PLC,875,875,876,,,,192549000,plc_internal_rd_loc_t_nanosecond,75,100,70.04,-4.959999,0,0,470141321,3,512,0,ok,
RUN_20260502_S7_L3_HIGH_75_100_S01_R01,S7_L3_HIGH_75_100,SER_20260502_S7_L3_HIGH_75_100_S01,HW_PLC,HW_PLC,876,876,877,,,,262556000,plc_internal_rd_loc_t_nanosecond,75,100,70.007,-4.992996,0,0,583563093,3,512,0,ok,
RUN_20260502_S7_L3_HIGH_75_100_S01_R01,S7_L3_HIGH_75_100,SER_20260502_S7_L3_HIGH_75_100_S01,HW_PLC,HW_PLC,877,877,878,,,,335653000,plc_internal_rd_loc_t_nanosecond,75,100,73.097,-1.903,0,0,949697827,3,512,0,ok,
RUN_20260502_S7_L3_HIGH_75_100_S01_R01,S7_L3_HIGH_75_100,SER_20260502_S7_L3_HIGH_75_100_S01,HW_PLC,HW_PLC,878,878,879,,,,411631000,plc_internal_rd_loc_t_nanosecond,75,100,75.978,0.9779968,0,0,1570638579,3,512,0,ok,
RUN_20260502_S7_L3_HIGH_75_100_S01_R01,S7_L3_HIGH_75_100,SER_20260502_S7_L3_HIGH_75_100_S01,HW_PLC,HW_PLC,879,879,880,,,,488691000,plc_internal_rd_loc_t_nanosecond,75,100,77.06,2.059998,0,0,301002950,3,512,0,ok,
RUN_20260502_S7_L3_HIGH_75_100_S01_R01,S7_L3_HIGH_75_100,SER_20260502_S7_L3_HIGH_75_100_S01,HW_PLC,HW_PLC,880,880,881,,,,558563000,plc_internal_rd_loc_t_nanosecond,75,100,69.872,-5.127998,0,0,1437851290,3,512,0,ok,
RUN_20260502_S7_L3_HIGH_75_100_S01_R01,S7_L3_HIGH_75_100,SER_20260502_S7_L3_HIGH_75_100_S01,HW_PLC,HW_PLC,881,881,882,,,,630827000,plc_internal_rd_loc_t_nanosecond,75,100,72.264,-2.736,0,0,688317553,3,512,0,ok,
RUN_20260502_S7_L3_HIGH_75_100_S01_R01,S7_L3_HIGH_75_100,SER_20260502_S7_L3_HIGH_75_100_S01,HW_PLC,HW_PLC,882,882,883,,,,707956000,plc_internal_rd_loc_t_nanosecond,75,100,77.129,2.128998,0,0,201978442,3,512,0,ok,
RUN_20260502_S7_L3_HIGH_75_100_S01_R01,S7_L3_HIGH_75_100,SER_20260502_S7_L3_HIGH_75_100_S01,HW_PLC,HW_PLC,883,883,884,,,,777608000,plc_internal_rd_loc_t_nanosecond,75,100,69.652,-5.348,0,0,2128418852,3,512,0,ok,
RUN_20260502_S7_L3_HIGH_75_100_S01_R01,S7_L3_HIGH_75_100,SER_20260502_S7_L3_HIGH_75_100_S01,HW_PLC,HW_PLC,884,884,885,,,,851220000,plc_internal_rd_loc_t_nanosecond,75,100,73.612,-1.388,0,0,27280898,3,512,0,ok,
RUN_20260502_S7_L3_HIGH_75_100_S01_R01,S7_L3_HIGH_75_100,SER_20260502_S7_L3_HIGH_75_100_S01,HW_PLC,HW_PLC,885,885,886,,,,927485000,plc_internal_rd_loc_t_nanosecond,75,100,76.265,1.264999,0,0,343116769,3,512,0,ok,
RUN_20260502_S7_L3_HIGH_75_100_S01_R01,S7_L3_HIGH_75_100,SER_20260502_S7_L3_HIGH_75_100_S01,HW_PLC,HW_PLC,886,886,887,,,,996793000,plc_internal_rd_loc_t_nanosecond,75,100,69.308,-5.692001,0,0,930535874,3,512,0,ok,
RUN_20260502_S7_L3_HIGH_75_100_S01_R01,S7_L3_HIGH_75_100,SER_20260502_S7_L3_HIGH_75_100_S01,HW_PLC,HW_PLC,887,887,888,,,,69435000,plc_internal_rd_loc_t_nanosecond,75,100,72.642,-2.358002,0,0,1791639461,3,512,0,ok,
RUN_20260502_S7_L3_HIGH_75_100_S01_R01,S7_L3_HIGH_75_100,SER_20260502_S7_L3_HIGH_75_100_S01,HW_PLC,HW_PLC,888,888,889,,,,142536000,plc_internal_rd_loc_t_nanosecond,75,100,73.101,-1.899002,0,0,781036939,3,512,0,ok,
RUN_20260502_S7_L3_HIGH_75_100_S01_R01,S7_L3_HIGH_75_100,SER_20260502_S7_L3_HIGH_75_100_S01,HW_PLC,HW_PLC,889,889,890,,,,219259000,plc_internal_rd_loc_t_nanosecond,75,100,76.723,1.723,0,0,48313203,3,512,0,ok,
RUN_20260502_S7_L3_HIGH_75_100_S01_R01,S7_L3_HIGH_75_100,SER_20260502_S7_L3_HIGH_75_100_S01,HW_PLC,HW_PLC,890,890,891,,,,288931000,plc_internal_rd_loc_t_nanosecond,75,100,69.672,-5.328003,0,0,1743044956,3,512,0,ok,
RUN_20260502_S7_L3_HIGH_75_100_S01_R01,S7_L3_HIGH_75_100,SER_20260502_S7_L3_HIGH_75_100_S01,HW_PLC,HW_PLC,891,891,892,,,,363822000,plc_internal_rd_loc_t_nanosecond,75,100,74.891,-0.1090012,0,0,1572366152,3,512,0,ok,
RUN_20260502_S7_L3_HIGH_75_100_S01_R01,S7_L3_HIGH_75_100,SER_20260502_S7_L3_HIGH_75_100_S01,HW_PLC,HW_PLC,892,892,893,,,,446441000,plc_internal_rd_loc_t_nanosecond,75,100,82.619,7.619003,0,0,1685853494,3,512,0,ok,
RUN_20260502_S7_L3_HIGH_75_100_S01_R01,S7_L3_HIGH_75_100,SER_20260502_S7_L3_HIGH_75_100_S01,HW_PLC,HW_PLC,893,893,894,,,,515553000,plc_internal_rd_loc_t_nanosecond,75,100,69.112,-5.888,0,0,2085608230,3,512,0,ok,
RUN_20260502_S7_L3_HIGH_75_100_S01_R01,S7_L3_HIGH_75_100,SER_20260502_S7_L3_HIGH_75_100_S01,HW_PLC,HW_PLC,894,894,895,,,,588846000,plc_internal_rd_loc_t_nanosecond,75,100,73.293,-1.707001,0,0,626239769,3,512,0,ok,
RUN_20260502_S7_L3_HIGH_75_100_S01_R01,S7_L3_HIGH_75_100,SER_20260502_S7_L3_HIGH_75_100_S01,HW_PLC,HW_PLC,895,895,896,,,,666242000,plc_internal_rd_loc_t_nanosecond,75,100,77.396,2.396004,0,0,1604816653,3,512,0,ok,
RUN_20260502_S7_L3_HIGH_75_100_S01_R01,S7_L3_HIGH_75_100,SER_20260502_S7_L3_HIGH_75_100_S01,HW_PLC,HW_PLC,896,896,897,,,,735291000,plc_internal_rd_loc_t_nanosecond,75,100,69.049,-5.950996,0,0,728464644,3,512,0,ok,
RUN_20260502_S7_L3_HIGH_75_100_S01_R01,S7_L3_HIGH_75_100,SER_20260502_S7_L3_HIGH_75_100_S01,HW_PLC,HW_PLC,897,897,898,,,,808745000,plc_internal_rd_loc_t_nanosecond,75,100,73.454,-1.545998,0,0,146768637,3,512,0,ok,
RUN_20260502_S7_L3_HIGH_75_100_S01_R01,S7_L3_HIGH_75_100,SER_20260502_S7_L3_HIGH_75_100_S01,HW_PLC,HW_PLC,898,898,899,,,,885948000,plc_internal_rd_loc_t_nanosecond,75,100,77.203,2.203003,0,0,2009305335,3,512,0,ok,
RUN_20260502_S7_L3_HIGH_75_100_S01_R01,S7_L3_HIGH_75_100,SER_20260502_S7_L3_HIGH_75_100_S01,HW_PLC,HW_PLC,899,899,900,,,,955873000,plc_internal_rd_loc_t_nanosecond,75,100,69.925,-5.074997,0,1,2023208692,3,512,0,ok,
RUN_20260502_S7_L3_HIGH_75_100_S01_R01,S7_L3_HIGH_75_100,SER_20260502_S7_L3_HIGH_75_100_S01,HW_PLC,HW_PLC,900,900,901,,,,28503000,plc_internal_rd_loc_t_nanosecond,75,100,72.63,-2.370003,0,1,190571764,3,512,0,ok,
RUN_20260502_S7_L3_HIGH_75_100_S01_R01,S7_L3_HIGH_75_100,SER_20260502_S7_L3_HIGH_75_100_S01,HW_PLC,HW_PLC,901,901,902,,,,104704000,plc_internal_rd_loc_t_nanosecond,75,100,76.201,1.200996,0,1,808463093,3,512,0,ok,
RUN_20260502_S7_L3_HIGH_75_100_S01_R01,S7_L3_HIGH_75_100,SER_20260502_S7_L3_HIGH_75_100_S01,HW_PLC,HW_PLC,902,902,903,,,,174675000,plc_internal_rd_loc_t_nanosecond,75,100,69.971,-5.028999,0,1,1731492088,3,512,0,ok,
RUN_20260502_S7_L3_HIGH_75_100_S01_R01,S7_L3_HIGH_75_100,SER_20260502_S7_L3_HIGH_75_100_S01,HW_PLC,HW_PLC,903,903,904,,,,243901000,plc_internal_rd_loc_t_nanosecond,75,100,69.226,-5.774002,0,1,814276350,3,512,0,ok,
RUN_20260502_S7_L3_HIGH_75_100_S01_R01,S7_L3_HIGH_75_100,SER_20260502_S7_L3_HIGH_75_100_S01,HW_PLC,HW_PLC,904,904,905,,,,324244000,plc_internal_rd_loc_t_nanosecond,75,100,80.343,5.343002,0,1,206392582,3,512,0,ok,
RUN_20260502_S7_L3_HIGH_75_100_S01_R01,S7_L3_HIGH_75_100,SER_20260502_S7_L3_HIGH_75_100_S01,HW_PLC,HW_PLC,905,905,906,,,,401484000,plc_internal_rd_loc_t_nanosecond,75,100,77.24,2.239998,0,1,2057425679,3,512,0,ok,
RUN_20260502_S7_L3_HIGH_75_100_S01_R01,S7_L3_HIGH_75_100,SER_20260502_S7_L3_HIGH_75_100_S01,HW_PLC,HW_PLC,906,906,907,,,,470938000,plc_internal_rd_loc_t_nanosecond,75,100,69.454,-5.545998,0,1,2074501403,3,512,0,ok,
RUN_20260502_S7_L3_HIGH_75_100_S01_R01,S7_L3_HIGH_75_100,SER_20260502_S7_L3_HIGH_75_100_S01,HW_PLC,HW_PLC,907,907,908,,,,544197000,plc_internal_rd_loc_t_nanosecond,75,100,73.259,-1.740997,0,1,259721002,3,512,0,ok,
RUN_20260502_S7_L3_HIGH_75_100_S01_R01,S7_L3_HIGH_75_100,SER_20260502_S7_L3_HIGH_75_100_S01,HW_PLC,HW_PLC,908,908,909,,,,620815000,plc_internal_rd_loc_t_nanosecond,75,100,76.618,1.617996,0,1,910144826,3,512,0,ok,
RUN_20260502_S7_L3_HIGH_75_100_S01_R01,S7_L3_HIGH_75_100,SER_20260502_S7_L3_HIGH_75_100_S01,HW_PLC,HW_PLC,909,909,910,,,,690713000,plc_internal_rd_loc_t_nanosecond,75,100,69.898,-5.101997,0,1,1880390476,3,512,0,ok,
RUN_20260502_S7_L3_HIGH_75_100_S01_R01,S7_L3_HIGH_75_100,SER_20260502_S7_L3_HIGH_75_100_S01,HW_PLC,HW_PLC,910,910,911,,,,763763000,plc_internal_rd_loc_t_nanosecond,75,100,73.05,-1.949997,0,1,1025067361,3,512,0,ok,
RUN_20260502_S7_L3_HIGH_75_100_S01_R01,S7_L3_HIGH_75_100,SER_20260502_S7_L3_HIGH_75_100_S01,HW_PLC,HW_PLC,911,911,912,,,,841600000,plc_internal_rd_loc_t_nanosecond,75,100,77.837,2.836998,0,1,493760376,3,512,0,ok,
RUN_20260502_S7_L3_HIGH_75_100_S01_R01,S7_L3_HIGH_75_100,SER_20260502_S7_L3_HIGH_75_100_S01,HW_PLC,HW_PLC,912,912,913,,,,910682000,plc_internal_rd_loc_t_nanosecond,75,100,69.082,-5.917999,0,1,288562577,3,512,0,ok,
RUN_20260502_S7_L3_HIGH_75_100_S01_R01,S7_L3_HIGH_75_100,SER_20260502_S7_L3_HIGH_75_100_S01,HW_PLC,HW_PLC,913,913,914,,,,984369000,plc_internal_rd_loc_t_nanosecond,75,100,73.687,-1.313004,0,1,411575212,3,512,0,ok,
RUN_20260502_S7_L3_HIGH_75_100_S01_R01,S7_L3_HIGH_75_100,SER_20260502_S7_L3_HIGH_75_100_S01,HW_PLC,HW_PLC,914,914,915,,,,61625000,plc_internal_rd_loc_t_nanosecond,75,100,77.256,2.255997,0,1,864891337,3,512,0,ok,
RUN_20260502_S7_L3_HIGH_75_100_S01_R01,S7_L3_HIGH_75_100,SER_20260502_S7_L3_HIGH_75_100_S01,HW_PLC,HW_PLC,915,915,916,,,,130544000,plc_internal_rd_loc_t_nanosecond,75,100,68.919,-6.081001,0,1,1650612200,3,512,0,ok,
RUN_20260502_S7_L3_HIGH_75_100_S01_R01,S7_L3_HIGH_75_100,SER_20260502_S7_L3_HIGH_75_100_S01,HW_PLC,HW_PLC,916,916,917,,,,210509000,plc_internal_rd_loc_t_nanosecond,75,100,79.965,4.964996,0,1,623347210,3,512,0,ok,
RUN_20260502_S7_L3_HIGH_75_100_S01_R01,S7_L3_HIGH_75_100,SER_20260502_S7_L3_HIGH_75_100_S01,HW_PLC,HW_PLC,917,917,918,,,,287725000,plc_internal_rd_loc_t_nanosecond,75,100,77.216,2.216003,0,1,2080164909,3,512,0,ok,
RUN_20260502_S7_L3_HIGH_75_100_S01_R01,S7_L3_HIGH_75_100,SER_20260502_S7_L3_HIGH_75_100_S01,HW_PLC,HW_PLC,918,918,919,,,,357310000,plc_internal_rd_loc_t_nanosecond,75,100,69.585,-5.415001,0,1,1728191059,3,512,0,ok,
RUN_20260502_S7_L3_HIGH_75_100_S01_R01,S7_L3_HIGH_75_100,SER_20260502_S7_L3_HIGH_75_100_S01,HW_PLC,HW_PLC,919,919,920,,,,430434000,plc_internal_rd_loc_t_nanosecond,75,100,73.124,-1.875999,0,1,1717010555,3,512,0,ok,
RUN_20260502_S7_L3_HIGH_75_100_S01_R01,S7_L3_HIGH_75_100,SER_20260502_S7_L3_HIGH_75_100_S01,HW_PLC,HW_PLC,920,920,921,,,,506830000,plc_internal_rd_loc_t_nanosecond,75,100,76.396,1.396004,0,1,2048716453,3,512,0,ok,
RUN_20260502_S7_L3_HIGH_75_100_S01_R01,S7_L3_HIGH_75_100,SER_20260502_S7_L3_HIGH_75_100_S01,HW_PLC,HW_PLC,921,921,922,,,,576432000,plc_internal_rd_loc_t_nanosecond,75,100,69.602,-5.398003,0,1,577926354,3,512,0,ok,
RUN_20260502_S7_L3_HIGH_75_100_S01_R01,S7_L3_HIGH_75_100,SER_20260502_S7_L3_HIGH_75_100_S01,HW_PLC,HW_PLC,922,922,923,,,,646257000,plc_internal_rd_loc_t_nanosecond,75,100,69.825,-5.175003,0,1,1601700608,3,512,0,ok,
RUN_20260502_S7_L3_HIGH_75_100_S01_R01,S7_L3_HIGH_75_100,SER_20260502_S7_L3_HIGH_75_100_S01,HW_PLC,HW_PLC,923,923,924,,,,718764000,plc_internal_rd_loc_t_nanosecond,75,100,72.507,-2.492996,0,1,827173169,3,512,0,ok,
RUN_20260502_S7_L3_HIGH_75_100_S01_R01,S7_L3_HIGH_75_100,SER_20260502_S7_L3_HIGH_75_100_S01,HW_PLC,HW_PLC,924,924,925,,,,794505000,plc_internal_rd_loc_t_nanosecond,75,100,75.741,0.7409973,0,1,403920740,3,512,0,ok,
RUN_20260502_S7_L3_HIGH_75_100_S01_R01,S7_L3_HIGH_75_100,SER_20260502_S7_L3_HIGH_75_100_S01,HW_PLC,HW_PLC,925,925,926,,,,865797000,plc_internal_rd_loc_t_nanosecond,75,100,71.292,-3.708,0,1,334044569,3,512,0,ok,
RUN_20260502_S7_L3_HIGH_75_100_S01_R01,S7_L3_HIGH_75_100,SER_20260502_S7_L3_HIGH_75_100_S01,HW_PLC,HW_PLC,926,926,927,,,,938628000,plc_internal_rd_loc_t_nanosecond,75,100,72.831,-2.168999,0,1,619637712,3,512,0,ok,
RUN_20260502_S7_L3_HIGH_75_100_S01_R01,S7_L3_HIGH_75_100,SER_20260502_S7_L3_HIGH_75_100_S01,HW_PLC,HW_PLC,927,927,928,,,,11785000,plc_internal_rd_loc_t_nanosecond,75,100,73.157,-1.843002,0,1,1262801417,3,512,0,ok,
RUN_20260502_S7_L3_HIGH_75_100_S01_R01,S7_L3_HIGH_75_100,SER_20260502_S7_L3_HIGH_75_100_S01,HW_PLC,HW_PLC,928,928,929,,,,91934000,plc_internal_rd_loc_t_nanosecond,75,100,80.149,5.149002,0,1,118145093,3,512,0,ok,
RUN_20260502_S7_L3_HIGH_75_100_S01_R01,S7_L3_HIGH_75_100,SER_20260502_S7_L3_HIGH_75_100_S01,HW_PLC,HW_PLC,929,929,930,,,,162211000,plc_internal_rd_loc_t_nanosecond,75,100,70.277,-4.723,0,1,1482737282,3,512,0,ok,
RUN_20260502_S7_L3_HIGH_75_100_S01_R01,S7_L3_HIGH_75_100,SER_20260502_S7_L3_HIGH_75_100_S01,HW_PLC,HW_PLC,930,930,931,,,,234738000,plc_internal_rd_loc_t_nanosecond,75,100,72.527,-2.473,0,1,1063703746,3,512,0,ok,
RUN_20260502_S7_L3_HIGH_75_100_S01_R01,S7_L3_HIGH_75_100,SER_20260502_S7_L3_HIGH_75_100_S01,HW_PLC,HW_PLC,931,931,932,,,,311719000,plc_internal_rd_loc_t_nanosecond,75,100,76.981,1.981003,0,1,1010629380,3,512,0,ok,
RUN_20260502_S7_L3_HIGH_75_100_S01_R01,S7_L3_HIGH_75_100,SER_20260502_S7_L3_HIGH_75_100_S01,HW_PLC,HW_PLC,932,932,933,,,,381290000,plc_internal_rd_loc_t_nanosecond,75,100,69.571,-5.429001,0,1,1325607240,3,512,0,ok,
RUN_20260502_S7_L3_HIGH_75_100_S01_R01,S7_L3_HIGH_75_100,SER_20260502_S7_L3_HIGH_75_100_S01,HW_PLC,HW_PLC,933,933,934,,,,450533000,plc_internal_rd_loc_t_nanosecond,75,100,69.243,-5.757004,0,1,2010738574,3,512,0,ok,
RUN_20260502_S7_L3_HIGH_75_100_S01_R01,S7_L3_HIGH_75_100,SER_20260502_S7_L3_HIGH_75_100_S01,HW_PLC,HW_PLC,934,934,935,,,,523473000,plc_internal_rd_loc_t_nanosecond,75,100,72.94,-2.059998,0,1,920632791,3,512,0,ok,
RUN_20260502_S7_L3_HIGH_75_100_S01_R01,S7_L3_HIGH_75_100,SER_20260502_S7_L3_HIGH_75_100_S01,HW_PLC,HW_PLC,935,935,936,,,,599540000,plc_internal_rd_loc_t_nanosecond,75,100,76.067,1.067001,0,1,204874786,3,512,0,ok,
RUN_20260502_S7_L3_HIGH_75_100_S01_R01,S7_L3_HIGH_75_100,SER_20260502_S7_L3_HIGH_75_100_S01,HW_PLC,HW_PLC,936,936,937,,,,669695000,plc_internal_rd_loc_t_nanosecond,75,100,70.155,-4.845001,0,1,2013041262,3,512,0,ok,
RUN_20260502_S7_L3_HIGH_75_100_S01_R01,S7_L3_HIGH_75_100,SER_20260502_S7_L3_HIGH_75_100_S01,HW_PLC,HW_PLC,937,937,938,,,,738537000,plc_internal_rd_loc_t_nanosecond,75,100,68.842,-6.157997,0,1,2052266173,3,512,0,ok,
RUN_20260502_S7_L3_HIGH_75_100_S01_R01,S7_L3_HIGH_75_100,SER_20260502_S7_L3_HIGH_75_100_S01,HW_PLC,HW_PLC,938,938,939,,,,812296000,plc_internal_rd_loc_t_nanosecond,75,100,73.759,-1.240997,0,1,324642575,3,512,0,ok,
RUN_20260502_S7_L3_HIGH_75_100_S01_R01,S7_L3_HIGH_75_100,SER_20260502_S7_L3_HIGH_75_100_S01,HW_PLC,HW_PLC,939,939,940,,,,888625000,plc_internal_rd_loc_t_nanosecond,75,100,76.329,1.329002,0,1,1127239010,3,512,0,ok,
RUN_20260502_S7_L3_HIGH_75_100_S01_R01,S7_L3_HIGH_75_100,SER_20260502_S7_L3_HIGH_75_100_S01,HW_PLC,HW_PLC,940,940,941,,,,957942000,plc_internal_rd_loc_t_nanosecond,75,100,69.317,-5.682999,0,1,167181240,3,512,0,ok,
RUN_20260502_S7_L3_HIGH_75_100_S01_R01,S7_L3_HIGH_75_100,SER_20260502_S7_L3_HIGH_75_100_S01,HW_PLC,HW_PLC,941,941,942,,,,34444000,plc_internal_rd_loc_t_nanosecond,75,100,76.502,1.501999,0,1,1741537807,3,512,0,ok,
RUN_20260502_S7_L3_HIGH_75_100_S01_R01,S7_L3_HIGH_75_100,SER_20260502_S7_L3_HIGH_75_100_S01,HW_PLC,HW_PLC,942,942,943,,,,107728000,plc_internal_rd_loc_t_nanosecond,75,100,73.284,-1.716003,0,1,1557434473,3,512,0,ok,
RUN_20260502_S7_L3_HIGH_75_100_S01_R01,S7_L3_HIGH_75_100,SER_20260502_S7_L3_HIGH_75_100_S01,HW_PLC,HW_PLC,943,943,944,,,,184865000,plc_internal_rd_loc_t_nanosecond,75,100,77.137,2.137001,0,1,1764456133,3,512,0,ok,
RUN_20260502_S7_L3_HIGH_75_100_S01_R01,S7_L3_HIGH_75_100,SER_20260502_S7_L3_HIGH_75_100_S01,HW_PLC,HW_PLC,944,944,945,,,,254541000,plc_internal_rd_loc_t_nanosecond,75,100,69.676,-5.323997,0,1,217212196,3,512,0,ok,
RUN_20260502_S7_L3_HIGH_75_100_S01_R01,S7_L3_HIGH_75_100,SER_20260502_S7_L3_HIGH_75_100_S01,HW_PLC,HW_PLC,945,945,946,,,,327685000,plc_internal_rd_loc_t_nanosecond,75,100,73.144,-1.856003,0,1,1212771204,3,512,0,ok,
RUN_20260502_S7_L3_HIGH_75_100_S01_R01,S7_L3_HIGH_75_100,SER_20260502_S7_L3_HIGH_75_100_S01,HW_PLC,HW_PLC,946,946,947,,,,404852000,plc_internal_rd_loc_t_nanosecond,75,100,77.167,2.167,0,1,458258919,3,512,0,ok,
RUN_20260502_S7_L3_HIGH_75_100_S01_R01,S7_L3_HIGH_75_100,SER_20260502_S7_L3_HIGH_75_100_S01,HW_PLC,HW_PLC,947,947,948,,,,474455000,plc_internal_rd_loc_t_nanosecond,75,100,69.603,-5.397003,0,1,103260236,3,512,0,ok,
RUN_20260502_S7_L3_HIGH_75_100_S01_R01,S7_L3_HIGH_75_100,SER_20260502_S7_L3_HIGH_75_100_S01,HW_PLC,HW_PLC,948,948,949,,,,547936000,plc_internal_rd_loc_t_nanosecond,75,100,73.481,-1.518997,0,1,149868211,3,512,0,ok,
RUN_20260502_S7_L3_HIGH_75_100_S01_R01,S7_L3_HIGH_75_100,SER_20260502_S7_L3_HIGH_75_100_S01,HW_PLC,HW_PLC,949,949,950,,,,623596000,plc_internal_rd_loc_t_nanosecond,75,100,75.66,0.6600037,0,1,600184092,3,512,0,ok,
RUN_20260502_S7_L3_HIGH_75_100_S01_R01,S7_L3_HIGH_75_100,SER_20260502_S7_L3_HIGH_75_100_S01,HW_PLC,HW_PLC,950,950,951,,,,693759000,plc_internal_rd_loc_t_nanosecond,75,100,70.163,-4.836998,0,1,1456300935,3,512,0,ok,
RUN_20260502_S7_L3_HIGH_75_100_S01_R01,S7_L3_HIGH_75_100,SER_20260502_S7_L3_HIGH_75_100_S01,HW_PLC,HW_PLC,951,951,952,,,,763564000,plc_internal_rd_loc_t_nanosecond,75,100,69.805,-5.195,0,1,572836341,3,512,0,ok,
RUN_20260502_S7_L3_HIGH_75_100_S01_R01,S7_L3_HIGH_75_100,SER_20260502_S7_L3_HIGH_75_100_S01,HW_PLC,HW_PLC,952,952,953,,,,836638000,plc_internal_rd_loc_t_nanosecond,75,100,73.074,-1.926003,0,1,99367013,3,512,0,ok,
RUN_20260502_S7_L3_HIGH_75_100_S01_R01,S7_L3_HIGH_75_100,SER_20260502_S7_L3_HIGH_75_100_S01,HW_PLC,HW_PLC,953,953,954,,,,920399000,plc_internal_rd_loc_t_nanosecond,75,100,83.761,8.761002,0,1,37994199,3,512,0,ok,
RUN_20260502_S7_L3_HIGH_75_100_S01_R01,S7_L3_HIGH_75_100,SER_20260502_S7_L3_HIGH_75_100_S01,HW_PLC,HW_PLC,954,954,955,,,,989965000,plc_internal_rd_loc_t_nanosecond,75,100,69.566,-5.433998,0,1,390810955,3,512,0,ok,
RUN_20260502_S7_L3_HIGH_75_100_S01_R01,S7_L3_HIGH_75_100,SER_20260502_S7_L3_HIGH_75_100_S01,HW_PLC,HW_PLC,955,955,956,,,,66188000,plc_internal_rd_loc_t_nanosecond,75,100,76.223,1.223,0,1,1159918529,3,512,0,ok,
RUN_20260502_S7_L3_HIGH_75_100_S01_R01,S7_L3_HIGH_75_100,SER_20260502_S7_L3_HIGH_75_100_S01,HW_PLC,HW_PLC,956,956,957,,,,142247000,plc_internal_rd_loc_t_nanosecond,75,100,76.059,1.058998,0,1,199926330,3,512,0,ok,
RUN_20260502_S7_L3_HIGH_75_100_S01_R01,S7_L3_HIGH_75_100,SER_20260502_S7_L3_HIGH_75_100_S01,HW_PLC,HW_PLC,957,957,958,,,,211723000,plc_internal_rd_loc_t_nanosecond,75,100,69.476,-5.524002,0,1,1807902900,3,512,0,ok,
RUN_20260502_S7_L3_HIGH_75_100_S01_R01,S7_L3_HIGH_75_100,SER_20260502_S7_L3_HIGH_75_100_S01,HW_PLC,HW_PLC,958,958,959,,,,281751000,plc_internal_rd_loc_t_nanosecond,75,100,70.028,-4.972,0,1,1690974001,3,512,0,ok,
RUN_20260502_S7_L3_HIGH_75_100_S01_R01,S7_L3_HIGH_75_100,SER_20260502_S7_L3_HIGH_75_100_S01,HW_PLC,HW_PLC,959,959,960,,,,355403000,plc_internal_rd_loc_t_nanosecond,75,100,73.652,-1.348,0,1,1998724528,3,512,0,ok,
RUN_20260502_S7_L3_HIGH_75_100_S01_R01,S7_L3_HIGH_75_100,SER_20260502_S7_L3_HIGH_75_100_S01,HW_PLC,HW_PLC,960,960,961,,,,430897000,plc_internal_rd_loc_t_nanosecond,75,100,75.494,0.4940033,0,1,585763890,3,512,0,ok,
RUN_20260502_S7_L3_HIGH_75_100_S01_R01,S7_L3_HIGH_75_100,SER_20260502_S7_L3_HIGH_75_100_S01,HW_PLC,HW_PLC,961,961,962,,,,501213000,plc_internal_rd_loc_t_nanosecond,75,100,70.316,-4.683998,0,1,1749160629,3,512,0,ok,
RUN_20260502_S7_L3_HIGH_75_100_S01_R01,S7_L3_HIGH_75_100,SER_20260502_S7_L3_HIGH_75_100_S01,HW_PLC,HW_PLC,962,962,963,,,,571197000,plc_internal_rd_loc_t_nanosecond,75,100,69.984,-5.015999,0,1,1196040507,3,512,0,ok,
RUN_20260502_S7_L3_HIGH_75_100_S01_R01,S7_L3_HIGH_75_100,SER_20260502_S7_L3_HIGH_75_100_S01,HW_PLC,HW_PLC,963,963,964,,,,644272000,plc_internal_rd_loc_t_nanosecond,75,100,73.075,-1.925003,0,1,1075988419,3,512,0,ok,
RUN_20260502_S7_L3_HIGH_75_100_S01_R01,S7_L3_HIGH_75_100,SER_20260502_S7_L3_HIGH_75_100_S01,HW_PLC,HW_PLC,964,964,965,,,,719261000,plc_internal_rd_loc_t_nanosecond,75,100,74.989,-0.01100159,0,1,1391097421,3,512,0,ok,
RUN_20260502_S7_L3_HIGH_75_100_S01_R01,S7_L3_HIGH_75_100,SER_20260502_S7_L3_HIGH_75_100_S01,HW_PLC,HW_PLC,965,965,966,,,,796816000,plc_internal_rd_loc_t_nanosecond,75,100,77.555,2.555,0,1,2143468761,3,512,0,ok,
RUN_20260502_S7_L3_HIGH_75_100_S01_R01,S7_L3_HIGH_75_100,SER_20260502_S7_L3_HIGH_75_100_S01,HW_PLC,HW_PLC,966,966,967,,,,866622000,plc_internal_rd_loc_t_nanosecond,75,100,69.806,-5.194,0,1,1187711848,3,512,0,ok,
RUN_20260502_S7_L3_HIGH_75_100_S01_R01,S7_L3_HIGH_75_100,SER_20260502_S7_L3_HIGH_75_100_S01,HW_PLC,HW_PLC,967,967,968,,,,939840000,plc_internal_rd_loc_t_nanosecond,75,100,73.218,-1.781998,0,1,673411577,3,512,0,ok,
RUN_20260502_S7_L3_HIGH_75_100_S01_R01,S7_L3_HIGH_75_100,SER_20260502_S7_L3_HIGH_75_100_S01,HW_PLC,HW_PLC,968,968,969,,,,16970000,plc_internal_rd_loc_t_nanosecond,75,100,77.13,2.129997,0,1,602661004,3,512,0,ok,
RUN_20260502_S7_L3_HIGH_75_100_S01_R01,S7_L3_HIGH_75_100,SER_20260502_S7_L3_HIGH_75_100_S01,HW_PLC,HW_PLC,969,969,970,,,,86953000,plc_internal_rd_loc_t_nanosecond,75,100,69.983,-5.016998,0,1,977561377,3,512,0,ok,
RUN_20260502_S7_L3_HIGH_75_100_S01_R01,S7_L3_HIGH_75_100,SER_20260502_S7_L3_HIGH_75_100_S01,HW_PLC,HW_PLC,970,970,971,,,,160261000,plc_internal_rd_loc_t_nanosecond,75,100,73.308,-1.692001,0,1,1800205752,3,512,0,ok,
RUN_20260502_S7_L3_HIGH_75_100_S01_R01,S7_L3_HIGH_75_100,SER_20260502_S7_L3_HIGH_75_100_S01,HW_PLC,HW_PLC,971,971,972,,,,236644000,plc_internal_rd_loc_t_nanosecond,75,100,76.383,1.383003,0,1,925211730,3,512,0,ok,
RUN_20260502_S7_L3_HIGH_75_100_S01_R01,S7_L3_HIGH_75_100,SER_20260502_S7_L3_HIGH_75_100_S01,HW_PLC,HW_PLC,972,972,973,,,,307495000,plc_internal_rd_loc_t_nanosecond,75,100,70.851,-4.149002,0,1,502156014,3,512,0,ok,
RUN_20260502_S7_L3_HIGH_75_100_S01_R01,S7_L3_HIGH_75_100,SER_20260502_S7_L3_HIGH_75_100_S01,HW_PLC,HW_PLC,973,973,974,,,,380471000,plc_internal_rd_loc_t_nanosecond,75,100,72.976,-2.024002,0,1,533139852,3,512,0,ok,
RUN_20260502_S7_L3_HIGH_75_100_S01_R01,S7_L3_HIGH_75_100,SER_20260502_S7_L3_HIGH_75_100_S01,HW_PLC,HW_PLC,974,974,975,,,,454742000,plc_internal_rd_loc_t_nanosecond,75,100,74.271,-0.7289963,0,1,1020256300,3,512,0,ok,
RUN_20260502_S7_L3_HIGH_75_100_S01_R01,S7_L3_HIGH_75_100,SER_20260502_S7_L3_HIGH_75_100_S01,HW_PLC,HW_PLC,975,975,976,,,,525782000,plc_internal_rd_loc_t_nanosecond,75,100,71.04,-3.959999,0,1,1965606606,3,512,0,ok,
RUN_20260502_S7_L3_HIGH_75_100_S01_R01,S7_L3_HIGH_75_100,SER_20260502_S7_L3_HIGH_75_100_S01,HW_PLC,HW_PLC,976,976,977,,,,595649000,plc_internal_rd_loc_t_nanosecond,75,100,69.867,-5.133003,0,1,1223800179,3,512,0,ok,
RUN_20260502_S7_L3_HIGH_75_100_S01_R01,S7_L3_HIGH_75_100,SER_20260502_S7_L3_HIGH_75_100_S01,HW_PLC,HW_PLC,977,977,978,,,,671860000,plc_internal_rd_loc_t_nanosecond,75,100,76.211,1.210999,0,1,944421914,3,512,0,ok,
RUN_20260502_S7_L3_HIGH_75_100_S01_R01,S7_L3_HIGH_75_100,SER_20260502_S7_L3_HIGH_75_100_S01,HW_PLC,HW_PLC,978,978,979,,,,752901000,plc_internal_rd_loc_t_nanosecond,75,100,81.041,6.041,0,1,1129564867,3,512,0,ok,
RUN_20260502_S7_L3_HIGH_75_100_S01_R01,S7_L3_HIGH_75_100,SER_20260502_S7_L3_HIGH_75_100_S01,HW_PLC,HW_PLC,979,979,980,,,,823290000,plc_internal_rd_loc_t_nanosecond,75,100,70.389,-4.611,0,1,1781330286,3,512,0,ok,
RUN_20260502_S7_L3_HIGH_75_100_S01_R01,S7_L3_HIGH_75_100,SER_20260502_S7_L3_HIGH_75_100_S01,HW_PLC,HW_PLC,980,980,981,,,,896236000,plc_internal_rd_loc_t_nanosecond,75,100,72.946,-2.054001,0,1,754327580,3,512,0,ok,
RUN_20260502_S7_L3_HIGH_75_100_S01_R01,S7_L3_HIGH_75_100,SER_20260502_S7_L3_HIGH_75_100_S01,HW_PLC,HW_PLC,981,981,982,,,,970944000,plc_internal_rd_loc_t_nanosecond,75,100,74.708,-0.2919998,0,1,198141644,3,512,0,ok,
RUN_20260502_S7_L3_HIGH_75_100_S01_R01,S7_L3_HIGH_75_100,SER_20260502_S7_L3_HIGH_75_100_S01,HW_PLC,HW_PLC,982,982,983,,,,42182000,plc_internal_rd_loc_t_nanosecond,75,100,71.238,-3.762001,0,1,114865534,3,512,0,ok,
RUN_20260502_S7_L3_HIGH_75_100_S01_R01,S7_L3_HIGH_75_100,SER_20260502_S7_L3_HIGH_75_100_S01,HW_PLC,HW_PLC,983,983,984,,,,111429000,plc_internal_rd_loc_t_nanosecond,75,100,69.247,-5.752998,0,1,506600498,3,512,0,ok,
RUN_20260502_S7_L3_HIGH_75_100_S01_R01,S7_L3_HIGH_75_100,SER_20260502_S7_L3_HIGH_75_100_S01,HW_PLC,HW_PLC,984,984,985,,,,184867000,plc_internal_rd_loc_t_nanosecond,75,100,73.438,-1.561996,0,1,1375439592,3,512,0,ok,
RUN_20260502_S7_L3_HIGH_75_100_S01_R01,S7_L3_HIGH_75_100,SER_20260502_S7_L3_HIGH_75_100_S01,HW_PLC,HW_PLC,985,985,986,,,,260198000,plc_internal_rd_loc_t_nanosecond,75,100,75.331,0.3310013,0,1,576000417,3,512,0,ok,
RUN_20260502_S7_L3_HIGH_75_100_S01_R01,S7_L3_HIGH_75_100,SER_20260502_S7_L3_HIGH_75_100_S01,HW_PLC,HW_PLC,986,986,987,,,,330946000,plc_internal_rd_loc_t_nanosecond,75,100,70.748,-4.251999,0,1,257859676,3,512,0,ok,
RUN_20260502_S7_L3_HIGH_75_100_S01_R01,S7_L3_HIGH_75_100,SER_20260502_S7_L3_HIGH_75_100_S01,HW_PLC,HW_PLC,987,987,988,,,,400826000,plc_internal_rd_loc_t_nanosecond,75,100,69.88,-5.120003,0,1,423118617,3,512,0,ok,
RUN_20260502_S7_L3_HIGH_75_100_S01_R01,S7_L3_HIGH_75_100,SER_20260502_S7_L3_HIGH_75_100_S01,HW_PLC,HW_PLC,988,988,989,,,,474563000,plc_internal_rd_loc_t_nanosecond,75,100,73.737,-1.263,0,1,1073870296,3,512,0,ok,
RUN_20260502_S7_L3_HIGH_75_100_S01_R01,S7_L3_HIGH_75_100,SER_20260502_S7_L3_HIGH_75_100_S01,HW_PLC,HW_PLC,989,989,990,,,,549713000,plc_internal_rd_loc_t_nanosecond,75,100,75.15,0.1500015,0,1,64732314,3,512,0,ok,
RUN_20260502_S7_L3_HIGH_75_100_S01_R01,S7_L3_HIGH_75_100,SER_20260502_S7_L3_HIGH_75_100_S01,HW_PLC,HW_PLC,990,990,991,,,,626537000,plc_internal_rd_loc_t_nanosecond,75,100,76.824,1.823997,0,1,1692765021,3,512,0,ok,
RUN_20260502_S7_L3_HIGH_75_100_S01_R01,S7_L3_HIGH_75_100,SER_20260502_S7_L3_HIGH_75_100_S01,HW_PLC,HW_PLC,991,991,992,,,,696862000,plc_internal_rd_loc_t_nanosecond,75,100,70.325,-4.675003,0,1,1665102371,3,512,0,ok,
RUN_20260502_S7_L3_HIGH_75_100_S01_R01,S7_L3_HIGH_75_100,SER_20260502_S7_L3_HIGH_75_100_S01,HW_PLC,HW_PLC,992,992,993,,,,769679000,plc_internal_rd_loc_t_nanosecond,75,100,72.817,-2.182999,0,1,2131321067,3,512,0,ok,
RUN_20260502_S7_L3_HIGH_75_100_S01_R01,S7_L3_HIGH_75_100,SER_20260502_S7_L3_HIGH_75_100_S01,HW_PLC,HW_PLC,993,993,994,,,,845871000,plc_internal_rd_loc_t_nanosecond,75,100,76.192,1.192001,0,1,946038710,3,512,0,ok,
RUN_20260502_S7_L3_HIGH_75_100_S01_R01,S7_L3_HIGH_75_100,SER_20260502_S7_L3_HIGH_75_100_S01,HW_PLC,HW_PLC,994,994,995,,,,915296000,plc_internal_rd_loc_t_nanosecond,75,100,69.425,-5.574997,0,1,258832003,3,512,0,ok,
RUN_20260502_S7_L3_HIGH_75_100_S01_R01,S7_L3_HIGH_75_100,SER_20260502_S7_L3_HIGH_75_100_S01,HW_PLC,HW_PLC,995,995,996,,,,985344000,plc_internal_rd_loc_t_nanosecond,75,100,70.048,-4.952003,0,1,71802194,3,512,0,ok,
RUN_20260502_S7_L3_HIGH_75_100_S01_R01,S7_L3_HIGH_75_100,SER_20260502_S7_L3_HIGH_75_100_S01,HW_PLC,HW_PLC,996,996,997,,,,58655000,plc_internal_rd_loc_t_nanosecond,75,100,73.311,-1.689003,0,1,387042339,3,512,0,ok,
RUN_20260502_S7_L3_HIGH_75_100_S01_R01,S7_L3_HIGH_75_100,SER_20260502_S7_L3_HIGH_75_100_S01,HW_PLC,HW_PLC,997,997,998,,,,135290000,plc_internal_rd_loc_t_nanosecond,75,100,76.635,1.635002,0,1,1206653686,3,512,0,ok,
RUN_20260502_S7_L3_HIGH_75_100_S01_R01,S7_L3_HIGH_75_100,SER_20260502_S7_L3_HIGH_75_100_S01,HW_PLC,HW_PLC,998,998,999,,,,205279000,plc_internal_rd_loc_t_nanosecond,75,100,69.989,-5.011002,0,1,385245644,3,512,0,ok,
RUN_20260502_S7_L3_HIGH_75_100_S01_R01,S7_L3_HIGH_75_100,SER_20260502_S7_L3_HIGH_75_100_S01,HW_PLC,HW_PLC,999,999,1000,,,,278724000,plc_internal_rd_loc_t_nanosecond,75,100,73.445,-1.555,0,0,72403108,3,512,0,ok,
RUN_20260502_S7_L3_HIGH_75_100_S01_R01,S7_L3_HIGH_75_100,SER_20260502_S7_L3_HIGH_75_100_S01,HW_PLC,HW_PLC,1000,1000,1001,,,,355903000,plc_internal_rd_loc_t_nanosecond,75,100,77.179,2.179001,0,0,270219134,3,512,0,ok,
RUN_20260502_S7_L3_HIGH_75_100_S01_R01,S7_L3_HIGH_75_100,SER_20260502_S7_L3_HIGH_75_100_S01,HW_PLC,HW_PLC,1001,1001,1002,,,,424959000,plc_internal_rd_loc_t_nanosecond,75,100,69.056,-5.944,0,0,980794970,3,512,0,ok,
RUN_20260502_S7_L3_HIGH_75_100_S01_R01,S7_L3_HIGH_75_100,SER_20260502_S7_L3_HIGH_75_100_S01,HW_PLC,HW_PLC,1002,1002,1003,,,,505360000,plc_internal_rd_loc_t_nanosecond,75,100,80.401,5.401001,0,0,58740025,3,512,0,ok,
RUN_20260502_S7_L3_HIGH_75_100_S01_R01,S7_L3_HIGH_75_100,SER_20260502_S7_L3_HIGH_75_100_S01,HW_PLC,HW_PLC,1003,1003,1004,,,,582591000,plc_internal_rd_loc_t_nanosecond,75,100,77.231,2.231003,0,0,1801122841,3,512,0,ok,
RUN_20260502_S7_L3_HIGH_75_100_S01_R01,S7_L3_HIGH_75_100,SER_20260502_S7_L3_HIGH_75_100_S01,HW_PLC,HW_PLC,1004,1004,1005,,,,652438000,plc_internal_rd_loc_t_nanosecond,75,100,69.847,-5.153,0,0,1915069180,3,512,0,ok,
RUN_20260502_S7_L3_HIGH_75_100_S01_R01,S7_L3_HIGH_75_100,SER_20260502_S7_L3_HIGH_75_100_S01,HW_PLC,HW_PLC,1005,1005,1006,,,,725330000,plc_internal_rd_loc_t_nanosecond,75,100,72.892,-2.108002,0,0,402680290,3,512,0,ok,
RUN_20260502_S7_L3_HIGH_75_100_S01_R01,S7_L3_HIGH_75_100,SER_20260502_S7_L3_HIGH_75_100_S01,HW_PLC,HW_PLC,1006,1006,1007,,,,801275000,plc_internal_rd_loc_t_nanosecond,75,100,75.945,0.9449997,0,0,1561016521,3,512,0,ok,
RUN_20260502_S7_L3_HIGH_75_100_S01_R01,S7_L3_HIGH_75_100,SER_20260502_S7_L3_HIGH_75_100_S01,HW_PLC,HW_PLC,1007,1007,1008,,,,871587000,plc_internal_rd_loc_t_nanosecond,75,100,70.312,-4.688004,0,0,1097211827,3,512,0,ok,
RUN_20260502_S7_L3_HIGH_75_100_S01_R01,S7_L3_HIGH_75_100,SER_20260502_S7_L3_HIGH_75_100_S01,HW_PLC,HW_PLC,1008,1008,1009,,,,940386000,plc_internal_rd_loc_t_nanosecond,75,100,68.799,-6.200996,0,0,1160842911,3,512,0,ok,
RUN_20260502_S7_L3_HIGH_75_100_S01_R01,S7_L3_HIGH_75_100,SER_20260502_S7_L3_HIGH_75_100_S01,HW_PLC,HW_PLC,1009,1009,1010,,,,13638000,plc_internal_rd_loc_t_nanosecond,75,100,73.252,-1.748001,0,0,1754011021,3,512,0,ok,
RUN_20260502_S7_L3_HIGH_75_100_S01_R01,S7_L3_HIGH_75_100,SER_20260502_S7_L3_HIGH_75_100_S01,HW_PLC,HW_PLC,1010,1010,1011,,,,89723000,plc_internal_rd_loc_t_nanosecond,75,100,76.085,1.084999,0,0,731325566,3,512,0,ok,
RUN_20260502_S7_L3_HIGH_75_100_S01_R01,S7_L3_HIGH_75_100,SER_20260502_S7_L3_HIGH_75_100_S01,HW_PLC,HW_PLC,1011,1011,1012,,,,159783000,plc_internal_rd_loc_t_nanosecond,75,100,70.06,-4.940002,0,0,242371441,3,512,0,ok,
RUN_20260502_S7_L3_HIGH_75_100_S01_R01,S7_L3_HIGH_75_100,SER_20260502_S7_L3_HIGH_75_100_S01,HW_PLC,HW_PLC,1012,1012,1013,,,,229205000,plc_internal_rd_loc_t_nanosecond,75,100,69.422,-5.578003,0,0,289241702,3,512,0,ok,
RUN_20260502_S7_L3_HIGH_75_100_S01_R01,S7_L3_HIGH_75_100,SER_20260502_S7_L3_HIGH_75_100_S01,HW_PLC,HW_PLC,1013,1013,1014,,,,302588000,plc_internal_rd_loc_t_nanosecond,75,100,73.383,-1.616997,0,0,874037597,3,512,0,ok,
RUN_20260502_S7_L3_HIGH_75_100_S01_R01,S7_L3_HIGH_75_100,SER_20260502_S7_L3_HIGH_75_100_S01,HW_PLC,HW_PLC,1014,1014,1015,,,,383421000,plc_internal_rd_loc_t_nanosecond,75,100,80.833,5.833,0,0,1998852182,3,512,0,ok,
RUN_20260502_S7_L3_HIGH_75_100_S01_R01,S7_L3_HIGH_75_100,SER_20260502_S7_L3_HIGH_75_100_S01,HW_PLC,HW_PLC,1015,1015,1016,,,,455949000,plc_internal_rd_loc_t_nanosecond,75,100,72.528,-2.472,0,0,1518303058,3,512,0,ok,
RUN_20260502_S7_L3_HIGH_75_100_S01_R01,S7_L3_HIGH_75_100,SER_20260502_S7_L3_HIGH_75_100_S01,HW_PLC,HW_PLC,1016,1016,1017,,,,528831000,plc_internal_rd_loc_t_nanosecond,75,100,72.882,-2.117996,0,0,1581966928,3,512,0,ok,
RUN_20260502_S7_L3_HIGH_75_100_S01_R01,S7_L3_HIGH_75_100,SER_20260502_S7_L3_HIGH_75_100_S01,HW_PLC,HW_PLC,1017,1017,1018,,,,604196000,plc_internal_rd_loc_t_nanosecond,75,100,75.365,0.3649979,0,0,44461393,3,512,0,ok,
RUN_20260502_S7_L3_HIGH_75_100_S01_R01,S7_L3_HIGH_75_100,SER_20260502_S7_L3_HIGH_75_100_S01,HW_PLC,HW_PLC,1018,1018,1019,,,,674907000,plc_internal_rd_loc_t_nanosecond,75,100,70.711,-4.289001,0,0,1202846803,3,512,0,ok,
RUN_20260502_S7_L3_HIGH_75_100_S01_R01,S7_L3_HIGH_75_100,SER_20260502_S7_L3_HIGH_75_100_S01,HW_PLC,HW_PLC,1019,1019,1020,,,,743945000,plc_internal_rd_loc_t_nanosecond,75,100,69.038,-5.961998,0,0,764257112,3,512,0,ok,
RUN_20260502_S7_L3_HIGH_75_100_S01_R01,S7_L3_HIGH_75_100,SER_20260502_S7_L3_HIGH_75_100_S01,HW_PLC,HW_PLC,1020,1020,1021,,,,817312000,plc_internal_rd_loc_t_nanosecond,75,100,73.367,-1.633003,0,0,878269023,3,512,0,ok,
RUN_20260502_S7_L3_HIGH_75_100_S01_R01,S7_L3_HIGH_75_100,SER_20260502_S7_L3_HIGH_75_100_S01,HW_PLC,HW_PLC,1021,1021,1022,,,,892983000,plc_internal_rd_loc_t_nanosecond,75,100,75.671,0.6709976,0,0,1546983784,3,512,0,ok,
RUN_20260502_S7_L3_HIGH_75_100_S01_R01,S7_L3_HIGH_75_100,SER_20260502_S7_L3_HIGH_75_100_S01,HW_PLC,HW_PLC,1022,1022,1023,,,,963144000,plc_internal_rd_loc_t_nanosecond,75,100,70.161,-4.838997,0,0,625010804,3,512,0,ok,
RUN_20260502_S7_L3_HIGH_75_100_S01_R01,S7_L3_HIGH_75_100,SER_20260502_S7_L3_HIGH_75_100_S01,HW_PLC,HW_PLC,1023,1023,1024,,,,32543000,plc_internal_rd_loc_t_nanosecond,75,100,69.399,-5.600998,0,0,261934978,3,512,0,ok,
RUN_20260502_S7_L3_HIGH_75_100_S01_R01,S7_L3_HIGH_75_100,SER_20260502_S7_L3_HIGH_75_100_S01,HW_PLC,HW_PLC,1024,1024,1025,,,,106505000,plc_internal_rd_loc_t_nanosecond,75,100,73.962,-1.038002,0,0,459849362,3,512,0,ok,
RUN_20260502_S7_L3_HIGH_75_100_S01_R01,S7_L3_HIGH_75_100,SER_20260502_S7_L3_HIGH_75_100_S01,HW_PLC,HW_PLC,1025,1025,1026,,,,180765000,plc_internal_rd_loc_t_nanosecond,75,100,74.26,-0.7399979,0,0,1220855204,3,512,0,ok,
RUN_20260502_S7_L3_HIGH_75_100_S01_R01,S7_L3_HIGH_75_100,SER_20260502_S7_L3_HIGH_75_100_S01,HW_PLC,HW_PLC,1026,1026,1027,,,,252530000,plc_internal_rd_loc_t_nanosecond,75,100,71.765,-3.235001,0,0,399561913,3,512,0,ok,
RUN_20260502_S7_L3_HIGH_75_100_S01_R01,S7_L3_HIGH_75_100,SER_20260502_S7_L3_HIGH_75_100_S01,HW_PLC,HW_PLC,1027,1027,1028,,,,329405000,plc_internal_rd_loc_t_nanosecond,75,100,76.875,1.875,0,0,145554384,3,512,0,ok,
RUN_20260502_S7_L3_HIGH_75_100_S01_R01,S7_L3_HIGH_75_100,SER_20260502_S7_L3_HIGH_75_100_S01,HW_PLC,HW_PLC,1028,1028,1029,,,,402233000,plc_internal_rd_loc_t_nanosecond,75,100,72.828,-2.171997,0,0,460925673,3,512,0,ok,
RUN_20260502_S7_L3_HIGH_75_100_S01_R01,S7_L3_HIGH_75_100,SER_20260502_S7_L3_HIGH_75_100_S01,HW_PLC,HW_PLC,1029,1029,1030,,,,479334000,plc_internal_rd_loc_t_nanosecond,75,100,77.101,2.100998,0,0,1347777028,3,512,0,ok,
RUN_20260502_S7_L3_HIGH_75_100_S01_R01,S7_L3_HIGH_75_100,SER_20260502_S7_L3_HIGH_75_100_S01,HW_PLC,HW_PLC,1030,1030,1031,,,,548523000,plc_internal_rd_loc_t_nanosecond,75,100,69.189,-5.810997,0,0,660717858,3,512,0,ok,
RUN_20260502_S7_L3_HIGH_75_100_S01_R01,S7_L3_HIGH_75_100,SER_20260502_S7_L3_HIGH_75_100_S01,HW_PLC,HW_PLC,1031,1031,1032,,,,621452000,plc_internal_rd_loc_t_nanosecond,75,100,72.929,-2.070999,0,0,549333058,3,512,0,ok,
RUN_20260502_S7_L3_HIGH_75_100_S01_R01,S7_L3_HIGH_75_100,SER_20260502_S7_L3_HIGH_75_100_S01,HW_PLC,HW_PLC,1032,1032,1033,,,,697765000,plc_internal_rd_loc_t_nanosecond,75,100,76.313,1.313004,0,0,1015715684,3,512,0,ok,
RUN_20260502_S7_L3_HIGH_75_100_S01_R01,S7_L3_HIGH_75_100,SER_20260502_S7_L3_HIGH_75_100_S01,HW_PLC,HW_PLC,1033,1033,1034,,,,767440000,plc_internal_rd_loc_t_nanosecond,75,100,69.675,-5.324997,0,0,2061966984,3,512,0,ok,
RUN_20260502_S7_L3_HIGH_75_100_S01_R01,S7_L3_HIGH_75_100,SER_20260502_S7_L3_HIGH_75_100_S01,HW_PLC,HW_PLC,1034,1034,1035,,,,837154000,plc_internal_rd_loc_t_nanosecond,75,100,69.714,-5.286003,0,0,1542696367,3,512,0,ok,
RUN_20260502_S7_L3_HIGH_75_100_S01_R01,S7_L3_HIGH_75_100,SER_20260502_S7_L3_HIGH_75_100_S01,HW_PLC,HW_PLC,1035,1035,1036,,,,909933000,plc_internal_rd_loc_t_nanosecond,75,100,72.779,-2.221001,0,0,1607488728,3,512,0,ok,
RUN_20260502_S7_L3_HIGH_75_100_S01_R01,S7_L3_HIGH_75_100,SER_20260502_S7_L3_HIGH_75_100_S01,HW_PLC,HW_PLC,1036,1036,1037,,,,984798000,plc_internal_rd_loc_t_nanosecond,75,100,74.865,-0.1350021,0,0,110953476,3,512,0,ok,
RUN_20260502_S7_L3_HIGH_75_100_S01_R01,S7_L3_HIGH_75_100,SER_20260502_S7_L3_HIGH_75_100_S01,HW_PLC,HW_PLC,1037,1037,1038,,,,56259000,plc_internal_rd_loc_t_nanosecond,75,100,71.461,-3.539001,0,0,1350159153,3,512,0,ok,
RUN_20260502_S7_L3_HIGH_75_100_S01_R01,S7_L3_HIGH_75_100,SER_20260502_S7_L3_HIGH_75_100_S01,HW_PLC,HW_PLC,1038,1038,1039,,,,125451000,plc_internal_rd_loc_t_nanosecond,75,100,69.192,-5.807999,0,0,1032231521,3,512,0,ok,
RUN_20260502_S7_L3_HIGH_75_100_S01_R01,S7_L3_HIGH_75_100,SER_20260502_S7_L3_HIGH_75_100_S01,HW_PLC,HW_PLC,1039,1039,1040,,,,205716000,plc_internal_rd_loc_t_nanosecond,75,100,80.265,5.264999,0,0,1306755475,3,512,0,ok,
RUN_20260502_S7_L3_HIGH_75_100_S01_R01,S7_L3_HIGH_75_100,SER_20260502_S7_L3_HIGH_75_100_S01,HW_PLC,HW_PLC,1040,1040,1041,,,,283152000,plc_internal_rd_loc_t_nanosecond,75,100,77.436,2.435997,0,0,28340424,3,512,0,ok,
RUN_20260502_S7_L3_HIGH_75_100_S01_R01,S7_L3_HIGH_75_100,SER_20260502_S7_L3_HIGH_75_100_S01,HW_PLC,HW_PLC,1041,1041,1042,,,,353262000,plc_internal_rd_loc_t_nanosecond,75,100,70.11,-4.889999,0,0,1494054910,3,512,0,ok,
RUN_20260502_S7_L3_HIGH_75_100_S01_R01,S7_L3_HIGH_75_100,SER_20260502_S7_L3_HIGH_75_100_S01,HW_PLC,HW_PLC,1042,1042,1043,,,,426198000,plc_internal_rd_loc_t_nanosecond,75,100,72.936,-2.064003,0,0,1411024695,3,512,0,ok,
RUN_20260502_S7_L3_HIGH_75_100_S01_R01,S7_L3_HIGH_75_100,SER_20260502_S7_L3_HIGH_75_100_S01,HW_PLC,HW_PLC,1043,1043,1044,,,,503327000,plc_internal_rd_loc_t_nanosecond,75,100,77.129,2.128998,0,0,1928834674,3,512,0,ok,
RUN_20260502_S7_L3_HIGH_75_100_S01_R01,S7_L3_HIGH_75_100,SER_20260502_S7_L3_HIGH_75_100_S01,HW_PLC,HW_PLC,1044,1044,1045,,,,572789000,plc_internal_rd_loc_t_nanosecond,75,100,69.462,-5.538002,0,0,902094256,3,512,0,ok,
RUN_20260502_S7_L3_HIGH_75_100_S01_R01,S7_L3_HIGH_75_100,SER_20260502_S7_L3_HIGH_75_100_S01,HW_PLC,HW_PLC,1045,1045,1046,,,,646202000,plc_internal_rd_loc_t_nanosecond,75,100,73.413,-1.586998,0,0,480388336,3,512,0,ok,
RUN_20260502_S7_L3_HIGH_75_100_S01_R01,S7_L3_HIGH_75_100,SER_20260502_S7_L3_HIGH_75_100_S01,HW_PLC,HW_PLC,1046,1046,1047,,,,722806000,plc_internal_rd_loc_t_nanosecond,75,100,76.604,1.603996,0,0,665809970,3,512,0,ok,
RUN_20260502_S7_L3_HIGH_75_100_S01_R01,S7_L3_HIGH_75_100,SER_20260502_S7_L3_HIGH_75_100_S01,HW_PLC,HW_PLC,1047,1047,1048,,,,792666000,plc_internal_rd_loc_t_nanosecond,75,100,69.86,-5.139999,0,0,1460460406,3,512,0,ok,
RUN_20260502_S7_L3_HIGH_75_100_S01_R01,S7_L3_HIGH_75_100,SER_20260502_S7_L3_HIGH_75_100_S01,HW_PLC,HW_PLC,1048,1048,1049,,,,866264000,plc_internal_rd_loc_t_nanosecond,75,100,73.598,-1.402,0,0,718949053,3,512,0,ok,
RUN_20260502_S7_L3_HIGH_75_100_S01_R01,S7_L3_HIGH_75_100,SER_20260502_S7_L3_HIGH_75_100_S01,HW_PLC,HW_PLC,1049,1049,1050,,,,943483000,plc_internal_rd_loc_t_nanosecond,75,100,77.219,2.219002,0,0,590860806,3,512,0,ok,
RUN_20260502_S7_L3_HIGH_75_100_S01_R01,S7_L3_HIGH_75_100,SER_20260502_S7_L3_HIGH_75_100_S01,HW_PLC,HW_PLC,1050,1050,1051,,,,12606000,plc_internal_rd_loc_t_nanosecond,75,100,69.123,-5.876999,0,0,1078288721,3,512,0,ok,
RUN_20260502_S7_L3_HIGH_75_100_S01_R01,S7_L3_HIGH_75_100,SER_20260502_S7_L3_HIGH_75_100_S01,HW_PLC,HW_PLC,1051,1051,1052,,,,93460000,plc_internal_rd_loc_t_nanosecond,75,100,80.854,5.853996,0,0,35850399,3,512,0,ok,
RUN_20260502_S7_L3_HIGH_75_100_S01_R01,S7_L3_HIGH_75_100,SER_20260502_S7_L3_HIGH_75_100_S01,HW_PLC,HW_PLC,1052,1052,1053,,,,170486000,plc_internal_rd_loc_t_nanosecond,75,100,77.026,2.026001,0,0,1760606190,3,512,0,ok,
RUN_20260502_S7_L3_HIGH_75_100_S01_R01,S7_L3_HIGH_75_100,SER_20260502_S7_L3_HIGH_75_100_S01,HW_PLC,HW_PLC,1053,1053,1054,,,,239996000,plc_internal_rd_loc_t_nanosecond,75,100,69.51,-5.489998,0,0,1959690048,3,512,0,ok,
RUN_20260502_S7_L3_HIGH_75_100_S01_R01,S7_L3_HIGH_75_100,SER_20260502_S7_L3_HIGH_75_100_S01,HW_PLC,HW_PLC,1054,1054,1055,,,,313386000,plc_internal_rd_loc_t_nanosecond,75,100,73.39,-1.610001,0,0,635195029,3,512,0,ok,
RUN_20260502_S7_L3_HIGH_75_100_S01_R01,S7_L3_HIGH_75_100,SER_20260502_S7_L3_HIGH_75_100_S01,HW_PLC,HW_PLC,1055,1055,1056,,,,389231000,plc_internal_rd_loc_t_nanosecond,75,100,75.845,0.8450012,0,0,2084189675,3,512,0,ok,
RUN_20260502_S7_L3_HIGH_75_100_S01_R01,S7_L3_HIGH_75_100,SER_20260502_S7_L3_HIGH_75_100_S01,HW_PLC,HW_PLC,1056,1056,1057,,,,459227000,plc_internal_rd_loc_t_nanosecond,75,100,69.996,-5.003998,0,0,2013799748,3,512,0,ok,
RUN_20260502_S7_L3_HIGH_75_100_S01_R01,S7_L3_HIGH_75_100,SER_20260502_S7_L3_HIGH_75_100_S01,HW_PLC,HW_PLC,1057,1057,1058,,,,528436000,plc_internal_rd_loc_t_nanosecond,75,100,69.209,-5.791,0,0,426126496,3,512,0,ok,
RUN_20260502_S7_L3_HIGH_75_100_S01_R01,S7_L3_HIGH_75_100,SER_20260502_S7_L3_HIGH_75_100_S01,HW_PLC,HW_PLC,1058,1058,1059,,,,601613000,plc_internal_rd_loc_t_nanosecond,75,100,73.177,-1.822998,0,0,1618230269,3,512,0,ok,
RUN_20260502_S7_L3_HIGH_75_100_S01_R01,S7_L3_HIGH_75_100,SER_20260502_S7_L3_HIGH_75_100_S01,HW_PLC,HW_PLC,1059,1059,1060,,,,676893000,plc_internal_rd_loc_t_nanosecond,75,100,75.28,0.2799988,0,0,1297245021,3,512,0,ok,
RUN_20260502_S7_L3_HIGH_75_100_S01_R01,S7_L3_HIGH_75_100,SER_20260502_S7_L3_HIGH_75_100_S01,HW_PLC,HW_PLC,1060,1060,1061,,,,746998000,plc_internal_rd_loc_t_nanosecond,75,100,70.105,-4.894997,0,0,1612747455,3,512,0,ok,
RUN_20260502_S7_L3_HIGH_75_100_S01_R01,S7_L3_HIGH_75_100,SER_20260502_S7_L3_HIGH_75_100_S01,HW_PLC,HW_PLC,1061,1061,1062,,,,816848000,plc_internal_rd_loc_t_nanosecond,75,100,69.85,-5.150002,0,0,419355172,3,512,0,ok,
RUN_20260502_S7_L3_HIGH_75_100_S01_R01,S7_L3_HIGH_75_100,SER_20260502_S7_L3_HIGH_75_100_S01,HW_PLC,HW_PLC,1062,1062,1063,,,,890619000,plc_internal_rd_loc_t_nanosecond,75,100,73.771,-1.228996,0,0,2014128522,3,512,0,ok,
RUN_20260502_S7_L3_HIGH_75_100_S01_R01,S7_L3_HIGH_75_100,SER_20260502_S7_L3_HIGH_75_100_S01,HW_PLC,HW_PLC,1063,1063,1064,,,,964784000,plc_internal_rd_loc_t_nanosecond,75,100,74.165,-0.8349991,0,0,2104201459,3,512,0,ok,
RUN_20260502_S7_L3_HIGH_75_100_S01_R01,S7_L3_HIGH_75_100,SER_20260502_S7_L3_HIGH_75_100_S01,HW_PLC,HW_PLC,1064,1064,1065,,,,43573000,plc_internal_rd_loc_t_nanosecond,75,100,78.789,3.789001,0,0,691667039,3,512,0,ok,
RUN_20260502_S7_L3_HIGH_75_100_S01_R01,S7_L3_HIGH_75_100,SER_20260502_S7_L3_HIGH_75_100_S01,HW_PLC,HW_PLC,1065,1065,1066,,,,112803000,plc_internal_rd_loc_t_nanosecond,75,100,69.23,-5.769997,0,0,2073593804,3,512,0,ok,
RUN_20260502_S7_L3_HIGH_75_100_S01_R01,S7_L3_HIGH_75_100,SER_20260502_S7_L3_HIGH_75_100_S01,HW_PLC,HW_PLC,1066,1066,1067,,,,186417000,plc_internal_rd_loc_t_nanosecond,75,100,73.614,-1.386002,0,0,1957107516,3,512,0,ok,
RUN_20260502_S7_L3_HIGH_75_100_S01_R01,S7_L3_HIGH_75_100,SER_20260502_S7_L3_HIGH_75_100_S01,HW_PLC,HW_PLC,1067,1067,1068,,,,257392000,plc_internal_rd_loc_t_nanosecond,75,100,70.975,-4.025002,0,0,344309423,3,512,0,ok,
RUN_20260502_S7_L3_HIGH_75_100_S01_R01,S7_L3_HIGH_75_100,SER_20260502_S7_L3_HIGH_75_100_S01,HW_PLC,HW_PLC,1068,1068,1069,,,,332165000,plc_internal_rd_loc_t_nanosecond,75,100,74.773,-0.2269974,0,0,1532259875,3,512,0,ok,
RUN_20260502_S7_L3_HIGH_75_100_S01_R01,S7_L3_HIGH_75_100,SER_20260502_S7_L3_HIGH_75_100_S01,HW_PLC,HW_PLC,1069,1069,1070,,,,401671000,plc_internal_rd_loc_t_nanosecond,75,100,69.506,-5.494003,0,0,1228092826,3,512,0,ok,
RUN_20260502_S7_L3_HIGH_75_100_S01_R01,S7_L3_HIGH_75_100,SER_20260502_S7_L3_HIGH_75_100_S01,HW_PLC,HW_PLC,1070,1070,1071,,,,475348000,plc_internal_rd_loc_t_nanosecond,75,100,73.677,-1.322998,0,0,1581384979,3,512,0,ok,
RUN_20260502_S7_L3_HIGH_75_100_S01_R01,S7_L3_HIGH_75_100,SER_20260502_S7_L3_HIGH_75_100_S01,HW_PLC,HW_PLC,1071,1071,1072,,,,552253000,plc_internal_rd_loc_t_nanosecond,75,100,76.905,1.904999,0,0,446753935,3,512,0,ok,
RUN_20260502_S7_L3_HIGH_75_100_S01_R01,S7_L3_HIGH_75_100,SER_20260502_S7_L3_HIGH_75_100_S01,HW_PLC,HW_PLC,1072,1072,1073,,,,621767000,plc_internal_rd_loc_t_nanosecond,75,100,69.514,-5.486,0,0,2121260044,3,512,0,ok,
RUN_20260502_S7_L3_HIGH_75_100_S01_R01,S7_L3_HIGH_75_100,SER_20260502_S7_L3_HIGH_75_100_S01,HW_PLC,HW_PLC,1073,1073,1074,,,,694925000,plc_internal_rd_loc_t_nanosecond,75,100,73.158,-1.842003,0,0,164553613,3,512,0,ok,
RUN_20260502_S7_L3_HIGH_75_100_S01_R01,S7_L3_HIGH_75_100,SER_20260502_S7_L3_HIGH_75_100_S01,HW_PLC,HW_PLC,1074,1074,1075,,,,770581000,plc_internal_rd_loc_t_nanosecond,75,100,75.656,0.6559982,0,0,1021178639,3,512,0,ok,
RUN_20260502_S7_L3_HIGH_75_100_S01_R01,S7_L3_HIGH_75_100,SER_20260502_S7_L3_HIGH_75_100_S01,HW_PLC,HW_PLC,1075,1075,1076,,,,840491000,plc_internal_rd_loc_t_nanosecond,75,100,69.91,-5.089996,0,0,398269076,3,512,0,ok,
RUN_20260502_S7_L3_HIGH_75_100_S01_R01,S7_L3_HIGH_75_100,SER_20260502_S7_L3_HIGH_75_100_S01,HW_PLC,HW_PLC,1076,1076,1077,,,,917303000,plc_internal_rd_loc_t_nanosecond,75,100,76.812,1.811996,0,0,445401627,3,512,0,ok,
RUN_20260502_S7_L3_HIGH_75_100_S01_R01,S7_L3_HIGH_75_100,SER_20260502_S7_L3_HIGH_75_100_S01,HW_PLC,HW_PLC,1077,1077,1078,,,,990696000,plc_internal_rd_loc_t_nanosecond,75,100,73.393,-1.607002,0,0,1164677540,3,512,0,ok,
RUN_20260502_S7_L3_HIGH_75_100_S01_R01,S7_L3_HIGH_75_100,SER_20260502_S7_L3_HIGH_75_100_S01,HW_PLC,HW_PLC,1078,1078,1079,,,,67904000,plc_internal_rd_loc_t_nanosecond,75,100,77.208,2.208,0,0,410706224,3,512,0,ok,
RUN_20260502_S7_L3_HIGH_75_100_S01_R01,S7_L3_HIGH_75_100,SER_20260502_S7_L3_HIGH_75_100_S01,HW_PLC,HW_PLC,1079,1079,1080,,,,137569000,plc_internal_rd_loc_t_nanosecond,75,100,69.665,-5.334999,0,0,333072574,3,512,0,ok,
RUN_20260502_S7_L3_HIGH_75_100_S01_R01,S7_L3_HIGH_75_100,SER_20260502_S7_L3_HIGH_75_100_S01,HW_PLC,HW_PLC,1080,1080,1081,,,,210934000,plc_internal_rd_loc_t_nanosecond,75,100,73.365,-1.635002,0,0,933869646,3,512,0,ok,
RUN_20260502_S7_L3_HIGH_75_100_S01_R01,S7_L3_HIGH_75_100,SER_20260502_S7_L3_HIGH_75_100_S01,HW_PLC,HW_PLC,1081,1081,1082,,,,280403000,plc_internal_rd_loc_t_nanosecond,75,100,69.469,-5.530998,0,0,67715041,3,512,0,ok,
RUN_20260502_S7_L3_HIGH_75_100_S01_R01,S7_L3_HIGH_75_100,SER_20260502_S7_L3_HIGH_75_100_S01,HW_PLC,HW_PLC,1082,1082,1083,,,,349331000,plc_internal_rd_loc_t_nanosecond,75,100,68.928,-6.071999,0,0,2031669109,3,512,0,ok,
RUN_20260502_S7_L3_HIGH_75_100_S01_R01,S7_L3_HIGH_75_100,SER_20260502_S7_L3_HIGH_75_100_S01,HW_PLC,HW_PLC,1083,1083,1084,,,,417729000,plc_internal_rd_loc_t_nanosecond,75,100,68.398,-6.601997,0,0,385382157,3,512,0,ok,
RUN_20260502_S7_L3_HIGH_75_100_S01_R01,S7_L3_HIGH_75_100,SER_20260502_S7_L3_HIGH_75_100_S01,HW_PLC,HW_PLC,1084,1084,1085,,,,493857000,plc_internal_rd_loc_t_nanosecond,75,100,76.128,1.127998,0,0,1573398182,3,512,0,ok,
RUN_20260502_S7_L3_HIGH_75_100_S01_R01,S7_L3_HIGH_75_100,SER_20260502_S7_L3_HIGH_75_100_S01,HW_PLC,HW_PLC,1085,1085,1086,,,,588495000,plc_internal_rd_loc_t_nanosecond,75,100,94.638,19.638,0,0,1302851138,3,512,0,ok,
