run_id,mode_id,series_id,object,node_id,sample_index,cycle_index,cycle_counter,ts_observe,ts_start,ts_end,timestamp_tick_ns,timestamp_source,t0_ms,deadline_threshold_ms,Tper,Jper,deadline_miss,heartbeat,workload_accumulator,load_level,load_passes,error_flag,quality_flag,notes
RUN_20260510_VPLC_L3_HIGH_75_100_S01_R02,VPLC_L3_HIGH_75_100,SER_20260510_VPLC_L3_HIGH_75_100_S01,vPLC_container,VPLC_HOST,24,24,25,,193485,,,vplc_internal,75,100,75,0,0,0,1141318644,3,512,0,ok,
RUN_20260510_VPLC_L3_HIGH_75_100_S01_R02,VPLC_L3_HIGH_75_100,SER_20260510_VPLC_L3_HIGH_75_100_S01,vPLC_container,VPLC_HOST,25,25,26,,193560,,,vplc_internal,75,100,75,0,0,0,1641842610,3,512,0,ok,
RUN_20260510_VPLC_L3_HIGH_75_100_S01_R02,VPLC_L3_HIGH_75_100,SER_20260510_VPLC_L3_HIGH_75_100_S01,vPLC_container,VPLC_HOST,26,26,27,,193635,,,vplc_internal,75,100,75,0,0,0,610399090,3,512,0,ok,
RUN_20260510_VPLC_L3_HIGH_75_100_S01_R02,VPLC_L3_HIGH_75_100,SER_20260510_VPLC_L3_HIGH_75_100_S01,vPLC_container,VPLC_HOST,27,27,28,,193710,,,vplc_internal,75,100,75,0,0,0,196564787,3,512,0,ok,
RUN_20260510_VPLC_L3_HIGH_75_100_S01_R02,VPLC_L3_HIGH_75_100,SER_20260510_VPLC_L3_HIGH_75_100_S01,vPLC_container,VPLC_HOST,28,28,29,,193785,,,vplc_internal,75,100,75,0,0,0,402440949,3,512,0,ok,
RUN_20260510_VPLC_L3_HIGH_75_100_S01_R02,VPLC_L3_HIGH_75_100,SER_20260510_VPLC_L3_HIGH_75_100_S01,vPLC_container,VPLC_HOST,29,29,30,,193860,,,vplc_internal,75,100,75,0,0,0,1230120632,3,512,0,ok,
RUN_20260510_VPLC_L3_HIGH_75_100_S01_R02,VPLC_L3_HIGH_75_100,SER_20260510_VPLC_L3_HIGH_75_100_S01,vPLC_container,VPLC_HOST,30,30,31,,193935,,,vplc_internal,75,100,75,0,0,0,534221437,3,512,0,ok,
RUN_20260510_VPLC_L3_HIGH_75_100_S01_R02,VPLC_L3_HIGH_75_100,SER_20260510_VPLC_L3_HIGH_75_100_S01,vPLC_container,VPLC_HOST,31,31,32,,194010,,,vplc_internal,75,100,75,0,0,0,464320067,3,512,0,ok,
RUN_20260510_VPLC_L3_HIGH_75_100_S01_R02,VPLC_L3_HIGH_75_100,SER_20260510_VPLC_L3_HIGH_75_100_S01,vPLC_container,VPLC_HOST,32,32,33,,194085,,,vplc_internal,75,100,75,0,0,0,1022517770,3,512,0,ok,
RUN_20260510_VPLC_L3_HIGH_75_100_S01_R02,VPLC_L3_HIGH_75_100,SER_20260510_VPLC_L3_HIGH_75_100_S01,vPLC_container,VPLC_HOST,33,33,34,,194160,,,vplc_internal,75,100,75,0,0,0,63423955,3,512,0,ok,
RUN_20260510_VPLC_L3_HIGH_75_100_S01_R02,VPLC_L3_HIGH_75_100,SER_20260510_VPLC_L3_HIGH_75_100_S01,vPLC_container,VPLC_HOST,34,34,35,,194235,,,vplc_internal,75,100,75,0,0,0,1884107164,3,512,0,ok,
RUN_20260510_VPLC_L3_HIGH_75_100_S01_R02,VPLC_L3_HIGH_75_100,SER_20260510_VPLC_L3_HIGH_75_100_S01,vPLC_container,VPLC_HOST,35,35,36,,194310,,,vplc_internal,75,100,75,0,0,0,44209512,3,512,0,ok,
RUN_20260510_VPLC_L3_HIGH_75_100_S01_R02,VPLC_L3_HIGH_75_100,SER_20260510_VPLC_L3_HIGH_75_100_S01,vPLC_container,VPLC_HOST,36,36,37,,194385,,,vplc_internal,75,100,75,0,0,0,988283188,3,512,0,ok,
RUN_20260510_VPLC_L3_HIGH_75_100_S01_R02,VPLC_L3_HIGH_75_100,SER_20260510_VPLC_L3_HIGH_75_100_S01,vPLC_container,VPLC_HOST,37,37,38,,194460,,,vplc_internal,75,100,75,0,0,0,423453954,3,512,0,ok,
RUN_20260510_VPLC_L3_HIGH_75_100_S01_R02,VPLC_L3_HIGH_75_100,SER_20260510_VPLC_L3_HIGH_75_100_S01,vPLC_container,VPLC_HOST,38,38,39,,194535,,,vplc_internal,75,100,75,0,0,0,499306705,3,512,0,ok,
RUN_20260510_VPLC_L3_HIGH_75_100_S01_R02,VPLC_L3_HIGH_75_100,SER_20260510_VPLC_L3_HIGH_75_100_S01,vPLC_container,VPLC_HOST,39,39,40,,194610,,,vplc_internal,75,100,75,0,0,0,1217934497,3,512,0,ok,
RUN_20260510_VPLC_L3_HIGH_75_100_S01_R02,VPLC_L3_HIGH_75_100,SER_20260510_VPLC_L3_HIGH_75_100_S01,vPLC_container,VPLC_HOST,40,40,41,,194685,,,vplc_internal,75,100,75,0,0,0,433954931,3,512,0,ok,
RUN_20260510_VPLC_L3_HIGH_75_100_S01_R02,VPLC_L3_HIGH_75_100,SER_20260510_VPLC_L3_HIGH_75_100_S01,vPLC_container,VPLC_HOST,41,41,42,,194760,,,vplc_internal,75,100,75,0,0,0,296944710,3,512,0,ok,
RUN_20260510_VPLC_L3_HIGH_75_100_S01_R02,VPLC_L3_HIGH_75_100,SER_20260510_VPLC_L3_HIGH_75_100_S01,vPLC_container,VPLC_HOST,42,42,43,,194835,,,vplc_internal,75,100,75,0,0,0,809005082,3,512,0,ok,
RUN_20260510_VPLC_L3_HIGH_75_100_S01_R02,VPLC_L3_HIGH_75_100,SER_20260510_VPLC_L3_HIGH_75_100_S01,vPLC_container,VPLC_HOST,43,43,44,,194910,,,vplc_internal,75,100,75,0,0,0,1972229103,3,512,0,ok,
RUN_20260510_VPLC_L3_HIGH_75_100_S01_R02,VPLC_L3_HIGH_75_100,SER_20260510_VPLC_L3_HIGH_75_100_S01,vPLC_container,VPLC_HOST,44,44,45,,194985,,,vplc_internal,75,100,75,0,0,0,1641234374,3,512,0,ok,
RUN_20260510_VPLC_L3_HIGH_75_100_S01_R02,VPLC_L3_HIGH_75_100,SER_20260510_VPLC_L3_HIGH_75_100_S01,vPLC_container,VPLC_HOST,45,45,46,,195060,,,vplc_internal,75,100,75,0,0,0,1965597598,3,512,0,ok,
RUN_20260510_VPLC_L3_HIGH_75_100_S01_R02,VPLC_L3_HIGH_75_100,SER_20260510_VPLC_L3_HIGH_75_100_S01,vPLC_container,VPLC_HOST,46,46,47,,195135,,,vplc_internal,75,100,75,0,0,0,799936376,3,512,0,ok,
RUN_20260510_VPLC_L3_HIGH_75_100_S01_R02,VPLC_L3_HIGH_75_100,SER_20260510_VPLC_L3_HIGH_75_100_S01,vPLC_container,VPLC_HOST,47,47,48,,195210,,,vplc_internal,75,100,75,0,0,0,293827411,3,512,0,ok,
RUN_20260510_VPLC_L3_HIGH_75_100_S01_R02,VPLC_L3_HIGH_75_100,SER_20260510_VPLC_L3_HIGH_75_100_S01,vPLC_container,VPLC_HOST,48,48,49,,195285,,,vplc_internal,75,100,75,0,0,0,449371951,3,512,0,ok,
RUN_20260510_VPLC_L3_HIGH_75_100_S01_R02,VPLC_L3_HIGH_75_100,SER_20260510_VPLC_L3_HIGH_75_100_S01,vPLC_container,VPLC_HOST,49,49,50,,195360,,,vplc_internal,75,100,75,0,0,0,1268663052,3,512,0,ok,
RUN_20260510_VPLC_L3_HIGH_75_100_S01_R02,VPLC_L3_HIGH_75_100,SER_20260510_VPLC_L3_HIGH_75_100_S01,vPLC_container,VPLC_HOST,50,50,51,,195435,,,vplc_internal,75,100,75,0,0,0,606318315,3,512,0,ok,
RUN_20260510_VPLC_L3_HIGH_75_100_S01_R02,VPLC_L3_HIGH_75_100,SER_20260510_VPLC_L3_HIGH_75_100_S01,vPLC_container,VPLC_HOST,51,51,52,,195510,,,vplc_internal,75,100,75,0,0,0,611914443,3,512,0,ok,
RUN_20260510_VPLC_L3_HIGH_75_100_S01_R02,VPLC_L3_HIGH_75_100,SER_20260510_VPLC_L3_HIGH_75_100_S01,vPLC_container,VPLC_HOST,52,52,53,,195585,,,vplc_internal,75,100,75,0,0,0,1287552684,3,512,0,ok,
RUN_20260510_VPLC_L3_HIGH_75_100_S01_R02,VPLC_L3_HIGH_75_100,SER_20260510_VPLC_L3_HIGH_75_100_S01,vPLC_container,VPLC_HOST,53,53,54,,195660,,,vplc_internal,75,100,75,0,0,0,487842447,3,512,0,ok,
RUN_20260510_VPLC_L3_HIGH_75_100_S01_R02,VPLC_L3_HIGH_75_100,SER_20260510_VPLC_L3_HIGH_75_100_S01,vPLC_container,VPLC_HOST,54,54,55,,195735,,,vplc_internal,75,100,75,0,0,0,362368627,3,512,0,ok,
RUN_20260510_VPLC_L3_HIGH_75_100_S01_R02,VPLC_L3_HIGH_75_100,SER_20260510_VPLC_L3_HIGH_75_100_S01,vPLC_container,VPLC_HOST,55,55,56,,195826,,,vplc_internal,75,100,91,16,0,0,913224280,3,512,0,ok,
RUN_20260510_VPLC_L3_HIGH_75_100_S01_R02,VPLC_L3_HIGH_75_100,SER_20260510_VPLC_L3_HIGH_75_100_S01,vPLC_container,VPLC_HOST,56,56,57,,195885,,,vplc_internal,75,100,59,-16,0,0,2142510654,3,512,0,ok,
RUN_20260510_VPLC_L3_HIGH_75_100_S01_R02,VPLC_L3_HIGH_75_100,SER_20260510_VPLC_L3_HIGH_75_100_S01,vPLC_container,VPLC_HOST,57,57,58,,195960,,,vplc_internal,75,100,75,0,0,0,1904837158,3,512,0,ok,
RUN_20260510_VPLC_L3_HIGH_75_100_S01_R02,VPLC_L3_HIGH_75_100,SER_20260510_VPLC_L3_HIGH_75_100_S01,vPLC_container,VPLC_HOST,58,58,59,,196035,,,vplc_internal,75,100,75,0,0,0,202305040,3,512,0,ok,
RUN_20260510_VPLC_L3_HIGH_75_100_S01_R02,VPLC_L3_HIGH_75_100,SER_20260510_VPLC_L3_HIGH_75_100_S01,vPLC_container,VPLC_HOST,59,59,60,,196110,,,vplc_internal,75,100,75,0,0,0,1331974650,3,512,0,ok,
RUN_20260510_VPLC_L3_HIGH_75_100_S01_R02,VPLC_L3_HIGH_75_100,SER_20260510_VPLC_L3_HIGH_75_100_S01,vPLC_container,VPLC_HOST,60,60,61,,196185,,,vplc_internal,75,100,75,0,0,0,1000979942,3,512,0,ok,
RUN_20260510_VPLC_L3_HIGH_75_100_S01_R02,VPLC_L3_HIGH_75_100,SER_20260510_VPLC_L3_HIGH_75_100_S01,vPLC_container,VPLC_HOST,61,61,62,,196260,,,vplc_internal,75,100,75,0,0,0,1358897619,3,512,0,ok,
RUN_20260510_VPLC_L3_HIGH_75_100_S01_R02,VPLC_L3_HIGH_75_100,SER_20260510_VPLC_L3_HIGH_75_100_S01,vPLC_container,VPLC_HOST,62,62,63,,196335,,,vplc_internal,75,100,75,0,0,0,260345282,3,512,0,ok,
RUN_20260510_VPLC_L3_HIGH_75_100_S01_R02,VPLC_L3_HIGH_75_100,SER_20260510_VPLC_L3_HIGH_75_100_S01,vPLC_container,VPLC_HOST,63,63,64,,196410,,,vplc_internal,75,100,75,0,0,0,2002383281,3,512,0,ok,
RUN_20260510_VPLC_L3_HIGH_75_100_S01_R02,VPLC_L3_HIGH_75_100,SER_20260510_VPLC_L3_HIGH_75_100_S01,vPLC_container,VPLC_HOST,64,64,65,,196485,,,vplc_internal,75,100,75,0,0,0,144661923,3,512,0,ok,
RUN_20260510_VPLC_L3_HIGH_75_100_S01_R02,VPLC_L3_HIGH_75_100,SER_20260510_VPLC_L3_HIGH_75_100_S01,vPLC_container,VPLC_HOST,65,65,66,,196560,,,vplc_internal,75,100,75,0,0,0,1131725205,3,512,0,ok,
RUN_20260510_VPLC_L3_HIGH_75_100_S01_R02,VPLC_L3_HIGH_75_100,SER_20260510_VPLC_L3_HIGH_75_100_S01,vPLC_container,VPLC_HOST,66,66,67,,196635,,,vplc_internal,75,100,75,0,0,0,670707081,3,512,0,ok,
RUN_20260510_VPLC_L3_HIGH_75_100_S01_R02,VPLC_L3_HIGH_75_100,SER_20260510_VPLC_L3_HIGH_75_100_S01,vPLC_container,VPLC_HOST,67,67,68,,196710,,,vplc_internal,75,100,75,0,0,0,911184254,3,512,0,ok,
RUN_20260510_VPLC_L3_HIGH_75_100_S01_R02,VPLC_L3_HIGH_75_100,SER_20260510_VPLC_L3_HIGH_75_100_S01,vPLC_container,VPLC_HOST,68,68,69,,196785,,,vplc_internal,75,100,75,0,0,0,1855257972,3,512,0,ok,
RUN_20260510_VPLC_L3_HIGH_75_100_S01_R02,VPLC_L3_HIGH_75_100,SER_20260510_VPLC_L3_HIGH_75_100_S01,vPLC_container,VPLC_HOST,69,69,70,,196860,,,vplc_internal,75,100,75,0,0,0,1357537644,3,512,0,ok,
RUN_20260510_VPLC_L3_HIGH_75_100_S01_R02,VPLC_L3_HIGH_75_100,SER_20260510_VPLC_L3_HIGH_75_100_S01,vPLC_container,VPLC_HOST,70,70,71,,196935,,,vplc_internal,75,100,75,0,0,0,1567608165,3,512,0,ok,
RUN_20260510_VPLC_L3_HIGH_75_100_S01_R02,VPLC_L3_HIGH_75_100,SER_20260510_VPLC_L3_HIGH_75_100_S01,vPLC_container,VPLC_HOST,71,71,72,,197010,,,vplc_internal,75,100,75,0,0,0,340078944,3,512,0,ok,
RUN_20260510_VPLC_L3_HIGH_75_100_S01_R02,VPLC_L3_HIGH_75_100,SER_20260510_VPLC_L3_HIGH_75_100_S01,vPLC_container,VPLC_HOST,72,72,73,,197085,,,vplc_internal,75,100,75,0,0,0,1972018523,3,512,0,ok,
RUN_20260510_VPLC_L3_HIGH_75_100_S01_R02,VPLC_L3_HIGH_75_100,SER_20260510_VPLC_L3_HIGH_75_100_S01,vPLC_container,VPLC_HOST,73,73,74,,197160,,,vplc_internal,75,100,75,0,0,0,23069017,3,512,0,ok,
RUN_20260510_VPLC_L3_HIGH_75_100_S01_R02,VPLC_L3_HIGH_75_100,SER_20260510_VPLC_L3_HIGH_75_100_S01,vPLC_container,VPLC_HOST,74,74,75,,197235,,,vplc_internal,75,100,75,0,0,0,937782615,3,512,0,ok,
RUN_20260510_VPLC_L3_HIGH_75_100_S01_R02,VPLC_L3_HIGH_75_100,SER_20260510_VPLC_L3_HIGH_75_100_S01,vPLC_container,VPLC_HOST,75,75,76,,197310,,,vplc_internal,75,100,75,0,0,0,423285079,3,512,0,ok,
RUN_20260510_VPLC_L3_HIGH_75_100_S01_R02,VPLC_L3_HIGH_75_100,SER_20260510_VPLC_L3_HIGH_75_100_S01,vPLC_container,VPLC_HOST,76,76,77,,197385,,,vplc_internal,75,100,75,0,0,0,629161304,3,512,0,ok,
RUN_20260510_VPLC_L3_HIGH_75_100_S01_R02,VPLC_L3_HIGH_75_100,SER_20260510_VPLC_L3_HIGH_75_100_S01,vPLC_container,VPLC_HOST,77,77,78,,197460,,,vplc_internal,75,100,75,0,0,0,1557504346,3,512,0,ok,
RUN_20260510_VPLC_L3_HIGH_75_100_S01_R02,VPLC_L3_HIGH_75_100,SER_20260510_VPLC_L3_HIGH_75_100_S01,vPLC_container,VPLC_HOST,78,78,79,,197535,,,vplc_internal,75,100,75,0,0,0,1062931806,3,512,0,ok,
RUN_20260510_VPLC_L3_HIGH_75_100_S01_R02,VPLC_L3_HIGH_75_100,SER_20260510_VPLC_L3_HIGH_75_100_S01,vPLC_container,VPLC_HOST,79,79,80,,197610,,,vplc_internal,75,100,75,0,0,0,1295020387,3,512,0,ok,
RUN_20260510_VPLC_L3_HIGH_75_100_S01_R02,VPLC_L3_HIGH_75_100,SER_20260510_VPLC_L3_HIGH_75_100_S01,vPLC_container,VPLC_HOST,80,80,81,,197685,,,vplc_internal,75,100,75,0,0,0,108387690,3,512,0,ok,
RUN_20260510_VPLC_L3_HIGH_75_100_S01_R02,VPLC_L3_HIGH_75_100,SER_20260510_VPLC_L3_HIGH_75_100_S01,vPLC_container,VPLC_HOST,81,81,82,,197760,,,vplc_internal,75,100,75,0,0,0,1800094065,3,512,0,ok,
RUN_20260510_VPLC_L3_HIGH_75_100_S01_R02,VPLC_L3_HIGH_75_100,SER_20260510_VPLC_L3_HIGH_75_100_S01,vPLC_container,VPLC_HOST,82,82,83,,197835,,,vplc_internal,75,100,75,0,0,0,2077273466,3,512,0,ok,
RUN_20260510_VPLC_L3_HIGH_75_100_S01_R02,VPLC_L3_HIGH_75_100,SER_20260510_VPLC_L3_HIGH_75_100_S01,vPLC_container,VPLC_HOST,83,83,84,,197910,,,vplc_internal,75,100,75,0,0,0,942018949,3,512,0,ok,
RUN_20260510_VPLC_L3_HIGH_75_100_S01_R02,VPLC_L3_HIGH_75_100,SER_20260510_VPLC_L3_HIGH_75_100_S01,vPLC_container,VPLC_HOST,84,84,85,,197985,,,vplc_internal,75,100,75,0,0,0,543915409,3,512,0,ok,
RUN_20260510_VPLC_L3_HIGH_75_100_S01_R02,VPLC_L3_HIGH_75_100,SER_20260510_VPLC_L3_HIGH_75_100_S01,vPLC_container,VPLC_HOST,85,85,86,,198060,,,vplc_internal,75,100,75,0,0,0,885055902,3,512,0,ok,
RUN_20260510_VPLC_L3_HIGH_75_100_S01_R02,VPLC_L3_HIGH_75_100,SER_20260510_VPLC_L3_HIGH_75_100_S01,vPLC_container,VPLC_HOST,86,86,87,,198135,,,vplc_internal,75,100,75,0,0,0,1967541676,3,512,0,ok,
RUN_20260510_VPLC_L3_HIGH_75_100_S01_R02,VPLC_L3_HIGH_75_100,SER_20260510_VPLC_L3_HIGH_75_100_S01,vPLC_container,VPLC_HOST,87,87,88,,198210,,,vplc_internal,75,100,75,0,0,0,1645982140,3,512,0,ok,
RUN_20260510_VPLC_L3_HIGH_75_100_S01_R02,VPLC_L3_HIGH_75_100,SER_20260510_VPLC_L3_HIGH_75_100_S01,vPLC_container,VPLC_HOST,88,88,89,,198285,,,vplc_internal,75,100,75,0,0,0,2069962189,3,512,0,ok,
RUN_20260510_VPLC_L3_HIGH_75_100_S01_R02,VPLC_L3_HIGH_75_100,SER_20260510_VPLC_L3_HIGH_75_100_S01,vPLC_container,VPLC_HOST,89,89,90,,198360,,,vplc_internal,75,100,75,0,0,0,1094091232,3,512,0,ok,
RUN_20260510_VPLC_L3_HIGH_75_100_S01_R02,VPLC_L3_HIGH_75_100,SER_20260510_VPLC_L3_HIGH_75_100_S01,vPLC_container,VPLC_HOST,90,90,91,,198435,,,vplc_internal,75,100,75,0,0,0,867954164,3,512,0,ok,
RUN_20260510_VPLC_L3_HIGH_75_100_S01_R02,VPLC_L3_HIGH_75_100,SER_20260510_VPLC_L3_HIGH_75_100_S01,vPLC_container,VPLC_HOST,91,91,92,,198510,,,vplc_internal,75,100,75,0,0,0,1393644041,3,512,0,ok,
RUN_20260510_VPLC_L3_HIGH_75_100_S01_R02,VPLC_L3_HIGH_75_100,SER_20260510_VPLC_L3_HIGH_75_100_S01,vPLC_container,VPLC_HOST,92,92,93,,198585,,,vplc_internal,75,100,75,0,0,0,525778464,3,512,0,ok,
RUN_20260510_VPLC_L3_HIGH_75_100_S01_R02,VPLC_L3_HIGH_75_100,SER_20260510_VPLC_L3_HIGH_75_100_S01,vPLC_container,VPLC_HOST,93,93,94,,198660,,,vplc_internal,75,100,75,0,0,0,413934136,3,512,0,ok,
RUN_20260510_VPLC_L3_HIGH_75_100_S01_R02,VPLC_L3_HIGH_75_100,SER_20260510_VPLC_L3_HIGH_75_100_S01,vPLC_container,VPLC_HOST,94,94,95,,198735,,,vplc_internal,75,100,75,0,0,0,1060212305,3,512,0,ok,
RUN_20260510_VPLC_L3_HIGH_75_100_S01_R02,VPLC_L3_HIGH_75_100,SER_20260510_VPLC_L3_HIGH_75_100_S01,vPLC_container,VPLC_HOST,95,95,96,,198825,,,vplc_internal,75,100,90,15,0,0,319222380,3,512,0,ok,
RUN_20260510_VPLC_L3_HIGH_75_100_S01_R02,VPLC_L3_HIGH_75_100,SER_20260510_VPLC_L3_HIGH_75_100_S01,vPLC_container,VPLC_HOST,96,96,97,,198885,,,vplc_internal,75,100,60,-15,0,0,340549256,3,512,0,ok,
RUN_20260510_VPLC_L3_HIGH_75_100_S01_R02,VPLC_L3_HIGH_75_100,SER_20260510_VPLC_L3_HIGH_75_100_S01,vPLC_container,VPLC_HOST,97,97,98,,198960,,,vplc_internal,75,100,75,0,0,0,1126285989,3,512,0,ok,
RUN_20260510_VPLC_L3_HIGH_75_100_S01_R02,VPLC_L3_HIGH_75_100,SER_20260510_VPLC_L3_HIGH_75_100_S01,vPLC_container,VPLC_HOST,98,98,99,,199035,,,vplc_internal,75,100,75,0,0,0,531050180,3,512,0,ok,
RUN_20260510_VPLC_L3_HIGH_75_100_S01_R02,VPLC_L3_HIGH_75_100,SER_20260510_VPLC_L3_HIGH_75_100_S01,vPLC_container,VPLC_HOST,99,99,100,,199110,,,vplc_internal,75,100,75,0,0,1,704418532,3,512,0,ok,
RUN_20260510_VPLC_L3_HIGH_75_100_S01_R02,VPLC_L3_HIGH_75_100,SER_20260510_VPLC_L3_HIGH_75_100_S01,vPLC_container,VPLC_HOST,100,100,101,,199185,,,vplc_internal,75,100,75,0,0,1,1648492293,3,512,0,ok,
RUN_20260510_VPLC_L3_HIGH_75_100_S01_R02,VPLC_L3_HIGH_75_100,SER_20260510_VPLC_L3_HIGH_75_100_S01,vPLC_container,VPLC_HOST,101,101,102,,199260,,,vplc_internal,75,100,75,0,0,1,1217880872,3,512,0,ok,
RUN_20260510_VPLC_L3_HIGH_75_100_S01_R02,VPLC_L3_HIGH_75_100,SER_20260510_VPLC_L3_HIGH_75_100_S01,vPLC_container,VPLC_HOST,102,102,103,,199335,,,vplc_internal,75,100,75,0,0,1,1562169164,3,512,0,ok,
RUN_20260510_VPLC_L3_HIGH_75_100_S01_R02,VPLC_L3_HIGH_75_100,SER_20260510_VPLC_L3_HIGH_75_100_S01,vPLC_container,VPLC_HOST,103,103,104,,199410,,,vplc_internal,75,100,75,0,0,1,535966578,3,512,0,ok,
RUN_20260510_VPLC_L3_HIGH_75_100_S01_R02,VPLC_L3_HIGH_75_100,SER_20260510_VPLC_L3_HIGH_75_100_S01,vPLC_container,VPLC_HOST,104,104,105,,199485,,,vplc_internal,75,100,75,0,0,1,288858009,3,512,0,ok,
RUN_20260510_VPLC_L3_HIGH_75_100_S01_R02,VPLC_L3_HIGH_75_100,SER_20260510_VPLC_L3_HIGH_75_100_S01,vPLC_container,VPLC_HOST,105,105,106,,199560,,,vplc_internal,75,100,75,0,0,1,822936513,3,512,0,ok,
RUN_20260510_VPLC_L3_HIGH_75_100_S01_R02,VPLC_L3_HIGH_75_100,SER_20260510_VPLC_L3_HIGH_75_100_S01,vPLC_container,VPLC_HOST,106,106,107,,199635,,,vplc_internal,75,100,75,0,0,1,2140303338,3,512,0,ok,
RUN_20260510_VPLC_L3_HIGH_75_100_S01_R02,VPLC_L3_HIGH_75_100,SER_20260510_VPLC_L3_HIGH_75_100_S01,vPLC_container,VPLC_HOST,107,107,108,,199710,,,vplc_internal,75,100,75,0,0,1,2095567893,3,512,0,ok,
RUN_20260510_VPLC_L3_HIGH_75_100_S01_R02,VPLC_L3_HIGH_75_100,SER_20260510_VPLC_L3_HIGH_75_100_S01,vPLC_container,VPLC_HOST,108,108,109,,199785,,,vplc_internal,75,100,75,0,0,1,690831426,3,512,0,ok,
RUN_20260510_VPLC_L3_HIGH_75_100_S01_R02,VPLC_L3_HIGH_75_100,SER_20260510_VPLC_L3_HIGH_75_100_S01,vPLC_container,VPLC_HOST,109,109,110,,199860,,,vplc_internal,75,100,75,0,0,1,75670640,3,512,0,ok,
RUN_20260510_VPLC_L3_HIGH_75_100_S01_R02,VPLC_L3_HIGH_75_100,SER_20260510_VPLC_L3_HIGH_75_100_S01,vPLC_container,VPLC_HOST,110,110,111,,199935,,,vplc_internal,75,100,75,0,0,1,252186783,3,512,0,ok,
RUN_20260510_VPLC_L3_HIGH_75_100_S01_R02,VPLC_L3_HIGH_75_100,SER_20260510_VPLC_L3_HIGH_75_100_S01,vPLC_container,VPLC_HOST,111,111,112,,200010,,,vplc_internal,75,100,75,0,0,1,1222472911,3,512,0,ok,
RUN_20260510_VPLC_L3_HIGH_75_100_S01_R02,VPLC_L3_HIGH_75_100,SER_20260510_VPLC_L3_HIGH_75_100_S01,vPLC_container,VPLC_HOST,112,112,113,,200085,,,vplc_internal,75,100,75,0,0,1,841146625,3,512,0,ok,
RUN_20260510_VPLC_L3_HIGH_75_100_S01_R02,VPLC_L3_HIGH_75_100,SER_20260510_VPLC_L3_HIGH_75_100_S01,vPLC_container,VPLC_HOST,113,113,114,,200160,,,vplc_internal,75,100,75,0,0,1,1257784628,3,512,0,ok,
RUN_20260510_VPLC_L3_HIGH_75_100_S01_R02,VPLC_L3_HIGH_75_100,SER_20260510_VPLC_L3_HIGH_75_100_S01,vPLC_container,VPLC_HOST,114,114,115,,200235,,,vplc_internal,75,100,75,0,0,1,327004521,3,512,0,ok,
RUN_20260510_VPLC_L3_HIGH_75_100_S01_R02,VPLC_L3_HIGH_75_100,SER_20260510_VPLC_L3_HIGH_75_100_S01,vPLC_container,VPLC_HOST,115,115,116,,200310,,,vplc_internal,75,100,75,0,0,1,198383007,3,512,0,ok,
RUN_20260510_VPLC_L3_HIGH_75_100_S01_R02,VPLC_L3_HIGH_75_100,SER_20260510_VPLC_L3_HIGH_75_100_S01,vPLC_container,VPLC_HOST,116,116,117,,200385,,,vplc_internal,75,100,75,0,0,1,874021334,3,512,0,ok,
RUN_20260510_VPLC_L3_HIGH_75_100_S01_R02,VPLC_L3_HIGH_75_100,SER_20260510_VPLC_L3_HIGH_75_100_S01,vPLC_container,VPLC_HOST,117,117,118,,200460,,,vplc_internal,75,100,75,0,0,1,208528911,3,512,0,ok,
RUN_20260510_VPLC_L3_HIGH_75_100_S01_R02,VPLC_L3_HIGH_75_100,SER_20260510_VPLC_L3_HIGH_75_100_S01,vPLC_container,VPLC_HOST,118,118,119,,200535,,,vplc_internal,75,100,75,0,0,1,351490633,3,512,0,ok,
RUN_20260510_VPLC_L3_HIGH_75_100_S01_R02,VPLC_L3_HIGH_75_100,SER_20260510_VPLC_L3_HIGH_75_100_S01,vPLC_container,VPLC_HOST,119,119,120,,200610,,,vplc_internal,75,100,75,0,0,1,1304999556,3,512,0,ok,
RUN_20260510_VPLC_L3_HIGH_75_100_S01_R02,VPLC_L3_HIGH_75_100,SER_20260510_VPLC_L3_HIGH_75_100_S01,vPLC_container,VPLC_HOST,120,120,121,,200685,,,vplc_internal,75,100,75,0,0,1,923673281,3,512,0,ok,
RUN_20260510_VPLC_L3_HIGH_75_100_S01_R02,VPLC_L3_HIGH_75_100,SER_20260510_VPLC_L3_HIGH_75_100_S01,vPLC_container,VPLC_HOST,121,121,122,,200760,,,vplc_internal,75,100,75,0,0,1,1357088511,3,512,0,ok,
RUN_20260510_VPLC_L3_HIGH_75_100_S01_R02,VPLC_L3_HIGH_75_100,SER_20260510_VPLC_L3_HIGH_75_100_S01,vPLC_container,VPLC_HOST,122,122,123,,200835,,,vplc_internal,75,100,75,0,0,1,459862847,3,512,0,ok,
RUN_20260510_VPLC_L3_HIGH_75_100_S01_R02,VPLC_L3_HIGH_75_100,SER_20260510_VPLC_L3_HIGH_75_100_S01,vPLC_container,VPLC_HOST,123,123,124,,200910,,,vplc_internal,75,100,75,0,0,1,381572992,3,512,0,ok,
RUN_20260510_VPLC_L3_HIGH_75_100_S01_R02,VPLC_L3_HIGH_75_100,SER_20260510_VPLC_L3_HIGH_75_100_S01,vPLC_container,VPLC_HOST,124,124,125,,200985,,,vplc_internal,75,100,75,0,0,1,1124320194,3,512,0,ok,
RUN_20260510_VPLC_L3_HIGH_75_100_S01_R02,VPLC_L3_HIGH_75_100,SER_20260510_VPLC_L3_HIGH_75_100_S01,vPLC_container,VPLC_HOST,125,125,126,,201060,,,vplc_internal,75,100,75,0,0,1,542713862,3,512,0,ok,
RUN_20260510_VPLC_L3_HIGH_75_100_S01_R02,VPLC_L3_HIGH_75_100,SER_20260510_VPLC_L3_HIGH_75_100_S01,vPLC_container,VPLC_HOST,126,126,127,,201135,,,vplc_internal,75,100,75,0,0,1,786338891,3,512,0,ok,
RUN_20260510_VPLC_L3_HIGH_75_100_S01_R02,VPLC_L3_HIGH_75_100,SER_20260510_VPLC_L3_HIGH_75_100_S01,vPLC_container,VPLC_HOST,127,127,128,,201210,,,vplc_internal,75,100,75,0,0,1,1857288337,3,512,0,ok,
RUN_20260510_VPLC_L3_HIGH_75_100_S01_R02,VPLC_L3_HIGH_75_100,SER_20260510_VPLC_L3_HIGH_75_100_S01,vPLC_container,VPLC_HOST,128,128,129,,201285,,,vplc_internal,75,100,75,0,0,1,1610179801,3,512,0,ok,
RUN_20260510_VPLC_L3_HIGH_75_100_S01_R02,VPLC_L3_HIGH_75_100,SER_20260510_VPLC_L3_HIGH_75_100_S01,vPLC_container,VPLC_HOST,129,129,130,,201360,,,vplc_internal,75,100,75,0,0,1,47106339,3,512,0,ok,
RUN_20260510_VPLC_L3_HIGH_75_100_S01_R02,VPLC_L3_HIGH_75_100,SER_20260510_VPLC_L3_HIGH_75_100_S01,vPLC_container,VPLC_HOST,130,130,131,,201435,,,vplc_internal,75,100,75,0,0,1,1465136493,3,512,0,ok,
RUN_20260510_VPLC_L3_HIGH_75_100_S01_R02,VPLC_L3_HIGH_75_100,SER_20260510_VPLC_L3_HIGH_75_100_S01,vPLC_container,VPLC_HOST,131,131,132,,201510,,,vplc_internal,75,100,75,0,0,1,1571396025,3,512,0,ok,
RUN_20260510_VPLC_L3_HIGH_75_100_S01_R02,VPLC_L3_HIGH_75_100,SER_20260510_VPLC_L3_HIGH_75_100_S01,vPLC_container,VPLC_HOST,132,132,133,,201585,,,vplc_internal,75,100,75,0,0,1,367986183,3,512,0,ok,
RUN_20260510_VPLC_L3_HIGH_75_100_S01_R02,VPLC_L3_HIGH_75_100,SER_20260510_VPLC_L3_HIGH_75_100_S01,vPLC_container,VPLC_HOST,133,133,134,,201660,,,vplc_internal,75,100,75,0,0,1,4483670,3,512,0,ok,
RUN_20260510_VPLC_L3_HIGH_75_100_S01_R02,VPLC_L3_HIGH_75_100,SER_20260510_VPLC_L3_HIGH_75_100_S01,vPLC_container,VPLC_HOST,134,134,135,,201735,,,vplc_internal,75,100,75,0,0,1,482989734,3,512,0,ok,
RUN_20260510_VPLC_L3_HIGH_75_100_S01_R02,VPLC_L3_HIGH_75_100,SER_20260510_VPLC_L3_HIGH_75_100_S01,vPLC_container,VPLC_HOST,135,135,136,,201826,,,vplc_internal,75,100,91,16,0,1,1805597431,3,512,0,ok,
RUN_20260510_VPLC_L3_HIGH_75_100_S01_R02,VPLC_L3_HIGH_75_100,SER_20260510_VPLC_L3_HIGH_75_100_S01,vPLC_container,VPLC_HOST,136,136,137,,201885,,,vplc_internal,75,100,59,-16,0,1,1826924362,3,512,0,ok,
RUN_20260510_VPLC_L3_HIGH_75_100_S01_R02,VPLC_L3_HIGH_75_100,SER_20260510_VPLC_L3_HIGH_75_100_S01,vPLC_container,VPLC_HOST,137,137,138,,201960,,,vplc_internal,75,100,75,0,0,1,549063583,3,512,0,ok,
RUN_20260510_VPLC_L3_HIGH_75_100_S01_R02,VPLC_L3_HIGH_75_100,SER_20260510_VPLC_L3_HIGH_75_100_S01,vPLC_container,VPLC_HOST,138,138,139,,202035,,,vplc_internal,75,100,75,0,0,1,121599989,3,512,0,ok,
RUN_20260510_VPLC_L3_HIGH_75_100_S01_R02,VPLC_L3_HIGH_75_100,SER_20260510_VPLC_L3_HIGH_75_100_S01,vPLC_container,VPLC_HOST,139,139,140,,202110,,,vplc_internal,75,100,75,0,0,1,546626636,3,512,0,ok,
RUN_20260510_VPLC_L3_HIGH_75_100_S01_R02,VPLC_L3_HIGH_75_100,SER_20260510_VPLC_L3_HIGH_75_100_S01,vPLC_container,VPLC_HOST,140,140,141,,202185,,,vplc_internal,75,100,75,0,0,1,1826244772,3,512,0,ok,
RUN_20260510_VPLC_L3_HIGH_75_100_S01_R02,VPLC_L3_HIGH_75_100,SER_20260510_VPLC_L3_HIGH_75_100_S01,vPLC_container,VPLC_HOST,141,141,142,,202260,,,vplc_internal,75,100,75,0,0,1,1815063806,3,512,0,ok,
RUN_20260510_VPLC_L3_HIGH_75_100_S01_R02,VPLC_L3_HIGH_75_100,SER_20260510_VPLC_L3_HIGH_75_100_S01,vPLC_container,VPLC_HOST,142,142,143,,202335,,,vplc_internal,75,100,75,0,0,1,515184986,3,512,0,ok,
RUN_20260510_VPLC_L3_HIGH_75_100_S01_R02,VPLC_L3_HIGH_75_100,SER_20260510_VPLC_L3_HIGH_75_100_S01,vPLC_container,VPLC_HOST,143,143,144,,202410,,,vplc_internal,75,100,75,0,0,1,76185015,3,512,0,ok,
RUN_20260510_VPLC_L3_HIGH_75_100_S01_R02,VPLC_L3_HIGH_75_100,SER_20260510_VPLC_L3_HIGH_75_100_S01,vPLC_container,VPLC_HOST,144,144,145,,202485,,,vplc_internal,75,100,75,0,0,1,500165141,3,512,0,ok,
RUN_20260510_VPLC_L3_HIGH_75_100_S01_R02,VPLC_L3_HIGH_75_100,SER_20260510_VPLC_L3_HIGH_75_100_S01,vPLC_container,VPLC_HOST,145,145,146,,202560,,,vplc_internal,75,100,75,0,0,1,1789218420,3,512,0,ok,
RUN_20260510_VPLC_L3_HIGH_75_100_S01_R02,VPLC_L3_HIGH_75_100,SER_20260510_VPLC_L3_HIGH_75_100_S01,vPLC_container,VPLC_HOST,146,146,147,,202635,,,vplc_internal,75,100,75,0,0,1,1797962453,3,512,0,ok,
RUN_20260510_VPLC_L3_HIGH_75_100_S01_R02,VPLC_L3_HIGH_75_100,SER_20260510_VPLC_L3_HIGH_75_100_S01,vPLC_container,VPLC_HOST,147,147,148,,202710,,,vplc_internal,75,100,75,0,0,1,528490296,3,512,0,ok,
RUN_20260510_VPLC_L3_HIGH_75_100_S01_R02,VPLC_L3_HIGH_75_100,SER_20260510_VPLC_L3_HIGH_75_100_S01,vPLC_container,VPLC_HOST,148,148,149,,202785,,,vplc_internal,75,100,75,0,0,1,130386844,3,512,0,ok,
RUN_20260510_VPLC_L3_HIGH_75_100_S01_R02,VPLC_L3_HIGH_75_100,SER_20260510_VPLC_L3_HIGH_75_100_S01,vPLC_container,VPLC_HOST,149,149,150,,202860,,,vplc_internal,75,100,75,0,0,1,605745153,3,512,0,ok,
RUN_20260510_VPLC_L3_HIGH_75_100_S01_R02,VPLC_L3_HIGH_75_100,SER_20260510_VPLC_L3_HIGH_75_100_S01,vPLC_container,VPLC_HOST,150,150,151,,202935,,,vplc_internal,75,100,75,0,0,1,1956666471,3,512,0,ok,
RUN_20260510_VPLC_L3_HIGH_75_100_S01_R02,VPLC_L3_HIGH_75_100,SER_20260510_VPLC_L3_HIGH_75_100_S01,vPLC_container,VPLC_HOST,151,151,152,,203010,,,vplc_internal,75,100,75,0,0,1,2037760207,3,512,0,ok,
RUN_20260510_VPLC_L3_HIGH_75_100_S01_R02,VPLC_L3_HIGH_75_100,SER_20260510_VPLC_L3_HIGH_75_100_S01,vPLC_container,VPLC_HOST,152,152,153,,203085,,,vplc_internal,75,100,75,0,0,1,851127609,3,512,0,ok,
RUN_20260510_VPLC_L3_HIGH_75_100_S01_R02,VPLC_L3_HIGH_75_100,SER_20260510_VPLC_L3_HIGH_75_100_S01,vPLC_container,VPLC_HOST,153,153,154,,203160,,,vplc_internal,75,100,75,0,0,1,546345380,3,512,0,ok,
RUN_20260510_VPLC_L3_HIGH_75_100_S01_R02,VPLC_L3_HIGH_75_100,SER_20260510_VPLC_L3_HIGH_75_100_S01,vPLC_container,VPLC_HOST,154,154,155,,203235,,,vplc_internal,75,100,75,0,0,1,1125514768,3,512,0,ok,
RUN_20260510_VPLC_L3_HIGH_75_100_S01_R02,VPLC_L3_HIGH_75_100,SER_20260510_VPLC_L3_HIGH_75_100_S01,vPLC_container,VPLC_HOST,155,155,156,,203310,,,vplc_internal,75,100,75,0,0,1,443245182,3,512,0,ok,
RUN_20260510_VPLC_L3_HIGH_75_100_S01_R02,VPLC_L3_HIGH_75_100,SER_20260510_VPLC_L3_HIGH_75_100_S01,vPLC_container,VPLC_HOST,156,156,157,,203385,,,vplc_internal,75,100,75,0,0,1,649121517,3,512,0,ok,
RUN_20260510_VPLC_L3_HIGH_75_100_S01_R02,VPLC_L3_HIGH_75_100,SER_20260510_VPLC_L3_HIGH_75_100_S01,vPLC_container,VPLC_HOST,157,157,158,,203460,,,vplc_internal,75,100,75,0,0,1,1745236829,3,512,0,ok,
RUN_20260510_VPLC_L3_HIGH_75_100_S01_R02,VPLC_L3_HIGH_75_100,SER_20260510_VPLC_L3_HIGH_75_100_S01,vPLC_container,VPLC_HOST,158,158,159,,203535,,,vplc_internal,75,100,75,0,0,1,1586208719,3,512,0,ok,
RUN_20260510_VPLC_L3_HIGH_75_100_S01_R02,VPLC_L3_HIGH_75_100,SER_20260510_VPLC_L3_HIGH_75_100_S01,vPLC_container,VPLC_HOST,159,159,160,,203610,,,vplc_internal,75,100,75,0,0,1,174130243,3,512,0,ok,
RUN_20260510_VPLC_L3_HIGH_75_100_S01_R02,VPLC_L3_HIGH_75_100,SER_20260510_VPLC_L3_HIGH_75_100_S01,vPLC_container,VPLC_HOST,160,160,161,,203685,,,vplc_internal,75,100,75,0,0,1,1806069943,3,512,0,ok,
RUN_20260510_VPLC_L3_HIGH_75_100_S01_R02,VPLC_L3_HIGH_75_100,SER_20260510_VPLC_L3_HIGH_75_100_S01,vPLC_container,VPLC_HOST,161,161,162,,203760,,,vplc_internal,75,100,75,0,0,1,41669934,3,512,0,ok,
RUN_20260510_VPLC_L3_HIGH_75_100_S01_R02,VPLC_L3_HIGH_75_100,SER_20260510_VPLC_L3_HIGH_75_100_S01,vPLC_container,VPLC_HOST,162,162,163,,203840,,,vplc_internal,75,100,80,5,0,1,1325482405,3,512,0,ok,
RUN_20260510_VPLC_L3_HIGH_75_100_S01_R02,VPLC_L3_HIGH_75_100,SER_20260510_VPLC_L3_HIGH_75_100_S01,vPLC_container,VPLC_HOST,163,163,164,,203910,,,vplc_internal,75,100,70,-5,0,1,1364633118,3,512,0,ok,
RUN_20260510_VPLC_L3_HIGH_75_100_S01_R02,VPLC_L3_HIGH_75_100,SER_20260510_VPLC_L3_HIGH_75_100_S01,vPLC_container,VPLC_HOST,164,164,165,,203985,,,vplc_internal,75,100,75,0,0,1,161223321,3,512,0,ok,
RUN_20260510_VPLC_L3_HIGH_75_100_S01_R02,VPLC_L3_HIGH_75_100,SER_20260510_VPLC_L3_HIGH_75_100_S01,vPLC_container,VPLC_HOST,165,165,166,,204060,,,vplc_internal,75,100,75,0,0,1,2012313364,3,512,0,ok,
RUN_20260510_VPLC_L3_HIGH_75_100_S01_R02,VPLC_L3_HIGH_75_100,SER_20260510_VPLC_L3_HIGH_75_100_S01,vPLC_container,VPLC_HOST,166,166,167,,204135,,,vplc_internal,75,100,75,0,0,1,477553554,3,512,0,ok,
RUN_20260510_VPLC_L3_HIGH_75_100_S01_R02,VPLC_L3_HIGH_75_100,SER_20260510_VPLC_L3_HIGH_75_100_S01,vPLC_container,VPLC_HOST,167,167,168,,204210,,,vplc_internal,75,100,75,0,0,1,2001487888,3,512,0,ok,
RUN_20260510_VPLC_L3_HIGH_75_100_S01_R02,VPLC_L3_HIGH_75_100,SER_20260510_VPLC_L3_HIGH_75_100_S01,vPLC_container,VPLC_HOST,168,168,169,,204285,,,vplc_internal,75,100,75,0,0,1,143766673,3,512,0,ok,
RUN_20260510_VPLC_L3_HIGH_75_100_S01_R02,VPLC_L3_HIGH_75_100,SER_20260510_VPLC_L3_HIGH_75_100_S01,vPLC_container,VPLC_HOST,169,169,170,,204360,,,vplc_internal,75,100,75,0,0,1,1348933906,3,512,0,ok,
RUN_20260510_VPLC_L3_HIGH_75_100_S01_R02,VPLC_L3_HIGH_75_100,SER_20260510_VPLC_L3_HIGH_75_100_S01,vPLC_container,VPLC_HOST,170,170,171,,204435,,,vplc_internal,75,100,75,0,0,1,1324123541,3,512,0,ok,
RUN_20260510_VPLC_L3_HIGH_75_100_S01_R02,VPLC_L3_HIGH_75_100,SER_20260510_VPLC_L3_HIGH_75_100_S01,vPLC_container,VPLC_HOST,171,171,172,,204510,,,vplc_internal,75,100,75,0,0,1,71428634,3,512,0,ok,
RUN_20260510_VPLC_L3_HIGH_75_100_S01_R02,VPLC_L3_HIGH_75_100,SER_20260510_VPLC_L3_HIGH_75_100_S01,vPLC_container,VPLC_HOST,172,172,173,,204585,,,vplc_internal,75,100,75,0,0,1,1887917727,3,512,0,ok,
RUN_20260510_VPLC_L3_HIGH_75_100_S01_R02,VPLC_L3_HIGH_75_100,SER_20260510_VPLC_L3_HIGH_75_100_S01,vPLC_container,VPLC_HOST,173,173,174,,204660,,,vplc_internal,75,100,75,0,0,1,333232935,3,512,0,ok,
RUN_20260510_VPLC_L3_HIGH_75_100_S01_R02,VPLC_L3_HIGH_75_100,SER_20260510_VPLC_L3_HIGH_75_100_S01,vPLC_container,VPLC_HOST,174,174,175,,204735,,,vplc_internal,75,100,75,0,0,1,1851926447,3,512,0,ok,
RUN_20260510_VPLC_L3_HIGH_75_100_S01_R02,VPLC_L3_HIGH_75_100,SER_20260510_VPLC_L3_HIGH_75_100_S01,vPLC_container,VPLC_HOST,175,175,176,,204810,,,vplc_internal,75,100,75,0,0,1,3640378,3,512,0,ok,
RUN_20260510_VPLC_L3_HIGH_75_100_S01_R02,VPLC_L3_HIGH_75_100,SER_20260510_VPLC_L3_HIGH_75_100_S01,vPLC_container,VPLC_HOST,176,176,177,,204885,,,vplc_internal,75,100,75,0,0,1,1232926917,3,512,0,ok,
RUN_20260510_VPLC_L3_HIGH_75_100_S01_R02,VPLC_L3_HIGH_75_100,SER_20260510_VPLC_L3_HIGH_75_100_S01,vPLC_container,VPLC_HOST,177,177,178,,204960,,,vplc_internal,75,100,75,0,0,1,1246911826,3,512,0,ok,
RUN_20260510_VPLC_L3_HIGH_75_100_S01_R02,VPLC_L3_HIGH_75_100,SER_20260510_VPLC_L3_HIGH_75_100_S01,vPLC_container,VPLC_HOST,178,178,179,,205035,,,vplc_internal,75,100,75,0,0,1,47696353,3,512,0,ok,
RUN_20260510_VPLC_L3_HIGH_75_100_S01_R02,VPLC_L3_HIGH_75_100,SER_20260510_VPLC_L3_HIGH_75_100_S01,vPLC_container,VPLC_HOST,179,179,180,,205110,,,vplc_internal,75,100,75,0,0,1,1932340848,3,512,0,ok,
RUN_20260510_VPLC_L3_HIGH_75_100_S01_R02,VPLC_L3_HIGH_75_100,SER_20260510_VPLC_L3_HIGH_75_100_S01,vPLC_container,VPLC_HOST,180,180,181,,205185,,,vplc_internal,75,100,75,0,0,1,460495618,3,512,0,ok,
RUN_20260510_VPLC_L3_HIGH_75_100_S01_R02,VPLC_L3_HIGH_75_100,SER_20260510_VPLC_L3_HIGH_75_100_S01,vPLC_container,VPLC_HOST,181,181,182,,205260,,,vplc_internal,75,100,75,0,0,1,2076704660,3,512,0,ok,
RUN_20260510_VPLC_L3_HIGH_75_100_S01_R02,VPLC_L3_HIGH_75_100,SER_20260510_VPLC_L3_HIGH_75_100_S01,vPLC_container,VPLC_HOST,182,182,183,,205335,,,vplc_internal,75,100,75,0,0,1,340618281,3,512,0,ok,
RUN_20260510_VPLC_L3_HIGH_75_100_S01_R02,VPLC_L3_HIGH_75_100,SER_20260510_VPLC_L3_HIGH_75_100_S01,vPLC_container,VPLC_HOST,183,183,184,,205410,,,vplc_internal,75,100,75,0,0,1,1696780478,3,512,0,ok,
RUN_20260510_VPLC_L3_HIGH_75_100_S01_R02,VPLC_L3_HIGH_75_100,SER_20260510_VPLC_L3_HIGH_75_100_S01,vPLC_container,VPLC_HOST,184,184,185,,205485,,,vplc_internal,75,100,75,0,0,1,1852325205,3,512,0,ok,
RUN_20260510_VPLC_L3_HIGH_75_100_S01_R02,VPLC_L3_HIGH_75_100,SER_20260510_VPLC_L3_HIGH_75_100_S01,vPLC_container,VPLC_HOST,185,185,186,,205560,,,vplc_internal,75,100,75,0,0,1,809345518,3,512,0,ok,
RUN_20260510_VPLC_L3_HIGH_75_100_S01_R02,VPLC_L3_HIGH_75_100,SER_20260510_VPLC_L3_HIGH_75_100_S01,vPLC_container,VPLC_HOST,186,186,187,,205635,,,vplc_internal,75,100,75,0,0,1,717426312,3,512,0,ok,
RUN_20260510_VPLC_L3_HIGH_75_100_S01_R02,VPLC_L3_HIGH_75_100,SER_20260510_VPLC_L3_HIGH_75_100_S01,vPLC_container,VPLC_HOST,187,187,188,,205710,,,vplc_internal,75,100,75,0,0,1,1578660643,3,512,0,ok,
RUN_20260510_VPLC_L3_HIGH_75_100_S01_R02,VPLC_L3_HIGH_75_100,SER_20260510_VPLC_L3_HIGH_75_100_S01,vPLC_container,VPLC_HOST,188,188,189,,205785,,,vplc_internal,75,100,75,0,0,1,1247666112,3,512,0,ok,
RUN_20260510_VPLC_L3_HIGH_75_100_S01_R02,VPLC_L3_HIGH_75_100,SER_20260510_VPLC_L3_HIGH_75_100_S01,vPLC_container,VPLC_HOST,189,189,190,,205860,,,vplc_internal,75,100,75,0,0,1,1874019422,3,512,0,ok,
RUN_20260510_VPLC_L3_HIGH_75_100_S01_R02,VPLC_L3_HIGH_75_100,SER_20260510_VPLC_L3_HIGH_75_100_S01,vPLC_container,VPLC_HOST,190,190,191,,205935,,,vplc_internal,75,100,75,0,0,1,1312338174,3,512,0,ok,
RUN_20260510_VPLC_L3_HIGH_75_100_S01_R02,VPLC_L3_HIGH_75_100,SER_20260510_VPLC_L3_HIGH_75_100_S01,vPLC_container,VPLC_HOST,191,191,192,,206010,,,vplc_internal,75,100,75,0,0,1,1712199071,3,512,0,ok,
RUN_20260510_VPLC_L3_HIGH_75_100_S01_R02,VPLC_L3_HIGH_75_100,SER_20260510_VPLC_L3_HIGH_75_100_S01,vPLC_container,VPLC_HOST,192,192,193,,206085,,,vplc_internal,75,100,75,0,0,1,928219714,3,512,0,ok,
RUN_20260510_VPLC_L3_HIGH_75_100_S01_R02,VPLC_L3_HIGH_75_100,SER_20260510_VPLC_L3_HIGH_75_100_S01,vPLC_container,VPLC_HOST,193,193,194,,206160,,,vplc_internal,75,100,75,0,0,1,1109976806,3,512,0,ok,
RUN_20260510_VPLC_L3_HIGH_75_100_S01_R02,VPLC_L3_HIGH_75_100,SER_20260510_VPLC_L3_HIGH_75_100_S01,vPLC_container,VPLC_HOST,194,194,195,,206235,,,vplc_internal,75,100,75,0,0,1,112087948,3,512,0,ok,
RUN_20260510_VPLC_L3_HIGH_75_100_S01_R02,VPLC_L3_HIGH_75_100,SER_20260510_VPLC_L3_HIGH_75_100_S01,vPLC_container,VPLC_HOST,195,195,196,,206310,,,vplc_internal,75,100,75,0,0,1,84129843,3,512,0,ok,
RUN_20260510_VPLC_L3_HIGH_75_100_S01_R02,VPLC_L3_HIGH_75_100,SER_20260510_VPLC_L3_HIGH_75_100_S01,vPLC_container,VPLC_HOST,196,196,197,,206385,,,vplc_internal,75,100,75,0,0,1,1028203739,3,512,0,ok,
RUN_20260510_VPLC_L3_HIGH_75_100_S01_R02,VPLC_L3_HIGH_75_100,SER_20260510_VPLC_L3_HIGH_75_100_S01,vPLC_container,VPLC_HOST,197,197,198,,206460,,,vplc_internal,75,100,75,0,0,1,798919045,3,512,0,ok,
RUN_20260510_VPLC_L3_HIGH_75_100_S01_R02,VPLC_L3_HIGH_75_100,SER_20260510_VPLC_L3_HIGH_75_100_S01,vPLC_container,VPLC_HOST,198,198,199,,206535,,,vplc_internal,75,100,75,0,0,1,1545860656,3,512,0,ok,
RUN_20260510_VPLC_L3_HIGH_75_100_S01_R02,VPLC_L3_HIGH_75_100,SER_20260510_VPLC_L3_HIGH_75_100_S01,vPLC_container,VPLC_HOST,199,199,200,,206610,,,vplc_internal,75,100,75,0,0,0,1123637981,3,512,0,ok,
RUN_20260510_VPLC_L3_HIGH_75_100_S01_R02,VPLC_L3_HIGH_75_100,SER_20260510_VPLC_L3_HIGH_75_100_S01,vPLC_container,VPLC_HOST,200,200,201,,206685,,,vplc_internal,75,100,75,0,0,0,1681835915,3,512,0,ok,
RUN_20260510_VPLC_L3_HIGH_75_100_S01_R02,VPLC_L3_HIGH_75_100,SER_20260510_VPLC_L3_HIGH_75_100_S01,vPLC_container,VPLC_HOST,201,201,202,,206760,,,vplc_internal,75,100,75,0,0,0,1075063867,3,512,0,ok,
RUN_20260510_VPLC_L3_HIGH_75_100_S01_R02,VPLC_L3_HIGH_75_100,SER_20260510_VPLC_L3_HIGH_75_100_S01,vPLC_container,VPLC_HOST,202,202,203,,206835,,,vplc_internal,75,100,75,0,0,0,1452906732,3,512,0,ok,
RUN_20260510_VPLC_L3_HIGH_75_100_S01_R02,VPLC_L3_HIGH_75_100,SER_20260510_VPLC_L3_HIGH_75_100_S01,vPLC_container,VPLC_HOST,203,203,204,,206910,,,vplc_internal,75,100,75,0,0,0,669973919,3,512,0,ok,
RUN_20260510_VPLC_L3_HIGH_75_100_S01_R02,VPLC_L3_HIGH_75_100,SER_20260510_VPLC_L3_HIGH_75_100_S01,vPLC_container,VPLC_HOST,204,204,205,,206985,,,vplc_internal,75,100,75,0,0,0,875850323,3,512,0,ok,
RUN_20260510_VPLC_L3_HIGH_75_100_S01_R02,VPLC_L3_HIGH_75_100,SER_20260510_VPLC_L3_HIGH_75_100_S01,vPLC_container,VPLC_HOST,205,205,206,,207060,,,vplc_internal,75,100,75,0,0,0,2072629000,3,512,0,ok,
RUN_20260510_VPLC_L3_HIGH_75_100_S01_R02,VPLC_L3_HIGH_75_100,SER_20260510_VPLC_L3_HIGH_75_100_S01,vPLC_container,VPLC_HOST,206,206,207,,207135,,,vplc_internal,75,100,75,0,0,0,2114927551,3,512,0,ok,
RUN_20260510_VPLC_L3_HIGH_75_100_S01_R02,VPLC_L3_HIGH_75_100,SER_20260510_VPLC_L3_HIGH_75_100_S01,vPLC_container,VPLC_HOST,207,207,208,,207210,,,vplc_internal,75,100,75,0,0,0,1004839032,3,512,0,ok,
RUN_20260510_VPLC_L3_HIGH_75_100_S01_R02,VPLC_L3_HIGH_75_100,SER_20260510_VPLC_L3_HIGH_75_100_S01,vPLC_container,VPLC_HOST,208,208,209,,207285,,,vplc_internal,75,100,75,0,0,0,891948338,3,512,0,ok,
RUN_20260510_VPLC_L3_HIGH_75_100_S01_R02,VPLC_L3_HIGH_75_100,SER_20260510_VPLC_L3_HIGH_75_100_S01,vPLC_container,VPLC_HOST,209,209,210,,207360,,,vplc_internal,75,100,75,0,0,0,1778348525,3,512,0,ok,
RUN_20260510_VPLC_L3_HIGH_75_100_S01_R02,VPLC_L3_HIGH_75_100,SER_20260510_VPLC_L3_HIGH_75_100_S01,vPLC_container,VPLC_HOST,210,210,211,,207435,,,vplc_internal,75,100,75,0,0,0,1518657194,3,512,0,ok,
RUN_20260510_VPLC_L3_HIGH_75_100_S01_R02,VPLC_L3_HIGH_75_100,SER_20260510_VPLC_L3_HIGH_75_100_S01,vPLC_container,VPLC_HOST,211,211,212,,207510,,,vplc_internal,75,100,75,0,0,0,114967401,3,512,0,ok,
RUN_20260510_VPLC_L3_HIGH_75_100_S01_R02,VPLC_L3_HIGH_75_100,SER_20260510_VPLC_L3_HIGH_75_100_S01,vPLC_container,VPLC_HOST,212,212,213,,207585,,,vplc_internal,75,100,75,0,0,0,1864347688,3,512,0,ok,
RUN_20260510_VPLC_L3_HIGH_75_100_S01_R02,VPLC_L3_HIGH_75_100,SER_20260510_VPLC_L3_HIGH_75_100_S01,vPLC_container,VPLC_HOST,213,213,214,,207660,,,vplc_internal,75,100,75,0,0,0,326440170,3,512,0,ok,
RUN_20260510_VPLC_L3_HIGH_75_100_S01_R02,VPLC_L3_HIGH_75_100,SER_20260510_VPLC_L3_HIGH_75_100_S01,vPLC_container,VPLC_HOST,214,214,215,,207735,,,vplc_internal,75,100,75,0,0,0,1945797036,3,512,0,ok,
RUN_20260510_VPLC_L3_HIGH_75_100_S01_R02,VPLC_L3_HIGH_75_100,SER_20260510_VPLC_L3_HIGH_75_100_S01,vPLC_container,VPLC_HOST,215,215,216,,207824,,,vplc_internal,75,100,89,14,0,0,282060401,3,512,0,ok,
RUN_20260510_VPLC_L3_HIGH_75_100_S01_R02,VPLC_L3_HIGH_75_100,SER_20260510_VPLC_L3_HIGH_75_100_S01,vPLC_container,VPLC_HOST,216,216,217,,207885,,,vplc_internal,75,100,61,-14,0,0,1779782454,3,512,0,ok,
RUN_20260510_VPLC_L3_HIGH_75_100_S01_R02,VPLC_L3_HIGH_75_100,SER_20260510_VPLC_L3_HIGH_75_100_S01,vPLC_container,VPLC_HOST,217,217,218,,207960,,,vplc_internal,75,100,75,0,0,0,2146088957,3,512,0,ok,
RUN_20260510_VPLC_L3_HIGH_75_100_S01_R02,VPLC_L3_HIGH_75_100,SER_20260510_VPLC_L3_HIGH_75_100_S01,vPLC_container,VPLC_HOST,218,218,219,,208035,,,vplc_internal,75,100,75,0,0,0,1383081158,3,512,0,ok,
RUN_20260510_VPLC_L3_HIGH_75_100_S01_R02,VPLC_L3_HIGH_75_100,SER_20260510_VPLC_L3_HIGH_75_100_S01,vPLC_container,VPLC_HOST,219,219,220,,208110,,,vplc_internal,75,100,75,0,0,0,1640335760,3,512,0,ok,
RUN_20260510_VPLC_L3_HIGH_75_100_S01_R02,VPLC_L3_HIGH_75_100,SER_20260510_VPLC_L3_HIGH_75_100_S01,vPLC_container,VPLC_HOST,220,220,221,,208185,,,vplc_internal,75,100,75,0,0,0,772470364,3,512,0,ok,
RUN_20260510_VPLC_L3_HIGH_75_100_S01_R02,VPLC_L3_HIGH_75_100,SER_20260510_VPLC_L3_HIGH_75_100_S01,vPLC_container,VPLC_HOST,221,221,222,,208260,,,vplc_internal,75,100,75,0,0,0,929061673,3,512,0,ok,
RUN_20260510_VPLC_L3_HIGH_75_100_S01_R02,VPLC_L3_HIGH_75_100,SER_20260510_VPLC_L3_HIGH_75_100_S01,vPLC_container,VPLC_HOST,222,222,223,,208335,,,vplc_internal,75,100,75,0,0,0,2112210935,3,512,0,ok,
RUN_20260510_VPLC_L3_HIGH_75_100_S01_R02,VPLC_L3_HIGH_75_100,SER_20260510_VPLC_L3_HIGH_75_100_S01,vPLC_container,VPLC_HOST,223,223,224,,208410,,,vplc_internal,75,100,75,0,0,0,29043912,3,512,0,ok,
RUN_20260510_VPLC_L3_HIGH_75_100_S01_R02,VPLC_L3_HIGH_75_100,SER_20260510_VPLC_L3_HIGH_75_100_S01,vPLC_container,VPLC_HOST,224,224,225,,208485,,,vplc_internal,75,100,75,0,0,0,1124112793,3,512,0,ok,
RUN_20260510_VPLC_L3_HIGH_75_100_S01_R02,VPLC_L3_HIGH_75_100,SER_20260510_VPLC_L3_HIGH_75_100_S01,vPLC_container,VPLC_HOST,225,225,226,,208560,,,vplc_internal,75,100,75,0,0,0,1104543340,3,512,0,ok,
RUN_20260510_VPLC_L3_HIGH_75_100_S01_R02,VPLC_L3_HIGH_75_100,SER_20260510_VPLC_L3_HIGH_75_100_S01,vPLC_container,VPLC_HOST,226,226,227,,208635,,,vplc_internal,75,100,75,0,0,0,2119920448,3,512,0,ok,
RUN_20260510_VPLC_L3_HIGH_75_100_S01_R02,VPLC_L3_HIGH_75_100,SER_20260510_VPLC_L3_HIGH_75_100_S01,vPLC_container,VPLC_HOST,227,227,228,,208710,,,vplc_internal,75,100,75,0,0,0,2024853526,3,512,0,ok,
RUN_20260510_VPLC_L3_HIGH_75_100_S01_R02,VPLC_L3_HIGH_75_100,SER_20260510_VPLC_L3_HIGH_75_100_S01,vPLC_container,VPLC_HOST,228,228,229,,208785,,,vplc_internal,75,100,75,0,0,0,821443822,3,512,0,ok,
RUN_20260510_VPLC_L3_HIGH_75_100_S01_R02,VPLC_L3_HIGH_75_100,SER_20260510_VPLC_L3_HIGH_75_100_S01,vPLC_container,VPLC_HOST,229,229,230,,208860,,,vplc_internal,75,100,75,0,0,0,659268039,3,512,0,ok,
RUN_20260510_VPLC_L3_HIGH_75_100_S01_R02,VPLC_L3_HIGH_75_100,SER_20260510_VPLC_L3_HIGH_75_100_S01,vPLC_container,VPLC_HOST,230,230,231,,208935,,,vplc_internal,75,100,75,0,0,0,1540427425,3,512,0,ok,
RUN_20260510_VPLC_L3_HIGH_75_100_S01_R02,VPLC_L3_HIGH_75_100,SER_20260510_VPLC_L3_HIGH_75_100_S01,vPLC_container,VPLC_HOST,231,231,232,,209010,,,vplc_internal,75,100,75,0,0,0,1319531389,3,512,0,ok,
RUN_20260510_VPLC_L3_HIGH_75_100_S01_R02,VPLC_L3_HIGH_75_100,SER_20260510_VPLC_L3_HIGH_75_100_S01,vPLC_container,VPLC_HOST,232,232,233,,209085,,,vplc_internal,75,100,75,0,0,0,2146164826,3,512,0,ok,
RUN_20260510_VPLC_L3_HIGH_75_100_S01_R02,VPLC_L3_HIGH_75_100,SER_20260510_VPLC_L3_HIGH_75_100_S01,vPLC_container,VPLC_HOST,233,233,234,,209160,,,vplc_internal,75,100,75,0,0,0,1874937145,3,512,0,ok,
RUN_20260510_VPLC_L3_HIGH_75_100_S01_R02,VPLC_L3_HIGH_75_100,SER_20260510_VPLC_L3_HIGH_75_100_S01,vPLC_container,VPLC_HOST,234,234,235,,209235,,,vplc_internal,75,100,75,0,0,0,507949594,3,512,0,ok,
RUN_20260510_VPLC_L3_HIGH_75_100_S01_R02,VPLC_L3_HIGH_75_100,SER_20260510_VPLC_L3_HIGH_75_100_S01,vPLC_container,VPLC_HOST,235,235,236,,209310,,,vplc_internal,75,100,75,0,0,0,194778876,3,512,0,ok,
RUN_20260510_VPLC_L3_HIGH_75_100_S01_R02,VPLC_L3_HIGH_75_100,SER_20260510_VPLC_L3_HIGH_75_100_S01,vPLC_container,VPLC_HOST,236,236,237,,209385,,,vplc_internal,75,100,75,0,0,0,937526239,3,512,0,ok,
RUN_20260510_VPLC_L3_HIGH_75_100_S01_R02,VPLC_L3_HIGH_75_100,SER_20260510_VPLC_L3_HIGH_75_100_S01,vPLC_container,VPLC_HOST,237,237,238,,209460,,,vplc_internal,75,100,75,0,0,0,590801092,3,512,0,ok,
RUN_20260510_VPLC_L3_HIGH_75_100_S01_R02,VPLC_L3_HIGH_75_100,SER_20260510_VPLC_L3_HIGH_75_100_S01,vPLC_container,VPLC_HOST,238,238,239,,209535,,,vplc_internal,75,100,75,0,0,0,1304188330,3,512,0,ok,
RUN_20260510_VPLC_L3_HIGH_75_100_S01_R02,VPLC_L3_HIGH_75_100,SER_20260510_VPLC_L3_HIGH_75_100_S01,vPLC_container,VPLC_HOST,239,239,240,,209610,,,vplc_internal,75,100,75,0,0,0,932297362,3,512,0,ok,
RUN_20260510_VPLC_L3_HIGH_75_100_S01_R02,VPLC_L3_HIGH_75_100,SER_20260510_VPLC_L3_HIGH_75_100_S01,vPLC_container,VPLC_HOST,240,240,241,,209685,,,vplc_internal,75,100,75,0,0,0,1624713083,3,512,0,ok,
RUN_20260510_VPLC_L3_HIGH_75_100_S01_R02,VPLC_L3_HIGH_75_100,SER_20260510_VPLC_L3_HIGH_75_100_S01,vPLC_container,VPLC_HOST,241,241,242,,209760,,,vplc_internal,75,100,75,0,0,0,1236044902,3,512,0,ok,
RUN_20260510_VPLC_L3_HIGH_75_100_S01_R02,VPLC_L3_HIGH_75_100,SER_20260510_VPLC_L3_HIGH_75_100_S01,vPLC_container,VPLC_HOST,242,242,243,,209835,,,vplc_internal,75,100,75,0,0,0,1915877714,3,512,0,ok,
RUN_20260510_VPLC_L3_HIGH_75_100_S01_R02,VPLC_L3_HIGH_75_100,SER_20260510_VPLC_L3_HIGH_75_100_S01,vPLC_container,VPLC_HOST,243,243,244,,209910,,,vplc_internal,75,100,75,0,0,0,1518820928,3,512,0,ok,
RUN_20260510_VPLC_L3_HIGH_75_100_S01_R02,VPLC_L3_HIGH_75_100,SER_20260510_VPLC_L3_HIGH_75_100_S01,vPLC_container,VPLC_HOST,244,244,245,,209985,,,vplc_internal,75,100,75,0,0,0,46975792,3,512,0,ok,
RUN_20260510_VPLC_L3_HIGH_75_100_S01_R02,VPLC_L3_HIGH_75_100,SER_20260510_VPLC_L3_HIGH_75_100_S01,vPLC_container,VPLC_HOST,245,245,246,,210060,,,vplc_internal,75,100,75,0,0,0,1797402656,3,512,0,ok,
RUN_20260510_VPLC_L3_HIGH_75_100_S01_R02,VPLC_L3_HIGH_75_100,SER_20260510_VPLC_L3_HIGH_75_100_S01,vPLC_container,VPLC_HOST,246,246,247,,210135,,,vplc_internal,75,100,75,0,0,0,329751827,3,512,0,ok,
RUN_20260510_VPLC_L3_HIGH_75_100_S01_R02,VPLC_L3_HIGH_75_100,SER_20260510_VPLC_L3_HIGH_75_100_S01,vPLC_container,VPLC_HOST,247,247,248,,210210,,,vplc_internal,75,100,75,0,0,0,2088567302,3,512,0,ok,
RUN_20260510_VPLC_L3_HIGH_75_100_S01_R02,VPLC_L3_HIGH_75_100,SER_20260510_VPLC_L3_HIGH_75_100_S01,vPLC_container,VPLC_HOST,248,248,249,,210285,,,vplc_internal,75,100,75,0,0,0,633499388,3,512,0,ok,
RUN_20260510_VPLC_L3_HIGH_75_100_S01_R02,VPLC_L3_HIGH_75_100,SER_20260510_VPLC_L3_HIGH_75_100_S01,vPLC_container,VPLC_HOST,249,249,250,,210360,,,vplc_internal,75,100,75,0,0,0,261608435,3,512,0,ok,
RUN_20260510_VPLC_L3_HIGH_75_100_S01_R02,VPLC_L3_HIGH_75_100,SER_20260510_VPLC_L3_HIGH_75_100_S01,vPLC_container,VPLC_HOST,250,250,251,,210435,,,vplc_internal,75,100,75,0,0,0,974995691,3,512,0,ok,
RUN_20260510_VPLC_L3_HIGH_75_100_S01_R02,VPLC_L3_HIGH_75_100,SER_20260510_VPLC_L3_HIGH_75_100_S01,vPLC_container,VPLC_HOST,251,251,252,,210510,,,vplc_internal,75,100,75,0,0,0,628270565,3,512,0,ok,
RUN_20260510_VPLC_L3_HIGH_75_100_S01_R02,VPLC_L3_HIGH_75_100,SER_20260510_VPLC_L3_HIGH_75_100_S01,vPLC_container,VPLC_HOST,252,252,253,,210585,,,vplc_internal,75,100,75,0,0,0,1371017952,3,512,0,ok,
RUN_20260510_VPLC_L3_HIGH_75_100_S01_R02,VPLC_L3_HIGH_75_100,SER_20260510_VPLC_L3_HIGH_75_100_S01,vPLC_container,VPLC_HOST,253,253,254,,210660,,,vplc_internal,75,100,75,0,0,0,1057847261,3,512,0,ok,
RUN_20260510_VPLC_L3_HIGH_75_100_S01_R02,VPLC_L3_HIGH_75_100,SER_20260510_VPLC_L3_HIGH_75_100_S01,vPLC_container,VPLC_HOST,254,254,255,,210735,,,vplc_internal,75,100,75,0,0,0,1838343387,3,512,0,ok,
RUN_20260510_VPLC_L3_HIGH_75_100_S01_R02,VPLC_L3_HIGH_75_100,SER_20260510_VPLC_L3_HIGH_75_100_S01,vPLC_container,VPLC_HOST,255,255,256,,210824,,,vplc_internal,75,100,89,14,0,0,1567115739,3,512,0,ok,
RUN_20260510_VPLC_L3_HIGH_75_100_S01_R02,VPLC_L3_HIGH_75_100,SER_20260510_VPLC_L3_HIGH_75_100_S01,vPLC_container,VPLC_HOST,256,256,257,,210885,,,vplc_internal,75,100,61,-14,0,0,246265565,3,512,0,ok,
RUN_20260510_VPLC_L3_HIGH_75_100_S01_R02,VPLC_L3_HIGH_75_100,SER_20260510_VPLC_L3_HIGH_75_100_S01,vPLC_container,VPLC_HOST,257,257,258,,210960,,,vplc_internal,75,100,75,0,0,0,25369568,3,512,0,ok,
RUN_20260510_VPLC_L3_HIGH_75_100_S01_R02,VPLC_L3_HIGH_75_100,SER_20260510_VPLC_L3_HIGH_75_100_S01,vPLC_container,VPLC_HOST,258,258,259,,211035,,,vplc_internal,75,100,75,0,0,0,906528996,3,512,0,ok,
RUN_20260510_VPLC_L3_HIGH_75_100_S01_R02,VPLC_L3_HIGH_75_100,SER_20260510_VPLC_L3_HIGH_75_100_S01,vPLC_container,VPLC_HOST,259,259,260,,211110,,,vplc_internal,75,100,75,0,0,0,744353258,3,512,0,ok,
RUN_20260510_VPLC_L3_HIGH_75_100_S01_R02,VPLC_L3_HIGH_75_100,SER_20260510_VPLC_L3_HIGH_75_100_S01,vPLC_container,VPLC_HOST,260,260,261,,211185,,,vplc_internal,75,100,75,0,0,0,1688427249,3,512,0,ok,
RUN_20260510_VPLC_L3_HIGH_75_100_S01_R02,VPLC_L3_HIGH_75_100,SER_20260510_VPLC_L3_HIGH_75_100_S01,vPLC_container,VPLC_HOST,261,261,262,,211260,,,vplc_internal,75,100,75,0,0,0,1593360378,3,512,0,ok,
RUN_20260510_VPLC_L3_HIGH_75_100_S01_R02,VPLC_L3_HIGH_75_100,SER_20260510_VPLC_L3_HIGH_75_100_S01,vPLC_container,VPLC_HOST,262,262,263,,211335,,,vplc_internal,75,100,75,0,0,0,461253893,3,512,0,ok,
RUN_20260510_VPLC_L3_HIGH_75_100_S01_R02,VPLC_L3_HIGH_75_100,SER_20260510_VPLC_L3_HIGH_75_100_S01,vPLC_container,VPLC_HOST,263,263,264,,211410,,,vplc_internal,75,100,75,0,0,0,441684497,3,512,0,ok,
RUN_20260510_VPLC_L3_HIGH_75_100_S01_R02,VPLC_L3_HIGH_75_100,SER_20260510_VPLC_L3_HIGH_75_100_S01,vPLC_container,VPLC_HOST,264,264,265,,211485,,,vplc_internal,75,100,75,0,0,0,1536753438,3,512,0,ok,
RUN_20260510_VPLC_L3_HIGH_75_100_S01_R02,VPLC_L3_HIGH_75_100,SER_20260510_VPLC_L3_HIGH_75_100_S01,vPLC_container,VPLC_HOST,265,265,266,,211560,,,vplc_internal,75,100,75,0,0,0,1601070125,3,512,0,ok,
RUN_20260510_VPLC_L3_HIGH_75_100_S01_R02,VPLC_L3_HIGH_75_100,SER_20260510_VPLC_L3_HIGH_75_100_S01,vPLC_container,VPLC_HOST,266,266,267,,211635,,,vplc_internal,75,100,75,0,0,0,636735806,3,512,0,ok,
RUN_20260510_VPLC_L3_HIGH_75_100_S01_R02,VPLC_L3_HIGH_75_100,SER_20260510_VPLC_L3_HIGH_75_100_S01,vPLC_container,VPLC_HOST,267,267,268,,211710,,,vplc_internal,75,100,75,0,0,0,793327184,3,512,0,ok,
RUN_20260510_VPLC_L3_HIGH_75_100_S01_R02,VPLC_L3_HIGH_75_100,SER_20260510_VPLC_L3_HIGH_75_100_S01,vPLC_container,VPLC_HOST,268,268,269,,211785,,,vplc_internal,75,100,75,0,0,0,2072945507,3,512,0,ok,
RUN_20260510_VPLC_L3_HIGH_75_100_S01_R02,VPLC_L3_HIGH_75_100,SER_20260510_VPLC_L3_HIGH_75_100_S01,vPLC_container,VPLC_HOST,269,269,270,,211860,,,vplc_internal,75,100,75,0,0,0,182716537,3,512,0,ok,
RUN_20260510_VPLC_L3_HIGH_75_100_S01_R02,VPLC_L3_HIGH_75_100,SER_20260510_VPLC_L3_HIGH_75_100_S01,vPLC_container,VPLC_HOST,270,270,271,,211935,,,vplc_internal,75,100,75,0,0,0,1567192463,3,512,0,ok,
RUN_20260510_VPLC_L3_HIGH_75_100_S01_R02,VPLC_L3_HIGH_75_100,SER_20260510_VPLC_L3_HIGH_75_100_S01,vPLC_container,VPLC_HOST,271,271,272,,212010,,,vplc_internal,75,100,75,0,0,0,1933499047,3,512,0,ok,
RUN_20260510_VPLC_L3_HIGH_75_100_S01_R02,VPLC_L3_HIGH_75_100,SER_20260510_VPLC_L3_HIGH_75_100_S01,vPLC_container,VPLC_HOST,272,272,273,,212085,,,vplc_internal,75,100,75,0,0,0,1283737537,3,512,0,ok,
RUN_20260510_VPLC_L3_HIGH_75_100_S01_R02,VPLC_L3_HIGH_75_100,SER_20260510_VPLC_L3_HIGH_75_100_S01,vPLC_container,VPLC_HOST,273,273,274,,212160,,,vplc_internal,75,100,75,0,0,0,1767484636,3,512,0,ok,
RUN_20260510_VPLC_L3_HIGH_75_100_S01_R02,VPLC_L3_HIGH_75_100,SER_20260510_VPLC_L3_HIGH_75_100_S01,vPLC_container,VPLC_HOST,274,274,275,,212235,,,vplc_internal,75,100,75,0,0,0,1239357945,3,512,0,ok,
RUN_20260510_VPLC_L3_HIGH_75_100_S01_R02,VPLC_L3_HIGH_75_100,SER_20260510_VPLC_L3_HIGH_75_100_S01,vPLC_container,VPLC_HOST,275,275,276,,212310,,,vplc_internal,75,100,75,0,0,0,1848934167,3,512,0,ok,
RUN_20260510_VPLC_L3_HIGH_75_100_S01_R02,VPLC_L3_HIGH_75_100,SER_20260510_VPLC_L3_HIGH_75_100_S01,vPLC_container,VPLC_HOST,276,276,277,,212385,,,vplc_internal,75,100,75,0,0,0,1450830903,3,512,0,ok,
RUN_20260510_VPLC_L3_HIGH_75_100_S01_R02,VPLC_L3_HIGH_75_100,SER_20260510_VPLC_L3_HIGH_75_100_S01,vPLC_container,VPLC_HOST,277,277,278,,212460,,,vplc_internal,75,100,75,0,0,0,47141209,3,512,0,ok,
RUN_20260510_VPLC_L3_HIGH_75_100_S01_R02,VPLC_L3_HIGH_75_100,SER_20260510_VPLC_L3_HIGH_75_100_S01,vPLC_container,VPLC_HOST,278,278,279,,212535,,,vplc_internal,75,100,75,0,0,0,1934933627,3,512,0,ok,
RUN_20260510_VPLC_L3_HIGH_75_100_S01_R02,VPLC_L3_HIGH_75_100,SER_20260510_VPLC_L3_HIGH_75_100_S01,vPLC_container,VPLC_HOST,279,279,280,,212610,,,vplc_internal,75,100,75,0,0,0,673850272,3,512,0,ok,
RUN_20260510_VPLC_L3_HIGH_75_100_S01_R02,VPLC_L3_HIGH_75_100,SER_20260510_VPLC_L3_HIGH_75_100_S01,vPLC_container,VPLC_HOST,280,280,281,,212685,,,vplc_internal,75,100,75,0,0,0,560959686,3,512,0,ok,
RUN_20260510_VPLC_L3_HIGH_75_100_S01_R02,VPLC_L3_HIGH_75_100,SER_20260510_VPLC_L3_HIGH_75_100_S01,vPLC_container,VPLC_HOST,281,281,282,,212760,,,vplc_internal,75,100,75,0,0,0,1598354925,3,512,0,ok,
RUN_20260510_VPLC_L3_HIGH_75_100_S01_R02,VPLC_L3_HIGH_75_100,SER_20260510_VPLC_L3_HIGH_75_100_S01,vPLC_container,VPLC_HOST,282,282,283,,212835,,,vplc_internal,75,100,75,0,0,0,1640653590,3,512,0,ok,
RUN_20260510_VPLC_L3_HIGH_75_100_S01_R02,VPLC_L3_HIGH_75_100,SER_20260510_VPLC_L3_HIGH_75_100_S01,vPLC_container,VPLC_HOST,283,283,284,,212910,,,vplc_internal,75,100,75,0,0,0,689948737,3,512,0,ok,
RUN_20260510_VPLC_L3_HIGH_75_100_S01_R02,VPLC_L3_HIGH_75_100,SER_20260510_VPLC_L3_HIGH_75_100_S01,vPLC_container,VPLC_HOST,284,284,285,,212985,,,vplc_internal,75,100,75,0,0,0,895825261,3,512,0,ok,
RUN_20260510_VPLC_L3_HIGH_75_100_S01_R02,VPLC_L3_HIGH_75_100,SER_20260510_VPLC_L3_HIGH_75_100_S01,vPLC_container,VPLC_HOST,285,285,286,,213060,,,vplc_internal,75,100,75,0,0,0,112892571,3,512,0,ok,
RUN_20260510_VPLC_L3_HIGH_75_100_S01_R02,VPLC_L3_HIGH_75_100,SER_20260510_VPLC_L3_HIGH_75_100_S01,vPLC_container,VPLC_HOST,286,286,287,,213135,,,vplc_internal,75,100,75,0,0,0,490735562,3,512,0,ok,
RUN_20260510_VPLC_L3_HIGH_75_100_S01_R02,VPLC_L3_HIGH_75_100,SER_20260510_VPLC_L3_HIGH_75_100_S01,vPLC_container,VPLC_HOST,287,287,288,,213210,,,vplc_internal,75,100,75,0,0,0,2031447290,3,512,0,ok,
RUN_20260510_VPLC_L3_HIGH_75_100_S01_R02,VPLC_L3_HIGH_75_100,SER_20260510_VPLC_L3_HIGH_75_100_S01,vPLC_container,VPLC_HOST,288,288,289,,213285,,,vplc_internal,75,100,75,0,0,0,442161709,3,512,0,ok,
RUN_20260510_VPLC_L3_HIGH_75_100_S01_R02,VPLC_L3_HIGH_75_100,SER_20260510_VPLC_L3_HIGH_75_100_S01,vPLC_container,VPLC_HOST,289,289,290,,213360,,,vplc_internal,75,100,75,0,0,0,19939169,3,512,0,ok,
RUN_20260510_VPLC_L3_HIGH_75_100_S01_R02,VPLC_L3_HIGH_75_100,SER_20260510_VPLC_L3_HIGH_75_100_S01,vPLC_container,VPLC_HOST,290,290,291,,213435,,,vplc_internal,75,100,75,0,0,0,766880918,3,512,0,ok,
RUN_20260510_VPLC_L3_HIGH_75_100_S01_R02,VPLC_L3_HIGH_75_100,SER_20260510_VPLC_L3_HIGH_75_100_S01,vPLC_container,VPLC_HOST,291,291,292,,213510,,,vplc_internal,75,100,75,0,0,0,537596365,3,512,0,ok,
RUN_20260510_VPLC_L3_HIGH_75_100_S01_R02,VPLC_L3_HIGH_75_100,SER_20260510_VPLC_L3_HIGH_75_100_S01,vPLC_container,VPLC_HOST,292,292,293,,213585,,,vplc_internal,75,100,75,0,0,0,1481670405,3,512,0,ok,
RUN_20260510_VPLC_L3_HIGH_75_100_S01_R02,VPLC_L3_HIGH_75_100,SER_20260510_VPLC_L3_HIGH_75_100_S01,vPLC_container,VPLC_HOST,293,293,294,,213660,,,vplc_internal,75,100,75,0,0,0,1453712447,3,512,0,ok,
RUN_20260510_VPLC_L3_HIGH_75_100_S01_R02,VPLC_L3_HIGH_75_100,SER_20260510_VPLC_L3_HIGH_75_100_S01,vPLC_container,VPLC_HOST,294,294,295,,213735,,,vplc_internal,75,100,75,0,0,0,455823739,3,512,0,ok,
RUN_20260510_VPLC_L3_HIGH_75_100_S01_R02,VPLC_L3_HIGH_75_100,SER_20260510_VPLC_L3_HIGH_75_100_S01,vPLC_container,VPLC_HOST,295,295,296,,213824,,,vplc_internal,75,100,89,14,0,0,637580984,3,512,0,ok,
RUN_20260510_VPLC_L3_HIGH_75_100_S01_R02,VPLC_L3_HIGH_75_100,SER_20260510_VPLC_L3_HIGH_75_100_S01,vPLC_container,VPLC_HOST,296,296,297,,213885,,,vplc_internal,75,100,61,-14,0,0,2001085430,3,512,0,ok,
RUN_20260510_VPLC_L3_HIGH_75_100_S01_R02,VPLC_L3_HIGH_75_100,SER_20260510_VPLC_L3_HIGH_75_100_S01,vPLC_container,VPLC_HOST,297,297,298,,213960,,,vplc_internal,75,100,75,0,0,0,253462839,3,512,0,ok,
RUN_20260510_VPLC_L3_HIGH_75_100_S01_R02,VPLC_L3_HIGH_75_100,SER_20260510_VPLC_L3_HIGH_75_100_S01,vPLC_container,VPLC_HOST,298,298,299,,214035,,,vplc_internal,75,100,75,0,0,0,1839265400,3,512,0,ok,
RUN_20260510_VPLC_L3_HIGH_75_100_S01_R02,VPLC_L3_HIGH_75_100,SER_20260510_VPLC_L3_HIGH_75_100_S01,vPLC_container,VPLC_HOST,299,299,300,,214110,,,vplc_internal,75,100,75,0,0,1,318135228,3,512,0,ok,
RUN_20260510_VPLC_L3_HIGH_75_100_S01_R02,VPLC_L3_HIGH_75_100,SER_20260510_VPLC_L3_HIGH_75_100_S01,vPLC_container,VPLC_HOST,300,300,301,,214185,,,vplc_internal,75,100,75,0,0,1,2134624512,3,512,0,ok,
RUN_20260510_VPLC_L3_HIGH_75_100_S01_R02,VPLC_L3_HIGH_75_100,SER_20260510_VPLC_L3_HIGH_75_100_S01,vPLC_container,VPLC_HOST,301,301,302,,214260,,,vplc_internal,75,100,75,0,0,1,848375367,3,512,0,ok,
RUN_20260510_VPLC_L3_HIGH_75_100_S01_R02,VPLC_L3_HIGH_75_100,SER_20260510_VPLC_L3_HIGH_75_100_S01,vPLC_container,VPLC_HOST,302,302,303,,214335,,,vplc_internal,75,100,75,0,0,1,756456335,3,512,0,ok,
RUN_20260510_VPLC_L3_HIGH_75_100_S01_R02,VPLC_L3_HIGH_75_100,SER_20260510_VPLC_L3_HIGH_75_100_S01,vPLC_container,VPLC_HOST,303,303,304,,214410,,,vplc_internal,75,100,75,0,0,1,1860960472,3,512,0,ok,
RUN_20260510_VPLC_L3_HIGH_75_100_S01_R02,VPLC_L3_HIGH_75_100,SER_20260510_VPLC_L3_HIGH_75_100_S01,vPLC_container,VPLC_HOST,304,304,305,,214485,,,vplc_internal,75,100,75,0,0,1,2016505379,3,512,0,ok,
RUN_20260510_VPLC_L3_HIGH_75_100_S01_R02,VPLC_L3_HIGH_75_100,SER_20260510_VPLC_L3_HIGH_75_100_S01,vPLC_container,VPLC_HOST,305,305,306,,214560,,,vplc_internal,75,100,75,0,0,1,1225184112,3,512,0,ok,
RUN_20260510_VPLC_L3_HIGH_75_100_S01_R02,VPLC_L3_HIGH_75_100,SER_20260510_VPLC_L3_HIGH_75_100_S01,vPLC_container,VPLC_HOST,306,306,307,,214635,,,vplc_internal,75,100,75,0,0,1,1636581566,3,512,0,ok,
RUN_20260510_VPLC_L3_HIGH_75_100_S01_R02,VPLC_L3_HIGH_75_100,SER_20260510_VPLC_L3_HIGH_75_100_S01,vPLC_container,VPLC_HOST,307,307,308,,214710,,,vplc_internal,75,100,75,0,0,1,1105307150,3,512,0,ok,
RUN_20260510_VPLC_L3_HIGH_75_100_S01_R02,VPLC_L3_HIGH_75_100,SER_20260510_VPLC_L3_HIGH_75_100_S01,vPLC_container,VPLC_HOST,308,308,309,,214785,,,vplc_internal,75,100,75,0,0,1,1780945759,3,512,0,ok,
RUN_20260510_VPLC_L3_HIGH_75_100_S01_R02,VPLC_L3_HIGH_75_100,SER_20260510_VPLC_L3_HIGH_75_100_S01,vPLC_container,VPLC_HOST,309,309,310,,214860,,,vplc_internal,75,100,75,0,0,1,1518106802,3,512,0,ok,
RUN_20260510_VPLC_L3_HIGH_75_100_S01_R02,VPLC_L3_HIGH_75_100,SER_20260510_VPLC_L3_HIGH_75_100_S01,vPLC_container,VPLC_HOST,310,310,311,,214935,,,vplc_internal,75,100,75,0,0,1,318891527,3,512,0,ok,
RUN_20260510_VPLC_L3_HIGH_75_100_S01_R02,VPLC_L3_HIGH_75_100,SER_20260510_VPLC_L3_HIGH_75_100_S01,vPLC_container,VPLC_HOST,311,311,312,,215010,,,vplc_internal,75,100,75,0,0,1,332876637,3,512,0,ok,
RUN_20260510_VPLC_L3_HIGH_75_100_S01_R02,VPLC_L3_HIGH_75_100,SER_20260510_VPLC_L3_HIGH_75_100_S01,vPLC_container,VPLC_HOST,312,312,313,,215085,,,vplc_internal,75,100,75,0,0,1,1562163380,3,512,0,ok,
RUN_20260510_VPLC_L3_HIGH_75_100_S01_R02,VPLC_L3_HIGH_75_100,SER_20260510_VPLC_L3_HIGH_75_100_S01,vPLC_container,VPLC_HOST,313,313,314,,215160,,,vplc_internal,75,100,75,0,0,1,1861361165,3,512,0,ok,
RUN_20260510_VPLC_L3_HIGH_75_100_S01_R02,VPLC_L3_HIGH_75_100,SER_20260510_VPLC_L3_HIGH_75_100_S01,vPLC_container,VPLC_HOST,314,314,315,,215235,,,vplc_internal,75,100,75,0,0,1,1232571240,3,512,0,ok,
RUN_20260510_VPLC_L3_HIGH_75_100_S01_R02,VPLC_L3_HIGH_75_100,SER_20260510_VPLC_L3_HIGH_75_100_S01,vPLC_container,VPLC_HOST,315,315,316,,215310,,,vplc_internal,75,100,75,0,0,1,1825370308,3,512,0,ok,
RUN_20260510_VPLC_L3_HIGH_75_100_S01_R02,VPLC_L3_HIGH_75_100,SER_20260510_VPLC_L3_HIGH_75_100_S01,vPLC_container,VPLC_HOST,316,316,317,,215385,,,vplc_internal,75,100,75,0,0,1,1494375970,3,512,0,ok,
RUN_20260510_VPLC_L3_HIGH_75_100_S01_R02,VPLC_L3_HIGH_75_100,SER_20260510_VPLC_L3_HIGH_75_100_S01,vPLC_container,VPLC_HOST,317,317,318,,215460,,,vplc_internal,75,100,75,0,0,1,241681282,3,512,0,ok,
RUN_20260510_VPLC_L3_HIGH_75_100_S01_R02,VPLC_L3_HIGH_75_100,SER_20260510_VPLC_L3_HIGH_75_100_S01,vPLC_container,VPLC_HOST,318,318,319,,215535,,,vplc_internal,75,100,75,0,0,1,216871139,3,512,0,ok,
RUN_20260510_VPLC_L3_HIGH_75_100_S01_R02,VPLC_L3_HIGH_75_100,SER_20260510_VPLC_L3_HIGH_75_100_S01,vPLC_container,VPLC_HOST,319,319,320,,215610,,,vplc_internal,75,100,75,0,0,1,1422038597,3,512,0,ok,
RUN_20260510_VPLC_L3_HIGH_75_100_S01_R02,VPLC_L3_HIGH_75_100,SER_20260510_VPLC_L3_HIGH_75_100_S01,vPLC_container,VPLC_HOST,320,320,321,,215685,,,vplc_internal,75,100,75,0,0,1,1711801257,3,512,0,ok,
RUN_20260510_VPLC_L3_HIGH_75_100_S01_R02,VPLC_L3_HIGH_75_100,SER_20260510_VPLC_L3_HIGH_75_100_S01,vPLC_container,VPLC_HOST,321,321,322,,215760,,,vplc_internal,75,100,75,0,0,1,1088252175,3,512,0,ok,
RUN_20260510_VPLC_L3_HIGH_75_100_S01_R02,VPLC_L3_HIGH_75_100,SER_20260510_VPLC_L3_HIGH_75_100_S01,vPLC_container,VPLC_HOST,322,322,323,,215835,,,vplc_internal,75,100,75,0,0,1,1700976246,3,512,0,ok,
RUN_20260510_VPLC_L3_HIGH_75_100_S01_R02,VPLC_L3_HIGH_75_100,SER_20260510_VPLC_L3_HIGH_75_100_S01,vPLC_container,VPLC_HOST,323,323,324,,215910,,,vplc_internal,75,100,75,0,0,1,1404582879,3,512,0,ok,
RUN_20260510_VPLC_L3_HIGH_75_100_S01_R02,VPLC_L3_HIGH_75_100,SER_20260510_VPLC_L3_HIGH_75_100_S01,vPLC_container,VPLC_HOST,324,324,325,,215985,,,vplc_internal,75,100,75,0,0,1,201173322,3,512,0,ok,
RUN_20260510_VPLC_L3_HIGH_75_100_S01_R02,VPLC_L3_HIGH_75_100,SER_20260510_VPLC_L3_HIGH_75_100_S01,vPLC_container,VPLC_HOST,325,325,326,,216060,,,vplc_internal,75,100,75,0,0,1,240324278,3,512,0,ok,
RUN_20260510_VPLC_L3_HIGH_75_100_S01_R02,VPLC_L3_HIGH_75_100,SER_20260510_VPLC_L3_HIGH_75_100_S01,vPLC_container,VPLC_HOST,326,326,327,,216135,,,vplc_internal,75,100,75,0,0,1,1524136995,3,512,0,ok,
RUN_20260510_VPLC_L3_HIGH_75_100_S01_R02,VPLC_L3_HIGH_75_100,SER_20260510_VPLC_L3_HIGH_75_100_S01,vPLC_container,VPLC_HOST,327,327,328,,216210,,,vplc_internal,75,100,75,0,0,1,1907220882,3,512,0,ok,
RUN_20260510_VPLC_L3_HIGH_75_100_S01_R02,VPLC_L3_HIGH_75_100,SER_20260510_VPLC_L3_HIGH_75_100_S01,vPLC_container,VPLC_HOST,328,328,329,,216285,,,vplc_internal,75,100,75,0,0,1,1391677187,3,512,0,ok,
RUN_20260510_VPLC_L3_HIGH_75_100_S01_R02,VPLC_L3_HIGH_75_100,SER_20260510_VPLC_L3_HIGH_75_100_S01,vPLC_container,VPLC_HOST,329,329,330,,216360,,,vplc_internal,75,100,75,0,0,1,2127082613,3,512,0,ok,
RUN_20260510_VPLC_L3_HIGH_75_100_S01_R02,VPLC_L3_HIGH_75_100,SER_20260510_VPLC_L3_HIGH_75_100_S01,vPLC_container,VPLC_HOST,330,330,331,,216435,,,vplc_internal,75,100,75,0,0,1,1968054761,3,512,0,ok,
RUN_20260510_VPLC_L3_HIGH_75_100_S01_R02,VPLC_L3_HIGH_75_100,SER_20260510_VPLC_L3_HIGH_75_100_S01,vPLC_container,VPLC_HOST,331,331,332,,216510,,,vplc_internal,75,100,75,0,0,1,916686687,3,512,0,ok,
RUN_20260510_VPLC_L3_HIGH_75_100_S01_R02,VPLC_L3_HIGH_75_100,SER_20260510_VPLC_L3_HIGH_75_100_S01,vPLC_container,VPLC_HOST,332,332,333,,216585,,,vplc_internal,75,100,75,0,0,1,1122563286,3,512,0,ok,
RUN_20260510_VPLC_L3_HIGH_75_100_S01_R02,VPLC_L3_HIGH_75_100,SER_20260510_VPLC_L3_HIGH_75_100_S01,vPLC_container,VPLC_HOST,333,333,334,,216660,,,vplc_internal,75,100,75,0,0,1,440293967,3,512,0,ok,
RUN_20260510_VPLC_L3_HIGH_75_100_S01_R02,VPLC_L3_HIGH_75_100,SER_20260510_VPLC_L3_HIGH_75_100_S01,vPLC_container,VPLC_HOST,334,334,335,,216735,,,vplc_internal,75,100,75,0,0,1,1019463625,3,512,0,ok,
RUN_20260510_VPLC_L3_HIGH_75_100_S01_R02,VPLC_L3_HIGH_75_100,SER_20260510_VPLC_L3_HIGH_75_100_S01,vPLC_container,VPLC_HOST,335,335,336,,216824,,,vplc_internal,75,100,89,14,0,1,714681669,3,512,0,ok,
RUN_20260510_VPLC_L3_HIGH_75_100_S01_R02,VPLC_L3_HIGH_75_100,SER_20260510_VPLC_L3_HIGH_75_100_S01,vPLC_container,VPLC_HOST,336,336,337,,216885,,,vplc_internal,75,100,61,-14,0,1,1675532994,3,512,0,ok,
RUN_20260510_VPLC_L3_HIGH_75_100_S01_R02,VPLC_L3_HIGH_75_100,SER_20260510_VPLC_L3_HIGH_75_100_S01,vPLC_container,VPLC_HOST,337,337,338,,216960,,,vplc_internal,75,100,75,0,0,1,1756627009,3,512,0,ok,
RUN_20260510_VPLC_L3_HIGH_75_100_S01_R02,VPLC_L3_HIGH_75_100,SER_20260510_VPLC_L3_HIGH_75_100_S01,vPLC_container,VPLC_HOST,338,338,339,,217035,,,vplc_internal,75,100,75,0,0,1,960064962,3,512,0,ok,
RUN_20260510_VPLC_L3_HIGH_75_100_S01_R02,VPLC_L3_HIGH_75_100,SER_20260510_VPLC_L3_HIGH_75_100_S01,vPLC_container,VPLC_HOST,339,339,340,,217110,,,vplc_internal,75,100,75,0,0,1,1435423556,3,512,0,ok,
RUN_20260510_VPLC_L3_HIGH_75_100_S01_R02,VPLC_L3_HIGH_75_100,SER_20260510_VPLC_L3_HIGH_75_100_S01,vPLC_container,VPLC_HOST,340,340,341,,217185,,,vplc_internal,75,100,75,0,0,1,1037320392,3,512,0,ok,
RUN_20260510_VPLC_L3_HIGH_75_100_S01_R02,VPLC_L3_HIGH_75_100,SER_20260510_VPLC_L3_HIGH_75_100_S01,vPLC_container,VPLC_HOST,341,341,342,,217260,,,vplc_internal,75,100,75,0,0,1,1915332173,3,512,0,ok,
RUN_20260510_VPLC_L3_HIGH_75_100_S01_R02,VPLC_L3_HIGH_75_100,SER_20260510_VPLC_L3_HIGH_75_100_S01,vPLC_container,VPLC_HOST,342,342,343,,217335,,,vplc_internal,75,100,75,0,0,1,1924076500,3,512,0,ok,
RUN_20260510_VPLC_L3_HIGH_75_100_S01_R02,VPLC_L3_HIGH_75_100,SER_20260510_VPLC_L3_HIGH_75_100_S01,vPLC_container,VPLC_HOST,343,343,344,,217410,,,vplc_internal,75,100,75,0,0,1,1065646429,3,512,0,ok,
RUN_20260510_VPLC_L3_HIGH_75_100_S01_R02,VPLC_L3_HIGH_75_100,SER_20260510_VPLC_L3_HIGH_75_100_S01,vPLC_container,VPLC_HOST,344,344,345,,217485,,,vplc_internal,75,100,75,0,0,1,1489626855,3,512,0,ok,
RUN_20260510_VPLC_L3_HIGH_75_100_S01_R02,VPLC_L3_HIGH_75_100,SER_20260510_VPLC_L3_HIGH_75_100_S01,vPLC_container,VPLC_HOST,345,345,346,,217560,,,vplc_internal,75,100,75,0,0,1,1050627187,3,512,0,ok,
RUN_20260510_VPLC_L3_HIGH_75_100_S01_R02,VPLC_L3_HIGH_75_100,SER_20260510_VPLC_L3_HIGH_75_100_S01,vPLC_container,VPLC_HOST,346,346,347,,217635,,,vplc_internal,75,100,75,0,0,1,1898232320,3,512,0,ok,
RUN_20260510_VPLC_L3_HIGH_75_100_S01_R02,VPLC_L3_HIGH_75_100,SER_20260510_VPLC_L3_HIGH_75_100_S01,vPLC_container,VPLC_HOST,347,347,348,,217710,,,vplc_internal,75,100,75,0,0,1,1887051663,3,512,0,ok,
RUN_20260510_VPLC_L3_HIGH_75_100_S01_R02,VPLC_L3_HIGH_75_100,SER_20260510_VPLC_L3_HIGH_75_100_S01,vPLC_container,VPLC_HOST,348,348,349,,217785,,,vplc_internal,75,100,75,0,0,1,1019186464,3,512,0,ok,
RUN_20260510_VPLC_L3_HIGH_75_100_S01_R02,VPLC_L3_HIGH_75_100,SER_20260510_VPLC_L3_HIGH_75_100_S01,vPLC_container,VPLC_HOST,349,349,350,,217860,,,vplc_internal,75,100,75,0,0,1,1444213426,3,512,0,ok,
RUN_20260510_VPLC_L3_HIGH_75_100_S01_R02,VPLC_L3_HIGH_75_100,SER_20260510_VPLC_L3_HIGH_75_100_S01,vPLC_container,VPLC_HOST,350,350,351,,217935,,,vplc_internal,75,100,75,0,0,1,1016750150,3,512,0,ok,
RUN_20260510_VPLC_L3_HIGH_75_100_S01_R02,VPLC_L3_HIGH_75_100,SER_20260510_VPLC_L3_HIGH_75_100_S01,vPLC_container,VPLC_HOST,351,351,352,,218010,,,vplc_internal,75,100,75,0,0,1,1886373339,3,512,0,ok,
RUN_20260510_VPLC_L3_HIGH_75_100_S01_R02,VPLC_L3_HIGH_75_100,SER_20260510_VPLC_L3_HIGH_75_100_S01,vPLC_container,VPLC_HOST,352,352,353,,218085,,,vplc_internal,75,100,75,0,0,1,1907700594,3,512,0,ok,
RUN_20260510_VPLC_L3_HIGH_75_100_S01_R02,VPLC_L3_HIGH_75_100,SER_20260510_VPLC_L3_HIGH_75_100_S01,vPLC_container,VPLC_HOST,353,353,354,,218160,,,vplc_internal,75,100,75,0,0,1,1082824971,3,512,0,ok,
RUN_20260510_VPLC_L3_HIGH_75_100_S01_R02,VPLC_L3_HIGH_75_100,SER_20260510_VPLC_L3_HIGH_75_100_S01,vPLC_container,VPLC_HOST,354,354,355,,218235,,,vplc_internal,75,100,75,0,0,1,1561331365,3,512,0,ok,
RUN_20260510_VPLC_L3_HIGH_75_100_S01_R02,VPLC_L3_HIGH_75_100,SER_20260510_VPLC_L3_HIGH_75_100_S01,vPLC_container,VPLC_HOST,355,355,356,,218310,,,vplc_internal,75,100,75,0,0,1,1197829185,3,512,0,ok,
RUN_20260510_VPLC_L3_HIGH_75_100_S01_R02,VPLC_L3_HIGH_75_100,SER_20260510_VPLC_L3_HIGH_75_100_S01,vPLC_container,VPLC_HOST,356,356,357,,218385,,,vplc_internal,75,100,75,0,0,1,2141903326,3,512,0,ok,
RUN_20260510_VPLC_L3_HIGH_75_100_S01_R02,VPLC_L3_HIGH_75_100,SER_20260510_VPLC_L3_HIGH_75_100_S01,vPLC_container,VPLC_HOST,357,357,358,,218460,,,vplc_internal,75,100,75,0,0,1,100679550,3,512,0,ok,
RUN_20260510_VPLC_L3_HIGH_75_100_S01_R02,VPLC_L3_HIGH_75_100,SER_20260510_VPLC_L3_HIGH_75_100_S01,vPLC_container,VPLC_HOST,358,358,359,,218535,,,vplc_internal,75,100,75,0,0,1,1518710046,3,512,0,ok,
RUN_20260510_VPLC_L3_HIGH_75_100_S01_R02,VPLC_L3_HIGH_75_100,SER_20260510_VPLC_L3_HIGH_75_100_S01,vPLC_container,VPLC_HOST,359,359,360,,218610,,,vplc_internal,75,100,75,0,0,1,2103120576,3,512,0,ok,
RUN_20260510_VPLC_L3_HIGH_75_100_S01_R02,VPLC_L3_HIGH_75_100,SER_20260510_VPLC_L3_HIGH_75_100_S01,vPLC_container,VPLC_HOST,360,360,361,,218685,,,vplc_internal,75,100,75,0,0,1,1856012388,3,512,0,ok,
RUN_20260510_VPLC_L3_HIGH_75_100_S01_R02,VPLC_L3_HIGH_75_100,SER_20260510_VPLC_L3_HIGH_75_100_S01,vPLC_container,VPLC_HOST,361,361,362,,218760,,,vplc_internal,75,100,75,0,0,1,779478538,3,512,0,ok,
RUN_20260510_VPLC_L3_HIGH_75_100_S01_R02,VPLC_L3_HIGH_75_100,SER_20260510_VPLC_L3_HIGH_75_100_S01,vPLC_container,VPLC_HOST,362,362,363,,218835,,,vplc_internal,75,100,75,0,0,1,1023103921,3,512,0,ok,
RUN_20260510_VPLC_L3_HIGH_75_100_S01_R02,VPLC_L3_HIGH_75_100,SER_20260510_VPLC_L3_HIGH_75_100_S01,vPLC_container,VPLC_HOST,363,363,364,,218910,,,vplc_internal,75,100,75,0,0,1,441497946,3,512,0,ok,
RUN_20260510_VPLC_L3_HIGH_75_100_S01_R02,VPLC_L3_HIGH_75_100,SER_20260510_VPLC_L3_HIGH_75_100_S01,vPLC_container,VPLC_HOST,364,364,365,,218985,,,vplc_internal,75,100,75,0,0,1,1184245508,3,512,0,ok,
RUN_20260510_VPLC_L3_HIGH_75_100_S01_R02,VPLC_L3_HIGH_75_100,SER_20260510_VPLC_L3_HIGH_75_100_S01,vPLC_container,VPLC_HOST,365,365,366,,219060,,,vplc_internal,75,100,75,0,0,1,1105956016,3,512,0,ok,
RUN_20260510_VPLC_L3_HIGH_75_100_S01_R02,VPLC_L3_HIGH_75_100,SER_20260510_VPLC_L3_HIGH_75_100_S01,vPLC_container,VPLC_HOST,366,366,367,,219135,,,vplc_internal,75,100,75,0,0,1,208730718,3,512,0,ok,
RUN_20260510_VPLC_L3_HIGH_75_100_S01_R02,VPLC_L3_HIGH_75_100,SER_20260510_VPLC_L3_HIGH_75_100_S01,vPLC_container,VPLC_HOST,367,367,368,,219210,,,vplc_internal,75,100,75,0,0,1,642146317,3,512,0,ok,
RUN_20260510_VPLC_L3_HIGH_75_100_S01_R02,VPLC_L3_HIGH_75_100,SER_20260510_VPLC_L3_HIGH_75_100_S01,vPLC_container,VPLC_HOST,368,368,369,,219285,,,vplc_internal,75,100,75,0,0,1,260820414,3,512,0,ok,
RUN_20260510_VPLC_L3_HIGH_75_100_S01_R02,VPLC_L3_HIGH_75_100,SER_20260510_VPLC_L3_HIGH_75_100_S01,vPLC_container,VPLC_HOST,369,369,370,,219360,,,vplc_internal,75,100,75,0,0,1,1214329712,3,512,0,ok,
RUN_20260510_VPLC_L3_HIGH_75_100_S01_R02,VPLC_L3_HIGH_75_100,SER_20260510_VPLC_L3_HIGH_75_100_S01,vPLC_container,VPLC_HOST,370,370,371,,219435,,,vplc_internal,75,100,75,0,0,1,1357291812,3,512,0,ok,
RUN_20260510_VPLC_L3_HIGH_75_100_S01_R02,VPLC_L3_HIGH_75_100,SER_20260510_VPLC_L3_HIGH_75_100_S01,vPLC_container,VPLC_HOST,371,371,372,,219510,,,vplc_internal,75,100,75,0,0,1,691799770,3,512,0,ok,
RUN_20260510_VPLC_L3_HIGH_75_100_S01_R02,VPLC_L3_HIGH_75_100,SER_20260510_VPLC_L3_HIGH_75_100_S01,vPLC_container,VPLC_HOST,372,372,373,,219585,,,vplc_internal,75,100,75,0,0,1,1367438481,3,512,0,ok,
RUN_20260510_VPLC_L3_HIGH_75_100_S01_R02,VPLC_L3_HIGH_75_100,SER_20260510_VPLC_L3_HIGH_75_100_S01,vPLC_container,VPLC_HOST,373,373,374,,219660,,,vplc_internal,75,100,75,0,0,1,1238817354,3,512,0,ok,
RUN_20260510_VPLC_L3_HIGH_75_100_S01_R02,VPLC_L3_HIGH_75_100,SER_20260510_VPLC_L3_HIGH_75_100_S01,vPLC_container,VPLC_HOST,374,374,375,,219735,,,vplc_internal,75,100,75,0,0,1,308037637,3,512,0,ok,
RUN_20260510_VPLC_L3_HIGH_75_100_S01_R02,VPLC_L3_HIGH_75_100,SER_20260510_VPLC_L3_HIGH_75_100_S01,vPLC_container,VPLC_HOST,375,375,376,,219824,,,vplc_internal,75,100,89,14,0,1,724676033,3,512,0,ok,
RUN_20260510_VPLC_L3_HIGH_75_100_S01_R02,VPLC_L3_HIGH_75_100,SER_20260510_VPLC_L3_HIGH_75_100_S01,vPLC_container,VPLC_HOST,376,376,377,,219885,,,vplc_internal,75,100,61,-14,0,1,343350143,3,512,0,ok,
RUN_20260510_VPLC_L3_HIGH_75_100_S01_R02,VPLC_L3_HIGH_75_100,SER_20260510_VPLC_L3_HIGH_75_100_S01,vPLC_container,VPLC_HOST,377,377,378,,219960,,,vplc_internal,75,100,75,0,0,1,1313636670,3,512,0,ok,
RUN_20260510_VPLC_L3_HIGH_75_100_S01_R02,VPLC_L3_HIGH_75_100,SER_20260510_VPLC_L3_HIGH_75_100_S01,vPLC_container,VPLC_HOST,378,378,379,,220035,,,vplc_internal,75,100,75,0,0,1,1490153215,3,512,0,ok,
RUN_20260510_VPLC_L3_HIGH_75_100_S01_R02,VPLC_L3_HIGH_75_100,SER_20260510_VPLC_L3_HIGH_75_100_S01,vPLC_container,VPLC_HOST,379,379,380,,220110,,,vplc_internal,75,100,75,0,0,1,874992834,3,512,0,ok,
RUN_20260510_VPLC_L3_HIGH_75_100_S01_R02,VPLC_L3_HIGH_75_100,SER_20260510_VPLC_L3_HIGH_75_100_S01,vPLC_container,VPLC_HOST,380,380,381,,220185,,,vplc_internal,75,100,75,0,0,1,1617740422,3,512,0,ok,
RUN_20260510_VPLC_L3_HIGH_75_100_S01_R02,VPLC_L3_HIGH_75_100,SER_20260510_VPLC_L3_HIGH_75_100_S01,vPLC_container,VPLC_HOST,381,381,382,,220260,,,vplc_internal,75,100,75,0,0,1,1573005388,3,512,0,ok,
RUN_20260510_VPLC_L3_HIGH_75_100_S01_R02,VPLC_L3_HIGH_75_100,SER_20260510_VPLC_L3_HIGH_75_100_S01,vPLC_container,VPLC_HOST,382,382,383,,220335,,,vplc_internal,75,100,75,0,0,1,742888980,3,512,0,ok,
RUN_20260510_VPLC_L3_HIGH_75_100_S01_R02,VPLC_L3_HIGH_75_100,SER_20260510_VPLC_L3_HIGH_75_100_S01,vPLC_container,VPLC_HOST,383,383,384,,220410,,,vplc_internal,75,100,75,0,0,1,1276967901,3,512,0,ok,
RUN_20260510_VPLC_L3_HIGH_75_100_S01_R02,VPLC_L3_HIGH_75_100,SER_20260510_VPLC_L3_HIGH_75_100_S01,vPLC_container,VPLC_HOST,384,384,385,,220485,,,vplc_internal,75,100,75,0,0,1,1029859752,3,512,0,ok,
RUN_20260510_VPLC_L3_HIGH_75_100_S01_R02,VPLC_L3_HIGH_75_100,SER_20260510_VPLC_L3_HIGH_75_100_S01,vPLC_container,VPLC_HOST,385,385,386,,220560,,,vplc_internal,75,100,75,0,0,1,3657589,3,512,0,ok,
RUN_20260510_VPLC_L3_HIGH_75_100_S01_R02,VPLC_L3_HIGH_75_100,SER_20260510_VPLC_L3_HIGH_75_100_S01,vPLC_container,VPLC_HOST,386,386,387,,220635,,,vplc_internal,75,100,75,0,0,1,347946307,3,512,0,ok,
RUN_20260510_VPLC_L3_HIGH_75_100_S01_R02,VPLC_L3_HIGH_75_100,SER_20260510_VPLC_L3_HIGH_75_100_S01,vPLC_container,VPLC_HOST,387,387,388,,220710,,,vplc_internal,75,100,75,0,0,1,2064818962,3,512,0,ok,
RUN_20260510_VPLC_L3_HIGH_75_100_S01_R02,VPLC_L3_HIGH_75_100,SER_20260510_VPLC_L3_HIGH_75_100_S01,vPLC_container,VPLC_HOST,388,388,389,,220785,,,vplc_internal,75,100,75,0,0,1,861409508,3,512,0,ok,
RUN_20260510_VPLC_L3_HIGH_75_100_S01_R02,VPLC_L3_HIGH_75_100,SER_20260510_VPLC_L3_HIGH_75_100_S01,vPLC_container,VPLC_HOST,389,389,390,,220860,,,vplc_internal,75,100,75,0,0,1,1034778295,3,512,0,ok,
RUN_20260510_VPLC_L3_HIGH_75_100_S01_R02,VPLC_L3_HIGH_75_100,SER_20260510_VPLC_L3_HIGH_75_100_S01,vPLC_container,VPLC_HOST,390,390,391,,220935,,,vplc_internal,75,100,75,0,0,1,439542924,3,512,0,ok,
RUN_20260510_VPLC_L3_HIGH_75_100_S01_R02,VPLC_L3_HIGH_75_100,SER_20260510_VPLC_L3_HIGH_75_100_S01,vPLC_container,VPLC_HOST,391,391,392,,221010,,,vplc_internal,75,100,75,0,0,1,1225280098,3,512,0,ok,
RUN_20260510_VPLC_L3_HIGH_75_100_S01_R02,VPLC_L3_HIGH_75_100,SER_20260510_VPLC_L3_HIGH_75_100_S01,vPLC_container,VPLC_HOST,392,392,393,,221085,,,vplc_internal,75,100,75,0,0,1,1246607418,3,512,0,ok,
RUN_20260510_VPLC_L3_HIGH_75_100_S01_R02,VPLC_L3_HIGH_75_100,SER_20260510_VPLC_L3_HIGH_75_100_S01,vPLC_container,VPLC_HOST,393,393,394,,221160,,,vplc_internal,75,100,75,0,0,1,505617940,3,512,0,ok,
RUN_20260510_VPLC_L3_HIGH_75_100_S01_R02,VPLC_L3_HIGH_75_100,SER_20260510_VPLC_L3_HIGH_75_100_S01,vPLC_container,VPLC_HOST,394,394,395,,221235,,,vplc_internal,75,100,75,0,0,1,1151896559,3,512,0,ok,
RUN_20260510_VPLC_L3_HIGH_75_100_S01_R02,VPLC_L3_HIGH_75_100,SER_20260510_VPLC_L3_HIGH_75_100_S01,vPLC_container,VPLC_HOST,395,395,396,,221310,,,vplc_internal,75,100,75,0,0,1,1040052684,3,512,0,ok,
RUN_20260510_VPLC_L3_HIGH_75_100_S01_R02,VPLC_L3_HIGH_75_100,SER_20260510_VPLC_L3_HIGH_75_100_S01,vPLC_container,VPLC_HOST,396,396,397,,221385,,,vplc_internal,75,100,75,0,0,1,172187563,3,512,0,ok,
RUN_20260510_VPLC_L3_HIGH_75_100_S01_R02,VPLC_L3_HIGH_75_100,SER_20260510_VPLC_L3_HIGH_75_100_S01,vPLC_container,VPLC_HOST,397,397,398,,221460,,,vplc_internal,75,100,75,0,0,1,697877899,3,512,0,ok,
RUN_20260510_VPLC_L3_HIGH_75_100_S01_R02,VPLC_L3_HIGH_75_100,SER_20260510_VPLC_L3_HIGH_75_100_S01,vPLC_container,VPLC_HOST,398,398,399,,221535,,,vplc_internal,75,100,75,0,0,1,471741293,3,512,0,ok,
RUN_20260510_VPLC_L3_HIGH_75_100_S01_R02,VPLC_L3_HIGH_75_100,SER_20260510_VPLC_L3_HIGH_75_100_S01,vPLC_container,VPLC_HOST,399,399,400,,221610,,,vplc_internal,75,100,75,0,0,0,1643354448,3,512,0,ok,
RUN_20260510_VPLC_L3_HIGH_75_100_S01_R02,VPLC_L3_HIGH_75_100,SER_20260510_VPLC_L3_HIGH_75_100_S01,vPLC_container,VPLC_HOST,400,400,401,,221685,,,vplc_internal,75,100,75,0,0,0,2067334965,3,512,0,ok,
RUN_20260510_VPLC_L3_HIGH_75_100_S01_R02,VPLC_L3_HIGH_75_100,SER_20260510_VPLC_L3_HIGH_75_100_S01,vPLC_container,VPLC_HOST,401,401,402,,221760,,,vplc_internal,75,100,75,0,0,0,1745775900,3,512,0,ok,
RUN_20260510_VPLC_L3_HIGH_75_100_S01_R02,VPLC_L3_HIGH_75_100,SER_20260510_VPLC_L3_HIGH_75_100_S01,vPLC_container,VPLC_HOST,402,402,403,,221835,,,vplc_internal,75,100,75,0,0,0,680778501,3,512,0,ok,
RUN_20260510_VPLC_L3_HIGH_75_100_S01_R02,VPLC_L3_HIGH_75_100,SER_20260510_VPLC_L3_HIGH_75_100_S01,vPLC_container,VPLC_HOST,403,403,404,,221910,,,vplc_internal,75,100,75,0,0,0,1021919471,3,512,0,ok,
RUN_20260510_VPLC_L3_HIGH_75_100_S01_R02,VPLC_L3_HIGH_75_100,SER_20260510_VPLC_L3_HIGH_75_100_S01,vPLC_container,VPLC_HOST,404,404,405,,221985,,,vplc_internal,75,100,75,0,0,0,623816411,3,512,0,ok,
RUN_20260510_VPLC_L3_HIGH_75_100_S01_R02,VPLC_L3_HIGH_75_100,SER_20260510_VPLC_L3_HIGH_75_100_S01,vPLC_container,VPLC_HOST,405,405,406,,222060,,,vplc_internal,75,100,75,0,0,0,1636046024,3,512,0,ok,
RUN_20260510_VPLC_L3_HIGH_75_100_S01_R02,VPLC_L3_HIGH_75_100,SER_20260510_VPLC_L3_HIGH_75_100_S01,vPLC_container,VPLC_HOST,406,406,407,,222135,,,vplc_internal,75,100,75,0,0,0,1913225911,3,512,0,ok,
RUN_20260510_VPLC_L3_HIGH_75_100_S01_R02,VPLC_L3_HIGH_75_100,SER_20260510_VPLC_L3_HIGH_75_100_S01,vPLC_container,VPLC_HOST,407,407,408,,222210,,,vplc_internal,75,100,75,0,0,0,1457449128,3,512,0,ok,
RUN_20260510_VPLC_L3_HIGH_75_100_S01_R02,VPLC_L3_HIGH_75_100,SER_20260510_VPLC_L3_HIGH_75_100_S01,vPLC_container,VPLC_HOST,408,408,409,,222285,,,vplc_internal,75,100,75,0,0,0,270816923,3,512,0,ok,
RUN_20260510_VPLC_L3_HIGH_75_100_S01_R02,VPLC_L3_HIGH_75_100,SER_20260510_VPLC_L3_HIGH_75_100_S01,vPLC_container,VPLC_HOST,409,409,410,,222360,,,vplc_internal,75,100,75,0,0,0,502905999,3,512,0,ok,
RUN_20260510_VPLC_L3_HIGH_75_100_S01_R02,VPLC_L3_HIGH_75_100,SER_20260510_VPLC_L3_HIGH_75_100_S01,vPLC_container,VPLC_HOST,410,410,411,,222435,,,vplc_internal,75,100,75,0,0,0,8333957,3,512,0,ok,
RUN_20260510_VPLC_L3_HIGH_75_100_S01_R02,VPLC_L3_HIGH_75_100,SER_20260510_VPLC_L3_HIGH_75_100_S01,vPLC_container,VPLC_HOST,411,411,412,,222510,,,vplc_internal,75,100,75,0,0,0,936677500,3,512,0,ok,
RUN_20260510_VPLC_L3_HIGH_75_100_S01_R02,VPLC_L3_HIGH_75_100,SER_20260510_VPLC_L3_HIGH_75_100_S01,vPLC_container,VPLC_HOST,412,412,413,,222585,,,vplc_internal,75,100,75,0,0,0,1142554229,3,512,0,ok,
RUN_20260510_VPLC_L3_HIGH_75_100_S01_R02,VPLC_L3_HIGH_75_100,SER_20260510_VPLC_L3_HIGH_75_100_S01,vPLC_container,VPLC_HOST,413,413,414,,222660,,,vplc_internal,75,100,75,0,0,0,628057200,3,512,0,ok,
RUN_20260510_VPLC_L3_HIGH_75_100_S01_R02,VPLC_L3_HIGH_75_100,SER_20260510_VPLC_L3_HIGH_75_100_S01,vPLC_container,VPLC_HOST,414,414,415,,222735,,,vplc_internal,75,100,75,0,0,0,1542771308,3,512,0,ok,
RUN_20260510_VPLC_L3_HIGH_75_100_S01_R02,VPLC_L3_HIGH_75_100,SER_20260510_VPLC_L3_HIGH_75_100_S01,vPLC_container,VPLC_HOST,415,415,416,,222824,,,vplc_internal,75,100,89,14,0,0,1741305962,3,512,0,ok,
RUN_20260510_VPLC_L3_HIGH_75_100_S01_R02,VPLC_L3_HIGH_75_100,SER_20260510_VPLC_L3_HIGH_75_100_S01,vPLC_container,VPLC_HOST,416,416,417,,222885,,,vplc_internal,75,100,61,-14,0,0,1225762410,3,512,0,ok,
RUN_20260510_VPLC_L3_HIGH_75_100_S01_R02,VPLC_L3_HIGH_75_100,SER_20260510_VPLC_L3_HIGH_75_100_S01,vPLC_container,VPLC_HOST,417,417,418,,222960,,,vplc_internal,75,100,75,0,0,0,2145717355,3,512,0,ok,
RUN_20260510_VPLC_L3_HIGH_75_100_S01_R02,VPLC_L3_HIGH_75_100,SER_20260510_VPLC_L3_HIGH_75_100_S01,vPLC_container,VPLC_HOST,418,418,419,,223035,,,vplc_internal,75,100,75,0,0,0,208304751,3,512,0,ok,
RUN_20260510_VPLC_L3_HIGH_75_100_S01_R02,VPLC_L3_HIGH_75_100,SER_20260510_VPLC_L3_HIGH_75_100_S01,vPLC_container,VPLC_HOST,419,419,420,,223110,,,vplc_internal,75,100,75,0,0,0,1858068595,3,512,0,ok,
RUN_20260510_VPLC_L3_HIGH_75_100_S01_R02,VPLC_L3_HIGH_75_100,SER_20260510_VPLC_L3_HIGH_75_100_S01,vPLC_container,VPLC_HOST,420,420,421,,223185,,,vplc_internal,75,100,75,0,0,0,654659194,3,512,0,ok,
RUN_20260510_VPLC_L3_HIGH_75_100_S01_R02,VPLC_L3_HIGH_75_100,SER_20260510_VPLC_L3_HIGH_75_100_S01,vPLC_container,VPLC_HOST,421,421,422,,223260,,,vplc_internal,75,100,75,0,0,0,895136898,3,512,0,ok,
RUN_20260510_VPLC_L3_HIGH_75_100_S01_R02,VPLC_L3_HIGH_75_100,SER_20260510_VPLC_L3_HIGH_75_100_S01,vPLC_container,VPLC_HOST,422,422,423,,223335,,,vplc_internal,75,100,75,0,0,0,434119308,3,512,0,ok,
RUN_20260510_VPLC_L3_HIGH_75_100_S01_R02,VPLC_L3_HIGH_75_100,SER_20260510_VPLC_L3_HIGH_75_100_S01,vPLC_container,VPLC_HOST,423,423,424,,223410,,,vplc_internal,75,100,75,0,0,0,1421183127,3,512,0,ok,
RUN_20260510_VPLC_L3_HIGH_75_100_S01_R02,VPLC_L3_HIGH_75_100,SER_20260510_VPLC_L3_HIGH_75_100_S01,vPLC_container,VPLC_HOST,424,424,425,,223485,,,vplc_internal,75,100,75,0,0,0,1710945956,3,512,0,ok,
RUN_20260510_VPLC_L3_HIGH_75_100_S01_R02,VPLC_L3_HIGH_75_100,SER_20260510_VPLC_L3_HIGH_75_100_S01,vPLC_container,VPLC_HOST,425,425,426,,223560,,,vplc_internal,75,100,75,0,0,0,1305500851,3,512,0,ok,
RUN_20260510_VPLC_L3_HIGH_75_100_S01_R02,VPLC_L3_HIGH_75_100,SER_20260510_VPLC_L3_HIGH_75_100_S01,vPLC_container,VPLC_HOST,426,426,427,,223635,,,vplc_internal,75,100,75,0,0,0,206949060,3,512,0,ok,
RUN_20260510_VPLC_L3_HIGH_75_100_S01_R02,VPLC_L3_HIGH_75_100,SER_20260510_VPLC_L3_HIGH_75_100_S01,vPLC_container,VPLC_HOST,427,427,428,,223710,,,vplc_internal,75,100,75,0,0,0,564867286,3,512,0,ok,
RUN_20260510_VPLC_L3_HIGH_75_100_S01_R02,VPLC_L3_HIGH_75_100,SER_20260510_VPLC_L3_HIGH_75_100_S01,vPLC_container,VPLC_HOST,428,428,429,,223785,,,vplc_internal,75,100,75,0,0,0,233873130,3,512,0,ok,
RUN_20260510_VPLC_L3_HIGH_75_100_S01_R02,VPLC_L3_HIGH_75_100,SER_20260510_VPLC_L3_HIGH_75_100_S01,vPLC_container,VPLC_HOST,429,429,430,,223860,,,vplc_internal,75,100,75,0,0,0,1363543295,3,512,0,ok,
RUN_20260510_VPLC_L3_HIGH_75_100_S01_R02,VPLC_L3_HIGH_75_100,SER_20260510_VPLC_L3_HIGH_75_100_S01,vPLC_container,VPLC_HOST,430,430,431,,223935,,,vplc_internal,75,100,75,0,0,0,1808495382,3,512,0,ok,
RUN_20260510_VPLC_L3_HIGH_75_100_S01_R02,VPLC_L3_HIGH_75_100,SER_20260510_VPLC_L3_HIGH_75_100_S01,vPLC_container,VPLC_HOST,431,431,432,,224010,,,vplc_internal,75,100,75,0,0,0,1570822447,3,512,0,ok,
RUN_20260510_VPLC_L3_HIGH_75_100_S01_R02,VPLC_L3_HIGH_75_100,SER_20260510_VPLC_L3_HIGH_75_100_S01,vPLC_container,VPLC_HOST,432,432,433,,224085,,,vplc_internal,75,100,75,0,0,0,652625738,3,512,0,ok,
RUN_20260510_VPLC_L3_HIGH_75_100_S01_R02,VPLC_L3_HIGH_75_100,SER_20260510_VPLC_L3_HIGH_75_100_S01,vPLC_container,VPLC_HOST,433,433,434,,224160,,,vplc_internal,75,100,75,0,0,0,1203481958,3,512,0,ok,
RUN_20260510_VPLC_L3_HIGH_75_100_S01_R02,VPLC_L3_HIGH_75_100,SER_20260510_VPLC_L3_HIGH_75_100_S01,vPLC_container,VPLC_HOST,434,434,435,,224235,,,vplc_internal,75,100,75,0,0,0,1078008708,3,512,0,ok,
RUN_20260510_VPLC_L3_HIGH_75_100_S01_R02,VPLC_L3_HIGH_75_100,SER_20260510_VPLC_L3_HIGH_75_100_S01,vPLC_container,VPLC_HOST,435,435,436,,224310,,,vplc_internal,75,100,75,0,0,0,278299044,3,512,0,ok,
RUN_20260510_VPLC_L3_HIGH_75_100_S01_R02,VPLC_L3_HIGH_75_100,SER_20260510_VPLC_L3_HIGH_75_100_S01,vPLC_container,VPLC_HOST,436,436,437,,224385,,,vplc_internal,75,100,75,0,0,0,953937861,3,512,0,ok,
RUN_20260510_VPLC_L3_HIGH_75_100_S01_R02,VPLC_L3_HIGH_75_100,SER_20260510_VPLC_L3_HIGH_75_100_S01,vPLC_container,VPLC_HOST,437,437,438,,224460,,,vplc_internal,75,100,75,0,0,0,959534568,3,512,0,ok,
RUN_20260510_VPLC_L3_HIGH_75_100_S01_R02,VPLC_L3_HIGH_75_100,SER_20260510_VPLC_L3_HIGH_75_100_S01,vPLC_container,VPLC_HOST,438,438,439,,224535,,,vplc_internal,75,100,75,0,0,0,297190413,3,512,0,ok,
RUN_20260510_VPLC_L3_HIGH_75_100_S01_R02,VPLC_L3_HIGH_75_100,SER_20260510_VPLC_L3_HIGH_75_100_S01,vPLC_container,VPLC_HOST,439,439,440,,224610,,,vplc_internal,75,100,75,0,0,0,1116482099,3,512,0,ok,
RUN_20260510_VPLC_L3_HIGH_75_100_S01_R02,VPLC_L3_HIGH_75_100,SER_20260510_VPLC_L3_HIGH_75_100_S01,vPLC_container,VPLC_HOST,440,440,441,,224685,,,vplc_internal,75,100,75,0,0,0,1272027227,3,512,0,ok,
RUN_20260510_VPLC_L3_HIGH_75_100_S01_R02,VPLC_L3_HIGH_75_100,SER_20260510_VPLC_L3_HIGH_75_100_S01,vPLC_container,VPLC_HOST,441,441,442,,224760,,,vplc_internal,75,100,75,0,0,0,765918853,3,512,0,ok,
RUN_20260510_VPLC_L3_HIGH_75_100_S01_R02,VPLC_L3_HIGH_75_100,SER_20260510_VPLC_L3_HIGH_75_100_S01,vPLC_container,VPLC_HOST,442,442,443,,224835,,,vplc_internal,75,100,75,0,0,0,1747741872,3,512,0,ok,
RUN_20260510_VPLC_L3_HIGH_75_100_S01_R02,VPLC_L3_HIGH_75_100,SER_20260510_VPLC_L3_HIGH_75_100_S01,vPLC_container,VPLC_HOST,443,443,444,,224910,,,vplc_internal,75,100,75,0,0,0,2072105693,3,512,0,ok,
RUN_20260510_VPLC_L3_HIGH_75_100_S01_R02,VPLC_L3_HIGH_75_100,SER_20260510_VPLC_L3_HIGH_75_100_S01,vPLC_container,VPLC_HOST,444,444,445,,224985,,,vplc_internal,75,100,75,0,0,0,1741111564,3,512,0,ok,
RUN_20260510_VPLC_L3_HIGH_75_100_S01_R02,VPLC_L3_HIGH_75_100,SER_20260510_VPLC_L3_HIGH_75_100_S01,vPLC_container,VPLC_HOST,445,445,446,,225060,,,vplc_internal,75,100,75,0,0,0,756852541,3,512,0,ok,
RUN_20260510_VPLC_L3_HIGH_75_100_S01_R02,VPLC_L3_HIGH_75_100,SER_20260510_VPLC_L3_HIGH_75_100_S01,vPLC_container,VPLC_HOST,446,446,447,,225135,,,vplc_internal,75,100,75,0,0,0,1268913519,3,512,0,ok,
RUN_20260510_VPLC_L3_HIGH_75_100_S01_R02,VPLC_L3_HIGH_75_100,SER_20260510_VPLC_L3_HIGH_75_100_S01,vPLC_container,VPLC_HOST,447,447,448,,225210,,,vplc_internal,75,100,75,0,0,0,1131903907,3,512,0,ok,
RUN_20260510_VPLC_L3_HIGH_75_100_S01_R02,VPLC_L3_HIGH_75_100,SER_20260510_VPLC_L3_HIGH_75_100_S01,vPLC_container,VPLC_HOST,448,448,449,,225285,,,vplc_internal,75,100,75,0,0,0,347924953,3,512,0,ok,
RUN_20260510_VPLC_L3_HIGH_75_100_S01_R02,VPLC_L3_HIGH_75_100,SER_20260510_VPLC_L3_HIGH_75_100_S01,vPLC_container,VPLC_HOST,449,449,450,,225360,,,vplc_internal,75,100,75,0,0,0,1066553360,3,512,0,ok,
RUN_20260510_VPLC_L3_HIGH_75_100_S01_R02,VPLC_L3_HIGH_75_100,SER_20260510_VPLC_L3_HIGH_75_100_S01,vPLC_container,VPLC_HOST,450,450,451,,225435,,,vplc_internal,75,100,75,0,0,0,1142406729,3,512,0,ok,
RUN_20260510_VPLC_L3_HIGH_75_100_S01_R02,VPLC_L3_HIGH_75_100,SER_20260510_VPLC_L3_HIGH_75_100_S01,vPLC_container,VPLC_HOST,451,451,452,,225510,,,vplc_internal,75,100,75,0,0,0,577578116,3,512,0,ok,
RUN_20260510_VPLC_L3_HIGH_75_100_S01_R02,VPLC_L3_HIGH_75_100,SER_20260510_VPLC_L3_HIGH_75_100_S01,vPLC_container,VPLC_HOST,452,452,453,,225585,,,vplc_internal,75,100,75,0,0,0,1521652416,3,512,0,ok,
RUN_20260510_VPLC_L3_HIGH_75_100_S01_R02,VPLC_L3_HIGH_75_100,SER_20260510_VPLC_L3_HIGH_75_100_S01,vPLC_container,VPLC_HOST,453,453,454,,225660,,,vplc_internal,75,100,75,0,0,0,1829239038,3,512,0,ok,
RUN_20260510_VPLC_L3_HIGH_75_100_S01_R02,VPLC_L3_HIGH_75_100,SER_20260510_VPLC_L3_HIGH_75_100_S01,vPLC_container,VPLC_HOST,454,454,455,,225735,,,vplc_internal,75,100,75,0,0,0,1502439230,3,512,0,ok,
RUN_20260510_VPLC_L3_HIGH_75_100_S01_R02,VPLC_L3_HIGH_75_100,SER_20260510_VPLC_L3_HIGH_75_100_S01,vPLC_container,VPLC_HOST,455,455,456,,225824,,,vplc_internal,75,100,89,14,0,0,543346048,3,512,0,ok,
RUN_20260510_VPLC_L3_HIGH_75_100_S01_R02,VPLC_L3_HIGH_75_100,SER_20260510_VPLC_L3_HIGH_75_100_S01,vPLC_container,VPLC_HOST,456,456,457,,225885,,,vplc_internal,75,100,61,-14,0,0,1101544387,3,512,0,ok,
RUN_20260510_VPLC_L3_HIGH_75_100_S01_R02,VPLC_L3_HIGH_75_100,SER_20260510_VPLC_L3_HIGH_75_100_S01,vPLC_container,VPLC_HOST,457,457,458,,225960,,,vplc_internal,75,100,75,0,0,0,1031643656,3,512,0,ok,
RUN_20260510_VPLC_L3_HIGH_75_100_S01_R02,VPLC_L3_HIGH_75_100,SER_20260510_VPLC_L3_HIGH_75_100_S01,vPLC_container,VPLC_HOST,458,458,459,,226035,,,vplc_internal,75,100,75,0,0,0,335745103,3,512,0,ok,
RUN_20260510_VPLC_L3_HIGH_75_100_S01_R02,VPLC_L3_HIGH_75_100,SER_20260510_VPLC_L3_HIGH_75_100_S01,vPLC_container,VPLC_HOST,459,459,460,,226110,,,vplc_internal,75,100,75,0,0,0,1163425431,3,512,0,ok,
RUN_20260510_VPLC_L3_HIGH_75_100_S01_R02,VPLC_L3_HIGH_75_100,SER_20260510_VPLC_L3_HIGH_75_100_S01,vPLC_container,VPLC_HOST,460,460,461,,226185,,,vplc_internal,75,100,75,0,0,0,1369302241,3,512,0,ok,
RUN_20260510_VPLC_L3_HIGH_75_100_S01_R02,VPLC_L3_HIGH_75_100,SER_20260510_VPLC_L3_HIGH_75_100_S01,vPLC_container,VPLC_HOST,461,461,462,,226260,,,vplc_internal,75,100,75,0,0,0,955468589,3,512,0,ok,
RUN_20260510_VPLC_L3_HIGH_75_100_S01_R02,VPLC_L3_HIGH_75_100,SER_20260510_VPLC_L3_HIGH_75_100_S01,vPLC_container,VPLC_HOST,462,462,463,,226335,,,vplc_internal,75,100,75,0,0,0,2071509370,3,512,0,ok,
RUN_20260510_VPLC_L3_HIGH_75_100_S01_R02,VPLC_L3_HIGH_75_100,SER_20260510_VPLC_L3_HIGH_75_100_S01,vPLC_container,VPLC_HOST,463,463,464,,226410,,,vplc_internal,75,100,75,0,0,0,424550346,3,512,0,ok,
RUN_20260510_VPLC_L3_HIGH_75_100_S01_R02,VPLC_L3_HIGH_75_100,SER_20260510_VPLC_L3_HIGH_75_100_S01,vPLC_container,VPLC_HOST,464,464,465,,226485,,,vplc_internal,75,100,75,0,0,0,311660059,3,512,0,ok,
RUN_20260510_VPLC_L3_HIGH_75_100_S01_R02,VPLC_L3_HIGH_75_100,SER_20260510_VPLC_L3_HIGH_75_100_S01,vPLC_container,VPLC_HOST,465,465,466,,226560,,,vplc_internal,75,100,75,0,0,0,1734931565,3,512,0,ok,
RUN_20260510_VPLC_L3_HIGH_75_100_S01_R02,VPLC_L3_HIGH_75_100,SER_20260510_VPLC_L3_HIGH_75_100_S01,vPLC_container,VPLC_HOST,466,466,467,,226635,,,vplc_internal,75,100,75,0,0,0,401498818,3,512,0,ok,
RUN_20260510_VPLC_L3_HIGH_75_100_S01_R02,VPLC_L3_HIGH_75_100,SER_20260510_VPLC_L3_HIGH_75_100_S01,vPLC_container,VPLC_HOST,467,467,468,,226710,,,vplc_internal,75,100,75,0,0,0,608422168,3,512,0,ok,
RUN_20260510_VPLC_L3_HIGH_75_100_S01_R02,VPLC_L3_HIGH_75_100,SER_20260510_VPLC_L3_HIGH_75_100_S01,vPLC_container,VPLC_HOST,468,468,469,,226785,,,vplc_internal,75,100,75,0,0,0,210319216,3,512,0,ok,
RUN_20260510_VPLC_L3_HIGH_75_100_S01_R02,VPLC_L3_HIGH_75_100,SER_20260510_VPLC_L3_HIGH_75_100_S01,vPLC_container,VPLC_HOST,469,469,470,,226860,,,vplc_internal,75,100,75,0,0,0,1356766665,3,512,0,ok,
RUN_20260510_VPLC_L3_HIGH_75_100_S01_R02,VPLC_L3_HIGH_75_100,SER_20260510_VPLC_L3_HIGH_75_100_S01,vPLC_container,VPLC_HOST,470,470,471,,226935,,,vplc_internal,75,100,75,0,0,0,1902382116,3,512,0,ok,
RUN_20260510_VPLC_L3_HIGH_75_100_S01_R02,VPLC_L3_HIGH_75_100,SER_20260510_VPLC_L3_HIGH_75_100_S01,vPLC_container,VPLC_HOST,471,471,472,,227010,,,vplc_internal,75,100,75,0,0,0,1849258625,3,512,0,ok,
RUN_20260510_VPLC_L3_HIGH_75_100_S01_R02,VPLC_L3_HIGH_75_100,SER_20260510_VPLC_L3_HIGH_75_100_S01,vPLC_container,VPLC_HOST,472,472,473,,227085,,,vplc_internal,75,100,75,0,0,0,1199497440,3,512,0,ok,
RUN_20260510_VPLC_L3_HIGH_75_100_S01_R02,VPLC_L3_HIGH_75_100,SER_20260510_VPLC_L3_HIGH_75_100_S01,vPLC_container,VPLC_HOST,473,473,474,,227160,,,vplc_internal,75,100,75,0,0,0,2102675264,3,512,0,ok,
RUN_20260510_VPLC_L3_HIGH_75_100_S01_R02,VPLC_L3_HIGH_75_100,SER_20260510_VPLC_L3_HIGH_75_100_S01,vPLC_container,VPLC_HOST,474,474,475,,227235,,,vplc_internal,75,100,75,0,0,0,265926051,3,512,0,ok,
RUN_20260510_VPLC_L3_HIGH_75_100_S01_R02,VPLC_L3_HIGH_75_100,SER_20260510_VPLC_L3_HIGH_75_100_S01,vPLC_container,VPLC_HOST,475,475,476,,227310,,,vplc_internal,75,100,75,0,0,0,2133793798,3,512,0,ok,
RUN_20260510_VPLC_L3_HIGH_75_100_S01_R02,VPLC_L3_HIGH_75_100,SER_20260510_VPLC_L3_HIGH_75_100_S01,vPLC_container,VPLC_HOST,476,476,477,,227385,,,vplc_internal,75,100,75,0,0,0,1265928812,3,512,0,ok,
RUN_20260510_VPLC_L3_HIGH_75_100_S01_R02,VPLC_L3_HIGH_75_100,SER_20260510_VPLC_L3_HIGH_75_100_S01,vPLC_container,VPLC_HOST,477,477,478,,227460,,,vplc_internal,75,100,75,0,0,0,1959391443,3,512,0,ok,
RUN_20260510_VPLC_L3_HIGH_75_100_S01_R02,VPLC_L3_HIGH_75_100,SER_20260510_VPLC_L3_HIGH_75_100_S01,vPLC_container,VPLC_HOST,478,478,479,,227535,,,vplc_internal,75,100,75,0,0,0,2068799292,3,512,0,ok,
RUN_20260510_VPLC_L3_HIGH_75_100_S01_R02,VPLC_L3_HIGH_75_100,SER_20260510_VPLC_L3_HIGH_75_100_S01,vPLC_container,VPLC_HOST,479,479,480,,227610,,,vplc_internal,75,100,75,0,0,0,1596245415,3,512,0,ok,
RUN_20260510_VPLC_L3_HIGH_75_100_S01_R02,VPLC_L3_HIGH_75_100,SER_20260510_VPLC_L3_HIGH_75_100_S01,vPLC_container,VPLC_HOST,480,480,481,,227685,,,vplc_internal,75,100,75,0,0,0,543831060,3,512,0,ok,
RUN_20260510_VPLC_L3_HIGH_75_100_S01_R02,VPLC_L3_HIGH_75_100,SER_20260510_VPLC_L3_HIGH_75_100_S01,vPLC_container,VPLC_HOST,481,481,482,,227760,,,vplc_internal,75,100,75,0,0,0,1061132930,3,512,0,ok,
RUN_20260510_VPLC_L3_HIGH_75_100_S01_R02,VPLC_L3_HIGH_75_100,SER_20260510_VPLC_L3_HIGH_75_100_S01,vPLC_container,VPLC_HOST,482,482,483,,227835,,,vplc_internal,75,100,75,0,0,0,1002768626,3,512,0,ok,
RUN_20260510_VPLC_L3_HIGH_75_100_S01_R02,VPLC_L3_HIGH_75_100,SER_20260510_VPLC_L3_HIGH_75_100_S01,vPLC_container,VPLC_HOST,483,483,484,,227910,,,vplc_internal,75,100,75,0,0,0,370831204,3,512,0,ok,
RUN_20260510_VPLC_L3_HIGH_75_100_S01_R02,VPLC_L3_HIGH_75_100,SER_20260510_VPLC_L3_HIGH_75_100_S01,vPLC_container,VPLC_HOST,484,484,485,,227985,,,vplc_internal,75,100,75,0,0,0,1314905559,3,512,0,ok,
RUN_20260510_VPLC_L3_HIGH_75_100_S01_R02,VPLC_L3_HIGH_75_100,SER_20260510_VPLC_L3_HIGH_75_100_S01,vPLC_container,VPLC_HOST,485,485,486,,228060,,,vplc_internal,75,100,75,0,0,0,1689601100,3,512,0,ok,
RUN_20260510_VPLC_L3_HIGH_75_100_S01_R02,VPLC_L3_HIGH_75_100,SER_20260510_VPLC_L3_HIGH_75_100_S01,vPLC_container,VPLC_HOST,486,486,487,,228135,,,vplc_internal,75,100,75,0,0,0,1497019075,3,512,0,ok,
RUN_20260510_VPLC_L3_HIGH_75_100_S01_R02,VPLC_L3_HIGH_75_100,SER_20260510_VPLC_L3_HIGH_75_100_S01,vPLC_container,VPLC_HOST,487,487,488,,228210,,,vplc_internal,75,100,75,0,0,0,739252540,3,512,0,ok,
RUN_20260510_VPLC_L3_HIGH_75_100_S01_R02,VPLC_L3_HIGH_75_100,SER_20260510_VPLC_L3_HIGH_75_100_S01,vPLC_container,VPLC_HOST,488,488,489,,228285,,,vplc_internal,75,100,75,0,0,0,1565886390,3,512,0,ok,
RUN_20260510_VPLC_L3_HIGH_75_100_S01_R02,VPLC_L3_HIGH_75_100,SER_20260510_VPLC_L3_HIGH_75_100_S01,vPLC_container,VPLC_HOST,489,489,490,,228360,,,vplc_internal,75,100,75,0,0,0,1831530034,3,512,0,ok,
RUN_20260510_VPLC_L3_HIGH_75_100_S01_R02,VPLC_L3_HIGH_75_100,SER_20260510_VPLC_L3_HIGH_75_100_S01,vPLC_container,VPLC_HOST,490,490,491,,228435,,,vplc_internal,75,100,75,0,0,0,1538284720,3,512,0,ok,
RUN_20260510_VPLC_L3_HIGH_75_100_S01_R02,VPLC_L3_HIGH_75_100,SER_20260510_VPLC_L3_HIGH_75_100_S01,vPLC_container,VPLC_HOST,491,491,492,,228510,,,vplc_internal,75,100,75,0,0,0,688243504,3,512,0,ok,
RUN_20260510_VPLC_L3_HIGH_75_100_S01_R02,VPLC_L3_HIGH_75_100,SER_20260510_VPLC_L3_HIGH_75_100_S01,vPLC_container,VPLC_HOST,492,492,493,,228585,,,vplc_internal,75,100,75,0,0,0,1430991281,3,512,0,ok,
RUN_20260510_VPLC_L3_HIGH_75_100_S01_R02,VPLC_L3_HIGH_75_100,SER_20260510_VPLC_L3_HIGH_75_100_S01,vPLC_container,VPLC_HOST,493,493,494,,228660,,,vplc_internal,75,100,75,0,0,0,1621137460,3,512,0,ok,
RUN_20260510_VPLC_L3_HIGH_75_100_S01_R02,VPLC_L3_HIGH_75_100,SER_20260510_VPLC_L3_HIGH_75_100_S01,vPLC_container,VPLC_HOST,494,494,495,,228735,,,vplc_internal,75,100,75,0,0,0,1260783289,3,512,0,ok,
RUN_20260510_VPLC_L3_HIGH_75_100_S01_R02,VPLC_L3_HIGH_75_100,SER_20260510_VPLC_L3_HIGH_75_100_S01,vPLC_container,VPLC_HOST,495,495,496,,228823,,,vplc_internal,75,100,88,13,0,0,352021824,3,512,0,ok,
RUN_20260510_VPLC_L3_HIGH_75_100_S01_R02,VPLC_L3_HIGH_75_100,SER_20260510_VPLC_L3_HIGH_75_100_S01,vPLC_container,VPLC_HOST,496,496,497,,228885,,,vplc_internal,75,100,62,-13,0,0,1044437960,3,512,0,ok,
RUN_20260510_VPLC_L3_HIGH_75_100_S01_R02,VPLC_L3_HIGH_75_100,SER_20260510_VPLC_L3_HIGH_75_100_S01,vPLC_container,VPLC_HOST,497,497,498,,228960,,,vplc_internal,75,100,75,0,0,0,1192641106,3,512,0,ok,
RUN_20260510_VPLC_L3_HIGH_75_100_S01_R02,VPLC_L3_HIGH_75_100,SER_20260510_VPLC_L3_HIGH_75_100_S01,vPLC_container,VPLC_HOST,498,498,499,,229035,,,vplc_internal,75,100,75,0,0,0,798732510,3,512,0,ok,
RUN_20260510_VPLC_L3_HIGH_75_100_S01_R02,VPLC_L3_HIGH_75_100,SER_20260510_VPLC_L3_HIGH_75_100_S01,vPLC_container,VPLC_HOST,499,499,500,,229110,,,vplc_internal,75,100,75,0,0,1,2012288875,3,512,0,ok,
RUN_20260510_VPLC_L3_HIGH_75_100_S01_R02,VPLC_L3_HIGH_75_100,SER_20260510_VPLC_L3_HIGH_75_100_S01,vPLC_container,VPLC_HOST,500,500,501,,229185,,,vplc_internal,75,100,75,0,0,1,540444155,3,512,0,ok,
RUN_20260510_VPLC_L3_HIGH_75_100_S01_R02,VPLC_L3_HIGH_75_100,SER_20260510_VPLC_L3_HIGH_75_100_S01,vPLC_container,VPLC_HOST,501,501,502,,229260,,,vplc_internal,75,100,75,0,0,1,680258700,3,512,0,ok,
RUN_20260510_VPLC_L3_HIGH_75_100_S01_R02,VPLC_L3_HIGH_75_100,SER_20260510_VPLC_L3_HIGH_75_100_S01,vPLC_container,VPLC_HOST,502,502,503,,229335,,,vplc_internal,75,100,75,0,0,1,286350111,3,512,0,ok,
RUN_20260510_VPLC_L3_HIGH_75_100_S01_R02,VPLC_L3_HIGH_75_100,SER_20260510_VPLC_L3_HIGH_75_100_S01,vPLC_container,VPLC_HOST,503,503,504,,229410,,,vplc_internal,75,100,75,0,0,1,1508295091,3,512,0,ok,
RUN_20260510_VPLC_L3_HIGH_75_100_S01_R02,VPLC_L3_HIGH_75_100,SER_20260510_VPLC_L3_HIGH_75_100_S01,vPLC_container,VPLC_HOST,504,504,505,,229485,,,vplc_internal,75,100,75,0,0,1,53227594,3,512,0,ok,
RUN_20260510_VPLC_L3_HIGH_75_100_S01_R02,VPLC_L3_HIGH_75_100,SER_20260510_VPLC_L3_HIGH_75_100_S01,vPLC_container,VPLC_HOST,505,505,506,,229560,,,vplc_internal,75,100,75,0,0,1,218207970,3,512,0,ok,
RUN_20260510_VPLC_L3_HIGH_75_100_S01_R02,VPLC_L3_HIGH_75_100,SER_20260510_VPLC_L3_HIGH_75_100_S01,vPLC_container,VPLC_HOST,506,506,507,,229635,,,vplc_internal,75,100,75,0,0,1,2005337467,3,512,0,ok,
RUN_20260510_VPLC_L3_HIGH_75_100_S01_R02,VPLC_L3_HIGH_75_100,SER_20260510_VPLC_L3_HIGH_75_100_S01,vPLC_container,VPLC_HOST,507,507,508,,229710,,,vplc_internal,75,100,75,0,0,1,1121741847,3,512,0,ok,
RUN_20260510_VPLC_L3_HIGH_75_100_S01_R02,VPLC_L3_HIGH_75_100,SER_20260510_VPLC_L3_HIGH_75_100_S01,vPLC_container,VPLC_HOST,508,508,509,,229785,,,vplc_internal,75,100,75,0,0,1,1864489652,3,512,0,ok,
RUN_20260510_VPLC_L3_HIGH_75_100_S01_R02,VPLC_L3_HIGH_75_100,SER_20260510_VPLC_L3_HIGH_75_100_S01,vPLC_container,VPLC_HOST,509,509,510,,229860,,,vplc_internal,75,100,75,0,0,1,2088190291,3,512,0,ok,
RUN_20260510_VPLC_L3_HIGH_75_100_S01_R02,VPLC_L3_HIGH_75_100,SER_20260510_VPLC_L3_HIGH_75_100_S01,vPLC_container,VPLC_HOST,510,510,511,,229935,,,vplc_internal,75,100,75,0,0,1,1794945012,3,512,0,ok,
RUN_20260510_VPLC_L3_HIGH_75_100_S01_R02,VPLC_L3_HIGH_75_100,SER_20260510_VPLC_L3_HIGH_75_100_S01,vPLC_container,VPLC_HOST,511,511,512,,230010,,,vplc_internal,75,100,75,0,0,1,986846871,3,512,0,ok,
RUN_20260510_VPLC_L3_HIGH_75_100_S01_R02,VPLC_L3_HIGH_75_100,SER_20260510_VPLC_L3_HIGH_75_100_S01,vPLC_container,VPLC_HOST,512,512,513,,230085,,,vplc_internal,75,100,75,0,0,1,1813480763,3,512,0,ok,
RUN_20260510_VPLC_L3_HIGH_75_100_S01_R02,VPLC_L3_HIGH_75_100,SER_20260510_VPLC_L3_HIGH_75_100_S01,vPLC_container,VPLC_HOST,513,513,514,,230160,,,vplc_internal,75,100,75,0,0,1,2129456097,3,512,0,ok,
RUN_20260510_VPLC_L3_HIGH_75_100_S01_R02,VPLC_L3_HIGH_75_100,SER_20260510_VPLC_L3_HIGH_75_100_S01,vPLC_container,VPLC_HOST,514,514,515,,230235,,,vplc_internal,75,100,75,0,0,1,1936874121,3,512,0,ok,
RUN_20260510_VPLC_L3_HIGH_75_100_S01_R02,VPLC_L3_HIGH_75_100,SER_20260510_VPLC_L3_HIGH_75_100_S01,vPLC_container,VPLC_HOST,515,515,516,,230310,,,vplc_internal,75,100,75,0,0,1,1237827891,3,512,0,ok,
RUN_20260510_VPLC_L3_HIGH_75_100_S01_R02,VPLC_L3_HIGH_75_100,SER_20260510_VPLC_L3_HIGH_75_100_S01,vPLC_container,VPLC_HOST,516,516,517,,230385,,,vplc_internal,75,100,75,0,0,1,34418655,3,512,0,ok,
RUN_20260510_VPLC_L3_HIGH_75_100_S01_R02,VPLC_L3_HIGH_75_100,SER_20260510_VPLC_L3_HIGH_75_100_S01,vPLC_container,VPLC_HOST,517,517,518,,230460,,,vplc_internal,75,100,75,0,0,1,476223116,3,512,0,ok,
RUN_20260510_VPLC_L3_HIGH_75_100_S01_R02,VPLC_L3_HIGH_75_100,SER_20260510_VPLC_L3_HIGH_75_100_S01,vPLC_container,VPLC_HOST,518,518,519,,230535,,,vplc_internal,75,100,75,0,0,1,417858875,3,512,0,ok,
RUN_20260510_VPLC_L3_HIGH_75_100_S01_R02,VPLC_L3_HIGH_75_100,SER_20260510_VPLC_L3_HIGH_75_100_S01,vPLC_container,VPLC_HOST,519,519,520,,230610,,,vplc_internal,75,100,75,0,0,1,2008902635,3,512,0,ok,
RUN_20260510_VPLC_L3_HIGH_75_100_S01_R02,VPLC_L3_HIGH_75_100,SER_20260510_VPLC_L3_HIGH_75_100_S01,vPLC_container,VPLC_HOST,520,520,521,,230685,,,vplc_internal,75,100,75,0,0,1,956488350,3,512,0,ok,
RUN_20260510_VPLC_L3_HIGH_75_100_S01_R02,VPLC_L3_HIGH_75_100,SER_20260510_VPLC_L3_HIGH_75_100_S01,vPLC_container,VPLC_HOST,521,521,522,,230760,,,vplc_internal,75,100,75,0,0,1,1557676370,3,512,0,ok,
RUN_20260510_VPLC_L3_HIGH_75_100_S01_R02,VPLC_L3_HIGH_75_100,SER_20260510_VPLC_L3_HIGH_75_100_S01,vPLC_container,VPLC_HOST,522,522,523,,230835,,,vplc_internal,75,100,75,0,0,1,1667084296,3,512,0,ok,
RUN_20260510_VPLC_L3_HIGH_75_100_S01_R02,VPLC_L3_HIGH_75_100,SER_20260510_VPLC_L3_HIGH_75_100_S01,vPLC_container,VPLC_HOST,523,523,524,,230910,,,vplc_internal,75,100,75,0,0,1,1286805184,3,512,0,ok,
RUN_20260510_VPLC_L3_HIGH_75_100_S01_R02,VPLC_L3_HIGH_75_100,SER_20260510_VPLC_L3_HIGH_75_100_S01,vPLC_container,VPLC_HOST,524,524,525,,230985,,,vplc_internal,75,100,75,0,0,1,418940282,3,512,0,ok,
RUN_20260510_VPLC_L3_HIGH_75_100_S01_R02,VPLC_L3_HIGH_75_100,SER_20260510_VPLC_L3_HIGH_75_100_S01,vPLC_container,VPLC_HOST,525,525,526,,231060,,,vplc_internal,75,100,75,0,0,1,1213066293,3,512,0,ok,
RUN_20260510_VPLC_L3_HIGH_75_100_S01_R02,VPLC_L3_HIGH_75_100,SER_20260510_VPLC_L3_HIGH_75_100_S01,vPLC_container,VPLC_HOST,526,526,527,,231135,,,vplc_internal,75,100,75,0,0,1,1523800818,3,512,0,ok,
RUN_20260510_VPLC_L3_HIGH_75_100_S01_R02,VPLC_L3_HIGH_75_100,SER_20260510_VPLC_L3_HIGH_75_100_S01,vPLC_container,VPLC_HOST,527,527,528,,231210,,,vplc_internal,75,100,75,0,0,1,1353236913,3,512,0,ok,
RUN_20260510_VPLC_L3_HIGH_75_100_S01_R02,VPLC_L3_HIGH_75_100,SER_20260510_VPLC_L3_HIGH_75_100_S01,vPLC_container,VPLC_HOST,528,528,529,,231285,,,vplc_internal,75,100,75,0,0,1,703475826,3,512,0,ok,
RUN_20260510_VPLC_L3_HIGH_75_100_S01_R02,VPLC_L3_HIGH_75_100,SER_20260510_VPLC_L3_HIGH_75_100_S01,vPLC_container,VPLC_HOST,529,529,530,,231360,,,vplc_internal,75,100,75,0,0,1,1724094260,3,512,0,ok,
RUN_20260510_VPLC_L3_HIGH_75_100_S01_R02,VPLC_L3_HIGH_75_100,SER_20260510_VPLC_L3_HIGH_75_100_S01,vPLC_container,VPLC_HOST,530,530,531,,231435,,,vplc_internal,75,100,75,0,0,1,122226169,3,512,0,ok,
RUN_20260510_VPLC_L3_HIGH_75_100_S01_R02,VPLC_L3_HIGH_75_100,SER_20260510_VPLC_L3_HIGH_75_100_S01,vPLC_container,VPLC_HOST,531,531,532,,231510,,,vplc_internal,75,100,75,0,0,1,194931903,3,512,0,ok,
RUN_20260510_VPLC_L3_HIGH_75_100_S01_R02,VPLC_L3_HIGH_75_100,SER_20260510_VPLC_L3_HIGH_75_100_S01,vPLC_container,VPLC_HOST,532,532,533,,231585,,,vplc_internal,75,100,75,0,0,1,1944312710,3,512,0,ok,
RUN_20260510_VPLC_L3_HIGH_75_100_S01_R02,VPLC_L3_HIGH_75_100,SER_20260510_VPLC_L3_HIGH_75_100_S01,vPLC_container,VPLC_HOST,533,533,534,,231660,,,vplc_internal,75,100,75,0,0,1,1077494352,3,512,0,ok,
RUN_20260510_VPLC_L3_HIGH_75_100_S01_R02,VPLC_L3_HIGH_75_100,SER_20260510_VPLC_L3_HIGH_75_100_S01,vPLC_container,VPLC_HOST,534,534,535,,231735,,,vplc_internal,75,100,75,0,0,1,1891545371,3,512,0,ok,
RUN_20260510_VPLC_L3_HIGH_75_100_S01_R02,VPLC_L3_HIGH_75_100,SER_20260510_VPLC_L3_HIGH_75_100_S01,vPLC_container,VPLC_HOST,535,535,536,,231823,,,vplc_internal,75,100,88,13,0,1,93591529,3,512,0,ok,
RUN_20260510_VPLC_L3_HIGH_75_100_S01_R02,VPLC_L3_HIGH_75_100,SER_20260510_VPLC_L3_HIGH_75_100_S01,vPLC_container,VPLC_HOST,536,536,537,,231885,,,vplc_internal,75,100,62,-13,0,1,2128185015,3,512,0,ok,
RUN_20260510_VPLC_L3_HIGH_75_100_S01_R02,VPLC_L3_HIGH_75_100,SER_20260510_VPLC_L3_HIGH_75_100_S01,vPLC_container,VPLC_HOST,537,537,538,,231960,,,vplc_internal,75,100,75,0,0,1,1554967944,3,512,0,ok,
RUN_20260510_VPLC_L3_HIGH_75_100_S01_R02,VPLC_L3_HIGH_75_100,SER_20260510_VPLC_L3_HIGH_75_100_S01,vPLC_container,VPLC_HOST,538,538,539,,232035,,,vplc_internal,75,100,75,0,0,1,523525211,3,512,0,ok,
RUN_20260510_VPLC_L3_HIGH_75_100_S01_R02,VPLC_L3_HIGH_75_100,SER_20260510_VPLC_L3_HIGH_75_100_S01,vPLC_container,VPLC_HOST,539,539,540,,232110,,,vplc_internal,75,100,75,0,0,1,1183433519,3,512,0,ok,
RUN_20260510_VPLC_L3_HIGH_75_100_S01_R02,VPLC_L3_HIGH_75_100,SER_20260510_VPLC_L3_HIGH_75_100_S01,vPLC_container,VPLC_HOST,540,540,541,,232185,,,vplc_internal,75,100,75,0,0,1,1389310469,3,512,0,ok,
RUN_20260510_VPLC_L3_HIGH_75_100_S01_R02,VPLC_L3_HIGH_75_100,SER_20260510_VPLC_L3_HIGH_75_100_S01,vPLC_container,VPLC_HOST,541,541,542,,232260,,,vplc_internal,75,100,75,0,0,1,1143249117,3,512,0,ok,
RUN_20260510_VPLC_L3_HIGH_75_100_S01_R02,VPLC_L3_HIGH_75_100,SER_20260510_VPLC_L3_HIGH_75_100_S01,vPLC_container,VPLC_HOST,542,542,543,,232335,,,vplc_internal,75,100,75,0,0,1,447350711,3,512,0,ok,
RUN_20260510_VPLC_L3_HIGH_75_100_S01_R02,VPLC_L3_HIGH_75_100,SER_20260510_VPLC_L3_HIGH_75_100_S01,vPLC_container,VPLC_HOST,543,543,544,,232410,,,vplc_internal,75,100,75,0,0,1,1451191954,3,512,0,ok,
RUN_20260510_VPLC_L3_HIGH_75_100_S01_R02,VPLC_L3_HIGH_75_100,SER_20260510_VPLC_L3_HIGH_75_100_S01,vPLC_container,VPLC_HOST,544,544,545,,232485,,,vplc_internal,75,100,75,0,0,1,2009390447,3,512,0,ok,
RUN_20260510_VPLC_L3_HIGH_75_100_S01_R02,VPLC_L3_HIGH_75_100,SER_20260510_VPLC_L3_HIGH_75_100_S01,vPLC_container,VPLC_HOST,545,545,546,,232560,,,vplc_internal,75,100,75,0,0,1,2124039246,3,512,0,ok,
RUN_20260510_VPLC_L3_HIGH_75_100_S01_R02,VPLC_L3_HIGH_75_100,SER_20260510_VPLC_L3_HIGH_75_100_S01,vPLC_container,VPLC_HOST,546,546,547,,232635,,,vplc_internal,75,100,75,0,0,1,1797239599,3,512,0,ok,
RUN_20260510_VPLC_L3_HIGH_75_100_S01_R02,VPLC_L3_HIGH_75_100,SER_20260510_VPLC_L3_HIGH_75_100_S01,vPLC_container,VPLC_HOST,547,547,548,,232710,,,vplc_internal,75,100,75,0,0,1,1031084562,3,512,0,ok,
RUN_20260510_VPLC_L3_HIGH_75_100_S01_R02,VPLC_L3_HIGH_75_100,SER_20260510_VPLC_L3_HIGH_75_100_S01,vPLC_container,VPLC_HOST,548,548,549,,232785,,,vplc_internal,75,100,75,0,0,1,1975159030,3,512,0,ok,
RUN_20260510_VPLC_L3_HIGH_75_100_S01_R02,VPLC_L3_HIGH_75_100,SER_20260510_VPLC_L3_HIGH_75_100_S01,vPLC_container,VPLC_HOST,549,549,550,,232860,,,vplc_internal,75,100,75,0,0,1,336588765,3,512,0,ok,
RUN_20260510_VPLC_L3_HIGH_75_100_S01_R02,VPLC_L3_HIGH_75_100,SER_20260510_VPLC_L3_HIGH_75_100_S01,vPLC_container,VPLC_HOST,550,550,551,,232935,,,vplc_internal,75,100,75,0,0,1,412442309,3,512,0,ok,
RUN_20260510_VPLC_L3_HIGH_75_100_S01_R02,VPLC_L3_HIGH_75_100,SER_20260510_VPLC_L3_HIGH_75_100_S01,vPLC_container,VPLC_HOST,551,551,552,,233010,,,vplc_internal,75,100,75,0,0,1,57329071,3,512,0,ok,
RUN_20260510_VPLC_L3_HIGH_75_100_S01_R02,VPLC_L3_HIGH_75_100,SER_20260510_VPLC_L3_HIGH_75_100_S01,vPLC_container,VPLC_HOST,552,552,553,,233085,,,vplc_internal,75,100,75,0,0,1,1420833946,3,512,0,ok,
RUN_20260510_VPLC_L3_HIGH_75_100_S01_R02,VPLC_L3_HIGH_75_100,SER_20260510_VPLC_L3_HIGH_75_100_S01,vPLC_container,VPLC_HOST,553,553,554,,233160,,,vplc_internal,75,100,75,0,0,1,210082696,3,512,0,ok,
RUN_20260510_VPLC_L3_HIGH_75_100_S01_R02,VPLC_L3_HIGH_75_100,SER_20260510_VPLC_L3_HIGH_75_100_S01,vPLC_container,VPLC_HOST,554,554,555,,233235,,,vplc_internal,75,100,75,0,0,1,722143863,3,512,0,ok,
RUN_20260510_VPLC_L3_HIGH_75_100_S01_R02,VPLC_L3_HIGH_75_100,SER_20260510_VPLC_L3_HIGH_75_100_S01,vPLC_container,VPLC_HOST,555,555,556,,233310,,,vplc_internal,75,100,75,0,0,1,811626856,3,512,0,ok,
RUN_20260510_VPLC_L3_HIGH_75_100_S01_R02,VPLC_L3_HIGH_75_100,SER_20260510_VPLC_L3_HIGH_75_100_S01,vPLC_container,VPLC_HOST,556,556,557,,233385,,,vplc_internal,75,100,75,0,0,1,480632923,3,512,0,ok,
RUN_20260510_VPLC_L3_HIGH_75_100_S01_R02,VPLC_L3_HIGH_75_100,SER_20260510_VPLC_L3_HIGH_75_100_S01,vPLC_container,VPLC_HOST,557,557,558,,233460,,,vplc_internal,75,100,75,0,0,1,1878738767,3,512,0,ok,
RUN_20260510_VPLC_L3_HIGH_75_100_S01_R02,VPLC_L3_HIGH_75_100,SER_20260510_VPLC_L3_HIGH_75_100_S01,vPLC_container,VPLC_HOST,558,558,559,,233535,,,vplc_internal,75,100,75,0,0,1,713078342,3,512,0,ok,
RUN_20260510_VPLC_L3_HIGH_75_100_S01_R02,VPLC_L3_HIGH_75_100,SER_20260510_VPLC_L3_HIGH_75_100_S01,vPLC_container,VPLC_HOST,559,559,560,,233610,,,vplc_internal,75,100,75,0,0,1,1280711998,3,512,0,ok,
RUN_20260510_VPLC_L3_HIGH_75_100_S01_R02,VPLC_L3_HIGH_75_100,SER_20260510_VPLC_L3_HIGH_75_100_S01,vPLC_container,VPLC_HOST,560,560,561,,233685,,,vplc_internal,75,100,75,0,0,1,1436257336,3,512,0,ok,
RUN_20260510_VPLC_L3_HIGH_75_100_S01_R02,VPLC_L3_HIGH_75_100,SER_20260510_VPLC_L3_HIGH_75_100_S01,vPLC_container,VPLC_HOST,561,561,562,,233760,,,vplc_internal,75,100,75,0,0,1,1181807412,3,512,0,ok,
RUN_20260510_VPLC_L3_HIGH_75_100_S01_R02,VPLC_L3_HIGH_75_100,SER_20260510_VPLC_L3_HIGH_75_100_S01,vPLC_container,VPLC_HOST,562,562,563,,233835,,,vplc_internal,75,100,75,0,0,1,519463474,3,512,0,ok,
RUN_20260510_VPLC_L3_HIGH_75_100_S01_R02,VPLC_L3_HIGH_75_100,SER_20260510_VPLC_L3_HIGH_75_100_S01,vPLC_container,VPLC_HOST,563,563,564,,233910,,,vplc_internal,75,100,75,0,0,1,1598802225,3,512,0,ok,
RUN_20260510_VPLC_L3_HIGH_75_100_S01_R02,VPLC_L3_HIGH_75_100,SER_20260510_VPLC_L3_HIGH_75_100_S01,vPLC_container,VPLC_HOST,564,564,565,,233985,,,vplc_internal,75,100,75,0,0,1,126957619,3,512,0,ok,
RUN_20260510_VPLC_L3_HIGH_75_100_S01_R02,VPLC_L3_HIGH_75_100,SER_20260510_VPLC_L3_HIGH_75_100_S01,vPLC_container,VPLC_HOST,565,565,566,,234060,,,vplc_internal,75,100,75,0,0,1,400990006,3,512,0,ok,
RUN_20260510_VPLC_L3_HIGH_75_100_S01_R02,VPLC_L3_HIGH_75_100,SER_20260510_VPLC_L3_HIGH_75_100_S01,vPLC_container,VPLC_HOST,566,566,567,,234135,,,vplc_internal,75,100,75,0,0,1,275516987,3,512,0,ok,
RUN_20260510_VPLC_L3_HIGH_75_100_S01_R02,VPLC_L3_HIGH_75_100,SER_20260510_VPLC_L3_HIGH_75_100_S01,vPLC_container,VPLC_HOST,567,567,568,,234210,,,vplc_internal,75,100,75,0,0,1,1900115265,3,512,0,ok,
RUN_20260510_VPLC_L3_HIGH_75_100_S01_R02,VPLC_L3_HIGH_75_100,SER_20260510_VPLC_L3_HIGH_75_100_S01,vPLC_container,VPLC_HOST,568,568,569,,234285,,,vplc_internal,75,100,75,0,0,1,981918794,3,512,0,ok,
RUN_20260510_VPLC_L3_HIGH_75_100_S01_R02,VPLC_L3_HIGH_75_100,SER_20260510_VPLC_L3_HIGH_75_100_S01,vPLC_container,VPLC_HOST,569,569,570,,234360,,,vplc_internal,75,100,75,0,0,1,1817987924,3,512,0,ok,
RUN_20260510_VPLC_L3_HIGH_75_100_S01_R02,VPLC_L3_HIGH_75_100,SER_20260510_VPLC_L3_HIGH_75_100_S01,vPLC_container,VPLC_HOST,570,570,571,,234435,,,vplc_internal,75,100,75,0,0,1,115456609,3,512,0,ok,
RUN_20260510_VPLC_L3_HIGH_75_100_S01_R02,VPLC_L3_HIGH_75_100,SER_20260510_VPLC_L3_HIGH_75_100_S01,vPLC_container,VPLC_HOST,571,571,572,,234510,,,vplc_internal,75,100,75,0,0,1,171385199,3,512,0,ok,
RUN_20260510_VPLC_L3_HIGH_75_100_S01_R02,VPLC_L3_HIGH_75_100,SER_20260510_VPLC_L3_HIGH_75_100_S01,vPLC_container,VPLC_HOST,572,572,573,,234585,,,vplc_internal,75,100,75,0,0,1,1987874942,3,512,0,ok,
RUN_20260510_VPLC_L3_HIGH_75_100_S01_R02,VPLC_L3_HIGH_75_100,SER_20260510_VPLC_L3_HIGH_75_100_S01,vPLC_container,VPLC_HOST,573,573,574,,234660,,,vplc_internal,75,100,75,0,0,1,1272051600,3,512,0,ok,
RUN_20260510_VPLC_L3_HIGH_75_100_S01_R02,VPLC_L3_HIGH_75_100,SER_20260510_VPLC_L3_HIGH_75_100_S01,vPLC_container,VPLC_HOST,574,574,575,,234735,,,vplc_internal,75,100,75,0,0,1,173500068,3,512,0,ok,
RUN_20260510_VPLC_L3_HIGH_75_100_S01_R02,VPLC_L3_HIGH_75_100,SER_20260510_VPLC_L3_HIGH_75_100_S01,vPLC_container,VPLC_HOST,575,575,576,,234823,,,vplc_internal,75,100,88,13,0,1,841797049,3,512,0,ok,
RUN_20260510_VPLC_L3_HIGH_75_100_S01_R02,VPLC_L3_HIGH_75_100,SER_20260510_VPLC_L3_HIGH_75_100_S01,vPLC_container,VPLC_HOST,576,576,577,,234885,,,vplc_internal,75,100,62,-13,0,1,1131560144,3,512,0,ok,
RUN_20260510_VPLC_L3_HIGH_75_100_S01_R02,VPLC_L3_HIGH_75_100,SER_20260510_VPLC_L3_HIGH_75_100_S01,vPLC_container,VPLC_HOST,577,577,578,,234960,,,vplc_internal,75,100,75,0,0,1,1044882409,3,512,0,ok,
RUN_20260510_VPLC_L3_HIGH_75_100_S01_R02,VPLC_L3_HIGH_75_100,SER_20260510_VPLC_L3_HIGH_75_100_S01,vPLC_container,VPLC_HOST,578,578,579,,235035,,,vplc_internal,75,100,75,0,0,1,583865092,3,512,0,ok,
RUN_20260510_VPLC_L3_HIGH_75_100_S01_R02,VPLC_L3_HIGH_75_100,SER_20260510_VPLC_L3_HIGH_75_100_S01,vPLC_container,VPLC_HOST,579,579,580,,235110,,,vplc_internal,75,100,75,0,0,1,1898084896,3,512,0,ok,
RUN_20260510_VPLC_L3_HIGH_75_100_S01_R02,VPLC_L3_HIGH_75_100,SER_20260510_VPLC_L3_HIGH_75_100_S01,vPLC_container,VPLC_HOST,580,580,581,,235185,,,vplc_internal,75,100,75,0,0,1,694675775,3,512,0,ok,
RUN_20260510_VPLC_L3_HIGH_75_100_S01_R02,VPLC_L3_HIGH_75_100,SER_20260510_VPLC_L3_HIGH_75_100_S01,vPLC_container,VPLC_HOST,581,581,582,,235260,,,vplc_internal,75,100,75,0,0,1,1270698079,3,512,0,ok,
RUN_20260510_VPLC_L3_HIGH_75_100_S01_R02,VPLC_L3_HIGH_75_100,SER_20260510_VPLC_L3_HIGH_75_100_S01,vPLC_container,VPLC_HOST,582,582,583,,235335,,,vplc_internal,75,100,75,0,0,1,1480769409,3,512,0,ok,
RUN_20260510_VPLC_L3_HIGH_75_100_S01_R02,VPLC_L3_HIGH_75_100,SER_20260510_VPLC_L3_HIGH_75_100_S01,vPLC_container,VPLC_HOST,583,583,584,,235410,,,vplc_internal,75,100,75,0,0,1,1326982821,3,512,0,ok,
RUN_20260510_VPLC_L3_HIGH_75_100_S01_R02,VPLC_L3_HIGH_75_100,SER_20260510_VPLC_L3_HIGH_75_100_S01,vPLC_container,VPLC_HOST,584,584,585,,235485,,,vplc_internal,75,100,75,0,0,1,811439563,3,512,0,ok,
RUN_20260510_VPLC_L3_HIGH_75_100_S01_R02,VPLC_L3_HIGH_75_100,SER_20260510_VPLC_L3_HIGH_75_100_S01,vPLC_container,VPLC_HOST,585,585,586,,235560,,,vplc_internal,75,100,75,0,0,1,2083716338,3,512,0,ok,
RUN_20260510_VPLC_L3_HIGH_75_100_S01_R02,VPLC_L3_HIGH_75_100,SER_20260510_VPLC_L3_HIGH_75_100_S01,vPLC_container,VPLC_HOST,586,586,587,,235635,,,vplc_internal,75,100,75,0,0,1,850947100,3,512,0,ok,
RUN_20260510_VPLC_L3_HIGH_75_100_S01_R02,VPLC_L3_HIGH_75_100,SER_20260510_VPLC_L3_HIGH_75_100_S01,vPLC_container,VPLC_HOST,587,587,588,,235710,,,vplc_internal,75,100,75,0,0,1,1410192199,3,512,0,ok,
RUN_20260510_VPLC_L3_HIGH_75_100_S01_R02,VPLC_L3_HIGH_75_100,SER_20260510_VPLC_L3_HIGH_75_100_S01,vPLC_container,VPLC_HOST,588,588,589,,235785,,,vplc_internal,75,100,75,0,0,1,1616069236,3,512,0,ok,
RUN_20260510_VPLC_L3_HIGH_75_100_S01_R02,VPLC_L3_HIGH_75_100,SER_20260510_VPLC_L3_HIGH_75_100_S01,vPLC_container,VPLC_HOST,589,589,590,,235860,,,vplc_internal,75,100,75,0,0,1,1470671267,3,512,0,ok,
RUN_20260510_VPLC_L3_HIGH_75_100_S01_R02,VPLC_L3_HIGH_75_100,SER_20260510_VPLC_L3_HIGH_75_100_S01,vPLC_container,VPLC_HOST,590,590,591,,235935,,,vplc_internal,75,100,75,0,0,1,976099540,3,512,0,ok,
RUN_20260510_VPLC_L3_HIGH_75_100_S01_R02,VPLC_L3_HIGH_75_100,SER_20260510_VPLC_L3_HIGH_75_100_S01,vPLC_container,VPLC_HOST,591,591,592,,236010,,,vplc_internal,75,100,75,0,0,1,134447111,3,512,0,ok,
RUN_20260510_VPLC_L3_HIGH_75_100_S01_R02,VPLC_L3_HIGH_75_100,SER_20260510_VPLC_L3_HIGH_75_100_S01,vPLC_container,VPLC_HOST,592,592,593,,236085,,,vplc_internal,75,100,75,0,0,1,1095298875,3,512,0,ok,
RUN_20260510_VPLC_L3_HIGH_75_100_S01_R02,VPLC_L3_HIGH_75_100,SER_20260510_VPLC_L3_HIGH_75_100_S01,vPLC_container,VPLC_HOST,593,593,594,,236160,,,vplc_internal,75,100,75,0,0,1,1713264241,3,512,0,ok,
RUN_20260510_VPLC_L3_HIGH_75_100_S01_R02,VPLC_L3_HIGH_75_100,SER_20260510_VPLC_L3_HIGH_75_100_S01,vPLC_container,VPLC_HOST,594,594,595,,236235,,,vplc_internal,75,100,75,0,0,1,1990444457,3,512,0,ok,
RUN_20260510_VPLC_L3_HIGH_75_100_S01_R02,VPLC_L3_HIGH_75_100,SER_20260510_VPLC_L3_HIGH_75_100_S01,vPLC_container,VPLC_HOST,595,595,596,,236310,,,vplc_internal,75,100,75,0,0,1,1928932579,3,512,0,ok,
RUN_20260510_VPLC_L3_HIGH_75_100_S01_R02,VPLC_L3_HIGH_75_100,SER_20260510_VPLC_L3_HIGH_75_100_S01,vPLC_container,VPLC_HOST,596,596,597,,236385,,,vplc_internal,75,100,75,0,0,1,1530829855,3,512,0,ok,
RUN_20260510_VPLC_L3_HIGH_75_100_S01_R02,VPLC_L3_HIGH_75_100,SER_20260510_VPLC_L3_HIGH_75_100_S01,vPLC_container,VPLC_HOST,597,597,598,,236460,,,vplc_internal,75,100,75,0,0,1,798229341,3,512,0,ok,
RUN_20260510_VPLC_L3_HIGH_75_100_S01_R02,VPLC_L3_HIGH_75_100,SER_20260510_VPLC_L3_HIGH_75_100_S01,vPLC_container,VPLC_HOST,598,598,599,,236535,,,vplc_internal,75,100,75,0,0,1,1880715932,3,512,0,ok,
RUN_20260510_VPLC_L3_HIGH_75_100_S01_R02,VPLC_L3_HIGH_75_100,SER_20260510_VPLC_L3_HIGH_75_100_S01,vPLC_container,VPLC_HOST,599,599,600,,236610,,,vplc_internal,75,100,75,0,0,0,485415390,3,512,0,ok,
RUN_20260510_VPLC_L3_HIGH_75_100_S01_R02,VPLC_L3_HIGH_75_100,SER_20260510_VPLC_L3_HIGH_75_100_S01,vPLC_container,VPLC_HOST,600,600,601,,236685,,,vplc_internal,75,100,75,0,0,0,909396257,3,512,0,ok,
RUN_20260510_VPLC_L3_HIGH_75_100_S01_R02,VPLC_L3_HIGH_75_100,SER_20260510_VPLC_L3_HIGH_75_100_S01,vPLC_container,VPLC_HOST,601,601,602,,236760,,,vplc_internal,75,100,75,0,0,0,1007267942,3,512,0,ok,
RUN_20260510_VPLC_L3_HIGH_75_100_S01_R02,VPLC_L3_HIGH_75_100,SER_20260510_VPLC_L3_HIGH_75_100_S01,vPLC_container,VPLC_HOST,602,602,603,,236835,,,vplc_internal,75,100,75,0,0,0,781131693,3,512,0,ok,
RUN_20260510_VPLC_L3_HIGH_75_100_S01_R02,VPLC_L3_HIGH_75_100,SER_20260510_VPLC_L3_HIGH_75_100_S01,vPLC_container,VPLC_HOST,603,603,604,,236910,,,vplc_internal,75,100,75,0,0,0,233080566,3,512,0,ok,
RUN_20260510_VPLC_L3_HIGH_75_100_S01_R02,VPLC_L3_HIGH_75_100,SER_20260510_VPLC_L3_HIGH_75_100_S01,vPLC_container,VPLC_HOST,604,604,605,,236985,,,vplc_internal,75,100,75,0,0,0,1512699456,3,512,0,ok,
RUN_20260510_VPLC_L3_HIGH_75_100_S01_R02,VPLC_L3_HIGH_75_100,SER_20260510_VPLC_L3_HIGH_75_100_S01,vPLC_container,VPLC_HOST,605,605,606,,237060,,,vplc_internal,75,100,75,0,0,0,327114125,3,512,0,ok,
RUN_20260510_VPLC_L3_HIGH_75_100_S01_R02,VPLC_L3_HIGH_75_100,SER_20260510_VPLC_L3_HIGH_75_100_S01,vPLC_container,VPLC_HOST,606,606,607,,237135,,,vplc_internal,75,100,75,0,0,0,973393115,3,512,0,ok,
RUN_20260510_VPLC_L3_HIGH_75_100_S01_R02,VPLC_L3_HIGH_75_100,SER_20260510_VPLC_L3_HIGH_75_100_S01,vPLC_container,VPLC_HOST,607,607,608,,237210,,,vplc_internal,75,100,75,0,0,0,1306145835,3,512,0,ok,
RUN_20260510_VPLC_L3_HIGH_75_100_S01_R02,VPLC_L3_HIGH_75_100,SER_20260510_VPLC_L3_HIGH_75_100_S01,vPLC_container,VPLC_HOST,608,608,609,,237285,,,vplc_internal,75,100,75,0,0,0,1327473533,3,512,0,ok,
RUN_20260510_VPLC_L3_HIGH_75_100_S01_R02,VPLC_L3_HIGH_75_100,SER_20260510_VPLC_L3_HIGH_75_100_S01,vPLC_container,VPLC_HOST,609,609,610,,237360,,,vplc_internal,75,100,75,0,0,0,1039469265,3,512,0,ok,
RUN_20260510_VPLC_L3_HIGH_75_100_S01_R02,VPLC_L3_HIGH_75_100,SER_20260510_VPLC_L3_HIGH_75_100_S01,vPLC_container,VPLC_HOST,610,610,611,,237435,,,vplc_internal,75,100,75,0,0,0,444234279,3,512,0,ok,
RUN_20260510_VPLC_L3_HIGH_75_100_S01_R02,VPLC_L3_HIGH_75_100,SER_20260510_VPLC_L3_HIGH_75_100_S01,vPLC_container,VPLC_HOST,611,611,612,,237510,,,vplc_internal,75,100,75,0,0,0,1691345278,3,512,0,ok,
RUN_20260510_VPLC_L3_HIGH_75_100_S01_R02,VPLC_L3_HIGH_75_100,SER_20260510_VPLC_L3_HIGH_75_100_S01,vPLC_container,VPLC_HOST,612,612,613,,237585,,,vplc_internal,75,100,75,0,0,0,487936216,3,512,0,ok,
RUN_20260510_VPLC_L3_HIGH_75_100_S01_R02,VPLC_L3_HIGH_75_100,SER_20260510_VPLC_L3_HIGH_75_100_S01,vPLC_container,VPLC_HOST,613,613,614,,237660,,,vplc_internal,75,100,75,0,0,0,1131067443,3,512,0,ok,
RUN_20260510_VPLC_L3_HIGH_75_100_S01_R02,VPLC_L3_HIGH_75_100,SER_20260510_VPLC_L3_HIGH_75_100_S01,vPLC_container,VPLC_HOST,614,614,615,,237735,,,vplc_internal,75,100,75,0,0,0,1475356560,3,512,0,ok,
RUN_20260510_VPLC_L3_HIGH_75_100_S01_R02,VPLC_L3_HIGH_75_100,SER_20260510_VPLC_L3_HIGH_75_100_S01,vPLC_container,VPLC_HOST,615,615,616,,237823,,,vplc_internal,75,100,88,13,0,0,1522896623,3,512,0,ok,
RUN_20260510_VPLC_L3_HIGH_75_100_S01_R02,VPLC_L3_HIGH_75_100,SER_20260510_VPLC_L3_HIGH_75_100_S01,vPLC_container,VPLC_HOST,616,616,617,,237885,,,vplc_internal,75,100,62,-13,0,0,1275788880,3,512,0,ok,
RUN_20260510_VPLC_L3_HIGH_75_100_S01_R02,VPLC_L3_HIGH_75_100,SER_20260510_VPLC_L3_HIGH_75_100_S01,vPLC_container,VPLC_HOST,617,617,618,,237960,,,vplc_internal,75,100,75,0,0,0,736126387,3,512,0,ok,
RUN_20260510_VPLC_L3_HIGH_75_100_S01_R02,VPLC_L3_HIGH_75_100,SER_20260510_VPLC_L3_HIGH_75_100_S01,vPLC_container,VPLC_HOST,618,618,619,,238035,,,vplc_internal,75,100,75,0,0,0,2053494039,3,512,0,ok,
RUN_20260510_VPLC_L3_HIGH_75_100_S01_R02,VPLC_L3_HIGH_75_100,SER_20260510_VPLC_L3_HIGH_75_100_S01,vPLC_container,VPLC_HOST,619,619,620,,238110,,,vplc_internal,75,100,75,0,0,0,935017598,3,512,0,ok,
RUN_20260510_VPLC_L3_HIGH_75_100_S01_R02,VPLC_L3_HIGH_75_100,SER_20260510_VPLC_L3_HIGH_75_100_S01,vPLC_container,VPLC_HOST,620,620,621,,238185,,,vplc_internal,75,100,75,0,0,0,1677765606,3,512,0,ok,
RUN_20260510_VPLC_L3_HIGH_75_100_S01_R02,VPLC_L3_HIGH_75_100,SER_20260510_VPLC_L3_HIGH_75_100_S01,vPLC_container,VPLC_HOST,621,621,622,,238260,,,vplc_internal,75,100,75,0,0,0,2136347472,3,512,0,ok,
RUN_20260510_VPLC_L3_HIGH_75_100_S01_R02,VPLC_L3_HIGH_75_100,SER_20260510_VPLC_L3_HIGH_75_100_S01,vPLC_container,VPLC_HOST,622,622,623,,238335,,,vplc_internal,75,100,75,0,0,0,165380797,3,512,0,ok,
RUN_20260510_VPLC_L3_HIGH_75_100_S01_R02,VPLC_L3_HIGH_75_100,SER_20260510_VPLC_L3_HIGH_75_100_S01,vPLC_container,VPLC_HOST,623,623,624,,238410,,,vplc_internal,75,100,75,0,0,0,61925931,3,512,0,ok,
RUN_20260510_VPLC_L3_HIGH_75_100_S01_R02,VPLC_L3_HIGH_75_100,SER_20260510_VPLC_L3_HIGH_75_100_S01,vPLC_container,VPLC_HOST,624,624,625,,238485,,,vplc_internal,75,100,75,0,0,0,1828084122,3,512,0,ok,
RUN_20260510_VPLC_L3_HIGH_75_100_S01_R02,VPLC_L3_HIGH_75_100,SER_20260510_VPLC_L3_HIGH_75_100_S01,vPLC_container,VPLC_HOST,625,625,626,,238560,,,vplc_internal,75,100,75,0,0,0,1170981132,3,512,0,ok,
RUN_20260510_VPLC_L3_HIGH_75_100_S01_R02,VPLC_L3_HIGH_75_100,SER_20260510_VPLC_L3_HIGH_75_100_S01,vPLC_container,VPLC_HOST,626,626,627,,238635,,,vplc_internal,75,100,75,0,0,0,240201856,3,512,0,ok,
RUN_20260510_VPLC_L3_HIGH_75_100_S01_R02,VPLC_L3_HIGH_75_100,SER_20260510_VPLC_L3_HIGH_75_100_S01,vPLC_container,VPLC_HOST,627,627,628,,238710,,,vplc_internal,75,100,75,0,0,0,1185322997,3,512,0,ok,
RUN_20260510_VPLC_L3_HIGH_75_100_S01_R02,VPLC_L3_HIGH_75_100,SER_20260510_VPLC_L3_HIGH_75_100_S01,vPLC_container,VPLC_HOST,628,628,629,,238785,,,vplc_internal,75,100,75,0,0,0,1860962156,3,512,0,ok,
RUN_20260510_VPLC_L3_HIGH_75_100_S01_R02,VPLC_L3_HIGH_75_100,SER_20260510_VPLC_L3_HIGH_75_100_S01,vPLC_container,VPLC_HOST,629,629,630,,238860,,,vplc_internal,75,100,75,0,0,0,121728742,3,512,0,ok,
RUN_20260510_VPLC_L3_HIGH_75_100_S01_R02,VPLC_L3_HIGH_75_100,SER_20260510_VPLC_L3_HIGH_75_100_S01,vPLC_container,VPLC_HOST,630,630,631,,238935,,,vplc_internal,75,100,75,0,0,0,264691297,3,512,0,ok,
RUN_20260510_VPLC_L3_HIGH_75_100_S01_R02,VPLC_L3_HIGH_75_100,SER_20260510_VPLC_L3_HIGH_75_100_S01,vPLC_container,VPLC_HOST,631,631,632,,239010,,,vplc_internal,75,100,75,0,0,0,144459230,3,512,0,ok,
RUN_20260510_VPLC_L3_HIGH_75_100_S01_R02,VPLC_L3_HIGH_75_100,SER_20260510_VPLC_L3_HIGH_75_100_S01,vPLC_container,VPLC_HOST,632,632,633,,239085,,,vplc_internal,75,100,75,0,0,0,1910617436,3,512,0,ok,
RUN_20260510_VPLC_L3_HIGH_75_100_S01_R02,VPLC_L3_HIGH_75_100,SER_20260510_VPLC_L3_HIGH_75_100_S01,vPLC_container,VPLC_HOST,633,633,634,,239160,,,vplc_internal,75,100,75,0,0,0,1270291677,3,512,0,ok,
RUN_20260510_VPLC_L3_HIGH_75_100_S01_R02,VPLC_L3_HIGH_75_100,SER_20260510_VPLC_L3_HIGH_75_100_S01,vPLC_container,VPLC_HOST,634,634,635,,239235,,,vplc_internal,75,100,75,0,0,0,373066848,3,512,0,ok,
RUN_20260510_VPLC_L3_HIGH_75_100_S01_R02,VPLC_L3_HIGH_75_100,SER_20260510_VPLC_L3_HIGH_75_100_S01,vPLC_container,VPLC_HOST,635,635,636,,239310,,,vplc_internal,75,100,75,0,0,0,1368519652,3,512,0,ok,
RUN_20260510_VPLC_L3_HIGH_75_100_S01_R02,VPLC_L3_HIGH_75_100,SER_20260510_VPLC_L3_HIGH_75_100_S01,vPLC_container,VPLC_HOST,636,636,637,,239385,,,vplc_internal,75,100,75,0,0,0,2111267690,3,512,0,ok,
RUN_20260510_VPLC_L3_HIGH_75_100_S01_R02,VPLC_L3_HIGH_75_100,SER_20260510_VPLC_L3_HIGH_75_100_S01,vPLC_container,VPLC_HOST,637,637,638,,239460,,,vplc_internal,75,100,75,0,0,0,455920371,3,512,0,ok,
RUN_20260510_VPLC_L3_HIGH_75_100_S01_R02,VPLC_L3_HIGH_75_100,SER_20260510_VPLC_L3_HIGH_75_100_S01,vPLC_container,VPLC_HOST,638,638,639,,239535,,,vplc_internal,75,100,75,0,0,0,699546237,3,512,0,ok,
RUN_20260510_VPLC_L3_HIGH_75_100_S01_R02,VPLC_L3_HIGH_75_100,SER_20260510_VPLC_L3_HIGH_75_100_S01,vPLC_container,VPLC_HOST,639,639,640,,239610,,,vplc_internal,75,100,75,0,0,0,696754697,3,512,0,ok,
RUN_20260510_VPLC_L3_HIGH_75_100_S01_R02,VPLC_L3_HIGH_75_100,SER_20260510_VPLC_L3_HIGH_75_100_S01,vPLC_container,VPLC_HOST,640,640,641,,239685,,,vplc_internal,75,100,75,0,0,0,449646999,3,512,0,ok,
RUN_20260510_VPLC_L3_HIGH_75_100_S01_R02,VPLC_L3_HIGH_75_100,SER_20260510_VPLC_L3_HIGH_75_100_S01,vPLC_container,VPLC_HOST,641,641,642,,239760,,,vplc_internal,75,100,75,0,0,0,2107799846,3,512,0,ok,
RUN_20260510_VPLC_L3_HIGH_75_100_S01_R02,VPLC_L3_HIGH_75_100,SER_20260510_VPLC_L3_HIGH_75_100_S01,vPLC_container,VPLC_HOST,642,642,643,,239835,,,vplc_internal,75,100,75,0,0,0,1378347192,3,512,0,ok,
RUN_20260510_VPLC_L3_HIGH_75_100_S01_R02,VPLC_L3_HIGH_75_100,SER_20260510_VPLC_L3_HIGH_75_100_S01,vPLC_container,VPLC_HOST,643,643,644,,239910,,,vplc_internal,75,100,75,0,0,0,410865740,3,512,0,ok,
RUN_20260510_VPLC_L3_HIGH_75_100_S01_R02,VPLC_L3_HIGH_75_100,SER_20260510_VPLC_L3_HIGH_75_100_S01,vPLC_container,VPLC_HOST,644,644,645,,239985,,,vplc_internal,75,100,75,0,0,0,1354940385,3,512,0,ok,
RUN_20260510_VPLC_L3_HIGH_75_100_S01_R02,VPLC_L3_HIGH_75_100,SER_20260510_VPLC_L3_HIGH_75_100_S01,vPLC_container,VPLC_HOST,645,645,646,,240060,,,vplc_internal,75,100,75,0,0,0,2065180536,3,512,0,ok,
RUN_20260510_VPLC_L3_HIGH_75_100_S01_R02,VPLC_L3_HIGH_75_100,SER_20260510_VPLC_L3_HIGH_75_100_S01,vPLC_container,VPLC_HOST,646,646,647,,240135,,,vplc_internal,75,100,75,0,0,0,396203794,3,512,0,ok,
RUN_20260510_VPLC_L3_HIGH_75_100_S01_R02,VPLC_L3_HIGH_75_100,SER_20260510_VPLC_L3_HIGH_75_100_S01,vPLC_container,VPLC_HOST,647,647,648,,240210,,,vplc_internal,75,100,75,0,0,0,645070509,3,512,0,ok,
RUN_20260510_VPLC_L3_HIGH_75_100_S01_R02,VPLC_L3_HIGH_75_100,SER_20260510_VPLC_L3_HIGH_75_100_S01,vPLC_container,VPLC_HOST,648,648,649,,240285,,,vplc_internal,75,100,75,0,0,0,666398282,3,512,0,ok,
RUN_20260510_VPLC_L3_HIGH_75_100_S01_R02,VPLC_L3_HIGH_75_100,SER_20260510_VPLC_L3_HIGH_75_100_S01,vPLC_container,VPLC_HOST,649,649,650,,240360,,,vplc_internal,75,100,75,0,0,0,462280169,3,512,0,ok,
RUN_20260510_VPLC_L3_HIGH_75_100_S01_R02,VPLC_L3_HIGH_75_100,SER_20260510_VPLC_L3_HIGH_75_100_S01,vPLC_container,VPLC_HOST,650,650,651,,240435,,,vplc_internal,75,100,75,0,0,0,34817418,3,512,0,ok,
RUN_20260510_VPLC_L3_HIGH_75_100_S01_R02,VPLC_L3_HIGH_75_100,SER_20260510_VPLC_L3_HIGH_75_100_S01,vPLC_container,VPLC_HOST,651,651,652,,240510,,,vplc_internal,75,100,75,0,0,0,1533586732,3,512,0,ok,
RUN_20260510_VPLC_L3_HIGH_75_100_S01_R02,VPLC_L3_HIGH_75_100,SER_20260510_VPLC_L3_HIGH_75_100_S01,vPLC_container,VPLC_HOST,652,652,653,,240585,,,vplc_internal,75,100,75,0,0,0,665722065,3,512,0,ok,
RUN_20260510_VPLC_L3_HIGH_75_100_S01_R02,VPLC_L3_HIGH_75_100,SER_20260510_VPLC_L3_HIGH_75_100_S01,vPLC_container,VPLC_HOST,653,653,654,,240660,,,vplc_internal,75,100,75,0,0,0,1728283767,3,512,0,ok,
RUN_20260510_VPLC_L3_HIGH_75_100_S01_R02,VPLC_L3_HIGH_75_100,SER_20260510_VPLC_L3_HIGH_75_100_S01,vPLC_container,VPLC_HOST,654,654,655,,240735,,,vplc_internal,75,100,75,0,0,0,428405792,3,512,0,ok,
RUN_20260510_VPLC_L3_HIGH_75_100_S01_R02,VPLC_L3_HIGH_75_100,SER_20260510_VPLC_L3_HIGH_75_100_S01,vPLC_container,VPLC_HOST,655,655,656,,240823,,,vplc_internal,75,100,88,13,0,0,1063148490,3,512,0,ok,
RUN_20260510_VPLC_L3_HIGH_75_100_S01_R02,VPLC_L3_HIGH_75_100,SER_20260510_VPLC_L3_HIGH_75_100_S01,vPLC_container,VPLC_HOST,656,656,657,,240885,,,vplc_internal,75,100,62,-13,0,0,1487129462,3,512,0,ok,
RUN_20260510_VPLC_L3_HIGH_75_100_S01_R02,VPLC_L3_HIGH_75_100,SER_20260510_VPLC_L3_HIGH_75_100_S01,vPLC_container,VPLC_HOST,657,657,658,,240960,,,vplc_internal,75,100,75,0,0,0,1702441764,3,512,0,ok,
RUN_20260510_VPLC_L3_HIGH_75_100_S01_R02,VPLC_L3_HIGH_75_100,SER_20260510_VPLC_L3_HIGH_75_100_S01,vPLC_container,VPLC_HOST,658,658,659,,241035,,,vplc_internal,75,100,75,0,0,0,1711186644,3,512,0,ok,
RUN_20260510_VPLC_L3_HIGH_75_100_S01_R02,VPLC_L3_HIGH_75_100,SER_20260510_VPLC_L3_HIGH_75_100_S01,vPLC_container,VPLC_HOST,659,659,660,,241110,,,vplc_internal,75,100,75,0,0,0,1515457158,3,512,0,ok,
RUN_20260510_VPLC_L3_HIGH_75_100_S01_R02,VPLC_L3_HIGH_75_100,SER_20260510_VPLC_L3_HIGH_75_100_S01,vPLC_container,VPLC_HOST,660,660,661,,241185,,,vplc_internal,75,100,75,0,0,0,1117354554,3,512,0,ok,
RUN_20260510_VPLC_L3_HIGH_75_100_S01_R02,VPLC_L3_HIGH_75_100,SER_20260510_VPLC_L3_HIGH_75_100_S01,vPLC_container,VPLC_HOST,661,661,662,,241260,,,vplc_internal,75,100,75,0,0,0,518971888,3,512,0,ok,
RUN_20260510_VPLC_L3_HIGH_75_100_S01_R02,VPLC_L3_HIGH_75_100,SER_20260510_VPLC_L3_HIGH_75_100_S01,vPLC_container,VPLC_HOST,662,662,663,,241335,,,vplc_internal,75,100,75,0,0,0,1869894055,3,512,0,ok,
RUN_20260510_VPLC_L3_HIGH_75_100_S01_R02,VPLC_L3_HIGH_75_100,SER_20260510_VPLC_L3_HIGH_75_100_S01,vPLC_container,VPLC_HOST,663,663,664,,241410,,,vplc_internal,75,100,75,0,0,0,877246817,3,512,0,ok,
RUN_20260510_VPLC_L3_HIGH_75_100_S01_R02,VPLC_L3_HIGH_75_100,SER_20260510_VPLC_L3_HIGH_75_100_S01,vPLC_container,VPLC_HOST,664,664,665,,241485,,,vplc_internal,75,100,75,0,0,0,1838098716,3,512,0,ok,
RUN_20260510_VPLC_L3_HIGH_75_100_S01_R02,VPLC_L3_HIGH_75_100,SER_20260510_VPLC_L3_HIGH_75_100_S01,vPLC_container,VPLC_HOST,665,665,666,,241560,,,vplc_internal,75,100,75,0,0,0,459575514,3,512,0,ok,
RUN_20260510_VPLC_L3_HIGH_75_100_S01_R02,VPLC_L3_HIGH_75_100,SER_20260510_VPLC_L3_HIGH_75_100_S01,vPLC_container,VPLC_HOST,666,666,667,,241635,,,vplc_internal,75,100,75,0,0,0,1038745753,3,512,0,ok,
RUN_20260510_VPLC_L3_HIGH_75_100_S01_R02,VPLC_L3_HIGH_75_100,SER_20260510_VPLC_L3_HIGH_75_100_S01,vPLC_container,VPLC_HOST,667,667,668,,241710,,,vplc_internal,75,100,75,0,0,0,1430218842,3,512,0,ok,
RUN_20260510_VPLC_L3_HIGH_75_100_S01_R02,VPLC_L3_HIGH_75_100,SER_20260510_VPLC_L3_HIGH_75_100_S01,vPLC_container,VPLC_HOST,668,668,669,,241785,,,vplc_internal,75,100,75,0,0,0,1636096029,3,512,0,ok,
RUN_20260510_VPLC_L3_HIGH_75_100_S01_R02,VPLC_L3_HIGH_75_100,SER_20260510_VPLC_L3_HIGH_75_100_S01,vPLC_container,VPLC_HOST,669,669,670,,241860,,,vplc_internal,75,100,75,0,0,0,1658470370,3,512,0,ok,
RUN_20260510_VPLC_L3_HIGH_75_100_S01_R02,VPLC_L3_HIGH_75_100,SER_20260510_VPLC_L3_HIGH_75_100_S01,vPLC_container,VPLC_HOST,670,670,671,,241935,,,vplc_internal,75,100,75,0,0,0,1499443113,3,512,0,ok,
RUN_20260510_VPLC_L3_HIGH_75_100_S01_R02,VPLC_L3_HIGH_75_100,SER_20260510_VPLC_L3_HIGH_75_100_S01,vPLC_container,VPLC_HOST,671,671,672,,242010,,,vplc_internal,75,100,75,0,0,0,1161107314,3,512,0,ok,
RUN_20260510_VPLC_L3_HIGH_75_100_S01_R02,VPLC_L3_HIGH_75_100,SER_20260510_VPLC_L3_HIGH_75_100_S01,vPLC_container,VPLC_HOST,672,672,673,,242085,,,vplc_internal,75,100,75,0,0,0,645564221,3,512,0,ok,
RUN_20260510_VPLC_L3_HIGH_75_100_S01_R02,VPLC_L3_HIGH_75_100,SER_20260510_VPLC_L3_HIGH_75_100_S01,vPLC_container,VPLC_HOST,673,673,674,,242160,,,vplc_internal,75,100,75,0,0,0,2102390537,3,512,0,ok,
RUN_20260510_VPLC_L3_HIGH_75_100_S01_R02,VPLC_L3_HIGH_75_100,SER_20260510_VPLC_L3_HIGH_75_100_S01,vPLC_container,VPLC_HOST,674,674,675,,242235,,,vplc_internal,75,100,75,0,0,0,1238720216,3,512,0,ok,
RUN_20260510_VPLC_L3_HIGH_75_100_S01_R02,VPLC_L3_HIGH_75_100,SER_20260510_VPLC_L3_HIGH_75_100_S01,vPLC_container,VPLC_HOST,675,675,676,,242310,,,vplc_internal,75,100,75,0,0,0,204129961,3,512,0,ok,
RUN_20260510_VPLC_L3_HIGH_75_100_S01_R02,VPLC_L3_HIGH_75_100,SER_20260510_VPLC_L3_HIGH_75_100_S01,vPLC_container,VPLC_HOST,676,676,677,,242385,,,vplc_internal,75,100,75,0,0,0,1148204667,3,512,0,ok,
RUN_20260510_VPLC_L3_HIGH_75_100_S01_R02,VPLC_L3_HIGH_75_100,SER_20260510_VPLC_L3_HIGH_75_100_S01,vPLC_container,VPLC_HOST,677,677,678,,242460,,,vplc_internal,75,100,75,0,0,0,1925553743,3,512,0,ok,
RUN_20260510_VPLC_L3_HIGH_75_100_S01_R02,VPLC_L3_HIGH_75_100,SER_20260510_VPLC_L3_HIGH_75_100_S01,vPLC_container,VPLC_HOST,678,678,679,,242535,,,vplc_internal,75,100,75,0,0,0,390794790,3,512,0,ok,
RUN_20260510_VPLC_L3_HIGH_75_100_S01_R02,VPLC_L3_HIGH_75_100,SER_20260510_VPLC_L3_HIGH_75_100_S01,vPLC_container,VPLC_HOST,679,679,680,,242610,,,vplc_internal,75,100,75,0,0,0,840988158,3,512,0,ok,
RUN_20260510_VPLC_L3_HIGH_75_100_S01_R02,VPLC_L3_HIGH_75_100,SER_20260510_VPLC_L3_HIGH_75_100_S01,vPLC_container,VPLC_HOST,680,680,681,,242685,,,vplc_internal,75,100,75,0,0,0,1130751448,3,512,0,ok,
RUN_20260510_VPLC_L3_HIGH_75_100_S01_R02,VPLC_L3_HIGH_75_100,SER_20260510_VPLC_L3_HIGH_75_100_S01,vPLC_container,VPLC_HOST,681,681,682,,242760,,,vplc_internal,75,100,75,0,0,0,1262177716,3,512,0,ok,
RUN_20260510_VPLC_L3_HIGH_75_100_S01_R02,VPLC_L3_HIGH_75_100,SER_20260510_VPLC_L3_HIGH_75_100_S01,vPLC_container,VPLC_HOST,682,682,683,,242835,,,vplc_internal,75,100,75,0,0,0,1237368210,3,512,0,ok,
RUN_20260510_VPLC_L3_HIGH_75_100_S01_R02,VPLC_L3_HIGH_75_100,SER_20260510_VPLC_L3_HIGH_75_100_S01,vPLC_container,VPLC_HOST,683,683,684,,242910,,,vplc_internal,75,100,75,0,0,0,1058415986,3,512,0,ok,
RUN_20260510_VPLC_L3_HIGH_75_100_S01_R02,VPLC_L3_HIGH_75_100,SER_20260510_VPLC_L3_HIGH_75_100_S01,vPLC_container,VPLC_HOST,684,684,685,,242985,,,vplc_internal,75,100,75,0,0,0,727422292,3,512,0,ok,
RUN_20260510_VPLC_L3_HIGH_75_100_S01_R02,VPLC_L3_HIGH_75_100,SER_20260510_VPLC_L3_HIGH_75_100_S01,vPLC_container,VPLC_HOST,685,685,686,,243060,,,vplc_internal,75,100,75,0,0,0,246480184,3,512,0,ok,
RUN_20260510_VPLC_L3_HIGH_75_100_S01_R02,VPLC_L3_HIGH_75_100,SER_20260510_VPLC_L3_HIGH_75_100_S01,vPLC_container,VPLC_HOST,686,686,687,,243135,,,vplc_internal,75,100,75,0,0,0,1765174557,3,512,0,ok,
RUN_20260510_VPLC_L3_HIGH_75_100_S01_R02,VPLC_L3_HIGH_75_100,SER_20260510_VPLC_L3_HIGH_75_100_S01,vPLC_container,VPLC_HOST,687,687,688,,243210,,,vplc_internal,75,100,75,0,0,0,990631173,3,512,0,ok,
RUN_20260510_VPLC_L3_HIGH_75_100_S01_R02,VPLC_L3_HIGH_75_100,SER_20260510_VPLC_L3_HIGH_75_100_S01,vPLC_container,VPLC_HOST,688,688,689,,243285,,,vplc_internal,75,100,75,0,0,0,72434927,3,512,0,ok,
RUN_20260510_VPLC_L3_HIGH_75_100_S01_R02,VPLC_L3_HIGH_75_100,SER_20260510_VPLC_L3_HIGH_75_100_S01,vPLC_container,VPLC_HOST,689,689,690,,243360,,,vplc_internal,75,100,75,0,0,0,1160162522,3,512,0,ok,
RUN_20260510_VPLC_L3_HIGH_75_100_S01_R02,VPLC_L3_HIGH_75_100,SER_20260510_VPLC_L3_HIGH_75_100_S01,vPLC_container,VPLC_HOST,690,690,691,,243435,,,vplc_internal,75,100,75,0,0,0,2108431559,3,512,0,ok,
RUN_20260510_VPLC_L3_HIGH_75_100_S01_R02,VPLC_L3_HIGH_75_100,SER_20260510_VPLC_L3_HIGH_75_100_S01,vPLC_container,VPLC_HOST,691,691,692,,243510,,,vplc_internal,75,100,75,0,0,0,771851447,3,512,0,ok,
RUN_20260510_VPLC_L3_HIGH_75_100_S01_R02,VPLC_L3_HIGH_75_100,SER_20260510_VPLC_L3_HIGH_75_100_S01,vPLC_container,VPLC_HOST,692,692,693,,243585,,,vplc_internal,75,100,75,0,0,0,1447490728,3,512,0,ok,
RUN_20260510_VPLC_L3_HIGH_75_100_S01_R02,VPLC_L3_HIGH_75_100,SER_20260510_VPLC_L3_HIGH_75_100_S01,vPLC_container,VPLC_HOST,693,693,694,,243660,,,vplc_internal,75,100,75,0,0,0,1989958811,3,512,0,ok,
RUN_20260510_VPLC_L3_HIGH_75_100_S01_R02,VPLC_L3_HIGH_75_100,SER_20260510_VPLC_L3_HIGH_75_100_S01,vPLC_container,VPLC_HOST,694,694,695,,243735,,,vplc_internal,75,100,75,0,0,0,253873297,3,512,0,ok,
RUN_20260510_VPLC_L3_HIGH_75_100_S01_R02,VPLC_L3_HIGH_75_100,SER_20260510_VPLC_L3_HIGH_75_100_S01,vPLC_container,VPLC_HOST,695,695,696,,243823,,,vplc_internal,75,100,88,13,0,0,536294536,3,512,0,ok,
RUN_20260510_VPLC_L3_HIGH_75_100_S01_R02,VPLC_L3_HIGH_75_100,SER_20260510_VPLC_L3_HIGH_75_100_S01,vPLC_container,VPLC_HOST,696,696,697,,243885,,,vplc_internal,75,100,62,-13,0,0,691840129,3,512,0,ok,
RUN_20260510_VPLC_L3_HIGH_75_100_S01_R02,VPLC_L3_HIGH_75_100,SER_20260510_VPLC_L3_HIGH_75_100_S01,vPLC_container,VPLC_HOST,697,697,698,,243960,,,vplc_internal,75,100,75,0,0,0,722603132,3,512,0,ok,
RUN_20260510_VPLC_L3_HIGH_75_100_S01_R02,VPLC_L3_HIGH_75_100,SER_20260510_VPLC_L3_HIGH_75_100_S01,vPLC_container,VPLC_HOST,698,698,699,,244035,,,vplc_internal,75,100,75,0,0,0,630684793,3,512,0,ok,
RUN_20260510_VPLC_L3_HIGH_75_100_S01_R02,VPLC_L3_HIGH_75_100,SER_20260510_VPLC_L3_HIGH_75_100_S01,vPLC_container,VPLC_HOST,699,699,700,,244110,,,vplc_internal,75,100,75,0,0,1,418178168,3,512,0,ok,
RUN_20260510_VPLC_L3_HIGH_75_100_S01_R02,VPLC_L3_HIGH_75_100,SER_20260510_VPLC_L3_HIGH_75_100_S01,vPLC_container,VPLC_HOST,700,700,701,,244185,,,vplc_internal,75,100,75,0,0,1,87184505,3,512,0,ok,
RUN_20260510_VPLC_L3_HIGH_75_100_S01_R02,VPLC_L3_HIGH_75_100,SER_20260510_VPLC_L3_HIGH_75_100_S01,vPLC_container,VPLC_HOST,701,701,702,,244260,,,vplc_internal,75,100,75,0,0,1,1787280507,3,512,0,ok,
RUN_20260510_VPLC_L3_HIGH_75_100_S01_R02,VPLC_L3_HIGH_75_100,SER_20260510_VPLC_L3_HIGH_75_100_S01,vPLC_container,VPLC_HOST,702,702,703,,244335,,,vplc_internal,75,100,75,0,0,1,1225600128,3,512,0,ok,
RUN_20260510_VPLC_L3_HIGH_75_100_S01_R02,VPLC_L3_HIGH_75_100,SER_20260510_VPLC_L3_HIGH_75_100_S01,vPLC_container,VPLC_HOST,703,703,704,,244410,,,vplc_internal,75,100,75,0,0,1,551720071,3,512,0,ok,
RUN_20260510_VPLC_L3_HIGH_75_100_S01_R02,VPLC_L3_HIGH_75_100,SER_20260510_VPLC_L3_HIGH_75_100_S01,vPLC_container,VPLC_HOST,704,704,705,,244485,,,vplc_internal,75,100,75,0,0,1,1915225231,3,512,0,ok,
RUN_20260510_VPLC_L3_HIGH_75_100_S01_R02,VPLC_L3_HIGH_75_100,SER_20260510_VPLC_L3_HIGH_75_100_S01,vPLC_container,VPLC_HOST,705,705,706,,244560,,,vplc_internal,75,100,75,0,0,1,1023241370,3,512,0,ok,
RUN_20260510_VPLC_L3_HIGH_75_100_S01_R02,VPLC_L3_HIGH_75_100,SER_20260510_VPLC_L3_HIGH_75_100_S01,vPLC_container,VPLC_HOST,706,706,707,,244635,,,vplc_internal,75,100,75,0,0,1,25353383,3,512,0,ok,
RUN_20260510_VPLC_L3_HIGH_75_100_S01_R02,VPLC_L3_HIGH_75_100,SER_20260510_VPLC_L3_HIGH_75_100_S01,vPLC_container,VPLC_HOST,707,707,708,,244710,,,vplc_internal,75,100,75,0,0,1,1071137973,3,512,0,ok,
RUN_20260510_VPLC_L3_HIGH_75_100_S01_R02,VPLC_L3_HIGH_75_100,SER_20260510_VPLC_L3_HIGH_75_100_S01,vPLC_container,VPLC_HOST,708,708,709,,244785,,,vplc_internal,75,100,75,0,0,1,2015212741,3,512,0,ok,
RUN_20260510_VPLC_L3_HIGH_75_100_S01_R02,VPLC_L3_HIGH_75_100,SER_20260510_VPLC_L3_HIGH_75_100_S01,vPLC_container,VPLC_HOST,709,709,710,,244860,,,vplc_internal,75,100,75,0,0,1,712187096,3,512,0,ok,
RUN_20260510_VPLC_L3_HIGH_75_100_S01_R02,VPLC_L3_HIGH_75_100,SER_20260510_VPLC_L3_HIGH_75_100_S01,vPLC_container,VPLC_HOST,710,710,711,,244935,,,vplc_internal,75,100,75,0,0,1,1459129580,3,512,0,ok,
RUN_20260510_VPLC_L3_HIGH_75_100_S01_R02,VPLC_L3_HIGH_75_100,SER_20260510_VPLC_L3_HIGH_75_100_S01,vPLC_container,VPLC_HOST,711,711,712,,245010,,,vplc_internal,75,100,75,0,0,1,2110649602,3,512,0,ok,
RUN_20260510_VPLC_L3_HIGH_75_100_S01_R02,VPLC_L3_HIGH_75_100,SER_20260510_VPLC_L3_HIGH_75_100_S01,vPLC_container,VPLC_HOST,712,712,713,,245085,,,vplc_internal,75,100,75,0,0,1,521364763,3,512,0,ok,
RUN_20260510_VPLC_L3_HIGH_75_100_S01_R02,VPLC_L3_HIGH_75_100,SER_20260510_VPLC_L3_HIGH_75_100_S01,vPLC_container,VPLC_HOST,713,713,714,,245160,,,vplc_internal,75,100,75,0,0,1,988335413,3,512,0,ok,
RUN_20260510_VPLC_L3_HIGH_75_100_S01_R02,VPLC_L3_HIGH_75_100,SER_20260510_VPLC_L3_HIGH_75_100_S01,vPLC_container,VPLC_HOST,714,714,715,,245235,,,vplc_internal,75,100,75,0,0,1,1366179153,3,512,0,ok,
RUN_20260510_VPLC_L3_HIGH_75_100_S01_R02,VPLC_L3_HIGH_75_100,SER_20260510_VPLC_L3_HIGH_75_100_S01,vPLC_container,VPLC_HOST,715,715,716,,245310,,,vplc_internal,75,100,75,0,0,1,1656989039,3,512,0,ok,
RUN_20260510_VPLC_L3_HIGH_75_100_S01_R02,VPLC_L3_HIGH_75_100,SER_20260510_VPLC_L3_HIGH_75_100_S01,vPLC_container,VPLC_HOST,716,716,717,,245385,,,vplc_internal,75,100,75,0,0,1,1862866319,3,512,0,ok,
RUN_20260510_VPLC_L3_HIGH_75_100_S01_R02,VPLC_L3_HIGH_75_100,SER_20260510_VPLC_L3_HIGH_75_100_S01,vPLC_container,VPLC_HOST,717,717,718,,245460,,,vplc_internal,75,100,75,0,0,1,1985904049,3,512,0,ok,
RUN_20260510_VPLC_L3_HIGH_75_100_S01_R02,VPLC_L3_HIGH_75_100,SER_20260510_VPLC_L3_HIGH_75_100_S01,vPLC_container,VPLC_HOST,718,718,719,,245535,,,vplc_internal,75,100,75,0,0,1,2028203477,3,512,0,ok,
RUN_20260510_VPLC_L3_HIGH_75_100_S01_R02,VPLC_L3_HIGH_75_100,SER_20260510_VPLC_L3_HIGH_75_100_S01,vPLC_container,VPLC_HOST,719,719,720,,245610,,,vplc_internal,75,100,75,0,0,1,1991857659,3,512,0,ok,
RUN_20260510_VPLC_L3_HIGH_75_100_S01_R02,VPLC_L3_HIGH_75_100,SER_20260510_VPLC_L3_HIGH_75_100_S01,vPLC_container,VPLC_HOST,720,720,721,,245685,,,vplc_internal,75,100,75,0,0,1,1878967843,3,512,0,ok,
RUN_20260510_VPLC_L3_HIGH_75_100_S01_R02,VPLC_L3_HIGH_75_100,SER_20260510_VPLC_L3_HIGH_75_100_S01,vPLC_container,VPLC_HOST,721,721,722,,245760,,,vplc_internal,75,100,75,0,0,1,1691627085,3,512,0,ok,
RUN_20260510_VPLC_L3_HIGH_75_100_S01_R02,VPLC_L3_HIGH_75_100,SER_20260510_VPLC_L3_HIGH_75_100_S01,vPLC_container,VPLC_HOST,722,722,723,,245835,,,vplc_internal,75,100,75,0,0,1,1431936633,3,512,0,ok,
RUN_20260510_VPLC_L3_HIGH_75_100_S01_R02,VPLC_L3_HIGH_75_100,SER_20260510_VPLC_L3_HIGH_75_100_S01,vPLC_container,VPLC_HOST,723,723,724,,245910,,,vplc_internal,75,100,75,0,0,1,1101989543,3,512,0,ok,
RUN_20260510_VPLC_L3_HIGH_75_100_S01_R02,VPLC_L3_HIGH_75_100,SER_20260510_VPLC_L3_HIGH_75_100_S01,vPLC_container,VPLC_HOST,724,724,725,,245985,,,vplc_internal,75,100,75,0,0,1,703887063,3,512,0,ok,
RUN_20260510_VPLC_L3_HIGH_75_100_S01_R02,VPLC_L3_HIGH_75_100,SER_20260510_VPLC_L3_HIGH_75_100_S01,vPLC_container,VPLC_HOST,725,725,726,,246060,,,vplc_internal,75,100,75,0,0,1,239722249,3,512,0,ok,
RUN_20260510_VPLC_L3_HIGH_75_100_S01_R02,VPLC_L3_HIGH_75_100,SER_20260510_VPLC_L3_HIGH_75_100_S01,vPLC_container,VPLC_HOST,726,726,727,,246135,,,vplc_internal,75,100,75,0,0,1,1859079996,3,512,0,ok,
RUN_20260510_VPLC_L3_HIGH_75_100_S01_R02,VPLC_L3_HIGH_75_100,SER_20260510_VPLC_L3_HIGH_75_100_S01,vPLC_container,VPLC_HOST,727,727,728,,246210,,,vplc_internal,75,100,75,0,0,1,1269086066,3,512,0,ok,
RUN_20260510_VPLC_L3_HIGH_75_100_S01_R02,VPLC_L3_HIGH_75_100,SER_20260510_VPLC_L3_HIGH_75_100_S01,vPLC_container,VPLC_HOST,728,728,729,,246285,,,vplc_internal,75,100,75,0,0,1,619325354,3,512,0,ok,
RUN_20260510_VPLC_L3_HIGH_75_100_S01_R02,VPLC_L3_HIGH_75_100,SER_20260510_VPLC_L3_HIGH_75_100_S01,vPLC_container,VPLC_HOST,729,729,730,,246360,,,vplc_internal,75,100,75,0,0,1,2059374563,3,512,0,ok,
RUN_20260510_VPLC_L3_HIGH_75_100_S01_R02,VPLC_L3_HIGH_75_100,SER_20260510_VPLC_L3_HIGH_75_100_S01,vPLC_container,VPLC_HOST,730,730,731,,246435,,,vplc_internal,75,100,75,0,0,1,1296367647,3,512,0,ok,
RUN_20260510_VPLC_L3_HIGH_75_100_S01_R02,VPLC_L3_HIGH_75_100,SER_20260510_VPLC_L3_HIGH_75_100_S01,vPLC_container,VPLC_HOST,731,731,732,,246510,,,vplc_internal,75,100,75,0,0,1,479881309,3,512,0,ok,
RUN_20260510_VPLC_L3_HIGH_75_100_S01_R02,VPLC_L3_HIGH_75_100,SER_20260510_VPLC_L3_HIGH_75_100_S01,vPLC_container,VPLC_HOST,732,732,733,,246585,,,vplc_internal,75,100,75,0,0,1,1759500444,3,512,0,ok,
RUN_20260510_VPLC_L3_HIGH_75_100_S01_R02,VPLC_L3_HIGH_75_100,SER_20260510_VPLC_L3_HIGH_75_100_S01,vPLC_container,VPLC_HOST,733,733,734,,246660,,,vplc_internal,75,100,75,0,0,1,842350814,3,512,0,ok,
RUN_20260510_VPLC_L3_HIGH_75_100_S01_R02,VPLC_L3_HIGH_75_100,SER_20260510_VPLC_L3_HIGH_75_100_S01,vPLC_container,VPLC_HOST,734,734,735,,246735,,,vplc_internal,75,100,75,0,0,1,2025500961,3,512,0,ok,
RUN_20260510_VPLC_L3_HIGH_75_100_S01_R02,VPLC_L3_HIGH_75_100,SER_20260510_VPLC_L3_HIGH_75_100_S01,vPLC_container,VPLC_HOST,735,735,736,,246823,,,vplc_internal,75,100,88,13,0,1,1016076647,3,512,0,ok,
RUN_20260510_VPLC_L3_HIGH_75_100_S01_R02,VPLC_L3_HIGH_75_100,SER_20260510_VPLC_L3_HIGH_75_100_S01,vPLC_container,VPLC_HOST,736,736,737,,246885,,,vplc_internal,75,100,62,-13,0,1,2111146414,3,512,0,ok,
RUN_20260510_VPLC_L3_HIGH_75_100_S01_R02,VPLC_L3_HIGH_75_100,SER_20260510_VPLC_L3_HIGH_75_100_S01,vPLC_container,VPLC_HOST,737,737,738,,246960,,,vplc_internal,75,100,75,0,0,1,1017836024,3,512,0,ok,
RUN_20260510_VPLC_L3_HIGH_75_100_S01_R02,VPLC_L3_HIGH_75_100,SER_20260510_VPLC_L3_HIGH_75_100_S01,vPLC_container,VPLC_HOST,738,738,739,,247035,,,vplc_internal,75,100,75,0,0,1,2033214019,3,512,0,ok,
RUN_20260510_VPLC_L3_HIGH_75_100_S01_R02,VPLC_L3_HIGH_75_100,SER_20260510_VPLC_L3_HIGH_75_100_S01,vPLC_container,VPLC_HOST,739,739,740,,247110,,,vplc_internal,75,100,75,0,0,1,864406161,3,512,0,ok,
RUN_20260510_VPLC_L3_HIGH_75_100_S01_R02,VPLC_L3_HIGH_75_100,SER_20260510_VPLC_L3_HIGH_75_100_S01,vPLC_container,VPLC_HOST,740,740,741,,247185,,,vplc_internal,75,100,75,0,0,1,1808480992,3,512,0,ok,
RUN_20260510_VPLC_L3_HIGH_75_100_S01_R02,VPLC_L3_HIGH_75_100,SER_20260510_VPLC_L3_HIGH_75_100_S01,vPLC_container,VPLC_HOST,741,741,742,,247260,,,vplc_internal,75,100,75,0,0,1,572564274,3,512,0,ok,
RUN_20260510_VPLC_L3_HIGH_75_100_S01_R02,VPLC_L3_HIGH_75_100,SER_20260510_VPLC_L3_HIGH_75_100_S01,vPLC_container,VPLC_HOST,742,742,743,,247335,,,vplc_internal,75,100,75,0,0,1,1453724549,3,512,0,ok,
RUN_20260510_VPLC_L3_HIGH_75_100_S01_R02,VPLC_L3_HIGH_75_100,SER_20260510_VPLC_L3_HIGH_75_100_S01,vPLC_container,VPLC_HOST,743,743,744,,247410,,,vplc_internal,75,100,75,0,0,1,159087579,3,512,0,ok,
RUN_20260510_VPLC_L3_HIGH_75_100_S01_R02,VPLC_L3_HIGH_75_100,SER_20260510_VPLC_L3_HIGH_75_100_S01,vPLC_container,VPLC_HOST,744,744,745,,247485,,,vplc_internal,75,100,75,0,0,1,985721906,3,512,0,ok,
RUN_20260510_VPLC_L3_HIGH_75_100_S01_R02,VPLC_L3_HIGH_75_100,SER_20260510_VPLC_L3_HIGH_75_100_S01,vPLC_container,VPLC_HOST,745,745,746,,247560,,,vplc_internal,75,100,75,0,0,1,1788236939,3,512,0,ok,
RUN_20260510_VPLC_L3_HIGH_75_100_S01_R02,VPLC_L3_HIGH_75_100,SER_20260510_VPLC_L3_HIGH_75_100_S01,vPLC_container,VPLC_HOST,746,746,747,,247635,,,vplc_internal,75,100,75,0,0,1,421250279,3,512,0,ok,
RUN_20260510_VPLC_L3_HIGH_75_100_S01_R02,VPLC_L3_HIGH_75_100,SER_20260510_VPLC_L3_HIGH_75_100_S01,vPLC_container,VPLC_HOST,747,747,748,,247710,,,vplc_internal,75,100,75,0,0,1,1181822276,3,512,0,ok,
RUN_20260510_VPLC_L3_HIGH_75_100_S01_R02,VPLC_L3_HIGH_75_100,SER_20260510_VPLC_L3_HIGH_75_100_S01,vPLC_container,VPLC_HOST,748,748,749,,247785,,,vplc_internal,75,100,75,0,0,1,1924570531,3,512,0,ok,
RUN_20260510_VPLC_L3_HIGH_75_100_S01_R02,VPLC_L3_HIGH_75_100,SER_20260510_VPLC_L3_HIGH_75_100_S01,vPLC_container,VPLC_HOST,749,749,750,,247860,,,vplc_internal,75,100,75,0,0,1,504104453,3,512,0,ok,
RUN_20260510_VPLC_L3_HIGH_75_100_S01_R02,VPLC_L3_HIGH_75_100,SER_20260510_VPLC_L3_HIGH_75_100_S01,vPLC_container,VPLC_HOST,750,750,751,,247935,,,vplc_internal,75,100,75,0,0,1,1217492584,3,512,0,ok,
RUN_20260510_VPLC_L3_HIGH_75_100_S01_R02,VPLC_L3_HIGH_75_100,SER_20260510_VPLC_L3_HIGH_75_100_S01,vPLC_container,VPLC_HOST,751,751,752,,248010,,,vplc_internal,75,100,75,0,0,1,1919344333,3,512,0,ok,
RUN_20260510_VPLC_L3_HIGH_75_100_S01_R02,VPLC_L3_HIGH_75_100,SER_20260510_VPLC_L3_HIGH_75_100_S01,vPLC_container,VPLC_HOST,752,752,753,,248085,,,vplc_internal,75,100,75,0,0,1,464277301,3,512,0,ok,
RUN_20260510_VPLC_L3_HIGH_75_100_S01_R02,VPLC_L3_HIGH_75_100,SER_20260510_VPLC_L3_HIGH_75_100_S01,vPLC_container,VPLC_HOST,753,753,754,,248160,,,vplc_internal,75,100,75,0,0,1,1149351838,3,512,0,ok,
RUN_20260510_VPLC_L3_HIGH_75_100_S01_R02,VPLC_L3_HIGH_75_100,SER_20260510_VPLC_L3_HIGH_75_100_S01,vPLC_container,VPLC_HOST,754,754,755,,248235,,,vplc_internal,75,100,75,0,0,1,1829185545,3,512,0,ok,
RUN_20260510_VPLC_L3_HIGH_75_100_S01_R02,VPLC_L3_HIGH_75_100,SER_20260510_VPLC_L3_HIGH_75_100_S01,vPLC_container,VPLC_HOST,755,755,756,,248310,,,vplc_internal,75,100,75,0,0,1,358387831,3,512,0,ok,
RUN_20260510_VPLC_L3_HIGH_75_100_S01_R02,VPLC_L3_HIGH_75_100,SER_20260510_VPLC_L3_HIGH_75_100_S01,vPLC_container,VPLC_HOST,756,756,757,,248385,,,vplc_internal,75,100,75,0,0,1,1034027238,3,512,0,ok,
RUN_20260510_VPLC_L3_HIGH_75_100_S01_R02,VPLC_L3_HIGH_75_100,SER_20260510_VPLC_L3_HIGH_75_100_S01,vPLC_container,VPLC_HOST,757,757,758,,248460,,,vplc_internal,75,100,75,0,0,1,1710713175,3,512,0,ok,
RUN_20260510_VPLC_L3_HIGH_75_100_S01_R02,VPLC_L3_HIGH_75_100,SER_20260510_VPLC_L3_HIGH_75_100_S01,vPLC_container,VPLC_HOST,758,758,759,,248535,,,vplc_internal,75,100,75,0,0,1,243063243,3,512,0,ok,
RUN_20260510_VPLC_L3_HIGH_75_100_S01_R02,VPLC_L3_HIGH_75_100,SER_20260510_VPLC_L3_HIGH_75_100_S01,vPLC_container,VPLC_HOST,759,759,760,,248610,,,vplc_internal,75,100,75,0,0,1,928137792,3,512,0,ok,
RUN_20260510_VPLC_L3_HIGH_75_100_S01_R02,VPLC_L3_HIGH_75_100,SER_20260510_VPLC_L3_HIGH_75_100_S01,vPLC_container,VPLC_HOST,760,760,761,,248685,,,vplc_internal,75,100,75,0,0,1,1620554423,3,512,0,ok,
RUN_20260510_VPLC_L3_HIGH_75_100_S01_R02,VPLC_L3_HIGH_75_100,SER_20260510_VPLC_L3_HIGH_75_100_S01,vPLC_container,VPLC_HOST,761,761,762,,248760,,,vplc_internal,75,100,75,0,0,1,174922545,3,512,0,ok,
RUN_20260510_VPLC_L3_HIGH_75_100_S01_R02,VPLC_L3_HIGH_75_100,SER_20260510_VPLC_L3_HIGH_75_100_S01,vPLC_container,VPLC_HOST,762,762,763,,248835,,,vplc_internal,75,100,75,0,0,1,888310700,3,512,0,ok,
RUN_20260510_VPLC_L3_HIGH_75_100_S01_R02,VPLC_L3_HIGH_75_100,SER_20260510_VPLC_L3_HIGH_75_100_S01,vPLC_container,VPLC_HOST,763,763,764,,248910,,,vplc_internal,75,100,75,0,0,1,1615328297,3,512,0,ok,
RUN_20260510_VPLC_L3_HIGH_75_100_S01_R02,VPLC_L3_HIGH_75_100,SER_20260510_VPLC_L3_HIGH_75_100_S01,vPLC_container,VPLC_HOST,764,764,765,,248985,,,vplc_internal,75,100,75,0,0,1,210592937,3,512,0,ok,
RUN_20260510_VPLC_L3_HIGH_75_100_S01_R02,VPLC_L3_HIGH_75_100,SER_20260510_VPLC_L3_HIGH_75_100_S01,vPLC_container,VPLC_HOST,765,765,766,,249060,,,vplc_internal,75,100,75,0,0,1,971164970,3,512,0,ok,
RUN_20260510_VPLC_L3_HIGH_75_100_S01_R02,VPLC_L3_HIGH_75_100,SER_20260510_VPLC_L3_HIGH_75_100_S01,vPLC_container,VPLC_HOST,766,766,767,,249135,,,vplc_internal,75,100,75,0,0,1,1751661997,3,512,0,ok,
RUN_20260510_VPLC_L3_HIGH_75_100_S01_R02,VPLC_L3_HIGH_75_100,SER_20260510_VPLC_L3_HIGH_75_100_S01,vPLC_container,VPLC_HOST,767,767,768,,249210,,,vplc_internal,75,100,75,0,0,1,406693427,3,512,0,ok,
RUN_20260510_VPLC_L3_HIGH_75_100_S01_R02,VPLC_L3_HIGH_75_100,SER_20260510_VPLC_L3_HIGH_75_100_S01,vPLC_container,VPLC_HOST,768,768,769,,249285,,,vplc_internal,75,100,75,0,0,1,1233327802,3,512,0,ok,
RUN_20260510_VPLC_L3_HIGH_75_100_S01_R02,VPLC_L3_HIGH_75_100,SER_20260510_VPLC_L3_HIGH_75_100_S01,vPLC_container,VPLC_HOST,769,769,770,,249360,,,vplc_internal,75,100,75,0,0,1,2086174531,3,512,0,ok,
RUN_20260510_VPLC_L3_HIGH_75_100_S01_R02,VPLC_L3_HIGH_75_100,SER_20260510_VPLC_L3_HIGH_75_100_S01,vPLC_container,VPLC_HOST,770,770,771,,249435,,,vplc_internal,75,100,75,0,0,1,819851215,3,512,0,ok,
RUN_20260510_VPLC_L3_HIGH_75_100_S01_R02,VPLC_L3_HIGH_75_100,SER_20260510_VPLC_L3_HIGH_75_100_S01,vPLC_container,VPLC_HOST,771,771,772,,249510,,,vplc_internal,75,100,75,0,0,1,1731418204,3,512,0,ok,
RUN_20260510_VPLC_L3_HIGH_75_100_S01_R02,VPLC_L3_HIGH_75_100,SER_20260510_VPLC_L3_HIGH_75_100_S01,vPLC_container,VPLC_HOST,772,772,773,,249585,,,vplc_internal,75,100,75,0,0,1,528009452,3,512,0,ok,
RUN_20260510_VPLC_L3_HIGH_75_100_S01_R02,VPLC_L3_HIGH_75_100,SER_20260510_VPLC_L3_HIGH_75_100_S01,vPLC_container,VPLC_HOST,773,773,774,,249660,,,vplc_internal,75,100,75,0,0,1,1506685309,3,512,0,ok,
RUN_20260510_VPLC_L3_HIGH_75_100_S01_R02,VPLC_L3_HIGH_75_100,SER_20260510_VPLC_L3_HIGH_75_100_S01,vPLC_container,VPLC_HOST,774,774,775,,249735,,,vplc_internal,75,100,75,0,0,1,374579729,3,512,0,ok,
RUN_20260510_VPLC_L3_HIGH_75_100_S01_R02,VPLC_L3_HIGH_75_100,SER_20260510_VPLC_L3_HIGH_75_100_S01,vPLC_container,VPLC_HOST,775,775,776,,249822,,,vplc_internal,75,100,87,12,0,1,1428753062,3,512,0,ok,
RUN_20260510_VPLC_L3_HIGH_75_100_S01_R02,VPLC_L3_HIGH_75_100,SER_20260510_VPLC_L3_HIGH_75_100_S01,vPLC_container,VPLC_HOST,776,776,777,,249885,,,vplc_internal,75,100,63,-12,0,1,376339262,3,512,0,ok,
RUN_20260510_VPLC_L3_HIGH_75_100_S01_R02,VPLC_L3_HIGH_75_100,SER_20260510_VPLC_L3_HIGH_75_100_S01,vPLC_container,VPLC_HOST,777,777,778,,249960,,,vplc_internal,75,100,75,0,0,1,1514398679,3,512,0,ok,
RUN_20260510_VPLC_L3_HIGH_75_100_S01_R02,VPLC_L3_HIGH_75_100,SER_20260510_VPLC_L3_HIGH_75_100_S01,vPLC_container,VPLC_HOST,778,778,779,,250035,,,vplc_internal,75,100,75,0,0,1,550065267,3,512,0,ok,
RUN_20260510_VPLC_L3_HIGH_75_100_S01_R02,VPLC_L3_HIGH_75_100,SER_20260510_VPLC_L3_HIGH_75_100_S01,vPLC_container,VPLC_HOST,779,779,780,,250110,,,vplc_internal,75,100,75,0,0,1,1780399376,3,512,0,ok,
RUN_20260510_VPLC_L3_HIGH_75_100_S01_R02,VPLC_L3_HIGH_75_100,SER_20260510_VPLC_L3_HIGH_75_100_S01,vPLC_container,VPLC_HOST,780,780,781,,250185,,,vplc_internal,75,100,75,0,0,1,912534960,3,512,0,ok,
RUN_20260510_VPLC_L3_HIGH_75_100_S01_R02,VPLC_L3_HIGH_75_100,SER_20260510_VPLC_L3_HIGH_75_100_S01,vPLC_container,VPLC_HOST,781,781,782,,250260,,,vplc_internal,75,100,75,0,0,1,96048722,3,512,0,ok,
RUN_20260510_VPLC_L3_HIGH_75_100_S01_R02,VPLC_L3_HIGH_75_100,SER_20260510_VPLC_L3_HIGH_75_100_S01,vPLC_container,VPLC_HOST,782,782,783,,250335,,,vplc_internal,75,100,75,0,0,1,1480525557,3,512,0,ok,
RUN_20260510_VPLC_L3_HIGH_75_100_S01_R02,VPLC_L3_HIGH_75_100,SER_20260510_VPLC_L3_HIGH_75_100_S01,vPLC_container,VPLC_HOST,783,783,784,,250410,,,vplc_internal,75,100,75,0,0,1,773091227,3,512,0,ok,
RUN_20260510_VPLC_L3_HIGH_75_100_S01_R02,VPLC_L3_HIGH_75_100,SER_20260510_VPLC_L3_HIGH_75_100_S01,vPLC_container,VPLC_HOST,784,784,785,,250485,,,vplc_internal,75,100,75,0,0,1,123330627,3,512,0,ok,
RUN_20260510_VPLC_L3_HIGH_75_100_S01_R02,VPLC_L3_HIGH_75_100,SER_20260510_VPLC_L3_HIGH_75_100_S01,vPLC_container,VPLC_HOST,785,785,786,,250560,,,vplc_internal,75,100,75,0,0,1,1680820460,3,512,0,ok,
RUN_20260510_VPLC_L3_HIGH_75_100_S01_R02,VPLC_L3_HIGH_75_100,SER_20260510_VPLC_L3_HIGH_75_100_S01,vPLC_container,VPLC_HOST,786,786,787,,250635,,,vplc_internal,75,100,75,0,0,1,1152694680,3,512,0,ok,
RUN_20260510_VPLC_L3_HIGH_75_100_S01_R02,VPLC_L3_HIGH_75_100,SER_20260510_VPLC_L3_HIGH_75_100_S01,vPLC_container,VPLC_HOST,787,787,788,,250710,,,vplc_internal,75,100,75,0,0,1,688529990,3,512,0,ok,
RUN_20260510_VPLC_L3_HIGH_75_100_S01_R02,VPLC_L3_HIGH_75_100,SER_20260510_VPLC_L3_HIGH_75_100_S01,vPLC_container,VPLC_HOST,788,788,789,,250785,,,vplc_internal,75,100,75,0,0,1,290427638,3,512,0,ok,
RUN_20260510_VPLC_L3_HIGH_75_100_S01_R02,VPLC_L3_HIGH_75_100,SER_20260510_VPLC_L3_HIGH_75_100_S01,vPLC_container,VPLC_HOST,789,789,790,,250860,,,vplc_internal,75,100,75,0,0,1,2107964327,3,512,0,ok,
RUN_20260510_VPLC_L3_HIGH_75_100_S01_R02,VPLC_L3_HIGH_75_100,SER_20260510_VPLC_L3_HIGH_75_100_S01,vPLC_container,VPLC_HOST,790,790,791,,250935,,,vplc_internal,75,100,75,0,0,1,1848274011,3,512,0,ok,
RUN_20260510_VPLC_L3_HIGH_75_100_S01_R02,VPLC_L3_HIGH_75_100,SER_20260510_VPLC_L3_HIGH_75_100_S01,vPLC_container,VPLC_HOST,791,791,792,,251010,,,vplc_internal,75,100,75,0,0,1,1660933393,3,512,0,ok,
RUN_20260510_VPLC_L3_HIGH_75_100_S01_R02,VPLC_L3_HIGH_75_100,SER_20260510_VPLC_L3_HIGH_75_100_S01,vPLC_container,VPLC_HOST,792,792,793,,251085,,,vplc_internal,75,100,75,0,0,1,1548043721,3,512,0,ok,
RUN_20260510_VPLC_L3_HIGH_75_100_S01_R02,VPLC_L3_HIGH_75_100,SER_20260510_VPLC_L3_HIGH_75_100_S01,vPLC_container,VPLC_HOST,793,793,794,,251160,,,vplc_internal,75,100,75,0,0,1,1511698051,3,512,0,ok,
RUN_20260510_VPLC_L3_HIGH_75_100_S01_R02,VPLC_L3_HIGH_75_100,SER_20260510_VPLC_L3_HIGH_75_100_S01,vPLC_container,VPLC_HOST,794,794,795,,251235,,,vplc_internal,75,100,75,0,0,1,1553997631,3,512,0,ok,
RUN_20260510_VPLC_L3_HIGH_75_100_S01_R02,VPLC_L3_HIGH_75_100,SER_20260510_VPLC_L3_HIGH_75_100_S01,vPLC_container,VPLC_HOST,795,795,796,,251310,,,vplc_internal,75,100,75,0,0,1,1677035517,3,512,0,ok,
RUN_20260510_VPLC_L3_HIGH_75_100_S01_R02,VPLC_L3_HIGH_75_100,SER_20260510_VPLC_L3_HIGH_75_100_S01,vPLC_container,VPLC_HOST,796,796,797,,251385,,,vplc_internal,75,100,75,0,0,1,1882912957,3,512,0,ok,
RUN_20260510_VPLC_L3_HIGH_75_100_S01_R02,VPLC_L3_HIGH_75_100,SER_20260510_VPLC_L3_HIGH_75_100_S01,vPLC_container,VPLC_HOST,797,797,798,,251460,,,vplc_internal,75,100,75,0,0,1,26239360,3,512,0,ok,
RUN_20260510_VPLC_L3_HIGH_75_100_S01_R02,VPLC_L3_HIGH_75_100,SER_20260510_VPLC_L3_HIGH_75_100_S01,vPLC_container,VPLC_HOST,798,798,799,,251535,,,vplc_internal,75,100,75,0,0,1,404083268,3,512,0,ok,
RUN_20260510_VPLC_L3_HIGH_75_100_S01_R02,VPLC_L3_HIGH_75_100,SER_20260510_VPLC_L3_HIGH_75_100_S01,vPLC_container,VPLC_HOST,799,799,800,,251610,,,vplc_internal,75,100,75,0,0,0,871054090,3,512,0,ok,
RUN_20260510_VPLC_L3_HIGH_75_100_S01_R02,VPLC_L3_HIGH_75_100,SER_20260510_VPLC_L3_HIGH_75_100_S01,vPLC_container,VPLC_HOST,800,800,801,,251685,,,vplc_internal,75,100,75,0,0,0,1429253074,3,512,0,ok,
RUN_20260510_VPLC_L3_HIGH_75_100_S01_R02,VPLC_L3_HIGH_75_100,SER_20260510_VPLC_L3_HIGH_75_100_S01,vPLC_container,VPLC_HOST,801,801,802,,251760,,,vplc_internal,75,100,75,0,0,0,2080773276,3,512,0,ok,
RUN_20260510_VPLC_L3_HIGH_75_100_S01_R02,VPLC_L3_HIGH_75_100,SER_20260510_VPLC_L3_HIGH_75_100_S01,vPLC_container,VPLC_HOST,802,802,803,,251835,,,vplc_internal,75,100,75,0,0,0,680232297,3,512,0,ok,
RUN_20260510_VPLC_L3_HIGH_75_100_S01_R02,VPLC_L3_HIGH_75_100,SER_20260510_VPLC_L3_HIGH_75_100_S01,vPLC_container,VPLC_HOST,803,803,804,,251910,,,vplc_internal,75,100,75,0,0,0,1524690487,3,512,0,ok,
RUN_20260510_VPLC_L3_HIGH_75_100_S01_R02,VPLC_L3_HIGH_75_100,SER_20260510_VPLC_L3_HIGH_75_100_S01,vPLC_container,VPLC_HOST,804,804,805,,251985,,,vplc_internal,75,100,75,0,0,0,321281800,3,512,0,ok,
RUN_20260510_VPLC_L3_HIGH_75_100_S01_R02,VPLC_L3_HIGH_75_100,SER_20260510_VPLC_L3_HIGH_75_100_S01,vPLC_container,VPLC_HOST,805,805,806,,252060,,,vplc_internal,75,100,75,0,0,0,1367066586,3,512,0,ok,
RUN_20260510_VPLC_L3_HIGH_75_100_S01_R02,VPLC_L3_HIGH_75_100,SER_20260510_VPLC_L3_HIGH_75_100_S01,vPLC_container,VPLC_HOST,806,806,807,,252135,,,vplc_internal,75,100,75,0,0,0,369178799,3,512,0,ok,
RUN_20260510_VPLC_L3_HIGH_75_100_S01_R02,VPLC_L3_HIGH_75_100,SER_20260510_VPLC_L3_HIGH_75_100_S01,vPLC_container,VPLC_HOST,807,807,808,,252210,,,vplc_internal,75,100,75,0,0,0,1624678789,3,512,0,ok,
RUN_20260510_VPLC_L3_HIGH_75_100_S01_R02,VPLC_L3_HIGH_75_100,SER_20260510_VPLC_L3_HIGH_75_100_S01,vPLC_container,VPLC_HOST,808,808,809,,252285,,,vplc_internal,75,100,75,0,0,0,840700510,3,512,0,ok,
RUN_20260510_VPLC_L3_HIGH_75_100_S01_R02,VPLC_L3_HIGH_75_100,SER_20260510_VPLC_L3_HIGH_75_100_S01,vPLC_container,VPLC_HOST,809,809,810,,252360,,,vplc_internal,75,100,75,0,0,0,166820665,3,512,0,ok,
RUN_20260510_VPLC_L3_HIGH_75_100_S01_R02,VPLC_L3_HIGH_75_100,SER_20260510_VPLC_L3_HIGH_75_100_S01,vPLC_container,VPLC_HOST,810,810,811,,252435,,,vplc_internal,75,100,75,0,0,0,1752624149,3,512,0,ok,
RUN_20260510_VPLC_L3_HIGH_75_100_S01_R02,VPLC_L3_HIGH_75_100,SER_20260510_VPLC_L3_HIGH_75_100_S01,vPLC_container,VPLC_HOST,811,811,812,,252510,,,vplc_internal,75,100,75,0,0,0,1305236724,3,512,0,ok,
RUN_20260510_VPLC_L3_HIGH_75_100_S01_R02,VPLC_L3_HIGH_75_100,SER_20260510_VPLC_L3_HIGH_75_100_S01,vPLC_container,VPLC_HOST,812,812,813,,252585,,,vplc_internal,75,100,75,0,0,0,974243285,3,512,0,ok,
RUN_20260510_VPLC_L3_HIGH_75_100_S01_R02,VPLC_L3_HIGH_75_100,SER_20260510_VPLC_L3_HIGH_75_100_S01,vPLC_container,VPLC_HOST,813,813,814,,252660,,,vplc_internal,75,100,75,0,0,0,761736888,3,512,0,ok,
RUN_20260510_VPLC_L3_HIGH_75_100_S01_R02,VPLC_L3_HIGH_75_100,SER_20260510_VPLC_L3_HIGH_75_100_S01,vPLC_container,VPLC_HOST,814,814,815,,252735,,,vplc_internal,75,100,75,0,0,0,669818781,3,512,0,ok,
RUN_20260510_VPLC_L3_HIGH_75_100_S01_R02,VPLC_L3_HIGH_75_100,SER_20260510_VPLC_L3_HIGH_75_100_S01,vPLC_container,VPLC_HOST,815,815,816,,252822,,,vplc_internal,75,100,87,12,0,0,700582020,3,512,0,ok,
RUN_20260510_VPLC_L3_HIGH_75_100_S01_R02,VPLC_L3_HIGH_75_100,SER_20260510_VPLC_L3_HIGH_75_100_S01,vPLC_container,VPLC_HOST,816,816,817,,252885,,,vplc_internal,75,100,63,-12,0,0,856127853,3,512,0,ok,
RUN_20260510_VPLC_L3_HIGH_75_100_S01_R02,VPLC_L3_HIGH_75_100,SER_20260510_VPLC_L3_HIGH_75_100_S01,vPLC_container,VPLC_HOST,817,817,818,,252960,,,vplc_internal,75,100,75,0,0,0,1138549336,3,512,0,ok,
RUN_20260510_VPLC_L3_HIGH_75_100_S01_R02,VPLC_L3_HIGH_75_100,SER_20260510_VPLC_L3_HIGH_75_100_S01,vPLC_container,VPLC_HOST,818,818,819,,253035,,,vplc_internal,75,100,75,0,0,0,1549947717,3,512,0,ok,
RUN_20260510_VPLC_L3_HIGH_75_100_S01_R02,VPLC_L3_HIGH_75_100,SER_20260510_VPLC_L3_HIGH_75_100_S01,vPLC_container,VPLC_HOST,819,819,820,,253110,,,vplc_internal,75,100,75,0,0,0,2092416052,3,512,0,ok,
RUN_20260510_VPLC_L3_HIGH_75_100_S01_R02,VPLC_L3_HIGH_75_100,SER_20260510_VPLC_L3_HIGH_75_100_S01,vPLC_container,VPLC_HOST,820,820,821,,253185,,,vplc_internal,75,100,75,0,0,0,620571942,3,512,0,ok,
RUN_20260510_VPLC_L3_HIGH_75_100_S01_R02,VPLC_L3_HIGH_75_100,SER_20260510_VPLC_L3_HIGH_75_100_S01,vPLC_container,VPLC_HOST,821,821,822,,253260,,,vplc_internal,75,100,75,0,0,0,1431475737,3,512,0,ok,
RUN_20260510_VPLC_L3_HIGH_75_100_S01_R02,VPLC_L3_HIGH_75_100,SER_20260510_VPLC_L3_HIGH_75_100_S01,vPLC_container,VPLC_HOST,822,822,823,,253335,,,vplc_internal,75,100,75,0,0,0,232261391,3,512,0,ok,
RUN_20260510_VPLC_L3_HIGH_75_100_S01_R02,VPLC_L3_HIGH_75_100,SER_20260510_VPLC_L3_HIGH_75_100_S01,vPLC_container,VPLC_HOST,823,823,824,,253410,,,vplc_internal,75,100,75,0,0,0,1319989254,3,512,0,ok,
RUN_20260510_VPLC_L3_HIGH_75_100_S01_R02,VPLC_L3_HIGH_75_100,SER_20260510_VPLC_L3_HIGH_75_100_S01,vPLC_container,VPLC_HOST,824,824,825,,253485,,,vplc_internal,75,100,75,0,0,0,401793280,3,512,0,ok,
RUN_20260510_VPLC_L3_HIGH_75_100_S01_R02,VPLC_L3_HIGH_75_100,SER_20260510_VPLC_L3_HIGH_75_100_S01,vPLC_container,VPLC_HOST,825,825,826,,253560,,,vplc_internal,75,100,75,0,0,0,1774733819,3,512,0,ok,
RUN_20260510_VPLC_L3_HIGH_75_100_S01_R02,VPLC_L3_HIGH_75_100,SER_20260510_VPLC_L3_HIGH_75_100_S01,vPLC_container,VPLC_HOST,826,826,827,,253635,,,vplc_internal,75,100,75,0,0,0,1145944825,3,512,0,ok,
RUN_20260510_VPLC_L3_HIGH_75_100_S01_R02,VPLC_L3_HIGH_75_100,SER_20260510_VPLC_L3_HIGH_75_100_S01,vPLC_container,VPLC_HOST,827,827,828,,253710,,,vplc_internal,75,100,75,0,0,0,665003001,3,512,0,ok,
RUN_20260510_VPLC_L3_HIGH_75_100_S01_R02,VPLC_L3_HIGH_75_100,SER_20260510_VPLC_L3_HIGH_75_100_S01,vPLC_container,VPLC_HOST,828,828,829,,253785,,,vplc_internal,75,100,75,0,0,0,334009595,3,512,0,ok,
RUN_20260510_VPLC_L3_HIGH_75_100_S01_R02,VPLC_L3_HIGH_75_100,SER_20260510_VPLC_L3_HIGH_75_100_S01,vPLC_container,VPLC_HOST,829,829,830,,253860,,,vplc_internal,75,100,75,0,0,0,155057663,3,512,0,ok,
RUN_20260510_VPLC_L3_HIGH_75_100_S01_R02,VPLC_L3_HIGH_75_100,SER_20260510_VPLC_L3_HIGH_75_100_S01,vPLC_container,VPLC_HOST,830,830,831,,253935,,,vplc_internal,75,100,75,0,0,0,130248453,3,512,0,ok,
RUN_20260510_VPLC_L3_HIGH_75_100_S01_R02,VPLC_L3_HIGH_75_100,SER_20260510_VPLC_L3_HIGH_75_100_S01,vPLC_container,VPLC_HOST,831,831,832,,254010,,,vplc_internal,75,100,75,0,0,0,261675021,3,512,0,ok,
RUN_20260510_VPLC_L3_HIGH_75_100_S01_R02,VPLC_L3_HIGH_75_100,SER_20260510_VPLC_L3_HIGH_75_100_S01,vPLC_container,VPLC_HOST,832,832,833,,254085,,,vplc_internal,75,100,75,0,0,0,551438615,3,512,0,ok,
RUN_20260510_VPLC_L3_HIGH_75_100_S01_R02,VPLC_L3_HIGH_75_100,SER_20260510_VPLC_L3_HIGH_75_100_S01,vPLC_container,VPLC_HOST,833,833,834,,254160,,,vplc_internal,75,100,75,0,0,0,1001632291,3,512,0,ok,
RUN_20260510_VPLC_L3_HIGH_75_100_S01_R02,VPLC_L3_HIGH_75_100,SER_20260510_VPLC_L3_HIGH_75_100_S01,vPLC_container,VPLC_HOST,834,834,835,,254235,,,vplc_internal,75,100,75,0,0,0,1614357297,3,512,0,ok,
RUN_20260510_VPLC_L3_HIGH_75_100_S01_R02,VPLC_L3_HIGH_75_100,SER_20260510_VPLC_L3_HIGH_75_100_S01,vPLC_container,VPLC_HOST,835,835,836,,254310,,,vplc_internal,75,100,75,0,0,0,244223042,3,512,0,ok,
RUN_20260510_VPLC_L3_HIGH_75_100_S01_R02,VPLC_L3_HIGH_75_100,SER_20260510_VPLC_L3_HIGH_75_100_S01,vPLC_container,VPLC_HOST,836,836,837,,254385,,,vplc_internal,75,100,75,0,0,0,1188298068,3,512,0,ok,
RUN_20260510_VPLC_L3_HIGH_75_100_S01_R02,VPLC_L3_HIGH_75_100,SER_20260510_VPLC_L3_HIGH_75_100_S01,vPLC_container,VPLC_HOST,837,837,838,,254460,,,vplc_internal,75,100,75,0,0,0,153708137,3,512,0,ok,
RUN_20260510_VPLC_L3_HIGH_75_100_S01_R02,VPLC_L3_HIGH_75_100,SER_20260510_VPLC_L3_HIGH_75_100_S01,vPLC_container,VPLC_HOST,838,838,839,,254535,,,vplc_internal,75,100,75,0,0,0,1437521791,3,512,0,ok,
RUN_20260510_VPLC_L3_HIGH_75_100_S01_R02,VPLC_L3_HIGH_75_100,SER_20260510_VPLC_L3_HIGH_75_100_S01,vPLC_container,VPLC_HOST,839,839,840,,254610,,,vplc_internal,75,100,75,0,0,0,746864792,3,512,0,ok,
RUN_20260510_VPLC_L3_HIGH_75_100_S01_R02,VPLC_L3_HIGH_75_100,SER_20260510_VPLC_L3_HIGH_75_100_S01,vPLC_container,VPLC_HOST,840,840,841,,254685,,,vplc_internal,75,100,75,0,0,0,231322035,3,512,0,ok,
RUN_20260510_VPLC_L3_HIGH_75_100_S01_R02,VPLC_L3_HIGH_75_100,SER_20260510_VPLC_L3_HIGH_75_100_S01,vPLC_container,VPLC_HOST,841,841,842,,254760,,,vplc_internal,75,100,75,0,0,0,2040470223,3,512,0,ok,
RUN_20260510_VPLC_L3_HIGH_75_100_S01_R02,VPLC_L3_HIGH_75_100,SER_20260510_VPLC_L3_HIGH_75_100_S01,vPLC_container,VPLC_HOST,842,842,843,,254835,,,vplc_internal,75,100,75,0,0,0,1881443310,3,512,0,ok,
RUN_20260510_VPLC_L3_HIGH_75_100_S01_R02,VPLC_L3_HIGH_75_100,SER_20260510_VPLC_L3_HIGH_75_100_S01,vPLC_container,VPLC_HOST,843,843,844,,254910,,,vplc_internal,75,100,75,0,0,0,1903817999,3,512,0,ok,
RUN_20260510_VPLC_L3_HIGH_75_100_S01_R02,VPLC_L3_HIGH_75_100,SER_20260510_VPLC_L3_HIGH_75_100_S01,vPLC_container,VPLC_HOST,844,844,845,,254985,,,vplc_internal,75,100,75,0,0,0,2109695538,3,512,0,ok,
RUN_20260510_VPLC_L3_HIGH_75_100_S01_R02,VPLC_L3_HIGH_75_100,SER_20260510_VPLC_L3_HIGH_75_100_S01,vPLC_container,VPLC_HOST,845,845,846,,255060,,,vplc_internal,75,100,75,0,0,0,353685336,3,512,0,ok,
RUN_20260510_VPLC_L3_HIGH_75_100_S01_R02,VPLC_L3_HIGH_75_100,SER_20260510_VPLC_L3_HIGH_75_100_S01,vPLC_container,VPLC_HOST,846,846,847,,255135,,,vplc_internal,75,100,75,0,0,0,932855935,3,512,0,ok,
RUN_20260510_VPLC_L3_HIGH_75_100_S01_R02,VPLC_L3_HIGH_75_100,SER_20260510_VPLC_L3_HIGH_75_100_S01,vPLC_container,VPLC_HOST,847,847,848,,255210,,,vplc_internal,75,100,75,0,0,0,1701816744,3,512,0,ok,
RUN_20260510_VPLC_L3_HIGH_75_100_S01_R02,VPLC_L3_HIGH_75_100,SER_20260510_VPLC_L3_HIGH_75_100_S01,vPLC_container,VPLC_HOST,848,848,849,,255285,,,vplc_internal,75,100,75,0,0,0,515185364,3,512,0,ok,
RUN_20260510_VPLC_L3_HIGH_75_100_S01_R02,VPLC_L3_HIGH_75_100,SER_20260510_VPLC_L3_HIGH_75_100_S01,vPLC_container,VPLC_HOST,849,849,850,,255360,,,vplc_internal,75,100,75,0,0,0,1670022145,3,512,0,ok,
RUN_20260510_VPLC_L3_HIGH_75_100_S01_R02,VPLC_L3_HIGH_75_100,SER_20260510_VPLC_L3_HIGH_75_100_S01,vPLC_container,VPLC_HOST,850,850,851,,255435,,,vplc_internal,75,100,75,0,0,0,873461041,3,512,0,ok,
RUN_20260510_VPLC_L3_HIGH_75_100_S01_R02,VPLC_L3_HIGH_75_100,SER_20260510_VPLC_L3_HIGH_75_100_S01,vPLC_container,VPLC_HOST,851,851,852,,255510,,,vplc_internal,75,100,75,0,0,0,275078755,3,512,0,ok,
RUN_20260510_VPLC_L3_HIGH_75_100_S01_R02,VPLC_L3_HIGH_75_100,SER_20260510_VPLC_L3_HIGH_75_100_S01,vPLC_container,VPLC_HOST,852,852,853,,255585,,,vplc_internal,75,100,75,0,0,0,2024460182,3,512,0,ok,
RUN_20260510_VPLC_L3_HIGH_75_100_S01_R02,VPLC_L3_HIGH_75_100,SER_20260510_VPLC_L3_HIGH_75_100_S01,vPLC_container,VPLC_HOST,853,853,854,,255660,,,vplc_internal,75,100,75,0,0,0,1828731084,3,512,0,ok,
RUN_20260510_VPLC_L3_HIGH_75_100_S01_R02,VPLC_L3_HIGH_75_100,SER_20260510_VPLC_L3_HIGH_75_100_S01,vPLC_container,VPLC_HOST,854,854,855,,255735,,,vplc_internal,75,100,75,0,0,0,1837476356,3,512,0,ok,
RUN_20260510_VPLC_L3_HIGH_75_100_S01_R02,VPLC_L3_HIGH_75_100,SER_20260510_VPLC_L3_HIGH_75_100_S01,vPLC_container,VPLC_HOST,855,855,856,,255822,,,vplc_internal,75,100,87,12,0,0,2052789054,3,512,0,ok,
RUN_20260510_VPLC_L3_HIGH_75_100_S01_R02,VPLC_L3_HIGH_75_100,SER_20260510_VPLC_L3_HIGH_75_100_S01,vPLC_container,VPLC_HOST,856,856,857,,255885,,,vplc_internal,75,100,63,-12,0,0,329286779,3,512,0,ok,
RUN_20260510_VPLC_L3_HIGH_75_100_S01_R02,VPLC_L3_HIGH_75_100,SER_20260510_VPLC_L3_HIGH_75_100_S01,vPLC_container,VPLC_HOST,857,857,858,,255960,,,vplc_internal,75,100,75,0,0,0,964029881,3,512,0,ok,
RUN_20260510_VPLC_L3_HIGH_75_100_S01_R02,VPLC_L3_HIGH_75_100,SER_20260510_VPLC_L3_HIGH_75_100_S01,vPLC_container,VPLC_HOST,858,858,859,,256035,,,vplc_internal,75,100,75,0,0,0,1811635961,3,512,0,ok,
RUN_20260510_VPLC_L3_HIGH_75_100_S01_R02,VPLC_L3_HIGH_75_100,SER_20260510_VPLC_L3_HIGH_75_100_S01,vPLC_container,VPLC_HOST,859,859,860,,256110,,,vplc_internal,75,100,75,0,0,0,726714428,3,512,0,ok,
RUN_20260510_VPLC_L3_HIGH_75_100_S01_R02,VPLC_L3_HIGH_75_100,SER_20260510_VPLC_L3_HIGH_75_100_S01,vPLC_container,VPLC_HOST,860,860,861,,256185,,,vplc_internal,75,100,75,0,0,0,2006333824,3,512,0,ok,
RUN_20260510_VPLC_L3_HIGH_75_100_S01_R02,VPLC_L3_HIGH_75_100,SER_20260510_VPLC_L3_HIGH_75_100_S01,vPLC_container,VPLC_HOST,861,861,862,,256260,,,vplc_internal,75,100,75,0,0,0,1357619911,3,512,0,ok,
RUN_20260510_VPLC_L3_HIGH_75_100_S01_R02,VPLC_L3_HIGH_75_100,SER_20260510_VPLC_L3_HIGH_75_100_S01,vPLC_container,VPLC_HOST,862,862,863,,256335,,,vplc_internal,75,100,75,0,0,0,930157584,3,512,0,ok,
RUN_20260510_VPLC_L3_HIGH_75_100_S01_R02,VPLC_L3_HIGH_75_100,SER_20260510_VPLC_L3_HIGH_75_100_S01,vPLC_container,VPLC_HOST,863,863,864,,256410,,,vplc_internal,75,100,75,0,0,0,726039899,3,512,0,ok,
RUN_20260510_VPLC_L3_HIGH_75_100_S01_R02,VPLC_L3_HIGH_75_100,SER_20260510_VPLC_L3_HIGH_75_100_S01,vPLC_container,VPLC_HOST,864,864,865,,256485,,,vplc_internal,75,100,75,0,0,0,747368104,3,512,0,ok,
RUN_20260510_VPLC_L3_HIGH_75_100_S01_R02,VPLC_L3_HIGH_75_100,SER_20260510_VPLC_L3_HIGH_75_100_S01,vPLC_container,VPLC_HOST,865,865,866,,256560,,,vplc_internal,75,100,75,0,0,0,996235255,3,512,0,ok,
RUN_20260510_VPLC_L3_HIGH_75_100_S01_R02,VPLC_L3_HIGH_75_100,SER_20260510_VPLC_L3_HIGH_75_100_S01,vPLC_container,VPLC_HOST,866,866,867,,256635,,,vplc_internal,75,100,75,0,0,0,1474742600,3,512,0,ok,
RUN_20260510_VPLC_L3_HIGH_75_100_S01_R02,VPLC_L3_HIGH_75_100,SER_20260510_VPLC_L3_HIGH_75_100_S01,vPLC_container,VPLC_HOST,867,867,868,,256710,,,vplc_internal,75,100,75,0,0,0,37499548,3,512,0,ok,
RUN_20260510_VPLC_L3_HIGH_75_100_S01_R02,VPLC_L3_HIGH_75_100,SER_20260510_VPLC_L3_HIGH_75_100_S01,vPLC_container,VPLC_HOST,868,868,869,,256785,,,vplc_internal,75,100,75,0,0,0,981574641,3,512,0,ok,
RUN_20260510_VPLC_L3_HIGH_75_100_S01_R02,VPLC_L3_HIGH_75_100,SER_20260510_VPLC_L3_HIGH_75_100_S01,vPLC_container,VPLC_HOST,869,869,870,,256860,,,vplc_internal,75,100,75,0,0,0,14093641,3,512,0,ok,
RUN_20260510_VPLC_L3_HIGH_75_100_S01_R02,VPLC_L3_HIGH_75_100,SER_20260510_VPLC_L3_HIGH_75_100_S01,vPLC_container,VPLC_HOST,870,870,871,,256935,,,vplc_internal,75,100,75,0,0,0,1432125090,3,512,0,ok,
RUN_20260510_VPLC_L3_HIGH_75_100_S01_R02,VPLC_L3_HIGH_75_100,SER_20260510_VPLC_L3_HIGH_75_100_S01,vPLC_container,VPLC_HOST,871,871,872,,257010,,,vplc_internal,75,100,75,0,0,0,942794750,3,512,0,ok,
RUN_20260510_VPLC_L3_HIGH_75_100_S01_R02,VPLC_L3_HIGH_75_100,SER_20260510_VPLC_L3_HIGH_75_100_S01,vPLC_container,VPLC_HOST,872,872,873,,257085,,,vplc_internal,75,100,75,0,0,0,695687516,3,512,0,ok,
RUN_20260510_VPLC_L3_HIGH_75_100_S01_R02,VPLC_L3_HIGH_75_100,SER_20260510_VPLC_L3_HIGH_75_100_S01,vPLC_container,VPLC_HOST,873,873,874,,257160,,,vplc_internal,75,100,75,0,0,0,692896444,3,512,0,ok,
RUN_20260510_VPLC_L3_HIGH_75_100_S01_R02,VPLC_L3_HIGH_75_100,SER_20260510_VPLC_L3_HIGH_75_100_S01,vPLC_container,VPLC_HOST,874,874,875,,257235,,,vplc_internal,75,100,75,0,0,0,936522782,3,512,0,ok,
RUN_20260510_VPLC_L3_HIGH_75_100_S01_R02,VPLC_L3_HIGH_75_100,SER_20260510_VPLC_L3_HIGH_75_100_S01,vPLC_container,VPLC_HOST,875,875,876,,257310,,,vplc_internal,75,100,75,0,0,0,1428659586,3,512,0,ok,
RUN_20260510_VPLC_L3_HIGH_75_100_S01_R02,VPLC_L3_HIGH_75_100,SER_20260510_VPLC_L3_HIGH_75_100_S01,vPLC_container,VPLC_HOST,876,876,877,,257385,,,vplc_internal,75,100,75,0,0,0,23924457,3,512,0,ok,
RUN_20260510_VPLC_L3_HIGH_75_100_S01_R02,VPLC_L3_HIGH_75_100,SER_20260510_VPLC_L3_HIGH_75_100_S01,vPLC_container,VPLC_HOST,877,877,878,,257460,,,vplc_internal,75,100,75,0,0,0,1019377745,3,512,0,ok,
RUN_20260510_VPLC_L3_HIGH_75_100_S01_R02,VPLC_L3_HIGH_75_100,SER_20260510_VPLC_L3_HIGH_75_100_S01,vPLC_container,VPLC_HOST,878,878,879,,257535,,,vplc_internal,75,100,75,0,0,0,122153404,3,512,0,ok,
RUN_20260510_VPLC_L3_HIGH_75_100_S01_R02,VPLC_L3_HIGH_75_100,SER_20260510_VPLC_L3_HIGH_75_100_S01,vPLC_container,VPLC_HOST,879,879,880,,257610,,,vplc_internal,75,100,75,0,0,0,1629311784,3,512,0,ok,
RUN_20260510_VPLC_L3_HIGH_75_100_S01_R02,VPLC_L3_HIGH_75_100,SER_20260510_VPLC_L3_HIGH_75_100_S01,vPLC_container,VPLC_HOST,880,880,881,,257685,,,vplc_internal,75,100,75,0,0,0,1247986839,3,512,0,ok,
RUN_20260510_VPLC_L3_HIGH_75_100_S01_R02,VPLC_L3_HIGH_75_100,SER_20260510_VPLC_L3_HIGH_75_100_S01,vPLC_container,VPLC_HOST,881,881,882,,257760,,,vplc_internal,75,100,75,0,0,0,1127755272,3,512,0,ok,
RUN_20260510_VPLC_L3_HIGH_75_100_S01_R02,VPLC_L3_HIGH_75_100,SER_20260510_VPLC_L3_HIGH_75_100_S01,vPLC_container,VPLC_HOST,882,882,883,,257835,,,vplc_internal,75,100,75,0,0,0,1270718331,3,512,0,ok,
RUN_20260510_VPLC_L3_HIGH_75_100_S01_R02,VPLC_L3_HIGH_75_100,SER_20260510_VPLC_L3_HIGH_75_100_S01,vPLC_container,VPLC_HOST,883,883,884,,257910,,,vplc_internal,75,100,75,0,0,0,1678969072,3,512,0,ok,
RUN_20260510_VPLC_L3_HIGH_75_100_S01_R02,VPLC_L3_HIGH_75_100,SER_20260510_VPLC_L3_HIGH_75_100_S01,vPLC_container,VPLC_HOST,884,884,885,,257985,,,vplc_internal,75,100,75,0,0,0,207125096,3,512,0,ok,
RUN_20260510_VPLC_L3_HIGH_75_100_S01_R02,VPLC_L3_HIGH_75_100,SER_20260510_VPLC_L3_HIGH_75_100_S01,vPLC_container,VPLC_HOST,885,885,886,,258060,,,vplc_internal,75,100,75,0,0,0,1152246753,3,512,0,ok,
RUN_20260510_VPLC_L3_HIGH_75_100_S01_R02,VPLC_L3_HIGH_75_100,SER_20260510_VPLC_L3_HIGH_75_100_S01,vPLC_container,VPLC_HOST,886,886,887,,258135,,,vplc_internal,75,100,75,0,0,0,221467997,3,512,0,ok,
RUN_20260510_VPLC_L3_HIGH_75_100_S01_R02,VPLC_L3_HIGH_75_100,SER_20260510_VPLC_L3_HIGH_75_100_S01,vPLC_container,VPLC_HOST,887,887,888,,258210,,,vplc_internal,75,100,75,0,0,0,1711849178,3,512,0,ok,
RUN_20260510_VPLC_L3_HIGH_75_100_S01_R02,VPLC_L3_HIGH_75_100,SER_20260510_VPLC_L3_HIGH_75_100_S01,vPLC_container,VPLC_HOST,888,888,889,,258285,,,vplc_internal,75,100,75,0,0,0,1330524250,3,512,0,ok,
RUN_20260510_VPLC_L3_HIGH_75_100_S01_R02,VPLC_L3_HIGH_75_100,SER_20260510_VPLC_L3_HIGH_75_100_S01,vPLC_container,VPLC_HOST,889,889,890,,258360,,,vplc_internal,75,100,75,0,0,0,1227069916,3,512,0,ok,
RUN_20260510_VPLC_L3_HIGH_75_100_S01_R02,VPLC_L3_HIGH_75_100,SER_20260510_VPLC_L3_HIGH_75_100_S01,vPLC_container,VPLC_HOST,890,890,891,,258435,,,vplc_internal,75,100,75,0,0,0,1403587424,3,512,0,ok,
RUN_20260510_VPLC_L3_HIGH_75_100_S01_R02,VPLC_L3_HIGH_75_100,SER_20260510_VPLC_L3_HIGH_75_100_S01,vPLC_container,VPLC_HOST,891,891,892,,258510,,,vplc_internal,75,100,75,0,0,0,1862169830,3,512,0,ok,
RUN_20260510_VPLC_L3_HIGH_75_100_S01_R02,VPLC_L3_HIGH_75_100,SER_20260510_VPLC_L3_HIGH_75_100_S01,vPLC_container,VPLC_HOST,892,892,893,,258585,,,vplc_internal,75,100,75,0,0,0,457434735,3,512,0,ok,
RUN_20260510_VPLC_L3_HIGH_75_100_S01_R02,VPLC_L3_HIGH_75_100,SER_20260510_VPLC_L3_HIGH_75_100_S01,vPLC_container,VPLC_HOST,893,893,894,,258660,,,vplc_internal,75,100,75,0,0,0,1486442489,3,512,0,ok,
RUN_20260510_VPLC_L3_HIGH_75_100_S01_R02,VPLC_L3_HIGH_75_100,SER_20260510_VPLC_L3_HIGH_75_100_S01,vPLC_container,VPLC_HOST,894,894,895,,258735,,,vplc_internal,75,100,75,0,0,0,656327046,3,512,0,ok,
RUN_20260510_VPLC_L3_HIGH_75_100_S01_R02,VPLC_L3_HIGH_75_100,SER_20260510_VPLC_L3_HIGH_75_100_S01,vPLC_container,VPLC_HOST,895,895,896,,258820,,,vplc_internal,75,100,85,10,0,0,116665109,3,512,0,ok,
RUN_20260510_VPLC_L3_HIGH_75_100_S01_R02,VPLC_L3_HIGH_75_100,SER_20260510_VPLC_L3_HIGH_75_100_S01,vPLC_container,VPLC_HOST,896,896,897,,258885,,,vplc_internal,75,100,65,-10,0,0,2017041573,3,512,0,ok,
RUN_20260510_VPLC_L3_HIGH_75_100_S01_R02,VPLC_L3_HIGH_75_100,SER_20260510_VPLC_L3_HIGH_75_100_S01,vPLC_container,VPLC_HOST,897,897,898,,258960,,,vplc_internal,75,100,75,0,0,0,2064582200,3,512,0,ok,
RUN_20260510_VPLC_L3_HIGH_75_100_S01_R02,VPLC_L3_HIGH_75_100,SER_20260510_VPLC_L3_HIGH_75_100_S01,vPLC_container,VPLC_HOST,898,898,899,,259035,,,vplc_internal,75,100,75,0,0,0,261388238,3,512,0,ok,
RUN_20260510_VPLC_L3_HIGH_75_100_S01_R02,VPLC_L3_HIGH_75_100,SER_20260510_VPLC_L3_HIGH_75_100_S01,vPLC_container,VPLC_HOST,899,899,900,,259110,,,vplc_internal,75,100,75,0,0,1,904520037,3,512,0,ok,
RUN_20260510_VPLC_L3_HIGH_75_100_S01_R02,VPLC_L3_HIGH_75_100,SER_20260510_VPLC_L3_HIGH_75_100_S01,vPLC_container,VPLC_HOST,900,900,901,,259185,,,vplc_internal,75,100,75,0,0,1,1848595198,3,512,0,ok,
RUN_20260510_VPLC_L3_HIGH_75_100_S01_R02,VPLC_L3_HIGH_75_100,SER_20260510_VPLC_L3_HIGH_75_100_S01,vPLC_container,VPLC_HOST,901,901,902,,259260,,,vplc_internal,75,100,75,0,0,1,948223130,3,512,0,ok,
RUN_20260510_VPLC_L3_HIGH_75_100_S01_R02,VPLC_L3_HIGH_75_100,SER_20260510_VPLC_L3_HIGH_75_100_S01,vPLC_container,VPLC_HOST,902,902,903,,259335,,,vplc_internal,75,100,75,0,0,1,352988728,3,512,0,ok,
RUN_20260510_VPLC_L3_HIGH_75_100_S01_R02,VPLC_L3_HIGH_75_100,SER_20260510_VPLC_L3_HIGH_75_100_S01,vPLC_container,VPLC_HOST,903,903,904,,259410,,,vplc_internal,75,100,75,0,0,1,64985048,3,512,0,ok,
RUN_20260510_VPLC_L3_HIGH_75_100_S01_R02,VPLC_L3_HIGH_75_100,SER_20260510_VPLC_L3_HIGH_75_100_S01,vPLC_container,VPLC_HOST,904,904,905,,259485,,,vplc_internal,75,100,75,0,0,1,86313338,3,512,0,ok,
RUN_20260510_VPLC_L3_HIGH_75_100_S01_R02,VPLC_L3_HIGH_75_100,SER_20260510_VPLC_L3_HIGH_75_100_S01,vPLC_container,VPLC_HOST,905,905,906,,259560,,,vplc_internal,75,100,75,0,0,1,419066654,3,512,0,ok,
RUN_20260510_VPLC_L3_HIGH_75_100_S01_R02,VPLC_L3_HIGH_75_100,SER_20260510_VPLC_L3_HIGH_75_100_S01,vPLC_container,VPLC_HOST,906,906,907,,259635,,,vplc_internal,75,100,75,0,0,1,1065346244,3,512,0,ok,
RUN_20260510_VPLC_L3_HIGH_75_100_S01_R02,VPLC_L3_HIGH_75_100,SER_20260510_VPLC_L3_HIGH_75_100_S01,vPLC_container,VPLC_HOST,907,907,908,,259710,,,vplc_internal,75,100,75,0,0,1,2027245164,3,512,0,ok,
RUN_20260510_VPLC_L3_HIGH_75_100_S01_R02,VPLC_L3_HIGH_75_100,SER_20260510_VPLC_L3_HIGH_75_100_S01,vPLC_container,VPLC_HOST,908,908,909,,259785,,,vplc_internal,75,100,75,0,0,1,1159381015,3,512,0,ok,
RUN_20260510_VPLC_L3_HIGH_75_100_S01_R02,VPLC_L3_HIGH_75_100,SER_20260510_VPLC_L3_HIGH_75_100_S01,vPLC_container,VPLC_HOST,909,909,910,,259860,,,vplc_internal,75,100,75,0,0,1,611330500,3,512,0,ok,
RUN_20260510_VPLC_L3_HIGH_75_100_S01_R02,VPLC_L3_HIGH_75_100,SER_20260510_VPLC_L3_HIGH_75_100_S01,vPLC_container,VPLC_HOST,910,910,911,,259935,,,vplc_internal,75,100,75,0,0,1,385194867,3,512,0,ok,
RUN_20260510_VPLC_L3_HIGH_75_100_S01_R02,VPLC_L3_HIGH_75_100,SER_20260510_VPLC_L3_HIGH_75_100_S01,vPLC_container,VPLC_HOST,911,911,912,,260010,,,vplc_internal,75,100,75,0,0,1,483067172,3,512,0,ok,
RUN_20260510_VPLC_L3_HIGH_75_100_S01_R02,VPLC_L3_HIGH_75_100,SER_20260510_VPLC_L3_HIGH_75_100_S01,vPLC_container,VPLC_HOST,912,912,913,,260085,,,vplc_internal,75,100,75,0,0,1,907048663,3,512,0,ok,
RUN_20260510_VPLC_L3_HIGH_75_100_S01_R02,VPLC_L3_HIGH_75_100,SER_20260510_VPLC_L3_HIGH_75_100_S01,vPLC_container,VPLC_HOST,913,913,914,,260160,,,vplc_internal,75,100,75,0,0,1,1659232396,3,512,0,ok,
RUN_20260510_VPLC_L3_HIGH_75_100_S01_R02,VPLC_L3_HIGH_75_100,SER_20260510_VPLC_L3_HIGH_75_100_S01,vPLC_container,VPLC_HOST,914,914,915,,260235,,,vplc_internal,75,100,75,0,0,1,594235972,3,512,0,ok,
RUN_20260510_VPLC_L3_HIGH_75_100_S01_R02,VPLC_L3_HIGH_75_100,SER_20260510_VPLC_L3_HIGH_75_100_S01,vPLC_container,VPLC_HOST,915,915,916,,260310,,,vplc_internal,75,100,75,0,0,1,2009119741,3,512,0,ok,
RUN_20260510_VPLC_L3_HIGH_75_100_S01_R02,VPLC_L3_HIGH_75_100,SER_20260510_VPLC_L3_HIGH_75_100_S01,vPLC_container,VPLC_HOST,916,916,917,,260385,,,vplc_internal,75,100,75,0,0,1,1611017657,3,512,0,ok,
RUN_20260510_VPLC_L3_HIGH_75_100_S01_R02,VPLC_L3_HIGH_75_100,SER_20260510_VPLC_L3_HIGH_75_100_S01,vPLC_container,VPLC_HOST,917,917,918,,260460,,,vplc_internal,75,100,75,0,0,1,1549506423,3,512,0,ok,
RUN_20260510_VPLC_L3_HIGH_75_100_S01_R02,VPLC_L3_HIGH_75_100,SER_20260510_VPLC_L3_HIGH_75_100_S01,vPLC_container,VPLC_HOST,918,918,919,,260535,,,vplc_internal,75,100,75,0,0,1,1826687287,3,512,0,ok,
RUN_20260510_VPLC_L3_HIGH_75_100_S01_R02,VPLC_L3_HIGH_75_100,SER_20260510_VPLC_L3_HIGH_75_100_S01,vPLC_container,VPLC_HOST,919,919,920,,260610,,,vplc_internal,75,100,75,0,0,1,297169658,3,512,0,ok,
RUN_20260510_VPLC_L3_HIGH_75_100_S01_R02,VPLC_L3_HIGH_75_100,SER_20260510_VPLC_L3_HIGH_75_100_S01,vPLC_container,VPLC_HOST,920,920,921,,260685,,,vplc_internal,75,100,75,0,0,1,1258022078,3,512,0,ok,
RUN_20260510_VPLC_L3_HIGH_75_100_S01_R02,VPLC_L3_HIGH_75_100,SER_20260510_VPLC_L3_HIGH_75_100_S01,vPLC_container,VPLC_HOST,921,921,922,,260760,,,vplc_internal,75,100,75,0,0,1,416370309,3,512,0,ok,
RUN_20260510_VPLC_L3_HIGH_75_100_S01_R02,VPLC_L3_HIGH_75_100,SER_20260510_VPLC_L3_HIGH_75_100_S01,vPLC_container,VPLC_HOST,922,922,923,,260835,,,vplc_internal,75,100,75,0,0,1,2069282893,3,512,0,ok,
RUN_20260510_VPLC_L3_HIGH_75_100_S01_R02,VPLC_L3_HIGH_75_100,SER_20260510_VPLC_L3_HIGH_75_100_S01,vPLC_container,VPLC_HOST,923,923,924,,260910,,,vplc_internal,75,100,75,0,0,1,1923885592,3,512,0,ok,
RUN_20260510_VPLC_L3_HIGH_75_100_S01_R02,VPLC_L3_HIGH_75_100,SER_20260510_VPLC_L3_HIGH_75_100_S01,vPLC_container,VPLC_HOST,924,924,925,,260985,,,vplc_internal,75,100,75,0,0,1,2129763301,3,512,0,ok,
RUN_20260510_VPLC_L3_HIGH_75_100_S01_R02,VPLC_L3_HIGH_75_100,SER_20260510_VPLC_L3_HIGH_75_100_S01,vPLC_container,VPLC_HOST,925,925,926,,261060,,,vplc_internal,75,100,75,0,0,1,541525429,3,512,0,ok,
RUN_20260510_VPLC_L3_HIGH_75_100_S01_R02,VPLC_L3_HIGH_75_100,SER_20260510_VPLC_L3_HIGH_75_100_S01,vPLC_container,VPLC_HOST,926,926,927,,261135,,,vplc_internal,75,100,75,0,0,1,1456240518,3,512,0,ok,
RUN_20260510_VPLC_L3_HIGH_75_100_S01_R02,VPLC_L3_HIGH_75_100,SER_20260510_VPLC_L3_HIGH_75_100_S01,vPLC_container,VPLC_HOST,927,927,928,,261210,,,vplc_internal,75,100,75,0,0,1,581034330,3,512,0,ok,
RUN_20260510_VPLC_L3_HIGH_75_100_S01_R02,VPLC_L3_HIGH_75_100,SER_20260510_VPLC_L3_HIGH_75_100_S01,vPLC_container,VPLC_HOST,928,928,929,,261285,,,vplc_internal,75,100,75,0,0,1,65491760,3,512,0,ok,
RUN_20260510_VPLC_L3_HIGH_75_100_S01_R02,VPLC_L3_HIGH_75_100,SER_20260510_VPLC_L3_HIGH_75_100_S01,vPLC_container,VPLC_HOST,929,929,930,,261360,,,vplc_internal,75,100,75,0,0,1,2059189511,3,512,0,ok,
RUN_20260510_VPLC_L3_HIGH_75_100_S01_R02,VPLC_L3_HIGH_75_100,SER_20260510_VPLC_L3_HIGH_75_100_S01,vPLC_container,VPLC_HOST,930,930,931,,261435,,,vplc_internal,75,100,75,0,0,1,121777890,3,512,0,ok,
RUN_20260510_VPLC_L3_HIGH_75_100_S01_R02,VPLC_L3_HIGH_75_100,SER_20260510_VPLC_L3_HIGH_75_100_S01,vPLC_container,VPLC_HOST,931,931,932,,261510,,,vplc_internal,75,100,75,0,0,1,697800894,3,512,0,ok,
RUN_20260510_VPLC_L3_HIGH_75_100_S01_R02,VPLC_L3_HIGH_75_100,SER_20260510_VPLC_L3_HIGH_75_100_S01,vPLC_container,VPLC_HOST,932,932,933,,261585,,,vplc_internal,75,100,75,0,0,1,1641876124,3,512,0,ok,
RUN_20260510_VPLC_L3_HIGH_75_100_S01_R02,VPLC_L3_HIGH_75_100,SER_20260510_VPLC_L3_HIGH_75_100_S01,vPLC_container,VPLC_HOST,933,933,934,,261660,,,vplc_internal,75,100,75,0,0,1,808612989,3,512,0,ok,
RUN_20260510_VPLC_L3_HIGH_75_100_S01_R02,VPLC_L3_HIGH_75_100,SER_20260510_VPLC_L3_HIGH_75_100_S01,vPLC_container,VPLC_HOST,934,934,935,,261735,,,vplc_internal,75,100,75,0,0,1,347596384,3,512,0,ok,
RUN_20260510_VPLC_L3_HIGH_75_100_S01_R02,VPLC_L3_HIGH_75_100,SER_20260510_VPLC_L3_HIGH_75_100_S01,vPLC_container,VPLC_HOST,935,935,936,,261822,,,vplc_internal,75,100,87,12,0,1,260919365,3,512,0,ok,
RUN_20260510_VPLC_L3_HIGH_75_100_S01_R02,VPLC_L3_HIGH_75_100,SER_20260510_VPLC_L3_HIGH_75_100_S01,vPLC_container,VPLC_HOST,936,936,937,,261885,,,vplc_internal,75,100,63,-12,0,1,550683180,3,512,0,ok,
RUN_20260510_VPLC_L3_HIGH_75_100_S01_R02,VPLC_L3_HIGH_75_100,SER_20260510_VPLC_L3_HIGH_75_100_S01,vPLC_container,VPLC_HOST,937,937,938,,261960,,,vplc_internal,75,100,75,0,0,1,1218980885,3,512,0,ok,
RUN_20260510_VPLC_L3_HIGH_75_100_S01_R02,VPLC_L3_HIGH_75_100,SER_20260510_VPLC_L3_HIGH_75_100_S01,vPLC_container,VPLC_HOST,938,938,939,,262035,,,vplc_internal,75,100,75,0,0,1,120430081,3,512,0,ok,
RUN_20260510_VPLC_L3_HIGH_75_100_S01_R02,VPLC_L3_HIGH_75_100,SER_20260510_VPLC_L3_HIGH_75_100_S01,vPLC_container,VPLC_HOST,939,939,940,,262110,,,vplc_internal,75,100,75,0,0,1,1552091118,3,512,0,ok,
RUN_20260510_VPLC_L3_HIGH_75_100_S01_R02,VPLC_L3_HIGH_75_100,SER_20260510_VPLC_L3_HIGH_75_100_S01,vPLC_container,VPLC_HOST,940,940,941,,262185,,,vplc_internal,75,100,75,0,0,1,1221097950,3,512,0,ok,
RUN_20260510_VPLC_L3_HIGH_75_100_S01_R02,VPLC_L3_HIGH_75_100,SER_20260510_VPLC_L3_HIGH_75_100_S01,vPLC_container,VPLC_HOST,941,941,942,,262260,,,vplc_internal,75,100,75,0,0,1,1277027280,3,512,0,ok,
RUN_20260510_VPLC_L3_HIGH_75_100_S01_R02,VPLC_L3_HIGH_75_100,SER_20260510_VPLC_L3_HIGH_75_100_S01,vPLC_container,VPLC_HOST,942,942,943,,262335,,,vplc_internal,75,100,75,0,0,1,1721980356,3,512,0,ok,
RUN_20260510_VPLC_L3_HIGH_75_100_S01_R02,VPLC_L3_HIGH_75_100,SER_20260510_VPLC_L3_HIGH_75_100_S01,vPLC_container,VPLC_HOST,943,943,944,,262410,,,vplc_internal,75,100,75,0,0,1,410566587,3,512,0,ok,
RUN_20260510_VPLC_L3_HIGH_75_100_S01_R02,VPLC_L3_HIGH_75_100,SER_20260510_VPLC_L3_HIGH_75_100_S01,vPLC_container,VPLC_HOST,944,944,945,,262485,,,vplc_internal,75,100,75,0,0,1,1639854515,3,512,0,ok,
RUN_20260510_VPLC_L3_HIGH_75_100_S01_R02,VPLC_L3_HIGH_75_100,SER_20260510_VPLC_L3_HIGH_75_100_S01,vPLC_container,VPLC_HOST,945,945,946,,262560,,,vplc_internal,75,100,75,0,0,1,1116969902,3,512,0,ok,
RUN_20260510_VPLC_L3_HIGH_75_100_S01_R02,VPLC_L3_HIGH_75_100,SER_20260510_VPLC_L3_HIGH_75_100_S01,vPLC_container,VPLC_HOST,946,946,947,,262635,,,vplc_internal,75,100,75,0,0,1,991497643,3,512,0,ok,
RUN_20260510_VPLC_L3_HIGH_75_100_S01_R02,VPLC_L3_HIGH_75_100,SER_20260510_VPLC_L3_HIGH_75_100_S01,vPLC_container,VPLC_HOST,947,947,948,,262710,,,vplc_internal,75,100,75,0,0,1,1265530794,3,512,0,ok,
RUN_20260510_VPLC_L3_HIGH_75_100_S01_R02,VPLC_L3_HIGH_75_100,SER_20260510_VPLC_L3_HIGH_75_100_S01,vPLC_container,VPLC_HOST,948,948,949,,262785,,,vplc_internal,75,100,75,0,0,1,1941170603,3,512,0,ok,
RUN_20260510_VPLC_L3_HIGH_75_100_S01_R02,VPLC_L3_HIGH_75_100,SER_20260510_VPLC_L3_HIGH_75_100_S01,vPLC_container,VPLC_HOST,949,949,950,,262860,,,vplc_internal,75,100,75,0,0,1,873026479,3,512,0,ok,
RUN_20260510_VPLC_L3_HIGH_75_100_S01_R02,VPLC_L3_HIGH_75_100,SER_20260510_VPLC_L3_HIGH_75_100_S01,vPLC_container,VPLC_HOST,950,950,951,,262935,,,vplc_internal,75,100,75,0,0,1,210683317,3,512,0,ok,
RUN_20260510_VPLC_L3_HIGH_75_100_S01_R02,VPLC_L3_HIGH_75_100,SER_20260510_VPLC_L3_HIGH_75_100_S01,vPLC_container,VPLC_HOST,951,951,952,,263010,,,vplc_internal,75,100,75,0,0,1,2103717820,3,512,0,ok,
RUN_20260510_VPLC_L3_HIGH_75_100_S01_R02,VPLC_L3_HIGH_75_100,SER_20260510_VPLC_L3_HIGH_75_100_S01,vPLC_container,VPLC_HOST,952,952,953,,263085,,,vplc_internal,75,100,75,0,0,1,111780295,3,512,0,ok,
RUN_20260510_VPLC_L3_HIGH_75_100_S01_R02,VPLC_L3_HIGH_75_100,SER_20260510_VPLC_L3_HIGH_75_100_S01,vPLC_container,VPLC_HOST,953,953,954,,263160,,,vplc_internal,75,100,75,0,0,1,679414739,3,512,0,ok,
RUN_20260510_VPLC_L3_HIGH_75_100_S01_R02,VPLC_L3_HIGH_75_100,SER_20260510_VPLC_L3_HIGH_75_100_S01,vPLC_container,VPLC_HOST,954,954,955,,263235,,,vplc_internal,75,100,75,0,0,1,1661238753,3,512,0,ok,
RUN_20260510_VPLC_L3_HIGH_75_100_S01_R02,VPLC_L3_HIGH_75_100,SER_20260510_VPLC_L3_HIGH_75_100_S01,vPLC_container,VPLC_HOST,955,955,956,,263310,,,vplc_internal,75,100,75,0,0,1,911861746,3,512,0,ok,
RUN_20260510_VPLC_L3_HIGH_75_100_S01_R02,VPLC_L3_HIGH_75_100,SER_20260510_VPLC_L3_HIGH_75_100_S01,vPLC_container,VPLC_HOST,956,956,957,,263385,,,vplc_internal,75,100,75,0,0,1,580868613,3,512,0,ok,
RUN_20260510_VPLC_L3_HIGH_75_100_S01_R02,VPLC_L3_HIGH_75_100,SER_20260510_VPLC_L3_HIGH_75_100_S01,vPLC_container,VPLC_HOST,957,957,958,,263460,,,vplc_internal,75,100,75,0,0,1,670352410,3,512,0,ok,
RUN_20260510_VPLC_L3_HIGH_75_100_S01_R02,VPLC_L3_HIGH_75_100,SER_20260510_VPLC_L3_HIGH_75_100_S01,vPLC_container,VPLC_HOST,958,958,959,,263535,,,vplc_internal,75,100,75,0,0,1,1182414385,3,512,0,ok,
RUN_20260510_VPLC_L3_HIGH_75_100_S01_R02,VPLC_L3_HIGH_75_100,SER_20260510_VPLC_L3_HIGH_75_100_S01,vPLC_container,VPLC_HOST,959,959,960,,263610,,,vplc_internal,75,100,75,0,0,1,2119147594,3,512,0,ok,
RUN_20260510_VPLC_L3_HIGH_75_100_S01_R02,VPLC_L3_HIGH_75_100,SER_20260510_VPLC_L3_HIGH_75_100_S01,vPLC_container,VPLC_HOST,960,960,961,,263685,,,vplc_internal,75,100,75,0,0,1,1335169638,3,512,0,ok,
RUN_20260510_VPLC_L3_HIGH_75_100_S01_R02,VPLC_L3_HIGH_75_100,SER_20260510_VPLC_L3_HIGH_75_100_S01,vPLC_container,VPLC_HOST,961,961,962,,263760,,,vplc_internal,75,100,75,0,0,1,980057220,3,512,0,ok,
RUN_20260510_VPLC_L3_HIGH_75_100_S01_R02,VPLC_L3_HIGH_75_100,SER_20260510_VPLC_L3_HIGH_75_100_S01,vPLC_container,VPLC_HOST,962,962,963,,263835,,,vplc_internal,75,100,75,0,0,1,1055911588,3,512,0,ok,
RUN_20260510_VPLC_L3_HIGH_75_100_S01_R02,VPLC_L3_HIGH_75_100,SER_20260510_VPLC_L3_HIGH_75_100_S01,vPLC_container,VPLC_HOST,963,963,964,,263910,,,vplc_internal,75,100,75,0,0,1,1564825798,3,512,0,ok,
RUN_20260510_VPLC_L3_HIGH_75_100_S01_R02,VPLC_L3_HIGH_75_100,SER_20260510_VPLC_L3_HIGH_75_100_S01,vPLC_container,VPLC_HOST,964,964,965,,263985,,,vplc_internal,75,100,75,0,0,1,361417451,3,512,0,ok,
RUN_20260510_VPLC_L3_HIGH_75_100_S01_R02,VPLC_L3_HIGH_75_100,SER_20260510_VPLC_L3_HIGH_75_100_S01,vPLC_container,VPLC_HOST,965,965,966,,264060,,,vplc_internal,75,100,75,0,0,1,1742746897,3,512,0,ok,
RUN_20260510_VPLC_L3_HIGH_75_100_S01_R02,VPLC_L3_HIGH_75_100,SER_20260510_VPLC_L3_HIGH_75_100_S01,vPLC_container,VPLC_HOST,966,966,967,,264135,,,vplc_internal,75,100,75,0,0,1,1415948090,3,512,0,ok,
RUN_20260510_VPLC_L3_HIGH_75_100_S01_R02,VPLC_L3_HIGH_75_100,SER_20260510_VPLC_L3_HIGH_75_100_S01,vPLC_container,VPLC_HOST,967,967,968,,264210,,,vplc_internal,75,100,75,0,0,1,1530597733,3,512,0,ok,
RUN_20260510_VPLC_L3_HIGH_75_100_S01_R02,VPLC_L3_HIGH_75_100,SER_20260510_VPLC_L3_HIGH_75_100_S01,vPLC_container,VPLC_HOST,968,968,969,,264285,,,vplc_internal,75,100,75,0,0,1,2088797074,3,512,0,ok,
RUN_20260510_VPLC_L3_HIGH_75_100_S01_R02,VPLC_L3_HIGH_75_100,SER_20260510_VPLC_L3_HIGH_75_100_S01,vPLC_container,VPLC_HOST,969,969,970,,264360,,,vplc_internal,75,100,75,0,0,1,945155522,3,512,0,ok,
RUN_20260510_VPLC_L3_HIGH_75_100_S01_R02,VPLC_L3_HIGH_75_100,SER_20260510_VPLC_L3_HIGH_75_100_S01,vPLC_container,VPLC_HOST,970,970,971,,264435,,,vplc_internal,75,100,75,0,0,1,249257972,3,512,0,ok,
RUN_20260510_VPLC_L3_HIGH_75_100_S01_R02,VPLC_L3_HIGH_75_100,SER_20260510_VPLC_L3_HIGH_75_100_S01,vPLC_container,VPLC_HOST,971,971,972,,264510,,,vplc_internal,75,100,75,0,0,1,3197480,3,512,0,ok,
RUN_20260510_VPLC_L3_HIGH_75_100_S01_R02,VPLC_L3_HIGH_75_100,SER_20260510_VPLC_L3_HIGH_75_100_S01,vPLC_container,VPLC_HOST,972,972,973,,264585,,,vplc_internal,75,100,75,0,0,1,209075294,3,512,0,ok,
RUN_20260510_VPLC_L3_HIGH_75_100_S01_R02,VPLC_L3_HIGH_75_100,SER_20260510_VPLC_L3_HIGH_75_100_S01,vPLC_container,VPLC_HOST,973,973,974,,264660,,,vplc_internal,75,100,75,0,0,1,868984470,3,512,0,ok,
RUN_20260510_VPLC_L3_HIGH_75_100_S01_R02,VPLC_L3_HIGH_75_100,SER_20260510_VPLC_L3_HIGH_75_100_S01,vPLC_container,VPLC_HOST,974,974,975,,264735,,,vplc_internal,75,100,75,0,0,1,1985026256,3,512,0,ok,
RUN_20260510_VPLC_L3_HIGH_75_100_S01_R02,VPLC_L3_HIGH_75_100,SER_20260510_VPLC_L3_HIGH_75_100_S01,vPLC_container,VPLC_HOST,975,975,976,,264820,,,vplc_internal,75,100,85,10,0,1,1411810061,3,512,0,ok,
RUN_20260510_VPLC_L3_HIGH_75_100_S01_R02,VPLC_L3_HIGH_75_100,SER_20260510_VPLC_L3_HIGH_75_100_S01,vPLC_container,VPLC_HOST,976,976,977,,264885,,,vplc_internal,75,100,65,-10,0,1,1298920780,3,512,0,ok,
RUN_20260510_VPLC_L3_HIGH_75_100_S01_R02,VPLC_L3_HIGH_75_100,SER_20260510_VPLC_L3_HIGH_75_100_S01,vPLC_container,VPLC_HOST,977,977,978,,264960,,,vplc_internal,75,100,75,0,0,1,1648451469,3,512,0,ok,
RUN_20260510_VPLC_L3_HIGH_75_100_S01_R02,VPLC_L3_HIGH_75_100,SER_20260510_VPLC_L3_HIGH_75_100_S01,vPLC_container,VPLC_HOST,978,978,979,,265035,,,vplc_internal,75,100,75,0,0,1,315019729,3,512,0,ok,
RUN_20260510_VPLC_L3_HIGH_75_100_S01_R02,VPLC_L3_HIGH_75_100,SER_20260510_VPLC_L3_HIGH_75_100_S01,vPLC_container,VPLC_HOST,979,979,980,,265110,,,vplc_internal,75,100,75,0,0,1,1595685910,3,512,0,ok,
RUN_20260510_VPLC_L3_HIGH_75_100_S01_R02,VPLC_L3_HIGH_75_100,SER_20260510_VPLC_L3_HIGH_75_100_S01,vPLC_container,VPLC_HOST,980,980,981,,265185,,,vplc_internal,75,100,75,0,0,1,1197583966,3,512,0,ok,
RUN_20260510_VPLC_L3_HIGH_75_100_S01_R02,VPLC_L3_HIGH_75_100,SER_20260510_VPLC_L3_HIGH_75_100_S01,vPLC_container,VPLC_HOST,981,981,982,,265260,,,vplc_internal,75,100,75,0,0,1,1270290600,3,512,0,ok,
RUN_20260510_VPLC_L3_HIGH_75_100_S01_R02,VPLC_L3_HIGH_75_100,SER_20260510_VPLC_L3_HIGH_75_100_S01,vPLC_container,VPLC_HOST,982,982,983,,265335,,,vplc_internal,75,100,75,0,0,1,1815907060,3,512,0,ok,
RUN_20260510_VPLC_L3_HIGH_75_100_S01_R02,VPLC_L3_HIGH_75_100,SER_20260510_VPLC_L3_HIGH_75_100_S01,vPLC_container,VPLC_HOST,983,983,984,,265410,,,vplc_internal,75,100,75,0,0,1,689042755,3,512,0,ok,
RUN_20260510_VPLC_L3_HIGH_75_100_S01_R02,VPLC_L3_HIGH_75_100,SER_20260510_VPLC_L3_HIGH_75_100_S01,vPLC_container,VPLC_HOST,984,984,985,,265485,,,vplc_internal,75,100,75,0,0,1,39282580,3,512,0,ok,
RUN_20260510_VPLC_L3_HIGH_75_100_S01_R02,VPLC_L3_HIGH_75_100,SER_20260510_VPLC_L3_HIGH_75_100_S01,vPLC_container,VPLC_HOST,985,985,986,,265560,,,vplc_internal,75,100,75,0,0,1,2016203238,3,512,0,ok,
RUN_20260510_VPLC_L3_HIGH_75_100_S01_R02,VPLC_L3_HIGH_75_100,SER_20260510_VPLC_L3_HIGH_75_100_S01,vPLC_container,VPLC_HOST,986,986,987,,265635,,,vplc_internal,75,100,75,0,0,1,179455036,3,512,0,ok,
RUN_20260510_VPLC_L3_HIGH_75_100_S01_R02,VPLC_L3_HIGH_75_100,SER_20260510_VPLC_L3_HIGH_75_100_S01,vPLC_container,VPLC_HOST,987,987,988,,265710,,,vplc_internal,75,100,75,0,0,1,973581971,3,512,0,ok,
RUN_20260510_VPLC_L3_HIGH_75_100_S01_R02,VPLC_L3_HIGH_75_100,SER_20260510_VPLC_L3_HIGH_75_100_S01,vPLC_container,VPLC_HOST,988,988,989,,265785,,,vplc_internal,75,100,75,0,0,1,105717997,3,512,0,ok,
RUN_20260510_VPLC_L3_HIGH_75_100_S01_R02,VPLC_L3_HIGH_75_100,SER_20260510_VPLC_L3_HIGH_75_100_S01,vPLC_container,VPLC_HOST,989,989,990,,265860,,,vplc_internal,75,100,75,0,0,1,1872923464,3,512,0,ok,
RUN_20260510_VPLC_L3_HIGH_75_100_S01_R02,VPLC_L3_HIGH_75_100,SER_20260510_VPLC_L3_HIGH_75_100_S01,vPLC_container,VPLC_HOST,990,990,991,,265935,,,vplc_internal,75,100,75,0,0,1,1982332326,3,512,0,ok,
RUN_20260510_VPLC_L3_HIGH_75_100_S01_R02,VPLC_L3_HIGH_75_100,SER_20260510_VPLC_L3_HIGH_75_100_S01,vPLC_container,VPLC_HOST,991,991,992,,266010,,,vplc_internal,75,100,75,0,0,1,436037639,3,512,0,ok,
RUN_20260510_VPLC_L3_HIGH_75_100_S01_R02,VPLC_L3_HIGH_75_100,SER_20260510_VPLC_L3_HIGH_75_100_S01,vPLC_container,VPLC_HOST,992,992,993,,266085,,,vplc_internal,75,100,75,0,0,1,1531107945,3,512,0,ok,
RUN_20260510_VPLC_L3_HIGH_75_100_S01_R02,VPLC_L3_HIGH_75_100,SER_20260510_VPLC_L3_HIGH_75_100_S01,vPLC_container,VPLC_HOST,993,993,994,,266160,,,vplc_internal,75,100,75,0,0,1,974669006,3,512,0,ok,
RUN_20260510_VPLC_L3_HIGH_75_100_S01_R02,VPLC_L3_HIGH_75_100,SER_20260510_VPLC_L3_HIGH_75_100_S01,vPLC_container,VPLC_HOST,994,994,995,,266235,,,vplc_internal,75,100,75,0,0,1,916305717,3,512,0,ok,
RUN_20260510_VPLC_L3_HIGH_75_100_S01_R02,VPLC_L3_HIGH_75_100,SER_20260510_VPLC_L3_HIGH_75_100_S01,vPLC_container,VPLC_HOST,995,995,996,,266310,,,vplc_internal,75,100,75,0,0,1,1358111134,3,512,0,ok,
RUN_20260510_VPLC_L3_HIGH_75_100_S01_R02,VPLC_L3_HIGH_75_100,SER_20260510_VPLC_L3_HIGH_75_100_S01,vPLC_container,VPLC_HOST,996,996,997,,266385,,,vplc_internal,75,100,75,0,0,1,154702858,3,512,0,ok,
RUN_20260510_VPLC_L3_HIGH_75_100_S01_R02,VPLC_L3_HIGH_75_100,SER_20260510_VPLC_L3_HIGH_75_100_S01,vPLC_container,VPLC_HOST,997,997,998,,266460,,,vplc_internal,75,100,75,0,0,1,1603141239,3,512,0,ok,
RUN_20260510_VPLC_L3_HIGH_75_100_S01_R02,VPLC_L3_HIGH_75_100,SER_20260510_VPLC_L3_HIGH_75_100_S01,vPLC_container,VPLC_HOST,998,998,999,,266535,,,vplc_internal,75,100,75,0,0,1,1410560231,3,512,0,ok,
RUN_20260510_VPLC_L3_HIGH_75_100_S01_R02,VPLC_L3_HIGH_75_100,SER_20260510_VPLC_L3_HIGH_75_100_S01,vPLC_container,VPLC_HOST,999,999,1000,,266610,,,vplc_internal,75,100,75,0,0,0,1726536537,3,512,0,ok,
RUN_20260510_VPLC_L3_HIGH_75_100_S01_R02,VPLC_L3_HIGH_75_100,SER_20260510_VPLC_L3_HIGH_75_100_S01,vPLC_container,VPLC_HOST,1000,1000,1001,,266685,,,vplc_internal,75,100,75,0,0,0,405687758,3,512,0,ok,
RUN_20260510_VPLC_L3_HIGH_75_100_S01_R02,VPLC_L3_HIGH_75_100,SER_20260510_VPLC_L3_HIGH_75_100_S01,vPLC_container,VPLC_HOST,1001,1001,1002,,266760,,,vplc_internal,75,100,75,0,0,0,1745074244,3,512,0,ok,
RUN_20260510_VPLC_L3_HIGH_75_100_S01_R02,VPLC_L3_HIGH_75_100,SER_20260510_VPLC_L3_HIGH_75_100_S01,vPLC_container,VPLC_HOST,1002,1002,1003,,266835,,,vplc_internal,75,100,75,0,0,0,1451829949,3,512,0,ok,
RUN_20260510_VPLC_L3_HIGH_75_100_S01_R02,VPLC_L3_HIGH_75_100,SER_20260510_VPLC_L3_HIGH_75_100_S01,vPLC_container,VPLC_HOST,1003,1003,1004,,266910,,,vplc_internal,75,100,75,0,0,0,1675531576,3,512,0,ok,
RUN_20260510_VPLC_L3_HIGH_75_100_S01_R02,VPLC_L3_HIGH_75_100,SER_20260510_VPLC_L3_HIGH_75_100_S01,vPLC_container,VPLC_HOST,1004,1004,1005,,266985,,,vplc_internal,75,100,75,0,0,0,270796726,3,512,0,ok,
RUN_20260510_VPLC_L3_HIGH_75_100_S01_R02,VPLC_L3_HIGH_75_100,SER_20260510_VPLC_L3_HIGH_75_100_S01,vPLC_container,VPLC_HOST,1005,1005,1006,,267060,,,vplc_internal,75,100,75,0,0,0,1534685749,3,512,0,ok,
RUN_20260510_VPLC_L3_HIGH_75_100_S01_R02,VPLC_L3_HIGH_75_100,SER_20260510_VPLC_L3_HIGH_75_100_S01,vPLC_container,VPLC_HOST,1006,1006,1007,,267135,,,vplc_internal,75,100,75,0,0,0,1174332599,3,512,0,ok,
RUN_20260510_VPLC_L3_HIGH_75_100_S01_R02,VPLC_L3_HIGH_75_100,SER_20260510_VPLC_L3_HIGH_75_100_S01,vPLC_container,VPLC_HOST,1007,1007,1008,,267210,,,vplc_internal,75,100,75,0,0,0,1339313979,3,512,0,ok,
RUN_20260510_VPLC_L3_HIGH_75_100_S01_R02,VPLC_L3_HIGH_75_100,SER_20260510_VPLC_L3_HIGH_75_100_S01,vPLC_container,VPLC_HOST,1008,1008,1009,,267285,,,vplc_internal,75,100,75,0,0,0,2031731137,3,512,0,ok,
RUN_20260510_VPLC_L3_HIGH_75_100_S01_R02,VPLC_L3_HIGH_75_100,SER_20260510_VPLC_L3_HIGH_75_100_S01,vPLC_container,VPLC_HOST,1009,1009,1010,,267360,,,vplc_internal,75,100,75,0,0,0,1106193482,3,512,0,ok,
RUN_20260510_VPLC_L3_HIGH_75_100_S01_R02,VPLC_L3_HIGH_75_100,SER_20260510_VPLC_L3_HIGH_75_100_S01,vPLC_container,VPLC_HOST,1010,1010,1011,,267435,,,vplc_internal,75,100,75,0,0,0,712285909,3,512,0,ok,
RUN_20260510_VPLC_L3_HIGH_75_100_S01_R02,VPLC_L3_HIGH_75_100,SER_20260510_VPLC_L3_HIGH_75_100_S01,vPLC_container,VPLC_HOST,1011,1011,1012,,267510,,,vplc_internal,75,100,75,0,0,0,852101474,3,512,0,ok,
RUN_20260510_VPLC_L3_HIGH_75_100_S01_R02,VPLC_L3_HIGH_75_100,SER_20260510_VPLC_L3_HIGH_75_100_S01,vPLC_container,VPLC_HOST,1012,1012,1013,,267585,,,vplc_internal,75,100,75,0,0,0,1527741425,3,512,0,ok,
RUN_20260510_VPLC_L3_HIGH_75_100_S01_R02,VPLC_L3_HIGH_75_100,SER_20260510_VPLC_L3_HIGH_75_100_S01,vPLC_container,VPLC_HOST,1013,1013,1014,,267660,,,vplc_internal,75,100,75,0,0,0,593815171,3,512,0,ok,
RUN_20260510_VPLC_L3_HIGH_75_100_S01_R02,VPLC_L3_HIGH_75_100,SER_20260510_VPLC_L3_HIGH_75_100_S01,vPLC_container,VPLC_HOST,1014,1014,1015,,267735,,,vplc_internal,75,100,75,0,0,0,199907607,3,512,0,ok,
RUN_20260510_VPLC_L3_HIGH_75_100_S01_R02,VPLC_L3_HIGH_75_100,SER_20260510_VPLC_L3_HIGH_75_100_S01,vPLC_container,VPLC_HOST,1015,1015,1016,,267822,,,vplc_internal,75,100,87,12,0,0,348111789,3,512,0,ok,
RUN_20260510_VPLC_L3_HIGH_75_100_S01_R02,VPLC_L3_HIGH_75_100,SER_20260510_VPLC_L3_HIGH_75_100_S01,vPLC_container,VPLC_HOST,1016,1016,1017,,267885,,,vplc_internal,75,100,63,-12,0,0,1040528965,3,512,0,ok,
RUN_20260510_VPLC_L3_HIGH_75_100_S01_R02,VPLC_L3_HIGH_75_100,SER_20260510_VPLC_L3_HIGH_75_100_S01,vPLC_container,VPLC_HOST,1017,1017,1018,,267960,,,vplc_internal,75,100,75,0,0,0,131768544,3,512,0,ok,
RUN_20260510_VPLC_L3_HIGH_75_100_S01_R02,VPLC_L3_HIGH_75_100,SER_20260510_VPLC_L3_HIGH_75_100_S01,vPLC_container,VPLC_HOST,1018,1018,1019,,268035,,,vplc_internal,75,100,75,0,0,0,1918899068,3,512,0,ok,
RUN_20260510_VPLC_L3_HIGH_75_100_S01_R02,VPLC_L3_HIGH_75_100,SER_20260510_VPLC_L3_HIGH_75_100_S01,vPLC_container,VPLC_HOST,1019,1019,1020,,268110,,,vplc_internal,75,100,75,0,0,0,2109046299,3,512,0,ok,
RUN_20260510_VPLC_L3_HIGH_75_100_S01_R02,VPLC_L3_HIGH_75_100,SER_20260510_VPLC_L3_HIGH_75_100_S01,vPLC_container,VPLC_HOST,1020,1020,1021,,268185,,,vplc_internal,75,100,75,0,0,0,704311485,3,512,0,ok,
RUN_20260510_VPLC_L3_HIGH_75_100_S01_R02,VPLC_L3_HIGH_75_100,SER_20260510_VPLC_L3_HIGH_75_100_S01,vPLC_container,VPLC_HOST,1021,1021,1022,,268260,,,vplc_internal,75,100,75,0,0,0,2001754976,3,512,0,ok,
RUN_20260510_VPLC_L3_HIGH_75_100_S01_R02,VPLC_L3_HIGH_75_100,SER_20260510_VPLC_L3_HIGH_75_100_S01,vPLC_container,VPLC_HOST,1022,1022,1023,,268335,,,vplc_internal,75,100,75,0,0,0,1708510726,3,512,0,ok,
RUN_20260510_VPLC_L3_HIGH_75_100_S01_R02,VPLC_L3_HIGH_75_100,SER_20260510_VPLC_L3_HIGH_75_100_S01,vPLC_container,VPLC_HOST,1023,1023,1024,,268410,,,vplc_internal,75,100,75,0,0,0,1974155438,3,512,0,ok,
