run_id,mode_id,series_id,object,node_id,sample_index,cycle_index,cycle_counter,ts_observe,ts_start,ts_end,timestamp_tick_ns,timestamp_source,t0_ms,deadline_threshold_ms,Tper,Jper,deadline_miss,heartbeat,workload_accumulator,load_level,load_passes,error_flag,quality_flag,notes
RUN_20260510_VPLC_L3_HIGH_75_100_S01_R03,VPLC_L3_HIGH_75_100,SER_20260510_VPLC_L3_HIGH_75_100_S01,vPLC_container,VPLC_HOST,39,39,40,,292635,,,vplc_internal,75,100,75,0,0,0,2051031851,3,512,0,ok,
RUN_20260510_VPLC_L3_HIGH_75_100_S01_R03,VPLC_L3_HIGH_75_100,SER_20260510_VPLC_L3_HIGH_75_100_S01,vPLC_container,VPLC_HOST,40,40,41,,292710,,,vplc_internal,75,100,75,0,0,0,267971477,3,512,0,ok,
RUN_20260510_VPLC_L3_HIGH_75_100_S01_R03,VPLC_L3_HIGH_75_100,SER_20260510_VPLC_L3_HIGH_75_100_S01,vPLC_container,VPLC_HOST,41,41,42,,292785,,,vplc_internal,75,100,75,0,0,0,1279372287,3,512,0,ok,
RUN_20260510_VPLC_L3_HIGH_75_100_S01_R03,VPLC_L3_HIGH_75_100,SER_20260510_VPLC_L3_HIGH_75_100_S01,vPLC_container,VPLC_HOST,42,42,43,,292860,,,vplc_internal,75,100,75,0,0,0,792360043,3,512,0,ok,
RUN_20260510_VPLC_L3_HIGH_75_100_S01_R03,VPLC_L3_HIGH_75_100,SER_20260510_VPLC_L3_HIGH_75_100_S01,vPLC_container,VPLC_HOST,43,43,44,,292935,,,vplc_internal,75,100,75,0,0,0,956519640,3,512,0,ok,
RUN_20260510_VPLC_L3_HIGH_75_100_S01_R03,VPLC_L3_HIGH_75_100,SER_20260510_VPLC_L3_HIGH_75_100_S01,vPLC_container,VPLC_HOST,44,44,45,,293010,,,vplc_internal,75,100,75,0,0,0,1773944134,3,512,0,ok,
RUN_20260510_VPLC_L3_HIGH_75_100_S01_R03,VPLC_L3_HIGH_75_100,SER_20260510_VPLC_L3_HIGH_75_100_S01,vPLC_container,VPLC_HOST,45,45,46,,293085,,,vplc_internal,75,100,75,0,0,0,1099251126,3,512,0,ok,
RUN_20260510_VPLC_L3_HIGH_75_100_S01_R03,VPLC_L3_HIGH_75_100,SER_20260510_VPLC_L3_HIGH_75_100_S01,vPLC_container,VPLC_HOST,46,46,47,,293160,,,vplc_internal,75,100,75,0,0,0,1082017319,3,512,0,ok,
RUN_20260510_VPLC_L3_HIGH_75_100_S01_R03,VPLC_L3_HIGH_75_100,SER_20260510_VPLC_L3_HIGH_75_100_S01,vPLC_container,VPLC_HOST,47,47,48,,293235,,,vplc_internal,75,100,75,0,0,0,1724343961,3,512,0,ok,
RUN_20260510_VPLC_L3_HIGH_75_100_S01_R03,VPLC_L3_HIGH_75_100,SER_20260510_VPLC_L3_HIGH_75_100_S01,vPLC_container,VPLC_HOST,48,48,49,,293310,,,vplc_internal,75,100,75,0,0,0,880840461,3,512,0,ok,
RUN_20260510_VPLC_L3_HIGH_75_100_S01_R03,VPLC_L3_HIGH_75_100,SER_20260510_VPLC_L3_HIGH_75_100_S01,vPLC_container,VPLC_HOST,49,49,50,,293385,,,vplc_internal,75,100,75,0,0,0,701091714,3,512,0,ok,
RUN_20260510_VPLC_L3_HIGH_75_100_S01_R03,VPLC_L3_HIGH_75_100,SER_20260510_VPLC_L3_HIGH_75_100_S01,vPLC_container,VPLC_HOST,50,50,51,,293460,,,vplc_internal,75,100,75,0,0,0,1187190776,3,512,0,ok,
RUN_20260510_VPLC_L3_HIGH_75_100_S01_R03,VPLC_L3_HIGH_75_100,SER_20260510_VPLC_L3_HIGH_75_100_S01,vPLC_container,VPLC_HOST,51,51,52,,293535,,,vplc_internal,75,100,75,0,0,0,193755248,3,512,0,ok,
RUN_20260510_VPLC_L3_HIGH_75_100_S01_R03,VPLC_L3_HIGH_75_100,SER_20260510_VPLC_L3_HIGH_75_100_S01,vPLC_container,VPLC_HOST,52,52,53,,293610,,,vplc_internal,75,100,75,0,0,0,2017845480,3,512,0,ok,
RUN_20260510_VPLC_L3_HIGH_75_100_S01_R03,VPLC_L3_HIGH_75_100,SER_20260510_VPLC_L3_HIGH_75_100_S01,vPLC_container,VPLC_HOST,53,53,54,,293685,,,vplc_internal,75,100,75,0,0,0,219111779,3,512,0,ok,
RUN_20260510_VPLC_L3_HIGH_75_100_S01_R03,VPLC_L3_HIGH_75_100,SER_20260510_VPLC_L3_HIGH_75_100_S01,vPLC_container,VPLC_HOST,54,54,55,,293760,,,vplc_internal,75,100,75,0,0,0,1242098142,3,512,0,ok,
RUN_20260510_VPLC_L3_HIGH_75_100_S01_R03,VPLC_L3_HIGH_75_100,SER_20260510_VPLC_L3_HIGH_75_100_S01,vPLC_container,VPLC_HOST,55,55,56,,293835,,,vplc_internal,75,100,75,0,0,0,793938523,3,512,0,ok,
RUN_20260510_VPLC_L3_HIGH_75_100_S01_R03,VPLC_L3_HIGH_75_100,SER_20260510_VPLC_L3_HIGH_75_100_S01,vPLC_container,VPLC_HOST,56,56,57,,293910,,,vplc_internal,75,100,75,0,0,0,1024209625,3,512,0,ok,
RUN_20260510_VPLC_L3_HIGH_75_100_S01_R03,VPLC_L3_HIGH_75_100,SER_20260510_VPLC_L3_HIGH_75_100_S01,vPLC_container,VPLC_HOST,57,57,58,,293985,,,vplc_internal,75,100,75,0,0,0,1935012696,3,512,0,ok,
RUN_20260510_VPLC_L3_HIGH_75_100_S01_R03,VPLC_L3_HIGH_75_100,SER_20260510_VPLC_L3_HIGH_75_100_S01,vPLC_container,VPLC_HOST,58,58,59,,294060,,,vplc_internal,75,100,75,0,0,0,1380957145,3,512,0,ok,
RUN_20260510_VPLC_L3_HIGH_75_100_S01_R03,VPLC_L3_HIGH_75_100,SER_20260510_VPLC_L3_HIGH_75_100_S01,vPLC_container,VPLC_HOST,59,59,60,,294135,,,vplc_internal,75,100,75,0,0,0,1511627867,3,512,0,ok,
RUN_20260510_VPLC_L3_HIGH_75_100_S01_R03,VPLC_L3_HIGH_75_100,SER_20260510_VPLC_L3_HIGH_75_100_S01,vPLC_container,VPLC_HOST,60,60,61,,294210,,,vplc_internal,75,100,75,0,0,0,181634271,3,512,0,ok,
RUN_20260510_VPLC_L3_HIGH_75_100_S01_R03,VPLC_L3_HIGH_75_100,SER_20260510_VPLC_L3_HIGH_75_100_S01,vPLC_container,VPLC_HOST,61,61,62,,294285,,,vplc_internal,75,100,75,0,0,0,1688044899,3,512,0,ok,
RUN_20260510_VPLC_L3_HIGH_75_100_S01_R03,VPLC_L3_HIGH_75_100,SER_20260510_VPLC_L3_HIGH_75_100_S01,vPLC_container,VPLC_HOST,62,62,63,,294360,,,vplc_internal,75,100,75,0,0,0,1737985513,3,512,0,ok,
RUN_20260510_VPLC_L3_HIGH_75_100_S01_R03,VPLC_L3_HIGH_75_100,SER_20260510_VPLC_L3_HIGH_75_100_S01,vPLC_container,VPLC_HOST,63,63,64,,294435,,,vplc_internal,75,100,75,0,0,0,333557361,3,512,0,ok,
RUN_20260510_VPLC_L3_HIGH_75_100_S01_R03,VPLC_L3_HIGH_75_100,SER_20260510_VPLC_L3_HIGH_75_100_S01,vPLC_container,VPLC_HOST,64,64,65,,294510,,,vplc_internal,75,100,75,0,0,0,1771820793,3,512,0,ok,
RUN_20260510_VPLC_L3_HIGH_75_100_S01_R03,VPLC_L3_HIGH_75_100,SER_20260510_VPLC_L3_HIGH_75_100_S01,vPLC_container,VPLC_HOST,65,65,66,,294585,,,vplc_internal,75,100,75,0,0,0,1759909763,3,512,0,ok,
RUN_20260510_VPLC_L3_HIGH_75_100_S01_R03,VPLC_L3_HIGH_75_100,SER_20260510_VPLC_L3_HIGH_75_100_S01,vPLC_container,VPLC_HOST,66,66,67,,294660,,,vplc_internal,75,100,75,0,0,0,299917327,3,512,0,ok,
RUN_20260510_VPLC_L3_HIGH_75_100_S01_R03,VPLC_L3_HIGH_75_100,SER_20260510_VPLC_L3_HIGH_75_100_S01,vPLC_container,VPLC_HOST,67,67,68,,294735,,,vplc_internal,75,100,75,0,0,0,1688912027,3,512,0,ok,
RUN_20260510_VPLC_L3_HIGH_75_100_S01_R03,VPLC_L3_HIGH_75_100,SER_20260510_VPLC_L3_HIGH_75_100_S01,vPLC_container,VPLC_HOST,68,68,69,,294822,,,vplc_internal,75,100,87,12,0,0,1634019625,3,512,0,ok,
RUN_20260510_VPLC_L3_HIGH_75_100_S01_R03,VPLC_L3_HIGH_75_100,SER_20260510_VPLC_L3_HIGH_75_100_S01,vPLC_container,VPLC_HOST,69,69,70,,294885,,,vplc_internal,75,100,63,-12,0,0,137341369,3,512,0,ok,
RUN_20260510_VPLC_L3_HIGH_75_100_S01_R03,VPLC_L3_HIGH_75_100,SER_20260510_VPLC_L3_HIGH_75_100_S01,vPLC_container,VPLC_HOST,70,70,71,,294960,,,vplc_internal,75,100,75,0,0,0,1495937609,3,512,0,ok,
RUN_20260510_VPLC_L3_HIGH_75_100_S01_R03,VPLC_L3_HIGH_75_100,SER_20260510_VPLC_L3_HIGH_75_100_S01,vPLC_container,VPLC_HOST,71,71,72,,295035,,,vplc_internal,75,100,75,0,0,0,1416942299,3,512,0,ok,
RUN_20260510_VPLC_L3_HIGH_75_100_S01_R03,VPLC_L3_HIGH_75_100,SER_20260510_VPLC_L3_HIGH_75_100_S01,vPLC_container,VPLC_HOST,72,72,73,,295110,,,vplc_internal,75,100,75,0,0,0,2049932142,3,512,0,ok,
RUN_20260510_VPLC_L3_HIGH_75_100_S01_R03,VPLC_L3_HIGH_75_100,SER_20260510_VPLC_L3_HIGH_75_100_S01,vPLC_container,VPLC_HOST,73,73,74,,295185,,,vplc_internal,75,100,75,0,0,0,1249524739,3,512,0,ok,
RUN_20260510_VPLC_L3_HIGH_75_100_S01_R03,VPLC_L3_HIGH_75_100,SER_20260510_VPLC_L3_HIGH_75_100_S01,vPLC_container,VPLC_HOST,74,74,75,,295260,,,vplc_internal,75,100,75,0,0,0,1165296793,3,512,0,ok,
RUN_20260510_VPLC_L3_HIGH_75_100_S01_R03,VPLC_L3_HIGH_75_100,SER_20260510_VPLC_L3_HIGH_75_100_S01,vPLC_container,VPLC_HOST,75,75,76,,295335,,,vplc_internal,75,100,75,0,0,0,1799349552,3,512,0,ok,
RUN_20260510_VPLC_L3_HIGH_75_100_S01_R03,VPLC_L3_HIGH_75_100,SER_20260510_VPLC_L3_HIGH_75_100_S01,vPLC_container,VPLC_HOST,76,76,77,,295410,,,vplc_internal,75,100,75,0,0,0,1006292425,3,512,0,ok,
RUN_20260510_VPLC_L3_HIGH_75_100_S01_R03,VPLC_L3_HIGH_75_100,SER_20260510_VPLC_L3_HIGH_75_100_S01,vPLC_container,VPLC_HOST,77,77,78,,295485,,,vplc_internal,75,100,75,0,0,0,935710307,3,512,0,ok,
RUN_20260510_VPLC_L3_HIGH_75_100_S01_R03,VPLC_L3_HIGH_75_100,SER_20260510_VPLC_L3_HIGH_75_100_S01,vPLC_container,VPLC_HOST,78,78,79,,295560,,,vplc_internal,75,100,75,0,0,0,1589696254,3,512,0,ok,
RUN_20260510_VPLC_L3_HIGH_75_100_S01_R03,VPLC_L3_HIGH_75_100,SER_20260510_VPLC_L3_HIGH_75_100_S01,vPLC_container,VPLC_HOST,79,79,80,,295635,,,vplc_internal,75,100,75,0,0,0,822867867,3,512,0,ok,
RUN_20260510_VPLC_L3_HIGH_75_100_S01_R03,VPLC_L3_HIGH_75_100,SER_20260510_VPLC_L3_HIGH_75_100_S01,vPLC_container,VPLC_HOST,80,80,81,,295710,,,vplc_internal,75,100,75,0,0,0,784801849,3,512,0,ok,
RUN_20260510_VPLC_L3_HIGH_75_100_S01_R03,VPLC_L3_HIGH_75_100,SER_20260510_VPLC_L3_HIGH_75_100_S01,vPLC_container,VPLC_HOST,81,81,82,,295785,,,vplc_internal,75,100,75,0,0,0,1477599448,3,512,0,ok,
RUN_20260510_VPLC_L3_HIGH_75_100_S01_R03,VPLC_L3_HIGH_75_100,SER_20260510_VPLC_L3_HIGH_75_100_S01,vPLC_container,VPLC_HOST,82,82,83,,295860,,,vplc_internal,75,100,75,0,0,0,755870073,3,512,0,ok,
RUN_20260510_VPLC_L3_HIGH_75_100_S01_R03,VPLC_L3_HIGH_75_100,SER_20260510_VPLC_L3_HIGH_75_100_S01,vPLC_container,VPLC_HOST,83,83,84,,295935,,,vplc_internal,75,100,75,0,0,0,769198619,3,512,0,ok,
RUN_20260510_VPLC_L3_HIGH_75_100_S01_R03,VPLC_L3_HIGH_75_100,SER_20260510_VPLC_L3_HIGH_75_100_S01,vPLC_container,VPLC_HOST,84,84,85,,296010,,,vplc_internal,75,100,75,0,0,0,1519678142,3,512,0,ok,
RUN_20260510_VPLC_L3_HIGH_75_100_S01_R03,VPLC_L3_HIGH_75_100,SER_20260510_VPLC_L3_HIGH_75_100_S01,vPLC_container,VPLC_HOST,85,85,86,,296085,,,vplc_internal,75,100,75,0,0,0,861926243,3,512,0,ok,
RUN_20260510_VPLC_L3_HIGH_75_100_S01_R03,VPLC_L3_HIGH_75_100,SER_20260510_VPLC_L3_HIGH_75_100_S01,vPLC_container,VPLC_HOST,86,86,87,,296160,,,vplc_internal,75,100,75,0,0,0,945519625,3,512,0,ok,
RUN_20260510_VPLC_L3_HIGH_75_100_S01_R03,VPLC_L3_HIGH_75_100,SER_20260510_VPLC_L3_HIGH_75_100_S01,vPLC_container,VPLC_HOST,87,87,88,,296235,,,vplc_internal,75,100,75,0,0,0,1772559536,3,512,0,ok,
RUN_20260510_VPLC_L3_HIGH_75_100_S01_R03,VPLC_L3_HIGH_75_100,SER_20260510_VPLC_L3_HIGH_75_100_S01,vPLC_container,VPLC_HOST,88,88,89,,296310,,,vplc_internal,75,100,75,0,0,0,1197655385,3,512,0,ok,
RUN_20260510_VPLC_L3_HIGH_75_100_S01_R03,VPLC_L3_HIGH_75_100,SER_20260510_VPLC_L3_HIGH_75_100_S01,vPLC_container,VPLC_HOST,89,89,90,,296385,,,vplc_internal,75,100,75,0,0,0,1370392067,3,512,0,ok,
RUN_20260510_VPLC_L3_HIGH_75_100_S01_R03,VPLC_L3_HIGH_75_100,SER_20260510_VPLC_L3_HIGH_75_100_S01,vPLC_container,VPLC_HOST,90,90,91,,296460,,,vplc_internal,75,100,75,0,0,0,145378991,3,512,0,ok,
RUN_20260510_VPLC_L3_HIGH_75_100_S01_R03,VPLC_L3_HIGH_75_100,SER_20260510_VPLC_L3_HIGH_75_100_S01,vPLC_container,VPLC_HOST,91,91,92,,296535,,,vplc_internal,75,100,75,0,0,0,1819684699,3,512,0,ok,
RUN_20260510_VPLC_L3_HIGH_75_100_S01_R03,VPLC_L3_HIGH_75_100,SER_20260510_VPLC_L3_HIGH_75_100_S01,vPLC_container,VPLC_HOST,92,92,93,,296610,,,vplc_internal,75,100,75,0,0,0,2100434953,3,512,0,ok,
RUN_20260510_VPLC_L3_HIGH_75_100_S01_R03,VPLC_L3_HIGH_75_100,SER_20260510_VPLC_L3_HIGH_75_100_S01,vPLC_container,VPLC_HOST,93,93,94,,296685,,,vplc_internal,75,100,75,0,0,0,989731001,3,512,0,ok,
RUN_20260510_VPLC_L3_HIGH_75_100_S01_R03,VPLC_L3_HIGH_75_100,SER_20260510_VPLC_L3_HIGH_75_100_S01,vPLC_container,VPLC_HOST,94,94,95,,296760,,,vplc_internal,75,100,75,0,0,0,637149546,3,512,0,ok,
RUN_20260510_VPLC_L3_HIGH_75_100_S01_R03,VPLC_L3_HIGH_75_100,SER_20260510_VPLC_L3_HIGH_75_100_S01,vPLC_container,VPLC_HOST,95,95,96,,296835,,,vplc_internal,75,100,75,0,0,0,1044791836,3,512,0,ok,
RUN_20260510_VPLC_L3_HIGH_75_100_S01_R03,VPLC_L3_HIGH_75_100,SER_20260510_VPLC_L3_HIGH_75_100_S01,vPLC_container,VPLC_HOST,96,96,97,,296910,,,vplc_internal,75,100,75,0,0,0,67267280,3,512,0,ok,
RUN_20260510_VPLC_L3_HIGH_75_100_S01_R03,VPLC_L3_HIGH_75_100,SER_20260510_VPLC_L3_HIGH_75_100_S01,vPLC_container,VPLC_HOST,97,97,98,,296985,,,vplc_internal,75,100,75,0,0,0,2001644420,3,512,0,ok,
RUN_20260510_VPLC_L3_HIGH_75_100_S01_R03,VPLC_L3_HIGH_75_100,SER_20260510_VPLC_L3_HIGH_75_100_S01,vPLC_container,VPLC_HOST,98,98,99,,297060,,,vplc_internal,75,100,75,0,0,0,407565371,3,512,0,ok,
RUN_20260510_VPLC_L3_HIGH_75_100_S01_R03,VPLC_L3_HIGH_75_100,SER_20260510_VPLC_L3_HIGH_75_100_S01,vPLC_container,VPLC_HOST,99,99,100,,297135,,,vplc_internal,75,100,75,0,0,1,1729582322,3,512,0,ok,
RUN_20260510_VPLC_L3_HIGH_75_100_S01_R03,VPLC_L3_HIGH_75_100,SER_20260510_VPLC_L3_HIGH_75_100_S01,vPLC_container,VPLC_HOST,100,100,101,,297210,,,vplc_internal,75,100,75,0,0,1,1674821035,3,512,0,ok,
RUN_20260510_VPLC_L3_HIGH_75_100_S01_R03,VPLC_L3_HIGH_75_100,SER_20260510_VPLC_L3_HIGH_75_100_S01,vPLC_container,VPLC_HOST,101,101,102,,297285,,,vplc_internal,75,100,75,0,0,1,245382758,3,512,0,ok,
RUN_20260510_VPLC_L3_HIGH_75_100_S01_R03,VPLC_L3_HIGH_75_100,SER_20260510_VPLC_L3_HIGH_75_100_S01,vPLC_container,VPLC_HOST,102,102,103,,297360,,,vplc_internal,75,100,75,0,0,1,1738327841,3,512,0,ok,
RUN_20260510_VPLC_L3_HIGH_75_100_S01_R03,VPLC_L3_HIGH_75_100,SER_20260510_VPLC_L3_HIGH_75_100_S01,vPLC_container,VPLC_HOST,103,103,104,,297435,,,vplc_internal,75,100,75,0,0,1,1860790238,3,512,0,ok,
RUN_20260510_VPLC_L3_HIGH_75_100_S01_R03,VPLC_L3_HIGH_75_100,SER_20260510_VPLC_L3_HIGH_75_100_S01,vPLC_container,VPLC_HOST,104,104,105,,297510,,,vplc_internal,75,100,75,0,0,1,614863005,3,512,0,ok,
RUN_20260510_VPLC_L3_HIGH_75_100_S01_R03,VPLC_L3_HIGH_75_100,SER_20260510_VPLC_L3_HIGH_75_100_S01,vPLC_container,VPLC_HOST,105,105,106,,297585,,,vplc_internal,75,100,75,0,0,1,150131037,3,512,0,ok,
RUN_20260510_VPLC_L3_HIGH_75_100_S01_R03,VPLC_L3_HIGH_75_100,SER_20260510_VPLC_L3_HIGH_75_100_S01,vPLC_container,VPLC_HOST,106,106,107,,297660,,,vplc_internal,75,100,75,0,0,1,468687390,3,512,0,ok,
RUN_20260510_VPLC_L3_HIGH_75_100_S01_R03,VPLC_L3_HIGH_75_100,SER_20260510_VPLC_L3_HIGH_75_100_S01,vPLC_container,VPLC_HOST,107,107,108,,297735,,,vplc_internal,75,100,75,0,0,1,1572633312,3,512,0,ok,
RUN_20260510_VPLC_L3_HIGH_75_100_S01_R03,VPLC_L3_HIGH_75_100,SER_20260510_VPLC_L3_HIGH_75_100_S01,vPLC_container,VPLC_HOST,108,108,109,,297820,,,vplc_internal,75,100,85,10,0,1,1316578212,3,512,0,ok,
RUN_20260510_VPLC_L3_HIGH_75_100_S01_R03,VPLC_L3_HIGH_75_100,SER_20260510_VPLC_L3_HIGH_75_100_S01,vPLC_container,VPLC_HOST,109,109,110,,297885,,,vplc_internal,75,100,65,-10,0,1,1850106985,3,512,0,ok,
RUN_20260510_VPLC_L3_HIGH_75_100_S01_R03,VPLC_L3_HIGH_75_100,SER_20260510_VPLC_L3_HIGH_75_100_S01,vPLC_container,VPLC_HOST,110,110,111,,297960,,,vplc_internal,75,100,75,0,0,1,1027829040,3,512,0,ok,
RUN_20260510_VPLC_L3_HIGH_75_100_S01_R03,VPLC_L3_HIGH_75_100,SER_20260510_VPLC_L3_HIGH_75_100_S01,vPLC_container,VPLC_HOST,111,111,112,,298035,,,vplc_internal,75,100,75,0,0,1,999329272,3,512,0,ok,
RUN_20260510_VPLC_L3_HIGH_75_100_S01_R03,VPLC_L3_HIGH_75_100,SER_20260510_VPLC_L3_HIGH_75_100_S01,vPLC_container,VPLC_HOST,112,112,113,,298110,,,vplc_internal,75,100,75,0,0,1,1766700737,3,512,0,ok,
RUN_20260510_VPLC_L3_HIGH_75_100_S01_R03,VPLC_L3_HIGH_75_100,SER_20260510_VPLC_L3_HIGH_75_100_S01,vPLC_container,VPLC_HOST,113,113,114,,298185,,,vplc_internal,75,100,75,0,0,1,1184561036,3,512,0,ok,
RUN_20260510_VPLC_L3_HIGH_75_100_S01_R03,VPLC_L3_HIGH_75_100,SER_20260510_VPLC_L3_HIGH_75_100_S01,vPLC_container,VPLC_HOST,114,114,115,,298260,,,vplc_internal,75,100,75,0,0,1,1402486872,3,512,0,ok,
RUN_20260510_VPLC_L3_HIGH_75_100_S01_R03,VPLC_L3_HIGH_75_100,SER_20260510_VPLC_L3_HIGH_75_100_S01,vPLC_container,VPLC_HOST,115,115,116,,298335,,,vplc_internal,75,100,75,0,0,1,275095846,3,512,0,ok,
RUN_20260510_VPLC_L3_HIGH_75_100_S01_R03,VPLC_L3_HIGH_75_100,SER_20260510_VPLC_L3_HIGH_75_100_S01,vPLC_container,VPLC_HOST,116,116,117,,298410,,,vplc_internal,75,100,75,0,0,1,2099448308,3,512,0,ok,
RUN_20260510_VPLC_L3_HIGH_75_100_S01_R03,VPLC_L3_HIGH_75_100,SER_20260510_VPLC_L3_HIGH_75_100_S01,vPLC_container,VPLC_HOST,117,117,118,,298485,,,vplc_internal,75,100,75,0,0,1,435194565,3,512,0,ok,
RUN_20260510_VPLC_L3_HIGH_75_100_S01_R03,VPLC_L3_HIGH_75_100,SER_20260510_VPLC_L3_HIGH_75_100_S01,vPLC_container,VPLC_HOST,118,118,119,,298560,,,vplc_internal,75,100,75,0,0,1,1726878614,3,512,0,ok,
RUN_20260510_VPLC_L3_HIGH_75_100_S01_R03,VPLC_L3_HIGH_75_100,SER_20260510_VPLC_L3_HIGH_75_100_S01,vPLC_container,VPLC_HOST,119,119,120,,298635,,,vplc_internal,75,100,75,0,0,1,1681634409,3,512,0,ok,
RUN_20260510_VPLC_L3_HIGH_75_100_S01_R03,VPLC_L3_HIGH_75_100,SER_20260510_VPLC_L3_HIGH_75_100_S01,vPLC_container,VPLC_HOST,120,120,121,,298710,,,vplc_internal,75,100,75,0,0,1,301555006,3,512,0,ok,
RUN_20260510_VPLC_L3_HIGH_75_100_S01_R03,VPLC_L3_HIGH_75_100,SER_20260510_VPLC_L3_HIGH_75_100_S01,vPLC_container,VPLC_HOST,121,121,122,,298785,,,vplc_internal,75,100,75,0,0,1,1883708947,3,512,0,ok,
RUN_20260510_VPLC_L3_HIGH_75_100_S01_R03,VPLC_L3_HIGH_75_100,SER_20260510_VPLC_L3_HIGH_75_100_S01,vPLC_container,VPLC_HOST,122,122,123,,298860,,,vplc_internal,75,100,75,0,0,1,2135221994,3,512,0,ok,
RUN_20260510_VPLC_L3_HIGH_75_100_S01_R03,VPLC_L3_HIGH_75_100,SER_20260510_VPLC_L3_HIGH_75_100_S01,vPLC_container,VPLC_HOST,123,123,124,,298935,,,vplc_internal,75,100,75,0,0,1,1058195395,3,512,0,ok,
RUN_20260510_VPLC_L3_HIGH_75_100_S01_R03,VPLC_L3_HIGH_75_100,SER_20260510_VPLC_L3_HIGH_75_100_S01,vPLC_container,VPLC_HOST,124,124,125,,299010,,,vplc_internal,75,100,75,0,0,1,802205853,3,512,0,ok,
RUN_20260510_VPLC_L3_HIGH_75_100_S01_R03,VPLC_L3_HIGH_75_100,SER_20260510_VPLC_L3_HIGH_75_100_S01,vPLC_container,VPLC_HOST,125,125,126,,299085,,,vplc_internal,75,100,75,0,0,1,1369354616,3,512,0,ok,
RUN_20260510_VPLC_L3_HIGH_75_100_S01_R03,VPLC_L3_HIGH_75_100,SER_20260510_VPLC_L3_HIGH_75_100_S01,vPLC_container,VPLC_HOST,126,126,127,,299160,,,vplc_internal,75,100,75,0,0,1,614251093,3,512,0,ok,
RUN_20260510_VPLC_L3_HIGH_75_100_S01_R03,VPLC_L3_HIGH_75_100,SER_20260510_VPLC_L3_HIGH_75_100_S01,vPLC_container,VPLC_HOST,127,127,128,,299235,,,vplc_internal,75,100,75,0,0,1,686480179,3,512,0,ok,
RUN_20260510_VPLC_L3_HIGH_75_100_S01_R03,VPLC_L3_HIGH_75_100,SER_20260510_VPLC_L3_HIGH_75_100_S01,vPLC_container,VPLC_HOST,128,128,129,,299310,,,vplc_internal,75,100,75,0,0,1,1588134930,3,512,0,ok,
RUN_20260510_VPLC_L3_HIGH_75_100_S01_R03,VPLC_L3_HIGH_75_100,SER_20260510_VPLC_L3_HIGH_75_100_S01,vPLC_container,VPLC_HOST,129,129,130,,299385,,,vplc_internal,75,100,75,0,0,1,1173832947,3,512,0,ok,
RUN_20260510_VPLC_L3_HIGH_75_100_S01_R03,VPLC_L3_HIGH_75_100,SER_20260510_VPLC_L3_HIGH_75_100_S01,vPLC_container,VPLC_HOST,130,130,131,,299460,,,vplc_internal,75,100,75,0,0,1,1593150933,3,512,0,ok,
RUN_20260510_VPLC_L3_HIGH_75_100_S01_R03,VPLC_L3_HIGH_75_100,SER_20260510_VPLC_L3_HIGH_75_100_S01,vPLC_container,VPLC_HOST,131,131,132,,299535,,,vplc_internal,75,100,75,0,0,1,700706489,3,512,0,ok,
RUN_20260510_VPLC_L3_HIGH_75_100_S01_R03,VPLC_L3_HIGH_75_100,SER_20260510_VPLC_L3_HIGH_75_100_S01,vPLC_container,VPLC_HOST,132,132,133,,299610,,,vplc_internal,75,100,75,0,0,1,646076318,3,512,0,ok,
RUN_20260510_VPLC_L3_HIGH_75_100_S01_R03,VPLC_L3_HIGH_75_100,SER_20260510_VPLC_L3_HIGH_75_100_S01,vPLC_container,VPLC_HOST,133,133,134,,299685,,,vplc_internal,75,100,75,0,0,1,1431361668,3,512,0,ok,
RUN_20260510_VPLC_L3_HIGH_75_100_S01_R03,VPLC_L3_HIGH_75_100,SER_20260510_VPLC_L3_HIGH_75_100_S01,vPLC_container,VPLC_HOST,134,134,135,,299760,,,vplc_internal,75,100,75,0,0,1,911171948,3,512,0,ok,
RUN_20260510_VPLC_L3_HIGH_75_100_S01_R03,VPLC_L3_HIGH_75_100,SER_20260510_VPLC_L3_HIGH_75_100_S01,vPLC_container,VPLC_HOST,135,135,136,,299835,,,vplc_internal,75,100,75,0,0,1,1235092053,3,512,0,ok,
RUN_20260510_VPLC_L3_HIGH_75_100_S01_R03,VPLC_L3_HIGH_75_100,SER_20260510_VPLC_L3_HIGH_75_100_S01,vPLC_container,VPLC_HOST,136,136,137,,299910,,,vplc_internal,75,100,75,0,0,1,257731392,3,512,0,ok,
RUN_20260510_VPLC_L3_HIGH_75_100_S01_R03,VPLC_L3_HIGH_75_100,SER_20260510_VPLC_L3_HIGH_75_100_S01,vPLC_container,VPLC_HOST,137,137,138,,299985,,,vplc_internal,75,100,75,0,0,1,128674860,3,512,0,ok,
RUN_20260510_VPLC_L3_HIGH_75_100_S01_R03,VPLC_L3_HIGH_75_100,SER_20260510_VPLC_L3_HIGH_75_100_S01,vPLC_container,VPLC_HOST,138,138,139,,300060,,,vplc_internal,75,100,75,0,0,1,850015513,3,512,0,ok,
RUN_20260510_VPLC_L3_HIGH_75_100_S01_R03,VPLC_L3_HIGH_75_100,SER_20260510_VPLC_L3_HIGH_75_100_S01,vPLC_container,VPLC_HOST,139,139,140,,300135,,,vplc_internal,75,100,75,0,0,1,276370952,3,512,0,ok,
RUN_20260510_VPLC_L3_HIGH_75_100_S01_R03,VPLC_L3_HIGH_75_100,SER_20260510_VPLC_L3_HIGH_75_100_S01,vPLC_container,VPLC_HOST,140,140,141,,300210,,,vplc_internal,75,100,75,0,0,1,557317880,3,512,0,ok,
RUN_20260510_VPLC_L3_HIGH_75_100_S01_R03,VPLC_L3_HIGH_75_100,SER_20260510_VPLC_L3_HIGH_75_100_S01,vPLC_container,VPLC_HOST,141,141,142,,300285,,,vplc_internal,75,100,75,0,0,1,1694957545,3,512,0,ok,
RUN_20260510_VPLC_L3_HIGH_75_100_S01_R03,VPLC_L3_HIGH_75_100,SER_20260510_VPLC_L3_HIGH_75_100_S01,vPLC_container,VPLC_HOST,142,142,143,,300360,,,vplc_internal,75,100,75,0,0,1,1543899356,3,512,0,ok,
RUN_20260510_VPLC_L3_HIGH_75_100_S01_R03,VPLC_L3_HIGH_75_100,SER_20260510_VPLC_L3_HIGH_75_100_S01,vPLC_container,VPLC_HOST,143,143,144,,300435,,,vplc_internal,75,100,75,0,0,1,106244561,3,512,0,ok,
RUN_20260510_VPLC_L3_HIGH_75_100_S01_R03,VPLC_L3_HIGH_75_100,SER_20260510_VPLC_L3_HIGH_75_100_S01,vPLC_container,VPLC_HOST,144,144,145,,300510,,,vplc_internal,75,100,75,0,0,1,1679053510,3,512,0,ok,
RUN_20260510_VPLC_L3_HIGH_75_100_S01_R03,VPLC_L3_HIGH_75_100,SER_20260510_VPLC_L3_HIGH_75_100_S01,vPLC_container,VPLC_HOST,145,145,146,,300585,,,vplc_internal,75,100,75,0,0,1,1969460157,3,512,0,ok,
RUN_20260510_VPLC_L3_HIGH_75_100_S01_R03,VPLC_L3_HIGH_75_100,SER_20260510_VPLC_L3_HIGH_75_100_S01,vPLC_container,VPLC_HOST,146,146,147,,300660,,,vplc_internal,75,100,75,0,0,1,979557558,3,512,0,ok,
RUN_20260510_VPLC_L3_HIGH_75_100_S01_R03,VPLC_L3_HIGH_75_100,SER_20260510_VPLC_L3_HIGH_75_100_S01,vPLC_container,VPLC_HOST,147,147,148,,300735,,,vplc_internal,75,100,75,0,0,1,858930608,3,512,0,ok,
RUN_20260510_VPLC_L3_HIGH_75_100_S01_R03,VPLC_L3_HIGH_75_100,SER_20260510_VPLC_L3_HIGH_75_100_S01,vPLC_container,VPLC_HOST,148,148,149,,300820,,,vplc_internal,75,100,85,10,0,1,1609672363,3,512,0,ok,
RUN_20260510_VPLC_L3_HIGH_75_100_S01_R03,VPLC_L3_HIGH_75_100,SER_20260510_VPLC_L3_HIGH_75_100_S01,vPLC_container,VPLC_HOST,149,149,150,,300885,,,vplc_internal,75,100,65,-10,0,1,1086400424,3,512,0,ok,
RUN_20260510_VPLC_L3_HIGH_75_100_S01_R03,VPLC_L3_HIGH_75_100,SER_20260510_VPLC_L3_HIGH_75_100_S01,vPLC_container,VPLC_HOST,150,150,151,,300960,,,vplc_internal,75,100,75,0,0,1,1438691494,3,512,0,ok,
RUN_20260510_VPLC_L3_HIGH_75_100_S01_R03,VPLC_L3_HIGH_75_100,SER_20260510_VPLC_L3_HIGH_75_100_S01,vPLC_container,VPLC_HOST,151,151,152,,301035,,,vplc_internal,75,100,75,0,0,1,521163174,3,512,0,ok,
RUN_20260510_VPLC_L3_HIGH_75_100_S01_R03,VPLC_L3_HIGH_75_100,SER_20260510_VPLC_L3_HIGH_75_100_S01,vPLC_container,VPLC_HOST,152,152,153,,301110,,,vplc_internal,75,100,75,0,0,1,483392167,3,512,0,ok,
RUN_20260510_VPLC_L3_HIGH_75_100_S01_R03,VPLC_L3_HIGH_75_100,SER_20260510_VPLC_L3_HIGH_75_100_S01,vPLC_container,VPLC_HOST,153,153,154,,301185,,,vplc_internal,75,100,75,0,0,1,1327479721,3,512,0,ok,
RUN_20260510_VPLC_L3_HIGH_75_100_S01_R03,VPLC_L3_HIGH_75_100,SER_20260510_VPLC_L3_HIGH_75_100_S01,vPLC_container,VPLC_HOST,154,154,155,,301260,,,vplc_internal,75,100,75,0,0,1,908035245,3,512,0,ok,
RUN_20260510_VPLC_L3_HIGH_75_100_S01_R03,VPLC_L3_HIGH_75_100,SER_20260510_VPLC_L3_HIGH_75_100_S01,vPLC_container,VPLC_HOST,155,155,156,,301335,,,vplc_internal,75,100,75,0,0,1,1374643634,3,512,0,ok,
RUN_20260510_VPLC_L3_HIGH_75_100_S01_R03,VPLC_L3_HIGH_75_100,SER_20260510_VPLC_L3_HIGH_75_100_S01,vPLC_container,VPLC_HOST,156,156,157,,301410,,,vplc_internal,75,100,75,0,0,1,581914297,3,512,0,ok,
RUN_20260510_VPLC_L3_HIGH_75_100_S01_R03,VPLC_L3_HIGH_75_100,SER_20260510_VPLC_L3_HIGH_75_100_S01,vPLC_container,VPLC_HOST,157,157,158,,301485,,,vplc_internal,75,100,75,0,0,1,679432129,3,512,0,ok,
RUN_20260510_VPLC_L3_HIGH_75_100_S01_R03,VPLC_L3_HIGH_75_100,SER_20260510_VPLC_L3_HIGH_75_100_S01,vPLC_container,VPLC_HOST,158,158,159,,301560,,,vplc_internal,75,100,75,0,0,1,1669290186,3,512,0,ok,
RUN_20260510_VPLC_L3_HIGH_75_100_S01_R03,VPLC_L3_HIGH_75_100,SER_20260510_VPLC_L3_HIGH_75_100_S01,vPLC_container,VPLC_HOST,159,159,160,,301635,,,vplc_internal,75,100,75,0,0,1,1406106069,3,512,0,ok,
RUN_20260510_VPLC_L3_HIGH_75_100_S01_R03,VPLC_L3_HIGH_75_100,SER_20260510_VPLC_L3_HIGH_75_100_S01,vPLC_container,VPLC_HOST,160,160,161,,301710,,,vplc_internal,75,100,75,0,0,1,2039456481,3,512,0,ok,
RUN_20260510_VPLC_L3_HIGH_75_100_S01_R03,VPLC_L3_HIGH_75_100,SER_20260510_VPLC_L3_HIGH_75_100_S01,vPLC_container,VPLC_HOST,161,161,162,,301785,,,vplc_internal,75,100,75,0,0,1,1423959023,3,512,0,ok,
RUN_20260510_VPLC_L3_HIGH_75_100_S01_R03,VPLC_L3_HIGH_75_100,SER_20260510_VPLC_L3_HIGH_75_100_S01,vPLC_container,VPLC_HOST,162,162,163,,301860,,,vplc_internal,75,100,75,0,0,1,1709190398,3,512,0,ok,
RUN_20260510_VPLC_L3_HIGH_75_100_S01_R03,VPLC_L3_HIGH_75_100,SER_20260510_VPLC_L3_HIGH_75_100_S01,vPLC_container,VPLC_HOST,163,163,164,,301935,,,vplc_internal,75,100,75,0,0,1,749768207,3,512,0,ok,
RUN_20260510_VPLC_L3_HIGH_75_100_S01_R03,VPLC_L3_HIGH_75_100,SER_20260510_VPLC_L3_HIGH_75_100_S01,vPLC_container,VPLC_HOST,164,164,165,,302010,,,vplc_internal,75,100,75,0,0,1,695269153,3,512,0,ok,
RUN_20260510_VPLC_L3_HIGH_75_100_S01_R03,VPLC_L3_HIGH_75_100,SER_20260510_VPLC_L3_HIGH_75_100_S01,vPLC_container,VPLC_HOST,165,165,166,,302085,,,vplc_internal,75,100,75,0,0,1,1547794484,3,512,0,ok,
RUN_20260510_VPLC_L3_HIGH_75_100_S01_R03,VPLC_L3_HIGH_75_100,SER_20260510_VPLC_L3_HIGH_75_100_S01,vPLC_container,VPLC_HOST,166,166,167,,302160,,,vplc_internal,75,100,75,0,0,1,1161953609,3,512,0,ok,
RUN_20260510_VPLC_L3_HIGH_75_100_S01_R03,VPLC_L3_HIGH_75_100,SER_20260510_VPLC_L3_HIGH_75_100_S01,vPLC_container,VPLC_HOST,167,167,168,,302235,,,vplc_internal,75,100,75,0,0,1,1687331423,3,512,0,ok,
RUN_20260510_VPLC_L3_HIGH_75_100_S01_R03,VPLC_L3_HIGH_75_100,SER_20260510_VPLC_L3_HIGH_75_100_S01,vPLC_container,VPLC_HOST,168,168,169,,302310,,,vplc_internal,75,100,75,0,0,1,978537335,3,512,0,ok,
RUN_20260510_VPLC_L3_HIGH_75_100_S01_R03,VPLC_L3_HIGH_75_100,SER_20260510_VPLC_L3_HIGH_75_100_S01,vPLC_container,VPLC_HOST,169,169,170,,302385,,,vplc_internal,75,100,75,0,0,1,1185156240,3,512,0,ok,
RUN_20260510_VPLC_L3_HIGH_75_100_S01_R03,VPLC_L3_HIGH_75_100,SER_20260510_VPLC_L3_HIGH_75_100_S01,vPLC_container,VPLC_HOST,170,170,171,,302460,,,vplc_internal,75,100,75,0,0,1,161797547,3,512,0,ok,
RUN_20260510_VPLC_L3_HIGH_75_100_S01_R03,VPLC_L3_HIGH_75_100,SER_20260510_VPLC_L3_HIGH_75_100_S01,vPLC_container,VPLC_HOST,171,171,172,,302535,,,vplc_internal,75,100,75,0,0,1,58046151,3,512,0,ok,
RUN_20260510_VPLC_L3_HIGH_75_100_S01_R03,VPLC_L3_HIGH_75_100,SER_20260510_VPLC_L3_HIGH_75_100_S01,vPLC_container,VPLC_HOST,172,172,173,,302610,,,vplc_internal,75,100,75,0,0,1,875995108,3,512,0,ok,
RUN_20260510_VPLC_L3_HIGH_75_100_S01_R03,VPLC_L3_HIGH_75_100,SER_20260510_VPLC_L3_HIGH_75_100_S01,vPLC_container,VPLC_HOST,173,173,174,,302685,,,vplc_internal,75,100,75,0,0,1,470262019,3,512,0,ok,
RUN_20260510_VPLC_L3_HIGH_75_100_S01_R03,VPLC_L3_HIGH_75_100,SER_20260510_VPLC_L3_HIGH_75_100_S01,vPLC_container,VPLC_HOST,174,174,175,,302760,,,vplc_internal,75,100,75,0,0,1,990423587,3,512,0,ok,
RUN_20260510_VPLC_L3_HIGH_75_100_S01_R03,VPLC_L3_HIGH_75_100,SER_20260510_VPLC_L3_HIGH_75_100_S01,vPLC_container,VPLC_HOST,175,175,176,,302835,,,vplc_internal,75,100,75,0,0,1,291097413,3,512,0,ok,
RUN_20260510_VPLC_L3_HIGH_75_100_S01_R03,VPLC_L3_HIGH_75_100,SER_20260510_VPLC_L3_HIGH_75_100_S01,vPLC_container,VPLC_HOST,176,176,177,,302910,,,vplc_internal,75,100,75,0,0,1,521860200,3,512,0,ok,
RUN_20260510_VPLC_L3_HIGH_75_100_S01_R03,VPLC_L3_HIGH_75_100,SER_20260510_VPLC_L3_HIGH_75_100_S01,vPLC_container,VPLC_HOST,177,177,178,,302985,,,vplc_internal,75,100,75,0,0,1,1684813196,3,512,0,ok,
RUN_20260510_VPLC_L3_HIGH_75_100_S01_R03,VPLC_L3_HIGH_75_100,SER_20260510_VPLC_L3_HIGH_75_100_S01,vPLC_container,VPLC_HOST,178,178,179,,303060,,,vplc_internal,75,100,75,0,0,1,1634565810,3,512,0,ok,
RUN_20260510_VPLC_L3_HIGH_75_100_S01_R03,VPLC_L3_HIGH_75_100,SER_20260510_VPLC_L3_HIGH_75_100_S01,vPLC_container,VPLC_HOST,179,179,180,,303135,,,vplc_internal,75,100,75,0,0,1,373219290,3,512,0,ok,
RUN_20260510_VPLC_L3_HIGH_75_100_S01_R03,VPLC_L3_HIGH_75_100,SER_20260510_VPLC_L3_HIGH_75_100_S01,vPLC_container,VPLC_HOST,180,180,181,,303210,,,vplc_internal,75,100,75,0,0,1,50350339,3,512,0,ok,
RUN_20260510_VPLC_L3_HIGH_75_100_S01_R03,VPLC_L3_HIGH_75_100,SER_20260510_VPLC_L3_HIGH_75_100_S01,vPLC_container,VPLC_HOST,181,181,182,,303285,,,vplc_internal,75,100,75,0,0,1,668060205,3,512,0,ok,
RUN_20260510_VPLC_L3_HIGH_75_100_S01_R03,VPLC_L3_HIGH_75_100,SER_20260510_VPLC_L3_HIGH_75_100_S01,vPLC_container,VPLC_HOST,182,182,183,,303360,,,vplc_internal,75,100,75,0,0,1,80958297,3,512,0,ok,
RUN_20260510_VPLC_L3_HIGH_75_100_S01_R03,VPLC_L3_HIGH_75_100,SER_20260510_VPLC_L3_HIGH_75_100_S01,vPLC_container,VPLC_HOST,183,183,184,,303435,,,vplc_internal,75,100,75,0,0,1,438629510,3,512,0,ok,
RUN_20260510_VPLC_L3_HIGH_75_100_S01_R03,VPLC_L3_HIGH_75_100,SER_20260510_VPLC_L3_HIGH_75_100_S01,vPLC_container,VPLC_HOST,184,184,185,,303510,,,vplc_internal,75,100,75,0,0,1,1743166900,3,512,0,ok,
RUN_20260510_VPLC_L3_HIGH_75_100_S01_R03,VPLC_L3_HIGH_75_100,SER_20260510_VPLC_L3_HIGH_75_100_S01,vPLC_container,VPLC_HOST,185,185,186,,303585,,,vplc_internal,75,100,75,0,0,1,1849188068,3,512,0,ok,
RUN_20260510_VPLC_L3_HIGH_75_100_S01_R03,VPLC_L3_HIGH_75_100,SER_20260510_VPLC_L3_HIGH_75_100_S01,vPLC_container,VPLC_HOST,186,186,187,,303660,,,vplc_internal,75,100,75,0,0,1,758786070,3,512,0,ok,
RUN_20260510_VPLC_L3_HIGH_75_100_S01_R03,VPLC_L3_HIGH_75_100,SER_20260510_VPLC_L3_HIGH_75_100_S01,vPLC_container,VPLC_HOST,187,187,188,,303735,,,vplc_internal,75,100,75,0,0,1,621545801,3,512,0,ok,
RUN_20260510_VPLC_L3_HIGH_75_100_S01_R03,VPLC_L3_HIGH_75_100,SER_20260510_VPLC_L3_HIGH_75_100_S01,vPLC_container,VPLC_HOST,188,188,189,,303820,,,vplc_internal,75,100,85,10,0,1,1439560317,3,512,0,ok,
RUN_20260510_VPLC_L3_HIGH_75_100_S01_R03,VPLC_L3_HIGH_75_100,SER_20260510_VPLC_L3_HIGH_75_100_S01,vPLC_container,VPLC_HOST,189,189,190,,303885,,,vplc_internal,75,100,65,-10,0,1,1067447219,3,512,0,ok,
RUN_20260510_VPLC_L3_HIGH_75_100_S01_R03,VPLC_L3_HIGH_75_100,SER_20260510_VPLC_L3_HIGH_75_100_S01,vPLC_container,VPLC_HOST,190,190,191,,303960,,,vplc_internal,75,100,75,0,0,1,1654783210,3,512,0,ok,
RUN_20260510_VPLC_L3_HIGH_75_100_S01_R03,VPLC_L3_HIGH_75_100,SER_20260510_VPLC_L3_HIGH_75_100_S01,vPLC_container,VPLC_HOST,191,191,192,,304035,,,vplc_internal,75,100,75,0,0,1,1056185891,3,512,0,ok,
RUN_20260510_VPLC_L3_HIGH_75_100_S01_R03,VPLC_L3_HIGH_75_100,SER_20260510_VPLC_L3_HIGH_75_100_S01,vPLC_container,VPLC_HOST,192,192,193,,304110,,,vplc_internal,75,100,75,0,0,1,1421231965,3,512,0,ok,
RUN_20260510_VPLC_L3_HIGH_75_100_S01_R03,VPLC_L3_HIGH_75_100,SER_20260510_VPLC_L3_HIGH_75_100_S01,vPLC_container,VPLC_HOST,193,193,194,,304185,,,vplc_internal,75,100,75,0,0,1,604539033,3,512,0,ok,
RUN_20260510_VPLC_L3_HIGH_75_100_S01_R03,VPLC_L3_HIGH_75_100,SER_20260510_VPLC_L3_HIGH_75_100_S01,vPLC_container,VPLC_HOST,194,194,195,,304260,,,vplc_internal,75,100,75,0,0,1,755683798,3,512,0,ok,
RUN_20260510_VPLC_L3_HIGH_75_100_S01_R03,VPLC_L3_HIGH_75_100,SER_20260510_VPLC_L3_HIGH_75_100_S01,vPLC_container,VPLC_HOST,195,195,196,,304335,,,vplc_internal,75,100,75,0,0,1,1876767508,3,512,0,ok,
RUN_20260510_VPLC_L3_HIGH_75_100_S01_R03,VPLC_L3_HIGH_75_100,SER_20260510_VPLC_L3_HIGH_75_100_S01,vPLC_container,VPLC_HOST,196,196,197,,304410,,,vplc_internal,75,100,75,0,0,1,1822399572,3,512,0,ok,
RUN_20260510_VPLC_L3_HIGH_75_100_S01_R03,VPLC_L3_HIGH_75_100,SER_20260510_VPLC_L3_HIGH_75_100_S01,vPLC_container,VPLC_HOST,197,197,198,,304485,,,vplc_internal,75,100,75,0,0,1,594681238,3,512,0,ok,
RUN_20260510_VPLC_L3_HIGH_75_100_S01_R03,VPLC_L3_HIGH_75_100,SER_20260510_VPLC_L3_HIGH_75_100_S01,vPLC_container,VPLC_HOST,198,198,199,,304560,,,vplc_internal,75,100,75,0,0,1,343189209,3,512,0,ok,
RUN_20260510_VPLC_L3_HIGH_75_100_S01_R03,VPLC_L3_HIGH_75_100,SER_20260510_VPLC_L3_HIGH_75_100_S01,vPLC_container,VPLC_HOST,199,199,200,,304635,,,vplc_internal,75,100,75,0,0,0,1070024733,3,512,0,ok,
RUN_20260510_VPLC_L3_HIGH_75_100_S01_R03,VPLC_L3_HIGH_75_100,SER_20260510_VPLC_L3_HIGH_75_100_S01,vPLC_container,VPLC_HOST,200,200,201,,304710,,,vplc_internal,75,100,75,0,0,0,629797219,3,512,0,ok,
RUN_20260510_VPLC_L3_HIGH_75_100_S01_R03,VPLC_L3_HIGH_75_100,SER_20260510_VPLC_L3_HIGH_75_100_S01,vPLC_container,VPLC_HOST,201,201,202,,304785,,,vplc_internal,75,100,75,0,0,0,1172091562,3,512,0,ok,
RUN_20260510_VPLC_L3_HIGH_75_100_S01_R03,VPLC_L3_HIGH_75_100,SER_20260510_VPLC_L3_HIGH_75_100_S01,vPLC_container,VPLC_HOST,202,202,203,,304860,,,vplc_internal,75,100,75,0,0,0,551517171,3,512,0,ok,
RUN_20260510_VPLC_L3_HIGH_75_100_S01_R03,VPLC_L3_HIGH_75_100,SER_20260510_VPLC_L3_HIGH_75_100_S01,vPLC_container,VPLC_HOST,203,203,204,,304935,,,vplc_internal,75,100,75,0,0,0,917658941,3,512,0,ok,
RUN_20260510_VPLC_L3_HIGH_75_100_S01_R03,VPLC_L3_HIGH_75_100,SER_20260510_VPLC_L3_HIGH_75_100_S01,vPLC_container,VPLC_HOST,204,204,205,,305010,,,vplc_internal,75,100,75,0,0,0,125126281,3,512,0,ok,
RUN_20260510_VPLC_L3_HIGH_75_100_S01_R03,VPLC_L3_HIGH_75_100,SER_20260510_VPLC_L3_HIGH_75_100_S01,vPLC_container,VPLC_HOST,205,205,206,,305085,,,vplc_internal,75,100,75,0,0,0,323504086,3,512,0,ok,
RUN_20260510_VPLC_L3_HIGH_75_100_S01_R03,VPLC_L3_HIGH_75_100,SER_20260510_VPLC_L3_HIGH_75_100_S01,vPLC_container,VPLC_HOST,206,206,207,,305160,,,vplc_internal,75,100,75,0,0,0,1514885412,3,512,0,ok,
RUN_20260510_VPLC_L3_HIGH_75_100_S01_R03,VPLC_L3_HIGH_75_100,SER_20260510_VPLC_L3_HIGH_75_100_S01,vPLC_container,VPLC_HOST,207,207,208,,305235,,,vplc_internal,75,100,75,0,0,0,1553887860,3,512,0,ok,
RUN_20260510_VPLC_L3_HIGH_75_100_S01_R03,VPLC_L3_HIGH_75_100,SER_20260510_VPLC_L3_HIGH_75_100_S01,vPLC_container,VPLC_HOST,208,208,209,,305310,,,vplc_internal,75,100,75,0,0,0,442604486,3,512,0,ok,
RUN_20260510_VPLC_L3_HIGH_75_100_S01_R03,VPLC_L3_HIGH_75_100,SER_20260510_VPLC_L3_HIGH_75_100_S01,vPLC_container,VPLC_HOST,209,209,210,,305385,,,vplc_internal,75,100,75,0,0,0,330620185,3,512,0,ok,
RUN_20260510_VPLC_L3_HIGH_75_100_S01_R03,VPLC_L3_HIGH_75_100,SER_20260510_VPLC_L3_HIGH_75_100_S01,vPLC_container,VPLC_HOST,210,210,211,,305460,,,vplc_internal,75,100,75,0,0,0,1220028013,3,512,0,ok,
RUN_20260510_VPLC_L3_HIGH_75_100_S01_R03,VPLC_L3_HIGH_75_100,SER_20260510_VPLC_L3_HIGH_75_100_S01,vPLC_container,VPLC_HOST,211,211,212,,305535,,,vplc_internal,75,100,75,0,0,0,965445571,3,512,0,ok,
RUN_20260510_VPLC_L3_HIGH_75_100_S01_R03,VPLC_L3_HIGH_75_100,SER_20260510_VPLC_L3_HIGH_75_100_S01,vPLC_container,VPLC_HOST,212,212,213,,305610,,,vplc_internal,75,100,75,0,0,0,1716449562,3,512,0,ok,
RUN_20260510_VPLC_L3_HIGH_75_100_S01_R03,VPLC_L3_HIGH_75_100,SER_20260510_VPLC_L3_HIGH_75_100_S01,vPLC_container,VPLC_HOST,213,213,214,,305685,,,vplc_internal,75,100,75,0,0,0,1327657587,3,512,0,ok,
RUN_20260510_VPLC_L3_HIGH_75_100_S01_R03,VPLC_L3_HIGH_75_100,SER_20260510_VPLC_L3_HIGH_75_100_S01,vPLC_container,VPLC_HOST,214,214,215,,305760,,,vplc_internal,75,100,75,0,0,0,1948646349,3,512,0,ok,
RUN_20260510_VPLC_L3_HIGH_75_100_S01_R03,VPLC_L3_HIGH_75_100,SER_20260510_VPLC_L3_HIGH_75_100_S01,vPLC_container,VPLC_HOST,215,215,216,,305835,,,vplc_internal,75,100,75,0,0,0,1434033449,3,512,0,ok,
RUN_20260510_VPLC_L3_HIGH_75_100_S01_R03,VPLC_L3_HIGH_75_100,SER_20260510_VPLC_L3_HIGH_75_100_S01,vPLC_container,VPLC_HOST,216,216,217,,305910,,,vplc_internal,75,100,75,0,0,0,1933395590,3,512,0,ok,
RUN_20260510_VPLC_L3_HIGH_75_100_S01_R03,VPLC_L3_HIGH_75_100,SER_20260510_VPLC_L3_HIGH_75_100_S01,vPLC_container,VPLC_HOST,217,217,218,,305985,,,vplc_internal,75,100,75,0,0,0,1301350373,3,512,0,ok,
RUN_20260510_VPLC_L3_HIGH_75_100_S01_R03,VPLC_L3_HIGH_75_100,SER_20260510_VPLC_L3_HIGH_75_100_S01,vPLC_container,VPLC_HOST,218,218,219,,306060,,,vplc_internal,75,100,75,0,0,0,1687474501,3,512,0,ok,
RUN_20260510_VPLC_L3_HIGH_75_100_S01_R03,VPLC_L3_HIGH_75_100,SER_20260510_VPLC_L3_HIGH_75_100_S01,vPLC_container,VPLC_HOST,219,219,220,,306135,,,vplc_internal,75,100,75,0,0,0,946385575,3,512,0,ok,
RUN_20260510_VPLC_L3_HIGH_75_100_S01_R03,VPLC_L3_HIGH_75_100,SER_20260510_VPLC_L3_HIGH_75_100_S01,vPLC_container,VPLC_HOST,220,220,221,,306210,,,vplc_internal,75,100,75,0,0,0,1227660298,3,512,0,ok,
RUN_20260510_VPLC_L3_HIGH_75_100_S01_R03,VPLC_L3_HIGH_75_100,SER_20260510_VPLC_L3_HIGH_75_100_S01,vPLC_container,VPLC_HOST,221,221,222,,306285,,,vplc_internal,75,100,75,0,0,0,385916271,3,512,0,ok,
RUN_20260510_VPLC_L3_HIGH_75_100_S01_R03,VPLC_L3_HIGH_75_100,SER_20260510_VPLC_L3_HIGH_75_100_S01,vPLC_container,VPLC_HOST,222,222,223,,306360,,,vplc_internal,75,100,75,0,0,0,570730197,3,512,0,ok,
RUN_20260510_VPLC_L3_HIGH_75_100_S01_R03,VPLC_L3_HIGH_75_100,SER_20260510_VPLC_L3_HIGH_75_100_S01,vPLC_container,VPLC_HOST,223,223,224,,306435,,,vplc_internal,75,100,75,0,0,0,1784203324,3,512,0,ok,
RUN_20260510_VPLC_L3_HIGH_75_100_S01_R03,VPLC_L3_HIGH_75_100,SER_20260510_VPLC_L3_HIGH_75_100_S01,vPLC_container,VPLC_HOST,224,224,225,,306510,,,vplc_internal,75,100,75,0,0,0,1880945061,3,512,0,ok,
RUN_20260510_VPLC_L3_HIGH_75_100_S01_R03,VPLC_L3_HIGH_75_100,SER_20260510_VPLC_L3_HIGH_75_100_S01,vPLC_container,VPLC_HOST,225,225,226,,306585,,,vplc_internal,75,100,75,0,0,0,863056656,3,512,0,ok,
RUN_20260510_VPLC_L3_HIGH_75_100_S01_R03,VPLC_L3_HIGH_75_100,SER_20260510_VPLC_L3_HIGH_75_100_S01,vPLC_container,VPLC_HOST,226,226,227,,306660,,,vplc_internal,75,100,75,0,0,0,880114812,3,512,0,ok,
RUN_20260510_VPLC_L3_HIGH_75_100_S01_R03,VPLC_L3_HIGH_75_100,SER_20260510_VPLC_L3_HIGH_75_100_S01,vPLC_container,VPLC_HOST,227,227,228,,306735,,,vplc_internal,75,100,75,0,0,0,1934220777,3,512,0,ok,
RUN_20260510_VPLC_L3_HIGH_75_100_S01_R03,VPLC_L3_HIGH_75_100,SER_20260510_VPLC_L3_HIGH_75_100_S01,vPLC_container,VPLC_HOST,228,228,229,,306820,,,vplc_internal,75,100,85,10,0,0,1879983960,3,512,0,ok,
RUN_20260510_VPLC_L3_HIGH_75_100_S01_R03,VPLC_L3_HIGH_75_100,SER_20260510_VPLC_L3_HIGH_75_100_S01,vPLC_container,VPLC_HOST,229,229,230,,306885,,,vplc_internal,75,100,65,-10,0,0,719505609,3,512,0,ok,
RUN_20260510_VPLC_L3_HIGH_75_100_S01_R03,VPLC_L3_HIGH_75_100,SER_20260510_VPLC_L3_HIGH_75_100_S01,vPLC_container,VPLC_HOST,230,230,231,,306960,,,vplc_internal,75,100,75,0,0,0,602362427,3,512,0,ok,
RUN_20260510_VPLC_L3_HIGH_75_100_S01_R03,VPLC_L3_HIGH_75_100,SER_20260510_VPLC_L3_HIGH_75_100_S01,vPLC_container,VPLC_HOST,231,231,232,,307035,,,vplc_internal,75,100,75,0,0,0,1530655662,3,512,0,ok,
RUN_20260510_VPLC_L3_HIGH_75_100_S01_R03,VPLC_L3_HIGH_75_100,SER_20260510_VPLC_L3_HIGH_75_100_S01,vPLC_container,VPLC_HOST,232,232,233,,307110,,,vplc_internal,75,100,75,0,0,0,1358994723,3,512,0,ok,
RUN_20260510_VPLC_L3_HIGH_75_100_S01_R03,VPLC_L3_HIGH_75_100,SER_20260510_VPLC_L3_HIGH_75_100_S01,vPLC_container,VPLC_HOST,233,233,234,,307185,,,vplc_internal,75,100,75,0,0,0,89480858,3,512,0,ok,
RUN_20260510_VPLC_L3_HIGH_75_100_S01_R03,VPLC_L3_HIGH_75_100,SER_20260510_VPLC_L3_HIGH_75_100_S01,vPLC_container,VPLC_HOST,234,234,235,,307260,,,vplc_internal,75,100,75,0,0,0,2019174417,3,512,0,ok,
RUN_20260510_VPLC_L3_HIGH_75_100_S01_R03,VPLC_L3_HIGH_75_100,SER_20260510_VPLC_L3_HIGH_75_100_S01,vPLC_container,VPLC_HOST,235,235,236,,307335,,,vplc_internal,75,100,75,0,0,0,707725707,3,512,0,ok,
RUN_20260510_VPLC_L3_HIGH_75_100_S01_R03,VPLC_L3_HIGH_75_100,SER_20260510_VPLC_L3_HIGH_75_100_S01,vPLC_container,VPLC_HOST,236,236,237,,307410,,,vplc_internal,75,100,75,0,0,0,452195078,3,512,0,ok,
RUN_20260510_VPLC_L3_HIGH_75_100_S01_R03,VPLC_L3_HIGH_75_100,SER_20260510_VPLC_L3_HIGH_75_100_S01,vPLC_container,VPLC_HOST,237,237,238,,307485,,,vplc_internal,75,100,75,0,0,0,1254683778,3,512,0,ok,
RUN_20260510_VPLC_L3_HIGH_75_100_S01_R03,VPLC_L3_HIGH_75_100,SER_20260510_VPLC_L3_HIGH_75_100_S01,vPLC_container,VPLC_HOST,238,238,239,,307560,,,vplc_internal,75,100,75,0,0,0,969801216,3,512,0,ok,
RUN_20260510_VPLC_L3_HIGH_75_100_S01_R03,VPLC_L3_HIGH_75_100,SER_20260510_VPLC_L3_HIGH_75_100_S01,vPLC_container,VPLC_HOST,239,239,240,,307635,,,vplc_internal,75,100,75,0,0,0,1747132287,3,512,0,ok,
RUN_20260510_VPLC_L3_HIGH_75_100_S01_R03,VPLC_L3_HIGH_75_100,SER_20260510_VPLC_L3_HIGH_75_100_S01,vPLC_container,VPLC_HOST,240,240,241,,307710,,,vplc_internal,75,100,75,0,0,0,1441286400,3,512,0,ok,
RUN_20260510_VPLC_L3_HIGH_75_100_S01_R03,VPLC_L3_HIGH_75_100,SER_20260510_VPLC_L3_HIGH_75_100_S01,vPLC_container,VPLC_HOST,241,241,242,,307785,,,vplc_internal,75,100,75,0,0,0,54364803,3,512,0,ok,
RUN_20260510_VPLC_L3_HIGH_75_100_S01_R03,VPLC_L3_HIGH_75_100,SER_20260510_VPLC_L3_HIGH_75_100_S01,vPLC_container,VPLC_HOST,242,242,243,,307860,,,vplc_internal,75,100,75,0,0,0,1883427846,3,512,0,ok,
RUN_20260510_VPLC_L3_HIGH_75_100_S01_R03,VPLC_L3_HIGH_75_100,SER_20260510_VPLC_L3_HIGH_75_100_S01,vPLC_container,VPLC_HOST,243,243,244,,307935,,,vplc_internal,75,100,75,0,0,0,488125836,3,512,0,ok,
RUN_20260510_VPLC_L3_HIGH_75_100_S01_R03,VPLC_L3_HIGH_75_100,SER_20260510_VPLC_L3_HIGH_75_100_S01,vPLC_container,VPLC_HOST,244,244,245,,308010,,,vplc_internal,75,100,75,0,0,0,165519123,3,512,0,ok,
RUN_20260510_VPLC_L3_HIGH_75_100_S01_R03,VPLC_L3_HIGH_75_100,SER_20260510_VPLC_L3_HIGH_75_100_S01,vPLC_container,VPLC_HOST,245,245,246,,308085,,,vplc_internal,75,100,75,0,0,0,917708955,3,512,0,ok,
RUN_20260510_VPLC_L3_HIGH_75_100_S01_R03,VPLC_L3_HIGH_75_100,SER_20260510_VPLC_L3_HIGH_75_100_S01,vPLC_container,VPLC_HOST,246,246,247,,308160,,,vplc_internal,75,100,75,0,0,0,599304741,3,512,0,ok,
RUN_20260510_VPLC_L3_HIGH_75_100_S01_R03,VPLC_L3_HIGH_75_100,SER_20260510_VPLC_L3_HIGH_75_100_S01,vPLC_container,VPLC_HOST,247,247,248,,308235,,,vplc_internal,75,100,75,0,0,0,1359891376,3,512,0,ok,
RUN_20260510_VPLC_L3_HIGH_75_100_S01_R03,VPLC_L3_HIGH_75_100,SER_20260510_VPLC_L3_HIGH_75_100_S01,vPLC_container,VPLC_HOST,248,248,249,,308310,,,vplc_internal,75,100,75,0,0,0,1054078269,3,512,0,ok,
RUN_20260510_VPLC_L3_HIGH_75_100_S01_R03,VPLC_L3_HIGH_75_100,SER_20260510_VPLC_L3_HIGH_75_100_S01,vPLC_container,VPLC_HOST,249,249,250,,308385,,,vplc_internal,75,100,75,0,0,0,1831450315,3,512,0,ok,
RUN_20260510_VPLC_L3_HIGH_75_100_S01_R03,VPLC_L3_HIGH_75_100,SER_20260510_VPLC_L3_HIGH_75_100_S01,vPLC_container,VPLC_HOST,250,250,251,,308460,,,vplc_internal,75,100,75,0,0,0,1546616923,3,512,0,ok,
RUN_20260510_VPLC_L3_HIGH_75_100_S01_R03,VPLC_L3_HIGH_75_100,SER_20260510_VPLC_L3_HIGH_75_100_S01,vPLC_container,VPLC_HOST,251,251,252,,308535,,,vplc_internal,75,100,75,0,0,0,201679341,3,512,0,ok,
RUN_20260510_VPLC_L3_HIGH_75_100_S01_R03,VPLC_L3_HIGH_75_100,SER_20260510_VPLC_L3_HIGH_75_100_S01,vPLC_container,VPLC_HOST,252,252,253,,308610,,,vplc_internal,75,100,75,0,0,0,2093697919,3,512,0,ok,
RUN_20260510_VPLC_L3_HIGH_75_100_S01_R03,VPLC_L3_HIGH_75_100,SER_20260510_VPLC_L3_HIGH_75_100_S01,vPLC_container,VPLC_HOST,253,253,254,,308685,,,vplc_internal,75,100,75,0,0,0,782322964,3,512,0,ok,
RUN_20260510_VPLC_L3_HIGH_75_100_S01_R03,VPLC_L3_HIGH_75_100,SER_20260510_VPLC_L3_HIGH_75_100_S01,vPLC_container,VPLC_HOST,254,254,255,,308760,,,vplc_internal,75,100,75,0,0,0,564614826,3,512,0,ok,
RUN_20260510_VPLC_L3_HIGH_75_100_S01_R03,VPLC_L3_HIGH_75_100,SER_20260510_VPLC_L3_HIGH_75_100_S01,vPLC_container,VPLC_HOST,255,255,256,,308835,,,vplc_internal,75,100,75,0,0,0,1442674753,3,512,0,ok,
RUN_20260510_VPLC_L3_HIGH_75_100_S01_R03,VPLC_L3_HIGH_75_100,SER_20260510_VPLC_L3_HIGH_75_100_S01,vPLC_container,VPLC_HOST,256,256,257,,308910,,,vplc_internal,75,100,75,0,0,0,1271112154,3,512,0,ok,
RUN_20260510_VPLC_L3_HIGH_75_100_S01_R03,VPLC_L3_HIGH_75_100,SER_20260510_VPLC_L3_HIGH_75_100_S01,vPLC_container,VPLC_HOST,257,257,258,,308985,,,vplc_internal,75,100,75,0,0,0,52028277,3,512,0,ok,
RUN_20260510_VPLC_L3_HIGH_75_100_S01_R03,VPLC_L3_HIGH_75_100,SER_20260510_VPLC_L3_HIGH_75_100_S01,vPLC_container,VPLC_HOST,258,258,259,,309060,,,vplc_internal,75,100,75,0,0,0,2082483472,3,512,0,ok,
RUN_20260510_VPLC_L3_HIGH_75_100_S01_R03,VPLC_L3_HIGH_75_100,SER_20260510_VPLC_L3_HIGH_75_100_S01,vPLC_container,VPLC_HOST,259,259,260,,309135,,,vplc_internal,75,100,75,0,0,0,922128046,3,512,0,ok,
RUN_20260510_VPLC_L3_HIGH_75_100_S01_R03,VPLC_L3_HIGH_75_100,SER_20260510_VPLC_L3_HIGH_75_100_S01,vPLC_container,VPLC_HOST,260,260,261,,309210,,,vplc_internal,75,100,75,0,0,0,868022349,3,512,0,ok,
RUN_20260510_VPLC_L3_HIGH_75_100_S01_R03,VPLC_L3_HIGH_75_100,SER_20260510_VPLC_L3_HIGH_75_100_S01,vPLC_container,VPLC_HOST,261,261,262,,309285,,,vplc_internal,75,100,75,0,0,0,1922267629,3,512,0,ok,
RUN_20260510_VPLC_L3_HIGH_75_100_S01_R03,VPLC_L3_HIGH_75_100,SER_20260510_VPLC_L3_HIGH_75_100_S01,vPLC_container,VPLC_HOST,262,262,263,,309360,,,vplc_internal,75,100,75,0,0,0,1939473295,3,512,0,ok,
RUN_20260510_VPLC_L3_HIGH_75_100_S01_R03,VPLC_L3_HIGH_75_100,SER_20260510_VPLC_L3_HIGH_75_100_S01,vPLC_container,VPLC_HOST,263,263,264,,309435,,,vplc_internal,75,100,75,0,0,0,921740595,3,512,0,ok,
RUN_20260510_VPLC_L3_HIGH_75_100_S01_R03,VPLC_L3_HIGH_75_100,SER_20260510_VPLC_L3_HIGH_75_100_S01,vPLC_container,VPLC_HOST,264,264,265,,309510,,,vplc_internal,75,100,75,0,0,0,1018646232,3,512,0,ok,
RUN_20260510_VPLC_L3_HIGH_75_100_S01_R03,VPLC_L3_HIGH_75_100,SER_20260510_VPLC_L3_HIGH_75_100_S01,vPLC_container,VPLC_HOST,265,265,266,,309585,,,vplc_internal,75,100,75,0,0,0,84807807,3,512,0,ok,
RUN_20260510_VPLC_L3_HIGH_75_100_S01_R03,VPLC_L3_HIGH_75_100,SER_20260510_VPLC_L3_HIGH_75_100_S01,vPLC_container,VPLC_HOST,266,266,267,,309660,,,vplc_internal,75,100,75,0,0,0,269802023,3,512,0,ok,
RUN_20260510_VPLC_L3_HIGH_75_100_S01_R03,VPLC_L3_HIGH_75_100,SER_20260510_VPLC_L3_HIGH_75_100_S01,vPLC_container,VPLC_HOST,267,267,268,,309735,,,vplc_internal,75,100,75,0,0,0,1575730128,3,512,0,ok,
RUN_20260510_VPLC_L3_HIGH_75_100_S01_R03,VPLC_L3_HIGH_75_100,SER_20260510_VPLC_L3_HIGH_75_100_S01,vPLC_container,VPLC_HOST,268,268,269,,309820,,,vplc_internal,75,100,85,10,0,0,1857201531,3,512,0,ok,
RUN_20260510_VPLC_L3_HIGH_75_100_S01_R03,VPLC_L3_HIGH_75_100,SER_20260510_VPLC_L3_HIGH_75_100_S01,vPLC_container,VPLC_HOST,269,269,270,,309885,,,vplc_internal,75,100,65,-10,0,0,1116317480,3,512,0,ok,
RUN_20260510_VPLC_L3_HIGH_75_100_S01_R03,VPLC_L3_HIGH_75_100,SER_20260510_VPLC_L3_HIGH_75_100_S01,vPLC_container,VPLC_HOST,270,270,271,,309960,,,vplc_internal,75,100,75,0,0,0,1502654678,3,512,0,ok,
RUN_20260510_VPLC_L3_HIGH_75_100_S01_R03,VPLC_L3_HIGH_75_100,SER_20260510_VPLC_L3_HIGH_75_100_S01,vPLC_container,VPLC_HOST,271,271,272,,310035,,,vplc_internal,75,100,75,0,0,0,870830726,3,512,0,ok,
RUN_20260510_VPLC_L3_HIGH_75_100_S01_R03,VPLC_L3_HIGH_75_100,SER_20260510_VPLC_L3_HIGH_75_100_S01,vPLC_container,VPLC_HOST,272,272,273,,310110,,,vplc_internal,75,100,75,0,0,0,1370422327,3,512,0,ok,
RUN_20260510_VPLC_L3_HIGH_75_100_S01_R03,VPLC_L3_HIGH_75_100,SER_20260510_VPLC_L3_HIGH_75_100_S01,vPLC_container,VPLC_HOST,273,273,274,,310185,,,vplc_internal,75,100,75,0,0,0,856047082,3,512,0,ok,
RUN_20260510_VPLC_L3_HIGH_75_100_S01_R03,VPLC_L3_HIGH_75_100,SER_20260510_VPLC_L3_HIGH_75_100_S01,vPLC_container,VPLC_HOST,274,274,275,,310260,,,vplc_internal,75,100,75,0,0,0,1477281694,3,512,0,ok,
RUN_20260510_VPLC_L3_HIGH_75_100_S01_R03,VPLC_L3_HIGH_75_100,SER_20260510_VPLC_L3_HIGH_75_100_S01,vPLC_container,VPLC_HOST,275,275,276,,310335,,,vplc_internal,75,100,75,0,0,0,1088743764,3,512,0,ok,
RUN_20260510_VPLC_L3_HIGH_75_100_S01_R03,VPLC_L3_HIGH_75_100,SER_20260510_VPLC_L3_HIGH_75_100_S01,vPLC_container,VPLC_HOST,276,276,277,,310410,,,vplc_internal,75,100,75,0,0,0,1840009995,3,512,0,ok,
RUN_20260510_VPLC_L3_HIGH_75_100_S01_R03,VPLC_L3_HIGH_75_100,SER_20260510_VPLC_L3_HIGH_75_100_S01,vPLC_container,VPLC_HOST,277,277,278,,310485,,,vplc_internal,75,100,75,0,0,0,1585697988,3,512,0,ok,
RUN_20260510_VPLC_L3_HIGH_75_100_S01_R03,VPLC_L3_HIGH_75_100,SER_20260510_VPLC_L3_HIGH_75_100_S01,vPLC_container,VPLC_HOST,278,278,279,,310560,,,vplc_internal,75,100,75,0,0,0,327900799,3,512,0,ok,
RUN_20260510_VPLC_L3_HIGH_75_100_S01_R03,VPLC_L3_HIGH_75_100,SER_20260510_VPLC_L3_HIGH_75_100_S01,vPLC_container,VPLC_HOST,279,279,280,,310635,,,vplc_internal,75,100,75,0,0,0,216203323,3,512,0,ok,
RUN_20260510_VPLC_L3_HIGH_75_100_S01_R03,VPLC_L3_HIGH_75_100,SER_20260510_VPLC_L3_HIGH_75_100_S01,vPLC_container,VPLC_HOST,280,280,281,,310710,,,vplc_internal,75,100,75,0,0,0,1252698616,3,512,0,ok,
RUN_20260510_VPLC_L3_HIGH_75_100_S01_R03,VPLC_L3_HIGH_75_100,SER_20260510_VPLC_L3_HIGH_75_100_S01,vPLC_container,VPLC_HOST,281,281,282,,310785,,,vplc_internal,75,100,75,0,0,0,1292004279,3,512,0,ok,
RUN_20260510_VPLC_L3_HIGH_75_100_S01_R03,VPLC_L3_HIGH_75_100,SER_20260510_VPLC_L3_HIGH_75_100_S01,vPLC_container,VPLC_HOST,282,282,283,,310860,,,vplc_internal,75,100,75,0,0,0,336213368,3,512,0,ok,
RUN_20260510_VPLC_L3_HIGH_75_100_S01_R03,VPLC_L3_HIGH_75_100,SER_20260510_VPLC_L3_HIGH_75_100_S01,vPLC_container,VPLC_HOST,283,283,284,,310935,,,vplc_internal,75,100,75,0,0,0,534910778,3,512,0,ok,
RUN_20260510_VPLC_L3_HIGH_75_100_S01_R03,VPLC_L3_HIGH_75_100,SER_20260510_VPLC_L3_HIGH_75_100_S01,vPLC_container,VPLC_HOST,284,284,285,,311010,,,vplc_internal,75,100,75,0,0,0,1890189565,3,512,0,ok,
RUN_20260510_VPLC_L3_HIGH_75_100_S01_R03,VPLC_L3_HIGH_75_100,SER_20260510_VPLC_L3_HIGH_75_100_S01,vPLC_container,VPLC_HOST,285,285,286,,311085,,,vplc_internal,75,100,75,0,0,0,109183683,3,512,0,ok,
RUN_20260510_VPLC_L3_HIGH_75_100_S01_R03,VPLC_L3_HIGH_75_100,SER_20260510_VPLC_L3_HIGH_75_100_S01,vPLC_container,VPLC_HOST,286,286,287,,311160,,,vplc_internal,75,100,75,0,0,0,1636437129,3,512,0,ok,
RUN_20260510_VPLC_L3_HIGH_75_100_S01_R03,VPLC_L3_HIGH_75_100,SER_20260510_VPLC_L3_HIGH_75_100_S01,vPLC_container,VPLC_HOST,287,287,288,,311235,,,vplc_internal,75,100,75,0,0,0,31600210,3,512,0,ok,
RUN_20260510_VPLC_L3_HIGH_75_100_S01_R03,VPLC_L3_HIGH_75_100,SER_20260510_VPLC_L3_HIGH_75_100_S01,vPLC_container,VPLC_HOST,288,288,289,,311310,,,vplc_internal,75,100,75,0,0,0,1739216923,3,512,0,ok,
RUN_20260510_VPLC_L3_HIGH_75_100_S01_R03,VPLC_L3_HIGH_75_100,SER_20260510_VPLC_L3_HIGH_75_100_S01,vPLC_container,VPLC_HOST,289,289,290,,311385,,,vplc_internal,75,100,75,0,0,0,318937575,3,512,0,ok,
RUN_20260510_VPLC_L3_HIGH_75_100_S01_R03,VPLC_L3_HIGH_75_100,SER_20260510_VPLC_L3_HIGH_75_100_S01,vPLC_container,VPLC_HOST,290,290,291,,311460,,,vplc_internal,75,100,75,0,0,0,67822516,3,512,0,ok,
RUN_20260510_VPLC_L3_HIGH_75_100_S01_R03,VPLC_L3_HIGH_75_100,SER_20260510_VPLC_L3_HIGH_75_100_S01,vPLC_container,VPLC_HOST,291,291,292,,311535,,,vplc_internal,75,100,75,0,0,0,987972994,3,512,0,ok,
RUN_20260510_VPLC_L3_HIGH_75_100_S01_R03,VPLC_L3_HIGH_75_100,SER_20260510_VPLC_L3_HIGH_75_100_S01,vPLC_container,VPLC_HOST,292,292,293,,311610,,,vplc_internal,75,100,75,0,0,0,933998418,3,512,0,ok,
RUN_20260510_VPLC_L3_HIGH_75_100_S01_R03,VPLC_L3_HIGH_75_100,SER_20260510_VPLC_L3_HIGH_75_100_S01,vPLC_container,VPLC_HOST,293,293,294,,311685,,,vplc_internal,75,100,75,0,0,0,2055483683,3,512,0,ok,
RUN_20260510_VPLC_L3_HIGH_75_100_S01_R03,VPLC_L3_HIGH_75_100,SER_20260510_VPLC_L3_HIGH_75_100_S01,vPLC_container,VPLC_HOST,294,294,295,,311760,,,vplc_internal,75,100,75,0,0,0,59554551,3,512,0,ok,
RUN_20260510_VPLC_L3_HIGH_75_100_S01_R03,VPLC_L3_HIGH_75_100,SER_20260510_VPLC_L3_HIGH_75_100_S01,vPLC_container,VPLC_HOST,295,295,296,,311835,,,vplc_internal,75,100,75,0,0,0,1390763211,3,512,0,ok,
RUN_20260510_VPLC_L3_HIGH_75_100_S01_R03,VPLC_L3_HIGH_75_100,SER_20260510_VPLC_L3_HIGH_75_100_S01,vPLC_container,VPLC_HOST,296,296,297,,311910,,,vplc_internal,75,100,75,0,0,0,1756235425,3,512,0,ok,
RUN_20260510_VPLC_L3_HIGH_75_100_S01_R03,VPLC_L3_HIGH_75_100,SER_20260510_VPLC_L3_HIGH_75_100_S01,vPLC_container,VPLC_HOST,297,297,298,,311985,,,vplc_internal,75,100,75,0,0,0,1158072441,3,512,0,ok,
RUN_20260510_VPLC_L3_HIGH_75_100_S01_R03,VPLC_L3_HIGH_75_100,SER_20260510_VPLC_L3_HIGH_75_100_S01,vPLC_container,VPLC_HOST,298,298,299,,312060,,,vplc_internal,75,100,75,0,0,0,1745850962,3,512,0,ok,
RUN_20260510_VPLC_L3_HIGH_75_100_S01_R03,VPLC_L3_HIGH_75_100,SER_20260510_VPLC_L3_HIGH_75_100_S01,vPLC_container,VPLC_HOST,299,299,300,,312135,,,vplc_internal,75,100,75,0,0,1,1374188589,3,512,0,ok,
RUN_20260510_VPLC_L3_HIGH_75_100_S01_R03,VPLC_L3_HIGH_75_100,SER_20260510_VPLC_L3_HIGH_75_100_S01,vPLC_container,VPLC_HOST,300,300,301,,312210,,,vplc_internal,75,100,75,0,0,1,45178378,3,512,0,ok,
RUN_20260510_VPLC_L3_HIGH_75_100_S01_R03,VPLC_L3_HIGH_75_100,SER_20260510_VPLC_L3_HIGH_75_100_S01,vPLC_container,VPLC_HOST,301,301,302,,312285,,,vplc_internal,75,100,75,0,0,1,2055888871,3,512,0,ok,
RUN_20260510_VPLC_L3_HIGH_75_100_S01_R03,VPLC_L3_HIGH_75_100,SER_20260510_VPLC_L3_HIGH_75_100_S01,vPLC_container,VPLC_HOST,302,302,303,,312360,,,vplc_internal,75,100,75,0,0,1,965962183,3,512,0,ok,
RUN_20260510_VPLC_L3_HIGH_75_100_S01_R03,VPLC_L3_HIGH_75_100,SER_20260510_VPLC_L3_HIGH_75_100_S01,vPLC_container,VPLC_HOST,303,303,304,,312435,,,vplc_internal,75,100,75,0,0,1,1072466856,3,512,0,ok,
RUN_20260510_VPLC_L3_HIGH_75_100_S01_R03,VPLC_L3_HIGH_75_100,SER_20260510_VPLC_L3_HIGH_75_100_S01,vPLC_container,VPLC_HOST,304,304,305,,312510,,,vplc_internal,75,100,75,0,0,1,230012299,3,512,0,ok,
RUN_20260510_VPLC_L3_HIGH_75_100_S01_R03,VPLC_L3_HIGH_75_100,SER_20260510_VPLC_L3_HIGH_75_100_S01,vPLC_container,VPLC_HOST,305,305,306,,312585,,,vplc_internal,75,100,75,0,0,1,588183407,3,512,0,ok,
RUN_20260510_VPLC_L3_HIGH_75_100_S01_R03,VPLC_L3_HIGH_75_100,SER_20260510_VPLC_L3_HIGH_75_100_S01,vPLC_container,VPLC_HOST,306,306,307,,312660,,,vplc_internal,75,100,75,0,0,1,1589589,3,512,0,ok,
RUN_20260510_VPLC_L3_HIGH_75_100_S01_R03,VPLC_L3_HIGH_75_100,SER_20260510_VPLC_L3_HIGH_75_100_S01,vPLC_container,VPLC_HOST,307,307,308,,312735,,,vplc_internal,75,100,75,0,0,1,619815740,3,512,0,ok,
RUN_20260510_VPLC_L3_HIGH_75_100_S01_R03,VPLC_L3_HIGH_75_100,SER_20260510_VPLC_L3_HIGH_75_100_S01,vPLC_container,VPLC_HOST,308,308,309,,312819,,,vplc_internal,75,100,84,9,0,1,297471269,3,512,0,ok,
RUN_20260510_VPLC_L3_HIGH_75_100_S01_R03,VPLC_L3_HIGH_75_100,SER_20260510_VPLC_L3_HIGH_75_100_S01,vPLC_container,VPLC_HOST,309,309,310,,312885,,,vplc_internal,75,100,66,-9,0,1,1184141071,3,512,0,ok,
RUN_20260510_VPLC_L3_HIGH_75_100_S01_R03,VPLC_L3_HIGH_75_100,SER_20260510_VPLC_L3_HIGH_75_100_S01,vPLC_container,VPLC_HOST,310,310,311,,312960,,,vplc_internal,75,100,75,0,0,1,1134434555,3,512,0,ok,
RUN_20260510_VPLC_L3_HIGH_75_100_S01_R03,VPLC_L3_HIGH_75_100,SER_20260510_VPLC_L3_HIGH_75_100_S01,vPLC_container,VPLC_HOST,311,311,312,,313035,,,vplc_internal,75,100,75,0,0,1,150452969,3,512,0,ok,
RUN_20260510_VPLC_L3_HIGH_75_100_S01_R03,VPLC_L3_HIGH_75_100,SER_20260510_VPLC_L3_HIGH_75_100_S01,vPLC_container,VPLC_HOST,312,312,313,,313110,,,vplc_internal,75,100,75,0,0,1,381773016,3,512,0,ok,
RUN_20260510_VPLC_L3_HIGH_75_100_S01_R03,VPLC_L3_HIGH_75_100,SER_20260510_VPLC_L3_HIGH_75_100_S01,vPLC_container,VPLC_HOST,313,313,314,,313185,,,vplc_internal,75,100,75,0,0,1,1830495944,3,512,0,ok,
RUN_20260510_VPLC_L3_HIGH_75_100_S01_R03,VPLC_L3_HIGH_75_100,SER_20260510_VPLC_L3_HIGH_75_100_S01,vPLC_container,VPLC_HOST,314,314,315,,313260,,,vplc_internal,75,100,75,0,0,1,203747515,3,512,0,ok,
RUN_20260510_VPLC_L3_HIGH_75_100_S01_R03,VPLC_L3_HIGH_75_100,SER_20260510_VPLC_L3_HIGH_75_100_S01,vPLC_container,VPLC_HOST,315,315,316,,313335,,,vplc_internal,75,100,75,0,0,1,1946079918,3,512,0,ok,
RUN_20260510_VPLC_L3_HIGH_75_100_S01_R03,VPLC_L3_HIGH_75_100,SER_20260510_VPLC_L3_HIGH_75_100_S01,vPLC_container,VPLC_HOST,316,316,317,,313410,,,vplc_internal,75,100,75,0,0,1,617135268,3,512,0,ok,
RUN_20260510_VPLC_L3_HIGH_75_100_S01_R03,VPLC_L3_HIGH_75_100,SER_20260510_VPLC_L3_HIGH_75_100_S01,vPLC_container,VPLC_HOST,317,317,318,,313485,,,vplc_internal,75,100,75,0,0,1,513982107,3,512,0,ok,
RUN_20260510_VPLC_L3_HIGH_75_100_S01_R03,VPLC_L3_HIGH_75_100,SER_20260510_VPLC_L3_HIGH_75_100_S01,vPLC_container,VPLC_HOST,318,318,319,,313560,,,vplc_internal,75,100,75,0,0,1,1638713491,3,512,0,ok,
RUN_20260510_VPLC_L3_HIGH_75_100_S01_R03,VPLC_L3_HIGH_75_100,SER_20260510_VPLC_L3_HIGH_75_100_S01,vPLC_container,VPLC_HOST,319,319,320,,313635,,,vplc_internal,75,100,75,0,0,1,1845947021,3,512,0,ok,
RUN_20260510_VPLC_L3_HIGH_75_100_S01_R03,VPLC_L3_HIGH_75_100,SER_20260510_VPLC_L3_HIGH_75_100_S01,vPLC_container,VPLC_HOST,320,320,321,,313710,,,vplc_internal,75,100,75,0,0,1,1137775753,3,512,0,ok,
RUN_20260510_VPLC_L3_HIGH_75_100_S01_R03,VPLC_L3_HIGH_75_100,SER_20260510_VPLC_L3_HIGH_75_100_S01,vPLC_container,VPLC_HOST,321,321,322,,313785,,,vplc_internal,75,100,75,0,0,1,1663784582,3,512,0,ok,
RUN_20260510_VPLC_L3_HIGH_75_100_S01_R03,VPLC_L3_HIGH_75_100,SER_20260510_VPLC_L3_HIGH_75_100_S01,vPLC_container,VPLC_HOST,322,322,323,,313860,,,vplc_internal,75,100,75,0,0,1,1278582917,3,512,0,ok,
RUN_20260510_VPLC_L3_HIGH_75_100_S01_R03,VPLC_L3_HIGH_75_100,SER_20260510_VPLC_L3_HIGH_75_100_S01,vPLC_container,VPLC_HOST,323,323,324,,313935,,,vplc_internal,75,100,75,0,0,1,2131755653,3,512,0,ok,
RUN_20260510_VPLC_L3_HIGH_75_100_S01_R03,VPLC_L3_HIGH_75_100,SER_20260510_VPLC_L3_HIGH_75_100_S01,vPLC_container,VPLC_HOST,324,324,325,,314010,,,vplc_internal,75,100,75,0,0,1,2077912199,3,512,0,ok,
RUN_20260510_VPLC_L3_HIGH_75_100_S01_R03,VPLC_L3_HIGH_75_100,SER_20260510_VPLC_L3_HIGH_75_100_S01,vPLC_container,VPLC_HOST,325,325,326,,314085,,,vplc_internal,75,100,75,0,0,1,1119153803,3,512,0,ok,
RUN_20260510_VPLC_L3_HIGH_75_100_S01_R03,VPLC_L3_HIGH_75_100,SER_20260510_VPLC_L3_HIGH_75_100_S01,vPLC_container,VPLC_HOST,326,326,327,,314160,,,vplc_internal,75,100,75,0,0,1,1405057168,3,512,0,ok,
RUN_20260510_VPLC_L3_HIGH_75_100_S01_R03,VPLC_L3_HIGH_75_100,SER_20260510_VPLC_L3_HIGH_75_100_S01,vPLC_container,VPLC_HOST,327,327,328,,314235,,,vplc_internal,75,100,75,0,0,1,790239895,3,512,0,ok,
RUN_20260510_VPLC_L3_HIGH_75_100_S01_R03,VPLC_L3_HIGH_75_100,SER_20260510_VPLC_L3_HIGH_75_100_S01,vPLC_container,VPLC_HOST,328,328,329,,314310,,,vplc_internal,75,100,75,0,0,1,1424278687,3,512,0,ok,
RUN_20260510_VPLC_L3_HIGH_75_100_S01_R03,VPLC_L3_HIGH_75_100,SER_20260510_VPLC_L3_HIGH_75_100_S01,vPLC_container,VPLC_HOST,329,329,330,,314385,,,vplc_internal,75,100,75,0,0,1,1161791145,3,512,0,ok,
RUN_20260510_VPLC_L3_HIGH_75_100_S01_R03,VPLC_L3_HIGH_75_100,SER_20260510_VPLC_L3_HIGH_75_100_S01,vPLC_container,VPLC_HOST,330,330,331,,314460,,,vplc_internal,75,100,75,0,0,1,4870325,3,512,0,ok,
RUN_20260510_VPLC_L3_HIGH_75_100_S01_R03,VPLC_L3_HIGH_75_100,SER_20260510_VPLC_L3_HIGH_75_100_S01,vPLC_container,VPLC_HOST,331,331,332,,314535,,,vplc_internal,75,100,75,0,0,1,103101122,3,512,0,ok,
RUN_20260510_VPLC_L3_HIGH_75_100_S01_R03,VPLC_L3_HIGH_75_100,SER_20260510_VPLC_L3_HIGH_75_100_S01,vPLC_container,VPLC_HOST,332,332,333,,314610,,,vplc_internal,75,100,75,0,0,1,1458576592,3,512,0,ok,
RUN_20260510_VPLC_L3_HIGH_75_100_S01_R03,VPLC_L3_HIGH_75_100,SER_20260510_VPLC_L3_HIGH_75_100_S01,vPLC_container,VPLC_HOST,333,333,334,,314685,,,vplc_internal,75,100,75,0,0,1,1925914336,3,512,0,ok,
RUN_20260510_VPLC_L3_HIGH_75_100_S01_R03,VPLC_L3_HIGH_75_100,SER_20260510_VPLC_L3_HIGH_75_100_S01,vPLC_container,VPLC_HOST,334,334,335,,314760,,,vplc_internal,75,100,75,0,0,1,1507207410,3,512,0,ok,
RUN_20260510_VPLC_L3_HIGH_75_100_S01_R03,VPLC_L3_HIGH_75_100,SER_20260510_VPLC_L3_HIGH_75_100_S01,vPLC_container,VPLC_HOST,335,335,336,,314835,,,vplc_internal,75,100,75,0,0,1,204557062,3,512,0,ok,
RUN_20260510_VPLC_L3_HIGH_75_100_S01_R03,VPLC_L3_HIGH_75_100,SER_20260510_VPLC_L3_HIGH_75_100_S01,vPLC_container,VPLC_HOST,336,336,337,,314910,,,vplc_internal,75,100,75,0,0,1,167539995,3,512,0,ok,
RUN_20260510_VPLC_L3_HIGH_75_100_S01_R03,VPLC_L3_HIGH_75_100,SER_20260510_VPLC_L3_HIGH_75_100_S01,vPLC_container,VPLC_HOST,337,337,338,,314985,,,vplc_internal,75,100,75,0,0,1,1398257457,3,512,0,ok,
RUN_20260510_VPLC_L3_HIGH_75_100_S01_R03,VPLC_L3_HIGH_75_100,SER_20260510_VPLC_L3_HIGH_75_100_S01,vPLC_container,VPLC_HOST,338,338,339,,315060,,,vplc_internal,75,100,75,0,0,1,1751318857,3,512,0,ok,
RUN_20260510_VPLC_L3_HIGH_75_100_S01_R03,VPLC_L3_HIGH_75_100,SER_20260510_VPLC_L3_HIGH_75_100_S01,vPLC_container,VPLC_HOST,339,339,340,,315135,,,vplc_internal,75,100,75,0,0,1,1228825443,3,512,0,ok,
RUN_20260510_VPLC_L3_HIGH_75_100_S01_R03,VPLC_L3_HIGH_75_100,SER_20260510_VPLC_L3_HIGH_75_100_S01,vPLC_container,VPLC_HOST,340,340,341,,315210,,,vplc_internal,75,100,75,0,0,1,1980353918,3,512,0,ok,
RUN_20260510_VPLC_L3_HIGH_75_100_S01_R03,VPLC_L3_HIGH_75_100,SER_20260510_VPLC_L3_HIGH_75_100_S01,vPLC_container,VPLC_HOST,341,341,342,,315285,,,vplc_internal,75,100,75,0,0,1,1860521883,3,512,0,ok,
RUN_20260510_VPLC_L3_HIGH_75_100_S01_R03,VPLC_L3_HIGH_75_100,SER_20260510_VPLC_L3_HIGH_75_100_S01,vPLC_container,VPLC_HOST,342,342,343,,315360,,,vplc_internal,75,100,75,0,0,1,871422394,3,512,0,ok,
RUN_20260510_VPLC_L3_HIGH_75_100_S01_R03,VPLC_L3_HIGH_75_100,SER_20260510_VPLC_L3_HIGH_75_100_S01,vPLC_container,VPLC_HOST,343,343,344,,315435,,,vplc_internal,75,100,75,0,0,1,1162640346,3,512,0,ok,
RUN_20260510_VPLC_L3_HIGH_75_100_S01_R03,VPLC_L3_HIGH_75_100,SER_20260510_VPLC_L3_HIGH_75_100_S01,vPLC_container,VPLC_HOST,344,344,345,,315510,,,vplc_internal,75,100,75,0,0,1,588785148,3,512,0,ok,
RUN_20260510_VPLC_L3_HIGH_75_100_S01_R03,VPLC_L3_HIGH_75_100,SER_20260510_VPLC_L3_HIGH_75_100_S01,vPLC_container,VPLC_HOST,345,345,346,,315585,,,vplc_internal,75,100,75,0,0,1,1299441695,3,512,0,ok,
RUN_20260510_VPLC_L3_HIGH_75_100_S01_R03,VPLC_L3_HIGH_75_100,SER_20260510_VPLC_L3_HIGH_75_100_S01,vPLC_container,VPLC_HOST,346,346,347,,315660,,,vplc_internal,75,100,75,0,0,1,1149219396,3,512,0,ok,
RUN_20260510_VPLC_L3_HIGH_75_100_S01_R03,VPLC_L3_HIGH_75_100,SER_20260510_VPLC_L3_HIGH_75_100_S01,vPLC_container,VPLC_HOST,347,347,348,,315735,,,vplc_internal,75,100,75,0,0,1,140219499,3,512,0,ok,
RUN_20260510_VPLC_L3_HIGH_75_100_S01_R03,VPLC_L3_HIGH_75_100,SER_20260510_VPLC_L3_HIGH_75_100_S01,vPLC_container,VPLC_HOST,348,348,349,,315821,,,vplc_internal,75,100,86,11,0,1,422018707,3,512,0,ok,
RUN_20260510_VPLC_L3_HIGH_75_100_S01_R03,VPLC_L3_HIGH_75_100,SER_20260510_VPLC_L3_HIGH_75_100_S01,vPLC_container,VPLC_HOST,349,349,350,,315885,,,vplc_internal,75,100,64,-11,0,1,1996718268,3,512,0,ok,
RUN_20260510_VPLC_L3_HIGH_75_100_S01_R03,VPLC_L3_HIGH_75_100,SER_20260510_VPLC_L3_HIGH_75_100_S01,vPLC_container,VPLC_HOST,350,350,351,,315960,,,vplc_internal,75,100,75,0,0,1,571443944,3,512,0,ok,
RUN_20260510_VPLC_L3_HIGH_75_100_S01_R03,VPLC_L3_HIGH_75_100,SER_20260510_VPLC_L3_HIGH_75_100_S01,vPLC_container,VPLC_HOST,351,351,352,,316035,,,vplc_internal,75,100,75,0,0,1,443264277,3,512,0,ok,
RUN_20260510_VPLC_L3_HIGH_75_100_S01_R03,VPLC_L3_HIGH_75_100,SER_20260510_VPLC_L3_HIGH_75_100_S01,vPLC_container,VPLC_HOST,352,352,353,,316110,,,vplc_internal,75,100,75,0,0,1,1614272323,3,512,0,ok,
RUN_20260510_VPLC_L3_HIGH_75_100_S01_R03,VPLC_L3_HIGH_75_100,SER_20260510_VPLC_L3_HIGH_75_100_S01,vPLC_container,VPLC_HOST,353,353,354,,316185,,,vplc_internal,75,100,75,0,0,1,1939085683,3,512,0,ok,
RUN_20260510_VPLC_L3_HIGH_75_100_S01_R03,VPLC_L3_HIGH_75_100,SER_20260510_VPLC_L3_HIGH_75_100_S01,vPLC_container,VPLC_HOST,354,354,355,,316260,,,vplc_internal,75,100,75,0,0,1,1419797413,3,512,0,ok,
RUN_20260510_VPLC_L3_HIGH_75_100_S01_R03,VPLC_L3_HIGH_75_100,SER_20260510_VPLC_L3_HIGH_75_100_S01,vPLC_container,VPLC_HOST,355,355,356,,316335,,,vplc_internal,75,100,75,0,0,1,58508761,3,512,0,ok,
RUN_20260510_VPLC_L3_HIGH_75_100_S01_R03,VPLC_L3_HIGH_75_100,SER_20260510_VPLC_L3_HIGH_75_100_S01,vPLC_container,VPLC_HOST,356,356,357,,316410,,,vplc_internal,75,100,75,0,0,1,4796430,3,512,0,ok,
RUN_20260510_VPLC_L3_HIGH_75_100_S01_R03,VPLC_L3_HIGH_75_100,SER_20260510_VPLC_L3_HIGH_75_100_S01,vPLC_container,VPLC_HOST,357,357,358,,316485,,,vplc_internal,75,100,75,0,0,1,1260761668,3,512,0,ok,
RUN_20260510_VPLC_L3_HIGH_75_100_S01_R03,VPLC_L3_HIGH_75_100,SER_20260510_VPLC_L3_HIGH_75_100_S01,vPLC_container,VPLC_HOST,358,358,359,,316560,,,vplc_internal,75,100,75,0,0,1,1681013884,3,512,0,ok,
RUN_20260510_VPLC_L3_HIGH_75_100_S01_R03,VPLC_L3_HIGH_75_100,SER_20260510_VPLC_L3_HIGH_75_100_S01,vPLC_container,VPLC_HOST,359,359,360,,316635,,,vplc_internal,75,100,75,0,0,1,1267654326,3,512,0,ok,
RUN_20260510_VPLC_L3_HIGH_75_100_S01_R03,VPLC_L3_HIGH_75_100,SER_20260510_VPLC_L3_HIGH_75_100_S01,vPLC_container,VPLC_HOST,360,360,361,,316710,,,vplc_internal,75,100,75,0,0,1,22776050,3,512,0,ok,
RUN_20260510_VPLC_L3_HIGH_75_100_S01_R03,VPLC_L3_HIGH_75_100,SER_20260510_VPLC_L3_HIGH_75_100_S01,vPLC_container,VPLC_HOST,361,361,362,,316785,,,vplc_internal,75,100,75,0,0,1,95963951,3,512,0,ok,
RUN_20260510_VPLC_L3_HIGH_75_100_S01_R03,VPLC_L3_HIGH_75_100,SER_20260510_VPLC_L3_HIGH_75_100_S01,vPLC_container,VPLC_HOST,362,362,363,,316860,,,vplc_internal,75,100,75,0,0,1,1489311085,3,512,0,ok,
RUN_20260510_VPLC_L3_HIGH_75_100_S01_R03,VPLC_L3_HIGH_75_100,SER_20260510_VPLC_L3_HIGH_75_100_S01,vPLC_container,VPLC_HOST,363,363,364,,316935,,,vplc_internal,75,100,75,0,0,1,2057435053,3,512,0,ok,
RUN_20260510_VPLC_L3_HIGH_75_100_S01_R03,VPLC_L3_HIGH_75_100,SER_20260510_VPLC_L3_HIGH_75_100_S01,vPLC_container,VPLC_HOST,364,364,365,,317010,,,vplc_internal,75,100,75,0,0,1,1802428911,3,512,0,ok,
RUN_20260510_VPLC_L3_HIGH_75_100_S01_R03,VPLC_L3_HIGH_75_100,SER_20260510_VPLC_L3_HIGH_75_100_S01,vPLC_container,VPLC_HOST,365,365,366,,317085,,,vplc_internal,75,100,75,0,0,1,726393907,3,512,0,ok,
RUN_20260510_VPLC_L3_HIGH_75_100_S01_R03,VPLC_L3_HIGH_75_100,SER_20260510_VPLC_L3_HIGH_75_100_S01,vPLC_container,VPLC_HOST,366,366,367,,317160,,,vplc_internal,75,100,75,0,0,1,978906744,3,512,0,ok,
RUN_20260510_VPLC_L3_HIGH_75_100_S01_R03,VPLC_L3_HIGH_75_100,SER_20260510_VPLC_L3_HIGH_75_100_S01,vPLC_container,VPLC_HOST,367,367,368,,317235,,,vplc_internal,75,100,75,0,0,1,414585023,3,512,0,ok,
RUN_20260510_VPLC_L3_HIGH_75_100_S01_R03,VPLC_L3_HIGH_75_100,SER_20260510_VPLC_L3_HIGH_75_100_S01,vPLC_container,VPLC_HOST,368,368,369,,317310,,,vplc_internal,75,100,75,0,0,1,1183005447,3,512,0,ok,
RUN_20260510_VPLC_L3_HIGH_75_100_S01_R03,VPLC_L3_HIGH_75_100,SER_20260510_VPLC_L3_HIGH_75_100_S01,vPLC_container,VPLC_HOST,369,369,370,,317385,,,vplc_internal,75,100,75,0,0,1,1138785617,3,512,0,ok,
RUN_20260510_VPLC_L3_HIGH_75_100_S01_R03,VPLC_L3_HIGH_75_100,SER_20260510_VPLC_L3_HIGH_75_100_S01,vPLC_container,VPLC_HOST,370,370,371,,317460,,,vplc_internal,75,100,75,0,0,1,284018589,3,512,0,ok,
RUN_20260510_VPLC_L3_HIGH_75_100_S01_R03,VPLC_L3_HIGH_75_100,SER_20260510_VPLC_L3_HIGH_75_100_S01,vPLC_container,VPLC_HOST,371,371,372,,317535,,,vplc_internal,75,100,75,0,0,1,768289258,3,512,0,ok,
RUN_20260510_VPLC_L3_HIGH_75_100_S01_R03,VPLC_L3_HIGH_75_100,SER_20260510_VPLC_L3_HIGH_75_100_S01,vPLC_container,VPLC_HOST,372,372,373,,317610,,,vplc_internal,75,100,75,0,0,1,446207033,3,512,0,ok,
RUN_20260510_VPLC_L3_HIGH_75_100_S01_R03,VPLC_L3_HIGH_75_100,SER_20260510_VPLC_L3_HIGH_75_100_S01,vPLC_container,VPLC_HOST,373,373,374,,317685,,,vplc_internal,75,100,75,0,0,1,1467356809,3,512,0,ok,
RUN_20260510_VPLC_L3_HIGH_75_100_S01_R03,VPLC_L3_HIGH_75_100,SER_20260510_VPLC_L3_HIGH_75_100_S01,vPLC_container,VPLC_HOST,374,374,375,,317760,,,vplc_internal,75,100,75,0,0,1,1686347995,3,512,0,ok,
RUN_20260510_VPLC_L3_HIGH_75_100_S01_R03,VPLC_L3_HIGH_75_100,SER_20260510_VPLC_L3_HIGH_75_100_S01,vPLC_container,VPLC_HOST,375,375,376,,317835,,,vplc_internal,75,100,75,0,0,1,1105281839,3,512,0,ok,
RUN_20260510_VPLC_L3_HIGH_75_100_S01_R03,VPLC_L3_HIGH_75_100,SER_20260510_VPLC_L3_HIGH_75_100_S01,vPLC_container,VPLC_HOST,376,376,377,,317910,,,vplc_internal,75,100,75,0,0,1,1873735044,3,512,0,ok,
RUN_20260510_VPLC_L3_HIGH_75_100_S01_R03,VPLC_L3_HIGH_75_100,SER_20260510_VPLC_L3_HIGH_75_100_S01,vPLC_container,VPLC_HOST,377,377,378,,317985,,,vplc_internal,75,100,75,0,0,1,1846325211,3,512,0,ok,
RUN_20260510_VPLC_L3_HIGH_75_100_S01_R03,VPLC_L3_HIGH_75_100,SER_20260510_VPLC_L3_HIGH_75_100_S01,vPLC_container,VPLC_HOST,378,378,379,,318060,,,vplc_internal,75,100,75,0,0,1,1025145396,3,512,0,ok,
RUN_20260510_VPLC_L3_HIGH_75_100_S01_R03,VPLC_L3_HIGH_75_100,SER_20260510_VPLC_L3_HIGH_75_100_S01,vPLC_container,VPLC_HOST,379,379,380,,318135,,,vplc_internal,75,100,75,0,0,1,1559780494,3,512,0,ok,
RUN_20260510_VPLC_L3_HIGH_75_100_S01_R03,VPLC_L3_HIGH_75_100,SER_20260510_VPLC_L3_HIGH_75_100_S01,vPLC_container,VPLC_HOST,380,380,381,,318210,,,vplc_internal,75,100,75,0,0,1,1304839914,3,512,0,ok,
RUN_20260510_VPLC_L3_HIGH_75_100_S01_R03,VPLC_L3_HIGH_75_100,SER_20260510_VPLC_L3_HIGH_75_100_S01,vPLC_container,VPLC_HOST,381,381,382,,318285,,,vplc_internal,75,100,75,0,0,1,262424904,3,512,0,ok,
RUN_20260510_VPLC_L3_HIGH_75_100_S01_R03,VPLC_L3_HIGH_75_100,SER_20260510_VPLC_L3_HIGH_75_100_S01,vPLC_container,VPLC_HOST,382,382,383,,318360,,,vplc_internal,75,100,75,0,0,1,582112167,3,512,0,ok,
RUN_20260510_VPLC_L3_HIGH_75_100_S01_R03,VPLC_L3_HIGH_75_100,SER_20260510_VPLC_L3_HIGH_75_100_S01,vPLC_container,VPLC_HOST,383,383,384,,318435,,,vplc_internal,75,100,75,0,0,1,118519304,3,512,0,ok,
RUN_20260510_VPLC_L3_HIGH_75_100_S01_R03,VPLC_L3_HIGH_75_100,SER_20260510_VPLC_L3_HIGH_75_100_S01,vPLC_container,VPLC_HOST,384,384,385,,318510,,,vplc_internal,75,100,75,0,0,1,1021223018,3,512,0,ok,
RUN_20260510_VPLC_L3_HIGH_75_100_S01_R03,VPLC_L3_HIGH_75_100,SER_20260510_VPLC_L3_HIGH_75_100_S01,vPLC_container,VPLC_HOST,385,385,386,,318585,,,vplc_internal,75,100,75,0,0,1,1144840910,3,512,0,ok,
RUN_20260510_VPLC_L3_HIGH_75_100_S01_R03,VPLC_L3_HIGH_75_100,SER_20260510_VPLC_L3_HIGH_75_100_S01,vPLC_container,VPLC_HOST,386,386,387,,318660,,,vplc_internal,75,100,75,0,0,1,491466036,3,512,0,ok,
RUN_20260510_VPLC_L3_HIGH_75_100_S01_R03,VPLC_L3_HIGH_75_100,SER_20260510_VPLC_L3_HIGH_75_100_S01,vPLC_container,VPLC_HOST,387,387,388,,318735,,,vplc_internal,75,100,75,0,0,1,1210683291,3,512,0,ok,
RUN_20260510_VPLC_L3_HIGH_75_100_S01_R03,VPLC_L3_HIGH_75_100,SER_20260510_VPLC_L3_HIGH_75_100_S01,vPLC_container,VPLC_HOST,388,388,389,,318819,,,vplc_internal,75,100,84,9,0,1,1157102084,3,512,0,ok,
RUN_20260510_VPLC_L3_HIGH_75_100_S01_R03,VPLC_L3_HIGH_75_100,SER_20260510_VPLC_L3_HIGH_75_100_S01,vPLC_container,VPLC_HOST,389,389,390,,318885,,,vplc_internal,75,100,66,-9,0,1,332823663,3,512,0,ok,
RUN_20260510_VPLC_L3_HIGH_75_100_S01_R03,VPLC_L3_HIGH_75_100,SER_20260510_VPLC_L3_HIGH_75_100_S01,vPLC_container,VPLC_HOST,390,390,391,,318960,,,vplc_internal,75,100,75,0,0,1,887424731,3,512,0,ok,
RUN_20260510_VPLC_L3_HIGH_75_100_S01_R03,VPLC_L3_HIGH_75_100,SER_20260510_VPLC_L3_HIGH_75_100_S01,vPLC_container,VPLC_HOST,391,391,392,,319035,,,vplc_internal,75,100,75,0,0,1,675522889,3,512,0,ok,
RUN_20260510_VPLC_L3_HIGH_75_100_S01_R03,VPLC_L3_HIGH_75_100,SER_20260510_VPLC_L3_HIGH_75_100_S01,vPLC_container,VPLC_HOST,392,392,393,,319110,,,vplc_internal,75,100,75,0,0,1,1846694840,3,512,0,ok,
RUN_20260510_VPLC_L3_HIGH_75_100_S01_R03,VPLC_L3_HIGH_75_100,SER_20260510_VPLC_L3_HIGH_75_100_S01,vPLC_container,VPLC_HOST,393,393,394,,319185,,,vplc_internal,75,100,75,0,0,1,108074538,3,512,0,ok,
RUN_20260510_VPLC_L3_HIGH_75_100_S01_R03,VPLC_L3_HIGH_75_100,SER_20260510_VPLC_L3_HIGH_75_100_S01,vPLC_container,VPLC_HOST,394,394,395,,319260,,,vplc_internal,75,100,75,0,0,1,1904205980,3,512,0,ok,
RUN_20260510_VPLC_L3_HIGH_75_100_S01_R03,VPLC_L3_HIGH_75_100,SER_20260510_VPLC_L3_HIGH_75_100_S01,vPLC_container,VPLC_HOST,395,395,396,,319335,,,vplc_internal,75,100,75,0,0,1,794739473,3,512,0,ok,
RUN_20260510_VPLC_L3_HIGH_75_100_S01_R03,VPLC_L3_HIGH_75_100,SER_20260510_VPLC_L3_HIGH_75_100_S01,vPLC_container,VPLC_HOST,396,396,397,,319410,,,vplc_internal,75,100,75,0,0,1,1076735367,3,512,0,ok,
RUN_20260510_VPLC_L3_HIGH_75_100_S01_R03,VPLC_L3_HIGH_75_100,SER_20260510_VPLC_L3_HIGH_75_100_S01,vPLC_container,VPLC_HOST,397,397,398,,319485,,,vplc_internal,75,100,75,0,0,1,604811263,3,512,0,ok,
RUN_20260510_VPLC_L3_HIGH_75_100_S01_R03,VPLC_L3_HIGH_75_100,SER_20260510_VPLC_L3_HIGH_75_100_S01,vPLC_container,VPLC_HOST,398,398,399,,319560,,,vplc_internal,75,100,75,0,0,1,1528543864,3,512,0,ok,
RUN_20260510_VPLC_L3_HIGH_75_100_S01_R03,VPLC_L3_HIGH_75_100,SER_20260510_VPLC_L3_HIGH_75_100_S01,vPLC_container,VPLC_HOST,399,399,400,,319635,,,vplc_internal,75,100,75,0,0,0,1702550771,3,512,0,ok,
RUN_20260510_VPLC_L3_HIGH_75_100_S01_R03,VPLC_L3_HIGH_75_100,SER_20260510_VPLC_L3_HIGH_75_100_S01,vPLC_container,VPLC_HOST,400,400,401,,319710,,,vplc_internal,75,100,75,0,0,0,1128925040,3,512,0,ok,
RUN_20260510_VPLC_L3_HIGH_75_100_S01_R03,VPLC_L3_HIGH_75_100,SER_20260510_VPLC_L3_HIGH_75_100_S01,vPLC_container,VPLC_HOST,401,401,402,,319785,,,vplc_internal,75,100,75,0,0,0,1957251566,3,512,0,ok,
RUN_20260510_VPLC_L3_HIGH_75_100_S01_R03,VPLC_L3_HIGH_75_100,SER_20260510_VPLC_L3_HIGH_75_100_S01,vPLC_container,VPLC_HOST,402,402,403,,319860,,,vplc_internal,75,100,75,0,0,0,2042139758,3,512,0,ok,
RUN_20260510_VPLC_L3_HIGH_75_100_S01_R03,VPLC_L3_HIGH_75_100,SER_20260510_VPLC_L3_HIGH_75_100_S01,vPLC_container,VPLC_HOST,403,403,404,,319935,,,vplc_internal,75,100,75,0,0,0,1385690864,3,512,0,ok,
RUN_20260510_VPLC_L3_HIGH_75_100_S01_R03,VPLC_L3_HIGH_75_100,SER_20260510_VPLC_L3_HIGH_75_100_S01,vPLC_container,VPLC_HOST,404,404,405,,320010,,,vplc_internal,75,100,75,0,0,0,2137481587,3,512,0,ok,
RUN_20260510_VPLC_L3_HIGH_75_100_S01_R03,VPLC_L3_HIGH_75_100,SER_20260510_VPLC_L3_HIGH_75_100_S01,vPLC_container,VPLC_HOST,405,405,406,,320085,,,vplc_internal,75,100,75,0,0,0,4645881,3,512,0,ok,
RUN_20260510_VPLC_L3_HIGH_75_100_S01_R03,VPLC_L3_HIGH_75_100,SER_20260510_VPLC_L3_HIGH_75_100_S01,vPLC_container,VPLC_HOST,406,406,407,,320160,,,vplc_internal,75,100,75,0,0,0,1431727743,3,512,0,ok,
RUN_20260510_VPLC_L3_HIGH_75_100_S01_R03,VPLC_L3_HIGH_75_100,SER_20260510_VPLC_L3_HIGH_75_100_S01,vPLC_container,VPLC_HOST,407,407,408,,320235,,,vplc_internal,75,100,75,0,0,0,2125861127,3,512,0,ok,
RUN_20260510_VPLC_L3_HIGH_75_100_S01_R03,VPLC_L3_HIGH_75_100,SER_20260510_VPLC_L3_HIGH_75_100_S01,vPLC_container,VPLC_HOST,408,408,409,,320310,,,vplc_internal,75,100,75,0,0,0,2089139089,3,512,0,ok,
RUN_20260510_VPLC_L3_HIGH_75_100_S01_R03,VPLC_L3_HIGH_75_100,SER_20260510_VPLC_L3_HIGH_75_100_S01,vPLC_container,VPLC_HOST,409,409,410,,320385,,,vplc_internal,75,100,75,0,0,0,1323662877,3,512,0,ok,
RUN_20260510_VPLC_L3_HIGH_75_100_S01_R03,VPLC_L3_HIGH_75_100,SER_20260510_VPLC_L3_HIGH_75_100_S01,vPLC_container,VPLC_HOST,410,410,411,,320460,,,vplc_internal,75,100,75,0,0,0,1979009194,3,512,0,ok,
RUN_20260510_VPLC_L3_HIGH_75_100_S01_R03,VPLC_L3_HIGH_75_100,SER_20260510_VPLC_L3_HIGH_75_100_S01,vPLC_container,VPLC_HOST,411,411,412,,320535,,,vplc_internal,75,100,75,0,0,0,1909795641,3,512,0,ok,
RUN_20260510_VPLC_L3_HIGH_75_100_S01_R03,VPLC_L3_HIGH_75_100,SER_20260510_VPLC_L3_HIGH_75_100_S01,vPLC_container,VPLC_HOST,412,412,413,,320610,,,vplc_internal,75,100,75,0,0,0,1118115274,3,512,0,ok,
RUN_20260510_VPLC_L3_HIGH_75_100_S01_R03,VPLC_L3_HIGH_75_100,SER_20260510_VPLC_L3_HIGH_75_100_S01,vPLC_container,VPLC_HOST,413,413,414,,320685,,,vplc_internal,75,100,75,0,0,0,1753552988,3,512,0,ok,
RUN_20260510_VPLC_L3_HIGH_75_100_S01_R03,VPLC_L3_HIGH_75_100,SER_20260510_VPLC_L3_HIGH_75_100_S01,vPLC_container,VPLC_HOST,414,414,415,,320760,,,vplc_internal,75,100,75,0,0,0,1670718192,3,512,0,ok,
RUN_20260510_VPLC_L3_HIGH_75_100_S01_R03,VPLC_L3_HIGH_75_100,SER_20260510_VPLC_L3_HIGH_75_100_S01,vPLC_container,VPLC_HOST,415,415,416,,320835,,,vplc_internal,75,100,75,0,0,0,871712134,3,512,0,ok,
RUN_20260510_VPLC_L3_HIGH_75_100_S01_R03,VPLC_L3_HIGH_75_100,SER_20260510_VPLC_L3_HIGH_75_100_S01,vPLC_container,VPLC_HOST,416,416,417,,320910,,,vplc_internal,75,100,75,0,0,0,1506111517,3,512,0,ok,
RUN_20260510_VPLC_L3_HIGH_75_100_S01_R03,VPLC_L3_HIGH_75_100,SER_20260510_VPLC_L3_HIGH_75_100_S01,vPLC_container,VPLC_HOST,417,417,418,,320985,,,vplc_internal,75,100,75,0,0,0,1428533942,3,512,0,ok,
RUN_20260510_VPLC_L3_HIGH_75_100_S01_R03,VPLC_L3_HIGH_75_100,SER_20260510_VPLC_L3_HIGH_75_100_S01,vPLC_container,VPLC_HOST,418,418,419,,321060,,,vplc_internal,75,100,75,0,0,0,641072465,3,512,0,ok,
RUN_20260510_VPLC_L3_HIGH_75_100_S01_R03,VPLC_L3_HIGH_75_100,SER_20260510_VPLC_L3_HIGH_75_100_S01,vPLC_container,VPLC_HOST,419,419,420,,321135,,,vplc_internal,75,100,75,0,0,0,1293311981,3,512,0,ok,
RUN_20260510_VPLC_L3_HIGH_75_100_S01_R03,VPLC_L3_HIGH_75_100,SER_20260510_VPLC_L3_HIGH_75_100_S01,vPLC_container,VPLC_HOST,420,420,421,,321210,,,vplc_internal,75,100,75,0,0,0,1239861899,3,512,0,ok,
RUN_20260510_VPLC_L3_HIGH_75_100_S01_R03,VPLC_L3_HIGH_75_100,SER_20260510_VPLC_L3_HIGH_75_100_S01,vPLC_container,VPLC_HOST,421,421,422,,321285,,,vplc_internal,75,100,75,0,0,0,482823467,3,512,0,ok,
RUN_20260510_VPLC_L3_HIGH_75_100_S01_R03,VPLC_L3_HIGH_75_100,SER_20260510_VPLC_L3_HIGH_75_100_S01,vPLC_container,VPLC_HOST,422,422,423,,321360,,,vplc_internal,75,100,75,0,0,0,1171773388,3,512,0,ok,
RUN_20260510_VPLC_L3_HIGH_75_100_S01_R03,VPLC_L3_HIGH_75_100,SER_20260510_VPLC_L3_HIGH_75_100_S01,vPLC_container,VPLC_HOST,423,423,424,,321435,,,vplc_internal,75,100,75,0,0,0,1161329263,3,512,0,ok,
RUN_20260510_VPLC_L3_HIGH_75_100_S01_R03,VPLC_L3_HIGH_75_100,SER_20260510_VPLC_L3_HIGH_75_100_S01,vPLC_container,VPLC_HOST,424,424,425,,321510,,,vplc_internal,75,100,75,0,0,0,453584148,3,512,0,ok,
RUN_20260510_VPLC_L3_HIGH_75_100_S01_R03,VPLC_L3_HIGH_75_100,SER_20260510_VPLC_L3_HIGH_75_100_S01,vPLC_container,VPLC_HOST,425,425,426,,321585,,,vplc_internal,75,100,75,0,0,0,1198122938,3,512,0,ok,
RUN_20260510_VPLC_L3_HIGH_75_100_S01_R03,VPLC_L3_HIGH_75_100,SER_20260510_VPLC_L3_HIGH_75_100_S01,vPLC_container,VPLC_HOST,426,426,427,,321660,,,vplc_internal,75,100,75,0,0,0,1249555042,3,512,0,ok,
RUN_20260510_VPLC_L3_HIGH_75_100_S01_R03,VPLC_L3_HIGH_75_100,SER_20260510_VPLC_L3_HIGH_75_100_S01,vPLC_container,VPLC_HOST,427,427,428,,321735,,,vplc_internal,75,100,75,0,0,0,609981708,3,512,0,ok,
RUN_20260510_VPLC_L3_HIGH_75_100_S01_R03,VPLC_L3_HIGH_75_100,SER_20260510_VPLC_L3_HIGH_75_100_S01,vPLC_container,VPLC_HOST,428,428,429,,321820,,,vplc_internal,75,100,85,10,0,0,1428979639,3,512,0,ok,
RUN_20260510_VPLC_L3_HIGH_75_100_S01_R03,VPLC_L3_HIGH_75_100,SER_20260510_VPLC_L3_HIGH_75_100_S01,vPLC_container,VPLC_HOST,429,429,430,,321885,,,vplc_internal,75,100,65,-10,0,0,1561166436,3,512,0,ok,
RUN_20260510_VPLC_L3_HIGH_75_100_S01_R03,VPLC_L3_HIGH_75_100,SER_20260510_VPLC_L3_HIGH_75_100_S01,vPLC_container,VPLC_HOST,430,430,431,,321960,,,vplc_internal,75,100,75,0,0,0,1008635155,3,512,0,ok,
RUN_20260510_VPLC_L3_HIGH_75_100_S01_R03,VPLC_L3_HIGH_75_100,SER_20260510_VPLC_L3_HIGH_75_100_S01,vPLC_container,VPLC_HOST,431,431,432,,322035,,,vplc_internal,75,100,75,0,0,0,1920970691,3,512,0,ok,
RUN_20260510_VPLC_L3_HIGH_75_100_S01_R03,VPLC_L3_HIGH_75_100,SER_20260510_VPLC_L3_HIGH_75_100_S01,vPLC_container,VPLC_HOST,432,432,433,,322110,,,vplc_internal,75,100,75,0,0,0,5298806,3,512,0,ok,
RUN_20260510_VPLC_L3_HIGH_75_100_S01_R03,VPLC_L3_HIGH_75_100,SER_20260510_VPLC_L3_HIGH_75_100_S01,vPLC_container,VPLC_HOST,433,433,434,,322185,,,vplc_internal,75,100,75,0,0,0,1706171689,3,512,0,ok,
RUN_20260510_VPLC_L3_HIGH_75_100_S01_R03,VPLC_L3_HIGH_75_100,SER_20260510_VPLC_L3_HIGH_75_100_S01,vPLC_container,VPLC_HOST,434,434,435,,322260,,,vplc_internal,75,100,75,0,0,0,583231455,3,512,0,ok,
RUN_20260510_VPLC_L3_HIGH_75_100_S01_R03,VPLC_L3_HIGH_75_100,SER_20260510_VPLC_L3_HIGH_75_100_S01,vPLC_container,VPLC_HOST,435,435,436,,322335,,,vplc_internal,75,100,75,0,0,0,933546646,3,512,0,ok,
RUN_20260510_VPLC_L3_HIGH_75_100_S01_R03,VPLC_L3_HIGH_75_100,SER_20260510_VPLC_L3_HIGH_75_100_S01,vPLC_container,VPLC_HOST,436,436,437,,322410,,,vplc_internal,75,100,75,0,0,0,611726671,3,512,0,ok,
RUN_20260510_VPLC_L3_HIGH_75_100_S01_R03,VPLC_L3_HIGH_75_100,SER_20260510_VPLC_L3_HIGH_75_100_S01,vPLC_container,VPLC_HOST,437,437,438,,322485,,,vplc_internal,75,100,75,0,0,0,1767356425,3,512,0,ok,
RUN_20260510_VPLC_L3_HIGH_75_100_S01_R03,VPLC_L3_HIGH_75_100,SER_20260510_VPLC_L3_HIGH_75_100_S01,vPLC_container,VPLC_HOST,438,438,439,,322560,,,vplc_internal,75,100,75,0,0,0,107561670,3,512,0,ok,
RUN_20260510_VPLC_L3_HIGH_75_100_S01_R03,VPLC_L3_HIGH_75_100,SER_20260510_VPLC_L3_HIGH_75_100_S01,vPLC_container,VPLC_HOST,439,439,440,,322635,,,vplc_internal,75,100,75,0,0,0,2076894595,3,512,0,ok,
RUN_20260510_VPLC_L3_HIGH_75_100_S01_R03,VPLC_L3_HIGH_75_100,SER_20260510_VPLC_L3_HIGH_75_100_S01,vPLC_container,VPLC_HOST,440,440,441,,322710,,,vplc_internal,75,100,75,0,0,0,1234997315,3,512,0,ok,
RUN_20260510_VPLC_L3_HIGH_75_100_S01_R03,VPLC_L3_HIGH_75_100,SER_20260510_VPLC_L3_HIGH_75_100_S01,vPLC_container,VPLC_HOST,441,441,442,,322785,,,vplc_internal,75,100,75,0,0,0,1878938372,3,512,0,ok,
RUN_20260510_VPLC_L3_HIGH_75_100_S01_R03,VPLC_L3_HIGH_75_100,SER_20260510_VPLC_L3_HIGH_75_100_S01,vPLC_container,VPLC_HOST,442,442,443,,322860,,,vplc_internal,75,100,75,0,0,0,1863327175,3,512,0,ok,
RUN_20260510_VPLC_L3_HIGH_75_100_S01_R03,VPLC_L3_HIGH_75_100,SER_20260510_VPLC_L3_HIGH_75_100_S01,vPLC_container,VPLC_HOST,443,443,444,,322935,,,vplc_internal,75,100,75,0,0,0,1190264972,3,512,0,ok,
RUN_20260510_VPLC_L3_HIGH_75_100_S01_R03,VPLC_L3_HIGH_75_100,SER_20260510_VPLC_L3_HIGH_75_100_S01,vPLC_container,VPLC_HOST,444,444,445,,323010,,,vplc_internal,75,100,75,0,0,0,2009328466,3,512,0,ok,
RUN_20260510_VPLC_L3_HIGH_75_100_S01_R03,VPLC_L3_HIGH_75_100,SER_20260510_VPLC_L3_HIGH_75_100_S01,vPLC_container,VPLC_HOST,445,445,446,,323085,,,vplc_internal,75,100,75,0,0,0,27651611,3,512,0,ok,
RUN_20260510_VPLC_L3_HIGH_75_100_S01_R03,VPLC_L3_HIGH_75_100,SER_20260510_VPLC_L3_HIGH_75_100_S01,vPLC_container,VPLC_HOST,446,446,447,,323160,,,vplc_internal,75,100,75,0,0,0,1689778404,3,512,0,ok,
RUN_20260510_VPLC_L3_HIGH_75_100_S01_R03,VPLC_L3_HIGH_75_100,SER_20260510_VPLC_L3_HIGH_75_100_S01,vPLC_container,VPLC_HOST,447,447,448,,323235,,,vplc_internal,75,100,75,0,0,0,555359152,3,512,0,ok,
RUN_20260510_VPLC_L3_HIGH_75_100_S01_R03,VPLC_L3_HIGH_75_100,SER_20260510_VPLC_L3_HIGH_75_100_S01,vPLC_container,VPLC_HOST,448,448,449,,323310,,,vplc_internal,75,100,75,0,0,0,921454205,3,512,0,ok,
RUN_20260510_VPLC_L3_HIGH_75_100_S01_R03,VPLC_L3_HIGH_75_100,SER_20260510_VPLC_L3_HIGH_75_100_S01,vPLC_container,VPLC_HOST,449,449,450,,323385,,,vplc_internal,75,100,75,0,0,0,642681164,3,512,0,ok,
RUN_20260510_VPLC_L3_HIGH_75_100_S01_R03,VPLC_L3_HIGH_75_100,SER_20260510_VPLC_L3_HIGH_75_100_S01,vPLC_container,VPLC_HOST,450,450,451,,323460,,,vplc_internal,75,100,75,0,0,0,1868616732,3,512,0,ok,
RUN_20260510_VPLC_L3_HIGH_75_100_S01_R03,VPLC_L3_HIGH_75_100,SER_20260510_VPLC_L3_HIGH_75_100_S01,vPLC_container,VPLC_HOST,451,451,452,,323535,,,vplc_internal,75,100,75,0,0,0,306394863,3,512,0,ok,
RUN_20260510_VPLC_L3_HIGH_75_100_S01_R03,VPLC_L3_HIGH_75_100,SER_20260510_VPLC_L3_HIGH_75_100_S01,vPLC_container,VPLC_HOST,452,452,453,,323610,,,vplc_internal,75,100,75,0,0,0,253075907,3,512,0,ok,
RUN_20260510_VPLC_L3_HIGH_75_100_S01_R03,VPLC_L3_HIGH_75_100,SER_20260510_VPLC_L3_HIGH_75_100_S01,vPLC_container,VPLC_HOST,453,453,454,,323685,,,vplc_internal,75,100,75,0,0,0,1710761112,3,512,0,ok,
RUN_20260510_VPLC_L3_HIGH_75_100_S01_R03,VPLC_L3_HIGH_75_100,SER_20260510_VPLC_L3_HIGH_75_100_S01,vPLC_container,VPLC_HOST,454,454,455,,323760,,,vplc_internal,75,100,75,0,0,0,386576240,3,512,0,ok,
RUN_20260510_VPLC_L3_HIGH_75_100_S01_R03,VPLC_L3_HIGH_75_100,SER_20260510_VPLC_L3_HIGH_75_100_S01,vPLC_container,VPLC_HOST,455,455,456,,323835,,,vplc_internal,75,100,75,0,0,0,577589833,3,512,0,ok,
RUN_20260510_VPLC_L3_HIGH_75_100_S01_R03,VPLC_L3_HIGH_75_100,SER_20260510_VPLC_L3_HIGH_75_100_S01,vPLC_container,VPLC_HOST,456,456,457,,323910,,,vplc_internal,75,100,75,0,0,0,138411300,3,512,0,ok,
RUN_20260510_VPLC_L3_HIGH_75_100_S01_R03,VPLC_L3_HIGH_75_100,SER_20260510_VPLC_L3_HIGH_75_100_S01,vPLC_container,VPLC_HOST,457,457,458,,323985,,,vplc_internal,75,100,75,0,0,0,1218625536,3,512,0,ok,
RUN_20260510_VPLC_L3_HIGH_75_100_S01_R03,VPLC_L3_HIGH_75_100,SER_20260510_VPLC_L3_HIGH_75_100_S01,vPLC_container,VPLC_HOST,458,458,459,,324060,,,vplc_internal,75,100,75,0,0,0,1672841950,3,512,0,ok,
RUN_20260510_VPLC_L3_HIGH_75_100_S01_R03,VPLC_L3_HIGH_75_100,SER_20260510_VPLC_L3_HIGH_75_100_S01,vPLC_container,VPLC_HOST,459,459,460,,324135,,,vplc_internal,75,100,75,0,0,0,1503161790,3,512,0,ok,
RUN_20260510_VPLC_L3_HIGH_75_100_S01_R03,VPLC_L3_HIGH_75_100,SER_20260510_VPLC_L3_HIGH_75_100_S01,vPLC_container,VPLC_HOST,460,460,461,,324210,,,vplc_internal,75,100,75,0,0,0,711678112,3,512,0,ok,
RUN_20260510_VPLC_L3_HIGH_75_100_S01_R03,VPLC_L3_HIGH_75_100,SER_20260510_VPLC_L3_HIGH_75_100_S01,vPLC_container,VPLC_HOST,461,461,462,,324285,,,vplc_internal,75,100,75,0,0,0,1447975811,3,512,0,ok,
RUN_20260510_VPLC_L3_HIGH_75_100_S01_R03,VPLC_L3_HIGH_75_100,SER_20260510_VPLC_L3_HIGH_75_100_S01,vPLC_container,VPLC_HOST,462,462,463,,324360,,,vplc_internal,75,100,75,0,0,0,1566664296,3,512,0,ok,
RUN_20260510_VPLC_L3_HIGH_75_100_S01_R03,VPLC_L3_HIGH_75_100,SER_20260510_VPLC_L3_HIGH_75_100_S01,vPLC_container,VPLC_HOST,463,463,464,,324435,,,vplc_internal,75,100,75,0,0,0,1069844815,3,512,0,ok,
RUN_20260510_VPLC_L3_HIGH_75_100_S01_R03,VPLC_L3_HIGH_75_100,SER_20260510_VPLC_L3_HIGH_75_100_S01,vPLC_container,VPLC_HOST,464,464,465,,324510,,,vplc_internal,75,100,75,0,0,0,2107094071,3,512,0,ok,
RUN_20260510_VPLC_L3_HIGH_75_100_S01_R03,VPLC_L3_HIGH_75_100,SER_20260510_VPLC_L3_HIGH_75_100_S01,vPLC_container,VPLC_HOST,465,465,466,,324585,,,vplc_internal,75,100,75,0,0,0,385546018,3,512,0,ok,
RUN_20260510_VPLC_L3_HIGH_75_100_S01_R03,VPLC_L3_HIGH_75_100,SER_20260510_VPLC_L3_HIGH_75_100_S01,vPLC_container,VPLC_HOST,466,466,467,,324660,,,vplc_internal,75,100,75,0,0,0,202261006,3,512,0,ok,
RUN_20260510_VPLC_L3_HIGH_75_100_S01_R03,VPLC_L3_HIGH_75_100,SER_20260510_VPLC_L3_HIGH_75_100_S01,vPLC_container,VPLC_HOST,467,467,468,,324735,,,vplc_internal,75,100,75,0,0,0,1559340283,3,512,0,ok,
RUN_20260510_VPLC_L3_HIGH_75_100_S01_R03,VPLC_L3_HIGH_75_100,SER_20260510_VPLC_L3_HIGH_75_100_S01,vPLC_container,VPLC_HOST,468,468,469,,324819,,,vplc_internal,75,100,84,9,0,0,163909611,3,512,0,ok,
RUN_20260510_VPLC_L3_HIGH_75_100_S01_R03,VPLC_L3_HIGH_75_100,SER_20260510_VPLC_L3_HIGH_75_100_S01,vPLC_container,VPLC_HOST,469,469,470,,324885,,,vplc_internal,75,100,66,-9,0,0,313037532,3,512,0,ok,
RUN_20260510_VPLC_L3_HIGH_75_100_S01_R03,VPLC_L3_HIGH_75_100,SER_20260510_VPLC_L3_HIGH_75_100_S01,vPLC_container,VPLC_HOST,470,470,471,,324960,,,vplc_internal,75,100,75,0,0,0,2008817102,3,512,0,ok,
RUN_20260510_VPLC_L3_HIGH_75_100_S01_R03,VPLC_L3_HIGH_75_100,SER_20260510_VPLC_L3_HIGH_75_100_S01,vPLC_container,VPLC_HOST,471,471,472,,325035,,,vplc_internal,75,100,75,0,0,0,958382275,3,512,0,ok,
RUN_20260510_VPLC_L3_HIGH_75_100_S01_R03,VPLC_L3_HIGH_75_100,SER_20260510_VPLC_L3_HIGH_75_100_S01,vPLC_container,VPLC_HOST,472,472,473,,325110,,,vplc_internal,75,100,75,0,0,0,1458793401,3,512,0,ok,
RUN_20260510_VPLC_L3_HIGH_75_100_S01_R03,VPLC_L3_HIGH_75_100,SER_20260510_VPLC_L3_HIGH_75_100_S01,vPLC_container,VPLC_HOST,473,473,474,,325185,,,vplc_internal,75,100,75,0,0,0,1364668081,3,512,0,ok,
RUN_20260510_VPLC_L3_HIGH_75_100_S01_R03,VPLC_L3_HIGH_75_100,SER_20260510_VPLC_L3_HIGH_75_100_S01,vPLC_container,VPLC_HOST,474,474,475,,325260,,,vplc_internal,75,100,75,0,0,0,678099371,3,512,0,ok,
RUN_20260510_VPLC_L3_HIGH_75_100_S01_R03,VPLC_L3_HIGH_75_100,SER_20260510_VPLC_L3_HIGH_75_100_S01,vPLC_container,VPLC_HOST,475,475,476,,325335,,,vplc_internal,75,100,75,0,0,0,1548672166,3,512,0,ok,
RUN_20260510_VPLC_L3_HIGH_75_100_S01_R03,VPLC_L3_HIGH_75_100,SER_20260510_VPLC_L3_HIGH_75_100_S01,vPLC_container,VPLC_HOST,476,476,477,,325410,,,vplc_internal,75,100,75,0,0,0,1830995875,3,512,0,ok,
RUN_20260510_VPLC_L3_HIGH_75_100_S01_R03,VPLC_L3_HIGH_75_100,SER_20260510_VPLC_L3_HIGH_75_100_S01,vPLC_container,VPLC_HOST,477,477,478,,325485,,,vplc_internal,75,100,75,0,0,0,1527171746,3,512,0,ok,
RUN_20260510_VPLC_L3_HIGH_75_100_S01_R03,VPLC_L3_HIGH_75_100,SER_20260510_VPLC_L3_HIGH_75_100_S01,vPLC_container,VPLC_HOST,478,478,479,,325560,,,vplc_internal,75,100,75,0,0,0,639292835,3,512,0,ok,
RUN_20260510_VPLC_L3_HIGH_75_100_S01_R03,VPLC_L3_HIGH_75_100,SER_20260510_VPLC_L3_HIGH_75_100_S01,vPLC_container,VPLC_HOST,479,479,480,,325635,,,vplc_internal,75,100,75,0,0,0,1316944037,3,512,0,ok,
RUN_20260510_VPLC_L3_HIGH_75_100_S01_R03,VPLC_L3_HIGH_75_100,SER_20260510_VPLC_L3_HIGH_75_100_S01,vPLC_container,VPLC_HOST,480,480,481,,325710,,,vplc_internal,75,100,75,0,0,0,1414734761,3,512,0,ok,
RUN_20260510_VPLC_L3_HIGH_75_100_S01_R03,VPLC_L3_HIGH_75_100,SER_20260510_VPLC_L3_HIGH_75_100_S01,vPLC_container,VPLC_HOST,481,481,482,,325785,,,vplc_internal,75,100,75,0,0,0,934766255,3,512,0,ok,
RUN_20260510_VPLC_L3_HIGH_75_100_S01_R03,VPLC_L3_HIGH_75_100,SER_20260510_VPLC_L3_HIGH_75_100_S01,vPLC_container,VPLC_HOST,482,482,483,,325860,,,vplc_internal,75,100,75,0,0,0,2026615222,3,512,0,ok,
RUN_20260510_VPLC_L3_HIGH_75_100_S01_R03,VPLC_L3_HIGH_75_100,SER_20260510_VPLC_L3_HIGH_75_100_S01,vPLC_container,VPLC_HOST,483,483,484,,325935,,,vplc_internal,75,100,75,0,0,0,397415616,3,512,0,ok,
RUN_20260510_VPLC_L3_HIGH_75_100_S01_R03,VPLC_L3_HIGH_75_100,SER_20260510_VPLC_L3_HIGH_75_100_S01,vPLC_container,VPLC_HOST,484,484,485,,326010,,,vplc_internal,75,100,75,0,0,0,344227787,3,512,0,ok,
RUN_20260510_VPLC_L3_HIGH_75_100_S01_R03,VPLC_L3_HIGH_75_100,SER_20260510_VPLC_L3_HIGH_75_100_S01,vPLC_container,VPLC_HOST,485,485,486,,326085,,,vplc_internal,75,100,75,0,0,0,1869152983,3,512,0,ok,
RUN_20260510_VPLC_L3_HIGH_75_100_S01_R03,VPLC_L3_HIGH_75_100,SER_20260510_VPLC_L3_HIGH_75_100_S01,vPLC_container,VPLC_HOST,486,486,487,,326160,,,vplc_internal,75,100,75,0,0,0,679316966,3,512,0,ok,
RUN_20260510_VPLC_L3_HIGH_75_100_S01_R03,VPLC_L3_HIGH_75_100,SER_20260510_VPLC_L3_HIGH_75_100_S01,vPLC_container,VPLC_HOST,487,487,488,,326235,,,vplc_internal,75,100,75,0,0,0,1071788278,3,512,0,ok,
RUN_20260510_VPLC_L3_HIGH_75_100_S01_R03,VPLC_L3_HIGH_75_100,SER_20260510_VPLC_L3_HIGH_75_100_S01,vPLC_container,VPLC_HOST,488,488,489,,326310,,,vplc_internal,75,100,75,0,0,0,901176328,3,512,0,ok,
RUN_20260510_VPLC_L3_HIGH_75_100_S01_R03,VPLC_L3_HIGH_75_100,SER_20260510_VPLC_L3_HIGH_75_100_S01,vPLC_container,VPLC_HOST,489,489,490,,326385,,,vplc_internal,75,100,75,0,0,0,169582364,3,512,0,ok,
RUN_20260510_VPLC_L3_HIGH_75_100_S01_R03,VPLC_L3_HIGH_75_100,SER_20260510_VPLC_L3_HIGH_75_100_S01,vPLC_container,VPLC_HOST,490,490,491,,326460,,,vplc_internal,75,100,75,0,0,0,1026583089,3,512,0,ok,
RUN_20260510_VPLC_L3_HIGH_75_100_S01_R03,VPLC_L3_HIGH_75_100,SER_20260510_VPLC_L3_HIGH_75_100_S01,vPLC_container,VPLC_HOST,491,491,492,,326535,,,vplc_internal,75,100,75,0,0,0,1326796104,3,512,0,ok,
RUN_20260510_VPLC_L3_HIGH_75_100_S01_R03,VPLC_L3_HIGH_75_100,SER_20260510_VPLC_L3_HIGH_75_100_S01,vPLC_container,VPLC_HOST,492,492,493,,326610,,,vplc_internal,75,100,75,0,0,0,1072314465,3,512,0,ok,
RUN_20260510_VPLC_L3_HIGH_75_100_S01_R03,VPLC_L3_HIGH_75_100,SER_20260510_VPLC_L3_HIGH_75_100_S01,vPLC_container,VPLC_HOST,493,493,494,,326685,,,vplc_internal,75,100,75,0,0,0,265239420,3,512,0,ok,
RUN_20260510_VPLC_L3_HIGH_75_100_S01_R03,VPLC_L3_HIGH_75_100,SER_20260510_VPLC_L3_HIGH_75_100_S01,vPLC_container,VPLC_HOST,494,494,495,,326760,,,vplc_internal,75,100,75,0,0,0,1055147672,3,512,0,ok,
RUN_20260510_VPLC_L3_HIGH_75_100_S01_R03,VPLC_L3_HIGH_75_100,SER_20260510_VPLC_L3_HIGH_75_100_S01,vPLC_container,VPLC_HOST,495,495,496,,326835,,,vplc_internal,75,100,75,0,0,0,1296656822,3,512,0,ok,
RUN_20260510_VPLC_L3_HIGH_75_100_S01_R03,VPLC_L3_HIGH_75_100,SER_20260510_VPLC_L3_HIGH_75_100_S01,vPLC_container,VPLC_HOST,496,496,497,,326910,,,vplc_internal,75,100,75,0,0,0,991859926,3,512,0,ok,
RUN_20260510_VPLC_L3_HIGH_75_100_S01_R03,VPLC_L3_HIGH_75_100,SER_20260510_VPLC_L3_HIGH_75_100_S01,vPLC_container,VPLC_HOST,497,497,498,,326985,,,vplc_internal,75,100,75,0,0,0,142858232,3,512,0,ok,
RUN_20260510_VPLC_L3_HIGH_75_100_S01_R03,VPLC_L3_HIGH_75_100,SER_20260510_VPLC_L3_HIGH_75_100_S01,vPLC_container,VPLC_HOST,498,498,499,,327060,,,vplc_internal,75,100,75,0,0,0,899228443,3,512,0,ok,
RUN_20260510_VPLC_L3_HIGH_75_100_S01_R03,VPLC_L3_HIGH_75_100,SER_20260510_VPLC_L3_HIGH_75_100_S01,vPLC_container,VPLC_HOST,499,499,500,,327135,,,vplc_internal,75,100,75,0,0,1,1115588160,3,512,0,ok,
RUN_20260510_VPLC_L3_HIGH_75_100_S01_R03,VPLC_L3_HIGH_75_100,SER_20260510_VPLC_L3_HIGH_75_100_S01,vPLC_container,VPLC_HOST,500,500,501,,327210,,,vplc_internal,75,100,75,0,0,1,794030439,3,512,0,ok,
RUN_20260510_VPLC_L3_HIGH_75_100_S01_R03,VPLC_L3_HIGH_75_100,SER_20260510_VPLC_L3_HIGH_75_100_S01,vPLC_container,VPLC_HOST,501,501,502,,327285,,,vplc_internal,75,100,75,0,0,1,2084140175,3,512,0,ok,
RUN_20260510_VPLC_L3_HIGH_75_100_S01_R03,VPLC_L3_HIGH_75_100,SER_20260510_VPLC_L3_HIGH_75_100_S01,vPLC_container,VPLC_HOST,502,502,503,,327360,,,vplc_internal,75,100,75,0,0,1,693043130,3,512,0,ok,
RUN_20260510_VPLC_L3_HIGH_75_100_S01_R03,VPLC_L3_HIGH_75_100,SER_20260510_VPLC_L3_HIGH_75_100_S01,vPLC_container,VPLC_HOST,503,503,504,,327435,,,vplc_internal,75,100,75,0,0,1,917807846,3,512,0,ok,
RUN_20260510_VPLC_L3_HIGH_75_100_S01_R03,VPLC_L3_HIGH_75_100,SER_20260510_VPLC_L3_HIGH_75_100_S01,vPLC_container,VPLC_HOST,504,504,505,,327510,,,vplc_internal,75,100,75,0,0,1,613043732,3,512,0,ok,
RUN_20260510_VPLC_L3_HIGH_75_100_S01_R03,VPLC_L3_HIGH_75_100,SER_20260510_VPLC_L3_HIGH_75_100_S01,vPLC_container,VPLC_HOST,505,505,506,,327585,,,vplc_internal,75,100,75,0,0,1,1928335683,3,512,0,ok,
RUN_20260510_VPLC_L3_HIGH_75_100_S01_R03,VPLC_L3_HIGH_75_100,SER_20260510_VPLC_L3_HIGH_75_100_S01,vPLC_container,VPLC_HOST,506,506,507,,327660,,,vplc_internal,75,100,75,0,0,1,570809461,3,512,0,ok,
RUN_20260510_VPLC_L3_HIGH_75_100_S01_R03,VPLC_L3_HIGH_75_100,SER_20260510_VPLC_L3_HIGH_75_100_S01,vPLC_container,VPLC_HOST,507,507,508,,327735,,,vplc_internal,75,100,75,0,0,1,837533608,3,512,0,ok,
RUN_20260510_VPLC_L3_HIGH_75_100_S01_R03,VPLC_L3_HIGH_75_100,SER_20260510_VPLC_L3_HIGH_75_100_S01,vPLC_container,VPLC_HOST,508,508,509,,327819,,,vplc_internal,75,100,84,9,0,1,583117533,3,512,0,ok,
RUN_20260510_VPLC_L3_HIGH_75_100_S01_R03,VPLC_L3_HIGH_75_100,SER_20260510_VPLC_L3_HIGH_75_100_S01,vPLC_container,VPLC_HOST,509,509,510,,327885,,,vplc_internal,75,100,66,-9,0,1,1957146131,3,512,0,ok,
RUN_20260510_VPLC_L3_HIGH_75_100_S01_R03,VPLC_L3_HIGH_75_100,SER_20260510_VPLC_L3_HIGH_75_100_S01,vPLC_container,VPLC_HOST,510,510,511,,327960,,,vplc_internal,75,100,75,0,0,1,666745164,3,512,0,ok,
RUN_20260510_VPLC_L3_HIGH_75_100_S01_R03,VPLC_L3_HIGH_75_100,SER_20260510_VPLC_L3_HIGH_75_100_S01,vPLC_container,VPLC_HOST,511,511,512,,328035,,,vplc_internal,75,100,75,0,0,1,1008983174,3,512,0,ok,
RUN_20260510_VPLC_L3_HIGH_75_100_S01_R03,VPLC_L3_HIGH_75_100,SER_20260510_VPLC_L3_HIGH_75_100_S01,vPLC_container,VPLC_HOST,512,512,513,,328110,,,vplc_internal,75,100,75,0,0,1,838469570,3,512,0,ok,
RUN_20260510_VPLC_L3_HIGH_75_100_S01_R03,VPLC_L3_HIGH_75_100,SER_20260510_VPLC_L3_HIGH_75_100_S01,vPLC_container,VPLC_HOST,513,513,514,,328185,,,vplc_internal,75,100,75,0,0,1,157305600,3,512,0,ok,
RUN_20260510_VPLC_L3_HIGH_75_100_S01_R03,VPLC_L3_HIGH_75_100,SER_20260510_VPLC_L3_HIGH_75_100_S01,vPLC_container,VPLC_HOST,514,514,515,,328260,,,vplc_internal,75,100,75,0,0,1,1115067967,3,512,0,ok,
RUN_20260510_VPLC_L3_HIGH_75_100_S01_R03,VPLC_L3_HIGH_75_100,SER_20260510_VPLC_L3_HIGH_75_100_S01,vPLC_container,VPLC_HOST,515,515,516,,328335,,,vplc_internal,75,100,75,0,0,1,1566374272,3,512,0,ok,
RUN_20260510_VPLC_L3_HIGH_75_100_S01_R03,VPLC_L3_HIGH_75_100,SER_20260510_VPLC_L3_HIGH_75_100_S01,vPLC_container,VPLC_HOST,516,516,517,,328410,,,vplc_internal,75,100,75,0,0,1,1513317571,3,512,0,ok,
RUN_20260510_VPLC_L3_HIGH_75_100_S01_R03,VPLC_L3_HIGH_75_100,SER_20260510_VPLC_L3_HIGH_75_100_S01,vPLC_container,VPLC_HOST,517,517,518,,328485,,,vplc_internal,75,100,75,0,0,1,957999112,3,512,0,ok,
RUN_20260510_VPLC_L3_HIGH_75_100_S01_R03,VPLC_L3_HIGH_75_100,SER_20260510_VPLC_L3_HIGH_75_100_S01,vPLC_container,VPLC_HOST,518,518,519,,328560,,,vplc_internal,75,100,75,0,0,1,2049995598,3,512,0,ok,
RUN_20260510_VPLC_L3_HIGH_75_100_S01_R03,VPLC_L3_HIGH_75_100,SER_20260510_VPLC_L3_HIGH_75_100_S01,vPLC_container,VPLC_HOST,519,519,520,,328635,,,vplc_internal,75,100,75,0,0,1,496440983,3,512,0,ok,
RUN_20260510_VPLC_L3_HIGH_75_100_S01_R03,VPLC_L3_HIGH_75_100,SER_20260510_VPLC_L3_HIGH_75_100_S01,vPLC_container,VPLC_HOST,520,520,521,,328710,,,vplc_internal,75,100,75,0,0,1,594395617,3,512,0,ok,
RUN_20260510_VPLC_L3_HIGH_75_100_S01_R03,VPLC_L3_HIGH_75_100,SER_20260510_VPLC_L3_HIGH_75_100_S01,vPLC_container,VPLC_HOST,521,521,522,,328785,,,vplc_internal,75,100,75,0,0,1,198477101,3,512,0,ok,
RUN_20260510_VPLC_L3_HIGH_75_100_S01_R03,VPLC_L3_HIGH_75_100,SER_20260510_VPLC_L3_HIGH_75_100_S01,vPLC_container,VPLC_HOST,522,522,523,,328860,,,vplc_internal,75,100,75,0,0,1,1458262138,3,512,0,ok,
RUN_20260510_VPLC_L3_HIGH_75_100_S01_R03,VPLC_L3_HIGH_75_100,SER_20260510_VPLC_L3_HIGH_75_100_S01,vPLC_container,VPLC_HOST,523,523,524,,328935,,,vplc_internal,75,100,75,0,0,1,80884682,3,512,0,ok,
RUN_20260510_VPLC_L3_HIGH_75_100_S01_R03,VPLC_L3_HIGH_75_100,SER_20260510_VPLC_L3_HIGH_75_100_S01,vPLC_container,VPLC_HOST,524,524,525,,329010,,,vplc_internal,75,100,75,0,0,1,363405083,3,512,0,ok,
RUN_20260510_VPLC_L3_HIGH_75_100_S01_R03,VPLC_L3_HIGH_75_100,SER_20260510_VPLC_L3_HIGH_75_100_S01,vPLC_container,VPLC_HOST,525,525,526,,329085,,,vplc_internal,75,100,75,0,0,1,160440942,3,512,0,ok,
RUN_20260510_VPLC_L3_HIGH_75_100_S01_R03,VPLC_L3_HIGH_75_100,SER_20260510_VPLC_L3_HIGH_75_100_S01,vPLC_container,VPLC_HOST,526,526,527,,329160,,,vplc_internal,75,100,75,0,0,1,1621568962,3,512,0,ok,
RUN_20260510_VPLC_L3_HIGH_75_100_S01_R03,VPLC_L3_HIGH_75_100,SER_20260510_VPLC_L3_HIGH_75_100_S01,vPLC_container,VPLC_HOST,527,527,528,,329235,,,vplc_internal,75,100,75,0,0,1,453923097,3,512,0,ok,
RUN_20260510_VPLC_L3_HIGH_75_100_S01_R03,VPLC_L3_HIGH_75_100,SER_20260510_VPLC_L3_HIGH_75_100_S01,vPLC_container,VPLC_HOST,528,528,529,,329310,,,vplc_internal,75,100,75,0,0,1,954563697,3,512,0,ok,
RUN_20260510_VPLC_L3_HIGH_75_100_S01_R03,VPLC_L3_HIGH_75_100,SER_20260510_VPLC_L3_HIGH_75_100_S01,vPLC_container,VPLC_HOST,529,529,530,,329385,,,vplc_internal,75,100,75,0,0,1,978108363,3,512,0,ok,
RUN_20260510_VPLC_L3_HIGH_75_100_S01_R03,VPLC_L3_HIGH_75_100,SER_20260510_VPLC_L3_HIGH_75_100_S01,vPLC_container,VPLC_HOST,530,530,531,,329460,,,vplc_internal,75,100,75,0,0,1,526650151,3,512,0,ok,
RUN_20260510_VPLC_L3_HIGH_75_100_S01_R03,VPLC_L3_HIGH_75_100,SER_20260510_VPLC_L3_HIGH_75_100_S01,vPLC_container,VPLC_HOST,531,531,532,,329535,,,vplc_internal,75,100,75,0,0,1,1749773956,3,512,0,ok,
RUN_20260510_VPLC_L3_HIGH_75_100_S01_R03,VPLC_L3_HIGH_75_100,SER_20260510_VPLC_L3_HIGH_75_100_S01,vPLC_container,VPLC_HOST,532,532,533,,329610,,,vplc_internal,75,100,75,0,0,1,354605540,3,512,0,ok,
RUN_20260510_VPLC_L3_HIGH_75_100_S01_R03,VPLC_L3_HIGH_75_100,SER_20260510_VPLC_L3_HIGH_75_100_S01,vPLC_container,VPLC_HOST,533,533,534,,329685,,,vplc_internal,75,100,75,0,0,1,638213445,3,512,0,ok,
RUN_20260510_VPLC_L3_HIGH_75_100_S01_R03,VPLC_L3_HIGH_75_100,SER_20260510_VPLC_L3_HIGH_75_100_S01,vPLC_container,VPLC_HOST,534,534,535,,329760,,,vplc_internal,75,100,75,0,0,1,455207080,3,512,0,ok,
RUN_20260510_VPLC_L3_HIGH_75_100_S01_R03,VPLC_L3_HIGH_75_100,SER_20260510_VPLC_L3_HIGH_75_100_S01,vPLC_container,VPLC_HOST,535,535,536,,329835,,,vplc_internal,75,100,75,0,0,1,1955171340,3,512,0,ok,
RUN_20260510_VPLC_L3_HIGH_75_100_S01_R03,VPLC_L3_HIGH_75_100,SER_20260510_VPLC_L3_HIGH_75_100_S01,vPLC_container,VPLC_HOST,536,536,537,,329910,,,vplc_internal,75,100,75,0,0,1,845231987,3,512,0,ok,
RUN_20260510_VPLC_L3_HIGH_75_100_S01_R03,VPLC_L3_HIGH_75_100,SER_20260510_VPLC_L3_HIGH_75_100_S01,vPLC_container,VPLC_HOST,537,537,538,,329985,,,vplc_internal,75,100,75,0,0,1,1422457563,3,512,0,ok,
RUN_20260510_VPLC_L3_HIGH_75_100_S01_R03,VPLC_L3_HIGH_75_100,SER_20260510_VPLC_L3_HIGH_75_100_S01,vPLC_container,VPLC_HOST,538,538,539,,330060,,,vplc_internal,75,100,75,0,0,1,1541457477,3,512,0,ok,
RUN_20260510_VPLC_L3_HIGH_75_100_S01_R03,VPLC_L3_HIGH_75_100,SER_20260510_VPLC_L3_HIGH_75_100_S01,vPLC_container,VPLC_HOST,539,539,540,,330135,,,vplc_internal,75,100,75,0,0,1,1204332977,3,512,0,ok,
RUN_20260510_VPLC_L3_HIGH_75_100_S01_R03,VPLC_L3_HIGH_75_100,SER_20260510_VPLC_L3_HIGH_75_100_S01,vPLC_container,VPLC_HOST,540,540,541,,330210,,,vplc_internal,75,100,75,0,0,1,413177119,3,512,0,ok,
RUN_20260510_VPLC_L3_HIGH_75_100_S01_R03,VPLC_L3_HIGH_75_100,SER_20260510_VPLC_L3_HIGH_75_100_S01,vPLC_container,VPLC_HOST,541,541,542,,330285,,,vplc_internal,75,100,75,0,0,1,1317574798,3,512,0,ok,
RUN_20260510_VPLC_L3_HIGH_75_100_S01_R03,VPLC_L3_HIGH_75_100,SER_20260510_VPLC_L3_HIGH_75_100_S01,vPLC_container,VPLC_HOST,542,542,543,,330360,,,vplc_internal,75,100,75,0,0,1,1772135423,3,512,0,ok,
RUN_20260510_VPLC_L3_HIGH_75_100_S01_R03,VPLC_L3_HIGH_75_100,SER_20260510_VPLC_L3_HIGH_75_100_S01,vPLC_container,VPLC_HOST,543,543,544,,330435,,,vplc_internal,75,100,75,0,0,1,1778960242,3,512,0,ok,
RUN_20260510_VPLC_L3_HIGH_75_100_S01_R03,VPLC_L3_HIGH_75_100,SER_20260510_VPLC_L3_HIGH_75_100_S01,vPLC_container,VPLC_HOST,544,544,545,,330510,,,vplc_internal,75,100,75,0,0,1,1340142311,3,512,0,ok,
RUN_20260510_VPLC_L3_HIGH_75_100_S01_R03,VPLC_L3_HIGH_75_100,SER_20260510_VPLC_L3_HIGH_75_100_S01,vPLC_container,VPLC_HOST,545,545,546,,330585,,,vplc_internal,75,100,75,0,0,1,457782878,3,512,0,ok,
RUN_20260510_VPLC_L3_HIGH_75_100_S01_R03,VPLC_L3_HIGH_75_100,SER_20260510_VPLC_L3_HIGH_75_100_S01,vPLC_container,VPLC_HOST,546,546,547,,330660,,,vplc_internal,75,100,75,0,0,1,1281458646,3,512,0,ok,
RUN_20260510_VPLC_L3_HIGH_75_100_S01_R03,VPLC_L3_HIGH_75_100,SER_20260510_VPLC_L3_HIGH_75_100_S01,vPLC_container,VPLC_HOST,547,547,548,,330735,,,vplc_internal,75,100,75,0,0,1,1665787216,3,512,0,ok,
RUN_20260510_VPLC_L3_HIGH_75_100_S01_R03,VPLC_L3_HIGH_75_100,SER_20260510_VPLC_L3_HIGH_75_100_S01,vPLC_container,VPLC_HOST,548,548,549,,330819,,,vplc_internal,75,100,84,9,0,1,1612861644,3,512,0,ok,
RUN_20260510_VPLC_L3_HIGH_75_100_S01_R03,VPLC_L3_HIGH_75_100,SER_20260510_VPLC_L3_HIGH_75_100_S01,vPLC_container,VPLC_HOST,549,549,550,,330885,,,vplc_internal,75,100,66,-9,0,1,1124783178,3,512,0,ok,
RUN_20260510_VPLC_L3_HIGH_75_100_S01_R03,VPLC_L3_HIGH_75_100,SER_20260510_VPLC_L3_HIGH_75_100_S01,vPLC_container,VPLC_HOST,550,550,551,,330960,,,vplc_internal,75,100,75,0,0,1,203644874,3,512,0,ok,
RUN_20260510_VPLC_L3_HIGH_75_100_S01_R03,VPLC_L3_HIGH_75_100,SER_20260510_VPLC_L3_HIGH_75_100_S01,vPLC_container,VPLC_HOST,551,551,552,,331035,,,vplc_internal,75,100,75,0,0,1,999031627,3,512,0,ok,
RUN_20260510_VPLC_L3_HIGH_75_100_S01_R03,VPLC_L3_HIGH_75_100,SER_20260510_VPLC_L3_HIGH_75_100_S01,vPLC_container,VPLC_HOST,552,552,553,,331110,,,vplc_internal,75,100,75,0,0,1,1365552846,3,512,0,ok,
RUN_20260510_VPLC_L3_HIGH_75_100_S01_R03,VPLC_L3_HIGH_75_100,SER_20260510_VPLC_L3_HIGH_75_100_S01,vPLC_container,VPLC_HOST,553,553,554,,331185,,,vplc_internal,75,100,75,0,0,1,1305309779,3,512,0,ok,
RUN_20260510_VPLC_L3_HIGH_75_100_S01_R03,VPLC_L3_HIGH_75_100,SER_20260510_VPLC_L3_HIGH_75_100_S01,vPLC_container,VPLC_HOST,554,554,555,,331260,,,vplc_internal,75,100,75,0,0,1,820395482,3,512,0,ok,
RUN_20260510_VPLC_L3_HIGH_75_100_S01_R03,VPLC_L3_HIGH_75_100,SER_20260510_VPLC_L3_HIGH_75_100_S01,vPLC_container,VPLC_HOST,555,555,556,,331335,,,vplc_internal,75,100,75,0,0,1,2060394850,3,512,0,ok,
RUN_20260510_VPLC_L3_HIGH_75_100_S01_R03,VPLC_L3_HIGH_75_100,SER_20260510_VPLC_L3_HIGH_75_100_S01,vPLC_container,VPLC_HOST,556,556,557,,331410,,,vplc_internal,75,100,75,0,0,1,732433645,3,512,0,ok,
RUN_20260510_VPLC_L3_HIGH_75_100_S01_R03,VPLC_L3_HIGH_75_100,SER_20260510_VPLC_L3_HIGH_75_100_S01,vPLC_container,VPLC_HOST,557,557,558,,331485,,,vplc_internal,75,100,75,0,0,1,1133580409,3,512,0,ok,
RUN_20260510_VPLC_L3_HIGH_75_100_S01_R03,VPLC_L3_HIGH_75_100,SER_20260510_VPLC_L3_HIGH_75_100_S01,vPLC_container,VPLC_HOST,558,558,559,,331560,,,vplc_internal,75,100,75,0,0,1,1118444551,3,512,0,ok,
RUN_20260510_VPLC_L3_HIGH_75_100_S01_R03,VPLC_L3_HIGH_75_100,SER_20260510_VPLC_L3_HIGH_75_100_S01,vPLC_container,VPLC_HOST,559,559,560,,331635,,,vplc_internal,75,100,75,0,0,1,689127319,3,512,0,ok,
RUN_20260510_VPLC_L3_HIGH_75_100_S01_R03,VPLC_L3_HIGH_75_100,SER_20260510_VPLC_L3_HIGH_75_100_S01,vPLC_container,VPLC_HOST,560,560,561,,331710,,,vplc_internal,75,100,75,0,0,1,1995205416,3,512,0,ok,
RUN_20260510_VPLC_L3_HIGH_75_100_S01_R03,VPLC_L3_HIGH_75_100,SER_20260510_VPLC_L3_HIGH_75_100_S01,vPLC_container,VPLC_HOST,561,561,562,,331785,,,vplc_internal,75,100,75,0,0,1,743812796,3,512,0,ok,
RUN_20260510_VPLC_L3_HIGH_75_100_S01_R03,VPLC_L3_HIGH_75_100,SER_20260510_VPLC_L3_HIGH_75_100_S01,vPLC_container,VPLC_HOST,562,562,563,,331860,,,vplc_internal,75,100,75,0,0,1,1232009809,3,512,0,ok,
RUN_20260510_VPLC_L3_HIGH_75_100_S01_R03,VPLC_L3_HIGH_75_100,SER_20260510_VPLC_L3_HIGH_75_100_S01,vPLC_container,VPLC_HOST,563,563,564,,331935,,,vplc_internal,75,100,75,0,0,1,1314414056,3,512,0,ok,
RUN_20260510_VPLC_L3_HIGH_75_100_S01_R03,VPLC_L3_HIGH_75_100,SER_20260510_VPLC_L3_HIGH_75_100_S01,vPLC_container,VPLC_HOST,564,564,565,,332010,,,vplc_internal,75,100,75,0,0,1,993118593,3,512,0,ok,
RUN_20260510_VPLC_L3_HIGH_75_100_S01_R03,VPLC_L3_HIGH_75_100,SER_20260510_VPLC_L3_HIGH_75_100_S01,vPLC_container,VPLC_HOST,565,565,566,,332085,,,vplc_internal,75,100,75,0,0,1,270224668,3,512,0,ok,
RUN_20260510_VPLC_L3_HIGH_75_100_S01_R03,VPLC_L3_HIGH_75_100,SER_20260510_VPLC_L3_HIGH_75_100_S01,vPLC_container,VPLC_HOST,566,566,567,,332160,,,vplc_internal,75,100,75,0,0,1,1295308984,3,512,0,ok,
RUN_20260510_VPLC_L3_HIGH_75_100_S01_R03,VPLC_L3_HIGH_75_100,SER_20260510_VPLC_L3_HIGH_75_100_S01,vPLC_container,VPLC_HOST,567,567,568,,332235,,,vplc_internal,75,100,75,0,0,1,1922989142,3,512,0,ok,
RUN_20260510_VPLC_L3_HIGH_75_100_S01_R03,VPLC_L3_HIGH_75_100,SER_20260510_VPLC_L3_HIGH_75_100_S01,vPLC_container,VPLC_HOST,568,568,569,,332310,,,vplc_internal,75,100,75,0,0,1,7874551,3,512,0,ok,
RUN_20260510_VPLC_L3_HIGH_75_100_S01_R03,VPLC_L3_HIGH_75_100,SER_20260510_VPLC_L3_HIGH_75_100_S01,vPLC_container,VPLC_HOST,569,569,570,,332385,,,vplc_internal,75,100,75,0,0,1,1994517400,3,512,0,ok,
RUN_20260510_VPLC_L3_HIGH_75_100_S01_R03,VPLC_L3_HIGH_75_100,SER_20260510_VPLC_L3_HIGH_75_100_S01,vPLC_container,VPLC_HOST,570,570,571,,332460,,,vplc_internal,75,100,75,0,0,1,1442559804,3,512,0,ok,
RUN_20260510_VPLC_L3_HIGH_75_100_S01_R03,VPLC_L3_HIGH_75_100,SER_20260510_VPLC_L3_HIGH_75_100_S01,vPLC_container,VPLC_HOST,571,571,572,,332535,,,vplc_internal,75,100,75,0,0,1,501586658,3,512,0,ok,
RUN_20260510_VPLC_L3_HIGH_75_100_S01_R03,VPLC_L3_HIGH_75_100,SER_20260510_VPLC_L3_HIGH_75_100_S01,vPLC_container,VPLC_HOST,572,572,573,,332610,,,vplc_internal,75,100,75,0,0,1,1321174665,3,512,0,ok,
RUN_20260510_VPLC_L3_HIGH_75_100_S01_R03,VPLC_L3_HIGH_75_100,SER_20260510_VPLC_L3_HIGH_75_100_S01,vPLC_container,VPLC_HOST,573,573,574,,332685,,,vplc_internal,75,100,75,0,0,1,1755941426,3,512,0,ok,
RUN_20260510_VPLC_L3_HIGH_75_100_S01_R03,VPLC_L3_HIGH_75_100,SER_20260510_VPLC_L3_HIGH_75_100_S01,vPLC_container,VPLC_HOST,574,574,575,,332760,,,vplc_internal,75,100,75,0,0,1,1807979997,3,512,0,ok,
RUN_20260510_VPLC_L3_HIGH_75_100_S01_R03,VPLC_L3_HIGH_75_100,SER_20260510_VPLC_L3_HIGH_75_100_S01,vPLC_container,VPLC_HOST,575,575,576,,332835,,,vplc_internal,75,100,75,0,0,1,1479391626,3,512,0,ok,
RUN_20260510_VPLC_L3_HIGH_75_100_S01_R03,VPLC_L3_HIGH_75_100,SER_20260510_VPLC_L3_HIGH_75_100_S01,vPLC_container,VPLC_HOST,576,576,577,,332910,,,vplc_internal,75,100,75,0,0,1,772269369,3,512,0,ok,
RUN_20260510_VPLC_L3_HIGH_75_100_S01_R03,VPLC_L3_HIGH_75_100,SER_20260510_VPLC_L3_HIGH_75_100_S01,vPLC_container,VPLC_HOST,577,577,578,,332985,,,vplc_internal,75,100,75,0,0,1,1836198121,3,512,0,ok,
RUN_20260510_VPLC_L3_HIGH_75_100_S01_R03,VPLC_L3_HIGH_75_100,SER_20260510_VPLC_L3_HIGH_75_100_S01,vPLC_container,VPLC_HOST,578,578,579,,333060,,,vplc_internal,75,100,75,0,0,1,378303644,3,512,0,ok,
RUN_20260510_VPLC_L3_HIGH_75_100_S01_R03,VPLC_L3_HIGH_75_100,SER_20260510_VPLC_L3_HIGH_75_100_S01,vPLC_container,VPLC_HOST,579,579,580,,333135,,,vplc_internal,75,100,75,0,0,1,695654480,3,512,0,ok,
RUN_20260510_VPLC_L3_HIGH_75_100_S01_R03,VPLC_L3_HIGH_75_100,SER_20260510_VPLC_L3_HIGH_75_100_S01,vPLC_container,VPLC_HOST,580,580,581,,333210,,,vplc_internal,75,100,75,0,0,1,642860038,3,512,0,ok,
RUN_20260510_VPLC_L3_HIGH_75_100_S01_R03,VPLC_L3_HIGH_75_100,SER_20260510_VPLC_L3_HIGH_75_100_S01,vPLC_container,VPLC_HOST,581,581,582,,333285,,,vplc_internal,75,100,75,0,0,1,222021566,3,512,0,ok,
RUN_20260510_VPLC_L3_HIGH_75_100_S01_R03,VPLC_L3_HIGH_75_100,SER_20260510_VPLC_L3_HIGH_75_100_S01,vPLC_container,VPLC_HOST,582,582,583,,333360,,,vplc_internal,75,100,75,0,0,1,1582715767,3,512,0,ok,
RUN_20260510_VPLC_L3_HIGH_75_100_S01_R03,VPLC_L3_HIGH_75_100,SER_20260510_VPLC_L3_HIGH_75_100_S01,vPLC_container,VPLC_HOST,583,583,584,,333435,,,vplc_internal,75,100,75,0,0,1,432076595,3,512,0,ok,
RUN_20260510_VPLC_L3_HIGH_75_100_S01_R03,VPLC_L3_HIGH_75_100,SER_20260510_VPLC_L3_HIGH_75_100_S01,vPLC_container,VPLC_HOST,584,584,585,,333510,,,vplc_internal,75,100,75,0,0,1,1067164400,3,512,0,ok,
RUN_20260510_VPLC_L3_HIGH_75_100_S01_R03,VPLC_L3_HIGH_75_100,SER_20260510_VPLC_L3_HIGH_75_100_S01,vPLC_container,VPLC_HOST,585,585,586,,333585,,,vplc_internal,75,100,75,0,0,1,1342596783,3,512,0,ok,
RUN_20260510_VPLC_L3_HIGH_75_100_S01_R03,VPLC_L3_HIGH_75_100,SER_20260510_VPLC_L3_HIGH_75_100_S01,vPLC_container,VPLC_HOST,586,586,587,,333660,,,vplc_internal,75,100,75,0,0,1,1260466800,3,512,0,ok,
RUN_20260510_VPLC_L3_HIGH_75_100_S01_R03,VPLC_L3_HIGH_75_100,SER_20260510_VPLC_L3_HIGH_75_100_S01,vPLC_container,VPLC_HOST,587,587,588,,333735,,,vplc_internal,75,100,75,0,0,1,822875699,3,512,0,ok,
RUN_20260510_VPLC_L3_HIGH_75_100_S01_R03,VPLC_L3_HIGH_75_100,SER_20260510_VPLC_L3_HIGH_75_100_S01,vPLC_container,VPLC_HOST,588,588,589,,333819,,,vplc_internal,75,100,84,9,0,1,31916536,3,512,0,ok,
RUN_20260510_VPLC_L3_HIGH_75_100_S01_R03,VPLC_L3_HIGH_75_100,SER_20260510_VPLC_L3_HIGH_75_100_S01,vPLC_container,VPLC_HOST,589,589,590,,333885,,,vplc_internal,75,100,66,-9,0,1,1037174206,3,512,0,ok,
RUN_20260510_VPLC_L3_HIGH_75_100_S01_R03,VPLC_L3_HIGH_75_100,SER_20260510_VPLC_L3_HIGH_75_100_S01,vPLC_container,VPLC_HOST,590,590,591,,333960,,,vplc_internal,75,100,75,0,0,1,1693258118,3,512,0,ok,
RUN_20260510_VPLC_L3_HIGH_75_100_S01_R03,VPLC_L3_HIGH_75_100,SER_20260510_VPLC_L3_HIGH_75_100_S01,vPLC_container,VPLC_HOST,591,591,592,,334035,,,vplc_internal,75,100,75,0,0,1,2002269520,3,512,0,ok,
RUN_20260510_VPLC_L3_HIGH_75_100_S01_R03,VPLC_L3_HIGH_75_100,SER_20260510_VPLC_L3_HIGH_75_100_S01,vPLC_container,VPLC_HOST,592,592,593,,334110,,,vplc_internal,75,100,75,0,0,1,1966301468,3,512,0,ok,
RUN_20260510_VPLC_L3_HIGH_75_100_S01_R03,VPLC_L3_HIGH_75_100,SER_20260510_VPLC_L3_HIGH_75_100_S01,vPLC_container,VPLC_HOST,593,593,594,,334185,,,vplc_internal,75,100,75,0,0,1,1587455210,3,512,0,ok,
RUN_20260510_VPLC_L3_HIGH_75_100_S01_R03,VPLC_L3_HIGH_75_100,SER_20260510_VPLC_L3_HIGH_75_100_S01,vPLC_container,VPLC_HOST,594,594,595,,334260,,,vplc_internal,75,100,75,0,0,1,867823802,3,512,0,ok,
RUN_20260510_VPLC_L3_HIGH_75_100_S01_R03,VPLC_L3_HIGH_75_100,SER_20260510_VPLC_L3_HIGH_75_100_S01,vPLC_container,VPLC_HOST,595,595,596,,334335,,,vplc_internal,75,100,75,0,0,1,1956992139,3,512,0,ok,
RUN_20260510_VPLC_L3_HIGH_75_100_S01_R03,VPLC_L3_HIGH_75_100,SER_20260510_VPLC_L3_HIGH_75_100_S01,vPLC_container,VPLC_HOST,596,596,597,,334410,,,vplc_internal,75,100,75,0,0,1,562085983,3,512,0,ok,
RUN_20260510_VPLC_L3_HIGH_75_100_S01_R03,VPLC_L3_HIGH_75_100,SER_20260510_VPLC_L3_HIGH_75_100_S01,vPLC_container,VPLC_HOST,597,597,598,,334485,,,vplc_internal,75,100,75,0,0,1,980173876,3,512,0,ok,
RUN_20260510_VPLC_L3_HIGH_75_100_S01_R03,VPLC_L3_HIGH_75_100,SER_20260510_VPLC_L3_HIGH_75_100_S01,vPLC_container,VPLC_HOST,598,598,599,,334560,,,vplc_internal,75,100,75,0,0,1,1065865227,3,512,0,ok,
RUN_20260510_VPLC_L3_HIGH_75_100_S01_R03,VPLC_L3_HIGH_75_100,SER_20260510_VPLC_L3_HIGH_75_100_S01,vPLC_container,VPLC_HOST,599,599,600,,334635,,,vplc_internal,75,100,75,0,0,0,821261284,3,512,0,ok,
RUN_20260510_VPLC_L3_HIGH_75_100_S01_R03,VPLC_L3_HIGH_75_100,SER_20260510_VPLC_L3_HIGH_75_100_S01,vPLC_container,VPLC_HOST,600,600,601,,334710,,,vplc_internal,75,100,75,0,0,0,248455103,3,512,0,ok,
RUN_20260510_VPLC_L3_HIGH_75_100_S01_R03,VPLC_L3_HIGH_75_100,SER_20260510_VPLC_L3_HIGH_75_100_S01,vPLC_container,VPLC_HOST,601,601,602,,334785,,,vplc_internal,75,100,75,0,0,0,1497031579,3,512,0,ok,
RUN_20260510_VPLC_L3_HIGH_75_100_S01_R03,VPLC_L3_HIGH_75_100,SER_20260510_VPLC_L3_HIGH_75_100_S01,vPLC_container,VPLC_HOST,602,602,603,,334860,,,vplc_internal,75,100,75,0,0,0,274116474,3,512,0,ok,
RUN_20260510_VPLC_L3_HIGH_75_100_S01_R03,VPLC_L3_HIGH_75_100,SER_20260510_VPLC_L3_HIGH_75_100_S01,vPLC_container,VPLC_HOST,603,603,604,,334935,,,vplc_internal,75,100,75,0,0,0,876778330,3,512,0,ok,
RUN_20260510_VPLC_L3_HIGH_75_100_S01_R03,VPLC_L3_HIGH_75_100,SER_20260510_VPLC_L3_HIGH_75_100_S01,vPLC_container,VPLC_HOST,604,604,605,,335010,,,vplc_internal,75,100,75,0,0,0,1159626556,3,512,0,ok,
RUN_20260510_VPLC_L3_HIGH_75_100_S01_R03,VPLC_L3_HIGH_75_100,SER_20260510_VPLC_L3_HIGH_75_100_S01,vPLC_container,VPLC_HOST,605,605,606,,335085,,,vplc_internal,75,100,75,0,0,0,1124762400,3,512,0,ok,
RUN_20260510_VPLC_L3_HIGH_75_100_S01_R03,VPLC_L3_HIGH_75_100,SER_20260510_VPLC_L3_HIGH_75_100_S01,vPLC_container,VPLC_HOST,606,606,607,,335160,,,vplc_internal,75,100,75,0,0,0,774278918,3,512,0,ok,
RUN_20260510_VPLC_L3_HIGH_75_100_S01_R03,VPLC_L3_HIGH_75_100,SER_20260510_VPLC_L3_HIGH_75_100_S01,vPLC_container,VPLC_HOST,607,607,608,,335235,,,vplc_internal,75,100,75,0,0,0,110277358,3,512,0,ok,
RUN_20260510_VPLC_L3_HIGH_75_100_S01_R03,VPLC_L3_HIGH_75_100,SER_20260510_VPLC_L3_HIGH_75_100_S01,vPLC_container,VPLC_HOST,608,608,609,,335310,,,vplc_internal,75,100,75,0,0,0,1282334423,3,512,0,ok,
RUN_20260510_VPLC_L3_HIGH_75_100_S01_R03,VPLC_L3_HIGH_75_100,SER_20260510_VPLC_L3_HIGH_75_100_S01,vPLC_container,VPLC_HOST,609,609,610,,335385,,,vplc_internal,75,100,75,0,0,0,2145067714,3,512,0,ok,
RUN_20260510_VPLC_L3_HIGH_75_100_S01_R03,VPLC_L3_HIGH_75_100,SER_20260510_VPLC_L3_HIGH_75_100_S01,vPLC_container,VPLC_HOST,610,610,611,,335460,,,vplc_internal,75,100,75,0,0,0,553086640,3,512,0,ok,
RUN_20260510_VPLC_L3_HIGH_75_100_S01_R03,VPLC_L3_HIGH_75_100,SER_20260510_VPLC_L3_HIGH_75_100_S01,vPLC_container,VPLC_HOST,611,611,612,,335535,,,vplc_internal,75,100,75,0,0,0,803459743,3,512,0,ok,
RUN_20260510_VPLC_L3_HIGH_75_100_S01_R03,VPLC_L3_HIGH_75_100,SER_20260510_VPLC_L3_HIGH_75_100_S01,vPLC_container,VPLC_HOST,612,612,613,,335610,,,vplc_internal,75,100,75,0,0,0,750796432,3,512,0,ok,
RUN_20260510_VPLC_L3_HIGH_75_100_S01_R03,VPLC_L3_HIGH_75_100,SER_20260510_VPLC_L3_HIGH_75_100_S01,vPLC_container,VPLC_HOST,613,613,614,,335685,,,vplc_internal,75,100,75,0,0,0,397197955,3,512,0,ok,
RUN_20260510_VPLC_L3_HIGH_75_100_S01_R03,VPLC_L3_HIGH_75_100,SER_20260510_VPLC_L3_HIGH_75_100_S01,vPLC_container,VPLC_HOST,614,614,615,,335760,,,vplc_internal,75,100,75,0,0,0,1892241015,3,512,0,ok,
RUN_20260510_VPLC_L3_HIGH_75_100_S01_R03,VPLC_L3_HIGH_75_100,SER_20260510_VPLC_L3_HIGH_75_100_S01,vPLC_container,VPLC_HOST,615,615,616,,335835,,,vplc_internal,75,100,75,0,0,0,943059566,3,512,0,ok,
RUN_20260510_VPLC_L3_HIGH_75_100_S01_R03,VPLC_L3_HIGH_75_100,SER_20260510_VPLC_L3_HIGH_75_100_S01,vPLC_container,VPLC_HOST,616,616,617,,335910,,,vplc_internal,75,100,75,0,0,0,1846713958,3,512,0,ok,
RUN_20260510_VPLC_L3_HIGH_75_100_S01_R03,VPLC_L3_HIGH_75_100,SER_20260510_VPLC_L3_HIGH_75_100_S01,vPLC_container,VPLC_HOST,617,617,618,,335985,,,vplc_internal,75,100,75,0,0,0,310338145,3,512,0,ok,
RUN_20260510_VPLC_L3_HIGH_75_100_S01_R03,VPLC_L3_HIGH_75_100,SER_20260510_VPLC_L3_HIGH_75_100_S01,vPLC_container,VPLC_HOST,618,618,619,,336060,,,vplc_internal,75,100,75,0,0,0,630992477,3,512,0,ok,
RUN_20260510_VPLC_L3_HIGH_75_100_S01_R03,VPLC_L3_HIGH_75_100,SER_20260510_VPLC_L3_HIGH_75_100_S01,vPLC_container,VPLC_HOST,619,619,620,,336135,,,vplc_internal,75,100,75,0,0,0,663294555,3,512,0,ok,
RUN_20260510_VPLC_L3_HIGH_75_100_S01_R03,VPLC_L3_HIGH_75_100,SER_20260510_VPLC_L3_HIGH_75_100_S01,vPLC_container,VPLC_HOST,620,620,621,,336210,,,vplc_internal,75,100,75,0,0,0,409337435,3,512,0,ok,
RUN_20260510_VPLC_L3_HIGH_75_100_S01_R03,VPLC_L3_HIGH_75_100,SER_20260510_VPLC_L3_HIGH_75_100_S01,vPLC_container,VPLC_HOST,621,621,622,,336285,,,vplc_internal,75,100,75,0,0,0,2018706012,3,512,0,ok,
RUN_20260510_VPLC_L3_HIGH_75_100_S01_R03,VPLC_L3_HIGH_75_100,SER_20260510_VPLC_L3_HIGH_75_100_S01,vPLC_container,VPLC_HOST,622,622,623,,336360,,,vplc_internal,75,100,75,0,0,0,1198526048,3,512,0,ok,
RUN_20260510_VPLC_L3_HIGH_75_100_S01_R03,VPLC_L3_HIGH_75_100,SER_20260510_VPLC_L3_HIGH_75_100_S01,vPLC_container,VPLC_HOST,623,623,624,,336435,,,vplc_internal,75,100,75,0,0,0,98382438,3,512,0,ok,
RUN_20260510_VPLC_L3_HIGH_75_100_S01_R03,VPLC_L3_HIGH_75_100,SER_20260510_VPLC_L3_HIGH_75_100_S01,vPLC_container,VPLC_HOST,624,624,625,,336510,,,vplc_internal,75,100,75,0,0,0,867851885,3,512,0,ok,
RUN_20260510_VPLC_L3_HIGH_75_100_S01_R03,VPLC_L3_HIGH_75_100,SER_20260510_VPLC_L3_HIGH_75_100_S01,vPLC_container,VPLC_HOST,625,625,626,,336585,,,vplc_internal,75,100,75,0,0,0,1361551990,3,512,0,ok,
RUN_20260510_VPLC_L3_HIGH_75_100_S01_R03,VPLC_L3_HIGH_75_100,SER_20260510_VPLC_L3_HIGH_75_100_S01,vPLC_container,VPLC_HOST,626,626,627,,336660,,,vplc_internal,75,100,75,0,0,0,1581575809,3,512,0,ok,
RUN_20260510_VPLC_L3_HIGH_75_100_S01_R03,VPLC_L3_HIGH_75_100,SER_20260510_VPLC_L3_HIGH_75_100_S01,vPLC_container,VPLC_HOST,627,627,628,,336735,,,vplc_internal,75,100,75,0,0,0,1530024590,3,512,0,ok,
RUN_20260510_VPLC_L3_HIGH_75_100_S01_R03,VPLC_L3_HIGH_75_100,SER_20260510_VPLC_L3_HIGH_75_100_S01,vPLC_container,VPLC_HOST,628,628,629,,336818,,,vplc_internal,75,100,83,8,0,0,1208991389,3,512,0,ok,
RUN_20260510_VPLC_L3_HIGH_75_100_S01_R03,VPLC_L3_HIGH_75_100,SER_20260510_VPLC_L3_HIGH_75_100_S01,vPLC_container,VPLC_HOST,629,629,630,,336885,,,vplc_internal,75,100,67,-8,0,0,620577454,3,512,0,ok,
RUN_20260510_VPLC_L3_HIGH_75_100_S01_R03,VPLC_L3_HIGH_75_100,SER_20260510_VPLC_L3_HIGH_75_100_S01,vPLC_container,VPLC_HOST,630,630,631,,336960,,,vplc_internal,75,100,75,0,0,0,1914359488,3,512,0,ok,
RUN_20260510_VPLC_L3_HIGH_75_100_S01_R03,VPLC_L3_HIGH_75_100,SER_20260510_VPLC_L3_HIGH_75_100_S01,vPLC_container,VPLC_HOST,631,631,632,,337035,,,vplc_internal,75,100,75,0,0,0,797471445,3,512,0,ok,
RUN_20260510_VPLC_L3_HIGH_75_100_S01_R03,VPLC_L3_HIGH_75_100,SER_20260510_VPLC_L3_HIGH_75_100_S01,vPLC_container,VPLC_HOST,632,632,633,,337110,,,vplc_internal,75,100,75,0,0,0,1566973675,3,512,0,ok,
RUN_20260510_VPLC_L3_HIGH_75_100_S01_R03,VPLC_L3_HIGH_75_100,SER_20260510_VPLC_L3_HIGH_75_100_S01,vPLC_container,VPLC_HOST,633,633,634,,337185,,,vplc_internal,75,100,75,0,0,0,2077483779,3,512,0,ok,
RUN_20260510_VPLC_L3_HIGH_75_100_S01_R03,VPLC_L3_HIGH_75_100,SER_20260510_VPLC_L3_HIGH_75_100_S01,vPLC_container,VPLC_HOST,634,634,635,,337260,,,vplc_internal,75,100,75,0,0,0,183611166,3,512,0,ok,
RUN_20260510_VPLC_L3_HIGH_75_100_S01_R03,VPLC_L3_HIGH_75_100,SER_20260510_VPLC_L3_HIGH_75_100_S01,vPLC_container,VPLC_HOST,635,635,636,,337335,,,vplc_internal,75,100,75,0,0,0,182424378,3,512,0,ok,
RUN_20260510_VPLC_L3_HIGH_75_100_S01_R03,VPLC_L3_HIGH_75_100,SER_20260510_VPLC_L3_HIGH_75_100_S01,vPLC_container,VPLC_HOST,636,636,637,,337410,,,vplc_internal,75,100,75,0,0,0,2076016471,3,512,0,ok,
RUN_20260510_VPLC_L3_HIGH_75_100_S01_R03,VPLC_L3_HIGH_75_100,SER_20260510_VPLC_L3_HIGH_75_100_S01,vPLC_container,VPLC_HOST,637,637,638,,337485,,,vplc_internal,75,100,75,0,0,0,1571521399,3,512,0,ok,
RUN_20260510_VPLC_L3_HIGH_75_100_S01_R03,VPLC_L3_HIGH_75_100,SER_20260510_VPLC_L3_HIGH_75_100_S01,vPLC_container,VPLC_HOST,638,638,639,,337560,,,vplc_internal,75,100,75,0,0,0,818515865,3,512,0,ok,
RUN_20260510_VPLC_L3_HIGH_75_100_S01_R03,VPLC_L3_HIGH_75_100,SER_20260510_VPLC_L3_HIGH_75_100_S01,vPLC_container,VPLC_HOST,639,639,640,,337635,,,vplc_internal,75,100,75,0,0,0,1966584764,3,512,0,ok,
RUN_20260510_VPLC_L3_HIGH_75_100_S01_R03,VPLC_L3_HIGH_75_100,SER_20260510_VPLC_L3_HIGH_75_100_S01,vPLC_container,VPLC_HOST,640,640,641,,337710,,,vplc_internal,75,100,75,0,0,0,722853858,3,512,0,ok,
RUN_20260510_VPLC_L3_HIGH_75_100_S01_R03,VPLC_L3_HIGH_75_100,SER_20260510_VPLC_L3_HIGH_75_100_S01,vPLC_container,VPLC_HOST,641,641,642,,337785,,,vplc_internal,75,100,75,0,0,0,1384391689,3,512,0,ok,
RUN_20260510_VPLC_L3_HIGH_75_100_S01_R03,VPLC_L3_HIGH_75_100,SER_20260510_VPLC_L3_HIGH_75_100_S01,vPLC_container,VPLC_HOST,642,642,643,,337860,,,vplc_internal,75,100,75,0,0,0,1805807666,3,512,0,ok,
RUN_20260510_VPLC_L3_HIGH_75_100_S01_R03,VPLC_L3_HIGH_75_100,SER_20260510_VPLC_L3_HIGH_75_100_S01,vPLC_container,VPLC_HOST,643,643,644,,337935,,,vplc_internal,75,100,75,0,0,0,1989203037,3,512,0,ok,
RUN_20260510_VPLC_L3_HIGH_75_100_S01_R03,VPLC_L3_HIGH_75_100,SER_20260510_VPLC_L3_HIGH_75_100_S01,vPLC_container,VPLC_HOST,644,644,645,,338010,,,vplc_internal,75,100,75,0,0,0,1936670858,3,512,0,ok,
RUN_20260510_VPLC_L3_HIGH_75_100_S01_R03,VPLC_L3_HIGH_75_100,SER_20260510_VPLC_L3_HIGH_75_100_S01,vPLC_container,VPLC_HOST,645,645,646,,338085,,,vplc_internal,75,100,75,0,0,0,1650312377,3,512,0,ok,
RUN_20260510_VPLC_L3_HIGH_75_100_S01_R03,VPLC_L3_HIGH_75_100,SER_20260510_VPLC_L3_HIGH_75_100_S01,vPLC_container,VPLC_HOST,646,646,647,,338160,,,vplc_internal,75,100,75,0,0,0,1132220650,3,512,0,ok,
RUN_20260510_VPLC_L3_HIGH_75_100_S01_R03,VPLC_L3_HIGH_75_100,SER_20260510_VPLC_L3_HIGH_75_100_S01,vPLC_container,VPLC_HOST,647,647,648,,338235,,,vplc_internal,75,100,75,0,0,0,384496925,3,512,0,ok,
RUN_20260510_VPLC_L3_HIGH_75_100_S01_R03,VPLC_L3_HIGH_75_100,SER_20260510_VPLC_L3_HIGH_75_100_S01,vPLC_container,VPLC_HOST,648,648,649,,338310,,,vplc_internal,75,100,75,0,0,0,1556717905,3,512,0,ok,
RUN_20260510_VPLC_L3_HIGH_75_100_S01_R03,VPLC_L3_HIGH_75_100,SER_20260510_VPLC_L3_HIGH_75_100_S01,vPLC_container,VPLC_HOST,649,649,650,,338385,,,vplc_internal,75,100,75,0,0,0,356017544,3,512,0,ok,
RUN_20260510_VPLC_L3_HIGH_75_100_S01_R03,VPLC_L3_HIGH_75_100,SER_20260510_VPLC_L3_HIGH_75_100_S01,vPLC_container,VPLC_HOST,650,650,651,,338460,,,vplc_internal,75,100,75,0,0,0,1079456192,3,512,0,ok,
RUN_20260510_VPLC_L3_HIGH_75_100_S01_R03,VPLC_L3_HIGH_75_100,SER_20260510_VPLC_L3_HIGH_75_100_S01,vPLC_container,VPLC_HOST,651,651,652,,338535,,,vplc_internal,75,100,75,0,0,0,1581651450,3,512,0,ok,
RUN_20260510_VPLC_L3_HIGH_75_100_S01_R03,VPLC_L3_HIGH_75_100,SER_20260510_VPLC_L3_HIGH_75_100_S01,vPLC_container,VPLC_HOST,652,652,653,,338610,,,vplc_internal,75,100,75,0,0,0,1864696374,3,512,0,ok,
RUN_20260510_VPLC_L3_HIGH_75_100_S01_R03,VPLC_L3_HIGH_75_100,SER_20260510_VPLC_L3_HIGH_75_100_S01,vPLC_container,VPLC_HOST,653,653,654,,338685,,,vplc_internal,75,100,75,0,0,0,1930692212,3,512,0,ok,
RUN_20260510_VPLC_L3_HIGH_75_100_S01_R03,VPLC_L3_HIGH_75_100,SER_20260510_VPLC_L3_HIGH_75_100_S01,vPLC_container,VPLC_HOST,654,654,655,,338760,,,vplc_internal,75,100,75,0,0,0,1781732020,3,512,0,ok,
RUN_20260510_VPLC_L3_HIGH_75_100_S01_R03,VPLC_L3_HIGH_75_100,SER_20260510_VPLC_L3_HIGH_75_100_S01,vPLC_container,VPLC_HOST,655,655,656,,338835,,,vplc_internal,75,100,75,0,0,0,1419917046,3,512,0,ok,
RUN_20260510_VPLC_L3_HIGH_75_100_S01_R03,VPLC_L3_HIGH_75_100,SER_20260510_VPLC_L3_HIGH_75_100_S01,vPLC_container,VPLC_HOST,656,656,657,,338910,,,vplc_internal,75,100,75,0,0,0,847340346,3,512,0,ok,
RUN_20260510_VPLC_L3_HIGH_75_100_S01_R03,VPLC_L3_HIGH_75_100,SER_20260510_VPLC_L3_HIGH_75_100_S01,vPLC_container,VPLC_HOST,657,657,658,,338985,,,vplc_internal,75,100,75,0,0,0,66103168,3,512,0,ok,
RUN_20260510_VPLC_L3_HIGH_75_100_S01_R03,VPLC_L3_HIGH_75_100,SER_20260510_VPLC_L3_HIGH_75_100_S01,vPLC_container,VPLC_HOST,658,658,659,,339060,,,vplc_internal,75,100,75,0,0,0,1225782215,3,512,0,ok,
RUN_20260510_VPLC_L3_HIGH_75_100_S01_R03,VPLC_L3_HIGH_75_100,SER_20260510_VPLC_L3_HIGH_75_100_S01,vPLC_container,VPLC_HOST,659,659,660,,339135,,,vplc_internal,75,100,75,0,0,0,33511441,3,512,0,ok,
RUN_20260510_VPLC_L3_HIGH_75_100_S01_R03,VPLC_L3_HIGH_75_100,SER_20260510_VPLC_L3_HIGH_75_100_S01,vPLC_container,VPLC_HOST,660,660,661,,339210,,,vplc_internal,75,100,75,0,0,0,786351196,3,512,0,ok,
RUN_20260510_VPLC_L3_HIGH_75_100_S01_R03,VPLC_L3_HIGH_75_100,SER_20260510_VPLC_L3_HIGH_75_100_S01,vPLC_container,VPLC_HOST,661,661,662,,339285,,,vplc_internal,75,100,75,0,0,0,1338919081,3,512,0,ok,
RUN_20260510_VPLC_L3_HIGH_75_100_S01_R03,VPLC_L3_HIGH_75_100,SER_20260510_VPLC_L3_HIGH_75_100_S01,vPLC_container,VPLC_HOST,662,662,663,,339360,,,vplc_internal,75,100,75,0,0,0,1693308152,3,512,0,ok,
RUN_20260510_VPLC_L3_HIGH_75_100_S01_R03,VPLC_L3_HIGH_75_100,SER_20260510_VPLC_L3_HIGH_75_100_S01,vPLC_container,VPLC_HOST,663,663,664,,339435,,,vplc_internal,75,100,75,0,0,0,1851619657,3,512,0,ok,
RUN_20260510_VPLC_L3_HIGH_75_100_S01_R03,VPLC_L3_HIGH_75_100,SER_20260510_VPLC_L3_HIGH_75_100_S01,vPLC_container,VPLC_HOST,664,664,665,,339510,,,vplc_internal,75,100,75,0,0,0,1815946652,3,512,0,ok,
RUN_20260510_VPLC_L3_HIGH_75_100_S01_R03,VPLC_L3_HIGH_75_100,SER_20260510_VPLC_L3_HIGH_75_100_S01,vPLC_container,VPLC_HOST,665,665,666,,339585,,,vplc_internal,75,100,75,0,0,0,1588390385,3,512,0,ok,
RUN_20260510_VPLC_L3_HIGH_75_100_S01_R03,VPLC_L3_HIGH_75_100,SER_20260510_VPLC_L3_HIGH_75_100_S01,vPLC_container,VPLC_HOST,666,666,667,,339660,,,vplc_internal,75,100,75,0,0,0,1171043912,3,512,0,ok,
RUN_20260510_VPLC_L3_HIGH_75_100_S01_R03,VPLC_L3_HIGH_75_100,SER_20260510_VPLC_L3_HIGH_75_100_S01,vPLC_container,VPLC_HOST,667,667,668,,339735,,,vplc_internal,75,100,75,0,0,0,566008481,3,512,0,ok,
RUN_20260510_VPLC_L3_HIGH_75_100_S01_R03,VPLC_L3_HIGH_75_100,SER_20260510_VPLC_L3_HIGH_75_100_S01,vPLC_container,VPLC_HOST,668,668,669,,339818,,,vplc_internal,75,100,83,8,0,0,1922860795,3,512,0,ok,
RUN_20260510_VPLC_L3_HIGH_75_100_S01_R03,VPLC_L3_HIGH_75_100,SER_20260510_VPLC_L3_HIGH_75_100_S01,vPLC_container,VPLC_HOST,669,669,670,,339885,,,vplc_internal,75,100,67,-8,0,0,948734808,3,512,0,ok,
RUN_20260510_VPLC_L3_HIGH_75_100_S01_R03,VPLC_L3_HIGH_75_100,SER_20260510_VPLC_L3_HIGH_75_100_S01,vPLC_container,VPLC_HOST,670,670,671,,339960,,,vplc_internal,75,100,75,0,0,0,1940690870,3,512,0,ok,
RUN_20260510_VPLC_L3_HIGH_75_100_S01_R03,VPLC_L3_HIGH_75_100,SER_20260510_VPLC_L3_HIGH_75_100_S01,vPLC_container,VPLC_HOST,671,671,672,,340035,,,vplc_internal,75,100,75,0,0,0,605862935,3,512,0,ok,
RUN_20260510_VPLC_L3_HIGH_75_100_S01_R03,VPLC_L3_HIGH_75_100,SER_20260510_VPLC_L3_HIGH_75_100_S01,vPLC_container,VPLC_HOST,672,672,673,,340110,,,vplc_internal,75,100,75,0,0,0,1241311353,3,512,0,ok,
RUN_20260510_VPLC_L3_HIGH_75_100_S01_R03,VPLC_L3_HIGH_75_100,SER_20260510_VPLC_L3_HIGH_75_100_S01,vPLC_container,VPLC_HOST,673,673,674,,340185,,,vplc_internal,75,100,75,0,0,0,1701653725,3,512,0,ok,
RUN_20260510_VPLC_L3_HIGH_75_100_S01_R03,VPLC_L3_HIGH_75_100,SER_20260510_VPLC_L3_HIGH_75_100_S01,vPLC_container,VPLC_HOST,674,674,675,,340260,,,vplc_internal,75,100,75,0,0,0,1988983107,3,512,0,ok,
RUN_20260510_VPLC_L3_HIGH_75_100_S01_R03,VPLC_L3_HIGH_75_100,SER_20260510_VPLC_L3_HIGH_75_100_S01,vPLC_container,VPLC_HOST,675,675,676,,340335,,,vplc_internal,75,100,75,0,0,0,2105400747,3,512,0,ok,
RUN_20260510_VPLC_L3_HIGH_75_100_S01_R03,VPLC_L3_HIGH_75_100,SER_20260510_VPLC_L3_HIGH_75_100_S01,vPLC_container,VPLC_HOST,676,676,677,,340410,,,vplc_internal,75,100,75,0,0,0,2052999701,3,512,0,ok,
RUN_20260510_VPLC_L3_HIGH_75_100_S01_R03,VPLC_L3_HIGH_75_100,SER_20260510_VPLC_L3_HIGH_75_100_S01,vPLC_container,VPLC_HOST,677,677,678,,340485,,,vplc_internal,75,100,75,0,0,0,1833881217,3,512,0,ok,
RUN_20260510_VPLC_L3_HIGH_75_100_S01_R03,VPLC_L3_HIGH_75_100,SER_20260510_VPLC_L3_HIGH_75_100_S01,vPLC_container,VPLC_HOST,678,678,679,,340560,,,vplc_internal,75,100,75,0,0,0,1450138351,3,512,0,ok,
RUN_20260510_VPLC_L3_HIGH_75_100_S01_R03,VPLC_L3_HIGH_75_100,SER_20260510_VPLC_L3_HIGH_75_100_S01,vPLC_container,VPLC_HOST,679,679,680,,340635,,,vplc_internal,75,100,75,0,0,0,903872351,3,512,0,ok,
RUN_20260510_VPLC_L3_HIGH_75_100_S01_R03,VPLC_L3_HIGH_75_100,SER_20260510_VPLC_L3_HIGH_75_100_S01,vPLC_container,VPLC_HOST,680,680,681,,340710,,,vplc_internal,75,100,75,0,0,0,197176273,3,512,0,ok,
RUN_20260510_VPLC_L3_HIGH_75_100_S01_R03,VPLC_L3_HIGH_75_100,SER_20260510_VPLC_L3_HIGH_75_100_S01,vPLC_container,VPLC_HOST,681,681,682,,340785,,,vplc_internal,75,100,75,0,0,0,1479635012,3,512,0,ok,
RUN_20260510_VPLC_L3_HIGH_75_100_S01_R03,VPLC_L3_HIGH_75_100,SER_20260510_VPLC_L3_HIGH_75_100_S01,vPLC_container,VPLC_HOST,682,682,683,,340860,,,vplc_internal,75,100,75,0,0,0,458374330,3,512,0,ok,
RUN_20260510_VPLC_L3_HIGH_75_100_S01_R03,VPLC_L3_HIGH_75_100,SER_20260510_VPLC_L3_HIGH_75_100_S01,vPLC_container,VPLC_HOST,683,683,684,,340935,,,vplc_internal,75,100,75,0,0,0,1430462769,3,512,0,ok,
RUN_20260510_VPLC_L3_HIGH_75_100_S01_R03,VPLC_L3_HIGH_75_100,SER_20260510_VPLC_L3_HIGH_75_100_S01,vPLC_container,VPLC_HOST,684,684,685,,341010,,,vplc_internal,75,100,75,0,0,0,103026091,3,512,0,ok,
RUN_20260510_VPLC_L3_HIGH_75_100_S01_R03,VPLC_L3_HIGH_75_100,SER_20260510_VPLC_L3_HIGH_75_100_S01,vPLC_container,VPLC_HOST,685,685,686,,341085,,,vplc_internal,75,100,75,0,0,0,773132838,3,512,0,ok,
RUN_20260510_VPLC_L3_HIGH_75_100_S01_R03,VPLC_L3_HIGH_75_100,SER_20260510_VPLC_L3_HIGH_75_100_S01,vPLC_container,VPLC_HOST,686,686,687,,341160,,,vplc_internal,75,100,75,0,0,0,1295392419,3,512,0,ok,
RUN_20260510_VPLC_L3_HIGH_75_100_S01_R03,VPLC_L3_HIGH_75_100,SER_20260510_VPLC_L3_HIGH_75_100_S01,vPLC_container,VPLC_HOST,687,687,688,,341235,,,vplc_internal,75,100,75,0,0,0,1671906082,3,512,0,ok,
RUN_20260510_VPLC_L3_HIGH_75_100_S01_R03,VPLC_L3_HIGH_75_100,SER_20260510_VPLC_L3_HIGH_75_100_S01,vPLC_container,VPLC_HOST,688,688,689,,341310,,,vplc_internal,75,100,75,0,0,0,1904766883,3,512,0,ok,
RUN_20260510_VPLC_L3_HIGH_75_100_S01_R03,VPLC_L3_HIGH_75_100,SER_20260510_VPLC_L3_HIGH_75_100_S01,vPLC_container,VPLC_HOST,689,689,690,,341385,,,vplc_internal,75,100,75,0,0,0,1996076070,3,512,0,ok,
RUN_20260510_VPLC_L3_HIGH_75_100_S01_R03,VPLC_L3_HIGH_75_100,SER_20260510_VPLC_L3_HIGH_75_100_S01,vPLC_container,VPLC_HOST,690,690,691,,341460,,,vplc_internal,75,100,75,0,0,0,1947926699,3,512,0,ok,
RUN_20260510_VPLC_L3_HIGH_75_100_S01_R03,VPLC_L3_HIGH_75_100,SER_20260510_VPLC_L3_HIGH_75_100_S01,vPLC_container,VPLC_HOST,691,691,692,,341535,,,vplc_internal,75,100,75,0,0,0,1762420018,3,512,0,ok,
RUN_20260510_VPLC_L3_HIGH_75_100_S01_R03,VPLC_L3_HIGH_75_100,SER_20260510_VPLC_L3_HIGH_75_100_S01,vPLC_container,VPLC_HOST,692,692,693,,341610,,,vplc_internal,75,100,75,0,0,0,1441649083,3,512,0,ok,
RUN_20260510_VPLC_L3_HIGH_75_100_S01_R03,VPLC_L3_HIGH_75_100,SER_20260510_VPLC_L3_HIGH_75_100_S01,vPLC_container,VPLC_HOST,693,693,694,,341685,,,vplc_internal,75,100,75,0,0,0,987715142,3,512,0,ok,
RUN_20260510_VPLC_L3_HIGH_75_100_S01_R03,VPLC_L3_HIGH_75_100,SER_20260510_VPLC_L3_HIGH_75_100_S01,vPLC_container,VPLC_HOST,694,694,695,,341760,,,vplc_internal,75,100,75,0,0,0,402711251,3,512,0,ok,
RUN_20260510_VPLC_L3_HIGH_75_100_S01_R03,VPLC_L3_HIGH_75_100,SER_20260510_VPLC_L3_HIGH_75_100_S01,vPLC_container,VPLC_HOST,695,695,696,,341835,,,vplc_internal,75,100,75,0,0,0,1836222305,3,512,0,ok,
RUN_20260510_VPLC_L3_HIGH_75_100_S01_R03,VPLC_L3_HIGH_75_100,SER_20260510_VPLC_L3_HIGH_75_100_S01,vPLC_container,VPLC_HOST,696,696,697,,341910,,,vplc_internal,75,100,75,0,0,0,995374066,3,512,0,ok,
RUN_20260510_VPLC_L3_HIGH_75_100_S01_R03,VPLC_L3_HIGH_75_100,SER_20260510_VPLC_L3_HIGH_75_100_S01,vPLC_container,VPLC_HOST,697,697,698,,341985,,,vplc_internal,75,100,75,0,0,0,29751429,3,512,0,ok,
RUN_20260510_VPLC_L3_HIGH_75_100_S01_R03,VPLC_L3_HIGH_75_100,SER_20260510_VPLC_L3_HIGH_75_100_S01,vPLC_container,VPLC_HOST,698,698,699,,342060,,,vplc_internal,75,100,75,0,0,0,1088931097,3,512,0,ok,
RUN_20260510_VPLC_L3_HIGH_75_100_S01_R03,VPLC_L3_HIGH_75_100,SER_20260510_VPLC_L3_HIGH_75_100_S01,vPLC_container,VPLC_HOST,699,699,700,,342135,,,vplc_internal,75,100,75,0,0,1,2027530671,3,512,0,ok,
RUN_20260510_VPLC_L3_HIGH_75_100_S01_R03,VPLC_L3_HIGH_75_100,SER_20260510_VPLC_L3_HIGH_75_100_S01,vPLC_container,VPLC_HOST,700,700,701,,342210,,,vplc_internal,75,100,75,0,0,1,700159560,3,512,0,ok,
RUN_20260510_VPLC_L3_HIGH_75_100_S01_R03,VPLC_L3_HIGH_75_100,SER_20260510_VPLC_L3_HIGH_75_100_S01,vPLC_container,VPLC_HOST,701,701,702,,342285,,,vplc_internal,75,100,75,0,0,1,1403886306,3,512,0,ok,
RUN_20260510_VPLC_L3_HIGH_75_100_S01_R03,VPLC_L3_HIGH_75_100,SER_20260510_VPLC_L3_HIGH_75_100_S01,vPLC_container,VPLC_HOST,702,702,703,,342360,,,vplc_internal,75,100,75,0,0,1,1993320318,3,512,0,ok,
RUN_20260510_VPLC_L3_HIGH_75_100_S01_R03,VPLC_L3_HIGH_75_100,SER_20260510_VPLC_L3_HIGH_75_100_S01,vPLC_container,VPLC_HOST,703,703,704,,342435,,,vplc_internal,75,100,75,0,0,1,323079197,3,512,0,ok,
RUN_20260510_VPLC_L3_HIGH_75_100_S01_R03,VPLC_L3_HIGH_75_100,SER_20260510_VPLC_L3_HIGH_75_100_S01,vPLC_container,VPLC_HOST,704,704,705,,342510,,,vplc_internal,75,100,75,0,0,1,690223293,3,512,0,ok,
RUN_20260510_VPLC_L3_HIGH_75_100_S01_R03,VPLC_L3_HIGH_75_100,SER_20260510_VPLC_L3_HIGH_75_100_S01,vPLC_container,VPLC_HOST,705,705,706,,342585,,,vplc_internal,75,100,75,0,0,1,949370207,3,512,0,ok,
RUN_20260510_VPLC_L3_HIGH_75_100_S01_R03,VPLC_L3_HIGH_75_100,SER_20260510_VPLC_L3_HIGH_75_100_S01,vPLC_container,VPLC_HOST,706,706,707,,342660,,,vplc_internal,75,100,75,0,0,1,1102612995,3,512,0,ok,
RUN_20260510_VPLC_L3_HIGH_75_100_S01_R03,VPLC_L3_HIGH_75_100,SER_20260510_VPLC_L3_HIGH_75_100_S01,vPLC_container,VPLC_HOST,707,707,708,,342735,,,vplc_internal,75,100,75,0,0,1,1152052905,3,512,0,ok,
RUN_20260510_VPLC_L3_HIGH_75_100_S01_R03,VPLC_L3_HIGH_75_100,SER_20260510_VPLC_L3_HIGH_75_100_S01,vPLC_container,VPLC_HOST,708,708,709,,342820,,,vplc_internal,75,100,85,10,0,1,1099782993,3,512,0,ok,
RUN_20260510_VPLC_L3_HIGH_75_100_S01_R03,VPLC_L3_HIGH_75_100,SER_20260510_VPLC_L3_HIGH_75_100_S01,vPLC_container,VPLC_HOST,709,709,710,,342885,,,vplc_internal,75,100,65,-10,0,1,947904507,3,512,0,ok,
RUN_20260510_VPLC_L3_HIGH_75_100_S01_R03,VPLC_L3_HIGH_75_100,SER_20260510_VPLC_L3_HIGH_75_100_S01,vPLC_container,VPLC_HOST,710,710,711,,342960,,,vplc_internal,75,100,75,0,0,1,698510503,3,512,0,ok,
RUN_20260510_VPLC_L3_HIGH_75_100_S01_R03,VPLC_L3_HIGH_75_100,SER_20260510_VPLC_L3_HIGH_75_100_S01,vPLC_container,VPLC_HOST,711,711,712,,343035,,,vplc_internal,75,100,75,0,0,1,353702229,3,512,0,ok,
RUN_20260510_VPLC_L3_HIGH_75_100_S01_R03,VPLC_L3_HIGH_75_100,SER_20260510_VPLC_L3_HIGH_75_100_S01,vPLC_container,VPLC_HOST,712,712,713,,343110,,,vplc_internal,75,100,75,0,0,1,2063056388,3,512,0,ok,
RUN_20260510_VPLC_L3_HIGH_75_100_S01_R03,VPLC_L3_HIGH_75_100,SER_20260510_VPLC_L3_HIGH_75_100_S01,vPLC_container,VPLC_HOST,713,713,714,,343185,,,vplc_internal,75,100,75,0,0,1,1533706934,3,512,0,ok,
RUN_20260510_VPLC_L3_HIGH_75_100_S01_R03,VPLC_L3_HIGH_75_100,SER_20260510_VPLC_L3_HIGH_75_100_S01,vPLC_container,VPLC_HOST,714,714,715,,343260,,,vplc_internal,75,100,75,0,0,1,915230570,3,512,0,ok,
RUN_20260510_VPLC_L3_HIGH_75_100_S01_R03,VPLC_L3_HIGH_75_100,SER_20260510_VPLC_L3_HIGH_75_100_S01,vPLC_container,VPLC_HOST,715,715,716,,343335,,,vplc_internal,75,100,75,0,0,1,209728544,3,512,0,ok,
RUN_20260510_VPLC_L3_HIGH_75_100_S01_R03,VPLC_L3_HIGH_75_100,SER_20260510_VPLC_L3_HIGH_75_100_S01,vPLC_container,VPLC_HOST,716,716,717,,343410,,,vplc_internal,75,100,75,0,0,1,1566777559,3,512,0,ok,
RUN_20260510_VPLC_L3_HIGH_75_100_S01_R03,VPLC_L3_HIGH_75_100,SER_20260510_VPLC_L3_HIGH_75_100_S01,vPLC_container,VPLC_HOST,717,717,718,,343485,,,vplc_internal,75,100,75,0,0,1,693511569,3,512,0,ok,
RUN_20260510_VPLC_L3_HIGH_75_100_S01_R03,VPLC_L3_HIGH_75_100,SER_20260510_VPLC_L3_HIGH_75_100_S01,vPLC_container,VPLC_HOST,718,718,719,,343560,,,vplc_internal,75,100,75,0,0,1,1886990924,3,512,0,ok,
RUN_20260510_VPLC_L3_HIGH_75_100_S01_R03,VPLC_L3_HIGH_75_100,SER_20260510_VPLC_L3_HIGH_75_100_S01,vPLC_container,VPLC_HOST,719,719,720,,343635,,,vplc_internal,75,100,75,0,0,1,854349578,3,512,0,ok,
RUN_20260510_VPLC_L3_HIGH_75_100_S01_R03,VPLC_L3_HIGH_75_100,SER_20260510_VPLC_L3_HIGH_75_100_S01,vPLC_container,VPLC_HOST,720,720,721,,343710,,,vplc_internal,75,100,75,0,0,1,1892647881,3,512,0,ok,
RUN_20260510_VPLC_L3_HIGH_75_100_S01_R03,VPLC_L3_HIGH_75_100,SER_20260510_VPLC_L3_HIGH_75_100_S01,vPLC_container,VPLC_HOST,721,721,722,,343785,,,vplc_internal,75,100,75,0,0,1,709019787,3,512,0,ok,
RUN_20260510_VPLC_L3_HIGH_75_100_S01_R03,VPLC_L3_HIGH_75_100,SER_20260510_VPLC_L3_HIGH_75_100_S01,vPLC_container,VPLC_HOST,722,722,723,,343860,,,vplc_internal,75,100,75,0,0,1,1600525646,3,512,0,ok,
RUN_20260510_VPLC_L3_HIGH_75_100_S01_R03,VPLC_L3_HIGH_75_100,SER_20260510_VPLC_L3_HIGH_75_100_S01,vPLC_container,VPLC_HOST,723,723,724,,343935,,,vplc_internal,75,100,75,0,0,1,274299412,3,512,0,ok,
RUN_20260510_VPLC_L3_HIGH_75_100_S01_R03,VPLC_L3_HIGH_75_100,SER_20260510_VPLC_L3_HIGH_75_100_S01,vPLC_container,VPLC_HOST,724,724,725,,344010,,,vplc_internal,75,100,75,0,0,1,1027401435,3,512,0,ok,
RUN_20260510_VPLC_L3_HIGH_75_100_S01_R03,VPLC_L3_HIGH_75_100,SER_20260510_VPLC_L3_HIGH_75_100_S01,vPLC_container,VPLC_HOST,725,725,726,,344085,,,vplc_internal,75,100,75,0,0,1,1714449316,3,512,0,ok,
RUN_20260510_VPLC_L3_HIGH_75_100_S01_R03,VPLC_L3_HIGH_75_100,SER_20260510_VPLC_L3_HIGH_75_100_S01,vPLC_container,VPLC_HOST,726,726,727,,344160,,,vplc_internal,75,100,75,0,0,1,190052464,3,512,0,ok,
RUN_20260510_VPLC_L3_HIGH_75_100_S01_R03,VPLC_L3_HIGH_75_100,SER_20260510_VPLC_L3_HIGH_75_100_S01,vPLC_container,VPLC_HOST,727,727,728,,344235,,,vplc_internal,75,100,75,0,0,1,751279421,3,512,0,ok,
RUN_20260510_VPLC_L3_HIGH_75_100_S01_R03,VPLC_L3_HIGH_75_100,SER_20260510_VPLC_L3_HIGH_75_100_S01,vPLC_container,VPLC_HOST,728,728,729,,344310,,,vplc_internal,75,100,75,0,0,1,1252739596,3,512,0,ok,
RUN_20260510_VPLC_L3_HIGH_75_100_S01_R03,VPLC_L3_HIGH_75_100,SER_20260510_VPLC_L3_HIGH_75_100_S01,vPLC_container,VPLC_HOST,729,729,730,,344385,,,vplc_internal,75,100,75,0,0,1,1696534237,3,512,0,ok,
RUN_20260510_VPLC_L3_HIGH_75_100_S01_R03,VPLC_L3_HIGH_75_100,SER_20260510_VPLC_L3_HIGH_75_100_S01,vPLC_container,VPLC_HOST,730,730,731,,344460,,,vplc_internal,75,100,75,0,0,1,2084756400,3,512,0,ok,
RUN_20260510_VPLC_L3_HIGH_75_100_S01_R03,VPLC_L3_HIGH_75_100,SER_20260510_VPLC_L3_HIGH_75_100_S01,vPLC_container,VPLC_HOST,731,731,732,,344535,,,vplc_internal,75,100,75,0,0,1,272023686,3,512,0,ok,
RUN_20260510_VPLC_L3_HIGH_75_100_S01_R03,VPLC_L3_HIGH_75_100,SER_20260510_VPLC_L3_HIGH_75_100_S01,vPLC_container,VPLC_HOST,732,732,733,,344610,,,vplc_internal,75,100,75,0,0,1,555396445,3,512,0,ok,
RUN_20260510_VPLC_L3_HIGH_75_100_S01_R03,VPLC_L3_HIGH_75_100,SER_20260510_VPLC_L3_HIGH_75_100_S01,vPLC_container,VPLC_HOST,733,733,734,,344685,,,vplc_internal,75,100,75,0,0,1,789492278,3,512,0,ok,
RUN_20260510_VPLC_L3_HIGH_75_100_S01_R03,VPLC_L3_HIGH_75_100,SER_20260510_VPLC_L3_HIGH_75_100_S01,vPLC_container,VPLC_HOST,734,734,735,,344760,,,vplc_internal,75,100,75,0,0,1,976404241,3,512,0,ok,
RUN_20260510_VPLC_L3_HIGH_75_100_S01_R03,VPLC_L3_HIGH_75_100,SER_20260510_VPLC_L3_HIGH_75_100_S01,vPLC_container,VPLC_HOST,735,735,736,,344835,,,vplc_internal,75,100,75,0,0,1,1118233582,3,512,0,ok,
RUN_20260510_VPLC_L3_HIGH_75_100_S01_R03,VPLC_L3_HIGH_75_100,SER_20260510_VPLC_L3_HIGH_75_100_S01,vPLC_container,VPLC_HOST,736,736,737,,344910,,,vplc_internal,75,100,75,0,0,1,1217073357,3,512,0,ok,
RUN_20260510_VPLC_L3_HIGH_75_100_S01_R03,VPLC_L3_HIGH_75_100,SER_20260510_VPLC_L3_HIGH_75_100_S01,vPLC_container,VPLC_HOST,737,737,738,,344985,,,vplc_internal,75,100,75,0,0,1,1275024814,3,512,0,ok,
RUN_20260510_VPLC_L3_HIGH_75_100_S01_R03,VPLC_L3_HIGH_75_100,SER_20260510_VPLC_L3_HIGH_75_100_S01,vPLC_container,VPLC_HOST,738,738,739,,345060,,,vplc_internal,75,100,75,0,0,1,1294181009,3,512,0,ok,
RUN_20260510_VPLC_L3_HIGH_75_100_S01_R03,VPLC_L3_HIGH_75_100,SER_20260510_VPLC_L3_HIGH_75_100_S01,vPLC_container,VPLC_HOST,739,739,740,,345135,,,vplc_internal,75,100,75,0,0,1,1276643190,3,512,0,ok,
RUN_20260510_VPLC_L3_HIGH_75_100_S01_R03,VPLC_L3_HIGH_75_100,SER_20260510_VPLC_L3_HIGH_75_100_S01,vPLC_container,VPLC_HOST,740,740,741,,345210,,,vplc_internal,75,100,75,0,0,1,1224504413,3,512,0,ok,
RUN_20260510_VPLC_L3_HIGH_75_100_S01_R03,VPLC_L3_HIGH_75_100,SER_20260510_VPLC_L3_HIGH_75_100_S01,vPLC_container,VPLC_HOST,741,741,742,,345285,,,vplc_internal,75,100,75,0,0,1,1139865926,3,512,0,ok,
RUN_20260510_VPLC_L3_HIGH_75_100_S01_R03,VPLC_L3_HIGH_75_100,SER_20260510_VPLC_L3_HIGH_75_100_S01,vPLC_container,VPLC_HOST,742,742,743,,345360,,,vplc_internal,75,100,75,0,0,1,1024820785,3,512,0,ok,
RUN_20260510_VPLC_L3_HIGH_75_100_S01_R03,VPLC_L3_HIGH_75_100,SER_20260510_VPLC_L3_HIGH_75_100_S01,vPLC_container,VPLC_HOST,743,743,744,,345435,,,vplc_internal,75,100,75,0,0,1,881470238,3,512,0,ok,
RUN_20260510_VPLC_L3_HIGH_75_100_S01_R03,VPLC_L3_HIGH_75_100,SER_20260510_VPLC_L3_HIGH_75_100_S01,vPLC_container,VPLC_HOST,744,744,745,,345510,,,vplc_internal,75,100,75,0,0,1,711907341,3,512,0,ok,
RUN_20260510_VPLC_L3_HIGH_75_100_S01_R03,VPLC_L3_HIGH_75_100,SER_20260510_VPLC_L3_HIGH_75_100_S01,vPLC_container,VPLC_HOST,745,745,746,,345585,,,vplc_internal,75,100,75,0,0,1,518233342,3,512,0,ok,
RUN_20260510_VPLC_L3_HIGH_75_100_S01_R03,VPLC_L3_HIGH_75_100,SER_20260510_VPLC_L3_HIGH_75_100_S01,vPLC_container,VPLC_HOST,746,746,747,,345660,,,vplc_internal,75,100,75,0,0,1,302541297,3,512,0,ok,
RUN_20260510_VPLC_L3_HIGH_75_100_S01_R03,VPLC_L3_HIGH_75_100,SER_20260510_VPLC_L3_HIGH_75_100_S01,vPLC_container,VPLC_HOST,747,747,748,,345735,,,vplc_internal,75,100,75,0,0,1,66932454,3,512,0,ok,
RUN_20260510_VPLC_L3_HIGH_75_100_S01_R03,VPLC_L3_HIGH_75_100,SER_20260510_VPLC_L3_HIGH_75_100_S01,vPLC_container,VPLC_HOST,748,748,749,,345818,,,vplc_internal,75,100,83,8,0,1,1960983516,3,512,0,ok,
RUN_20260510_VPLC_L3_HIGH_75_100_S01_R03,VPLC_L3_HIGH_75_100,SER_20260510_VPLC_L3_HIGH_75_100_S01,vPLC_container,VPLC_HOST,749,749,750,,345885,,,vplc_internal,75,100,67,-8,0,1,1691828437,3,512,0,ok,
RUN_20260510_VPLC_L3_HIGH_75_100_S01_R03,VPLC_L3_HIGH_75_100,SER_20260510_VPLC_L3_HIGH_75_100_S01,vPLC_container,VPLC_HOST,750,750,751,,345960,,,vplc_internal,75,100,75,0,0,1,1409043920,3,512,0,ok,
RUN_20260510_VPLC_L3_HIGH_75_100_S01_R03,VPLC_L3_HIGH_75_100,SER_20260510_VPLC_L3_HIGH_75_100_S01,vPLC_container,VPLC_HOST,751,751,752,,346035,,,vplc_internal,75,100,75,0,0,1,1114731213,3,512,0,ok,
RUN_20260510_VPLC_L3_HIGH_75_100_S01_R03,VPLC_L3_HIGH_75_100,SER_20260510_VPLC_L3_HIGH_75_100_S01,vPLC_container,VPLC_HOST,752,752,753,,346110,,,vplc_internal,75,100,75,0,0,1,810983372,3,512,0,ok,
RUN_20260510_VPLC_L3_HIGH_75_100_S01_R03,VPLC_L3_HIGH_75_100,SER_20260510_VPLC_L3_HIGH_75_100_S01,vPLC_container,VPLC_HOST,753,753,754,,346185,,,vplc_internal,75,100,75,0,0,1,499901645,3,512,0,ok,
RUN_20260510_VPLC_L3_HIGH_75_100_S01_R03,VPLC_L3_HIGH_75_100,SER_20260510_VPLC_L3_HIGH_75_100_S01,vPLC_container,VPLC_HOST,754,754,755,,346260,,,vplc_internal,75,100,75,0,0,1,183579088,3,512,0,ok,
RUN_20260510_VPLC_L3_HIGH_75_100_S01_R03,VPLC_L3_HIGH_75_100,SER_20260510_VPLC_L3_HIGH_75_100_S01,vPLC_container,VPLC_HOST,755,755,756,,346335,,,vplc_internal,75,100,75,0,0,1,2011600596,3,512,0,ok,
RUN_20260510_VPLC_L3_HIGH_75_100_S01_R03,VPLC_L3_HIGH_75_100,SER_20260510_VPLC_L3_HIGH_75_100_S01,vPLC_container,VPLC_HOST,756,756,757,,346410,,,vplc_internal,75,100,75,0,0,1,1691091931,3,512,0,ok,
RUN_20260510_VPLC_L3_HIGH_75_100_S01_R03,VPLC_L3_HIGH_75_100,SER_20260510_VPLC_L3_HIGH_75_100_S01,vPLC_container,VPLC_HOST,757,757,758,,346485,,,vplc_internal,75,100,75,0,0,1,1371637988,3,512,0,ok,
RUN_20260510_VPLC_L3_HIGH_75_100_S01_R03,VPLC_L3_HIGH_75_100,SER_20260510_VPLC_L3_HIGH_75_100_S01,vPLC_container,VPLC_HOST,758,758,759,,346560,,,vplc_internal,75,100,75,0,0,1,1055331823,3,512,0,ok,
RUN_20260510_VPLC_L3_HIGH_75_100_S01_R03,VPLC_L3_HIGH_75_100,SER_20260510_VPLC_L3_HIGH_75_100_S01,vPLC_container,VPLC_HOST,759,759,760,,346635,,,vplc_internal,75,100,75,0,0,1,744274684,3,512,0,ok,
RUN_20260510_VPLC_L3_HIGH_75_100_S01_R03,VPLC_L3_HIGH_75_100,SER_20260510_VPLC_L3_HIGH_75_100_S01,vPLC_container,VPLC_HOST,760,760,761,,346710,,,vplc_internal,75,100,75,0,0,1,440559627,3,512,0,ok,
RUN_20260510_VPLC_L3_HIGH_75_100_S01_R03,VPLC_L3_HIGH_75_100,SER_20260510_VPLC_L3_HIGH_75_100_S01,vPLC_container,VPLC_HOST,761,761,762,,346785,,,vplc_internal,75,100,75,0,0,1,146287900,3,512,0,ok,
RUN_20260510_VPLC_L3_HIGH_75_100_S01_R03,VPLC_L3_HIGH_75_100,SER_20260510_VPLC_L3_HIGH_75_100_S01,vPLC_container,VPLC_HOST,762,762,763,,346860,,,vplc_internal,75,100,75,0,0,1,2011036206,3,512,0,ok,
RUN_20260510_VPLC_L3_HIGH_75_100_S01_R03,VPLC_L3_HIGH_75_100,SER_20260510_VPLC_L3_HIGH_75_100_S01,vPLC_container,VPLC_HOST,763,763,764,,346935,,,vplc_internal,75,100,75,0,0,1,1741938499,3,512,0,ok,
RUN_20260510_VPLC_L3_HIGH_75_100_S01_R03,VPLC_L3_HIGH_75_100,SER_20260510_VPLC_L3_HIGH_75_100_S01,vPLC_container,VPLC_HOST,764,764,765,,347010,,,vplc_internal,75,100,75,0,0,1,1488571482,3,512,0,ok,
RUN_20260510_VPLC_L3_HIGH_75_100_S01_R03,VPLC_L3_HIGH_75_100,SER_20260510_VPLC_L3_HIGH_75_100_S01,vPLC_container,VPLC_HOST,765,765,766,,347085,,,vplc_internal,75,100,75,0,0,1,1253036403,3,512,0,ok,
RUN_20260510_VPLC_L3_HIGH_75_100_S01_R03,VPLC_L3_HIGH_75_100,SER_20260510_VPLC_L3_HIGH_75_100_S01,vPLC_container,VPLC_HOST,766,766,767,,347160,,,vplc_internal,75,100,75,0,0,1,1037426318,3,512,0,ok,
RUN_20260510_VPLC_L3_HIGH_75_100_S01_R03,VPLC_L3_HIGH_75_100,SER_20260510_VPLC_L3_HIGH_75_100_S01,vPLC_container,VPLC_HOST,767,767,768,,347235,,,vplc_internal,75,100,75,0,0,1,843842475,3,512,0,ok,
RUN_20260510_VPLC_L3_HIGH_75_100_S01_R03,VPLC_L3_HIGH_75_100,SER_20260510_VPLC_L3_HIGH_75_100_S01,vPLC_container,VPLC_HOST,768,768,769,,347310,,,vplc_internal,75,100,75,0,0,1,674377930,3,512,0,ok,
RUN_20260510_VPLC_L3_HIGH_75_100_S01_R03,VPLC_L3_HIGH_75_100,SER_20260510_VPLC_L3_HIGH_75_100_S01,vPLC_container,VPLC_HOST,769,769,770,,347385,,,vplc_internal,75,100,75,0,0,1,531133931,3,512,0,ok,
RUN_20260510_VPLC_L3_HIGH_75_100_S01_R03,VPLC_L3_HIGH_75_100,SER_20260510_VPLC_L3_HIGH_75_100_S01,vPLC_container,VPLC_HOST,770,770,771,,347460,,,vplc_internal,75,100,75,0,0,1,416203534,3,512,0,ok,
RUN_20260510_VPLC_L3_HIGH_75_100_S01_R03,VPLC_L3_HIGH_75_100,SER_20260510_VPLC_L3_HIGH_75_100_S01,vPLC_container,VPLC_HOST,771,771,772,,347535,,,vplc_internal,75,100,75,0,0,1,331687987,3,512,0,ok,
RUN_20260510_VPLC_L3_HIGH_75_100_S01_R03,VPLC_L3_HIGH_75_100,SER_20260510_VPLC_L3_HIGH_75_100_S01,vPLC_container,VPLC_HOST,772,772,773,,347610,,,vplc_internal,75,100,75,0,0,1,279680346,3,512,0,ok,
RUN_20260510_VPLC_L3_HIGH_75_100_S01_R03,VPLC_L3_HIGH_75_100,SER_20260510_VPLC_L3_HIGH_75_100_S01,vPLC_container,VPLC_HOST,773,773,774,,347685,,,vplc_internal,75,100,75,0,0,1,262281859,3,512,0,ok,
RUN_20260510_VPLC_L3_HIGH_75_100_S01_R03,VPLC_L3_HIGH_75_100,SER_20260510_VPLC_L3_HIGH_75_100_S01,vPLC_container,VPLC_HOST,774,774,775,,347760,,,vplc_internal,75,100,75,0,0,1,281585582,3,512,0,ok,
RUN_20260510_VPLC_L3_HIGH_75_100_S01_R03,VPLC_L3_HIGH_75_100,SER_20260510_VPLC_L3_HIGH_75_100_S01,vPLC_container,VPLC_HOST,775,775,776,,347835,,,vplc_internal,75,100,75,0,0,1,339692763,3,512,0,ok,
RUN_20260510_VPLC_L3_HIGH_75_100_S01_R03,VPLC_L3_HIGH_75_100,SER_20260510_VPLC_L3_HIGH_75_100_S01,vPLC_container,VPLC_HOST,776,776,777,,347910,,,vplc_internal,75,100,75,0,0,1,438696458,3,512,0,ok,
RUN_20260510_VPLC_L3_HIGH_75_100_S01_R03,VPLC_L3_HIGH_75_100,SER_20260510_VPLC_L3_HIGH_75_100_S01,vPLC_container,VPLC_HOST,777,777,778,,347985,,,vplc_internal,75,100,75,0,0,1,580697915,3,512,0,ok,
RUN_20260510_VPLC_L3_HIGH_75_100_S01_R03,VPLC_L3_HIGH_75_100,SER_20260510_VPLC_L3_HIGH_75_100_S01,vPLC_container,VPLC_HOST,778,778,779,,348060,,,vplc_internal,75,100,75,0,0,1,767790190,3,512,0,ok,
RUN_20260510_VPLC_L3_HIGH_75_100_S01_R03,VPLC_L3_HIGH_75_100,SER_20260510_VPLC_L3_HIGH_75_100_S01,vPLC_container,VPLC_HOST,779,779,780,,348135,,,vplc_internal,75,100,75,0,0,1,1002074531,3,512,0,ok,
RUN_20260510_VPLC_L3_HIGH_75_100_S01_R03,VPLC_L3_HIGH_75_100,SER_20260510_VPLC_L3_HIGH_75_100_S01,vPLC_container,VPLC_HOST,780,780,781,,348210,,,vplc_internal,75,100,75,0,0,1,1285643994,3,512,0,ok,
RUN_20260510_VPLC_L3_HIGH_75_100_S01_R03,VPLC_L3_HIGH_75_100,SER_20260510_VPLC_L3_HIGH_75_100_S01,vPLC_container,VPLC_HOST,781,781,782,,348285,,,vplc_internal,75,100,75,0,0,1,1620599827,3,512,0,ok,
RUN_20260510_VPLC_L3_HIGH_75_100_S01_R03,VPLC_L3_HIGH_75_100,SER_20260510_VPLC_L3_HIGH_75_100_S01,vPLC_container,VPLC_HOST,782,782,783,,348360,,,vplc_internal,75,100,75,0,0,1,2009035086,3,512,0,ok,
RUN_20260510_VPLC_L3_HIGH_75_100_S01_R03,VPLC_L3_HIGH_75_100,SER_20260510_VPLC_L3_HIGH_75_100_S01,vPLC_container,VPLC_HOST,783,783,784,,348435,,,vplc_internal,75,100,75,0,0,1,305567372,3,512,0,ok,
RUN_20260510_VPLC_L3_HIGH_75_100_S01_R03,VPLC_L3_HIGH_75_100,SER_20260510_VPLC_L3_HIGH_75_100_S01,vPLC_container,VPLC_HOST,784,784,785,,348510,,,vplc_internal,75,100,75,0,0,1,807257035,3,512,0,ok,
RUN_20260510_VPLC_L3_HIGH_75_100_S01_R03,VPLC_L3_HIGH_75_100,SER_20260510_VPLC_L3_HIGH_75_100_S01,vPLC_container,VPLC_HOST,785,785,786,,348585,,,vplc_internal,75,100,75,0,0,1,1368721676,3,512,0,ok,
RUN_20260510_VPLC_L3_HIGH_75_100_S01_R03,VPLC_L3_HIGH_75_100,SER_20260510_VPLC_L3_HIGH_75_100_S01,vPLC_container,VPLC_HOST,786,786,787,,348660,,,vplc_internal,75,100,75,0,0,1,1992054351,3,512,0,ok,
RUN_20260510_VPLC_L3_HIGH_75_100_S01_R03,VPLC_L3_HIGH_75_100,SER_20260510_VPLC_L3_HIGH_75_100_S01,vPLC_container,VPLC_HOST,787,787,788,,348735,,,vplc_internal,75,100,75,0,0,1,531872661,3,512,0,ok,
RUN_20260510_VPLC_L3_HIGH_75_100_S01_R03,VPLC_L3_HIGH_75_100,SER_20260510_VPLC_L3_HIGH_75_100_S01,vPLC_container,VPLC_HOST,788,788,789,,348818,,,vplc_internal,75,100,83,8,0,1,1285236956,3,512,0,ok,
RUN_20260510_VPLC_L3_HIGH_75_100_S01_R03,VPLC_L3_HIGH_75_100,SER_20260510_VPLC_L3_HIGH_75_100_S01,vPLC_container,VPLC_HOST,789,789,790,,348885,,,vplc_internal,75,100,67,-8,0,1,2106764837,3,512,0,ok,
RUN_20260510_VPLC_L3_HIGH_75_100_S01_R03,VPLC_L3_HIGH_75_100,SER_20260510_VPLC_L3_HIGH_75_100_S01,vPLC_container,VPLC_HOST,790,790,791,,348960,,,vplc_internal,75,100,75,0,0,1,851065713,3,512,0,ok,
RUN_20260510_VPLC_L3_HIGH_75_100_S01_R03,VPLC_L3_HIGH_75_100,SER_20260510_VPLC_L3_HIGH_75_100_S01,vPLC_container,VPLC_HOST,791,791,792,,349035,,,vplc_internal,75,100,75,0,0,1,1815208126,3,512,0,ok,
RUN_20260510_VPLC_L3_HIGH_75_100_S01_R03,VPLC_L3_HIGH_75_100,SER_20260510_VPLC_L3_HIGH_75_100_S01,vPLC_container,VPLC_HOST,792,792,793,,349110,,,vplc_internal,75,100,75,0,0,1,706317838,3,512,0,ok,
RUN_20260510_VPLC_L3_HIGH_75_100_S01_R03,VPLC_L3_HIGH_75_100,SER_20260510_VPLC_L3_HIGH_75_100_S01,vPLC_container,VPLC_HOST,793,793,794,,349185,,,vplc_internal,75,100,75,0,0,1,1821463391,3,512,0,ok,
RUN_20260510_VPLC_L3_HIGH_75_100_S01_R03,VPLC_L3_HIGH_75_100,SER_20260510_VPLC_L3_HIGH_75_100_S01,vPLC_container,VPLC_HOST,794,794,795,,349260,,,vplc_internal,75,100,75,0,0,1,867770547,3,512,0,ok,
RUN_20260510_VPLC_L3_HIGH_75_100_S01_R03,VPLC_L3_HIGH_75_100,SER_20260510_VPLC_L3_HIGH_75_100_S01,vPLC_container,VPLC_HOST,795,795,796,,349335,,,vplc_internal,75,100,75,0,0,1,2142307848,3,512,0,ok,
RUN_20260510_VPLC_L3_HIGH_75_100_S01_R03,VPLC_L3_HIGH_75_100,SER_20260510_VPLC_L3_HIGH_75_100_S01,vPLC_container,VPLC_HOST,796,796,797,,349410,,,vplc_internal,75,100,75,0,0,1,1352201056,3,512,0,ok,
RUN_20260510_VPLC_L3_HIGH_75_100_S01_R03,VPLC_L3_HIGH_75_100,SER_20260510_VPLC_L3_HIGH_75_100_S01,vPLC_container,VPLC_HOST,797,797,798,,349485,,,vplc_internal,75,100,75,0,0,1,647035066,3,512,0,ok,
RUN_20260510_VPLC_L3_HIGH_75_100_S01_R03,VPLC_L3_HIGH_75_100,SER_20260510_VPLC_L3_HIGH_75_100_S01,vPLC_container,VPLC_HOST,798,798,799,,349560,,,vplc_internal,75,100,75,0,0,1,28902934,3,512,0,ok,
RUN_20260510_VPLC_L3_HIGH_75_100_S01_R03,VPLC_L3_HIGH_75_100,SER_20260510_VPLC_L3_HIGH_75_100_S01,vPLC_container,VPLC_HOST,799,799,800,,349635,,,vplc_internal,75,100,75,0,0,0,1647389555,3,512,0,ok,
RUN_20260510_VPLC_L3_HIGH_75_100_S01_R03,VPLC_L3_HIGH_75_100,SER_20260510_VPLC_L3_HIGH_75_100_S01,vPLC_container,VPLC_HOST,800,800,801,,349710,,,vplc_internal,75,100,75,0,0,0,1209620691,3,512,0,ok,
RUN_20260510_VPLC_L3_HIGH_75_100_S01_R03,VPLC_L3_HIGH_75_100,SER_20260510_VPLC_L3_HIGH_75_100_S01,vPLC_container,VPLC_HOST,801,801,802,,349785,,,vplc_internal,75,100,75,0,0,0,865181237,3,512,0,ok,
RUN_20260510_VPLC_L3_HIGH_75_100_S01_R03,VPLC_L3_HIGH_75_100,SER_20260510_VPLC_L3_HIGH_75_100_S01,vPLC_container,VPLC_HOST,802,802,803,,349860,,,vplc_internal,75,100,75,0,0,0,616164249,3,512,0,ok,
RUN_20260510_VPLC_L3_HIGH_75_100_S01_R03,VPLC_L3_HIGH_75_100,SER_20260510_VPLC_L3_HIGH_75_100_S01,vPLC_container,VPLC_HOST,803,803,804,,349935,,,vplc_internal,75,100,75,0,0,0,464670975,3,512,0,ok,
RUN_20260510_VPLC_L3_HIGH_75_100_S01_R03,VPLC_L3_HIGH_75_100,SER_20260510_VPLC_L3_HIGH_75_100_S01,vPLC_container,VPLC_HOST,804,804,805,,350010,,,vplc_internal,75,100,75,0,0,0,412794471,3,512,0,ok,
RUN_20260510_VPLC_L3_HIGH_75_100_S01_R03,VPLC_L3_HIGH_75_100,SER_20260510_VPLC_L3_HIGH_75_100_S01,vPLC_container,VPLC_HOST,805,805,806,,350085,,,vplc_internal,75,100,75,0,0,0,462635985,3,512,0,ok,
RUN_20260510_VPLC_L3_HIGH_75_100_S01_R03,VPLC_L3_HIGH_75_100,SER_20260510_VPLC_L3_HIGH_75_100_S01,vPLC_container,VPLC_HOST,806,806,807,,350160,,,vplc_internal,75,100,75,0,0,0,616288573,3,512,0,ok,
RUN_20260510_VPLC_L3_HIGH_75_100_S01_R03,VPLC_L3_HIGH_75_100,SER_20260510_VPLC_L3_HIGH_75_100_S01,vPLC_container,VPLC_HOST,807,807,808,,350235,,,vplc_internal,75,100,75,0,0,0,875853483,3,512,0,ok,
RUN_20260510_VPLC_L3_HIGH_75_100_S01_R03,VPLC_L3_HIGH_75_100,SER_20260510_VPLC_L3_HIGH_75_100_S01,vPLC_container,VPLC_HOST,808,808,809,,350310,,,vplc_internal,75,100,75,0,0,0,1243423771,3,512,0,ok,
RUN_20260510_VPLC_L3_HIGH_75_100_S01_R03,VPLC_L3_HIGH_75_100,SER_20260510_VPLC_L3_HIGH_75_100_S01,vPLC_container,VPLC_HOST,809,809,810,,350385,,,vplc_internal,75,100,75,0,0,0,1721100685,3,512,0,ok,
RUN_20260510_VPLC_L3_HIGH_75_100_S01_R03,VPLC_L3_HIGH_75_100,SER_20260510_VPLC_L3_HIGH_75_100_S01,vPLC_container,VPLC_HOST,810,810,811,,350460,,,vplc_internal,75,100,75,0,0,0,163493634,3,512,0,ok,
RUN_20260510_VPLC_L3_HIGH_75_100_S01_R03,VPLC_L3_HIGH_75_100,SER_20260510_VPLC_L3_HIGH_75_100_S01,vPLC_container,VPLC_HOST,811,811,812,,350535,,,vplc_internal,75,100,75,0,0,0,867671160,3,512,0,ok,
RUN_20260510_VPLC_L3_HIGH_75_100_S01_R03,VPLC_L3_HIGH_75_100,SER_20260510_VPLC_L3_HIGH_75_100_S01,vPLC_container,VPLC_HOST,812,812,813,,350610,,,vplc_internal,75,100,75,0,0,0,1688242672,3,512,0,ok,
RUN_20260510_VPLC_L3_HIGH_75_100_S01_R03,VPLC_L3_HIGH_75_100,SER_20260510_VPLC_L3_HIGH_75_100_S01,vPLC_container,VPLC_HOST,813,813,814,,350685,,,vplc_internal,75,100,75,0,0,0,479825771,3,512,0,ok,
RUN_20260510_VPLC_L3_HIGH_75_100_S01_R03,VPLC_L3_HIGH_75_100,SER_20260510_VPLC_L3_HIGH_75_100_S01,vPLC_container,VPLC_HOST,814,814,815,,350760,,,vplc_internal,75,100,75,0,0,0,1539480807,3,512,0,ok,
RUN_20260510_VPLC_L3_HIGH_75_100_S01_R03,VPLC_L3_HIGH_75_100,SER_20260510_VPLC_L3_HIGH_75_100_S01,vPLC_container,VPLC_HOST,815,815,816,,350835,,,vplc_internal,75,100,75,0,0,0,574341734,3,512,0,ok,
RUN_20260510_VPLC_L3_HIGH_75_100_S01_R03,VPLC_L3_HIGH_75_100,SER_20260510_VPLC_L3_HIGH_75_100_S01,vPLC_container,VPLC_HOST,816,816,817,,350910,,,vplc_internal,75,100,75,0,0,0,1881468902,3,512,0,ok,
RUN_20260510_VPLC_L3_HIGH_75_100_S01_R03,VPLC_L3_HIGH_75_100,SER_20260510_VPLC_L3_HIGH_75_100_S01,vPLC_container,VPLC_HOST,817,817,818,,350985,,,vplc_internal,75,100,75,0,0,0,1167996265,3,512,0,ok,
RUN_20260510_VPLC_L3_HIGH_75_100_S01_R03,VPLC_L3_HIGH_75_100,SER_20260510_VPLC_L3_HIGH_75_100_S01,vPLC_container,VPLC_HOST,818,818,819,,351060,,,vplc_internal,75,100,75,0,0,0,583500526,3,512,0,ok,
RUN_20260510_VPLC_L3_HIGH_75_100_S01_R03,VPLC_L3_HIGH_75_100,SER_20260510_VPLC_L3_HIGH_75_100_S01,vPLC_container,VPLC_HOST,819,819,820,,351135,,,vplc_internal,75,100,75,0,0,0,130082933,3,512,0,ok,
RUN_20260510_VPLC_L3_HIGH_75_100_S01_R03,VPLC_L3_HIGH_75_100,SER_20260510_VPLC_L3_HIGH_75_100_S01,vPLC_container,VPLC_HOST,820,820,821,,351210,,,vplc_internal,75,100,75,0,0,0,1957320189,3,512,0,ok,
RUN_20260510_VPLC_L3_HIGH_75_100_S01_R03,VPLC_L3_HIGH_75_100,SER_20260510_VPLC_L3_HIGH_75_100_S01,vPLC_container,VPLC_HOST,821,821,822,,351285,,,vplc_internal,75,100,75,0,0,0,1772346248,3,512,0,ok,
RUN_20260510_VPLC_L3_HIGH_75_100_S01_R03,VPLC_L3_HIGH_75_100,SER_20260510_VPLC_L3_HIGH_75_100_S01,vPLC_container,VPLC_HOST,822,822,823,,351360,,,vplc_internal,75,100,75,0,0,0,1724737813,3,512,0,ok,
RUN_20260510_VPLC_L3_HIGH_75_100_S01_R03,VPLC_L3_HIGH_75_100,SER_20260510_VPLC_L3_HIGH_75_100_S01,vPLC_container,VPLC_HOST,823,823,824,,351435,,,vplc_internal,75,100,75,0,0,0,1816596132,3,512,0,ok,
RUN_20260510_VPLC_L3_HIGH_75_100_S01_R03,VPLC_L3_HIGH_75_100,SER_20260510_VPLC_L3_HIGH_75_100_S01,vPLC_container,VPLC_HOST,824,824,825,,351510,,,vplc_internal,75,100,75,0,0,0,2050014261,3,512,0,ok,
RUN_20260510_VPLC_L3_HIGH_75_100_S01_R03,VPLC_L3_HIGH_75_100,SER_20260510_VPLC_L3_HIGH_75_100_S01,vPLC_container,VPLC_HOST,825,825,826,,351585,,,vplc_internal,75,100,75,0,0,0,279609801,3,512,0,ok,
RUN_20260510_VPLC_L3_HIGH_75_100_S01_R03,VPLC_L3_HIGH_75_100,SER_20260510_VPLC_L3_HIGH_75_100_S01,vPLC_container,VPLC_HOST,826,826,827,,351660,,,vplc_internal,75,100,75,0,0,0,802443102,3,512,0,ok,
RUN_20260510_VPLC_L3_HIGH_75_100_S01_R03,VPLC_L3_HIGH_75_100,SER_20260510_VPLC_L3_HIGH_75_100_S01,vPLC_container,VPLC_HOST,827,827,828,,351735,,,vplc_internal,75,100,75,0,0,0,1473131765,3,512,0,ok,
RUN_20260510_VPLC_L3_HIGH_75_100_S01_R03,VPLC_L3_HIGH_75_100,SER_20260510_VPLC_L3_HIGH_75_100_S01,vPLC_container,VPLC_HOST,828,828,829,,351818,,,vplc_internal,75,100,83,8,0,0,146285199,3,512,0,ok,
RUN_20260510_VPLC_L3_HIGH_75_100_S01_R03,VPLC_L3_HIGH_75_100,SER_20260510_VPLC_L3_HIGH_75_100_S01,vPLC_container,VPLC_HOST,829,829,830,,351885,,,vplc_internal,75,100,67,-8,0,0,1118971946,3,512,0,ok,
RUN_20260510_VPLC_L3_HIGH_75_100_S01_R03,VPLC_L3_HIGH_75_100,SER_20260510_VPLC_L3_HIGH_75_100_S01,vPLC_container,VPLC_HOST,830,830,831,,351960,,,vplc_internal,75,100,75,0,0,0,98317768,3,512,0,ok,
RUN_20260510_VPLC_L3_HIGH_75_100_S01_R03,VPLC_L3_HIGH_75_100,SER_20260510_VPLC_L3_HIGH_75_100_S01,vPLC_container,VPLC_HOST,831,831,832,,352035,,,vplc_internal,75,100,75,0,0,0,1381391207,3,512,0,ok,
RUN_20260510_VPLC_L3_HIGH_75_100_S01_R03,VPLC_L3_HIGH_75_100,SER_20260510_VPLC_L3_HIGH_75_100_S01,vPLC_container,VPLC_HOST,832,832,833,,352110,,,vplc_internal,75,100,75,0,0,0,675318025,3,512,0,ok,
RUN_20260510_VPLC_L3_HIGH_75_100_S01_R03,VPLC_L3_HIGH_75_100,SER_20260510_VPLC_L3_HIGH_75_100_S01,vPLC_container,VPLC_HOST,833,833,834,,352185,,,vplc_internal,75,100,75,0,0,0,129683117,3,512,0,ok,
RUN_20260510_VPLC_L3_HIGH_75_100_S01_R03,VPLC_L3_HIGH_75_100,SER_20260510_VPLC_L3_HIGH_75_100_S01,vPLC_container,VPLC_HOST,834,834,835,,352260,,,vplc_internal,75,100,75,0,0,0,1894063186,3,512,0,ok,
RUN_20260510_VPLC_L3_HIGH_75_100_S01_R03,VPLC_L3_HIGH_75_100,SER_20260510_VPLC_L3_HIGH_75_100_S01,vPLC_container,VPLC_HOST,835,835,836,,352335,,,vplc_internal,75,100,75,0,0,0,1675592186,3,512,0,ok,
RUN_20260510_VPLC_L3_HIGH_75_100_S01_R03,VPLC_L3_HIGH_75_100,SER_20260510_VPLC_L3_HIGH_75_100_S01,vPLC_container,VPLC_HOST,836,836,837,,352410,,,vplc_internal,75,100,75,0,0,0,1623846820,3,512,0,ok,
RUN_20260510_VPLC_L3_HIGH_75_100_S01_R03,VPLC_L3_HIGH_75_100,SER_20260510_VPLC_L3_HIGH_75_100_S01,vPLC_container,VPLC_HOST,837,837,838,,352485,,,vplc_internal,75,100,75,0,0,0,1740928336,3,512,0,ok,
RUN_20260510_VPLC_L3_HIGH_75_100_S01_R03,VPLC_L3_HIGH_75_100,SER_20260510_VPLC_L3_HIGH_75_100_S01,vPLC_container,VPLC_HOST,838,838,839,,352560,,,vplc_internal,75,100,75,0,0,0,2028929790,3,512,0,ok,
RUN_20260510_VPLC_L3_HIGH_75_100_S01_R03,VPLC_L3_HIGH_75_100,SER_20260510_VPLC_L3_HIGH_75_100_S01,vPLC_container,VPLC_HOST,839,839,840,,352635,,,vplc_internal,75,100,75,0,0,0,342468783,3,512,0,ok,
RUN_20260510_VPLC_L3_HIGH_75_100_S01_R03,VPLC_L3_HIGH_75_100,SER_20260510_VPLC_L3_HIGH_75_100_S01,vPLC_container,VPLC_HOST,840,840,841,,352710,,,vplc_internal,75,100,75,0,0,0,978605665,3,512,0,ok,
RUN_20260510_VPLC_L3_HIGH_75_100_S01_R03,VPLC_L3_HIGH_75_100,SER_20260510_VPLC_L3_HIGH_75_100_S01,vPLC_container,VPLC_HOST,841,841,842,,352785,,,vplc_internal,75,100,75,0,0,0,1791958037,3,512,0,ok,
RUN_20260510_VPLC_L3_HIGH_75_100_S01_R03,VPLC_L3_HIGH_75_100,SER_20260510_VPLC_L3_HIGH_75_100_S01,vPLC_container,VPLC_HOST,842,842,843,,352860,,,vplc_internal,75,100,75,0,0,0,637135308,3,512,0,ok,
RUN_20260510_VPLC_L3_HIGH_75_100_S01_R03,VPLC_L3_HIGH_75_100,SER_20260510_VPLC_L3_HIGH_75_100_S01,vPLC_container,VPLC_HOST,843,843,844,,352935,,,vplc_internal,75,100,75,0,0,0,1811206020,3,512,0,ok,
RUN_20260510_VPLC_L3_HIGH_75_100_S01_R03,VPLC_L3_HIGH_75_100,SER_20260510_VPLC_L3_HIGH_75_100_S01,vPLC_container,VPLC_HOST,844,844,845,,353010,,,vplc_internal,75,100,75,0,0,0,1021295935,3,512,0,ok,
RUN_20260510_VPLC_L3_HIGH_75_100_S01_R03,VPLC_L3_HIGH_75_100,SER_20260510_VPLC_L3_HIGH_75_100_S01,vPLC_container,VPLC_HOST,845,845,846,,353085,,,vplc_internal,75,100,75,0,0,0,416989948,3,512,0,ok,
RUN_20260510_VPLC_L3_HIGH_75_100_S01_R03,VPLC_L3_HIGH_75_100,SER_20260510_VPLC_L3_HIGH_75_100_S01,vPLC_container,VPLC_HOST,846,846,847,,353160,,,vplc_internal,75,100,75,0,0,0,381115,3,512,0,ok,
RUN_20260510_VPLC_L3_HIGH_75_100_S01_R03,VPLC_L3_HIGH_75_100,SER_20260510_VPLC_L3_HIGH_75_100_S01,vPLC_container,VPLC_HOST,847,847,848,,353235,,,vplc_internal,75,100,75,0,0,0,1921054331,3,512,0,ok,
RUN_20260510_VPLC_L3_HIGH_75_100_S01_R03,VPLC_L3_HIGH_75_100,SER_20260510_VPLC_L3_HIGH_75_100_S01,vPLC_container,VPLC_HOST,848,848,849,,353310,,,vplc_internal,75,100,75,0,0,0,1886135358,3,512,0,ok,
RUN_20260510_VPLC_L3_HIGH_75_100_S01_R03,VPLC_L3_HIGH_75_100,SER_20260510_VPLC_L3_HIGH_75_100_S01,vPLC_container,VPLC_HOST,849,849,850,,353385,,,vplc_internal,75,100,75,0,0,0,2045209091,3,512,0,ok,
RUN_20260510_VPLC_L3_HIGH_75_100_S01_R03,VPLC_L3_HIGH_75_100,SER_20260510_VPLC_L3_HIGH_75_100_S01,vPLC_container,VPLC_HOST,850,850,851,,353460,,,vplc_internal,75,100,75,0,0,0,252884939,3,512,0,ok,
RUN_20260510_VPLC_L3_HIGH_75_100_S01_R03,VPLC_L3_HIGH_75_100,SER_20260510_VPLC_L3_HIGH_75_100_S01,vPLC_container,VPLC_HOST,851,851,852,,353535,,,vplc_internal,75,100,75,0,0,0,806231444,3,512,0,ok,
RUN_20260510_VPLC_L3_HIGH_75_100_S01_R03,VPLC_L3_HIGH_75_100,SER_20260510_VPLC_L3_HIGH_75_100_S01,vPLC_container,VPLC_HOST,852,852,853,,353610,,,vplc_internal,75,100,75,0,0,0,1559858015,3,512,0,ok,
RUN_20260510_VPLC_L3_HIGH_75_100_S01_R03,VPLC_L3_HIGH_75_100,SER_20260510_VPLC_L3_HIGH_75_100_S01,vPLC_container,VPLC_HOST,853,853,854,,353685,,,vplc_internal,75,100,75,0,0,0,368382253,3,512,0,ok,
RUN_20260510_VPLC_L3_HIGH_75_100_S01_R03,VPLC_L3_HIGH_75_100,SER_20260510_VPLC_L3_HIGH_75_100_S01,vPLC_container,VPLC_HOST,854,854,855,,353760,,,vplc_internal,75,100,75,0,0,0,1528864508,3,512,0,ok,
RUN_20260510_VPLC_L3_HIGH_75_100_S01_R03,VPLC_L3_HIGH_75_100,SER_20260510_VPLC_L3_HIGH_75_100_S01,vPLC_container,VPLC_HOST,855,855,856,,353835,,,vplc_internal,75,100,75,0,0,0,748438734,3,512,0,ok,
RUN_20260510_VPLC_L3_HIGH_75_100_S01_R03,VPLC_L3_HIGH_75_100,SER_20260510_VPLC_L3_HIGH_75_100_S01,vPLC_container,VPLC_HOST,856,856,857,,353910,,,vplc_internal,75,100,75,0,0,0,176681634,3,512,0,ok,
RUN_20260510_VPLC_L3_HIGH_75_100_S01_R03,VPLC_L3_HIGH_75_100,SER_20260510_VPLC_L3_HIGH_75_100_S01,vPLC_container,VPLC_HOST,857,857,858,,353985,,,vplc_internal,75,100,75,0,0,0,1963178103,3,512,0,ok,
RUN_20260510_VPLC_L3_HIGH_75_100_S01_R03,VPLC_L3_HIGH_75_100,SER_20260510_VPLC_L3_HIGH_75_100_S01,vPLC_container,VPLC_HOST,858,858,859,,354060,,,vplc_internal,75,100,75,0,0,0,1815053903,3,512,0,ok,
RUN_20260510_VPLC_L3_HIGH_75_100_S01_R03,VPLC_L3_HIGH_75_100,SER_20260510_VPLC_L3_HIGH_75_100_S01,vPLC_container,VPLC_HOST,859,859,860,,354135,,,vplc_internal,75,100,75,0,0,0,1881893929,3,512,0,ok,
RUN_20260510_VPLC_L3_HIGH_75_100_S01_R03,VPLC_L3_HIGH_75_100,SER_20260510_VPLC_L3_HIGH_75_100_S01,vPLC_container,VPLC_HOST,860,860,861,,354210,,,vplc_internal,75,100,75,0,0,0,18307590,3,512,0,ok,
RUN_20260510_VPLC_L3_HIGH_75_100_S01_R03,VPLC_L3_HIGH_75_100,SER_20260510_VPLC_L3_HIGH_75_100_S01,vPLC_container,VPLC_HOST,861,861,862,,354285,,,vplc_internal,75,100,75,0,0,0,521363428,3,512,0,ok,
RUN_20260510_VPLC_L3_HIGH_75_100_S01_R03,VPLC_L3_HIGH_75_100,SER_20260510_VPLC_L3_HIGH_75_100_S01,vPLC_container,VPLC_HOST,862,862,863,,354360,,,vplc_internal,75,100,75,0,0,0,1245670852,3,512,0,ok,
RUN_20260510_VPLC_L3_HIGH_75_100_S01_R03,VPLC_L3_HIGH_75_100,SER_20260510_VPLC_L3_HIGH_75_100_S01,vPLC_container,VPLC_HOST,863,863,864,,354435,,,vplc_internal,75,100,75,0,0,0,45847463,3,512,0,ok,
RUN_20260510_VPLC_L3_HIGH_75_100_S01_R03,VPLC_L3_HIGH_75_100,SER_20260510_VPLC_L3_HIGH_75_100_S01,vPLC_container,VPLC_HOST,864,864,865,,354510,,,vplc_internal,75,100,75,0,0,0,1218953611,3,512,0,ok,
RUN_20260510_VPLC_L3_HIGH_75_100_S01_R03,VPLC_L3_HIGH_75_100,SER_20260510_VPLC_L3_HIGH_75_100_S01,vPLC_container,VPLC_HOST,865,865,866,,354585,,,vplc_internal,75,100,75,0,0,0,472123250,3,512,0,ok,
RUN_20260510_VPLC_L3_HIGH_75_100_S01_R03,VPLC_L3_HIGH_75_100,SER_20260510_VPLC_L3_HIGH_75_100_S01,vPLC_container,VPLC_HOST,866,866,867,,354660,,,vplc_internal,75,100,75,0,0,0,2102416730,3,512,0,ok,
RUN_20260510_VPLC_L3_HIGH_75_100_S01_R03,VPLC_L3_HIGH_75_100,SER_20260510_VPLC_L3_HIGH_75_100_S01,vPLC_container,VPLC_HOST,867,867,868,,354735,,,vplc_internal,75,100,75,0,0,0,1816968005,3,512,0,ok,
RUN_20260510_VPLC_L3_HIGH_75_100_S01_R03,VPLC_L3_HIGH_75_100,SER_20260510_VPLC_L3_HIGH_75_100_S01,vPLC_container,VPLC_HOST,868,868,869,,354817,,,vplc_internal,75,100,82,7,0,0,1765353778,3,512,0,ok,
RUN_20260510_VPLC_L3_HIGH_75_100_S01_R03,VPLC_L3_HIGH_75_100,SER_20260510_VPLC_L3_HIGH_75_100_S01,vPLC_container,VPLC_HOST,869,869,870,,354885,,,vplc_internal,75,100,68,-7,0,0,1949675297,3,512,0,ok,
RUN_20260510_VPLC_L3_HIGH_75_100_S01_R03,VPLC_L3_HIGH_75_100,SER_20260510_VPLC_L3_HIGH_75_100_S01,vPLC_container,VPLC_HOST,870,870,871,,354960,,,vplc_internal,75,100,75,0,0,0,224541971,3,512,0,ok,
RUN_20260510_VPLC_L3_HIGH_75_100_S01_R03,VPLC_L3_HIGH_75_100,SER_20260510_VPLC_L3_HIGH_75_100_S01,vPLC_container,VPLC_HOST,871,871,872,,355035,,,vplc_internal,75,100,75,0,0,0,887022342,3,512,0,ok,
RUN_20260510_VPLC_L3_HIGH_75_100_S01_R03,VPLC_L3_HIGH_75_100,SER_20260510_VPLC_L3_HIGH_75_100_S01,vPLC_container,VPLC_HOST,872,872,873,,355110,,,vplc_internal,75,100,75,0,0,0,1791725819,3,512,0,ok,
RUN_20260510_VPLC_L3_HIGH_75_100_S01_R03,VPLC_L3_HIGH_75_100,SER_20260510_VPLC_L3_HIGH_75_100_S01,vPLC_container,VPLC_HOST,873,873,874,,355185,,,vplc_internal,75,100,75,0,0,0,793270003,3,512,0,ok,
RUN_20260510_VPLC_L3_HIGH_75_100_S01_R03,VPLC_L3_HIGH_75_100,SER_20260510_VPLC_L3_HIGH_75_100_S01,vPLC_container,VPLC_HOST,874,874,875,,355260,,,vplc_internal,75,100,75,0,0,0,41231597,3,512,0,ok,
RUN_20260510_VPLC_L3_HIGH_75_100_S01_R03,VPLC_L3_HIGH_75_100,SER_20260510_VPLC_L3_HIGH_75_100_S01,vPLC_container,VPLC_HOST,875,875,876,,355335,,,vplc_internal,75,100,75,0,0,0,1685195496,3,512,0,ok,
RUN_20260510_VPLC_L3_HIGH_75_100_S01_R03,VPLC_L3_HIGH_75_100,SER_20260510_VPLC_L3_HIGH_75_100_S01,vPLC_container,VPLC_HOST,876,876,877,,355410,,,vplc_internal,75,100,75,0,0,0,1432287462,3,512,0,ok,
RUN_20260510_VPLC_L3_HIGH_75_100_S01_R03,VPLC_L3_HIGH_75_100,SER_20260510_VPLC_L3_HIGH_75_100_S01,vPLC_container,VPLC_HOST,877,877,878,,355485,,,vplc_internal,75,100,75,0,0,0,1432092390,3,512,0,ok,
RUN_20260510_VPLC_L3_HIGH_75_100_S01_R03,VPLC_L3_HIGH_75_100,SER_20260510_VPLC_L3_HIGH_75_100_S01,vPLC_container,VPLC_HOST,878,878,879,,355560,,,vplc_internal,75,100,75,0,0,0,1686703336,3,512,0,ok,
RUN_20260510_VPLC_L3_HIGH_75_100_S01_R03,VPLC_L3_HIGH_75_100,SER_20260510_VPLC_L3_HIGH_75_100_S01,vPLC_container,VPLC_HOST,879,879,880,,355635,,,vplc_internal,75,100,75,0,0,0,50737901,3,512,0,ok,
RUN_20260510_VPLC_L3_HIGH_75_100_S01_R03,VPLC_L3_HIGH_75_100,SER_20260510_VPLC_L3_HIGH_75_100_S01,vPLC_container,VPLC_HOST,880,880,881,,355710,,,vplc_internal,75,100,75,0,0,0,821256435,3,512,0,ok,
RUN_20260510_VPLC_L3_HIGH_75_100_S01_R03,VPLC_L3_HIGH_75_100,SER_20260510_VPLC_L3_HIGH_75_100_S01,vPLC_container,VPLC_HOST,881,881,882,,355785,,,vplc_internal,75,100,75,0,0,0,1852876539,3,512,0,ok,
RUN_20260510_VPLC_L3_HIGH_75_100_S01_R03,VPLC_L3_HIGH_75_100,SER_20260510_VPLC_L3_HIGH_75_100_S01,vPLC_container,VPLC_HOST,882,882,883,,355860,,,vplc_internal,75,100,75,0,0,0,1000207622,3,512,0,ok,
RUN_20260510_VPLC_L3_HIGH_75_100_S01_R03,VPLC_L3_HIGH_75_100,SER_20260510_VPLC_L3_HIGH_75_100_S01,vPLC_container,VPLC_HOST,883,883,884,,355935,,,vplc_internal,75,100,75,0,0,0,412834579,3,512,0,ok,
RUN_20260510_VPLC_L3_HIGH_75_100_S01_R03,VPLC_L3_HIGH_75_100,SER_20260510_VPLC_L3_HIGH_75_100_S01,vPLC_container,VPLC_HOST,884,884,885,,356010,,,vplc_internal,75,100,75,0,0,0,92850466,3,512,0,ok,
RUN_20260510_VPLC_L3_HIGH_75_100_S01_R03,VPLC_L3_HIGH_75_100,SER_20260510_VPLC_L3_HIGH_75_100_S01,vPLC_container,VPLC_HOST,885,885,886,,356085,,,vplc_internal,75,100,75,0,0,0,42356531,3,512,0,ok,
RUN_20260510_VPLC_L3_HIGH_75_100_S01_R03,VPLC_L3_HIGH_75_100,SER_20260510_VPLC_L3_HIGH_75_100_S01,vPLC_container,VPLC_HOST,886,886,887,,356160,,,vplc_internal,75,100,75,0,0,0,263445830,3,512,0,ok,
RUN_20260510_VPLC_L3_HIGH_75_100_S01_R03,VPLC_L3_HIGH_75_100,SER_20260510_VPLC_L3_HIGH_75_100_S01,vPLC_container,VPLC_HOST,887,887,888,,356235,,,vplc_internal,75,100,75,0,0,0,758219611,3,512,0,ok,
RUN_20260510_VPLC_L3_HIGH_75_100_S01_R03,VPLC_L3_HIGH_75_100,SER_20260510_VPLC_L3_HIGH_75_100_S01,vPLC_container,VPLC_HOST,888,888,889,,356310,,,vplc_internal,75,100,75,0,0,0,1528770930,3,512,0,ok,
RUN_20260510_VPLC_L3_HIGH_75_100_S01_R03,VPLC_L3_HIGH_75_100,SER_20260510_VPLC_L3_HIGH_75_100_S01,vPLC_container,VPLC_HOST,889,889,890,,356385,,,vplc_internal,75,100,75,0,0,0,429717388,3,512,0,ok,
RUN_20260510_VPLC_L3_HIGH_75_100_S01_R03,VPLC_L3_HIGH_75_100,SER_20260510_VPLC_L3_HIGH_75_100_S01,vPLC_container,VPLC_HOST,890,890,891,,356460,,,vplc_internal,75,100,75,0,0,0,1758119335,3,512,0,ok,
RUN_20260510_VPLC_L3_HIGH_75_100_S01_R03,VPLC_L3_HIGH_75_100,SER_20260510_VPLC_L3_HIGH_75_100_S01,vPLC_container,VPLC_HOST,891,891,892,,356535,,,vplc_internal,75,100,75,0,0,0,1221110725,3,512,0,ok,
RUN_20260510_VPLC_L3_HIGH_75_100_S01_R03,VPLC_L3_HIGH_75_100,SER_20260510_VPLC_L3_HIGH_75_100_S01,vPLC_container,VPLC_HOST,892,892,893,,356610,,,vplc_internal,75,100,75,0,0,0,968268261,3,512,0,ok,
RUN_20260510_VPLC_L3_HIGH_75_100_S01_R03,VPLC_L3_HIGH_75_100,SER_20260510_VPLC_L3_HIGH_75_100_S01,vPLC_container,VPLC_HOST,893,893,894,,356685,,,vplc_internal,75,100,75,0,0,0,1001693191,3,512,0,ok,
RUN_20260510_VPLC_L3_HIGH_75_100_S01_R03,VPLC_L3_HIGH_75_100,SER_20260510_VPLC_L3_HIGH_75_100_S01,vPLC_container,VPLC_HOST,894,894,895,,356760,,,vplc_internal,75,100,75,0,0,0,1323478571,3,512,0,ok,
RUN_20260510_VPLC_L3_HIGH_75_100_S01_R03,VPLC_L3_HIGH_75_100,SER_20260510_VPLC_L3_HIGH_75_100_S01,vPLC_container,VPLC_HOST,895,895,896,,356835,,,vplc_internal,75,100,75,0,0,0,1935725649,3,512,0,ok,
RUN_20260510_VPLC_L3_HIGH_75_100_S01_R03,VPLC_L3_HIGH_75_100,SER_20260510_VPLC_L3_HIGH_75_100_S01,vPLC_container,VPLC_HOST,896,896,897,,356910,,,vplc_internal,75,100,75,0,0,0,693043834,3,512,0,ok,
RUN_20260510_VPLC_L3_HIGH_75_100_S01_R03,VPLC_L3_HIGH_75_100,SER_20260510_VPLC_L3_HIGH_75_100_S01,vPLC_container,VPLC_HOST,897,897,898,,356985,,,vplc_internal,75,100,75,0,0,0,1892501668,3,512,0,ok,
RUN_20260510_VPLC_L3_HIGH_75_100_S01_R03,VPLC_L3_HIGH_75_100,SER_20260510_VPLC_L3_HIGH_75_100_S01,vPLC_container,VPLC_HOST,898,898,899,,357060,,,vplc_internal,75,100,75,0,0,0,1241224913,3,512,0,ok,
RUN_20260510_VPLC_L3_HIGH_75_100_S01_R03,VPLC_L3_HIGH_75_100,SER_20260510_VPLC_L3_HIGH_75_100_S01,vPLC_container,VPLC_HOST,899,899,900,,357135,,,vplc_internal,75,100,75,0,0,1,888798464,3,512,0,ok,
RUN_20260510_VPLC_L3_HIGH_75_100_S01_R03,VPLC_L3_HIGH_75_100,SER_20260510_VPLC_L3_HIGH_75_100_S01,vPLC_container,VPLC_HOST,900,900,901,,357210,,,vplc_internal,75,100,75,0,0,1,837315377,3,512,0,ok,
RUN_20260510_VPLC_L3_HIGH_75_100_S01_R03,VPLC_L3_HIGH_75_100,SER_20260510_VPLC_L3_HIGH_75_100_S01,vPLC_container,VPLC_HOST,901,901,902,,357285,,,vplc_internal,75,100,75,0,0,1,1088876900,3,512,0,ok,
RUN_20260510_VPLC_L3_HIGH_75_100_S01_R03,VPLC_L3_HIGH_75_100,SER_20260510_VPLC_L3_HIGH_75_100_S01,vPLC_container,VPLC_HOST,902,902,903,,357360,,,vplc_internal,75,100,75,0,0,1,1645576089,3,512,0,ok,
RUN_20260510_VPLC_L3_HIGH_75_100_S01_R03,VPLC_L3_HIGH_75_100,SER_20260510_VPLC_L3_HIGH_75_100_S01,vPLC_container,VPLC_HOST,903,903,904,,357435,,,vplc_internal,75,100,75,0,0,1,362030545,3,512,0,ok,
RUN_20260510_VPLC_L3_HIGH_75_100_S01_R03,VPLC_L3_HIGH_75_100,SER_20260510_VPLC_L3_HIGH_75_100_S01,vPLC_container,VPLC_HOST,904,904,905,,357510,,,vplc_internal,75,100,75,0,0,1,1535300618,3,512,0,ok,
RUN_20260510_VPLC_L3_HIGH_75_100_S01_R03,VPLC_L3_HIGH_75_100,SER_20260510_VPLC_L3_HIGH_75_100_S01,vPLC_container,VPLC_HOST,905,905,906,,357585,,,vplc_internal,75,100,75,0,0,1,872520262,3,512,0,ok,
RUN_20260510_VPLC_L3_HIGH_75_100_S01_R03,VPLC_L3_HIGH_75_100,SER_20260510_VPLC_L3_HIGH_75_100_S01,vPLC_container,VPLC_HOST,906,906,907,,357660,,,vplc_internal,75,100,75,0,0,1,523266180,3,512,0,ok,
RUN_20260510_VPLC_L3_HIGH_75_100_S01_R03,VPLC_L3_HIGH_75_100,SER_20260510_VPLC_L3_HIGH_75_100_S01,vPLC_container,VPLC_HOST,907,907,908,,357735,,,vplc_internal,75,100,75,0,0,1,489639620,3,512,0,ok,
RUN_20260510_VPLC_L3_HIGH_75_100_S01_R03,VPLC_L3_HIGH_75_100,SER_20260510_VPLC_L3_HIGH_75_100_S01,vPLC_container,VPLC_HOST,908,908,909,,357817,,,vplc_internal,75,100,82,7,0,1,773733638,3,512,0,ok,
RUN_20260510_VPLC_L3_HIGH_75_100_S01_R03,VPLC_L3_HIGH_75_100,SER_20260510_VPLC_L3_HIGH_75_100_S01,vPLC_container,VPLC_HOST,909,909,910,,357885,,,vplc_internal,75,100,68,-7,0,1,1377649482,3,512,0,ok,
RUN_20260510_VPLC_L3_HIGH_75_100_S01_R03,VPLC_L3_HIGH_75_100,SER_20260510_VPLC_L3_HIGH_75_100_S01,vPLC_container,VPLC_HOST,910,910,911,,357960,,,vplc_internal,75,100,75,0,0,1,155996561,3,512,0,ok,
RUN_20260510_VPLC_L3_HIGH_75_100_S01_R03,VPLC_L3_HIGH_75_100,SER_20260510_VPLC_L3_HIGH_75_100_S01,vPLC_container,VPLC_HOST,911,911,912,,358035,,,vplc_internal,75,100,75,0,0,1,1405843417,3,512,0,ok,
RUN_20260510_VPLC_L3_HIGH_75_100_S01_R03,VPLC_L3_HIGH_75_100,SER_20260510_VPLC_L3_HIGH_75_100_S01,vPLC_container,VPLC_HOST,912,912,913,,358110,,,vplc_internal,75,100,75,0,0,1,834315812,3,512,0,ok,
RUN_20260510_VPLC_L3_HIGH_75_100_S01_R03,VPLC_L3_HIGH_75_100,SER_20260510_VPLC_L3_HIGH_75_100_S01,vPLC_container,VPLC_HOST,913,913,914,,358185,,,vplc_internal,75,100,75,0,0,1,590998641,3,512,0,ok,
RUN_20260510_VPLC_L3_HIGH_75_100_S01_R03,VPLC_L3_HIGH_75_100,SER_20260510_VPLC_L3_HIGH_75_100_S01,vPLC_container,VPLC_HOST,914,914,915,,358260,,,vplc_internal,75,100,75,0,0,1,677984960,3,512,0,ok,
RUN_20260510_VPLC_L3_HIGH_75_100_S01_R03,VPLC_L3_HIGH_75_100,SER_20260510_VPLC_L3_HIGH_75_100_S01,vPLC_container,VPLC_HOST,915,915,916,,358335,,,vplc_internal,75,100,75,0,0,1,1097376017,3,512,0,ok,
RUN_20260510_VPLC_L3_HIGH_75_100_S01_R03,VPLC_L3_HIGH_75_100,SER_20260510_VPLC_L3_HIGH_75_100_S01,vPLC_container,VPLC_HOST,916,916,917,,358410,,,vplc_internal,75,100,75,0,0,1,1851264868,3,512,0,ok,
RUN_20260510_VPLC_L3_HIGH_75_100_S01_R03,VPLC_L3_HIGH_75_100,SER_20260510_VPLC_L3_HIGH_75_100_S01,vPLC_container,VPLC_HOST,917,917,918,,358485,,,vplc_internal,75,100,75,0,0,1,794269114,3,512,0,ok,
RUN_20260510_VPLC_L3_HIGH_75_100_S01_R03,VPLC_L3_HIGH_75_100,SER_20260510_VPLC_L3_HIGH_75_100_S01,vPLC_container,VPLC_HOST,918,918,919,,358560,,,vplc_internal,75,100,75,0,0,1,75965458,3,512,0,ok,
RUN_20260510_VPLC_L3_HIGH_75_100_S01_R03,VPLC_L3_HIGH_75_100,SER_20260510_VPLC_L3_HIGH_75_100_S01,vPLC_container,VPLC_HOST,919,919,920,,358635,,,vplc_internal,75,100,75,0,0,1,1845938795,3,512,0,ok,
RUN_20260510_VPLC_L3_HIGH_75_100_S01_R03,VPLC_L3_HIGH_75_100,SER_20260510_VPLC_L3_HIGH_75_100_S01,vPLC_container,VPLC_HOST,920,920,921,,358710,,,vplc_internal,75,100,75,0,0,1,1811314887,3,512,0,ok,
RUN_20260510_VPLC_L3_HIGH_75_100_S01_R03,VPLC_L3_HIGH_75_100,SER_20260510_VPLC_L3_HIGH_75_100_S01,vPLC_container,VPLC_HOST,921,921,922,,358785,,,vplc_internal,75,100,75,0,0,1,2121678629,3,512,0,ok,
RUN_20260510_VPLC_L3_HIGH_75_100_S01_R03,VPLC_L3_HIGH_75_100,SER_20260510_VPLC_L3_HIGH_75_100_S01,vPLC_container,VPLC_HOST,922,922,923,,358860,,,vplc_internal,75,100,75,0,0,1,631639430,3,512,0,ok,
RUN_20260510_VPLC_L3_HIGH_75_100_S01_R03,VPLC_L3_HIGH_75_100,SER_20260510_VPLC_L3_HIGH_75_100_S01,vPLC_container,VPLC_HOST,923,923,924,,358935,,,vplc_internal,75,100,75,0,0,1,1638265832,3,512,0,ok,
RUN_20260510_VPLC_L3_HIGH_75_100_S01_R03,VPLC_L3_HIGH_75_100,SER_20260510_VPLC_L3_HIGH_75_100_S01,vPLC_container,VPLC_HOST,924,924,925,,359010,,,vplc_internal,75,100,75,0,0,1,848683597,3,512,0,ok,
RUN_20260510_VPLC_L3_HIGH_75_100_S01_R03,VPLC_L3_HIGH_75_100,SER_20260510_VPLC_L3_HIGH_75_100_S01,vPLC_container,VPLC_HOST,925,925,926,,359085,,,vplc_internal,75,100,75,0,0,1,412477620,3,512,0,ok,
RUN_20260510_VPLC_L3_HIGH_75_100_S01_R03,VPLC_L3_HIGH_75_100,SER_20260510_VPLC_L3_HIGH_75_100_S01,vPLC_container,VPLC_HOST,926,926,927,,359160,,,vplc_internal,75,100,75,0,0,1,331740957,3,512,0,ok,
RUN_20260510_VPLC_L3_HIGH_75_100_S01_R03,VPLC_L3_HIGH_75_100,SER_20260510_VPLC_L3_HIGH_75_100_S01,vPLC_container,VPLC_HOST,927,927,928,,359235,,,vplc_internal,75,100,75,0,0,1,608574856,3,512,0,ok,
RUN_20260510_VPLC_L3_HIGH_75_100_S01_R03,VPLC_L3_HIGH_75_100,SER_20260510_VPLC_L3_HIGH_75_100_S01,vPLC_container,VPLC_HOST,928,928,929,,359310,,,vplc_internal,75,100,75,0,0,1,1245072373,3,512,0,ok,
RUN_20260510_VPLC_L3_HIGH_75_100_S01_R03,VPLC_L3_HIGH_75_100,SER_20260510_VPLC_L3_HIGH_75_100_S01,vPLC_container,VPLC_HOST,929,929,930,,359385,,,vplc_internal,75,100,75,0,0,1,95851109,3,512,0,ok,
RUN_20260510_VPLC_L3_HIGH_75_100_S01_R03,VPLC_L3_HIGH_75_100,SER_20260510_VPLC_L3_HIGH_75_100_S01,vPLC_container,VPLC_HOST,930,930,931,,359460,,,vplc_internal,75,100,75,0,0,1,1457971414,3,512,0,ok,
RUN_20260510_VPLC_L3_HIGH_75_100_S01_R03,VPLC_L3_HIGH_75_100,SER_20260510_VPLC_L3_HIGH_75_100_S01,vPLC_container,VPLC_HOST,931,931,932,,359535,,,vplc_internal,75,100,75,0,0,1,1038567242,3,512,0,ok,
RUN_20260510_VPLC_L3_HIGH_75_100_S01_R03,VPLC_L3_HIGH_75_100,SER_20260510_VPLC_L3_HIGH_75_100_S01,vPLC_container,VPLC_HOST,932,932,933,,359610,,,vplc_internal,75,100,75,0,0,1,987215296,3,512,0,ok,
RUN_20260510_VPLC_L3_HIGH_75_100_S01_R03,VPLC_L3_HIGH_75_100,SER_20260510_VPLC_L3_HIGH_75_100_S01,vPLC_container,VPLC_HOST,933,933,934,,359685,,,vplc_internal,75,100,75,0,0,1,1306016824,3,512,0,ok,
RUN_20260510_VPLC_L3_HIGH_75_100_S01_R03,VPLC_L3_HIGH_75_100,SER_20260510_VPLC_L3_HIGH_75_100_S01,vPLC_container,VPLC_HOST,934,934,935,,359760,,,vplc_internal,75,100,75,0,0,1,1997064882,3,512,0,ok,
RUN_20260510_VPLC_L3_HIGH_75_100_S01_R03,VPLC_L3_HIGH_75_100,SER_20260510_VPLC_L3_HIGH_75_100_S01,vPLC_container,VPLC_HOST,935,935,936,,359835,,,vplc_internal,75,100,75,0,0,1,914977071,3,512,0,ok,
RUN_20260510_VPLC_L3_HIGH_75_100_S01_R03,VPLC_L3_HIGH_75_100,SER_20260510_VPLC_L3_HIGH_75_100_S01,vPLC_container,VPLC_HOST,936,936,937,,359910,,,vplc_internal,75,100,75,0,0,1,209330094,3,512,0,ok,
RUN_20260510_VPLC_L3_HIGH_75_100_S01_R03,VPLC_L3_HIGH_75_100,SER_20260510_VPLC_L3_HIGH_75_100_S01,vPLC_container,VPLC_HOST,937,937,938,,359985,,,vplc_internal,75,100,75,0,0,1,2029708846,3,512,0,ok,
RUN_20260510_VPLC_L3_HIGH_75_100_S01_R03,VPLC_L3_HIGH_75_100,SER_20260510_VPLC_L3_HIGH_75_100_S01,vPLC_container,VPLC_HOST,938,938,939,,360060,,,vplc_internal,75,100,75,0,0,1,2083239089,3,512,0,ok,
RUN_20260510_VPLC_L3_HIGH_75_100_S01_R03,VPLC_L3_HIGH_75_100,SER_20260510_VPLC_L3_HIGH_75_100_S01,vPLC_container,VPLC_HOST,939,939,940,,360135,,,vplc_internal,75,100,75,0,0,1,372022071,3,512,0,ok,
RUN_20260510_VPLC_L3_HIGH_75_100_S01_R03,VPLC_L3_HIGH_75_100,SER_20260510_VPLC_L3_HIGH_75_100_S01,vPLC_container,VPLC_HOST,940,940,941,,360210,,,vplc_internal,75,100,75,0,0,1,1193118142,3,512,0,ok,
RUN_20260510_VPLC_L3_HIGH_75_100_S01_R03,VPLC_L3_HIGH_75_100,SER_20260510_VPLC_L3_HIGH_75_100_S01,vPLC_container,VPLC_HOST,941,941,942,,360285,,,vplc_internal,75,100,75,0,0,1,253661256,3,512,0,ok,
RUN_20260510_VPLC_L3_HIGH_75_100_S01_R03,VPLC_L3_HIGH_75_100,SER_20260510_VPLC_L3_HIGH_75_100_S01,vPLC_container,VPLC_HOST,942,942,943,,360360,,,vplc_internal,75,100,75,0,0,1,1850711763,3,512,0,ok,
RUN_20260510_VPLC_L3_HIGH_75_100_S01_R03,VPLC_L3_HIGH_75_100,SER_20260510_VPLC_L3_HIGH_75_100_S01,vPLC_container,VPLC_HOST,943,943,944,,360435,,,vplc_internal,75,100,75,0,0,1,1691403617,3,512,0,ok,
RUN_20260510_VPLC_L3_HIGH_75_100_S01_R03,VPLC_L3_HIGH_75_100,SER_20260510_VPLC_L3_HIGH_75_100_S01,vPLC_container,VPLC_HOST,944,944,945,,360510,,,vplc_internal,75,100,75,0,0,1,1925313521,3,512,0,ok,
RUN_20260510_VPLC_L3_HIGH_75_100_S01_R03,VPLC_L3_HIGH_75_100,SER_20260510_VPLC_L3_HIGH_75_100_S01,vPLC_container,VPLC_HOST,945,945,946,,360585,,,vplc_internal,75,100,75,0,0,1,407059076,3,512,0,ok,
RUN_20260510_VPLC_L3_HIGH_75_100_S01_R03,VPLC_L3_HIGH_75_100,SER_20260510_VPLC_L3_HIGH_75_100_S01,vPLC_container,VPLC_HOST,946,946,947,,360660,,,vplc_internal,75,100,75,0,0,1,1433700632,3,512,0,ok,
RUN_20260510_VPLC_L3_HIGH_75_100_S01_R03,VPLC_L3_HIGH_75_100,SER_20260510_VPLC_L3_HIGH_75_100_S01,vPLC_container,VPLC_HOST,947,947,948,,360735,,,vplc_internal,75,100,75,0,0,1,712372143,3,512,0,ok,
RUN_20260510_VPLC_L3_HIGH_75_100_S01_R03,VPLC_L3_HIGH_75_100,SER_20260510_VPLC_L3_HIGH_75_100_S01,vPLC_container,VPLC_HOST,948,948,949,,360818,,,vplc_internal,75,100,83,8,0,1,392650312,3,512,0,ok,
RUN_20260510_VPLC_L3_HIGH_75_100_S01_R03,VPLC_L3_HIGH_75_100,SER_20260510_VPLC_L3_HIGH_75_100_S01,vPLC_container,VPLC_HOST,949,949,950,,360885,,,vplc_internal,75,100,67,-8,0,1,476636387,3,512,0,ok,
RUN_20260510_VPLC_L3_HIGH_75_100_S01_R03,VPLC_L3_HIGH_75_100,SER_20260510_VPLC_L3_HIGH_75_100_S01,vPLC_container,VPLC_HOST,950,950,951,,360960,,,vplc_internal,75,100,75,0,0,1,966423424,3,512,0,ok,
RUN_20260510_VPLC_L3_HIGH_75_100_S01_R03,VPLC_L3_HIGH_75_100,SER_20260510_VPLC_L3_HIGH_75_100_S01,vPLC_container,VPLC_HOST,951,951,952,,361035,,,vplc_internal,75,100,75,0,0,1,1864112671,3,512,0,ok,
RUN_20260510_VPLC_L3_HIGH_75_100_S01_R03,VPLC_L3_HIGH_75_100,SER_20260510_VPLC_L3_HIGH_75_100_S01,vPLC_container,VPLC_HOST,952,952,953,,361110,,,vplc_internal,75,100,75,0,0,1,1024313537,3,512,0,ok,
RUN_20260510_VPLC_L3_HIGH_75_100_S01_R03,VPLC_L3_HIGH_75_100,SER_20260510_VPLC_L3_HIGH_75_100_S01,vPLC_container,VPLC_HOST,953,953,954,,361185,,,vplc_internal,75,100,75,0,0,1,596610917,3,512,0,ok,
RUN_20260510_VPLC_L3_HIGH_75_100_S01_R03,VPLC_L3_HIGH_75_100,SER_20260510_VPLC_L3_HIGH_75_100_S01,vPLC_container,VPLC_HOST,954,954,955,,361260,,,vplc_internal,75,100,75,0,0,1,583097867,3,512,0,ok,
RUN_20260510_VPLC_L3_HIGH_75_100_S01_R03,VPLC_L3_HIGH_75_100,SER_20260510_VPLC_L3_HIGH_75_100_S01,vPLC_container,VPLC_HOST,955,955,956,,361335,,,vplc_internal,75,100,75,0,0,1,985875635,3,512,0,ok,
RUN_20260510_VPLC_L3_HIGH_75_100_S01_R03,VPLC_L3_HIGH_75_100,SER_20260510_VPLC_L3_HIGH_75_100_S01,vPLC_container,VPLC_HOST,956,956,957,,361410,,,vplc_internal,75,100,75,0,0,1,1807037277,3,512,0,ok,
RUN_20260510_VPLC_L3_HIGH_75_100_S01_R03,VPLC_L3_HIGH_75_100,SER_20260510_VPLC_L3_HIGH_75_100_S01,vPLC_container,VPLC_HOST,957,957,958,,361485,,,vplc_internal,75,100,75,0,0,1,901200394,3,512,0,ok,
RUN_20260510_VPLC_L3_HIGH_75_100_S01_R03,VPLC_L3_HIGH_75_100,SER_20260510_VPLC_L3_HIGH_75_100_S01,vPLC_container,VPLC_HOST,958,958,959,,361560,,,vplc_internal,75,100,75,0,0,1,417941689,3,512,0,ok,
RUN_20260510_VPLC_L3_HIGH_75_100_S01_R03,VPLC_L3_HIGH_75_100,SER_20260510_VPLC_L3_HIGH_75_100_S01,vPLC_container,VPLC_HOST,959,959,960,,361635,,,vplc_internal,75,100,75,0,0,1,359362410,3,512,0,ok,
RUN_20260510_VPLC_L3_HIGH_75_100_S01_R03,VPLC_L3_HIGH_75_100,SER_20260510_VPLC_L3_HIGH_75_100_S01,vPLC_container,VPLC_HOST,960,960,961,,361710,,,vplc_internal,75,100,75,0,0,1,727555613,3,512,0,ok,
RUN_20260510_VPLC_L3_HIGH_75_100_S01_R03,VPLC_L3_HIGH_75_100,SER_20260510_VPLC_L3_HIGH_75_100_S01,vPLC_container,VPLC_HOST,961,961,962,,361785,,,vplc_internal,75,100,75,0,0,1,1524622546,3,512,0,ok,
RUN_20260510_VPLC_L3_HIGH_75_100_S01_R03,VPLC_L3_HIGH_75_100,SER_20260510_VPLC_L3_HIGH_75_100_S01,vPLC_container,VPLC_HOST,962,962,963,,361860,,,vplc_internal,75,100,75,0,0,1,605172618,3,512,0,ok,
RUN_20260510_VPLC_L3_HIGH_75_100_S01_R03,VPLC_L3_HIGH_75_100,SER_20260510_VPLC_L3_HIGH_75_100_S01,vPLC_container,VPLC_HOST,963,963,964,,361935,,,vplc_internal,75,100,75,0,0,1,118790724,3,512,0,ok,
RUN_20260510_VPLC_L3_HIGH_75_100_S01_R03,VPLC_L3_HIGH_75_100,SER_20260510_VPLC_L3_HIGH_75_100_S01,vPLC_container,VPLC_HOST,964,964,965,,362010,,,vplc_internal,75,100,75,0,0,1,67569920,3,512,0,ok,
RUN_20260510_VPLC_L3_HIGH_75_100_S01_R03,VPLC_L3_HIGH_75_100,SER_20260510_VPLC_L3_HIGH_75_100_S01,vPLC_container,VPLC_HOST,965,965,966,,362085,,,vplc_internal,75,100,75,0,0,1,453611454,3,512,0,ok,
RUN_20260510_VPLC_L3_HIGH_75_100_S01_R03,VPLC_L3_HIGH_75_100,SER_20260510_VPLC_L3_HIGH_75_100_S01,vPLC_container,VPLC_HOST,966,966,967,,362160,,,vplc_internal,75,100,75,0,0,1,1279008382,3,512,0,ok,
RUN_20260510_VPLC_L3_HIGH_75_100_S01_R03,VPLC_L3_HIGH_75_100,SER_20260510_VPLC_L3_HIGH_75_100_S01,vPLC_container,VPLC_HOST,967,967,968,,362235,,,vplc_internal,75,100,75,0,0,1,398378305,3,512,0,ok,
RUN_20260510_VPLC_L3_HIGH_75_100_S01_R03,VPLC_L3_HIGH_75_100,SER_20260510_VPLC_L3_HIGH_75_100_S01,vPLC_container,VPLC_HOST,968,968,969,,362310,,,vplc_internal,75,100,75,0,0,1,2108781573,3,512,0,ok,
RUN_20260510_VPLC_L3_HIGH_75_100_S01_R03,VPLC_L3_HIGH_75_100,SER_20260510_VPLC_L3_HIGH_75_100_S01,vPLC_container,VPLC_HOST,969,969,970,,362385,,,vplc_internal,75,100,75,0,0,1,2117352140,3,512,0,ok,
RUN_20260510_VPLC_L3_HIGH_75_100_S01_R03,VPLC_L3_HIGH_75_100,SER_20260510_VPLC_L3_HIGH_75_100_S01,vPLC_container,VPLC_HOST,970,970,971,,362460,,,vplc_internal,75,100,75,0,0,1,426183062,3,512,0,ok,
RUN_20260510_VPLC_L3_HIGH_75_100_S01_R03,VPLC_L3_HIGH_75_100,SER_20260510_VPLC_L3_HIGH_75_100_S01,vPLC_container,VPLC_HOST,971,971,972,,362535,,,vplc_internal,75,100,75,0,0,1,1332342881,3,512,0,ok,
RUN_20260510_VPLC_L3_HIGH_75_100_S01_R03,VPLC_L3_HIGH_75_100,SER_20260510_VPLC_L3_HIGH_75_100_S01,vPLC_container,VPLC_HOST,972,972,973,,362610,,,vplc_internal,75,100,75,0,0,1,542957359,3,512,0,ok,
RUN_20260510_VPLC_L3_HIGH_75_100_S01_R03,VPLC_L3_HIGH_75_100,SER_20260510_VPLC_L3_HIGH_75_100_S01,vPLC_container,VPLC_HOST,973,973,974,,362685,,,vplc_internal,75,100,75,0,0,1,207611391,3,512,0,ok,
RUN_20260510_VPLC_L3_HIGH_75_100_S01_R03,VPLC_L3_HIGH_75_100,SER_20260510_VPLC_L3_HIGH_75_100_S01,vPLC_container,VPLC_HOST,974,974,975,,362760,,,vplc_internal,75,100,75,0,0,1,328398033,3,512,0,ok,
RUN_20260510_VPLC_L3_HIGH_75_100_S01_R03,VPLC_L3_HIGH_75_100,SER_20260510_VPLC_L3_HIGH_75_100_S01,vPLC_container,VPLC_HOST,975,975,976,,362835,,,vplc_internal,75,100,75,0,0,1,907418533,3,512,0,ok,
RUN_20260510_VPLC_L3_HIGH_75_100_S01_R03,VPLC_L3_HIGH_75_100,SER_20260510_VPLC_L3_HIGH_75_100_S01,vPLC_container,VPLC_HOST,976,976,977,,362910,,,vplc_internal,75,100,75,0,0,1,1946765947,3,512,0,ok,
RUN_20260510_VPLC_L3_HIGH_75_100_S01_R03,VPLC_L3_HIGH_75_100,SER_20260510_VPLC_L3_HIGH_75_100_S01,vPLC_container,VPLC_HOST,977,977,978,,362985,,,vplc_internal,75,100,75,0,0,1,1301057876,3,512,0,ok,
RUN_20260510_VPLC_L3_HIGH_75_100_S01_R03,VPLC_L3_HIGH_75_100,SER_20260510_VPLC_L3_HIGH_75_100_S01,vPLC_container,VPLC_HOST,978,978,979,,363060,,,vplc_internal,75,100,75,0,0,1,1119871023,3,512,0,ok,
RUN_20260510_VPLC_L3_HIGH_75_100_S01_R03,VPLC_L3_HIGH_75_100,SER_20260510_VPLC_L3_HIGH_75_100_S01,vPLC_container,VPLC_HOST,979,979,980,,363135,,,vplc_internal,75,100,75,0,0,1,1405306636,3,512,0,ok,
RUN_20260510_VPLC_L3_HIGH_75_100_S01_R03,VPLC_L3_HIGH_75_100,SER_20260510_VPLC_L3_HIGH_75_100_S01,vPLC_container,VPLC_HOST,980,980,981,,363210,,,vplc_internal,75,100,75,0,0,1,11974124,3,512,0,ok,
RUN_20260510_VPLC_L3_HIGH_75_100_S01_R03,VPLC_L3_HIGH_75_100,SER_20260510_VPLC_L3_HIGH_75_100_S01,vPLC_container,VPLC_HOST,981,981,982,,363285,,,vplc_internal,75,100,75,0,0,1,1236942029,3,512,0,ok,
RUN_20260510_VPLC_L3_HIGH_75_100_S01_R03,VPLC_L3_HIGH_75_100,SER_20260510_VPLC_L3_HIGH_75_100_S01,vPLC_container,VPLC_HOST,982,982,983,,363360,,,vplc_internal,75,100,75,0,0,1,787336113,3,512,0,ok,
RUN_20260510_VPLC_L3_HIGH_75_100_S01_R03,VPLC_L3_HIGH_75_100,SER_20260510_VPLC_L3_HIGH_75_100_S01,vPLC_container,VPLC_HOST,983,983,984,,363435,,,vplc_internal,75,100,75,0,0,1,812741271,3,512,0,ok,
RUN_20260510_VPLC_L3_HIGH_75_100_S01_R03,VPLC_L3_HIGH_75_100,SER_20260510_VPLC_L3_HIGH_75_100_S01,vPLC_container,VPLC_HOST,984,984,985,,363510,,,vplc_internal,75,100,75,0,0,1,1315250559,3,512,0,ok,
RUN_20260510_VPLC_L3_HIGH_75_100_S01_R03,VPLC_L3_HIGH_75_100,SER_20260510_VPLC_L3_HIGH_75_100_S01,vPLC_container,VPLC_HOST,985,985,986,,363585,,,vplc_internal,75,100,75,0,0,1,149481578,3,512,0,ok,
RUN_20260510_VPLC_L3_HIGH_75_100_S01_R03,VPLC_L3_HIGH_75_100,SER_20260510_VPLC_L3_HIGH_75_100_S01,vPLC_container,VPLC_HOST,986,986,987,,363660,,,vplc_internal,75,100,75,0,0,1,1612494678,3,512,0,ok,
RUN_20260510_VPLC_L3_HIGH_75_100_S01_R03,VPLC_L3_HIGH_75_100,SER_20260510_VPLC_L3_HIGH_75_100_S01,vPLC_container,VPLC_HOST,987,987,988,,363735,,,vplc_internal,75,100,75,0,0,1,1411423813,3,512,0,ok,
RUN_20260510_VPLC_L3_HIGH_75_100_S01_R03,VPLC_L3_HIGH_75_100,SER_20260510_VPLC_L3_HIGH_75_100_S01,vPLC_container,VPLC_HOST,988,988,989,,363817,,,vplc_internal,75,100,82,7,0,1,1695845686,3,512,0,ok,
RUN_20260510_VPLC_L3_HIGH_75_100_S01_R03,VPLC_L3_HIGH_75_100,SER_20260510_VPLC_L3_HIGH_75_100_S01,vPLC_container,VPLC_HOST,989,989,990,,363885,,,vplc_internal,75,100,68,-7,0,1,320377898,3,512,0,ok,
RUN_20260510_VPLC_L3_HIGH_75_100_S01_R03,VPLC_L3_HIGH_75_100,SER_20260510_VPLC_L3_HIGH_75_100_S01,vPLC_container,VPLC_HOST,990,990,991,,363960,,,vplc_internal,75,100,75,0,0,1,1582080799,3,512,0,ok,
RUN_20260510_VPLC_L3_HIGH_75_100_S01_R03,VPLC_L3_HIGH_75_100,SER_20260510_VPLC_L3_HIGH_75_100_S01,vPLC_container,VPLC_HOST,991,991,992,,364035,,,vplc_internal,75,100,75,0,0,1,1188088343,3,512,0,ok,
RUN_20260510_VPLC_L3_HIGH_75_100_S01_R03,VPLC_L3_HIGH_75_100,SER_20260510_VPLC_L3_HIGH_75_100_S01,vPLC_container,VPLC_HOST,992,992,993,,364110,,,vplc_internal,75,100,75,0,0,1,1287977233,3,512,0,ok,
RUN_20260510_VPLC_L3_HIGH_75_100_S01_R03,VPLC_L3_HIGH_75_100,SER_20260510_VPLC_L3_HIGH_75_100_S01,vPLC_container,VPLC_HOST,993,993,994,,364185,,,vplc_internal,75,100,75,0,0,1,1883848717,3,512,0,ok,
RUN_20260510_VPLC_L3_HIGH_75_100_S01_R03,VPLC_L3_HIGH_75_100,SER_20260510_VPLC_L3_HIGH_75_100_S01,vPLC_container,VPLC_HOST,994,994,995,,364260,,,vplc_internal,75,100,75,0,0,1,830312204,3,512,0,ok,
RUN_20260510_VPLC_L3_HIGH_75_100_S01_R03,VPLC_L3_HIGH_75_100,SER_20260510_VPLC_L3_HIGH_75_100_S01,vPLC_container,VPLC_HOST,995,995,996,,364335,,,vplc_internal,75,100,75,0,0,1,276952589,3,512,0,ok,
RUN_20260510_VPLC_L3_HIGH_75_100_S01_R03,VPLC_L3_HIGH_75_100,SER_20260510_VPLC_L3_HIGH_75_100_S01,vPLC_container,VPLC_HOST,996,996,997,,364410,,,vplc_internal,75,100,75,0,0,1,225862928,3,512,0,ok,
RUN_20260510_VPLC_L3_HIGH_75_100_S01_R03,VPLC_L3_HIGH_75_100,SER_20260510_VPLC_L3_HIGH_75_100_S01,vPLC_container,VPLC_HOST,997,997,998,,364485,,,vplc_internal,75,100,75,0,0,1,679144469,3,512,0,ok,
RUN_20260510_VPLC_L3_HIGH_75_100_S01_R03,VPLC_L3_HIGH_75_100,SER_20260510_VPLC_L3_HIGH_75_100_S01,vPLC_container,VPLC_HOST,998,998,999,,364560,,,vplc_internal,75,100,75,0,0,1,1638890268,3,512,0,ok,
RUN_20260510_VPLC_L3_HIGH_75_100_S01_R03,VPLC_L3_HIGH_75_100,SER_20260510_VPLC_L3_HIGH_75_100_S01,vPLC_container,VPLC_HOST,999,999,1000,,364635,,,vplc_internal,75,100,75,0,0,0,959717926,3,512,0,ok,
RUN_20260510_VPLC_L3_HIGH_75_100_S01_R03,VPLC_L3_HIGH_75_100,SER_20260510_VPLC_L3_HIGH_75_100_S01,vPLC_container,VPLC_HOST,1000,1000,1001,,364710,,,vplc_internal,75,100,75,0,0,0,791204146,3,512,0,ok,
RUN_20260510_VPLC_L3_HIGH_75_100_S01_R03,VPLC_L3_HIGH_75_100,SER_20260510_VPLC_L3_HIGH_75_100_S01,vPLC_container,VPLC_HOST,1001,1001,1002,,364785,,,vplc_internal,75,100,75,0,0,0,1135450176,3,512,0,ok,
RUN_20260510_VPLC_L3_HIGH_75_100_S01_R03,VPLC_L3_HIGH_75_100,SER_20260510_VPLC_L3_HIGH_75_100_S01,vPLC_container,VPLC_HOST,1002,1002,1003,,364860,,,vplc_internal,75,100,75,0,0,0,1994549072,3,512,0,ok,
RUN_20260510_VPLC_L3_HIGH_75_100_S01_R03,VPLC_L3_HIGH_75_100,SER_20260510_VPLC_L3_HIGH_75_100_S01,vPLC_container,VPLC_HOST,1003,1003,1004,,364935,,,vplc_internal,75,100,75,0,0,0,1223118435,3,512,0,ok,
RUN_20260510_VPLC_L3_HIGH_75_100_S01_R03,VPLC_L3_HIGH_75_100,SER_20260510_VPLC_L3_HIGH_75_100_S01,vPLC_container,VPLC_HOST,1004,1004,1005,,365010,,,vplc_internal,75,100,75,0,0,0,970734968,3,512,0,ok,
RUN_20260510_VPLC_L3_HIGH_75_100_S01_R03,VPLC_L3_HIGH_75_100,SER_20260510_VPLC_L3_HIGH_75_100_S01,vPLC_container,VPLC_HOST,1005,1005,1006,,365085,,,vplc_internal,75,100,75,0,0,0,1239499919,3,512,0,ok,
RUN_20260510_VPLC_L3_HIGH_75_100_S01_R03,VPLC_L3_HIGH_75_100,SER_20260510_VPLC_L3_HIGH_75_100_S01,vPLC_container,VPLC_HOST,1006,1006,1007,,365160,,,vplc_internal,75,100,75,0,0,0,2031506344,3,512,0,ok,
RUN_20260510_VPLC_L3_HIGH_75_100_S01_R03,VPLC_L3_HIGH_75_100,SER_20260510_VPLC_L3_HIGH_75_100_S01,vPLC_container,VPLC_HOST,1007,1007,1008,,365235,,,vplc_internal,75,100,75,0,0,0,1201371844,3,512,0,ok,
RUN_20260510_VPLC_L3_HIGH_75_100_S01_R03,VPLC_L3_HIGH_75_100,SER_20260510_VPLC_L3_HIGH_75_100_S01,vPLC_container,VPLC_HOST,1008,1008,1009,,365310,,,vplc_internal,75,100,75,0,0,0,898673122,3,512,0,ok,
RUN_20260510_VPLC_L3_HIGH_75_100_S01_R03,VPLC_L3_HIGH_75_100,SER_20260510_VPLC_L3_HIGH_75_100_S01,vPLC_container,VPLC_HOST,1009,1009,1010,,365385,,,vplc_internal,75,100,75,0,0,0,1125511426,3,512,0,ok,
RUN_20260510_VPLC_L3_HIGH_75_100_S01_R03,VPLC_L3_HIGH_75_100,SER_20260510_VPLC_L3_HIGH_75_100_S01,vPLC_container,VPLC_HOST,1010,1010,1011,,365460,,,vplc_internal,75,100,75,0,0,0,1883979812,3,512,0,ok,
RUN_20260510_VPLC_L3_HIGH_75_100_S01_R03,VPLC_L3_HIGH_75_100,SER_20260510_VPLC_L3_HIGH_75_100_S01,vPLC_container,VPLC_HOST,1011,1011,1012,,365535,,,vplc_internal,75,100,75,0,0,0,1028695881,3,512,0,ok,
RUN_20260510_VPLC_L3_HIGH_75_100_S01_R03,VPLC_L3_HIGH_75_100,SER_20260510_VPLC_L3_HIGH_75_100_S01,vPLC_container,VPLC_HOST,1012,1012,1013,,365610,,,vplc_internal,75,100,75,0,0,0,709236336,3,512,0,ok,
RUN_20260510_VPLC_L3_HIGH_75_100_S01_R03,VPLC_L3_HIGH_75_100,SER_20260510_VPLC_L3_HIGH_75_100_S01,vPLC_container,VPLC_HOST,1013,1013,1014,,365685,,,vplc_internal,75,100,75,0,0,0,927702425,3,512,0,ok,
RUN_20260510_VPLC_L3_HIGH_75_100_S01_R03,VPLC_L3_HIGH_75_100,SER_20260510_VPLC_L3_HIGH_75_100_S01,vPLC_container,VPLC_HOST,1014,1014,1015,,365760,,,vplc_internal,75,100,75,0,0,0,1686187204,3,512,0,ok,
RUN_20260510_VPLC_L3_HIGH_75_100_S01_R03,VPLC_L3_HIGH_75_100,SER_20260510_VPLC_L3_HIGH_75_100_S01,vPLC_container,VPLC_HOST,1015,1015,1016,,365835,,,vplc_internal,75,100,75,0,0,0,839308274,3,512,0,ok,
RUN_20260510_VPLC_L3_HIGH_75_100_S01_R03,VPLC_L3_HIGH_75_100,SER_20260510_VPLC_L3_HIGH_75_100_S01,vPLC_container,VPLC_HOST,1016,1016,1017,,365910,,,vplc_internal,75,100,75,0,0,0,536642338,3,512,0,ok,
RUN_20260510_VPLC_L3_HIGH_75_100_S01_R03,VPLC_L3_HIGH_75_100,SER_20260510_VPLC_L3_HIGH_75_100_S01,vPLC_container,VPLC_HOST,1017,1017,1018,,365985,,,vplc_internal,75,100,75,0,0,0,780290644,3,512,0,ok,
RUN_20260510_VPLC_L3_HIGH_75_100_S01_R03,VPLC_L3_HIGH_75_100,SER_20260510_VPLC_L3_HIGH_75_100_S01,vPLC_container,VPLC_HOST,1018,1018,1019,,366060,,,vplc_internal,75,100,75,0,0,0,1572346248,3,512,0,ok,
RUN_20260510_VPLC_L3_HIGH_75_100_S01_R03,VPLC_L3_HIGH_75_100,SER_20260510_VPLC_L3_HIGH_75_100_S01,vPLC_container,VPLC_HOST,1019,1019,1020,,366135,,,vplc_internal,75,100,75,0,0,0,767426751,3,512,0,ok,
RUN_20260510_VPLC_L3_HIGH_75_100_S01_R03,VPLC_L3_HIGH_75_100,SER_20260510_VPLC_L3_HIGH_75_100_S01,vPLC_container,VPLC_HOST,1020,1020,1021,,366210,,,vplc_internal,75,100,75,0,0,0,515108856,3,512,0,ok,
RUN_20260510_VPLC_L3_HIGH_75_100_S01_R03,VPLC_L3_HIGH_75_100,SER_20260510_VPLC_L3_HIGH_75_100_S01,vPLC_container,VPLC_HOST,1021,1021,1022,,366285,,,vplc_internal,75,100,75,0,0,0,817493811,3,512,0,ok,
RUN_20260510_VPLC_L3_HIGH_75_100_S01_R03,VPLC_L3_HIGH_75_100,SER_20260510_VPLC_L3_HIGH_75_100_S01,vPLC_container,VPLC_HOST,1022,1022,1023,,366360,,,vplc_internal,75,100,75,0,0,0,1676674672,3,512,0,ok,
RUN_20260510_VPLC_L3_HIGH_75_100_S01_R03,VPLC_L3_HIGH_75_100,SER_20260510_VPLC_L3_HIGH_75_100_S01,vPLC_container,VPLC_HOST,1023,1023,1024,,366435,,,vplc_internal,75,100,75,0,0,0,947269040,3,512,0,ok,
RUN_20260510_VPLC_L3_HIGH_75_100_S01_R03,VPLC_L3_HIGH_75_100,SER_20260510_VPLC_L3_HIGH_75_100_S01,vPLC_container,VPLC_HOST,1024,1024,1025,,366510,,,vplc_internal,75,100,75,0,0,0,778853618,3,512,0,ok,
RUN_20260510_VPLC_L3_HIGH_75_100_S01_R03,VPLC_L3_HIGH_75_100,SER_20260510_VPLC_L3_HIGH_75_100_S01,vPLC_container,VPLC_HOST,1025,1025,1026,,366585,,,vplc_internal,75,100,75,0,0,0,1173529654,3,512,0,ok,
RUN_20260510_VPLC_L3_HIGH_75_100_S01_R03,VPLC_L3_HIGH_75_100,SER_20260510_VPLC_L3_HIGH_75_100_S01,vPLC_container,VPLC_HOST,1026,1026,1027,,366660,,,vplc_internal,75,100,75,0,0,0,2133390204,3,512,0,ok,
RUN_20260510_VPLC_L3_HIGH_75_100_S01_R03,VPLC_L3_HIGH_75_100,SER_20260510_VPLC_L3_HIGH_75_100_S01,vPLC_container,VPLC_HOST,1027,1027,1028,,366735,,,vplc_internal,75,100,75,0,0,0,1513052869,3,512,0,ok,
RUN_20260510_VPLC_L3_HIGH_75_100_S01_R03,VPLC_L3_HIGH_75_100,SER_20260510_VPLC_L3_HIGH_75_100_S01,vPLC_container,VPLC_HOST,1028,1028,1029,,366817,,,vplc_internal,75,100,82,7,0,0,1462094352,3,512,0,ok,
RUN_20260510_VPLC_L3_HIGH_75_100_S01_R03,VPLC_L3_HIGH_75_100,SER_20260510_VPLC_L3_HIGH_75_100_S01,vPLC_container,VPLC_HOST,1029,1029,1030,,366885,,,vplc_internal,75,100,68,-7,0,0,1982615901,3,512,0,ok,
RUN_20260510_VPLC_L3_HIGH_75_100_S01_R03,VPLC_L3_HIGH_75_100,SER_20260510_VPLC_L3_HIGH_75_100_S01,vPLC_container,VPLC_HOST,1030,1030,1031,,366960,,,vplc_internal,75,100,75,0,0,0,929226925,3,512,0,ok,
RUN_20260510_VPLC_L3_HIGH_75_100_S01_R03,VPLC_L3_HIGH_75_100,SER_20260510_VPLC_L3_HIGH_75_100_S01,vPLC_container,VPLC_HOST,1031,1031,1032,,367035,,,vplc_internal,75,100,75,0,0,0,451512319,3,512,0,ok,
RUN_20260510_VPLC_L3_HIGH_75_100_S01_R03,VPLC_L3_HIGH_75_100,SER_20260510_VPLC_L3_HIGH_75_100_S01,vPLC_container,VPLC_HOST,1032,1032,1033,,367110,,,vplc_internal,75,100,75,0,0,0,551565139,3,512,0,ok,
RUN_20260510_VPLC_L3_HIGH_75_100_S01_R03,VPLC_L3_HIGH_75_100,SER_20260510_VPLC_L3_HIGH_75_100_S01,vPLC_container,VPLC_HOST,1033,1033,1034,,367185,,,vplc_internal,75,100,75,0,0,0,1231486633,3,512,0,ok,
RUN_20260510_VPLC_L3_HIGH_75_100_S01_R03,VPLC_L3_HIGH_75_100,SER_20260510_VPLC_L3_HIGH_75_100_S01,vPLC_container,VPLC_HOST,1034,1034,1035,,367260,,,vplc_internal,75,100,75,0,0,0,345886210,3,512,0,ok,
RUN_20260510_VPLC_L3_HIGH_75_100_S01_R03,VPLC_L3_HIGH_75_100,SER_20260510_VPLC_L3_HIGH_75_100_S01,vPLC_container,VPLC_HOST,1035,1035,1036,,367335,,,vplc_internal,75,100,75,0,0,0,44348765,3,512,0,ok,
RUN_20260510_VPLC_L3_HIGH_75_100_S01_R03,VPLC_L3_HIGH_75_100,SER_20260510_VPLC_L3_HIGH_75_100_S01,vPLC_container,VPLC_HOST,1036,1036,1037,,367410,,,vplc_internal,75,100,75,0,0,0,328967354,3,512,0,ok,
RUN_20260510_VPLC_L3_HIGH_75_100_S01_R03,VPLC_L3_HIGH_75_100,SER_20260510_VPLC_L3_HIGH_75_100_S01,vPLC_container,VPLC_HOST,1037,1037,1038,,367485,,,vplc_internal,75,100,75,0,0,0,1201843225,3,512,0,ok,
RUN_20260510_VPLC_L3_HIGH_75_100_S01_R03,VPLC_L3_HIGH_75_100,SER_20260510_VPLC_L3_HIGH_75_100_S01,vPLC_container,VPLC_HOST,1038,1038,1039,,367560,,,vplc_internal,75,100,75,0,0,0,517585787,3,512,0,ok,
