run_id,mode_id,series_id,object,node_id,sample_index,cycle_index,cycle_counter,ts_observe,ts_start,ts_end,timestamp_tick_ns,timestamp_source,t0_ms,deadline_threshold_ms,Tper,Jper,deadline_miss,heartbeat,workload_accumulator,load_level,load_passes,error_flag,quality_flag,notes
RUN_20260510_VPLC_L0_IDLE_10_20_S01_R03,VPLC_L0_IDLE_10_20,SER_20260510_VPLC_L0_IDLE_10_20_S01,vPLC_container,VPLC_HOST,353,353,354,,299088,,,vplc_internal,10,20,10,0,0,1,62835,0,0,0,ok,
RUN_20260510_VPLC_L0_IDLE_10_20_S01_R03,VPLC_L0_IDLE_10_20,SER_20260510_VPLC_L0_IDLE_10_20_S01,vPLC_container,VPLC_HOST,354,354,355,,299098,,,vplc_internal,10,20,10,0,0,1,63190,0,0,0,ok,
RUN_20260510_VPLC_L0_IDLE_10_20_S01_R03,VPLC_L0_IDLE_10_20,SER_20260510_VPLC_L0_IDLE_10_20_S01,vPLC_container,VPLC_HOST,355,355,356,,299108,,,vplc_internal,10,20,10,0,0,1,63546,0,0,0,ok,
RUN_20260510_VPLC_L0_IDLE_10_20_S01_R03,VPLC_L0_IDLE_10_20,SER_20260510_VPLC_L0_IDLE_10_20_S01,vPLC_container,VPLC_HOST,356,356,357,,299118,,,vplc_internal,10,20,10,0,0,1,63903,0,0,0,ok,
RUN_20260510_VPLC_L0_IDLE_10_20_S01_R03,VPLC_L0_IDLE_10_20,SER_20260510_VPLC_L0_IDLE_10_20_S01,vPLC_container,VPLC_HOST,357,357,358,,299128,,,vplc_internal,10,20,10,0,0,1,64261,0,0,0,ok,
RUN_20260510_VPLC_L0_IDLE_10_20_S01_R03,VPLC_L0_IDLE_10_20,SER_20260510_VPLC_L0_IDLE_10_20_S01,vPLC_container,VPLC_HOST,358,358,359,,299138,,,vplc_internal,10,20,10,0,0,1,64620,0,0,0,ok,
RUN_20260510_VPLC_L0_IDLE_10_20_S01_R03,VPLC_L0_IDLE_10_20,SER_20260510_VPLC_L0_IDLE_10_20_S01,vPLC_container,VPLC_HOST,359,359,360,,299148,,,vplc_internal,10,20,10,0,0,1,64980,0,0,0,ok,
RUN_20260510_VPLC_L0_IDLE_10_20_S01_R03,VPLC_L0_IDLE_10_20,SER_20260510_VPLC_L0_IDLE_10_20_S01,vPLC_container,VPLC_HOST,360,360,361,,299158,,,vplc_internal,10,20,10,0,0,1,65341,0,0,0,ok,
RUN_20260510_VPLC_L0_IDLE_10_20_S01_R03,VPLC_L0_IDLE_10_20,SER_20260510_VPLC_L0_IDLE_10_20_S01,vPLC_container,VPLC_HOST,361,361,362,,299168,,,vplc_internal,10,20,10,0,0,1,65703,0,0,0,ok,
RUN_20260510_VPLC_L0_IDLE_10_20_S01_R03,VPLC_L0_IDLE_10_20,SER_20260510_VPLC_L0_IDLE_10_20_S01,vPLC_container,VPLC_HOST,362,362,363,,299178,,,vplc_internal,10,20,10,0,0,1,66066,0,0,0,ok,
RUN_20260510_VPLC_L0_IDLE_10_20_S01_R03,VPLC_L0_IDLE_10_20,SER_20260510_VPLC_L0_IDLE_10_20_S01,vPLC_container,VPLC_HOST,363,363,364,,299188,,,vplc_internal,10,20,10,0,0,1,66430,0,0,0,ok,
RUN_20260510_VPLC_L0_IDLE_10_20_S01_R03,VPLC_L0_IDLE_10_20,SER_20260510_VPLC_L0_IDLE_10_20_S01,vPLC_container,VPLC_HOST,364,364,365,,299198,,,vplc_internal,10,20,10,0,0,1,66795,0,0,0,ok,
RUN_20260510_VPLC_L0_IDLE_10_20_S01_R03,VPLC_L0_IDLE_10_20,SER_20260510_VPLC_L0_IDLE_10_20_S01,vPLC_container,VPLC_HOST,365,365,366,,299208,,,vplc_internal,10,20,10,0,0,1,67161,0,0,0,ok,
RUN_20260510_VPLC_L0_IDLE_10_20_S01_R03,VPLC_L0_IDLE_10_20,SER_20260510_VPLC_L0_IDLE_10_20_S01,vPLC_container,VPLC_HOST,366,366,367,,299218,,,vplc_internal,10,20,10,0,0,1,67528,0,0,0,ok,
RUN_20260510_VPLC_L0_IDLE_10_20_S01_R03,VPLC_L0_IDLE_10_20,SER_20260510_VPLC_L0_IDLE_10_20_S01,vPLC_container,VPLC_HOST,367,367,368,,299228,,,vplc_internal,10,20,10,0,0,1,67896,0,0,0,ok,
RUN_20260510_VPLC_L0_IDLE_10_20_S01_R03,VPLC_L0_IDLE_10_20,SER_20260510_VPLC_L0_IDLE_10_20_S01,vPLC_container,VPLC_HOST,368,368,369,,299238,,,vplc_internal,10,20,10,0,0,1,68265,0,0,0,ok,
RUN_20260510_VPLC_L0_IDLE_10_20_S01_R03,VPLC_L0_IDLE_10_20,SER_20260510_VPLC_L0_IDLE_10_20_S01,vPLC_container,VPLC_HOST,369,369,370,,299248,,,vplc_internal,10,20,10,0,0,1,68635,0,0,0,ok,
RUN_20260510_VPLC_L0_IDLE_10_20_S01_R03,VPLC_L0_IDLE_10_20,SER_20260510_VPLC_L0_IDLE_10_20_S01,vPLC_container,VPLC_HOST,370,370,371,,299258,,,vplc_internal,10,20,10,0,0,1,69006,0,0,0,ok,
RUN_20260510_VPLC_L0_IDLE_10_20_S01_R03,VPLC_L0_IDLE_10_20,SER_20260510_VPLC_L0_IDLE_10_20_S01,vPLC_container,VPLC_HOST,371,371,372,,299268,,,vplc_internal,10,20,10,0,0,1,69378,0,0,0,ok,
RUN_20260510_VPLC_L0_IDLE_10_20_S01_R03,VPLC_L0_IDLE_10_20,SER_20260510_VPLC_L0_IDLE_10_20_S01,vPLC_container,VPLC_HOST,372,372,373,,299278,,,vplc_internal,10,20,10,0,0,1,69751,0,0,0,ok,
RUN_20260510_VPLC_L0_IDLE_10_20_S01_R03,VPLC_L0_IDLE_10_20,SER_20260510_VPLC_L0_IDLE_10_20_S01,vPLC_container,VPLC_HOST,373,373,374,,299288,,,vplc_internal,10,20,10,0,0,1,70125,0,0,0,ok,
RUN_20260510_VPLC_L0_IDLE_10_20_S01_R03,VPLC_L0_IDLE_10_20,SER_20260510_VPLC_L0_IDLE_10_20_S01,vPLC_container,VPLC_HOST,374,374,375,,299298,,,vplc_internal,10,20,10,0,0,1,70500,0,0,0,ok,
RUN_20260510_VPLC_L0_IDLE_10_20_S01_R03,VPLC_L0_IDLE_10_20,SER_20260510_VPLC_L0_IDLE_10_20_S01,vPLC_container,VPLC_HOST,375,375,376,,299308,,,vplc_internal,10,20,10,0,0,1,70876,0,0,0,ok,
RUN_20260510_VPLC_L0_IDLE_10_20_S01_R03,VPLC_L0_IDLE_10_20,SER_20260510_VPLC_L0_IDLE_10_20_S01,vPLC_container,VPLC_HOST,376,376,377,,299318,,,vplc_internal,10,20,10,0,0,1,71253,0,0,0,ok,
RUN_20260510_VPLC_L0_IDLE_10_20_S01_R03,VPLC_L0_IDLE_10_20,SER_20260510_VPLC_L0_IDLE_10_20_S01,vPLC_container,VPLC_HOST,377,377,378,,299328,,,vplc_internal,10,20,10,0,0,1,71631,0,0,0,ok,
RUN_20260510_VPLC_L0_IDLE_10_20_S01_R03,VPLC_L0_IDLE_10_20,SER_20260510_VPLC_L0_IDLE_10_20_S01,vPLC_container,VPLC_HOST,378,378,379,,299338,,,vplc_internal,10,20,10,0,0,1,72010,0,0,0,ok,
RUN_20260510_VPLC_L0_IDLE_10_20_S01_R03,VPLC_L0_IDLE_10_20,SER_20260510_VPLC_L0_IDLE_10_20_S01,vPLC_container,VPLC_HOST,379,379,380,,299348,,,vplc_internal,10,20,10,0,0,1,72390,0,0,0,ok,
RUN_20260510_VPLC_L0_IDLE_10_20_S01_R03,VPLC_L0_IDLE_10_20,SER_20260510_VPLC_L0_IDLE_10_20_S01,vPLC_container,VPLC_HOST,380,380,381,,299358,,,vplc_internal,10,20,10,0,0,1,72771,0,0,0,ok,
RUN_20260510_VPLC_L0_IDLE_10_20_S01_R03,VPLC_L0_IDLE_10_20,SER_20260510_VPLC_L0_IDLE_10_20_S01,vPLC_container,VPLC_HOST,381,381,382,,299368,,,vplc_internal,10,20,10,0,0,1,73153,0,0,0,ok,
RUN_20260510_VPLC_L0_IDLE_10_20_S01_R03,VPLC_L0_IDLE_10_20,SER_20260510_VPLC_L0_IDLE_10_20_S01,vPLC_container,VPLC_HOST,382,382,383,,299378,,,vplc_internal,10,20,10,0,0,1,73536,0,0,0,ok,
RUN_20260510_VPLC_L0_IDLE_10_20_S01_R03,VPLC_L0_IDLE_10_20,SER_20260510_VPLC_L0_IDLE_10_20_S01,vPLC_container,VPLC_HOST,383,383,384,,299388,,,vplc_internal,10,20,10,0,0,1,73920,0,0,0,ok,
RUN_20260510_VPLC_L0_IDLE_10_20_S01_R03,VPLC_L0_IDLE_10_20,SER_20260510_VPLC_L0_IDLE_10_20_S01,vPLC_container,VPLC_HOST,384,384,385,,299398,,,vplc_internal,10,20,10,0,0,1,74305,0,0,0,ok,
RUN_20260510_VPLC_L0_IDLE_10_20_S01_R03,VPLC_L0_IDLE_10_20,SER_20260510_VPLC_L0_IDLE_10_20_S01,vPLC_container,VPLC_HOST,385,385,386,,299408,,,vplc_internal,10,20,10,0,0,1,74691,0,0,0,ok,
RUN_20260510_VPLC_L0_IDLE_10_20_S01_R03,VPLC_L0_IDLE_10_20,SER_20260510_VPLC_L0_IDLE_10_20_S01,vPLC_container,VPLC_HOST,386,386,387,,299418,,,vplc_internal,10,20,10,0,0,1,75078,0,0,0,ok,
RUN_20260510_VPLC_L0_IDLE_10_20_S01_R03,VPLC_L0_IDLE_10_20,SER_20260510_VPLC_L0_IDLE_10_20_S01,vPLC_container,VPLC_HOST,387,387,388,,299428,,,vplc_internal,10,20,10,0,0,1,75466,0,0,0,ok,
RUN_20260510_VPLC_L0_IDLE_10_20_S01_R03,VPLC_L0_IDLE_10_20,SER_20260510_VPLC_L0_IDLE_10_20_S01,vPLC_container,VPLC_HOST,388,388,389,,299438,,,vplc_internal,10,20,10,0,0,1,75855,0,0,0,ok,
RUN_20260510_VPLC_L0_IDLE_10_20_S01_R03,VPLC_L0_IDLE_10_20,SER_20260510_VPLC_L0_IDLE_10_20_S01,vPLC_container,VPLC_HOST,389,389,390,,299448,,,vplc_internal,10,20,10,0,0,1,76245,0,0,0,ok,
RUN_20260510_VPLC_L0_IDLE_10_20_S01_R03,VPLC_L0_IDLE_10_20,SER_20260510_VPLC_L0_IDLE_10_20_S01,vPLC_container,VPLC_HOST,390,390,391,,299458,,,vplc_internal,10,20,10,0,0,1,76636,0,0,0,ok,
RUN_20260510_VPLC_L0_IDLE_10_20_S01_R03,VPLC_L0_IDLE_10_20,SER_20260510_VPLC_L0_IDLE_10_20_S01,vPLC_container,VPLC_HOST,391,391,392,,299468,,,vplc_internal,10,20,10,0,0,1,77028,0,0,0,ok,
RUN_20260510_VPLC_L0_IDLE_10_20_S01_R03,VPLC_L0_IDLE_10_20,SER_20260510_VPLC_L0_IDLE_10_20_S01,vPLC_container,VPLC_HOST,392,392,393,,299478,,,vplc_internal,10,20,10,0,0,1,77421,0,0,0,ok,
RUN_20260510_VPLC_L0_IDLE_10_20_S01_R03,VPLC_L0_IDLE_10_20,SER_20260510_VPLC_L0_IDLE_10_20_S01,vPLC_container,VPLC_HOST,393,393,394,,299488,,,vplc_internal,10,20,10,0,0,1,77815,0,0,0,ok,
RUN_20260510_VPLC_L0_IDLE_10_20_S01_R03,VPLC_L0_IDLE_10_20,SER_20260510_VPLC_L0_IDLE_10_20_S01,vPLC_container,VPLC_HOST,394,394,395,,299498,,,vplc_internal,10,20,10,0,0,1,78210,0,0,0,ok,
RUN_20260510_VPLC_L0_IDLE_10_20_S01_R03,VPLC_L0_IDLE_10_20,SER_20260510_VPLC_L0_IDLE_10_20_S01,vPLC_container,VPLC_HOST,395,395,396,,299508,,,vplc_internal,10,20,10,0,0,1,78606,0,0,0,ok,
RUN_20260510_VPLC_L0_IDLE_10_20_S01_R03,VPLC_L0_IDLE_10_20,SER_20260510_VPLC_L0_IDLE_10_20_S01,vPLC_container,VPLC_HOST,396,396,397,,299518,,,vplc_internal,10,20,10,0,0,1,79003,0,0,0,ok,
RUN_20260510_VPLC_L0_IDLE_10_20_S01_R03,VPLC_L0_IDLE_10_20,SER_20260510_VPLC_L0_IDLE_10_20_S01,vPLC_container,VPLC_HOST,397,397,398,,299528,,,vplc_internal,10,20,10,0,0,1,79401,0,0,0,ok,
RUN_20260510_VPLC_L0_IDLE_10_20_S01_R03,VPLC_L0_IDLE_10_20,SER_20260510_VPLC_L0_IDLE_10_20_S01,vPLC_container,VPLC_HOST,398,398,399,,299538,,,vplc_internal,10,20,10,0,0,1,79800,0,0,0,ok,
RUN_20260510_VPLC_L0_IDLE_10_20_S01_R03,VPLC_L0_IDLE_10_20,SER_20260510_VPLC_L0_IDLE_10_20_S01,vPLC_container,VPLC_HOST,399,399,400,,299548,,,vplc_internal,10,20,10,0,0,0,80200,0,0,0,ok,
RUN_20260510_VPLC_L0_IDLE_10_20_S01_R03,VPLC_L0_IDLE_10_20,SER_20260510_VPLC_L0_IDLE_10_20_S01,vPLC_container,VPLC_HOST,400,400,401,,299558,,,vplc_internal,10,20,10,0,0,0,80601,0,0,0,ok,
RUN_20260510_VPLC_L0_IDLE_10_20_S01_R03,VPLC_L0_IDLE_10_20,SER_20260510_VPLC_L0_IDLE_10_20_S01,vPLC_container,VPLC_HOST,401,401,402,,299570,,,vplc_internal,10,20,12,2,0,0,81003,0,0,0,ok,
RUN_20260510_VPLC_L0_IDLE_10_20_S01_R03,VPLC_L0_IDLE_10_20,SER_20260510_VPLC_L0_IDLE_10_20_S01,vPLC_container,VPLC_HOST,402,402,403,,299578,,,vplc_internal,10,20,8,-2,0,0,81406,0,0,0,ok,
RUN_20260510_VPLC_L0_IDLE_10_20_S01_R03,VPLC_L0_IDLE_10_20,SER_20260510_VPLC_L0_IDLE_10_20_S01,vPLC_container,VPLC_HOST,403,403,404,,299588,,,vplc_internal,10,20,10,0,0,0,81810,0,0,0,ok,
RUN_20260510_VPLC_L0_IDLE_10_20_S01_R03,VPLC_L0_IDLE_10_20,SER_20260510_VPLC_L0_IDLE_10_20_S01,vPLC_container,VPLC_HOST,404,404,405,,299598,,,vplc_internal,10,20,10,0,0,0,82215,0,0,0,ok,
RUN_20260510_VPLC_L0_IDLE_10_20_S01_R03,VPLC_L0_IDLE_10_20,SER_20260510_VPLC_L0_IDLE_10_20_S01,vPLC_container,VPLC_HOST,405,405,406,,299608,,,vplc_internal,10,20,10,0,0,0,82621,0,0,0,ok,
RUN_20260510_VPLC_L0_IDLE_10_20_S01_R03,VPLC_L0_IDLE_10_20,SER_20260510_VPLC_L0_IDLE_10_20_S01,vPLC_container,VPLC_HOST,406,406,407,,299618,,,vplc_internal,10,20,10,0,0,0,83028,0,0,0,ok,
RUN_20260510_VPLC_L0_IDLE_10_20_S01_R03,VPLC_L0_IDLE_10_20,SER_20260510_VPLC_L0_IDLE_10_20_S01,vPLC_container,VPLC_HOST,407,407,408,,299628,,,vplc_internal,10,20,10,0,0,0,83436,0,0,0,ok,
RUN_20260510_VPLC_L0_IDLE_10_20_S01_R03,VPLC_L0_IDLE_10_20,SER_20260510_VPLC_L0_IDLE_10_20_S01,vPLC_container,VPLC_HOST,408,408,409,,299638,,,vplc_internal,10,20,10,0,0,0,83845,0,0,0,ok,
RUN_20260510_VPLC_L0_IDLE_10_20_S01_R03,VPLC_L0_IDLE_10_20,SER_20260510_VPLC_L0_IDLE_10_20_S01,vPLC_container,VPLC_HOST,409,409,410,,299648,,,vplc_internal,10,20,10,0,0,0,84255,0,0,0,ok,
RUN_20260510_VPLC_L0_IDLE_10_20_S01_R03,VPLC_L0_IDLE_10_20,SER_20260510_VPLC_L0_IDLE_10_20_S01,vPLC_container,VPLC_HOST,410,410,411,,299658,,,vplc_internal,10,20,10,0,0,0,84666,0,0,0,ok,
RUN_20260510_VPLC_L0_IDLE_10_20_S01_R03,VPLC_L0_IDLE_10_20,SER_20260510_VPLC_L0_IDLE_10_20_S01,vPLC_container,VPLC_HOST,411,411,412,,299668,,,vplc_internal,10,20,10,0,0,0,85078,0,0,0,ok,
RUN_20260510_VPLC_L0_IDLE_10_20_S01_R03,VPLC_L0_IDLE_10_20,SER_20260510_VPLC_L0_IDLE_10_20_S01,vPLC_container,VPLC_HOST,412,412,413,,299678,,,vplc_internal,10,20,10,0,0,0,85491,0,0,0,ok,
RUN_20260510_VPLC_L0_IDLE_10_20_S01_R03,VPLC_L0_IDLE_10_20,SER_20260510_VPLC_L0_IDLE_10_20_S01,vPLC_container,VPLC_HOST,413,413,414,,299688,,,vplc_internal,10,20,10,0,0,0,85905,0,0,0,ok,
RUN_20260510_VPLC_L0_IDLE_10_20_S01_R03,VPLC_L0_IDLE_10_20,SER_20260510_VPLC_L0_IDLE_10_20_S01,vPLC_container,VPLC_HOST,414,414,415,,299698,,,vplc_internal,10,20,10,0,0,0,86320,0,0,0,ok,
RUN_20260510_VPLC_L0_IDLE_10_20_S01_R03,VPLC_L0_IDLE_10_20,SER_20260510_VPLC_L0_IDLE_10_20_S01,vPLC_container,VPLC_HOST,415,415,416,,299708,,,vplc_internal,10,20,10,0,0,0,86736,0,0,0,ok,
RUN_20260510_VPLC_L0_IDLE_10_20_S01_R03,VPLC_L0_IDLE_10_20,SER_20260510_VPLC_L0_IDLE_10_20_S01,vPLC_container,VPLC_HOST,416,416,417,,299718,,,vplc_internal,10,20,10,0,0,0,87153,0,0,0,ok,
RUN_20260510_VPLC_L0_IDLE_10_20_S01_R03,VPLC_L0_IDLE_10_20,SER_20260510_VPLC_L0_IDLE_10_20_S01,vPLC_container,VPLC_HOST,417,417,418,,299728,,,vplc_internal,10,20,10,0,0,0,87571,0,0,0,ok,
RUN_20260510_VPLC_L0_IDLE_10_20_S01_R03,VPLC_L0_IDLE_10_20,SER_20260510_VPLC_L0_IDLE_10_20_S01,vPLC_container,VPLC_HOST,418,418,419,,299738,,,vplc_internal,10,20,10,0,0,0,87990,0,0,0,ok,
RUN_20260510_VPLC_L0_IDLE_10_20_S01_R03,VPLC_L0_IDLE_10_20,SER_20260510_VPLC_L0_IDLE_10_20_S01,vPLC_container,VPLC_HOST,419,419,420,,299748,,,vplc_internal,10,20,10,0,0,0,88410,0,0,0,ok,
RUN_20260510_VPLC_L0_IDLE_10_20_S01_R03,VPLC_L0_IDLE_10_20,SER_20260510_VPLC_L0_IDLE_10_20_S01,vPLC_container,VPLC_HOST,420,420,421,,299758,,,vplc_internal,10,20,10,0,0,0,88831,0,0,0,ok,
RUN_20260510_VPLC_L0_IDLE_10_20_S01_R03,VPLC_L0_IDLE_10_20,SER_20260510_VPLC_L0_IDLE_10_20_S01,vPLC_container,VPLC_HOST,421,421,422,,299768,,,vplc_internal,10,20,10,0,0,0,89253,0,0,0,ok,
RUN_20260510_VPLC_L0_IDLE_10_20_S01_R03,VPLC_L0_IDLE_10_20,SER_20260510_VPLC_L0_IDLE_10_20_S01,vPLC_container,VPLC_HOST,422,422,423,,299778,,,vplc_internal,10,20,10,0,0,0,89676,0,0,0,ok,
RUN_20260510_VPLC_L0_IDLE_10_20_S01_R03,VPLC_L0_IDLE_10_20,SER_20260510_VPLC_L0_IDLE_10_20_S01,vPLC_container,VPLC_HOST,423,423,424,,299788,,,vplc_internal,10,20,10,0,0,0,90100,0,0,0,ok,
RUN_20260510_VPLC_L0_IDLE_10_20_S01_R03,VPLC_L0_IDLE_10_20,SER_20260510_VPLC_L0_IDLE_10_20_S01,vPLC_container,VPLC_HOST,424,424,425,,299798,,,vplc_internal,10,20,10,0,0,0,90525,0,0,0,ok,
RUN_20260510_VPLC_L0_IDLE_10_20_S01_R03,VPLC_L0_IDLE_10_20,SER_20260510_VPLC_L0_IDLE_10_20_S01,vPLC_container,VPLC_HOST,425,425,426,,299808,,,vplc_internal,10,20,10,0,0,0,90951,0,0,0,ok,
RUN_20260510_VPLC_L0_IDLE_10_20_S01_R03,VPLC_L0_IDLE_10_20,SER_20260510_VPLC_L0_IDLE_10_20_S01,vPLC_container,VPLC_HOST,426,426,427,,299818,,,vplc_internal,10,20,10,0,0,0,91378,0,0,0,ok,
RUN_20260510_VPLC_L0_IDLE_10_20_S01_R03,VPLC_L0_IDLE_10_20,SER_20260510_VPLC_L0_IDLE_10_20_S01,vPLC_container,VPLC_HOST,427,427,428,,299828,,,vplc_internal,10,20,10,0,0,0,91806,0,0,0,ok,
RUN_20260510_VPLC_L0_IDLE_10_20_S01_R03,VPLC_L0_IDLE_10_20,SER_20260510_VPLC_L0_IDLE_10_20_S01,vPLC_container,VPLC_HOST,428,428,429,,299849,,,vplc_internal,10,20,21,11,1,0,92235,0,0,0,ok,
RUN_20260510_VPLC_L0_IDLE_10_20_S01_R03,VPLC_L0_IDLE_10_20,SER_20260510_VPLC_L0_IDLE_10_20_S01,vPLC_container,VPLC_HOST,429,429,430,,299849,,,vplc_internal,10,20,,,,0,92665,0,0,0,invalid_row,timing_invalid
RUN_20260510_VPLC_L0_IDLE_10_20_S01_R03,VPLC_L0_IDLE_10_20,SER_20260510_VPLC_L0_IDLE_10_20_S01,vPLC_container,VPLC_HOST,430,430,431,,299858,,,vplc_internal,10,20,9,-1,0,0,93096,0,0,0,ok,
RUN_20260510_VPLC_L0_IDLE_10_20_S01_R03,VPLC_L0_IDLE_10_20,SER_20260510_VPLC_L0_IDLE_10_20_S01,vPLC_container,VPLC_HOST,431,431,432,,299868,,,vplc_internal,10,20,10,0,0,0,93528,0,0,0,ok,
RUN_20260510_VPLC_L0_IDLE_10_20_S01_R03,VPLC_L0_IDLE_10_20,SER_20260510_VPLC_L0_IDLE_10_20_S01,vPLC_container,VPLC_HOST,432,432,433,,299878,,,vplc_internal,10,20,10,0,0,0,93961,0,0,0,ok,
RUN_20260510_VPLC_L0_IDLE_10_20_S01_R03,VPLC_L0_IDLE_10_20,SER_20260510_VPLC_L0_IDLE_10_20_S01,vPLC_container,VPLC_HOST,433,433,434,,299888,,,vplc_internal,10,20,10,0,0,0,94395,0,0,0,ok,
RUN_20260510_VPLC_L0_IDLE_10_20_S01_R03,VPLC_L0_IDLE_10_20,SER_20260510_VPLC_L0_IDLE_10_20_S01,vPLC_container,VPLC_HOST,434,434,435,,299898,,,vplc_internal,10,20,10,0,0,0,94830,0,0,0,ok,
RUN_20260510_VPLC_L0_IDLE_10_20_S01_R03,VPLC_L0_IDLE_10_20,SER_20260510_VPLC_L0_IDLE_10_20_S01,vPLC_container,VPLC_HOST,435,435,436,,299908,,,vplc_internal,10,20,10,0,0,0,95266,0,0,0,ok,
RUN_20260510_VPLC_L0_IDLE_10_20_S01_R03,VPLC_L0_IDLE_10_20,SER_20260510_VPLC_L0_IDLE_10_20_S01,vPLC_container,VPLC_HOST,436,436,437,,299918,,,vplc_internal,10,20,10,0,0,0,95703,0,0,0,ok,
RUN_20260510_VPLC_L0_IDLE_10_20_S01_R03,VPLC_L0_IDLE_10_20,SER_20260510_VPLC_L0_IDLE_10_20_S01,vPLC_container,VPLC_HOST,437,437,438,,299928,,,vplc_internal,10,20,10,0,0,0,96141,0,0,0,ok,
RUN_20260510_VPLC_L0_IDLE_10_20_S01_R03,VPLC_L0_IDLE_10_20,SER_20260510_VPLC_L0_IDLE_10_20_S01,vPLC_container,VPLC_HOST,438,438,439,,299938,,,vplc_internal,10,20,10,0,0,0,96580,0,0,0,ok,
RUN_20260510_VPLC_L0_IDLE_10_20_S01_R03,VPLC_L0_IDLE_10_20,SER_20260510_VPLC_L0_IDLE_10_20_S01,vPLC_container,VPLC_HOST,439,439,440,,299948,,,vplc_internal,10,20,10,0,0,0,97020,0,0,0,ok,
RUN_20260510_VPLC_L0_IDLE_10_20_S01_R03,VPLC_L0_IDLE_10_20,SER_20260510_VPLC_L0_IDLE_10_20_S01,vPLC_container,VPLC_HOST,440,440,441,,299958,,,vplc_internal,10,20,10,0,0,0,97461,0,0,0,ok,
RUN_20260510_VPLC_L0_IDLE_10_20_S01_R03,VPLC_L0_IDLE_10_20,SER_20260510_VPLC_L0_IDLE_10_20_S01,vPLC_container,VPLC_HOST,441,441,442,,299968,,,vplc_internal,10,20,10,0,0,0,97903,0,0,0,ok,
RUN_20260510_VPLC_L0_IDLE_10_20_S01_R03,VPLC_L0_IDLE_10_20,SER_20260510_VPLC_L0_IDLE_10_20_S01,vPLC_container,VPLC_HOST,442,442,443,,299978,,,vplc_internal,10,20,10,0,0,0,98346,0,0,0,ok,
RUN_20260510_VPLC_L0_IDLE_10_20_S01_R03,VPLC_L0_IDLE_10_20,SER_20260510_VPLC_L0_IDLE_10_20_S01,vPLC_container,VPLC_HOST,443,443,444,,299988,,,vplc_internal,10,20,10,0,0,0,98790,0,0,0,ok,
RUN_20260510_VPLC_L0_IDLE_10_20_S01_R03,VPLC_L0_IDLE_10_20,SER_20260510_VPLC_L0_IDLE_10_20_S01,vPLC_container,VPLC_HOST,444,444,445,,299998,,,vplc_internal,10,20,10,0,0,0,99235,0,0,0,ok,
RUN_20260510_VPLC_L0_IDLE_10_20_S01_R03,VPLC_L0_IDLE_10_20,SER_20260510_VPLC_L0_IDLE_10_20_S01,vPLC_container,VPLC_HOST,445,445,446,,300008,,,vplc_internal,10,20,10,0,0,0,99681,0,0,0,ok,
RUN_20260510_VPLC_L0_IDLE_10_20_S01_R03,VPLC_L0_IDLE_10_20,SER_20260510_VPLC_L0_IDLE_10_20_S01,vPLC_container,VPLC_HOST,446,446,447,,300018,,,vplc_internal,10,20,10,0,0,0,100128,0,0,0,ok,
RUN_20260510_VPLC_L0_IDLE_10_20_S01_R03,VPLC_L0_IDLE_10_20,SER_20260510_VPLC_L0_IDLE_10_20_S01,vPLC_container,VPLC_HOST,447,447,448,,300028,,,vplc_internal,10,20,10,0,0,0,100576,0,0,0,ok,
RUN_20260510_VPLC_L0_IDLE_10_20_S01_R03,VPLC_L0_IDLE_10_20,SER_20260510_VPLC_L0_IDLE_10_20_S01,vPLC_container,VPLC_HOST,448,448,449,,300038,,,vplc_internal,10,20,10,0,0,0,101025,0,0,0,ok,
RUN_20260510_VPLC_L0_IDLE_10_20_S01_R03,VPLC_L0_IDLE_10_20,SER_20260510_VPLC_L0_IDLE_10_20_S01,vPLC_container,VPLC_HOST,449,449,450,,300048,,,vplc_internal,10,20,10,0,0,0,101475,0,0,0,ok,
RUN_20260510_VPLC_L0_IDLE_10_20_S01_R03,VPLC_L0_IDLE_10_20,SER_20260510_VPLC_L0_IDLE_10_20_S01,vPLC_container,VPLC_HOST,450,450,451,,300058,,,vplc_internal,10,20,10,0,0,0,101926,0,0,0,ok,
RUN_20260510_VPLC_L0_IDLE_10_20_S01_R03,VPLC_L0_IDLE_10_20,SER_20260510_VPLC_L0_IDLE_10_20_S01,vPLC_container,VPLC_HOST,451,451,452,,300068,,,vplc_internal,10,20,10,0,0,0,102378,0,0,0,ok,
RUN_20260510_VPLC_L0_IDLE_10_20_S01_R03,VPLC_L0_IDLE_10_20,SER_20260510_VPLC_L0_IDLE_10_20_S01,vPLC_container,VPLC_HOST,452,452,453,,300078,,,vplc_internal,10,20,10,0,0,0,102831,0,0,0,ok,
RUN_20260510_VPLC_L0_IDLE_10_20_S01_R03,VPLC_L0_IDLE_10_20,SER_20260510_VPLC_L0_IDLE_10_20_S01,vPLC_container,VPLC_HOST,453,453,454,,300088,,,vplc_internal,10,20,10,0,0,0,103285,0,0,0,ok,
RUN_20260510_VPLC_L0_IDLE_10_20_S01_R03,VPLC_L0_IDLE_10_20,SER_20260510_VPLC_L0_IDLE_10_20_S01,vPLC_container,VPLC_HOST,454,454,455,,300098,,,vplc_internal,10,20,10,0,0,0,103740,0,0,0,ok,
RUN_20260510_VPLC_L0_IDLE_10_20_S01_R03,VPLC_L0_IDLE_10_20,SER_20260510_VPLC_L0_IDLE_10_20_S01,vPLC_container,VPLC_HOST,455,455,456,,300108,,,vplc_internal,10,20,10,0,0,0,104196,0,0,0,ok,
RUN_20260510_VPLC_L0_IDLE_10_20_S01_R03,VPLC_L0_IDLE_10_20,SER_20260510_VPLC_L0_IDLE_10_20_S01,vPLC_container,VPLC_HOST,456,456,457,,300118,,,vplc_internal,10,20,10,0,0,0,104653,0,0,0,ok,
RUN_20260510_VPLC_L0_IDLE_10_20_S01_R03,VPLC_L0_IDLE_10_20,SER_20260510_VPLC_L0_IDLE_10_20_S01,vPLC_container,VPLC_HOST,457,457,458,,300128,,,vplc_internal,10,20,10,0,0,0,105111,0,0,0,ok,
RUN_20260510_VPLC_L0_IDLE_10_20_S01_R03,VPLC_L0_IDLE_10_20,SER_20260510_VPLC_L0_IDLE_10_20_S01,vPLC_container,VPLC_HOST,458,458,459,,300138,,,vplc_internal,10,20,10,0,0,0,105570,0,0,0,ok,
RUN_20260510_VPLC_L0_IDLE_10_20_S01_R03,VPLC_L0_IDLE_10_20,SER_20260510_VPLC_L0_IDLE_10_20_S01,vPLC_container,VPLC_HOST,459,459,460,,300148,,,vplc_internal,10,20,10,0,0,0,106030,0,0,0,ok,
RUN_20260510_VPLC_L0_IDLE_10_20_S01_R03,VPLC_L0_IDLE_10_20,SER_20260510_VPLC_L0_IDLE_10_20_S01,vPLC_container,VPLC_HOST,460,460,461,,300158,,,vplc_internal,10,20,10,0,0,0,106491,0,0,0,ok,
RUN_20260510_VPLC_L0_IDLE_10_20_S01_R03,VPLC_L0_IDLE_10_20,SER_20260510_VPLC_L0_IDLE_10_20_S01,vPLC_container,VPLC_HOST,461,461,462,,300168,,,vplc_internal,10,20,10,0,0,0,106953,0,0,0,ok,
RUN_20260510_VPLC_L0_IDLE_10_20_S01_R03,VPLC_L0_IDLE_10_20,SER_20260510_VPLC_L0_IDLE_10_20_S01,vPLC_container,VPLC_HOST,462,462,463,,300178,,,vplc_internal,10,20,10,0,0,0,107416,0,0,0,ok,
RUN_20260510_VPLC_L0_IDLE_10_20_S01_R03,VPLC_L0_IDLE_10_20,SER_20260510_VPLC_L0_IDLE_10_20_S01,vPLC_container,VPLC_HOST,463,463,464,,300188,,,vplc_internal,10,20,10,0,0,0,107880,0,0,0,ok,
RUN_20260510_VPLC_L0_IDLE_10_20_S01_R03,VPLC_L0_IDLE_10_20,SER_20260510_VPLC_L0_IDLE_10_20_S01,vPLC_container,VPLC_HOST,464,464,465,,300198,,,vplc_internal,10,20,10,0,0,0,108345,0,0,0,ok,
RUN_20260510_VPLC_L0_IDLE_10_20_S01_R03,VPLC_L0_IDLE_10_20,SER_20260510_VPLC_L0_IDLE_10_20_S01,vPLC_container,VPLC_HOST,465,465,466,,300208,,,vplc_internal,10,20,10,0,0,0,108811,0,0,0,ok,
RUN_20260510_VPLC_L0_IDLE_10_20_S01_R03,VPLC_L0_IDLE_10_20,SER_20260510_VPLC_L0_IDLE_10_20_S01,vPLC_container,VPLC_HOST,466,466,467,,300218,,,vplc_internal,10,20,10,0,0,0,109278,0,0,0,ok,
RUN_20260510_VPLC_L0_IDLE_10_20_S01_R03,VPLC_L0_IDLE_10_20,SER_20260510_VPLC_L0_IDLE_10_20_S01,vPLC_container,VPLC_HOST,467,467,468,,300228,,,vplc_internal,10,20,10,0,0,0,109746,0,0,0,ok,
RUN_20260510_VPLC_L0_IDLE_10_20_S01_R03,VPLC_L0_IDLE_10_20,SER_20260510_VPLC_L0_IDLE_10_20_S01,vPLC_container,VPLC_HOST,468,468,469,,300238,,,vplc_internal,10,20,10,0,0,0,110215,0,0,0,ok,
RUN_20260510_VPLC_L0_IDLE_10_20_S01_R03,VPLC_L0_IDLE_10_20,SER_20260510_VPLC_L0_IDLE_10_20_S01,vPLC_container,VPLC_HOST,469,469,470,,300248,,,vplc_internal,10,20,10,0,0,0,110685,0,0,0,ok,
RUN_20260510_VPLC_L0_IDLE_10_20_S01_R03,VPLC_L0_IDLE_10_20,SER_20260510_VPLC_L0_IDLE_10_20_S01,vPLC_container,VPLC_HOST,470,470,471,,300258,,,vplc_internal,10,20,10,0,0,0,111156,0,0,0,ok,
RUN_20260510_VPLC_L0_IDLE_10_20_S01_R03,VPLC_L0_IDLE_10_20,SER_20260510_VPLC_L0_IDLE_10_20_S01,vPLC_container,VPLC_HOST,471,471,472,,300268,,,vplc_internal,10,20,10,0,0,0,111628,0,0,0,ok,
RUN_20260510_VPLC_L0_IDLE_10_20_S01_R03,VPLC_L0_IDLE_10_20,SER_20260510_VPLC_L0_IDLE_10_20_S01,vPLC_container,VPLC_HOST,472,472,473,,300278,,,vplc_internal,10,20,10,0,0,0,112101,0,0,0,ok,
RUN_20260510_VPLC_L0_IDLE_10_20_S01_R03,VPLC_L0_IDLE_10_20,SER_20260510_VPLC_L0_IDLE_10_20_S01,vPLC_container,VPLC_HOST,473,473,474,,300288,,,vplc_internal,10,20,10,0,0,0,112575,0,0,0,ok,
RUN_20260510_VPLC_L0_IDLE_10_20_S01_R03,VPLC_L0_IDLE_10_20,SER_20260510_VPLC_L0_IDLE_10_20_S01,vPLC_container,VPLC_HOST,474,474,475,,300298,,,vplc_internal,10,20,10,0,0,0,113050,0,0,0,ok,
RUN_20260510_VPLC_L0_IDLE_10_20_S01_R03,VPLC_L0_IDLE_10_20,SER_20260510_VPLC_L0_IDLE_10_20_S01,vPLC_container,VPLC_HOST,475,475,476,,300308,,,vplc_internal,10,20,10,0,0,0,113526,0,0,0,ok,
RUN_20260510_VPLC_L0_IDLE_10_20_S01_R03,VPLC_L0_IDLE_10_20,SER_20260510_VPLC_L0_IDLE_10_20_S01,vPLC_container,VPLC_HOST,476,476,477,,300318,,,vplc_internal,10,20,10,0,0,0,114003,0,0,0,ok,
RUN_20260510_VPLC_L0_IDLE_10_20_S01_R03,VPLC_L0_IDLE_10_20,SER_20260510_VPLC_L0_IDLE_10_20_S01,vPLC_container,VPLC_HOST,477,477,478,,300328,,,vplc_internal,10,20,10,0,0,0,114481,0,0,0,ok,
RUN_20260510_VPLC_L0_IDLE_10_20_S01_R03,VPLC_L0_IDLE_10_20,SER_20260510_VPLC_L0_IDLE_10_20_S01,vPLC_container,VPLC_HOST,478,478,479,,300338,,,vplc_internal,10,20,10,0,0,0,114960,0,0,0,ok,
RUN_20260510_VPLC_L0_IDLE_10_20_S01_R03,VPLC_L0_IDLE_10_20,SER_20260510_VPLC_L0_IDLE_10_20_S01,vPLC_container,VPLC_HOST,479,479,480,,300348,,,vplc_internal,10,20,10,0,0,0,115440,0,0,0,ok,
RUN_20260510_VPLC_L0_IDLE_10_20_S01_R03,VPLC_L0_IDLE_10_20,SER_20260510_VPLC_L0_IDLE_10_20_S01,vPLC_container,VPLC_HOST,480,480,481,,300358,,,vplc_internal,10,20,10,0,0,0,115921,0,0,0,ok,
RUN_20260510_VPLC_L0_IDLE_10_20_S01_R03,VPLC_L0_IDLE_10_20,SER_20260510_VPLC_L0_IDLE_10_20_S01,vPLC_container,VPLC_HOST,481,481,482,,300368,,,vplc_internal,10,20,10,0,0,0,116403,0,0,0,ok,
RUN_20260510_VPLC_L0_IDLE_10_20_S01_R03,VPLC_L0_IDLE_10_20,SER_20260510_VPLC_L0_IDLE_10_20_S01,vPLC_container,VPLC_HOST,482,482,483,,300378,,,vplc_internal,10,20,10,0,0,0,116886,0,0,0,ok,
RUN_20260510_VPLC_L0_IDLE_10_20_S01_R03,VPLC_L0_IDLE_10_20,SER_20260510_VPLC_L0_IDLE_10_20_S01,vPLC_container,VPLC_HOST,483,483,484,,300388,,,vplc_internal,10,20,10,0,0,0,117370,0,0,0,ok,
RUN_20260510_VPLC_L0_IDLE_10_20_S01_R03,VPLC_L0_IDLE_10_20,SER_20260510_VPLC_L0_IDLE_10_20_S01,vPLC_container,VPLC_HOST,484,484,485,,300398,,,vplc_internal,10,20,10,0,0,0,117855,0,0,0,ok,
RUN_20260510_VPLC_L0_IDLE_10_20_S01_R03,VPLC_L0_IDLE_10_20,SER_20260510_VPLC_L0_IDLE_10_20_S01,vPLC_container,VPLC_HOST,485,485,486,,300408,,,vplc_internal,10,20,10,0,0,0,118341,0,0,0,ok,
RUN_20260510_VPLC_L0_IDLE_10_20_S01_R03,VPLC_L0_IDLE_10_20,SER_20260510_VPLC_L0_IDLE_10_20_S01,vPLC_container,VPLC_HOST,486,486,487,,300418,,,vplc_internal,10,20,10,0,0,0,118828,0,0,0,ok,
RUN_20260510_VPLC_L0_IDLE_10_20_S01_R03,VPLC_L0_IDLE_10_20,SER_20260510_VPLC_L0_IDLE_10_20_S01,vPLC_container,VPLC_HOST,487,487,488,,300428,,,vplc_internal,10,20,10,0,0,0,119316,0,0,0,ok,
RUN_20260510_VPLC_L0_IDLE_10_20_S01_R03,VPLC_L0_IDLE_10_20,SER_20260510_VPLC_L0_IDLE_10_20_S01,vPLC_container,VPLC_HOST,488,488,489,,300438,,,vplc_internal,10,20,10,0,0,0,119805,0,0,0,ok,
RUN_20260510_VPLC_L0_IDLE_10_20_S01_R03,VPLC_L0_IDLE_10_20,SER_20260510_VPLC_L0_IDLE_10_20_S01,vPLC_container,VPLC_HOST,489,489,490,,300448,,,vplc_internal,10,20,10,0,0,0,120295,0,0,0,ok,
RUN_20260510_VPLC_L0_IDLE_10_20_S01_R03,VPLC_L0_IDLE_10_20,SER_20260510_VPLC_L0_IDLE_10_20_S01,vPLC_container,VPLC_HOST,490,490,491,,300458,,,vplc_internal,10,20,10,0,0,0,120786,0,0,0,ok,
RUN_20260510_VPLC_L0_IDLE_10_20_S01_R03,VPLC_L0_IDLE_10_20,SER_20260510_VPLC_L0_IDLE_10_20_S01,vPLC_container,VPLC_HOST,491,491,492,,300468,,,vplc_internal,10,20,10,0,0,0,121278,0,0,0,ok,
RUN_20260510_VPLC_L0_IDLE_10_20_S01_R03,VPLC_L0_IDLE_10_20,SER_20260510_VPLC_L0_IDLE_10_20_S01,vPLC_container,VPLC_HOST,492,492,493,,300478,,,vplc_internal,10,20,10,0,0,0,121771,0,0,0,ok,
RUN_20260510_VPLC_L0_IDLE_10_20_S01_R03,VPLC_L0_IDLE_10_20,SER_20260510_VPLC_L0_IDLE_10_20_S01,vPLC_container,VPLC_HOST,493,493,494,,300488,,,vplc_internal,10,20,10,0,0,0,122265,0,0,0,ok,
RUN_20260510_VPLC_L0_IDLE_10_20_S01_R03,VPLC_L0_IDLE_10_20,SER_20260510_VPLC_L0_IDLE_10_20_S01,vPLC_container,VPLC_HOST,494,494,495,,300498,,,vplc_internal,10,20,10,0,0,0,122760,0,0,0,ok,
RUN_20260510_VPLC_L0_IDLE_10_20_S01_R03,VPLC_L0_IDLE_10_20,SER_20260510_VPLC_L0_IDLE_10_20_S01,vPLC_container,VPLC_HOST,495,495,496,,300508,,,vplc_internal,10,20,10,0,0,0,123256,0,0,0,ok,
RUN_20260510_VPLC_L0_IDLE_10_20_S01_R03,VPLC_L0_IDLE_10_20,SER_20260510_VPLC_L0_IDLE_10_20_S01,vPLC_container,VPLC_HOST,496,496,497,,300518,,,vplc_internal,10,20,10,0,0,0,123753,0,0,0,ok,
RUN_20260510_VPLC_L0_IDLE_10_20_S01_R03,VPLC_L0_IDLE_10_20,SER_20260510_VPLC_L0_IDLE_10_20_S01,vPLC_container,VPLC_HOST,497,497,498,,300528,,,vplc_internal,10,20,10,0,0,0,124251,0,0,0,ok,
RUN_20260510_VPLC_L0_IDLE_10_20_S01_R03,VPLC_L0_IDLE_10_20,SER_20260510_VPLC_L0_IDLE_10_20_S01,vPLC_container,VPLC_HOST,498,498,499,,300538,,,vplc_internal,10,20,10,0,0,0,124750,0,0,0,ok,
RUN_20260510_VPLC_L0_IDLE_10_20_S01_R03,VPLC_L0_IDLE_10_20,SER_20260510_VPLC_L0_IDLE_10_20_S01,vPLC_container,VPLC_HOST,499,499,500,,300548,,,vplc_internal,10,20,10,0,0,1,125250,0,0,0,ok,
RUN_20260510_VPLC_L0_IDLE_10_20_S01_R03,VPLC_L0_IDLE_10_20,SER_20260510_VPLC_L0_IDLE_10_20_S01,vPLC_container,VPLC_HOST,500,500,501,,300558,,,vplc_internal,10,20,10,0,0,1,125751,0,0,0,ok,
RUN_20260510_VPLC_L0_IDLE_10_20_S01_R03,VPLC_L0_IDLE_10_20,SER_20260510_VPLC_L0_IDLE_10_20_S01,vPLC_container,VPLC_HOST,501,501,502,,300568,,,vplc_internal,10,20,10,0,0,1,126253,0,0,0,ok,
RUN_20260510_VPLC_L0_IDLE_10_20_S01_R03,VPLC_L0_IDLE_10_20,SER_20260510_VPLC_L0_IDLE_10_20_S01,vPLC_container,VPLC_HOST,502,502,503,,300578,,,vplc_internal,10,20,10,0,0,1,126756,0,0,0,ok,
RUN_20260510_VPLC_L0_IDLE_10_20_S01_R03,VPLC_L0_IDLE_10_20,SER_20260510_VPLC_L0_IDLE_10_20_S01,vPLC_container,VPLC_HOST,503,503,504,,300588,,,vplc_internal,10,20,10,0,0,1,127260,0,0,0,ok,
RUN_20260510_VPLC_L0_IDLE_10_20_S01_R03,VPLC_L0_IDLE_10_20,SER_20260510_VPLC_L0_IDLE_10_20_S01,vPLC_container,VPLC_HOST,504,504,505,,300598,,,vplc_internal,10,20,10,0,0,1,127765,0,0,0,ok,
RUN_20260510_VPLC_L0_IDLE_10_20_S01_R03,VPLC_L0_IDLE_10_20,SER_20260510_VPLC_L0_IDLE_10_20_S01,vPLC_container,VPLC_HOST,505,505,506,,300608,,,vplc_internal,10,20,10,0,0,1,128271,0,0,0,ok,
RUN_20260510_VPLC_L0_IDLE_10_20_S01_R03,VPLC_L0_IDLE_10_20,SER_20260510_VPLC_L0_IDLE_10_20_S01,vPLC_container,VPLC_HOST,506,506,507,,300618,,,vplc_internal,10,20,10,0,0,1,128778,0,0,0,ok,
RUN_20260510_VPLC_L0_IDLE_10_20_S01_R03,VPLC_L0_IDLE_10_20,SER_20260510_VPLC_L0_IDLE_10_20_S01,vPLC_container,VPLC_HOST,507,507,508,,300628,,,vplc_internal,10,20,10,0,0,1,129286,0,0,0,ok,
RUN_20260510_VPLC_L0_IDLE_10_20_S01_R03,VPLC_L0_IDLE_10_20,SER_20260510_VPLC_L0_IDLE_10_20_S01,vPLC_container,VPLC_HOST,508,508,509,,300638,,,vplc_internal,10,20,10,0,0,1,129795,0,0,0,ok,
RUN_20260510_VPLC_L0_IDLE_10_20_S01_R03,VPLC_L0_IDLE_10_20,SER_20260510_VPLC_L0_IDLE_10_20_S01,vPLC_container,VPLC_HOST,509,509,510,,300648,,,vplc_internal,10,20,10,0,0,1,130305,0,0,0,ok,
RUN_20260510_VPLC_L0_IDLE_10_20_S01_R03,VPLC_L0_IDLE_10_20,SER_20260510_VPLC_L0_IDLE_10_20_S01,vPLC_container,VPLC_HOST,510,510,511,,300658,,,vplc_internal,10,20,10,0,0,1,130816,0,0,0,ok,
RUN_20260510_VPLC_L0_IDLE_10_20_S01_R03,VPLC_L0_IDLE_10_20,SER_20260510_VPLC_L0_IDLE_10_20_S01,vPLC_container,VPLC_HOST,511,511,512,,300668,,,vplc_internal,10,20,10,0,0,1,131328,0,0,0,ok,
RUN_20260510_VPLC_L0_IDLE_10_20_S01_R03,VPLC_L0_IDLE_10_20,SER_20260510_VPLC_L0_IDLE_10_20_S01,vPLC_container,VPLC_HOST,512,512,513,,300678,,,vplc_internal,10,20,10,0,0,1,131841,0,0,0,ok,
RUN_20260510_VPLC_L0_IDLE_10_20_S01_R03,VPLC_L0_IDLE_10_20,SER_20260510_VPLC_L0_IDLE_10_20_S01,vPLC_container,VPLC_HOST,513,513,514,,300688,,,vplc_internal,10,20,10,0,0,1,132355,0,0,0,ok,
RUN_20260510_VPLC_L0_IDLE_10_20_S01_R03,VPLC_L0_IDLE_10_20,SER_20260510_VPLC_L0_IDLE_10_20_S01,vPLC_container,VPLC_HOST,514,514,515,,300698,,,vplc_internal,10,20,10,0,0,1,132870,0,0,0,ok,
RUN_20260510_VPLC_L0_IDLE_10_20_S01_R03,VPLC_L0_IDLE_10_20,SER_20260510_VPLC_L0_IDLE_10_20_S01,vPLC_container,VPLC_HOST,515,515,516,,300708,,,vplc_internal,10,20,10,0,0,1,133386,0,0,0,ok,
RUN_20260510_VPLC_L0_IDLE_10_20_S01_R03,VPLC_L0_IDLE_10_20,SER_20260510_VPLC_L0_IDLE_10_20_S01,vPLC_container,VPLC_HOST,516,516,517,,300718,,,vplc_internal,10,20,10,0,0,1,133903,0,0,0,ok,
RUN_20260510_VPLC_L0_IDLE_10_20_S01_R03,VPLC_L0_IDLE_10_20,SER_20260510_VPLC_L0_IDLE_10_20_S01,vPLC_container,VPLC_HOST,517,517,518,,300728,,,vplc_internal,10,20,10,0,0,1,134421,0,0,0,ok,
RUN_20260510_VPLC_L0_IDLE_10_20_S01_R03,VPLC_L0_IDLE_10_20,SER_20260510_VPLC_L0_IDLE_10_20_S01,vPLC_container,VPLC_HOST,518,518,519,,300738,,,vplc_internal,10,20,10,0,0,1,134940,0,0,0,ok,
RUN_20260510_VPLC_L0_IDLE_10_20_S01_R03,VPLC_L0_IDLE_10_20,SER_20260510_VPLC_L0_IDLE_10_20_S01,vPLC_container,VPLC_HOST,519,519,520,,300748,,,vplc_internal,10,20,10,0,0,1,135460,0,0,0,ok,
RUN_20260510_VPLC_L0_IDLE_10_20_S01_R03,VPLC_L0_IDLE_10_20,SER_20260510_VPLC_L0_IDLE_10_20_S01,vPLC_container,VPLC_HOST,520,520,521,,300758,,,vplc_internal,10,20,10,0,0,1,135981,0,0,0,ok,
RUN_20260510_VPLC_L0_IDLE_10_20_S01_R03,VPLC_L0_IDLE_10_20,SER_20260510_VPLC_L0_IDLE_10_20_S01,vPLC_container,VPLC_HOST,521,521,522,,300768,,,vplc_internal,10,20,10,0,0,1,136503,0,0,0,ok,
RUN_20260510_VPLC_L0_IDLE_10_20_S01_R03,VPLC_L0_IDLE_10_20,SER_20260510_VPLC_L0_IDLE_10_20_S01,vPLC_container,VPLC_HOST,522,522,523,,300778,,,vplc_internal,10,20,10,0,0,1,137026,0,0,0,ok,
RUN_20260510_VPLC_L0_IDLE_10_20_S01_R03,VPLC_L0_IDLE_10_20,SER_20260510_VPLC_L0_IDLE_10_20_S01,vPLC_container,VPLC_HOST,523,523,524,,300788,,,vplc_internal,10,20,10,0,0,1,137550,0,0,0,ok,
RUN_20260510_VPLC_L0_IDLE_10_20_S01_R03,VPLC_L0_IDLE_10_20,SER_20260510_VPLC_L0_IDLE_10_20_S01,vPLC_container,VPLC_HOST,524,524,525,,300798,,,vplc_internal,10,20,10,0,0,1,138075,0,0,0,ok,
RUN_20260510_VPLC_L0_IDLE_10_20_S01_R03,VPLC_L0_IDLE_10_20,SER_20260510_VPLC_L0_IDLE_10_20_S01,vPLC_container,VPLC_HOST,525,525,526,,300808,,,vplc_internal,10,20,10,0,0,1,138601,0,0,0,ok,
RUN_20260510_VPLC_L0_IDLE_10_20_S01_R03,VPLC_L0_IDLE_10_20,SER_20260510_VPLC_L0_IDLE_10_20_S01,vPLC_container,VPLC_HOST,526,526,527,,300818,,,vplc_internal,10,20,10,0,0,1,139128,0,0,0,ok,
RUN_20260510_VPLC_L0_IDLE_10_20_S01_R03,VPLC_L0_IDLE_10_20,SER_20260510_VPLC_L0_IDLE_10_20_S01,vPLC_container,VPLC_HOST,527,527,528,,300828,,,vplc_internal,10,20,10,0,0,1,139656,0,0,0,ok,
RUN_20260510_VPLC_L0_IDLE_10_20_S01_R03,VPLC_L0_IDLE_10_20,SER_20260510_VPLC_L0_IDLE_10_20_S01,vPLC_container,VPLC_HOST,528,528,529,,300849,,,vplc_internal,10,20,21,11,1,1,140185,0,0,0,ok,
RUN_20260510_VPLC_L0_IDLE_10_20_S01_R03,VPLC_L0_IDLE_10_20,SER_20260510_VPLC_L0_IDLE_10_20_S01,vPLC_container,VPLC_HOST,529,529,530,,300849,,,vplc_internal,10,20,,,,1,140715,0,0,0,invalid_row,timing_invalid
RUN_20260510_VPLC_L0_IDLE_10_20_S01_R03,VPLC_L0_IDLE_10_20,SER_20260510_VPLC_L0_IDLE_10_20_S01,vPLC_container,VPLC_HOST,530,530,531,,300858,,,vplc_internal,10,20,9,-1,0,1,141246,0,0,0,ok,
RUN_20260510_VPLC_L0_IDLE_10_20_S01_R03,VPLC_L0_IDLE_10_20,SER_20260510_VPLC_L0_IDLE_10_20_S01,vPLC_container,VPLC_HOST,531,531,532,,300868,,,vplc_internal,10,20,10,0,0,1,141778,0,0,0,ok,
RUN_20260510_VPLC_L0_IDLE_10_20_S01_R03,VPLC_L0_IDLE_10_20,SER_20260510_VPLC_L0_IDLE_10_20_S01,vPLC_container,VPLC_HOST,532,532,533,,300878,,,vplc_internal,10,20,10,0,0,1,142311,0,0,0,ok,
RUN_20260510_VPLC_L0_IDLE_10_20_S01_R03,VPLC_L0_IDLE_10_20,SER_20260510_VPLC_L0_IDLE_10_20_S01,vPLC_container,VPLC_HOST,533,533,534,,300888,,,vplc_internal,10,20,10,0,0,1,142845,0,0,0,ok,
RUN_20260510_VPLC_L0_IDLE_10_20_S01_R03,VPLC_L0_IDLE_10_20,SER_20260510_VPLC_L0_IDLE_10_20_S01,vPLC_container,VPLC_HOST,534,534,535,,300898,,,vplc_internal,10,20,10,0,0,1,143380,0,0,0,ok,
RUN_20260510_VPLC_L0_IDLE_10_20_S01_R03,VPLC_L0_IDLE_10_20,SER_20260510_VPLC_L0_IDLE_10_20_S01,vPLC_container,VPLC_HOST,535,535,536,,300908,,,vplc_internal,10,20,10,0,0,1,143916,0,0,0,ok,
RUN_20260510_VPLC_L0_IDLE_10_20_S01_R03,VPLC_L0_IDLE_10_20,SER_20260510_VPLC_L0_IDLE_10_20_S01,vPLC_container,VPLC_HOST,536,536,537,,300918,,,vplc_internal,10,20,10,0,0,1,144453,0,0,0,ok,
RUN_20260510_VPLC_L0_IDLE_10_20_S01_R03,VPLC_L0_IDLE_10_20,SER_20260510_VPLC_L0_IDLE_10_20_S01,vPLC_container,VPLC_HOST,537,537,538,,300928,,,vplc_internal,10,20,10,0,0,1,144991,0,0,0,ok,
RUN_20260510_VPLC_L0_IDLE_10_20_S01_R03,VPLC_L0_IDLE_10_20,SER_20260510_VPLC_L0_IDLE_10_20_S01,vPLC_container,VPLC_HOST,538,538,539,,300938,,,vplc_internal,10,20,10,0,0,1,145530,0,0,0,ok,
RUN_20260510_VPLC_L0_IDLE_10_20_S01_R03,VPLC_L0_IDLE_10_20,SER_20260510_VPLC_L0_IDLE_10_20_S01,vPLC_container,VPLC_HOST,539,539,540,,300948,,,vplc_internal,10,20,10,0,0,1,146070,0,0,0,ok,
RUN_20260510_VPLC_L0_IDLE_10_20_S01_R03,VPLC_L0_IDLE_10_20,SER_20260510_VPLC_L0_IDLE_10_20_S01,vPLC_container,VPLC_HOST,540,540,541,,300958,,,vplc_internal,10,20,10,0,0,1,146611,0,0,0,ok,
RUN_20260510_VPLC_L0_IDLE_10_20_S01_R03,VPLC_L0_IDLE_10_20,SER_20260510_VPLC_L0_IDLE_10_20_S01,vPLC_container,VPLC_HOST,541,541,542,,300968,,,vplc_internal,10,20,10,0,0,1,147153,0,0,0,ok,
RUN_20260510_VPLC_L0_IDLE_10_20_S01_R03,VPLC_L0_IDLE_10_20,SER_20260510_VPLC_L0_IDLE_10_20_S01,vPLC_container,VPLC_HOST,542,542,543,,300978,,,vplc_internal,10,20,10,0,0,1,147696,0,0,0,ok,
RUN_20260510_VPLC_L0_IDLE_10_20_S01_R03,VPLC_L0_IDLE_10_20,SER_20260510_VPLC_L0_IDLE_10_20_S01,vPLC_container,VPLC_HOST,543,543,544,,300988,,,vplc_internal,10,20,10,0,0,1,148240,0,0,0,ok,
RUN_20260510_VPLC_L0_IDLE_10_20_S01_R03,VPLC_L0_IDLE_10_20,SER_20260510_VPLC_L0_IDLE_10_20_S01,vPLC_container,VPLC_HOST,544,544,545,,300998,,,vplc_internal,10,20,10,0,0,1,148785,0,0,0,ok,
RUN_20260510_VPLC_L0_IDLE_10_20_S01_R03,VPLC_L0_IDLE_10_20,SER_20260510_VPLC_L0_IDLE_10_20_S01,vPLC_container,VPLC_HOST,545,545,546,,301008,,,vplc_internal,10,20,10,0,0,1,149331,0,0,0,ok,
RUN_20260510_VPLC_L0_IDLE_10_20_S01_R03,VPLC_L0_IDLE_10_20,SER_20260510_VPLC_L0_IDLE_10_20_S01,vPLC_container,VPLC_HOST,546,546,547,,301018,,,vplc_internal,10,20,10,0,0,1,149878,0,0,0,ok,
RUN_20260510_VPLC_L0_IDLE_10_20_S01_R03,VPLC_L0_IDLE_10_20,SER_20260510_VPLC_L0_IDLE_10_20_S01,vPLC_container,VPLC_HOST,547,547,548,,301028,,,vplc_internal,10,20,10,0,0,1,150426,0,0,0,ok,
RUN_20260510_VPLC_L0_IDLE_10_20_S01_R03,VPLC_L0_IDLE_10_20,SER_20260510_VPLC_L0_IDLE_10_20_S01,vPLC_container,VPLC_HOST,548,548,549,,301038,,,vplc_internal,10,20,10,0,0,1,150975,0,0,0,ok,
RUN_20260510_VPLC_L0_IDLE_10_20_S01_R03,VPLC_L0_IDLE_10_20,SER_20260510_VPLC_L0_IDLE_10_20_S01,vPLC_container,VPLC_HOST,549,549,550,,301048,,,vplc_internal,10,20,10,0,0,1,151525,0,0,0,ok,
RUN_20260510_VPLC_L0_IDLE_10_20_S01_R03,VPLC_L0_IDLE_10_20,SER_20260510_VPLC_L0_IDLE_10_20_S01,vPLC_container,VPLC_HOST,550,550,551,,301058,,,vplc_internal,10,20,10,0,0,1,152076,0,0,0,ok,
RUN_20260510_VPLC_L0_IDLE_10_20_S01_R03,VPLC_L0_IDLE_10_20,SER_20260510_VPLC_L0_IDLE_10_20_S01,vPLC_container,VPLC_HOST,551,551,552,,301068,,,vplc_internal,10,20,10,0,0,1,152628,0,0,0,ok,
RUN_20260510_VPLC_L0_IDLE_10_20_S01_R03,VPLC_L0_IDLE_10_20,SER_20260510_VPLC_L0_IDLE_10_20_S01,vPLC_container,VPLC_HOST,552,552,553,,301078,,,vplc_internal,10,20,10,0,0,1,153181,0,0,0,ok,
RUN_20260510_VPLC_L0_IDLE_10_20_S01_R03,VPLC_L0_IDLE_10_20,SER_20260510_VPLC_L0_IDLE_10_20_S01,vPLC_container,VPLC_HOST,553,553,554,,301088,,,vplc_internal,10,20,10,0,0,1,153735,0,0,0,ok,
RUN_20260510_VPLC_L0_IDLE_10_20_S01_R03,VPLC_L0_IDLE_10_20,SER_20260510_VPLC_L0_IDLE_10_20_S01,vPLC_container,VPLC_HOST,554,554,555,,301098,,,vplc_internal,10,20,10,0,0,1,154290,0,0,0,ok,
RUN_20260510_VPLC_L0_IDLE_10_20_S01_R03,VPLC_L0_IDLE_10_20,SER_20260510_VPLC_L0_IDLE_10_20_S01,vPLC_container,VPLC_HOST,555,555,556,,301108,,,vplc_internal,10,20,10,0,0,1,154846,0,0,0,ok,
RUN_20260510_VPLC_L0_IDLE_10_20_S01_R03,VPLC_L0_IDLE_10_20,SER_20260510_VPLC_L0_IDLE_10_20_S01,vPLC_container,VPLC_HOST,556,556,557,,301118,,,vplc_internal,10,20,10,0,0,1,155403,0,0,0,ok,
RUN_20260510_VPLC_L0_IDLE_10_20_S01_R03,VPLC_L0_IDLE_10_20,SER_20260510_VPLC_L0_IDLE_10_20_S01,vPLC_container,VPLC_HOST,557,557,558,,301128,,,vplc_internal,10,20,10,0,0,1,155961,0,0,0,ok,
RUN_20260510_VPLC_L0_IDLE_10_20_S01_R03,VPLC_L0_IDLE_10_20,SER_20260510_VPLC_L0_IDLE_10_20_S01,vPLC_container,VPLC_HOST,558,558,559,,301138,,,vplc_internal,10,20,10,0,0,1,156520,0,0,0,ok,
RUN_20260510_VPLC_L0_IDLE_10_20_S01_R03,VPLC_L0_IDLE_10_20,SER_20260510_VPLC_L0_IDLE_10_20_S01,vPLC_container,VPLC_HOST,559,559,560,,301148,,,vplc_internal,10,20,10,0,0,1,157080,0,0,0,ok,
RUN_20260510_VPLC_L0_IDLE_10_20_S01_R03,VPLC_L0_IDLE_10_20,SER_20260510_VPLC_L0_IDLE_10_20_S01,vPLC_container,VPLC_HOST,560,560,561,,301158,,,vplc_internal,10,20,10,0,0,1,157641,0,0,0,ok,
RUN_20260510_VPLC_L0_IDLE_10_20_S01_R03,VPLC_L0_IDLE_10_20,SER_20260510_VPLC_L0_IDLE_10_20_S01,vPLC_container,VPLC_HOST,561,561,562,,301168,,,vplc_internal,10,20,10,0,0,1,158203,0,0,0,ok,
RUN_20260510_VPLC_L0_IDLE_10_20_S01_R03,VPLC_L0_IDLE_10_20,SER_20260510_VPLC_L0_IDLE_10_20_S01,vPLC_container,VPLC_HOST,562,562,563,,301178,,,vplc_internal,10,20,10,0,0,1,158766,0,0,0,ok,
RUN_20260510_VPLC_L0_IDLE_10_20_S01_R03,VPLC_L0_IDLE_10_20,SER_20260510_VPLC_L0_IDLE_10_20_S01,vPLC_container,VPLC_HOST,563,563,564,,301188,,,vplc_internal,10,20,10,0,0,1,159330,0,0,0,ok,
RUN_20260510_VPLC_L0_IDLE_10_20_S01_R03,VPLC_L0_IDLE_10_20,SER_20260510_VPLC_L0_IDLE_10_20_S01,vPLC_container,VPLC_HOST,564,564,565,,301198,,,vplc_internal,10,20,10,0,0,1,159895,0,0,0,ok,
RUN_20260510_VPLC_L0_IDLE_10_20_S01_R03,VPLC_L0_IDLE_10_20,SER_20260510_VPLC_L0_IDLE_10_20_S01,vPLC_container,VPLC_HOST,565,565,566,,301208,,,vplc_internal,10,20,10,0,0,1,160461,0,0,0,ok,
RUN_20260510_VPLC_L0_IDLE_10_20_S01_R03,VPLC_L0_IDLE_10_20,SER_20260510_VPLC_L0_IDLE_10_20_S01,vPLC_container,VPLC_HOST,566,566,567,,301218,,,vplc_internal,10,20,10,0,0,1,161028,0,0,0,ok,
RUN_20260510_VPLC_L0_IDLE_10_20_S01_R03,VPLC_L0_IDLE_10_20,SER_20260510_VPLC_L0_IDLE_10_20_S01,vPLC_container,VPLC_HOST,567,567,568,,301228,,,vplc_internal,10,20,10,0,0,1,161596,0,0,0,ok,
RUN_20260510_VPLC_L0_IDLE_10_20_S01_R03,VPLC_L0_IDLE_10_20,SER_20260510_VPLC_L0_IDLE_10_20_S01,vPLC_container,VPLC_HOST,568,568,569,,301238,,,vplc_internal,10,20,10,0,0,1,162165,0,0,0,ok,
RUN_20260510_VPLC_L0_IDLE_10_20_S01_R03,VPLC_L0_IDLE_10_20,SER_20260510_VPLC_L0_IDLE_10_20_S01,vPLC_container,VPLC_HOST,569,569,570,,301248,,,vplc_internal,10,20,10,0,0,1,162735,0,0,0,ok,
RUN_20260510_VPLC_L0_IDLE_10_20_S01_R03,VPLC_L0_IDLE_10_20,SER_20260510_VPLC_L0_IDLE_10_20_S01,vPLC_container,VPLC_HOST,570,570,571,,301258,,,vplc_internal,10,20,10,0,0,1,163306,0,0,0,ok,
RUN_20260510_VPLC_L0_IDLE_10_20_S01_R03,VPLC_L0_IDLE_10_20,SER_20260510_VPLC_L0_IDLE_10_20_S01,vPLC_container,VPLC_HOST,571,571,572,,301268,,,vplc_internal,10,20,10,0,0,1,163878,0,0,0,ok,
RUN_20260510_VPLC_L0_IDLE_10_20_S01_R03,VPLC_L0_IDLE_10_20,SER_20260510_VPLC_L0_IDLE_10_20_S01,vPLC_container,VPLC_HOST,572,572,573,,301278,,,vplc_internal,10,20,10,0,0,1,164451,0,0,0,ok,
RUN_20260510_VPLC_L0_IDLE_10_20_S01_R03,VPLC_L0_IDLE_10_20,SER_20260510_VPLC_L0_IDLE_10_20_S01,vPLC_container,VPLC_HOST,573,573,574,,301288,,,vplc_internal,10,20,10,0,0,1,165025,0,0,0,ok,
RUN_20260510_VPLC_L0_IDLE_10_20_S01_R03,VPLC_L0_IDLE_10_20,SER_20260510_VPLC_L0_IDLE_10_20_S01,vPLC_container,VPLC_HOST,574,574,575,,301298,,,vplc_internal,10,20,10,0,0,1,165600,0,0,0,ok,
RUN_20260510_VPLC_L0_IDLE_10_20_S01_R03,VPLC_L0_IDLE_10_20,SER_20260510_VPLC_L0_IDLE_10_20_S01,vPLC_container,VPLC_HOST,575,575,576,,301308,,,vplc_internal,10,20,10,0,0,1,166176,0,0,0,ok,
RUN_20260510_VPLC_L0_IDLE_10_20_S01_R03,VPLC_L0_IDLE_10_20,SER_20260510_VPLC_L0_IDLE_10_20_S01,vPLC_container,VPLC_HOST,576,576,577,,301318,,,vplc_internal,10,20,10,0,0,1,166753,0,0,0,ok,
RUN_20260510_VPLC_L0_IDLE_10_20_S01_R03,VPLC_L0_IDLE_10_20,SER_20260510_VPLC_L0_IDLE_10_20_S01,vPLC_container,VPLC_HOST,577,577,578,,301328,,,vplc_internal,10,20,10,0,0,1,167331,0,0,0,ok,
RUN_20260510_VPLC_L0_IDLE_10_20_S01_R03,VPLC_L0_IDLE_10_20,SER_20260510_VPLC_L0_IDLE_10_20_S01,vPLC_container,VPLC_HOST,578,578,579,,301338,,,vplc_internal,10,20,10,0,0,1,167910,0,0,0,ok,
RUN_20260510_VPLC_L0_IDLE_10_20_S01_R03,VPLC_L0_IDLE_10_20,SER_20260510_VPLC_L0_IDLE_10_20_S01,vPLC_container,VPLC_HOST,579,579,580,,301348,,,vplc_internal,10,20,10,0,0,1,168490,0,0,0,ok,
RUN_20260510_VPLC_L0_IDLE_10_20_S01_R03,VPLC_L0_IDLE_10_20,SER_20260510_VPLC_L0_IDLE_10_20_S01,vPLC_container,VPLC_HOST,580,580,581,,301358,,,vplc_internal,10,20,10,0,0,1,169071,0,0,0,ok,
RUN_20260510_VPLC_L0_IDLE_10_20_S01_R03,VPLC_L0_IDLE_10_20,SER_20260510_VPLC_L0_IDLE_10_20_S01,vPLC_container,VPLC_HOST,581,581,582,,301368,,,vplc_internal,10,20,10,0,0,1,169653,0,0,0,ok,
RUN_20260510_VPLC_L0_IDLE_10_20_S01_R03,VPLC_L0_IDLE_10_20,SER_20260510_VPLC_L0_IDLE_10_20_S01,vPLC_container,VPLC_HOST,582,582,583,,301378,,,vplc_internal,10,20,10,0,0,1,170236,0,0,0,ok,
RUN_20260510_VPLC_L0_IDLE_10_20_S01_R03,VPLC_L0_IDLE_10_20,SER_20260510_VPLC_L0_IDLE_10_20_S01,vPLC_container,VPLC_HOST,583,583,584,,301388,,,vplc_internal,10,20,10,0,0,1,170820,0,0,0,ok,
RUN_20260510_VPLC_L0_IDLE_10_20_S01_R03,VPLC_L0_IDLE_10_20,SER_20260510_VPLC_L0_IDLE_10_20_S01,vPLC_container,VPLC_HOST,584,584,585,,301398,,,vplc_internal,10,20,10,0,0,1,171405,0,0,0,ok,
RUN_20260510_VPLC_L0_IDLE_10_20_S01_R03,VPLC_L0_IDLE_10_20,SER_20260510_VPLC_L0_IDLE_10_20_S01,vPLC_container,VPLC_HOST,585,585,586,,301408,,,vplc_internal,10,20,10,0,0,1,171991,0,0,0,ok,
RUN_20260510_VPLC_L0_IDLE_10_20_S01_R03,VPLC_L0_IDLE_10_20,SER_20260510_VPLC_L0_IDLE_10_20_S01,vPLC_container,VPLC_HOST,586,586,587,,301418,,,vplc_internal,10,20,10,0,0,1,172578,0,0,0,ok,
RUN_20260510_VPLC_L0_IDLE_10_20_S01_R03,VPLC_L0_IDLE_10_20,SER_20260510_VPLC_L0_IDLE_10_20_S01,vPLC_container,VPLC_HOST,587,587,588,,301428,,,vplc_internal,10,20,10,0,0,1,173166,0,0,0,ok,
RUN_20260510_VPLC_L0_IDLE_10_20_S01_R03,VPLC_L0_IDLE_10_20,SER_20260510_VPLC_L0_IDLE_10_20_S01,vPLC_container,VPLC_HOST,588,588,589,,301438,,,vplc_internal,10,20,10,0,0,1,173755,0,0,0,ok,
RUN_20260510_VPLC_L0_IDLE_10_20_S01_R03,VPLC_L0_IDLE_10_20,SER_20260510_VPLC_L0_IDLE_10_20_S01,vPLC_container,VPLC_HOST,589,589,590,,301448,,,vplc_internal,10,20,10,0,0,1,174345,0,0,0,ok,
RUN_20260510_VPLC_L0_IDLE_10_20_S01_R03,VPLC_L0_IDLE_10_20,SER_20260510_VPLC_L0_IDLE_10_20_S01,vPLC_container,VPLC_HOST,590,590,591,,301458,,,vplc_internal,10,20,10,0,0,1,174936,0,0,0,ok,
RUN_20260510_VPLC_L0_IDLE_10_20_S01_R03,VPLC_L0_IDLE_10_20,SER_20260510_VPLC_L0_IDLE_10_20_S01,vPLC_container,VPLC_HOST,591,591,592,,301468,,,vplc_internal,10,20,10,0,0,1,175528,0,0,0,ok,
RUN_20260510_VPLC_L0_IDLE_10_20_S01_R03,VPLC_L0_IDLE_10_20,SER_20260510_VPLC_L0_IDLE_10_20_S01,vPLC_container,VPLC_HOST,592,592,593,,301478,,,vplc_internal,10,20,10,0,0,1,176121,0,0,0,ok,
RUN_20260510_VPLC_L0_IDLE_10_20_S01_R03,VPLC_L0_IDLE_10_20,SER_20260510_VPLC_L0_IDLE_10_20_S01,vPLC_container,VPLC_HOST,593,593,594,,301488,,,vplc_internal,10,20,10,0,0,1,176715,0,0,0,ok,
RUN_20260510_VPLC_L0_IDLE_10_20_S01_R03,VPLC_L0_IDLE_10_20,SER_20260510_VPLC_L0_IDLE_10_20_S01,vPLC_container,VPLC_HOST,594,594,595,,301498,,,vplc_internal,10,20,10,0,0,1,177310,0,0,0,ok,
RUN_20260510_VPLC_L0_IDLE_10_20_S01_R03,VPLC_L0_IDLE_10_20,SER_20260510_VPLC_L0_IDLE_10_20_S01,vPLC_container,VPLC_HOST,595,595,596,,301508,,,vplc_internal,10,20,10,0,0,1,177906,0,0,0,ok,
RUN_20260510_VPLC_L0_IDLE_10_20_S01_R03,VPLC_L0_IDLE_10_20,SER_20260510_VPLC_L0_IDLE_10_20_S01,vPLC_container,VPLC_HOST,596,596,597,,301518,,,vplc_internal,10,20,10,0,0,1,178503,0,0,0,ok,
RUN_20260510_VPLC_L0_IDLE_10_20_S01_R03,VPLC_L0_IDLE_10_20,SER_20260510_VPLC_L0_IDLE_10_20_S01,vPLC_container,VPLC_HOST,597,597,598,,301528,,,vplc_internal,10,20,10,0,0,1,179101,0,0,0,ok,
RUN_20260510_VPLC_L0_IDLE_10_20_S01_R03,VPLC_L0_IDLE_10_20,SER_20260510_VPLC_L0_IDLE_10_20_S01,vPLC_container,VPLC_HOST,598,598,599,,301538,,,vplc_internal,10,20,10,0,0,1,179700,0,0,0,ok,
RUN_20260510_VPLC_L0_IDLE_10_20_S01_R03,VPLC_L0_IDLE_10_20,SER_20260510_VPLC_L0_IDLE_10_20_S01,vPLC_container,VPLC_HOST,599,599,600,,301548,,,vplc_internal,10,20,10,0,0,0,180300,0,0,0,ok,
RUN_20260510_VPLC_L0_IDLE_10_20_S01_R03,VPLC_L0_IDLE_10_20,SER_20260510_VPLC_L0_IDLE_10_20_S01,vPLC_container,VPLC_HOST,600,600,601,,301558,,,vplc_internal,10,20,10,0,0,0,180901,0,0,0,ok,
RUN_20260510_VPLC_L0_IDLE_10_20_S01_R03,VPLC_L0_IDLE_10_20,SER_20260510_VPLC_L0_IDLE_10_20_S01,vPLC_container,VPLC_HOST,601,601,602,,301568,,,vplc_internal,10,20,10,0,0,0,181503,0,0,0,ok,
RUN_20260510_VPLC_L0_IDLE_10_20_S01_R03,VPLC_L0_IDLE_10_20,SER_20260510_VPLC_L0_IDLE_10_20_S01,vPLC_container,VPLC_HOST,602,602,603,,301578,,,vplc_internal,10,20,10,0,0,0,182106,0,0,0,ok,
RUN_20260510_VPLC_L0_IDLE_10_20_S01_R03,VPLC_L0_IDLE_10_20,SER_20260510_VPLC_L0_IDLE_10_20_S01,vPLC_container,VPLC_HOST,603,603,604,,301588,,,vplc_internal,10,20,10,0,0,0,182710,0,0,0,ok,
RUN_20260510_VPLC_L0_IDLE_10_20_S01_R03,VPLC_L0_IDLE_10_20,SER_20260510_VPLC_L0_IDLE_10_20_S01,vPLC_container,VPLC_HOST,604,604,605,,301598,,,vplc_internal,10,20,10,0,0,0,183315,0,0,0,ok,
RUN_20260510_VPLC_L0_IDLE_10_20_S01_R03,VPLC_L0_IDLE_10_20,SER_20260510_VPLC_L0_IDLE_10_20_S01,vPLC_container,VPLC_HOST,605,605,606,,301608,,,vplc_internal,10,20,10,0,0,0,183921,0,0,0,ok,
RUN_20260510_VPLC_L0_IDLE_10_20_S01_R03,VPLC_L0_IDLE_10_20,SER_20260510_VPLC_L0_IDLE_10_20_S01,vPLC_container,VPLC_HOST,606,606,607,,301618,,,vplc_internal,10,20,10,0,0,0,184528,0,0,0,ok,
RUN_20260510_VPLC_L0_IDLE_10_20_S01_R03,VPLC_L0_IDLE_10_20,SER_20260510_VPLC_L0_IDLE_10_20_S01,vPLC_container,VPLC_HOST,607,607,608,,301628,,,vplc_internal,10,20,10,0,0,0,185136,0,0,0,ok,
RUN_20260510_VPLC_L0_IDLE_10_20_S01_R03,VPLC_L0_IDLE_10_20,SER_20260510_VPLC_L0_IDLE_10_20_S01,vPLC_container,VPLC_HOST,608,608,609,,301638,,,vplc_internal,10,20,10,0,0,0,185745,0,0,0,ok,
RUN_20260510_VPLC_L0_IDLE_10_20_S01_R03,VPLC_L0_IDLE_10_20,SER_20260510_VPLC_L0_IDLE_10_20_S01,vPLC_container,VPLC_HOST,609,609,610,,301648,,,vplc_internal,10,20,10,0,0,0,186355,0,0,0,ok,
RUN_20260510_VPLC_L0_IDLE_10_20_S01_R03,VPLC_L0_IDLE_10_20,SER_20260510_VPLC_L0_IDLE_10_20_S01,vPLC_container,VPLC_HOST,610,610,611,,301658,,,vplc_internal,10,20,10,0,0,0,186966,0,0,0,ok,
RUN_20260510_VPLC_L0_IDLE_10_20_S01_R03,VPLC_L0_IDLE_10_20,SER_20260510_VPLC_L0_IDLE_10_20_S01,vPLC_container,VPLC_HOST,611,611,612,,301668,,,vplc_internal,10,20,10,0,0,0,187578,0,0,0,ok,
RUN_20260510_VPLC_L0_IDLE_10_20_S01_R03,VPLC_L0_IDLE_10_20,SER_20260510_VPLC_L0_IDLE_10_20_S01,vPLC_container,VPLC_HOST,612,612,613,,301678,,,vplc_internal,10,20,10,0,0,0,188191,0,0,0,ok,
RUN_20260510_VPLC_L0_IDLE_10_20_S01_R03,VPLC_L0_IDLE_10_20,SER_20260510_VPLC_L0_IDLE_10_20_S01,vPLC_container,VPLC_HOST,613,613,614,,301688,,,vplc_internal,10,20,10,0,0,0,188805,0,0,0,ok,
RUN_20260510_VPLC_L0_IDLE_10_20_S01_R03,VPLC_L0_IDLE_10_20,SER_20260510_VPLC_L0_IDLE_10_20_S01,vPLC_container,VPLC_HOST,614,614,615,,301698,,,vplc_internal,10,20,10,0,0,0,189420,0,0,0,ok,
RUN_20260510_VPLC_L0_IDLE_10_20_S01_R03,VPLC_L0_IDLE_10_20,SER_20260510_VPLC_L0_IDLE_10_20_S01,vPLC_container,VPLC_HOST,615,615,616,,301708,,,vplc_internal,10,20,10,0,0,0,190036,0,0,0,ok,
RUN_20260510_VPLC_L0_IDLE_10_20_S01_R03,VPLC_L0_IDLE_10_20,SER_20260510_VPLC_L0_IDLE_10_20_S01,vPLC_container,VPLC_HOST,616,616,617,,301718,,,vplc_internal,10,20,10,0,0,0,190653,0,0,0,ok,
RUN_20260510_VPLC_L0_IDLE_10_20_S01_R03,VPLC_L0_IDLE_10_20,SER_20260510_VPLC_L0_IDLE_10_20_S01,vPLC_container,VPLC_HOST,617,617,618,,301728,,,vplc_internal,10,20,10,0,0,0,191271,0,0,0,ok,
RUN_20260510_VPLC_L0_IDLE_10_20_S01_R03,VPLC_L0_IDLE_10_20,SER_20260510_VPLC_L0_IDLE_10_20_S01,vPLC_container,VPLC_HOST,618,618,619,,301738,,,vplc_internal,10,20,10,0,0,0,191890,0,0,0,ok,
RUN_20260510_VPLC_L0_IDLE_10_20_S01_R03,VPLC_L0_IDLE_10_20,SER_20260510_VPLC_L0_IDLE_10_20_S01,vPLC_container,VPLC_HOST,619,619,620,,301748,,,vplc_internal,10,20,10,0,0,0,192510,0,0,0,ok,
RUN_20260510_VPLC_L0_IDLE_10_20_S01_R03,VPLC_L0_IDLE_10_20,SER_20260510_VPLC_L0_IDLE_10_20_S01,vPLC_container,VPLC_HOST,620,620,621,,301758,,,vplc_internal,10,20,10,0,0,0,193131,0,0,0,ok,
RUN_20260510_VPLC_L0_IDLE_10_20_S01_R03,VPLC_L0_IDLE_10_20,SER_20260510_VPLC_L0_IDLE_10_20_S01,vPLC_container,VPLC_HOST,621,621,622,,301768,,,vplc_internal,10,20,10,0,0,0,193753,0,0,0,ok,
RUN_20260510_VPLC_L0_IDLE_10_20_S01_R03,VPLC_L0_IDLE_10_20,SER_20260510_VPLC_L0_IDLE_10_20_S01,vPLC_container,VPLC_HOST,622,622,623,,301778,,,vplc_internal,10,20,10,0,0,0,194376,0,0,0,ok,
RUN_20260510_VPLC_L0_IDLE_10_20_S01_R03,VPLC_L0_IDLE_10_20,SER_20260510_VPLC_L0_IDLE_10_20_S01,vPLC_container,VPLC_HOST,623,623,624,,301788,,,vplc_internal,10,20,10,0,0,0,195000,0,0,0,ok,
RUN_20260510_VPLC_L0_IDLE_10_20_S01_R03,VPLC_L0_IDLE_10_20,SER_20260510_VPLC_L0_IDLE_10_20_S01,vPLC_container,VPLC_HOST,624,624,625,,301798,,,vplc_internal,10,20,10,0,0,0,195625,0,0,0,ok,
RUN_20260510_VPLC_L0_IDLE_10_20_S01_R03,VPLC_L0_IDLE_10_20,SER_20260510_VPLC_L0_IDLE_10_20_S01,vPLC_container,VPLC_HOST,625,625,626,,301808,,,vplc_internal,10,20,10,0,0,0,196251,0,0,0,ok,
RUN_20260510_VPLC_L0_IDLE_10_20_S01_R03,VPLC_L0_IDLE_10_20,SER_20260510_VPLC_L0_IDLE_10_20_S01,vPLC_container,VPLC_HOST,626,626,627,,301818,,,vplc_internal,10,20,10,0,0,0,196878,0,0,0,ok,
RUN_20260510_VPLC_L0_IDLE_10_20_S01_R03,VPLC_L0_IDLE_10_20,SER_20260510_VPLC_L0_IDLE_10_20_S01,vPLC_container,VPLC_HOST,627,627,628,,301828,,,vplc_internal,10,20,10,0,0,0,197506,0,0,0,ok,
RUN_20260510_VPLC_L0_IDLE_10_20_S01_R03,VPLC_L0_IDLE_10_20,SER_20260510_VPLC_L0_IDLE_10_20_S01,vPLC_container,VPLC_HOST,628,628,629,,301855,,,vplc_internal,10,20,27,17,1,0,198135,0,0,0,ok,
RUN_20260510_VPLC_L0_IDLE_10_20_S01_R03,VPLC_L0_IDLE_10_20,SER_20260510_VPLC_L0_IDLE_10_20_S01,vPLC_container,VPLC_HOST,629,629,630,,301855,,,vplc_internal,10,20,,,,0,198765,0,0,0,invalid_row,timing_invalid
RUN_20260510_VPLC_L0_IDLE_10_20_S01_R03,VPLC_L0_IDLE_10_20,SER_20260510_VPLC_L0_IDLE_10_20_S01,vPLC_container,VPLC_HOST,630,630,631,,301858,,,vplc_internal,10,20,3,-7,0,0,199396,0,0,0,ok,
RUN_20260510_VPLC_L0_IDLE_10_20_S01_R03,VPLC_L0_IDLE_10_20,SER_20260510_VPLC_L0_IDLE_10_20_S01,vPLC_container,VPLC_HOST,631,631,632,,301868,,,vplc_internal,10,20,10,0,0,0,200028,0,0,0,ok,
RUN_20260510_VPLC_L0_IDLE_10_20_S01_R03,VPLC_L0_IDLE_10_20,SER_20260510_VPLC_L0_IDLE_10_20_S01,vPLC_container,VPLC_HOST,632,632,633,,301878,,,vplc_internal,10,20,10,0,0,0,200661,0,0,0,ok,
RUN_20260510_VPLC_L0_IDLE_10_20_S01_R03,VPLC_L0_IDLE_10_20,SER_20260510_VPLC_L0_IDLE_10_20_S01,vPLC_container,VPLC_HOST,633,633,634,,301888,,,vplc_internal,10,20,10,0,0,0,201295,0,0,0,ok,
RUN_20260510_VPLC_L0_IDLE_10_20_S01_R03,VPLC_L0_IDLE_10_20,SER_20260510_VPLC_L0_IDLE_10_20_S01,vPLC_container,VPLC_HOST,634,634,635,,301898,,,vplc_internal,10,20,10,0,0,0,201930,0,0,0,ok,
RUN_20260510_VPLC_L0_IDLE_10_20_S01_R03,VPLC_L0_IDLE_10_20,SER_20260510_VPLC_L0_IDLE_10_20_S01,vPLC_container,VPLC_HOST,635,635,636,,301908,,,vplc_internal,10,20,10,0,0,0,202566,0,0,0,ok,
RUN_20260510_VPLC_L0_IDLE_10_20_S01_R03,VPLC_L0_IDLE_10_20,SER_20260510_VPLC_L0_IDLE_10_20_S01,vPLC_container,VPLC_HOST,636,636,637,,301918,,,vplc_internal,10,20,10,0,0,0,203203,0,0,0,ok,
RUN_20260510_VPLC_L0_IDLE_10_20_S01_R03,VPLC_L0_IDLE_10_20,SER_20260510_VPLC_L0_IDLE_10_20_S01,vPLC_container,VPLC_HOST,637,637,638,,301928,,,vplc_internal,10,20,10,0,0,0,203841,0,0,0,ok,
RUN_20260510_VPLC_L0_IDLE_10_20_S01_R03,VPLC_L0_IDLE_10_20,SER_20260510_VPLC_L0_IDLE_10_20_S01,vPLC_container,VPLC_HOST,638,638,639,,301938,,,vplc_internal,10,20,10,0,0,0,204480,0,0,0,ok,
RUN_20260510_VPLC_L0_IDLE_10_20_S01_R03,VPLC_L0_IDLE_10_20,SER_20260510_VPLC_L0_IDLE_10_20_S01,vPLC_container,VPLC_HOST,639,639,640,,301948,,,vplc_internal,10,20,10,0,0,0,205120,0,0,0,ok,
RUN_20260510_VPLC_L0_IDLE_10_20_S01_R03,VPLC_L0_IDLE_10_20,SER_20260510_VPLC_L0_IDLE_10_20_S01,vPLC_container,VPLC_HOST,640,640,641,,301958,,,vplc_internal,10,20,10,0,0,0,205761,0,0,0,ok,
RUN_20260510_VPLC_L0_IDLE_10_20_S01_R03,VPLC_L0_IDLE_10_20,SER_20260510_VPLC_L0_IDLE_10_20_S01,vPLC_container,VPLC_HOST,641,641,642,,301968,,,vplc_internal,10,20,10,0,0,0,206403,0,0,0,ok,
RUN_20260510_VPLC_L0_IDLE_10_20_S01_R03,VPLC_L0_IDLE_10_20,SER_20260510_VPLC_L0_IDLE_10_20_S01,vPLC_container,VPLC_HOST,642,642,643,,301978,,,vplc_internal,10,20,10,0,0,0,207046,0,0,0,ok,
RUN_20260510_VPLC_L0_IDLE_10_20_S01_R03,VPLC_L0_IDLE_10_20,SER_20260510_VPLC_L0_IDLE_10_20_S01,vPLC_container,VPLC_HOST,643,643,644,,301988,,,vplc_internal,10,20,10,0,0,0,207690,0,0,0,ok,
RUN_20260510_VPLC_L0_IDLE_10_20_S01_R03,VPLC_L0_IDLE_10_20,SER_20260510_VPLC_L0_IDLE_10_20_S01,vPLC_container,VPLC_HOST,644,644,645,,301998,,,vplc_internal,10,20,10,0,0,0,208335,0,0,0,ok,
RUN_20260510_VPLC_L0_IDLE_10_20_S01_R03,VPLC_L0_IDLE_10_20,SER_20260510_VPLC_L0_IDLE_10_20_S01,vPLC_container,VPLC_HOST,645,645,646,,302008,,,vplc_internal,10,20,10,0,0,0,208981,0,0,0,ok,
RUN_20260510_VPLC_L0_IDLE_10_20_S01_R03,VPLC_L0_IDLE_10_20,SER_20260510_VPLC_L0_IDLE_10_20_S01,vPLC_container,VPLC_HOST,646,646,647,,302018,,,vplc_internal,10,20,10,0,0,0,209628,0,0,0,ok,
RUN_20260510_VPLC_L0_IDLE_10_20_S01_R03,VPLC_L0_IDLE_10_20,SER_20260510_VPLC_L0_IDLE_10_20_S01,vPLC_container,VPLC_HOST,647,647,648,,302028,,,vplc_internal,10,20,10,0,0,0,210276,0,0,0,ok,
RUN_20260510_VPLC_L0_IDLE_10_20_S01_R03,VPLC_L0_IDLE_10_20,SER_20260510_VPLC_L0_IDLE_10_20_S01,vPLC_container,VPLC_HOST,648,648,649,,302038,,,vplc_internal,10,20,10,0,0,0,210925,0,0,0,ok,
RUN_20260510_VPLC_L0_IDLE_10_20_S01_R03,VPLC_L0_IDLE_10_20,SER_20260510_VPLC_L0_IDLE_10_20_S01,vPLC_container,VPLC_HOST,649,649,650,,302048,,,vplc_internal,10,20,10,0,0,0,211575,0,0,0,ok,
RUN_20260510_VPLC_L0_IDLE_10_20_S01_R03,VPLC_L0_IDLE_10_20,SER_20260510_VPLC_L0_IDLE_10_20_S01,vPLC_container,VPLC_HOST,650,650,651,,302058,,,vplc_internal,10,20,10,0,0,0,212226,0,0,0,ok,
RUN_20260510_VPLC_L0_IDLE_10_20_S01_R03,VPLC_L0_IDLE_10_20,SER_20260510_VPLC_L0_IDLE_10_20_S01,vPLC_container,VPLC_HOST,651,651,652,,302068,,,vplc_internal,10,20,10,0,0,0,212878,0,0,0,ok,
RUN_20260510_VPLC_L0_IDLE_10_20_S01_R03,VPLC_L0_IDLE_10_20,SER_20260510_VPLC_L0_IDLE_10_20_S01,vPLC_container,VPLC_HOST,652,652,653,,302078,,,vplc_internal,10,20,10,0,0,0,213531,0,0,0,ok,
RUN_20260510_VPLC_L0_IDLE_10_20_S01_R03,VPLC_L0_IDLE_10_20,SER_20260510_VPLC_L0_IDLE_10_20_S01,vPLC_container,VPLC_HOST,653,653,654,,302088,,,vplc_internal,10,20,10,0,0,0,214185,0,0,0,ok,
RUN_20260510_VPLC_L0_IDLE_10_20_S01_R03,VPLC_L0_IDLE_10_20,SER_20260510_VPLC_L0_IDLE_10_20_S01,vPLC_container,VPLC_HOST,654,654,655,,302098,,,vplc_internal,10,20,10,0,0,0,214840,0,0,0,ok,
RUN_20260510_VPLC_L0_IDLE_10_20_S01_R03,VPLC_L0_IDLE_10_20,SER_20260510_VPLC_L0_IDLE_10_20_S01,vPLC_container,VPLC_HOST,655,655,656,,302108,,,vplc_internal,10,20,10,0,0,0,215496,0,0,0,ok,
RUN_20260510_VPLC_L0_IDLE_10_20_S01_R03,VPLC_L0_IDLE_10_20,SER_20260510_VPLC_L0_IDLE_10_20_S01,vPLC_container,VPLC_HOST,656,656,657,,302118,,,vplc_internal,10,20,10,0,0,0,216153,0,0,0,ok,
RUN_20260510_VPLC_L0_IDLE_10_20_S01_R03,VPLC_L0_IDLE_10_20,SER_20260510_VPLC_L0_IDLE_10_20_S01,vPLC_container,VPLC_HOST,657,657,658,,302128,,,vplc_internal,10,20,10,0,0,0,216811,0,0,0,ok,
RUN_20260510_VPLC_L0_IDLE_10_20_S01_R03,VPLC_L0_IDLE_10_20,SER_20260510_VPLC_L0_IDLE_10_20_S01,vPLC_container,VPLC_HOST,658,658,659,,302138,,,vplc_internal,10,20,10,0,0,0,217470,0,0,0,ok,
RUN_20260510_VPLC_L0_IDLE_10_20_S01_R03,VPLC_L0_IDLE_10_20,SER_20260510_VPLC_L0_IDLE_10_20_S01,vPLC_container,VPLC_HOST,659,659,660,,302148,,,vplc_internal,10,20,10,0,0,0,218130,0,0,0,ok,
RUN_20260510_VPLC_L0_IDLE_10_20_S01_R03,VPLC_L0_IDLE_10_20,SER_20260510_VPLC_L0_IDLE_10_20_S01,vPLC_container,VPLC_HOST,660,660,661,,302158,,,vplc_internal,10,20,10,0,0,0,218791,0,0,0,ok,
RUN_20260510_VPLC_L0_IDLE_10_20_S01_R03,VPLC_L0_IDLE_10_20,SER_20260510_VPLC_L0_IDLE_10_20_S01,vPLC_container,VPLC_HOST,661,661,662,,302169,,,vplc_internal,10,20,11,1,0,0,219453,0,0,0,ok,
RUN_20260510_VPLC_L0_IDLE_10_20_S01_R03,VPLC_L0_IDLE_10_20,SER_20260510_VPLC_L0_IDLE_10_20_S01,vPLC_container,VPLC_HOST,662,662,663,,302178,,,vplc_internal,10,20,9,-1,0,0,220116,0,0,0,ok,
RUN_20260510_VPLC_L0_IDLE_10_20_S01_R03,VPLC_L0_IDLE_10_20,SER_20260510_VPLC_L0_IDLE_10_20_S01,vPLC_container,VPLC_HOST,663,663,664,,302188,,,vplc_internal,10,20,10,0,0,0,220780,0,0,0,ok,
RUN_20260510_VPLC_L0_IDLE_10_20_S01_R03,VPLC_L0_IDLE_10_20,SER_20260510_VPLC_L0_IDLE_10_20_S01,vPLC_container,VPLC_HOST,664,664,665,,302198,,,vplc_internal,10,20,10,0,0,0,221445,0,0,0,ok,
RUN_20260510_VPLC_L0_IDLE_10_20_S01_R03,VPLC_L0_IDLE_10_20,SER_20260510_VPLC_L0_IDLE_10_20_S01,vPLC_container,VPLC_HOST,665,665,666,,302208,,,vplc_internal,10,20,10,0,0,0,222111,0,0,0,ok,
RUN_20260510_VPLC_L0_IDLE_10_20_S01_R03,VPLC_L0_IDLE_10_20,SER_20260510_VPLC_L0_IDLE_10_20_S01,vPLC_container,VPLC_HOST,666,666,667,,302218,,,vplc_internal,10,20,10,0,0,0,222778,0,0,0,ok,
RUN_20260510_VPLC_L0_IDLE_10_20_S01_R03,VPLC_L0_IDLE_10_20,SER_20260510_VPLC_L0_IDLE_10_20_S01,vPLC_container,VPLC_HOST,667,667,668,,302228,,,vplc_internal,10,20,10,0,0,0,223446,0,0,0,ok,
RUN_20260510_VPLC_L0_IDLE_10_20_S01_R03,VPLC_L0_IDLE_10_20,SER_20260510_VPLC_L0_IDLE_10_20_S01,vPLC_container,VPLC_HOST,668,668,669,,302238,,,vplc_internal,10,20,10,0,0,0,224115,0,0,0,ok,
RUN_20260510_VPLC_L0_IDLE_10_20_S01_R03,VPLC_L0_IDLE_10_20,SER_20260510_VPLC_L0_IDLE_10_20_S01,vPLC_container,VPLC_HOST,669,669,670,,302248,,,vplc_internal,10,20,10,0,0,0,224785,0,0,0,ok,
RUN_20260510_VPLC_L0_IDLE_10_20_S01_R03,VPLC_L0_IDLE_10_20,SER_20260510_VPLC_L0_IDLE_10_20_S01,vPLC_container,VPLC_HOST,670,670,671,,302258,,,vplc_internal,10,20,10,0,0,0,225456,0,0,0,ok,
RUN_20260510_VPLC_L0_IDLE_10_20_S01_R03,VPLC_L0_IDLE_10_20,SER_20260510_VPLC_L0_IDLE_10_20_S01,vPLC_container,VPLC_HOST,671,671,672,,302268,,,vplc_internal,10,20,10,0,0,0,226128,0,0,0,ok,
RUN_20260510_VPLC_L0_IDLE_10_20_S01_R03,VPLC_L0_IDLE_10_20,SER_20260510_VPLC_L0_IDLE_10_20_S01,vPLC_container,VPLC_HOST,672,672,673,,302278,,,vplc_internal,10,20,10,0,0,0,226801,0,0,0,ok,
RUN_20260510_VPLC_L0_IDLE_10_20_S01_R03,VPLC_L0_IDLE_10_20,SER_20260510_VPLC_L0_IDLE_10_20_S01,vPLC_container,VPLC_HOST,673,673,674,,302288,,,vplc_internal,10,20,10,0,0,0,227475,0,0,0,ok,
RUN_20260510_VPLC_L0_IDLE_10_20_S01_R03,VPLC_L0_IDLE_10_20,SER_20260510_VPLC_L0_IDLE_10_20_S01,vPLC_container,VPLC_HOST,674,674,675,,302298,,,vplc_internal,10,20,10,0,0,0,228150,0,0,0,ok,
RUN_20260510_VPLC_L0_IDLE_10_20_S01_R03,VPLC_L0_IDLE_10_20,SER_20260510_VPLC_L0_IDLE_10_20_S01,vPLC_container,VPLC_HOST,675,675,676,,302308,,,vplc_internal,10,20,10,0,0,0,228826,0,0,0,ok,
RUN_20260510_VPLC_L0_IDLE_10_20_S01_R03,VPLC_L0_IDLE_10_20,SER_20260510_VPLC_L0_IDLE_10_20_S01,vPLC_container,VPLC_HOST,676,676,677,,302318,,,vplc_internal,10,20,10,0,0,0,229503,0,0,0,ok,
RUN_20260510_VPLC_L0_IDLE_10_20_S01_R03,VPLC_L0_IDLE_10_20,SER_20260510_VPLC_L0_IDLE_10_20_S01,vPLC_container,VPLC_HOST,677,677,678,,302328,,,vplc_internal,10,20,10,0,0,0,230181,0,0,0,ok,
RUN_20260510_VPLC_L0_IDLE_10_20_S01_R03,VPLC_L0_IDLE_10_20,SER_20260510_VPLC_L0_IDLE_10_20_S01,vPLC_container,VPLC_HOST,678,678,679,,302338,,,vplc_internal,10,20,10,0,0,0,230860,0,0,0,ok,
RUN_20260510_VPLC_L0_IDLE_10_20_S01_R03,VPLC_L0_IDLE_10_20,SER_20260510_VPLC_L0_IDLE_10_20_S01,vPLC_container,VPLC_HOST,679,679,680,,302348,,,vplc_internal,10,20,10,0,0,0,231540,0,0,0,ok,
RUN_20260510_VPLC_L0_IDLE_10_20_S01_R03,VPLC_L0_IDLE_10_20,SER_20260510_VPLC_L0_IDLE_10_20_S01,vPLC_container,VPLC_HOST,680,680,681,,302358,,,vplc_internal,10,20,10,0,0,0,232221,0,0,0,ok,
RUN_20260510_VPLC_L0_IDLE_10_20_S01_R03,VPLC_L0_IDLE_10_20,SER_20260510_VPLC_L0_IDLE_10_20_S01,vPLC_container,VPLC_HOST,681,681,682,,302368,,,vplc_internal,10,20,10,0,0,0,232903,0,0,0,ok,
RUN_20260510_VPLC_L0_IDLE_10_20_S01_R03,VPLC_L0_IDLE_10_20,SER_20260510_VPLC_L0_IDLE_10_20_S01,vPLC_container,VPLC_HOST,682,682,683,,302378,,,vplc_internal,10,20,10,0,0,0,233586,0,0,0,ok,
RUN_20260510_VPLC_L0_IDLE_10_20_S01_R03,VPLC_L0_IDLE_10_20,SER_20260510_VPLC_L0_IDLE_10_20_S01,vPLC_container,VPLC_HOST,683,683,684,,302388,,,vplc_internal,10,20,10,0,0,0,234270,0,0,0,ok,
RUN_20260510_VPLC_L0_IDLE_10_20_S01_R03,VPLC_L0_IDLE_10_20,SER_20260510_VPLC_L0_IDLE_10_20_S01,vPLC_container,VPLC_HOST,684,684,685,,302398,,,vplc_internal,10,20,10,0,0,0,234955,0,0,0,ok,
RUN_20260510_VPLC_L0_IDLE_10_20_S01_R03,VPLC_L0_IDLE_10_20,SER_20260510_VPLC_L0_IDLE_10_20_S01,vPLC_container,VPLC_HOST,685,685,686,,302408,,,vplc_internal,10,20,10,0,0,0,235641,0,0,0,ok,
RUN_20260510_VPLC_L0_IDLE_10_20_S01_R03,VPLC_L0_IDLE_10_20,SER_20260510_VPLC_L0_IDLE_10_20_S01,vPLC_container,VPLC_HOST,686,686,687,,302418,,,vplc_internal,10,20,10,0,0,0,236328,0,0,0,ok,
RUN_20260510_VPLC_L0_IDLE_10_20_S01_R03,VPLC_L0_IDLE_10_20,SER_20260510_VPLC_L0_IDLE_10_20_S01,vPLC_container,VPLC_HOST,687,687,688,,302428,,,vplc_internal,10,20,10,0,0,0,237016,0,0,0,ok,
RUN_20260510_VPLC_L0_IDLE_10_20_S01_R03,VPLC_L0_IDLE_10_20,SER_20260510_VPLC_L0_IDLE_10_20_S01,vPLC_container,VPLC_HOST,688,688,689,,302438,,,vplc_internal,10,20,10,0,0,0,237705,0,0,0,ok,
RUN_20260510_VPLC_L0_IDLE_10_20_S01_R03,VPLC_L0_IDLE_10_20,SER_20260510_VPLC_L0_IDLE_10_20_S01,vPLC_container,VPLC_HOST,689,689,690,,302448,,,vplc_internal,10,20,10,0,0,0,238395,0,0,0,ok,
RUN_20260510_VPLC_L0_IDLE_10_20_S01_R03,VPLC_L0_IDLE_10_20,SER_20260510_VPLC_L0_IDLE_10_20_S01,vPLC_container,VPLC_HOST,690,690,691,,302458,,,vplc_internal,10,20,10,0,0,0,239086,0,0,0,ok,
RUN_20260510_VPLC_L0_IDLE_10_20_S01_R03,VPLC_L0_IDLE_10_20,SER_20260510_VPLC_L0_IDLE_10_20_S01,vPLC_container,VPLC_HOST,691,691,692,,302468,,,vplc_internal,10,20,10,0,0,0,239778,0,0,0,ok,
RUN_20260510_VPLC_L0_IDLE_10_20_S01_R03,VPLC_L0_IDLE_10_20,SER_20260510_VPLC_L0_IDLE_10_20_S01,vPLC_container,VPLC_HOST,692,692,693,,302478,,,vplc_internal,10,20,10,0,0,0,240471,0,0,0,ok,
RUN_20260510_VPLC_L0_IDLE_10_20_S01_R03,VPLC_L0_IDLE_10_20,SER_20260510_VPLC_L0_IDLE_10_20_S01,vPLC_container,VPLC_HOST,693,693,694,,302488,,,vplc_internal,10,20,10,0,0,0,241165,0,0,0,ok,
RUN_20260510_VPLC_L0_IDLE_10_20_S01_R03,VPLC_L0_IDLE_10_20,SER_20260510_VPLC_L0_IDLE_10_20_S01,vPLC_container,VPLC_HOST,694,694,695,,302498,,,vplc_internal,10,20,10,0,0,0,241860,0,0,0,ok,
RUN_20260510_VPLC_L0_IDLE_10_20_S01_R03,VPLC_L0_IDLE_10_20,SER_20260510_VPLC_L0_IDLE_10_20_S01,vPLC_container,VPLC_HOST,695,695,696,,302508,,,vplc_internal,10,20,10,0,0,0,242556,0,0,0,ok,
RUN_20260510_VPLC_L0_IDLE_10_20_S01_R03,VPLC_L0_IDLE_10_20,SER_20260510_VPLC_L0_IDLE_10_20_S01,vPLC_container,VPLC_HOST,696,696,697,,302518,,,vplc_internal,10,20,10,0,0,0,243253,0,0,0,ok,
RUN_20260510_VPLC_L0_IDLE_10_20_S01_R03,VPLC_L0_IDLE_10_20,SER_20260510_VPLC_L0_IDLE_10_20_S01,vPLC_container,VPLC_HOST,697,697,698,,302528,,,vplc_internal,10,20,10,0,0,0,243951,0,0,0,ok,
RUN_20260510_VPLC_L0_IDLE_10_20_S01_R03,VPLC_L0_IDLE_10_20,SER_20260510_VPLC_L0_IDLE_10_20_S01,vPLC_container,VPLC_HOST,698,698,699,,302538,,,vplc_internal,10,20,10,0,0,0,244650,0,0,0,ok,
RUN_20260510_VPLC_L0_IDLE_10_20_S01_R03,VPLC_L0_IDLE_10_20,SER_20260510_VPLC_L0_IDLE_10_20_S01,vPLC_container,VPLC_HOST,699,699,700,,302548,,,vplc_internal,10,20,10,0,0,1,245350,0,0,0,ok,
RUN_20260510_VPLC_L0_IDLE_10_20_S01_R03,VPLC_L0_IDLE_10_20,SER_20260510_VPLC_L0_IDLE_10_20_S01,vPLC_container,VPLC_HOST,700,700,701,,302558,,,vplc_internal,10,20,10,0,0,1,246051,0,0,0,ok,
RUN_20260510_VPLC_L0_IDLE_10_20_S01_R03,VPLC_L0_IDLE_10_20,SER_20260510_VPLC_L0_IDLE_10_20_S01,vPLC_container,VPLC_HOST,701,701,702,,302568,,,vplc_internal,10,20,10,0,0,1,246753,0,0,0,ok,
RUN_20260510_VPLC_L0_IDLE_10_20_S01_R03,VPLC_L0_IDLE_10_20,SER_20260510_VPLC_L0_IDLE_10_20_S01,vPLC_container,VPLC_HOST,702,702,703,,302578,,,vplc_internal,10,20,10,0,0,1,247456,0,0,0,ok,
RUN_20260510_VPLC_L0_IDLE_10_20_S01_R03,VPLC_L0_IDLE_10_20,SER_20260510_VPLC_L0_IDLE_10_20_S01,vPLC_container,VPLC_HOST,703,703,704,,302588,,,vplc_internal,10,20,10,0,0,1,248160,0,0,0,ok,
RUN_20260510_VPLC_L0_IDLE_10_20_S01_R03,VPLC_L0_IDLE_10_20,SER_20260510_VPLC_L0_IDLE_10_20_S01,vPLC_container,VPLC_HOST,704,704,705,,302598,,,vplc_internal,10,20,10,0,0,1,248865,0,0,0,ok,
RUN_20260510_VPLC_L0_IDLE_10_20_S01_R03,VPLC_L0_IDLE_10_20,SER_20260510_VPLC_L0_IDLE_10_20_S01,vPLC_container,VPLC_HOST,705,705,706,,302608,,,vplc_internal,10,20,10,0,0,1,249571,0,0,0,ok,
RUN_20260510_VPLC_L0_IDLE_10_20_S01_R03,VPLC_L0_IDLE_10_20,SER_20260510_VPLC_L0_IDLE_10_20_S01,vPLC_container,VPLC_HOST,706,706,707,,302618,,,vplc_internal,10,20,10,0,0,1,250278,0,0,0,ok,
RUN_20260510_VPLC_L0_IDLE_10_20_S01_R03,VPLC_L0_IDLE_10_20,SER_20260510_VPLC_L0_IDLE_10_20_S01,vPLC_container,VPLC_HOST,707,707,708,,302628,,,vplc_internal,10,20,10,0,0,1,250986,0,0,0,ok,
RUN_20260510_VPLC_L0_IDLE_10_20_S01_R03,VPLC_L0_IDLE_10_20,SER_20260510_VPLC_L0_IDLE_10_20_S01,vPLC_container,VPLC_HOST,708,708,709,,302638,,,vplc_internal,10,20,10,0,0,1,251695,0,0,0,ok,
RUN_20260510_VPLC_L0_IDLE_10_20_S01_R03,VPLC_L0_IDLE_10_20,SER_20260510_VPLC_L0_IDLE_10_20_S01,vPLC_container,VPLC_HOST,709,709,710,,302648,,,vplc_internal,10,20,10,0,0,1,252405,0,0,0,ok,
RUN_20260510_VPLC_L0_IDLE_10_20_S01_R03,VPLC_L0_IDLE_10_20,SER_20260510_VPLC_L0_IDLE_10_20_S01,vPLC_container,VPLC_HOST,710,710,711,,302658,,,vplc_internal,10,20,10,0,0,1,253116,0,0,0,ok,
RUN_20260510_VPLC_L0_IDLE_10_20_S01_R03,VPLC_L0_IDLE_10_20,SER_20260510_VPLC_L0_IDLE_10_20_S01,vPLC_container,VPLC_HOST,711,711,712,,302668,,,vplc_internal,10,20,10,0,0,1,253828,0,0,0,ok,
RUN_20260510_VPLC_L0_IDLE_10_20_S01_R03,VPLC_L0_IDLE_10_20,SER_20260510_VPLC_L0_IDLE_10_20_S01,vPLC_container,VPLC_HOST,712,712,713,,302678,,,vplc_internal,10,20,10,0,0,1,254541,0,0,0,ok,
RUN_20260510_VPLC_L0_IDLE_10_20_S01_R03,VPLC_L0_IDLE_10_20,SER_20260510_VPLC_L0_IDLE_10_20_S01,vPLC_container,VPLC_HOST,713,713,714,,302688,,,vplc_internal,10,20,10,0,0,1,255255,0,0,0,ok,
RUN_20260510_VPLC_L0_IDLE_10_20_S01_R03,VPLC_L0_IDLE_10_20,SER_20260510_VPLC_L0_IDLE_10_20_S01,vPLC_container,VPLC_HOST,714,714,715,,302698,,,vplc_internal,10,20,10,0,0,1,255970,0,0,0,ok,
RUN_20260510_VPLC_L0_IDLE_10_20_S01_R03,VPLC_L0_IDLE_10_20,SER_20260510_VPLC_L0_IDLE_10_20_S01,vPLC_container,VPLC_HOST,715,715,716,,302708,,,vplc_internal,10,20,10,0,0,1,256686,0,0,0,ok,
RUN_20260510_VPLC_L0_IDLE_10_20_S01_R03,VPLC_L0_IDLE_10_20,SER_20260510_VPLC_L0_IDLE_10_20_S01,vPLC_container,VPLC_HOST,716,716,717,,302718,,,vplc_internal,10,20,10,0,0,1,257403,0,0,0,ok,
RUN_20260510_VPLC_L0_IDLE_10_20_S01_R03,VPLC_L0_IDLE_10_20,SER_20260510_VPLC_L0_IDLE_10_20_S01,vPLC_container,VPLC_HOST,717,717,718,,302728,,,vplc_internal,10,20,10,0,0,1,258121,0,0,0,ok,
RUN_20260510_VPLC_L0_IDLE_10_20_S01_R03,VPLC_L0_IDLE_10_20,SER_20260510_VPLC_L0_IDLE_10_20_S01,vPLC_container,VPLC_HOST,718,718,719,,302738,,,vplc_internal,10,20,10,0,0,1,258840,0,0,0,ok,
RUN_20260510_VPLC_L0_IDLE_10_20_S01_R03,VPLC_L0_IDLE_10_20,SER_20260510_VPLC_L0_IDLE_10_20_S01,vPLC_container,VPLC_HOST,719,719,720,,302748,,,vplc_internal,10,20,10,0,0,1,259560,0,0,0,ok,
RUN_20260510_VPLC_L0_IDLE_10_20_S01_R03,VPLC_L0_IDLE_10_20,SER_20260510_VPLC_L0_IDLE_10_20_S01,vPLC_container,VPLC_HOST,720,720,721,,302758,,,vplc_internal,10,20,10,0,0,1,260281,0,0,0,ok,
RUN_20260510_VPLC_L0_IDLE_10_20_S01_R03,VPLC_L0_IDLE_10_20,SER_20260510_VPLC_L0_IDLE_10_20_S01,vPLC_container,VPLC_HOST,721,721,722,,302768,,,vplc_internal,10,20,10,0,0,1,261003,0,0,0,ok,
RUN_20260510_VPLC_L0_IDLE_10_20_S01_R03,VPLC_L0_IDLE_10_20,SER_20260510_VPLC_L0_IDLE_10_20_S01,vPLC_container,VPLC_HOST,722,722,723,,302778,,,vplc_internal,10,20,10,0,0,1,261726,0,0,0,ok,
RUN_20260510_VPLC_L0_IDLE_10_20_S01_R03,VPLC_L0_IDLE_10_20,SER_20260510_VPLC_L0_IDLE_10_20_S01,vPLC_container,VPLC_HOST,723,723,724,,302788,,,vplc_internal,10,20,10,0,0,1,262450,0,0,0,ok,
RUN_20260510_VPLC_L0_IDLE_10_20_S01_R03,VPLC_L0_IDLE_10_20,SER_20260510_VPLC_L0_IDLE_10_20_S01,vPLC_container,VPLC_HOST,724,724,725,,302798,,,vplc_internal,10,20,10,0,0,1,263175,0,0,0,ok,
RUN_20260510_VPLC_L0_IDLE_10_20_S01_R03,VPLC_L0_IDLE_10_20,SER_20260510_VPLC_L0_IDLE_10_20_S01,vPLC_container,VPLC_HOST,725,725,726,,302808,,,vplc_internal,10,20,10,0,0,1,263901,0,0,0,ok,
RUN_20260510_VPLC_L0_IDLE_10_20_S01_R03,VPLC_L0_IDLE_10_20,SER_20260510_VPLC_L0_IDLE_10_20_S01,vPLC_container,VPLC_HOST,726,726,727,,302818,,,vplc_internal,10,20,10,0,0,1,264628,0,0,0,ok,
RUN_20260510_VPLC_L0_IDLE_10_20_S01_R03,VPLC_L0_IDLE_10_20,SER_20260510_VPLC_L0_IDLE_10_20_S01,vPLC_container,VPLC_HOST,727,727,728,,302828,,,vplc_internal,10,20,10,0,0,1,265356,0,0,0,ok,
RUN_20260510_VPLC_L0_IDLE_10_20_S01_R03,VPLC_L0_IDLE_10_20,SER_20260510_VPLC_L0_IDLE_10_20_S01,vPLC_container,VPLC_HOST,728,728,729,,302848,,,vplc_internal,10,20,20,10,0,1,266085,0,0,0,ok,
RUN_20260510_VPLC_L0_IDLE_10_20_S01_R03,VPLC_L0_IDLE_10_20,SER_20260510_VPLC_L0_IDLE_10_20_S01,vPLC_container,VPLC_HOST,729,729,730,,302848,,,vplc_internal,10,20,,,,1,266815,0,0,0,invalid_row,timing_invalid
RUN_20260510_VPLC_L0_IDLE_10_20_S01_R03,VPLC_L0_IDLE_10_20,SER_20260510_VPLC_L0_IDLE_10_20_S01,vPLC_container,VPLC_HOST,730,730,731,,302858,,,vplc_internal,10,20,10,0,0,1,267546,0,0,0,ok,
RUN_20260510_VPLC_L0_IDLE_10_20_S01_R03,VPLC_L0_IDLE_10_20,SER_20260510_VPLC_L0_IDLE_10_20_S01,vPLC_container,VPLC_HOST,731,731,732,,302868,,,vplc_internal,10,20,10,0,0,1,268278,0,0,0,ok,
RUN_20260510_VPLC_L0_IDLE_10_20_S01_R03,VPLC_L0_IDLE_10_20,SER_20260510_VPLC_L0_IDLE_10_20_S01,vPLC_container,VPLC_HOST,732,732,733,,302878,,,vplc_internal,10,20,10,0,0,1,269011,0,0,0,ok,
RUN_20260510_VPLC_L0_IDLE_10_20_S01_R03,VPLC_L0_IDLE_10_20,SER_20260510_VPLC_L0_IDLE_10_20_S01,vPLC_container,VPLC_HOST,733,733,734,,302888,,,vplc_internal,10,20,10,0,0,1,269745,0,0,0,ok,
RUN_20260510_VPLC_L0_IDLE_10_20_S01_R03,VPLC_L0_IDLE_10_20,SER_20260510_VPLC_L0_IDLE_10_20_S01,vPLC_container,VPLC_HOST,734,734,735,,302898,,,vplc_internal,10,20,10,0,0,1,270480,0,0,0,ok,
RUN_20260510_VPLC_L0_IDLE_10_20_S01_R03,VPLC_L0_IDLE_10_20,SER_20260510_VPLC_L0_IDLE_10_20_S01,vPLC_container,VPLC_HOST,735,735,736,,302908,,,vplc_internal,10,20,10,0,0,1,271216,0,0,0,ok,
RUN_20260510_VPLC_L0_IDLE_10_20_S01_R03,VPLC_L0_IDLE_10_20,SER_20260510_VPLC_L0_IDLE_10_20_S01,vPLC_container,VPLC_HOST,736,736,737,,302918,,,vplc_internal,10,20,10,0,0,1,271953,0,0,0,ok,
RUN_20260510_VPLC_L0_IDLE_10_20_S01_R03,VPLC_L0_IDLE_10_20,SER_20260510_VPLC_L0_IDLE_10_20_S01,vPLC_container,VPLC_HOST,737,737,738,,302928,,,vplc_internal,10,20,10,0,0,1,272691,0,0,0,ok,
RUN_20260510_VPLC_L0_IDLE_10_20_S01_R03,VPLC_L0_IDLE_10_20,SER_20260510_VPLC_L0_IDLE_10_20_S01,vPLC_container,VPLC_HOST,738,738,739,,302938,,,vplc_internal,10,20,10,0,0,1,273430,0,0,0,ok,
RUN_20260510_VPLC_L0_IDLE_10_20_S01_R03,VPLC_L0_IDLE_10_20,SER_20260510_VPLC_L0_IDLE_10_20_S01,vPLC_container,VPLC_HOST,739,739,740,,302948,,,vplc_internal,10,20,10,0,0,1,274170,0,0,0,ok,
RUN_20260510_VPLC_L0_IDLE_10_20_S01_R03,VPLC_L0_IDLE_10_20,SER_20260510_VPLC_L0_IDLE_10_20_S01,vPLC_container,VPLC_HOST,740,740,741,,302958,,,vplc_internal,10,20,10,0,0,1,274911,0,0,0,ok,
RUN_20260510_VPLC_L0_IDLE_10_20_S01_R03,VPLC_L0_IDLE_10_20,SER_20260510_VPLC_L0_IDLE_10_20_S01,vPLC_container,VPLC_HOST,741,741,742,,302968,,,vplc_internal,10,20,10,0,0,1,275653,0,0,0,ok,
RUN_20260510_VPLC_L0_IDLE_10_20_S01_R03,VPLC_L0_IDLE_10_20,SER_20260510_VPLC_L0_IDLE_10_20_S01,vPLC_container,VPLC_HOST,742,742,743,,302978,,,vplc_internal,10,20,10,0,0,1,276396,0,0,0,ok,
RUN_20260510_VPLC_L0_IDLE_10_20_S01_R03,VPLC_L0_IDLE_10_20,SER_20260510_VPLC_L0_IDLE_10_20_S01,vPLC_container,VPLC_HOST,743,743,744,,302988,,,vplc_internal,10,20,10,0,0,1,277140,0,0,0,ok,
RUN_20260510_VPLC_L0_IDLE_10_20_S01_R03,VPLC_L0_IDLE_10_20,SER_20260510_VPLC_L0_IDLE_10_20_S01,vPLC_container,VPLC_HOST,744,744,745,,302998,,,vplc_internal,10,20,10,0,0,1,277885,0,0,0,ok,
RUN_20260510_VPLC_L0_IDLE_10_20_S01_R03,VPLC_L0_IDLE_10_20,SER_20260510_VPLC_L0_IDLE_10_20_S01,vPLC_container,VPLC_HOST,745,745,746,,303008,,,vplc_internal,10,20,10,0,0,1,278631,0,0,0,ok,
RUN_20260510_VPLC_L0_IDLE_10_20_S01_R03,VPLC_L0_IDLE_10_20,SER_20260510_VPLC_L0_IDLE_10_20_S01,vPLC_container,VPLC_HOST,746,746,747,,303018,,,vplc_internal,10,20,10,0,0,1,279378,0,0,0,ok,
RUN_20260510_VPLC_L0_IDLE_10_20_S01_R03,VPLC_L0_IDLE_10_20,SER_20260510_VPLC_L0_IDLE_10_20_S01,vPLC_container,VPLC_HOST,747,747,748,,303028,,,vplc_internal,10,20,10,0,0,1,280126,0,0,0,ok,
RUN_20260510_VPLC_L0_IDLE_10_20_S01_R03,VPLC_L0_IDLE_10_20,SER_20260510_VPLC_L0_IDLE_10_20_S01,vPLC_container,VPLC_HOST,748,748,749,,303038,,,vplc_internal,10,20,10,0,0,1,280875,0,0,0,ok,
RUN_20260510_VPLC_L0_IDLE_10_20_S01_R03,VPLC_L0_IDLE_10_20,SER_20260510_VPLC_L0_IDLE_10_20_S01,vPLC_container,VPLC_HOST,749,749,750,,303048,,,vplc_internal,10,20,10,0,0,1,281625,0,0,0,ok,
RUN_20260510_VPLC_L0_IDLE_10_20_S01_R03,VPLC_L0_IDLE_10_20,SER_20260510_VPLC_L0_IDLE_10_20_S01,vPLC_container,VPLC_HOST,750,750,751,,303058,,,vplc_internal,10,20,10,0,0,1,282376,0,0,0,ok,
RUN_20260510_VPLC_L0_IDLE_10_20_S01_R03,VPLC_L0_IDLE_10_20,SER_20260510_VPLC_L0_IDLE_10_20_S01,vPLC_container,VPLC_HOST,751,751,752,,303068,,,vplc_internal,10,20,10,0,0,1,283128,0,0,0,ok,
RUN_20260510_VPLC_L0_IDLE_10_20_S01_R03,VPLC_L0_IDLE_10_20,SER_20260510_VPLC_L0_IDLE_10_20_S01,vPLC_container,VPLC_HOST,752,752,753,,303078,,,vplc_internal,10,20,10,0,0,1,283881,0,0,0,ok,
RUN_20260510_VPLC_L0_IDLE_10_20_S01_R03,VPLC_L0_IDLE_10_20,SER_20260510_VPLC_L0_IDLE_10_20_S01,vPLC_container,VPLC_HOST,753,753,754,,303088,,,vplc_internal,10,20,10,0,0,1,284635,0,0,0,ok,
RUN_20260510_VPLC_L0_IDLE_10_20_S01_R03,VPLC_L0_IDLE_10_20,SER_20260510_VPLC_L0_IDLE_10_20_S01,vPLC_container,VPLC_HOST,754,754,755,,303098,,,vplc_internal,10,20,10,0,0,1,285390,0,0,0,ok,
RUN_20260510_VPLC_L0_IDLE_10_20_S01_R03,VPLC_L0_IDLE_10_20,SER_20260510_VPLC_L0_IDLE_10_20_S01,vPLC_container,VPLC_HOST,755,755,756,,303108,,,vplc_internal,10,20,10,0,0,1,286146,0,0,0,ok,
RUN_20260510_VPLC_L0_IDLE_10_20_S01_R03,VPLC_L0_IDLE_10_20,SER_20260510_VPLC_L0_IDLE_10_20_S01,vPLC_container,VPLC_HOST,756,756,757,,303118,,,vplc_internal,10,20,10,0,0,1,286903,0,0,0,ok,
RUN_20260510_VPLC_L0_IDLE_10_20_S01_R03,VPLC_L0_IDLE_10_20,SER_20260510_VPLC_L0_IDLE_10_20_S01,vPLC_container,VPLC_HOST,757,757,758,,303128,,,vplc_internal,10,20,10,0,0,1,287661,0,0,0,ok,
RUN_20260510_VPLC_L0_IDLE_10_20_S01_R03,VPLC_L0_IDLE_10_20,SER_20260510_VPLC_L0_IDLE_10_20_S01,vPLC_container,VPLC_HOST,758,758,759,,303138,,,vplc_internal,10,20,10,0,0,1,288420,0,0,0,ok,
RUN_20260510_VPLC_L0_IDLE_10_20_S01_R03,VPLC_L0_IDLE_10_20,SER_20260510_VPLC_L0_IDLE_10_20_S01,vPLC_container,VPLC_HOST,759,759,760,,303148,,,vplc_internal,10,20,10,0,0,1,289180,0,0,0,ok,
RUN_20260510_VPLC_L0_IDLE_10_20_S01_R03,VPLC_L0_IDLE_10_20,SER_20260510_VPLC_L0_IDLE_10_20_S01,vPLC_container,VPLC_HOST,760,760,761,,303158,,,vplc_internal,10,20,10,0,0,1,289941,0,0,0,ok,
RUN_20260510_VPLC_L0_IDLE_10_20_S01_R03,VPLC_L0_IDLE_10_20,SER_20260510_VPLC_L0_IDLE_10_20_S01,vPLC_container,VPLC_HOST,761,761,762,,303168,,,vplc_internal,10,20,10,0,0,1,290703,0,0,0,ok,
RUN_20260510_VPLC_L0_IDLE_10_20_S01_R03,VPLC_L0_IDLE_10_20,SER_20260510_VPLC_L0_IDLE_10_20_S01,vPLC_container,VPLC_HOST,762,762,763,,303178,,,vplc_internal,10,20,10,0,0,1,291466,0,0,0,ok,
RUN_20260510_VPLC_L0_IDLE_10_20_S01_R03,VPLC_L0_IDLE_10_20,SER_20260510_VPLC_L0_IDLE_10_20_S01,vPLC_container,VPLC_HOST,763,763,764,,303188,,,vplc_internal,10,20,10,0,0,1,292230,0,0,0,ok,
RUN_20260510_VPLC_L0_IDLE_10_20_S01_R03,VPLC_L0_IDLE_10_20,SER_20260510_VPLC_L0_IDLE_10_20_S01,vPLC_container,VPLC_HOST,764,764,765,,303198,,,vplc_internal,10,20,10,0,0,1,292995,0,0,0,ok,
RUN_20260510_VPLC_L0_IDLE_10_20_S01_R03,VPLC_L0_IDLE_10_20,SER_20260510_VPLC_L0_IDLE_10_20_S01,vPLC_container,VPLC_HOST,765,765,766,,303208,,,vplc_internal,10,20,10,0,0,1,293761,0,0,0,ok,
RUN_20260510_VPLC_L0_IDLE_10_20_S01_R03,VPLC_L0_IDLE_10_20,SER_20260510_VPLC_L0_IDLE_10_20_S01,vPLC_container,VPLC_HOST,766,766,767,,303218,,,vplc_internal,10,20,10,0,0,1,294528,0,0,0,ok,
RUN_20260510_VPLC_L0_IDLE_10_20_S01_R03,VPLC_L0_IDLE_10_20,SER_20260510_VPLC_L0_IDLE_10_20_S01,vPLC_container,VPLC_HOST,767,767,768,,303228,,,vplc_internal,10,20,10,0,0,1,295296,0,0,0,ok,
RUN_20260510_VPLC_L0_IDLE_10_20_S01_R03,VPLC_L0_IDLE_10_20,SER_20260510_VPLC_L0_IDLE_10_20_S01,vPLC_container,VPLC_HOST,768,768,769,,303238,,,vplc_internal,10,20,10,0,0,1,296065,0,0,0,ok,
RUN_20260510_VPLC_L0_IDLE_10_20_S01_R03,VPLC_L0_IDLE_10_20,SER_20260510_VPLC_L0_IDLE_10_20_S01,vPLC_container,VPLC_HOST,769,769,770,,303248,,,vplc_internal,10,20,10,0,0,1,296835,0,0,0,ok,
RUN_20260510_VPLC_L0_IDLE_10_20_S01_R03,VPLC_L0_IDLE_10_20,SER_20260510_VPLC_L0_IDLE_10_20_S01,vPLC_container,VPLC_HOST,770,770,771,,303258,,,vplc_internal,10,20,10,0,0,1,297606,0,0,0,ok,
RUN_20260510_VPLC_L0_IDLE_10_20_S01_R03,VPLC_L0_IDLE_10_20,SER_20260510_VPLC_L0_IDLE_10_20_S01,vPLC_container,VPLC_HOST,771,771,772,,303268,,,vplc_internal,10,20,10,0,0,1,298378,0,0,0,ok,
RUN_20260510_VPLC_L0_IDLE_10_20_S01_R03,VPLC_L0_IDLE_10_20,SER_20260510_VPLC_L0_IDLE_10_20_S01,vPLC_container,VPLC_HOST,772,772,773,,303278,,,vplc_internal,10,20,10,0,0,1,299151,0,0,0,ok,
RUN_20260510_VPLC_L0_IDLE_10_20_S01_R03,VPLC_L0_IDLE_10_20,SER_20260510_VPLC_L0_IDLE_10_20_S01,vPLC_container,VPLC_HOST,773,773,774,,303288,,,vplc_internal,10,20,10,0,0,1,299925,0,0,0,ok,
RUN_20260510_VPLC_L0_IDLE_10_20_S01_R03,VPLC_L0_IDLE_10_20,SER_20260510_VPLC_L0_IDLE_10_20_S01,vPLC_container,VPLC_HOST,774,774,775,,303298,,,vplc_internal,10,20,10,0,0,1,300700,0,0,0,ok,
RUN_20260510_VPLC_L0_IDLE_10_20_S01_R03,VPLC_L0_IDLE_10_20,SER_20260510_VPLC_L0_IDLE_10_20_S01,vPLC_container,VPLC_HOST,775,775,776,,303308,,,vplc_internal,10,20,10,0,0,1,301476,0,0,0,ok,
RUN_20260510_VPLC_L0_IDLE_10_20_S01_R03,VPLC_L0_IDLE_10_20,SER_20260510_VPLC_L0_IDLE_10_20_S01,vPLC_container,VPLC_HOST,776,776,777,,303318,,,vplc_internal,10,20,10,0,0,1,302253,0,0,0,ok,
RUN_20260510_VPLC_L0_IDLE_10_20_S01_R03,VPLC_L0_IDLE_10_20,SER_20260510_VPLC_L0_IDLE_10_20_S01,vPLC_container,VPLC_HOST,777,777,778,,303328,,,vplc_internal,10,20,10,0,0,1,303031,0,0,0,ok,
RUN_20260510_VPLC_L0_IDLE_10_20_S01_R03,VPLC_L0_IDLE_10_20,SER_20260510_VPLC_L0_IDLE_10_20_S01,vPLC_container,VPLC_HOST,778,778,779,,303338,,,vplc_internal,10,20,10,0,0,1,303810,0,0,0,ok,
RUN_20260510_VPLC_L0_IDLE_10_20_S01_R03,VPLC_L0_IDLE_10_20,SER_20260510_VPLC_L0_IDLE_10_20_S01,vPLC_container,VPLC_HOST,779,779,780,,303348,,,vplc_internal,10,20,10,0,0,1,304590,0,0,0,ok,
RUN_20260510_VPLC_L0_IDLE_10_20_S01_R03,VPLC_L0_IDLE_10_20,SER_20260510_VPLC_L0_IDLE_10_20_S01,vPLC_container,VPLC_HOST,780,780,781,,303358,,,vplc_internal,10,20,10,0,0,1,305371,0,0,0,ok,
RUN_20260510_VPLC_L0_IDLE_10_20_S01_R03,VPLC_L0_IDLE_10_20,SER_20260510_VPLC_L0_IDLE_10_20_S01,vPLC_container,VPLC_HOST,781,781,782,,303368,,,vplc_internal,10,20,10,0,0,1,306153,0,0,0,ok,
RUN_20260510_VPLC_L0_IDLE_10_20_S01_R03,VPLC_L0_IDLE_10_20,SER_20260510_VPLC_L0_IDLE_10_20_S01,vPLC_container,VPLC_HOST,782,782,783,,303378,,,vplc_internal,10,20,10,0,0,1,306936,0,0,0,ok,
RUN_20260510_VPLC_L0_IDLE_10_20_S01_R03,VPLC_L0_IDLE_10_20,SER_20260510_VPLC_L0_IDLE_10_20_S01,vPLC_container,VPLC_HOST,783,783,784,,303388,,,vplc_internal,10,20,10,0,0,1,307720,0,0,0,ok,
RUN_20260510_VPLC_L0_IDLE_10_20_S01_R03,VPLC_L0_IDLE_10_20,SER_20260510_VPLC_L0_IDLE_10_20_S01,vPLC_container,VPLC_HOST,784,784,785,,303398,,,vplc_internal,10,20,10,0,0,1,308505,0,0,0,ok,
RUN_20260510_VPLC_L0_IDLE_10_20_S01_R03,VPLC_L0_IDLE_10_20,SER_20260510_VPLC_L0_IDLE_10_20_S01,vPLC_container,VPLC_HOST,785,785,786,,303408,,,vplc_internal,10,20,10,0,0,1,309291,0,0,0,ok,
RUN_20260510_VPLC_L0_IDLE_10_20_S01_R03,VPLC_L0_IDLE_10_20,SER_20260510_VPLC_L0_IDLE_10_20_S01,vPLC_container,VPLC_HOST,786,786,787,,303418,,,vplc_internal,10,20,10,0,0,1,310078,0,0,0,ok,
RUN_20260510_VPLC_L0_IDLE_10_20_S01_R03,VPLC_L0_IDLE_10_20,SER_20260510_VPLC_L0_IDLE_10_20_S01,vPLC_container,VPLC_HOST,787,787,788,,303428,,,vplc_internal,10,20,10,0,0,1,310866,0,0,0,ok,
RUN_20260510_VPLC_L0_IDLE_10_20_S01_R03,VPLC_L0_IDLE_10_20,SER_20260510_VPLC_L0_IDLE_10_20_S01,vPLC_container,VPLC_HOST,788,788,789,,303438,,,vplc_internal,10,20,10,0,0,1,311655,0,0,0,ok,
RUN_20260510_VPLC_L0_IDLE_10_20_S01_R03,VPLC_L0_IDLE_10_20,SER_20260510_VPLC_L0_IDLE_10_20_S01,vPLC_container,VPLC_HOST,789,789,790,,303448,,,vplc_internal,10,20,10,0,0,1,312445,0,0,0,ok,
RUN_20260510_VPLC_L0_IDLE_10_20_S01_R03,VPLC_L0_IDLE_10_20,SER_20260510_VPLC_L0_IDLE_10_20_S01,vPLC_container,VPLC_HOST,790,790,791,,303458,,,vplc_internal,10,20,10,0,0,1,313236,0,0,0,ok,
RUN_20260510_VPLC_L0_IDLE_10_20_S01_R03,VPLC_L0_IDLE_10_20,SER_20260510_VPLC_L0_IDLE_10_20_S01,vPLC_container,VPLC_HOST,791,791,792,,303468,,,vplc_internal,10,20,10,0,0,1,314028,0,0,0,ok,
RUN_20260510_VPLC_L0_IDLE_10_20_S01_R03,VPLC_L0_IDLE_10_20,SER_20260510_VPLC_L0_IDLE_10_20_S01,vPLC_container,VPLC_HOST,792,792,793,,303478,,,vplc_internal,10,20,10,0,0,1,314821,0,0,0,ok,
RUN_20260510_VPLC_L0_IDLE_10_20_S01_R03,VPLC_L0_IDLE_10_20,SER_20260510_VPLC_L0_IDLE_10_20_S01,vPLC_container,VPLC_HOST,793,793,794,,303488,,,vplc_internal,10,20,10,0,0,1,315615,0,0,0,ok,
RUN_20260510_VPLC_L0_IDLE_10_20_S01_R03,VPLC_L0_IDLE_10_20,SER_20260510_VPLC_L0_IDLE_10_20_S01,vPLC_container,VPLC_HOST,794,794,795,,303498,,,vplc_internal,10,20,10,0,0,1,316410,0,0,0,ok,
RUN_20260510_VPLC_L0_IDLE_10_20_S01_R03,VPLC_L0_IDLE_10_20,SER_20260510_VPLC_L0_IDLE_10_20_S01,vPLC_container,VPLC_HOST,795,795,796,,303508,,,vplc_internal,10,20,10,0,0,1,317206,0,0,0,ok,
RUN_20260510_VPLC_L0_IDLE_10_20_S01_R03,VPLC_L0_IDLE_10_20,SER_20260510_VPLC_L0_IDLE_10_20_S01,vPLC_container,VPLC_HOST,796,796,797,,303518,,,vplc_internal,10,20,10,0,0,1,318003,0,0,0,ok,
RUN_20260510_VPLC_L0_IDLE_10_20_S01_R03,VPLC_L0_IDLE_10_20,SER_20260510_VPLC_L0_IDLE_10_20_S01,vPLC_container,VPLC_HOST,797,797,798,,303528,,,vplc_internal,10,20,10,0,0,1,318801,0,0,0,ok,
RUN_20260510_VPLC_L0_IDLE_10_20_S01_R03,VPLC_L0_IDLE_10_20,SER_20260510_VPLC_L0_IDLE_10_20_S01,vPLC_container,VPLC_HOST,798,798,799,,303538,,,vplc_internal,10,20,10,0,0,1,319600,0,0,0,ok,
RUN_20260510_VPLC_L0_IDLE_10_20_S01_R03,VPLC_L0_IDLE_10_20,SER_20260510_VPLC_L0_IDLE_10_20_S01,vPLC_container,VPLC_HOST,799,799,800,,303548,,,vplc_internal,10,20,10,0,0,0,320400,0,0,0,ok,
RUN_20260510_VPLC_L0_IDLE_10_20_S01_R03,VPLC_L0_IDLE_10_20,SER_20260510_VPLC_L0_IDLE_10_20_S01,vPLC_container,VPLC_HOST,800,800,801,,303558,,,vplc_internal,10,20,10,0,0,0,321201,0,0,0,ok,
RUN_20260510_VPLC_L0_IDLE_10_20_S01_R03,VPLC_L0_IDLE_10_20,SER_20260510_VPLC_L0_IDLE_10_20_S01,vPLC_container,VPLC_HOST,801,801,802,,303568,,,vplc_internal,10,20,10,0,0,0,322003,0,0,0,ok,
RUN_20260510_VPLC_L0_IDLE_10_20_S01_R03,VPLC_L0_IDLE_10_20,SER_20260510_VPLC_L0_IDLE_10_20_S01,vPLC_container,VPLC_HOST,802,802,803,,303578,,,vplc_internal,10,20,10,0,0,0,322806,0,0,0,ok,
RUN_20260510_VPLC_L0_IDLE_10_20_S01_R03,VPLC_L0_IDLE_10_20,SER_20260510_VPLC_L0_IDLE_10_20_S01,vPLC_container,VPLC_HOST,803,803,804,,303588,,,vplc_internal,10,20,10,0,0,0,323610,0,0,0,ok,
RUN_20260510_VPLC_L0_IDLE_10_20_S01_R03,VPLC_L0_IDLE_10_20,SER_20260510_VPLC_L0_IDLE_10_20_S01,vPLC_container,VPLC_HOST,804,804,805,,303598,,,vplc_internal,10,20,10,0,0,0,324415,0,0,0,ok,
RUN_20260510_VPLC_L0_IDLE_10_20_S01_R03,VPLC_L0_IDLE_10_20,SER_20260510_VPLC_L0_IDLE_10_20_S01,vPLC_container,VPLC_HOST,805,805,806,,303608,,,vplc_internal,10,20,10,0,0,0,325221,0,0,0,ok,
RUN_20260510_VPLC_L0_IDLE_10_20_S01_R03,VPLC_L0_IDLE_10_20,SER_20260510_VPLC_L0_IDLE_10_20_S01,vPLC_container,VPLC_HOST,806,806,807,,303618,,,vplc_internal,10,20,10,0,0,0,326028,0,0,0,ok,
RUN_20260510_VPLC_L0_IDLE_10_20_S01_R03,VPLC_L0_IDLE_10_20,SER_20260510_VPLC_L0_IDLE_10_20_S01,vPLC_container,VPLC_HOST,807,807,808,,303628,,,vplc_internal,10,20,10,0,0,0,326836,0,0,0,ok,
RUN_20260510_VPLC_L0_IDLE_10_20_S01_R03,VPLC_L0_IDLE_10_20,SER_20260510_VPLC_L0_IDLE_10_20_S01,vPLC_container,VPLC_HOST,808,808,809,,303638,,,vplc_internal,10,20,10,0,0,0,327645,0,0,0,ok,
RUN_20260510_VPLC_L0_IDLE_10_20_S01_R03,VPLC_L0_IDLE_10_20,SER_20260510_VPLC_L0_IDLE_10_20_S01,vPLC_container,VPLC_HOST,809,809,810,,303648,,,vplc_internal,10,20,10,0,0,0,328455,0,0,0,ok,
RUN_20260510_VPLC_L0_IDLE_10_20_S01_R03,VPLC_L0_IDLE_10_20,SER_20260510_VPLC_L0_IDLE_10_20_S01,vPLC_container,VPLC_HOST,810,810,811,,303658,,,vplc_internal,10,20,10,0,0,0,329266,0,0,0,ok,
RUN_20260510_VPLC_L0_IDLE_10_20_S01_R03,VPLC_L0_IDLE_10_20,SER_20260510_VPLC_L0_IDLE_10_20_S01,vPLC_container,VPLC_HOST,811,811,812,,303668,,,vplc_internal,10,20,10,0,0,0,330078,0,0,0,ok,
RUN_20260510_VPLC_L0_IDLE_10_20_S01_R03,VPLC_L0_IDLE_10_20,SER_20260510_VPLC_L0_IDLE_10_20_S01,vPLC_container,VPLC_HOST,812,812,813,,303678,,,vplc_internal,10,20,10,0,0,0,330891,0,0,0,ok,
RUN_20260510_VPLC_L0_IDLE_10_20_S01_R03,VPLC_L0_IDLE_10_20,SER_20260510_VPLC_L0_IDLE_10_20_S01,vPLC_container,VPLC_HOST,813,813,814,,303688,,,vplc_internal,10,20,10,0,0,0,331705,0,0,0,ok,
RUN_20260510_VPLC_L0_IDLE_10_20_S01_R03,VPLC_L0_IDLE_10_20,SER_20260510_VPLC_L0_IDLE_10_20_S01,vPLC_container,VPLC_HOST,814,814,815,,303698,,,vplc_internal,10,20,10,0,0,0,332520,0,0,0,ok,
RUN_20260510_VPLC_L0_IDLE_10_20_S01_R03,VPLC_L0_IDLE_10_20,SER_20260510_VPLC_L0_IDLE_10_20_S01,vPLC_container,VPLC_HOST,815,815,816,,303708,,,vplc_internal,10,20,10,0,0,0,333336,0,0,0,ok,
RUN_20260510_VPLC_L0_IDLE_10_20_S01_R03,VPLC_L0_IDLE_10_20,SER_20260510_VPLC_L0_IDLE_10_20_S01,vPLC_container,VPLC_HOST,816,816,817,,303718,,,vplc_internal,10,20,10,0,0,0,334153,0,0,0,ok,
RUN_20260510_VPLC_L0_IDLE_10_20_S01_R03,VPLC_L0_IDLE_10_20,SER_20260510_VPLC_L0_IDLE_10_20_S01,vPLC_container,VPLC_HOST,817,817,818,,303728,,,vplc_internal,10,20,10,0,0,0,334971,0,0,0,ok,
RUN_20260510_VPLC_L0_IDLE_10_20_S01_R03,VPLC_L0_IDLE_10_20,SER_20260510_VPLC_L0_IDLE_10_20_S01,vPLC_container,VPLC_HOST,818,818,819,,303738,,,vplc_internal,10,20,10,0,0,0,335790,0,0,0,ok,
RUN_20260510_VPLC_L0_IDLE_10_20_S01_R03,VPLC_L0_IDLE_10_20,SER_20260510_VPLC_L0_IDLE_10_20_S01,vPLC_container,VPLC_HOST,819,819,820,,303748,,,vplc_internal,10,20,10,0,0,0,336610,0,0,0,ok,
RUN_20260510_VPLC_L0_IDLE_10_20_S01_R03,VPLC_L0_IDLE_10_20,SER_20260510_VPLC_L0_IDLE_10_20_S01,vPLC_container,VPLC_HOST,820,820,821,,303758,,,vplc_internal,10,20,10,0,0,0,337431,0,0,0,ok,
RUN_20260510_VPLC_L0_IDLE_10_20_S01_R03,VPLC_L0_IDLE_10_20,SER_20260510_VPLC_L0_IDLE_10_20_S01,vPLC_container,VPLC_HOST,821,821,822,,303768,,,vplc_internal,10,20,10,0,0,0,338253,0,0,0,ok,
RUN_20260510_VPLC_L0_IDLE_10_20_S01_R03,VPLC_L0_IDLE_10_20,SER_20260510_VPLC_L0_IDLE_10_20_S01,vPLC_container,VPLC_HOST,822,822,823,,303778,,,vplc_internal,10,20,10,0,0,0,339076,0,0,0,ok,
RUN_20260510_VPLC_L0_IDLE_10_20_S01_R03,VPLC_L0_IDLE_10_20,SER_20260510_VPLC_L0_IDLE_10_20_S01,vPLC_container,VPLC_HOST,823,823,824,,303788,,,vplc_internal,10,20,10,0,0,0,339900,0,0,0,ok,
RUN_20260510_VPLC_L0_IDLE_10_20_S01_R03,VPLC_L0_IDLE_10_20,SER_20260510_VPLC_L0_IDLE_10_20_S01,vPLC_container,VPLC_HOST,824,824,825,,303798,,,vplc_internal,10,20,10,0,0,0,340725,0,0,0,ok,
RUN_20260510_VPLC_L0_IDLE_10_20_S01_R03,VPLC_L0_IDLE_10_20,SER_20260510_VPLC_L0_IDLE_10_20_S01,vPLC_container,VPLC_HOST,825,825,826,,303808,,,vplc_internal,10,20,10,0,0,0,341551,0,0,0,ok,
RUN_20260510_VPLC_L0_IDLE_10_20_S01_R03,VPLC_L0_IDLE_10_20,SER_20260510_VPLC_L0_IDLE_10_20_S01,vPLC_container,VPLC_HOST,826,826,827,,303818,,,vplc_internal,10,20,10,0,0,0,342378,0,0,0,ok,
RUN_20260510_VPLC_L0_IDLE_10_20_S01_R03,VPLC_L0_IDLE_10_20,SER_20260510_VPLC_L0_IDLE_10_20_S01,vPLC_container,VPLC_HOST,827,827,828,,303828,,,vplc_internal,10,20,10,0,0,0,343206,0,0,0,ok,
RUN_20260510_VPLC_L0_IDLE_10_20_S01_R03,VPLC_L0_IDLE_10_20,SER_20260510_VPLC_L0_IDLE_10_20_S01,vPLC_container,VPLC_HOST,828,828,829,,303848,,,vplc_internal,10,20,20,10,0,0,344035,0,0,0,ok,
RUN_20260510_VPLC_L0_IDLE_10_20_S01_R03,VPLC_L0_IDLE_10_20,SER_20260510_VPLC_L0_IDLE_10_20_S01,vPLC_container,VPLC_HOST,829,829,830,,303848,,,vplc_internal,10,20,,,,0,344865,0,0,0,invalid_row,timing_invalid
RUN_20260510_VPLC_L0_IDLE_10_20_S01_R03,VPLC_L0_IDLE_10_20,SER_20260510_VPLC_L0_IDLE_10_20_S01,vPLC_container,VPLC_HOST,830,830,831,,303858,,,vplc_internal,10,20,10,0,0,0,345696,0,0,0,ok,
RUN_20260510_VPLC_L0_IDLE_10_20_S01_R03,VPLC_L0_IDLE_10_20,SER_20260510_VPLC_L0_IDLE_10_20_S01,vPLC_container,VPLC_HOST,831,831,832,,303868,,,vplc_internal,10,20,10,0,0,0,346528,0,0,0,ok,
RUN_20260510_VPLC_L0_IDLE_10_20_S01_R03,VPLC_L0_IDLE_10_20,SER_20260510_VPLC_L0_IDLE_10_20_S01,vPLC_container,VPLC_HOST,832,832,833,,303878,,,vplc_internal,10,20,10,0,0,0,347361,0,0,0,ok,
RUN_20260510_VPLC_L0_IDLE_10_20_S01_R03,VPLC_L0_IDLE_10_20,SER_20260510_VPLC_L0_IDLE_10_20_S01,vPLC_container,VPLC_HOST,833,833,834,,303888,,,vplc_internal,10,20,10,0,0,0,348195,0,0,0,ok,
RUN_20260510_VPLC_L0_IDLE_10_20_S01_R03,VPLC_L0_IDLE_10_20,SER_20260510_VPLC_L0_IDLE_10_20_S01,vPLC_container,VPLC_HOST,834,834,835,,303898,,,vplc_internal,10,20,10,0,0,0,349030,0,0,0,ok,
RUN_20260510_VPLC_L0_IDLE_10_20_S01_R03,VPLC_L0_IDLE_10_20,SER_20260510_VPLC_L0_IDLE_10_20_S01,vPLC_container,VPLC_HOST,835,835,836,,303908,,,vplc_internal,10,20,10,0,0,0,349866,0,0,0,ok,
RUN_20260510_VPLC_L0_IDLE_10_20_S01_R03,VPLC_L0_IDLE_10_20,SER_20260510_VPLC_L0_IDLE_10_20_S01,vPLC_container,VPLC_HOST,836,836,837,,303918,,,vplc_internal,10,20,10,0,0,0,350703,0,0,0,ok,
RUN_20260510_VPLC_L0_IDLE_10_20_S01_R03,VPLC_L0_IDLE_10_20,SER_20260510_VPLC_L0_IDLE_10_20_S01,vPLC_container,VPLC_HOST,837,837,838,,303928,,,vplc_internal,10,20,10,0,0,0,351541,0,0,0,ok,
RUN_20260510_VPLC_L0_IDLE_10_20_S01_R03,VPLC_L0_IDLE_10_20,SER_20260510_VPLC_L0_IDLE_10_20_S01,vPLC_container,VPLC_HOST,838,838,839,,303938,,,vplc_internal,10,20,10,0,0,0,352380,0,0,0,ok,
RUN_20260510_VPLC_L0_IDLE_10_20_S01_R03,VPLC_L0_IDLE_10_20,SER_20260510_VPLC_L0_IDLE_10_20_S01,vPLC_container,VPLC_HOST,839,839,840,,303948,,,vplc_internal,10,20,10,0,0,0,353220,0,0,0,ok,
RUN_20260510_VPLC_L0_IDLE_10_20_S01_R03,VPLC_L0_IDLE_10_20,SER_20260510_VPLC_L0_IDLE_10_20_S01,vPLC_container,VPLC_HOST,840,840,841,,303958,,,vplc_internal,10,20,10,0,0,0,354061,0,0,0,ok,
RUN_20260510_VPLC_L0_IDLE_10_20_S01_R03,VPLC_L0_IDLE_10_20,SER_20260510_VPLC_L0_IDLE_10_20_S01,vPLC_container,VPLC_HOST,841,841,842,,303968,,,vplc_internal,10,20,10,0,0,0,354903,0,0,0,ok,
RUN_20260510_VPLC_L0_IDLE_10_20_S01_R03,VPLC_L0_IDLE_10_20,SER_20260510_VPLC_L0_IDLE_10_20_S01,vPLC_container,VPLC_HOST,842,842,843,,303978,,,vplc_internal,10,20,10,0,0,0,355746,0,0,0,ok,
RUN_20260510_VPLC_L0_IDLE_10_20_S01_R03,VPLC_L0_IDLE_10_20,SER_20260510_VPLC_L0_IDLE_10_20_S01,vPLC_container,VPLC_HOST,843,843,844,,303988,,,vplc_internal,10,20,10,0,0,0,356590,0,0,0,ok,
RUN_20260510_VPLC_L0_IDLE_10_20_S01_R03,VPLC_L0_IDLE_10_20,SER_20260510_VPLC_L0_IDLE_10_20_S01,vPLC_container,VPLC_HOST,844,844,845,,303998,,,vplc_internal,10,20,10,0,0,0,357435,0,0,0,ok,
RUN_20260510_VPLC_L0_IDLE_10_20_S01_R03,VPLC_L0_IDLE_10_20,SER_20260510_VPLC_L0_IDLE_10_20_S01,vPLC_container,VPLC_HOST,845,845,846,,304008,,,vplc_internal,10,20,10,0,0,0,358281,0,0,0,ok,
RUN_20260510_VPLC_L0_IDLE_10_20_S01_R03,VPLC_L0_IDLE_10_20,SER_20260510_VPLC_L0_IDLE_10_20_S01,vPLC_container,VPLC_HOST,846,846,847,,304018,,,vplc_internal,10,20,10,0,0,0,359128,0,0,0,ok,
RUN_20260510_VPLC_L0_IDLE_10_20_S01_R03,VPLC_L0_IDLE_10_20,SER_20260510_VPLC_L0_IDLE_10_20_S01,vPLC_container,VPLC_HOST,847,847,848,,304028,,,vplc_internal,10,20,10,0,0,0,359976,0,0,0,ok,
RUN_20260510_VPLC_L0_IDLE_10_20_S01_R03,VPLC_L0_IDLE_10_20,SER_20260510_VPLC_L0_IDLE_10_20_S01,vPLC_container,VPLC_HOST,848,848,849,,304038,,,vplc_internal,10,20,10,0,0,0,360825,0,0,0,ok,
RUN_20260510_VPLC_L0_IDLE_10_20_S01_R03,VPLC_L0_IDLE_10_20,SER_20260510_VPLC_L0_IDLE_10_20_S01,vPLC_container,VPLC_HOST,849,849,850,,304048,,,vplc_internal,10,20,10,0,0,0,361675,0,0,0,ok,
RUN_20260510_VPLC_L0_IDLE_10_20_S01_R03,VPLC_L0_IDLE_10_20,SER_20260510_VPLC_L0_IDLE_10_20_S01,vPLC_container,VPLC_HOST,850,850,851,,304058,,,vplc_internal,10,20,10,0,0,0,362526,0,0,0,ok,
RUN_20260510_VPLC_L0_IDLE_10_20_S01_R03,VPLC_L0_IDLE_10_20,SER_20260510_VPLC_L0_IDLE_10_20_S01,vPLC_container,VPLC_HOST,851,851,852,,304068,,,vplc_internal,10,20,10,0,0,0,363378,0,0,0,ok,
RUN_20260510_VPLC_L0_IDLE_10_20_S01_R03,VPLC_L0_IDLE_10_20,SER_20260510_VPLC_L0_IDLE_10_20_S01,vPLC_container,VPLC_HOST,852,852,853,,304078,,,vplc_internal,10,20,10,0,0,0,364231,0,0,0,ok,
RUN_20260510_VPLC_L0_IDLE_10_20_S01_R03,VPLC_L0_IDLE_10_20,SER_20260510_VPLC_L0_IDLE_10_20_S01,vPLC_container,VPLC_HOST,853,853,854,,304088,,,vplc_internal,10,20,10,0,0,0,365085,0,0,0,ok,
RUN_20260510_VPLC_L0_IDLE_10_20_S01_R03,VPLC_L0_IDLE_10_20,SER_20260510_VPLC_L0_IDLE_10_20_S01,vPLC_container,VPLC_HOST,854,854,855,,304098,,,vplc_internal,10,20,10,0,0,0,365940,0,0,0,ok,
RUN_20260510_VPLC_L0_IDLE_10_20_S01_R03,VPLC_L0_IDLE_10_20,SER_20260510_VPLC_L0_IDLE_10_20_S01,vPLC_container,VPLC_HOST,855,855,856,,304108,,,vplc_internal,10,20,10,0,0,0,366796,0,0,0,ok,
RUN_20260510_VPLC_L0_IDLE_10_20_S01_R03,VPLC_L0_IDLE_10_20,SER_20260510_VPLC_L0_IDLE_10_20_S01,vPLC_container,VPLC_HOST,856,856,857,,304118,,,vplc_internal,10,20,10,0,0,0,367653,0,0,0,ok,
RUN_20260510_VPLC_L0_IDLE_10_20_S01_R03,VPLC_L0_IDLE_10_20,SER_20260510_VPLC_L0_IDLE_10_20_S01,vPLC_container,VPLC_HOST,857,857,858,,304128,,,vplc_internal,10,20,10,0,0,0,368511,0,0,0,ok,
RUN_20260510_VPLC_L0_IDLE_10_20_S01_R03,VPLC_L0_IDLE_10_20,SER_20260510_VPLC_L0_IDLE_10_20_S01,vPLC_container,VPLC_HOST,858,858,859,,304138,,,vplc_internal,10,20,10,0,0,0,369370,0,0,0,ok,
RUN_20260510_VPLC_L0_IDLE_10_20_S01_R03,VPLC_L0_IDLE_10_20,SER_20260510_VPLC_L0_IDLE_10_20_S01,vPLC_container,VPLC_HOST,859,859,860,,304148,,,vplc_internal,10,20,10,0,0,0,370230,0,0,0,ok,
RUN_20260510_VPLC_L0_IDLE_10_20_S01_R03,VPLC_L0_IDLE_10_20,SER_20260510_VPLC_L0_IDLE_10_20_S01,vPLC_container,VPLC_HOST,860,860,861,,304158,,,vplc_internal,10,20,10,0,0,0,371091,0,0,0,ok,
RUN_20260510_VPLC_L0_IDLE_10_20_S01_R03,VPLC_L0_IDLE_10_20,SER_20260510_VPLC_L0_IDLE_10_20_S01,vPLC_container,VPLC_HOST,861,861,862,,304168,,,vplc_internal,10,20,10,0,0,0,371953,0,0,0,ok,
RUN_20260510_VPLC_L0_IDLE_10_20_S01_R03,VPLC_L0_IDLE_10_20,SER_20260510_VPLC_L0_IDLE_10_20_S01,vPLC_container,VPLC_HOST,862,862,863,,304178,,,vplc_internal,10,20,10,0,0,0,372816,0,0,0,ok,
RUN_20260510_VPLC_L0_IDLE_10_20_S01_R03,VPLC_L0_IDLE_10_20,SER_20260510_VPLC_L0_IDLE_10_20_S01,vPLC_container,VPLC_HOST,863,863,864,,304188,,,vplc_internal,10,20,10,0,0,0,373680,0,0,0,ok,
RUN_20260510_VPLC_L0_IDLE_10_20_S01_R03,VPLC_L0_IDLE_10_20,SER_20260510_VPLC_L0_IDLE_10_20_S01,vPLC_container,VPLC_HOST,864,864,865,,304198,,,vplc_internal,10,20,10,0,0,0,374545,0,0,0,ok,
RUN_20260510_VPLC_L0_IDLE_10_20_S01_R03,VPLC_L0_IDLE_10_20,SER_20260510_VPLC_L0_IDLE_10_20_S01,vPLC_container,VPLC_HOST,865,865,866,,304208,,,vplc_internal,10,20,10,0,0,0,375411,0,0,0,ok,
RUN_20260510_VPLC_L0_IDLE_10_20_S01_R03,VPLC_L0_IDLE_10_20,SER_20260510_VPLC_L0_IDLE_10_20_S01,vPLC_container,VPLC_HOST,866,866,867,,304218,,,vplc_internal,10,20,10,0,0,0,376278,0,0,0,ok,
RUN_20260510_VPLC_L0_IDLE_10_20_S01_R03,VPLC_L0_IDLE_10_20,SER_20260510_VPLC_L0_IDLE_10_20_S01,vPLC_container,VPLC_HOST,867,867,868,,304228,,,vplc_internal,10,20,10,0,0,0,377146,0,0,0,ok,
RUN_20260510_VPLC_L0_IDLE_10_20_S01_R03,VPLC_L0_IDLE_10_20,SER_20260510_VPLC_L0_IDLE_10_20_S01,vPLC_container,VPLC_HOST,868,868,869,,304238,,,vplc_internal,10,20,10,0,0,0,378015,0,0,0,ok,
RUN_20260510_VPLC_L0_IDLE_10_20_S01_R03,VPLC_L0_IDLE_10_20,SER_20260510_VPLC_L0_IDLE_10_20_S01,vPLC_container,VPLC_HOST,869,869,870,,304248,,,vplc_internal,10,20,10,0,0,0,378885,0,0,0,ok,
RUN_20260510_VPLC_L0_IDLE_10_20_S01_R03,VPLC_L0_IDLE_10_20,SER_20260510_VPLC_L0_IDLE_10_20_S01,vPLC_container,VPLC_HOST,870,870,871,,304258,,,vplc_internal,10,20,10,0,0,0,379756,0,0,0,ok,
RUN_20260510_VPLC_L0_IDLE_10_20_S01_R03,VPLC_L0_IDLE_10_20,SER_20260510_VPLC_L0_IDLE_10_20_S01,vPLC_container,VPLC_HOST,871,871,872,,304268,,,vplc_internal,10,20,10,0,0,0,380628,0,0,0,ok,
RUN_20260510_VPLC_L0_IDLE_10_20_S01_R03,VPLC_L0_IDLE_10_20,SER_20260510_VPLC_L0_IDLE_10_20_S01,vPLC_container,VPLC_HOST,872,872,873,,304278,,,vplc_internal,10,20,10,0,0,0,381501,0,0,0,ok,
RUN_20260510_VPLC_L0_IDLE_10_20_S01_R03,VPLC_L0_IDLE_10_20,SER_20260510_VPLC_L0_IDLE_10_20_S01,vPLC_container,VPLC_HOST,873,873,874,,304288,,,vplc_internal,10,20,10,0,0,0,382375,0,0,0,ok,
RUN_20260510_VPLC_L0_IDLE_10_20_S01_R03,VPLC_L0_IDLE_10_20,SER_20260510_VPLC_L0_IDLE_10_20_S01,vPLC_container,VPLC_HOST,874,874,875,,304298,,,vplc_internal,10,20,10,0,0,0,383250,0,0,0,ok,
RUN_20260510_VPLC_L0_IDLE_10_20_S01_R03,VPLC_L0_IDLE_10_20,SER_20260510_VPLC_L0_IDLE_10_20_S01,vPLC_container,VPLC_HOST,875,875,876,,304308,,,vplc_internal,10,20,10,0,0,0,384126,0,0,0,ok,
RUN_20260510_VPLC_L0_IDLE_10_20_S01_R03,VPLC_L0_IDLE_10_20,SER_20260510_VPLC_L0_IDLE_10_20_S01,vPLC_container,VPLC_HOST,876,876,877,,304318,,,vplc_internal,10,20,10,0,0,0,385003,0,0,0,ok,
RUN_20260510_VPLC_L0_IDLE_10_20_S01_R03,VPLC_L0_IDLE_10_20,SER_20260510_VPLC_L0_IDLE_10_20_S01,vPLC_container,VPLC_HOST,877,877,878,,304328,,,vplc_internal,10,20,10,0,0,0,385881,0,0,0,ok,
RUN_20260510_VPLC_L0_IDLE_10_20_S01_R03,VPLC_L0_IDLE_10_20,SER_20260510_VPLC_L0_IDLE_10_20_S01,vPLC_container,VPLC_HOST,878,878,879,,304338,,,vplc_internal,10,20,10,0,0,0,386760,0,0,0,ok,
RUN_20260510_VPLC_L0_IDLE_10_20_S01_R03,VPLC_L0_IDLE_10_20,SER_20260510_VPLC_L0_IDLE_10_20_S01,vPLC_container,VPLC_HOST,879,879,880,,304348,,,vplc_internal,10,20,10,0,0,0,387640,0,0,0,ok,
RUN_20260510_VPLC_L0_IDLE_10_20_S01_R03,VPLC_L0_IDLE_10_20,SER_20260510_VPLC_L0_IDLE_10_20_S01,vPLC_container,VPLC_HOST,880,880,881,,304358,,,vplc_internal,10,20,10,0,0,0,388521,0,0,0,ok,
RUN_20260510_VPLC_L0_IDLE_10_20_S01_R03,VPLC_L0_IDLE_10_20,SER_20260510_VPLC_L0_IDLE_10_20_S01,vPLC_container,VPLC_HOST,881,881,882,,304368,,,vplc_internal,10,20,10,0,0,0,389403,0,0,0,ok,
RUN_20260510_VPLC_L0_IDLE_10_20_S01_R03,VPLC_L0_IDLE_10_20,SER_20260510_VPLC_L0_IDLE_10_20_S01,vPLC_container,VPLC_HOST,882,882,883,,304378,,,vplc_internal,10,20,10,0,0,0,390286,0,0,0,ok,
RUN_20260510_VPLC_L0_IDLE_10_20_S01_R03,VPLC_L0_IDLE_10_20,SER_20260510_VPLC_L0_IDLE_10_20_S01,vPLC_container,VPLC_HOST,883,883,884,,304388,,,vplc_internal,10,20,10,0,0,0,391170,0,0,0,ok,
RUN_20260510_VPLC_L0_IDLE_10_20_S01_R03,VPLC_L0_IDLE_10_20,SER_20260510_VPLC_L0_IDLE_10_20_S01,vPLC_container,VPLC_HOST,884,884,885,,304398,,,vplc_internal,10,20,10,0,0,0,392055,0,0,0,ok,
RUN_20260510_VPLC_L0_IDLE_10_20_S01_R03,VPLC_L0_IDLE_10_20,SER_20260510_VPLC_L0_IDLE_10_20_S01,vPLC_container,VPLC_HOST,885,885,886,,304408,,,vplc_internal,10,20,10,0,0,0,392941,0,0,0,ok,
RUN_20260510_VPLC_L0_IDLE_10_20_S01_R03,VPLC_L0_IDLE_10_20,SER_20260510_VPLC_L0_IDLE_10_20_S01,vPLC_container,VPLC_HOST,886,886,887,,304418,,,vplc_internal,10,20,10,0,0,0,393828,0,0,0,ok,
RUN_20260510_VPLC_L0_IDLE_10_20_S01_R03,VPLC_L0_IDLE_10_20,SER_20260510_VPLC_L0_IDLE_10_20_S01,vPLC_container,VPLC_HOST,887,887,888,,304428,,,vplc_internal,10,20,10,0,0,0,394716,0,0,0,ok,
RUN_20260510_VPLC_L0_IDLE_10_20_S01_R03,VPLC_L0_IDLE_10_20,SER_20260510_VPLC_L0_IDLE_10_20_S01,vPLC_container,VPLC_HOST,888,888,889,,304438,,,vplc_internal,10,20,10,0,0,0,395605,0,0,0,ok,
RUN_20260510_VPLC_L0_IDLE_10_20_S01_R03,VPLC_L0_IDLE_10_20,SER_20260510_VPLC_L0_IDLE_10_20_S01,vPLC_container,VPLC_HOST,889,889,890,,304448,,,vplc_internal,10,20,10,0,0,0,396495,0,0,0,ok,
RUN_20260510_VPLC_L0_IDLE_10_20_S01_R03,VPLC_L0_IDLE_10_20,SER_20260510_VPLC_L0_IDLE_10_20_S01,vPLC_container,VPLC_HOST,890,890,891,,304458,,,vplc_internal,10,20,10,0,0,0,397386,0,0,0,ok,
RUN_20260510_VPLC_L0_IDLE_10_20_S01_R03,VPLC_L0_IDLE_10_20,SER_20260510_VPLC_L0_IDLE_10_20_S01,vPLC_container,VPLC_HOST,891,891,892,,304468,,,vplc_internal,10,20,10,0,0,0,398278,0,0,0,ok,
RUN_20260510_VPLC_L0_IDLE_10_20_S01_R03,VPLC_L0_IDLE_10_20,SER_20260510_VPLC_L0_IDLE_10_20_S01,vPLC_container,VPLC_HOST,892,892,893,,304478,,,vplc_internal,10,20,10,0,0,0,399171,0,0,0,ok,
RUN_20260510_VPLC_L0_IDLE_10_20_S01_R03,VPLC_L0_IDLE_10_20,SER_20260510_VPLC_L0_IDLE_10_20_S01,vPLC_container,VPLC_HOST,893,893,894,,304488,,,vplc_internal,10,20,10,0,0,0,400065,0,0,0,ok,
RUN_20260510_VPLC_L0_IDLE_10_20_S01_R03,VPLC_L0_IDLE_10_20,SER_20260510_VPLC_L0_IDLE_10_20_S01,vPLC_container,VPLC_HOST,894,894,895,,304498,,,vplc_internal,10,20,10,0,0,0,400960,0,0,0,ok,
RUN_20260510_VPLC_L0_IDLE_10_20_S01_R03,VPLC_L0_IDLE_10_20,SER_20260510_VPLC_L0_IDLE_10_20_S01,vPLC_container,VPLC_HOST,895,895,896,,304508,,,vplc_internal,10,20,10,0,0,0,401856,0,0,0,ok,
RUN_20260510_VPLC_L0_IDLE_10_20_S01_R03,VPLC_L0_IDLE_10_20,SER_20260510_VPLC_L0_IDLE_10_20_S01,vPLC_container,VPLC_HOST,896,896,897,,304518,,,vplc_internal,10,20,10,0,0,0,402753,0,0,0,ok,
RUN_20260510_VPLC_L0_IDLE_10_20_S01_R03,VPLC_L0_IDLE_10_20,SER_20260510_VPLC_L0_IDLE_10_20_S01,vPLC_container,VPLC_HOST,897,897,898,,304528,,,vplc_internal,10,20,10,0,0,0,403651,0,0,0,ok,
RUN_20260510_VPLC_L0_IDLE_10_20_S01_R03,VPLC_L0_IDLE_10_20,SER_20260510_VPLC_L0_IDLE_10_20_S01,vPLC_container,VPLC_HOST,898,898,899,,304538,,,vplc_internal,10,20,10,0,0,0,404550,0,0,0,ok,
RUN_20260510_VPLC_L0_IDLE_10_20_S01_R03,VPLC_L0_IDLE_10_20,SER_20260510_VPLC_L0_IDLE_10_20_S01,vPLC_container,VPLC_HOST,899,899,900,,304548,,,vplc_internal,10,20,10,0,0,1,405450,0,0,0,ok,
RUN_20260510_VPLC_L0_IDLE_10_20_S01_R03,VPLC_L0_IDLE_10_20,SER_20260510_VPLC_L0_IDLE_10_20_S01,vPLC_container,VPLC_HOST,900,900,901,,304558,,,vplc_internal,10,20,10,0,0,1,406351,0,0,0,ok,
RUN_20260510_VPLC_L0_IDLE_10_20_S01_R03,VPLC_L0_IDLE_10_20,SER_20260510_VPLC_L0_IDLE_10_20_S01,vPLC_container,VPLC_HOST,901,901,902,,304568,,,vplc_internal,10,20,10,0,0,1,407253,0,0,0,ok,
RUN_20260510_VPLC_L0_IDLE_10_20_S01_R03,VPLC_L0_IDLE_10_20,SER_20260510_VPLC_L0_IDLE_10_20_S01,vPLC_container,VPLC_HOST,902,902,903,,304578,,,vplc_internal,10,20,10,0,0,1,408156,0,0,0,ok,
RUN_20260510_VPLC_L0_IDLE_10_20_S01_R03,VPLC_L0_IDLE_10_20,SER_20260510_VPLC_L0_IDLE_10_20_S01,vPLC_container,VPLC_HOST,903,903,904,,304588,,,vplc_internal,10,20,10,0,0,1,409060,0,0,0,ok,
RUN_20260510_VPLC_L0_IDLE_10_20_S01_R03,VPLC_L0_IDLE_10_20,SER_20260510_VPLC_L0_IDLE_10_20_S01,vPLC_container,VPLC_HOST,904,904,905,,304598,,,vplc_internal,10,20,10,0,0,1,409965,0,0,0,ok,
RUN_20260510_VPLC_L0_IDLE_10_20_S01_R03,VPLC_L0_IDLE_10_20,SER_20260510_VPLC_L0_IDLE_10_20_S01,vPLC_container,VPLC_HOST,905,905,906,,304608,,,vplc_internal,10,20,10,0,0,1,410871,0,0,0,ok,
RUN_20260510_VPLC_L0_IDLE_10_20_S01_R03,VPLC_L0_IDLE_10_20,SER_20260510_VPLC_L0_IDLE_10_20_S01,vPLC_container,VPLC_HOST,906,906,907,,304618,,,vplc_internal,10,20,10,0,0,1,411778,0,0,0,ok,
RUN_20260510_VPLC_L0_IDLE_10_20_S01_R03,VPLC_L0_IDLE_10_20,SER_20260510_VPLC_L0_IDLE_10_20_S01,vPLC_container,VPLC_HOST,907,907,908,,304628,,,vplc_internal,10,20,10,0,0,1,412686,0,0,0,ok,
RUN_20260510_VPLC_L0_IDLE_10_20_S01_R03,VPLC_L0_IDLE_10_20,SER_20260510_VPLC_L0_IDLE_10_20_S01,vPLC_container,VPLC_HOST,908,908,909,,304638,,,vplc_internal,10,20,10,0,0,1,413595,0,0,0,ok,
RUN_20260510_VPLC_L0_IDLE_10_20_S01_R03,VPLC_L0_IDLE_10_20,SER_20260510_VPLC_L0_IDLE_10_20_S01,vPLC_container,VPLC_HOST,909,909,910,,304648,,,vplc_internal,10,20,10,0,0,1,414505,0,0,0,ok,
RUN_20260510_VPLC_L0_IDLE_10_20_S01_R03,VPLC_L0_IDLE_10_20,SER_20260510_VPLC_L0_IDLE_10_20_S01,vPLC_container,VPLC_HOST,910,910,911,,304658,,,vplc_internal,10,20,10,0,0,1,415416,0,0,0,ok,
RUN_20260510_VPLC_L0_IDLE_10_20_S01_R03,VPLC_L0_IDLE_10_20,SER_20260510_VPLC_L0_IDLE_10_20_S01,vPLC_container,VPLC_HOST,911,911,912,,304668,,,vplc_internal,10,20,10,0,0,1,416328,0,0,0,ok,
RUN_20260510_VPLC_L0_IDLE_10_20_S01_R03,VPLC_L0_IDLE_10_20,SER_20260510_VPLC_L0_IDLE_10_20_S01,vPLC_container,VPLC_HOST,912,912,913,,304678,,,vplc_internal,10,20,10,0,0,1,417241,0,0,0,ok,
RUN_20260510_VPLC_L0_IDLE_10_20_S01_R03,VPLC_L0_IDLE_10_20,SER_20260510_VPLC_L0_IDLE_10_20_S01,vPLC_container,VPLC_HOST,913,913,914,,304688,,,vplc_internal,10,20,10,0,0,1,418155,0,0,0,ok,
RUN_20260510_VPLC_L0_IDLE_10_20_S01_R03,VPLC_L0_IDLE_10_20,SER_20260510_VPLC_L0_IDLE_10_20_S01,vPLC_container,VPLC_HOST,914,914,915,,304698,,,vplc_internal,10,20,10,0,0,1,419070,0,0,0,ok,
RUN_20260510_VPLC_L0_IDLE_10_20_S01_R03,VPLC_L0_IDLE_10_20,SER_20260510_VPLC_L0_IDLE_10_20_S01,vPLC_container,VPLC_HOST,915,915,916,,304708,,,vplc_internal,10,20,10,0,0,1,419986,0,0,0,ok,
RUN_20260510_VPLC_L0_IDLE_10_20_S01_R03,VPLC_L0_IDLE_10_20,SER_20260510_VPLC_L0_IDLE_10_20_S01,vPLC_container,VPLC_HOST,916,916,917,,304718,,,vplc_internal,10,20,10,0,0,1,420903,0,0,0,ok,
RUN_20260510_VPLC_L0_IDLE_10_20_S01_R03,VPLC_L0_IDLE_10_20,SER_20260510_VPLC_L0_IDLE_10_20_S01,vPLC_container,VPLC_HOST,917,917,918,,304728,,,vplc_internal,10,20,10,0,0,1,421821,0,0,0,ok,
RUN_20260510_VPLC_L0_IDLE_10_20_S01_R03,VPLC_L0_IDLE_10_20,SER_20260510_VPLC_L0_IDLE_10_20_S01,vPLC_container,VPLC_HOST,918,918,919,,304738,,,vplc_internal,10,20,10,0,0,1,422740,0,0,0,ok,
RUN_20260510_VPLC_L0_IDLE_10_20_S01_R03,VPLC_L0_IDLE_10_20,SER_20260510_VPLC_L0_IDLE_10_20_S01,vPLC_container,VPLC_HOST,919,919,920,,304748,,,vplc_internal,10,20,10,0,0,1,423660,0,0,0,ok,
RUN_20260510_VPLC_L0_IDLE_10_20_S01_R03,VPLC_L0_IDLE_10_20,SER_20260510_VPLC_L0_IDLE_10_20_S01,vPLC_container,VPLC_HOST,920,920,921,,304758,,,vplc_internal,10,20,10,0,0,1,424581,0,0,0,ok,
RUN_20260510_VPLC_L0_IDLE_10_20_S01_R03,VPLC_L0_IDLE_10_20,SER_20260510_VPLC_L0_IDLE_10_20_S01,vPLC_container,VPLC_HOST,921,921,922,,304769,,,vplc_internal,10,20,11,1,0,1,425503,0,0,0,ok,
RUN_20260510_VPLC_L0_IDLE_10_20_S01_R03,VPLC_L0_IDLE_10_20,SER_20260510_VPLC_L0_IDLE_10_20_S01,vPLC_container,VPLC_HOST,922,922,923,,304778,,,vplc_internal,10,20,9,-1,0,1,426426,0,0,0,ok,
RUN_20260510_VPLC_L0_IDLE_10_20_S01_R03,VPLC_L0_IDLE_10_20,SER_20260510_VPLC_L0_IDLE_10_20_S01,vPLC_container,VPLC_HOST,923,923,924,,304788,,,vplc_internal,10,20,10,0,0,1,427350,0,0,0,ok,
RUN_20260510_VPLC_L0_IDLE_10_20_S01_R03,VPLC_L0_IDLE_10_20,SER_20260510_VPLC_L0_IDLE_10_20_S01,vPLC_container,VPLC_HOST,924,924,925,,304798,,,vplc_internal,10,20,10,0,0,1,428275,0,0,0,ok,
RUN_20260510_VPLC_L0_IDLE_10_20_S01_R03,VPLC_L0_IDLE_10_20,SER_20260510_VPLC_L0_IDLE_10_20_S01,vPLC_container,VPLC_HOST,925,925,926,,304808,,,vplc_internal,10,20,10,0,0,1,429201,0,0,0,ok,
RUN_20260510_VPLC_L0_IDLE_10_20_S01_R03,VPLC_L0_IDLE_10_20,SER_20260510_VPLC_L0_IDLE_10_20_S01,vPLC_container,VPLC_HOST,926,926,927,,304818,,,vplc_internal,10,20,10,0,0,1,430128,0,0,0,ok,
RUN_20260510_VPLC_L0_IDLE_10_20_S01_R03,VPLC_L0_IDLE_10_20,SER_20260510_VPLC_L0_IDLE_10_20_S01,vPLC_container,VPLC_HOST,927,927,928,,304828,,,vplc_internal,10,20,10,0,0,1,431056,0,0,0,ok,
RUN_20260510_VPLC_L0_IDLE_10_20_S01_R03,VPLC_L0_IDLE_10_20,SER_20260510_VPLC_L0_IDLE_10_20_S01,vPLC_container,VPLC_HOST,928,928,929,,304849,,,vplc_internal,10,20,21,11,1,1,431985,0,0,0,ok,
RUN_20260510_VPLC_L0_IDLE_10_20_S01_R03,VPLC_L0_IDLE_10_20,SER_20260510_VPLC_L0_IDLE_10_20_S01,vPLC_container,VPLC_HOST,929,929,930,,304849,,,vplc_internal,10,20,,,,1,432915,0,0,0,invalid_row,timing_invalid
RUN_20260510_VPLC_L0_IDLE_10_20_S01_R03,VPLC_L0_IDLE_10_20,SER_20260510_VPLC_L0_IDLE_10_20_S01,vPLC_container,VPLC_HOST,930,930,931,,304858,,,vplc_internal,10,20,9,-1,0,1,433846,0,0,0,ok,
RUN_20260510_VPLC_L0_IDLE_10_20_S01_R03,VPLC_L0_IDLE_10_20,SER_20260510_VPLC_L0_IDLE_10_20_S01,vPLC_container,VPLC_HOST,931,931,932,,304868,,,vplc_internal,10,20,10,0,0,1,434778,0,0,0,ok,
RUN_20260510_VPLC_L0_IDLE_10_20_S01_R03,VPLC_L0_IDLE_10_20,SER_20260510_VPLC_L0_IDLE_10_20_S01,vPLC_container,VPLC_HOST,932,932,933,,304878,,,vplc_internal,10,20,10,0,0,1,435711,0,0,0,ok,
RUN_20260510_VPLC_L0_IDLE_10_20_S01_R03,VPLC_L0_IDLE_10_20,SER_20260510_VPLC_L0_IDLE_10_20_S01,vPLC_container,VPLC_HOST,933,933,934,,304888,,,vplc_internal,10,20,10,0,0,1,436645,0,0,0,ok,
RUN_20260510_VPLC_L0_IDLE_10_20_S01_R03,VPLC_L0_IDLE_10_20,SER_20260510_VPLC_L0_IDLE_10_20_S01,vPLC_container,VPLC_HOST,934,934,935,,304898,,,vplc_internal,10,20,10,0,0,1,437580,0,0,0,ok,
RUN_20260510_VPLC_L0_IDLE_10_20_S01_R03,VPLC_L0_IDLE_10_20,SER_20260510_VPLC_L0_IDLE_10_20_S01,vPLC_container,VPLC_HOST,935,935,936,,304908,,,vplc_internal,10,20,10,0,0,1,438516,0,0,0,ok,
RUN_20260510_VPLC_L0_IDLE_10_20_S01_R03,VPLC_L0_IDLE_10_20,SER_20260510_VPLC_L0_IDLE_10_20_S01,vPLC_container,VPLC_HOST,936,936,937,,304918,,,vplc_internal,10,20,10,0,0,1,439453,0,0,0,ok,
RUN_20260510_VPLC_L0_IDLE_10_20_S01_R03,VPLC_L0_IDLE_10_20,SER_20260510_VPLC_L0_IDLE_10_20_S01,vPLC_container,VPLC_HOST,937,937,938,,304928,,,vplc_internal,10,20,10,0,0,1,440391,0,0,0,ok,
RUN_20260510_VPLC_L0_IDLE_10_20_S01_R03,VPLC_L0_IDLE_10_20,SER_20260510_VPLC_L0_IDLE_10_20_S01,vPLC_container,VPLC_HOST,938,938,939,,304938,,,vplc_internal,10,20,10,0,0,1,441330,0,0,0,ok,
RUN_20260510_VPLC_L0_IDLE_10_20_S01_R03,VPLC_L0_IDLE_10_20,SER_20260510_VPLC_L0_IDLE_10_20_S01,vPLC_container,VPLC_HOST,939,939,940,,304948,,,vplc_internal,10,20,10,0,0,1,442270,0,0,0,ok,
RUN_20260510_VPLC_L0_IDLE_10_20_S01_R03,VPLC_L0_IDLE_10_20,SER_20260510_VPLC_L0_IDLE_10_20_S01,vPLC_container,VPLC_HOST,940,940,941,,304958,,,vplc_internal,10,20,10,0,0,1,443211,0,0,0,ok,
RUN_20260510_VPLC_L0_IDLE_10_20_S01_R03,VPLC_L0_IDLE_10_20,SER_20260510_VPLC_L0_IDLE_10_20_S01,vPLC_container,VPLC_HOST,941,941,942,,304968,,,vplc_internal,10,20,10,0,0,1,444153,0,0,0,ok,
RUN_20260510_VPLC_L0_IDLE_10_20_S01_R03,VPLC_L0_IDLE_10_20,SER_20260510_VPLC_L0_IDLE_10_20_S01,vPLC_container,VPLC_HOST,942,942,943,,304978,,,vplc_internal,10,20,10,0,0,1,445096,0,0,0,ok,
RUN_20260510_VPLC_L0_IDLE_10_20_S01_R03,VPLC_L0_IDLE_10_20,SER_20260510_VPLC_L0_IDLE_10_20_S01,vPLC_container,VPLC_HOST,943,943,944,,304988,,,vplc_internal,10,20,10,0,0,1,446040,0,0,0,ok,
RUN_20260510_VPLC_L0_IDLE_10_20_S01_R03,VPLC_L0_IDLE_10_20,SER_20260510_VPLC_L0_IDLE_10_20_S01,vPLC_container,VPLC_HOST,944,944,945,,304998,,,vplc_internal,10,20,10,0,0,1,446985,0,0,0,ok,
RUN_20260510_VPLC_L0_IDLE_10_20_S01_R03,VPLC_L0_IDLE_10_20,SER_20260510_VPLC_L0_IDLE_10_20_S01,vPLC_container,VPLC_HOST,945,945,946,,305008,,,vplc_internal,10,20,10,0,0,1,447931,0,0,0,ok,
RUN_20260510_VPLC_L0_IDLE_10_20_S01_R03,VPLC_L0_IDLE_10_20,SER_20260510_VPLC_L0_IDLE_10_20_S01,vPLC_container,VPLC_HOST,946,946,947,,305018,,,vplc_internal,10,20,10,0,0,1,448878,0,0,0,ok,
RUN_20260510_VPLC_L0_IDLE_10_20_S01_R03,VPLC_L0_IDLE_10_20,SER_20260510_VPLC_L0_IDLE_10_20_S01,vPLC_container,VPLC_HOST,947,947,948,,305028,,,vplc_internal,10,20,10,0,0,1,449826,0,0,0,ok,
RUN_20260510_VPLC_L0_IDLE_10_20_S01_R03,VPLC_L0_IDLE_10_20,SER_20260510_VPLC_L0_IDLE_10_20_S01,vPLC_container,VPLC_HOST,948,948,949,,305038,,,vplc_internal,10,20,10,0,0,1,450775,0,0,0,ok,
RUN_20260510_VPLC_L0_IDLE_10_20_S01_R03,VPLC_L0_IDLE_10_20,SER_20260510_VPLC_L0_IDLE_10_20_S01,vPLC_container,VPLC_HOST,949,949,950,,305048,,,vplc_internal,10,20,10,0,0,1,451725,0,0,0,ok,
RUN_20260510_VPLC_L0_IDLE_10_20_S01_R03,VPLC_L0_IDLE_10_20,SER_20260510_VPLC_L0_IDLE_10_20_S01,vPLC_container,VPLC_HOST,950,950,951,,305058,,,vplc_internal,10,20,10,0,0,1,452676,0,0,0,ok,
RUN_20260510_VPLC_L0_IDLE_10_20_S01_R03,VPLC_L0_IDLE_10_20,SER_20260510_VPLC_L0_IDLE_10_20_S01,vPLC_container,VPLC_HOST,951,951,952,,305069,,,vplc_internal,10,20,11,1,0,1,453628,0,0,0,ok,
RUN_20260510_VPLC_L0_IDLE_10_20_S01_R03,VPLC_L0_IDLE_10_20,SER_20260510_VPLC_L0_IDLE_10_20_S01,vPLC_container,VPLC_HOST,952,952,953,,305078,,,vplc_internal,10,20,9,-1,0,1,454581,0,0,0,ok,
RUN_20260510_VPLC_L0_IDLE_10_20_S01_R03,VPLC_L0_IDLE_10_20,SER_20260510_VPLC_L0_IDLE_10_20_S01,vPLC_container,VPLC_HOST,953,953,954,,305088,,,vplc_internal,10,20,10,0,0,1,455535,0,0,0,ok,
RUN_20260510_VPLC_L0_IDLE_10_20_S01_R03,VPLC_L0_IDLE_10_20,SER_20260510_VPLC_L0_IDLE_10_20_S01,vPLC_container,VPLC_HOST,954,954,955,,305098,,,vplc_internal,10,20,10,0,0,1,456490,0,0,0,ok,
RUN_20260510_VPLC_L0_IDLE_10_20_S01_R03,VPLC_L0_IDLE_10_20,SER_20260510_VPLC_L0_IDLE_10_20_S01,vPLC_container,VPLC_HOST,955,955,956,,305108,,,vplc_internal,10,20,10,0,0,1,457446,0,0,0,ok,
RUN_20260510_VPLC_L0_IDLE_10_20_S01_R03,VPLC_L0_IDLE_10_20,SER_20260510_VPLC_L0_IDLE_10_20_S01,vPLC_container,VPLC_HOST,956,956,957,,305118,,,vplc_internal,10,20,10,0,0,1,458403,0,0,0,ok,
RUN_20260510_VPLC_L0_IDLE_10_20_S01_R03,VPLC_L0_IDLE_10_20,SER_20260510_VPLC_L0_IDLE_10_20_S01,vPLC_container,VPLC_HOST,957,957,958,,305128,,,vplc_internal,10,20,10,0,0,1,459361,0,0,0,ok,
RUN_20260510_VPLC_L0_IDLE_10_20_S01_R03,VPLC_L0_IDLE_10_20,SER_20260510_VPLC_L0_IDLE_10_20_S01,vPLC_container,VPLC_HOST,958,958,959,,305138,,,vplc_internal,10,20,10,0,0,1,460320,0,0,0,ok,
RUN_20260510_VPLC_L0_IDLE_10_20_S01_R03,VPLC_L0_IDLE_10_20,SER_20260510_VPLC_L0_IDLE_10_20_S01,vPLC_container,VPLC_HOST,959,959,960,,305148,,,vplc_internal,10,20,10,0,0,1,461280,0,0,0,ok,
RUN_20260510_VPLC_L0_IDLE_10_20_S01_R03,VPLC_L0_IDLE_10_20,SER_20260510_VPLC_L0_IDLE_10_20_S01,vPLC_container,VPLC_HOST,960,960,961,,305158,,,vplc_internal,10,20,10,0,0,1,462241,0,0,0,ok,
RUN_20260510_VPLC_L0_IDLE_10_20_S01_R03,VPLC_L0_IDLE_10_20,SER_20260510_VPLC_L0_IDLE_10_20_S01,vPLC_container,VPLC_HOST,961,961,962,,305168,,,vplc_internal,10,20,10,0,0,1,463203,0,0,0,ok,
RUN_20260510_VPLC_L0_IDLE_10_20_S01_R03,VPLC_L0_IDLE_10_20,SER_20260510_VPLC_L0_IDLE_10_20_S01,vPLC_container,VPLC_HOST,962,962,963,,305178,,,vplc_internal,10,20,10,0,0,1,464166,0,0,0,ok,
RUN_20260510_VPLC_L0_IDLE_10_20_S01_R03,VPLC_L0_IDLE_10_20,SER_20260510_VPLC_L0_IDLE_10_20_S01,vPLC_container,VPLC_HOST,963,963,964,,305188,,,vplc_internal,10,20,10,0,0,1,465130,0,0,0,ok,
RUN_20260510_VPLC_L0_IDLE_10_20_S01_R03,VPLC_L0_IDLE_10_20,SER_20260510_VPLC_L0_IDLE_10_20_S01,vPLC_container,VPLC_HOST,964,964,965,,305198,,,vplc_internal,10,20,10,0,0,1,466095,0,0,0,ok,
RUN_20260510_VPLC_L0_IDLE_10_20_S01_R03,VPLC_L0_IDLE_10_20,SER_20260510_VPLC_L0_IDLE_10_20_S01,vPLC_container,VPLC_HOST,965,965,966,,305208,,,vplc_internal,10,20,10,0,0,1,467061,0,0,0,ok,
RUN_20260510_VPLC_L0_IDLE_10_20_S01_R03,VPLC_L0_IDLE_10_20,SER_20260510_VPLC_L0_IDLE_10_20_S01,vPLC_container,VPLC_HOST,966,966,967,,305218,,,vplc_internal,10,20,10,0,0,1,468028,0,0,0,ok,
RUN_20260510_VPLC_L0_IDLE_10_20_S01_R03,VPLC_L0_IDLE_10_20,SER_20260510_VPLC_L0_IDLE_10_20_S01,vPLC_container,VPLC_HOST,967,967,968,,305228,,,vplc_internal,10,20,10,0,0,1,468996,0,0,0,ok,
RUN_20260510_VPLC_L0_IDLE_10_20_S01_R03,VPLC_L0_IDLE_10_20,SER_20260510_VPLC_L0_IDLE_10_20_S01,vPLC_container,VPLC_HOST,968,968,969,,305238,,,vplc_internal,10,20,10,0,0,1,469965,0,0,0,ok,
RUN_20260510_VPLC_L0_IDLE_10_20_S01_R03,VPLC_L0_IDLE_10_20,SER_20260510_VPLC_L0_IDLE_10_20_S01,vPLC_container,VPLC_HOST,969,969,970,,305248,,,vplc_internal,10,20,10,0,0,1,470935,0,0,0,ok,
RUN_20260510_VPLC_L0_IDLE_10_20_S01_R03,VPLC_L0_IDLE_10_20,SER_20260510_VPLC_L0_IDLE_10_20_S01,vPLC_container,VPLC_HOST,970,970,971,,305258,,,vplc_internal,10,20,10,0,0,1,471906,0,0,0,ok,
RUN_20260510_VPLC_L0_IDLE_10_20_S01_R03,VPLC_L0_IDLE_10_20,SER_20260510_VPLC_L0_IDLE_10_20_S01,vPLC_container,VPLC_HOST,971,971,972,,305268,,,vplc_internal,10,20,10,0,0,1,472878,0,0,0,ok,
RUN_20260510_VPLC_L0_IDLE_10_20_S01_R03,VPLC_L0_IDLE_10_20,SER_20260510_VPLC_L0_IDLE_10_20_S01,vPLC_container,VPLC_HOST,972,972,973,,305278,,,vplc_internal,10,20,10,0,0,1,473851,0,0,0,ok,
RUN_20260510_VPLC_L0_IDLE_10_20_S01_R03,VPLC_L0_IDLE_10_20,SER_20260510_VPLC_L0_IDLE_10_20_S01,vPLC_container,VPLC_HOST,973,973,974,,305288,,,vplc_internal,10,20,10,0,0,1,474825,0,0,0,ok,
RUN_20260510_VPLC_L0_IDLE_10_20_S01_R03,VPLC_L0_IDLE_10_20,SER_20260510_VPLC_L0_IDLE_10_20_S01,vPLC_container,VPLC_HOST,974,974,975,,305298,,,vplc_internal,10,20,10,0,0,1,475800,0,0,0,ok,
RUN_20260510_VPLC_L0_IDLE_10_20_S01_R03,VPLC_L0_IDLE_10_20,SER_20260510_VPLC_L0_IDLE_10_20_S01,vPLC_container,VPLC_HOST,975,975,976,,305308,,,vplc_internal,10,20,10,0,0,1,476776,0,0,0,ok,
RUN_20260510_VPLC_L0_IDLE_10_20_S01_R03,VPLC_L0_IDLE_10_20,SER_20260510_VPLC_L0_IDLE_10_20_S01,vPLC_container,VPLC_HOST,976,976,977,,305318,,,vplc_internal,10,20,10,0,0,1,477753,0,0,0,ok,
RUN_20260510_VPLC_L0_IDLE_10_20_S01_R03,VPLC_L0_IDLE_10_20,SER_20260510_VPLC_L0_IDLE_10_20_S01,vPLC_container,VPLC_HOST,977,977,978,,305328,,,vplc_internal,10,20,10,0,0,1,478731,0,0,0,ok,
RUN_20260510_VPLC_L0_IDLE_10_20_S01_R03,VPLC_L0_IDLE_10_20,SER_20260510_VPLC_L0_IDLE_10_20_S01,vPLC_container,VPLC_HOST,978,978,979,,305338,,,vplc_internal,10,20,10,0,0,1,479710,0,0,0,ok,
RUN_20260510_VPLC_L0_IDLE_10_20_S01_R03,VPLC_L0_IDLE_10_20,SER_20260510_VPLC_L0_IDLE_10_20_S01,vPLC_container,VPLC_HOST,979,979,980,,305348,,,vplc_internal,10,20,10,0,0,1,480690,0,0,0,ok,
RUN_20260510_VPLC_L0_IDLE_10_20_S01_R03,VPLC_L0_IDLE_10_20,SER_20260510_VPLC_L0_IDLE_10_20_S01,vPLC_container,VPLC_HOST,980,980,981,,305358,,,vplc_internal,10,20,10,0,0,1,481671,0,0,0,ok,
RUN_20260510_VPLC_L0_IDLE_10_20_S01_R03,VPLC_L0_IDLE_10_20,SER_20260510_VPLC_L0_IDLE_10_20_S01,vPLC_container,VPLC_HOST,981,981,982,,305368,,,vplc_internal,10,20,10,0,0,1,482653,0,0,0,ok,
RUN_20260510_VPLC_L0_IDLE_10_20_S01_R03,VPLC_L0_IDLE_10_20,SER_20260510_VPLC_L0_IDLE_10_20_S01,vPLC_container,VPLC_HOST,982,982,983,,305378,,,vplc_internal,10,20,10,0,0,1,483636,0,0,0,ok,
RUN_20260510_VPLC_L0_IDLE_10_20_S01_R03,VPLC_L0_IDLE_10_20,SER_20260510_VPLC_L0_IDLE_10_20_S01,vPLC_container,VPLC_HOST,983,983,984,,305388,,,vplc_internal,10,20,10,0,0,1,484620,0,0,0,ok,
RUN_20260510_VPLC_L0_IDLE_10_20_S01_R03,VPLC_L0_IDLE_10_20,SER_20260510_VPLC_L0_IDLE_10_20_S01,vPLC_container,VPLC_HOST,984,984,985,,305398,,,vplc_internal,10,20,10,0,0,1,485605,0,0,0,ok,
RUN_20260510_VPLC_L0_IDLE_10_20_S01_R03,VPLC_L0_IDLE_10_20,SER_20260510_VPLC_L0_IDLE_10_20_S01,vPLC_container,VPLC_HOST,985,985,986,,305408,,,vplc_internal,10,20,10,0,0,1,486591,0,0,0,ok,
RUN_20260510_VPLC_L0_IDLE_10_20_S01_R03,VPLC_L0_IDLE_10_20,SER_20260510_VPLC_L0_IDLE_10_20_S01,vPLC_container,VPLC_HOST,986,986,987,,305418,,,vplc_internal,10,20,10,0,0,1,487578,0,0,0,ok,
RUN_20260510_VPLC_L0_IDLE_10_20_S01_R03,VPLC_L0_IDLE_10_20,SER_20260510_VPLC_L0_IDLE_10_20_S01,vPLC_container,VPLC_HOST,987,987,988,,305428,,,vplc_internal,10,20,10,0,0,1,488566,0,0,0,ok,
RUN_20260510_VPLC_L0_IDLE_10_20_S01_R03,VPLC_L0_IDLE_10_20,SER_20260510_VPLC_L0_IDLE_10_20_S01,vPLC_container,VPLC_HOST,988,988,989,,305438,,,vplc_internal,10,20,10,0,0,1,489555,0,0,0,ok,
RUN_20260510_VPLC_L0_IDLE_10_20_S01_R03,VPLC_L0_IDLE_10_20,SER_20260510_VPLC_L0_IDLE_10_20_S01,vPLC_container,VPLC_HOST,989,989,990,,305448,,,vplc_internal,10,20,10,0,0,1,490545,0,0,0,ok,
RUN_20260510_VPLC_L0_IDLE_10_20_S01_R03,VPLC_L0_IDLE_10_20,SER_20260510_VPLC_L0_IDLE_10_20_S01,vPLC_container,VPLC_HOST,990,990,991,,305458,,,vplc_internal,10,20,10,0,0,1,491536,0,0,0,ok,
RUN_20260510_VPLC_L0_IDLE_10_20_S01_R03,VPLC_L0_IDLE_10_20,SER_20260510_VPLC_L0_IDLE_10_20_S01,vPLC_container,VPLC_HOST,991,991,992,,305468,,,vplc_internal,10,20,10,0,0,1,492528,0,0,0,ok,
RUN_20260510_VPLC_L0_IDLE_10_20_S01_R03,VPLC_L0_IDLE_10_20,SER_20260510_VPLC_L0_IDLE_10_20_S01,vPLC_container,VPLC_HOST,992,992,993,,305478,,,vplc_internal,10,20,10,0,0,1,493521,0,0,0,ok,
RUN_20260510_VPLC_L0_IDLE_10_20_S01_R03,VPLC_L0_IDLE_10_20,SER_20260510_VPLC_L0_IDLE_10_20_S01,vPLC_container,VPLC_HOST,993,993,994,,305488,,,vplc_internal,10,20,10,0,0,1,494515,0,0,0,ok,
RUN_20260510_VPLC_L0_IDLE_10_20_S01_R03,VPLC_L0_IDLE_10_20,SER_20260510_VPLC_L0_IDLE_10_20_S01,vPLC_container,VPLC_HOST,994,994,995,,305498,,,vplc_internal,10,20,10,0,0,1,495510,0,0,0,ok,
RUN_20260510_VPLC_L0_IDLE_10_20_S01_R03,VPLC_L0_IDLE_10_20,SER_20260510_VPLC_L0_IDLE_10_20_S01,vPLC_container,VPLC_HOST,995,995,996,,305508,,,vplc_internal,10,20,10,0,0,1,496506,0,0,0,ok,
RUN_20260510_VPLC_L0_IDLE_10_20_S01_R03,VPLC_L0_IDLE_10_20,SER_20260510_VPLC_L0_IDLE_10_20_S01,vPLC_container,VPLC_HOST,996,996,997,,305518,,,vplc_internal,10,20,10,0,0,1,497503,0,0,0,ok,
RUN_20260510_VPLC_L0_IDLE_10_20_S01_R03,VPLC_L0_IDLE_10_20,SER_20260510_VPLC_L0_IDLE_10_20_S01,vPLC_container,VPLC_HOST,997,997,998,,305528,,,vplc_internal,10,20,10,0,0,1,498501,0,0,0,ok,
RUN_20260510_VPLC_L0_IDLE_10_20_S01_R03,VPLC_L0_IDLE_10_20,SER_20260510_VPLC_L0_IDLE_10_20_S01,vPLC_container,VPLC_HOST,998,998,999,,305538,,,vplc_internal,10,20,10,0,0,1,499500,0,0,0,ok,
RUN_20260510_VPLC_L0_IDLE_10_20_S01_R03,VPLC_L0_IDLE_10_20,SER_20260510_VPLC_L0_IDLE_10_20_S01,vPLC_container,VPLC_HOST,999,999,1000,,305548,,,vplc_internal,10,20,10,0,0,0,500500,0,0,0,ok,
RUN_20260510_VPLC_L0_IDLE_10_20_S01_R03,VPLC_L0_IDLE_10_20,SER_20260510_VPLC_L0_IDLE_10_20_S01,vPLC_container,VPLC_HOST,1000,1000,1001,,305558,,,vplc_internal,10,20,10,0,0,0,501501,0,0,0,ok,
RUN_20260510_VPLC_L0_IDLE_10_20_S01_R03,VPLC_L0_IDLE_10_20,SER_20260510_VPLC_L0_IDLE_10_20_S01,vPLC_container,VPLC_HOST,1001,1001,1002,,305568,,,vplc_internal,10,20,10,0,0,0,502503,0,0,0,ok,
RUN_20260510_VPLC_L0_IDLE_10_20_S01_R03,VPLC_L0_IDLE_10_20,SER_20260510_VPLC_L0_IDLE_10_20_S01,vPLC_container,VPLC_HOST,1002,1002,1003,,305578,,,vplc_internal,10,20,10,0,0,0,503506,0,0,0,ok,
RUN_20260510_VPLC_L0_IDLE_10_20_S01_R03,VPLC_L0_IDLE_10_20,SER_20260510_VPLC_L0_IDLE_10_20_S01,vPLC_container,VPLC_HOST,1003,1003,1004,,305588,,,vplc_internal,10,20,10,0,0,0,504510,0,0,0,ok,
RUN_20260510_VPLC_L0_IDLE_10_20_S01_R03,VPLC_L0_IDLE_10_20,SER_20260510_VPLC_L0_IDLE_10_20_S01,vPLC_container,VPLC_HOST,1004,1004,1005,,305598,,,vplc_internal,10,20,10,0,0,0,505515,0,0,0,ok,
RUN_20260510_VPLC_L0_IDLE_10_20_S01_R03,VPLC_L0_IDLE_10_20,SER_20260510_VPLC_L0_IDLE_10_20_S01,vPLC_container,VPLC_HOST,1005,1005,1006,,305608,,,vplc_internal,10,20,10,0,0,0,506521,0,0,0,ok,
RUN_20260510_VPLC_L0_IDLE_10_20_S01_R03,VPLC_L0_IDLE_10_20,SER_20260510_VPLC_L0_IDLE_10_20_S01,vPLC_container,VPLC_HOST,1006,1006,1007,,305618,,,vplc_internal,10,20,10,0,0,0,507528,0,0,0,ok,
RUN_20260510_VPLC_L0_IDLE_10_20_S01_R03,VPLC_L0_IDLE_10_20,SER_20260510_VPLC_L0_IDLE_10_20_S01,vPLC_container,VPLC_HOST,1007,1007,1008,,305628,,,vplc_internal,10,20,10,0,0,0,508536,0,0,0,ok,
RUN_20260510_VPLC_L0_IDLE_10_20_S01_R03,VPLC_L0_IDLE_10_20,SER_20260510_VPLC_L0_IDLE_10_20_S01,vPLC_container,VPLC_HOST,1008,1008,1009,,305638,,,vplc_internal,10,20,10,0,0,0,509545,0,0,0,ok,
RUN_20260510_VPLC_L0_IDLE_10_20_S01_R03,VPLC_L0_IDLE_10_20,SER_20260510_VPLC_L0_IDLE_10_20_S01,vPLC_container,VPLC_HOST,1009,1009,1010,,305648,,,vplc_internal,10,20,10,0,0,0,510555,0,0,0,ok,
RUN_20260510_VPLC_L0_IDLE_10_20_S01_R03,VPLC_L0_IDLE_10_20,SER_20260510_VPLC_L0_IDLE_10_20_S01,vPLC_container,VPLC_HOST,1010,1010,1011,,305658,,,vplc_internal,10,20,10,0,0,0,511566,0,0,0,ok,
RUN_20260510_VPLC_L0_IDLE_10_20_S01_R03,VPLC_L0_IDLE_10_20,SER_20260510_VPLC_L0_IDLE_10_20_S01,vPLC_container,VPLC_HOST,1011,1011,1012,,305670,,,vplc_internal,10,20,12,2,0,0,512578,0,0,0,ok,
RUN_20260510_VPLC_L0_IDLE_10_20_S01_R03,VPLC_L0_IDLE_10_20,SER_20260510_VPLC_L0_IDLE_10_20_S01,vPLC_container,VPLC_HOST,1012,1012,1013,,305678,,,vplc_internal,10,20,8,-2,0,0,513591,0,0,0,ok,
RUN_20260510_VPLC_L0_IDLE_10_20_S01_R03,VPLC_L0_IDLE_10_20,SER_20260510_VPLC_L0_IDLE_10_20_S01,vPLC_container,VPLC_HOST,1013,1013,1014,,305688,,,vplc_internal,10,20,10,0,0,0,514605,0,0,0,ok,
RUN_20260510_VPLC_L0_IDLE_10_20_S01_R03,VPLC_L0_IDLE_10_20,SER_20260510_VPLC_L0_IDLE_10_20_S01,vPLC_container,VPLC_HOST,1014,1014,1015,,305698,,,vplc_internal,10,20,10,0,0,0,515620,0,0,0,ok,
RUN_20260510_VPLC_L0_IDLE_10_20_S01_R03,VPLC_L0_IDLE_10_20,SER_20260510_VPLC_L0_IDLE_10_20_S01,vPLC_container,VPLC_HOST,1015,1015,1016,,305708,,,vplc_internal,10,20,10,0,0,0,516636,0,0,0,ok,
RUN_20260510_VPLC_L0_IDLE_10_20_S01_R03,VPLC_L0_IDLE_10_20,SER_20260510_VPLC_L0_IDLE_10_20_S01,vPLC_container,VPLC_HOST,1016,1016,1017,,305718,,,vplc_internal,10,20,10,0,0,0,517653,0,0,0,ok,
RUN_20260510_VPLC_L0_IDLE_10_20_S01_R03,VPLC_L0_IDLE_10_20,SER_20260510_VPLC_L0_IDLE_10_20_S01,vPLC_container,VPLC_HOST,1017,1017,1018,,305728,,,vplc_internal,10,20,10,0,0,0,518671,0,0,0,ok,
RUN_20260510_VPLC_L0_IDLE_10_20_S01_R03,VPLC_L0_IDLE_10_20,SER_20260510_VPLC_L0_IDLE_10_20_S01,vPLC_container,VPLC_HOST,1018,1018,1019,,305738,,,vplc_internal,10,20,10,0,0,0,519690,0,0,0,ok,
RUN_20260510_VPLC_L0_IDLE_10_20_S01_R03,VPLC_L0_IDLE_10_20,SER_20260510_VPLC_L0_IDLE_10_20_S01,vPLC_container,VPLC_HOST,1019,1019,1020,,305748,,,vplc_internal,10,20,10,0,0,0,520710,0,0,0,ok,
RUN_20260510_VPLC_L0_IDLE_10_20_S01_R03,VPLC_L0_IDLE_10_20,SER_20260510_VPLC_L0_IDLE_10_20_S01,vPLC_container,VPLC_HOST,1020,1020,1021,,305758,,,vplc_internal,10,20,10,0,0,0,521731,0,0,0,ok,
RUN_20260510_VPLC_L0_IDLE_10_20_S01_R03,VPLC_L0_IDLE_10_20,SER_20260510_VPLC_L0_IDLE_10_20_S01,vPLC_container,VPLC_HOST,1021,1021,1022,,305768,,,vplc_internal,10,20,10,0,0,0,522753,0,0,0,ok,
RUN_20260510_VPLC_L0_IDLE_10_20_S01_R03,VPLC_L0_IDLE_10_20,SER_20260510_VPLC_L0_IDLE_10_20_S01,vPLC_container,VPLC_HOST,1022,1022,1023,,305778,,,vplc_internal,10,20,10,0,0,0,523776,0,0,0,ok,
RUN_20260510_VPLC_L0_IDLE_10_20_S01_R03,VPLC_L0_IDLE_10_20,SER_20260510_VPLC_L0_IDLE_10_20_S01,vPLC_container,VPLC_HOST,1023,1023,1024,,305788,,,vplc_internal,10,20,10,0,0,0,524800,0,0,0,ok,
RUN_20260510_VPLC_L0_IDLE_10_20_S01_R03,VPLC_L0_IDLE_10_20,SER_20260510_VPLC_L0_IDLE_10_20_S01,vPLC_container,VPLC_HOST,1024,1024,1025,,305798,,,vplc_internal,10,20,10,0,0,0,525825,0,0,0,ok,
RUN_20260510_VPLC_L0_IDLE_10_20_S01_R03,VPLC_L0_IDLE_10_20,SER_20260510_VPLC_L0_IDLE_10_20_S01,vPLC_container,VPLC_HOST,1025,1025,1026,,305808,,,vplc_internal,10,20,10,0,0,0,526851,0,0,0,ok,
RUN_20260510_VPLC_L0_IDLE_10_20_S01_R03,VPLC_L0_IDLE_10_20,SER_20260510_VPLC_L0_IDLE_10_20_S01,vPLC_container,VPLC_HOST,1026,1026,1027,,305818,,,vplc_internal,10,20,10,0,0,0,527878,0,0,0,ok,
RUN_20260510_VPLC_L0_IDLE_10_20_S01_R03,VPLC_L0_IDLE_10_20,SER_20260510_VPLC_L0_IDLE_10_20_S01,vPLC_container,VPLC_HOST,1027,1027,1028,,305828,,,vplc_internal,10,20,10,0,0,0,528906,0,0,0,ok,
RUN_20260510_VPLC_L0_IDLE_10_20_S01_R03,VPLC_L0_IDLE_10_20,SER_20260510_VPLC_L0_IDLE_10_20_S01,vPLC_container,VPLC_HOST,1028,1028,1029,,305845,,,vplc_internal,10,20,17,7,0,0,529935,0,0,0,ok,
RUN_20260510_VPLC_L0_IDLE_10_20_S01_R03,VPLC_L0_IDLE_10_20,SER_20260510_VPLC_L0_IDLE_10_20_S01,vPLC_container,VPLC_HOST,1029,1029,1030,,305848,,,vplc_internal,10,20,3,-7,0,0,530965,0,0,0,ok,
RUN_20260510_VPLC_L0_IDLE_10_20_S01_R03,VPLC_L0_IDLE_10_20,SER_20260510_VPLC_L0_IDLE_10_20_S01,vPLC_container,VPLC_HOST,1030,1030,1031,,305858,,,vplc_internal,10,20,10,0,0,0,531996,0,0,0,ok,
RUN_20260510_VPLC_L0_IDLE_10_20_S01_R03,VPLC_L0_IDLE_10_20,SER_20260510_VPLC_L0_IDLE_10_20_S01,vPLC_container,VPLC_HOST,1031,1031,1032,,305868,,,vplc_internal,10,20,10,0,0,0,533028,0,0,0,ok,
RUN_20260510_VPLC_L0_IDLE_10_20_S01_R03,VPLC_L0_IDLE_10_20,SER_20260510_VPLC_L0_IDLE_10_20_S01,vPLC_container,VPLC_HOST,1032,1032,1033,,305878,,,vplc_internal,10,20,10,0,0,0,534061,0,0,0,ok,
RUN_20260510_VPLC_L0_IDLE_10_20_S01_R03,VPLC_L0_IDLE_10_20,SER_20260510_VPLC_L0_IDLE_10_20_S01,vPLC_container,VPLC_HOST,1033,1033,1034,,305888,,,vplc_internal,10,20,10,0,0,0,535095,0,0,0,ok,
RUN_20260510_VPLC_L0_IDLE_10_20_S01_R03,VPLC_L0_IDLE_10_20,SER_20260510_VPLC_L0_IDLE_10_20_S01,vPLC_container,VPLC_HOST,1034,1034,1035,,305898,,,vplc_internal,10,20,10,0,0,0,536130,0,0,0,ok,
RUN_20260510_VPLC_L0_IDLE_10_20_S01_R03,VPLC_L0_IDLE_10_20,SER_20260510_VPLC_L0_IDLE_10_20_S01,vPLC_container,VPLC_HOST,1035,1035,1036,,305908,,,vplc_internal,10,20,10,0,0,0,537166,0,0,0,ok,
RUN_20260510_VPLC_L0_IDLE_10_20_S01_R03,VPLC_L0_IDLE_10_20,SER_20260510_VPLC_L0_IDLE_10_20_S01,vPLC_container,VPLC_HOST,1036,1036,1037,,305918,,,vplc_internal,10,20,10,0,0,0,538203,0,0,0,ok,
RUN_20260510_VPLC_L0_IDLE_10_20_S01_R03,VPLC_L0_IDLE_10_20,SER_20260510_VPLC_L0_IDLE_10_20_S01,vPLC_container,VPLC_HOST,1037,1037,1038,,305928,,,vplc_internal,10,20,10,0,0,0,539241,0,0,0,ok,
RUN_20260510_VPLC_L0_IDLE_10_20_S01_R03,VPLC_L0_IDLE_10_20,SER_20260510_VPLC_L0_IDLE_10_20_S01,vPLC_container,VPLC_HOST,1038,1038,1039,,305938,,,vplc_internal,10,20,10,0,0,0,540280,0,0,0,ok,
RUN_20260510_VPLC_L0_IDLE_10_20_S01_R03,VPLC_L0_IDLE_10_20,SER_20260510_VPLC_L0_IDLE_10_20_S01,vPLC_container,VPLC_HOST,1039,1039,1040,,305948,,,vplc_internal,10,20,10,0,0,0,541320,0,0,0,ok,
RUN_20260510_VPLC_L0_IDLE_10_20_S01_R03,VPLC_L0_IDLE_10_20,SER_20260510_VPLC_L0_IDLE_10_20_S01,vPLC_container,VPLC_HOST,1040,1040,1041,,305958,,,vplc_internal,10,20,10,0,0,0,542361,0,0,0,ok,
RUN_20260510_VPLC_L0_IDLE_10_20_S01_R03,VPLC_L0_IDLE_10_20,SER_20260510_VPLC_L0_IDLE_10_20_S01,vPLC_container,VPLC_HOST,1041,1041,1042,,305968,,,vplc_internal,10,20,10,0,0,0,543403,0,0,0,ok,
RUN_20260510_VPLC_L0_IDLE_10_20_S01_R03,VPLC_L0_IDLE_10_20,SER_20260510_VPLC_L0_IDLE_10_20_S01,vPLC_container,VPLC_HOST,1042,1042,1043,,305978,,,vplc_internal,10,20,10,0,0,0,544446,0,0,0,ok,
RUN_20260510_VPLC_L0_IDLE_10_20_S01_R03,VPLC_L0_IDLE_10_20,SER_20260510_VPLC_L0_IDLE_10_20_S01,vPLC_container,VPLC_HOST,1043,1043,1044,,305988,,,vplc_internal,10,20,10,0,0,0,545490,0,0,0,ok,
RUN_20260510_VPLC_L0_IDLE_10_20_S01_R03,VPLC_L0_IDLE_10_20,SER_20260510_VPLC_L0_IDLE_10_20_S01,vPLC_container,VPLC_HOST,1044,1044,1045,,305998,,,vplc_internal,10,20,10,0,0,0,546535,0,0,0,ok,
RUN_20260510_VPLC_L0_IDLE_10_20_S01_R03,VPLC_L0_IDLE_10_20,SER_20260510_VPLC_L0_IDLE_10_20_S01,vPLC_container,VPLC_HOST,1045,1045,1046,,306008,,,vplc_internal,10,20,10,0,0,0,547581,0,0,0,ok,
RUN_20260510_VPLC_L0_IDLE_10_20_S01_R03,VPLC_L0_IDLE_10_20,SER_20260510_VPLC_L0_IDLE_10_20_S01,vPLC_container,VPLC_HOST,1046,1046,1047,,306018,,,vplc_internal,10,20,10,0,0,0,548628,0,0,0,ok,
RUN_20260510_VPLC_L0_IDLE_10_20_S01_R03,VPLC_L0_IDLE_10_20,SER_20260510_VPLC_L0_IDLE_10_20_S01,vPLC_container,VPLC_HOST,1047,1047,1048,,306028,,,vplc_internal,10,20,10,0,0,0,549676,0,0,0,ok,
RUN_20260510_VPLC_L0_IDLE_10_20_S01_R03,VPLC_L0_IDLE_10_20,SER_20260510_VPLC_L0_IDLE_10_20_S01,vPLC_container,VPLC_HOST,1048,1048,1049,,306038,,,vplc_internal,10,20,10,0,0,0,550725,0,0,0,ok,
RUN_20260510_VPLC_L0_IDLE_10_20_S01_R03,VPLC_L0_IDLE_10_20,SER_20260510_VPLC_L0_IDLE_10_20_S01,vPLC_container,VPLC_HOST,1049,1049,1050,,306048,,,vplc_internal,10,20,10,0,0,0,551775,0,0,0,ok,
RUN_20260510_VPLC_L0_IDLE_10_20_S01_R03,VPLC_L0_IDLE_10_20,SER_20260510_VPLC_L0_IDLE_10_20_S01,vPLC_container,VPLC_HOST,1050,1050,1051,,306058,,,vplc_internal,10,20,10,0,0,0,552826,0,0,0,ok,
RUN_20260510_VPLC_L0_IDLE_10_20_S01_R03,VPLC_L0_IDLE_10_20,SER_20260510_VPLC_L0_IDLE_10_20_S01,vPLC_container,VPLC_HOST,1051,1051,1052,,306068,,,vplc_internal,10,20,10,0,0,0,553878,0,0,0,ok,
RUN_20260510_VPLC_L0_IDLE_10_20_S01_R03,VPLC_L0_IDLE_10_20,SER_20260510_VPLC_L0_IDLE_10_20_S01,vPLC_container,VPLC_HOST,1052,1052,1053,,306078,,,vplc_internal,10,20,10,0,0,0,554931,0,0,0,ok,
RUN_20260510_VPLC_L0_IDLE_10_20_S01_R03,VPLC_L0_IDLE_10_20,SER_20260510_VPLC_L0_IDLE_10_20_S01,vPLC_container,VPLC_HOST,1053,1053,1054,,306088,,,vplc_internal,10,20,10,0,0,0,555985,0,0,0,ok,
RUN_20260510_VPLC_L0_IDLE_10_20_S01_R03,VPLC_L0_IDLE_10_20,SER_20260510_VPLC_L0_IDLE_10_20_S01,vPLC_container,VPLC_HOST,1054,1054,1055,,306098,,,vplc_internal,10,20,10,0,0,0,557040,0,0,0,ok,
RUN_20260510_VPLC_L0_IDLE_10_20_S01_R03,VPLC_L0_IDLE_10_20,SER_20260510_VPLC_L0_IDLE_10_20_S01,vPLC_container,VPLC_HOST,1055,1055,1056,,306108,,,vplc_internal,10,20,10,0,0,0,558096,0,0,0,ok,
RUN_20260510_VPLC_L0_IDLE_10_20_S01_R03,VPLC_L0_IDLE_10_20,SER_20260510_VPLC_L0_IDLE_10_20_S01,vPLC_container,VPLC_HOST,1056,1056,1057,,306118,,,vplc_internal,10,20,10,0,0,0,559153,0,0,0,ok,
RUN_20260510_VPLC_L0_IDLE_10_20_S01_R03,VPLC_L0_IDLE_10_20,SER_20260510_VPLC_L0_IDLE_10_20_S01,vPLC_container,VPLC_HOST,1057,1057,1058,,306128,,,vplc_internal,10,20,10,0,0,0,560211,0,0,0,ok,
RUN_20260510_VPLC_L0_IDLE_10_20_S01_R03,VPLC_L0_IDLE_10_20,SER_20260510_VPLC_L0_IDLE_10_20_S01,vPLC_container,VPLC_HOST,1058,1058,1059,,306138,,,vplc_internal,10,20,10,0,0,0,561270,0,0,0,ok,
RUN_20260510_VPLC_L0_IDLE_10_20_S01_R03,VPLC_L0_IDLE_10_20,SER_20260510_VPLC_L0_IDLE_10_20_S01,vPLC_container,VPLC_HOST,1059,1059,1060,,306148,,,vplc_internal,10,20,10,0,0,0,562330,0,0,0,ok,
RUN_20260510_VPLC_L0_IDLE_10_20_S01_R03,VPLC_L0_IDLE_10_20,SER_20260510_VPLC_L0_IDLE_10_20_S01,vPLC_container,VPLC_HOST,1060,1060,1061,,306158,,,vplc_internal,10,20,10,0,0,0,563391,0,0,0,ok,
RUN_20260510_VPLC_L0_IDLE_10_20_S01_R03,VPLC_L0_IDLE_10_20,SER_20260510_VPLC_L0_IDLE_10_20_S01,vPLC_container,VPLC_HOST,1061,1061,1062,,306168,,,vplc_internal,10,20,10,0,0,0,564453,0,0,0,ok,
RUN_20260510_VPLC_L0_IDLE_10_20_S01_R03,VPLC_L0_IDLE_10_20,SER_20260510_VPLC_L0_IDLE_10_20_S01,vPLC_container,VPLC_HOST,1062,1062,1063,,306178,,,vplc_internal,10,20,10,0,0,0,565516,0,0,0,ok,
RUN_20260510_VPLC_L0_IDLE_10_20_S01_R03,VPLC_L0_IDLE_10_20,SER_20260510_VPLC_L0_IDLE_10_20_S01,vPLC_container,VPLC_HOST,1063,1063,1064,,306188,,,vplc_internal,10,20,10,0,0,0,566580,0,0,0,ok,
RUN_20260510_VPLC_L0_IDLE_10_20_S01_R03,VPLC_L0_IDLE_10_20,SER_20260510_VPLC_L0_IDLE_10_20_S01,vPLC_container,VPLC_HOST,1064,1064,1065,,306198,,,vplc_internal,10,20,10,0,0,0,567645,0,0,0,ok,
RUN_20260510_VPLC_L0_IDLE_10_20_S01_R03,VPLC_L0_IDLE_10_20,SER_20260510_VPLC_L0_IDLE_10_20_S01,vPLC_container,VPLC_HOST,1065,1065,1066,,306208,,,vplc_internal,10,20,10,0,0,0,568711,0,0,0,ok,
RUN_20260510_VPLC_L0_IDLE_10_20_S01_R03,VPLC_L0_IDLE_10_20,SER_20260510_VPLC_L0_IDLE_10_20_S01,vPLC_container,VPLC_HOST,1066,1066,1067,,306218,,,vplc_internal,10,20,10,0,0,0,569778,0,0,0,ok,
RUN_20260510_VPLC_L0_IDLE_10_20_S01_R03,VPLC_L0_IDLE_10_20,SER_20260510_VPLC_L0_IDLE_10_20_S01,vPLC_container,VPLC_HOST,1067,1067,1068,,306228,,,vplc_internal,10,20,10,0,0,0,570846,0,0,0,ok,
RUN_20260510_VPLC_L0_IDLE_10_20_S01_R03,VPLC_L0_IDLE_10_20,SER_20260510_VPLC_L0_IDLE_10_20_S01,vPLC_container,VPLC_HOST,1068,1068,1069,,306238,,,vplc_internal,10,20,10,0,0,0,571915,0,0,0,ok,
RUN_20260510_VPLC_L0_IDLE_10_20_S01_R03,VPLC_L0_IDLE_10_20,SER_20260510_VPLC_L0_IDLE_10_20_S01,vPLC_container,VPLC_HOST,1069,1069,1070,,306248,,,vplc_internal,10,20,10,0,0,0,572985,0,0,0,ok,
RUN_20260510_VPLC_L0_IDLE_10_20_S01_R03,VPLC_L0_IDLE_10_20,SER_20260510_VPLC_L0_IDLE_10_20_S01,vPLC_container,VPLC_HOST,1070,1070,1071,,306258,,,vplc_internal,10,20,10,0,0,0,574056,0,0,0,ok,
RUN_20260510_VPLC_L0_IDLE_10_20_S01_R03,VPLC_L0_IDLE_10_20,SER_20260510_VPLC_L0_IDLE_10_20_S01,vPLC_container,VPLC_HOST,1071,1071,1072,,306269,,,vplc_internal,10,20,11,1,0,0,575128,0,0,0,ok,
RUN_20260510_VPLC_L0_IDLE_10_20_S01_R03,VPLC_L0_IDLE_10_20,SER_20260510_VPLC_L0_IDLE_10_20_S01,vPLC_container,VPLC_HOST,1072,1072,1073,,306278,,,vplc_internal,10,20,9,-1,0,0,576201,0,0,0,ok,
RUN_20260510_VPLC_L0_IDLE_10_20_S01_R03,VPLC_L0_IDLE_10_20,SER_20260510_VPLC_L0_IDLE_10_20_S01,vPLC_container,VPLC_HOST,1073,1073,1074,,306288,,,vplc_internal,10,20,10,0,0,0,577275,0,0,0,ok,
RUN_20260510_VPLC_L0_IDLE_10_20_S01_R03,VPLC_L0_IDLE_10_20,SER_20260510_VPLC_L0_IDLE_10_20_S01,vPLC_container,VPLC_HOST,1074,1074,1075,,306298,,,vplc_internal,10,20,10,0,0,0,578350,0,0,0,ok,
RUN_20260510_VPLC_L0_IDLE_10_20_S01_R03,VPLC_L0_IDLE_10_20,SER_20260510_VPLC_L0_IDLE_10_20_S01,vPLC_container,VPLC_HOST,1075,1075,1076,,306308,,,vplc_internal,10,20,10,0,0,0,579426,0,0,0,ok,
RUN_20260510_VPLC_L0_IDLE_10_20_S01_R03,VPLC_L0_IDLE_10_20,SER_20260510_VPLC_L0_IDLE_10_20_S01,vPLC_container,VPLC_HOST,1076,1076,1077,,306318,,,vplc_internal,10,20,10,0,0,0,580503,0,0,0,ok,
RUN_20260510_VPLC_L0_IDLE_10_20_S01_R03,VPLC_L0_IDLE_10_20,SER_20260510_VPLC_L0_IDLE_10_20_S01,vPLC_container,VPLC_HOST,1077,1077,1078,,306328,,,vplc_internal,10,20,10,0,0,0,581581,0,0,0,ok,
RUN_20260510_VPLC_L0_IDLE_10_20_S01_R03,VPLC_L0_IDLE_10_20,SER_20260510_VPLC_L0_IDLE_10_20_S01,vPLC_container,VPLC_HOST,1078,1078,1079,,306338,,,vplc_internal,10,20,10,0,0,0,582660,0,0,0,ok,
RUN_20260510_VPLC_L0_IDLE_10_20_S01_R03,VPLC_L0_IDLE_10_20,SER_20260510_VPLC_L0_IDLE_10_20_S01,vPLC_container,VPLC_HOST,1079,1079,1080,,306348,,,vplc_internal,10,20,10,0,0,0,583740,0,0,0,ok,
RUN_20260510_VPLC_L0_IDLE_10_20_S01_R03,VPLC_L0_IDLE_10_20,SER_20260510_VPLC_L0_IDLE_10_20_S01,vPLC_container,VPLC_HOST,1080,1080,1081,,306358,,,vplc_internal,10,20,10,0,0,0,584821,0,0,0,ok,
RUN_20260510_VPLC_L0_IDLE_10_20_S01_R03,VPLC_L0_IDLE_10_20,SER_20260510_VPLC_L0_IDLE_10_20_S01,vPLC_container,VPLC_HOST,1081,1081,1082,,306368,,,vplc_internal,10,20,10,0,0,0,585903,0,0,0,ok,
RUN_20260510_VPLC_L0_IDLE_10_20_S01_R03,VPLC_L0_IDLE_10_20,SER_20260510_VPLC_L0_IDLE_10_20_S01,vPLC_container,VPLC_HOST,1082,1082,1083,,306378,,,vplc_internal,10,20,10,0,0,0,586986,0,0,0,ok,
RUN_20260510_VPLC_L0_IDLE_10_20_S01_R03,VPLC_L0_IDLE_10_20,SER_20260510_VPLC_L0_IDLE_10_20_S01,vPLC_container,VPLC_HOST,1083,1083,1084,,306388,,,vplc_internal,10,20,10,0,0,0,588070,0,0,0,ok,
RUN_20260510_VPLC_L0_IDLE_10_20_S01_R03,VPLC_L0_IDLE_10_20,SER_20260510_VPLC_L0_IDLE_10_20_S01,vPLC_container,VPLC_HOST,1084,1084,1085,,306398,,,vplc_internal,10,20,10,0,0,0,589155,0,0,0,ok,
RUN_20260510_VPLC_L0_IDLE_10_20_S01_R03,VPLC_L0_IDLE_10_20,SER_20260510_VPLC_L0_IDLE_10_20_S01,vPLC_container,VPLC_HOST,1085,1085,1086,,306408,,,vplc_internal,10,20,10,0,0,0,590241,0,0,0,ok,
RUN_20260510_VPLC_L0_IDLE_10_20_S01_R03,VPLC_L0_IDLE_10_20,SER_20260510_VPLC_L0_IDLE_10_20_S01,vPLC_container,VPLC_HOST,1086,1086,1087,,306418,,,vplc_internal,10,20,10,0,0,0,591328,0,0,0,ok,
RUN_20260510_VPLC_L0_IDLE_10_20_S01_R03,VPLC_L0_IDLE_10_20,SER_20260510_VPLC_L0_IDLE_10_20_S01,vPLC_container,VPLC_HOST,1087,1087,1088,,306428,,,vplc_internal,10,20,10,0,0,0,592416,0,0,0,ok,
RUN_20260510_VPLC_L0_IDLE_10_20_S01_R03,VPLC_L0_IDLE_10_20,SER_20260510_VPLC_L0_IDLE_10_20_S01,vPLC_container,VPLC_HOST,1088,1088,1089,,306438,,,vplc_internal,10,20,10,0,0,0,593505,0,0,0,ok,
RUN_20260510_VPLC_L0_IDLE_10_20_S01_R03,VPLC_L0_IDLE_10_20,SER_20260510_VPLC_L0_IDLE_10_20_S01,vPLC_container,VPLC_HOST,1089,1089,1090,,306448,,,vplc_internal,10,20,10,0,0,0,594595,0,0,0,ok,
RUN_20260510_VPLC_L0_IDLE_10_20_S01_R03,VPLC_L0_IDLE_10_20,SER_20260510_VPLC_L0_IDLE_10_20_S01,vPLC_container,VPLC_HOST,1090,1090,1091,,306458,,,vplc_internal,10,20,10,0,0,0,595686,0,0,0,ok,
RUN_20260510_VPLC_L0_IDLE_10_20_S01_R03,VPLC_L0_IDLE_10_20,SER_20260510_VPLC_L0_IDLE_10_20_S01,vPLC_container,VPLC_HOST,1091,1091,1092,,306468,,,vplc_internal,10,20,10,0,0,0,596778,0,0,0,ok,
RUN_20260510_VPLC_L0_IDLE_10_20_S01_R03,VPLC_L0_IDLE_10_20,SER_20260510_VPLC_L0_IDLE_10_20_S01,vPLC_container,VPLC_HOST,1092,1092,1093,,306478,,,vplc_internal,10,20,10,0,0,0,597871,0,0,0,ok,
RUN_20260510_VPLC_L0_IDLE_10_20_S01_R03,VPLC_L0_IDLE_10_20,SER_20260510_VPLC_L0_IDLE_10_20_S01,vPLC_container,VPLC_HOST,1093,1093,1094,,306488,,,vplc_internal,10,20,10,0,0,0,598965,0,0,0,ok,
RUN_20260510_VPLC_L0_IDLE_10_20_S01_R03,VPLC_L0_IDLE_10_20,SER_20260510_VPLC_L0_IDLE_10_20_S01,vPLC_container,VPLC_HOST,1094,1094,1095,,306498,,,vplc_internal,10,20,10,0,0,0,600060,0,0,0,ok,
RUN_20260510_VPLC_L0_IDLE_10_20_S01_R03,VPLC_L0_IDLE_10_20,SER_20260510_VPLC_L0_IDLE_10_20_S01,vPLC_container,VPLC_HOST,1095,1095,1096,,306508,,,vplc_internal,10,20,10,0,0,0,601156,0,0,0,ok,
RUN_20260510_VPLC_L0_IDLE_10_20_S01_R03,VPLC_L0_IDLE_10_20,SER_20260510_VPLC_L0_IDLE_10_20_S01,vPLC_container,VPLC_HOST,1096,1096,1097,,306518,,,vplc_internal,10,20,10,0,0,0,602253,0,0,0,ok,
RUN_20260510_VPLC_L0_IDLE_10_20_S01_R03,VPLC_L0_IDLE_10_20,SER_20260510_VPLC_L0_IDLE_10_20_S01,vPLC_container,VPLC_HOST,1097,1097,1098,,306528,,,vplc_internal,10,20,10,0,0,0,603351,0,0,0,ok,
RUN_20260510_VPLC_L0_IDLE_10_20_S01_R03,VPLC_L0_IDLE_10_20,SER_20260510_VPLC_L0_IDLE_10_20_S01,vPLC_container,VPLC_HOST,1098,1098,1099,,306538,,,vplc_internal,10,20,10,0,0,0,604450,0,0,0,ok,
RUN_20260510_VPLC_L0_IDLE_10_20_S01_R03,VPLC_L0_IDLE_10_20,SER_20260510_VPLC_L0_IDLE_10_20_S01,vPLC_container,VPLC_HOST,1099,1099,1100,,306548,,,vplc_internal,10,20,10,0,0,1,605550,0,0,0,ok,
RUN_20260510_VPLC_L0_IDLE_10_20_S01_R03,VPLC_L0_IDLE_10_20,SER_20260510_VPLC_L0_IDLE_10_20_S01,vPLC_container,VPLC_HOST,1100,1100,1101,,306558,,,vplc_internal,10,20,10,0,0,1,606651,0,0,0,ok,
RUN_20260510_VPLC_L0_IDLE_10_20_S01_R03,VPLC_L0_IDLE_10_20,SER_20260510_VPLC_L0_IDLE_10_20_S01,vPLC_container,VPLC_HOST,1101,1101,1102,,306570,,,vplc_internal,10,20,12,2,0,1,607753,0,0,0,ok,
RUN_20260510_VPLC_L0_IDLE_10_20_S01_R03,VPLC_L0_IDLE_10_20,SER_20260510_VPLC_L0_IDLE_10_20_S01,vPLC_container,VPLC_HOST,1102,1102,1103,,306578,,,vplc_internal,10,20,8,-2,0,1,608856,0,0,0,ok,
RUN_20260510_VPLC_L0_IDLE_10_20_S01_R03,VPLC_L0_IDLE_10_20,SER_20260510_VPLC_L0_IDLE_10_20_S01,vPLC_container,VPLC_HOST,1103,1103,1104,,306588,,,vplc_internal,10,20,10,0,0,1,609960,0,0,0,ok,
RUN_20260510_VPLC_L0_IDLE_10_20_S01_R03,VPLC_L0_IDLE_10_20,SER_20260510_VPLC_L0_IDLE_10_20_S01,vPLC_container,VPLC_HOST,1104,1104,1105,,306598,,,vplc_internal,10,20,10,0,0,1,611065,0,0,0,ok,
RUN_20260510_VPLC_L0_IDLE_10_20_S01_R03,VPLC_L0_IDLE_10_20,SER_20260510_VPLC_L0_IDLE_10_20_S01,vPLC_container,VPLC_HOST,1105,1105,1106,,306608,,,vplc_internal,10,20,10,0,0,1,612171,0,0,0,ok,
RUN_20260510_VPLC_L0_IDLE_10_20_S01_R03,VPLC_L0_IDLE_10_20,SER_20260510_VPLC_L0_IDLE_10_20_S01,vPLC_container,VPLC_HOST,1106,1106,1107,,306618,,,vplc_internal,10,20,10,0,0,1,613278,0,0,0,ok,
RUN_20260510_VPLC_L0_IDLE_10_20_S01_R03,VPLC_L0_IDLE_10_20,SER_20260510_VPLC_L0_IDLE_10_20_S01,vPLC_container,VPLC_HOST,1107,1107,1108,,306628,,,vplc_internal,10,20,10,0,0,1,614386,0,0,0,ok,
RUN_20260510_VPLC_L0_IDLE_10_20_S01_R03,VPLC_L0_IDLE_10_20,SER_20260510_VPLC_L0_IDLE_10_20_S01,vPLC_container,VPLC_HOST,1108,1108,1109,,306638,,,vplc_internal,10,20,10,0,0,1,615495,0,0,0,ok,
RUN_20260510_VPLC_L0_IDLE_10_20_S01_R03,VPLC_L0_IDLE_10_20,SER_20260510_VPLC_L0_IDLE_10_20_S01,vPLC_container,VPLC_HOST,1109,1109,1110,,306648,,,vplc_internal,10,20,10,0,0,1,616605,0,0,0,ok,
RUN_20260510_VPLC_L0_IDLE_10_20_S01_R03,VPLC_L0_IDLE_10_20,SER_20260510_VPLC_L0_IDLE_10_20_S01,vPLC_container,VPLC_HOST,1110,1110,1111,,306658,,,vplc_internal,10,20,10,0,0,1,617716,0,0,0,ok,
RUN_20260510_VPLC_L0_IDLE_10_20_S01_R03,VPLC_L0_IDLE_10_20,SER_20260510_VPLC_L0_IDLE_10_20_S01,vPLC_container,VPLC_HOST,1111,1111,1112,,306668,,,vplc_internal,10,20,10,0,0,1,618828,0,0,0,ok,
RUN_20260510_VPLC_L0_IDLE_10_20_S01_R03,VPLC_L0_IDLE_10_20,SER_20260510_VPLC_L0_IDLE_10_20_S01,vPLC_container,VPLC_HOST,1112,1112,1113,,306678,,,vplc_internal,10,20,10,0,0,1,619941,0,0,0,ok,
RUN_20260510_VPLC_L0_IDLE_10_20_S01_R03,VPLC_L0_IDLE_10_20,SER_20260510_VPLC_L0_IDLE_10_20_S01,vPLC_container,VPLC_HOST,1113,1113,1114,,306688,,,vplc_internal,10,20,10,0,0,1,621055,0,0,0,ok,
RUN_20260510_VPLC_L0_IDLE_10_20_S01_R03,VPLC_L0_IDLE_10_20,SER_20260510_VPLC_L0_IDLE_10_20_S01,vPLC_container,VPLC_HOST,1114,1114,1115,,306698,,,vplc_internal,10,20,10,0,0,1,622170,0,0,0,ok,
RUN_20260510_VPLC_L0_IDLE_10_20_S01_R03,VPLC_L0_IDLE_10_20,SER_20260510_VPLC_L0_IDLE_10_20_S01,vPLC_container,VPLC_HOST,1115,1115,1116,,306708,,,vplc_internal,10,20,10,0,0,1,623286,0,0,0,ok,
RUN_20260510_VPLC_L0_IDLE_10_20_S01_R03,VPLC_L0_IDLE_10_20,SER_20260510_VPLC_L0_IDLE_10_20_S01,vPLC_container,VPLC_HOST,1116,1116,1117,,306718,,,vplc_internal,10,20,10,0,0,1,624403,0,0,0,ok,
RUN_20260510_VPLC_L0_IDLE_10_20_S01_R03,VPLC_L0_IDLE_10_20,SER_20260510_VPLC_L0_IDLE_10_20_S01,vPLC_container,VPLC_HOST,1117,1117,1118,,306728,,,vplc_internal,10,20,10,0,0,1,625521,0,0,0,ok,
RUN_20260510_VPLC_L0_IDLE_10_20_S01_R03,VPLC_L0_IDLE_10_20,SER_20260510_VPLC_L0_IDLE_10_20_S01,vPLC_container,VPLC_HOST,1118,1118,1119,,306738,,,vplc_internal,10,20,10,0,0,1,626640,0,0,0,ok,
RUN_20260510_VPLC_L0_IDLE_10_20_S01_R03,VPLC_L0_IDLE_10_20,SER_20260510_VPLC_L0_IDLE_10_20_S01,vPLC_container,VPLC_HOST,1119,1119,1120,,306748,,,vplc_internal,10,20,10,0,0,1,627760,0,0,0,ok,
RUN_20260510_VPLC_L0_IDLE_10_20_S01_R03,VPLC_L0_IDLE_10_20,SER_20260510_VPLC_L0_IDLE_10_20_S01,vPLC_container,VPLC_HOST,1120,1120,1121,,306758,,,vplc_internal,10,20,10,0,0,1,628881,0,0,0,ok,
RUN_20260510_VPLC_L0_IDLE_10_20_S01_R03,VPLC_L0_IDLE_10_20,SER_20260510_VPLC_L0_IDLE_10_20_S01,vPLC_container,VPLC_HOST,1121,1121,1122,,306768,,,vplc_internal,10,20,10,0,0,1,630003,0,0,0,ok,
RUN_20260510_VPLC_L0_IDLE_10_20_S01_R03,VPLC_L0_IDLE_10_20,SER_20260510_VPLC_L0_IDLE_10_20_S01,vPLC_container,VPLC_HOST,1122,1122,1123,,306778,,,vplc_internal,10,20,10,0,0,1,631126,0,0,0,ok,
RUN_20260510_VPLC_L0_IDLE_10_20_S01_R03,VPLC_L0_IDLE_10_20,SER_20260510_VPLC_L0_IDLE_10_20_S01,vPLC_container,VPLC_HOST,1123,1123,1124,,306788,,,vplc_internal,10,20,10,0,0,1,632250,0,0,0,ok,
RUN_20260510_VPLC_L0_IDLE_10_20_S01_R03,VPLC_L0_IDLE_10_20,SER_20260510_VPLC_L0_IDLE_10_20_S01,vPLC_container,VPLC_HOST,1124,1124,1125,,306798,,,vplc_internal,10,20,10,0,0,1,633375,0,0,0,ok,
RUN_20260510_VPLC_L0_IDLE_10_20_S01_R03,VPLC_L0_IDLE_10_20,SER_20260510_VPLC_L0_IDLE_10_20_S01,vPLC_container,VPLC_HOST,1125,1125,1126,,306808,,,vplc_internal,10,20,10,0,0,1,634501,0,0,0,ok,
RUN_20260510_VPLC_L0_IDLE_10_20_S01_R03,VPLC_L0_IDLE_10_20,SER_20260510_VPLC_L0_IDLE_10_20_S01,vPLC_container,VPLC_HOST,1126,1126,1127,,306818,,,vplc_internal,10,20,10,0,0,1,635628,0,0,0,ok,
RUN_20260510_VPLC_L0_IDLE_10_20_S01_R03,VPLC_L0_IDLE_10_20,SER_20260510_VPLC_L0_IDLE_10_20_S01,vPLC_container,VPLC_HOST,1127,1127,1128,,306828,,,vplc_internal,10,20,10,0,0,1,636756,0,0,0,ok,
RUN_20260510_VPLC_L0_IDLE_10_20_S01_R03,VPLC_L0_IDLE_10_20,SER_20260510_VPLC_L0_IDLE_10_20_S01,vPLC_container,VPLC_HOST,1128,1128,1129,,306852,,,vplc_internal,10,20,24,14,1,1,637885,0,0,0,ok,
RUN_20260510_VPLC_L0_IDLE_10_20_S01_R03,VPLC_L0_IDLE_10_20,SER_20260510_VPLC_L0_IDLE_10_20_S01,vPLC_container,VPLC_HOST,1129,1129,1130,,306852,,,vplc_internal,10,20,,,,1,639015,0,0,0,invalid_row,timing_invalid
RUN_20260510_VPLC_L0_IDLE_10_20_S01_R03,VPLC_L0_IDLE_10_20,SER_20260510_VPLC_L0_IDLE_10_20_S01,vPLC_container,VPLC_HOST,1130,1130,1131,,306858,,,vplc_internal,10,20,6,-4,0,1,640146,0,0,0,ok,
RUN_20260510_VPLC_L0_IDLE_10_20_S01_R03,VPLC_L0_IDLE_10_20,SER_20260510_VPLC_L0_IDLE_10_20_S01,vPLC_container,VPLC_HOST,1131,1131,1132,,306868,,,vplc_internal,10,20,10,0,0,1,641278,0,0,0,ok,
RUN_20260510_VPLC_L0_IDLE_10_20_S01_R03,VPLC_L0_IDLE_10_20,SER_20260510_VPLC_L0_IDLE_10_20_S01,vPLC_container,VPLC_HOST,1132,1132,1133,,306878,,,vplc_internal,10,20,10,0,0,1,642411,0,0,0,ok,
RUN_20260510_VPLC_L0_IDLE_10_20_S01_R03,VPLC_L0_IDLE_10_20,SER_20260510_VPLC_L0_IDLE_10_20_S01,vPLC_container,VPLC_HOST,1133,1133,1134,,306888,,,vplc_internal,10,20,10,0,0,1,643545,0,0,0,ok,
RUN_20260510_VPLC_L0_IDLE_10_20_S01_R03,VPLC_L0_IDLE_10_20,SER_20260510_VPLC_L0_IDLE_10_20_S01,vPLC_container,VPLC_HOST,1134,1134,1135,,306898,,,vplc_internal,10,20,10,0,0,1,644680,0,0,0,ok,
RUN_20260510_VPLC_L0_IDLE_10_20_S01_R03,VPLC_L0_IDLE_10_20,SER_20260510_VPLC_L0_IDLE_10_20_S01,vPLC_container,VPLC_HOST,1135,1135,1136,,306908,,,vplc_internal,10,20,10,0,0,1,645816,0,0,0,ok,
RUN_20260510_VPLC_L0_IDLE_10_20_S01_R03,VPLC_L0_IDLE_10_20,SER_20260510_VPLC_L0_IDLE_10_20_S01,vPLC_container,VPLC_HOST,1136,1136,1137,,306918,,,vplc_internal,10,20,10,0,0,1,646953,0,0,0,ok,
RUN_20260510_VPLC_L0_IDLE_10_20_S01_R03,VPLC_L0_IDLE_10_20,SER_20260510_VPLC_L0_IDLE_10_20_S01,vPLC_container,VPLC_HOST,1137,1137,1138,,306928,,,vplc_internal,10,20,10,0,0,1,648091,0,0,0,ok,
RUN_20260510_VPLC_L0_IDLE_10_20_S01_R03,VPLC_L0_IDLE_10_20,SER_20260510_VPLC_L0_IDLE_10_20_S01,vPLC_container,VPLC_HOST,1138,1138,1139,,306938,,,vplc_internal,10,20,10,0,0,1,649230,0,0,0,ok,
RUN_20260510_VPLC_L0_IDLE_10_20_S01_R03,VPLC_L0_IDLE_10_20,SER_20260510_VPLC_L0_IDLE_10_20_S01,vPLC_container,VPLC_HOST,1139,1139,1140,,306948,,,vplc_internal,10,20,10,0,0,1,650370,0,0,0,ok,
RUN_20260510_VPLC_L0_IDLE_10_20_S01_R03,VPLC_L0_IDLE_10_20,SER_20260510_VPLC_L0_IDLE_10_20_S01,vPLC_container,VPLC_HOST,1140,1140,1141,,306958,,,vplc_internal,10,20,10,0,0,1,651511,0,0,0,ok,
RUN_20260510_VPLC_L0_IDLE_10_20_S01_R03,VPLC_L0_IDLE_10_20,SER_20260510_VPLC_L0_IDLE_10_20_S01,vPLC_container,VPLC_HOST,1141,1141,1142,,306968,,,vplc_internal,10,20,10,0,0,1,652653,0,0,0,ok,
RUN_20260510_VPLC_L0_IDLE_10_20_S01_R03,VPLC_L0_IDLE_10_20,SER_20260510_VPLC_L0_IDLE_10_20_S01,vPLC_container,VPLC_HOST,1142,1142,1143,,306978,,,vplc_internal,10,20,10,0,0,1,653796,0,0,0,ok,
RUN_20260510_VPLC_L0_IDLE_10_20_S01_R03,VPLC_L0_IDLE_10_20,SER_20260510_VPLC_L0_IDLE_10_20_S01,vPLC_container,VPLC_HOST,1143,1143,1144,,306988,,,vplc_internal,10,20,10,0,0,1,654940,0,0,0,ok,
RUN_20260510_VPLC_L0_IDLE_10_20_S01_R03,VPLC_L0_IDLE_10_20,SER_20260510_VPLC_L0_IDLE_10_20_S01,vPLC_container,VPLC_HOST,1144,1144,1145,,306998,,,vplc_internal,10,20,10,0,0,1,656085,0,0,0,ok,
RUN_20260510_VPLC_L0_IDLE_10_20_S01_R03,VPLC_L0_IDLE_10_20,SER_20260510_VPLC_L0_IDLE_10_20_S01,vPLC_container,VPLC_HOST,1145,1145,1146,,307008,,,vplc_internal,10,20,10,0,0,1,657231,0,0,0,ok,
RUN_20260510_VPLC_L0_IDLE_10_20_S01_R03,VPLC_L0_IDLE_10_20,SER_20260510_VPLC_L0_IDLE_10_20_S01,vPLC_container,VPLC_HOST,1146,1146,1147,,307018,,,vplc_internal,10,20,10,0,0,1,658378,0,0,0,ok,
RUN_20260510_VPLC_L0_IDLE_10_20_S01_R03,VPLC_L0_IDLE_10_20,SER_20260510_VPLC_L0_IDLE_10_20_S01,vPLC_container,VPLC_HOST,1147,1147,1148,,307028,,,vplc_internal,10,20,10,0,0,1,659526,0,0,0,ok,
RUN_20260510_VPLC_L0_IDLE_10_20_S01_R03,VPLC_L0_IDLE_10_20,SER_20260510_VPLC_L0_IDLE_10_20_S01,vPLC_container,VPLC_HOST,1148,1148,1149,,307038,,,vplc_internal,10,20,10,0,0,1,660675,0,0,0,ok,
RUN_20260510_VPLC_L0_IDLE_10_20_S01_R03,VPLC_L0_IDLE_10_20,SER_20260510_VPLC_L0_IDLE_10_20_S01,vPLC_container,VPLC_HOST,1149,1149,1150,,307048,,,vplc_internal,10,20,10,0,0,1,661825,0,0,0,ok,
RUN_20260510_VPLC_L0_IDLE_10_20_S01_R03,VPLC_L0_IDLE_10_20,SER_20260510_VPLC_L0_IDLE_10_20_S01,vPLC_container,VPLC_HOST,1150,1150,1151,,307058,,,vplc_internal,10,20,10,0,0,1,662976,0,0,0,ok,
RUN_20260510_VPLC_L0_IDLE_10_20_S01_R03,VPLC_L0_IDLE_10_20,SER_20260510_VPLC_L0_IDLE_10_20_S01,vPLC_container,VPLC_HOST,1151,1151,1152,,307068,,,vplc_internal,10,20,10,0,0,1,664128,0,0,0,ok,
RUN_20260510_VPLC_L0_IDLE_10_20_S01_R03,VPLC_L0_IDLE_10_20,SER_20260510_VPLC_L0_IDLE_10_20_S01,vPLC_container,VPLC_HOST,1152,1152,1153,,307078,,,vplc_internal,10,20,10,0,0,1,665281,0,0,0,ok,
RUN_20260510_VPLC_L0_IDLE_10_20_S01_R03,VPLC_L0_IDLE_10_20,SER_20260510_VPLC_L0_IDLE_10_20_S01,vPLC_container,VPLC_HOST,1153,1153,1154,,307088,,,vplc_internal,10,20,10,0,0,1,666435,0,0,0,ok,
RUN_20260510_VPLC_L0_IDLE_10_20_S01_R03,VPLC_L0_IDLE_10_20,SER_20260510_VPLC_L0_IDLE_10_20_S01,vPLC_container,VPLC_HOST,1154,1154,1155,,307098,,,vplc_internal,10,20,10,0,0,1,667590,0,0,0,ok,
RUN_20260510_VPLC_L0_IDLE_10_20_S01_R03,VPLC_L0_IDLE_10_20,SER_20260510_VPLC_L0_IDLE_10_20_S01,vPLC_container,VPLC_HOST,1155,1155,1156,,307108,,,vplc_internal,10,20,10,0,0,1,668746,0,0,0,ok,
RUN_20260510_VPLC_L0_IDLE_10_20_S01_R03,VPLC_L0_IDLE_10_20,SER_20260510_VPLC_L0_IDLE_10_20_S01,vPLC_container,VPLC_HOST,1156,1156,1157,,307118,,,vplc_internal,10,20,10,0,0,1,669903,0,0,0,ok,
RUN_20260510_VPLC_L0_IDLE_10_20_S01_R03,VPLC_L0_IDLE_10_20,SER_20260510_VPLC_L0_IDLE_10_20_S01,vPLC_container,VPLC_HOST,1157,1157,1158,,307128,,,vplc_internal,10,20,10,0,0,1,671061,0,0,0,ok,
RUN_20260510_VPLC_L0_IDLE_10_20_S01_R03,VPLC_L0_IDLE_10_20,SER_20260510_VPLC_L0_IDLE_10_20_S01,vPLC_container,VPLC_HOST,1158,1158,1159,,307138,,,vplc_internal,10,20,10,0,0,1,672220,0,0,0,ok,
RUN_20260510_VPLC_L0_IDLE_10_20_S01_R03,VPLC_L0_IDLE_10_20,SER_20260510_VPLC_L0_IDLE_10_20_S01,vPLC_container,VPLC_HOST,1159,1159,1160,,307148,,,vplc_internal,10,20,10,0,0,1,673380,0,0,0,ok,
RUN_20260510_VPLC_L0_IDLE_10_20_S01_R03,VPLC_L0_IDLE_10_20,SER_20260510_VPLC_L0_IDLE_10_20_S01,vPLC_container,VPLC_HOST,1160,1160,1161,,307158,,,vplc_internal,10,20,10,0,0,1,674541,0,0,0,ok,
RUN_20260510_VPLC_L0_IDLE_10_20_S01_R03,VPLC_L0_IDLE_10_20,SER_20260510_VPLC_L0_IDLE_10_20_S01,vPLC_container,VPLC_HOST,1161,1161,1162,,307168,,,vplc_internal,10,20,10,0,0,1,675703,0,0,0,ok,
RUN_20260510_VPLC_L0_IDLE_10_20_S01_R03,VPLC_L0_IDLE_10_20,SER_20260510_VPLC_L0_IDLE_10_20_S01,vPLC_container,VPLC_HOST,1162,1162,1163,,307178,,,vplc_internal,10,20,10,0,0,1,676866,0,0,0,ok,
RUN_20260510_VPLC_L0_IDLE_10_20_S01_R03,VPLC_L0_IDLE_10_20,SER_20260510_VPLC_L0_IDLE_10_20_S01,vPLC_container,VPLC_HOST,1163,1163,1164,,307188,,,vplc_internal,10,20,10,0,0,1,678030,0,0,0,ok,
RUN_20260510_VPLC_L0_IDLE_10_20_S01_R03,VPLC_L0_IDLE_10_20,SER_20260510_VPLC_L0_IDLE_10_20_S01,vPLC_container,VPLC_HOST,1164,1164,1165,,307198,,,vplc_internal,10,20,10,0,0,1,679195,0,0,0,ok,
RUN_20260510_VPLC_L0_IDLE_10_20_S01_R03,VPLC_L0_IDLE_10_20,SER_20260510_VPLC_L0_IDLE_10_20_S01,vPLC_container,VPLC_HOST,1165,1165,1166,,307208,,,vplc_internal,10,20,10,0,0,1,680361,0,0,0,ok,
RUN_20260510_VPLC_L0_IDLE_10_20_S01_R03,VPLC_L0_IDLE_10_20,SER_20260510_VPLC_L0_IDLE_10_20_S01,vPLC_container,VPLC_HOST,1166,1166,1167,,307218,,,vplc_internal,10,20,10,0,0,1,681528,0,0,0,ok,
RUN_20260510_VPLC_L0_IDLE_10_20_S01_R03,VPLC_L0_IDLE_10_20,SER_20260510_VPLC_L0_IDLE_10_20_S01,vPLC_container,VPLC_HOST,1167,1167,1168,,307228,,,vplc_internal,10,20,10,0,0,1,682696,0,0,0,ok,
RUN_20260510_VPLC_L0_IDLE_10_20_S01_R03,VPLC_L0_IDLE_10_20,SER_20260510_VPLC_L0_IDLE_10_20_S01,vPLC_container,VPLC_HOST,1168,1168,1169,,307238,,,vplc_internal,10,20,10,0,0,1,683865,0,0,0,ok,
RUN_20260510_VPLC_L0_IDLE_10_20_S01_R03,VPLC_L0_IDLE_10_20,SER_20260510_VPLC_L0_IDLE_10_20_S01,vPLC_container,VPLC_HOST,1169,1169,1170,,307248,,,vplc_internal,10,20,10,0,0,1,685035,0,0,0,ok,
RUN_20260510_VPLC_L0_IDLE_10_20_S01_R03,VPLC_L0_IDLE_10_20,SER_20260510_VPLC_L0_IDLE_10_20_S01,vPLC_container,VPLC_HOST,1170,1170,1171,,307258,,,vplc_internal,10,20,10,0,0,1,686206,0,0,0,ok,
RUN_20260510_VPLC_L0_IDLE_10_20_S01_R03,VPLC_L0_IDLE_10_20,SER_20260510_VPLC_L0_IDLE_10_20_S01,vPLC_container,VPLC_HOST,1171,1171,1172,,307268,,,vplc_internal,10,20,10,0,0,1,687378,0,0,0,ok,
RUN_20260510_VPLC_L0_IDLE_10_20_S01_R03,VPLC_L0_IDLE_10_20,SER_20260510_VPLC_L0_IDLE_10_20_S01,vPLC_container,VPLC_HOST,1172,1172,1173,,307278,,,vplc_internal,10,20,10,0,0,1,688551,0,0,0,ok,
RUN_20260510_VPLC_L0_IDLE_10_20_S01_R03,VPLC_L0_IDLE_10_20,SER_20260510_VPLC_L0_IDLE_10_20_S01,vPLC_container,VPLC_HOST,1173,1173,1174,,307288,,,vplc_internal,10,20,10,0,0,1,689725,0,0,0,ok,
RUN_20260510_VPLC_L0_IDLE_10_20_S01_R03,VPLC_L0_IDLE_10_20,SER_20260510_VPLC_L0_IDLE_10_20_S01,vPLC_container,VPLC_HOST,1174,1174,1175,,307298,,,vplc_internal,10,20,10,0,0,1,690900,0,0,0,ok,
RUN_20260510_VPLC_L0_IDLE_10_20_S01_R03,VPLC_L0_IDLE_10_20,SER_20260510_VPLC_L0_IDLE_10_20_S01,vPLC_container,VPLC_HOST,1175,1175,1176,,307308,,,vplc_internal,10,20,10,0,0,1,692076,0,0,0,ok,
RUN_20260510_VPLC_L0_IDLE_10_20_S01_R03,VPLC_L0_IDLE_10_20,SER_20260510_VPLC_L0_IDLE_10_20_S01,vPLC_container,VPLC_HOST,1176,1176,1177,,307318,,,vplc_internal,10,20,10,0,0,1,693253,0,0,0,ok,
RUN_20260510_VPLC_L0_IDLE_10_20_S01_R03,VPLC_L0_IDLE_10_20,SER_20260510_VPLC_L0_IDLE_10_20_S01,vPLC_container,VPLC_HOST,1177,1177,1178,,307328,,,vplc_internal,10,20,10,0,0,1,694431,0,0,0,ok,
RUN_20260510_VPLC_L0_IDLE_10_20_S01_R03,VPLC_L0_IDLE_10_20,SER_20260510_VPLC_L0_IDLE_10_20_S01,vPLC_container,VPLC_HOST,1178,1178,1179,,307338,,,vplc_internal,10,20,10,0,0,1,695610,0,0,0,ok,
RUN_20260510_VPLC_L0_IDLE_10_20_S01_R03,VPLC_L0_IDLE_10_20,SER_20260510_VPLC_L0_IDLE_10_20_S01,vPLC_container,VPLC_HOST,1179,1179,1180,,307348,,,vplc_internal,10,20,10,0,0,1,696790,0,0,0,ok,
RUN_20260510_VPLC_L0_IDLE_10_20_S01_R03,VPLC_L0_IDLE_10_20,SER_20260510_VPLC_L0_IDLE_10_20_S01,vPLC_container,VPLC_HOST,1180,1180,1181,,307358,,,vplc_internal,10,20,10,0,0,1,697971,0,0,0,ok,
RUN_20260510_VPLC_L0_IDLE_10_20_S01_R03,VPLC_L0_IDLE_10_20,SER_20260510_VPLC_L0_IDLE_10_20_S01,vPLC_container,VPLC_HOST,1181,1181,1182,,307368,,,vplc_internal,10,20,10,0,0,1,699153,0,0,0,ok,
RUN_20260510_VPLC_L0_IDLE_10_20_S01_R03,VPLC_L0_IDLE_10_20,SER_20260510_VPLC_L0_IDLE_10_20_S01,vPLC_container,VPLC_HOST,1182,1182,1183,,307378,,,vplc_internal,10,20,10,0,0,1,700336,0,0,0,ok,
RUN_20260510_VPLC_L0_IDLE_10_20_S01_R03,VPLC_L0_IDLE_10_20,SER_20260510_VPLC_L0_IDLE_10_20_S01,vPLC_container,VPLC_HOST,1183,1183,1184,,307388,,,vplc_internal,10,20,10,0,0,1,701520,0,0,0,ok,
RUN_20260510_VPLC_L0_IDLE_10_20_S01_R03,VPLC_L0_IDLE_10_20,SER_20260510_VPLC_L0_IDLE_10_20_S01,vPLC_container,VPLC_HOST,1184,1184,1185,,307398,,,vplc_internal,10,20,10,0,0,1,702705,0,0,0,ok,
RUN_20260510_VPLC_L0_IDLE_10_20_S01_R03,VPLC_L0_IDLE_10_20,SER_20260510_VPLC_L0_IDLE_10_20_S01,vPLC_container,VPLC_HOST,1185,1185,1186,,307408,,,vplc_internal,10,20,10,0,0,1,703891,0,0,0,ok,
RUN_20260510_VPLC_L0_IDLE_10_20_S01_R03,VPLC_L0_IDLE_10_20,SER_20260510_VPLC_L0_IDLE_10_20_S01,vPLC_container,VPLC_HOST,1186,1186,1187,,307418,,,vplc_internal,10,20,10,0,0,1,705078,0,0,0,ok,
RUN_20260510_VPLC_L0_IDLE_10_20_S01_R03,VPLC_L0_IDLE_10_20,SER_20260510_VPLC_L0_IDLE_10_20_S01,vPLC_container,VPLC_HOST,1187,1187,1188,,307428,,,vplc_internal,10,20,10,0,0,1,706266,0,0,0,ok,
RUN_20260510_VPLC_L0_IDLE_10_20_S01_R03,VPLC_L0_IDLE_10_20,SER_20260510_VPLC_L0_IDLE_10_20_S01,vPLC_container,VPLC_HOST,1188,1188,1189,,307438,,,vplc_internal,10,20,10,0,0,1,707455,0,0,0,ok,
RUN_20260510_VPLC_L0_IDLE_10_20_S01_R03,VPLC_L0_IDLE_10_20,SER_20260510_VPLC_L0_IDLE_10_20_S01,vPLC_container,VPLC_HOST,1189,1189,1190,,307448,,,vplc_internal,10,20,10,0,0,1,708645,0,0,0,ok,
RUN_20260510_VPLC_L0_IDLE_10_20_S01_R03,VPLC_L0_IDLE_10_20,SER_20260510_VPLC_L0_IDLE_10_20_S01,vPLC_container,VPLC_HOST,1190,1190,1191,,307458,,,vplc_internal,10,20,10,0,0,1,709836,0,0,0,ok,
RUN_20260510_VPLC_L0_IDLE_10_20_S01_R03,VPLC_L0_IDLE_10_20,SER_20260510_VPLC_L0_IDLE_10_20_S01,vPLC_container,VPLC_HOST,1191,1191,1192,,307468,,,vplc_internal,10,20,10,0,0,1,711028,0,0,0,ok,
RUN_20260510_VPLC_L0_IDLE_10_20_S01_R03,VPLC_L0_IDLE_10_20,SER_20260510_VPLC_L0_IDLE_10_20_S01,vPLC_container,VPLC_HOST,1192,1192,1193,,307478,,,vplc_internal,10,20,10,0,0,1,712221,0,0,0,ok,
RUN_20260510_VPLC_L0_IDLE_10_20_S01_R03,VPLC_L0_IDLE_10_20,SER_20260510_VPLC_L0_IDLE_10_20_S01,vPLC_container,VPLC_HOST,1193,1193,1194,,307488,,,vplc_internal,10,20,10,0,0,1,713415,0,0,0,ok,
RUN_20260510_VPLC_L0_IDLE_10_20_S01_R03,VPLC_L0_IDLE_10_20,SER_20260510_VPLC_L0_IDLE_10_20_S01,vPLC_container,VPLC_HOST,1194,1194,1195,,307498,,,vplc_internal,10,20,10,0,0,1,714610,0,0,0,ok,
RUN_20260510_VPLC_L0_IDLE_10_20_S01_R03,VPLC_L0_IDLE_10_20,SER_20260510_VPLC_L0_IDLE_10_20_S01,vPLC_container,VPLC_HOST,1195,1195,1196,,307508,,,vplc_internal,10,20,10,0,0,1,715806,0,0,0,ok,
RUN_20260510_VPLC_L0_IDLE_10_20_S01_R03,VPLC_L0_IDLE_10_20,SER_20260510_VPLC_L0_IDLE_10_20_S01,vPLC_container,VPLC_HOST,1196,1196,1197,,307518,,,vplc_internal,10,20,10,0,0,1,717003,0,0,0,ok,
RUN_20260510_VPLC_L0_IDLE_10_20_S01_R03,VPLC_L0_IDLE_10_20,SER_20260510_VPLC_L0_IDLE_10_20_S01,vPLC_container,VPLC_HOST,1197,1197,1198,,307528,,,vplc_internal,10,20,10,0,0,1,718201,0,0,0,ok,
RUN_20260510_VPLC_L0_IDLE_10_20_S01_R03,VPLC_L0_IDLE_10_20,SER_20260510_VPLC_L0_IDLE_10_20_S01,vPLC_container,VPLC_HOST,1198,1198,1199,,307538,,,vplc_internal,10,20,10,0,0,1,719400,0,0,0,ok,
RUN_20260510_VPLC_L0_IDLE_10_20_S01_R03,VPLC_L0_IDLE_10_20,SER_20260510_VPLC_L0_IDLE_10_20_S01,vPLC_container,VPLC_HOST,1199,1199,1200,,307548,,,vplc_internal,10,20,10,0,0,0,720600,0,0,0,ok,
RUN_20260510_VPLC_L0_IDLE_10_20_S01_R03,VPLC_L0_IDLE_10_20,SER_20260510_VPLC_L0_IDLE_10_20_S01,vPLC_container,VPLC_HOST,1200,1200,1201,,307558,,,vplc_internal,10,20,10,0,0,0,721801,0,0,0,ok,
RUN_20260510_VPLC_L0_IDLE_10_20_S01_R03,VPLC_L0_IDLE_10_20,SER_20260510_VPLC_L0_IDLE_10_20_S01,vPLC_container,VPLC_HOST,1201,1201,1202,,307568,,,vplc_internal,10,20,10,0,0,0,723003,0,0,0,ok,
RUN_20260510_VPLC_L0_IDLE_10_20_S01_R03,VPLC_L0_IDLE_10_20,SER_20260510_VPLC_L0_IDLE_10_20_S01,vPLC_container,VPLC_HOST,1202,1202,1203,,307578,,,vplc_internal,10,20,10,0,0,0,724206,0,0,0,ok,
RUN_20260510_VPLC_L0_IDLE_10_20_S01_R03,VPLC_L0_IDLE_10_20,SER_20260510_VPLC_L0_IDLE_10_20_S01,vPLC_container,VPLC_HOST,1203,1203,1204,,307588,,,vplc_internal,10,20,10,0,0,0,725410,0,0,0,ok,
RUN_20260510_VPLC_L0_IDLE_10_20_S01_R03,VPLC_L0_IDLE_10_20,SER_20260510_VPLC_L0_IDLE_10_20_S01,vPLC_container,VPLC_HOST,1204,1204,1205,,307598,,,vplc_internal,10,20,10,0,0,0,726615,0,0,0,ok,
RUN_20260510_VPLC_L0_IDLE_10_20_S01_R03,VPLC_L0_IDLE_10_20,SER_20260510_VPLC_L0_IDLE_10_20_S01,vPLC_container,VPLC_HOST,1205,1205,1206,,307608,,,vplc_internal,10,20,10,0,0,0,727821,0,0,0,ok,
RUN_20260510_VPLC_L0_IDLE_10_20_S01_R03,VPLC_L0_IDLE_10_20,SER_20260510_VPLC_L0_IDLE_10_20_S01,vPLC_container,VPLC_HOST,1206,1206,1207,,307618,,,vplc_internal,10,20,10,0,0,0,729028,0,0,0,ok,
RUN_20260510_VPLC_L0_IDLE_10_20_S01_R03,VPLC_L0_IDLE_10_20,SER_20260510_VPLC_L0_IDLE_10_20_S01,vPLC_container,VPLC_HOST,1207,1207,1208,,307628,,,vplc_internal,10,20,10,0,0,0,730236,0,0,0,ok,
RUN_20260510_VPLC_L0_IDLE_10_20_S01_R03,VPLC_L0_IDLE_10_20,SER_20260510_VPLC_L0_IDLE_10_20_S01,vPLC_container,VPLC_HOST,1208,1208,1209,,307638,,,vplc_internal,10,20,10,0,0,0,731445,0,0,0,ok,
RUN_20260510_VPLC_L0_IDLE_10_20_S01_R03,VPLC_L0_IDLE_10_20,SER_20260510_VPLC_L0_IDLE_10_20_S01,vPLC_container,VPLC_HOST,1209,1209,1210,,307648,,,vplc_internal,10,20,10,0,0,0,732655,0,0,0,ok,
RUN_20260510_VPLC_L0_IDLE_10_20_S01_R03,VPLC_L0_IDLE_10_20,SER_20260510_VPLC_L0_IDLE_10_20_S01,vPLC_container,VPLC_HOST,1210,1210,1211,,307658,,,vplc_internal,10,20,10,0,0,0,733866,0,0,0,ok,
RUN_20260510_VPLC_L0_IDLE_10_20_S01_R03,VPLC_L0_IDLE_10_20,SER_20260510_VPLC_L0_IDLE_10_20_S01,vPLC_container,VPLC_HOST,1211,1211,1212,,307668,,,vplc_internal,10,20,10,0,0,0,735078,0,0,0,ok,
RUN_20260510_VPLC_L0_IDLE_10_20_S01_R03,VPLC_L0_IDLE_10_20,SER_20260510_VPLC_L0_IDLE_10_20_S01,vPLC_container,VPLC_HOST,1212,1212,1213,,307678,,,vplc_internal,10,20,10,0,0,0,736291,0,0,0,ok,
RUN_20260510_VPLC_L0_IDLE_10_20_S01_R03,VPLC_L0_IDLE_10_20,SER_20260510_VPLC_L0_IDLE_10_20_S01,vPLC_container,VPLC_HOST,1213,1213,1214,,307688,,,vplc_internal,10,20,10,0,0,0,737505,0,0,0,ok,
RUN_20260510_VPLC_L0_IDLE_10_20_S01_R03,VPLC_L0_IDLE_10_20,SER_20260510_VPLC_L0_IDLE_10_20_S01,vPLC_container,VPLC_HOST,1214,1214,1215,,307698,,,vplc_internal,10,20,10,0,0,0,738720,0,0,0,ok,
RUN_20260510_VPLC_L0_IDLE_10_20_S01_R03,VPLC_L0_IDLE_10_20,SER_20260510_VPLC_L0_IDLE_10_20_S01,vPLC_container,VPLC_HOST,1215,1215,1216,,307708,,,vplc_internal,10,20,10,0,0,0,739936,0,0,0,ok,
RUN_20260510_VPLC_L0_IDLE_10_20_S01_R03,VPLC_L0_IDLE_10_20,SER_20260510_VPLC_L0_IDLE_10_20_S01,vPLC_container,VPLC_HOST,1216,1216,1217,,307718,,,vplc_internal,10,20,10,0,0,0,741153,0,0,0,ok,
RUN_20260510_VPLC_L0_IDLE_10_20_S01_R03,VPLC_L0_IDLE_10_20,SER_20260510_VPLC_L0_IDLE_10_20_S01,vPLC_container,VPLC_HOST,1217,1217,1218,,307728,,,vplc_internal,10,20,10,0,0,0,742371,0,0,0,ok,
RUN_20260510_VPLC_L0_IDLE_10_20_S01_R03,VPLC_L0_IDLE_10_20,SER_20260510_VPLC_L0_IDLE_10_20_S01,vPLC_container,VPLC_HOST,1218,1218,1219,,307738,,,vplc_internal,10,20,10,0,0,0,743590,0,0,0,ok,
RUN_20260510_VPLC_L0_IDLE_10_20_S01_R03,VPLC_L0_IDLE_10_20,SER_20260510_VPLC_L0_IDLE_10_20_S01,vPLC_container,VPLC_HOST,1219,1219,1220,,307748,,,vplc_internal,10,20,10,0,0,0,744810,0,0,0,ok,
RUN_20260510_VPLC_L0_IDLE_10_20_S01_R03,VPLC_L0_IDLE_10_20,SER_20260510_VPLC_L0_IDLE_10_20_S01,vPLC_container,VPLC_HOST,1220,1220,1221,,307758,,,vplc_internal,10,20,10,0,0,0,746031,0,0,0,ok,
RUN_20260510_VPLC_L0_IDLE_10_20_S01_R03,VPLC_L0_IDLE_10_20,SER_20260510_VPLC_L0_IDLE_10_20_S01,vPLC_container,VPLC_HOST,1221,1221,1222,,307768,,,vplc_internal,10,20,10,0,0,0,747253,0,0,0,ok,
RUN_20260510_VPLC_L0_IDLE_10_20_S01_R03,VPLC_L0_IDLE_10_20,SER_20260510_VPLC_L0_IDLE_10_20_S01,vPLC_container,VPLC_HOST,1222,1222,1223,,307778,,,vplc_internal,10,20,10,0,0,0,748476,0,0,0,ok,
RUN_20260510_VPLC_L0_IDLE_10_20_S01_R03,VPLC_L0_IDLE_10_20,SER_20260510_VPLC_L0_IDLE_10_20_S01,vPLC_container,VPLC_HOST,1223,1223,1224,,307788,,,vplc_internal,10,20,10,0,0,0,749700,0,0,0,ok,
RUN_20260510_VPLC_L0_IDLE_10_20_S01_R03,VPLC_L0_IDLE_10_20,SER_20260510_VPLC_L0_IDLE_10_20_S01,vPLC_container,VPLC_HOST,1224,1224,1225,,307798,,,vplc_internal,10,20,10,0,0,0,750925,0,0,0,ok,
RUN_20260510_VPLC_L0_IDLE_10_20_S01_R03,VPLC_L0_IDLE_10_20,SER_20260510_VPLC_L0_IDLE_10_20_S01,vPLC_container,VPLC_HOST,1225,1225,1226,,307808,,,vplc_internal,10,20,10,0,0,0,752151,0,0,0,ok,
RUN_20260510_VPLC_L0_IDLE_10_20_S01_R03,VPLC_L0_IDLE_10_20,SER_20260510_VPLC_L0_IDLE_10_20_S01,vPLC_container,VPLC_HOST,1226,1226,1227,,307818,,,vplc_internal,10,20,10,0,0,0,753378,0,0,0,ok,
RUN_20260510_VPLC_L0_IDLE_10_20_S01_R03,VPLC_L0_IDLE_10_20,SER_20260510_VPLC_L0_IDLE_10_20_S01,vPLC_container,VPLC_HOST,1227,1227,1228,,307828,,,vplc_internal,10,20,10,0,0,0,754606,0,0,0,ok,
RUN_20260510_VPLC_L0_IDLE_10_20_S01_R03,VPLC_L0_IDLE_10_20,SER_20260510_VPLC_L0_IDLE_10_20_S01,vPLC_container,VPLC_HOST,1228,1228,1229,,307855,,,vplc_internal,10,20,27,17,1,0,755835,0,0,0,ok,
RUN_20260510_VPLC_L0_IDLE_10_20_S01_R03,VPLC_L0_IDLE_10_20,SER_20260510_VPLC_L0_IDLE_10_20_S01,vPLC_container,VPLC_HOST,1229,1229,1230,,307855,,,vplc_internal,10,20,,,,0,757065,0,0,0,invalid_row,timing_invalid
RUN_20260510_VPLC_L0_IDLE_10_20_S01_R03,VPLC_L0_IDLE_10_20,SER_20260510_VPLC_L0_IDLE_10_20_S01,vPLC_container,VPLC_HOST,1230,1230,1231,,307858,,,vplc_internal,10,20,3,-7,0,0,758296,0,0,0,ok,
RUN_20260510_VPLC_L0_IDLE_10_20_S01_R03,VPLC_L0_IDLE_10_20,SER_20260510_VPLC_L0_IDLE_10_20_S01,vPLC_container,VPLC_HOST,1231,1231,1232,,307868,,,vplc_internal,10,20,10,0,0,0,759528,0,0,0,ok,
RUN_20260510_VPLC_L0_IDLE_10_20_S01_R03,VPLC_L0_IDLE_10_20,SER_20260510_VPLC_L0_IDLE_10_20_S01,vPLC_container,VPLC_HOST,1232,1232,1233,,307878,,,vplc_internal,10,20,10,0,0,0,760761,0,0,0,ok,
RUN_20260510_VPLC_L0_IDLE_10_20_S01_R03,VPLC_L0_IDLE_10_20,SER_20260510_VPLC_L0_IDLE_10_20_S01,vPLC_container,VPLC_HOST,1233,1233,1234,,307888,,,vplc_internal,10,20,10,0,0,0,761995,0,0,0,ok,
RUN_20260510_VPLC_L0_IDLE_10_20_S01_R03,VPLC_L0_IDLE_10_20,SER_20260510_VPLC_L0_IDLE_10_20_S01,vPLC_container,VPLC_HOST,1234,1234,1235,,307898,,,vplc_internal,10,20,10,0,0,0,763230,0,0,0,ok,
RUN_20260510_VPLC_L0_IDLE_10_20_S01_R03,VPLC_L0_IDLE_10_20,SER_20260510_VPLC_L0_IDLE_10_20_S01,vPLC_container,VPLC_HOST,1235,1235,1236,,307908,,,vplc_internal,10,20,10,0,0,0,764466,0,0,0,ok,
RUN_20260510_VPLC_L0_IDLE_10_20_S01_R03,VPLC_L0_IDLE_10_20,SER_20260510_VPLC_L0_IDLE_10_20_S01,vPLC_container,VPLC_HOST,1236,1236,1237,,307918,,,vplc_internal,10,20,10,0,0,0,765703,0,0,0,ok,
RUN_20260510_VPLC_L0_IDLE_10_20_S01_R03,VPLC_L0_IDLE_10_20,SER_20260510_VPLC_L0_IDLE_10_20_S01,vPLC_container,VPLC_HOST,1237,1237,1238,,307928,,,vplc_internal,10,20,10,0,0,0,766941,0,0,0,ok,
RUN_20260510_VPLC_L0_IDLE_10_20_S01_R03,VPLC_L0_IDLE_10_20,SER_20260510_VPLC_L0_IDLE_10_20_S01,vPLC_container,VPLC_HOST,1238,1238,1239,,307938,,,vplc_internal,10,20,10,0,0,0,768180,0,0,0,ok,
RUN_20260510_VPLC_L0_IDLE_10_20_S01_R03,VPLC_L0_IDLE_10_20,SER_20260510_VPLC_L0_IDLE_10_20_S01,vPLC_container,VPLC_HOST,1239,1239,1240,,307948,,,vplc_internal,10,20,10,0,0,0,769420,0,0,0,ok,
RUN_20260510_VPLC_L0_IDLE_10_20_S01_R03,VPLC_L0_IDLE_10_20,SER_20260510_VPLC_L0_IDLE_10_20_S01,vPLC_container,VPLC_HOST,1240,1240,1241,,307958,,,vplc_internal,10,20,10,0,0,0,770661,0,0,0,ok,
RUN_20260510_VPLC_L0_IDLE_10_20_S01_R03,VPLC_L0_IDLE_10_20,SER_20260510_VPLC_L0_IDLE_10_20_S01,vPLC_container,VPLC_HOST,1241,1241,1242,,307968,,,vplc_internal,10,20,10,0,0,0,771903,0,0,0,ok,
RUN_20260510_VPLC_L0_IDLE_10_20_S01_R03,VPLC_L0_IDLE_10_20,SER_20260510_VPLC_L0_IDLE_10_20_S01,vPLC_container,VPLC_HOST,1242,1242,1243,,307978,,,vplc_internal,10,20,10,0,0,0,773146,0,0,0,ok,
RUN_20260510_VPLC_L0_IDLE_10_20_S01_R03,VPLC_L0_IDLE_10_20,SER_20260510_VPLC_L0_IDLE_10_20_S01,vPLC_container,VPLC_HOST,1243,1243,1244,,307988,,,vplc_internal,10,20,10,0,0,0,774390,0,0,0,ok,
RUN_20260510_VPLC_L0_IDLE_10_20_S01_R03,VPLC_L0_IDLE_10_20,SER_20260510_VPLC_L0_IDLE_10_20_S01,vPLC_container,VPLC_HOST,1244,1244,1245,,307998,,,vplc_internal,10,20,10,0,0,0,775635,0,0,0,ok,
RUN_20260510_VPLC_L0_IDLE_10_20_S01_R03,VPLC_L0_IDLE_10_20,SER_20260510_VPLC_L0_IDLE_10_20_S01,vPLC_container,VPLC_HOST,1245,1245,1246,,308008,,,vplc_internal,10,20,10,0,0,0,776881,0,0,0,ok,
RUN_20260510_VPLC_L0_IDLE_10_20_S01_R03,VPLC_L0_IDLE_10_20,SER_20260510_VPLC_L0_IDLE_10_20_S01,vPLC_container,VPLC_HOST,1246,1246,1247,,308018,,,vplc_internal,10,20,10,0,0,0,778128,0,0,0,ok,
RUN_20260510_VPLC_L0_IDLE_10_20_S01_R03,VPLC_L0_IDLE_10_20,SER_20260510_VPLC_L0_IDLE_10_20_S01,vPLC_container,VPLC_HOST,1247,1247,1248,,308028,,,vplc_internal,10,20,10,0,0,0,779376,0,0,0,ok,
RUN_20260510_VPLC_L0_IDLE_10_20_S01_R03,VPLC_L0_IDLE_10_20,SER_20260510_VPLC_L0_IDLE_10_20_S01,vPLC_container,VPLC_HOST,1248,1248,1249,,308038,,,vplc_internal,10,20,10,0,0,0,780625,0,0,0,ok,
RUN_20260510_VPLC_L0_IDLE_10_20_S01_R03,VPLC_L0_IDLE_10_20,SER_20260510_VPLC_L0_IDLE_10_20_S01,vPLC_container,VPLC_HOST,1249,1249,1250,,308048,,,vplc_internal,10,20,10,0,0,0,781875,0,0,0,ok,
RUN_20260510_VPLC_L0_IDLE_10_20_S01_R03,VPLC_L0_IDLE_10_20,SER_20260510_VPLC_L0_IDLE_10_20_S01,vPLC_container,VPLC_HOST,1250,1250,1251,,308058,,,vplc_internal,10,20,10,0,0,0,783126,0,0,0,ok,
RUN_20260510_VPLC_L0_IDLE_10_20_S01_R03,VPLC_L0_IDLE_10_20,SER_20260510_VPLC_L0_IDLE_10_20_S01,vPLC_container,VPLC_HOST,1251,1251,1252,,308068,,,vplc_internal,10,20,10,0,0,0,784378,0,0,0,ok,
RUN_20260510_VPLC_L0_IDLE_10_20_S01_R03,VPLC_L0_IDLE_10_20,SER_20260510_VPLC_L0_IDLE_10_20_S01,vPLC_container,VPLC_HOST,1252,1252,1253,,308078,,,vplc_internal,10,20,10,0,0,0,785631,0,0,0,ok,
RUN_20260510_VPLC_L0_IDLE_10_20_S01_R03,VPLC_L0_IDLE_10_20,SER_20260510_VPLC_L0_IDLE_10_20_S01,vPLC_container,VPLC_HOST,1253,1253,1254,,308088,,,vplc_internal,10,20,10,0,0,0,786885,0,0,0,ok,
RUN_20260510_VPLC_L0_IDLE_10_20_S01_R03,VPLC_L0_IDLE_10_20,SER_20260510_VPLC_L0_IDLE_10_20_S01,vPLC_container,VPLC_HOST,1254,1254,1255,,308098,,,vplc_internal,10,20,10,0,0,0,788140,0,0,0,ok,
RUN_20260510_VPLC_L0_IDLE_10_20_S01_R03,VPLC_L0_IDLE_10_20,SER_20260510_VPLC_L0_IDLE_10_20_S01,vPLC_container,VPLC_HOST,1255,1255,1256,,308108,,,vplc_internal,10,20,10,0,0,0,789396,0,0,0,ok,
RUN_20260510_VPLC_L0_IDLE_10_20_S01_R03,VPLC_L0_IDLE_10_20,SER_20260510_VPLC_L0_IDLE_10_20_S01,vPLC_container,VPLC_HOST,1256,1256,1257,,308118,,,vplc_internal,10,20,10,0,0,0,790653,0,0,0,ok,
RUN_20260510_VPLC_L0_IDLE_10_20_S01_R03,VPLC_L0_IDLE_10_20,SER_20260510_VPLC_L0_IDLE_10_20_S01,vPLC_container,VPLC_HOST,1257,1257,1258,,308128,,,vplc_internal,10,20,10,0,0,0,791911,0,0,0,ok,
RUN_20260510_VPLC_L0_IDLE_10_20_S01_R03,VPLC_L0_IDLE_10_20,SER_20260510_VPLC_L0_IDLE_10_20_S01,vPLC_container,VPLC_HOST,1258,1258,1259,,308138,,,vplc_internal,10,20,10,0,0,0,793170,0,0,0,ok,
RUN_20260510_VPLC_L0_IDLE_10_20_S01_R03,VPLC_L0_IDLE_10_20,SER_20260510_VPLC_L0_IDLE_10_20_S01,vPLC_container,VPLC_HOST,1259,1259,1260,,308148,,,vplc_internal,10,20,10,0,0,0,794430,0,0,0,ok,
RUN_20260510_VPLC_L0_IDLE_10_20_S01_R03,VPLC_L0_IDLE_10_20,SER_20260510_VPLC_L0_IDLE_10_20_S01,vPLC_container,VPLC_HOST,1260,1260,1261,,308158,,,vplc_internal,10,20,10,0,0,0,795691,0,0,0,ok,
RUN_20260510_VPLC_L0_IDLE_10_20_S01_R03,VPLC_L0_IDLE_10_20,SER_20260510_VPLC_L0_IDLE_10_20_S01,vPLC_container,VPLC_HOST,1261,1261,1262,,308168,,,vplc_internal,10,20,10,0,0,0,796953,0,0,0,ok,
RUN_20260510_VPLC_L0_IDLE_10_20_S01_R03,VPLC_L0_IDLE_10_20,SER_20260510_VPLC_L0_IDLE_10_20_S01,vPLC_container,VPLC_HOST,1262,1262,1263,,308178,,,vplc_internal,10,20,10,0,0,0,798216,0,0,0,ok,
RUN_20260510_VPLC_L0_IDLE_10_20_S01_R03,VPLC_L0_IDLE_10_20,SER_20260510_VPLC_L0_IDLE_10_20_S01,vPLC_container,VPLC_HOST,1263,1263,1264,,308188,,,vplc_internal,10,20,10,0,0,0,799480,0,0,0,ok,
RUN_20260510_VPLC_L0_IDLE_10_20_S01_R03,VPLC_L0_IDLE_10_20,SER_20260510_VPLC_L0_IDLE_10_20_S01,vPLC_container,VPLC_HOST,1264,1264,1265,,308198,,,vplc_internal,10,20,10,0,0,0,800745,0,0,0,ok,
RUN_20260510_VPLC_L0_IDLE_10_20_S01_R03,VPLC_L0_IDLE_10_20,SER_20260510_VPLC_L0_IDLE_10_20_S01,vPLC_container,VPLC_HOST,1265,1265,1266,,308208,,,vplc_internal,10,20,10,0,0,0,802011,0,0,0,ok,
RUN_20260510_VPLC_L0_IDLE_10_20_S01_R03,VPLC_L0_IDLE_10_20,SER_20260510_VPLC_L0_IDLE_10_20_S01,vPLC_container,VPLC_HOST,1266,1266,1267,,308218,,,vplc_internal,10,20,10,0,0,0,803278,0,0,0,ok,
RUN_20260510_VPLC_L0_IDLE_10_20_S01_R03,VPLC_L0_IDLE_10_20,SER_20260510_VPLC_L0_IDLE_10_20_S01,vPLC_container,VPLC_HOST,1267,1267,1268,,308228,,,vplc_internal,10,20,10,0,0,0,804546,0,0,0,ok,
RUN_20260510_VPLC_L0_IDLE_10_20_S01_R03,VPLC_L0_IDLE_10_20,SER_20260510_VPLC_L0_IDLE_10_20_S01,vPLC_container,VPLC_HOST,1268,1268,1269,,308238,,,vplc_internal,10,20,10,0,0,0,805815,0,0,0,ok,
RUN_20260510_VPLC_L0_IDLE_10_20_S01_R03,VPLC_L0_IDLE_10_20,SER_20260510_VPLC_L0_IDLE_10_20_S01,vPLC_container,VPLC_HOST,1269,1269,1270,,308248,,,vplc_internal,10,20,10,0,0,0,807085,0,0,0,ok,
RUN_20260510_VPLC_L0_IDLE_10_20_S01_R03,VPLC_L0_IDLE_10_20,SER_20260510_VPLC_L0_IDLE_10_20_S01,vPLC_container,VPLC_HOST,1270,1270,1271,,308258,,,vplc_internal,10,20,10,0,0,0,808356,0,0,0,ok,
RUN_20260510_VPLC_L0_IDLE_10_20_S01_R03,VPLC_L0_IDLE_10_20,SER_20260510_VPLC_L0_IDLE_10_20_S01,vPLC_container,VPLC_HOST,1271,1271,1272,,308268,,,vplc_internal,10,20,10,0,0,0,809628,0,0,0,ok,
RUN_20260510_VPLC_L0_IDLE_10_20_S01_R03,VPLC_L0_IDLE_10_20,SER_20260510_VPLC_L0_IDLE_10_20_S01,vPLC_container,VPLC_HOST,1272,1272,1273,,308278,,,vplc_internal,10,20,10,0,0,0,810901,0,0,0,ok,
RUN_20260510_VPLC_L0_IDLE_10_20_S01_R03,VPLC_L0_IDLE_10_20,SER_20260510_VPLC_L0_IDLE_10_20_S01,vPLC_container,VPLC_HOST,1273,1273,1274,,308288,,,vplc_internal,10,20,10,0,0,0,812175,0,0,0,ok,
RUN_20260510_VPLC_L0_IDLE_10_20_S01_R03,VPLC_L0_IDLE_10_20,SER_20260510_VPLC_L0_IDLE_10_20_S01,vPLC_container,VPLC_HOST,1274,1274,1275,,308298,,,vplc_internal,10,20,10,0,0,0,813450,0,0,0,ok,
RUN_20260510_VPLC_L0_IDLE_10_20_S01_R03,VPLC_L0_IDLE_10_20,SER_20260510_VPLC_L0_IDLE_10_20_S01,vPLC_container,VPLC_HOST,1275,1275,1276,,308308,,,vplc_internal,10,20,10,0,0,0,814726,0,0,0,ok,
RUN_20260510_VPLC_L0_IDLE_10_20_S01_R03,VPLC_L0_IDLE_10_20,SER_20260510_VPLC_L0_IDLE_10_20_S01,vPLC_container,VPLC_HOST,1276,1276,1277,,308318,,,vplc_internal,10,20,10,0,0,0,816003,0,0,0,ok,
RUN_20260510_VPLC_L0_IDLE_10_20_S01_R03,VPLC_L0_IDLE_10_20,SER_20260510_VPLC_L0_IDLE_10_20_S01,vPLC_container,VPLC_HOST,1277,1277,1278,,308328,,,vplc_internal,10,20,10,0,0,0,817281,0,0,0,ok,
RUN_20260510_VPLC_L0_IDLE_10_20_S01_R03,VPLC_L0_IDLE_10_20,SER_20260510_VPLC_L0_IDLE_10_20_S01,vPLC_container,VPLC_HOST,1278,1278,1279,,308338,,,vplc_internal,10,20,10,0,0,0,818560,0,0,0,ok,
RUN_20260510_VPLC_L0_IDLE_10_20_S01_R03,VPLC_L0_IDLE_10_20,SER_20260510_VPLC_L0_IDLE_10_20_S01,vPLC_container,VPLC_HOST,1279,1279,1280,,308348,,,vplc_internal,10,20,10,0,0,0,819840,0,0,0,ok,
RUN_20260510_VPLC_L0_IDLE_10_20_S01_R03,VPLC_L0_IDLE_10_20,SER_20260510_VPLC_L0_IDLE_10_20_S01,vPLC_container,VPLC_HOST,1280,1280,1281,,308358,,,vplc_internal,10,20,10,0,0,0,821121,0,0,0,ok,
RUN_20260510_VPLC_L0_IDLE_10_20_S01_R03,VPLC_L0_IDLE_10_20,SER_20260510_VPLC_L0_IDLE_10_20_S01,vPLC_container,VPLC_HOST,1281,1281,1282,,308368,,,vplc_internal,10,20,10,0,0,0,822403,0,0,0,ok,
RUN_20260510_VPLC_L0_IDLE_10_20_S01_R03,VPLC_L0_IDLE_10_20,SER_20260510_VPLC_L0_IDLE_10_20_S01,vPLC_container,VPLC_HOST,1282,1282,1283,,308378,,,vplc_internal,10,20,10,0,0,0,823686,0,0,0,ok,
RUN_20260510_VPLC_L0_IDLE_10_20_S01_R03,VPLC_L0_IDLE_10_20,SER_20260510_VPLC_L0_IDLE_10_20_S01,vPLC_container,VPLC_HOST,1283,1283,1284,,308388,,,vplc_internal,10,20,10,0,0,0,824970,0,0,0,ok,
RUN_20260510_VPLC_L0_IDLE_10_20_S01_R03,VPLC_L0_IDLE_10_20,SER_20260510_VPLC_L0_IDLE_10_20_S01,vPLC_container,VPLC_HOST,1284,1284,1285,,308398,,,vplc_internal,10,20,10,0,0,0,826255,0,0,0,ok,
RUN_20260510_VPLC_L0_IDLE_10_20_S01_R03,VPLC_L0_IDLE_10_20,SER_20260510_VPLC_L0_IDLE_10_20_S01,vPLC_container,VPLC_HOST,1285,1285,1286,,308408,,,vplc_internal,10,20,10,0,0,0,827541,0,0,0,ok,
RUN_20260510_VPLC_L0_IDLE_10_20_S01_R03,VPLC_L0_IDLE_10_20,SER_20260510_VPLC_L0_IDLE_10_20_S01,vPLC_container,VPLC_HOST,1286,1286,1287,,308418,,,vplc_internal,10,20,10,0,0,0,828828,0,0,0,ok,
RUN_20260510_VPLC_L0_IDLE_10_20_S01_R03,VPLC_L0_IDLE_10_20,SER_20260510_VPLC_L0_IDLE_10_20_S01,vPLC_container,VPLC_HOST,1287,1287,1288,,308428,,,vplc_internal,10,20,10,0,0,0,830116,0,0,0,ok,
RUN_20260510_VPLC_L0_IDLE_10_20_S01_R03,VPLC_L0_IDLE_10_20,SER_20260510_VPLC_L0_IDLE_10_20_S01,vPLC_container,VPLC_HOST,1288,1288,1289,,308438,,,vplc_internal,10,20,10,0,0,0,831405,0,0,0,ok,
RUN_20260510_VPLC_L0_IDLE_10_20_S01_R03,VPLC_L0_IDLE_10_20,SER_20260510_VPLC_L0_IDLE_10_20_S01,vPLC_container,VPLC_HOST,1289,1289,1290,,308448,,,vplc_internal,10,20,10,0,0,0,832695,0,0,0,ok,
RUN_20260510_VPLC_L0_IDLE_10_20_S01_R03,VPLC_L0_IDLE_10_20,SER_20260510_VPLC_L0_IDLE_10_20_S01,vPLC_container,VPLC_HOST,1290,1290,1291,,308458,,,vplc_internal,10,20,10,0,0,0,833986,0,0,0,ok,
RUN_20260510_VPLC_L0_IDLE_10_20_S01_R03,VPLC_L0_IDLE_10_20,SER_20260510_VPLC_L0_IDLE_10_20_S01,vPLC_container,VPLC_HOST,1291,1291,1292,,308468,,,vplc_internal,10,20,10,0,0,0,835278,0,0,0,ok,
RUN_20260510_VPLC_L0_IDLE_10_20_S01_R03,VPLC_L0_IDLE_10_20,SER_20260510_VPLC_L0_IDLE_10_20_S01,vPLC_container,VPLC_HOST,1292,1292,1293,,308478,,,vplc_internal,10,20,10,0,0,0,836571,0,0,0,ok,
RUN_20260510_VPLC_L0_IDLE_10_20_S01_R03,VPLC_L0_IDLE_10_20,SER_20260510_VPLC_L0_IDLE_10_20_S01,vPLC_container,VPLC_HOST,1293,1293,1294,,308488,,,vplc_internal,10,20,10,0,0,0,837865,0,0,0,ok,
RUN_20260510_VPLC_L0_IDLE_10_20_S01_R03,VPLC_L0_IDLE_10_20,SER_20260510_VPLC_L0_IDLE_10_20_S01,vPLC_container,VPLC_HOST,1294,1294,1295,,308498,,,vplc_internal,10,20,10,0,0,0,839160,0,0,0,ok,
RUN_20260510_VPLC_L0_IDLE_10_20_S01_R03,VPLC_L0_IDLE_10_20,SER_20260510_VPLC_L0_IDLE_10_20_S01,vPLC_container,VPLC_HOST,1295,1295,1296,,308508,,,vplc_internal,10,20,10,0,0,0,840456,0,0,0,ok,
RUN_20260510_VPLC_L0_IDLE_10_20_S01_R03,VPLC_L0_IDLE_10_20,SER_20260510_VPLC_L0_IDLE_10_20_S01,vPLC_container,VPLC_HOST,1296,1296,1297,,308518,,,vplc_internal,10,20,10,0,0,0,841753,0,0,0,ok,
RUN_20260510_VPLC_L0_IDLE_10_20_S01_R03,VPLC_L0_IDLE_10_20,SER_20260510_VPLC_L0_IDLE_10_20_S01,vPLC_container,VPLC_HOST,1297,1297,1298,,308528,,,vplc_internal,10,20,10,0,0,0,843051,0,0,0,ok,
RUN_20260510_VPLC_L0_IDLE_10_20_S01_R03,VPLC_L0_IDLE_10_20,SER_20260510_VPLC_L0_IDLE_10_20_S01,vPLC_container,VPLC_HOST,1298,1298,1299,,308538,,,vplc_internal,10,20,10,0,0,0,844350,0,0,0,ok,
RUN_20260510_VPLC_L0_IDLE_10_20_S01_R03,VPLC_L0_IDLE_10_20,SER_20260510_VPLC_L0_IDLE_10_20_S01,vPLC_container,VPLC_HOST,1299,1299,1300,,308548,,,vplc_internal,10,20,10,0,0,1,845650,0,0,0,ok,
RUN_20260510_VPLC_L0_IDLE_10_20_S01_R03,VPLC_L0_IDLE_10_20,SER_20260510_VPLC_L0_IDLE_10_20_S01,vPLC_container,VPLC_HOST,1300,1300,1301,,308558,,,vplc_internal,10,20,10,0,0,1,846951,0,0,0,ok,
RUN_20260510_VPLC_L0_IDLE_10_20_S01_R03,VPLC_L0_IDLE_10_20,SER_20260510_VPLC_L0_IDLE_10_20_S01,vPLC_container,VPLC_HOST,1301,1301,1302,,308570,,,vplc_internal,10,20,12,2,0,1,848253,0,0,0,ok,
RUN_20260510_VPLC_L0_IDLE_10_20_S01_R03,VPLC_L0_IDLE_10_20,SER_20260510_VPLC_L0_IDLE_10_20_S01,vPLC_container,VPLC_HOST,1302,1302,1303,,308578,,,vplc_internal,10,20,8,-2,0,1,849556,0,0,0,ok,
RUN_20260510_VPLC_L0_IDLE_10_20_S01_R03,VPLC_L0_IDLE_10_20,SER_20260510_VPLC_L0_IDLE_10_20_S01,vPLC_container,VPLC_HOST,1303,1303,1304,,308588,,,vplc_internal,10,20,10,0,0,1,850860,0,0,0,ok,
RUN_20260510_VPLC_L0_IDLE_10_20_S01_R03,VPLC_L0_IDLE_10_20,SER_20260510_VPLC_L0_IDLE_10_20_S01,vPLC_container,VPLC_HOST,1304,1304,1305,,308598,,,vplc_internal,10,20,10,0,0,1,852165,0,0,0,ok,
RUN_20260510_VPLC_L0_IDLE_10_20_S01_R03,VPLC_L0_IDLE_10_20,SER_20260510_VPLC_L0_IDLE_10_20_S01,vPLC_container,VPLC_HOST,1305,1305,1306,,308608,,,vplc_internal,10,20,10,0,0,1,853471,0,0,0,ok,
RUN_20260510_VPLC_L0_IDLE_10_20_S01_R03,VPLC_L0_IDLE_10_20,SER_20260510_VPLC_L0_IDLE_10_20_S01,vPLC_container,VPLC_HOST,1306,1306,1307,,308618,,,vplc_internal,10,20,10,0,0,1,854778,0,0,0,ok,
RUN_20260510_VPLC_L0_IDLE_10_20_S01_R03,VPLC_L0_IDLE_10_20,SER_20260510_VPLC_L0_IDLE_10_20_S01,vPLC_container,VPLC_HOST,1307,1307,1308,,308628,,,vplc_internal,10,20,10,0,0,1,856086,0,0,0,ok,
RUN_20260510_VPLC_L0_IDLE_10_20_S01_R03,VPLC_L0_IDLE_10_20,SER_20260510_VPLC_L0_IDLE_10_20_S01,vPLC_container,VPLC_HOST,1308,1308,1309,,308638,,,vplc_internal,10,20,10,0,0,1,857395,0,0,0,ok,
RUN_20260510_VPLC_L0_IDLE_10_20_S01_R03,VPLC_L0_IDLE_10_20,SER_20260510_VPLC_L0_IDLE_10_20_S01,vPLC_container,VPLC_HOST,1309,1309,1310,,308648,,,vplc_internal,10,20,10,0,0,1,858705,0,0,0,ok,
RUN_20260510_VPLC_L0_IDLE_10_20_S01_R03,VPLC_L0_IDLE_10_20,SER_20260510_VPLC_L0_IDLE_10_20_S01,vPLC_container,VPLC_HOST,1310,1310,1311,,308658,,,vplc_internal,10,20,10,0,0,1,860016,0,0,0,ok,
RUN_20260510_VPLC_L0_IDLE_10_20_S01_R03,VPLC_L0_IDLE_10_20,SER_20260510_VPLC_L0_IDLE_10_20_S01,vPLC_container,VPLC_HOST,1311,1311,1312,,308668,,,vplc_internal,10,20,10,0,0,1,861328,0,0,0,ok,
RUN_20260510_VPLC_L0_IDLE_10_20_S01_R03,VPLC_L0_IDLE_10_20,SER_20260510_VPLC_L0_IDLE_10_20_S01,vPLC_container,VPLC_HOST,1312,1312,1313,,308678,,,vplc_internal,10,20,10,0,0,1,862641,0,0,0,ok,
RUN_20260510_VPLC_L0_IDLE_10_20_S01_R03,VPLC_L0_IDLE_10_20,SER_20260510_VPLC_L0_IDLE_10_20_S01,vPLC_container,VPLC_HOST,1313,1313,1314,,308688,,,vplc_internal,10,20,10,0,0,1,863955,0,0,0,ok,
RUN_20260510_VPLC_L0_IDLE_10_20_S01_R03,VPLC_L0_IDLE_10_20,SER_20260510_VPLC_L0_IDLE_10_20_S01,vPLC_container,VPLC_HOST,1314,1314,1315,,308698,,,vplc_internal,10,20,10,0,0,1,865270,0,0,0,ok,
RUN_20260510_VPLC_L0_IDLE_10_20_S01_R03,VPLC_L0_IDLE_10_20,SER_20260510_VPLC_L0_IDLE_10_20_S01,vPLC_container,VPLC_HOST,1315,1315,1316,,308708,,,vplc_internal,10,20,10,0,0,1,866586,0,0,0,ok,
RUN_20260510_VPLC_L0_IDLE_10_20_S01_R03,VPLC_L0_IDLE_10_20,SER_20260510_VPLC_L0_IDLE_10_20_S01,vPLC_container,VPLC_HOST,1316,1316,1317,,308718,,,vplc_internal,10,20,10,0,0,1,867903,0,0,0,ok,
RUN_20260510_VPLC_L0_IDLE_10_20_S01_R03,VPLC_L0_IDLE_10_20,SER_20260510_VPLC_L0_IDLE_10_20_S01,vPLC_container,VPLC_HOST,1317,1317,1318,,308728,,,vplc_internal,10,20,10,0,0,1,869221,0,0,0,ok,
RUN_20260510_VPLC_L0_IDLE_10_20_S01_R03,VPLC_L0_IDLE_10_20,SER_20260510_VPLC_L0_IDLE_10_20_S01,vPLC_container,VPLC_HOST,1318,1318,1319,,308738,,,vplc_internal,10,20,10,0,0,1,870540,0,0,0,ok,
RUN_20260510_VPLC_L0_IDLE_10_20_S01_R03,VPLC_L0_IDLE_10_20,SER_20260510_VPLC_L0_IDLE_10_20_S01,vPLC_container,VPLC_HOST,1319,1319,1320,,308748,,,vplc_internal,10,20,10,0,0,1,871860,0,0,0,ok,
RUN_20260510_VPLC_L0_IDLE_10_20_S01_R03,VPLC_L0_IDLE_10_20,SER_20260510_VPLC_L0_IDLE_10_20_S01,vPLC_container,VPLC_HOST,1320,1320,1321,,308758,,,vplc_internal,10,20,10,0,0,1,873181,0,0,0,ok,
RUN_20260510_VPLC_L0_IDLE_10_20_S01_R03,VPLC_L0_IDLE_10_20,SER_20260510_VPLC_L0_IDLE_10_20_S01,vPLC_container,VPLC_HOST,1321,1321,1322,,308768,,,vplc_internal,10,20,10,0,0,1,874503,0,0,0,ok,
RUN_20260510_VPLC_L0_IDLE_10_20_S01_R03,VPLC_L0_IDLE_10_20,SER_20260510_VPLC_L0_IDLE_10_20_S01,vPLC_container,VPLC_HOST,1322,1322,1323,,308778,,,vplc_internal,10,20,10,0,0,1,875826,0,0,0,ok,
RUN_20260510_VPLC_L0_IDLE_10_20_S01_R03,VPLC_L0_IDLE_10_20,SER_20260510_VPLC_L0_IDLE_10_20_S01,vPLC_container,VPLC_HOST,1323,1323,1324,,308788,,,vplc_internal,10,20,10,0,0,1,877150,0,0,0,ok,
RUN_20260510_VPLC_L0_IDLE_10_20_S01_R03,VPLC_L0_IDLE_10_20,SER_20260510_VPLC_L0_IDLE_10_20_S01,vPLC_container,VPLC_HOST,1324,1324,1325,,308798,,,vplc_internal,10,20,10,0,0,1,878475,0,0,0,ok,
RUN_20260510_VPLC_L0_IDLE_10_20_S01_R03,VPLC_L0_IDLE_10_20,SER_20260510_VPLC_L0_IDLE_10_20_S01,vPLC_container,VPLC_HOST,1325,1325,1326,,308808,,,vplc_internal,10,20,10,0,0,1,879801,0,0,0,ok,
RUN_20260510_VPLC_L0_IDLE_10_20_S01_R03,VPLC_L0_IDLE_10_20,SER_20260510_VPLC_L0_IDLE_10_20_S01,vPLC_container,VPLC_HOST,1326,1326,1327,,308818,,,vplc_internal,10,20,10,0,0,1,881128,0,0,0,ok,
RUN_20260510_VPLC_L0_IDLE_10_20_S01_R03,VPLC_L0_IDLE_10_20,SER_20260510_VPLC_L0_IDLE_10_20_S01,vPLC_container,VPLC_HOST,1327,1327,1328,,308828,,,vplc_internal,10,20,10,0,0,1,882456,0,0,0,ok,
RUN_20260510_VPLC_L0_IDLE_10_20_S01_R03,VPLC_L0_IDLE_10_20,SER_20260510_VPLC_L0_IDLE_10_20_S01,vPLC_container,VPLC_HOST,1328,1328,1329,,308855,,,vplc_internal,10,20,27,17,1,1,883785,0,0,0,ok,
RUN_20260510_VPLC_L0_IDLE_10_20_S01_R03,VPLC_L0_IDLE_10_20,SER_20260510_VPLC_L0_IDLE_10_20_S01,vPLC_container,VPLC_HOST,1329,1329,1330,,308855,,,vplc_internal,10,20,,,,1,885115,0,0,0,invalid_row,timing_invalid
RUN_20260510_VPLC_L0_IDLE_10_20_S01_R03,VPLC_L0_IDLE_10_20,SER_20260510_VPLC_L0_IDLE_10_20_S01,vPLC_container,VPLC_HOST,1330,1330,1331,,308858,,,vplc_internal,10,20,3,-7,0,1,886446,0,0,0,ok,
RUN_20260510_VPLC_L0_IDLE_10_20_S01_R03,VPLC_L0_IDLE_10_20,SER_20260510_VPLC_L0_IDLE_10_20_S01,vPLC_container,VPLC_HOST,1331,1331,1332,,308868,,,vplc_internal,10,20,10,0,0,1,887778,0,0,0,ok,
RUN_20260510_VPLC_L0_IDLE_10_20_S01_R03,VPLC_L0_IDLE_10_20,SER_20260510_VPLC_L0_IDLE_10_20_S01,vPLC_container,VPLC_HOST,1332,1332,1333,,308878,,,vplc_internal,10,20,10,0,0,1,889111,0,0,0,ok,
RUN_20260510_VPLC_L0_IDLE_10_20_S01_R03,VPLC_L0_IDLE_10_20,SER_20260510_VPLC_L0_IDLE_10_20_S01,vPLC_container,VPLC_HOST,1333,1333,1334,,308888,,,vplc_internal,10,20,10,0,0,1,890445,0,0,0,ok,
RUN_20260510_VPLC_L0_IDLE_10_20_S01_R03,VPLC_L0_IDLE_10_20,SER_20260510_VPLC_L0_IDLE_10_20_S01,vPLC_container,VPLC_HOST,1334,1334,1335,,308898,,,vplc_internal,10,20,10,0,0,1,891780,0,0,0,ok,
RUN_20260510_VPLC_L0_IDLE_10_20_S01_R03,VPLC_L0_IDLE_10_20,SER_20260510_VPLC_L0_IDLE_10_20_S01,vPLC_container,VPLC_HOST,1335,1335,1336,,308908,,,vplc_internal,10,20,10,0,0,1,893116,0,0,0,ok,
RUN_20260510_VPLC_L0_IDLE_10_20_S01_R03,VPLC_L0_IDLE_10_20,SER_20260510_VPLC_L0_IDLE_10_20_S01,vPLC_container,VPLC_HOST,1336,1336,1337,,308918,,,vplc_internal,10,20,10,0,0,1,894453,0,0,0,ok,
RUN_20260510_VPLC_L0_IDLE_10_20_S01_R03,VPLC_L0_IDLE_10_20,SER_20260510_VPLC_L0_IDLE_10_20_S01,vPLC_container,VPLC_HOST,1337,1337,1338,,308928,,,vplc_internal,10,20,10,0,0,1,895791,0,0,0,ok,
RUN_20260510_VPLC_L0_IDLE_10_20_S01_R03,VPLC_L0_IDLE_10_20,SER_20260510_VPLC_L0_IDLE_10_20_S01,vPLC_container,VPLC_HOST,1338,1338,1339,,308938,,,vplc_internal,10,20,10,0,0,1,897130,0,0,0,ok,
RUN_20260510_VPLC_L0_IDLE_10_20_S01_R03,VPLC_L0_IDLE_10_20,SER_20260510_VPLC_L0_IDLE_10_20_S01,vPLC_container,VPLC_HOST,1339,1339,1340,,308948,,,vplc_internal,10,20,10,0,0,1,898470,0,0,0,ok,
RUN_20260510_VPLC_L0_IDLE_10_20_S01_R03,VPLC_L0_IDLE_10_20,SER_20260510_VPLC_L0_IDLE_10_20_S01,vPLC_container,VPLC_HOST,1340,1340,1341,,308958,,,vplc_internal,10,20,10,0,0,1,899811,0,0,0,ok,
RUN_20260510_VPLC_L0_IDLE_10_20_S01_R03,VPLC_L0_IDLE_10_20,SER_20260510_VPLC_L0_IDLE_10_20_S01,vPLC_container,VPLC_HOST,1341,1341,1342,,308968,,,vplc_internal,10,20,10,0,0,1,901153,0,0,0,ok,
RUN_20260510_VPLC_L0_IDLE_10_20_S01_R03,VPLC_L0_IDLE_10_20,SER_20260510_VPLC_L0_IDLE_10_20_S01,vPLC_container,VPLC_HOST,1342,1342,1343,,308978,,,vplc_internal,10,20,10,0,0,1,902496,0,0,0,ok,
RUN_20260510_VPLC_L0_IDLE_10_20_S01_R03,VPLC_L0_IDLE_10_20,SER_20260510_VPLC_L0_IDLE_10_20_S01,vPLC_container,VPLC_HOST,1343,1343,1344,,308988,,,vplc_internal,10,20,10,0,0,1,903840,0,0,0,ok,
RUN_20260510_VPLC_L0_IDLE_10_20_S01_R03,VPLC_L0_IDLE_10_20,SER_20260510_VPLC_L0_IDLE_10_20_S01,vPLC_container,VPLC_HOST,1344,1344,1345,,308998,,,vplc_internal,10,20,10,0,0,1,905185,0,0,0,ok,
RUN_20260510_VPLC_L0_IDLE_10_20_S01_R03,VPLC_L0_IDLE_10_20,SER_20260510_VPLC_L0_IDLE_10_20_S01,vPLC_container,VPLC_HOST,1345,1345,1346,,309008,,,vplc_internal,10,20,10,0,0,1,906531,0,0,0,ok,
RUN_20260510_VPLC_L0_IDLE_10_20_S01_R03,VPLC_L0_IDLE_10_20,SER_20260510_VPLC_L0_IDLE_10_20_S01,vPLC_container,VPLC_HOST,1346,1346,1347,,309018,,,vplc_internal,10,20,10,0,0,1,907878,0,0,0,ok,
RUN_20260510_VPLC_L0_IDLE_10_20_S01_R03,VPLC_L0_IDLE_10_20,SER_20260510_VPLC_L0_IDLE_10_20_S01,vPLC_container,VPLC_HOST,1347,1347,1348,,309028,,,vplc_internal,10,20,10,0,0,1,909226,0,0,0,ok,
RUN_20260510_VPLC_L0_IDLE_10_20_S01_R03,VPLC_L0_IDLE_10_20,SER_20260510_VPLC_L0_IDLE_10_20_S01,vPLC_container,VPLC_HOST,1348,1348,1349,,309038,,,vplc_internal,10,20,10,0,0,1,910575,0,0,0,ok,
RUN_20260510_VPLC_L0_IDLE_10_20_S01_R03,VPLC_L0_IDLE_10_20,SER_20260510_VPLC_L0_IDLE_10_20_S01,vPLC_container,VPLC_HOST,1349,1349,1350,,309048,,,vplc_internal,10,20,10,0,0,1,911925,0,0,0,ok,
RUN_20260510_VPLC_L0_IDLE_10_20_S01_R03,VPLC_L0_IDLE_10_20,SER_20260510_VPLC_L0_IDLE_10_20_S01,vPLC_container,VPLC_HOST,1350,1350,1351,,309058,,,vplc_internal,10,20,10,0,0,1,913276,0,0,0,ok,
RUN_20260510_VPLC_L0_IDLE_10_20_S01_R03,VPLC_L0_IDLE_10_20,SER_20260510_VPLC_L0_IDLE_10_20_S01,vPLC_container,VPLC_HOST,1351,1351,1352,,309068,,,vplc_internal,10,20,10,0,0,1,914628,0,0,0,ok,
RUN_20260510_VPLC_L0_IDLE_10_20_S01_R03,VPLC_L0_IDLE_10_20,SER_20260510_VPLC_L0_IDLE_10_20_S01,vPLC_container,VPLC_HOST,1352,1352,1353,,309078,,,vplc_internal,10,20,10,0,0,1,915981,0,0,0,ok,
