run_id,mode_id,series_id,object,node_id,sample_index,cycle_index,cycle_counter,ts_observe,ts_start,ts_end,timestamp_tick_ns,timestamp_source,t0_ms,deadline_threshold_ms,Tper,Jper,deadline_miss,heartbeat,workload_accumulator,load_level,load_passes,error_flag,quality_flag,notes,cycle_exec_ms,cycle_nominal_ms,program_status
RUN_20260509_VPLC_L2_MEDIUM_25_35_S01_R02,VPLC_L2_MEDIUM_25_35,SER_20260509_VPLC_L2_MEDIUM_25_35_S01,vPLC_container,VPLC_HOST,0,,,2026-05-09T17:58:57.764790264Z,,,,host_log,25,35,,,,,,2,128,,technical_check,vplc_status_cycle_duration_not_validated_as_Tper,0.062,100,работает
RUN_20260509_VPLC_L2_MEDIUM_25_35_S01_R02,VPLC_L2_MEDIUM_25_35,SER_20260509_VPLC_L2_MEDIUM_25_35_S01,vPLC_container,VPLC_HOST,1,,,2026-05-09T17:58:58.819716733Z,,,,host_log,25,35,,,,,,2,128,,technical_check,vplc_status_cycle_duration_not_validated_as_Tper,0.106,100,работает
RUN_20260509_VPLC_L2_MEDIUM_25_35_S01_R02,VPLC_L2_MEDIUM_25_35,SER_20260509_VPLC_L2_MEDIUM_25_35_S01,vPLC_container,VPLC_HOST,2,,,2026-05-09T17:58:59.873903225Z,,,,host_log,25,35,,,,,,2,128,,technical_check,vplc_status_cycle_duration_not_validated_as_Tper,0.105,100,работает
RUN_20260509_VPLC_L2_MEDIUM_25_35_S01_R02,VPLC_L2_MEDIUM_25_35,SER_20260509_VPLC_L2_MEDIUM_25_35_S01,vPLC_container,VPLC_HOST,3,,,2026-05-09T17:59:00.931240074Z,,,,host_log,25,35,,,,,,2,128,,technical_check,vplc_status_cycle_duration_not_validated_as_Tper,0.087,100,работает
RUN_20260509_VPLC_L2_MEDIUM_25_35_S01_R02,VPLC_L2_MEDIUM_25_35,SER_20260509_VPLC_L2_MEDIUM_25_35_S01,vPLC_container,VPLC_HOST,4,,,2026-05-09T17:59:01.986534333Z,,,,host_log,25,35,,,,,,2,128,,technical_check,vplc_status_cycle_duration_not_validated_as_Tper,0.106,100,работает
RUN_20260509_VPLC_L2_MEDIUM_25_35_S01_R02,VPLC_L2_MEDIUM_25_35,SER_20260509_VPLC_L2_MEDIUM_25_35_S01,vPLC_container,VPLC_HOST,5,,,2026-05-09T17:59:03.041577110Z,,,,host_log,25,35,,,,,,2,128,,technical_check,vplc_status_cycle_duration_not_validated_as_Tper,0.088,100,работает
RUN_20260509_VPLC_L2_MEDIUM_25_35_S01_R02,VPLC_L2_MEDIUM_25_35,SER_20260509_VPLC_L2_MEDIUM_25_35_S01,vPLC_container,VPLC_HOST,6,,,2026-05-09T17:59:04.096841211Z,,,,host_log,25,35,,,,,,2,128,,technical_check,vplc_status_cycle_duration_not_validated_as_Tper,0.106,100,работает
RUN_20260509_VPLC_L2_MEDIUM_25_35_S01_R02,VPLC_L2_MEDIUM_25_35,SER_20260509_VPLC_L2_MEDIUM_25_35_S01,vPLC_container,VPLC_HOST,7,,,2026-05-09T17:59:05.150564133Z,,,,host_log,25,35,,,,,,2,128,,technical_check,vplc_status_cycle_duration_not_validated_as_Tper,0.048,100,работает
RUN_20260509_VPLC_L2_MEDIUM_25_35_S01_R02,VPLC_L2_MEDIUM_25_35,SER_20260509_VPLC_L2_MEDIUM_25_35_S01,vPLC_container,VPLC_HOST,8,,,2026-05-09T17:59:06.208294763Z,,,,host_log,25,35,,,,,,2,128,,technical_check,vplc_status_cycle_duration_not_validated_as_Tper,0.108,100,работает
RUN_20260509_VPLC_L2_MEDIUM_25_35_S01_R02,VPLC_L2_MEDIUM_25_35,SER_20260509_VPLC_L2_MEDIUM_25_35_S01,vPLC_container,VPLC_HOST,9,,,2026-05-09T17:59:07.264050405Z,,,,host_log,25,35,,,,,,2,128,,technical_check,vplc_status_cycle_duration_not_validated_as_Tper,0.109,100,работает
RUN_20260509_VPLC_L2_MEDIUM_25_35_S01_R02,VPLC_L2_MEDIUM_25_35,SER_20260509_VPLC_L2_MEDIUM_25_35_S01,vPLC_container,VPLC_HOST,10,,,2026-05-09T17:59:08.317546725Z,,,,host_log,25,35,,,,,,2,128,,technical_check,vplc_status_cycle_duration_not_validated_as_Tper,0.100,100,работает
RUN_20260509_VPLC_L2_MEDIUM_25_35_S01_R02,VPLC_L2_MEDIUM_25_35,SER_20260509_VPLC_L2_MEDIUM_25_35_S01,vPLC_container,VPLC_HOST,11,,,2026-05-09T17:59:09.374333626Z,,,,host_log,25,35,,,,,,2,128,,technical_check,vplc_status_cycle_duration_not_validated_as_Tper,4.512,100,работает
RUN_20260509_VPLC_L2_MEDIUM_25_35_S01_R02,VPLC_L2_MEDIUM_25_35,SER_20260509_VPLC_L2_MEDIUM_25_35_S01,vPLC_container,VPLC_HOST,12,,,2026-05-09T17:59:10.429583873Z,,,,host_log,25,35,,,,,,2,128,,technical_check,vplc_status_cycle_duration_not_validated_as_Tper,0.086,100,работает
RUN_20260509_VPLC_L2_MEDIUM_25_35_S01_R02,VPLC_L2_MEDIUM_25_35,SER_20260509_VPLC_L2_MEDIUM_25_35_S01,vPLC_container,VPLC_HOST,13,,,2026-05-09T17:59:11.483992092Z,,,,host_log,25,35,,,,,,2,128,,technical_check,vplc_status_cycle_duration_not_validated_as_Tper,0.109,100,работает
RUN_20260509_VPLC_L2_MEDIUM_25_35_S01_R02,VPLC_L2_MEDIUM_25_35,SER_20260509_VPLC_L2_MEDIUM_25_35_S01,vPLC_container,VPLC_HOST,14,,,2026-05-09T17:59:12.537905938Z,,,,host_log,25,35,,,,,,2,128,,technical_check,vplc_status_cycle_duration_not_validated_as_Tper,0.086,100,работает
RUN_20260509_VPLC_L2_MEDIUM_25_35_S01_R02,VPLC_L2_MEDIUM_25_35,SER_20260509_VPLC_L2_MEDIUM_25_35_S01,vPLC_container,VPLC_HOST,15,,,2026-05-09T17:59:13.593284482Z,,,,host_log,25,35,,,,,,2,128,,technical_check,vplc_status_cycle_duration_not_validated_as_Tper,0.106,100,работает
RUN_20260509_VPLC_L2_MEDIUM_25_35_S01_R02,VPLC_L2_MEDIUM_25_35,SER_20260509_VPLC_L2_MEDIUM_25_35_S01,vPLC_container,VPLC_HOST,16,,,2026-05-09T17:59:14.650553729Z,,,,host_log,25,35,,,,,,2,128,,technical_check,vplc_status_cycle_duration_not_validated_as_Tper,0.048,100,работает
RUN_20260509_VPLC_L2_MEDIUM_25_35_S01_R02,VPLC_L2_MEDIUM_25_35,SER_20260509_VPLC_L2_MEDIUM_25_35_S01,vPLC_container,VPLC_HOST,17,,,2026-05-09T17:59:15.706628744Z,,,,host_log,25,35,,,,,,2,128,,technical_check,vplc_status_cycle_duration_not_validated_as_Tper,0.109,100,работает
RUN_20260509_VPLC_L2_MEDIUM_25_35_S01_R02,VPLC_L2_MEDIUM_25_35,SER_20260509_VPLC_L2_MEDIUM_25_35_S01,vPLC_container,VPLC_HOST,18,,,2026-05-09T17:59:16.759013707Z,,,,host_log,25,35,,,,,,2,128,,technical_check,vplc_status_cycle_duration_not_validated_as_Tper,0.091,100,работает
RUN_20260509_VPLC_L2_MEDIUM_25_35_S01_R02,VPLC_L2_MEDIUM_25_35,SER_20260509_VPLC_L2_MEDIUM_25_35_S01,vPLC_container,VPLC_HOST,19,,,2026-05-09T17:59:17.816090048Z,,,,host_log,25,35,,,,,,2,128,,technical_check,vplc_status_cycle_duration_not_validated_as_Tper,0.106,100,работает
RUN_20260509_VPLC_L2_MEDIUM_25_35_S01_R02,VPLC_L2_MEDIUM_25_35,SER_20260509_VPLC_L2_MEDIUM_25_35_S01,vPLC_container,VPLC_HOST,20,,,2026-05-09T17:59:18.872107718Z,,,,host_log,25,35,,,,,,2,128,,technical_check,vplc_status_cycle_duration_not_validated_as_Tper,0.103,100,работает
RUN_20260509_VPLC_L2_MEDIUM_25_35_S01_R02,VPLC_L2_MEDIUM_25_35,SER_20260509_VPLC_L2_MEDIUM_25_35_S01,vPLC_container,VPLC_HOST,21,,,2026-05-09T17:59:19.924516056Z,,,,host_log,25,35,,,,,,2,128,,technical_check,vplc_status_cycle_duration_not_validated_as_Tper,0.088,100,работает
RUN_20260509_VPLC_L2_MEDIUM_25_35_S01_R02,VPLC_L2_MEDIUM_25_35,SER_20260509_VPLC_L2_MEDIUM_25_35_S01,vPLC_container,VPLC_HOST,22,,,2026-05-09T17:59:20.981239133Z,,,,host_log,25,35,,,,,,2,128,,technical_check,vplc_status_cycle_duration_not_validated_as_Tper,0.107,100,работает
RUN_20260509_VPLC_L2_MEDIUM_25_35_S01_R02,VPLC_L2_MEDIUM_25_35,SER_20260509_VPLC_L2_MEDIUM_25_35_S01,vPLC_container,VPLC_HOST,23,,,2026-05-09T17:59:22.035839893Z,,,,host_log,25,35,,,,,,2,128,,technical_check,vplc_status_cycle_duration_not_validated_as_Tper,0.085,100,работает
RUN_20260509_VPLC_L2_MEDIUM_25_35_S01_R02,VPLC_L2_MEDIUM_25_35,SER_20260509_VPLC_L2_MEDIUM_25_35_S01,vPLC_container,VPLC_HOST,24,,,2026-05-09T17:59:23.090060452Z,,,,host_log,25,35,,,,,,2,128,,technical_check,vplc_status_cycle_duration_not_validated_as_Tper,0.107,100,работает
RUN_20260509_VPLC_L2_MEDIUM_25_35_S01_R02,VPLC_L2_MEDIUM_25_35,SER_20260509_VPLC_L2_MEDIUM_25_35_S01,vPLC_container,VPLC_HOST,25,,,2026-05-09T17:59:24.148158492Z,,,,host_log,25,35,,,,,,2,128,,technical_check,vplc_status_cycle_duration_not_validated_as_Tper,0.058,100,работает
RUN_20260509_VPLC_L2_MEDIUM_25_35_S01_R02,VPLC_L2_MEDIUM_25_35,SER_20260509_VPLC_L2_MEDIUM_25_35_S01,vPLC_container,VPLC_HOST,26,,,2026-05-09T17:59:25.201233575Z,,,,host_log,25,35,,,,,,2,128,,technical_check,vplc_status_cycle_duration_not_validated_as_Tper,0.107,100,работает
RUN_20260509_VPLC_L2_MEDIUM_25_35_S01_R02,VPLC_L2_MEDIUM_25_35,SER_20260509_VPLC_L2_MEDIUM_25_35_S01,vPLC_container,VPLC_HOST,27,,,2026-05-09T17:59:26.260131809Z,,,,host_log,25,35,,,,,,2,128,,technical_check,vplc_status_cycle_duration_not_validated_as_Tper,0.099,100,работает
RUN_20260509_VPLC_L2_MEDIUM_25_35_S01_R02,VPLC_L2_MEDIUM_25_35,SER_20260509_VPLC_L2_MEDIUM_25_35_S01,vPLC_container,VPLC_HOST,28,,,2026-05-09T17:59:27.314097546Z,,,,host_log,25,35,,,,,,2,128,,technical_check,vplc_status_cycle_duration_not_validated_as_Tper,0.107,100,работает
RUN_20260509_VPLC_L2_MEDIUM_25_35_S01_R02,VPLC_L2_MEDIUM_25_35,SER_20260509_VPLC_L2_MEDIUM_25_35_S01,vPLC_container,VPLC_HOST,29,,,2026-05-09T17:59:28.370998402Z,,,,host_log,25,35,,,,,,2,128,,technical_check,vplc_status_cycle_duration_not_validated_as_Tper,4.732,100,работает
RUN_20260509_VPLC_L2_MEDIUM_25_35_S01_R02,VPLC_L2_MEDIUM_25_35,SER_20260509_VPLC_L2_MEDIUM_25_35_S01,vPLC_container,VPLC_HOST,30,,,2026-05-09T17:59:29.425020579Z,,,,host_log,25,35,,,,,,2,128,,technical_check,vplc_status_cycle_duration_not_validated_as_Tper,0.102,100,работает
RUN_20260509_VPLC_L2_MEDIUM_25_35_S01_R02,VPLC_L2_MEDIUM_25_35,SER_20260509_VPLC_L2_MEDIUM_25_35_S01,vPLC_container,VPLC_HOST,31,,,2026-05-09T17:59:30.480380225Z,,,,host_log,25,35,,,,,,2,128,,technical_check,vplc_status_cycle_duration_not_validated_as_Tper,0.105,100,работает
RUN_20260509_VPLC_L2_MEDIUM_25_35_S01_R02,VPLC_L2_MEDIUM_25_35,SER_20260509_VPLC_L2_MEDIUM_25_35_S01,vPLC_container,VPLC_HOST,32,,,2026-05-09T17:59:31.534945102Z,,,,host_log,25,35,,,,,,2,128,,technical_check,vplc_status_cycle_duration_not_validated_as_Tper,0.086,100,работает
RUN_20260509_VPLC_L2_MEDIUM_25_35_S01_R02,VPLC_L2_MEDIUM_25_35,SER_20260509_VPLC_L2_MEDIUM_25_35_S01,vPLC_container,VPLC_HOST,33,,,2026-05-09T17:59:32.591176448Z,,,,host_log,25,35,,,,,,2,128,,technical_check,vplc_status_cycle_duration_not_validated_as_Tper,0.107,100,работает
RUN_20260509_VPLC_L2_MEDIUM_25_35_S01_R02,VPLC_L2_MEDIUM_25_35,SER_20260509_VPLC_L2_MEDIUM_25_35_S01,vPLC_container,VPLC_HOST,34,,,2026-05-09T17:59:33.644248010Z,,,,host_log,25,35,,,,,,2,128,,technical_check,vplc_status_cycle_duration_not_validated_as_Tper,0.083,100,работает
RUN_20260509_VPLC_L2_MEDIUM_25_35_S01_R02,VPLC_L2_MEDIUM_25_35,SER_20260509_VPLC_L2_MEDIUM_25_35_S01,vPLC_container,VPLC_HOST,35,,,2026-05-09T17:59:34.700998986Z,,,,host_log,25,35,,,,,,2,128,,technical_check,vplc_status_cycle_duration_not_validated_as_Tper,0.105,100,работает
RUN_20260509_VPLC_L2_MEDIUM_25_35_S01_R02,VPLC_L2_MEDIUM_25_35,SER_20260509_VPLC_L2_MEDIUM_25_35_S01,vPLC_container,VPLC_HOST,36,,,2026-05-09T17:59:35.754282661Z,,,,host_log,25,35,,,,,,2,128,,technical_check,vplc_status_cycle_duration_not_validated_as_Tper,0.060,100,работает
RUN_20260509_VPLC_L2_MEDIUM_25_35_S01_R02,VPLC_L2_MEDIUM_25_35,SER_20260509_VPLC_L2_MEDIUM_25_35_S01,vPLC_container,VPLC_HOST,37,,,2026-05-09T17:59:36.810435168Z,,,,host_log,25,35,,,,,,2,128,,technical_check,vplc_status_cycle_duration_not_validated_as_Tper,0.106,100,работает
RUN_20260509_VPLC_L2_MEDIUM_25_35_S01_R02,VPLC_L2_MEDIUM_25_35,SER_20260509_VPLC_L2_MEDIUM_25_35_S01,vPLC_container,VPLC_HOST,38,,,2026-05-09T17:59:37.865366080Z,,,,host_log,25,35,,,,,,2,128,,technical_check,vplc_status_cycle_duration_not_validated_as_Tper,0.106,100,работает
RUN_20260509_VPLC_L2_MEDIUM_25_35_S01_R02,VPLC_L2_MEDIUM_25_35,SER_20260509_VPLC_L2_MEDIUM_25_35_S01,vPLC_container,VPLC_HOST,39,,,2026-05-09T17:59:38.923320719Z,,,,host_log,25,35,,,,,,2,128,,technical_check,vplc_status_cycle_duration_not_validated_as_Tper,0.103,100,работает
RUN_20260509_VPLC_L2_MEDIUM_25_35_S01_R02,VPLC_L2_MEDIUM_25_35,SER_20260509_VPLC_L2_MEDIUM_25_35_S01,vPLC_container,VPLC_HOST,40,,,2026-05-09T17:59:39.978091273Z,,,,host_log,25,35,,,,,,2,128,,technical_check,vplc_status_cycle_duration_not_validated_as_Tper,0.104,100,работает
RUN_20260509_VPLC_L2_MEDIUM_25_35_S01_R02,VPLC_L2_MEDIUM_25_35,SER_20260509_VPLC_L2_MEDIUM_25_35_S01,vPLC_container,VPLC_HOST,41,,,2026-05-09T17:59:41.032836032Z,,,,host_log,25,35,,,,,,2,128,,technical_check,vplc_status_cycle_duration_not_validated_as_Tper,0.084,100,работает
RUN_20260509_VPLC_L2_MEDIUM_25_35_S01_R02,VPLC_L2_MEDIUM_25_35,SER_20260509_VPLC_L2_MEDIUM_25_35_S01,vPLC_container,VPLC_HOST,42,,,2026-05-09T17:59:42.086605172Z,,,,host_log,25,35,,,,,,2,128,,technical_check,vplc_status_cycle_duration_not_validated_as_Tper,0.105,100,работает
RUN_20260509_VPLC_L2_MEDIUM_25_35_S01_R02,VPLC_L2_MEDIUM_25_35,SER_20260509_VPLC_L2_MEDIUM_25_35_S01,vPLC_container,VPLC_HOST,43,,,2026-05-09T17:59:43.142812221Z,,,,host_log,25,35,,,,,,2,128,,technical_check,vplc_status_cycle_duration_not_validated_as_Tper,0.086,100,работает
RUN_20260509_VPLC_L2_MEDIUM_25_35_S01_R02,VPLC_L2_MEDIUM_25_35,SER_20260509_VPLC_L2_MEDIUM_25_35_S01,vPLC_container,VPLC_HOST,44,,,2026-05-09T17:59:44.199267426Z,,,,host_log,25,35,,,,,,2,128,,technical_check,vplc_status_cycle_duration_not_validated_as_Tper,0.107,100,работает
RUN_20260509_VPLC_L2_MEDIUM_25_35_S01_R02,VPLC_L2_MEDIUM_25_35,SER_20260509_VPLC_L2_MEDIUM_25_35_S01,vPLC_container,VPLC_HOST,45,,,2026-05-09T17:59:45.253488889Z,,,,host_log,25,35,,,,,,2,128,,technical_check,vplc_status_cycle_duration_not_validated_as_Tper,0.060,100,работает
RUN_20260509_VPLC_L2_MEDIUM_25_35_S01_R02,VPLC_L2_MEDIUM_25_35,SER_20260509_VPLC_L2_MEDIUM_25_35_S01,vPLC_container,VPLC_HOST,46,,,2026-05-09T17:59:46.309882194Z,,,,host_log,25,35,,,,,,2,128,,technical_check,vplc_status_cycle_duration_not_validated_as_Tper,0.107,100,работает
RUN_20260509_VPLC_L2_MEDIUM_25_35_S01_R02,VPLC_L2_MEDIUM_25_35,SER_20260509_VPLC_L2_MEDIUM_25_35_S01,vPLC_container,VPLC_HOST,47,,,2026-05-09T17:59:47.364605033Z,,,,host_log,25,35,,,,,,2,128,,technical_check,vplc_status_cycle_duration_not_validated_as_Tper,4.726,100,работает
RUN_20260509_VPLC_L2_MEDIUM_25_35_S01_R02,VPLC_L2_MEDIUM_25_35,SER_20260509_VPLC_L2_MEDIUM_25_35_S01,vPLC_container,VPLC_HOST,48,,,2026-05-09T17:59:48.420474664Z,,,,host_log,25,35,,,,,,2,128,,technical_check,vplc_status_cycle_duration_not_validated_as_Tper,4.750,100,работает
RUN_20260509_VPLC_L2_MEDIUM_25_35_S01_R02,VPLC_L2_MEDIUM_25_35,SER_20260509_VPLC_L2_MEDIUM_25_35_S01,vPLC_container,VPLC_HOST,49,,,2026-05-09T17:59:49.473148336Z,,,,host_log,25,35,,,,,,2,128,,technical_check,vplc_status_cycle_duration_not_validated_as_Tper,0.106,100,работает
RUN_20260509_VPLC_L2_MEDIUM_25_35_S01_R02,VPLC_L2_MEDIUM_25_35,SER_20260509_VPLC_L2_MEDIUM_25_35_S01,vPLC_container,VPLC_HOST,50,,,2026-05-09T17:59:50.528025053Z,,,,host_log,25,35,,,,,,2,128,,technical_check,vplc_status_cycle_duration_not_validated_as_Tper,0.086,100,работает
RUN_20260509_VPLC_L2_MEDIUM_25_35_S01_R02,VPLC_L2_MEDIUM_25_35,SER_20260509_VPLC_L2_MEDIUM_25_35_S01,vPLC_container,VPLC_HOST,51,,,2026-05-09T17:59:51.585560304Z,,,,host_log,25,35,,,,,,2,128,,technical_check,vplc_status_cycle_duration_not_validated_as_Tper,0.106,100,работает
RUN_20260509_VPLC_L2_MEDIUM_25_35_S01_R02,VPLC_L2_MEDIUM_25_35,SER_20260509_VPLC_L2_MEDIUM_25_35_S01,vPLC_container,VPLC_HOST,52,,,2026-05-09T17:59:52.636085497Z,,,,host_log,25,35,,,,,,2,128,,technical_check,vplc_status_cycle_duration_not_validated_as_Tper,0.085,100,работает
RUN_20260509_VPLC_L2_MEDIUM_25_35_S01_R02,VPLC_L2_MEDIUM_25_35,SER_20260509_VPLC_L2_MEDIUM_25_35_S01,vPLC_container,VPLC_HOST,53,,,2026-05-09T17:59:53.694669633Z,,,,host_log,25,35,,,,,,2,128,,technical_check,vplc_status_cycle_duration_not_validated_as_Tper,0.105,100,работает
RUN_20260509_VPLC_L2_MEDIUM_25_35_S01_R02,VPLC_L2_MEDIUM_25_35,SER_20260509_VPLC_L2_MEDIUM_25_35_S01,vPLC_container,VPLC_HOST,54,,,2026-05-09T17:59:54.749768459Z,,,,host_log,25,35,,,,,,2,128,,technical_check,vplc_status_cycle_duration_not_validated_as_Tper,0.048,100,работает
RUN_20260509_VPLC_L2_MEDIUM_25_35_S01_R02,VPLC_L2_MEDIUM_25_35,SER_20260509_VPLC_L2_MEDIUM_25_35_S01,vPLC_container,VPLC_HOST,55,,,2026-05-09T17:59:55.807546788Z,,,,host_log,25,35,,,,,,2,128,,technical_check,vplc_status_cycle_duration_not_validated_as_Tper,0.107,100,работает
RUN_20260509_VPLC_L2_MEDIUM_25_35_S01_R02,VPLC_L2_MEDIUM_25_35,SER_20260509_VPLC_L2_MEDIUM_25_35_S01,vPLC_container,VPLC_HOST,56,,,2026-05-09T17:59:56.859453770Z,,,,host_log,25,35,,,,,,2,128,,technical_check,vplc_status_cycle_duration_not_validated_as_Tper,0.097,100,работает
RUN_20260509_VPLC_L2_MEDIUM_25_35_S01_R02,VPLC_L2_MEDIUM_25_35,SER_20260509_VPLC_L2_MEDIUM_25_35_S01,vPLC_container,VPLC_HOST,57,,,2026-05-09T17:59:57.917275428Z,,,,host_log,25,35,,,,,,2,128,,technical_check,vplc_status_cycle_duration_not_validated_as_Tper,0.106,100,работает
RUN_20260509_VPLC_L2_MEDIUM_25_35_S01_R02,VPLC_L2_MEDIUM_25_35,SER_20260509_VPLC_L2_MEDIUM_25_35_S01,vPLC_container,VPLC_HOST,58,,,2026-05-09T17:59:58.973563704Z,,,,host_log,25,35,,,,,,2,128,,technical_check,vplc_status_cycle_duration_not_validated_as_Tper,0.109,100,работает
RUN_20260509_VPLC_L2_MEDIUM_25_35_S01_R02,VPLC_L2_MEDIUM_25_35,SER_20260509_VPLC_L2_MEDIUM_25_35_S01,vPLC_container,VPLC_HOST,59,,,2026-05-09T18:00:00.026247005Z,,,,host_log,25,35,,,,,,2,128,,technical_check,vplc_status_cycle_duration_not_validated_as_Tper,0.086,100,работает
RUN_20260509_VPLC_L2_MEDIUM_25_35_S01_R02,VPLC_L2_MEDIUM_25_35,SER_20260509_VPLC_L2_MEDIUM_25_35_S01,vPLC_container,VPLC_HOST,60,,,2026-05-09T18:00:01.083274153Z,,,,host_log,25,35,,,,,,2,128,,technical_check,vplc_status_cycle_duration_not_validated_as_Tper,0.106,100,работает
RUN_20260509_VPLC_L2_MEDIUM_25_35_S01_R02,VPLC_L2_MEDIUM_25_35,SER_20260509_VPLC_L2_MEDIUM_25_35_S01,vPLC_container,VPLC_HOST,61,,,2026-05-09T18:00:02.139375600Z,,,,host_log,25,35,,,,,,2,128,,technical_check,vplc_status_cycle_duration_not_validated_as_Tper,0.085,100,работает
RUN_20260509_VPLC_L2_MEDIUM_25_35_S01_R02,VPLC_L2_MEDIUM_25_35,SER_20260509_VPLC_L2_MEDIUM_25_35_S01,vPLC_container,VPLC_HOST,62,,,2026-05-09T18:00:03.194498257Z,,,,host_log,25,35,,,,,,2,128,,technical_check,vplc_status_cycle_duration_not_validated_as_Tper,0.109,100,работает
RUN_20260509_VPLC_L2_MEDIUM_25_35_S01_R02,VPLC_L2_MEDIUM_25_35,SER_20260509_VPLC_L2_MEDIUM_25_35_S01,vPLC_container,VPLC_HOST,63,,,2026-05-09T18:00:04.249470361Z,,,,host_log,25,35,,,,,,2,128,,technical_check,vplc_status_cycle_duration_not_validated_as_Tper,0.054,100,работает
RUN_20260509_VPLC_L2_MEDIUM_25_35_S01_R02,VPLC_L2_MEDIUM_25_35,SER_20260509_VPLC_L2_MEDIUM_25_35_S01,vPLC_container,VPLC_HOST,64,,,2026-05-09T18:00:05.300288746Z,,,,host_log,25,35,,,,,,2,128,,technical_check,vplc_status_cycle_duration_not_validated_as_Tper,0.108,100,работает
RUN_20260509_VPLC_L2_MEDIUM_25_35_S01_R02,VPLC_L2_MEDIUM_25_35,SER_20260509_VPLC_L2_MEDIUM_25_35_S01,vPLC_container,VPLC_HOST,65,,,2026-05-09T18:00:06.360454347Z,,,,host_log,25,35,,,,,,2,128,,technical_check,vplc_status_cycle_duration_not_validated_as_Tper,4.688,100,работает
RUN_20260509_VPLC_L2_MEDIUM_25_35_S01_R02,VPLC_L2_MEDIUM_25_35,SER_20260509_VPLC_L2_MEDIUM_25_35_S01,vPLC_container,VPLC_HOST,66,,,2026-05-09T18:00:07.413442834Z,,,,host_log,25,35,,,,,,2,128,,technical_check,vplc_status_cycle_duration_not_validated_as_Tper,5.006,100,работает
RUN_20260509_VPLC_L2_MEDIUM_25_35_S01_R02,VPLC_L2_MEDIUM_25_35,SER_20260509_VPLC_L2_MEDIUM_25_35_S01,vPLC_container,VPLC_HOST,67,,,2026-05-09T18:00:08.467352342Z,,,,host_log,25,35,,,,,,2,128,,technical_check,vplc_status_cycle_duration_not_validated_as_Tper,0.107,100,работает
RUN_20260509_VPLC_L2_MEDIUM_25_35_S01_R02,VPLC_L2_MEDIUM_25_35,SER_20260509_VPLC_L2_MEDIUM_25_35_S01,vPLC_container,VPLC_HOST,68,,,2026-05-09T18:00:09.526638609Z,,,,host_log,25,35,,,,,,2,128,,technical_check,vplc_status_cycle_duration_not_validated_as_Tper,0.086,100,работает
RUN_20260509_VPLC_L2_MEDIUM_25_35_S01_R02,VPLC_L2_MEDIUM_25_35,SER_20260509_VPLC_L2_MEDIUM_25_35_S01,vPLC_container,VPLC_HOST,69,,,2026-05-09T18:00:10.579939781Z,,,,host_log,25,35,,,,,,2,128,,technical_check,vplc_status_cycle_duration_not_validated_as_Tper,0.106,100,работает
RUN_20260509_VPLC_L2_MEDIUM_25_35_S01_R02,VPLC_L2_MEDIUM_25_35,SER_20260509_VPLC_L2_MEDIUM_25_35_S01,vPLC_container,VPLC_HOST,70,,,2026-05-09T18:00:11.636276065Z,,,,host_log,25,35,,,,,,2,128,,technical_check,vplc_status_cycle_duration_not_validated_as_Tper,0.089,100,работает
RUN_20260509_VPLC_L2_MEDIUM_25_35_S01_R02,VPLC_L2_MEDIUM_25_35,SER_20260509_VPLC_L2_MEDIUM_25_35_S01,vPLC_container,VPLC_HOST,71,,,2026-05-09T18:00:12.692569569Z,,,,host_log,25,35,,,,,,2,128,,technical_check,vplc_status_cycle_duration_not_validated_as_Tper,0.106,100,работает
RUN_20260509_VPLC_L2_MEDIUM_25_35_S01_R02,VPLC_L2_MEDIUM_25_35,SER_20260509_VPLC_L2_MEDIUM_25_35_S01,vPLC_container,VPLC_HOST,72,,,2026-05-09T18:00:13.745182889Z,,,,host_log,25,35,,,,,,2,128,,technical_check,vplc_status_cycle_duration_not_validated_as_Tper,0.079,100,работает
RUN_20260509_VPLC_L2_MEDIUM_25_35_S01_R02,VPLC_L2_MEDIUM_25_35,SER_20260509_VPLC_L2_MEDIUM_25_35_S01,vPLC_container,VPLC_HOST,73,,,2026-05-09T18:00:14.802822998Z,,,,host_log,25,35,,,,,,2,128,,technical_check,vplc_status_cycle_duration_not_validated_as_Tper,0.109,100,работает
RUN_20260509_VPLC_L2_MEDIUM_25_35_S01_R02,VPLC_L2_MEDIUM_25_35,SER_20260509_VPLC_L2_MEDIUM_25_35_S01,vPLC_container,VPLC_HOST,74,,,2026-05-09T18:00:15.857632369Z,,,,host_log,25,35,,,,,,2,128,,technical_check,vplc_status_cycle_duration_not_validated_as_Tper,0.093,100,работает
RUN_20260509_VPLC_L2_MEDIUM_25_35_S01_R02,VPLC_L2_MEDIUM_25_35,SER_20260509_VPLC_L2_MEDIUM_25_35_S01,vPLC_container,VPLC_HOST,75,,,2026-05-09T18:00:16.913811514Z,,,,host_log,25,35,,,,,,2,128,,technical_check,vplc_status_cycle_duration_not_validated_as_Tper,0.107,100,работает
RUN_20260509_VPLC_L2_MEDIUM_25_35_S01_R02,VPLC_L2_MEDIUM_25_35,SER_20260509_VPLC_L2_MEDIUM_25_35_S01,vPLC_container,VPLC_HOST,76,,,2026-05-09T18:00:17.966449178Z,,,,host_log,25,35,,,,,,2,128,,technical_check,vplc_status_cycle_duration_not_validated_as_Tper,0.105,100,работает
RUN_20260509_VPLC_L2_MEDIUM_25_35_S01_R02,VPLC_L2_MEDIUM_25_35,SER_20260509_VPLC_L2_MEDIUM_25_35_S01,vPLC_container,VPLC_HOST,77,,,2026-05-09T18:00:19.023057255Z,,,,host_log,25,35,,,,,,2,128,,technical_check,vplc_status_cycle_duration_not_validated_as_Tper,0.107,100,работает
RUN_20260509_VPLC_L2_MEDIUM_25_35_S01_R02,VPLC_L2_MEDIUM_25_35,SER_20260509_VPLC_L2_MEDIUM_25_35_S01,vPLC_container,VPLC_HOST,78,,,2026-05-09T18:00:20.077826203Z,,,,host_log,25,35,,,,,,2,128,,technical_check,vplc_status_cycle_duration_not_validated_as_Tper,0.108,100,работает
RUN_20260509_VPLC_L2_MEDIUM_25_35_S01_R02,VPLC_L2_MEDIUM_25_35,SER_20260509_VPLC_L2_MEDIUM_25_35_S01,vPLC_container,VPLC_HOST,79,,,2026-05-09T18:00:21.132018742Z,,,,host_log,25,35,,,,,,2,128,,technical_check,vplc_status_cycle_duration_not_validated_as_Tper,0.086,100,работает
RUN_20260509_VPLC_L2_MEDIUM_25_35_S01_R02,VPLC_L2_MEDIUM_25_35,SER_20260509_VPLC_L2_MEDIUM_25_35_S01,vPLC_container,VPLC_HOST,80,,,2026-05-09T18:00:22.189063939Z,,,,host_log,25,35,,,,,,2,128,,technical_check,vplc_status_cycle_duration_not_validated_as_Tper,0.107,100,работает
RUN_20260509_VPLC_L2_MEDIUM_25_35_S01_R02,VPLC_L2_MEDIUM_25_35,SER_20260509_VPLC_L2_MEDIUM_25_35_S01,vPLC_container,VPLC_HOST,81,,,2026-05-09T18:00:23.243069316Z,,,,host_log,25,35,,,,,,2,128,,technical_check,vplc_status_cycle_duration_not_validated_as_Tper,0.084,100,работает
RUN_20260509_VPLC_L2_MEDIUM_25_35_S01_R02,VPLC_L2_MEDIUM_25_35,SER_20260509_VPLC_L2_MEDIUM_25_35_S01,vPLC_container,VPLC_HOST,82,,,2026-05-09T18:00:24.300938665Z,,,,host_log,25,35,,,,,,2,128,,technical_check,vplc_status_cycle_duration_not_validated_as_Tper,0.106,100,работает
RUN_20260509_VPLC_L2_MEDIUM_25_35_S01_R02,VPLC_L2_MEDIUM_25_35,SER_20260509_VPLC_L2_MEDIUM_25_35_S01,vPLC_container,VPLC_HOST,83,,,2026-05-09T18:00:25.356478180Z,,,,host_log,25,35,,,,,,2,128,,technical_check,vplc_status_cycle_duration_not_validated_as_Tper,3.887,100,работает
RUN_20260509_VPLC_L2_MEDIUM_25_35_S01_R02,VPLC_L2_MEDIUM_25_35,SER_20260509_VPLC_L2_MEDIUM_25_35_S01,vPLC_container,VPLC_HOST,84,,,2026-05-09T18:00:26.410008948Z,,,,host_log,25,35,,,,,,2,128,,technical_check,vplc_status_cycle_duration_not_validated_as_Tper,4.606,100,работает
RUN_20260509_VPLC_L2_MEDIUM_25_35_S01_R02,VPLC_L2_MEDIUM_25_35,SER_20260509_VPLC_L2_MEDIUM_25_35_S01,vPLC_container,VPLC_HOST,85,,,2026-05-09T18:00:27.463910641Z,,,,host_log,25,35,,,,,,2,128,,technical_check,vplc_status_cycle_duration_not_validated_as_Tper,0.105,100,работает
RUN_20260509_VPLC_L2_MEDIUM_25_35_S01_R02,VPLC_L2_MEDIUM_25_35,SER_20260509_VPLC_L2_MEDIUM_25_35_S01,vPLC_container,VPLC_HOST,86,,,2026-05-09T18:00:28.521584964Z,,,,host_log,25,35,,,,,,2,128,,technical_check,vplc_status_cycle_duration_not_validated_as_Tper,0.107,100,работает
RUN_20260509_VPLC_L2_MEDIUM_25_35_S01_R02,VPLC_L2_MEDIUM_25_35,SER_20260509_VPLC_L2_MEDIUM_25_35_S01,vPLC_container,VPLC_HOST,87,,,2026-05-09T18:00:29.576534403Z,,,,host_log,25,35,,,,,,2,128,,technical_check,vplc_status_cycle_duration_not_validated_as_Tper,0.109,100,работает
RUN_20260509_VPLC_L2_MEDIUM_25_35_S01_R02,VPLC_L2_MEDIUM_25_35,SER_20260509_VPLC_L2_MEDIUM_25_35_S01,vPLC_container,VPLC_HOST,88,,,2026-05-09T18:00:30.628510713Z,,,,host_log,25,35,,,,,,2,128,,technical_check,vplc_status_cycle_duration_not_validated_as_Tper,0.086,100,работает
RUN_20260509_VPLC_L2_MEDIUM_25_35_S01_R02,VPLC_L2_MEDIUM_25_35,SER_20260509_VPLC_L2_MEDIUM_25_35_S01,vPLC_container,VPLC_HOST,89,,,2026-05-09T18:00:31.686176367Z,,,,host_log,25,35,,,,,,2,128,,technical_check,vplc_status_cycle_duration_not_validated_as_Tper,0.106,100,работает
RUN_20260509_VPLC_L2_MEDIUM_25_35_S01_R02,VPLC_L2_MEDIUM_25_35,SER_20260509_VPLC_L2_MEDIUM_25_35_S01,vPLC_container,VPLC_HOST,90,,,2026-05-09T18:00:32.742723997Z,,,,host_log,25,35,,,,,,2,128,,technical_check,vplc_status_cycle_duration_not_validated_as_Tper,0.086,100,работает
RUN_20260509_VPLC_L2_MEDIUM_25_35_S01_R02,VPLC_L2_MEDIUM_25_35,SER_20260509_VPLC_L2_MEDIUM_25_35_S01,vPLC_container,VPLC_HOST,91,,,2026-05-09T18:00:33.795076382Z,,,,host_log,25,35,,,,,,2,128,,technical_check,vplc_status_cycle_duration_not_validated_as_Tper,0.107,100,работает
RUN_20260509_VPLC_L2_MEDIUM_25_35_S01_R02,VPLC_L2_MEDIUM_25_35,SER_20260509_VPLC_L2_MEDIUM_25_35_S01,vPLC_container,VPLC_HOST,92,,,2026-05-09T18:00:34.852482647Z,,,,host_log,25,35,,,,,,2,128,,technical_check,vplc_status_cycle_duration_not_validated_as_Tper,0.048,100,работает
RUN_20260509_VPLC_L2_MEDIUM_25_35_S01_R02,VPLC_L2_MEDIUM_25_35,SER_20260509_VPLC_L2_MEDIUM_25_35_S01,vPLC_container,VPLC_HOST,93,,,2026-05-09T18:00:35.908937405Z,,,,host_log,25,35,,,,,,2,128,,technical_check,vplc_status_cycle_duration_not_validated_as_Tper,0.106,100,работает
RUN_20260509_VPLC_L2_MEDIUM_25_35_S01_R02,VPLC_L2_MEDIUM_25_35,SER_20260509_VPLC_L2_MEDIUM_25_35_S01,vPLC_container,VPLC_HOST,94,,,2026-05-09T18:00:36.964619331Z,,,,host_log,25,35,,,,,,2,128,,technical_check,vplc_status_cycle_duration_not_validated_as_Tper,0.107,100,работает
RUN_20260509_VPLC_L2_MEDIUM_25_35_S01_R02,VPLC_L2_MEDIUM_25_35,SER_20260509_VPLC_L2_MEDIUM_25_35_S01,vPLC_container,VPLC_HOST,95,,,2026-05-09T18:00:38.019246083Z,,,,host_log,25,35,,,,,,2,128,,technical_check,vplc_status_cycle_duration_not_validated_as_Tper,0.107,100,работает
RUN_20260509_VPLC_L2_MEDIUM_25_35_S01_R02,VPLC_L2_MEDIUM_25_35,SER_20260509_VPLC_L2_MEDIUM_25_35_S01,vPLC_container,VPLC_HOST,96,,,2026-05-09T18:00:39.074613385Z,,,,host_log,25,35,,,,,,2,128,,technical_check,vplc_status_cycle_duration_not_validated_as_Tper,0.105,100,работает
RUN_20260509_VPLC_L2_MEDIUM_25_35_S01_R02,VPLC_L2_MEDIUM_25_35,SER_20260509_VPLC_L2_MEDIUM_25_35_S01,vPLC_container,VPLC_HOST,97,,,2026-05-09T18:00:40.127071491Z,,,,host_log,25,35,,,,,,2,128,,technical_check,vplc_status_cycle_duration_not_validated_as_Tper,0.087,100,работает
RUN_20260509_VPLC_L2_MEDIUM_25_35_S01_R02,VPLC_L2_MEDIUM_25_35,SER_20260509_VPLC_L2_MEDIUM_25_35_S01,vPLC_container,VPLC_HOST,98,,,2026-05-09T18:00:41.182321778Z,,,,host_log,25,35,,,,,,2,128,,technical_check,vplc_status_cycle_duration_not_validated_as_Tper,0.108,100,работает
RUN_20260509_VPLC_L2_MEDIUM_25_35_S01_R02,VPLC_L2_MEDIUM_25_35,SER_20260509_VPLC_L2_MEDIUM_25_35_S01,vPLC_container,VPLC_HOST,99,,,2026-05-09T18:00:42.240707699Z,,,,host_log,25,35,,,,,,2,128,,technical_check,vplc_status_cycle_duration_not_validated_as_Tper,0.087,100,работает
RUN_20260509_VPLC_L2_MEDIUM_25_35_S01_R02,VPLC_L2_MEDIUM_25_35,SER_20260509_VPLC_L2_MEDIUM_25_35_S01,vPLC_container,VPLC_HOST,100,,,2026-05-09T18:00:43.294147197Z,,,,host_log,25,35,,,,,,2,128,,technical_check,vplc_status_cycle_duration_not_validated_as_Tper,0.106,100,работает
RUN_20260509_VPLC_L2_MEDIUM_25_35_S01_R02,VPLC_L2_MEDIUM_25_35,SER_20260509_VPLC_L2_MEDIUM_25_35_S01,vPLC_container,VPLC_HOST,101,,,2026-05-09T18:00:44.347173207Z,,,,host_log,25,35,,,,,,2,128,,technical_check,vplc_status_cycle_duration_not_validated_as_Tper,4.806,100,работает
RUN_20260509_VPLC_L2_MEDIUM_25_35_S01_R02,VPLC_L2_MEDIUM_25_35,SER_20260509_VPLC_L2_MEDIUM_25_35_S01,vPLC_container,VPLC_HOST,102,,,2026-05-09T18:00:45.405961808Z,,,,host_log,25,35,,,,,,2,128,,technical_check,vplc_status_cycle_duration_not_validated_as_Tper,4.868,100,работает
RUN_20260509_VPLC_L2_MEDIUM_25_35_S01_R02,VPLC_L2_MEDIUM_25_35,SER_20260509_VPLC_L2_MEDIUM_25_35_S01,vPLC_container,VPLC_HOST,103,,,2026-05-09T18:00:46.462127149Z,,,,host_log,25,35,,,,,,2,128,,technical_check,vplc_status_cycle_duration_not_validated_as_Tper,0.107,100,работает
RUN_20260509_VPLC_L2_MEDIUM_25_35_S01_R02,VPLC_L2_MEDIUM_25_35,SER_20260509_VPLC_L2_MEDIUM_25_35_S01,vPLC_container,VPLC_HOST,104,,,2026-05-09T18:00:47.515916284Z,,,,host_log,25,35,,,,,,2,128,,technical_check,vplc_status_cycle_duration_not_validated_as_Tper,0.106,100,работает
RUN_20260509_VPLC_L2_MEDIUM_25_35_S01_R02,VPLC_L2_MEDIUM_25_35,SER_20260509_VPLC_L2_MEDIUM_25_35_S01,vPLC_container,VPLC_HOST,105,,,2026-05-09T18:00:48.571867604Z,,,,host_log,25,35,,,,,,2,128,,technical_check,vplc_status_cycle_duration_not_validated_as_Tper,0.104,100,работает
RUN_20260509_VPLC_L2_MEDIUM_25_35_S01_R02,VPLC_L2_MEDIUM_25_35,SER_20260509_VPLC_L2_MEDIUM_25_35_S01,vPLC_container,VPLC_HOST,106,,,2026-05-09T18:00:49.623145963Z,,,,host_log,25,35,,,,,,2,128,,technical_check,vplc_status_cycle_duration_not_validated_as_Tper,0.086,100,работает
RUN_20260509_VPLC_L2_MEDIUM_25_35_S01_R02,VPLC_L2_MEDIUM_25_35,SER_20260509_VPLC_L2_MEDIUM_25_35_S01,vPLC_container,VPLC_HOST,107,,,2026-05-09T18:00:50.682492927Z,,,,host_log,25,35,,,,,,2,128,,technical_check,vplc_status_cycle_duration_not_validated_as_Tper,0.106,100,работает
RUN_20260509_VPLC_L2_MEDIUM_25_35_S01_R02,VPLC_L2_MEDIUM_25_35,SER_20260509_VPLC_L2_MEDIUM_25_35_S01,vPLC_container,VPLC_HOST,108,,,2026-05-09T18:00:51.733868311Z,,,,host_log,25,35,,,,,,2,128,,technical_check,vplc_status_cycle_duration_not_validated_as_Tper,0.086,100,работает
RUN_20260509_VPLC_L2_MEDIUM_25_35_S01_R02,VPLC_L2_MEDIUM_25_35,SER_20260509_VPLC_L2_MEDIUM_25_35_S01,vPLC_container,VPLC_HOST,109,,,2026-05-09T18:00:52.790479785Z,,,,host_log,25,35,,,,,,2,128,,technical_check,vplc_status_cycle_duration_not_validated_as_Tper,0.106,100,работает
RUN_20260509_VPLC_L2_MEDIUM_25_35_S01_R02,VPLC_L2_MEDIUM_25_35,SER_20260509_VPLC_L2_MEDIUM_25_35_S01,vPLC_container,VPLC_HOST,110,,,2026-05-09T18:00:53.847509046Z,,,,host_log,25,35,,,,,,2,128,,technical_check,vplc_status_cycle_duration_not_validated_as_Tper,0.056,100,работает
RUN_20260509_VPLC_L2_MEDIUM_25_35_S01_R02,VPLC_L2_MEDIUM_25_35,SER_20260509_VPLC_L2_MEDIUM_25_35_S01,vPLC_container,VPLC_HOST,111,,,2026-05-09T18:00:54.903179977Z,,,,host_log,25,35,,,,,,2,128,,technical_check,vplc_status_cycle_duration_not_validated_as_Tper,0.108,100,работает
RUN_20260509_VPLC_L2_MEDIUM_25_35_S01_R02,VPLC_L2_MEDIUM_25_35,SER_20260509_VPLC_L2_MEDIUM_25_35_S01,vPLC_container,VPLC_HOST,112,,,2026-05-09T18:00:55.958502464Z,,,,host_log,25,35,,,,,,2,128,,technical_check,vplc_status_cycle_duration_not_validated_as_Tper,0.089,100,работает
RUN_20260509_VPLC_L2_MEDIUM_25_35_S01_R02,VPLC_L2_MEDIUM_25_35,SER_20260509_VPLC_L2_MEDIUM_25_35_S01,vPLC_container,VPLC_HOST,113,,,2026-05-09T18:00:57.012277208Z,,,,host_log,25,35,,,,,,2,128,,technical_check,vplc_status_cycle_duration_not_validated_as_Tper,0.106,100,работает
RUN_20260509_VPLC_L2_MEDIUM_25_35_S01_R02,VPLC_L2_MEDIUM_25_35,SER_20260509_VPLC_L2_MEDIUM_25_35_S01,vPLC_container,VPLC_HOST,114,,,2026-05-09T18:00:58.067191567Z,,,,host_log,25,35,,,,,,2,128,,technical_check,vplc_status_cycle_duration_not_validated_as_Tper,0.103,100,работает
RUN_20260509_VPLC_L2_MEDIUM_25_35_S01_R02,VPLC_L2_MEDIUM_25_35,SER_20260509_VPLC_L2_MEDIUM_25_35_S01,vPLC_container,VPLC_HOST,115,,,2026-05-09T18:00:59.124622067Z,,,,host_log,25,35,,,,,,2,128,,technical_check,vplc_status_cycle_duration_not_validated_as_Tper,0.106,100,работает
RUN_20260509_VPLC_L2_MEDIUM_25_35_S01_R02,VPLC_L2_MEDIUM_25_35,SER_20260509_VPLC_L2_MEDIUM_25_35_S01,vPLC_container,VPLC_HOST,116,,,2026-05-09T18:01:00.178069025Z,,,,host_log,25,35,,,,,,2,128,,technical_check,vplc_status_cycle_duration_not_validated_as_Tper,0.107,100,работает
RUN_20260509_VPLC_L2_MEDIUM_25_35_S01_R02,VPLC_L2_MEDIUM_25_35,SER_20260509_VPLC_L2_MEDIUM_25_35_S01,vPLC_container,VPLC_HOST,117,,,2026-05-09T18:01:01.234625629Z,,,,host_log,25,35,,,,,,2,128,,technical_check,vplc_status_cycle_duration_not_validated_as_Tper,0.085,100,работает
RUN_20260509_VPLC_L2_MEDIUM_25_35_S01_R02,VPLC_L2_MEDIUM_25_35,SER_20260509_VPLC_L2_MEDIUM_25_35_S01,vPLC_container,VPLC_HOST,118,,,2026-05-09T18:01:02.289531027Z,,,,host_log,25,35,,,,,,2,128,,technical_check,vplc_status_cycle_duration_not_validated_as_Tper,0.106,100,работает
RUN_20260509_VPLC_L2_MEDIUM_25_35_S01_R02,VPLC_L2_MEDIUM_25_35,SER_20260509_VPLC_L2_MEDIUM_25_35_S01,vPLC_container,VPLC_HOST,119,,,2026-05-09T18:01:03.344603775Z,,,,host_log,25,35,,,,,,2,128,,technical_check,vplc_status_cycle_duration_not_validated_as_Tper,4.449,100,работает
RUN_20260509_VPLC_L2_MEDIUM_25_35_S01_R02,VPLC_L2_MEDIUM_25_35,SER_20260509_VPLC_L2_MEDIUM_25_35_S01,vPLC_container,VPLC_HOST,120,,,2026-05-09T18:01:04.398699011Z,,,,host_log,25,35,,,,,,2,128,,technical_check,vplc_status_cycle_duration_not_validated_as_Tper,4.999,100,работает
RUN_20260509_VPLC_L2_MEDIUM_25_35_S01_R02,VPLC_L2_MEDIUM_25_35,SER_20260509_VPLC_L2_MEDIUM_25_35_S01,vPLC_container,VPLC_HOST,121,,,2026-05-09T18:01:05.455795878Z,,,,host_log,25,35,,,,,,2,128,,technical_check,vplc_status_cycle_duration_not_validated_as_Tper,0.071,100,работает
RUN_20260509_VPLC_L2_MEDIUM_25_35_S01_R02,VPLC_L2_MEDIUM_25_35,SER_20260509_VPLC_L2_MEDIUM_25_35_S01,vPLC_container,VPLC_HOST,122,,,2026-05-09T18:01:06.507425048Z,,,,host_log,25,35,,,,,,2,128,,technical_check,vplc_status_cycle_duration_not_validated_as_Tper,0.106,100,работает
RUN_20260509_VPLC_L2_MEDIUM_25_35_S01_R02,VPLC_L2_MEDIUM_25_35,SER_20260509_VPLC_L2_MEDIUM_25_35_S01,vPLC_container,VPLC_HOST,123,,,2026-05-09T18:01:07.566453672Z,,,,host_log,25,35,,,,,,2,128,,technical_check,vplc_status_cycle_duration_not_validated_as_Tper,0.108,100,работает
RUN_20260509_VPLC_L2_MEDIUM_25_35_S01_R02,VPLC_L2_MEDIUM_25_35,SER_20260509_VPLC_L2_MEDIUM_25_35_S01,vPLC_container,VPLC_HOST,124,,,2026-05-09T18:01:08.622266564Z,,,,host_log,25,35,,,,,,2,128,,technical_check,vplc_status_cycle_duration_not_validated_as_Tper,0.104,100,работает
RUN_20260509_VPLC_L2_MEDIUM_25_35_S01_R02,VPLC_L2_MEDIUM_25_35,SER_20260509_VPLC_L2_MEDIUM_25_35_S01,vPLC_container,VPLC_HOST,125,,,2026-05-09T18:01:09.677027770Z,,,,host_log,25,35,,,,,,2,128,,technical_check,vplc_status_cycle_duration_not_validated_as_Tper,0.105,100,работает
RUN_20260509_VPLC_L2_MEDIUM_25_35_S01_R02,VPLC_L2_MEDIUM_25_35,SER_20260509_VPLC_L2_MEDIUM_25_35_S01,vPLC_container,VPLC_HOST,126,,,2026-05-09T18:01:10.728585410Z,,,,host_log,25,35,,,,,,2,128,,technical_check,vplc_status_cycle_duration_not_validated_as_Tper,0.086,100,работает
RUN_20260509_VPLC_L2_MEDIUM_25_35_S01_R02,VPLC_L2_MEDIUM_25_35,SER_20260509_VPLC_L2_MEDIUM_25_35_S01,vPLC_container,VPLC_HOST,127,,,2026-05-09T18:01:11.785262635Z,,,,host_log,25,35,,,,,,2,128,,technical_check,vplc_status_cycle_duration_not_validated_as_Tper,0.108,100,работает
RUN_20260509_VPLC_L2_MEDIUM_25_35_S01_R02,VPLC_L2_MEDIUM_25_35,SER_20260509_VPLC_L2_MEDIUM_25_35_S01,vPLC_container,VPLC_HOST,128,,,2026-05-09T18:01:12.842187550Z,,,,host_log,25,35,,,,,,2,128,,technical_check,vplc_status_cycle_duration_not_validated_as_Tper,0.085,100,работает
RUN_20260509_VPLC_L2_MEDIUM_25_35_S01_R02,VPLC_L2_MEDIUM_25_35,SER_20260509_VPLC_L2_MEDIUM_25_35_S01,vPLC_container,VPLC_HOST,129,,,2026-05-09T18:01:13.896218275Z,,,,host_log,25,35,,,,,,2,128,,technical_check,vplc_status_cycle_duration_not_validated_as_Tper,0.106,100,работает
RUN_20260509_VPLC_L2_MEDIUM_25_35_S01_R02,VPLC_L2_MEDIUM_25_35,SER_20260509_VPLC_L2_MEDIUM_25_35_S01,vPLC_container,VPLC_HOST,130,,,2026-05-09T18:01:14.952705217Z,,,,host_log,25,35,,,,,,2,128,,technical_check,vplc_status_cycle_duration_not_validated_as_Tper,0.049,100,работает
RUN_20260509_VPLC_L2_MEDIUM_25_35_S01_R02,VPLC_L2_MEDIUM_25_35,SER_20260509_VPLC_L2_MEDIUM_25_35_S01,vPLC_container,VPLC_HOST,131,,,2026-05-09T18:01:16.006764250Z,,,,host_log,25,35,,,,,,2,128,,technical_check,vplc_status_cycle_duration_not_validated_as_Tper,0.108,100,работает
RUN_20260509_VPLC_L2_MEDIUM_25_35_S01_R02,VPLC_L2_MEDIUM_25_35,SER_20260509_VPLC_L2_MEDIUM_25_35_S01,vPLC_container,VPLC_HOST,132,,,2026-05-09T18:01:17.061606815Z,,,,host_log,25,35,,,,,,2,128,,technical_check,vplc_status_cycle_duration_not_validated_as_Tper,0.106,100,работает
RUN_20260509_VPLC_L2_MEDIUM_25_35_S01_R02,VPLC_L2_MEDIUM_25_35,SER_20260509_VPLC_L2_MEDIUM_25_35_S01,vPLC_container,VPLC_HOST,133,,,2026-05-09T18:01:18.118151200Z,,,,host_log,25,35,,,,,,2,128,,technical_check,vplc_status_cycle_duration_not_validated_as_Tper,0.102,100,работает
RUN_20260509_VPLC_L2_MEDIUM_25_35_S01_R02,VPLC_L2_MEDIUM_25_35,SER_20260509_VPLC_L2_MEDIUM_25_35_S01,vPLC_container,VPLC_HOST,134,,,2026-05-09T18:01:19.174337349Z,,,,host_log,25,35,,,,,,2,128,,technical_check,vplc_status_cycle_duration_not_validated_as_Tper,0.107,100,работает
RUN_20260509_VPLC_L2_MEDIUM_25_35_S01_R02,VPLC_L2_MEDIUM_25_35,SER_20260509_VPLC_L2_MEDIUM_25_35_S01,vPLC_container,VPLC_HOST,135,,,2026-05-09T18:01:20.229060541Z,,,,host_log,25,35,,,,,,2,128,,technical_check,vplc_status_cycle_duration_not_validated_as_Tper,0.109,100,работает
RUN_20260509_VPLC_L2_MEDIUM_25_35_S01_R02,VPLC_L2_MEDIUM_25_35,SER_20260509_VPLC_L2_MEDIUM_25_35_S01,vPLC_container,VPLC_HOST,136,,,2026-05-09T18:01:21.283127542Z,,,,host_log,25,35,,,,,,2,128,,technical_check,vplc_status_cycle_duration_not_validated_as_Tper,0.106,100,работает
RUN_20260509_VPLC_L2_MEDIUM_25_35_S01_R02,VPLC_L2_MEDIUM_25_35,SER_20260509_VPLC_L2_MEDIUM_25_35_S01,vPLC_container,VPLC_HOST,137,,,2026-05-09T18:01:22.338414602Z,,,,host_log,25,35,,,,,,2,128,,technical_check,vplc_status_cycle_duration_not_validated_as_Tper,4.554,100,работает
RUN_20260509_VPLC_L2_MEDIUM_25_35_S01_R02,VPLC_L2_MEDIUM_25_35,SER_20260509_VPLC_L2_MEDIUM_25_35_S01,vPLC_container,VPLC_HOST,138,,,2026-05-09T18:01:23.396126243Z,,,,host_log,25,35,,,,,,2,128,,technical_check,vplc_status_cycle_duration_not_validated_as_Tper,5.075,100,работает
RUN_20260509_VPLC_L2_MEDIUM_25_35_S01_R02,VPLC_L2_MEDIUM_25_35,SER_20260509_VPLC_L2_MEDIUM_25_35_S01,vPLC_container,VPLC_HOST,139,,,2026-05-09T18:01:24.450265599Z,,,,host_log,25,35,,,,,,2,128,,technical_check,vplc_status_cycle_duration_not_validated_as_Tper,0.048,100,работает
RUN_20260509_VPLC_L2_MEDIUM_25_35_S01_R02,VPLC_L2_MEDIUM_25_35,SER_20260509_VPLC_L2_MEDIUM_25_35_S01,vPLC_container,VPLC_HOST,140,,,2026-05-09T18:01:25.505405079Z,,,,host_log,25,35,,,,,,2,128,,technical_check,vplc_status_cycle_duration_not_validated_as_Tper,0.106,100,работает
RUN_20260509_VPLC_L2_MEDIUM_25_35_S01_R02,VPLC_L2_MEDIUM_25_35,SER_20260509_VPLC_L2_MEDIUM_25_35_S01,vPLC_container,VPLC_HOST,141,,,2026-05-09T18:01:26.560859601Z,,,,host_log,25,35,,,,,,2,128,,technical_check,vplc_status_cycle_duration_not_validated_as_Tper,0.106,100,работает
RUN_20260509_VPLC_L2_MEDIUM_25_35_S01_R02,VPLC_L2_MEDIUM_25_35,SER_20260509_VPLC_L2_MEDIUM_25_35_S01,vPLC_container,VPLC_HOST,142,,,2026-05-09T18:01:27.617020362Z,,,,host_log,25,35,,,,,,2,128,,technical_check,vplc_status_cycle_duration_not_validated_as_Tper,0.108,100,работает
RUN_20260509_VPLC_L2_MEDIUM_25_35_S01_R02,VPLC_L2_MEDIUM_25_35,SER_20260509_VPLC_L2_MEDIUM_25_35_S01,vPLC_container,VPLC_HOST,143,,,2026-05-09T18:01:28.672158960Z,,,,host_log,25,35,,,,,,2,128,,technical_check,vplc_status_cycle_duration_not_validated_as_Tper,0.106,100,работает
RUN_20260509_VPLC_L2_MEDIUM_25_35_S01_R02,VPLC_L2_MEDIUM_25_35,SER_20260509_VPLC_L2_MEDIUM_25_35_S01,vPLC_container,VPLC_HOST,144,,,2026-05-09T18:01:29.725730022Z,,,,host_log,25,35,,,,,,2,128,,technical_check,vplc_status_cycle_duration_not_validated_as_Tper,0.086,100,работает
RUN_20260509_VPLC_L2_MEDIUM_25_35_S01_R02,VPLC_L2_MEDIUM_25_35,SER_20260509_VPLC_L2_MEDIUM_25_35_S01,vPLC_container,VPLC_HOST,145,,,2026-05-09T18:01:30.782367543Z,,,,host_log,25,35,,,,,,2,128,,technical_check,vplc_status_cycle_duration_not_validated_as_Tper,0.108,100,работает
RUN_20260509_VPLC_L2_MEDIUM_25_35_S01_R02,VPLC_L2_MEDIUM_25_35,SER_20260509_VPLC_L2_MEDIUM_25_35_S01,vPLC_container,VPLC_HOST,146,,,2026-05-09T18:01:31.834770040Z,,,,host_log,25,35,,,,,,2,128,,technical_check,vplc_status_cycle_duration_not_validated_as_Tper,0.084,100,работает
RUN_20260509_VPLC_L2_MEDIUM_25_35_S01_R02,VPLC_L2_MEDIUM_25_35,SER_20260509_VPLC_L2_MEDIUM_25_35_S01,vPLC_container,VPLC_HOST,147,,,2026-05-09T18:01:32.892699164Z,,,,host_log,25,35,,,,,,2,128,,technical_check,vplc_status_cycle_duration_not_validated_as_Tper,0.107,100,работает
RUN_20260509_VPLC_L2_MEDIUM_25_35_S01_R02,VPLC_L2_MEDIUM_25_35,SER_20260509_VPLC_L2_MEDIUM_25_35_S01,vPLC_container,VPLC_HOST,148,,,2026-05-09T18:01:33.947318238Z,,,,host_log,25,35,,,,,,2,128,,technical_check,vplc_status_cycle_duration_not_validated_as_Tper,0.065,100,работает
RUN_20260509_VPLC_L2_MEDIUM_25_35_S01_R02,VPLC_L2_MEDIUM_25_35,SER_20260509_VPLC_L2_MEDIUM_25_35_S01,vPLC_container,VPLC_HOST,149,,,2026-05-09T18:01:35.004027224Z,,,,host_log,25,35,,,,,,2,128,,technical_check,vplc_status_cycle_duration_not_validated_as_Tper,0.106,100,работает
RUN_20260509_VPLC_L2_MEDIUM_25_35_S01_R02,VPLC_L2_MEDIUM_25_35,SER_20260509_VPLC_L2_MEDIUM_25_35_S01,vPLC_container,VPLC_HOST,150,,,2026-05-09T18:01:36.058588284Z,,,,host_log,25,35,,,,,,2,128,,technical_check,vplc_status_cycle_duration_not_validated_as_Tper,0.090,100,работает
RUN_20260509_VPLC_L2_MEDIUM_25_35_S01_R02,VPLC_L2_MEDIUM_25_35,SER_20260509_VPLC_L2_MEDIUM_25_35_S01,vPLC_container,VPLC_HOST,151,,,2026-05-09T18:01:37.113370346Z,,,,host_log,25,35,,,,,,2,128,,technical_check,vplc_status_cycle_duration_not_validated_as_Tper,0.105,100,работает
RUN_20260509_VPLC_L2_MEDIUM_25_35_S01_R02,VPLC_L2_MEDIUM_25_35,SER_20260509_VPLC_L2_MEDIUM_25_35_S01,vPLC_container,VPLC_HOST,152,,,2026-05-09T18:01:38.168299153Z,,,,host_log,25,35,,,,,,2,128,,technical_check,vplc_status_cycle_duration_not_validated_as_Tper,0.104,100,работает
RUN_20260509_VPLC_L2_MEDIUM_25_35_S01_R02,VPLC_L2_MEDIUM_25_35,SER_20260509_VPLC_L2_MEDIUM_25_35_S01,vPLC_container,VPLC_HOST,153,,,2026-05-09T18:01:39.222568541Z,,,,host_log,25,35,,,,,,2,128,,technical_check,vplc_status_cycle_duration_not_validated_as_Tper,0.106,100,работает
RUN_20260509_VPLC_L2_MEDIUM_25_35_S01_R02,VPLC_L2_MEDIUM_25_35,SER_20260509_VPLC_L2_MEDIUM_25_35_S01,vPLC_container,VPLC_HOST,154,,,2026-05-09T18:01:40.279386176Z,,,,host_log,25,35,,,,,,2,128,,technical_check,vplc_status_cycle_duration_not_validated_as_Tper,0.106,100,работает
RUN_20260509_VPLC_L2_MEDIUM_25_35_S01_R02,VPLC_L2_MEDIUM_25_35,SER_20260509_VPLC_L2_MEDIUM_25_35_S01,vPLC_container,VPLC_HOST,155,,,2026-05-09T18:01:41.335457824Z,,,,host_log,25,35,,,,,,2,128,,technical_check,vplc_status_cycle_duration_not_validated_as_Tper,4.975,100,работает
RUN_20260509_VPLC_L2_MEDIUM_25_35_S01_R02,VPLC_L2_MEDIUM_25_35,SER_20260509_VPLC_L2_MEDIUM_25_35_S01,vPLC_container,VPLC_HOST,156,,,2026-05-09T18:01:42.390514131Z,,,,host_log,25,35,,,,,,2,128,,technical_check,vplc_status_cycle_duration_not_validated_as_Tper,4.998,100,работает
RUN_20260509_VPLC_L2_MEDIUM_25_35_S01_R02,VPLC_L2_MEDIUM_25_35,SER_20260509_VPLC_L2_MEDIUM_25_35_S01,vPLC_container,VPLC_HOST,157,,,2026-05-09T18:01:43.443101800Z,,,,host_log,25,35,,,,,,2,128,,technical_check,vplc_status_cycle_duration_not_validated_as_Tper,0.076,100,работает
RUN_20260509_VPLC_L2_MEDIUM_25_35_S01_R02,VPLC_L2_MEDIUM_25_35,SER_20260509_VPLC_L2_MEDIUM_25_35_S01,vPLC_container,VPLC_HOST,158,,,2026-05-09T18:01:44.498613221Z,,,,host_log,25,35,,,,,,2,128,,technical_check,vplc_status_cycle_duration_not_validated_as_Tper,0.105,100,работает
RUN_20260509_VPLC_L2_MEDIUM_25_35_S01_R02,VPLC_L2_MEDIUM_25_35,SER_20260509_VPLC_L2_MEDIUM_25_35_S01,vPLC_container,VPLC_HOST,159,,,2026-05-09T18:01:45.555987959Z,,,,host_log,25,35,,,,,,2,128,,technical_check,vplc_status_cycle_duration_not_validated_as_Tper,0.074,100,работает
RUN_20260509_VPLC_L2_MEDIUM_25_35_S01_R02,VPLC_L2_MEDIUM_25_35,SER_20260509_VPLC_L2_MEDIUM_25_35_S01,vPLC_container,VPLC_HOST,160,,,2026-05-09T18:01:46.611913608Z,,,,host_log,25,35,,,,,,2,128,,technical_check,vplc_status_cycle_duration_not_validated_as_Tper,0.119,100,работает
RUN_20260509_VPLC_L2_MEDIUM_25_35_S01_R02,VPLC_L2_MEDIUM_25_35,SER_20260509_VPLC_L2_MEDIUM_25_35_S01,vPLC_container,VPLC_HOST,161,,,2026-05-09T18:01:47.665020270Z,,,,host_log,25,35,,,,,,2,128,,technical_check,vplc_status_cycle_duration_not_validated_as_Tper,0.105,100,работает
RUN_20260509_VPLC_L2_MEDIUM_25_35_S01_R02,VPLC_L2_MEDIUM_25_35,SER_20260509_VPLC_L2_MEDIUM_25_35_S01,vPLC_container,VPLC_HOST,162,,,2026-05-09T18:01:48.720707374Z,,,,host_log,25,35,,,,,,2,128,,technical_check,vplc_status_cycle_duration_not_validated_as_Tper,0.106,100,работает
RUN_20260509_VPLC_L2_MEDIUM_25_35_S01_R02,VPLC_L2_MEDIUM_25_35,SER_20260509_VPLC_L2_MEDIUM_25_35_S01,vPLC_container,VPLC_HOST,163,,,2026-05-09T18:01:49.778784483Z,,,,host_log,25,35,,,,,,2,128,,technical_check,vplc_status_cycle_duration_not_validated_as_Tper,0.107,100,работает
RUN_20260509_VPLC_L2_MEDIUM_25_35_S01_R02,VPLC_L2_MEDIUM_25_35,SER_20260509_VPLC_L2_MEDIUM_25_35_S01,vPLC_container,VPLC_HOST,164,,,2026-05-09T18:01:50.834052483Z,,,,host_log,25,35,,,,,,2,128,,technical_check,vplc_status_cycle_duration_not_validated_as_Tper,0.086,100,работает
RUN_20260509_VPLC_L2_MEDIUM_25_35_S01_R02,VPLC_L2_MEDIUM_25_35,SER_20260509_VPLC_L2_MEDIUM_25_35_S01,vPLC_container,VPLC_HOST,165,,,2026-05-09T18:01:51.886240579Z,,,,host_log,25,35,,,,,,2,128,,technical_check,vplc_status_cycle_duration_not_validated_as_Tper,0.106,100,работает
RUN_20260509_VPLC_L2_MEDIUM_25_35_S01_R02,VPLC_L2_MEDIUM_25_35,SER_20260509_VPLC_L2_MEDIUM_25_35_S01,vPLC_container,VPLC_HOST,166,,,2026-05-09T18:01:52.941260914Z,,,,host_log,25,35,,,,,,2,128,,technical_check,vplc_status_cycle_duration_not_validated_as_Tper,0.087,100,работает
RUN_20260509_VPLC_L2_MEDIUM_25_35_S01_R02,VPLC_L2_MEDIUM_25_35,SER_20260509_VPLC_L2_MEDIUM_25_35_S01,vPLC_container,VPLC_HOST,167,,,2026-05-09T18:01:53.997578531Z,,,,host_log,25,35,,,,,,2,128,,technical_check,vplc_status_cycle_duration_not_validated_as_Tper,0.106,100,работает
RUN_20260509_VPLC_L2_MEDIUM_25_35_S01_R02,VPLC_L2_MEDIUM_25_35,SER_20260509_VPLC_L2_MEDIUM_25_35_S01,vPLC_container,VPLC_HOST,168,,,2026-05-09T18:01:55.055262307Z,,,,host_log,25,35,,,,,,2,128,,technical_check,vplc_status_cycle_duration_not_validated_as_Tper,0.074,100,работает
RUN_20260509_VPLC_L2_MEDIUM_25_35_S01_R02,VPLC_L2_MEDIUM_25_35,SER_20260509_VPLC_L2_MEDIUM_25_35_S01,vPLC_container,VPLC_HOST,169,,,2026-05-09T18:01:56.110488969Z,,,,host_log,25,35,,,,,,2,128,,technical_check,vplc_status_cycle_duration_not_validated_as_Tper,0.106,100,работает
RUN_20260509_VPLC_L2_MEDIUM_25_35_S01_R02,VPLC_L2_MEDIUM_25_35,SER_20260509_VPLC_L2_MEDIUM_25_35_S01,vPLC_container,VPLC_HOST,170,,,2026-05-09T18:01:57.161057620Z,,,,host_log,25,35,,,,,,2,128,,technical_check,vplc_status_cycle_duration_not_validated_as_Tper,0.087,100,работает
RUN_20260509_VPLC_L2_MEDIUM_25_35_S01_R02,VPLC_L2_MEDIUM_25_35,SER_20260509_VPLC_L2_MEDIUM_25_35_S01,vPLC_container,VPLC_HOST,171,,,2026-05-09T18:01:58.220066129Z,,,,host_log,25,35,,,,,,2,128,,technical_check,vplc_status_cycle_duration_not_validated_as_Tper,0.109,100,работает
RUN_20260509_VPLC_L2_MEDIUM_25_35_S01_R02,VPLC_L2_MEDIUM_25_35,SER_20260509_VPLC_L2_MEDIUM_25_35_S01,vPLC_container,VPLC_HOST,172,,,2026-05-09T18:01:59.274097965Z,,,,host_log,25,35,,,,,,2,128,,technical_check,vplc_status_cycle_duration_not_validated_as_Tper,0.108,100,работает
RUN_20260509_VPLC_L2_MEDIUM_25_35_S01_R02,VPLC_L2_MEDIUM_25_35,SER_20260509_VPLC_L2_MEDIUM_25_35_S01,vPLC_container,VPLC_HOST,173,,,2026-05-09T18:02:00.331668113Z,,,,host_log,25,35,,,,,,2,128,,technical_check,vplc_status_cycle_duration_not_validated_as_Tper,4.551,100,работает
RUN_20260509_VPLC_L2_MEDIUM_25_35_S01_R02,VPLC_L2_MEDIUM_25_35,SER_20260509_VPLC_L2_MEDIUM_25_35_S01,vPLC_container,VPLC_HOST,174,,,2026-05-09T18:02:01.383050823Z,,,,host_log,25,35,,,,,,2,128,,technical_check,vplc_status_cycle_duration_not_validated_as_Tper,4.792,100,работает
RUN_20260509_VPLC_L2_MEDIUM_25_35_S01_R02,VPLC_L2_MEDIUM_25_35,SER_20260509_VPLC_L2_MEDIUM_25_35_S01,vPLC_container,VPLC_HOST,175,,,2026-05-09T18:02:02.439388391Z,,,,host_log,25,35,,,,,,2,128,,technical_check,vplc_status_cycle_duration_not_validated_as_Tper,0.085,100,работает
RUN_20260509_VPLC_L2_MEDIUM_25_35_S01_R02,VPLC_L2_MEDIUM_25_35,SER_20260509_VPLC_L2_MEDIUM_25_35_S01,vPLC_container,VPLC_HOST,176,,,2026-05-09T18:02:03.496842760Z,,,,host_log,25,35,,,,,,2,128,,technical_check,vplc_status_cycle_duration_not_validated_as_Tper,0.108,100,работает
RUN_20260509_VPLC_L2_MEDIUM_25_35_S01_R02,VPLC_L2_MEDIUM_25_35,SER_20260509_VPLC_L2_MEDIUM_25_35_S01,vPLC_container,VPLC_HOST,177,,,2026-05-09T18:02:04.552475537Z,,,,host_log,25,35,,,,,,2,128,,technical_check,vplc_status_cycle_duration_not_validated_as_Tper,0.051,100,работает
RUN_20260509_VPLC_L2_MEDIUM_25_35_S01_R02,VPLC_L2_MEDIUM_25_35,SER_20260509_VPLC_L2_MEDIUM_25_35_S01,vPLC_container,VPLC_HOST,178,,,2026-05-09T18:02:05.606915564Z,,,,host_log,25,35,,,,,,2,128,,technical_check,vplc_status_cycle_duration_not_validated_as_Tper,0.107,100,работает
RUN_20260509_VPLC_L2_MEDIUM_25_35_S01_R02,VPLC_L2_MEDIUM_25_35,SER_20260509_VPLC_L2_MEDIUM_25_35_S01,vPLC_container,VPLC_HOST,179,,,2026-05-09T18:02:06.661916362Z,,,,host_log,25,35,,,,,,2,128,,technical_check,vplc_status_cycle_duration_not_validated_as_Tper,0.105,100,работает
RUN_20260509_VPLC_L2_MEDIUM_25_35_S01_R02,VPLC_L2_MEDIUM_25_35,SER_20260509_VPLC_L2_MEDIUM_25_35_S01,vPLC_container,VPLC_HOST,180,,,2026-05-09T18:02:07.715831523Z,,,,host_log,25,35,,,,,,2,128,,technical_check,vplc_status_cycle_duration_not_validated_as_Tper,0.107,100,работает
RUN_20260509_VPLC_L2_MEDIUM_25_35_S01_R02,VPLC_L2_MEDIUM_25_35,SER_20260509_VPLC_L2_MEDIUM_25_35_S01,vPLC_container,VPLC_HOST,181,,,2026-05-09T18:02:08.771548567Z,,,,host_log,25,35,,,,,,2,128,,technical_check,vplc_status_cycle_duration_not_validated_as_Tper,0.107,100,работает
RUN_20260509_VPLC_L2_MEDIUM_25_35_S01_R02,VPLC_L2_MEDIUM_25_35,SER_20260509_VPLC_L2_MEDIUM_25_35_S01,vPLC_container,VPLC_HOST,182,,,2026-05-09T18:02:09.827985782Z,,,,host_log,25,35,,,,,,2,128,,technical_check,vplc_status_cycle_duration_not_validated_as_Tper,0.086,100,работает
RUN_20260509_VPLC_L2_MEDIUM_25_35_S01_R02,VPLC_L2_MEDIUM_25_35,SER_20260509_VPLC_L2_MEDIUM_25_35_S01,vPLC_container,VPLC_HOST,183,,,2026-05-09T18:02:10.883623605Z,,,,host_log,25,35,,,,,,2,128,,technical_check,vplc_status_cycle_duration_not_validated_as_Tper,0.105,100,работает
RUN_20260509_VPLC_L2_MEDIUM_25_35_S01_R02,VPLC_L2_MEDIUM_25_35,SER_20260509_VPLC_L2_MEDIUM_25_35_S01,vPLC_container,VPLC_HOST,184,,,2026-05-09T18:02:11.940438628Z,,,,host_log,25,35,,,,,,2,128,,technical_check,vplc_status_cycle_duration_not_validated_as_Tper,0.086,100,работает
RUN_20260509_VPLC_L2_MEDIUM_25_35_S01_R02,VPLC_L2_MEDIUM_25_35,SER_20260509_VPLC_L2_MEDIUM_25_35_S01,vPLC_container,VPLC_HOST,185,,,2026-05-09T18:02:12.992504115Z,,,,host_log,25,35,,,,,,2,128,,technical_check,vplc_status_cycle_duration_not_validated_as_Tper,0.107,100,работает
RUN_20260509_VPLC_L2_MEDIUM_25_35_S01_R02,VPLC_L2_MEDIUM_25_35,SER_20260509_VPLC_L2_MEDIUM_25_35_S01,vPLC_container,VPLC_HOST,186,,,2026-05-09T18:02:14.050739353Z,,,,host_log,25,35,,,,,,2,128,,technical_check,vplc_status_cycle_duration_not_validated_as_Tper,0.048,100,работает
RUN_20260509_VPLC_L2_MEDIUM_25_35_S01_R02,VPLC_L2_MEDIUM_25_35,SER_20260509_VPLC_L2_MEDIUM_25_35_S01,vPLC_container,VPLC_HOST,187,,,2026-05-09T18:02:15.105635000Z,,,,host_log,25,35,,,,,,2,128,,technical_check,vplc_status_cycle_duration_not_validated_as_Tper,0.103,100,работает
RUN_20260509_VPLC_L2_MEDIUM_25_35_S01_R02,VPLC_L2_MEDIUM_25_35,SER_20260509_VPLC_L2_MEDIUM_25_35_S01,vPLC_container,VPLC_HOST,188,,,2026-05-09T18:02:16.161957715Z,,,,host_log,25,35,,,,,,2,128,,technical_check,vplc_status_cycle_duration_not_validated_as_Tper,0.107,100,работает
RUN_20260509_VPLC_L2_MEDIUM_25_35_S01_R02,VPLC_L2_MEDIUM_25_35,SER_20260509_VPLC_L2_MEDIUM_25_35_S01,vPLC_container,VPLC_HOST,189,,,2026-05-09T18:02:17.216989390Z,,,,host_log,25,35,,,,,,2,128,,technical_check,vplc_status_cycle_duration_not_validated_as_Tper,0.107,100,работает
RUN_20260509_VPLC_L2_MEDIUM_25_35_S01_R02,VPLC_L2_MEDIUM_25_35,SER_20260509_VPLC_L2_MEDIUM_25_35_S01,vPLC_container,VPLC_HOST,190,,,2026-05-09T18:02:18.272570967Z,,,,host_log,25,35,,,,,,2,128,,technical_check,vplc_status_cycle_duration_not_validated_as_Tper,0.106,100,работает
RUN_20260509_VPLC_L2_MEDIUM_25_35_S01_R02,VPLC_L2_MEDIUM_25_35,SER_20260509_VPLC_L2_MEDIUM_25_35_S01,vPLC_container,VPLC_HOST,191,,,2026-05-09T18:02:19.322367506Z,,,,host_log,25,35,,,,,,2,128,,technical_check,vplc_status_cycle_duration_not_validated_as_Tper,4.596,100,работает
RUN_20260509_VPLC_L2_MEDIUM_25_35_S01_R02,VPLC_L2_MEDIUM_25_35,SER_20260509_VPLC_L2_MEDIUM_25_35_S01,vPLC_container,VPLC_HOST,192,,,2026-05-09T18:02:20.382084720Z,,,,host_log,25,35,,,,,,2,128,,technical_check,vplc_status_cycle_duration_not_validated_as_Tper,4.784,100,работает
RUN_20260509_VPLC_L2_MEDIUM_25_35_S01_R02,VPLC_L2_MEDIUM_25_35,SER_20260509_VPLC_L2_MEDIUM_25_35_S01,vPLC_container,VPLC_HOST,193,,,2026-05-09T18:02:21.437652232Z,,,,host_log,25,35,,,,,,2,128,,technical_check,vplc_status_cycle_duration_not_validated_as_Tper,0.086,100,работает
RUN_20260509_VPLC_L2_MEDIUM_25_35_S01_R02,VPLC_L2_MEDIUM_25_35,SER_20260509_VPLC_L2_MEDIUM_25_35_S01,vPLC_container,VPLC_HOST,194,,,2026-05-09T18:02:22.492499266Z,,,,host_log,25,35,,,,,,2,128,,technical_check,vplc_status_cycle_duration_not_validated_as_Tper,0.106,100,работает
RUN_20260509_VPLC_L2_MEDIUM_25_35_S01_R02,VPLC_L2_MEDIUM_25_35,SER_20260509_VPLC_L2_MEDIUM_25_35_S01,vPLC_container,VPLC_HOST,195,,,2026-05-09T18:02:23.546297995Z,,,,host_log,25,35,,,,,,2,128,,technical_check,vplc_status_cycle_duration_not_validated_as_Tper,0.058,100,работает
RUN_20260509_VPLC_L2_MEDIUM_25_35_S01_R02,VPLC_L2_MEDIUM_25_35,SER_20260509_VPLC_L2_MEDIUM_25_35_S01,vPLC_container,VPLC_HOST,196,,,2026-05-09T18:02:24.603843690Z,,,,host_log,25,35,,,,,,2,128,,technical_check,vplc_status_cycle_duration_not_validated_as_Tper,0.106,100,работает
RUN_20260509_VPLC_L2_MEDIUM_25_35_S01_R02,VPLC_L2_MEDIUM_25_35,SER_20260509_VPLC_L2_MEDIUM_25_35_S01,vPLC_container,VPLC_HOST,197,,,2026-05-09T18:02:25.657315723Z,,,,host_log,25,35,,,,,,2,128,,technical_check,vplc_status_cycle_duration_not_validated_as_Tper,0.076,100,работает
RUN_20260509_VPLC_L2_MEDIUM_25_35_S01_R02,VPLC_L2_MEDIUM_25_35,SER_20260509_VPLC_L2_MEDIUM_25_35_S01,vPLC_container,VPLC_HOST,198,,,2026-05-09T18:02:26.715023842Z,,,,host_log,25,35,,,,,,2,128,,technical_check,vplc_status_cycle_duration_not_validated_as_Tper,0.105,100,работает
RUN_20260509_VPLC_L2_MEDIUM_25_35_S01_R02,VPLC_L2_MEDIUM_25_35,SER_20260509_VPLC_L2_MEDIUM_25_35_S01,vPLC_container,VPLC_HOST,199,,,2026-05-09T18:02:27.770931254Z,,,,host_log,25,35,,,,,,2,128,,technical_check,vplc_status_cycle_duration_not_validated_as_Tper,0.109,100,работает
RUN_20260509_VPLC_L2_MEDIUM_25_35_S01_R02,VPLC_L2_MEDIUM_25_35,SER_20260509_VPLC_L2_MEDIUM_25_35_S01,vPLC_container,VPLC_HOST,200,,,2026-05-09T18:02:28.825515290Z,,,,host_log,25,35,,,,,,2,128,,technical_check,vplc_status_cycle_duration_not_validated_as_Tper,0.108,100,работает
RUN_20260509_VPLC_L2_MEDIUM_25_35_S01_R02,VPLC_L2_MEDIUM_25_35,SER_20260509_VPLC_L2_MEDIUM_25_35_S01,vPLC_container,VPLC_HOST,201,,,2026-05-09T18:02:29.877127996Z,,,,host_log,25,35,,,,,,2,128,,technical_check,vplc_status_cycle_duration_not_validated_as_Tper,0.106,100,работает
RUN_20260509_VPLC_L2_MEDIUM_25_35_S01_R02,VPLC_L2_MEDIUM_25_35,SER_20260509_VPLC_L2_MEDIUM_25_35_S01,vPLC_container,VPLC_HOST,202,,,2026-05-09T18:02:30.936796355Z,,,,host_log,25,35,,,,,,2,128,,technical_check,vplc_status_cycle_duration_not_validated_as_Tper,0.087,100,работает
RUN_20260509_VPLC_L2_MEDIUM_25_35_S01_R02,VPLC_L2_MEDIUM_25_35,SER_20260509_VPLC_L2_MEDIUM_25_35_S01,vPLC_container,VPLC_HOST,203,,,2026-05-09T18:02:31.991023112Z,,,,host_log,25,35,,,,,,2,128,,technical_check,vplc_status_cycle_duration_not_validated_as_Tper,0.105,100,работает
RUN_20260509_VPLC_L2_MEDIUM_25_35_S01_R02,VPLC_L2_MEDIUM_25_35,SER_20260509_VPLC_L2_MEDIUM_25_35_S01,vPLC_container,VPLC_HOST,204,,,2026-05-09T18:02:33.043751927Z,,,,host_log,25,35,,,,,,2,128,,technical_check,vplc_status_cycle_duration_not_validated_as_Tper,0.068,100,работает
RUN_20260509_VPLC_L2_MEDIUM_25_35_S01_R02,VPLC_L2_MEDIUM_25_35,SER_20260509_VPLC_L2_MEDIUM_25_35_S01,vPLC_container,VPLC_HOST,205,,,2026-05-09T18:02:34.100476835Z,,,,host_log,25,35,,,,,,2,128,,technical_check,vplc_status_cycle_duration_not_validated_as_Tper,0.107,100,работает
RUN_20260509_VPLC_L2_MEDIUM_25_35_S01_R02,VPLC_L2_MEDIUM_25_35,SER_20260509_VPLC_L2_MEDIUM_25_35_S01,vPLC_container,VPLC_HOST,206,,,2026-05-09T18:02:35.158246224Z,,,,host_log,25,35,,,,,,2,128,,technical_check,vplc_status_cycle_duration_not_validated_as_Tper,0.089,100,работает
RUN_20260509_VPLC_L2_MEDIUM_25_35_S01_R02,VPLC_L2_MEDIUM_25_35,SER_20260509_VPLC_L2_MEDIUM_25_35_S01,vPLC_container,VPLC_HOST,207,,,2026-05-09T18:02:36.207943291Z,,,,host_log,25,35,,,,,,2,128,,technical_check,vplc_status_cycle_duration_not_validated_as_Tper,0.108,100,работает
RUN_20260509_VPLC_L2_MEDIUM_25_35_S01_R02,VPLC_L2_MEDIUM_25_35,SER_20260509_VPLC_L2_MEDIUM_25_35_S01,vPLC_container,VPLC_HOST,208,,,2026-05-09T18:02:37.265834277Z,,,,host_log,25,35,,,,,,2,128,,technical_check,vplc_status_cycle_duration_not_validated_as_Tper,0.105,100,работает
RUN_20260509_VPLC_L2_MEDIUM_25_35_S01_R02,VPLC_L2_MEDIUM_25_35,SER_20260509_VPLC_L2_MEDIUM_25_35_S01,vPLC_container,VPLC_HOST,209,,,2026-05-09T18:02:38.322725639Z,,,,host_log,25,35,,,,,,2,128,,technical_check,vplc_status_cycle_duration_not_validated_as_Tper,0.106,100,работает
RUN_20260509_VPLC_L2_MEDIUM_25_35_S01_R02,VPLC_L2_MEDIUM_25_35,SER_20260509_VPLC_L2_MEDIUM_25_35_S01,vPLC_container,VPLC_HOST,210,,,2026-05-09T18:02:39.378269337Z,,,,host_log,25,35,,,,,,2,128,,technical_check,vplc_status_cycle_duration_not_validated_as_Tper,4.712,100,работает
RUN_20260509_VPLC_L2_MEDIUM_25_35_S01_R02,VPLC_L2_MEDIUM_25_35,SER_20260509_VPLC_L2_MEDIUM_25_35_S01,vPLC_container,VPLC_HOST,211,,,2026-05-09T18:02:40.429923883Z,,,,host_log,25,35,,,,,,2,128,,technical_check,vplc_status_cycle_duration_not_validated_as_Tper,0.085,100,работает
RUN_20260509_VPLC_L2_MEDIUM_25_35_S01_R02,VPLC_L2_MEDIUM_25_35,SER_20260509_VPLC_L2_MEDIUM_25_35_S01,vPLC_container,VPLC_HOST,212,,,2026-05-09T18:02:41.486962513Z,,,,host_log,25,35,,,,,,2,128,,technical_check,vplc_status_cycle_duration_not_validated_as_Tper,0.106,100,работает
RUN_20260509_VPLC_L2_MEDIUM_25_35_S01_R02,VPLC_L2_MEDIUM_25_35,SER_20260509_VPLC_L2_MEDIUM_25_35_S01,vPLC_container,VPLC_HOST,213,,,2026-05-09T18:02:42.542136086Z,,,,host_log,25,35,,,,,,2,128,,technical_check,vplc_status_cycle_duration_not_validated_as_Tper,0.085,100,работает
RUN_20260509_VPLC_L2_MEDIUM_25_35_S01_R02,VPLC_L2_MEDIUM_25_35,SER_20260509_VPLC_L2_MEDIUM_25_35_S01,vPLC_container,VPLC_HOST,214,,,2026-05-09T18:02:43.599408770Z,,,,host_log,25,35,,,,,,2,128,,technical_check,vplc_status_cycle_duration_not_validated_as_Tper,0.107,100,работает
RUN_20260509_VPLC_L2_MEDIUM_25_35_S01_R02,VPLC_L2_MEDIUM_25_35,SER_20260509_VPLC_L2_MEDIUM_25_35_S01,vPLC_container,VPLC_HOST,215,,,2026-05-09T18:02:44.654695565Z,,,,host_log,25,35,,,,,,2,128,,technical_check,vplc_status_cycle_duration_not_validated_as_Tper,0.073,100,работает
RUN_20260509_VPLC_L2_MEDIUM_25_35_S01_R02,VPLC_L2_MEDIUM_25_35,SER_20260509_VPLC_L2_MEDIUM_25_35_S01,vPLC_container,VPLC_HOST,216,,,2026-05-09T18:02:45.709925674Z,,,,host_log,25,35,,,,,,2,128,,technical_check,vplc_status_cycle_duration_not_validated_as_Tper,0.106,100,работает
RUN_20260509_VPLC_L2_MEDIUM_25_35_S01_R02,VPLC_L2_MEDIUM_25_35,SER_20260509_VPLC_L2_MEDIUM_25_35_S01,vPLC_container,VPLC_HOST,217,,,2026-05-09T18:02:46.763178043Z,,,,host_log,25,35,,,,,,2,128,,technical_check,vplc_status_cycle_duration_not_validated_as_Tper,0.107,100,работает
RUN_20260509_VPLC_L2_MEDIUM_25_35_S01_R02,VPLC_L2_MEDIUM_25_35,SER_20260509_VPLC_L2_MEDIUM_25_35_S01,vPLC_container,VPLC_HOST,218,,,2026-05-09T18:02:47.821671672Z,,,,host_log,25,35,,,,,,2,128,,technical_check,vplc_status_cycle_duration_not_validated_as_Tper,0.108,100,работает
RUN_20260509_VPLC_L2_MEDIUM_25_35_S01_R02,VPLC_L2_MEDIUM_25_35,SER_20260509_VPLC_L2_MEDIUM_25_35_S01,vPLC_container,VPLC_HOST,219,,,2026-05-09T18:02:48.876689608Z,,,,host_log,25,35,,,,,,2,128,,technical_check,vplc_status_cycle_duration_not_validated_as_Tper,0.106,100,работает
RUN_20260509_VPLC_L2_MEDIUM_25_35_S01_R02,VPLC_L2_MEDIUM_25_35,SER_20260509_VPLC_L2_MEDIUM_25_35_S01,vPLC_container,VPLC_HOST,220,,,2026-05-09T18:02:49.930214917Z,,,,host_log,25,35,,,,,,2,128,,technical_check,vplc_status_cycle_duration_not_validated_as_Tper,0.087,100,работает
RUN_20260509_VPLC_L2_MEDIUM_25_35_S01_R02,VPLC_L2_MEDIUM_25_35,SER_20260509_VPLC_L2_MEDIUM_25_35_S01,vPLC_container,VPLC_HOST,221,,,2026-05-09T18:02:50.985111226Z,,,,host_log,25,35,,,,,,2,128,,technical_check,vplc_status_cycle_duration_not_validated_as_Tper,0.107,100,работает
RUN_20260509_VPLC_L2_MEDIUM_25_35_S01_R02,VPLC_L2_MEDIUM_25_35,SER_20260509_VPLC_L2_MEDIUM_25_35_S01,vPLC_container,VPLC_HOST,222,,,2026-05-09T18:02:52.040855422Z,,,,host_log,25,35,,,,,,2,128,,technical_check,vplc_status_cycle_duration_not_validated_as_Tper,0.085,100,работает
RUN_20260509_VPLC_L2_MEDIUM_25_35_S01_R02,VPLC_L2_MEDIUM_25_35,SER_20260509_VPLC_L2_MEDIUM_25_35_S01,vPLC_container,VPLC_HOST,223,,,2026-05-09T18:02:53.097153968Z,,,,host_log,25,35,,,,,,2,128,,technical_check,vplc_status_cycle_duration_not_validated_as_Tper,0.105,100,работает
RUN_20260509_VPLC_L2_MEDIUM_25_35_S01_R02,VPLC_L2_MEDIUM_25_35,SER_20260509_VPLC_L2_MEDIUM_25_35_S01,vPLC_container,VPLC_HOST,224,,,2026-05-09T18:02:54.149551388Z,,,,host_log,25,35,,,,,,2,128,,technical_check,vplc_status_cycle_duration_not_validated_as_Tper,0.052,100,работает
RUN_20260509_VPLC_L2_MEDIUM_25_35_S01_R02,VPLC_L2_MEDIUM_25_35,SER_20260509_VPLC_L2_MEDIUM_25_35_S01,vPLC_container,VPLC_HOST,225,,,2026-05-09T18:02:55.206609843Z,,,,host_log,25,35,,,,,,2,128,,technical_check,vplc_status_cycle_duration_not_validated_as_Tper,0.105,100,работает
RUN_20260509_VPLC_L2_MEDIUM_25_35_S01_R02,VPLC_L2_MEDIUM_25_35,SER_20260509_VPLC_L2_MEDIUM_25_35_S01,vPLC_container,VPLC_HOST,226,,,2026-05-09T18:02:56.263745212Z,,,,host_log,25,35,,,,,,2,128,,technical_check,vplc_status_cycle_duration_not_validated_as_Tper,0.106,100,работает
RUN_20260509_VPLC_L2_MEDIUM_25_35_S01_R02,VPLC_L2_MEDIUM_25_35,SER_20260509_VPLC_L2_MEDIUM_25_35_S01,vPLC_container,VPLC_HOST,227,,,2026-05-09T18:02:57.318646569Z,,,,host_log,25,35,,,,,,2,128,,technical_check,vplc_status_cycle_duration_not_validated_as_Tper,0.106,100,работает
RUN_20260509_VPLC_L2_MEDIUM_25_35_S01_R02,VPLC_L2_MEDIUM_25_35,SER_20260509_VPLC_L2_MEDIUM_25_35_S01,vPLC_container,VPLC_HOST,228,,,2026-05-09T18:02:58.372120230Z,,,,host_log,25,35,,,,,,2,128,,technical_check,vplc_status_cycle_duration_not_validated_as_Tper,4.639,100,работает
RUN_20260509_VPLC_L2_MEDIUM_25_35_S01_R02,VPLC_L2_MEDIUM_25_35,SER_20260509_VPLC_L2_MEDIUM_25_35_S01,vPLC_container,VPLC_HOST,229,,,2026-05-09T18:02:59.427639615Z,,,,host_log,25,35,,,,,,2,128,,technical_check,vplc_status_cycle_duration_not_validated_as_Tper,0.087,100,работает
RUN_20260509_VPLC_L2_MEDIUM_25_35_S01_R02,VPLC_L2_MEDIUM_25_35,SER_20260509_VPLC_L2_MEDIUM_25_35_S01,vPLC_container,VPLC_HOST,230,,,2026-05-09T18:03:00.485311315Z,,,,host_log,25,35,,,,,,2,128,,technical_check,vplc_status_cycle_duration_not_validated_as_Tper,0.106,100,работает
RUN_20260509_VPLC_L2_MEDIUM_25_35_S01_R02,VPLC_L2_MEDIUM_25_35,SER_20260509_VPLC_L2_MEDIUM_25_35_S01,vPLC_container,VPLC_HOST,231,,,2026-05-09T18:03:01.539860865Z,,,,host_log,25,35,,,,,,2,128,,technical_check,vplc_status_cycle_duration_not_validated_as_Tper,0.086,100,работает
RUN_20260509_VPLC_L2_MEDIUM_25_35_S01_R02,VPLC_L2_MEDIUM_25_35,SER_20260509_VPLC_L2_MEDIUM_25_35_S01,vPLC_container,VPLC_HOST,232,,,2026-05-09T18:03:02.594598794Z,,,,host_log,25,35,,,,,,2,128,,technical_check,vplc_status_cycle_duration_not_validated_as_Tper,0.108,100,работает
RUN_20260509_VPLC_L2_MEDIUM_25_35_S01_R02,VPLC_L2_MEDIUM_25_35,SER_20260509_VPLC_L2_MEDIUM_25_35_S01,vPLC_container,VPLC_HOST,233,,,2026-05-09T18:03:03.649758319Z,,,,host_log,25,35,,,,,,2,128,,technical_check,vplc_status_cycle_duration_not_validated_as_Tper,0.054,100,работает
RUN_20260509_VPLC_L2_MEDIUM_25_35_S01_R02,VPLC_L2_MEDIUM_25_35,SER_20260509_VPLC_L2_MEDIUM_25_35_S01,vPLC_container,VPLC_HOST,234,,,2026-05-09T18:03:04.703280864Z,,,,host_log,25,35,,,,,,2,128,,technical_check,vplc_status_cycle_duration_not_validated_as_Tper,0.107,100,работает
RUN_20260509_VPLC_L2_MEDIUM_25_35_S01_R02,VPLC_L2_MEDIUM_25_35,SER_20260509_VPLC_L2_MEDIUM_25_35_S01,vPLC_container,VPLC_HOST,235,,,2026-05-09T18:03:05.760532598Z,,,,host_log,25,35,,,,,,2,128,,technical_check,vplc_status_cycle_duration_not_validated_as_Tper,0.105,100,работает
RUN_20260509_VPLC_L2_MEDIUM_25_35_S01_R02,VPLC_L2_MEDIUM_25_35,SER_20260509_VPLC_L2_MEDIUM_25_35_S01,vPLC_container,VPLC_HOST,236,,,2026-05-09T18:03:06.814044757Z,,,,host_log,25,35,,,,,,2,128,,technical_check,vplc_status_cycle_duration_not_validated_as_Tper,0.106,100,работает
RUN_20260509_VPLC_L2_MEDIUM_25_35_S01_R02,VPLC_L2_MEDIUM_25_35,SER_20260509_VPLC_L2_MEDIUM_25_35_S01,vPLC_container,VPLC_HOST,237,,,2026-05-09T18:03:07.867832845Z,,,,host_log,25,35,,,,,,2,128,,technical_check,vplc_status_cycle_duration_not_validated_as_Tper,0.106,100,работает
RUN_20260509_VPLC_L2_MEDIUM_25_35_S01_R02,VPLC_L2_MEDIUM_25_35,SER_20260509_VPLC_L2_MEDIUM_25_35_S01,vPLC_container,VPLC_HOST,238,,,2026-05-09T18:03:08.927718750Z,,,,host_log,25,35,,,,,,2,128,,technical_check,vplc_status_cycle_duration_not_validated_as_Tper,0.104,100,работает
RUN_20260509_VPLC_L2_MEDIUM_25_35_S01_R02,VPLC_L2_MEDIUM_25_35,SER_20260509_VPLC_L2_MEDIUM_25_35_S01,vPLC_container,VPLC_HOST,239,,,2026-05-09T18:03:09.980263740Z,,,,host_log,25,35,,,,,,2,128,,technical_check,vplc_status_cycle_duration_not_validated_as_Tper,0.107,100,работает
RUN_20260509_VPLC_L2_MEDIUM_25_35_S01_R02,VPLC_L2_MEDIUM_25_35,SER_20260509_VPLC_L2_MEDIUM_25_35_S01,vPLC_container,VPLC_HOST,240,,,2026-05-09T18:03:11.038612015Z,,,,host_log,25,35,,,,,,2,128,,technical_check,vplc_status_cycle_duration_not_validated_as_Tper,0.086,100,работает
RUN_20260509_VPLC_L2_MEDIUM_25_35_S01_R02,VPLC_L2_MEDIUM_25_35,SER_20260509_VPLC_L2_MEDIUM_25_35_S01,vPLC_container,VPLC_HOST,241,,,2026-05-09T18:03:12.092142833Z,,,,host_log,25,35,,,,,,2,128,,technical_check,vplc_status_cycle_duration_not_validated_as_Tper,0.108,100,работает
RUN_20260509_VPLC_L2_MEDIUM_25_35_S01_R02,VPLC_L2_MEDIUM_25_35,SER_20260509_VPLC_L2_MEDIUM_25_35_S01,vPLC_container,VPLC_HOST,242,,,2026-05-09T18:03:13.147917960Z,,,,host_log,25,35,,,,,,2,128,,technical_check,vplc_status_cycle_duration_not_validated_as_Tper,0.057,100,работает
RUN_20260509_VPLC_L2_MEDIUM_25_35_S01_R02,VPLC_L2_MEDIUM_25_35,SER_20260509_VPLC_L2_MEDIUM_25_35_S01,vPLC_container,VPLC_HOST,243,,,2026-05-09T18:03:14.203509801Z,,,,host_log,25,35,,,,,,2,128,,technical_check,vplc_status_cycle_duration_not_validated_as_Tper,0.106,100,работает
RUN_20260509_VPLC_L2_MEDIUM_25_35_S01_R02,VPLC_L2_MEDIUM_25_35,SER_20260509_VPLC_L2_MEDIUM_25_35_S01,vPLC_container,VPLC_HOST,244,,,2026-05-09T18:03:15.260079798Z,,,,host_log,25,35,,,,,,2,128,,technical_check,vplc_status_cycle_duration_not_validated_as_Tper,0.099,100,работает
RUN_20260509_VPLC_L2_MEDIUM_25_35_S01_R02,VPLC_L2_MEDIUM_25_35,SER_20260509_VPLC_L2_MEDIUM_25_35_S01,vPLC_container,VPLC_HOST,245,,,2026-05-09T18:03:16.313598493Z,,,,host_log,25,35,,,,,,2,128,,technical_check,vplc_status_cycle_duration_not_validated_as_Tper,0.110,100,работает
RUN_20260509_VPLC_L2_MEDIUM_25_35_S01_R02,VPLC_L2_MEDIUM_25_35,SER_20260509_VPLC_L2_MEDIUM_25_35_S01,vPLC_container,VPLC_HOST,246,,,2026-05-09T18:03:17.370103774Z,,,,host_log,25,35,,,,,,2,128,,technical_check,vplc_status_cycle_duration_not_validated_as_Tper,4.755,100,работает
RUN_20260509_VPLC_L2_MEDIUM_25_35_S01_R02,VPLC_L2_MEDIUM_25_35,SER_20260509_VPLC_L2_MEDIUM_25_35_S01,vPLC_container,VPLC_HOST,247,,,2026-05-09T18:03:18.425041873Z,,,,host_log,25,35,,,,,,2,128,,technical_check,vplc_status_cycle_duration_not_validated_as_Tper,0.086,100,работает
RUN_20260509_VPLC_L2_MEDIUM_25_35_S01_R02,VPLC_L2_MEDIUM_25_35,SER_20260509_VPLC_L2_MEDIUM_25_35_S01,vPLC_container,VPLC_HOST,248,,,2026-05-09T18:03:19.478617544Z,,,,host_log,25,35,,,,,,2,128,,technical_check,vplc_status_cycle_duration_not_validated_as_Tper,0.104,100,работает
RUN_20260509_VPLC_L2_MEDIUM_25_35_S01_R02,VPLC_L2_MEDIUM_25_35,SER_20260509_VPLC_L2_MEDIUM_25_35_S01,vPLC_container,VPLC_HOST,249,,,2026-05-09T18:03:20.535853167Z,,,,host_log,25,35,,,,,,2,128,,technical_check,vplc_status_cycle_duration_not_validated_as_Tper,0.087,100,работает
RUN_20260509_VPLC_L2_MEDIUM_25_35_S01_R02,VPLC_L2_MEDIUM_25_35,SER_20260509_VPLC_L2_MEDIUM_25_35_S01,vPLC_container,VPLC_HOST,250,,,2026-05-09T18:03:21.591545469Z,,,,host_log,25,35,,,,,,2,128,,technical_check,vplc_status_cycle_duration_not_validated_as_Tper,0.107,100,работает
RUN_20260509_VPLC_L2_MEDIUM_25_35_S01_R02,VPLC_L2_MEDIUM_25_35,SER_20260509_VPLC_L2_MEDIUM_25_35_S01,vPLC_container,VPLC_HOST,251,,,2026-05-09T18:03:22.643361278Z,,,,host_log,25,35,,,,,,2,128,,technical_check,vplc_status_cycle_duration_not_validated_as_Tper,0.076,100,работает
RUN_20260509_VPLC_L2_MEDIUM_25_35_S01_R02,VPLC_L2_MEDIUM_25_35,SER_20260509_VPLC_L2_MEDIUM_25_35_S01,vPLC_container,VPLC_HOST,252,,,2026-05-09T18:03:23.701296272Z,,,,host_log,25,35,,,,,,2,128,,technical_check,vplc_status_cycle_duration_not_validated_as_Tper,0.105,100,работает
RUN_20260509_VPLC_L2_MEDIUM_25_35_S01_R02,VPLC_L2_MEDIUM_25_35,SER_20260509_VPLC_L2_MEDIUM_25_35_S01,vPLC_container,VPLC_HOST,253,,,2026-05-09T18:03:24.757649163Z,,,,host_log,25,35,,,,,,2,128,,technical_check,vplc_status_cycle_duration_not_validated_as_Tper,0.090,100,работает
RUN_20260509_VPLC_L2_MEDIUM_25_35_S01_R02,VPLC_L2_MEDIUM_25_35,SER_20260509_VPLC_L2_MEDIUM_25_35_S01,vPLC_container,VPLC_HOST,254,,,2026-05-09T18:03:25.811926410Z,,,,host_log,25,35,,,,,,2,128,,technical_check,vplc_status_cycle_duration_not_validated_as_Tper,0.107,100,работает
RUN_20260509_VPLC_L2_MEDIUM_25_35_S01_R02,VPLC_L2_MEDIUM_25_35,SER_20260509_VPLC_L2_MEDIUM_25_35_S01,vPLC_container,VPLC_HOST,255,,,2026-05-09T18:03:26.868922128Z,,,,host_log,25,35,,,,,,2,128,,technical_check,vplc_status_cycle_duration_not_validated_as_Tper,0.106,100,работает
RUN_20260509_VPLC_L2_MEDIUM_25_35_S01_R02,VPLC_L2_MEDIUM_25_35,SER_20260509_VPLC_L2_MEDIUM_25_35_S01,vPLC_container,VPLC_HOST,256,,,2026-05-09T18:03:27.924811638Z,,,,host_log,25,35,,,,,,2,128,,technical_check,vplc_status_cycle_duration_not_validated_as_Tper,0.087,100,работает
RUN_20260509_VPLC_L2_MEDIUM_25_35_S01_R02,VPLC_L2_MEDIUM_25_35,SER_20260509_VPLC_L2_MEDIUM_25_35_S01,vPLC_container,VPLC_HOST,257,,,2026-05-09T18:03:28.977148625Z,,,,host_log,25,35,,,,,,2,128,,technical_check,vplc_status_cycle_duration_not_validated_as_Tper,0.109,100,работает
RUN_20260509_VPLC_L2_MEDIUM_25_35_S01_R02,VPLC_L2_MEDIUM_25_35,SER_20260509_VPLC_L2_MEDIUM_25_35_S01,vPLC_container,VPLC_HOST,258,,,2026-05-09T18:03:30.036229424Z,,,,host_log,25,35,,,,,,2,128,,technical_check,vplc_status_cycle_duration_not_validated_as_Tper,0.085,100,работает
RUN_20260509_VPLC_L2_MEDIUM_25_35_S01_R02,VPLC_L2_MEDIUM_25_35,SER_20260509_VPLC_L2_MEDIUM_25_35_S01,vPLC_container,VPLC_HOST,259,,,2026-05-09T18:03:31.086839684Z,,,,host_log,25,35,,,,,,2,128,,technical_check,vplc_status_cycle_duration_not_validated_as_Tper,0.106,100,работает
RUN_20260509_VPLC_L2_MEDIUM_25_35_S01_R02,VPLC_L2_MEDIUM_25_35,SER_20260509_VPLC_L2_MEDIUM_25_35_S01,vPLC_container,VPLC_HOST,260,,,2026-05-09T18:03:32.145647486Z,,,,host_log,25,35,,,,,,2,128,,technical_check,vplc_status_cycle_duration_not_validated_as_Tper,0.077,100,работает
RUN_20260509_VPLC_L2_MEDIUM_25_35_S01_R02,VPLC_L2_MEDIUM_25_35,SER_20260509_VPLC_L2_MEDIUM_25_35_S01,vPLC_container,VPLC_HOST,261,,,2026-05-09T18:03:33.199021858Z,,,,host_log,25,35,,,,,,2,128,,technical_check,vplc_status_cycle_duration_not_validated_as_Tper,0.107,100,работает
RUN_20260509_VPLC_L2_MEDIUM_25_35_S01_R02,VPLC_L2_MEDIUM_25_35,SER_20260509_VPLC_L2_MEDIUM_25_35_S01,vPLC_container,VPLC_HOST,262,,,2026-05-09T18:03:34.256548702Z,,,,host_log,25,35,,,,,,2,128,,technical_check,vplc_status_cycle_duration_not_validated_as_Tper,0.079,100,работает
RUN_20260509_VPLC_L2_MEDIUM_25_35_S01_R02,VPLC_L2_MEDIUM_25_35,SER_20260509_VPLC_L2_MEDIUM_25_35_S01,vPLC_container,VPLC_HOST,263,,,2026-05-09T18:03:35.309073618Z,,,,host_log,25,35,,,,,,2,128,,technical_check,vplc_status_cycle_duration_not_validated_as_Tper,0.105,100,работает
RUN_20260509_VPLC_L2_MEDIUM_25_35_S01_R02,VPLC_L2_MEDIUM_25_35,SER_20260509_VPLC_L2_MEDIUM_25_35_S01,vPLC_container,VPLC_HOST,264,,,2026-05-09T18:03:36.365648870Z,,,,host_log,25,35,,,,,,2,128,,technical_check,vplc_status_cycle_duration_not_validated_as_Tper,4.938,100,работает
RUN_20260509_VPLC_L2_MEDIUM_25_35_S01_R02,VPLC_L2_MEDIUM_25_35,SER_20260509_VPLC_L2_MEDIUM_25_35_S01,vPLC_container,VPLC_HOST,265,,,2026-05-09T18:03:37.419522404Z,,,,host_log,25,35,,,,,,2,128,,technical_check,vplc_status_cycle_duration_not_validated_as_Tper,0.088,100,работает
RUN_20260509_VPLC_L2_MEDIUM_25_35_S01_R02,VPLC_L2_MEDIUM_25_35,SER_20260509_VPLC_L2_MEDIUM_25_35_S01,vPLC_container,VPLC_HOST,266,,,2026-05-09T18:03:38.473792034Z,,,,host_log,25,35,,,,,,2,128,,technical_check,vplc_status_cycle_duration_not_validated_as_Tper,0.103,100,работает
RUN_20260509_VPLC_L2_MEDIUM_25_35_S01_R02,VPLC_L2_MEDIUM_25_35,SER_20260509_VPLC_L2_MEDIUM_25_35_S01,vPLC_container,VPLC_HOST,267,,,2026-05-09T18:03:39.533574744Z,,,,host_log,25,35,,,,,,2,128,,technical_check,vplc_status_cycle_duration_not_validated_as_Tper,0.086,100,работает
RUN_20260509_VPLC_L2_MEDIUM_25_35_S01_R02,VPLC_L2_MEDIUM_25_35,SER_20260509_VPLC_L2_MEDIUM_25_35_S01,vPLC_container,VPLC_HOST,268,,,2026-05-09T18:03:40.587807966Z,,,,host_log,25,35,,,,,,2,128,,technical_check,vplc_status_cycle_duration_not_validated_as_Tper,0.105,100,работает
RUN_20260509_VPLC_L2_MEDIUM_25_35_S01_R02,VPLC_L2_MEDIUM_25_35,SER_20260509_VPLC_L2_MEDIUM_25_35_S01,vPLC_container,VPLC_HOST,269,,,2026-05-09T18:03:41.642028973Z,,,,host_log,25,35,,,,,,2,128,,technical_check,vplc_status_cycle_duration_not_validated_as_Tper,0.084,100,работает
RUN_20260509_VPLC_L2_MEDIUM_25_35_S01_R02,VPLC_L2_MEDIUM_25_35,SER_20260509_VPLC_L2_MEDIUM_25_35_S01,vPLC_container,VPLC_HOST,270,,,2026-05-09T18:03:42.698476919Z,,,,host_log,25,35,,,,,,2,128,,technical_check,vplc_status_cycle_duration_not_validated_as_Tper,0.105,100,работает
RUN_20260509_VPLC_L2_MEDIUM_25_35_S01_R02,VPLC_L2_MEDIUM_25_35,SER_20260509_VPLC_L2_MEDIUM_25_35_S01,vPLC_container,VPLC_HOST,271,,,2026-05-09T18:03:43.753145598Z,,,,host_log,25,35,,,,,,2,128,,technical_check,vplc_status_cycle_duration_not_validated_as_Tper,0.055,100,работает
RUN_20260509_VPLC_L2_MEDIUM_25_35_S01_R02,VPLC_L2_MEDIUM_25_35,SER_20260509_VPLC_L2_MEDIUM_25_35_S01,vPLC_container,VPLC_HOST,272,,,2026-05-09T18:03:44.809887879Z,,,,host_log,25,35,,,,,,2,128,,technical_check,vplc_status_cycle_duration_not_validated_as_Tper,0.106,100,работает
RUN_20260509_VPLC_L2_MEDIUM_25_35_S01_R02,VPLC_L2_MEDIUM_25_35,SER_20260509_VPLC_L2_MEDIUM_25_35_S01,vPLC_container,VPLC_HOST,273,,,2026-05-09T18:03:45.864201321Z,,,,host_log,25,35,,,,,,2,128,,technical_check,vplc_status_cycle_duration_not_validated_as_Tper,0.106,100,работает
RUN_20260509_VPLC_L2_MEDIUM_25_35_S01_R02,VPLC_L2_MEDIUM_25_35,SER_20260509_VPLC_L2_MEDIUM_25_35_S01,vPLC_container,VPLC_HOST,274,,,2026-05-09T18:03:46.918397453Z,,,,host_log,25,35,,,,,,2,128,,technical_check,vplc_status_cycle_duration_not_validated_as_Tper,0.108,100,работает
RUN_20260509_VPLC_L2_MEDIUM_25_35_S01_R02,VPLC_L2_MEDIUM_25_35,SER_20260509_VPLC_L2_MEDIUM_25_35_S01,vPLC_container,VPLC_HOST,275,,,2026-05-09T18:03:47.975285671Z,,,,host_log,25,35,,,,,,2,128,,technical_check,vplc_status_cycle_duration_not_validated_as_Tper,0.107,100,работает
RUN_20260509_VPLC_L2_MEDIUM_25_35_S01_R02,VPLC_L2_MEDIUM_25_35,SER_20260509_VPLC_L2_MEDIUM_25_35_S01,vPLC_container,VPLC_HOST,276,,,2026-05-09T18:03:49.028779093Z,,,,host_log,25,35,,,,,,2,128,,technical_check,vplc_status_cycle_duration_not_validated_as_Tper,0.086,100,работает
RUN_20260509_VPLC_L2_MEDIUM_25_35_S01_R02,VPLC_L2_MEDIUM_25_35,SER_20260509_VPLC_L2_MEDIUM_25_35_S01,vPLC_container,VPLC_HOST,277,,,2026-05-09T18:03:50.086852736Z,,,,host_log,25,35,,,,,,2,128,,technical_check,vplc_status_cycle_duration_not_validated_as_Tper,0.106,100,работает
RUN_20260509_VPLC_L2_MEDIUM_25_35_S01_R02,VPLC_L2_MEDIUM_25_35,SER_20260509_VPLC_L2_MEDIUM_25_35_S01,vPLC_container,VPLC_HOST,278,,,2026-05-09T18:03:51.141206863Z,,,,host_log,25,35,,,,,,2,128,,technical_check,vplc_status_cycle_duration_not_validated_as_Tper,0.086,100,работает
RUN_20260509_VPLC_L2_MEDIUM_25_35_S01_R02,VPLC_L2_MEDIUM_25_35,SER_20260509_VPLC_L2_MEDIUM_25_35_S01,vPLC_container,VPLC_HOST,279,,,2026-05-09T18:03:52.197374806Z,,,,host_log,25,35,,,,,,2,128,,technical_check,vplc_status_cycle_duration_not_validated_as_Tper,0.106,100,работает
RUN_20260509_VPLC_L2_MEDIUM_25_35_S01_R02,VPLC_L2_MEDIUM_25_35,SER_20260509_VPLC_L2_MEDIUM_25_35_S01,vPLC_container,VPLC_HOST,280,,,2026-05-09T18:03:53.248992119Z,,,,host_log,25,35,,,,,,2,128,,technical_check,vplc_status_cycle_duration_not_validated_as_Tper,0.057,100,работает
RUN_20260509_VPLC_L2_MEDIUM_25_35_S01_R02,VPLC_L2_MEDIUM_25_35,SER_20260509_VPLC_L2_MEDIUM_25_35_S01,vPLC_container,VPLC_HOST,281,,,2026-05-09T18:03:54.308541644Z,,,,host_log,25,35,,,,,,2,128,,technical_check,vplc_status_cycle_duration_not_validated_as_Tper,0.107,100,работает
RUN_20260509_VPLC_L2_MEDIUM_25_35_S01_R02,VPLC_L2_MEDIUM_25_35,SER_20260509_VPLC_L2_MEDIUM_25_35_S01,vPLC_container,VPLC_HOST,282,,,2026-05-09T18:03:55.361459969Z,,,,host_log,25,35,,,,,,2,128,,technical_check,vplc_status_cycle_duration_not_validated_as_Tper,4.140,100,работает
RUN_20260509_VPLC_L2_MEDIUM_25_35_S01_R02,VPLC_L2_MEDIUM_25_35,SER_20260509_VPLC_L2_MEDIUM_25_35_S01,vPLC_container,VPLC_HOST,283,,,2026-05-09T18:03:56.416034980Z,,,,host_log,25,35,,,,,,2,128,,technical_check,vplc_status_cycle_duration_not_validated_as_Tper,4.380,100,работает
RUN_20260509_VPLC_L2_MEDIUM_25_35_S01_R02,VPLC_L2_MEDIUM_25_35,SER_20260509_VPLC_L2_MEDIUM_25_35_S01,vPLC_container,VPLC_HOST,284,,,2026-05-09T18:03:57.473786909Z,,,,host_log,25,35,,,,,,2,128,,technical_check,vplc_status_cycle_duration_not_validated_as_Tper,0.106,100,работает
RUN_20260509_VPLC_L2_MEDIUM_25_35_S01_R02,VPLC_L2_MEDIUM_25_35,SER_20260509_VPLC_L2_MEDIUM_25_35_S01,vPLC_container,VPLC_HOST,285,,,2026-05-09T18:03:58.528315718Z,,,,host_log,25,35,,,,,,2,128,,technical_check,vplc_status_cycle_duration_not_validated_as_Tper,0.085,100,работает
RUN_20260509_VPLC_L2_MEDIUM_25_35_S01_R02,VPLC_L2_MEDIUM_25_35,SER_20260509_VPLC_L2_MEDIUM_25_35_S01,vPLC_container,VPLC_HOST,286,,,2026-05-09T18:03:59.583569130Z,,,,host_log,25,35,,,,,,2,128,,technical_check,vplc_status_cycle_duration_not_validated_as_Tper,0.107,100,работает
RUN_20260509_VPLC_L2_MEDIUM_25_35_S01_R02,VPLC_L2_MEDIUM_25_35,SER_20260509_VPLC_L2_MEDIUM_25_35_S01,vPLC_container,VPLC_HOST,287,,,2026-05-09T18:04:00.637166820Z,,,,host_log,25,35,,,,,,2,128,,technical_check,vplc_status_cycle_duration_not_validated_as_Tper,0.085,100,работает
RUN_20260509_VPLC_L2_MEDIUM_25_35_S01_R02,VPLC_L2_MEDIUM_25_35,SER_20260509_VPLC_L2_MEDIUM_25_35_S01,vPLC_container,VPLC_HOST,288,,,2026-05-09T18:04:01.690892408Z,,,,host_log,25,35,,,,,,2,128,,technical_check,vplc_status_cycle_duration_not_validated_as_Tper,0.091,100,работает
RUN_20260509_VPLC_L2_MEDIUM_25_35_S01_R02,VPLC_L2_MEDIUM_25_35,SER_20260509_VPLC_L2_MEDIUM_25_35_S01,vPLC_container,VPLC_HOST,289,,,2026-05-09T18:04:02.747440293Z,,,,host_log,25,35,,,,,,2,128,,technical_check,vplc_status_cycle_duration_not_validated_as_Tper,0.064,100,работает
RUN_20260509_VPLC_L2_MEDIUM_25_35_S01_R02,VPLC_L2_MEDIUM_25_35,SER_20260509_VPLC_L2_MEDIUM_25_35_S01,vPLC_container,VPLC_HOST,290,,,2026-05-09T18:04:03.805308545Z,,,,host_log,25,35,,,,,,2,128,,technical_check,vplc_status_cycle_duration_not_validated_as_Tper,0.109,100,работает
RUN_20260509_VPLC_L2_MEDIUM_25_35_S01_R02,VPLC_L2_MEDIUM_25_35,SER_20260509_VPLC_L2_MEDIUM_25_35_S01,vPLC_container,VPLC_HOST,291,,,2026-05-09T18:04:04.859102813Z,,,,host_log,25,35,,,,,,2,128,,technical_check,vplc_status_cycle_duration_not_validated_as_Tper,0.096,100,работает
RUN_20260509_VPLC_L2_MEDIUM_25_35_S01_R02,VPLC_L2_MEDIUM_25_35,SER_20260509_VPLC_L2_MEDIUM_25_35_S01,vPLC_container,VPLC_HOST,292,,,2026-05-09T18:04:05.916635193Z,,,,host_log,25,35,,,,,,2,128,,technical_check,vplc_status_cycle_duration_not_validated_as_Tper,0.106,100,работает
RUN_20260509_VPLC_L2_MEDIUM_25_35_S01_R02,VPLC_L2_MEDIUM_25_35,SER_20260509_VPLC_L2_MEDIUM_25_35_S01,vPLC_container,VPLC_HOST,293,,,2026-05-09T18:04:06.970260711Z,,,,host_log,25,35,,,,,,2,128,,technical_check,vplc_status_cycle_duration_not_validated_as_Tper,0.108,100,работает
RUN_20260509_VPLC_L2_MEDIUM_25_35_S01_R02,VPLC_L2_MEDIUM_25_35,SER_20260509_VPLC_L2_MEDIUM_25_35_S01,vPLC_container,VPLC_HOST,294,,,2026-05-09T18:04:08.027964026Z,,,,host_log,25,35,,,,,,2,128,,technical_check,vplc_status_cycle_duration_not_validated_as_Tper,0.104,100,работает
RUN_20260509_VPLC_L2_MEDIUM_25_35_S01_R02,VPLC_L2_MEDIUM_25_35,SER_20260509_VPLC_L2_MEDIUM_25_35_S01,vPLC_container,VPLC_HOST,295,,,2026-05-09T18:04:09.083676489Z,,,,host_log,25,35,,,,,,2,128,,technical_check,vplc_status_cycle_duration_not_validated_as_Tper,0.105,100,работает
RUN_20260509_VPLC_L2_MEDIUM_25_35_S01_R02,VPLC_L2_MEDIUM_25_35,SER_20260509_VPLC_L2_MEDIUM_25_35_S01,vPLC_container,VPLC_HOST,296,,,2026-05-09T18:04:10.138740507Z,,,,host_log,25,35,,,,,,2,128,,technical_check,vplc_status_cycle_duration_not_validated_as_Tper,0.085,100,работает
RUN_20260509_VPLC_L2_MEDIUM_25_35_S01_R02,VPLC_L2_MEDIUM_25_35,SER_20260509_VPLC_L2_MEDIUM_25_35_S01,vPLC_container,VPLC_HOST,297,,,2026-05-09T18:04:11.193083419Z,,,,host_log,25,35,,,,,,2,128,,technical_check,vplc_status_cycle_duration_not_validated_as_Tper,0.107,100,работает
RUN_20260509_VPLC_L2_MEDIUM_25_35_S01_R02,VPLC_L2_MEDIUM_25_35,SER_20260509_VPLC_L2_MEDIUM_25_35_S01,vPLC_container,VPLC_HOST,298,,,2026-05-09T18:04:12.249193397Z,,,,host_log,25,35,,,,,,2,128,,technical_check,vplc_status_cycle_duration_not_validated_as_Tper,0.052,100,работает
RUN_20260509_VPLC_L2_MEDIUM_25_35_S01_R02,VPLC_L2_MEDIUM_25_35,SER_20260509_VPLC_L2_MEDIUM_25_35_S01,vPLC_container,VPLC_HOST,299,,,2026-05-09T18:04:13.303723264Z,,,,host_log,25,35,,,,,,2,128,,technical_check,vplc_status_cycle_duration_not_validated_as_Tper,0.106,100,работает
RUN_20260509_VPLC_L2_MEDIUM_25_35_S01_R02,VPLC_L2_MEDIUM_25_35,SER_20260509_VPLC_L2_MEDIUM_25_35_S01,vPLC_container,VPLC_HOST,300,,,2026-05-09T18:04:14.359461795Z,,,,host_log,25,35,,,,,,2,128,,technical_check,vplc_status_cycle_duration_not_validated_as_Tper,4.335,100,работает
RUN_20260509_VPLC_L2_MEDIUM_25_35_S01_R02,VPLC_L2_MEDIUM_25_35,SER_20260509_VPLC_L2_MEDIUM_25_35_S01,vPLC_container,VPLC_HOST,301,,,2026-05-09T18:04:15.415506889Z,,,,host_log,25,35,,,,,,2,128,,technical_check,vplc_status_cycle_duration_not_validated_as_Tper,4.630,100,работает
RUN_20260509_VPLC_L2_MEDIUM_25_35_S01_R02,VPLC_L2_MEDIUM_25_35,SER_20260509_VPLC_L2_MEDIUM_25_35_S01,vPLC_container,VPLC_HOST,302,,,2026-05-09T18:04:16.470084156Z,,,,host_log,25,35,,,,,,2,128,,technical_check,vplc_status_cycle_duration_not_validated_as_Tper,0.109,100,работает
RUN_20260509_VPLC_L2_MEDIUM_25_35_S01_R02,VPLC_L2_MEDIUM_25_35,SER_20260509_VPLC_L2_MEDIUM_25_35_S01,vPLC_container,VPLC_HOST,303,,,2026-05-09T18:04:17.521862357Z,,,,host_log,25,35,,,,,,2,128,,technical_check,vplc_status_cycle_duration_not_validated_as_Tper,0.107,100,работает
RUN_20260509_VPLC_L2_MEDIUM_25_35_S01_R02,VPLC_L2_MEDIUM_25_35,SER_20260509_VPLC_L2_MEDIUM_25_35_S01,vPLC_container,VPLC_HOST,304,,,2026-05-09T18:04:18.578346280Z,,,,host_log,25,35,,,,,,2,128,,technical_check,vplc_status_cycle_duration_not_validated_as_Tper,0.108,100,работает
RUN_20260509_VPLC_L2_MEDIUM_25_35_S01_R02,VPLC_L2_MEDIUM_25_35,SER_20260509_VPLC_L2_MEDIUM_25_35_S01,vPLC_container,VPLC_HOST,305,,,2026-05-09T18:04:19.635978229Z,,,,host_log,25,35,,,,,,2,128,,technical_check,vplc_status_cycle_duration_not_validated_as_Tper,0.086,100,работает
RUN_20260509_VPLC_L2_MEDIUM_25_35_S01_R02,VPLC_L2_MEDIUM_25_35,SER_20260509_VPLC_L2_MEDIUM_25_35_S01,vPLC_container,VPLC_HOST,306,,,2026-05-09T18:04:20.692504863Z,,,,host_log,25,35,,,,,,2,128,,technical_check,vplc_status_cycle_duration_not_validated_as_Tper,0.108,100,работает
RUN_20260509_VPLC_L2_MEDIUM_25_35_S01_R02,VPLC_L2_MEDIUM_25_35,SER_20260509_VPLC_L2_MEDIUM_25_35_S01,vPLC_container,VPLC_HOST,307,,,2026-05-09T18:04:21.746268829Z,,,,host_log,25,35,,,,,,2,128,,technical_check,vplc_status_cycle_duration_not_validated_as_Tper,0.069,100,работает
RUN_20260509_VPLC_L2_MEDIUM_25_35_S01_R02,VPLC_L2_MEDIUM_25_35,SER_20260509_VPLC_L2_MEDIUM_25_35_S01,vPLC_container,VPLC_HOST,308,,,2026-05-09T18:04:22.801439530Z,,,,host_log,25,35,,,,,,2,128,,technical_check,vplc_status_cycle_duration_not_validated_as_Tper,0.107,100,работает
RUN_20260509_VPLC_L2_MEDIUM_25_35_S01_R02,VPLC_L2_MEDIUM_25_35,SER_20260509_VPLC_L2_MEDIUM_25_35_S01,vPLC_container,VPLC_HOST,309,,,2026-05-09T18:04:23.857174966Z,,,,host_log,25,35,,,,,,2,128,,technical_check,vplc_status_cycle_duration_not_validated_as_Tper,0.079,100,работает
RUN_20260509_VPLC_L2_MEDIUM_25_35_S01_R02,VPLC_L2_MEDIUM_25_35,SER_20260509_VPLC_L2_MEDIUM_25_35_S01,vPLC_container,VPLC_HOST,310,,,2026-05-09T18:04:24.913426017Z,,,,host_log,25,35,,,,,,2,128,,technical_check,vplc_status_cycle_duration_not_validated_as_Tper,0.109,100,работает
RUN_20260509_VPLC_L2_MEDIUM_25_35_S01_R02,VPLC_L2_MEDIUM_25_35,SER_20260509_VPLC_L2_MEDIUM_25_35_S01,vPLC_container,VPLC_HOST,311,,,2026-05-09T18:04:25.968705750Z,,,,host_log,25,35,,,,,,2,128,,technical_check,vplc_status_cycle_duration_not_validated_as_Tper,0.104,100,работает
RUN_20260509_VPLC_L2_MEDIUM_25_35_S01_R02,VPLC_L2_MEDIUM_25_35,SER_20260509_VPLC_L2_MEDIUM_25_35_S01,vPLC_container,VPLC_HOST,312,,,2026-05-09T18:04:27.022629828Z,,,,host_log,25,35,,,,,,2,128,,technical_check,vplc_status_cycle_duration_not_validated_as_Tper,0.085,100,работает
RUN_20260509_VPLC_L2_MEDIUM_25_35_S01_R02,VPLC_L2_MEDIUM_25_35,SER_20260509_VPLC_L2_MEDIUM_25_35_S01,vPLC_container,VPLC_HOST,313,,,2026-05-09T18:04:28.079934518Z,,,,host_log,25,35,,,,,,2,128,,technical_check,vplc_status_cycle_duration_not_validated_as_Tper,0.106,100,работает
RUN_20260509_VPLC_L2_MEDIUM_25_35_S01_R02,VPLC_L2_MEDIUM_25_35,SER_20260509_VPLC_L2_MEDIUM_25_35_S01,vPLC_container,VPLC_HOST,314,,,2026-05-09T18:04:29.133149028Z,,,,host_log,25,35,,,,,,2,128,,technical_check,vplc_status_cycle_duration_not_validated_as_Tper,0.088,100,работает
RUN_20260509_VPLC_L2_MEDIUM_25_35_S01_R02,VPLC_L2_MEDIUM_25_35,SER_20260509_VPLC_L2_MEDIUM_25_35_S01,vPLC_container,VPLC_HOST,315,,,2026-05-09T18:04:30.188550522Z,,,,host_log,25,35,,,,,,2,128,,technical_check,vplc_status_cycle_duration_not_validated_as_Tper,0.107,100,работает
RUN_20260509_VPLC_L2_MEDIUM_25_35_S01_R02,VPLC_L2_MEDIUM_25_35,SER_20260509_VPLC_L2_MEDIUM_25_35_S01,vPLC_container,VPLC_HOST,316,,,2026-05-09T18:04:31.246951344Z,,,,host_log,25,35,,,,,,2,128,,technical_check,vplc_status_cycle_duration_not_validated_as_Tper,0.064,100,работает
RUN_20260509_VPLC_L2_MEDIUM_25_35_S01_R02,VPLC_L2_MEDIUM_25_35,SER_20260509_VPLC_L2_MEDIUM_25_35_S01,vPLC_container,VPLC_HOST,317,,,2026-05-09T18:04:32.300218342Z,,,,host_log,25,35,,,,,,2,128,,technical_check,vplc_status_cycle_duration_not_validated_as_Tper,0.106,100,работает
RUN_20260509_VPLC_L2_MEDIUM_25_35_S01_R02,VPLC_L2_MEDIUM_25_35,SER_20260509_VPLC_L2_MEDIUM_25_35_S01,vPLC_container,VPLC_HOST,318,,,2026-05-09T18:04:33.354245743Z,,,,host_log,25,35,,,,,,2,128,,technical_check,vplc_status_cycle_duration_not_validated_as_Tper,3.967,100,работает
RUN_20260509_VPLC_L2_MEDIUM_25_35_S01_R02,VPLC_L2_MEDIUM_25_35,SER_20260509_VPLC_L2_MEDIUM_25_35_S01,vPLC_container,VPLC_HOST,319,,,2026-05-09T18:04:34.409158954Z,,,,host_log,25,35,,,,,,2,128,,technical_check,vplc_status_cycle_duration_not_validated_as_Tper,4.779,100,работает
RUN_20260509_VPLC_L2_MEDIUM_25_35_S01_R02,VPLC_L2_MEDIUM_25_35,SER_20260509_VPLC_L2_MEDIUM_25_35_S01,vPLC_container,VPLC_HOST,320,,,2026-05-09T18:04:35.467532518Z,,,,host_log,25,35,,,,,,2,128,,technical_check,vplc_status_cycle_duration_not_validated_as_Tper,0.106,100,работает
RUN_20260509_VPLC_L2_MEDIUM_25_35_S01_R02,VPLC_L2_MEDIUM_25_35,SER_20260509_VPLC_L2_MEDIUM_25_35_S01,vPLC_container,VPLC_HOST,321,,,2026-05-09T18:04:36.522694116Z,,,,host_log,25,35,,,,,,2,128,,technical_check,vplc_status_cycle_duration_not_validated_as_Tper,0.086,100,работает
RUN_20260509_VPLC_L2_MEDIUM_25_35_S01_R02,VPLC_L2_MEDIUM_25_35,SER_20260509_VPLC_L2_MEDIUM_25_35_S01,vPLC_container,VPLC_HOST,322,,,2026-05-09T18:04:37.577599024Z,,,,host_log,25,35,,,,,,2,128,,technical_check,vplc_status_cycle_duration_not_validated_as_Tper,0.109,100,работает
RUN_20260509_VPLC_L2_MEDIUM_25_35_S01_R02,VPLC_L2_MEDIUM_25_35,SER_20260509_VPLC_L2_MEDIUM_25_35_S01,vPLC_container,VPLC_HOST,323,,,2026-05-09T18:04:38.632911119Z,,,,host_log,25,35,,,,,,2,128,,technical_check,vplc_status_cycle_duration_not_validated_as_Tper,0.085,100,работает
RUN_20260509_VPLC_L2_MEDIUM_25_35_S01_R02,VPLC_L2_MEDIUM_25_35,SER_20260509_VPLC_L2_MEDIUM_25_35_S01,vPLC_container,VPLC_HOST,324,,,2026-05-09T18:04:39.687392129Z,,,,host_log,25,35,,,,,,2,128,,technical_check,vplc_status_cycle_duration_not_validated_as_Tper,0.107,100,работает
RUN_20260509_VPLC_L2_MEDIUM_25_35_S01_R02,VPLC_L2_MEDIUM_25_35,SER_20260509_VPLC_L2_MEDIUM_25_35_S01,vPLC_container,VPLC_HOST,325,,,2026-05-09T18:04:40.742827079Z,,,,host_log,25,35,,,,,,2,128,,technical_check,vplc_status_cycle_duration_not_validated_as_Tper,0.085,100,работает
RUN_20260509_VPLC_L2_MEDIUM_25_35_S01_R02,VPLC_L2_MEDIUM_25_35,SER_20260509_VPLC_L2_MEDIUM_25_35_S01,vPLC_container,VPLC_HOST,326,,,2026-05-09T18:04:41.796704030Z,,,,host_log,25,35,,,,,,2,128,,technical_check,vplc_status_cycle_duration_not_validated_as_Tper,0.108,100,работает
RUN_20260509_VPLC_L2_MEDIUM_25_35_S01_R02,VPLC_L2_MEDIUM_25_35,SER_20260509_VPLC_L2_MEDIUM_25_35_S01,vPLC_container,VPLC_HOST,327,,,2026-05-09T18:04:42.853535493Z,,,,host_log,25,35,,,,,,2,128,,technical_check,vplc_status_cycle_duration_not_validated_as_Tper,0.059,100,работает
RUN_20260509_VPLC_L2_MEDIUM_25_35_S01_R02,VPLC_L2_MEDIUM_25_35,SER_20260509_VPLC_L2_MEDIUM_25_35_S01,vPLC_container,VPLC_HOST,328,,,2026-05-09T18:04:43.910594091Z,,,,host_log,25,35,,,,,,2,128,,technical_check,vplc_status_cycle_duration_not_validated_as_Tper,0.106,100,работает
RUN_20260509_VPLC_L2_MEDIUM_25_35_S01_R02,VPLC_L2_MEDIUM_25_35,SER_20260509_VPLC_L2_MEDIUM_25_35_S01,vPLC_container,VPLC_HOST,329,,,2026-05-09T18:04:44.965917808Z,,,,host_log,25,35,,,,,,2,128,,technical_check,vplc_status_cycle_duration_not_validated_as_Tper,0.107,100,работает
RUN_20260509_VPLC_L2_MEDIUM_25_35_S01_R02,VPLC_L2_MEDIUM_25_35,SER_20260509_VPLC_L2_MEDIUM_25_35_S01,vPLC_container,VPLC_HOST,330,,,2026-05-09T18:04:46.021877797Z,,,,host_log,25,35,,,,,,2,128,,technical_check,vplc_status_cycle_duration_not_validated_as_Tper,0.110,100,работает
RUN_20260509_VPLC_L2_MEDIUM_25_35_S01_R02,VPLC_L2_MEDIUM_25_35,SER_20260509_VPLC_L2_MEDIUM_25_35_S01,vPLC_container,VPLC_HOST,331,,,2026-05-09T18:04:47.076731950Z,,,,host_log,25,35,,,,,,2,128,,technical_check,vplc_status_cycle_duration_not_validated_as_Tper,0.106,100,работает
RUN_20260509_VPLC_L2_MEDIUM_25_35_S01_R02,VPLC_L2_MEDIUM_25_35,SER_20260509_VPLC_L2_MEDIUM_25_35_S01,vPLC_container,VPLC_HOST,332,,,2026-05-09T18:04:48.129636476Z,,,,host_log,25,35,,,,,,2,128,,technical_check,vplc_status_cycle_duration_not_validated_as_Tper,0.106,100,работает
RUN_20260509_VPLC_L2_MEDIUM_25_35_S01_R02,VPLC_L2_MEDIUM_25_35,SER_20260509_VPLC_L2_MEDIUM_25_35_S01,vPLC_container,VPLC_HOST,333,,,2026-05-09T18:04:49.184547288Z,,,,host_log,25,35,,,,,,2,128,,technical_check,vplc_status_cycle_duration_not_validated_as_Tper,0.107,100,работает
RUN_20260509_VPLC_L2_MEDIUM_25_35_S01_R02,VPLC_L2_MEDIUM_25_35,SER_20260509_VPLC_L2_MEDIUM_25_35_S01,vPLC_container,VPLC_HOST,334,,,2026-05-09T18:04:50.239507473Z,,,,host_log,25,35,,,,,,2,128,,technical_check,vplc_status_cycle_duration_not_validated_as_Tper,0.088,100,работает
RUN_20260509_VPLC_L2_MEDIUM_25_35_S01_R02,VPLC_L2_MEDIUM_25_35,SER_20260509_VPLC_L2_MEDIUM_25_35_S01,vPLC_container,VPLC_HOST,335,,,2026-05-09T18:04:51.298579011Z,,,,host_log,25,35,,,,,,2,128,,technical_check,vplc_status_cycle_duration_not_validated_as_Tper,0.106,100,работает
RUN_20260509_VPLC_L2_MEDIUM_25_35_S01_R02,VPLC_L2_MEDIUM_25_35,SER_20260509_VPLC_L2_MEDIUM_25_35_S01,vPLC_container,VPLC_HOST,336,,,2026-05-09T18:04:52.353273602Z,,,,host_log,25,35,,,,,,2,128,,technical_check,vplc_status_cycle_duration_not_validated_as_Tper,3.383,100,работает
RUN_20260509_VPLC_L2_MEDIUM_25_35_S01_R02,VPLC_L2_MEDIUM_25_35,SER_20260509_VPLC_L2_MEDIUM_25_35_S01,vPLC_container,VPLC_HOST,337,,,2026-05-09T18:04:53.407540443Z,,,,host_log,25,35,,,,,,2,128,,technical_check,vplc_status_cycle_duration_not_validated_as_Tper,4.117,100,работает
RUN_20260509_VPLC_L2_MEDIUM_25_35_S01_R02,VPLC_L2_MEDIUM_25_35,SER_20260509_VPLC_L2_MEDIUM_25_35_S01,vPLC_container,VPLC_HOST,338,,,2026-05-09T18:04:54.462543415Z,,,,host_log,25,35,,,,,,2,128,,technical_check,vplc_status_cycle_duration_not_validated_as_Tper,0.107,100,работает
RUN_20260509_VPLC_L2_MEDIUM_25_35_S01_R02,VPLC_L2_MEDIUM_25_35,SER_20260509_VPLC_L2_MEDIUM_25_35_S01,vPLC_container,VPLC_HOST,339,,,2026-05-09T18:04:55.517882828Z,,,,host_log,25,35,,,,,,2,128,,technical_check,vplc_status_cycle_duration_not_validated_as_Tper,0.105,100,работает
RUN_20260509_VPLC_L2_MEDIUM_25_35_S01_R02,VPLC_L2_MEDIUM_25_35,SER_20260509_VPLC_L2_MEDIUM_25_35_S01,vPLC_container,VPLC_HOST,340,,,2026-05-09T18:04:56.573219581Z,,,,host_log,25,35,,,,,,2,128,,technical_check,vplc_status_cycle_duration_not_validated_as_Tper,0.107,100,работает
RUN_20260509_VPLC_L2_MEDIUM_25_35_S01_R02,VPLC_L2_MEDIUM_25_35,SER_20260509_VPLC_L2_MEDIUM_25_35_S01,vPLC_container,VPLC_HOST,341,,,2026-05-09T18:04:57.629005653Z,,,,host_log,25,35,,,,,,2,128,,technical_check,vplc_status_cycle_duration_not_validated_as_Tper,0.085,100,работает
RUN_20260509_VPLC_L2_MEDIUM_25_35_S01_R02,VPLC_L2_MEDIUM_25_35,SER_20260509_VPLC_L2_MEDIUM_25_35_S01,vPLC_container,VPLC_HOST,342,,,2026-05-09T18:04:58.683716843Z,,,,host_log,25,35,,,,,,2,128,,technical_check,vplc_status_cycle_duration_not_validated_as_Tper,0.088,100,работает
RUN_20260509_VPLC_L2_MEDIUM_25_35_S01_R02,VPLC_L2_MEDIUM_25_35,SER_20260509_VPLC_L2_MEDIUM_25_35_S01,vPLC_container,VPLC_HOST,343,,,2026-05-09T18:04:59.734874033Z,,,,host_log,25,35,,,,,,2,128,,technical_check,vplc_status_cycle_duration_not_validated_as_Tper,0.086,100,работает
RUN_20260509_VPLC_L2_MEDIUM_25_35_S01_R02,VPLC_L2_MEDIUM_25_35,SER_20260509_VPLC_L2_MEDIUM_25_35_S01,vPLC_container,VPLC_HOST,344,,,2026-05-09T18:05:00.794820288Z,,,,host_log,25,35,,,,,,2,128,,technical_check,vplc_status_cycle_duration_not_validated_as_Tper,0.105,100,работает
RUN_20260509_VPLC_L2_MEDIUM_25_35_S01_R02,VPLC_L2_MEDIUM_25_35,SER_20260509_VPLC_L2_MEDIUM_25_35_S01,vPLC_container,VPLC_HOST,345,,,2026-05-09T18:05:01.848896055Z,,,,host_log,25,35,,,,,,2,128,,technical_check,vplc_status_cycle_duration_not_validated_as_Tper,0.052,100,работает
RUN_20260509_VPLC_L2_MEDIUM_25_35_S01_R02,VPLC_L2_MEDIUM_25_35,SER_20260509_VPLC_L2_MEDIUM_25_35_S01,vPLC_container,VPLC_HOST,346,,,2026-05-09T18:05:02.904469271Z,,,,host_log,25,35,,,,,,2,128,,technical_check,vplc_status_cycle_duration_not_validated_as_Tper,0.104,100,работает
RUN_20260509_VPLC_L2_MEDIUM_25_35_S01_R02,VPLC_L2_MEDIUM_25_35,SER_20260509_VPLC_L2_MEDIUM_25_35_S01,vPLC_container,VPLC_HOST,347,,,2026-05-09T18:05:03.960119573Z,,,,host_log,25,35,,,,,,2,128,,technical_check,vplc_status_cycle_duration_not_validated_as_Tper,0.100,100,работает
RUN_20260509_VPLC_L2_MEDIUM_25_35_S01_R02,VPLC_L2_MEDIUM_25_35,SER_20260509_VPLC_L2_MEDIUM_25_35_S01,vPLC_container,VPLC_HOST,348,,,2026-05-09T18:05:05.015593078Z,,,,host_log,25,35,,,,,,2,128,,technical_check,vplc_status_cycle_duration_not_validated_as_Tper,0.105,100,работает
RUN_20260509_VPLC_L2_MEDIUM_25_35_S01_R02,VPLC_L2_MEDIUM_25_35,SER_20260509_VPLC_L2_MEDIUM_25_35_S01,vPLC_container,VPLC_HOST,349,,,2026-05-09T18:05:06.069704125Z,,,,host_log,25,35,,,,,,2,128,,technical_check,vplc_status_cycle_duration_not_validated_as_Tper,0.107,100,работает
RUN_20260509_VPLC_L2_MEDIUM_25_35_S01_R02,VPLC_L2_MEDIUM_25_35,SER_20260509_VPLC_L2_MEDIUM_25_35_S01,vPLC_container,VPLC_HOST,350,,,2026-05-09T18:05:07.126646903Z,,,,host_log,25,35,,,,,,2,128,,technical_check,vplc_status_cycle_duration_not_validated_as_Tper,0.085,100,работает
RUN_20260509_VPLC_L2_MEDIUM_25_35_S01_R02,VPLC_L2_MEDIUM_25_35,SER_20260509_VPLC_L2_MEDIUM_25_35_S01,vPLC_container,VPLC_HOST,351,,,2026-05-09T18:05:08.176695980Z,,,,host_log,25,35,,,,,,2,128,,technical_check,vplc_status_cycle_duration_not_validated_as_Tper,0.106,100,работает
RUN_20260509_VPLC_L2_MEDIUM_25_35_S01_R02,VPLC_L2_MEDIUM_25_35,SER_20260509_VPLC_L2_MEDIUM_25_35_S01,vPLC_container,VPLC_HOST,352,,,2026-05-09T18:05:09.237085407Z,,,,host_log,25,35,,,,,,2,128,,technical_check,vplc_status_cycle_duration_not_validated_as_Tper,0.085,100,работает
RUN_20260509_VPLC_L2_MEDIUM_25_35_S01_R02,VPLC_L2_MEDIUM_25_35,SER_20260509_VPLC_L2_MEDIUM_25_35_S01,vPLC_container,VPLC_HOST,353,,,2026-05-09T18:05:10.289147657Z,,,,host_log,25,35,,,,,,2,128,,technical_check,vplc_status_cycle_duration_not_validated_as_Tper,0.105,100,работает
RUN_20260509_VPLC_L2_MEDIUM_25_35_S01_R02,VPLC_L2_MEDIUM_25_35,SER_20260509_VPLC_L2_MEDIUM_25_35_S01,vPLC_container,VPLC_HOST,354,,,2026-05-09T18:05:11.344596914Z,,,,host_log,25,35,,,,,,2,128,,technical_check,vplc_status_cycle_duration_not_validated_as_Tper,4.206,100,работает
RUN_20260509_VPLC_L2_MEDIUM_25_35_S01_R02,VPLC_L2_MEDIUM_25_35,SER_20260509_VPLC_L2_MEDIUM_25_35_S01,vPLC_container,VPLC_HOST,355,,,2026-05-09T18:05:12.399024535Z,,,,host_log,25,35,,,,,,2,128,,technical_check,vplc_status_cycle_duration_not_validated_as_Tper,4.745,100,работает
RUN_20260509_VPLC_L2_MEDIUM_25_35_S01_R02,VPLC_L2_MEDIUM_25_35,SER_20260509_VPLC_L2_MEDIUM_25_35_S01,vPLC_container,VPLC_HOST,356,,,2026-05-09T18:05:13.456421086Z,,,,host_log,25,35,,,,,,2,128,,technical_check,vplc_status_cycle_duration_not_validated_as_Tper,0.072,100,работает
RUN_20260509_VPLC_L2_MEDIUM_25_35_S01_R02,VPLC_L2_MEDIUM_25_35,SER_20260509_VPLC_L2_MEDIUM_25_35_S01,vPLC_container,VPLC_HOST,357,,,2026-05-09T18:05:14.509862228Z,,,,host_log,25,35,,,,,,2,128,,technical_check,vplc_status_cycle_duration_not_validated_as_Tper,0.106,100,работает
RUN_20260509_VPLC_L2_MEDIUM_25_35_S01_R02,VPLC_L2_MEDIUM_25_35,SER_20260509_VPLC_L2_MEDIUM_25_35_S01,vPLC_container,VPLC_HOST,358,,,2026-05-09T18:05:15.568504536Z,,,,host_log,25,35,,,,,,2,128,,technical_check,vplc_status_cycle_duration_not_validated_as_Tper,0.110,100,работает
RUN_20260509_VPLC_L2_MEDIUM_25_35_S01_R02,VPLC_L2_MEDIUM_25_35,SER_20260509_VPLC_L2_MEDIUM_25_35_S01,vPLC_container,VPLC_HOST,359,,,2026-05-09T18:05:16.621475877Z,,,,host_log,25,35,,,,,,2,128,,technical_check,vplc_status_cycle_duration_not_validated_as_Tper,0.103,100,работает
RUN_20260509_VPLC_L2_MEDIUM_25_35_S01_R02,VPLC_L2_MEDIUM_25_35,SER_20260509_VPLC_L2_MEDIUM_25_35_S01,vPLC_container,VPLC_HOST,360,,,2026-05-09T18:05:17.678952762Z,,,,host_log,25,35,,,,,,2,128,,technical_check,vplc_status_cycle_duration_not_validated_as_Tper,0.107,100,работает
RUN_20260509_VPLC_L2_MEDIUM_25_35_S01_R02,VPLC_L2_MEDIUM_25_35,SER_20260509_VPLC_L2_MEDIUM_25_35_S01,vPLC_container,VPLC_HOST,361,,,2026-05-09T18:05:18.732302030Z,,,,host_log,25,35,,,,,,2,128,,technical_check,vplc_status_cycle_duration_not_validated_as_Tper,0.086,100,работает
RUN_20260509_VPLC_L2_MEDIUM_25_35_S01_R02,VPLC_L2_MEDIUM_25_35,SER_20260509_VPLC_L2_MEDIUM_25_35_S01,vPLC_container,VPLC_HOST,362,,,2026-05-09T18:05:19.789460920Z,,,,host_log,25,35,,,,,,2,128,,technical_check,vplc_status_cycle_duration_not_validated_as_Tper,0.107,100,работает
RUN_20260509_VPLC_L2_MEDIUM_25_35_S01_R02,VPLC_L2_MEDIUM_25_35,SER_20260509_VPLC_L2_MEDIUM_25_35_S01,vPLC_container,VPLC_HOST,363,,,2026-05-09T18:05:20.842868803Z,,,,host_log,25,35,,,,,,2,128,,technical_check,vplc_status_cycle_duration_not_validated_as_Tper,0.085,100,работает
RUN_20260509_VPLC_L2_MEDIUM_25_35_S01_R02,VPLC_L2_MEDIUM_25_35,SER_20260509_VPLC_L2_MEDIUM_25_35_S01,vPLC_container,VPLC_HOST,364,,,2026-05-09T18:05:21.900700410Z,,,,host_log,25,35,,,,,,2,128,,technical_check,vplc_status_cycle_duration_not_validated_as_Tper,0.106,100,работает
RUN_20260509_VPLC_L2_MEDIUM_25_35_S01_R02,VPLC_L2_MEDIUM_25_35,SER_20260509_VPLC_L2_MEDIUM_25_35_S01,vPLC_container,VPLC_HOST,365,,,2026-05-09T18:05:22.953112503Z,,,,host_log,25,35,,,,,,2,128,,technical_check,vplc_status_cycle_duration_not_validated_as_Tper,0.062,100,работает
RUN_20260509_VPLC_L2_MEDIUM_25_35_S01_R02,VPLC_L2_MEDIUM_25_35,SER_20260509_VPLC_L2_MEDIUM_25_35_S01,vPLC_container,VPLC_HOST,366,,,2026-05-09T18:05:24.011202948Z,,,,host_log,25,35,,,,,,2,128,,technical_check,vplc_status_cycle_duration_not_validated_as_Tper,0.107,100,работает
RUN_20260509_VPLC_L2_MEDIUM_25_35_S01_R02,VPLC_L2_MEDIUM_25_35,SER_20260509_VPLC_L2_MEDIUM_25_35_S01,vPLC_container,VPLC_HOST,367,,,2026-05-09T18:05:25.063054296Z,,,,host_log,25,35,,,,,,2,128,,technical_check,vplc_status_cycle_duration_not_validated_as_Tper,0.107,100,работает
RUN_20260509_VPLC_L2_MEDIUM_25_35_S01_R02,VPLC_L2_MEDIUM_25_35,SER_20260509_VPLC_L2_MEDIUM_25_35_S01,vPLC_container,VPLC_HOST,368,,,2026-05-09T18:05:26.121284192Z,,,,host_log,25,35,,,,,,2,128,,technical_check,vplc_status_cycle_duration_not_validated_as_Tper,0.108,100,работает
RUN_20260509_VPLC_L2_MEDIUM_25_35_S01_R02,VPLC_L2_MEDIUM_25_35,SER_20260509_VPLC_L2_MEDIUM_25_35_S01,vPLC_container,VPLC_HOST,369,,,2026-05-09T18:05:27.170839288Z,,,,host_log,25,35,,,,,,2,128,,technical_check,vplc_status_cycle_duration_not_validated_as_Tper,0.107,100,работает
RUN_20260509_VPLC_L2_MEDIUM_25_35_S01_R02,VPLC_L2_MEDIUM_25_35,SER_20260509_VPLC_L2_MEDIUM_25_35_S01,vPLC_container,VPLC_HOST,370,,,2026-05-09T18:05:28.232732160Z,,,,host_log,25,35,,,,,,2,128,,technical_check,vplc_status_cycle_duration_not_validated_as_Tper,0.085,100,работает
RUN_20260509_VPLC_L2_MEDIUM_25_35_S01_R02,VPLC_L2_MEDIUM_25_35,SER_20260509_VPLC_L2_MEDIUM_25_35_S01,vPLC_container,VPLC_HOST,371,,,2026-05-09T18:05:29.284271699Z,,,,host_log,25,35,,,,,,2,128,,technical_check,vplc_status_cycle_duration_not_validated_as_Tper,0.107,100,работает
RUN_20260509_VPLC_L2_MEDIUM_25_35_S01_R02,VPLC_L2_MEDIUM_25_35,SER_20260509_VPLC_L2_MEDIUM_25_35_S01,vPLC_container,VPLC_HOST,372,,,2026-05-09T18:05:30.342424602Z,,,,host_log,25,35,,,,,,2,128,,technical_check,vplc_status_cycle_duration_not_validated_as_Tper,3.942,100,работает
RUN_20260509_VPLC_L2_MEDIUM_25_35_S01_R02,VPLC_L2_MEDIUM_25_35,SER_20260509_VPLC_L2_MEDIUM_25_35_S01,vPLC_container,VPLC_HOST,373,,,2026-05-09T18:05:31.395660246Z,,,,host_log,25,35,,,,,,2,128,,technical_check,vplc_status_cycle_duration_not_validated_as_Tper,4.110,100,работает
RUN_20260509_VPLC_L2_MEDIUM_25_35_S01_R02,VPLC_L2_MEDIUM_25_35,SER_20260509_VPLC_L2_MEDIUM_25_35_S01,vPLC_container,VPLC_HOST,374,,,2026-05-09T18:05:32.454505336Z,,,,host_log,25,35,,,,,,2,128,,technical_check,vplc_status_cycle_duration_not_validated_as_Tper,0.058,100,работает
RUN_20260509_VPLC_L2_MEDIUM_25_35_S01_R02,VPLC_L2_MEDIUM_25_35,SER_20260509_VPLC_L2_MEDIUM_25_35_S01,vPLC_container,VPLC_HOST,375,,,2026-05-09T18:05:33.508851930Z,,,,host_log,25,35,,,,,,2,128,,technical_check,vplc_status_cycle_duration_not_validated_as_Tper,0.108,100,работает
RUN_20260509_VPLC_L2_MEDIUM_25_35_S01_R02,VPLC_L2_MEDIUM_25_35,SER_20260509_VPLC_L2_MEDIUM_25_35_S01,vPLC_container,VPLC_HOST,376,,,2026-05-09T18:05:34.561875359Z,,,,host_log,25,35,,,,,,2,128,,technical_check,vplc_status_cycle_duration_not_validated_as_Tper,0.107,100,работает
RUN_20260509_VPLC_L2_MEDIUM_25_35_S01_R02,VPLC_L2_MEDIUM_25_35,SER_20260509_VPLC_L2_MEDIUM_25_35_S01,vPLC_container,VPLC_HOST,377,,,2026-05-09T18:05:35.616524750Z,,,,host_log,25,35,,,,,,2,128,,technical_check,vplc_status_cycle_duration_not_validated_as_Tper,0.107,100,работает
RUN_20260509_VPLC_L2_MEDIUM_25_35_S01_R02,VPLC_L2_MEDIUM_25_35,SER_20260509_VPLC_L2_MEDIUM_25_35_S01,vPLC_container,VPLC_HOST,378,,,2026-05-09T18:05:36.675523189Z,,,,host_log,25,35,,,,,,2,128,,technical_check,vplc_status_cycle_duration_not_validated_as_Tper,0.106,100,работает
RUN_20260509_VPLC_L2_MEDIUM_25_35_S01_R02,VPLC_L2_MEDIUM_25_35,SER_20260509_VPLC_L2_MEDIUM_25_35_S01,vPLC_container,VPLC_HOST,379,,,2026-05-09T18:05:37.730643283Z,,,,host_log,25,35,,,,,,2,128,,technical_check,vplc_status_cycle_duration_not_validated_as_Tper,0.088,100,работает
RUN_20260509_VPLC_L2_MEDIUM_25_35_S01_R02,VPLC_L2_MEDIUM_25_35,SER_20260509_VPLC_L2_MEDIUM_25_35_S01,vPLC_container,VPLC_HOST,380,,,2026-05-09T18:05:38.784486194Z,,,,host_log,25,35,,,,,,2,128,,technical_check,vplc_status_cycle_duration_not_validated_as_Tper,0.106,100,работает
RUN_20260509_VPLC_L2_MEDIUM_25_35_S01_R02,VPLC_L2_MEDIUM_25_35,SER_20260509_VPLC_L2_MEDIUM_25_35_S01,vPLC_container,VPLC_HOST,381,,,2026-05-09T18:05:39.841098374Z,,,,host_log,25,35,,,,,,2,128,,technical_check,vplc_status_cycle_duration_not_validated_as_Tper,0.085,100,работает
RUN_20260509_VPLC_L2_MEDIUM_25_35_S01_R02,VPLC_L2_MEDIUM_25_35,SER_20260509_VPLC_L2_MEDIUM_25_35_S01,vPLC_container,VPLC_HOST,382,,,2026-05-09T18:05:40.897194549Z,,,,host_log,25,35,,,,,,2,128,,technical_check,vplc_status_cycle_duration_not_validated_as_Tper,0.106,100,работает
RUN_20260509_VPLC_L2_MEDIUM_25_35_S01_R02,VPLC_L2_MEDIUM_25_35,SER_20260509_VPLC_L2_MEDIUM_25_35_S01,vPLC_container,VPLC_HOST,383,,,2026-05-09T18:05:41.953094485Z,,,,host_log,25,35,,,,,,2,128,,technical_check,vplc_status_cycle_duration_not_validated_as_Tper,0.061,100,работает
RUN_20260509_VPLC_L2_MEDIUM_25_35_S01_R02,VPLC_L2_MEDIUM_25_35,SER_20260509_VPLC_L2_MEDIUM_25_35_S01,vPLC_container,VPLC_HOST,384,,,2026-05-09T18:05:43.004546740Z,,,,host_log,25,35,,,,,,2,128,,technical_check,vplc_status_cycle_duration_not_validated_as_Tper,0.107,100,работает
RUN_20260509_VPLC_L2_MEDIUM_25_35_S01_R02,VPLC_L2_MEDIUM_25_35,SER_20260509_VPLC_L2_MEDIUM_25_35_S01,vPLC_container,VPLC_HOST,385,,,2026-05-09T18:05:44.063214595Z,,,,host_log,25,35,,,,,,2,128,,technical_check,vplc_status_cycle_duration_not_validated_as_Tper,0.106,100,работает
RUN_20260509_VPLC_L2_MEDIUM_25_35_S01_R02,VPLC_L2_MEDIUM_25_35,SER_20260509_VPLC_L2_MEDIUM_25_35_S01,vPLC_container,VPLC_HOST,386,,,2026-05-09T18:05:45.116753005Z,,,,host_log,25,35,,,,,,2,128,,technical_check,vplc_status_cycle_duration_not_validated_as_Tper,0.106,100,работает
RUN_20260509_VPLC_L2_MEDIUM_25_35_S01_R02,VPLC_L2_MEDIUM_25_35,SER_20260509_VPLC_L2_MEDIUM_25_35_S01,vPLC_container,VPLC_HOST,387,,,2026-05-09T18:05:46.173257770Z,,,,host_log,25,35,,,,,,2,128,,technical_check,vplc_status_cycle_duration_not_validated_as_Tper,0.108,100,работает
RUN_20260509_VPLC_L2_MEDIUM_25_35_S01_R02,VPLC_L2_MEDIUM_25_35,SER_20260509_VPLC_L2_MEDIUM_25_35_S01,vPLC_container,VPLC_HOST,388,,,2026-05-09T18:05:47.229569201Z,,,,host_log,25,35,,,,,,2,128,,technical_check,vplc_status_cycle_duration_not_validated_as_Tper,0.085,100,работает
RUN_20260509_VPLC_L2_MEDIUM_25_35_S01_R02,VPLC_L2_MEDIUM_25_35,SER_20260509_VPLC_L2_MEDIUM_25_35_S01,vPLC_container,VPLC_HOST,389,,,2026-05-09T18:05:48.284765022Z,,,,host_log,25,35,,,,,,2,128,,technical_check,vplc_status_cycle_duration_not_validated_as_Tper,0.106,100,работает
RUN_20260509_VPLC_L2_MEDIUM_25_35_S01_R02,VPLC_L2_MEDIUM_25_35,SER_20260509_VPLC_L2_MEDIUM_25_35_S01,vPLC_container,VPLC_HOST,390,,,2026-05-09T18:05:49.340697386Z,,,,host_log,25,35,,,,,,2,128,,technical_check,vplc_status_cycle_duration_not_validated_as_Tper,4.278,100,работает
RUN_20260509_VPLC_L2_MEDIUM_25_35_S01_R02,VPLC_L2_MEDIUM_25_35,SER_20260509_VPLC_L2_MEDIUM_25_35_S01,vPLC_container,VPLC_HOST,391,,,2026-05-09T18:05:50.394531795Z,,,,host_log,25,35,,,,,,2,128,,technical_check,vplc_status_cycle_duration_not_validated_as_Tper,4.479,100,работает
RUN_20260509_VPLC_L2_MEDIUM_25_35_S01_R02,VPLC_L2_MEDIUM_25_35,SER_20260509_VPLC_L2_MEDIUM_25_35_S01,vPLC_container,VPLC_HOST,392,,,2026-05-09T18:05:51.449857356Z,,,,host_log,25,35,,,,,,2,128,,technical_check,vplc_status_cycle_duration_not_validated_as_Tper,0.051,100,работает
RUN_20260509_VPLC_L2_MEDIUM_25_35_S01_R02,VPLC_L2_MEDIUM_25_35,SER_20260509_VPLC_L2_MEDIUM_25_35_S01,vPLC_container,VPLC_HOST,393,,,2026-05-09T18:05:52.503519063Z,,,,host_log,25,35,,,,,,2,128,,technical_check,vplc_status_cycle_duration_not_validated_as_Tper,0.104,100,работает
RUN_20260509_VPLC_L2_MEDIUM_25_35_S01_R02,VPLC_L2_MEDIUM_25_35,SER_20260509_VPLC_L2_MEDIUM_25_35_S01,vPLC_container,VPLC_HOST,394,,,2026-05-09T18:05:53.560321663Z,,,,host_log,25,35,,,,,,2,128,,technical_check,vplc_status_cycle_duration_not_validated_as_Tper,0.102,100,работает
RUN_20260509_VPLC_L2_MEDIUM_25_35_S01_R02,VPLC_L2_MEDIUM_25_35,SER_20260509_VPLC_L2_MEDIUM_25_35_S01,vPLC_container,VPLC_HOST,395,,,2026-05-09T18:05:54.616107379Z,,,,host_log,25,35,,,,,,2,128,,technical_check,vplc_status_cycle_duration_not_validated_as_Tper,0.110,100,работает
RUN_20260509_VPLC_L2_MEDIUM_25_35_S01_R02,VPLC_L2_MEDIUM_25_35,SER_20260509_VPLC_L2_MEDIUM_25_35_S01,vPLC_container,VPLC_HOST,396,,,2026-05-09T18:05:55.672616934Z,,,,host_log,25,35,,,,,,2,128,,technical_check,vplc_status_cycle_duration_not_validated_as_Tper,0.106,100,работает
RUN_20260509_VPLC_L2_MEDIUM_25_35_S01_R02,VPLC_L2_MEDIUM_25_35,SER_20260509_VPLC_L2_MEDIUM_25_35_S01,vPLC_container,VPLC_HOST,397,,,2026-05-09T18:05:56.728107114Z,,,,host_log,25,35,,,,,,2,128,,technical_check,vplc_status_cycle_duration_not_validated_as_Tper,0.086,100,работает
RUN_20260509_VPLC_L2_MEDIUM_25_35_S01_R02,VPLC_L2_MEDIUM_25_35,SER_20260509_VPLC_L2_MEDIUM_25_35_S01,vPLC_container,VPLC_HOST,398,,,2026-05-09T18:05:57.783539196Z,,,,host_log,25,35,,,,,,2,128,,technical_check,vplc_status_cycle_duration_not_validated_as_Tper,0.106,100,работает
RUN_20260509_VPLC_L2_MEDIUM_25_35_S01_R02,VPLC_L2_MEDIUM_25_35,SER_20260509_VPLC_L2_MEDIUM_25_35_S01,vPLC_container,VPLC_HOST,399,,,2026-05-09T18:05:58.838769881Z,,,,host_log,25,35,,,,,,2,128,,technical_check,vplc_status_cycle_duration_not_validated_as_Tper,0.089,100,работает
RUN_20260509_VPLC_L2_MEDIUM_25_35_S01_R02,VPLC_L2_MEDIUM_25_35,SER_20260509_VPLC_L2_MEDIUM_25_35_S01,vPLC_container,VPLC_HOST,400,,,2026-05-09T18:05:59.893011219Z,,,,host_log,25,35,,,,,,2,128,,technical_check,vplc_status_cycle_duration_not_validated_as_Tper,0.105,100,работает
RUN_20260509_VPLC_L2_MEDIUM_25_35_S01_R02,VPLC_L2_MEDIUM_25_35,SER_20260509_VPLC_L2_MEDIUM_25_35_S01,vPLC_container,VPLC_HOST,401,,,2026-05-09T18:06:00.948919765Z,,,,host_log,25,35,,,,,,2,128,,technical_check,vplc_status_cycle_duration_not_validated_as_Tper,0.057,100,работает
RUN_20260509_VPLC_L2_MEDIUM_25_35_S01_R02,VPLC_L2_MEDIUM_25_35,SER_20260509_VPLC_L2_MEDIUM_25_35_S01,vPLC_container,VPLC_HOST,402,,,2026-05-09T18:06:02.004707216Z,,,,host_log,25,35,,,,,,2,128,,technical_check,vplc_status_cycle_duration_not_validated_as_Tper,0.107,100,работает
RUN_20260509_VPLC_L2_MEDIUM_25_35_S01_R02,VPLC_L2_MEDIUM_25_35,SER_20260509_VPLC_L2_MEDIUM_25_35_S01,vPLC_container,VPLC_HOST,403,,,2026-05-09T18:06:03.058875020Z,,,,host_log,25,35,,,,,,2,128,,technical_check,vplc_status_cycle_duration_not_validated_as_Tper,0.093,100,работает
RUN_20260509_VPLC_L2_MEDIUM_25_35_S01_R02,VPLC_L2_MEDIUM_25_35,SER_20260509_VPLC_L2_MEDIUM_25_35_S01,vPLC_container,VPLC_HOST,404,,,2026-05-09T18:06:04.115058705Z,,,,host_log,25,35,,,,,,2,128,,technical_check,vplc_status_cycle_duration_not_validated_as_Tper,0.107,100,работает
RUN_20260509_VPLC_L2_MEDIUM_25_35_S01_R02,VPLC_L2_MEDIUM_25_35,SER_20260509_VPLC_L2_MEDIUM_25_35_S01,vPLC_container,VPLC_HOST,405,,,2026-05-09T18:06:05.170672926Z,,,,host_log,25,35,,,,,,2,128,,technical_check,vplc_status_cycle_duration_not_validated_as_Tper,0.106,100,работает
RUN_20260509_VPLC_L2_MEDIUM_25_35_S01_R02,VPLC_L2_MEDIUM_25_35,SER_20260509_VPLC_L2_MEDIUM_25_35_S01,vPLC_container,VPLC_HOST,406,,,2026-05-09T18:06:06.223202826Z,,,,host_log,25,35,,,,,,2,128,,technical_check,vplc_status_cycle_duration_not_validated_as_Tper,0.084,100,работает
RUN_20260509_VPLC_L2_MEDIUM_25_35_S01_R02,VPLC_L2_MEDIUM_25_35,SER_20260509_VPLC_L2_MEDIUM_25_35_S01,vPLC_container,VPLC_HOST,407,,,2026-05-09T18:06:07.280436394Z,,,,host_log,25,35,,,,,,2,128,,technical_check,vplc_status_cycle_duration_not_validated_as_Tper,0.110,100,работает
RUN_20260509_VPLC_L2_MEDIUM_25_35_S01_R02,VPLC_L2_MEDIUM_25_35,SER_20260509_VPLC_L2_MEDIUM_25_35_S01,vPLC_container,VPLC_HOST,408,,,2026-05-09T18:06:08.336307782Z,,,,host_log,25,35,,,,,,2,128,,technical_check,vplc_status_cycle_duration_not_validated_as_Tper,4.722,100,работает
RUN_20260509_VPLC_L2_MEDIUM_25_35_S01_R02,VPLC_L2_MEDIUM_25_35,SER_20260509_VPLC_L2_MEDIUM_25_35_S01,vPLC_container,VPLC_HOST,409,,,2026-05-09T18:06:09.391382198Z,,,,host_log,25,35,,,,,,2,128,,technical_check,vplc_status_cycle_duration_not_validated_as_Tper,4.500,100,работает
RUN_20260509_VPLC_L2_MEDIUM_25_35_S01_R02,VPLC_L2_MEDIUM_25_35,SER_20260509_VPLC_L2_MEDIUM_25_35_S01,vPLC_container,VPLC_HOST,410,,,2026-05-09T18:06:10.447603372Z,,,,host_log,25,35,,,,,,2,128,,technical_check,vplc_status_cycle_duration_not_validated_as_Tper,0.057,100,работает
RUN_20260509_VPLC_L2_MEDIUM_25_35_S01_R02,VPLC_L2_MEDIUM_25_35,SER_20260509_VPLC_L2_MEDIUM_25_35_S01,vPLC_container,VPLC_HOST,411,,,2026-05-09T18:06:11.500659675Z,,,,host_log,25,35,,,,,,2,128,,technical_check,vplc_status_cycle_duration_not_validated_as_Tper,0.108,100,работает
RUN_20260509_VPLC_L2_MEDIUM_25_35_S01_R02,VPLC_L2_MEDIUM_25_35,SER_20260509_VPLC_L2_MEDIUM_25_35_S01,vPLC_container,VPLC_HOST,412,,,2026-05-09T18:06:12.557485911Z,,,,host_log,25,35,,,,,,2,128,,technical_check,vplc_status_cycle_duration_not_validated_as_Tper,0.080,100,работает
RUN_20260509_VPLC_L2_MEDIUM_25_35_S01_R02,VPLC_L2_MEDIUM_25_35,SER_20260509_VPLC_L2_MEDIUM_25_35_S01,vPLC_container,VPLC_HOST,413,,,2026-05-09T18:06:13.612381896Z,,,,host_log,25,35,,,,,,2,128,,technical_check,vplc_status_cycle_duration_not_validated_as_Tper,0.107,100,работает
RUN_20260509_VPLC_L2_MEDIUM_25_35_S01_R02,VPLC_L2_MEDIUM_25_35,SER_20260509_VPLC_L2_MEDIUM_25_35_S01,vPLC_container,VPLC_HOST,414,,,2026-05-09T18:06:14.669829861Z,,,,host_log,25,35,,,,,,2,128,,technical_check,vplc_status_cycle_duration_not_validated_as_Tper,0.106,100,работает
RUN_20260509_VPLC_L2_MEDIUM_25_35_S01_R02,VPLC_L2_MEDIUM_25_35,SER_20260509_VPLC_L2_MEDIUM_25_35_S01,vPLC_container,VPLC_HOST,415,,,2026-05-09T18:06:15.725656186Z,,,,host_log,25,35,,,,,,2,128,,technical_check,vplc_status_cycle_duration_not_validated_as_Tper,0.109,100,работает
RUN_20260509_VPLC_L2_MEDIUM_25_35_S01_R02,VPLC_L2_MEDIUM_25_35,SER_20260509_VPLC_L2_MEDIUM_25_35_S01,vPLC_container,VPLC_HOST,416,,,2026-05-09T18:06:16.780958285Z,,,,host_log,25,35,,,,,,2,128,,technical_check,vplc_status_cycle_duration_not_validated_as_Tper,0.107,100,работает
RUN_20260509_VPLC_L2_MEDIUM_25_35_S01_R02,VPLC_L2_MEDIUM_25_35,SER_20260509_VPLC_L2_MEDIUM_25_35_S01,vPLC_container,VPLC_HOST,417,,,2026-05-09T18:06:17.835982298Z,,,,host_log,25,35,,,,,,2,128,,technical_check,vplc_status_cycle_duration_not_validated_as_Tper,0.085,100,работает
RUN_20260509_VPLC_L2_MEDIUM_25_35_S01_R02,VPLC_L2_MEDIUM_25_35,SER_20260509_VPLC_L2_MEDIUM_25_35_S01,vPLC_container,VPLC_HOST,418,,,2026-05-09T18:06:18.891294441Z,,,,host_log,25,35,,,,,,2,128,,technical_check,vplc_status_cycle_duration_not_validated_as_Tper,0.106,100,работает
RUN_20260509_VPLC_L2_MEDIUM_25_35_S01_R02,VPLC_L2_MEDIUM_25_35,SER_20260509_VPLC_L2_MEDIUM_25_35_S01,vPLC_container,VPLC_HOST,419,,,2026-05-09T18:06:19.944272534Z,,,,host_log,25,35,,,,,,2,128,,technical_check,vplc_status_cycle_duration_not_validated_as_Tper,0.089,100,работает
RUN_20260509_VPLC_L2_MEDIUM_25_35_S01_R02,VPLC_L2_MEDIUM_25_35,SER_20260509_VPLC_L2_MEDIUM_25_35_S01,vPLC_container,VPLC_HOST,420,,,2026-05-09T18:06:21.000999458Z,,,,host_log,25,35,,,,,,2,128,,technical_check,vplc_status_cycle_duration_not_validated_as_Tper,0.107,100,работает
RUN_20260509_VPLC_L2_MEDIUM_25_35_S01_R02,VPLC_L2_MEDIUM_25_35,SER_20260509_VPLC_L2_MEDIUM_25_35_S01,vPLC_container,VPLC_HOST,421,,,2026-05-09T18:06:22.054967373Z,,,,host_log,25,35,,,,,,2,128,,technical_check,vplc_status_cycle_duration_not_validated_as_Tper,0.066,100,работает
RUN_20260509_VPLC_L2_MEDIUM_25_35_S01_R02,VPLC_L2_MEDIUM_25_35,SER_20260509_VPLC_L2_MEDIUM_25_35_S01,vPLC_container,VPLC_HOST,422,,,2026-05-09T18:06:23.112257741Z,,,,host_log,25,35,,,,,,2,128,,technical_check,vplc_status_cycle_duration_not_validated_as_Tper,0.106,100,работает
RUN_20260509_VPLC_L2_MEDIUM_25_35_S01_R02,VPLC_L2_MEDIUM_25_35,SER_20260509_VPLC_L2_MEDIUM_25_35_S01,vPLC_container,VPLC_HOST,423,,,2026-05-09T18:06:24.168717492Z,,,,host_log,25,35,,,,,,2,128,,technical_check,vplc_status_cycle_duration_not_validated_as_Tper,0.109,100,работает
RUN_20260509_VPLC_L2_MEDIUM_25_35_S01_R02,VPLC_L2_MEDIUM_25_35,SER_20260509_VPLC_L2_MEDIUM_25_35_S01,vPLC_container,VPLC_HOST,424,,,2026-05-09T18:06:25.223207259Z,,,,host_log,25,35,,,,,,2,128,,technical_check,vplc_status_cycle_duration_not_validated_as_Tper,0.086,100,работает
RUN_20260509_VPLC_L2_MEDIUM_25_35_S01_R02,VPLC_L2_MEDIUM_25_35,SER_20260509_VPLC_L2_MEDIUM_25_35_S01,vPLC_container,VPLC_HOST,425,,,2026-05-09T18:06:26.276581608Z,,,,host_log,25,35,,,,,,2,128,,technical_check,vplc_status_cycle_duration_not_validated_as_Tper,0.105,100,работает
RUN_20260509_VPLC_L2_MEDIUM_25_35_S01_R02,VPLC_L2_MEDIUM_25_35,SER_20260509_VPLC_L2_MEDIUM_25_35_S01,vPLC_container,VPLC_HOST,426,,,2026-05-09T18:06:27.331392264Z,,,,host_log,25,35,,,,,,2,128,,technical_check,vplc_status_cycle_duration_not_validated_as_Tper,4.287,100,работает
RUN_20260509_VPLC_L2_MEDIUM_25_35_S01_R02,VPLC_L2_MEDIUM_25_35,SER_20260509_VPLC_L2_MEDIUM_25_35_S01,vPLC_container,VPLC_HOST,427,,,2026-05-09T18:06:28.385944852Z,,,,host_log,25,35,,,,,,2,128,,technical_check,vplc_status_cycle_duration_not_validated_as_Tper,4.332,100,работает
RUN_20260509_VPLC_L2_MEDIUM_25_35_S01_R02,VPLC_L2_MEDIUM_25_35,SER_20260509_VPLC_L2_MEDIUM_25_35_S01,vPLC_container,VPLC_HOST,428,,,2026-05-09T18:06:29.443547729Z,,,,host_log,25,35,,,,,,2,128,,technical_check,vplc_status_cycle_duration_not_validated_as_Tper,0.070,100,работает
RUN_20260509_VPLC_L2_MEDIUM_25_35_S01_R02,VPLC_L2_MEDIUM_25_35,SER_20260509_VPLC_L2_MEDIUM_25_35_S01,vPLC_container,VPLC_HOST,429,,,2026-05-09T18:06:30.496547140Z,,,,host_log,25,35,,,,,,2,128,,technical_check,vplc_status_cycle_duration_not_validated_as_Tper,0.106,100,работает
RUN_20260509_VPLC_L2_MEDIUM_25_35_S01_R02,VPLC_L2_MEDIUM_25_35,SER_20260509_VPLC_L2_MEDIUM_25_35_S01,vPLC_container,VPLC_HOST,430,,,2026-05-09T18:06:31.553050695Z,,,,host_log,25,35,,,,,,2,128,,technical_check,vplc_status_cycle_duration_not_validated_as_Tper,0.056,100,работает
RUN_20260509_VPLC_L2_MEDIUM_25_35_S01_R02,VPLC_L2_MEDIUM_25_35,SER_20260509_VPLC_L2_MEDIUM_25_35_S01,vPLC_container,VPLC_HOST,431,,,2026-05-09T18:06:32.607592442Z,,,,host_log,25,35,,,,,,2,128,,technical_check,vplc_status_cycle_duration_not_validated_as_Tper,0.108,100,работает
RUN_20260509_VPLC_L2_MEDIUM_25_35_S01_R02,VPLC_L2_MEDIUM_25_35,SER_20260509_VPLC_L2_MEDIUM_25_35_S01,vPLC_container,VPLC_HOST,432,,,2026-05-09T18:06:33.665791199Z,,,,host_log,25,35,,,,,,2,128,,technical_check,vplc_status_cycle_duration_not_validated_as_Tper,0.106,100,работает
RUN_20260509_VPLC_L2_MEDIUM_25_35_S01_R02,VPLC_L2_MEDIUM_25_35,SER_20260509_VPLC_L2_MEDIUM_25_35_S01,vPLC_container,VPLC_HOST,433,,,2026-05-09T18:06:34.721753983Z,,,,host_log,25,35,,,,,,2,128,,technical_check,vplc_status_cycle_duration_not_validated_as_Tper,0.107,100,работает
RUN_20260509_VPLC_L2_MEDIUM_25_35_S01_R02,VPLC_L2_MEDIUM_25_35,SER_20260509_VPLC_L2_MEDIUM_25_35_S01,vPLC_container,VPLC_HOST,434,,,2026-05-09T18:06:35.777289097Z,,,,host_log,25,35,,,,,,2,128,,technical_check,vplc_status_cycle_duration_not_validated_as_Tper,0.107,100,работает
RUN_20260509_VPLC_L2_MEDIUM_25_35_S01_R02,VPLC_L2_MEDIUM_25_35,SER_20260509_VPLC_L2_MEDIUM_25_35_S01,vPLC_container,VPLC_HOST,435,,,2026-05-09T18:06:36.830125435Z,,,,host_log,25,35,,,,,,2,128,,technical_check,vplc_status_cycle_duration_not_validated_as_Tper,0.088,100,работает
RUN_20260509_VPLC_L2_MEDIUM_25_35_S01_R02,VPLC_L2_MEDIUM_25_35,SER_20260509_VPLC_L2_MEDIUM_25_35_S01,vPLC_container,VPLC_HOST,436,,,2026-05-09T18:06:37.886198487Z,,,,host_log,25,35,,,,,,2,128,,technical_check,vplc_status_cycle_duration_not_validated_as_Tper,0.107,100,работает
RUN_20260509_VPLC_L2_MEDIUM_25_35_S01_R02,VPLC_L2_MEDIUM_25_35,SER_20260509_VPLC_L2_MEDIUM_25_35_S01,vPLC_container,VPLC_HOST,437,,,2026-05-09T18:06:38.942473248Z,,,,host_log,25,35,,,,,,2,128,,technical_check,vplc_status_cycle_duration_not_validated_as_Tper,0.087,100,работает
RUN_20260509_VPLC_L2_MEDIUM_25_35_S01_R02,VPLC_L2_MEDIUM_25_35,SER_20260509_VPLC_L2_MEDIUM_25_35_S01,vPLC_container,VPLC_HOST,438,,,2026-05-09T18:06:39.998325287Z,,,,host_log,25,35,,,,,,2,128,,technical_check,vplc_status_cycle_duration_not_validated_as_Tper,0.107,100,работает
RUN_20260509_VPLC_L2_MEDIUM_25_35_S01_R02,VPLC_L2_MEDIUM_25_35,SER_20260509_VPLC_L2_MEDIUM_25_35_S01,vPLC_container,VPLC_HOST,439,,,2026-05-09T18:06:41.053513200Z,,,,host_log,25,35,,,,,,2,128,,technical_check,vplc_status_cycle_duration_not_validated_as_Tper,0.067,100,работает
RUN_20260509_VPLC_L2_MEDIUM_25_35_S01_R02,VPLC_L2_MEDIUM_25_35,SER_20260509_VPLC_L2_MEDIUM_25_35_S01,vPLC_container,VPLC_HOST,440,,,2026-05-09T18:06:42.104632255Z,,,,host_log,25,35,,,,,,2,128,,technical_check,vplc_status_cycle_duration_not_validated_as_Tper,0.106,100,работает
RUN_20260509_VPLC_L2_MEDIUM_25_35_S01_R02,VPLC_L2_MEDIUM_25_35,SER_20260509_VPLC_L2_MEDIUM_25_35_S01,vPLC_container,VPLC_HOST,441,,,2026-05-09T18:06:43.161748890Z,,,,host_log,25,35,,,,,,2,128,,technical_check,vplc_status_cycle_duration_not_validated_as_Tper,0.108,100,работает
RUN_20260509_VPLC_L2_MEDIUM_25_35_S01_R02,VPLC_L2_MEDIUM_25_35,SER_20260509_VPLC_L2_MEDIUM_25_35_S01,vPLC_container,VPLC_HOST,442,,,2026-05-09T18:06:44.219594319Z,,,,host_log,25,35,,,,,,2,128,,technical_check,vplc_status_cycle_duration_not_validated_as_Tper,0.107,100,работает
RUN_20260509_VPLC_L2_MEDIUM_25_35_S01_R02,VPLC_L2_MEDIUM_25_35,SER_20260509_VPLC_L2_MEDIUM_25_35_S01,vPLC_container,VPLC_HOST,443,,,2026-05-09T18:06:45.274292683Z,,,,host_log,25,35,,,,,,2,128,,technical_check,vplc_status_cycle_duration_not_validated_as_Tper,0.105,100,работает
RUN_20260509_VPLC_L2_MEDIUM_25_35_S01_R02,VPLC_L2_MEDIUM_25_35,SER_20260509_VPLC_L2_MEDIUM_25_35_S01,vPLC_container,VPLC_HOST,444,,,2026-05-09T18:06:46.327575957Z,,,,host_log,25,35,,,,,,2,128,,technical_check,vplc_status_cycle_duration_not_validated_as_Tper,4.337,100,работает
RUN_20260509_VPLC_L2_MEDIUM_25_35_S01_R02,VPLC_L2_MEDIUM_25_35,SER_20260509_VPLC_L2_MEDIUM_25_35_S01,vPLC_container,VPLC_HOST,445,,,2026-05-09T18:06:47.385800139Z,,,,host_log,25,35,,,,,,2,128,,technical_check,vplc_status_cycle_duration_not_validated_as_Tper,4.445,100,работает
RUN_20260509_VPLC_L2_MEDIUM_25_35_S01_R02,VPLC_L2_MEDIUM_25_35,SER_20260509_VPLC_L2_MEDIUM_25_35_S01,vPLC_container,VPLC_HOST,446,,,2026-05-09T18:06:48.438833915Z,,,,host_log,25,35,,,,,,2,128,,technical_check,vplc_status_cycle_duration_not_validated_as_Tper,0.085,100,работает
RUN_20260509_VPLC_L2_MEDIUM_25_35_S01_R02,VPLC_L2_MEDIUM_25_35,SER_20260509_VPLC_L2_MEDIUM_25_35_S01,vPLC_container,VPLC_HOST,447,,,2026-05-09T18:06:49.496182330Z,,,,host_log,25,35,,,,,,2,128,,technical_check,vplc_status_cycle_duration_not_validated_as_Tper,0.106,100,работает
RUN_20260509_VPLC_L2_MEDIUM_25_35_S01_R02,VPLC_L2_MEDIUM_25_35,SER_20260509_VPLC_L2_MEDIUM_25_35_S01,vPLC_container,VPLC_HOST,448,,,2026-05-09T18:06:50.551951267Z,,,,host_log,25,35,,,,,,2,128,,technical_check,vplc_status_cycle_duration_not_validated_as_Tper,0.048,100,работает
RUN_20260509_VPLC_L2_MEDIUM_25_35_S01_R02,VPLC_L2_MEDIUM_25_35,SER_20260509_VPLC_L2_MEDIUM_25_35_S01,vPLC_container,VPLC_HOST,449,,,2026-05-09T18:06:51.607408910Z,,,,host_log,25,35,,,,,,2,128,,technical_check,vplc_status_cycle_duration_not_validated_as_Tper,0.107,100,работает
RUN_20260509_VPLC_L2_MEDIUM_25_35_S01_R02,VPLC_L2_MEDIUM_25_35,SER_20260509_VPLC_L2_MEDIUM_25_35_S01,vPLC_container,VPLC_HOST,450,,,2026-05-09T18:06:52.660101919Z,,,,host_log,25,35,,,,,,2,128,,technical_check,vplc_status_cycle_duration_not_validated_as_Tper,0.101,100,работает
RUN_20260509_VPLC_L2_MEDIUM_25_35_S01_R02,VPLC_L2_MEDIUM_25_35,SER_20260509_VPLC_L2_MEDIUM_25_35_S01,vPLC_container,VPLC_HOST,451,,,2026-05-09T18:06:53.715339114Z,,,,host_log,25,35,,,,,,2,128,,technical_check,vplc_status_cycle_duration_not_validated_as_Tper,0.105,100,работает
RUN_20260509_VPLC_L2_MEDIUM_25_35_S01_R02,VPLC_L2_MEDIUM_25_35,SER_20260509_VPLC_L2_MEDIUM_25_35_S01,vPLC_container,VPLC_HOST,452,,,2026-05-09T18:06:54.773484876Z,,,,host_log,25,35,,,,,,2,128,,technical_check,vplc_status_cycle_duration_not_validated_as_Tper,0.107,100,работает
RUN_20260509_VPLC_L2_MEDIUM_25_35_S01_R02,VPLC_L2_MEDIUM_25_35,SER_20260509_VPLC_L2_MEDIUM_25_35_S01,vPLC_container,VPLC_HOST,453,,,2026-05-09T18:06:55.829562696Z,,,,host_log,25,35,,,,,,2,128,,technical_check,vplc_status_cycle_duration_not_validated_as_Tper,0.085,100,работает
RUN_20260509_VPLC_L2_MEDIUM_25_35_S01_R02,VPLC_L2_MEDIUM_25_35,SER_20260509_VPLC_L2_MEDIUM_25_35_S01,vPLC_container,VPLC_HOST,454,,,2026-05-09T18:06:56.880776331Z,,,,host_log,25,35,,,,,,2,128,,technical_check,vplc_status_cycle_duration_not_validated_as_Tper,0.105,100,работает
RUN_20260509_VPLC_L2_MEDIUM_25_35_S01_R02,VPLC_L2_MEDIUM_25_35,SER_20260509_VPLC_L2_MEDIUM_25_35_S01,vPLC_container,VPLC_HOST,455,,,2026-05-09T18:06:57.939587830Z,,,,host_log,25,35,,,,,,2,128,,technical_check,vplc_status_cycle_duration_not_validated_as_Tper,0.086,100,работает
RUN_20260509_VPLC_L2_MEDIUM_25_35_S01_R02,VPLC_L2_MEDIUM_25_35,SER_20260509_VPLC_L2_MEDIUM_25_35_S01,vPLC_container,VPLC_HOST,456,,,2026-05-09T18:06:58.995147565Z,,,,host_log,25,35,,,,,,2,128,,technical_check,vplc_status_cycle_duration_not_validated_as_Tper,0.107,100,работает
RUN_20260509_VPLC_L2_MEDIUM_25_35_S01_R02,VPLC_L2_MEDIUM_25_35,SER_20260509_VPLC_L2_MEDIUM_25_35_S01,vPLC_container,VPLC_HOST,457,,,2026-05-09T18:07:00.049270340Z,,,,host_log,25,35,,,,,,2,128,,technical_check,vplc_status_cycle_duration_not_validated_as_Tper,0.048,100,работает
RUN_20260509_VPLC_L2_MEDIUM_25_35_S01_R02,VPLC_L2_MEDIUM_25_35,SER_20260509_VPLC_L2_MEDIUM_25_35_S01,vPLC_container,VPLC_HOST,458,,,2026-05-09T18:07:01.104931543Z,,,,host_log,25,35,,,,,,2,128,,technical_check,vplc_status_cycle_duration_not_validated_as_Tper,0.104,100,работает
RUN_20260509_VPLC_L2_MEDIUM_25_35_S01_R02,VPLC_L2_MEDIUM_25_35,SER_20260509_VPLC_L2_MEDIUM_25_35_S01,vPLC_container,VPLC_HOST,459,,,2026-05-09T18:07:02.161308629Z,,,,host_log,25,35,,,,,,2,128,,technical_check,vplc_status_cycle_duration_not_validated_as_Tper,0.107,100,работает
RUN_20260509_VPLC_L2_MEDIUM_25_35_S01_R02,VPLC_L2_MEDIUM_25_35,SER_20260509_VPLC_L2_MEDIUM_25_35_S01,vPLC_container,VPLC_HOST,460,,,2026-05-09T18:07:03.215044431Z,,,,host_log,25,35,,,,,,2,128,,technical_check,vplc_status_cycle_duration_not_validated_as_Tper,0.106,100,работает
RUN_20260509_VPLC_L2_MEDIUM_25_35_S01_R02,VPLC_L2_MEDIUM_25_35,SER_20260509_VPLC_L2_MEDIUM_25_35_S01,vPLC_container,VPLC_HOST,461,,,2026-05-09T18:07:04.272001696Z,,,,host_log,25,35,,,,,,2,128,,technical_check,vplc_status_cycle_duration_not_validated_as_Tper,0.105,100,работает
RUN_20260509_VPLC_L2_MEDIUM_25_35_S01_R02,VPLC_L2_MEDIUM_25_35,SER_20260509_VPLC_L2_MEDIUM_25_35_S01,vPLC_container,VPLC_HOST,462,,,2026-05-09T18:07:05.324654105Z,,,,host_log,25,35,,,,,,2,128,,technical_check,vplc_status_cycle_duration_not_validated_as_Tper,0.105,100,работает
RUN_20260509_VPLC_L2_MEDIUM_25_35_S01_R02,VPLC_L2_MEDIUM_25_35,SER_20260509_VPLC_L2_MEDIUM_25_35_S01,vPLC_container,VPLC_HOST,463,,,2026-05-09T18:07:06.380839860Z,,,,host_log,25,35,,,,,,2,128,,technical_check,vplc_status_cycle_duration_not_validated_as_Tper,5.129,100,работает
RUN_20260509_VPLC_L2_MEDIUM_25_35_S01_R02,VPLC_L2_MEDIUM_25_35,SER_20260509_VPLC_L2_MEDIUM_25_35_S01,vPLC_container,VPLC_HOST,464,,,2026-05-09T18:07:07.432785019Z,,,,host_log,25,35,,,,,,2,128,,technical_check,vplc_status_cycle_duration_not_validated_as_Tper,0.084,100,работает
RUN_20260509_VPLC_L2_MEDIUM_25_35_S01_R02,VPLC_L2_MEDIUM_25_35,SER_20260509_VPLC_L2_MEDIUM_25_35_S01,vPLC_container,VPLC_HOST,465,,,2026-05-09T18:07:08.491856695Z,,,,host_log,25,35,,,,,,2,128,,technical_check,vplc_status_cycle_duration_not_validated_as_Tper,0.105,100,работает
RUN_20260509_VPLC_L2_MEDIUM_25_35_S01_R02,VPLC_L2_MEDIUM_25_35,SER_20260509_VPLC_L2_MEDIUM_25_35_S01,vPLC_container,VPLC_HOST,466,,,2026-05-09T18:07:09.547100867Z,,,,host_log,25,35,,,,,,2,128,,technical_check,vplc_status_cycle_duration_not_validated_as_Tper,0.057,100,работает
RUN_20260509_VPLC_L2_MEDIUM_25_35_S01_R02,VPLC_L2_MEDIUM_25_35,SER_20260509_VPLC_L2_MEDIUM_25_35_S01,vPLC_container,VPLC_HOST,467,,,2026-05-09T18:07:10.602771684Z,,,,host_log,25,35,,,,,,2,128,,technical_check,vplc_status_cycle_duration_not_validated_as_Tper,0.107,100,работает
RUN_20260509_VPLC_L2_MEDIUM_25_35_S01_R02,VPLC_L2_MEDIUM_25_35,SER_20260509_VPLC_L2_MEDIUM_25_35_S01,vPLC_container,VPLC_HOST,468,,,2026-05-09T18:07:11.656272762Z,,,,host_log,25,35,,,,,,2,128,,technical_check,vplc_status_cycle_duration_not_validated_as_Tper,0.073,100,работает
RUN_20260509_VPLC_L2_MEDIUM_25_35_S01_R02,VPLC_L2_MEDIUM_25_35,SER_20260509_VPLC_L2_MEDIUM_25_35_S01,vPLC_container,VPLC_HOST,469,,,2026-05-09T18:07:12.711343913Z,,,,host_log,25,35,,,,,,2,128,,technical_check,vplc_status_cycle_duration_not_validated_as_Tper,0.106,100,работает
RUN_20260509_VPLC_L2_MEDIUM_25_35_S01_R02,VPLC_L2_MEDIUM_25_35,SER_20260509_VPLC_L2_MEDIUM_25_35_S01,vPLC_container,VPLC_HOST,470,,,2026-05-09T18:07:13.769135964Z,,,,host_log,25,35,,,,,,2,128,,technical_check,vplc_status_cycle_duration_not_validated_as_Tper,0.104,100,работает
RUN_20260509_VPLC_L2_MEDIUM_25_35_S01_R02,VPLC_L2_MEDIUM_25_35,SER_20260509_VPLC_L2_MEDIUM_25_35_S01,vPLC_container,VPLC_HOST,471,,,2026-05-09T18:07:14.822383985Z,,,,host_log,25,35,,,,,,2,128,,technical_check,vplc_status_cycle_duration_not_validated_as_Tper,0.106,100,работает
RUN_20260509_VPLC_L2_MEDIUM_25_35_S01_R02,VPLC_L2_MEDIUM_25_35,SER_20260509_VPLC_L2_MEDIUM_25_35_S01,vPLC_container,VPLC_HOST,472,,,2026-05-09T18:07:15.880215008Z,,,,host_log,25,35,,,,,,2,128,,technical_check,vplc_status_cycle_duration_not_validated_as_Tper,0.107,100,работает
RUN_20260509_VPLC_L2_MEDIUM_25_35_S01_R02,VPLC_L2_MEDIUM_25_35,SER_20260509_VPLC_L2_MEDIUM_25_35_S01,vPLC_container,VPLC_HOST,473,,,2026-05-09T18:07:16.935216588Z,,,,host_log,25,35,,,,,,2,128,,technical_check,vplc_status_cycle_duration_not_validated_as_Tper,0.087,100,работает
RUN_20260509_VPLC_L2_MEDIUM_25_35_S01_R02,VPLC_L2_MEDIUM_25_35,SER_20260509_VPLC_L2_MEDIUM_25_35_S01,vPLC_container,VPLC_HOST,474,,,2026-05-09T18:07:17.989540700Z,,,,host_log,25,35,,,,,,2,128,,technical_check,vplc_status_cycle_duration_not_validated_as_Tper,0.106,100,работает
RUN_20260509_VPLC_L2_MEDIUM_25_35_S01_R02,VPLC_L2_MEDIUM_25_35,SER_20260509_VPLC_L2_MEDIUM_25_35_S01,vPLC_container,VPLC_HOST,475,,,2026-05-09T18:07:19.046058559Z,,,,host_log,25,35,,,,,,2,128,,technical_check,vplc_status_cycle_duration_not_validated_as_Tper,0.069,100,работает
RUN_20260509_VPLC_L2_MEDIUM_25_35_S01_R02,VPLC_L2_MEDIUM_25_35,SER_20260509_VPLC_L2_MEDIUM_25_35_S01,vPLC_container,VPLC_HOST,476,,,2026-05-09T18:07:20.096794560Z,,,,host_log,25,35,,,,,,2,128,,technical_check,vplc_status_cycle_duration_not_validated_as_Tper,0.107,100,работает
RUN_20260509_VPLC_L2_MEDIUM_25_35_S01_R02,VPLC_L2_MEDIUM_25_35,SER_20260509_VPLC_L2_MEDIUM_25_35_S01,vPLC_container,VPLC_HOST,477,,,2026-05-09T18:07:21.154148491Z,,,,host_log,25,35,,,,,,2,128,,technical_check,vplc_status_cycle_duration_not_validated_as_Tper,0.059,100,работает
RUN_20260509_VPLC_L2_MEDIUM_25_35_S01_R02,VPLC_L2_MEDIUM_25_35,SER_20260509_VPLC_L2_MEDIUM_25_35_S01,vPLC_container,VPLC_HOST,478,,,2026-05-09T18:07:22.210797366Z,,,,host_log,25,35,,,,,,2,128,,technical_check,vplc_status_cycle_duration_not_validated_as_Tper,0.106,100,работает
RUN_20260509_VPLC_L2_MEDIUM_25_35_S01_R02,VPLC_L2_MEDIUM_25_35,SER_20260509_VPLC_L2_MEDIUM_25_35_S01,vPLC_container,VPLC_HOST,479,,,2026-05-09T18:07:23.265191519Z,,,,host_log,25,35,,,,,,2,128,,technical_check,vplc_status_cycle_duration_not_validated_as_Tper,0.106,100,работает
RUN_20260509_VPLC_L2_MEDIUM_25_35_S01_R02,VPLC_L2_MEDIUM_25_35,SER_20260509_VPLC_L2_MEDIUM_25_35_S01,vPLC_container,VPLC_HOST,480,,,2026-05-09T18:07:24.320072318Z,,,,host_log,25,35,,,,,,2,128,,technical_check,vplc_status_cycle_duration_not_validated_as_Tper,0.109,100,работает
RUN_20260509_VPLC_L2_MEDIUM_25_35_S01_R02,VPLC_L2_MEDIUM_25_35,SER_20260509_VPLC_L2_MEDIUM_25_35_S01,vPLC_container,VPLC_HOST,481,,,2026-05-09T18:07:25.378510227Z,,,,host_log,25,35,,,,,,2,128,,technical_check,vplc_status_cycle_duration_not_validated_as_Tper,4.893,100,работает
RUN_20260509_VPLC_L2_MEDIUM_25_35_S01_R02,VPLC_L2_MEDIUM_25_35,SER_20260509_VPLC_L2_MEDIUM_25_35_S01,vPLC_container,VPLC_HOST,482,,,2026-05-09T18:07:26.430807250Z,,,,host_log,25,35,,,,,,2,128,,technical_check,vplc_status_cycle_duration_not_validated_as_Tper,0.085,100,работает
RUN_20260509_VPLC_L2_MEDIUM_25_35_S01_R02,VPLC_L2_MEDIUM_25_35,SER_20260509_VPLC_L2_MEDIUM_25_35_S01,vPLC_container,VPLC_HOST,483,,,2026-05-09T18:07:27.484568041Z,,,,host_log,25,35,,,,,,2,128,,technical_check,vplc_status_cycle_duration_not_validated_as_Tper,0.105,100,работает
RUN_20260509_VPLC_L2_MEDIUM_25_35_S01_R02,VPLC_L2_MEDIUM_25_35,SER_20260509_VPLC_L2_MEDIUM_25_35_S01,vPLC_container,VPLC_HOST,484,,,2026-05-09T18:07:28.541453323Z,,,,host_log,25,35,,,,,,2,128,,technical_check,vplc_status_cycle_duration_not_validated_as_Tper,0.077,100,работает
RUN_20260509_VPLC_L2_MEDIUM_25_35_S01_R02,VPLC_L2_MEDIUM_25_35,SER_20260509_VPLC_L2_MEDIUM_25_35_S01,vPLC_container,VPLC_HOST,485,,,2026-05-09T18:07:29.595479028Z,,,,host_log,25,35,,,,,,2,128,,technical_check,vplc_status_cycle_duration_not_validated_as_Tper,0.108,100,работает
RUN_20260509_VPLC_L2_MEDIUM_25_35_S01_R02,VPLC_L2_MEDIUM_25_35,SER_20260509_VPLC_L2_MEDIUM_25_35_S01,vPLC_container,VPLC_HOST,486,,,2026-05-09T18:07:30.650879210Z,,,,host_log,25,35,,,,,,2,128,,technical_check,vplc_status_cycle_duration_not_validated_as_Tper,0.048,100,работает
RUN_20260509_VPLC_L2_MEDIUM_25_35_S01_R02,VPLC_L2_MEDIUM_25_35,SER_20260509_VPLC_L2_MEDIUM_25_35_S01,vPLC_container,VPLC_HOST,487,,,2026-05-09T18:07:31.706547616Z,,,,host_log,25,35,,,,,,2,128,,technical_check,vplc_status_cycle_duration_not_validated_as_Tper,0.107,100,работает
RUN_20260509_VPLC_L2_MEDIUM_25_35_S01_R02,VPLC_L2_MEDIUM_25_35,SER_20260509_VPLC_L2_MEDIUM_25_35_S01,vPLC_container,VPLC_HOST,488,,,2026-05-09T18:07:32.756670217Z,,,,host_log,25,35,,,,,,2,128,,technical_check,vplc_status_cycle_duration_not_validated_as_Tper,0.081,100,работает
RUN_20260509_VPLC_L2_MEDIUM_25_35_S01_R02,VPLC_L2_MEDIUM_25_35,SER_20260509_VPLC_L2_MEDIUM_25_35_S01,vPLC_container,VPLC_HOST,489,,,2026-05-09T18:07:33.818047438Z,,,,host_log,25,35,,,,,,2,128,,technical_check,vplc_status_cycle_duration_not_validated_as_Tper,0.107,100,работает
RUN_20260509_VPLC_L2_MEDIUM_25_35_S01_R02,VPLC_L2_MEDIUM_25_35,SER_20260509_VPLC_L2_MEDIUM_25_35_S01,vPLC_container,VPLC_HOST,490,,,2026-05-09T18:07:34.871481235Z,,,,host_log,25,35,,,,,,2,128,,technical_check,vplc_status_cycle_duration_not_validated_as_Tper,0.106,100,работает
RUN_20260509_VPLC_L2_MEDIUM_25_35_S01_R02,VPLC_L2_MEDIUM_25_35,SER_20260509_VPLC_L2_MEDIUM_25_35_S01,vPLC_container,VPLC_HOST,491,,,2026-05-09T18:07:35.929469458Z,,,,host_log,25,35,,,,,,2,128,,technical_check,vplc_status_cycle_duration_not_validated_as_Tper,0.086,100,работает
RUN_20260509_VPLC_L2_MEDIUM_25_35_S01_R02,VPLC_L2_MEDIUM_25_35,SER_20260509_VPLC_L2_MEDIUM_25_35_S01,vPLC_container,VPLC_HOST,492,,,2026-05-09T18:07:36.980445242Z,,,,host_log,25,35,,,,,,2,128,,technical_check,vplc_status_cycle_duration_not_validated_as_Tper,0.108,100,работает
RUN_20260509_VPLC_L2_MEDIUM_25_35_S01_R02,VPLC_L2_MEDIUM_25_35,SER_20260509_VPLC_L2_MEDIUM_25_35_S01,vPLC_container,VPLC_HOST,493,,,2026-05-09T18:07:38.035792643Z,,,,host_log,25,35,,,,,,2,128,,technical_check,vplc_status_cycle_duration_not_validated_as_Tper,0.085,100,работает
RUN_20260509_VPLC_L2_MEDIUM_25_35_S01_R02,VPLC_L2_MEDIUM_25_35,SER_20260509_VPLC_L2_MEDIUM_25_35_S01,vPLC_container,VPLC_HOST,494,,,2026-05-09T18:07:39.094864172Z,,,,host_log,25,35,,,,,,2,128,,technical_check,vplc_status_cycle_duration_not_validated_as_Tper,0.106,100,работает
RUN_20260509_VPLC_L2_MEDIUM_25_35_S01_R02,VPLC_L2_MEDIUM_25_35,SER_20260509_VPLC_L2_MEDIUM_25_35_S01,vPLC_container,VPLC_HOST,495,,,2026-05-09T18:07:40.149243046Z,,,,host_log,25,35,,,,,,2,128,,technical_check,vplc_status_cycle_duration_not_validated_as_Tper,0.057,100,работает
RUN_20260509_VPLC_L2_MEDIUM_25_35_S01_R02,VPLC_L2_MEDIUM_25_35,SER_20260509_VPLC_L2_MEDIUM_25_35_S01,vPLC_container,VPLC_HOST,496,,,2026-05-09T18:07:41.204885902Z,,,,host_log,25,35,,,,,,2,128,,technical_check,vplc_status_cycle_duration_not_validated_as_Tper,0.109,100,работает
RUN_20260509_VPLC_L2_MEDIUM_25_35_S01_R02,VPLC_L2_MEDIUM_25_35,SER_20260509_VPLC_L2_MEDIUM_25_35_S01,vPLC_container,VPLC_HOST,497,,,2026-05-09T18:07:42.262453582Z,,,,host_log,25,35,,,,,,2,128,,technical_check,vplc_status_cycle_duration_not_validated_as_Tper,0.106,100,работает
RUN_20260509_VPLC_L2_MEDIUM_25_35_S01_R02,VPLC_L2_MEDIUM_25_35,SER_20260509_VPLC_L2_MEDIUM_25_35_S01,vPLC_container,VPLC_HOST,498,,,2026-05-09T18:07:43.316079837Z,,,,host_log,25,35,,,,,,2,128,,technical_check,vplc_status_cycle_duration_not_validated_as_Tper,0.107,100,работает
RUN_20260509_VPLC_L2_MEDIUM_25_35_S01_R02,VPLC_L2_MEDIUM_25_35,SER_20260509_VPLC_L2_MEDIUM_25_35_S01,vPLC_container,VPLC_HOST,499,,,2026-05-09T18:07:44.370202412Z,,,,host_log,25,35,,,,,,2,128,,technical_check,vplc_status_cycle_duration_not_validated_as_Tper,4.440,100,работает
RUN_20260509_VPLC_L2_MEDIUM_25_35_S01_R02,VPLC_L2_MEDIUM_25_35,SER_20260509_VPLC_L2_MEDIUM_25_35_S01,vPLC_container,VPLC_HOST,500,,,2026-05-09T18:07:45.424722401Z,,,,host_log,25,35,,,,,,2,128,,technical_check,vplc_status_cycle_duration_not_validated_as_Tper,0.087,100,работает
RUN_20260509_VPLC_L2_MEDIUM_25_35_S01_R02,VPLC_L2_MEDIUM_25_35,SER_20260509_VPLC_L2_MEDIUM_25_35_S01,vPLC_container,VPLC_HOST,501,,,2026-05-09T18:07:46.480779329Z,,,,host_log,25,35,,,,,,2,128,,technical_check,vplc_status_cycle_duration_not_validated_as_Tper,0.107,100,работает
RUN_20260509_VPLC_L2_MEDIUM_25_35_S01_R02,VPLC_L2_MEDIUM_25_35,SER_20260509_VPLC_L2_MEDIUM_25_35_S01,vPLC_container,VPLC_HOST,502,,,2026-05-09T18:07:47.538708870Z,,,,host_log,25,35,,,,,,2,128,,technical_check,vplc_status_cycle_duration_not_validated_as_Tper,0.087,100,работает
RUN_20260509_VPLC_L2_MEDIUM_25_35_S01_R02,VPLC_L2_MEDIUM_25_35,SER_20260509_VPLC_L2_MEDIUM_25_35_S01,vPLC_container,VPLC_HOST,503,,,2026-05-09T18:07:48.592990544Z,,,,host_log,25,35,,,,,,2,128,,technical_check,vplc_status_cycle_duration_not_validated_as_Tper,0.107,100,работает
RUN_20260509_VPLC_L2_MEDIUM_25_35_S01_R02,VPLC_L2_MEDIUM_25_35,SER_20260509_VPLC_L2_MEDIUM_25_35_S01,vPLC_container,VPLC_HOST,504,,,2026-05-09T18:07:49.645607960Z,,,,host_log,25,35,,,,,,2,128,,technical_check,vplc_status_cycle_duration_not_validated_as_Tper,0.078,100,работает
RUN_20260509_VPLC_L2_MEDIUM_25_35_S01_R02,VPLC_L2_MEDIUM_25_35,SER_20260509_VPLC_L2_MEDIUM_25_35_S01,vPLC_container,VPLC_HOST,505,,,2026-05-09T18:07:50.702131954Z,,,,host_log,25,35,,,,,,2,128,,technical_check,vplc_status_cycle_duration_not_validated_as_Tper,0.104,100,работает
RUN_20260509_VPLC_L2_MEDIUM_25_35_S01_R02,VPLC_L2_MEDIUM_25_35,SER_20260509_VPLC_L2_MEDIUM_25_35_S01,vPLC_container,VPLC_HOST,506,,,2026-05-09T18:07:51.757548207Z,,,,host_log,25,35,,,,,,2,128,,technical_check,vplc_status_cycle_duration_not_validated_as_Tper,0.090,100,работает
RUN_20260509_VPLC_L2_MEDIUM_25_35_S01_R02,VPLC_L2_MEDIUM_25_35,SER_20260509_VPLC_L2_MEDIUM_25_35_S01,vPLC_container,VPLC_HOST,507,,,2026-05-09T18:07:52.815212594Z,,,,host_log,25,35,,,,,,2,128,,technical_check,vplc_status_cycle_duration_not_validated_as_Tper,0.106,100,работает
RUN_20260509_VPLC_L2_MEDIUM_25_35_S01_R02,VPLC_L2_MEDIUM_25_35,SER_20260509_VPLC_L2_MEDIUM_25_35_S01,vPLC_container,VPLC_HOST,508,,,2026-05-09T18:07:53.869435610Z,,,,host_log,25,35,,,,,,2,128,,technical_check,vplc_status_cycle_duration_not_validated_as_Tper,0.108,100,работает
RUN_20260509_VPLC_L2_MEDIUM_25_35_S01_R02,VPLC_L2_MEDIUM_25_35,SER_20260509_VPLC_L2_MEDIUM_25_35_S01,vPLC_container,VPLC_HOST,509,,,2026-05-09T18:07:54.923189159Z,,,,host_log,25,35,,,,,,2,128,,technical_check,vplc_status_cycle_duration_not_validated_as_Tper,0.106,100,работает
RUN_20260509_VPLC_L2_MEDIUM_25_35_S01_R02,VPLC_L2_MEDIUM_25_35,SER_20260509_VPLC_L2_MEDIUM_25_35_S01,vPLC_container,VPLC_HOST,510,,,2026-05-09T18:07:55.980261421Z,,,,host_log,25,35,,,,,,2,128,,technical_check,vplc_status_cycle_duration_not_validated_as_Tper,0.106,100,работает
RUN_20260509_VPLC_L2_MEDIUM_25_35_S01_R02,VPLC_L2_MEDIUM_25_35,SER_20260509_VPLC_L2_MEDIUM_25_35_S01,vPLC_container,VPLC_HOST,511,,,2026-05-09T18:07:57.035107273Z,,,,host_log,25,35,,,,,,2,128,,technical_check,vplc_status_cycle_duration_not_validated_as_Tper,0.085,100,работает
RUN_20260509_VPLC_L2_MEDIUM_25_35_S01_R02,VPLC_L2_MEDIUM_25_35,SER_20260509_VPLC_L2_MEDIUM_25_35_S01,vPLC_container,VPLC_HOST,512,,,2026-05-09T18:07:58.091733578Z,,,,host_log,25,35,,,,,,2,128,,technical_check,vplc_status_cycle_duration_not_validated_as_Tper,0.109,100,работает
RUN_20260509_VPLC_L2_MEDIUM_25_35_S01_R02,VPLC_L2_MEDIUM_25_35,SER_20260509_VPLC_L2_MEDIUM_25_35_S01,vPLC_container,VPLC_HOST,513,,,2026-05-09T18:07:59.146953176Z,,,,host_log,25,35,,,,,,2,128,,technical_check,vplc_status_cycle_duration_not_validated_as_Tper,0.064,100,работает
RUN_20260509_VPLC_L2_MEDIUM_25_35_S01_R02,VPLC_L2_MEDIUM_25_35,SER_20260509_VPLC_L2_MEDIUM_25_35_S01,vPLC_container,VPLC_HOST,514,,,2026-05-09T18:08:00.202690566Z,,,,host_log,25,35,,,,,,2,128,,technical_check,vplc_status_cycle_duration_not_validated_as_Tper,0.087,100,работает
RUN_20260509_VPLC_L2_MEDIUM_25_35_S01_R02,VPLC_L2_MEDIUM_25_35,SER_20260509_VPLC_L2_MEDIUM_25_35_S01,vPLC_container,VPLC_HOST,515,,,2026-05-09T18:08:01.252725107Z,,,,host_log,25,35,,,,,,2,128,,technical_check,vplc_status_cycle_duration_not_validated_as_Tper,0.060,100,работает
RUN_20260509_VPLC_L2_MEDIUM_25_35_S01_R02,VPLC_L2_MEDIUM_25_35,SER_20260509_VPLC_L2_MEDIUM_25_35_S01,vPLC_container,VPLC_HOST,516,,,2026-05-09T18:08:02.312738081Z,,,,host_log,25,35,,,,,,2,128,,technical_check,vplc_status_cycle_duration_not_validated_as_Tper,0.106,100,работает
RUN_20260509_VPLC_L2_MEDIUM_25_35_S01_R02,VPLC_L2_MEDIUM_25_35,SER_20260509_VPLC_L2_MEDIUM_25_35_S01,vPLC_container,VPLC_HOST,517,,,2026-05-09T18:08:03.365185936Z,,,,host_log,25,35,,,,,,2,128,,technical_check,vplc_status_cycle_duration_not_validated_as_Tper,4.987,100,работает
RUN_20260509_VPLC_L2_MEDIUM_25_35_S01_R02,VPLC_L2_MEDIUM_25_35,SER_20260509_VPLC_L2_MEDIUM_25_35_S01,vPLC_container,VPLC_HOST,518,,,2026-05-09T18:08:04.422186852Z,,,,host_log,25,35,,,,,,2,128,,technical_check,vplc_status_cycle_duration_not_validated_as_Tper,0.085,100,работает
RUN_20260509_VPLC_L2_MEDIUM_25_35_S01_R02,VPLC_L2_MEDIUM_25_35,SER_20260509_VPLC_L2_MEDIUM_25_35_S01,vPLC_container,VPLC_HOST,519,,,2026-05-09T18:08:05.477703231Z,,,,host_log,25,35,,,,,,2,128,,technical_check,vplc_status_cycle_duration_not_validated_as_Tper,0.105,100,работает
RUN_20260509_VPLC_L2_MEDIUM_25_35_S01_R02,VPLC_L2_MEDIUM_25_35,SER_20260509_VPLC_L2_MEDIUM_25_35_S01,vPLC_container,VPLC_HOST,520,,,2026-05-09T18:08:06.533047228Z,,,,host_log,25,35,,,,,,2,128,,technical_check,vplc_status_cycle_duration_not_validated_as_Tper,0.089,100,работает
RUN_20260509_VPLC_L2_MEDIUM_25_35_S01_R02,VPLC_L2_MEDIUM_25_35,SER_20260509_VPLC_L2_MEDIUM_25_35_S01,vPLC_container,VPLC_HOST,521,,,2026-05-09T18:08:07.588287135Z,,,,host_log,25,35,,,,,,2,128,,technical_check,vplc_status_cycle_duration_not_validated_as_Tper,0.108,100,работает
RUN_20260509_VPLC_L2_MEDIUM_25_35_S01_R02,VPLC_L2_MEDIUM_25_35,SER_20260509_VPLC_L2_MEDIUM_25_35_S01,vPLC_container,VPLC_HOST,522,,,2026-05-09T18:08:08.644126890Z,,,,host_log,25,35,,,,,,2,128,,technical_check,vplc_status_cycle_duration_not_validated_as_Tper,0.069,100,работает
RUN_20260509_VPLC_L2_MEDIUM_25_35_S01_R02,VPLC_L2_MEDIUM_25_35,SER_20260509_VPLC_L2_MEDIUM_25_35_S01,vPLC_container,VPLC_HOST,523,,,2026-05-09T18:08:09.698590051Z,,,,host_log,25,35,,,,,,2,128,,technical_check,vplc_status_cycle_duration_not_validated_as_Tper,0.106,100,работает
RUN_20260509_VPLC_L2_MEDIUM_25_35_S01_R02,VPLC_L2_MEDIUM_25_35,SER_20260509_VPLC_L2_MEDIUM_25_35_S01,vPLC_container,VPLC_HOST,524,,,2026-05-09T18:08:10.755932779Z,,,,host_log,25,35,,,,,,2,128,,technical_check,vplc_status_cycle_duration_not_validated_as_Tper,0.074,100,работает
RUN_20260509_VPLC_L2_MEDIUM_25_35_S01_R02,VPLC_L2_MEDIUM_25_35,SER_20260509_VPLC_L2_MEDIUM_25_35_S01,vPLC_container,VPLC_HOST,525,,,2026-05-09T18:08:11.808233196Z,,,,host_log,25,35,,,,,,2,128,,technical_check,vplc_status_cycle_duration_not_validated_as_Tper,0.105,100,работает
RUN_20260509_VPLC_L2_MEDIUM_25_35_S01_R02,VPLC_L2_MEDIUM_25_35,SER_20260509_VPLC_L2_MEDIUM_25_35_S01,vPLC_container,VPLC_HOST,526,,,2026-05-09T18:08:12.865315701Z,,,,host_log,25,35,,,,,,2,128,,technical_check,vplc_status_cycle_duration_not_validated_as_Tper,0.105,100,работает
RUN_20260509_VPLC_L2_MEDIUM_25_35_S01_R02,VPLC_L2_MEDIUM_25_35,SER_20260509_VPLC_L2_MEDIUM_25_35_S01,vPLC_container,VPLC_HOST,527,,,2026-05-09T18:08:13.921703412Z,,,,host_log,25,35,,,,,,2,128,,technical_check,vplc_status_cycle_duration_not_validated_as_Tper,0.106,100,работает
RUN_20260509_VPLC_L2_MEDIUM_25_35_S01_R02,VPLC_L2_MEDIUM_25_35,SER_20260509_VPLC_L2_MEDIUM_25_35_S01,vPLC_container,VPLC_HOST,528,,,2026-05-09T18:08:14.976881299Z,,,,host_log,25,35,,,,,,2,128,,technical_check,vplc_status_cycle_duration_not_validated_as_Tper,0.108,100,работает
RUN_20260509_VPLC_L2_MEDIUM_25_35_S01_R02,VPLC_L2_MEDIUM_25_35,SER_20260509_VPLC_L2_MEDIUM_25_35_S01,vPLC_container,VPLC_HOST,529,,,2026-05-09T18:08:16.031136273Z,,,,host_log,25,35,,,,,,2,128,,technical_check,vplc_status_cycle_duration_not_validated_as_Tper,0.085,100,работает
RUN_20260509_VPLC_L2_MEDIUM_25_35_S01_R02,VPLC_L2_MEDIUM_25_35,SER_20260509_VPLC_L2_MEDIUM_25_35_S01,vPLC_container,VPLC_HOST,530,,,2026-05-09T18:08:17.086927121Z,,,,host_log,25,35,,,,,,2,128,,technical_check,vplc_status_cycle_duration_not_validated_as_Tper,0.107,100,работает
RUN_20260509_VPLC_L2_MEDIUM_25_35_S01_R02,VPLC_L2_MEDIUM_25_35,SER_20260509_VPLC_L2_MEDIUM_25_35_S01,vPLC_container,VPLC_HOST,531,,,2026-05-09T18:08:18.139691111Z,,,,host_log,25,35,,,,,,2,128,,technical_check,vplc_status_cycle_duration_not_validated_as_Tper,0.087,100,работает
RUN_20260509_VPLC_L2_MEDIUM_25_35_S01_R02,VPLC_L2_MEDIUM_25_35,SER_20260509_VPLC_L2_MEDIUM_25_35_S01,vPLC_container,VPLC_HOST,532,,,2026-05-09T18:08:19.197264465Z,,,,host_log,25,35,,,,,,2,128,,technical_check,vplc_status_cycle_duration_not_validated_as_Tper,0.107,100,работает
RUN_20260509_VPLC_L2_MEDIUM_25_35_S01_R02,VPLC_L2_MEDIUM_25_35,SER_20260509_VPLC_L2_MEDIUM_25_35_S01,vPLC_container,VPLC_HOST,533,,,2026-05-09T18:08:20.251123637Z,,,,host_log,25,35,,,,,,2,128,,technical_check,vplc_status_cycle_duration_not_validated_as_Tper,0.047,100,работает
RUN_20260509_VPLC_L2_MEDIUM_25_35_S01_R02,VPLC_L2_MEDIUM_25_35,SER_20260509_VPLC_L2_MEDIUM_25_35_S01,vPLC_container,VPLC_HOST,534,,,2026-05-09T18:08:21.309009376Z,,,,host_log,25,35,,,,,,2,128,,technical_check,vplc_status_cycle_duration_not_validated_as_Tper,0.106,100,работает
RUN_20260509_VPLC_L2_MEDIUM_25_35_S01_R02,VPLC_L2_MEDIUM_25_35,SER_20260509_VPLC_L2_MEDIUM_25_35_S01,vPLC_container,VPLC_HOST,535,,,2026-05-09T18:08:22.362333751Z,,,,host_log,25,35,,,,,,2,128,,technical_check,vplc_status_cycle_duration_not_validated_as_Tper,4.688,100,работает
RUN_20260509_VPLC_L2_MEDIUM_25_35_S01_R02,VPLC_L2_MEDIUM_25_35,SER_20260509_VPLC_L2_MEDIUM_25_35_S01,vPLC_container,VPLC_HOST,536,,,2026-05-09T18:08:23.418300047Z,,,,host_log,25,35,,,,,,2,128,,technical_check,vplc_status_cycle_duration_not_validated_as_Tper,4.784,100,работает
RUN_20260509_VPLC_L2_MEDIUM_25_35_S01_R02,VPLC_L2_MEDIUM_25_35,SER_20260509_VPLC_L2_MEDIUM_25_35_S01,vPLC_container,VPLC_HOST,537,,,2026-05-09T18:08:24.473554263Z,,,,host_log,25,35,,,,,,2,128,,technical_check,vplc_status_cycle_duration_not_validated_as_Tper,0.105,100,работает
RUN_20260509_VPLC_L2_MEDIUM_25_35_S01_R02,VPLC_L2_MEDIUM_25_35,SER_20260509_VPLC_L2_MEDIUM_25_35_S01,vPLC_container,VPLC_HOST,538,,,2026-05-09T18:08:25.527068846Z,,,,host_log,25,35,,,,,,2,128,,technical_check,vplc_status_cycle_duration_not_validated_as_Tper,0.087,100,работает
RUN_20260509_VPLC_L2_MEDIUM_25_35_S01_R02,VPLC_L2_MEDIUM_25_35,SER_20260509_VPLC_L2_MEDIUM_25_35_S01,vPLC_container,VPLC_HOST,539,,,2026-05-09T18:08:26.584273549Z,,,,host_log,25,35,,,,,,2,128,,technical_check,vplc_status_cycle_duration_not_validated_as_Tper,0.108,100,работает
RUN_20260509_VPLC_L2_MEDIUM_25_35_S01_R02,VPLC_L2_MEDIUM_25_35,SER_20260509_VPLC_L2_MEDIUM_25_35_S01,vPLC_container,VPLC_HOST,540,,,2026-05-09T18:08:27.637516121Z,,,,host_log,25,35,,,,,,2,128,,technical_check,vplc_status_cycle_duration_not_validated_as_Tper,0.088,100,работает
RUN_20260509_VPLC_L2_MEDIUM_25_35_S01_R02,VPLC_L2_MEDIUM_25_35,SER_20260509_VPLC_L2_MEDIUM_25_35_S01,vPLC_container,VPLC_HOST,541,,,2026-05-09T18:08:28.692924398Z,,,,host_log,25,35,,,,,,2,128,,technical_check,vplc_status_cycle_duration_not_validated_as_Tper,0.104,100,работает
RUN_20260509_VPLC_L2_MEDIUM_25_35_S01_R02,VPLC_L2_MEDIUM_25_35,SER_20260509_VPLC_L2_MEDIUM_25_35_S01,vPLC_container,VPLC_HOST,542,,,2026-05-09T18:08:29.749962673Z,,,,host_log,25,35,,,,,,2,128,,technical_check,vplc_status_cycle_duration_not_validated_as_Tper,0.048,100,работает
RUN_20260509_VPLC_L2_MEDIUM_25_35_S01_R02,VPLC_L2_MEDIUM_25_35,SER_20260509_VPLC_L2_MEDIUM_25_35_S01,vPLC_container,VPLC_HOST,543,,,2026-05-09T18:08:30.805851259Z,,,,host_log,25,35,,,,,,2,128,,technical_check,vplc_status_cycle_duration_not_validated_as_Tper,0.104,100,работает
RUN_20260509_VPLC_L2_MEDIUM_25_35_S01_R02,VPLC_L2_MEDIUM_25_35,SER_20260509_VPLC_L2_MEDIUM_25_35_S01,vPLC_container,VPLC_HOST,544,,,2026-05-09T18:08:31.860002076Z,,,,host_log,25,35,,,,,,2,128,,technical_check,vplc_status_cycle_duration_not_validated_as_Tper,0.103,100,работает
RUN_20260509_VPLC_L2_MEDIUM_25_35_S01_R02,VPLC_L2_MEDIUM_25_35,SER_20260509_VPLC_L2_MEDIUM_25_35_S01,vPLC_container,VPLC_HOST,545,,,2026-05-09T18:08:32.916079232Z,,,,host_log,25,35,,,,,,2,128,,technical_check,vplc_status_cycle_duration_not_validated_as_Tper,0.106,100,работает
RUN_20260509_VPLC_L2_MEDIUM_25_35_S01_R02,VPLC_L2_MEDIUM_25_35,SER_20260509_VPLC_L2_MEDIUM_25_35_S01,vPLC_container,VPLC_HOST,546,,,2026-05-09T18:08:33.970654888Z,,,,host_log,25,35,,,,,,2,128,,technical_check,vplc_status_cycle_duration_not_validated_as_Tper,0.108,100,работает
RUN_20260509_VPLC_L2_MEDIUM_25_35_S01_R02,VPLC_L2_MEDIUM_25_35,SER_20260509_VPLC_L2_MEDIUM_25_35_S01,vPLC_container,VPLC_HOST,547,,,2026-05-09T18:08:35.026751448Z,,,,host_log,25,35,,,,,,2,128,,technical_check,vplc_status_cycle_duration_not_validated_as_Tper,0.106,100,работает
RUN_20260509_VPLC_L2_MEDIUM_25_35_S01_R02,VPLC_L2_MEDIUM_25_35,SER_20260509_VPLC_L2_MEDIUM_25_35_S01,vPLC_container,VPLC_HOST,548,,,2026-05-09T18:08:36.080143140Z,,,,host_log,25,35,,,,,,2,128,,technical_check,vplc_status_cycle_duration_not_validated_as_Tper,0.108,100,работает
RUN_20260509_VPLC_L2_MEDIUM_25_35_S01_R02,VPLC_L2_MEDIUM_25_35,SER_20260509_VPLC_L2_MEDIUM_25_35_S01,vPLC_container,VPLC_HOST,549,,,2026-05-09T18:08:37.136765204Z,,,,host_log,25,35,,,,,,2,128,,technical_check,vplc_status_cycle_duration_not_validated_as_Tper,0.086,100,работает
RUN_20260509_VPLC_L2_MEDIUM_25_35_S01_R02,VPLC_L2_MEDIUM_25_35,SER_20260509_VPLC_L2_MEDIUM_25_35_S01,vPLC_container,VPLC_HOST,550,,,2026-05-09T18:08:38.191211254Z,,,,host_log,25,35,,,,,,2,128,,technical_check,vplc_status_cycle_duration_not_validated_as_Tper,0.108,100,работает
RUN_20260509_VPLC_L2_MEDIUM_25_35_S01_R02,VPLC_L2_MEDIUM_25_35,SER_20260509_VPLC_L2_MEDIUM_25_35_S01,vPLC_container,VPLC_HOST,551,,,2026-05-09T18:08:39.247626280Z,,,,host_log,25,35,,,,,,2,128,,technical_check,vplc_status_cycle_duration_not_validated_as_Tper,0.064,100,работает
RUN_20260509_VPLC_L2_MEDIUM_25_35_S01_R02,VPLC_L2_MEDIUM_25_35,SER_20260509_VPLC_L2_MEDIUM_25_35_S01,vPLC_container,VPLC_HOST,552,,,2026-05-09T18:08:40.300022577Z,,,,host_log,25,35,,,,,,2,128,,technical_check,vplc_status_cycle_duration_not_validated_as_Tper,0.106,100,работает
RUN_20260509_VPLC_L2_MEDIUM_25_35_S01_R02,VPLC_L2_MEDIUM_25_35,SER_20260509_VPLC_L2_MEDIUM_25_35_S01,vPLC_container,VPLC_HOST,553,,,2026-05-09T18:08:41.358091574Z,,,,host_log,25,35,,,,,,2,128,,technical_check,vplc_status_cycle_duration_not_validated_as_Tper,4.328,100,работает
RUN_20260509_VPLC_L2_MEDIUM_25_35_S01_R02,VPLC_L2_MEDIUM_25_35,SER_20260509_VPLC_L2_MEDIUM_25_35_S01,vPLC_container,VPLC_HOST,554,,,2026-05-09T18:08:42.411271693Z,,,,host_log,25,35,,,,,,2,128,,technical_check,vplc_status_cycle_duration_not_validated_as_Tper,4.041,100,работает
RUN_20260509_VPLC_L2_MEDIUM_25_35_S01_R02,VPLC_L2_MEDIUM_25_35,SER_20260509_VPLC_L2_MEDIUM_25_35_S01,vPLC_container,VPLC_HOST,555,,,2026-05-09T18:08:43.468119399Z,,,,host_log,25,35,,,,,,2,128,,technical_check,vplc_status_cycle_duration_not_validated_as_Tper,0.103,100,работает
RUN_20260509_VPLC_L2_MEDIUM_25_35_S01_R02,VPLC_L2_MEDIUM_25_35,SER_20260509_VPLC_L2_MEDIUM_25_35_S01,vPLC_container,VPLC_HOST,556,,,2026-05-09T18:08:44.521204638Z,,,,host_log,25,35,,,,,,2,128,,technical_check,vplc_status_cycle_duration_not_validated_as_Tper,0.107,100,работает
RUN_20260509_VPLC_L2_MEDIUM_25_35_S01_R02,VPLC_L2_MEDIUM_25_35,SER_20260509_VPLC_L2_MEDIUM_25_35_S01,vPLC_container,VPLC_HOST,557,,,2026-05-09T18:08:45.577173422Z,,,,host_log,25,35,,,,,,2,128,,technical_check,vplc_status_cycle_duration_not_validated_as_Tper,0.106,100,работает
RUN_20260509_VPLC_L2_MEDIUM_25_35_S01_R02,VPLC_L2_MEDIUM_25_35,SER_20260509_VPLC_L2_MEDIUM_25_35_S01,vPLC_container,VPLC_HOST,558,,,2026-05-09T18:08:46.633916496Z,,,,host_log,25,35,,,,,,2,128,,technical_check,vplc_status_cycle_duration_not_validated_as_Tper,0.086,100,работает
RUN_20260509_VPLC_L2_MEDIUM_25_35_S01_R02,VPLC_L2_MEDIUM_25_35,SER_20260509_VPLC_L2_MEDIUM_25_35_S01,vPLC_container,VPLC_HOST,559,,,2026-05-09T18:08:47.688572649Z,,,,host_log,25,35,,,,,,2,128,,technical_check,vplc_status_cycle_duration_not_validated_as_Tper,0.105,100,работает
RUN_20260509_VPLC_L2_MEDIUM_25_35_S01_R02,VPLC_L2_MEDIUM_25_35,SER_20260509_VPLC_L2_MEDIUM_25_35_S01,vPLC_container,VPLC_HOST,560,,,2026-05-09T18:08:48.743241205Z,,,,host_log,25,35,,,,,,2,128,,technical_check,vplc_status_cycle_duration_not_validated_as_Tper,0.087,100,работает
RUN_20260509_VPLC_L2_MEDIUM_25_35_S01_R02,VPLC_L2_MEDIUM_25_35,SER_20260509_VPLC_L2_MEDIUM_25_35_S01,vPLC_container,VPLC_HOST,561,,,2026-05-09T18:08:49.797114212Z,,,,host_log,25,35,,,,,,2,128,,technical_check,vplc_status_cycle_duration_not_validated_as_Tper,0.107,100,работает
RUN_20260509_VPLC_L2_MEDIUM_25_35_S01_R02,VPLC_L2_MEDIUM_25_35,SER_20260509_VPLC_L2_MEDIUM_25_35_S01,vPLC_container,VPLC_HOST,562,,,2026-05-09T18:08:50.852044497Z,,,,host_log,25,35,,,,,,2,128,,technical_check,vplc_status_cycle_duration_not_validated_as_Tper,0.047,100,работает
RUN_20260509_VPLC_L2_MEDIUM_25_35_S01_R02,VPLC_L2_MEDIUM_25_35,SER_20260509_VPLC_L2_MEDIUM_25_35_S01,vPLC_container,VPLC_HOST,563,,,2026-05-09T18:08:51.910007390Z,,,,host_log,25,35,,,,,,2,128,,technical_check,vplc_status_cycle_duration_not_validated_as_Tper,0.107,100,работает
RUN_20260509_VPLC_L2_MEDIUM_25_35_S01_R02,VPLC_L2_MEDIUM_25_35,SER_20260509_VPLC_L2_MEDIUM_25_35_S01,vPLC_container,VPLC_HOST,564,,,2026-05-09T18:08:52.964750268Z,,,,host_log,25,35,,,,,,2,128,,technical_check,vplc_status_cycle_duration_not_validated_as_Tper,0.109,100,работает
RUN_20260509_VPLC_L2_MEDIUM_25_35_S01_R02,VPLC_L2_MEDIUM_25_35,SER_20260509_VPLC_L2_MEDIUM_25_35_S01,vPLC_container,VPLC_HOST,565,,,2026-05-09T18:08:54.021043971Z,,,,host_log,25,35,,,,,,2,128,,technical_check,vplc_status_cycle_duration_not_validated_as_Tper,0.104,100,работает
RUN_20260509_VPLC_L2_MEDIUM_25_35_S01_R02,VPLC_L2_MEDIUM_25_35,SER_20260509_VPLC_L2_MEDIUM_25_35_S01,vPLC_container,VPLC_HOST,566,,,2026-05-09T18:08:55.073783570Z,,,,host_log,25,35,,,,,,2,128,,technical_check,vplc_status_cycle_duration_not_validated_as_Tper,0.106,100,работает
RUN_20260509_VPLC_L2_MEDIUM_25_35_S01_R02,VPLC_L2_MEDIUM_25_35,SER_20260509_VPLC_L2_MEDIUM_25_35_S01,vPLC_container,VPLC_HOST,567,,,2026-05-09T18:08:56.130267295Z,,,,host_log,25,35,,,,,,2,128,,technical_check,vplc_status_cycle_duration_not_validated_as_Tper,0.087,100,работает
RUN_20260509_VPLC_L2_MEDIUM_25_35_S01_R02,VPLC_L2_MEDIUM_25_35,SER_20260509_VPLC_L2_MEDIUM_25_35_S01,vPLC_container,VPLC_HOST,568,,,2026-05-09T18:08:57.181774729Z,,,,host_log,25,35,,,,,,2,128,,technical_check,vplc_status_cycle_duration_not_validated_as_Tper,0.107,100,работает
RUN_20260509_VPLC_L2_MEDIUM_25_35_S01_R02,VPLC_L2_MEDIUM_25_35,SER_20260509_VPLC_L2_MEDIUM_25_35_S01,vPLC_container,VPLC_HOST,569,,,2026-05-09T18:08:58.238631640Z,,,,host_log,25,35,,,,,,2,128,,technical_check,vplc_status_cycle_duration_not_validated_as_Tper,0.085,100,работает
RUN_20260509_VPLC_L2_MEDIUM_25_35_S01_R02,VPLC_L2_MEDIUM_25_35,SER_20260509_VPLC_L2_MEDIUM_25_35_S01,vPLC_container,VPLC_HOST,570,,,2026-05-09T18:08:59.296805037Z,,,,host_log,25,35,,,,,,2,128,,technical_check,vplc_status_cycle_duration_not_validated_as_Tper,0.105,100,работает
RUN_20260509_VPLC_L2_MEDIUM_25_35_S01_R02,VPLC_L2_MEDIUM_25_35,SER_20260509_VPLC_L2_MEDIUM_25_35_S01,vPLC_container,VPLC_HOST,571,,,2026-05-09T18:09:00.350275607Z,,,,host_log,25,35,,,,,,2,128,,technical_check,vplc_status_cycle_duration_not_validated_as_Tper,3.692,100,работает
RUN_20260509_VPLC_L2_MEDIUM_25_35_S01_R02,VPLC_L2_MEDIUM_25_35,SER_20260509_VPLC_L2_MEDIUM_25_35_S01,vPLC_container,VPLC_HOST,572,,,2026-05-09T18:09:01.406177641Z,,,,host_log,25,35,,,,,,2,128,,technical_check,vplc_status_cycle_duration_not_validated_as_Tper,5.036,100,работает
RUN_20260509_VPLC_L2_MEDIUM_25_35_S01_R02,VPLC_L2_MEDIUM_25_35,SER_20260509_VPLC_L2_MEDIUM_25_35_S01,vPLC_container,VPLC_HOST,573,,,2026-05-09T18:09:02.462437841Z,,,,host_log,25,35,,,,,,2,128,,technical_check,vplc_status_cycle_duration_not_validated_as_Tper,0.105,100,работает
RUN_20260509_VPLC_L2_MEDIUM_25_35_S01_R02,VPLC_L2_MEDIUM_25_35,SER_20260509_VPLC_L2_MEDIUM_25_35_S01,vPLC_container,VPLC_HOST,574,,,2026-05-09T18:09:03.517055939Z,,,,host_log,25,35,,,,,,2,128,,technical_check,vplc_status_cycle_duration_not_validated_as_Tper,0.097,100,работает
RUN_20260509_VPLC_L2_MEDIUM_25_35_S01_R02,VPLC_L2_MEDIUM_25_35,SER_20260509_VPLC_L2_MEDIUM_25_35_S01,vPLC_container,VPLC_HOST,575,,,2026-05-09T18:09:04.573129208Z,,,,host_log,25,35,,,,,,2,128,,technical_check,vplc_status_cycle_duration_not_validated_as_Tper,0.105,100,работает
RUN_20260509_VPLC_L2_MEDIUM_25_35_S01_R02,VPLC_L2_MEDIUM_25_35,SER_20260509_VPLC_L2_MEDIUM_25_35_S01,vPLC_container,VPLC_HOST,576,,,2026-05-09T18:09:05.628920911Z,,,,host_log,25,35,,,,,,2,128,,technical_check,vplc_status_cycle_duration_not_validated_as_Tper,0.108,100,работает
RUN_20260509_VPLC_L2_MEDIUM_25_35_S01_R02,VPLC_L2_MEDIUM_25_35,SER_20260509_VPLC_L2_MEDIUM_25_35_S01,vPLC_container,VPLC_HOST,577,,,2026-05-09T18:09:06.684382519Z,,,,host_log,25,35,,,,,,2,128,,technical_check,vplc_status_cycle_duration_not_validated_as_Tper,0.105,100,работает
RUN_20260509_VPLC_L2_MEDIUM_25_35_S01_R02,VPLC_L2_MEDIUM_25_35,SER_20260509_VPLC_L2_MEDIUM_25_35_S01,vPLC_container,VPLC_HOST,578,,,2026-05-09T18:09:07.738851322Z,,,,host_log,25,35,,,,,,2,128,,technical_check,vplc_status_cycle_duration_not_validated_as_Tper,0.086,100,работает
RUN_20260509_VPLC_L2_MEDIUM_25_35_S01_R02,VPLC_L2_MEDIUM_25_35,SER_20260509_VPLC_L2_MEDIUM_25_35_S01,vPLC_container,VPLC_HOST,579,,,2026-05-09T18:09:08.792250248Z,,,,host_log,25,35,,,,,,2,128,,technical_check,vplc_status_cycle_duration_not_validated_as_Tper,0.106,100,работает
RUN_20260509_VPLC_L2_MEDIUM_25_35_S01_R02,VPLC_L2_MEDIUM_25_35,SER_20260509_VPLC_L2_MEDIUM_25_35_S01,vPLC_container,VPLC_HOST,580,,,2026-05-09T18:09:09.850741813Z,,,,host_log,25,35,,,,,,2,128,,technical_check,vplc_status_cycle_duration_not_validated_as_Tper,0.048,100,работает
RUN_20260509_VPLC_L2_MEDIUM_25_35_S01_R02,VPLC_L2_MEDIUM_25_35,SER_20260509_VPLC_L2_MEDIUM_25_35_S01,vPLC_container,VPLC_HOST,581,,,2026-05-09T18:09:10.905420620Z,,,,host_log,25,35,,,,,,2,128,,technical_check,vplc_status_cycle_duration_not_validated_as_Tper,0.105,100,работает
RUN_20260509_VPLC_L2_MEDIUM_25_35_S01_R02,VPLC_L2_MEDIUM_25_35,SER_20260509_VPLC_L2_MEDIUM_25_35_S01,vPLC_container,VPLC_HOST,582,,,2026-05-09T18:09:11.961514385Z,,,,host_log,25,35,,,,,,2,128,,technical_check,vplc_status_cycle_duration_not_validated_as_Tper,0.107,100,работает
RUN_20260509_VPLC_L2_MEDIUM_25_35_S01_R02,VPLC_L2_MEDIUM_25_35,SER_20260509_VPLC_L2_MEDIUM_25_35_S01,vPLC_container,VPLC_HOST,583,,,2026-05-09T18:09:13.016763812Z,,,,host_log,25,35,,,,,,2,128,,technical_check,vplc_status_cycle_duration_not_validated_as_Tper,0.106,100,работает
RUN_20260509_VPLC_L2_MEDIUM_25_35_S01_R02,VPLC_L2_MEDIUM_25_35,SER_20260509_VPLC_L2_MEDIUM_25_35_S01,vPLC_container,VPLC_HOST,584,,,2026-05-09T18:09:14.071230590Z,,,,host_log,25,35,,,,,,2,128,,technical_check,vplc_status_cycle_duration_not_validated_as_Tper,0.106,100,работает
RUN_20260509_VPLC_L2_MEDIUM_25_35_S01_R02,VPLC_L2_MEDIUM_25_35,SER_20260509_VPLC_L2_MEDIUM_25_35_S01,vPLC_container,VPLC_HOST,585,,,2026-05-09T18:09:15.125184088Z,,,,host_log,25,35,,,,,,2,128,,technical_check,vplc_status_cycle_duration_not_validated_as_Tper,0.104,100,работает
RUN_20260509_VPLC_L2_MEDIUM_25_35_S01_R02,VPLC_L2_MEDIUM_25_35,SER_20260509_VPLC_L2_MEDIUM_25_35_S01,vPLC_container,VPLC_HOST,586,,,2026-05-09T18:09:16.179757575Z,,,,host_log,25,35,,,,,,2,128,,technical_check,vplc_status_cycle_duration_not_validated_as_Tper,0.105,100,работает
RUN_20260509_VPLC_L2_MEDIUM_25_35_S01_R02,VPLC_L2_MEDIUM_25_35,SER_20260509_VPLC_L2_MEDIUM_25_35_S01,vPLC_container,VPLC_HOST,587,,,2026-05-09T18:09:17.237853001Z,,,,host_log,25,35,,,,,,2,128,,technical_check,vplc_status_cycle_duration_not_validated_as_Tper,0.086,100,работает
RUN_20260509_VPLC_L2_MEDIUM_25_35_S01_R02,VPLC_L2_MEDIUM_25_35,SER_20260509_VPLC_L2_MEDIUM_25_35_S01,vPLC_container,VPLC_HOST,588,,,2026-05-09T18:09:18.291900585Z,,,,host_log,25,35,,,,,,2,128,,technical_check,vplc_status_cycle_duration_not_validated_as_Tper,0.105,100,работает
RUN_20260509_VPLC_L2_MEDIUM_25_35_S01_R02,VPLC_L2_MEDIUM_25_35,SER_20260509_VPLC_L2_MEDIUM_25_35_S01,vPLC_container,VPLC_HOST,589,,,2026-05-09T18:09:19.346026698Z,,,,host_log,25,35,,,,,,2,128,,technical_check,vplc_status_cycle_duration_not_validated_as_Tper,4.419,100,работает
RUN_20260509_VPLC_L2_MEDIUM_25_35_S01_R02,VPLC_L2_MEDIUM_25_35,SER_20260509_VPLC_L2_MEDIUM_25_35_S01,vPLC_container,VPLC_HOST,590,,,2026-05-09T18:09:20.403036133Z,,,,host_log,25,35,,,,,,2,128,,technical_check,vplc_status_cycle_duration_not_validated_as_Tper,5.060,100,работает
RUN_20260509_VPLC_L2_MEDIUM_25_35_S01_R02,VPLC_L2_MEDIUM_25_35,SER_20260509_VPLC_L2_MEDIUM_25_35_S01,vPLC_container,VPLC_HOST,591,,,2026-05-09T18:09:21.457731617Z,,,,host_log,25,35,,,,,,2,128,,technical_check,vplc_status_cycle_duration_not_validated_as_Tper,0.080,100,работает
RUN_20260509_VPLC_L2_MEDIUM_25_35_S01_R02,VPLC_L2_MEDIUM_25_35,SER_20260509_VPLC_L2_MEDIUM_25_35_S01,vPLC_container,VPLC_HOST,592,,,2026-05-09T18:09:22.512835390Z,,,,host_log,25,35,,,,,,2,128,,technical_check,vplc_status_cycle_duration_not_validated_as_Tper,0.104,100,работает
RUN_20260509_VPLC_L2_MEDIUM_25_35_S01_R02,VPLC_L2_MEDIUM_25_35,SER_20260509_VPLC_L2_MEDIUM_25_35_S01,vPLC_container,VPLC_HOST,593,,,2026-05-09T18:09:23.569206612Z,,,,host_log,25,35,,,,,,2,128,,technical_check,vplc_status_cycle_duration_not_validated_as_Tper,0.106,100,работает
RUN_20260509_VPLC_L2_MEDIUM_25_35_S01_R02,VPLC_L2_MEDIUM_25_35,SER_20260509_VPLC_L2_MEDIUM_25_35_S01,vPLC_container,VPLC_HOST,594,,,2026-05-09T18:09:24.623791890Z,,,,host_log,25,35,,,,,,2,128,,technical_check,vplc_status_cycle_duration_not_validated_as_Tper,0.104,100,работает
RUN_20260509_VPLC_L2_MEDIUM_25_35_S01_R02,VPLC_L2_MEDIUM_25_35,SER_20260509_VPLC_L2_MEDIUM_25_35_S01,vPLC_container,VPLC_HOST,595,,,2026-05-09T18:09:25.679735064Z,,,,host_log,25,35,,,,,,2,128,,technical_check,vplc_status_cycle_duration_not_validated_as_Tper,0.107,100,работает
RUN_20260509_VPLC_L2_MEDIUM_25_35_S01_R02,VPLC_L2_MEDIUM_25_35,SER_20260509_VPLC_L2_MEDIUM_25_35_S01,vPLC_container,VPLC_HOST,596,,,2026-05-09T18:09:26.733018595Z,,,,host_log,25,35,,,,,,2,128,,technical_check,vplc_status_cycle_duration_not_validated_as_Tper,0.088,100,работает
RUN_20260509_VPLC_L2_MEDIUM_25_35_S01_R02,VPLC_L2_MEDIUM_25_35,SER_20260509_VPLC_L2_MEDIUM_25_35_S01,vPLC_container,VPLC_HOST,597,,,2026-05-09T18:09:27.790121434Z,,,,host_log,25,35,,,,,,2,128,,technical_check,vplc_status_cycle_duration_not_validated_as_Tper,0.107,100,работает
RUN_20260509_VPLC_L2_MEDIUM_25_35_S01_R02,VPLC_L2_MEDIUM_25_35,SER_20260509_VPLC_L2_MEDIUM_25_35_S01,vPLC_container,VPLC_HOST,598,,,2026-05-09T18:09:28.845670925Z,,,,host_log,25,35,,,,,,2,128,,technical_check,vplc_status_cycle_duration_not_validated_as_Tper,0.068,100,работает
RUN_20260509_VPLC_L2_MEDIUM_25_35_S01_R02,VPLC_L2_MEDIUM_25_35,SER_20260509_VPLC_L2_MEDIUM_25_35_S01,vPLC_container,VPLC_HOST,599,,,2026-05-09T18:09:29.902444820Z,,,,host_log,25,35,,,,,,2,128,,technical_check,vplc_status_cycle_duration_not_validated_as_Tper,0.105,100,работает
RUN_20260509_VPLC_L2_MEDIUM_25_35_S01_R02,VPLC_L2_MEDIUM_25_35,SER_20260509_VPLC_L2_MEDIUM_25_35_S01,vPLC_container,VPLC_HOST,600,,,2026-05-09T18:09:30.955698242Z,,,,host_log,25,35,,,,,,2,128,,technical_check,vplc_status_cycle_duration_not_validated_as_Tper,0.060,100,работает
RUN_20260509_VPLC_L2_MEDIUM_25_35_S01_R02,VPLC_L2_MEDIUM_25_35,SER_20260509_VPLC_L2_MEDIUM_25_35_S01,vPLC_container,VPLC_HOST,601,,,2026-05-09T18:09:32.009734234Z,,,,host_log,25,35,,,,,,2,128,,technical_check,vplc_status_cycle_duration_not_validated_as_Tper,0.106,100,работает
RUN_20260509_VPLC_L2_MEDIUM_25_35_S01_R02,VPLC_L2_MEDIUM_25_35,SER_20260509_VPLC_L2_MEDIUM_25_35_S01,vPLC_container,VPLC_HOST,602,,,2026-05-09T18:09:33.066110343Z,,,,host_log,25,35,,,,,,2,128,,technical_check,vplc_status_cycle_duration_not_validated_as_Tper,0.106,100,работает
RUN_20260509_VPLC_L2_MEDIUM_25_35_S01_R02,VPLC_L2_MEDIUM_25_35,SER_20260509_VPLC_L2_MEDIUM_25_35_S01,vPLC_container,VPLC_HOST,603,,,2026-05-09T18:09:34.120965530Z,,,,host_log,25,35,,,,,,2,128,,technical_check,vplc_status_cycle_duration_not_validated_as_Tper,0.106,100,работает
RUN_20260509_VPLC_L2_MEDIUM_25_35_S01_R02,VPLC_L2_MEDIUM_25_35,SER_20260509_VPLC_L2_MEDIUM_25_35_S01,vPLC_container,VPLC_HOST,604,,,2026-05-09T18:09:35.178692713Z,,,,host_log,25,35,,,,,,2,128,,technical_check,vplc_status_cycle_duration_not_validated_as_Tper,0.107,100,работает
RUN_20260509_VPLC_L2_MEDIUM_25_35_S01_R02,VPLC_L2_MEDIUM_25_35,SER_20260509_VPLC_L2_MEDIUM_25_35_S01,vPLC_container,VPLC_HOST,605,,,2026-05-09T18:09:36.232838816Z,,,,host_log,25,35,,,,,,2,128,,technical_check,vplc_status_cycle_duration_not_validated_as_Tper,0.102,100,работает
RUN_20260509_VPLC_L2_MEDIUM_25_35_S01_R02,VPLC_L2_MEDIUM_25_35,SER_20260509_VPLC_L2_MEDIUM_25_35_S01,vPLC_container,VPLC_HOST,606,,,2026-05-09T18:09:37.289082378Z,,,,host_log,25,35,,,,,,2,128,,technical_check,vplc_status_cycle_duration_not_validated_as_Tper,0.108,100,работает
RUN_20260509_VPLC_L2_MEDIUM_25_35_S01_R02,VPLC_L2_MEDIUM_25_35,SER_20260509_VPLC_L2_MEDIUM_25_35_S01,vPLC_container,VPLC_HOST,607,,,2026-05-09T18:09:38.343045529Z,,,,host_log,25,35,,,,,,2,128,,technical_check,vplc_status_cycle_duration_not_validated_as_Tper,4.252,100,работает
RUN_20260509_VPLC_L2_MEDIUM_25_35_S01_R02,VPLC_L2_MEDIUM_25_35,SER_20260509_VPLC_L2_MEDIUM_25_35_S01,vPLC_container,VPLC_HOST,608,,,2026-05-09T18:09:39.397642737Z,,,,host_log,25,35,,,,,,2,128,,technical_check,vplc_status_cycle_duration_not_validated_as_Tper,4.893,100,работает
RUN_20260509_VPLC_L2_MEDIUM_25_35_S01_R02,VPLC_L2_MEDIUM_25_35,SER_20260509_VPLC_L2_MEDIUM_25_35_S01,vPLC_container,VPLC_HOST,609,,,2026-05-09T18:09:40.452919955Z,,,,host_log,25,35,,,,,,2,128,,technical_check,vplc_status_cycle_duration_not_validated_as_Tper,0.054,100,работает
RUN_20260509_VPLC_L2_MEDIUM_25_35_S01_R02,VPLC_L2_MEDIUM_25_35,SER_20260509_VPLC_L2_MEDIUM_25_35_S01,vPLC_container,VPLC_HOST,610,,,2026-05-09T18:09:41.508624367Z,,,,host_log,25,35,,,,,,2,128,,technical_check,vplc_status_cycle_duration_not_validated_as_Tper,0.106,100,работает
RUN_20260509_VPLC_L2_MEDIUM_25_35_S01_R02,VPLC_L2_MEDIUM_25_35,SER_20260509_VPLC_L2_MEDIUM_25_35_S01,vPLC_container,VPLC_HOST,611,,,2026-05-09T18:09:42.564786627Z,,,,host_log,25,35,,,,,,2,128,,technical_check,vplc_status_cycle_duration_not_validated_as_Tper,0.107,100,работает
RUN_20260509_VPLC_L2_MEDIUM_25_35_S01_R02,VPLC_L2_MEDIUM_25_35,SER_20260509_VPLC_L2_MEDIUM_25_35_S01,vPLC_container,VPLC_HOST,612,,,2026-05-09T18:09:43.619836277Z,,,,host_log,25,35,,,,,,2,128,,technical_check,vplc_status_cycle_duration_not_validated_as_Tper,0.107,100,работает
RUN_20260509_VPLC_L2_MEDIUM_25_35_S01_R02,VPLC_L2_MEDIUM_25_35,SER_20260509_VPLC_L2_MEDIUM_25_35_S01,vPLC_container,VPLC_HOST,613,,,2026-05-09T18:09:44.672967080Z,,,,host_log,25,35,,,,,,2,128,,technical_check,vplc_status_cycle_duration_not_validated_as_Tper,0.107,100,работает
RUN_20260509_VPLC_L2_MEDIUM_25_35_S01_R02,VPLC_L2_MEDIUM_25_35,SER_20260509_VPLC_L2_MEDIUM_25_35_S01,vPLC_container,VPLC_HOST,614,,,2026-05-09T18:09:45.730949597Z,,,,host_log,25,35,,,,,,2,128,,technical_check,vplc_status_cycle_duration_not_validated_as_Tper,0.087,100,работает
RUN_20260509_VPLC_L2_MEDIUM_25_35_S01_R02,VPLC_L2_MEDIUM_25_35,SER_20260509_VPLC_L2_MEDIUM_25_35_S01,vPLC_container,VPLC_HOST,615,,,2026-05-09T18:09:46.785953144Z,,,,host_log,25,35,,,,,,2,128,,technical_check,vplc_status_cycle_duration_not_validated_as_Tper,0.106,100,работает
RUN_20260509_VPLC_L2_MEDIUM_25_35_S01_R02,VPLC_L2_MEDIUM_25_35,SER_20260509_VPLC_L2_MEDIUM_25_35_S01,vPLC_container,VPLC_HOST,616,,,2026-05-09T18:09:47.838711201Z,,,,host_log,25,35,,,,,,2,128,,technical_check,vplc_status_cycle_duration_not_validated_as_Tper,0.085,100,работает
RUN_20260509_VPLC_L2_MEDIUM_25_35_S01_R02,VPLC_L2_MEDIUM_25_35,SER_20260509_VPLC_L2_MEDIUM_25_35_S01,vPLC_container,VPLC_HOST,617,,,2026-05-09T18:09:48.895138409Z,,,,host_log,25,35,,,,,,2,128,,technical_check,vplc_status_cycle_duration_not_validated_as_Tper,0.107,100,работает
RUN_20260509_VPLC_L2_MEDIUM_25_35_S01_R02,VPLC_L2_MEDIUM_25_35,SER_20260509_VPLC_L2_MEDIUM_25_35_S01,vPLC_container,VPLC_HOST,618,,,2026-05-09T18:09:49.950627648Z,,,,host_log,25,35,,,,,,2,128,,technical_check,vplc_status_cycle_duration_not_validated_as_Tper,0.048,100,работает
RUN_20260509_VPLC_L2_MEDIUM_25_35_S01_R02,VPLC_L2_MEDIUM_25_35,SER_20260509_VPLC_L2_MEDIUM_25_35_S01,vPLC_container,VPLC_HOST,619,,,2026-05-09T18:09:51.007252038Z,,,,host_log,25,35,,,,,,2,128,,technical_check,vplc_status_cycle_duration_not_validated_as_Tper,0.108,100,работает
RUN_20260509_VPLC_L2_MEDIUM_25_35_S01_R02,VPLC_L2_MEDIUM_25_35,SER_20260509_VPLC_L2_MEDIUM_25_35_S01,vPLC_container,VPLC_HOST,620,,,2026-05-09T18:09:52.060677963Z,,,,host_log,25,35,,,,,,2,128,,technical_check,vplc_status_cycle_duration_not_validated_as_Tper,0.107,100,работает
RUN_20260509_VPLC_L2_MEDIUM_25_35_S01_R02,VPLC_L2_MEDIUM_25_35,SER_20260509_VPLC_L2_MEDIUM_25_35_S01,vPLC_container,VPLC_HOST,621,,,2026-05-09T18:09:53.117297606Z,,,,host_log,25,35,,,,,,2,128,,technical_check,vplc_status_cycle_duration_not_validated_as_Tper,0.108,100,работает
RUN_20260509_VPLC_L2_MEDIUM_25_35_S01_R02,VPLC_L2_MEDIUM_25_35,SER_20260509_VPLC_L2_MEDIUM_25_35_S01,vPLC_container,VPLC_HOST,622,,,2026-05-09T18:09:54.175393577Z,,,,host_log,25,35,,,,,,2,128,,technical_check,vplc_status_cycle_duration_not_validated_as_Tper,0.107,100,работает
RUN_20260509_VPLC_L2_MEDIUM_25_35_S01_R02,VPLC_L2_MEDIUM_25_35,SER_20260509_VPLC_L2_MEDIUM_25_35_S01,vPLC_container,VPLC_HOST,623,,,2026-05-09T18:09:55.229290332Z,,,,host_log,25,35,,,,,,2,128,,technical_check,vplc_status_cycle_duration_not_validated_as_Tper,0.085,100,работает
RUN_20260509_VPLC_L2_MEDIUM_25_35_S01_R02,VPLC_L2_MEDIUM_25_35,SER_20260509_VPLC_L2_MEDIUM_25_35_S01,vPLC_container,VPLC_HOST,624,,,2026-05-09T18:09:56.282537750Z,,,,host_log,25,35,,,,,,2,128,,technical_check,vplc_status_cycle_duration_not_validated_as_Tper,0.107,100,работает
RUN_20260509_VPLC_L2_MEDIUM_25_35_S01_R02,VPLC_L2_MEDIUM_25_35,SER_20260509_VPLC_L2_MEDIUM_25_35_S01,vPLC_container,VPLC_HOST,625,,,2026-05-09T18:09:57.339846013Z,,,,host_log,25,35,,,,,,2,128,,technical_check,vplc_status_cycle_duration_not_validated_as_Tper,4.502,100,работает
RUN_20260509_VPLC_L2_MEDIUM_25_35_S01_R02,VPLC_L2_MEDIUM_25_35,SER_20260509_VPLC_L2_MEDIUM_25_35_S01,vPLC_container,VPLC_HOST,626,,,2026-05-09T18:09:58.394464976Z,,,,host_log,25,35,,,,,,2,128,,technical_check,vplc_status_cycle_duration_not_validated_as_Tper,4.693,100,работает
RUN_20260509_VPLC_L2_MEDIUM_25_35_S01_R02,VPLC_L2_MEDIUM_25_35,SER_20260509_VPLC_L2_MEDIUM_25_35_S01,vPLC_container,VPLC_HOST,627,,,2026-05-09T18:09:59.448059417Z,,,,host_log,25,35,,,,,,2,128,,technical_check,vplc_status_cycle_duration_not_validated_as_Tper,0.056,100,работает
RUN_20260509_VPLC_L2_MEDIUM_25_35_S01_R02,VPLC_L2_MEDIUM_25_35,SER_20260509_VPLC_L2_MEDIUM_25_35_S01,vPLC_container,VPLC_HOST,628,,,2026-05-09T18:10:00.504721435Z,,,,host_log,25,35,,,,,,2,128,,technical_check,vplc_status_cycle_duration_not_validated_as_Tper,0.106,100,работает
RUN_20260509_VPLC_L2_MEDIUM_25_35_S01_R02,VPLC_L2_MEDIUM_25_35,SER_20260509_VPLC_L2_MEDIUM_25_35_S01,vPLC_container,VPLC_HOST,629,,,2026-05-09T18:10:01.560694200Z,,,,host_log,25,35,,,,,,2,128,,technical_check,vplc_status_cycle_duration_not_validated_as_Tper,0.110,100,работает
RUN_20260509_VPLC_L2_MEDIUM_25_35_S01_R02,VPLC_L2_MEDIUM_25_35,SER_20260509_VPLC_L2_MEDIUM_25_35_S01,vPLC_container,VPLC_HOST,630,,,2026-05-09T18:10:02.616121734Z,,,,host_log,25,35,,,,,,2,128,,technical_check,vplc_status_cycle_duration_not_validated_as_Tper,0.106,100,работает
RUN_20260509_VPLC_L2_MEDIUM_25_35_S01_R02,VPLC_L2_MEDIUM_25_35,SER_20260509_VPLC_L2_MEDIUM_25_35_S01,vPLC_container,VPLC_HOST,631,,,2026-05-09T18:10:03.672373955Z,,,,host_log,25,35,,,,,,2,128,,technical_check,vplc_status_cycle_duration_not_validated_as_Tper,0.103,100,работает
RUN_20260509_VPLC_L2_MEDIUM_25_35_S01_R02,VPLC_L2_MEDIUM_25_35,SER_20260509_VPLC_L2_MEDIUM_25_35_S01,vPLC_container,VPLC_HOST,632,,,2026-05-09T18:10:04.725588475Z,,,,host_log,25,35,,,,,,2,128,,technical_check,vplc_status_cycle_duration_not_validated_as_Tper,0.086,100,работает
RUN_20260509_VPLC_L2_MEDIUM_25_35_S01_R02,VPLC_L2_MEDIUM_25_35,SER_20260509_VPLC_L2_MEDIUM_25_35_S01,vPLC_container,VPLC_HOST,633,,,2026-05-09T18:10:05.782706004Z,,,,host_log,25,35,,,,,,2,128,,technical_check,vplc_status_cycle_duration_not_validated_as_Tper,0.108,100,работает
RUN_20260509_VPLC_L2_MEDIUM_25_35_S01_R02,VPLC_L2_MEDIUM_25_35,SER_20260509_VPLC_L2_MEDIUM_25_35_S01,vPLC_container,VPLC_HOST,634,,,2026-05-09T18:10:06.837199290Z,,,,host_log,25,35,,,,,,2,128,,technical_check,vplc_status_cycle_duration_not_validated_as_Tper,0.086,100,работает
RUN_20260509_VPLC_L2_MEDIUM_25_35_S01_R02,VPLC_L2_MEDIUM_25_35,SER_20260509_VPLC_L2_MEDIUM_25_35_S01,vPLC_container,VPLC_HOST,635,,,2026-05-09T18:10:07.890275794Z,,,,host_log,25,35,,,,,,2,128,,technical_check,vplc_status_cycle_duration_not_validated_as_Tper,0.106,100,работает
RUN_20260509_VPLC_L2_MEDIUM_25_35_S01_R02,VPLC_L2_MEDIUM_25_35,SER_20260509_VPLC_L2_MEDIUM_25_35_S01,vPLC_container,VPLC_HOST,636,,,2026-05-09T18:10:08.947205326Z,,,,host_log,25,35,,,,,,2,128,,technical_check,vplc_status_cycle_duration_not_validated_as_Tper,0.064,100,работает
RUN_20260509_VPLC_L2_MEDIUM_25_35_S01_R02,VPLC_L2_MEDIUM_25_35,SER_20260509_VPLC_L2_MEDIUM_25_35_S01,vPLC_container,VPLC_HOST,637,,,2026-05-09T18:10:10.004024734Z,,,,host_log,25,35,,,,,,2,128,,technical_check,vplc_status_cycle_duration_not_validated_as_Tper,0.108,100,работает
RUN_20260509_VPLC_L2_MEDIUM_25_35_S01_R02,VPLC_L2_MEDIUM_25_35,SER_20260509_VPLC_L2_MEDIUM_25_35_S01,vPLC_container,VPLC_HOST,638,,,2026-05-09T18:10:11.059578392Z,,,,host_log,25,35,,,,,,2,128,,technical_check,vplc_status_cycle_duration_not_validated_as_Tper,0.098,100,работает
RUN_20260509_VPLC_L2_MEDIUM_25_35_S01_R02,VPLC_L2_MEDIUM_25_35,SER_20260509_VPLC_L2_MEDIUM_25_35_S01,vPLC_container,VPLC_HOST,639,,,2026-05-09T18:10:12.113885251Z,,,,host_log,25,35,,,,,,2,128,,technical_check,vplc_status_cycle_duration_not_validated_as_Tper,0.106,100,работает
RUN_20260509_VPLC_L2_MEDIUM_25_35_S01_R02,VPLC_L2_MEDIUM_25_35,SER_20260509_VPLC_L2_MEDIUM_25_35_S01,vPLC_container,VPLC_HOST,640,,,2026-05-09T18:10:13.170853595Z,,,,host_log,25,35,,,,,,2,128,,technical_check,vplc_status_cycle_duration_not_validated_as_Tper,0.109,100,работает
RUN_20260509_VPLC_L2_MEDIUM_25_35_S01_R02,VPLC_L2_MEDIUM_25_35,SER_20260509_VPLC_L2_MEDIUM_25_35_S01,vPLC_container,VPLC_HOST,641,,,2026-05-09T18:10:14.225391342Z,,,,host_log,25,35,,,,,,2,128,,technical_check,vplc_status_cycle_duration_not_validated_as_Tper,0.104,100,работает
RUN_20260509_VPLC_L2_MEDIUM_25_35_S01_R02,VPLC_L2_MEDIUM_25_35,SER_20260509_VPLC_L2_MEDIUM_25_35_S01,vPLC_container,VPLC_HOST,642,,,2026-05-09T18:10:15.279056514Z,,,,host_log,25,35,,,,,,2,128,,technical_check,vplc_status_cycle_duration_not_validated_as_Tper,0.106,100,работает
RUN_20260509_VPLC_L2_MEDIUM_25_35_S01_R02,VPLC_L2_MEDIUM_25_35,SER_20260509_VPLC_L2_MEDIUM_25_35_S01,vPLC_container,VPLC_HOST,643,,,2026-05-09T18:10:16.337084688Z,,,,host_log,25,35,,,,,,2,128,,technical_check,vplc_status_cycle_duration_not_validated_as_Tper,4.550,100,работает
RUN_20260509_VPLC_L2_MEDIUM_25_35_S01_R02,VPLC_L2_MEDIUM_25_35,SER_20260509_VPLC_L2_MEDIUM_25_35_S01,vPLC_container,VPLC_HOST,644,,,2026-05-09T18:10:17.391338201Z,,,,host_log,25,35,,,,,,2,128,,technical_check,vplc_status_cycle_duration_not_validated_as_Tper,4.749,100,работает
RUN_20260509_VPLC_L2_MEDIUM_25_35_S01_R02,VPLC_L2_MEDIUM_25_35,SER_20260509_VPLC_L2_MEDIUM_25_35_S01,vPLC_container,VPLC_HOST,645,,,2026-05-09T18:10:18.444927685Z,,,,host_log,25,35,,,,,,2,128,,technical_check,vplc_status_cycle_duration_not_validated_as_Tper,0.079,100,работает
RUN_20260509_VPLC_L2_MEDIUM_25_35_S01_R02,VPLC_L2_MEDIUM_25_35,SER_20260509_VPLC_L2_MEDIUM_25_35_S01,vPLC_container,VPLC_HOST,646,,,2026-05-09T18:10:19.500947664Z,,,,host_log,25,35,,,,,,2,128,,technical_check,vplc_status_cycle_duration_not_validated_as_Tper,0.106,100,работает
RUN_20260509_VPLC_L2_MEDIUM_25_35_S01_R02,VPLC_L2_MEDIUM_25_35,SER_20260509_VPLC_L2_MEDIUM_25_35_S01,vPLC_container,VPLC_HOST,647,,,2026-05-09T18:10:20.555418872Z,,,,host_log,25,35,,,,,,2,128,,technical_check,vplc_status_cycle_duration_not_validated_as_Tper,0.071,100,работает
RUN_20260509_VPLC_L2_MEDIUM_25_35_S01_R02,VPLC_L2_MEDIUM_25_35,SER_20260509_VPLC_L2_MEDIUM_25_35_S01,vPLC_container,VPLC_HOST,648,,,2026-05-09T18:10:21.611076280Z,,,,host_log,25,35,,,,,,2,128,,technical_check,vplc_status_cycle_duration_not_validated_as_Tper,0.106,100,работает
RUN_20260509_VPLC_L2_MEDIUM_25_35_S01_R02,VPLC_L2_MEDIUM_25_35,SER_20260509_VPLC_L2_MEDIUM_25_35_S01,vPLC_container,VPLC_HOST,649,,,2026-05-09T18:10:22.668135725Z,,,,host_log,25,35,,,,,,2,128,,technical_check,vplc_status_cycle_duration_not_validated_as_Tper,0.107,100,работает
RUN_20260509_VPLC_L2_MEDIUM_25_35_S01_R02,VPLC_L2_MEDIUM_25_35,SER_20260509_VPLC_L2_MEDIUM_25_35_S01,vPLC_container,VPLC_HOST,650,,,2026-05-09T18:10:23.723573575Z,,,,host_log,25,35,,,,,,2,128,,technical_check,vplc_status_cycle_duration_not_validated_as_Tper,0.107,100,работает
RUN_20260509_VPLC_L2_MEDIUM_25_35_S01_R02,VPLC_L2_MEDIUM_25_35,SER_20260509_VPLC_L2_MEDIUM_25_35_S01,vPLC_container,VPLC_HOST,651,,,2026-05-09T18:10:24.778902373Z,,,,host_log,25,35,,,,,,2,128,,technical_check,vplc_status_cycle_duration_not_validated_as_Tper,0.106,100,работает
RUN_20260509_VPLC_L2_MEDIUM_25_35_S01_R02,VPLC_L2_MEDIUM_25_35,SER_20260509_VPLC_L2_MEDIUM_25_35_S01,vPLC_container,VPLC_HOST,652,,,2026-05-09T18:10:25.832764300Z,,,,host_log,25,35,,,,,,2,128,,technical_check,vplc_status_cycle_duration_not_validated_as_Tper,0.085,100,работает
RUN_20260509_VPLC_L2_MEDIUM_25_35_S01_R02,VPLC_L2_MEDIUM_25_35,SER_20260509_VPLC_L2_MEDIUM_25_35_S01,vPLC_container,VPLC_HOST,653,,,2026-05-09T18:10:26.886477755Z,,,,host_log,25,35,,,,,,2,128,,technical_check,vplc_status_cycle_duration_not_validated_as_Tper,0.107,100,работает
RUN_20260509_VPLC_L2_MEDIUM_25_35_S01_R02,VPLC_L2_MEDIUM_25_35,SER_20260509_VPLC_L2_MEDIUM_25_35_S01,vPLC_container,VPLC_HOST,654,,,2026-05-09T18:10:27.944924076Z,,,,host_log,25,35,,,,,,2,128,,technical_check,vplc_status_cycle_duration_not_validated_as_Tper,0.087,100,работает
RUN_20260509_VPLC_L2_MEDIUM_25_35_S01_R02,VPLC_L2_MEDIUM_25_35,SER_20260509_VPLC_L2_MEDIUM_25_35_S01,vPLC_container,VPLC_HOST,655,,,2026-05-09T18:10:28.999088489Z,,,,host_log,25,35,,,,,,2,128,,technical_check,vplc_status_cycle_duration_not_validated_as_Tper,0.107,100,работает
RUN_20260509_VPLC_L2_MEDIUM_25_35_S01_R02,VPLC_L2_MEDIUM_25_35,SER_20260509_VPLC_L2_MEDIUM_25_35_S01,vPLC_container,VPLC_HOST,656,,,2026-05-09T18:10:30.054531960Z,,,,host_log,25,35,,,,,,2,128,,technical_check,vplc_status_cycle_duration_not_validated_as_Tper,0.073,100,работает
RUN_20260509_VPLC_L2_MEDIUM_25_35_S01_R02,VPLC_L2_MEDIUM_25_35,SER_20260509_VPLC_L2_MEDIUM_25_35_S01,vPLC_container,VPLC_HOST,657,,,2026-05-09T18:10:31.110543033Z,,,,host_log,25,35,,,,,,2,128,,technical_check,vplc_status_cycle_duration_not_validated_as_Tper,0.106,100,работает
RUN_20260509_VPLC_L2_MEDIUM_25_35_S01_R02,VPLC_L2_MEDIUM_25_35,SER_20260509_VPLC_L2_MEDIUM_25_35_S01,vPLC_container,VPLC_HOST,658,,,2026-05-09T18:10:32.163328446Z,,,,host_log,25,35,,,,,,2,128,,technical_check,vplc_status_cycle_duration_not_validated_as_Tper,0.106,100,работает
RUN_20260509_VPLC_L2_MEDIUM_25_35_S01_R02,VPLC_L2_MEDIUM_25_35,SER_20260509_VPLC_L2_MEDIUM_25_35_S01,vPLC_container,VPLC_HOST,659,,,2026-05-09T18:10:33.217086725Z,,,,host_log,25,35,,,,,,2,128,,technical_check,vplc_status_cycle_duration_not_validated_as_Tper,0.108,100,работает
RUN_20260509_VPLC_L2_MEDIUM_25_35_S01_R02,VPLC_L2_MEDIUM_25_35,SER_20260509_VPLC_L2_MEDIUM_25_35_S01,vPLC_container,VPLC_HOST,660,,,2026-05-09T18:10:34.277238071Z,,,,host_log,25,35,,,,,,2,128,,technical_check,vplc_status_cycle_duration_not_validated_as_Tper,0.106,100,работает
RUN_20260509_VPLC_L2_MEDIUM_25_35_S01_R02,VPLC_L2_MEDIUM_25_35,SER_20260509_VPLC_L2_MEDIUM_25_35_S01,vPLC_container,VPLC_HOST,661,,,2026-05-09T18:10:35.329127725Z,,,,host_log,25,35,,,,,,2,128,,technical_check,vplc_status_cycle_duration_not_validated_as_Tper,4.030,100,работает
RUN_20260509_VPLC_L2_MEDIUM_25_35_S01_R02,VPLC_L2_MEDIUM_25_35,SER_20260509_VPLC_L2_MEDIUM_25_35_S01,vPLC_container,VPLC_HOST,662,,,2026-05-09T18:10:36.384116459Z,,,,host_log,25,35,,,,,,2,128,,technical_check,vplc_status_cycle_duration_not_validated_as_Tper,4.469,100,работает
RUN_20260509_VPLC_L2_MEDIUM_25_35_S01_R02,VPLC_L2_MEDIUM_25_35,SER_20260509_VPLC_L2_MEDIUM_25_35_S01,vPLC_container,VPLC_HOST,663,,,2026-05-09T18:10:37.437782586Z,,,,host_log,25,35,,,,,,2,128,,technical_check,vplc_status_cycle_duration_not_validated_as_Tper,0.085,100,работает
RUN_20260509_VPLC_L2_MEDIUM_25_35_S01_R02,VPLC_L2_MEDIUM_25_35,SER_20260509_VPLC_L2_MEDIUM_25_35_S01,vPLC_container,VPLC_HOST,664,,,2026-05-09T18:10:38.497626150Z,,,,host_log,25,35,,,,,,2,128,,technical_check,vplc_status_cycle_duration_not_validated_as_Tper,0.106,100,работает
RUN_20260509_VPLC_L2_MEDIUM_25_35_S01_R02,VPLC_L2_MEDIUM_25_35,SER_20260509_VPLC_L2_MEDIUM_25_35_S01,vPLC_container,VPLC_HOST,665,,,2026-05-09T18:10:39.553709421Z,,,,host_log,25,35,,,,,,2,128,,technical_check,vplc_status_cycle_duration_not_validated_as_Tper,0.068,100,работает
RUN_20260509_VPLC_L2_MEDIUM_25_35_S01_R02,VPLC_L2_MEDIUM_25_35,SER_20260509_VPLC_L2_MEDIUM_25_35_S01,vPLC_container,VPLC_HOST,666,,,2026-05-09T18:10:40.604753249Z,,,,host_log,25,35,,,,,,2,128,,technical_check,vplc_status_cycle_duration_not_validated_as_Tper,0.107,100,работает
RUN_20260509_VPLC_L2_MEDIUM_25_35_S01_R02,VPLC_L2_MEDIUM_25_35,SER_20260509_VPLC_L2_MEDIUM_25_35_S01,vPLC_container,VPLC_HOST,667,,,2026-05-09T18:10:41.661227377Z,,,,host_log,25,35,,,,,,2,128,,technical_check,vplc_status_cycle_duration_not_validated_as_Tper,0.106,100,работает
RUN_20260509_VPLC_L2_MEDIUM_25_35_S01_R02,VPLC_L2_MEDIUM_25_35,SER_20260509_VPLC_L2_MEDIUM_25_35_S01,vPLC_container,VPLC_HOST,668,,,2026-05-09T18:10:42.717114726Z,,,,host_log,25,35,,,,,,2,128,,technical_check,vplc_status_cycle_duration_not_validated_as_Tper,0.106,100,работает
RUN_20260509_VPLC_L2_MEDIUM_25_35_S01_R02,VPLC_L2_MEDIUM_25_35,SER_20260509_VPLC_L2_MEDIUM_25_35_S01,vPLC_container,VPLC_HOST,669,,,2026-05-09T18:10:43.773666597Z,,,,host_log,25,35,,,,,,2,128,,technical_check,vplc_status_cycle_duration_not_validated_as_Tper,0.108,100,работает
RUN_20260509_VPLC_L2_MEDIUM_25_35_S01_R02,VPLC_L2_MEDIUM_25_35,SER_20260509_VPLC_L2_MEDIUM_25_35_S01,vPLC_container,VPLC_HOST,670,,,2026-05-09T18:10:44.829165972Z,,,,host_log,25,35,,,,,,2,128,,technical_check,vplc_status_cycle_duration_not_validated_as_Tper,0.085,100,работает
RUN_20260509_VPLC_L2_MEDIUM_25_35_S01_R02,VPLC_L2_MEDIUM_25_35,SER_20260509_VPLC_L2_MEDIUM_25_35_S01,vPLC_container,VPLC_HOST,671,,,2026-05-09T18:10:45.885304178Z,,,,host_log,25,35,,,,,,2,128,,technical_check,vplc_status_cycle_duration_not_validated_as_Tper,0.102,100,работает
RUN_20260509_VPLC_L2_MEDIUM_25_35_S01_R02,VPLC_L2_MEDIUM_25_35,SER_20260509_VPLC_L2_MEDIUM_25_35_S01,vPLC_container,VPLC_HOST,672,,,2026-05-09T18:10:46.938761404Z,,,,host_log,25,35,,,,,,2,128,,technical_check,vplc_status_cycle_duration_not_validated_as_Tper,0.087,100,работает
RUN_20260509_VPLC_L2_MEDIUM_25_35_S01_R02,VPLC_L2_MEDIUM_25_35,SER_20260509_VPLC_L2_MEDIUM_25_35_S01,vPLC_container,VPLC_HOST,673,,,2026-05-09T18:10:47.993036078Z,,,,host_log,25,35,,,,,,2,128,,technical_check,vplc_status_cycle_duration_not_validated_as_Tper,0.109,100,работает
RUN_20260509_VPLC_L2_MEDIUM_25_35_S01_R02,VPLC_L2_MEDIUM_25_35,SER_20260509_VPLC_L2_MEDIUM_25_35_S01,vPLC_container,VPLC_HOST,674,,,2026-05-09T18:10:49.050721952Z,,,,host_log,25,35,,,,,,2,128,,technical_check,vplc_status_cycle_duration_not_validated_as_Tper,0.048,100,работает
RUN_20260509_VPLC_L2_MEDIUM_25_35_S01_R02,VPLC_L2_MEDIUM_25_35,SER_20260509_VPLC_L2_MEDIUM_25_35_S01,vPLC_container,VPLC_HOST,675,,,2026-05-09T18:10:50.105417009Z,,,,host_log,25,35,,,,,,2,128,,technical_check,vplc_status_cycle_duration_not_validated_as_Tper,0.107,100,работает
RUN_20260509_VPLC_L2_MEDIUM_25_35_S01_R02,VPLC_L2_MEDIUM_25_35,SER_20260509_VPLC_L2_MEDIUM_25_35_S01,vPLC_container,VPLC_HOST,676,,,2026-05-09T18:10:51.158696368Z,,,,host_log,25,35,,,,,,2,128,,technical_check,vplc_status_cycle_duration_not_validated_as_Tper,0.089,100,работает
RUN_20260509_VPLC_L2_MEDIUM_25_35_S01_R02,VPLC_L2_MEDIUM_25_35,SER_20260509_VPLC_L2_MEDIUM_25_35_S01,vPLC_container,VPLC_HOST,677,,,2026-05-09T18:10:52.215148636Z,,,,host_log,25,35,,,,,,2,128,,technical_check,vplc_status_cycle_duration_not_validated_as_Tper,0.108,100,работает
RUN_20260509_VPLC_L2_MEDIUM_25_35_S01_R02,VPLC_L2_MEDIUM_25_35,SER_20260509_VPLC_L2_MEDIUM_25_35_S01,vPLC_container,VPLC_HOST,678,,,2026-05-09T18:10:53.272814925Z,,,,host_log,25,35,,,,,,2,128,,technical_check,vplc_status_cycle_duration_not_validated_as_Tper,0.107,100,работает
RUN_20260509_VPLC_L2_MEDIUM_25_35_S01_R02,VPLC_L2_MEDIUM_25_35,SER_20260509_VPLC_L2_MEDIUM_25_35_S01,vPLC_container,VPLC_HOST,679,,,2026-05-09T18:10:54.325690498Z,,,,host_log,25,35,,,,,,2,128,,technical_check,vplc_status_cycle_duration_not_validated_as_Tper,4.584,100,работает
RUN_20260509_VPLC_L2_MEDIUM_25_35_S01_R02,VPLC_L2_MEDIUM_25_35,SER_20260509_VPLC_L2_MEDIUM_25_35_S01,vPLC_container,VPLC_HOST,680,,,2026-05-09T18:10:55.381634081Z,,,,host_log,25,35,,,,,,2,128,,technical_check,vplc_status_cycle_duration_not_validated_as_Tper,4.914,100,работает
RUN_20260509_VPLC_L2_MEDIUM_25_35_S01_R02,VPLC_L2_MEDIUM_25_35,SER_20260509_VPLC_L2_MEDIUM_25_35_S01,vPLC_container,VPLC_HOST,681,,,2026-05-09T18:10:56.436275016Z,,,,host_log,25,35,,,,,,2,128,,technical_check,vplc_status_cycle_duration_not_validated_as_Tper,0.087,100,работает
RUN_20260509_VPLC_L2_MEDIUM_25_35_S01_R02,VPLC_L2_MEDIUM_25_35,SER_20260509_VPLC_L2_MEDIUM_25_35_S01,vPLC_container,VPLC_HOST,682,,,2026-05-09T18:10:57.491791596Z,,,,host_log,25,35,,,,,,2,128,,technical_check,vplc_status_cycle_duration_not_validated_as_Tper,0.105,100,работает
RUN_20260509_VPLC_L2_MEDIUM_25_35_S01_R02,VPLC_L2_MEDIUM_25_35,SER_20260509_VPLC_L2_MEDIUM_25_35_S01,vPLC_container,VPLC_HOST,683,,,2026-05-09T18:10:58.549585104Z,,,,host_log,25,35,,,,,,2,128,,technical_check,vplc_status_cycle_duration_not_validated_as_Tper,0.048,100,работает
RUN_20260509_VPLC_L2_MEDIUM_25_35_S01_R02,VPLC_L2_MEDIUM_25_35,SER_20260509_VPLC_L2_MEDIUM_25_35_S01,vPLC_container,VPLC_HOST,684,,,2026-05-09T18:10:59.600606307Z,,,,host_log,25,35,,,,,,2,128,,technical_check,vplc_status_cycle_duration_not_validated_as_Tper,0.103,100,работает
RUN_20260509_VPLC_L2_MEDIUM_25_35_S01_R02,VPLC_L2_MEDIUM_25_35,SER_20260509_VPLC_L2_MEDIUM_25_35_S01,vPLC_container,VPLC_HOST,685,,,2026-05-09T18:11:00.659849220Z,,,,host_log,25,35,,,,,,2,128,,technical_check,vplc_status_cycle_duration_not_validated_as_Tper,0.099,100,работает
RUN_20260509_VPLC_L2_MEDIUM_25_35_S01_R02,VPLC_L2_MEDIUM_25_35,SER_20260509_VPLC_L2_MEDIUM_25_35_S01,vPLC_container,VPLC_HOST,686,,,2026-05-09T18:11:01.714386303Z,,,,host_log,25,35,,,,,,2,128,,technical_check,vplc_status_cycle_duration_not_validated_as_Tper,0.076,100,работает
RUN_20260509_VPLC_L2_MEDIUM_25_35_S01_R02,VPLC_L2_MEDIUM_25_35,SER_20260509_VPLC_L2_MEDIUM_25_35_S01,vPLC_container,VPLC_HOST,687,,,2026-05-09T18:11:02.769531964Z,,,,host_log,25,35,,,,,,2,128,,technical_check,vplc_status_cycle_duration_not_validated_as_Tper,0.107,100,работает
RUN_20260509_VPLC_L2_MEDIUM_25_35_S01_R02,VPLC_L2_MEDIUM_25_35,SER_20260509_VPLC_L2_MEDIUM_25_35_S01,vPLC_container,VPLC_HOST,688,,,2026-05-09T18:11:03.823869074Z,,,,host_log,25,35,,,,,,2,128,,technical_check,vplc_status_cycle_duration_not_validated_as_Tper,0.106,100,работает
RUN_20260509_VPLC_L2_MEDIUM_25_35_S01_R02,VPLC_L2_MEDIUM_25_35,SER_20260509_VPLC_L2_MEDIUM_25_35_S01,vPLC_container,VPLC_HOST,689,,,2026-05-09T18:11:04.880749131Z,,,,host_log,25,35,,,,,,2,128,,technical_check,vplc_status_cycle_duration_not_validated_as_Tper,0.108,100,работает
RUN_20260509_VPLC_L2_MEDIUM_25_35_S01_R02,VPLC_L2_MEDIUM_25_35,SER_20260509_VPLC_L2_MEDIUM_25_35_S01,vPLC_container,VPLC_HOST,690,,,2026-05-09T18:11:05.936107976Z,,,,host_log,25,35,,,,,,2,128,,technical_check,vplc_status_cycle_duration_not_validated_as_Tper,0.086,100,работает
RUN_20260509_VPLC_L2_MEDIUM_25_35_S01_R02,VPLC_L2_MEDIUM_25_35,SER_20260509_VPLC_L2_MEDIUM_25_35_S01,vPLC_container,VPLC_HOST,691,,,2026-05-09T18:11:06.989962854Z,,,,host_log,25,35,,,,,,2,128,,technical_check,vplc_status_cycle_duration_not_validated_as_Tper,0.107,100,работает
RUN_20260509_VPLC_L2_MEDIUM_25_35_S01_R02,VPLC_L2_MEDIUM_25_35,SER_20260509_VPLC_L2_MEDIUM_25_35_S01,vPLC_container,VPLC_HOST,692,,,2026-05-09T18:11:08.046867437Z,,,,host_log,25,35,,,,,,2,128,,technical_check,vplc_status_cycle_duration_not_validated_as_Tper,0.064,100,работает
RUN_20260509_VPLC_L2_MEDIUM_25_35_S01_R02,VPLC_L2_MEDIUM_25_35,SER_20260509_VPLC_L2_MEDIUM_25_35_S01,vPLC_container,VPLC_HOST,693,,,2026-05-09T18:11:09.099560220Z,,,,host_log,25,35,,,,,,2,128,,technical_check,vplc_status_cycle_duration_not_validated_as_Tper,0.108,100,работает
RUN_20260509_VPLC_L2_MEDIUM_25_35_S01_R02,VPLC_L2_MEDIUM_25_35,SER_20260509_VPLC_L2_MEDIUM_25_35_S01,vPLC_container,VPLC_HOST,694,,,2026-05-09T18:11:10.155757574Z,,,,host_log,25,35,,,,,,2,128,,technical_check,vplc_status_cycle_duration_not_validated_as_Tper,0.080,100,работает
RUN_20260509_VPLC_L2_MEDIUM_25_35_S01_R02,VPLC_L2_MEDIUM_25_35,SER_20260509_VPLC_L2_MEDIUM_25_35_S01,vPLC_container,VPLC_HOST,695,,,2026-05-09T18:11:11.212787957Z,,,,host_log,25,35,,,,,,2,128,,technical_check,vplc_status_cycle_duration_not_validated_as_Tper,0.107,100,работает
RUN_20260509_VPLC_L2_MEDIUM_25_35_S01_R02,VPLC_L2_MEDIUM_25_35,SER_20260509_VPLC_L2_MEDIUM_25_35_S01,vPLC_container,VPLC_HOST,696,,,2026-05-09T18:11:12.265471660Z,,,,host_log,25,35,,,,,,2,128,,technical_check,vplc_status_cycle_duration_not_validated_as_Tper,0.090,100,работает
RUN_20260509_VPLC_L2_MEDIUM_25_35_S01_R02,VPLC_L2_MEDIUM_25_35,SER_20260509_VPLC_L2_MEDIUM_25_35_S01,vPLC_container,VPLC_HOST,697,,,2026-05-09T18:11:13.322921092Z,,,,host_log,25,35,,,,,,2,128,,technical_check,vplc_status_cycle_duration_not_validated_as_Tper,0.111,100,работает
RUN_20260509_VPLC_L2_MEDIUM_25_35_S01_R02,VPLC_L2_MEDIUM_25_35,SER_20260509_VPLC_L2_MEDIUM_25_35_S01,vPLC_container,VPLC_HOST,698,,,2026-05-09T18:11:14.379166813Z,,,,host_log,25,35,,,,,,2,128,,technical_check,vplc_status_cycle_duration_not_validated_as_Tper,4.389,100,работает
RUN_20260509_VPLC_L2_MEDIUM_25_35_S01_R02,VPLC_L2_MEDIUM_25_35,SER_20260509_VPLC_L2_MEDIUM_25_35_S01,vPLC_container,VPLC_HOST,699,,,2026-05-09T18:11:15.431517427Z,,,,host_log,25,35,,,,,,2,128,,technical_check,vplc_status_cycle_duration_not_validated_as_Tper,0.105,100,работает
RUN_20260509_VPLC_L2_MEDIUM_25_35_S01_R02,VPLC_L2_MEDIUM_25_35,SER_20260509_VPLC_L2_MEDIUM_25_35_S01,vPLC_container,VPLC_HOST,700,,,2026-05-09T18:11:16.488770383Z,,,,host_log,25,35,,,,,,2,128,,technical_check,vplc_status_cycle_duration_not_validated_as_Tper,0.105,100,работает
RUN_20260509_VPLC_L2_MEDIUM_25_35_S01_R02,VPLC_L2_MEDIUM_25_35,SER_20260509_VPLC_L2_MEDIUM_25_35_S01,vPLC_container,VPLC_HOST,701,,,2026-05-09T18:11:17.541157179Z,,,,host_log,25,35,,,,,,2,128,,technical_check,vplc_status_cycle_duration_not_validated_as_Tper,0.088,100,работает
RUN_20260509_VPLC_L2_MEDIUM_25_35_S01_R02,VPLC_L2_MEDIUM_25_35,SER_20260509_VPLC_L2_MEDIUM_25_35_S01,vPLC_container,VPLC_HOST,702,,,2026-05-09T18:11:18.596311809Z,,,,host_log,25,35,,,,,,2,128,,technical_check,vplc_status_cycle_duration_not_validated_as_Tper,0.106,100,работает
RUN_20260509_VPLC_L2_MEDIUM_25_35_S01_R02,VPLC_L2_MEDIUM_25_35,SER_20260509_VPLC_L2_MEDIUM_25_35_S01,vPLC_container,VPLC_HOST,703,,,2026-05-09T18:11:19.652171447Z,,,,host_log,25,35,,,,,,2,128,,technical_check,vplc_status_cycle_duration_not_validated_as_Tper,0.049,100,работает
RUN_20260509_VPLC_L2_MEDIUM_25_35_S01_R02,VPLC_L2_MEDIUM_25_35,SER_20260509_VPLC_L2_MEDIUM_25_35_S01,vPLC_container,VPLC_HOST,704,,,2026-05-09T18:11:20.709680670Z,,,,host_log,25,35,,,,,,2,128,,technical_check,vplc_status_cycle_duration_not_validated_as_Tper,0.105,100,работает
RUN_20260509_VPLC_L2_MEDIUM_25_35_S01_R02,VPLC_L2_MEDIUM_25_35,SER_20260509_VPLC_L2_MEDIUM_25_35_S01,vPLC_container,VPLC_HOST,705,,,2026-05-09T18:11:21.765322949Z,,,,host_log,25,35,,,,,,2,128,,technical_check,vplc_status_cycle_duration_not_validated_as_Tper,0.107,100,работает
RUN_20260509_VPLC_L2_MEDIUM_25_35_S01_R02,VPLC_L2_MEDIUM_25_35,SER_20260509_VPLC_L2_MEDIUM_25_35_S01,vPLC_container,VPLC_HOST,706,,,2026-05-09T18:11:22.816489300Z,,,,host_log,25,35,,,,,,2,128,,technical_check,vplc_status_cycle_duration_not_validated_as_Tper,0.093,100,работает
RUN_20260509_VPLC_L2_MEDIUM_25_35_S01_R02,VPLC_L2_MEDIUM_25_35,SER_20260509_VPLC_L2_MEDIUM_25_35_S01,vPLC_container,VPLC_HOST,707,,,2026-05-09T18:11:23.873135813Z,,,,host_log,25,35,,,,,,2,128,,technical_check,vplc_status_cycle_duration_not_validated_as_Tper,0.106,100,работает
RUN_20260509_VPLC_L2_MEDIUM_25_35_S01_R02,VPLC_L2_MEDIUM_25_35,SER_20260509_VPLC_L2_MEDIUM_25_35_S01,vPLC_container,VPLC_HOST,708,,,2026-05-09T18:11:24.930815015Z,,,,host_log,25,35,,,,,,2,128,,technical_check,vplc_status_cycle_duration_not_validated_as_Tper,0.085,100,работает
RUN_20260509_VPLC_L2_MEDIUM_25_35_S01_R02,VPLC_L2_MEDIUM_25_35,SER_20260509_VPLC_L2_MEDIUM_25_35_S01,vPLC_container,VPLC_HOST,709,,,2026-05-09T18:11:25.983839393Z,,,,host_log,25,35,,,,,,2,128,,technical_check,vplc_status_cycle_duration_not_validated_as_Tper,0.110,100,работает
RUN_20260509_VPLC_L2_MEDIUM_25_35_S01_R02,VPLC_L2_MEDIUM_25_35,SER_20260509_VPLC_L2_MEDIUM_25_35_S01,vPLC_container,VPLC_HOST,710,,,2026-05-09T18:11:27.041480457Z,,,,host_log,25,35,,,,,,2,128,,technical_check,vplc_status_cycle_duration_not_validated_as_Tper,0.086,100,работает
RUN_20260509_VPLC_L2_MEDIUM_25_35_S01_R02,VPLC_L2_MEDIUM_25_35,SER_20260509_VPLC_L2_MEDIUM_25_35_S01,vPLC_container,VPLC_HOST,711,,,2026-05-09T18:11:28.096147765Z,,,,host_log,25,35,,,,,,2,128,,technical_check,vplc_status_cycle_duration_not_validated_as_Tper,0.105,100,работает
RUN_20260509_VPLC_L2_MEDIUM_25_35_S01_R02,VPLC_L2_MEDIUM_25_35,SER_20260509_VPLC_L2_MEDIUM_25_35_S01,vPLC_container,VPLC_HOST,712,,,2026-05-09T18:11:29.148745267Z,,,,host_log,25,35,,,,,,2,128,,technical_check,vplc_status_cycle_duration_not_validated_as_Tper,0.052,100,работает
RUN_20260509_VPLC_L2_MEDIUM_25_35_S01_R02,VPLC_L2_MEDIUM_25_35,SER_20260509_VPLC_L2_MEDIUM_25_35_S01,vPLC_container,VPLC_HOST,713,,,2026-05-09T18:11:30.205416741Z,,,,host_log,25,35,,,,,,2,128,,technical_check,vplc_status_cycle_duration_not_validated_as_Tper,0.110,100,работает
RUN_20260509_VPLC_L2_MEDIUM_25_35_S01_R02,VPLC_L2_MEDIUM_25_35,SER_20260509_VPLC_L2_MEDIUM_25_35_S01,vPLC_container,VPLC_HOST,714,,,2026-05-09T18:11:31.263106639Z,,,,host_log,25,35,,,,,,2,128,,technical_check,vplc_status_cycle_duration_not_validated_as_Tper,0.106,100,работает
RUN_20260509_VPLC_L2_MEDIUM_25_35_S01_R02,VPLC_L2_MEDIUM_25_35,SER_20260509_VPLC_L2_MEDIUM_25_35_S01,vPLC_container,VPLC_HOST,715,,,2026-05-09T18:11:32.319021943Z,,,,host_log,25,35,,,,,,2,128,,technical_check,vplc_status_cycle_duration_not_validated_as_Tper,0.106,100,работает
RUN_20260509_VPLC_L2_MEDIUM_25_35_S01_R02,VPLC_L2_MEDIUM_25_35,SER_20260509_VPLC_L2_MEDIUM_25_35_S01,vPLC_container,VPLC_HOST,716,,,2026-05-09T18:11:33.372491065Z,,,,host_log,25,35,,,,,,2,128,,technical_check,vplc_status_cycle_duration_not_validated_as_Tper,4.408,100,работает
RUN_20260509_VPLC_L2_MEDIUM_25_35_S01_R02,VPLC_L2_MEDIUM_25_35,SER_20260509_VPLC_L2_MEDIUM_25_35_S01,vPLC_container,VPLC_HOST,717,,,2026-05-09T18:11:34.428268354Z,,,,host_log,25,35,,,,,,2,128,,technical_check,vplc_status_cycle_duration_not_validated_as_Tper,0.087,100,работает
RUN_20260509_VPLC_L2_MEDIUM_25_35_S01_R02,VPLC_L2_MEDIUM_25_35,SER_20260509_VPLC_L2_MEDIUM_25_35_S01,vPLC_container,VPLC_HOST,718,,,2026-05-09T18:11:35.484374343Z,,,,host_log,25,35,,,,,,2,128,,technical_check,vplc_status_cycle_duration_not_validated_as_Tper,0.104,100,работает
RUN_20260509_VPLC_L2_MEDIUM_25_35_S01_R02,VPLC_L2_MEDIUM_25_35,SER_20260509_VPLC_L2_MEDIUM_25_35_S01,vPLC_container,VPLC_HOST,719,,,2026-05-09T18:11:36.538716450Z,,,,host_log,25,35,,,,,,2,128,,technical_check,vplc_status_cycle_duration_not_validated_as_Tper,0.087,100,работает
RUN_20260509_VPLC_L2_MEDIUM_25_35_S01_R02,VPLC_L2_MEDIUM_25_35,SER_20260509_VPLC_L2_MEDIUM_25_35_S01,vPLC_container,VPLC_HOST,720,,,2026-05-09T18:11:37.593771653Z,,,,host_log,25,35,,,,,,2,128,,technical_check,vplc_status_cycle_duration_not_validated_as_Tper,0.105,100,работает
RUN_20260509_VPLC_L2_MEDIUM_25_35_S01_R02,VPLC_L2_MEDIUM_25_35,SER_20260509_VPLC_L2_MEDIUM_25_35_S01,vPLC_container,VPLC_HOST,721,,,2026-05-09T18:11:38.648574928Z,,,,host_log,25,35,,,,,,2,128,,technical_check,vplc_status_cycle_duration_not_validated_as_Tper,0.059,100,работает
RUN_20260509_VPLC_L2_MEDIUM_25_35_S01_R02,VPLC_L2_MEDIUM_25_35,SER_20260509_VPLC_L2_MEDIUM_25_35_S01,vPLC_container,VPLC_HOST,722,,,2026-05-09T18:11:39.704738621Z,,,,host_log,25,35,,,,,,2,128,,technical_check,vplc_status_cycle_duration_not_validated_as_Tper,0.103,100,работает
RUN_20260509_VPLC_L2_MEDIUM_25_35_S01_R02,VPLC_L2_MEDIUM_25_35,SER_20260509_VPLC_L2_MEDIUM_25_35_S01,vPLC_container,VPLC_HOST,723,,,2026-05-09T18:11:40.759709321Z,,,,host_log,25,35,,,,,,2,128,,technical_check,vplc_status_cycle_duration_not_validated_as_Tper,0.101,100,работает
RUN_20260509_VPLC_L2_MEDIUM_25_35_S01_R02,VPLC_L2_MEDIUM_25_35,SER_20260509_VPLC_L2_MEDIUM_25_35_S01,vPLC_container,VPLC_HOST,724,,,2026-05-09T18:11:41.815284125Z,,,,host_log,25,35,,,,,,2,128,,technical_check,vplc_status_cycle_duration_not_validated_as_Tper,0.107,100,работает
RUN_20260509_VPLC_L2_MEDIUM_25_35_S01_R02,VPLC_L2_MEDIUM_25_35,SER_20260509_VPLC_L2_MEDIUM_25_35_S01,vPLC_container,VPLC_HOST,725,,,2026-05-09T18:11:42.871416334Z,,,,host_log,25,35,,,,,,2,128,,technical_check,vplc_status_cycle_duration_not_validated_as_Tper,0.109,100,работает
RUN_20260509_VPLC_L2_MEDIUM_25_35_S01_R02,VPLC_L2_MEDIUM_25_35,SER_20260509_VPLC_L2_MEDIUM_25_35_S01,vPLC_container,VPLC_HOST,726,,,2026-05-09T18:11:43.924582104Z,,,,host_log,25,35,,,,,,2,128,,technical_check,vplc_status_cycle_duration_not_validated_as_Tper,0.104,100,работает
RUN_20260509_VPLC_L2_MEDIUM_25_35_S01_R02,VPLC_L2_MEDIUM_25_35,SER_20260509_VPLC_L2_MEDIUM_25_35_S01,vPLC_container,VPLC_HOST,727,,,2026-05-09T18:11:44.980773143Z,,,,host_log,25,35,,,,,,2,128,,technical_check,vplc_status_cycle_duration_not_validated_as_Tper,0.106,100,работает
RUN_20260509_VPLC_L2_MEDIUM_25_35_S01_R02,VPLC_L2_MEDIUM_25_35,SER_20260509_VPLC_L2_MEDIUM_25_35_S01,vPLC_container,VPLC_HOST,728,,,2026-05-09T18:11:46.035252353Z,,,,host_log,25,35,,,,,,2,128,,technical_check,vplc_status_cycle_duration_not_validated_as_Tper,0.085,100,работает
RUN_20260509_VPLC_L2_MEDIUM_25_35_S01_R02,VPLC_L2_MEDIUM_25_35,SER_20260509_VPLC_L2_MEDIUM_25_35_S01,vPLC_container,VPLC_HOST,729,,,2026-05-09T18:11:47.092594842Z,,,,host_log,25,35,,,,,,2,128,,technical_check,vplc_status_cycle_duration_not_validated_as_Tper,0.109,100,работает
RUN_20260509_VPLC_L2_MEDIUM_25_35_S01_R02,VPLC_L2_MEDIUM_25_35,SER_20260509_VPLC_L2_MEDIUM_25_35_S01,vPLC_container,VPLC_HOST,730,,,2026-05-09T18:11:48.146909184Z,,,,host_log,25,35,,,,,,2,128,,technical_check,vplc_status_cycle_duration_not_validated_as_Tper,0.065,100,работает
RUN_20260509_VPLC_L2_MEDIUM_25_35_S01_R02,VPLC_L2_MEDIUM_25_35,SER_20260509_VPLC_L2_MEDIUM_25_35_S01,vPLC_container,VPLC_HOST,731,,,2026-05-09T18:11:49.202230584Z,,,,host_log,25,35,,,,,,2,128,,technical_check,vplc_status_cycle_duration_not_validated_as_Tper,0.103,100,работает
RUN_20260509_VPLC_L2_MEDIUM_25_35_S01_R02,VPLC_L2_MEDIUM_25_35,SER_20260509_VPLC_L2_MEDIUM_25_35_S01,vPLC_container,VPLC_HOST,732,,,2026-05-09T18:11:50.255535823Z,,,,host_log,25,35,,,,,,2,128,,technical_check,vplc_status_cycle_duration_not_validated_as_Tper,0.069,100,работает
RUN_20260509_VPLC_L2_MEDIUM_25_35_S01_R02,VPLC_L2_MEDIUM_25_35,SER_20260509_VPLC_L2_MEDIUM_25_35_S01,vPLC_container,VPLC_HOST,733,,,2026-05-09T18:11:51.310913023Z,,,,host_log,25,35,,,,,,2,128,,technical_check,vplc_status_cycle_duration_not_validated_as_Tper,0.108,100,работает
RUN_20260509_VPLC_L2_MEDIUM_25_35_S01_R02,VPLC_L2_MEDIUM_25_35,SER_20260509_VPLC_L2_MEDIUM_25_35_S01,vPLC_container,VPLC_HOST,734,,,2026-05-09T18:11:52.366805450Z,,,,host_log,25,35,,,,,,2,128,,technical_check,vplc_status_cycle_duration_not_validated_as_Tper,5.073,100,работает
RUN_20260509_VPLC_L2_MEDIUM_25_35_S01_R02,VPLC_L2_MEDIUM_25_35,SER_20260509_VPLC_L2_MEDIUM_25_35_S01,vPLC_container,VPLC_HOST,735,,,2026-05-09T18:11:53.421412917Z,,,,host_log,25,35,,,,,,2,128,,technical_check,vplc_status_cycle_duration_not_validated_as_Tper,0.097,100,работает
RUN_20260509_VPLC_L2_MEDIUM_25_35_S01_R02,VPLC_L2_MEDIUM_25_35,SER_20260509_VPLC_L2_MEDIUM_25_35_S01,vPLC_container,VPLC_HOST,736,,,2026-05-09T18:11:54.478868265Z,,,,host_log,25,35,,,,,,2,128,,technical_check,vplc_status_cycle_duration_not_validated_as_Tper,0.105,100,работает
RUN_20260509_VPLC_L2_MEDIUM_25_35_S01_R02,VPLC_L2_MEDIUM_25_35,SER_20260509_VPLC_L2_MEDIUM_25_35_S01,vPLC_container,VPLC_HOST,737,,,2026-05-09T18:11:55.534239573Z,,,,host_log,25,35,,,,,,2,128,,technical_check,vplc_status_cycle_duration_not_validated_as_Tper,0.089,100,работает
RUN_20260509_VPLC_L2_MEDIUM_25_35_S01_R02,VPLC_L2_MEDIUM_25_35,SER_20260509_VPLC_L2_MEDIUM_25_35_S01,vPLC_container,VPLC_HOST,738,,,2026-05-09T18:11:56.588512078Z,,,,host_log,25,35,,,,,,2,128,,technical_check,vplc_status_cycle_duration_not_validated_as_Tper,0.108,100,работает
RUN_20260509_VPLC_L2_MEDIUM_25_35_S01_R02,VPLC_L2_MEDIUM_25_35,SER_20260509_VPLC_L2_MEDIUM_25_35_S01,vPLC_container,VPLC_HOST,739,,,2026-05-09T18:11:57.644728840Z,,,,host_log,25,35,,,,,,2,128,,technical_check,vplc_status_cycle_duration_not_validated_as_Tper,0.076,100,работает
RUN_20260509_VPLC_L2_MEDIUM_25_35_S01_R02,VPLC_L2_MEDIUM_25_35,SER_20260509_VPLC_L2_MEDIUM_25_35_S01,vPLC_container,VPLC_HOST,740,,,2026-05-09T18:11:58.700670457Z,,,,host_log,25,35,,,,,,2,128,,technical_check,vplc_status_cycle_duration_not_validated_as_Tper,0.105,100,работает
RUN_20260509_VPLC_L2_MEDIUM_25_35_S01_R02,VPLC_L2_MEDIUM_25_35,SER_20260509_VPLC_L2_MEDIUM_25_35_S01,vPLC_container,VPLC_HOST,741,,,2026-05-09T18:11:59.756611168Z,,,,host_log,25,35,,,,,,2,128,,technical_check,vplc_status_cycle_duration_not_validated_as_Tper,0.078,100,работает
RUN_20260509_VPLC_L2_MEDIUM_25_35_S01_R02,VPLC_L2_MEDIUM_25_35,SER_20260509_VPLC_L2_MEDIUM_25_35_S01,vPLC_container,VPLC_HOST,742,,,2026-05-09T18:12:00.810924675Z,,,,host_log,25,35,,,,,,2,128,,technical_check,vplc_status_cycle_duration_not_validated_as_Tper,0.107,100,работает
RUN_20260509_VPLC_L2_MEDIUM_25_35_S01_R02,VPLC_L2_MEDIUM_25_35,SER_20260509_VPLC_L2_MEDIUM_25_35_S01,vPLC_container,VPLC_HOST,743,,,2026-05-09T18:12:01.865615969Z,,,,host_log,25,35,,,,,,2,128,,technical_check,vplc_status_cycle_duration_not_validated_as_Tper,0.104,100,работает
RUN_20260509_VPLC_L2_MEDIUM_25_35_S01_R02,VPLC_L2_MEDIUM_25_35,SER_20260509_VPLC_L2_MEDIUM_25_35_S01,vPLC_container,VPLC_HOST,744,,,2026-05-09T18:12:02.921138882Z,,,,host_log,25,35,,,,,,2,128,,technical_check,vplc_status_cycle_duration_not_validated_as_Tper,0.107,100,работает
RUN_20260509_VPLC_L2_MEDIUM_25_35_S01_R02,VPLC_L2_MEDIUM_25_35,SER_20260509_VPLC_L2_MEDIUM_25_35_S01,vPLC_container,VPLC_HOST,745,,,2026-05-09T18:12:03.977275978Z,,,,host_log,25,35,,,,,,2,128,,technical_check,vplc_status_cycle_duration_not_validated_as_Tper,0.108,100,работает
RUN_20260509_VPLC_L2_MEDIUM_25_35_S01_R02,VPLC_L2_MEDIUM_25_35,SER_20260509_VPLC_L2_MEDIUM_25_35_S01,vPLC_container,VPLC_HOST,746,,,2026-05-09T18:12:05.033528379Z,,,,host_log,25,35,,,,,,2,128,,technical_check,vplc_status_cycle_duration_not_validated_as_Tper,0.085,100,работает
RUN_20260509_VPLC_L2_MEDIUM_25_35_S01_R02,VPLC_L2_MEDIUM_25_35,SER_20260509_VPLC_L2_MEDIUM_25_35_S01,vPLC_container,VPLC_HOST,747,,,2026-05-09T18:12:06.085326509Z,,,,host_log,25,35,,,,,,2,128,,technical_check,vplc_status_cycle_duration_not_validated_as_Tper,0.105,100,работает
RUN_20260509_VPLC_L2_MEDIUM_25_35_S01_R02,VPLC_L2_MEDIUM_25_35,SER_20260509_VPLC_L2_MEDIUM_25_35_S01,vPLC_container,VPLC_HOST,748,,,2026-05-09T18:12:07.142289936Z,,,,host_log,25,35,,,,,,2,128,,technical_check,vplc_status_cycle_duration_not_validated_as_Tper,0.086,100,работает
RUN_20260509_VPLC_L2_MEDIUM_25_35_S01_R02,VPLC_L2_MEDIUM_25_35,SER_20260509_VPLC_L2_MEDIUM_25_35_S01,vPLC_container,VPLC_HOST,749,,,2026-05-09T18:12:08.197139806Z,,,,host_log,25,35,,,,,,2,128,,technical_check,vplc_status_cycle_duration_not_validated_as_Tper,0.107,100,работает
RUN_20260509_VPLC_L2_MEDIUM_25_35_S01_R02,VPLC_L2_MEDIUM_25_35,SER_20260509_VPLC_L2_MEDIUM_25_35_S01,vPLC_container,VPLC_HOST,750,,,2026-05-09T18:12:09.252399777Z,,,,host_log,25,35,,,,,,2,128,,technical_check,vplc_status_cycle_duration_not_validated_as_Tper,0.045,100,работает
RUN_20260509_VPLC_L2_MEDIUM_25_35_S01_R02,VPLC_L2_MEDIUM_25_35,SER_20260509_VPLC_L2_MEDIUM_25_35_S01,vPLC_container,VPLC_HOST,751,,,2026-05-09T18:12:10.308058449Z,,,,host_log,25,35,,,,,,2,128,,technical_check,vplc_status_cycle_duration_not_validated_as_Tper,0.105,100,работает
RUN_20260509_VPLC_L2_MEDIUM_25_35_S01_R02,VPLC_L2_MEDIUM_25_35,SER_20260509_VPLC_L2_MEDIUM_25_35_S01,vPLC_container,VPLC_HOST,752,,,2026-05-09T18:12:11.361277420Z,,,,host_log,25,35,,,,,,2,128,,technical_check,vplc_status_cycle_duration_not_validated_as_Tper,4.645,100,работает
RUN_20260509_VPLC_L2_MEDIUM_25_35_S01_R02,VPLC_L2_MEDIUM_25_35,SER_20260509_VPLC_L2_MEDIUM_25_35_S01,vPLC_container,VPLC_HOST,753,,,2026-05-09T18:12:12.420121362Z,,,,host_log,25,35,,,,,,2,128,,technical_check,vplc_status_cycle_duration_not_validated_as_Tper,4.441,100,работает
RUN_20260509_VPLC_L2_MEDIUM_25_35_S01_R02,VPLC_L2_MEDIUM_25_35,SER_20260509_VPLC_L2_MEDIUM_25_35_S01,vPLC_container,VPLC_HOST,754,,,2026-05-09T18:12:13.474718429Z,,,,host_log,25,35,,,,,,2,128,,technical_check,vplc_status_cycle_duration_not_validated_as_Tper,0.106,100,работает
RUN_20260509_VPLC_L2_MEDIUM_25_35_S01_R02,VPLC_L2_MEDIUM_25_35,SER_20260509_VPLC_L2_MEDIUM_25_35_S01,vPLC_container,VPLC_HOST,755,,,2026-05-09T18:12:14.528579384Z,,,,host_log,25,35,,,,,,2,128,,technical_check,vplc_status_cycle_duration_not_validated_as_Tper,0.107,100,работает
RUN_20260509_VPLC_L2_MEDIUM_25_35_S01_R02,VPLC_L2_MEDIUM_25_35,SER_20260509_VPLC_L2_MEDIUM_25_35_S01,vPLC_container,VPLC_HOST,756,,,2026-05-09T18:12:15.584786770Z,,,,host_log,25,35,,,,,,2,128,,technical_check,vplc_status_cycle_duration_not_validated_as_Tper,0.107,100,работает
RUN_20260509_VPLC_L2_MEDIUM_25_35_S01_R02,VPLC_L2_MEDIUM_25_35,SER_20260509_VPLC_L2_MEDIUM_25_35_S01,vPLC_container,VPLC_HOST,757,,,2026-05-09T18:12:16.640780884Z,,,,host_log,25,35,,,,,,2,128,,technical_check,vplc_status_cycle_duration_not_validated_as_Tper,0.088,100,работает
RUN_20260509_VPLC_L2_MEDIUM_25_35_S01_R02,VPLC_L2_MEDIUM_25_35,SER_20260509_VPLC_L2_MEDIUM_25_35_S01,vPLC_container,VPLC_HOST,758,,,2026-05-09T18:12:17.695062931Z,,,,host_log,25,35,,,,,,2,128,,technical_check,vplc_status_cycle_duration_not_validated_as_Tper,0.106,100,работает
RUN_20260509_VPLC_L2_MEDIUM_25_35_S01_R02,VPLC_L2_MEDIUM_25_35,SER_20260509_VPLC_L2_MEDIUM_25_35_S01,vPLC_container,VPLC_HOST,759,,,2026-05-09T18:12:18.750734506Z,,,,host_log,25,35,,,,,,2,128,,technical_check,vplc_status_cycle_duration_not_validated_as_Tper,0.048,100,работает
RUN_20260509_VPLC_L2_MEDIUM_25_35_S01_R02,VPLC_L2_MEDIUM_25_35,SER_20260509_VPLC_L2_MEDIUM_25_35_S01,vPLC_container,VPLC_HOST,760,,,2026-05-09T18:12:19.806720899Z,,,,host_log,25,35,,,,,,2,128,,technical_check,vplc_status_cycle_duration_not_validated_as_Tper,0.106,100,работает
RUN_20260509_VPLC_L2_MEDIUM_25_35_S01_R02,VPLC_L2_MEDIUM_25_35,SER_20260509_VPLC_L2_MEDIUM_25_35_S01,vPLC_container,VPLC_HOST,761,,,2026-05-09T18:12:20.859549219Z,,,,host_log,25,35,,,,,,2,128,,technical_check,vplc_status_cycle_duration_not_validated_as_Tper,0.099,100,работает
RUN_20260509_VPLC_L2_MEDIUM_25_35_S01_R02,VPLC_L2_MEDIUM_25_35,SER_20260509_VPLC_L2_MEDIUM_25_35_S01,vPLC_container,VPLC_HOST,762,,,2026-05-09T18:12:21.914892984Z,,,,host_log,25,35,,,,,,2,128,,technical_check,vplc_status_cycle_duration_not_validated_as_Tper,0.106,100,работает
RUN_20260509_VPLC_L2_MEDIUM_25_35_S01_R02,VPLC_L2_MEDIUM_25_35,SER_20260509_VPLC_L2_MEDIUM_25_35_S01,vPLC_container,VPLC_HOST,763,,,2026-05-09T18:12:22.971828549Z,,,,host_log,25,35,,,,,,2,128,,technical_check,vplc_status_cycle_duration_not_validated_as_Tper,0.106,100,работает
RUN_20260509_VPLC_L2_MEDIUM_25_35_S01_R02,VPLC_L2_MEDIUM_25_35,SER_20260509_VPLC_L2_MEDIUM_25_35_S01,vPLC_container,VPLC_HOST,764,,,2026-05-09T18:12:24.029253182Z,,,,host_log,25,35,,,,,,2,128,,technical_check,vplc_status_cycle_duration_not_validated_as_Tper,0.105,100,работает
RUN_20260509_VPLC_L2_MEDIUM_25_35_S01_R02,VPLC_L2_MEDIUM_25_35,SER_20260509_VPLC_L2_MEDIUM_25_35_S01,vPLC_container,VPLC_HOST,765,,,2026-05-09T18:12:25.084040906Z,,,,host_log,25,35,,,,,,2,128,,technical_check,vplc_status_cycle_duration_not_validated_as_Tper,0.109,100,работает
RUN_20260509_VPLC_L2_MEDIUM_25_35_S01_R02,VPLC_L2_MEDIUM_25_35,SER_20260509_VPLC_L2_MEDIUM_25_35_S01,vPLC_container,VPLC_HOST,766,,,2026-05-09T18:12:26.136158908Z,,,,host_log,25,35,,,,,,2,128,,technical_check,vplc_status_cycle_duration_not_validated_as_Tper,0.086,100,работает
RUN_20260509_VPLC_L2_MEDIUM_25_35_S01_R02,VPLC_L2_MEDIUM_25_35,SER_20260509_VPLC_L2_MEDIUM_25_35_S01,vPLC_container,VPLC_HOST,767,,,2026-05-09T18:12:27.193945170Z,,,,host_log,25,35,,,,,,2,128,,technical_check,vplc_status_cycle_duration_not_validated_as_Tper,0.107,100,работает
RUN_20260509_VPLC_L2_MEDIUM_25_35_S01_R02,VPLC_L2_MEDIUM_25_35,SER_20260509_VPLC_L2_MEDIUM_25_35_S01,vPLC_container,VPLC_HOST,768,,,2026-05-09T18:12:28.246124714Z,,,,host_log,25,35,,,,,,2,128,,technical_check,vplc_status_cycle_duration_not_validated_as_Tper,0.070,100,работает
RUN_20260509_VPLC_L2_MEDIUM_25_35_S01_R02,VPLC_L2_MEDIUM_25_35,SER_20260509_VPLC_L2_MEDIUM_25_35_S01,vPLC_container,VPLC_HOST,769,,,2026-05-09T18:12:29.301923083Z,,,,host_log,25,35,,,,,,2,128,,technical_check,vplc_status_cycle_duration_not_validated_as_Tper,0.108,100,работает
RUN_20260509_VPLC_L2_MEDIUM_25_35_S01_R02,VPLC_L2_MEDIUM_25_35,SER_20260509_VPLC_L2_MEDIUM_25_35_S01,vPLC_container,VPLC_HOST,770,,,2026-05-09T18:12:30.359823071Z,,,,host_log,25,35,,,,,,2,128,,technical_check,vplc_status_cycle_duration_not_validated_as_Tper,4.392,100,работает
RUN_20260509_VPLC_L2_MEDIUM_25_35_S01_R02,VPLC_L2_MEDIUM_25_35,SER_20260509_VPLC_L2_MEDIUM_25_35_S01,vPLC_container,VPLC_HOST,771,,,2026-05-09T18:12:31.414562714Z,,,,host_log,25,35,,,,,,2,128,,technical_check,vplc_status_cycle_duration_not_validated_as_Tper,5.024,100,работает
RUN_20260509_VPLC_L2_MEDIUM_25_35_S01_R02,VPLC_L2_MEDIUM_25_35,SER_20260509_VPLC_L2_MEDIUM_25_35_S01,vPLC_container,VPLC_HOST,772,,,2026-05-09T18:12:32.466314096Z,,,,host_log,25,35,,,,,,2,128,,technical_check,vplc_status_cycle_duration_not_validated_as_Tper,0.089,100,работает
RUN_20260509_VPLC_L2_MEDIUM_25_35_S01_R02,VPLC_L2_MEDIUM_25_35,SER_20260509_VPLC_L2_MEDIUM_25_35_S01,vPLC_container,VPLC_HOST,773,,,2026-05-09T18:12:33.523877879Z,,,,host_log,25,35,,,,,,2,128,,technical_check,vplc_status_cycle_duration_not_validated_as_Tper,0.107,100,работает
RUN_20260509_VPLC_L2_MEDIUM_25_35_S01_R02,VPLC_L2_MEDIUM_25_35,SER_20260509_VPLC_L2_MEDIUM_25_35_S01,vPLC_container,VPLC_HOST,774,,,2026-05-09T18:12:34.578991236Z,,,,host_log,25,35,,,,,,2,128,,technical_check,vplc_status_cycle_duration_not_validated_as_Tper,0.107,100,работает
RUN_20260509_VPLC_L2_MEDIUM_25_35_S01_R02,VPLC_L2_MEDIUM_25_35,SER_20260509_VPLC_L2_MEDIUM_25_35_S01,vPLC_container,VPLC_HOST,775,,,2026-05-09T18:12:35.633495178Z,,,,host_log,25,35,,,,,,2,128,,technical_check,vplc_status_cycle_duration_not_validated_as_Tper,0.086,100,работает
RUN_20260509_VPLC_L2_MEDIUM_25_35_S01_R02,VPLC_L2_MEDIUM_25_35,SER_20260509_VPLC_L2_MEDIUM_25_35_S01,vPLC_container,VPLC_HOST,776,,,2026-05-09T18:12:36.688301900Z,,,,host_log,25,35,,,,,,2,128,,technical_check,vplc_status_cycle_duration_not_validated_as_Tper,0.106,100,работает
RUN_20260509_VPLC_L2_MEDIUM_25_35_S01_R02,VPLC_L2_MEDIUM_25_35,SER_20260509_VPLC_L2_MEDIUM_25_35_S01,vPLC_container,VPLC_HOST,777,,,2026-05-09T18:12:37.745956067Z,,,,host_log,25,35,,,,,,2,128,,technical_check,vplc_status_cycle_duration_not_validated_as_Tper,0.070,100,работает
RUN_20260509_VPLC_L2_MEDIUM_25_35_S01_R02,VPLC_L2_MEDIUM_25_35,SER_20260509_VPLC_L2_MEDIUM_25_35_S01,vPLC_container,VPLC_HOST,778,,,2026-05-09T18:12:38.799063061Z,,,,host_log,25,35,,,,,,2,128,,technical_check,vplc_status_cycle_duration_not_validated_as_Tper,0.107,100,работает
RUN_20260509_VPLC_L2_MEDIUM_25_35_S01_R02,VPLC_L2_MEDIUM_25_35,SER_20260509_VPLC_L2_MEDIUM_25_35_S01,vPLC_container,VPLC_HOST,779,,,2026-05-09T18:12:39.856929815Z,,,,host_log,25,35,,,,,,2,128,,technical_check,vplc_status_cycle_duration_not_validated_as_Tper,0.087,100,работает
RUN_20260509_VPLC_L2_MEDIUM_25_35_S01_R02,VPLC_L2_MEDIUM_25_35,SER_20260509_VPLC_L2_MEDIUM_25_35_S01,vPLC_container,VPLC_HOST,780,,,2026-05-09T18:12:40.911378575Z,,,,host_log,25,35,,,,,,2,128,,technical_check,vplc_status_cycle_duration_not_validated_as_Tper,0.105,100,работает
RUN_20260509_VPLC_L2_MEDIUM_25_35_S01_R02,VPLC_L2_MEDIUM_25_35,SER_20260509_VPLC_L2_MEDIUM_25_35_S01,vPLC_container,VPLC_HOST,781,,,2026-05-09T18:12:41.967690439Z,,,,host_log,25,35,,,,,,2,128,,technical_check,vplc_status_cycle_duration_not_validated_as_Tper,0.108,100,работает
RUN_20260509_VPLC_L2_MEDIUM_25_35_S01_R02,VPLC_L2_MEDIUM_25_35,SER_20260509_VPLC_L2_MEDIUM_25_35_S01,vPLC_container,VPLC_HOST,782,,,2026-05-09T18:12:43.020195996Z,,,,host_log,25,35,,,,,,2,128,,technical_check,vplc_status_cycle_duration_not_validated_as_Tper,0.089,100,работает
RUN_20260509_VPLC_L2_MEDIUM_25_35_S01_R02,VPLC_L2_MEDIUM_25_35,SER_20260509_VPLC_L2_MEDIUM_25_35_S01,vPLC_container,VPLC_HOST,783,,,2026-05-09T18:12:44.077253489Z,,,,host_log,25,35,,,,,,2,128,,technical_check,vplc_status_cycle_duration_not_validated_as_Tper,0.107,100,работает
RUN_20260509_VPLC_L2_MEDIUM_25_35_S01_R02,VPLC_L2_MEDIUM_25_35,SER_20260509_VPLC_L2_MEDIUM_25_35_S01,vPLC_container,VPLC_HOST,784,,,2026-05-09T18:12:45.133007981Z,,,,host_log,25,35,,,,,,2,128,,technical_check,vplc_status_cycle_duration_not_validated_as_Tper,0.087,100,работает
RUN_20260509_VPLC_L2_MEDIUM_25_35_S01_R02,VPLC_L2_MEDIUM_25_35,SER_20260509_VPLC_L2_MEDIUM_25_35_S01,vPLC_container,VPLC_HOST,785,,,2026-05-09T18:12:46.188249006Z,,,,host_log,25,35,,,,,,2,128,,technical_check,vplc_status_cycle_duration_not_validated_as_Tper,0.109,100,работает
RUN_20260509_VPLC_L2_MEDIUM_25_35_S01_R02,VPLC_L2_MEDIUM_25_35,SER_20260509_VPLC_L2_MEDIUM_25_35_S01,vPLC_container,VPLC_HOST,786,,,2026-05-09T18:12:47.241219902Z,,,,host_log,25,35,,,,,,2,128,,technical_check,vplc_status_cycle_duration_not_validated_as_Tper,0.086,100,работает
RUN_20260509_VPLC_L2_MEDIUM_25_35_S01_R02,VPLC_L2_MEDIUM_25_35,SER_20260509_VPLC_L2_MEDIUM_25_35_S01,vPLC_container,VPLC_HOST,787,,,2026-05-09T18:12:48.300106495Z,,,,host_log,25,35,,,,,,2,128,,technical_check,vplc_status_cycle_duration_not_validated_as_Tper,0.106,100,работает
RUN_20260509_VPLC_L2_MEDIUM_25_35_S01_R02,VPLC_L2_MEDIUM_25_35,SER_20260509_VPLC_L2_MEDIUM_25_35_S01,vPLC_container,VPLC_HOST,788,,,2026-05-09T18:12:49.355101081Z,,,,host_log,25,35,,,,,,2,128,,technical_check,vplc_status_cycle_duration_not_validated_as_Tper,3.721,100,работает
RUN_20260509_VPLC_L2_MEDIUM_25_35_S01_R02,VPLC_L2_MEDIUM_25_35,SER_20260509_VPLC_L2_MEDIUM_25_35_S01,vPLC_container,VPLC_HOST,789,,,2026-05-09T18:12:50.409557198Z,,,,host_log,25,35,,,,,,2,128,,technical_check,vplc_status_cycle_duration_not_validated_as_Tper,4.335,100,работает
RUN_20260509_VPLC_L2_MEDIUM_25_35_S01_R02,VPLC_L2_MEDIUM_25_35,SER_20260509_VPLC_L2_MEDIUM_25_35_S01,vPLC_container,VPLC_HOST,790,,,2026-05-09T18:12:51.463559366Z,,,,host_log,25,35,,,,,,2,128,,technical_check,vplc_status_cycle_duration_not_validated_as_Tper,0.106,100,работает
RUN_20260509_VPLC_L2_MEDIUM_25_35_S01_R02,VPLC_L2_MEDIUM_25_35,SER_20260509_VPLC_L2_MEDIUM_25_35_S01,vPLC_container,VPLC_HOST,791,,,2026-05-09T18:12:52.521718708Z,,,,host_log,25,35,,,,,,2,128,,technical_check,vplc_status_cycle_duration_not_validated_as_Tper,0.107,100,работает
RUN_20260509_VPLC_L2_MEDIUM_25_35_S01_R02,VPLC_L2_MEDIUM_25_35,SER_20260509_VPLC_L2_MEDIUM_25_35_S01,vPLC_container,VPLC_HOST,792,,,2026-05-09T18:12:53.576703455Z,,,,host_log,25,35,,,,,,2,128,,technical_check,vplc_status_cycle_duration_not_validated_as_Tper,0.108,100,работает
RUN_20260509_VPLC_L2_MEDIUM_25_35_S01_R02,VPLC_L2_MEDIUM_25_35,SER_20260509_VPLC_L2_MEDIUM_25_35_S01,vPLC_container,VPLC_HOST,793,,,2026-05-09T18:12:54.626184892Z,,,,host_log,25,35,,,,,,2,128,,technical_check,vplc_status_cycle_duration_not_validated_as_Tper,0.087,100,работает
RUN_20260509_VPLC_L2_MEDIUM_25_35_S01_R02,VPLC_L2_MEDIUM_25_35,SER_20260509_VPLC_L2_MEDIUM_25_35_S01,vPLC_container,VPLC_HOST,794,,,2026-05-09T18:12:55.684708537Z,,,,host_log,25,35,,,,,,2,128,,technical_check,vplc_status_cycle_duration_not_validated_as_Tper,0.104,100,работает
RUN_20260509_VPLC_L2_MEDIUM_25_35_S01_R02,VPLC_L2_MEDIUM_25_35,SER_20260509_VPLC_L2_MEDIUM_25_35_S01,vPLC_container,VPLC_HOST,795,,,2026-05-09T18:12:56.743305483Z,,,,host_log,25,35,,,,,,2,128,,technical_check,vplc_status_cycle_duration_not_validated_as_Tper,0.087,100,работает
RUN_20260509_VPLC_L2_MEDIUM_25_35_S01_R02,VPLC_L2_MEDIUM_25_35,SER_20260509_VPLC_L2_MEDIUM_25_35_S01,vPLC_container,VPLC_HOST,796,,,2026-05-09T18:12:57.798208227Z,,,,host_log,25,35,,,,,,2,128,,technical_check,vplc_status_cycle_duration_not_validated_as_Tper,0.108,100,работает
RUN_20260509_VPLC_L2_MEDIUM_25_35_S01_R02,VPLC_L2_MEDIUM_25_35,SER_20260509_VPLC_L2_MEDIUM_25_35_S01,vPLC_container,VPLC_HOST,797,,,2026-05-09T18:12:58.850911920Z,,,,host_log,25,35,,,,,,2,128,,technical_check,vplc_status_cycle_duration_not_validated_as_Tper,0.048,100,работает
RUN_20260509_VPLC_L2_MEDIUM_25_35_S01_R02,VPLC_L2_MEDIUM_25_35,SER_20260509_VPLC_L2_MEDIUM_25_35_S01,vPLC_container,VPLC_HOST,798,,,2026-05-09T18:12:59.907964141Z,,,,host_log,25,35,,,,,,2,128,,technical_check,vplc_status_cycle_duration_not_validated_as_Tper,0.106,100,работает
RUN_20260509_VPLC_L2_MEDIUM_25_35_S01_R02,VPLC_L2_MEDIUM_25_35,SER_20260509_VPLC_L2_MEDIUM_25_35_S01,vPLC_container,VPLC_HOST,799,,,2026-05-09T18:13:00.961654206Z,,,,host_log,25,35,,,,,,2,128,,technical_check,vplc_status_cycle_duration_not_validated_as_Tper,0.106,100,работает
RUN_20260509_VPLC_L2_MEDIUM_25_35_S01_R02,VPLC_L2_MEDIUM_25_35,SER_20260509_VPLC_L2_MEDIUM_25_35_S01,vPLC_container,VPLC_HOST,800,,,2026-05-09T18:13:02.018387952Z,,,,host_log,25,35,,,,,,2,128,,technical_check,vplc_status_cycle_duration_not_validated_as_Tper,0.106,100,работает
RUN_20260509_VPLC_L2_MEDIUM_25_35_S01_R02,VPLC_L2_MEDIUM_25_35,SER_20260509_VPLC_L2_MEDIUM_25_35_S01,vPLC_container,VPLC_HOST,801,,,2026-05-09T18:13:03.074839645Z,,,,host_log,25,35,,,,,,2,128,,technical_check,vplc_status_cycle_duration_not_validated_as_Tper,0.108,100,работает
RUN_20260509_VPLC_L2_MEDIUM_25_35_S01_R02,VPLC_L2_MEDIUM_25_35,SER_20260509_VPLC_L2_MEDIUM_25_35_S01,vPLC_container,VPLC_HOST,802,,,2026-05-09T18:13:04.127907970Z,,,,host_log,25,35,,,,,,2,128,,technical_check,vplc_status_cycle_duration_not_validated_as_Tper,0.087,100,работает
RUN_20260509_VPLC_L2_MEDIUM_25_35_S01_R02,VPLC_L2_MEDIUM_25_35,SER_20260509_VPLC_L2_MEDIUM_25_35_S01,vPLC_container,VPLC_HOST,803,,,2026-05-09T18:13:05.180969288Z,,,,host_log,25,35,,,,,,2,128,,technical_check,vplc_status_cycle_duration_not_validated_as_Tper,0.110,100,работает
RUN_20260509_VPLC_L2_MEDIUM_25_35_S01_R02,VPLC_L2_MEDIUM_25_35,SER_20260509_VPLC_L2_MEDIUM_25_35_S01,vPLC_container,VPLC_HOST,804,,,2026-05-09T18:13:06.238328071Z,,,,host_log,25,35,,,,,,2,128,,technical_check,vplc_status_cycle_duration_not_validated_as_Tper,0.087,100,работает
RUN_20260509_VPLC_L2_MEDIUM_25_35_S01_R02,VPLC_L2_MEDIUM_25_35,SER_20260509_VPLC_L2_MEDIUM_25_35_S01,vPLC_container,VPLC_HOST,805,,,2026-05-09T18:13:07.290156433Z,,,,host_log,25,35,,,,,,2,128,,technical_check,vplc_status_cycle_duration_not_validated_as_Tper,0.108,100,работает
RUN_20260509_VPLC_L2_MEDIUM_25_35_S01_R02,VPLC_L2_MEDIUM_25_35,SER_20260509_VPLC_L2_MEDIUM_25_35_S01,vPLC_container,VPLC_HOST,806,,,2026-05-09T18:13:08.351058383Z,,,,host_log,25,35,,,,,,2,128,,technical_check,vplc_status_cycle_duration_not_validated_as_Tper,3.777,100,работает
RUN_20260509_VPLC_L2_MEDIUM_25_35_S01_R02,VPLC_L2_MEDIUM_25_35,SER_20260509_VPLC_L2_MEDIUM_25_35_S01,vPLC_container,VPLC_HOST,807,,,2026-05-09T18:13:09.405071737Z,,,,host_log,25,35,,,,,,2,128,,technical_check,vplc_status_cycle_duration_not_validated_as_Tper,4.996,100,работает
RUN_20260509_VPLC_L2_MEDIUM_25_35_S01_R02,VPLC_L2_MEDIUM_25_35,SER_20260509_VPLC_L2_MEDIUM_25_35_S01,vPLC_container,VPLC_HOST,808,,,2026-05-09T18:13:10.459106695Z,,,,host_log,25,35,,,,,,2,128,,technical_check,vplc_status_cycle_duration_not_validated_as_Tper,0.091,100,работает
RUN_20260509_VPLC_L2_MEDIUM_25_35_S01_R02,VPLC_L2_MEDIUM_25_35,SER_20260509_VPLC_L2_MEDIUM_25_35_S01,vPLC_container,VPLC_HOST,809,,,2026-05-09T18:13:11.514289388Z,,,,host_log,25,35,,,,,,2,128,,technical_check,vplc_status_cycle_duration_not_validated_as_Tper,0.108,100,работает
RUN_20260509_VPLC_L2_MEDIUM_25_35_S01_R02,VPLC_L2_MEDIUM_25_35,SER_20260509_VPLC_L2_MEDIUM_25_35_S01,vPLC_container,VPLC_HOST,810,,,2026-05-09T18:13:12.569732760Z,,,,host_log,25,35,,,,,,2,128,,technical_check,vplc_status_cycle_duration_not_validated_as_Tper,0.108,100,работает
RUN_20260509_VPLC_L2_MEDIUM_25_35_S01_R02,VPLC_L2_MEDIUM_25_35,SER_20260509_VPLC_L2_MEDIUM_25_35_S01,vPLC_container,VPLC_HOST,811,,,2026-05-09T18:13:13.625177118Z,,,,host_log,25,35,,,,,,2,128,,technical_check,vplc_status_cycle_duration_not_validated_as_Tper,0.106,100,работает
RUN_20260509_VPLC_L2_MEDIUM_25_35_S01_R02,VPLC_L2_MEDIUM_25_35,SER_20260509_VPLC_L2_MEDIUM_25_35_S01,vPLC_container,VPLC_HOST,812,,,2026-05-09T18:13:14.681846780Z,,,,host_log,25,35,,,,,,2,128,,technical_check,vplc_status_cycle_duration_not_validated_as_Tper,0.105,100,работает
RUN_20260509_VPLC_L2_MEDIUM_25_35_S01_R02,VPLC_L2_MEDIUM_25_35,SER_20260509_VPLC_L2_MEDIUM_25_35_S01,vPLC_container,VPLC_HOST,813,,,2026-05-09T18:13:15.733054222Z,,,,host_log,25,35,,,,,,2,128,,technical_check,vplc_status_cycle_duration_not_validated_as_Tper,0.106,100,работает
RUN_20260509_VPLC_L2_MEDIUM_25_35_S01_R02,VPLC_L2_MEDIUM_25_35,SER_20260509_VPLC_L2_MEDIUM_25_35_S01,vPLC_container,VPLC_HOST,814,,,2026-05-09T18:13:16.791794920Z,,,,host_log,25,35,,,,,,2,128,,technical_check,vplc_status_cycle_duration_not_validated_as_Tper,0.107,100,работает
RUN_20260509_VPLC_L2_MEDIUM_25_35_S01_R02,VPLC_L2_MEDIUM_25_35,SER_20260509_VPLC_L2_MEDIUM_25_35_S01,vPLC_container,VPLC_HOST,815,,,2026-05-09T18:13:17.846927211Z,,,,host_log,25,35,,,,,,2,128,,technical_check,vplc_status_cycle_duration_not_validated_as_Tper,0.064,100,работает
RUN_20260509_VPLC_L2_MEDIUM_25_35_S01_R02,VPLC_L2_MEDIUM_25_35,SER_20260509_VPLC_L2_MEDIUM_25_35_S01,vPLC_container,VPLC_HOST,816,,,2026-05-09T18:13:18.904064604Z,,,,host_log,25,35,,,,,,2,128,,technical_check,vplc_status_cycle_duration_not_validated_as_Tper,0.106,100,работает
RUN_20260509_VPLC_L2_MEDIUM_25_35_S01_R02,VPLC_L2_MEDIUM_25_35,SER_20260509_VPLC_L2_MEDIUM_25_35_S01,vPLC_container,VPLC_HOST,817,,,2026-05-09T18:13:19.958745236Z,,,,host_log,25,35,,,,,,2,128,,technical_check,vplc_status_cycle_duration_not_validated_as_Tper,0.091,100,работает
RUN_20260509_VPLC_L2_MEDIUM_25_35_S01_R02,VPLC_L2_MEDIUM_25_35,SER_20260509_VPLC_L2_MEDIUM_25_35_S01,vPLC_container,VPLC_HOST,818,,,2026-05-09T18:13:21.015476986Z,,,,host_log,25,35,,,,,,2,128,,technical_check,vplc_status_cycle_duration_not_validated_as_Tper,0.107,100,работает
RUN_20260509_VPLC_L2_MEDIUM_25_35_S01_R02,VPLC_L2_MEDIUM_25_35,SER_20260509_VPLC_L2_MEDIUM_25_35_S01,vPLC_container,VPLC_HOST,819,,,2026-05-09T18:13:22.069202062Z,,,,host_log,25,35,,,,,,2,128,,technical_check,vplc_status_cycle_duration_not_validated_as_Tper,0.103,100,работает
RUN_20260509_VPLC_L2_MEDIUM_25_35_S01_R02,VPLC_L2_MEDIUM_25_35,SER_20260509_VPLC_L2_MEDIUM_25_35_S01,vPLC_container,VPLC_HOST,820,,,2026-05-09T18:13:23.126065645Z,,,,host_log,25,35,,,,,,2,128,,technical_check,vplc_status_cycle_duration_not_validated_as_Tper,0.086,100,работает
RUN_20260509_VPLC_L2_MEDIUM_25_35_S01_R02,VPLC_L2_MEDIUM_25_35,SER_20260509_VPLC_L2_MEDIUM_25_35_S01,vPLC_container,VPLC_HOST,821,,,2026-05-09T18:13:24.181522577Z,,,,host_log,25,35,,,,,,2,128,,technical_check,vplc_status_cycle_duration_not_validated_as_Tper,0.107,100,работает
RUN_20260509_VPLC_L2_MEDIUM_25_35_S01_R02,VPLC_L2_MEDIUM_25_35,SER_20260509_VPLC_L2_MEDIUM_25_35_S01,vPLC_container,VPLC_HOST,822,,,2026-05-09T18:13:25.234394344Z,,,,host_log,25,35,,,,,,2,128,,technical_check,vplc_status_cycle_duration_not_validated_as_Tper,0.086,100,работает
RUN_20260509_VPLC_L2_MEDIUM_25_35_S01_R02,VPLC_L2_MEDIUM_25_35,SER_20260509_VPLC_L2_MEDIUM_25_35_S01,vPLC_container,VPLC_HOST,823,,,2026-05-09T18:13:26.292871115Z,,,,host_log,25,35,,,,,,2,128,,technical_check,vplc_status_cycle_duration_not_validated_as_Tper,0.106,100,работает
RUN_20260509_VPLC_L2_MEDIUM_25_35_S01_R02,VPLC_L2_MEDIUM_25_35,SER_20260509_VPLC_L2_MEDIUM_25_35_S01,vPLC_container,VPLC_HOST,824,,,2026-05-09T18:13:27.348077498Z,,,,host_log,25,35,,,,,,2,128,,technical_check,vplc_status_cycle_duration_not_validated_as_Tper,3.728,100,работает
RUN_20260509_VPLC_L2_MEDIUM_25_35_S01_R02,VPLC_L2_MEDIUM_25_35,SER_20260509_VPLC_L2_MEDIUM_25_35_S01,vPLC_container,VPLC_HOST,825,,,2026-05-09T18:13:28.401322498Z,,,,host_log,25,35,,,,,,2,128,,technical_check,vplc_status_cycle_duration_not_validated_as_Tper,4.438,100,работает
RUN_20260509_VPLC_L2_MEDIUM_25_35_S01_R02,VPLC_L2_MEDIUM_25_35,SER_20260509_VPLC_L2_MEDIUM_25_35_S01,vPLC_container,VPLC_HOST,826,,,2026-05-09T18:13:29.455289971Z,,,,host_log,25,35,,,,,,2,128,,technical_check,vplc_status_cycle_duration_not_validated_as_Tper,0.063,100,работает
RUN_20260509_VPLC_L2_MEDIUM_25_35_S01_R02,VPLC_L2_MEDIUM_25_35,SER_20260509_VPLC_L2_MEDIUM_25_35_S01,vPLC_container,VPLC_HOST,827,,,2026-05-09T18:13:30.511011133Z,,,,host_log,25,35,,,,,,2,128,,technical_check,vplc_status_cycle_duration_not_validated_as_Tper,0.104,100,работает
RUN_20260509_VPLC_L2_MEDIUM_25_35_S01_R02,VPLC_L2_MEDIUM_25_35,SER_20260509_VPLC_L2_MEDIUM_25_35_S01,vPLC_container,VPLC_HOST,828,,,2026-05-09T18:13:31.565963039Z,,,,host_log,25,35,,,,,,2,128,,technical_check,vplc_status_cycle_duration_not_validated_as_Tper,0.107,100,работает
RUN_20260509_VPLC_L2_MEDIUM_25_35_S01_R02,VPLC_L2_MEDIUM_25_35,SER_20260509_VPLC_L2_MEDIUM_25_35_S01,vPLC_container,VPLC_HOST,829,,,2026-05-09T18:13:32.621668410Z,,,,host_log,25,35,,,,,,2,128,,technical_check,vplc_status_cycle_duration_not_validated_as_Tper,0.107,100,работает
RUN_20260509_VPLC_L2_MEDIUM_25_35_S01_R02,VPLC_L2_MEDIUM_25_35,SER_20260509_VPLC_L2_MEDIUM_25_35_S01,vPLC_container,VPLC_HOST,830,,,2026-05-09T18:13:33.678235457Z,,,,host_log,25,35,,,,,,2,128,,technical_check,vplc_status_cycle_duration_not_validated_as_Tper,0.106,100,работает
RUN_20260509_VPLC_L2_MEDIUM_25_35_S01_R02,VPLC_L2_MEDIUM_25_35,SER_20260509_VPLC_L2_MEDIUM_25_35_S01,vPLC_container,VPLC_HOST,831,,,2026-05-09T18:13:34.734421194Z,,,,host_log,25,35,,,,,,2,128,,technical_check,vplc_status_cycle_duration_not_validated_as_Tper,0.086,100,работает
RUN_20260509_VPLC_L2_MEDIUM_25_35_S01_R02,VPLC_L2_MEDIUM_25_35,SER_20260509_VPLC_L2_MEDIUM_25_35_S01,vPLC_container,VPLC_HOST,832,,,2026-05-09T18:13:35.785884745Z,,,,host_log,25,35,,,,,,2,128,,technical_check,vplc_status_cycle_duration_not_validated_as_Tper,0.108,100,работает
RUN_20260509_VPLC_L2_MEDIUM_25_35_S01_R02,VPLC_L2_MEDIUM_25_35,SER_20260509_VPLC_L2_MEDIUM_25_35_S01,vPLC_container,VPLC_HOST,833,,,2026-05-09T18:13:36.844099066Z,,,,host_log,25,35,,,,,,2,128,,technical_check,vplc_status_cycle_duration_not_validated_as_Tper,0.087,100,работает
RUN_20260509_VPLC_L2_MEDIUM_25_35_S01_R02,VPLC_L2_MEDIUM_25_35,SER_20260509_VPLC_L2_MEDIUM_25_35_S01,vPLC_container,VPLC_HOST,834,,,2026-05-09T18:13:37.898352445Z,,,,host_log,25,35,,,,,,2,128,,technical_check,vplc_status_cycle_duration_not_validated_as_Tper,0.104,100,работает
RUN_20260509_VPLC_L2_MEDIUM_25_35_S01_R02,VPLC_L2_MEDIUM_25_35,SER_20260509_VPLC_L2_MEDIUM_25_35_S01,vPLC_container,VPLC_HOST,835,,,2026-05-09T18:13:38.955304262Z,,,,host_log,25,35,,,,,,2,128,,technical_check,vplc_status_cycle_duration_not_validated_as_Tper,0.069,100,работает
RUN_20260509_VPLC_L2_MEDIUM_25_35_S01_R02,VPLC_L2_MEDIUM_25_35,SER_20260509_VPLC_L2_MEDIUM_25_35_S01,vPLC_container,VPLC_HOST,836,,,2026-05-09T18:13:40.010718746Z,,,,host_log,25,35,,,,,,2,128,,technical_check,vplc_status_cycle_duration_not_validated_as_Tper,0.106,100,работает
RUN_20260509_VPLC_L2_MEDIUM_25_35_S01_R02,VPLC_L2_MEDIUM_25_35,SER_20260509_VPLC_L2_MEDIUM_25_35_S01,vPLC_container,VPLC_HOST,837,,,2026-05-09T18:13:41.065739187Z,,,,host_log,25,35,,,,,,2,128,,technical_check,vplc_status_cycle_duration_not_validated_as_Tper,0.107,100,работает
RUN_20260509_VPLC_L2_MEDIUM_25_35_S01_R02,VPLC_L2_MEDIUM_25_35,SER_20260509_VPLC_L2_MEDIUM_25_35_S01,vPLC_container,VPLC_HOST,838,,,2026-05-09T18:13:42.121803650Z,,,,host_log,25,35,,,,,,2,128,,technical_check,vplc_status_cycle_duration_not_validated_as_Tper,0.104,100,работает
RUN_20260509_VPLC_L2_MEDIUM_25_35_S01_R02,VPLC_L2_MEDIUM_25_35,SER_20260509_VPLC_L2_MEDIUM_25_35_S01,vPLC_container,VPLC_HOST,839,,,2026-05-09T18:13:43.177758358Z,,,,host_log,25,35,,,,,,2,128,,technical_check,vplc_status_cycle_duration_not_validated_as_Tper,0.107,100,работает
RUN_20260509_VPLC_L2_MEDIUM_25_35_S01_R02,VPLC_L2_MEDIUM_25_35,SER_20260509_VPLC_L2_MEDIUM_25_35_S01,vPLC_container,VPLC_HOST,840,,,2026-05-09T18:13:44.233521380Z,,,,host_log,25,35,,,,,,2,128,,technical_check,vplc_status_cycle_duration_not_validated_as_Tper,0.085,100,работает
RUN_20260509_VPLC_L2_MEDIUM_25_35_S01_R02,VPLC_L2_MEDIUM_25_35,SER_20260509_VPLC_L2_MEDIUM_25_35_S01,vPLC_container,VPLC_HOST,841,,,2026-05-09T18:13:45.285858495Z,,,,host_log,25,35,,,,,,2,128,,technical_check,vplc_status_cycle_duration_not_validated_as_Tper,0.109,100,работает
RUN_20260509_VPLC_L2_MEDIUM_25_35_S01_R02,VPLC_L2_MEDIUM_25_35,SER_20260509_VPLC_L2_MEDIUM_25_35_S01,vPLC_container,VPLC_HOST,842,,,2026-05-09T18:13:46.340657711Z,,,,host_log,25,35,,,,,,2,128,,technical_check,vplc_status_cycle_duration_not_validated_as_Tper,4.294,100,работает
RUN_20260509_VPLC_L2_MEDIUM_25_35_S01_R02,VPLC_L2_MEDIUM_25_35,SER_20260509_VPLC_L2_MEDIUM_25_35_S01,vPLC_container,VPLC_HOST,843,,,2026-05-09T18:13:47.398067383Z,,,,host_log,25,35,,,,,,2,128,,technical_check,vplc_status_cycle_duration_not_validated_as_Tper,4.233,100,работает
RUN_20260509_VPLC_L2_MEDIUM_25_35_S01_R02,VPLC_L2_MEDIUM_25_35,SER_20260509_VPLC_L2_MEDIUM_25_35_S01,vPLC_container,VPLC_HOST,844,,,2026-05-09T18:13:48.451578607Z,,,,host_log,25,35,,,,,,2,128,,technical_check,vplc_status_cycle_duration_not_validated_as_Tper,0.048,100,работает
RUN_20260509_VPLC_L2_MEDIUM_25_35_S01_R02,VPLC_L2_MEDIUM_25_35,SER_20260509_VPLC_L2_MEDIUM_25_35_S01,vPLC_container,VPLC_HOST,845,,,2026-05-09T18:13:49.508854187Z,,,,host_log,25,35,,,,,,2,128,,technical_check,vplc_status_cycle_duration_not_validated_as_Tper,0.109,100,работает
RUN_20260509_VPLC_L2_MEDIUM_25_35_S01_R02,VPLC_L2_MEDIUM_25_35,SER_20260509_VPLC_L2_MEDIUM_25_35_S01,vPLC_container,VPLC_HOST,846,,,2026-05-09T18:13:50.565171837Z,,,,host_log,25,35,,,,,,2,128,,technical_check,vplc_status_cycle_duration_not_validated_as_Tper,0.107,100,работает
RUN_20260509_VPLC_L2_MEDIUM_25_35_S01_R02,VPLC_L2_MEDIUM_25_35,SER_20260509_VPLC_L2_MEDIUM_25_35_S01,vPLC_container,VPLC_HOST,847,,,2026-05-09T18:13:51.619123644Z,,,,host_log,25,35,,,,,,2,128,,technical_check,vplc_status_cycle_duration_not_validated_as_Tper,0.104,100,работает
RUN_20260509_VPLC_L2_MEDIUM_25_35_S01_R02,VPLC_L2_MEDIUM_25_35,SER_20260509_VPLC_L2_MEDIUM_25_35_S01,vPLC_container,VPLC_HOST,848,,,2026-05-09T18:13:52.675531282Z,,,,host_log,25,35,,,,,,2,128,,technical_check,vplc_status_cycle_duration_not_validated_as_Tper,0.107,100,работает
RUN_20260509_VPLC_L2_MEDIUM_25_35_S01_R02,VPLC_L2_MEDIUM_25_35,SER_20260509_VPLC_L2_MEDIUM_25_35_S01,vPLC_container,VPLC_HOST,849,,,2026-05-09T18:13:53.730998569Z,,,,host_log,25,35,,,,,,2,128,,technical_check,vplc_status_cycle_duration_not_validated_as_Tper,0.087,100,работает
RUN_20260509_VPLC_L2_MEDIUM_25_35_S01_R02,VPLC_L2_MEDIUM_25_35,SER_20260509_VPLC_L2_MEDIUM_25_35_S01,vPLC_container,VPLC_HOST,850,,,2026-05-09T18:13:54.784683295Z,,,,host_log,25,35,,,,,,2,128,,technical_check,vplc_status_cycle_duration_not_validated_as_Tper,0.107,100,работает
RUN_20260509_VPLC_L2_MEDIUM_25_35_S01_R02,VPLC_L2_MEDIUM_25_35,SER_20260509_VPLC_L2_MEDIUM_25_35_S01,vPLC_container,VPLC_HOST,851,,,2026-05-09T18:13:55.841302938Z,,,,host_log,25,35,,,,,,2,128,,technical_check,vplc_status_cycle_duration_not_validated_as_Tper,0.085,100,работает
RUN_20260509_VPLC_L2_MEDIUM_25_35_S01_R02,VPLC_L2_MEDIUM_25_35,SER_20260509_VPLC_L2_MEDIUM_25_35_S01,vPLC_container,VPLC_HOST,852,,,2026-05-09T18:13:56.895400883Z,,,,host_log,25,35,,,,,,2,128,,technical_check,vplc_status_cycle_duration_not_validated_as_Tper,0.106,100,работает
RUN_20260509_VPLC_L2_MEDIUM_25_35_S01_R02,VPLC_L2_MEDIUM_25_35,SER_20260509_VPLC_L2_MEDIUM_25_35_S01,vPLC_container,VPLC_HOST,853,,,2026-05-09T18:13:57.952735130Z,,,,host_log,25,35,,,,,,2,128,,technical_check,vplc_status_cycle_duration_not_validated_as_Tper,0.052,100,работает
RUN_20260509_VPLC_L2_MEDIUM_25_35_S01_R02,VPLC_L2_MEDIUM_25_35,SER_20260509_VPLC_L2_MEDIUM_25_35_S01,vPLC_container,VPLC_HOST,854,,,2026-05-09T18:13:59.005303663Z,,,,host_log,25,35,,,,,,2,128,,technical_check,vplc_status_cycle_duration_not_validated_as_Tper,0.106,100,работает
RUN_20260509_VPLC_L2_MEDIUM_25_35_S01_R02,VPLC_L2_MEDIUM_25_35,SER_20260509_VPLC_L2_MEDIUM_25_35_S01,vPLC_container,VPLC_HOST,855,,,2026-05-09T18:14:00.060263869Z,,,,host_log,25,35,,,,,,2,128,,technical_check,vplc_status_cycle_duration_not_validated_as_Tper,0.099,100,работает
RUN_20260509_VPLC_L2_MEDIUM_25_35_S01_R02,VPLC_L2_MEDIUM_25_35,SER_20260509_VPLC_L2_MEDIUM_25_35_S01,vPLC_container,VPLC_HOST,856,,,2026-05-09T18:14:01.118597293Z,,,,host_log,25,35,,,,,,2,128,,technical_check,vplc_status_cycle_duration_not_validated_as_Tper,0.105,100,работает
RUN_20260509_VPLC_L2_MEDIUM_25_35_S01_R02,VPLC_L2_MEDIUM_25_35,SER_20260509_VPLC_L2_MEDIUM_25_35_S01,vPLC_container,VPLC_HOST,857,,,2026-05-09T18:14:02.172912157Z,,,,host_log,25,35,,,,,,2,128,,technical_check,vplc_status_cycle_duration_not_validated_as_Tper,0.110,100,работает
RUN_20260509_VPLC_L2_MEDIUM_25_35_S01_R02,VPLC_L2_MEDIUM_25_35,SER_20260509_VPLC_L2_MEDIUM_25_35_S01,vPLC_container,VPLC_HOST,858,,,2026-05-09T18:14:03.229301759Z,,,,host_log,25,35,,,,,,2,128,,technical_check,vplc_status_cycle_duration_not_validated_as_Tper,0.085,100,работает
RUN_20260509_VPLC_L2_MEDIUM_25_35_S01_R02,VPLC_L2_MEDIUM_25_35,SER_20260509_VPLC_L2_MEDIUM_25_35_S01,vPLC_container,VPLC_HOST,859,,,2026-05-09T18:14:04.281568488Z,,,,host_log,25,35,,,,,,2,128,,technical_check,vplc_status_cycle_duration_not_validated_as_Tper,0.103,100,работает
RUN_20260509_VPLC_L2_MEDIUM_25_35_S01_R02,VPLC_L2_MEDIUM_25_35,SER_20260509_VPLC_L2_MEDIUM_25_35_S01,vPLC_container,VPLC_HOST,860,,,2026-05-09T18:14:05.340958026Z,,,,host_log,25,35,,,,,,2,128,,technical_check,vplc_status_cycle_duration_not_validated_as_Tper,4.571,100,работает
RUN_20260509_VPLC_L2_MEDIUM_25_35_S01_R02,VPLC_L2_MEDIUM_25_35,SER_20260509_VPLC_L2_MEDIUM_25_35_S01,vPLC_container,VPLC_HOST,861,,,2026-05-09T18:14:06.395347224Z,,,,host_log,25,35,,,,,,2,128,,technical_check,vplc_status_cycle_duration_not_validated_as_Tper,4.958,100,работает
RUN_20260509_VPLC_L2_MEDIUM_25_35_S01_R02,VPLC_L2_MEDIUM_25_35,SER_20260509_VPLC_L2_MEDIUM_25_35_S01,vPLC_container,VPLC_HOST,862,,,2026-05-09T18:14:07.447235476Z,,,,host_log,25,35,,,,,,2,128,,technical_check,vplc_status_cycle_duration_not_validated_as_Tper,0.056,100,работает
RUN_20260509_VPLC_L2_MEDIUM_25_35_S01_R02,VPLC_L2_MEDIUM_25_35,SER_20260509_VPLC_L2_MEDIUM_25_35_S01,vPLC_container,VPLC_HOST,863,,,2026-05-09T18:14:08.503048369Z,,,,host_log,25,35,,,,,,2,128,,technical_check,vplc_status_cycle_duration_not_validated_as_Tper,0.106,100,работает
RUN_20260509_VPLC_L2_MEDIUM_25_35_S01_R02,VPLC_L2_MEDIUM_25_35,SER_20260509_VPLC_L2_MEDIUM_25_35_S01,vPLC_container,VPLC_HOST,864,,,2026-05-09T18:14:09.560238859Z,,,,host_log,25,35,,,,,,2,128,,technical_check,vplc_status_cycle_duration_not_validated_as_Tper,0.099,100,работает
RUN_20260509_VPLC_L2_MEDIUM_25_35_S01_R02,VPLC_L2_MEDIUM_25_35,SER_20260509_VPLC_L2_MEDIUM_25_35_S01,vPLC_container,VPLC_HOST,865,,,2026-05-09T18:14:10.616570600Z,,,,host_log,25,35,,,,,,2,128,,technical_check,vplc_status_cycle_duration_not_validated_as_Tper,0.108,100,работает
RUN_20260509_VPLC_L2_MEDIUM_25_35_S01_R02,VPLC_L2_MEDIUM_25_35,SER_20260509_VPLC_L2_MEDIUM_25_35_S01,vPLC_container,VPLC_HOST,866,,,2026-05-09T18:14:11.672488995Z,,,,host_log,25,35,,,,,,2,128,,technical_check,vplc_status_cycle_duration_not_validated_as_Tper,0.106,100,работает
RUN_20260509_VPLC_L2_MEDIUM_25_35_S01_R02,VPLC_L2_MEDIUM_25_35,SER_20260509_VPLC_L2_MEDIUM_25_35_S01,vPLC_container,VPLC_HOST,867,,,2026-05-09T18:14:12.727994746Z,,,,host_log,25,35,,,,,,2,128,,technical_check,vplc_status_cycle_duration_not_validated_as_Tper,0.104,100,работает
RUN_20260509_VPLC_L2_MEDIUM_25_35_S01_R02,VPLC_L2_MEDIUM_25_35,SER_20260509_VPLC_L2_MEDIUM_25_35_S01,vPLC_container,VPLC_HOST,868,,,2026-05-09T18:14:13.778771086Z,,,,host_log,25,35,,,,,,2,128,,technical_check,vplc_status_cycle_duration_not_validated_as_Tper,0.106,100,работает
RUN_20260509_VPLC_L2_MEDIUM_25_35_S01_R02,VPLC_L2_MEDIUM_25_35,SER_20260509_VPLC_L2_MEDIUM_25_35_S01,vPLC_container,VPLC_HOST,869,,,2026-05-09T18:14:14.834606310Z,,,,host_log,25,35,,,,,,2,128,,technical_check,vplc_status_cycle_duration_not_validated_as_Tper,0.088,100,работает
RUN_20260509_VPLC_L2_MEDIUM_25_35_S01_R02,VPLC_L2_MEDIUM_25_35,SER_20260509_VPLC_L2_MEDIUM_25_35_S01,vPLC_container,VPLC_HOST,870,,,2026-05-09T18:14:15.893465742Z,,,,host_log,25,35,,,,,,2,128,,technical_check,vplc_status_cycle_duration_not_validated_as_Tper,0.106,100,работает
RUN_20260509_VPLC_L2_MEDIUM_25_35_S01_R02,VPLC_L2_MEDIUM_25_35,SER_20260509_VPLC_L2_MEDIUM_25_35_S01,vPLC_container,VPLC_HOST,871,,,2026-05-09T18:14:16.946098822Z,,,,host_log,25,35,,,,,,2,128,,technical_check,vplc_status_cycle_duration_not_validated_as_Tper,0.070,100,работает
RUN_20260509_VPLC_L2_MEDIUM_25_35_S01_R02,VPLC_L2_MEDIUM_25_35,SER_20260509_VPLC_L2_MEDIUM_25_35_S01,vPLC_container,VPLC_HOST,872,,,2026-05-09T18:14:18.004340231Z,,,,host_log,25,35,,,,,,2,128,,technical_check,vplc_status_cycle_duration_not_validated_as_Tper,0.106,100,работает
RUN_20260509_VPLC_L2_MEDIUM_25_35_S01_R02,VPLC_L2_MEDIUM_25_35,SER_20260509_VPLC_L2_MEDIUM_25_35_S01,vPLC_container,VPLC_HOST,873,,,2026-05-09T18:14:19.056626991Z,,,,host_log,25,35,,,,,,2,128,,technical_check,vplc_status_cycle_duration_not_validated_as_Tper,0.085,100,работает
RUN_20260509_VPLC_L2_MEDIUM_25_35_S01_R02,VPLC_L2_MEDIUM_25_35,SER_20260509_VPLC_L2_MEDIUM_25_35_S01,vPLC_container,VPLC_HOST,874,,,2026-05-09T18:14:20.113601631Z,,,,host_log,25,35,,,,,,2,128,,technical_check,vplc_status_cycle_duration_not_validated_as_Tper,0.106,100,работает
RUN_20260509_VPLC_L2_MEDIUM_25_35_S01_R02,VPLC_L2_MEDIUM_25_35,SER_20260509_VPLC_L2_MEDIUM_25_35_S01,vPLC_container,VPLC_HOST,875,,,2026-05-09T18:14:21.169530498Z,,,,host_log,25,35,,,,,,2,128,,technical_check,vplc_status_cycle_duration_not_validated_as_Tper,0.104,100,работает
RUN_20260509_VPLC_L2_MEDIUM_25_35_S01_R02,VPLC_L2_MEDIUM_25_35,SER_20260509_VPLC_L2_MEDIUM_25_35_S01,vPLC_container,VPLC_HOST,876,,,2026-05-09T18:14:22.224616284Z,,,,host_log,25,35,,,,,,2,128,,technical_check,vplc_status_cycle_duration_not_validated_as_Tper,0.085,100,работает
RUN_20260509_VPLC_L2_MEDIUM_25_35_S01_R02,VPLC_L2_MEDIUM_25_35,SER_20260509_VPLC_L2_MEDIUM_25_35_S01,vPLC_container,VPLC_HOST,877,,,2026-05-09T18:14:23.280011069Z,,,,host_log,25,35,,,,,,2,128,,technical_check,vplc_status_cycle_duration_not_validated_as_Tper,0.109,100,работает
RUN_20260509_VPLC_L2_MEDIUM_25_35_S01_R02,VPLC_L2_MEDIUM_25_35,SER_20260509_VPLC_L2_MEDIUM_25_35_S01,vPLC_container,VPLC_HOST,878,,,2026-05-09T18:14:24.331780162Z,,,,host_log,25,35,,,,,,2,128,,technical_check,vplc_status_cycle_duration_not_validated_as_Tper,4.147,100,работает
RUN_20260509_VPLC_L2_MEDIUM_25_35_S01_R02,VPLC_L2_MEDIUM_25_35,SER_20260509_VPLC_L2_MEDIUM_25_35_S01,vPLC_container,VPLC_HOST,879,,,2026-05-09T18:14:25.386459195Z,,,,host_log,25,35,,,,,,2,128,,technical_check,vplc_status_cycle_duration_not_validated_as_Tper,4.397,100,работает
RUN_20260509_VPLC_L2_MEDIUM_25_35_S01_R02,VPLC_L2_MEDIUM_25_35,SER_20260509_VPLC_L2_MEDIUM_25_35_S01,vPLC_container,VPLC_HOST,880,,,2026-05-09T18:14:26.445701648Z,,,,host_log,25,35,,,,,,2,128,,technical_check,vplc_status_cycle_duration_not_validated_as_Tper,0.063,100,работает
RUN_20260509_VPLC_L2_MEDIUM_25_35_S01_R02,VPLC_L2_MEDIUM_25_35,SER_20260509_VPLC_L2_MEDIUM_25_35_S01,vPLC_container,VPLC_HOST,881,,,2026-05-09T18:14:27.499241192Z,,,,host_log,25,35,,,,,,2,128,,technical_check,vplc_status_cycle_duration_not_validated_as_Tper,0.109,100,работает
RUN_20260509_VPLC_L2_MEDIUM_25_35_S01_R02,VPLC_L2_MEDIUM_25_35,SER_20260509_VPLC_L2_MEDIUM_25_35_S01,vPLC_container,VPLC_HOST,882,,,2026-05-09T18:14:28.555930905Z,,,,host_log,25,35,,,,,,2,128,,technical_check,vplc_status_cycle_duration_not_validated_as_Tper,0.071,100,работает
RUN_20260509_VPLC_L2_MEDIUM_25_35_S01_R02,VPLC_L2_MEDIUM_25_35,SER_20260509_VPLC_L2_MEDIUM_25_35_S01,vPLC_container,VPLC_HOST,883,,,2026-05-09T18:14:29.611717353Z,,,,host_log,25,35,,,,,,2,128,,technical_check,vplc_status_cycle_duration_not_validated_as_Tper,0.107,100,работает
RUN_20260509_VPLC_L2_MEDIUM_25_35_S01_R02,VPLC_L2_MEDIUM_25_35,SER_20260509_VPLC_L2_MEDIUM_25_35_S01,vPLC_container,VPLC_HOST,884,,,2026-05-09T18:14:30.667261811Z,,,,host_log,25,35,,,,,,2,128,,technical_check,vplc_status_cycle_duration_not_validated_as_Tper,0.106,100,работает
RUN_20260509_VPLC_L2_MEDIUM_25_35_S01_R02,VPLC_L2_MEDIUM_25_35,SER_20260509_VPLC_L2_MEDIUM_25_35_S01,vPLC_container,VPLC_HOST,885,,,2026-05-09T18:14:31.722780475Z,,,,host_log,25,35,,,,,,2,128,,technical_check,vplc_status_cycle_duration_not_validated_as_Tper,0.106,100,работает
RUN_20260509_VPLC_L2_MEDIUM_25_35_S01_R02,VPLC_L2_MEDIUM_25_35,SER_20260509_VPLC_L2_MEDIUM_25_35_S01,vPLC_container,VPLC_HOST,886,,,2026-05-09T18:14:32.778827032Z,,,,host_log,25,35,,,,,,2,128,,technical_check,vplc_status_cycle_duration_not_validated_as_Tper,0.105,100,работает
RUN_20260509_VPLC_L2_MEDIUM_25_35_S01_R02,VPLC_L2_MEDIUM_25_35,SER_20260509_VPLC_L2_MEDIUM_25_35_S01,vPLC_container,VPLC_HOST,887,,,2026-05-09T18:14:33.832984490Z,,,,host_log,25,35,,,,,,2,128,,technical_check,vplc_status_cycle_duration_not_validated_as_Tper,0.085,100,работает
RUN_20260509_VPLC_L2_MEDIUM_25_35_S01_R02,VPLC_L2_MEDIUM_25_35,SER_20260509_VPLC_L2_MEDIUM_25_35_S01,vPLC_container,VPLC_HOST,888,,,2026-05-09T18:14:34.889247091Z,,,,host_log,25,35,,,,,,2,128,,technical_check,vplc_status_cycle_duration_not_validated_as_Tper,0.105,100,работает
RUN_20260509_VPLC_L2_MEDIUM_25_35_S01_R02,VPLC_L2_MEDIUM_25_35,SER_20260509_VPLC_L2_MEDIUM_25_35_S01,vPLC_container,VPLC_HOST,889,,,2026-05-09T18:14:35.945252414Z,,,,host_log,25,35,,,,,,2,128,,technical_check,vplc_status_cycle_duration_not_validated_as_Tper,0.087,100,работает
RUN_20260509_VPLC_L2_MEDIUM_25_35_S01_R02,VPLC_L2_MEDIUM_25_35,SER_20260509_VPLC_L2_MEDIUM_25_35_S01,vPLC_container,VPLC_HOST,890,,,2026-05-09T18:14:36.999608002Z,,,,host_log,25,35,,,,,,2,128,,technical_check,vplc_status_cycle_duration_not_validated_as_Tper,0.107,100,работает
RUN_20260509_VPLC_L2_MEDIUM_25_35_S01_R02,VPLC_L2_MEDIUM_25_35,SER_20260509_VPLC_L2_MEDIUM_25_35_S01,vPLC_container,VPLC_HOST,891,,,2026-05-09T18:14:38.054847754Z,,,,host_log,25,35,,,,,,2,128,,technical_check,vplc_status_cycle_duration_not_validated_as_Tper,0.065,100,работает
RUN_20260509_VPLC_L2_MEDIUM_25_35_S01_R02,VPLC_L2_MEDIUM_25_35,SER_20260509_VPLC_L2_MEDIUM_25_35_S01,vPLC_container,VPLC_HOST,892,,,2026-05-09T18:14:39.109605863Z,,,,host_log,25,35,,,,,,2,128,,technical_check,vplc_status_cycle_duration_not_validated_as_Tper,0.105,100,работает
RUN_20260509_VPLC_L2_MEDIUM_25_35_S01_R02,VPLC_L2_MEDIUM_25_35,SER_20260509_VPLC_L2_MEDIUM_25_35_S01,vPLC_container,VPLC_HOST,893,,,2026-05-09T18:14:40.165923644Z,,,,host_log,25,35,,,,,,2,128,,technical_check,vplc_status_cycle_duration_not_validated_as_Tper,0.108,100,работает
RUN_20260509_VPLC_L2_MEDIUM_25_35_S01_R02,VPLC_L2_MEDIUM_25_35,SER_20260509_VPLC_L2_MEDIUM_25_35_S01,vPLC_container,VPLC_HOST,894,,,2026-05-09T18:14:41.219517965Z,,,,host_log,25,35,,,,,,2,128,,technical_check,vplc_status_cycle_duration_not_validated_as_Tper,0.108,100,работает
RUN_20260509_VPLC_L2_MEDIUM_25_35_S01_R02,VPLC_L2_MEDIUM_25_35,SER_20260509_VPLC_L2_MEDIUM_25_35_S01,vPLC_container,VPLC_HOST,895,,,2026-05-09T18:14:42.272651136Z,,,,host_log,25,35,,,,,,2,128,,technical_check,vplc_status_cycle_duration_not_validated_as_Tper,0.105,100,работает
RUN_20260509_VPLC_L2_MEDIUM_25_35_S01_R02,VPLC_L2_MEDIUM_25_35,SER_20260509_VPLC_L2_MEDIUM_25_35_S01,vPLC_container,VPLC_HOST,896,,,2026-05-09T18:14:43.331006406Z,,,,host_log,25,35,,,,,,2,128,,technical_check,vplc_status_cycle_duration_not_validated_as_Tper,4.058,100,работает
RUN_20260509_VPLC_L2_MEDIUM_25_35_S01_R02,VPLC_L2_MEDIUM_25_35,SER_20260509_VPLC_L2_MEDIUM_25_35_S01,vPLC_container,VPLC_HOST,897,,,2026-05-09T18:14:44.386921312Z,,,,host_log,25,35,,,,,,2,128,,technical_check,vplc_status_cycle_duration_not_validated_as_Tper,4.158,100,работает
RUN_20260509_VPLC_L2_MEDIUM_25_35_S01_R02,VPLC_L2_MEDIUM_25_35,SER_20260509_VPLC_L2_MEDIUM_25_35_S01,vPLC_container,VPLC_HOST,898,,,2026-05-09T18:14:45.441393275Z,,,,host_log,25,35,,,,,,2,128,,technical_check,vplc_status_cycle_duration_not_validated_as_Tper,0.105,100,работает
RUN_20260509_VPLC_L2_MEDIUM_25_35_S01_R02,VPLC_L2_MEDIUM_25_35,SER_20260509_VPLC_L2_MEDIUM_25_35_S01,vPLC_container,VPLC_HOST,899,,,2026-05-09T18:14:46.497936067Z,,,,host_log,25,35,,,,,,2,128,,technical_check,vplc_status_cycle_duration_not_validated_as_Tper,0.105,100,работает
RUN_20260509_VPLC_L2_MEDIUM_25_35_S01_R02,VPLC_L2_MEDIUM_25_35,SER_20260509_VPLC_L2_MEDIUM_25_35_S01,vPLC_container,VPLC_HOST,900,,,2026-05-09T18:14:47.553349928Z,,,,host_log,25,35,,,,,,2,128,,technical_check,vplc_status_cycle_duration_not_validated_as_Tper,0.054,100,работает
RUN_20260509_VPLC_L2_MEDIUM_25_35_S01_R02,VPLC_L2_MEDIUM_25_35,SER_20260509_VPLC_L2_MEDIUM_25_35_S01,vPLC_container,VPLC_HOST,901,,,2026-05-09T18:14:48.605744303Z,,,,host_log,25,35,,,,,,2,128,,technical_check,vplc_status_cycle_duration_not_validated_as_Tper,0.107,100,работает
RUN_20260509_VPLC_L2_MEDIUM_25_35_S01_R02,VPLC_L2_MEDIUM_25_35,SER_20260509_VPLC_L2_MEDIUM_25_35_S01,vPLC_container,VPLC_HOST,902,,,2026-05-09T18:14:49.662834850Z,,,,host_log,25,35,,,,,,2,128,,technical_check,vplc_status_cycle_duration_not_validated_as_Tper,0.105,100,работает
RUN_20260509_VPLC_L2_MEDIUM_25_35_S01_R02,VPLC_L2_MEDIUM_25_35,SER_20260509_VPLC_L2_MEDIUM_25_35_S01,vPLC_container,VPLC_HOST,903,,,2026-05-09T18:14:50.719284855Z,,,,host_log,25,35,,,,,,2,128,,technical_check,vplc_status_cycle_duration_not_validated_as_Tper,0.105,100,работает
RUN_20260509_VPLC_L2_MEDIUM_25_35_S01_R02,VPLC_L2_MEDIUM_25_35,SER_20260509_VPLC_L2_MEDIUM_25_35_S01,vPLC_container,VPLC_HOST,904,,,2026-05-09T18:14:51.772608521Z,,,,host_log,25,35,,,,,,2,128,,technical_check,vplc_status_cycle_duration_not_validated_as_Tper,0.107,100,работает
RUN_20260509_VPLC_L2_MEDIUM_25_35_S01_R02,VPLC_L2_MEDIUM_25_35,SER_20260509_VPLC_L2_MEDIUM_25_35_S01,vPLC_container,VPLC_HOST,905,,,2026-05-09T18:14:52.829470617Z,,,,host_log,25,35,,,,,,2,128,,technical_check,vplc_status_cycle_duration_not_validated_as_Tper,0.106,100,работает
RUN_20260509_VPLC_L2_MEDIUM_25_35_S01_R02,VPLC_L2_MEDIUM_25_35,SER_20260509_VPLC_L2_MEDIUM_25_35_S01,vPLC_container,VPLC_HOST,906,,,2026-05-09T18:14:53.883444073Z,,,,host_log,25,35,,,,,,2,128,,technical_check,vplc_status_cycle_duration_not_validated_as_Tper,0.106,100,работает
RUN_20260509_VPLC_L2_MEDIUM_25_35_S01_R02,VPLC_L2_MEDIUM_25_35,SER_20260509_VPLC_L2_MEDIUM_25_35_S01,vPLC_container,VPLC_HOST,907,,,2026-05-09T18:14:54.940694208Z,,,,host_log,25,35,,,,,,2,128,,technical_check,vplc_status_cycle_duration_not_validated_as_Tper,0.087,100,работает
RUN_20260509_VPLC_L2_MEDIUM_25_35_S01_R02,VPLC_L2_MEDIUM_25_35,SER_20260509_VPLC_L2_MEDIUM_25_35_S01,vPLC_container,VPLC_HOST,908,,,2026-05-09T18:14:55.994481518Z,,,,host_log,25,35,,,,,,2,128,,technical_check,vplc_status_cycle_duration_not_validated_as_Tper,0.106,100,работает
RUN_20260509_VPLC_L2_MEDIUM_25_35_S01_R02,VPLC_L2_MEDIUM_25_35,SER_20260509_VPLC_L2_MEDIUM_25_35_S01,vPLC_container,VPLC_HOST,909,,,2026-05-09T18:14:57.051646447Z,,,,host_log,25,35,,,,,,2,128,,technical_check,vplc_status_cycle_duration_not_validated_as_Tper,0.053,100,работает
RUN_20260509_VPLC_L2_MEDIUM_25_35_S01_R02,VPLC_L2_MEDIUM_25_35,SER_20260509_VPLC_L2_MEDIUM_25_35_S01,vPLC_container,VPLC_HOST,910,,,2026-05-09T18:14:58.104374928Z,,,,host_log,25,35,,,,,,2,128,,technical_check,vplc_status_cycle_duration_not_validated_as_Tper,0.106,100,работает
RUN_20260509_VPLC_L2_MEDIUM_25_35_S01_R02,VPLC_L2_MEDIUM_25_35,SER_20260509_VPLC_L2_MEDIUM_25_35_S01,vPLC_container,VPLC_HOST,911,,,2026-05-09T18:14:59.163157238Z,,,,host_log,25,35,,,,,,2,128,,technical_check,vplc_status_cycle_duration_not_validated_as_Tper,0.107,100,работает
RUN_20260509_VPLC_L2_MEDIUM_25_35_S01_R02,VPLC_L2_MEDIUM_25_35,SER_20260509_VPLC_L2_MEDIUM_25_35_S01,vPLC_container,VPLC_HOST,912,,,2026-05-09T18:15:00.218197006Z,,,,host_log,25,35,,,,,,2,128,,technical_check,vplc_status_cycle_duration_not_validated_as_Tper,0.106,100,работает
RUN_20260509_VPLC_L2_MEDIUM_25_35_S01_R02,VPLC_L2_MEDIUM_25_35,SER_20260509_VPLC_L2_MEDIUM_25_35_S01,vPLC_container,VPLC_HOST,913,,,2026-05-09T18:15:01.270853243Z,,,,host_log,25,35,,,,,,2,128,,technical_check,vplc_status_cycle_duration_not_validated_as_Tper,0.110,100,работает
RUN_20260509_VPLC_L2_MEDIUM_25_35_S01_R02,VPLC_L2_MEDIUM_25_35,SER_20260509_VPLC_L2_MEDIUM_25_35_S01,vPLC_container,VPLC_HOST,914,,,2026-05-09T18:15:02.325745488Z,,,,host_log,25,35,,,,,,2,128,,technical_check,vplc_status_cycle_duration_not_validated_as_Tper,4.781,100,работает
RUN_20260509_VPLC_L2_MEDIUM_25_35_S01_R02,VPLC_L2_MEDIUM_25_35,SER_20260509_VPLC_L2_MEDIUM_25_35_S01,vPLC_container,VPLC_HOST,915,,,2026-05-09T18:15:03.383756625Z,,,,host_log,25,35,,,,,,2,128,,technical_check,vplc_status_cycle_duration_not_validated_as_Tper,4.873,100,работает
RUN_20260509_VPLC_L2_MEDIUM_25_35_S01_R02,VPLC_L2_MEDIUM_25_35,SER_20260509_VPLC_L2_MEDIUM_25_35_S01,vPLC_container,VPLC_HOST,916,,,2026-05-09T18:15:04.437254689Z,,,,host_log,25,35,,,,,,2,128,,technical_check,vplc_status_cycle_duration_not_validated_as_Tper,0.086,100,работает
RUN_20260509_VPLC_L2_MEDIUM_25_35_S01_R02,VPLC_L2_MEDIUM_25_35,SER_20260509_VPLC_L2_MEDIUM_25_35_S01,vPLC_container,VPLC_HOST,917,,,2026-05-09T18:15:05.492070278Z,,,,host_log,25,35,,,,,,2,128,,technical_check,vplc_status_cycle_duration_not_validated_as_Tper,0.108,100,работает
RUN_20260509_VPLC_L2_MEDIUM_25_35_S01_R02,VPLC_L2_MEDIUM_25_35,SER_20260509_VPLC_L2_MEDIUM_25_35_S01,vPLC_container,VPLC_HOST,918,,,2026-05-09T18:15:06.547537284Z,,,,host_log,25,35,,,,,,2,128,,technical_check,vplc_status_cycle_duration_not_validated_as_Tper,0.064,100,работает
RUN_20260509_VPLC_L2_MEDIUM_25_35_S01_R02,VPLC_L2_MEDIUM_25_35,SER_20260509_VPLC_L2_MEDIUM_25_35_S01,vPLC_container,VPLC_HOST,919,,,2026-05-09T18:15:07.603972866Z,,,,host_log,25,35,,,,,,2,128,,technical_check,vplc_status_cycle_duration_not_validated_as_Tper,0.107,100,работает
RUN_20260509_VPLC_L2_MEDIUM_25_35_S01_R02,VPLC_L2_MEDIUM_25_35,SER_20260509_VPLC_L2_MEDIUM_25_35_S01,vPLC_container,VPLC_HOST,920,,,2026-05-09T18:15:08.660895517Z,,,,host_log,25,35,,,,,,2,128,,technical_check,vplc_status_cycle_duration_not_validated_as_Tper,0.107,100,работает
RUN_20260509_VPLC_L2_MEDIUM_25_35_S01_R02,VPLC_L2_MEDIUM_25_35,SER_20260509_VPLC_L2_MEDIUM_25_35_S01,vPLC_container,VPLC_HOST,921,,,2026-05-09T18:15:09.716078071Z,,,,host_log,25,35,,,,,,2,128,,technical_check,vplc_status_cycle_duration_not_validated_as_Tper,0.106,100,работает
RUN_20260509_VPLC_L2_MEDIUM_25_35_S01_R02,VPLC_L2_MEDIUM_25_35,SER_20260509_VPLC_L2_MEDIUM_25_35_S01,vPLC_container,VPLC_HOST,922,,,2026-05-09T18:15:10.768661097Z,,,,host_log,25,35,,,,,,2,128,,technical_check,vplc_status_cycle_duration_not_validated_as_Tper,0.108,100,работает
RUN_20260509_VPLC_L2_MEDIUM_25_35_S01_R02,VPLC_L2_MEDIUM_25_35,SER_20260509_VPLC_L2_MEDIUM_25_35_S01,vPLC_container,VPLC_HOST,923,,,2026-05-09T18:15:11.826771865Z,,,,host_log,25,35,,,,,,2,128,,technical_check,vplc_status_cycle_duration_not_validated_as_Tper,0.085,100,работает
RUN_20260509_VPLC_L2_MEDIUM_25_35_S01_R02,VPLC_L2_MEDIUM_25_35,SER_20260509_VPLC_L2_MEDIUM_25_35_S01,vPLC_container,VPLC_HOST,924,,,2026-05-09T18:15:12.879558011Z,,,,host_log,25,35,,,,,,2,128,,technical_check,vplc_status_cycle_duration_not_validated_as_Tper,0.106,100,работает
RUN_20260509_VPLC_L2_MEDIUM_25_35_S01_R02,VPLC_L2_MEDIUM_25_35,SER_20260509_VPLC_L2_MEDIUM_25_35_S01,vPLC_container,VPLC_HOST,925,,,2026-05-09T18:15:13.934838736Z,,,,host_log,25,35,,,,,,2,128,,technical_check,vplc_status_cycle_duration_not_validated_as_Tper,0.087,100,работает
RUN_20260509_VPLC_L2_MEDIUM_25_35_S01_R02,VPLC_L2_MEDIUM_25_35,SER_20260509_VPLC_L2_MEDIUM_25_35_S01,vPLC_container,VPLC_HOST,926,,,2026-05-09T18:15:14.989724870Z,,,,host_log,25,35,,,,,,2,128,,technical_check,vplc_status_cycle_duration_not_validated_as_Tper,0.106,100,работает
RUN_20260509_VPLC_L2_MEDIUM_25_35_S01_R02,VPLC_L2_MEDIUM_25_35,SER_20260509_VPLC_L2_MEDIUM_25_35_S01,vPLC_container,VPLC_HOST,927,,,2026-05-09T18:15:16.044497898Z,,,,host_log,25,35,,,,,,2,128,,technical_check,vplc_status_cycle_duration_not_validated_as_Tper,0.085,100,работает
RUN_20260509_VPLC_L2_MEDIUM_25_35_S01_R02,VPLC_L2_MEDIUM_25_35,SER_20260509_VPLC_L2_MEDIUM_25_35_S01,vPLC_container,VPLC_HOST,928,,,2026-05-09T18:15:17.103152504Z,,,,host_log,25,35,,,,,,2,128,,technical_check,vplc_status_cycle_duration_not_validated_as_Tper,0.107,100,работает
RUN_20260509_VPLC_L2_MEDIUM_25_35_S01_R02,VPLC_L2_MEDIUM_25_35,SER_20260509_VPLC_L2_MEDIUM_25_35_S01,vPLC_container,VPLC_HOST,929,,,2026-05-09T18:15:18.156390748Z,,,,host_log,25,35,,,,,,2,128,,technical_check,vplc_status_cycle_duration_not_validated_as_Tper,0.081,100,работает
RUN_20260509_VPLC_L2_MEDIUM_25_35_S01_R02,VPLC_L2_MEDIUM_25_35,SER_20260509_VPLC_L2_MEDIUM_25_35_S01,vPLC_container,VPLC_HOST,930,,,2026-05-09T18:15:19.212060855Z,,,,host_log,25,35,,,,,,2,128,,technical_check,vplc_status_cycle_duration_not_validated_as_Tper,0.108,100,работает
RUN_20260509_VPLC_L2_MEDIUM_25_35_S01_R02,VPLC_L2_MEDIUM_25_35,SER_20260509_VPLC_L2_MEDIUM_25_35_S01,vPLC_container,VPLC_HOST,931,,,2026-05-09T18:15:20.267788753Z,,,,host_log,25,35,,,,,,2,128,,technical_check,vplc_status_cycle_duration_not_validated_as_Tper,0.106,100,работает
RUN_20260509_VPLC_L2_MEDIUM_25_35_S01_R02,VPLC_L2_MEDIUM_25_35,SER_20260509_VPLC_L2_MEDIUM_25_35_S01,vPLC_container,VPLC_HOST,932,,,2026-05-09T18:15:21.325797872Z,,,,host_log,25,35,,,,,,2,128,,technical_check,vplc_status_cycle_duration_not_validated_as_Tper,0.106,100,работает
RUN_20260509_VPLC_L2_MEDIUM_25_35_S01_R02,VPLC_L2_MEDIUM_25_35,SER_20260509_VPLC_L2_MEDIUM_25_35_S01,vPLC_container,VPLC_HOST,933,,,2026-05-09T18:15:22.379384078Z,,,,host_log,25,35,,,,,,2,128,,technical_check,vplc_status_cycle_duration_not_validated_as_Tper,4.841,100,работает
RUN_20260509_VPLC_L2_MEDIUM_25_35_S01_R02,VPLC_L2_MEDIUM_25_35,SER_20260509_VPLC_L2_MEDIUM_25_35_S01,vPLC_container,VPLC_HOST,934,,,2026-05-09T18:15:23.435274669Z,,,,host_log,25,35,,,,,,2,128,,technical_check,vplc_status_cycle_duration_not_validated_as_Tper,0.085,100,работает
RUN_20260509_VPLC_L2_MEDIUM_25_35_S01_R02,VPLC_L2_MEDIUM_25_35,SER_20260509_VPLC_L2_MEDIUM_25_35_S01,vPLC_container,VPLC_HOST,935,,,2026-05-09T18:15:24.491061718Z,,,,host_log,25,35,,,,,,2,128,,technical_check,vplc_status_cycle_duration_not_validated_as_Tper,0.105,100,работает
RUN_20260509_VPLC_L2_MEDIUM_25_35_S01_R02,VPLC_L2_MEDIUM_25_35,SER_20260509_VPLC_L2_MEDIUM_25_35_S01,vPLC_container,VPLC_HOST,936,,,2026-05-09T18:15:25.545648182Z,,,,host_log,25,35,,,,,,2,128,,technical_check,vplc_status_cycle_duration_not_validated_as_Tper,0.065,100,работает
RUN_20260509_VPLC_L2_MEDIUM_25_35_S01_R02,VPLC_L2_MEDIUM_25_35,SER_20260509_VPLC_L2_MEDIUM_25_35_S01,vPLC_container,VPLC_HOST,937,,,2026-05-09T18:15:26.601116142Z,,,,host_log,25,35,,,,,,2,128,,technical_check,vplc_status_cycle_duration_not_validated_as_Tper,0.107,100,работает
RUN_20260509_VPLC_L2_MEDIUM_25_35_S01_R02,VPLC_L2_MEDIUM_25_35,SER_20260509_VPLC_L2_MEDIUM_25_35_S01,vPLC_container,VPLC_HOST,938,,,2026-05-09T18:15:27.656531222Z,,,,host_log,25,35,,,,,,2,128,,technical_check,vplc_status_cycle_duration_not_validated_as_Tper,0.078,100,работает
RUN_20260509_VPLC_L2_MEDIUM_25_35_S01_R02,VPLC_L2_MEDIUM_25_35,SER_20260509_VPLC_L2_MEDIUM_25_35_S01,vPLC_container,VPLC_HOST,939,,,2026-05-09T18:15:28.712116183Z,,,,host_log,25,35,,,,,,2,128,,technical_check,vplc_status_cycle_duration_not_validated_as_Tper,0.106,100,работает
RUN_20260509_VPLC_L2_MEDIUM_25_35_S01_R02,VPLC_L2_MEDIUM_25_35,SER_20260509_VPLC_L2_MEDIUM_25_35_S01,vPLC_container,VPLC_HOST,940,,,2026-05-09T18:15:29.768838673Z,,,,host_log,25,35,,,,,,2,128,,technical_check,vplc_status_cycle_duration_not_validated_as_Tper,0.106,100,работает
RUN_20260509_VPLC_L2_MEDIUM_25_35_S01_R02,VPLC_L2_MEDIUM_25_35,SER_20260509_VPLC_L2_MEDIUM_25_35_S01,vPLC_container,VPLC_HOST,941,,,2026-05-09T18:15:30.819122836Z,,,,host_log,25,35,,,,,,2,128,,technical_check,vplc_status_cycle_duration_not_validated_as_Tper,0.108,100,работает
RUN_20260509_VPLC_L2_MEDIUM_25_35_S01_R02,VPLC_L2_MEDIUM_25_35,SER_20260509_VPLC_L2_MEDIUM_25_35_S01,vPLC_container,VPLC_HOST,942,,,2026-05-09T18:15:31.878702721Z,,,,host_log,25,35,,,,,,2,128,,technical_check,vplc_status_cycle_duration_not_validated_as_Tper,0.105,100,работает
RUN_20260509_VPLC_L2_MEDIUM_25_35_S01_R02,VPLC_L2_MEDIUM_25_35,SER_20260509_VPLC_L2_MEDIUM_25_35_S01,vPLC_container,VPLC_HOST,943,,,2026-05-09T18:15:32.933560109Z,,,,host_log,25,35,,,,,,2,128,,technical_check,vplc_status_cycle_duration_not_validated_as_Tper,0.085,100,работает
RUN_20260509_VPLC_L2_MEDIUM_25_35_S01_R02,VPLC_L2_MEDIUM_25_35,SER_20260509_VPLC_L2_MEDIUM_25_35_S01,vPLC_container,VPLC_HOST,944,,,2026-05-09T18:15:33.989111393Z,,,,host_log,25,35,,,,,,2,128,,technical_check,vplc_status_cycle_duration_not_validated_as_Tper,0.106,100,работает
RUN_20260509_VPLC_L2_MEDIUM_25_35_S01_R02,VPLC_L2_MEDIUM_25_35,SER_20260509_VPLC_L2_MEDIUM_25_35_S01,vPLC_container,VPLC_HOST,945,,,2026-05-09T18:15:35.044062720Z,,,,host_log,25,35,,,,,,2,128,,technical_check,vplc_status_cycle_duration_not_validated_as_Tper,0.087,100,работает
RUN_20260509_VPLC_L2_MEDIUM_25_35_S01_R02,VPLC_L2_MEDIUM_25_35,SER_20260509_VPLC_L2_MEDIUM_25_35_S01,vPLC_container,VPLC_HOST,946,,,2026-05-09T18:15:36.099598366Z,,,,host_log,25,35,,,,,,2,128,,technical_check,vplc_status_cycle_duration_not_validated_as_Tper,0.106,100,работает
RUN_20260509_VPLC_L2_MEDIUM_25_35_S01_R02,VPLC_L2_MEDIUM_25_35,SER_20260509_VPLC_L2_MEDIUM_25_35_S01,vPLC_container,VPLC_HOST,947,,,2026-05-09T18:15:37.155064475Z,,,,host_log,25,35,,,,,,2,128,,technical_check,vplc_status_cycle_duration_not_validated_as_Tper,0.066,100,работает
RUN_20260509_VPLC_L2_MEDIUM_25_35_S01_R02,VPLC_L2_MEDIUM_25_35,SER_20260509_VPLC_L2_MEDIUM_25_35_S01,vPLC_container,VPLC_HOST,948,,,2026-05-09T18:15:38.209077472Z,,,,host_log,25,35,,,,,,2,128,,technical_check,vplc_status_cycle_duration_not_validated_as_Tper,0.107,100,работает
RUN_20260509_VPLC_L2_MEDIUM_25_35_S01_R02,VPLC_L2_MEDIUM_25_35,SER_20260509_VPLC_L2_MEDIUM_25_35_S01,vPLC_container,VPLC_HOST,949,,,2026-05-09T18:15:39.265333415Z,,,,host_log,25,35,,,,,,2,128,,technical_check,vplc_status_cycle_duration_not_validated_as_Tper,0.108,100,работает
RUN_20260509_VPLC_L2_MEDIUM_25_35_S01_R02,VPLC_L2_MEDIUM_25_35,SER_20260509_VPLC_L2_MEDIUM_25_35_S01,vPLC_container,VPLC_HOST,950,,,2026-05-09T18:15:40.320533484Z,,,,host_log,25,35,,,,,,2,128,,technical_check,vplc_status_cycle_duration_not_validated_as_Tper,0.107,100,работает
RUN_20260509_VPLC_L2_MEDIUM_25_35_S01_R02,VPLC_L2_MEDIUM_25_35,SER_20260509_VPLC_L2_MEDIUM_25_35_S01,vPLC_container,VPLC_HOST,951,,,2026-05-09T18:15:41.376861320Z,,,,host_log,25,35,,,,,,2,128,,technical_check,vplc_status_cycle_duration_not_validated_as_Tper,5.010,100,работает
RUN_20260509_VPLC_L2_MEDIUM_25_35_S01_R02,VPLC_L2_MEDIUM_25_35,SER_20260509_VPLC_L2_MEDIUM_25_35_S01,vPLC_container,VPLC_HOST,952,,,2026-05-09T18:15:42.431284052Z,,,,host_log,25,35,,,,,,2,128,,technical_check,vplc_status_cycle_duration_not_validated_as_Tper,0.086,100,работает
RUN_20260509_VPLC_L2_MEDIUM_25_35_S01_R02,VPLC_L2_MEDIUM_25_35,SER_20260509_VPLC_L2_MEDIUM_25_35_S01,vPLC_container,VPLC_HOST,953,,,2026-05-09T18:15:43.485514593Z,,,,host_log,25,35,,,,,,2,128,,technical_check,vplc_status_cycle_duration_not_validated_as_Tper,0.109,100,работает
RUN_20260509_VPLC_L2_MEDIUM_25_35_S01_R02,VPLC_L2_MEDIUM_25_35,SER_20260509_VPLC_L2_MEDIUM_25_35_S01,vPLC_container,VPLC_HOST,954,,,2026-05-09T18:15:44.539136174Z,,,,host_log,25,35,,,,,,2,128,,technical_check,vplc_status_cycle_duration_not_validated_as_Tper,0.085,100,работает
RUN_20260509_VPLC_L2_MEDIUM_25_35_S01_R02,VPLC_L2_MEDIUM_25_35,SER_20260509_VPLC_L2_MEDIUM_25_35_S01,vPLC_container,VPLC_HOST,955,,,2026-05-09T18:15:45.594158834Z,,,,host_log,25,35,,,,,,2,128,,technical_check,vplc_status_cycle_duration_not_validated_as_Tper,0.106,100,работает
RUN_20260509_VPLC_L2_MEDIUM_25_35_S01_R02,VPLC_L2_MEDIUM_25_35,SER_20260509_VPLC_L2_MEDIUM_25_35_S01,vPLC_container,VPLC_HOST,956,,,2026-05-09T18:15:46.650060084Z,,,,host_log,25,35,,,,,,2,128,,technical_check,vplc_status_cycle_duration_not_validated_as_Tper,0.048,100,работает
RUN_20260509_VPLC_L2_MEDIUM_25_35_S01_R02,VPLC_L2_MEDIUM_25_35,SER_20260509_VPLC_L2_MEDIUM_25_35_S01,vPLC_container,VPLC_HOST,957,,,2026-05-09T18:15:47.707959324Z,,,,host_log,25,35,,,,,,2,128,,technical_check,vplc_status_cycle_duration_not_validated_as_Tper,0.108,100,работает
RUN_20260509_VPLC_L2_MEDIUM_25_35_S01_R02,VPLC_L2_MEDIUM_25_35,SER_20260509_VPLC_L2_MEDIUM_25_35_S01,vPLC_container,VPLC_HOST,958,,,2026-05-09T18:15:48.763883326Z,,,,host_log,25,35,,,,,,2,128,,technical_check,vplc_status_cycle_duration_not_validated_as_Tper,0.104,100,работает
RUN_20260509_VPLC_L2_MEDIUM_25_35_S01_R02,VPLC_L2_MEDIUM_25_35,SER_20260509_VPLC_L2_MEDIUM_25_35_S01,vPLC_container,VPLC_HOST,959,,,2026-05-09T18:15:49.819175670Z,,,,host_log,25,35,,,,,,2,128,,technical_check,vplc_status_cycle_duration_not_validated_as_Tper,0.105,100,работает
RUN_20260509_VPLC_L2_MEDIUM_25_35_S01_R02,VPLC_L2_MEDIUM_25_35,SER_20260509_VPLC_L2_MEDIUM_25_35_S01,vPLC_container,VPLC_HOST,960,,,2026-05-09T18:15:50.871721812Z,,,,host_log,25,35,,,,,,2,128,,technical_check,vplc_status_cycle_duration_not_validated_as_Tper,0.107,100,работает
RUN_20260509_VPLC_L2_MEDIUM_25_35_S01_R02,VPLC_L2_MEDIUM_25_35,SER_20260509_VPLC_L2_MEDIUM_25_35_S01,vPLC_container,VPLC_HOST,961,,,2026-05-09T18:15:51.928453332Z,,,,host_log,25,35,,,,,,2,128,,technical_check,vplc_status_cycle_duration_not_validated_as_Tper,0.105,100,работает
RUN_20260509_VPLC_L2_MEDIUM_25_35_S01_R02,VPLC_L2_MEDIUM_25_35,SER_20260509_VPLC_L2_MEDIUM_25_35_S01,vPLC_container,VPLC_HOST,962,,,2026-05-09T18:15:52.981808122Z,,,,host_log,25,35,,,,,,2,128,,technical_check,vplc_status_cycle_duration_not_validated_as_Tper,0.106,100,работает
RUN_20260509_VPLC_L2_MEDIUM_25_35_S01_R02,VPLC_L2_MEDIUM_25_35,SER_20260509_VPLC_L2_MEDIUM_25_35_S01,vPLC_container,VPLC_HOST,963,,,2026-05-09T18:15:54.039024921Z,,,,host_log,25,35,,,,,,2,128,,technical_check,vplc_status_cycle_duration_not_validated_as_Tper,0.085,100,работает
RUN_20260509_VPLC_L2_MEDIUM_25_35_S01_R02,VPLC_L2_MEDIUM_25_35,SER_20260509_VPLC_L2_MEDIUM_25_35_S01,vPLC_container,VPLC_HOST,964,,,2026-05-09T18:15:55.094931314Z,,,,host_log,25,35,,,,,,2,128,,technical_check,vplc_status_cycle_duration_not_validated_as_Tper,0.105,100,работает
RUN_20260509_VPLC_L2_MEDIUM_25_35_S01_R02,VPLC_L2_MEDIUM_25_35,SER_20260509_VPLC_L2_MEDIUM_25_35_S01,vPLC_container,VPLC_HOST,965,,,2026-05-09T18:15:56.148699875Z,,,,host_log,25,35,,,,,,2,128,,technical_check,vplc_status_cycle_duration_not_validated_as_Tper,0.053,100,работает
RUN_20260509_VPLC_L2_MEDIUM_25_35_S01_R02,VPLC_L2_MEDIUM_25_35,SER_20260509_VPLC_L2_MEDIUM_25_35_S01,vPLC_container,VPLC_HOST,966,,,2026-05-09T18:15:57.202108980Z,,,,host_log,25,35,,,,,,2,128,,technical_check,vplc_status_cycle_duration_not_validated_as_Tper,0.108,100,работает
RUN_20260509_VPLC_L2_MEDIUM_25_35_S01_R02,VPLC_L2_MEDIUM_25_35,SER_20260509_VPLC_L2_MEDIUM_25_35_S01,vPLC_container,VPLC_HOST,967,,,2026-05-09T18:15:58.259581292Z,,,,host_log,25,35,,,,,,2,128,,technical_check,vplc_status_cycle_duration_not_validated_as_Tper,0.097,100,работает
RUN_20260509_VPLC_L2_MEDIUM_25_35_S01_R02,VPLC_L2_MEDIUM_25_35,SER_20260509_VPLC_L2_MEDIUM_25_35_S01,vPLC_container,VPLC_HOST,968,,,2026-05-09T18:15:59.316408482Z,,,,host_log,25,35,,,,,,2,128,,technical_check,vplc_status_cycle_duration_not_validated_as_Tper,0.105,100,работает
RUN_20260509_VPLC_L2_MEDIUM_25_35_S01_R02,VPLC_L2_MEDIUM_25_35,SER_20260509_VPLC_L2_MEDIUM_25_35_S01,vPLC_container,VPLC_HOST,969,,,2026-05-09T18:16:00.371417143Z,,,,host_log,25,35,,,,,,2,128,,technical_check,vplc_status_cycle_duration_not_validated_as_Tper,4.171,100,работает
RUN_20260509_VPLC_L2_MEDIUM_25_35_S01_R02,VPLC_L2_MEDIUM_25_35,SER_20260509_VPLC_L2_MEDIUM_25_35_S01,vPLC_container,VPLC_HOST,970,,,2026-05-09T18:16:01.426128620Z,,,,host_log,25,35,,,,,,2,128,,technical_check,vplc_status_cycle_duration_not_validated_as_Tper,0.085,100,работает
RUN_20260509_VPLC_L2_MEDIUM_25_35_S01_R02,VPLC_L2_MEDIUM_25_35,SER_20260509_VPLC_L2_MEDIUM_25_35_S01,vPLC_container,VPLC_HOST,971,,,2026-05-09T18:16:02.478992463Z,,,,host_log,25,35,,,,,,2,128,,technical_check,vplc_status_cycle_duration_not_validated_as_Tper,0.106,100,работает
RUN_20260509_VPLC_L2_MEDIUM_25_35_S01_R02,VPLC_L2_MEDIUM_25_35,SER_20260509_VPLC_L2_MEDIUM_25_35_S01,vPLC_container,VPLC_HOST,972,,,2026-05-09T18:16:03.535645394Z,,,,host_log,25,35,,,,,,2,128,,technical_check,vplc_status_cycle_duration_not_validated_as_Tper,0.085,100,работает
RUN_20260509_VPLC_L2_MEDIUM_25_35_S01_R02,VPLC_L2_MEDIUM_25_35,SER_20260509_VPLC_L2_MEDIUM_25_35_S01,vPLC_container,VPLC_HOST,973,,,2026-05-09T18:16:04.588867108Z,,,,host_log,25,35,,,,,,2,128,,technical_check,vplc_status_cycle_duration_not_validated_as_Tper,0.106,100,работает
RUN_20260509_VPLC_L2_MEDIUM_25_35_S01_R02,VPLC_L2_MEDIUM_25_35,SER_20260509_VPLC_L2_MEDIUM_25_35_S01,vPLC_container,VPLC_HOST,974,,,2026-05-09T18:16:05.647784863Z,,,,host_log,25,35,,,,,,2,128,,technical_check,vplc_status_cycle_duration_not_validated_as_Tper,0.056,100,работает
RUN_20260509_VPLC_L2_MEDIUM_25_35_S01_R02,VPLC_L2_MEDIUM_25_35,SER_20260509_VPLC_L2_MEDIUM_25_35_S01,vPLC_container,VPLC_HOST,975,,,2026-05-09T18:16:06.700904375Z,,,,host_log,25,35,,,,,,2,128,,technical_check,vplc_status_cycle_duration_not_validated_as_Tper,0.107,100,работает
RUN_20260509_VPLC_L2_MEDIUM_25_35_S01_R02,VPLC_L2_MEDIUM_25_35,SER_20260509_VPLC_L2_MEDIUM_25_35_S01,vPLC_container,VPLC_HOST,976,,,2026-05-09T18:16:07.759105360Z,,,,host_log,25,35,,,,,,2,128,,technical_check,vplc_status_cycle_duration_not_validated_as_Tper,0.096,100,работает
RUN_20260509_VPLC_L2_MEDIUM_25_35_S01_R02,VPLC_L2_MEDIUM_25_35,SER_20260509_VPLC_L2_MEDIUM_25_35_S01,vPLC_container,VPLC_HOST,977,,,2026-05-09T18:16:08.811505396Z,,,,host_log,25,35,,,,,,2,128,,technical_check,vplc_status_cycle_duration_not_validated_as_Tper,0.107,100,работает
RUN_20260509_VPLC_L2_MEDIUM_25_35_S01_R02,VPLC_L2_MEDIUM_25_35,SER_20260509_VPLC_L2_MEDIUM_25_35_S01,vPLC_container,VPLC_HOST,978,,,2026-05-09T18:16:09.869533638Z,,,,host_log,25,35,,,,,,2,128,,technical_check,vplc_status_cycle_duration_not_validated_as_Tper,0.106,100,работает
RUN_20260509_VPLC_L2_MEDIUM_25_35_S01_R02,VPLC_L2_MEDIUM_25_35,SER_20260509_VPLC_L2_MEDIUM_25_35_S01,vPLC_container,VPLC_HOST,979,,,2026-05-09T18:16:10.922744510Z,,,,host_log,25,35,,,,,,2,128,,technical_check,vplc_status_cycle_duration_not_validated_as_Tper,0.104,100,работает
RUN_20260509_VPLC_L2_MEDIUM_25_35_S01_R02,VPLC_L2_MEDIUM_25_35,SER_20260509_VPLC_L2_MEDIUM_25_35_S01,vPLC_container,VPLC_HOST,980,,,2026-05-09T18:16:11.979215949Z,,,,host_log,25,35,,,,,,2,128,,technical_check,vplc_status_cycle_duration_not_validated_as_Tper,0.107,100,работает
RUN_20260509_VPLC_L2_MEDIUM_25_35_S01_R02,VPLC_L2_MEDIUM_25_35,SER_20260509_VPLC_L2_MEDIUM_25_35_S01,vPLC_container,VPLC_HOST,981,,,2026-05-09T18:16:13.031069385Z,,,,host_log,25,35,,,,,,2,128,,technical_check,vplc_status_cycle_duration_not_validated_as_Tper,0.085,100,работает
RUN_20260509_VPLC_L2_MEDIUM_25_35_S01_R02,VPLC_L2_MEDIUM_25_35,SER_20260509_VPLC_L2_MEDIUM_25_35_S01,vPLC_container,VPLC_HOST,982,,,2026-05-09T18:16:14.090731601Z,,,,host_log,25,35,,,,,,2,128,,technical_check,vplc_status_cycle_duration_not_validated_as_Tper,0.105,100,работает
RUN_20260509_VPLC_L2_MEDIUM_25_35_S01_R02,VPLC_L2_MEDIUM_25_35,SER_20260509_VPLC_L2_MEDIUM_25_35_S01,vPLC_container,VPLC_HOST,983,,,2026-05-09T18:16:15.141795441Z,,,,host_log,25,35,,,,,,2,128,,technical_check,vplc_status_cycle_duration_not_validated_as_Tper,0.086,100,работает
RUN_20260509_VPLC_L2_MEDIUM_25_35_S01_R02,VPLC_L2_MEDIUM_25_35,SER_20260509_VPLC_L2_MEDIUM_25_35_S01,vPLC_container,VPLC_HOST,984,,,2026-05-09T18:16:16.199101798Z,,,,host_log,25,35,,,,,,2,128,,technical_check,vplc_status_cycle_duration_not_validated_as_Tper,0.106,100,работает
RUN_20260509_VPLC_L2_MEDIUM_25_35_S01_R02,VPLC_L2_MEDIUM_25_35,SER_20260509_VPLC_L2_MEDIUM_25_35_S01,vPLC_container,VPLC_HOST,985,,,2026-05-09T18:16:17.256485032Z,,,,host_log,25,35,,,,,,2,128,,technical_check,vplc_status_cycle_duration_not_validated_as_Tper,0.073,100,работает
RUN_20260509_VPLC_L2_MEDIUM_25_35_S01_R02,VPLC_L2_MEDIUM_25_35,SER_20260509_VPLC_L2_MEDIUM_25_35_S01,vPLC_container,VPLC_HOST,986,,,2026-05-09T18:16:18.311518321Z,,,,host_log,25,35,,,,,,2,128,,technical_check,vplc_status_cycle_duration_not_validated_as_Tper,0.106,100,работает
RUN_20260509_VPLC_L2_MEDIUM_25_35_S01_R02,VPLC_L2_MEDIUM_25_35,SER_20260509_VPLC_L2_MEDIUM_25_35_S01,vPLC_container,VPLC_HOST,987,,,2026-05-09T18:16:19.363937200Z,,,,host_log,25,35,,,,,,2,128,,technical_check,vplc_status_cycle_duration_not_validated_as_Tper,4.451,100,работает
RUN_20260509_VPLC_L2_MEDIUM_25_35_S01_R02,VPLC_L2_MEDIUM_25_35,SER_20260509_VPLC_L2_MEDIUM_25_35_S01,vPLC_container,VPLC_HOST,988,,,2026-05-09T18:16:20.422132885Z,,,,host_log,25,35,,,,,,2,128,,technical_check,vplc_status_cycle_duration_not_validated_as_Tper,4.637,100,работает
RUN_20260509_VPLC_L2_MEDIUM_25_35_S01_R02,VPLC_L2_MEDIUM_25_35,SER_20260509_VPLC_L2_MEDIUM_25_35_S01,vPLC_container,VPLC_HOST,989,,,2026-05-09T18:16:21.477017387Z,,,,host_log,25,35,,,,,,2,128,,technical_check,vplc_status_cycle_duration_not_validated_as_Tper,0.105,100,работает
RUN_20260509_VPLC_L2_MEDIUM_25_35_S01_R02,VPLC_L2_MEDIUM_25_35,SER_20260509_VPLC_L2_MEDIUM_25_35_S01,vPLC_container,VPLC_HOST,990,,,2026-05-09T18:16:22.530169135Z,,,,host_log,25,35,,,,,,2,128,,technical_check,vplc_status_cycle_duration_not_validated_as_Tper,0.087,100,работает
RUN_20260509_VPLC_L2_MEDIUM_25_35_S01_R02,VPLC_L2_MEDIUM_25_35,SER_20260509_VPLC_L2_MEDIUM_25_35_S01,vPLC_container,VPLC_HOST,991,,,2026-05-09T18:16:23.586085517Z,,,,host_log,25,35,,,,,,2,128,,technical_check,vplc_status_cycle_duration_not_validated_as_Tper,0.106,100,работает
RUN_20260509_VPLC_L2_MEDIUM_25_35_S01_R02,VPLC_L2_MEDIUM_25_35,SER_20260509_VPLC_L2_MEDIUM_25_35_S01,vPLC_container,VPLC_HOST,992,,,2026-05-09T18:16:24.643545199Z,,,,host_log,25,35,,,,,,2,128,,technical_check,vplc_status_cycle_duration_not_validated_as_Tper,0.085,100,работает
RUN_20260509_VPLC_L2_MEDIUM_25_35_S01_R02,VPLC_L2_MEDIUM_25_35,SER_20260509_VPLC_L2_MEDIUM_25_35_S01,vPLC_container,VPLC_HOST,993,,,2026-05-09T18:16:25.698381136Z,,,,host_log,25,35,,,,,,2,128,,technical_check,vplc_status_cycle_duration_not_validated_as_Tper,0.107,100,работает
RUN_20260509_VPLC_L2_MEDIUM_25_35_S01_R02,VPLC_L2_MEDIUM_25_35,SER_20260509_VPLC_L2_MEDIUM_25_35_S01,vPLC_container,VPLC_HOST,994,,,2026-05-09T18:16:26.753816194Z,,,,host_log,25,35,,,,,,2,128,,technical_check,vplc_status_cycle_duration_not_validated_as_Tper,0.059,100,работает
RUN_20260509_VPLC_L2_MEDIUM_25_35_S01_R02,VPLC_L2_MEDIUM_25_35,SER_20260509_VPLC_L2_MEDIUM_25_35_S01,vPLC_container,VPLC_HOST,995,,,2026-05-09T18:16:27.808725610Z,,,,host_log,25,35,,,,,,2,128,,technical_check,vplc_status_cycle_duration_not_validated_as_Tper,0.107,100,работает
RUN_20260509_VPLC_L2_MEDIUM_25_35_S01_R02,VPLC_L2_MEDIUM_25_35,SER_20260509_VPLC_L2_MEDIUM_25_35_S01,vPLC_container,VPLC_HOST,996,,,2026-05-09T18:16:28.863318730Z,,,,host_log,25,35,,,,,,2,128,,technical_check,vplc_status_cycle_duration_not_validated_as_Tper,0.103,100,работает
RUN_20260509_VPLC_L2_MEDIUM_25_35_S01_R02,VPLC_L2_MEDIUM_25_35,SER_20260509_VPLC_L2_MEDIUM_25_35_S01,vPLC_container,VPLC_HOST,997,,,2026-05-09T18:16:29.918289297Z,,,,host_log,25,35,,,,,,2,128,,technical_check,vplc_status_cycle_duration_not_validated_as_Tper,0.106,100,работает
RUN_20260509_VPLC_L2_MEDIUM_25_35_S01_R02,VPLC_L2_MEDIUM_25_35,SER_20260509_VPLC_L2_MEDIUM_25_35_S01,vPLC_container,VPLC_HOST,998,,,2026-05-09T18:16:30.975123087Z,,,,host_log,25,35,,,,,,2,128,,technical_check,vplc_status_cycle_duration_not_validated_as_Tper,0.106,100,работает
RUN_20260509_VPLC_L2_MEDIUM_25_35_S01_R02,VPLC_L2_MEDIUM_25_35,SER_20260509_VPLC_L2_MEDIUM_25_35_S01,vPLC_container,VPLC_HOST,999,,,2026-05-09T18:16:32.029157223Z,,,,host_log,25,35,,,,,,2,128,,technical_check,vplc_status_cycle_duration_not_validated_as_Tper,0.085,100,работает
