run_id,mode_id,series_id,object,node_id,sample_index,cycle_index,cycle_counter,ts_observe,ts_start,ts_end,timestamp_tick_ns,timestamp_source,t0_ms,deadline_threshold_ms,Tper,Jper,deadline_miss,heartbeat,workload_accumulator,load_level,load_passes,error_flag,quality_flag,notes
RUN_20260510_VPLC_L1_LIGHT_10_20_S01_R02,VPLC_L1_LIGHT_10_20,SER_20260510_VPLC_L1_LIGHT_10_20_S01,vPLC_container,VPLC_HOST,68,68,69,,476368,,,vplc_internal,10,20,10,0,0,0,644858749,1,32,0,ok,
RUN_20260510_VPLC_L1_LIGHT_10_20_S01_R02,VPLC_L1_LIGHT_10_20,SER_20260510_VPLC_L1_LIGHT_10_20_S01,vPLC_container,VPLC_HOST,69,69,70,,476378,,,vplc_internal,10,20,10,0,0,0,1577375232,1,32,0,ok,
RUN_20260510_VPLC_L1_LIGHT_10_20_S01_R02,VPLC_L1_LIGHT_10_20,SER_20260510_VPLC_L1_LIGHT_10_20_S01,vPLC_container,VPLC_HOST,70,70,71,,476388,,,vplc_internal,10,20,10,0,0,0,363190533,1,32,0,ok,
RUN_20260510_VPLC_L1_LIGHT_10_20_S01_R02,VPLC_L1_LIGHT_10_20,SER_20260510_VPLC_L1_LIGHT_10_20_S01,vPLC_container,VPLC_HOST,71,71,72,,476398,,,vplc_internal,10,20,10,0,0,0,1297280394,1,32,0,ok,
RUN_20260510_VPLC_L1_LIGHT_10_20_S01_R02,VPLC_L1_LIGHT_10_20,SER_20260510_VPLC_L1_LIGHT_10_20_S01,vPLC_container,VPLC_HOST,72,72,73,,476408,,,vplc_internal,10,20,10,0,0,0,84685457,1,32,0,ok,
RUN_20260510_VPLC_L1_LIGHT_10_20_S01_R02,VPLC_L1_LIGHT_10_20,SER_20260510_VPLC_L1_LIGHT_10_20_S01,vPLC_container,VPLC_HOST,73,73,74,,476418,,,vplc_internal,10,20,10,0,0,0,1020381464,1,32,0,ok,
RUN_20260510_VPLC_L1_LIGHT_10_20_S01_R02,VPLC_L1_LIGHT_10_20,SER_20260510_VPLC_L1_LIGHT_10_20_S01,vPLC_container,VPLC_HOST,74,74,75,,476428,,,vplc_internal,10,20,10,0,0,0,1956892704,1,32,0,ok,
RUN_20260510_VPLC_L1_LIGHT_10_20_S01_R02,VPLC_L1_LIGHT_10_20,SER_20260510_VPLC_L1_LIGHT_10_20_S01,vPLC_container,VPLC_HOST,75,75,76,,476438,,,vplc_internal,10,20,10,0,0,0,746743978,1,32,0,ok,
RUN_20260510_VPLC_L1_LIGHT_10_20_S01_R02,VPLC_L1_LIGHT_10_20,SER_20260510_VPLC_L1_LIGHT_10_20_S01,vPLC_container,VPLC_HOST,76,76,77,,476448,,,vplc_internal,10,20,10,0,0,0,1684910516,1,32,0,ok,
RUN_20260510_VPLC_L1_LIGHT_10_20_S01_R02,VPLC_L1_LIGHT_10_20,SER_20260510_VPLC_L1_LIGHT_10_20_S01,vPLC_container,VPLC_HOST,77,77,78,,476458,,,vplc_internal,10,20,10,0,0,0,476433472,1,32,0,ok,
RUN_20260510_VPLC_L1_LIGHT_10_20_S01_R02,VPLC_L1_LIGHT_10_20,SER_20260510_VPLC_L1_LIGHT_10_20_S01,vPLC_container,VPLC_HOST,78,78,79,,476468,,,vplc_internal,10,20,10,0,0,0,1416288076,1,32,0,ok,
RUN_20260510_VPLC_L1_LIGHT_10_20_S01_R02,VPLC_L1_LIGHT_10_20,SER_20260510_VPLC_L1_LIGHT_10_20_S01,vPLC_container,VPLC_HOST,79,79,80,,476478,,,vplc_internal,10,20,10,0,0,0,209515482,1,32,0,ok,
RUN_20260510_VPLC_L1_LIGHT_10_20_S01_R02,VPLC_L1_LIGHT_10_20,SER_20260510_VPLC_L1_LIGHT_10_20_S01,vPLC_container,VPLC_HOST,80,80,81,,476488,,,vplc_internal,10,20,10,0,0,0,1151090920,1,32,0,ok,
RUN_20260510_VPLC_L1_LIGHT_10_20_S01_R02,VPLC_L1_LIGHT_10_20,SER_20260510_VPLC_L1_LIGHT_10_20_S01,vPLC_container,VPLC_HOST,81,81,82,,476498,,,vplc_internal,10,20,10,0,0,0,2093539191,1,32,0,ok,
RUN_20260510_VPLC_L1_LIGHT_10_20_S01_R02,VPLC_L1_LIGHT_10_20,SER_20260510_VPLC_L1_LIGHT_10_20_S01,vPLC_container,VPLC_HOST,82,82,83,,476508,,,vplc_internal,10,20,10,0,0,0,889384584,1,32,0,ok,
RUN_20260510_VPLC_L1_LIGHT_10_20_S01_R02,VPLC_L1_LIGHT_10_20,SER_20260510_VPLC_L1_LIGHT_10_20_S01,vPLC_container,VPLC_HOST,83,83,84,,476518,,,vplc_internal,10,20,10,0,0,0,1833602841,1,32,0,ok,
RUN_20260510_VPLC_L1_LIGHT_10_20_S01_R02,VPLC_L1_LIGHT_10_20,SER_20260510_VPLC_L1_LIGHT_10_20_S01,vPLC_container,VPLC_HOST,84,84,85,,476528,,,vplc_internal,10,20,10,0,0,0,631234604,1,32,0,ok,
RUN_20260510_VPLC_L1_LIGHT_10_20_S01_R02,VPLC_L1_LIGHT_10_20,SER_20260510_VPLC_L1_LIGHT_10_20_S01,vPLC_container,VPLC_HOST,85,85,86,,476538,,,vplc_internal,10,20,10,0,0,0,1577255615,1,32,0,ok,
RUN_20260510_VPLC_L1_LIGHT_10_20_S01_R02,VPLC_L1_LIGHT_10_20,SER_20260510_VPLC_L1_LIGHT_10_20_S01,vPLC_container,VPLC_HOST,86,86,87,,476548,,,vplc_internal,10,20,10,0,0,0,376706516,1,32,0,ok,
RUN_20260510_VPLC_L1_LIGHT_10_20_S01_R02,VPLC_L1_LIGHT_10_20,SER_20260510_VPLC_L1_LIGHT_10_20_S01,vPLC_container,VPLC_HOST,87,87,88,,476558,,,vplc_internal,10,20,10,0,0,0,1324563049,1,32,0,ok,
RUN_20260510_VPLC_L1_LIGHT_10_20_S01_R02,VPLC_L1_LIGHT_10_20,SER_20260510_VPLC_L1_LIGHT_10_20_S01,vPLC_container,VPLC_HOST,88,88,89,,476568,,,vplc_internal,10,20,10,0,0,0,125865856,1,32,0,ok,
RUN_20260510_VPLC_L1_LIGHT_10_20_S01_R02,VPLC_L1_LIGHT_10_20,SER_20260510_VPLC_L1_LIGHT_10_20_S01,vPLC_container,VPLC_HOST,89,89,90,,476578,,,vplc_internal,10,20,10,0,0,0,1075590679,1,32,0,ok,
RUN_20260510_VPLC_L1_LIGHT_10_20_S01_R02,VPLC_L1_LIGHT_10_20,SER_20260510_VPLC_L1_LIGHT_10_20_S01,vPLC_container,VPLC_HOST,90,90,91,,476588,,,vplc_internal,10,20,10,0,0,0,2026261807,1,32,0,ok,
RUN_20260510_VPLC_L1_LIGHT_10_20_S01_R02,VPLC_L1_LIGHT_10_20,SER_20260510_VPLC_L1_LIGHT_10_20_S01,vPLC_container,VPLC_HOST,91,91,92,,476598,,,vplc_internal,10,20,10,0,0,0,830404041,1,32,0,ok,
RUN_20260510_VPLC_L1_LIGHT_10_20_S01_R02,VPLC_L1_LIGHT_10_20,SER_20260510_VPLC_L1_LIGHT_10_20_S01,vPLC_container,VPLC_HOST,92,92,93,,476608,,,vplc_internal,10,20,10,0,0,0,1782992611,1,32,0,ok,
RUN_20260510_VPLC_L1_LIGHT_10_20_S01_R02,VPLC_L1_LIGHT_10_20,SER_20260510_VPLC_L1_LIGHT_10_20_S01,vPLC_container,VPLC_HOST,93,93,94,,476618,,,vplc_internal,10,20,10,0,0,0,589068671,1,32,0,ok,
RUN_20260510_VPLC_L1_LIGHT_10_20_S01_R02,VPLC_L1_LIGHT_10_20,SER_20260510_VPLC_L1_LIGHT_10_20_S01,vPLC_container,VPLC_HOST,94,94,95,,476628,,,vplc_internal,10,20,10,0,0,0,1543607451,1,32,0,ok,
RUN_20260510_VPLC_L1_LIGHT_10_20_S01_R02,VPLC_L1_LIGHT_10_20,SER_20260510_VPLC_L1_LIGHT_10_20_S01,vPLC_container,VPLC_HOST,95,95,96,,476638,,,vplc_internal,10,20,10,0,0,0,351650105,1,32,0,ok,
RUN_20260510_VPLC_L1_LIGHT_10_20_S01_R02,VPLC_L1_LIGHT_10_20,SER_20260510_VPLC_L1_LIGHT_10_20_S01,vPLC_container,VPLC_HOST,96,96,97,,476648,,,vplc_internal,10,20,10,0,0,0,1308171863,1,32,0,ok,
RUN_20260510_VPLC_L1_LIGHT_10_20_S01_R02,VPLC_L1_LIGHT_10_20,SER_20260510_VPLC_L1_LIGHT_10_20_S01,vPLC_container,VPLC_HOST,97,97,98,,476658,,,vplc_internal,10,20,10,0,0,0,118213879,1,32,0,ok,
RUN_20260510_VPLC_L1_LIGHT_10_20_S01_R02,VPLC_L1_LIGHT_10_20,SER_20260510_VPLC_L1_LIGHT_10_20_S01,vPLC_container,VPLC_HOST,98,98,99,,476668,,,vplc_internal,10,20,10,0,0,0,1076751383,1,32,0,ok,
RUN_20260510_VPLC_L1_LIGHT_10_20_S01_R02,VPLC_L1_LIGHT_10_20,SER_20260510_VPLC_L1_LIGHT_10_20_S01,vPLC_container,VPLC_HOST,99,99,100,,476678,,,vplc_internal,10,20,10,0,0,1,2036309176,1,32,0,ok,
RUN_20260510_VPLC_L1_LIGHT_10_20_S01_R02,VPLC_L1_LIGHT_10_20,SER_20260510_VPLC_L1_LIGHT_10_20_S01,vPLC_container,VPLC_HOST,100,100,101,,476688,,,vplc_internal,10,20,10,0,0,1,849411547,1,32,0,ok,
RUN_20260510_VPLC_L1_LIGHT_10_20_S01_R02,VPLC_L1_LIGHT_10_20,SER_20260510_VPLC_L1_LIGHT_10_20_S01,vPLC_container,VPLC_HOST,101,101,102,,476698,,,vplc_internal,10,20,10,0,0,1,1811034238,1,32,0,ok,
RUN_20260510_VPLC_L1_LIGHT_10_20_S01_R02,VPLC_L1_LIGHT_10_20,SER_20260510_VPLC_L1_LIGHT_10_20_S01,vPLC_container,VPLC_HOST,102,102,103,,476708,,,vplc_internal,10,20,10,0,0,1,626217891,1,32,0,ok,
RUN_20260510_VPLC_L1_LIGHT_10_20_S01_R02,VPLC_L1_LIGHT_10_20,SER_20260510_VPLC_L1_LIGHT_10_20_S01,vPLC_container,VPLC_HOST,103,103,104,,476718,,,vplc_internal,10,20,10,0,0,1,1589938248,1,32,0,ok,
RUN_20260510_VPLC_L1_LIGHT_10_20_S01_R02,VPLC_L1_LIGHT_10_20,SER_20260510_VPLC_L1_LIGHT_10_20_S01,vPLC_container,VPLC_HOST,104,104,105,,476728,,,vplc_internal,10,20,10,0,0,1,407235951,1,32,0,ok,
RUN_20260510_VPLC_L1_LIGHT_10_20_S01_R02,VPLC_L1_LIGHT_10_20,SER_20260510_VPLC_L1_LIGHT_10_20_S01,vPLC_container,VPLC_HOST,105,105,106,,476738,,,vplc_internal,10,20,10,0,0,1,1373086742,1,32,0,ok,
RUN_20260510_VPLC_L1_LIGHT_10_20_S01_R02,VPLC_L1_LIGHT_10_20,SER_20260510_VPLC_L1_LIGHT_10_20_S01,vPLC_container,VPLC_HOST,106,106,107,,476748,,,vplc_internal,10,20,10,0,0,1,192531263,1,32,0,ok,
RUN_20260510_VPLC_L1_LIGHT_10_20_S01_R02,VPLC_L1_LIGHT_10_20,SER_20260510_VPLC_L1_LIGHT_10_20_S01,vPLC_container,VPLC_HOST,107,107,108,,476758,,,vplc_internal,10,20,10,0,0,1,1160545256,1,32,0,ok,
RUN_20260510_VPLC_L1_LIGHT_10_20_S01_R02,VPLC_L1_LIGHT_10_20,SER_20260510_VPLC_L1_LIGHT_10_20_S01,vPLC_container,VPLC_HOST,108,108,109,,476768,,,vplc_internal,10,20,10,0,0,1,2129653010,1,32,0,ok,
RUN_20260510_VPLC_L1_LIGHT_10_20_S01_R02,VPLC_L1_LIGHT_10_20,SER_20260510_VPLC_L1_LIGHT_10_20_S01,vPLC_container,VPLC_HOST,109,109,110,,476778,,,vplc_internal,10,20,10,0,0,1,952379326,1,32,0,ok,
RUN_20260510_VPLC_L1_LIGHT_10_20_S01_R02,VPLC_L1_LIGHT_10_20,SER_20260510_VPLC_L1_LIGHT_10_20_S01,vPLC_container,VPLC_HOST,110,110,111,,476788,,,vplc_internal,10,20,10,0,0,1,1923699434,1,32,0,ok,
RUN_20260510_VPLC_L1_LIGHT_10_20_S01_R02,VPLC_L1_LIGHT_10_20,SER_20260510_VPLC_L1_LIGHT_10_20_S01,vPLC_container,VPLC_HOST,111,111,112,,476798,,,vplc_internal,10,20,10,0,0,1,748654488,1,32,0,ok,
RUN_20260510_VPLC_L1_LIGHT_10_20_S01_R02,VPLC_L1_LIGHT_10_20,SER_20260510_VPLC_L1_LIGHT_10_20_S01,vPLC_container,VPLC_HOST,112,112,113,,476808,,,vplc_internal,10,20,10,0,0,1,1722219718,1,32,0,ok,
RUN_20260510_VPLC_L1_LIGHT_10_20_S01_R02,VPLC_L1_LIGHT_10_20,SER_20260510_VPLC_L1_LIGHT_10_20_S01,vPLC_container,VPLC_HOST,113,113,114,,476831,,,vplc_internal,10,20,23,13,1,1,549436278,1,32,0,ok,
RUN_20260510_VPLC_L1_LIGHT_10_20_S01_R02,VPLC_L1_LIGHT_10_20,SER_20260510_VPLC_L1_LIGHT_10_20_S01,vPLC_container,VPLC_HOST,114,114,115,,476831,,,vplc_internal,10,20,,,,1,1525279398,1,32,0,invalid_row,timing_invalid
RUN_20260510_VPLC_L1_LIGHT_10_20_S01_R02,VPLC_L1_LIGHT_10_20,SER_20260510_VPLC_L1_LIGHT_10_20_S01,vPLC_container,VPLC_HOST,115,115,116,,476838,,,vplc_internal,10,20,7,-3,0,1,354790232,1,32,0,ok,
RUN_20260510_VPLC_L1_LIGHT_10_20_S01_R02,VPLC_L1_LIGHT_10_20,SER_20260510_VPLC_L1_LIGHT_10_20_S01,vPLC_container,VPLC_HOST,116,116,117,,476848,,,vplc_internal,10,20,10,0,0,1,1332944010,1,32,0,ok,
RUN_20260510_VPLC_L1_LIGHT_10_20_S01_R02,VPLC_L1_LIGHT_10_20,SER_20260510_VPLC_L1_LIGHT_10_20_S01,vPLC_container,VPLC_HOST,117,117,118,,476858,,,vplc_internal,10,20,10,0,0,1,164781886,1,32,0,ok,
RUN_20260510_VPLC_L1_LIGHT_10_20_S01_R02,VPLC_L1_LIGHT_10_20,SER_20260510_VPLC_L1_LIGHT_10_20_S01,vPLC_container,VPLC_HOST,118,118,119,,476868,,,vplc_internal,10,20,10,0,0,1,1145279090,1,32,0,ok,
RUN_20260510_VPLC_L1_LIGHT_10_20_S01_R02,VPLC_L1_LIGHT_10_20,SER_20260510_VPLC_L1_LIGHT_10_20_S01,vPLC_container,VPLC_HOST,119,119,120,,476878,,,vplc_internal,10,20,10,0,0,1,2126960423,1,32,0,ok,
RUN_20260510_VPLC_L1_LIGHT_10_20_S01_R02,VPLC_L1_LIGHT_10_20,SER_20260510_VPLC_L1_LIGHT_10_20_S01,vPLC_container,VPLC_HOST,120,120,121,,476888,,,vplc_internal,10,20,10,0,0,1,962350174,1,32,0,ok,
RUN_20260510_VPLC_L1_LIGHT_10_20_S01_R02,VPLC_L1_LIGHT_10_20,SER_20260510_VPLC_L1_LIGHT_10_20_S01,vPLC_container,VPLC_HOST,121,121,122,,476898,,,vplc_internal,10,20,10,0,0,1,1946424085,1,32,0,ok,
RUN_20260510_VPLC_L1_LIGHT_10_20_S01_R02,VPLC_L1_LIGHT_10_20,SER_20260510_VPLC_L1_LIGHT_10_20_S01,vPLC_container,VPLC_HOST,122,122,123,,476908,,,vplc_internal,10,20,10,0,0,1,784222798,1,32,0,ok,
RUN_20260510_VPLC_L1_LIGHT_10_20_S01_R02,VPLC_L1_LIGHT_10_20,SER_20260510_VPLC_L1_LIGHT_10_20_S01,vPLC_container,VPLC_HOST,123,123,124,,476918,,,vplc_internal,10,20,10,0,0,1,1770722055,1,32,0,ok,
RUN_20260510_VPLC_L1_LIGHT_10_20_S01_R02,VPLC_L1_LIGHT_10_20,SER_20260510_VPLC_L1_LIGHT_10_20_S01,vPLC_container,VPLC_HOST,124,124,125,,476928,,,vplc_internal,10,20,10,0,0,1,610962498,1,32,0,ok,
RUN_20260510_VPLC_L1_LIGHT_10_20_S01_R02,VPLC_L1_LIGHT_10_20,SER_20260510_VPLC_L1_LIGHT_10_20_S01,vPLC_container,VPLC_HOST,125,125,126,,476938,,,vplc_internal,10,20,10,0,0,1,1599919869,1,32,0,ok,
RUN_20260510_VPLC_L1_LIGHT_10_20_S01_R02,VPLC_L1_LIGHT_10_20,SER_20260510_VPLC_L1_LIGHT_10_20_S01,vPLC_container,VPLC_HOST,126,126,127,,476948,,,vplc_internal,10,20,10,0,0,1,442634810,1,32,0,ok,
RUN_20260510_VPLC_L1_LIGHT_10_20_S01_R02,VPLC_L1_LIGHT_10_20,SER_20260510_VPLC_L1_LIGHT_10_20_S01,vPLC_container,VPLC_HOST,127,127,128,,476958,,,vplc_internal,10,20,10,0,0,1,1434083063,1,32,0,ok,
RUN_20260510_VPLC_L1_LIGHT_10_20_S01_R02,VPLC_L1_LIGHT_10_20,SER_20260510_VPLC_L1_LIGHT_10_20_S01,vPLC_container,VPLC_HOST,128,128,129,,476968,,,vplc_internal,10,20,10,0,0,1,279305270,1,32,0,ok,
RUN_20260510_VPLC_L1_LIGHT_10_20_S01_R02,VPLC_L1_LIGHT_10_20,SER_20260510_VPLC_L1_LIGHT_10_20_S01,vPLC_container,VPLC_HOST,129,129,130,,476978,,,vplc_internal,10,20,10,0,0,1,1273277173,1,32,0,ok,
RUN_20260510_VPLC_L1_LIGHT_10_20_S01_R02,VPLC_L1_LIGHT_10_20,SER_20260510_VPLC_L1_LIGHT_10_20_S01,vPLC_container,VPLC_HOST,130,130,131,,476988,,,vplc_internal,10,20,10,0,0,1,121039414,1,32,0,ok,
RUN_20260510_VPLC_L1_LIGHT_10_20_S01_R02,VPLC_L1_LIGHT_10_20,SER_20260510_VPLC_L1_LIGHT_10_20_S01,vPLC_container,VPLC_HOST,131,131,132,,476998,,,vplc_internal,10,20,10,0,0,1,1117567735,1,32,0,ok,
RUN_20260510_VPLC_L1_LIGHT_10_20_S01_R02,VPLC_L1_LIGHT_10_20,SER_20260510_VPLC_L1_LIGHT_10_20_S01,vPLC_container,VPLC_HOST,132,132,133,,477008,,,vplc_internal,10,20,10,0,0,1,2115386425,1,32,0,ok,
RUN_20260510_VPLC_L1_LIGHT_10_20_S01_R02,VPLC_L1_LIGHT_10_20,SER_20260510_VPLC_L1_LIGHT_10_20_S01,vPLC_container,VPLC_HOST,133,133,134,,477018,,,vplc_internal,10,20,10,0,0,1,967020285,1,32,0,ok,
RUN_20260510_VPLC_L1_LIGHT_10_20_S01_R02,VPLC_L1_LIGHT_10_20,SER_20260510_VPLC_L1_LIGHT_10_20_S01,vPLC_container,VPLC_HOST,134,134,135,,477028,,,vplc_internal,10,20,10,0,0,1,1967444545,1,32,0,ok,
RUN_20260510_VPLC_L1_LIGHT_10_20_S01_R02,VPLC_L1_LIGHT_10_20,SER_20260510_VPLC_L1_LIGHT_10_20_S01,vPLC_container,VPLC_HOST,135,135,136,,477038,,,vplc_internal,10,20,10,0,0,1,821700359,1,32,0,ok,
RUN_20260510_VPLC_L1_LIGHT_10_20_S01_R02,VPLC_L1_LIGHT_10_20,SER_20260510_VPLC_L1_LIGHT_10_20_S01,vPLC_container,VPLC_HOST,136,136,137,,477048,,,vplc_internal,10,20,10,0,0,1,1824762957,1,32,0,ok,
RUN_20260510_VPLC_L1_LIGHT_10_20_S01_R02,VPLC_L1_LIGHT_10_20,SER_20260510_VPLC_L1_LIGHT_10_20_S01,vPLC_container,VPLC_HOST,137,137,138,,477058,,,vplc_internal,10,20,10,0,0,1,681673493,1,32,0,ok,
RUN_20260510_VPLC_L1_LIGHT_10_20_S01_R02,VPLC_L1_LIGHT_10_20,SER_20260510_VPLC_L1_LIGHT_10_20_S01,vPLC_container,VPLC_HOST,138,138,139,,477068,,,vplc_internal,10,20,10,0,0,1,1687407197,1,32,0,ok,
RUN_20260510_VPLC_L1_LIGHT_10_20_S01_R02,VPLC_L1_LIGHT_10_20,SER_20260510_VPLC_L1_LIGHT_10_20_S01,vPLC_container,VPLC_HOST,139,139,140,,477078,,,vplc_internal,10,20,10,0,0,1,547005223,1,32,0,ok,
RUN_20260510_VPLC_L1_LIGHT_10_20_S01_R02,VPLC_L1_LIGHT_10_20,SER_20260510_VPLC_L1_LIGHT_10_20_S01,vPLC_container,VPLC_HOST,140,140,141,,477088,,,vplc_internal,10,20,10,0,0,1,1555442801,1,32,0,ok,
RUN_20260510_VPLC_L1_LIGHT_10_20_S01_R02,VPLC_L1_LIGHT_10_20,SER_20260510_VPLC_L1_LIGHT_10_20_S01,vPLC_container,VPLC_HOST,141,141,142,,477098,,,vplc_internal,10,20,10,0,0,1,417761085,1,32,0,ok,
RUN_20260510_VPLC_L1_LIGHT_10_20_S01_R02,VPLC_L1_LIGHT_10_20,SER_20260510_VPLC_L1_LIGHT_10_20_S01,vPLC_container,VPLC_HOST,142,142,143,,477108,,,vplc_internal,10,20,10,0,0,1,1428935305,1,32,0,ok,
RUN_20260510_VPLC_L1_LIGHT_10_20_S01_R02,VPLC_L1_LIGHT_10_20,SER_20260510_VPLC_L1_LIGHT_10_20_S01,vPLC_container,VPLC_HOST,143,143,144,,477118,,,vplc_internal,10,20,10,0,0,1,294006615,1,32,0,ok,
RUN_20260510_VPLC_L1_LIGHT_10_20_S01_R02,VPLC_L1_LIGHT_10_20,SER_20260510_VPLC_L1_LIGHT_10_20_S01,vPLC_container,VPLC_HOST,144,144,145,,477128,,,vplc_internal,10,20,10,0,0,1,1307950245,1,32,0,ok,
RUN_20260510_VPLC_L1_LIGHT_10_20_S01_R02,VPLC_L1_LIGHT_10_20,SER_20260510_VPLC_L1_LIGHT_10_20_S01,vPLC_container,VPLC_HOST,145,145,146,,477138,,,vplc_internal,10,20,10,0,0,1,175807349,1,32,0,ok,
RUN_20260510_VPLC_L1_LIGHT_10_20_S01_R02,VPLC_L1_LIGHT_10_20,SER_20260510_VPLC_L1_LIGHT_10_20_S01,vPLC_container,VPLC_HOST,146,146,147,,477148,,,vplc_internal,10,20,10,0,0,1,1192553157,1,32,0,ok,
RUN_20260510_VPLC_L1_LIGHT_10_20_S01_R02,VPLC_L1_LIGHT_10_20,SER_20260510_VPLC_L1_LIGHT_10_20_S01,vPLC_container,VPLC_HOST,147,147,148,,477158,,,vplc_internal,10,20,10,0,0,1,63228823,1,32,0,ok,
RUN_20260510_VPLC_L1_LIGHT_10_20_S01_R02,VPLC_L1_LIGHT_10_20,SER_20260510_VPLC_L1_LIGHT_10_20_S01,vPLC_container,VPLC_HOST,148,148,149,,477168,,,vplc_internal,10,20,10,0,0,1,1082809577,1,32,0,ok,
RUN_20260510_VPLC_L1_LIGHT_10_20_S01_R02,VPLC_L1_LIGHT_10_20,SER_20260510_VPLC_L1_LIGHT_10_20_S01,vPLC_container,VPLC_HOST,149,149,150,,477178,,,vplc_internal,10,20,10,0,0,1,2103820220,1,32,0,ok,
RUN_20260510_VPLC_L1_LIGHT_10_20_S01_R02,VPLC_L1_LIGHT_10_20,SER_20260510_VPLC_L1_LIGHT_10_20_S01,vPLC_container,VPLC_HOST,150,150,151,,477188,,,vplc_internal,10,20,10,0,0,1,978785041,1,32,0,ok,
RUN_20260510_VPLC_L1_LIGHT_10_20_S01_R02,VPLC_L1_LIGHT_10_20,SER_20260510_VPLC_L1_LIGHT_10_20_S01,vPLC_container,VPLC_HOST,151,151,152,,477198,,,vplc_internal,10,20,10,0,0,1,2002679782,1,32,0,ok,
RUN_20260510_VPLC_L1_LIGHT_10_20_S01_R02,VPLC_L1_LIGHT_10_20,SER_20260510_VPLC_L1_LIGHT_10_20_S01,vPLC_container,VPLC_HOST,152,152,153,,477208,,,vplc_internal,10,20,10,0,0,1,880545085,1,32,0,ok,
RUN_20260510_VPLC_L1_LIGHT_10_20_S01_R02,VPLC_L1_LIGHT_10_20,SER_20260510_VPLC_L1_LIGHT_10_20_S01,vPLC_container,VPLC_HOST,153,153,154,,477218,,,vplc_internal,10,20,10,0,0,1,1907356692,1,32,0,ok,
RUN_20260510_VPLC_L1_LIGHT_10_20_S01_R02,VPLC_L1_LIGHT_10_20,SER_20260510_VPLC_L1_LIGHT_10_20_S01,vPLC_container,VPLC_HOST,154,154,155,,477228,,,vplc_internal,10,20,10,0,0,1,788155245,1,32,0,ok,
RUN_20260510_VPLC_L1_LIGHT_10_20_S01_R02,VPLC_L1_LIGHT_10_20,SER_20260510_VPLC_L1_LIGHT_10_20_S01,vPLC_container,VPLC_HOST,155,155,156,,477238,,,vplc_internal,10,20,10,0,0,1,1817916486,1,32,0,ok,
RUN_20260510_VPLC_L1_LIGHT_10_20_S01_R02,VPLC_L1_LIGHT_10_20,SER_20260510_VPLC_L1_LIGHT_10_20_S01,vPLC_container,VPLC_HOST,156,156,157,,477248,,,vplc_internal,10,20,10,0,0,1,701681057,1,32,0,ok,
RUN_20260510_VPLC_L1_LIGHT_10_20_S01_R02,VPLC_L1_LIGHT_10_20,SER_20260510_VPLC_L1_LIGHT_10_20_S01,vPLC_container,VPLC_HOST,157,157,158,,477258,,,vplc_internal,10,20,10,0,0,1,1734424700,1,32,0,ok,
RUN_20260510_VPLC_L1_LIGHT_10_20_S01_R02,VPLC_L1_LIGHT_10_20,SER_20260510_VPLC_L1_LIGHT_10_20_S01,vPLC_container,VPLC_HOST,158,158,159,,477268,,,vplc_internal,10,20,10,0,0,1,621188057,1,32,0,ok,
RUN_20260510_VPLC_L1_LIGHT_10_20_S01_R02,VPLC_L1_LIGHT_10_20,SER_20260510_VPLC_L1_LIGHT_10_20_S01,vPLC_container,VPLC_HOST,159,159,160,,477278,,,vplc_internal,10,20,10,0,0,1,1656946870,1,32,0,ok,
RUN_20260510_VPLC_L1_LIGHT_10_20_S01_R02,VPLC_L1_LIGHT_10_20,SER_20260510_VPLC_L1_LIGHT_10_20_S01,vPLC_container,VPLC_HOST,160,160,161,,477288,,,vplc_internal,10,20,10,0,0,1,546741781,1,32,0,ok,
RUN_20260510_VPLC_L1_LIGHT_10_20_S01_R02,VPLC_L1_LIGHT_10_20,SER_20260510_VPLC_L1_LIGHT_10_20_S01,vPLC_container,VPLC_HOST,161,161,162,,477298,,,vplc_internal,10,20,10,0,0,1,1585548532,1,32,0,ok,
RUN_20260510_VPLC_L1_LIGHT_10_20_S01_R02,VPLC_L1_LIGHT_10_20,SER_20260510_VPLC_L1_LIGHT_10_20_S01,vPLC_container,VPLC_HOST,162,162,163,,477308,,,vplc_internal,10,20,10,0,0,1,478407765,1,32,0,ok,
RUN_20260510_VPLC_L1_LIGHT_10_20_S01_R02,VPLC_L1_LIGHT_10_20,SER_20260510_VPLC_L1_LIGHT_10_20_S01,vPLC_container,VPLC_HOST,163,163,164,,477318,,,vplc_internal,10,20,10,0,0,1,1520295222,1,32,0,ok,
RUN_20260510_VPLC_L1_LIGHT_10_20_S01_R02,VPLC_L1_LIGHT_10_20,SER_20260510_VPLC_L1_LIGHT_10_20_S01,vPLC_container,VPLC_HOST,164,164,165,,477328,,,vplc_internal,10,20,10,0,0,1,416251545,1,32,0,ok,
RUN_20260510_VPLC_L1_LIGHT_10_20_S01_R02,VPLC_L1_LIGHT_10_20,SER_20260510_VPLC_L1_LIGHT_10_20_S01,vPLC_container,VPLC_HOST,165,165,166,,477338,,,vplc_internal,10,20,10,0,0,1,1461252476,1,32,0,ok,
RUN_20260510_VPLC_L1_LIGHT_10_20_S01_R02,VPLC_L1_LIGHT_10_20,SER_20260510_VPLC_L1_LIGHT_10_20_S01,vPLC_container,VPLC_HOST,166,166,167,,477348,,,vplc_internal,10,20,10,0,0,1,360338657,1,32,0,ok,
RUN_20260510_VPLC_L1_LIGHT_10_20_S01_R02,VPLC_L1_LIGHT_10_20,SER_20260510_VPLC_L1_LIGHT_10_20_S01,vPLC_container,VPLC_HOST,167,167,168,,477358,,,vplc_internal,10,20,10,0,0,1,1408485830,1,32,0,ok,
RUN_20260510_VPLC_L1_LIGHT_10_20_S01_R02,VPLC_L1_LIGHT_10_20,SER_20260510_VPLC_L1_LIGHT_10_20_S01,vPLC_container,VPLC_HOST,168,168,169,,477368,,,vplc_internal,10,20,10,0,0,1,310734637,1,32,0,ok,
RUN_20260510_VPLC_L1_LIGHT_10_20_S01_R02,VPLC_L1_LIGHT_10_20,SER_20260510_VPLC_L1_LIGHT_10_20_S01,vPLC_container,VPLC_HOST,169,169,170,,477378,,,vplc_internal,10,20,10,0,0,1,1362060820,1,32,0,ok,
RUN_20260510_VPLC_L1_LIGHT_10_20_S01_R02,VPLC_L1_LIGHT_10_20,SER_20260510_VPLC_L1_LIGHT_10_20_S01,vPLC_container,VPLC_HOST,170,170,171,,477388,,,vplc_internal,10,20,10,0,0,1,267505021,1,32,0,ok,
RUN_20260510_VPLC_L1_LIGHT_10_20_S01_R02,VPLC_L1_LIGHT_10_20,SER_20260510_VPLC_L1_LIGHT_10_20_S01,vPLC_container,VPLC_HOST,171,171,172,,477398,,,vplc_internal,10,20,10,0,0,1,1322042982,1,32,0,ok,
RUN_20260510_VPLC_L1_LIGHT_10_20_S01_R02,VPLC_L1_LIGHT_10_20,SER_20260510_VPLC_L1_LIGHT_10_20_S01,vPLC_container,VPLC_HOST,172,172,173,,477408,,,vplc_internal,10,20,10,0,0,1,230715345,1,32,0,ok,
RUN_20260510_VPLC_L1_LIGHT_10_20_S01_R02,VPLC_L1_LIGHT_10_20,SER_20260510_VPLC_L1_LIGHT_10_20_S01,vPLC_container,VPLC_HOST,173,173,174,,477418,,,vplc_internal,10,20,10,0,0,1,1288497852,1,32,0,ok,
RUN_20260510_VPLC_L1_LIGHT_10_20_S01_R02,VPLC_L1_LIGHT_10_20,SER_20260510_VPLC_L1_LIGHT_10_20_S01,vPLC_container,VPLC_HOST,174,174,175,,477428,,,vplc_internal,10,20,10,0,0,1,200431145,1,32,0,ok,
RUN_20260510_VPLC_L1_LIGHT_10_20_S01_R02,VPLC_L1_LIGHT_10_20,SER_20260510_VPLC_L1_LIGHT_10_20_S01,vPLC_container,VPLC_HOST,175,175,176,,477438,,,vplc_internal,10,20,10,0,0,1,1261490966,1,32,0,ok,
RUN_20260510_VPLC_L1_LIGHT_10_20_S01_R02,VPLC_L1_LIGHT_10_20,SER_20260510_VPLC_L1_LIGHT_10_20_S01,vPLC_container,VPLC_HOST,176,176,177,,477448,,,vplc_internal,10,20,10,0,0,1,176717957,1,32,0,ok,
RUN_20260510_VPLC_L1_LIGHT_10_20_S01_R02,VPLC_L1_LIGHT_10_20,SER_20260510_VPLC_L1_LIGHT_10_20_S01,vPLC_container,VPLC_HOST,177,177,178,,477458,,,vplc_internal,10,20,10,0,0,1,1241087860,1,32,0,ok,
RUN_20260510_VPLC_L1_LIGHT_10_20_S01_R02,VPLC_L1_LIGHT_10_20,SER_20260510_VPLC_L1_LIGHT_10_20_S01,vPLC_container,VPLC_HOST,178,178,179,,477469,,,vplc_internal,10,20,11,1,0,1,159641317,1,32,0,ok,
RUN_20260510_VPLC_L1_LIGHT_10_20_S01_R02,VPLC_L1_LIGHT_10_20,SER_20260510_VPLC_L1_LIGHT_10_20_S01,vPLC_container,VPLC_HOST,179,179,180,,477478,,,vplc_internal,10,20,9,-1,0,1,1227354070,1,32,0,ok,
RUN_20260510_VPLC_L1_LIGHT_10_20_S01_R02,VPLC_L1_LIGHT_10_20,SER_20260510_VPLC_L1_LIGHT_10_20_S01,vPLC_container,VPLC_HOST,180,180,181,,477488,,,vplc_internal,10,20,10,0,0,1,149266761,1,32,0,ok,
RUN_20260510_VPLC_L1_LIGHT_10_20_S01_R02,VPLC_L1_LIGHT_10_20,SER_20260510_VPLC_L1_LIGHT_10_20_S01,vPLC_container,VPLC_HOST,181,181,182,,477498,,,vplc_internal,10,20,10,0,0,1,1220355132,1,32,0,ok,
RUN_20260510_VPLC_L1_LIGHT_10_20_S01_R02,VPLC_L1_LIGHT_10_20,SER_20260510_VPLC_L1_LIGHT_10_20_S01,vPLC_container,VPLC_HOST,182,182,183,,477508,,,vplc_internal,10,20,10,0,0,1,145659825,1,32,0,ok,
RUN_20260510_VPLC_L1_LIGHT_10_20_S01_R02,VPLC_L1_LIGHT_10_20,SER_20260510_VPLC_L1_LIGHT_10_20_S01,vPLC_container,VPLC_HOST,183,183,184,,477518,,,vplc_internal,10,20,10,0,0,1,1220156582,1,32,0,ok,
RUN_20260510_VPLC_L1_LIGHT_10_20_S01_R02,VPLC_L1_LIGHT_10_20,SER_20260510_VPLC_L1_LIGHT_10_20_S01,vPLC_container,VPLC_HOST,184,184,185,,477528,,,vplc_internal,10,20,10,0,0,1,148886045,1,32,0,ok,
RUN_20260510_VPLC_L1_LIGHT_10_20_S01_R02,VPLC_L1_LIGHT_10_20,SER_20260510_VPLC_L1_LIGHT_10_20_S01,vPLC_container,VPLC_HOST,185,185,186,,477538,,,vplc_internal,10,20,10,0,0,1,1226823956,1,32,0,ok,
RUN_20260510_VPLC_L1_LIGHT_10_20_S01_R02,VPLC_L1_LIGHT_10_20,SER_20260510_VPLC_L1_LIGHT_10_20_S01,vPLC_container,VPLC_HOST,186,186,187,,477548,,,vplc_internal,10,20,10,0,0,1,159010957,1,32,0,ok,
RUN_20260510_VPLC_L1_LIGHT_10_20_S01_R02,VPLC_L1_LIGHT_10_20,SER_20260510_VPLC_L1_LIGHT_10_20_S01,vPLC_container,VPLC_HOST,187,187,188,,477558,,,vplc_internal,10,20,10,0,0,1,1240422790,1,32,0,ok,
RUN_20260510_VPLC_L1_LIGHT_10_20_S01_R02,VPLC_L1_LIGHT_10_20,SER_20260510_VPLC_L1_LIGHT_10_20_S01,vPLC_container,VPLC_HOST,188,188,189,,477569,,,vplc_internal,10,20,11,1,0,1,176100097,1,32,0,ok,
RUN_20260510_VPLC_L1_LIGHT_10_20_S01_R02,VPLC_L1_LIGHT_10_20,SER_20260510_VPLC_L1_LIGHT_10_20_S01,vPLC_container,VPLC_HOST,189,189,190,,477578,,,vplc_internal,10,20,9,-1,0,1,1261018620,1,32,0,ok,
RUN_20260510_VPLC_L1_LIGHT_10_20_S01_R02,VPLC_L1_LIGHT_10_20,SER_20260510_VPLC_L1_LIGHT_10_20_S01,vPLC_container,VPLC_HOST,190,190,191,,477588,,,vplc_internal,10,20,10,0,0,1,200219001,1,32,0,ok,
RUN_20260510_VPLC_L1_LIGHT_10_20_S01_R02,VPLC_L1_LIGHT_10_20,SER_20260510_VPLC_L1_LIGHT_10_20_S01,vPLC_container,VPLC_HOST,191,191,192,,477598,,,vplc_internal,10,20,10,0,0,1,1288676982,1,32,0,ok,
RUN_20260510_VPLC_L1_LIGHT_10_20_S01_R02,VPLC_L1_LIGHT_10_20,SER_20260510_VPLC_L1_LIGHT_10_20_S01,vPLC_container,VPLC_HOST,192,192,193,,477608,,,vplc_internal,10,20,10,0,0,1,231433205,1,32,0,ok,
RUN_20260510_VPLC_L1_LIGHT_10_20_S01_R02,VPLC_L1_LIGHT_10_20,SER_20260510_VPLC_L1_LIGHT_10_20_S01,vPLC_container,VPLC_HOST,193,193,194,,477618,,,vplc_internal,10,20,10,0,0,1,1323463412,1,32,0,ok,
RUN_20260510_VPLC_L1_LIGHT_10_20_S01_R02,VPLC_L1_LIGHT_10_20,SER_20260510_VPLC_L1_LIGHT_10_20_S01,vPLC_container,VPLC_HOST,194,194,195,,477628,,,vplc_internal,10,20,10,0,0,1,269808245,1,32,0,ok,
RUN_20260510_VPLC_L1_LIGHT_10_20_S01_R02,VPLC_L1_LIGHT_10_20,SER_20260510_VPLC_L1_LIGHT_10_20_S01,vPLC_container,VPLC_HOST,195,195,196,,477638,,,vplc_internal,10,20,10,0,0,1,1365443446,1,32,0,ok,
RUN_20260510_VPLC_L1_LIGHT_10_20_S01_R02,VPLC_L1_LIGHT_10_20,SER_20260510_VPLC_L1_LIGHT_10_20_S01,vPLC_container,VPLC_HOST,196,196,197,,477648,,,vplc_internal,10,20,10,0,0,1,315409657,1,32,0,ok,
RUN_20260510_VPLC_L1_LIGHT_10_20_S01_R02,VPLC_L1_LIGHT_10_20,SER_20260510_VPLC_L1_LIGHT_10_20_S01,vPLC_container,VPLC_HOST,197,197,198,,477658,,,vplc_internal,10,20,10,0,0,1,1414682620,1,32,0,ok,
RUN_20260510_VPLC_L1_LIGHT_10_20_S01_R02,VPLC_L1_LIGHT_10_20,SER_20260510_VPLC_L1_LIGHT_10_20_S01,vPLC_container,VPLC_HOST,198,198,199,,477668,,,vplc_internal,10,20,10,0,0,1,368302977,1,32,0,ok,
RUN_20260510_VPLC_L1_LIGHT_10_20_S01_R02,VPLC_L1_LIGHT_10_20,SER_20260510_VPLC_L1_LIGHT_10_20_S01,vPLC_container,VPLC_HOST,199,199,200,,477678,,,vplc_internal,10,20,10,0,0,0,1471246470,1,32,0,ok,
RUN_20260510_VPLC_L1_LIGHT_10_20_S01_R02,VPLC_L1_LIGHT_10_20,SER_20260510_VPLC_L1_LIGHT_10_20_S01,vPLC_container,VPLC_HOST,200,200,201,,477688,,,vplc_internal,10,20,10,0,0,0,428553741,1,32,0,ok,
RUN_20260510_VPLC_L1_LIGHT_10_20_S01_R02,VPLC_L1_LIGHT_10_20,SER_20260510_VPLC_L1_LIGHT_10_20_S01,vPLC_container,VPLC_HOST,201,201,202,,477698,,,vplc_internal,10,20,10,0,0,0,1535200532,1,32,0,ok,
RUN_20260510_VPLC_L1_LIGHT_10_20_S01_R02,VPLC_L1_LIGHT_10_20,SER_20260510_VPLC_L1_LIGHT_10_20_S01,vPLC_container,VPLC_HOST,202,202,203,,477708,,,vplc_internal,10,20,10,0,0,0,496227485,1,32,0,ok,
RUN_20260510_VPLC_L1_LIGHT_10_20_S01_R02,VPLC_L1_LIGHT_10_20,SER_20260510_VPLC_L1_LIGHT_10_20_S01,vPLC_container,VPLC_HOST,203,203,204,,477718,,,vplc_internal,10,20,10,0,0,0,1606610342,1,32,0,ok,
RUN_20260510_VPLC_L1_LIGHT_10_20_S01_R02,VPLC_L1_LIGHT_10_20,SER_20260510_VPLC_L1_LIGHT_10_20_S01,vPLC_container,VPLC_HOST,204,204,205,,477728,,,vplc_internal,10,20,10,0,0,0,571389745,1,32,0,ok,
RUN_20260510_VPLC_L1_LIGHT_10_20_S01_R02,VPLC_L1_LIGHT_10_20,SER_20260510_VPLC_L1_LIGHT_10_20_S01,vPLC_container,VPLC_HOST,205,205,206,,477738,,,vplc_internal,10,20,10,0,0,0,1685541436,1,32,0,ok,
RUN_20260510_VPLC_L1_LIGHT_10_20_S01_R02,VPLC_L1_LIGHT_10_20,SER_20260510_VPLC_L1_LIGHT_10_20_S01,vPLC_container,VPLC_HOST,206,206,207,,477748,,,vplc_internal,10,20,10,0,0,0,654106057,1,32,0,ok,
RUN_20260510_VPLC_L1_LIGHT_10_20_S01_R02,VPLC_L1_LIGHT_10_20,SER_20260510_VPLC_L1_LIGHT_10_20_S01,vPLC_container,VPLC_HOST,207,207,208,,477758,,,vplc_internal,10,20,10,0,0,0,1772059350,1,32,0,ok,
RUN_20260510_VPLC_L1_LIGHT_10_20_S01_R02,VPLC_L1_LIGHT_10_20,SER_20260510_VPLC_L1_LIGHT_10_20_S01,vPLC_container,VPLC_HOST,208,208,209,,477771,,,vplc_internal,10,20,13,3,0,0,744441957,1,32,0,ok,
RUN_20260510_VPLC_L1_LIGHT_10_20_S01_R02,VPLC_L1_LIGHT_10_20,SER_20260510_VPLC_L1_LIGHT_10_20_S01,vPLC_container,VPLC_HOST,209,209,210,,477778,,,vplc_internal,10,20,7,-3,0,0,1866229620,1,32,0,ok,
RUN_20260510_VPLC_L1_LIGHT_10_20_S01_R02,VPLC_L1_LIGHT_10_20,SER_20260510_VPLC_L1_LIGHT_10_20_S01,vPLC_container,VPLC_HOST,210,210,211,,477788,,,vplc_internal,10,20,10,0,0,0,842462981,1,32,0,ok,
RUN_20260510_VPLC_L1_LIGHT_10_20_S01_R02,VPLC_L1_LIGHT_10_20,SER_20260510_VPLC_L1_LIGHT_10_20_S01,vPLC_container,VPLC_HOST,211,211,212,,477798,,,vplc_internal,10,20,10,0,0,0,1968117782,1,32,0,ok,
RUN_20260510_VPLC_L1_LIGHT_10_20_S01_R02,VPLC_L1_LIGHT_10_20,SER_20260510_VPLC_L1_LIGHT_10_20_S01,vPLC_container,VPLC_HOST,212,212,213,,477808,,,vplc_internal,10,20,10,0,0,0,948234665,1,32,0,ok,
RUN_20260510_VPLC_L1_LIGHT_10_20_S01_R02,VPLC_L1_LIGHT_10_20,SER_20260510_VPLC_L1_LIGHT_10_20_S01,vPLC_container,VPLC_HOST,213,213,214,,477818,,,vplc_internal,10,20,10,0,0,0,2077789372,1,32,0,ok,
RUN_20260510_VPLC_L1_LIGHT_10_20_S01_R02,VPLC_L1_LIGHT_10_20,SER_20260510_VPLC_L1_LIGHT_10_20_S01,vPLC_container,VPLC_HOST,214,214,215,,477842,,,vplc_internal,10,20,24,14,1,0,1061822545,1,32,0,ok,
RUN_20260510_VPLC_L1_LIGHT_10_20_S01_R02,VPLC_L1_LIGHT_10_20,SER_20260510_VPLC_L1_LIGHT_10_20_S01,vPLC_container,VPLC_HOST,215,215,216,,477842,,,vplc_internal,10,20,,,,0,47826279,1,32,0,invalid_row,timing_invalid
RUN_20260510_VPLC_L1_LIGHT_10_20_S01_R02,VPLC_L1_LIGHT_10_20,SER_20260510_VPLC_L1_LIGHT_10_20_S01,vPLC_container,VPLC_HOST,216,216,217,,477848,,,vplc_internal,10,20,6,-4,0,0,1183292157,1,32,0,ok,
RUN_20260510_VPLC_L1_LIGHT_10_20_S01_R02,VPLC_L1_LIGHT_10_20,SER_20260510_VPLC_L1_LIGHT_10_20_S01,vPLC_container,VPLC_HOST,217,217,218,,477858,,,vplc_internal,10,20,10,0,0,0,173261333,1,32,0,ok,
RUN_20260510_VPLC_L1_LIGHT_10_20_S01_R02,VPLC_L1_LIGHT_10_20,SER_20260510_VPLC_L1_LIGHT_10_20_S01,vPLC_container,VPLC_HOST,218,218,219,,477868,,,vplc_internal,10,20,10,0,0,0,1312709037,1,32,0,ok,
RUN_20260510_VPLC_L1_LIGHT_10_20_S01_R02,VPLC_L1_LIGHT_10_20,SER_20260510_VPLC_L1_LIGHT_10_20_S01,vPLC_container,VPLC_HOST,219,219,220,,477878,,,vplc_internal,10,20,10,0,0,0,306676423,1,32,0,ok,
RUN_20260510_VPLC_L1_LIGHT_10_20_S01_R02,VPLC_L1_LIGHT_10_20,SER_20260510_VPLC_L1_LIGHT_10_20_S01,vPLC_container,VPLC_HOST,220,220,221,,477888,,,vplc_internal,10,20,10,0,0,0,1450138721,1,32,0,ok,
RUN_20260510_VPLC_L1_LIGHT_10_20_S01_R02,VPLC_L1_LIGHT_10_20,SER_20260510_VPLC_L1_LIGHT_10_20_S01,vPLC_container,VPLC_HOST,221,221,222,,477898,,,vplc_internal,10,20,10,0,0,0,448137085,1,32,0,ok,
RUN_20260510_VPLC_L1_LIGHT_10_20_S01_R02,VPLC_L1_LIGHT_10_20,SER_20260510_VPLC_L1_LIGHT_10_20_S01,vPLC_container,VPLC_HOST,222,222,223,,477908,,,vplc_internal,10,20,10,0,0,0,1595646745,1,32,0,ok,
RUN_20260510_VPLC_L1_LIGHT_10_20_S01_R02,VPLC_L1_LIGHT_10_20,SER_20260510_VPLC_L1_LIGHT_10_20_S01,vPLC_container,VPLC_HOST,223,223,224,,477918,,,vplc_internal,10,20,10,0,0,0,597708855,1,32,0,ok,
RUN_20260510_VPLC_L1_LIGHT_10_20_S01_R02,VPLC_L1_LIGHT_10_20,SER_20260510_VPLC_L1_LIGHT_10_20_S01,vPLC_container,VPLC_HOST,224,224,225,,477928,,,vplc_internal,10,20,10,0,0,0,1749298645,1,32,0,ok,
RUN_20260510_VPLC_L1_LIGHT_10_20_S01_R02,VPLC_L1_LIGHT_10_20,SER_20260510_VPLC_L1_LIGHT_10_20_S01,vPLC_container,VPLC_HOST,225,225,226,,477938,,,vplc_internal,10,20,10,0,0,0,755457269,1,32,0,ok,
RUN_20260510_VPLC_L1_LIGHT_10_20_S01_R02,VPLC_L1_LIGHT_10_20,SER_20260510_VPLC_L1_LIGHT_10_20_S01,vPLC_container,VPLC_HOST,226,226,227,,477948,,,vplc_internal,10,20,10,0,0,0,1911159957,1,32,0,ok,
RUN_20260510_VPLC_L1_LIGHT_10_20_S01_R02,VPLC_L1_LIGHT_10_20,SER_20260510_VPLC_L1_LIGHT_10_20_S01,vPLC_container,VPLC_HOST,227,227,228,,477958,,,vplc_internal,10,20,10,0,0,0,921447863,1,32,0,ok,
RUN_20260510_VPLC_L1_LIGHT_10_20_S01_R02,VPLC_L1_LIGHT_10_20,SER_20260510_VPLC_L1_LIGHT_10_20_S01,vPLC_container,VPLC_HOST,228,228,229,,477968,,,vplc_internal,10,20,10,0,0,0,2081296217,1,32,0,ok,
RUN_20260510_VPLC_L1_LIGHT_10_20_S01_R02,VPLC_L1_LIGHT_10_20,SER_20260510_VPLC_L1_LIGHT_10_20_S01,vPLC_container,VPLC_HOST,229,229,230,,477978,,,vplc_internal,10,20,10,0,0,0,1095746173,1,32,0,ok,
RUN_20260510_VPLC_L1_LIGHT_10_20_S01_R02,VPLC_L1_LIGHT_10_20,SER_20260510_VPLC_L1_LIGHT_10_20_S01,vPLC_container,VPLC_HOST,230,230,231,,477988,,,vplc_internal,10,20,10,0,0,0,112289314,1,32,0,ok,
RUN_20260510_VPLC_L1_LIGHT_10_20_S01_R02,VPLC_L1_LIGHT_10_20,SER_20260510_VPLC_L1_LIGHT_10_20_S01,vPLC_container,VPLC_HOST,231,231,232,,477998,,,vplc_internal,10,20,10,0,0,0,1278417735,1,32,0,ok,
RUN_20260510_VPLC_L1_LIGHT_10_20_S01_R02,VPLC_L1_LIGHT_10_20,SER_20260510_VPLC_L1_LIGHT_10_20_S01,vPLC_container,VPLC_HOST,232,232,233,,478008,,,vplc_internal,10,20,10,0,0,0,299172078,1,32,0,ok,
RUN_20260510_VPLC_L1_LIGHT_10_20_S01_R02,VPLC_L1_LIGHT_10_20,SER_20260510_VPLC_L1_LIGHT_10_20_S01,vPLC_container,VPLC_HOST,233,233,234,,478018,,,vplc_internal,10,20,10,0,0,0,1469528085,1,32,0,ok,
RUN_20260510_VPLC_L1_LIGHT_10_20_S01_R02,VPLC_L1_LIGHT_10_20,SER_20260510_VPLC_L1_LIGHT_10_20_S01,vPLC_container,VPLC_HOST,234,234,235,,478028,,,vplc_internal,10,20,10,0,0,0,494526398,1,32,0,ok,
RUN_20260510_VPLC_L1_LIGHT_10_20_S01_R02,VPLC_L1_LIGHT_10_20,SER_20260510_VPLC_L1_LIGHT_10_20_S01,vPLC_container,VPLC_HOST,235,235,236,,478038,,,vplc_internal,10,20,10,0,0,0,1669142759,1,32,0,ok,
RUN_20260510_VPLC_L1_LIGHT_10_20_S01_R02,VPLC_L1_LIGHT_10_20,SER_20260510_VPLC_L1_LIGHT_10_20_S01,vPLC_container,VPLC_HOST,236,236,237,,478048,,,vplc_internal,10,20,10,0,0,0,698417810,1,32,0,ok,
RUN_20260510_VPLC_L1_LIGHT_10_20_S01_R02,VPLC_L1_LIGHT_10_20,SER_20260510_VPLC_L1_LIGHT_10_20_S01,vPLC_container,VPLC_HOST,237,237,238,,478058,,,vplc_internal,10,20,10,0,0,0,1877327293,1,32,0,ok,
RUN_20260510_VPLC_L1_LIGHT_10_20_S01_R02,VPLC_L1_LIGHT_10_20,SER_20260510_VPLC_L1_LIGHT_10_20_S01,vPLC_container,VPLC_HOST,238,238,239,,478068,,,vplc_internal,10,20,10,0,0,0,910911850,1,32,0,ok,
RUN_20260510_VPLC_L1_LIGHT_10_20_S01_R02,VPLC_L1_LIGHT_10_20,SER_20260510_VPLC_L1_LIGHT_10_20_S01,vPLC_container,VPLC_HOST,239,239,240,,478078,,,vplc_internal,10,20,10,0,0,0,2094147223,1,32,0,ok,
RUN_20260510_VPLC_L1_LIGHT_10_20_S01_R02,VPLC_L1_LIGHT_10_20,SER_20260510_VPLC_L1_LIGHT_10_20_S01,vPLC_container,VPLC_HOST,240,240,241,,478088,,,vplc_internal,10,20,10,0,0,0,1132074054,1,32,0,ok,
RUN_20260510_VPLC_L1_LIGHT_10_20_S01_R02,VPLC_L1_LIGHT_10_20,SER_20260510_VPLC_L1_LIGHT_10_20_S01,vPLC_container,VPLC_HOST,241,241,242,,478098,,,vplc_internal,10,20,10,0,0,0,172184438,1,32,0,ok,
RUN_20260510_VPLC_L1_LIGHT_10_20_S01_R02,VPLC_L1_LIGHT_10_20,SER_20260510_VPLC_L1_LIGHT_10_20_S01,vPLC_container,VPLC_HOST,242,242,243,,478108,,,vplc_internal,10,20,10,0,0,0,1361969958,1,32,0,ok,
RUN_20260510_VPLC_L1_LIGHT_10_20_S01_R02,VPLC_L1_LIGHT_10_20,SER_20260510_VPLC_L1_LIGHT_10_20_S01,vPLC_container,VPLC_HOST,243,243,244,,478118,,,vplc_internal,10,20,10,0,0,0,406471768,1,32,0,ok,
RUN_20260510_VPLC_L1_LIGHT_10_20_S01_R02,VPLC_L1_LIGHT_10_20,SER_20260510_VPLC_L1_LIGHT_10_20_S01,vPLC_container,VPLC_HOST,244,244,245,,478128,,,vplc_internal,10,20,10,0,0,0,1600665098,1,32,0,ok,
RUN_20260510_VPLC_L1_LIGHT_10_20_S01_R02,VPLC_L1_LIGHT_10_20,SER_20260510_VPLC_L1_LIGHT_10_20_S01,vPLC_container,VPLC_HOST,245,245,246,,478138,,,vplc_internal,10,20,10,0,0,0,649591102,1,32,0,ok,
RUN_20260510_VPLC_L1_LIGHT_10_20_S01_R02,VPLC_L1_LIGHT_10_20,SER_20260510_VPLC_L1_LIGHT_10_20_S01,vPLC_container,VPLC_HOST,246,246,247,,478148,,,vplc_internal,10,20,10,0,0,0,1848225010,1,32,0,ok,
RUN_20260510_VPLC_L1_LIGHT_10_20_S01_R02,VPLC_L1_LIGHT_10_20,SER_20260510_VPLC_L1_LIGHT_10_20_S01,vPLC_container,VPLC_HOST,247,247,248,,478158,,,vplc_internal,10,20,10,0,0,0,901607976,1,32,0,ok,
RUN_20260510_VPLC_L1_LIGHT_10_20_S01_R02,VPLC_L1_LIGHT_10_20,SER_20260510_VPLC_L1_LIGHT_10_20_S01,vPLC_container,VPLC_HOST,248,248,249,,478168,,,vplc_internal,10,20,10,0,0,0,2104715230,1,32,0,ok,
RUN_20260510_VPLC_L1_LIGHT_10_20_S01_R02,VPLC_L1_LIGHT_10_20,SER_20260510_VPLC_L1_LIGHT_10_20_S01,vPLC_container,VPLC_HOST,249,249,250,,478178,,,vplc_internal,10,20,10,0,0,0,1162587926,1,32,0,ok,
RUN_20260510_VPLC_L1_LIGHT_10_20_S01_R02,VPLC_L1_LIGHT_10_20,SER_20260510_VPLC_L1_LIGHT_10_20_S01,vPLC_container,VPLC_HOST,250,250,251,,478188,,,vplc_internal,10,20,10,0,0,0,222717647,1,32,0,ok,
RUN_20260510_VPLC_L1_LIGHT_10_20_S01_R02,VPLC_L1_LIGHT_10_20,SER_20260510_VPLC_L1_LIGHT_10_20_S01,vPLC_container,VPLC_HOST,251,251,252,,478198,,,vplc_internal,10,20,10,0,0,0,1432596488,1,32,0,ok,
RUN_20260510_VPLC_L1_LIGHT_10_20_S01_R02,VPLC_L1_LIGHT_10_20,SER_20260510_VPLC_L1_LIGHT_10_20_S01,vPLC_container,VPLC_HOST,252,252,253,,478208,,,vplc_internal,10,20,10,0,0,0,497265091,1,32,0,ok,
RUN_20260510_VPLC_L1_LIGHT_10_20_S01_R02,VPLC_L1_LIGHT_10_20,SER_20260510_VPLC_L1_LIGHT_10_20_S01,vPLC_container,VPLC_HOST,253,253,254,,478218,,,vplc_internal,10,20,10,0,0,0,1711699198,1,32,0,ok,
RUN_20260510_VPLC_L1_LIGHT_10_20_S01_R02,VPLC_L1_LIGHT_10_20,SER_20260510_VPLC_L1_LIGHT_10_20_S01,vPLC_container,VPLC_HOST,254,254,255,,478228,,,vplc_internal,10,20,10,0,0,0,780939451,1,32,0,ok,
RUN_20260510_VPLC_L1_LIGHT_10_20_S01_R02,VPLC_L1_LIGHT_10_20,SER_20260510_VPLC_L1_LIGHT_10_20_S01,vPLC_container,VPLC_HOST,255,255,256,,478238,,,vplc_internal,10,20,10,0,0,0,1999961592,1,32,0,ok,
RUN_20260510_VPLC_L1_LIGHT_10_20_S01_R02,VPLC_L1_LIGHT_10_20,SER_20260510_VPLC_L1_LIGHT_10_20_S01,vPLC_container,VPLC_HOST,256,256,257,,478248,,,vplc_internal,10,20,10,0,0,0,1073806263,1,32,0,ok,
RUN_20260510_VPLC_L1_LIGHT_10_20_S01_R02,VPLC_L1_LIGHT_10_20,SER_20260510_VPLC_L1_LIGHT_10_20_S01,vPLC_container,VPLC_HOST,257,257,258,,478258,,,vplc_internal,10,20,10,0,0,0,149965559,1,32,0,ok,
RUN_20260510_VPLC_L1_LIGHT_10_20_S01_R02,VPLC_L1_LIGHT_10_20,SER_20260510_VPLC_L1_LIGHT_10_20_S01,vPLC_container,VPLC_HOST,258,258,259,,478270,,,vplc_internal,10,20,12,2,0,0,1375931063,1,32,0,ok,
RUN_20260510_VPLC_L1_LIGHT_10_20_S01_R02,VPLC_L1_LIGHT_10_20,SER_20260510_VPLC_L1_LIGHT_10_20_S01,vPLC_container,VPLC_HOST,259,259,260,,478278,,,vplc_internal,10,20,8,-2,0,0,456743929,1,32,0,ok,
RUN_20260510_VPLC_L1_LIGHT_10_20_S01_R02,VPLC_L1_LIGHT_10_20,SER_20260510_VPLC_L1_LIGHT_10_20_S01,vPLC_container,VPLC_HOST,260,260,261,,478288,,,vplc_internal,10,20,10,0,0,0,1687379387,1,32,0,ok,
RUN_20260510_VPLC_L1_LIGHT_10_20_S01_R02,VPLC_L1_LIGHT_10_20,SER_20260510_VPLC_L1_LIGHT_10_20_S01,vPLC_container,VPLC_HOST,261,261,262,,478298,,,vplc_internal,10,20,10,0,0,0,772878591,1,32,0,ok,
RUN_20260510_VPLC_L1_LIGHT_10_20_S01_R02,VPLC_L1_LIGHT_10_20,SER_20260510_VPLC_L1_LIGHT_10_20_S01,vPLC_container,VPLC_HOST,262,262,263,,478308,,,vplc_internal,10,20,10,0,0,0,2008216771,1,32,0,ok,
RUN_20260510_VPLC_L1_LIGHT_10_20_S01_R02,VPLC_L1_LIGHT_10_20,SER_20260510_VPLC_L1_LIGHT_10_20_S01,vPLC_container,VPLC_HOST,263,263,264,,478318,,,vplc_internal,10,20,10,0,0,0,1098435081,1,32,0,ok,
RUN_20260510_VPLC_L1_LIGHT_10_20_S01_R02,VPLC_L1_LIGHT_10_20,SER_20260510_VPLC_L1_LIGHT_10_20_S01,vPLC_container,VPLC_HOST,264,264,265,,478328,,,vplc_internal,10,20,10,0,0,0,191025104,1,32,0,ok,
RUN_20260510_VPLC_L1_LIGHT_10_20_S01_R02,VPLC_L1_LIGHT_10_20,SER_20260510_VPLC_L1_LIGHT_10_20_S01,vPLC_container,VPLC_HOST,265,265,266,,478338,,,vplc_internal,10,20,10,0,0,0,1433478935,1,32,0,ok,
RUN_20260510_VPLC_L1_LIGHT_10_20_S01_R02,VPLC_L1_LIGHT_10_20,SER_20260510_VPLC_L1_LIGHT_10_20_S01,vPLC_container,VPLC_HOST,266,266,267,,478348,,,vplc_internal,10,20,10,0,0,0,530837216,1,32,0,ok,
RUN_20260510_VPLC_L1_LIGHT_10_20_S01_R02,VPLC_L1_LIGHT_10_20,SER_20260510_VPLC_L1_LIGHT_10_20_S01,vPLC_container,VPLC_HOST,267,267,268,,478358,,,vplc_internal,10,20,10,0,0,0,1778075689,1,32,0,ok,
RUN_20260510_VPLC_L1_LIGHT_10_20_S01_R02,VPLC_L1_LIGHT_10_20,SER_20260510_VPLC_L1_LIGHT_10_20_S01,vPLC_container,VPLC_HOST,268,268,269,,478368,,,vplc_internal,10,20,10,0,0,0,880234996,1,32,0,ok,
RUN_20260510_VPLC_L1_LIGHT_10_20_S01_R02,VPLC_L1_LIGHT_10_20,SER_20260510_VPLC_L1_LIGHT_10_20_S01,vPLC_container,VPLC_HOST,269,269,270,,478378,,,vplc_internal,10,20,10,0,0,0,2132290879,1,32,0,ok,
RUN_20260510_VPLC_L1_LIGHT_10_20_S01_R02,VPLC_L1_LIGHT_10_20,SER_20260510_VPLC_L1_LIGHT_10_20_S01,vPLC_container,VPLC_HOST,270,270,271,,478388,,,vplc_internal,10,20,10,0,0,0,1239283980,1,32,0,ok,
RUN_20260510_VPLC_L1_LIGHT_10_20_S01_R02,VPLC_L1_LIGHT_10_20,SER_20260510_VPLC_L1_LIGHT_10_20_S01,vPLC_container,VPLC_HOST,271,271,272,,478398,,,vplc_internal,10,20,10,0,0,0,348706394,1,32,0,ok,
RUN_20260510_VPLC_L1_LIGHT_10_20_S01_R02,VPLC_L1_LIGHT_10_20,SER_20260510_VPLC_L1_LIGHT_10_20_S01,vPLC_container,VPLC_HOST,272,272,273,,478408,,,vplc_internal,10,20,10,0,0,0,1608049704,1,32,0,ok,
RUN_20260510_VPLC_L1_LIGHT_10_20_S01_R02,VPLC_L1_LIGHT_10_20,SER_20260510_VPLC_L1_LIGHT_10_20_S01,vPLC_container,VPLC_HOST,273,273,274,,478418,,,vplc_internal,10,20,10,0,0,0,722355064,1,32,0,ok,
RUN_20260510_VPLC_L1_LIGHT_10_20_S01_R02,VPLC_L1_LIGHT_10_20,SER_20260510_VPLC_L1_LIGHT_10_20_S01,vPLC_container,VPLC_HOST,274,274,275,,478428,,,vplc_internal,10,20,10,0,0,0,1986597704,1,32,0,ok,
RUN_20260510_VPLC_L1_LIGHT_10_20_S01_R02,VPLC_L1_LIGHT_10_20,SER_20260510_VPLC_L1_LIGHT_10_20_S01,vPLC_container,VPLC_HOST,275,275,276,,478438,,,vplc_internal,10,20,10,0,0,0,1105818778,1,32,0,ok,
RUN_20260510_VPLC_L1_LIGHT_10_20_S01_R02,VPLC_L1_LIGHT_10_20,SER_20260510_VPLC_L1_LIGHT_10_20_S01,vPLC_container,VPLC_HOST,276,276,277,,478448,,,vplc_internal,10,20,10,0,0,0,227509869,1,32,0,ok,
RUN_20260510_VPLC_L1_LIGHT_10_20_S01_R02,VPLC_L1_LIGHT_10_20,SER_20260510_VPLC_L1_LIGHT_10_20_S01,vPLC_container,VPLC_HOST,277,277,278,,478458,,,vplc_internal,10,20,10,0,0,0,1499163072,1,32,0,ok,
RUN_20260510_VPLC_L1_LIGHT_10_20_S01_R02,VPLC_L1_LIGHT_10_20,SER_20260510_VPLC_L1_LIGHT_10_20_S01,vPLC_container,VPLC_HOST,278,278,279,,478468,,,vplc_internal,10,20,10,0,0,0,625819029,1,32,0,ok,
RUN_20260510_VPLC_L1_LIGHT_10_20_S01_R02,VPLC_L1_LIGHT_10_20,SER_20260510_VPLC_L1_LIGHT_10_20_S01,vPLC_container,VPLC_HOST,279,279,280,,478478,,,vplc_internal,10,20,10,0,0,0,1902453482,1,32,0,ok,
RUN_20260510_VPLC_L1_LIGHT_10_20_S01_R02,VPLC_L1_LIGHT_10_20,SER_20260510_VPLC_L1_LIGHT_10_20_S01,vPLC_container,VPLC_HOST,280,280,281,,478488,,,vplc_internal,10,20,10,0,0,0,1034107073,1,32,0,ok,
RUN_20260510_VPLC_L1_LIGHT_10_20_S01_R02,VPLC_L1_LIGHT_10_20,SER_20260510_VPLC_L1_LIGHT_10_20_S01,vPLC_container,VPLC_HOST,281,281,282,,478498,,,vplc_internal,10,20,10,0,0,0,168271897,1,32,0,ok,
RUN_20260510_VPLC_L1_LIGHT_10_20_S01_R02,VPLC_L1_LIGHT_10_20,SER_20260510_VPLC_L1_LIGHT_10_20_S01,vPLC_container,VPLC_HOST,282,282,283,,478508,,,vplc_internal,10,20,10,0,0,0,1452439537,1,32,0,ok,
RUN_20260510_VPLC_L1_LIGHT_10_20_S01_R02,VPLC_L1_LIGHT_10_20,SER_20260510_VPLC_L1_LIGHT_10_20_S01,vPLC_container,VPLC_HOST,283,283,284,,478518,,,vplc_internal,10,20,10,0,0,0,591651147,1,32,0,ok,
RUN_20260510_VPLC_L1_LIGHT_10_20_S01_R02,VPLC_L1_LIGHT_10_20,SER_20260510_VPLC_L1_LIGHT_10_20_S01,vPLC_container,VPLC_HOST,284,284,285,,478528,,,vplc_internal,10,20,10,0,0,0,1880881957,1,32,0,ok,
RUN_20260510_VPLC_L1_LIGHT_10_20_S01_R02,VPLC_L1_LIGHT_10_20,SER_20260510_VPLC_L1_LIGHT_10_20_S01,vPLC_container,VPLC_HOST,285,285,286,,478538,,,vplc_internal,10,20,10,0,0,0,1025173121,1,32,0,ok,
RUN_20260510_VPLC_L1_LIGHT_10_20_S01_R02,VPLC_L1_LIGHT_10_20,SER_20260510_VPLC_L1_LIGHT_10_20_S01,vPLC_container,VPLC_HOST,286,286,287,,478548,,,vplc_internal,10,20,10,0,0,0,172016222,1,32,0,ok,
RUN_20260510_VPLC_L1_LIGHT_10_20_S01_R02,VPLC_L1_LIGHT_10_20,SER_20260510_VPLC_L1_LIGHT_10_20_S01,vPLC_container,VPLC_HOST,287,287,288,,478558,,,vplc_internal,10,20,10,0,0,0,1468903355,1,32,0,ok,
RUN_20260510_VPLC_L1_LIGHT_10_20_S01_R02,VPLC_L1_LIGHT_10_20,SER_20260510_VPLC_L1_LIGHT_10_20_S01,vPLC_container,VPLC_HOST,288,288,289,,478568,,,vplc_internal,10,20,10,0,0,0,620875162,1,32,0,ok,
RUN_20260510_VPLC_L1_LIGHT_10_20_S01_R02,VPLC_L1_LIGHT_10_20,SER_20260510_VPLC_L1_LIGHT_10_20_S01,vPLC_container,VPLC_HOST,289,289,290,,478578,,,vplc_internal,10,20,10,0,0,0,1922907385,1,32,0,ok,
RUN_20260510_VPLC_L1_LIGHT_10_20_S01_R02,VPLC_L1_LIGHT_10_20,SER_20260510_VPLC_L1_LIGHT_10_20_S01,vPLC_container,VPLC_HOST,290,290,291,,478588,,,vplc_internal,10,20,10,0,0,0,1080040666,1,32,0,ok,
RUN_20260510_VPLC_L1_LIGHT_10_20_S01_R02,VPLC_L1_LIGHT_10_20,SER_20260510_VPLC_L1_LIGHT_10_20_S01,vPLC_container,VPLC_HOST,291,291,292,,478598,,,vplc_internal,10,20,10,0,0,0,239767100,1,32,0,ok,
RUN_20260510_VPLC_L1_LIGHT_10_20_S01_R02,VPLC_L1_LIGHT_10_20,SER_20260510_VPLC_L1_LIGHT_10_20_S01,vPLC_container,VPLC_HOST,292,292,293,,478608,,,vplc_internal,10,20,10,0,0,0,1549578270,1,32,0,ok,
RUN_20260510_VPLC_L1_LIGHT_10_20_S01_R02,VPLC_L1_LIGHT_10_20,SER_20260510_VPLC_L1_LIGHT_10_20_S01,vPLC_container,VPLC_HOST,293,293,294,,478618,,,vplc_internal,10,20,10,0,0,0,714515330,1,32,0,ok,
RUN_20260510_VPLC_L1_LIGHT_10_20_S01_R02,VPLC_L1_LIGHT_10_20,SER_20260510_VPLC_L1_LIGHT_10_20_S01,vPLC_container,VPLC_HOST,294,294,295,,478628,,,vplc_internal,10,20,10,0,0,0,2029553510,1,32,0,ok,
RUN_20260510_VPLC_L1_LIGHT_10_20_S01_R02,VPLC_L1_LIGHT_10_20,SER_20260510_VPLC_L1_LIGHT_10_20_S01,vPLC_container,VPLC_HOST,295,295,296,,478638,,,vplc_internal,10,20,10,0,0,0,1199733964,1,32,0,ok,
RUN_20260510_VPLC_L1_LIGHT_10_20_S01_R02,VPLC_L1_LIGHT_10_20,SER_20260510_VPLC_L1_LIGHT_10_20_S01,vPLC_container,VPLC_HOST,296,296,297,,478648,,,vplc_internal,10,20,10,0,0,0,372548275,1,32,0,ok,
RUN_20260510_VPLC_L1_LIGHT_10_20_S01_R02,VPLC_L1_LIGHT_10_20,SER_20260510_VPLC_L1_LIGHT_10_20_S01,vPLC_container,VPLC_HOST,297,297,298,,478658,,,vplc_internal,10,20,10,0,0,0,1695488538,1,32,0,ok,
RUN_20260510_VPLC_L1_LIGHT_10_20_S01_R02,VPLC_L1_LIGHT_10_20,SER_20260510_VPLC_L1_LIGHT_10_20_S01,vPLC_container,VPLC_HOST,298,298,299,,478668,,,vplc_internal,10,20,10,0,0,0,873595395,1,32,0,ok,
RUN_20260510_VPLC_L1_LIGHT_10_20_S01_R02,VPLC_L1_LIGHT_10_20,SER_20260510_VPLC_L1_LIGHT_10_20_S01,vPLC_container,VPLC_HOST,299,299,300,,478678,,,vplc_internal,10,20,10,0,0,1,54360941,1,32,0,ok,
RUN_20260510_VPLC_L1_LIGHT_10_20_S01_R02,VPLC_L1_LIGHT_10_20,SER_20260510_VPLC_L1_LIGHT_10_20_S01,vPLC_container,VPLC_HOST,300,300,301,,478688,,,vplc_internal,10,20,10,0,0,1,1385276759,1,32,0,ok,
RUN_20260510_VPLC_L1_LIGHT_10_20_S01_R02,VPLC_L1_LIGHT_10_20,SER_20260510_VPLC_L1_LIGHT_10_20_S01,vPLC_container,VPLC_HOST,301,301,302,,478698,,,vplc_internal,10,20,10,0,0,1,571384003,1,32,0,ok,
RUN_20260510_VPLC_L1_LIGHT_10_20_S01_R02,VPLC_L1_LIGHT_10_20,SER_20260510_VPLC_L1_LIGHT_10_20_S01,vPLC_container,VPLC_HOST,302,302,303,,478708,,,vplc_internal,10,20,10,0,0,1,1907657903,1,32,0,ok,
RUN_20260510_VPLC_L1_LIGHT_10_20_S01_R02,VPLC_L1_LIGHT_10_20,SER_20260510_VPLC_L1_LIGHT_10_20_S01,vPLC_container,VPLC_HOST,303,303,304,,478718,,,vplc_internal,10,20,10,0,0,1,1099139613,1,32,0,ok,
RUN_20260510_VPLC_L1_LIGHT_10_20_S01_R02,VPLC_L1_LIGHT_10_20,SER_20260510_VPLC_L1_LIGHT_10_20_S01,vPLC_container,VPLC_HOST,304,304,305,,478728,,,vplc_internal,10,20,10,0,0,1,293320716,1,32,0,ok,
RUN_20260510_VPLC_L1_LIGHT_10_20_S01_R02,VPLC_L1_LIGHT_10_20,SER_20260510_VPLC_L1_LIGHT_10_20_S01,vPLC_container,VPLC_HOST,305,305,306,,478738,,,vplc_internal,10,20,10,0,0,1,1637693307,1,32,0,ok,
RUN_20260510_VPLC_L1_LIGHT_10_20_S01_R02,VPLC_L1_LIGHT_10_20,SER_20260510_VPLC_L1_LIGHT_10_20_S01,vPLC_container,VPLC_HOST,306,306,307,,478748,,,vplc_internal,10,20,10,0,0,1,837298028,1,32,0,ok,
RUN_20260510_VPLC_L1_LIGHT_10_20_S01_R02,VPLC_L1_LIGHT_10_20,SER_20260510_VPLC_L1_LIGHT_10_20_S01,vPLC_container,VPLC_HOST,307,307,308,,478758,,,vplc_internal,10,20,10,0,0,1,39626974,1,32,0,ok,
RUN_20260510_VPLC_L1_LIGHT_10_20_S01_R02,VPLC_L1_LIGHT_10_20,SER_20260510_VPLC_L1_LIGHT_10_20_S01,vPLC_container,VPLC_HOST,308,308,309,,478768,,,vplc_internal,10,20,10,0,0,1,1392171728,1,32,0,ok,
RUN_20260510_VPLC_L1_LIGHT_10_20_S01_R02,VPLC_L1_LIGHT_10_20,SER_20260510_VPLC_L1_LIGHT_10_20_S01,vPLC_container,VPLC_HOST,309,309,310,,478778,,,vplc_internal,10,20,10,0,0,1,599973444,1,32,0,ok,
RUN_20260510_VPLC_L1_LIGHT_10_20_S01_R02,VPLC_L1_LIGHT_10_20,SER_20260510_VPLC_L1_LIGHT_10_20_S01,vPLC_container,VPLC_HOST,310,310,311,,478788,,,vplc_internal,10,20,10,0,0,1,1958007352,1,32,0,ok,
RUN_20260510_VPLC_L1_LIGHT_10_20_S01_R02,VPLC_L1_LIGHT_10_20,SER_20260510_VPLC_L1_LIGHT_10_20_S01,vPLC_container,VPLC_HOST,311,311,312,,478798,,,vplc_internal,10,20,10,0,0,1,1171314606,1,32,0,ok,
RUN_20260510_VPLC_L1_LIGHT_10_20_S01_R02,VPLC_L1_LIGHT_10_20,SER_20260510_VPLC_L1_LIGHT_10_20_S01,vPLC_container,VPLC_HOST,312,312,313,,478808,,,vplc_internal,10,20,10,0,0,1,387386789,1,32,0,ok,
RUN_20260510_VPLC_L1_LIGHT_10_20_S01_R02,VPLC_L1_LIGHT_10_20,SER_20260510_VPLC_L1_LIGHT_10_20_S01,vPLC_container,VPLC_HOST,313,313,314,,478818,,,vplc_internal,10,20,10,0,0,1,1753715996,1,32,0,ok,
RUN_20260510_VPLC_L1_LIGHT_10_20_S01_R02,VPLC_L1_LIGHT_10_20,SER_20260510_VPLC_L1_LIGHT_10_20_S01,vPLC_container,VPLC_HOST,314,314,315,,478846,,,vplc_internal,10,20,28,18,1,1,975342869,1,32,0,ok,
RUN_20260510_VPLC_L1_LIGHT_10_20_S01_R02,VPLC_L1_LIGHT_10_20,SER_20260510_VPLC_L1_LIGHT_10_20_S01,vPLC_container,VPLC_HOST,315,315,316,,478846,,,vplc_internal,10,20,,,,1,199759503,1,32,0,invalid_row,timing_invalid
RUN_20260510_VPLC_L1_LIGHT_10_20_S01_R02,VPLC_L1_LIGHT_10_20,SER_20260510_VPLC_L1_LIGHT_10_20_S01,vPLC_container,VPLC_HOST,316,316,317,,478848,,,vplc_internal,10,20,2,-8,0,1,1574457481,1,32,0,ok,
RUN_20260510_VPLC_L1_LIGHT_10_20_S01_R02,VPLC_L1_LIGHT_10_20,SER_20260510_VPLC_L1_LIGHT_10_20_S01,vPLC_container,VPLC_HOST,317,317,318,,478858,,,vplc_internal,10,20,10,0,0,1,804477957,1,32,0,ok,
RUN_20260510_VPLC_L1_LIGHT_10_20_S01_R02,VPLC_L1_LIGHT_10_20,SER_20260510_VPLC_L1_LIGHT_10_20_S01,vPLC_container,VPLC_HOST,318,318,319,,478868,,,vplc_internal,10,20,10,0,0,1,37312514,1,32,0,ok,
RUN_20260510_VPLC_L1_LIGHT_10_20_S01_R02,VPLC_L1_LIGHT_10_20,SER_20260510_VPLC_L1_LIGHT_10_20_S01,vPLC_container,VPLC_HOST,319,319,320,,478878,,,vplc_internal,10,20,10,0,0,1,1420453247,1,32,0,ok,
RUN_20260510_VPLC_L1_LIGHT_10_20_S01_R02,VPLC_L1_LIGHT_10_20,SER_20260510_VPLC_L1_LIGHT_10_20_S01,vPLC_container,VPLC_HOST,320,320,321,,478888,,,vplc_internal,10,20,10,0,0,1,658940798,1,32,0,ok,
RUN_20260510_VPLC_L1_LIGHT_10_20_S01_R02,VPLC_L1_LIGHT_10_20,SER_20260510_VPLC_L1_LIGHT_10_20_S01,vPLC_container,VPLC_HOST,321,321,322,,478898,,,vplc_internal,10,20,10,0,0,1,2047750909,1,32,0,ok,
RUN_20260510_VPLC_L1_LIGHT_10_20_S01_R02,VPLC_L1_LIGHT_10_20,SER_20260510_VPLC_L1_LIGHT_10_20_S01,vPLC_container,VPLC_HOST,322,322,323,,478908,,,vplc_internal,10,20,10,0,0,1,1291924222,1,32,0,ok,
RUN_20260510_VPLC_L1_LIGHT_10_20_S01_R02,VPLC_L1_LIGHT_10_20,SER_20260510_VPLC_L1_LIGHT_10_20_S01,vPLC_container,VPLC_HOST,323,323,324,,478918,,,vplc_internal,10,20,10,0,0,1,538952832,1,32,0,ok,
RUN_20260510_VPLC_L1_LIGHT_10_20_S01_R02,VPLC_L1_LIGHT_10_20,SER_20260510_VPLC_L1_LIGHT_10_20_S01,vPLC_container,VPLC_HOST,324,324,325,,478928,,,vplc_internal,10,20,10,0,0,1,1936328322,1,32,0,ok,
RUN_20260510_VPLC_L1_LIGHT_10_20_S01_R02,VPLC_L1_LIGHT_10_20,SER_20260510_VPLC_L1_LIGHT_10_20_S01,vPLC_container,VPLC_HOST,325,325,326,,478938,,,vplc_internal,10,20,10,0,0,1,1189091846,1,32,0,ok,
RUN_20260510_VPLC_L1_LIGHT_10_20_S01_R02,VPLC_L1_LIGHT_10_20,SER_20260510_VPLC_L1_LIGHT_10_20_S01,vPLC_container,VPLC_HOST,326,326,327,,478948,,,vplc_internal,10,20,10,0,0,1,444734987,1,32,0,ok,
RUN_20260510_VPLC_L1_LIGHT_10_20_S01_R02,VPLC_L1_LIGHT_10_20,SER_20260510_VPLC_L1_LIGHT_10_20_S01,vPLC_container,VPLC_HOST,327,327,328,,478958,,,vplc_internal,10,20,10,0,0,1,1850749840,1,32,0,ok,
RUN_20260510_VPLC_L1_LIGHT_10_20_S01_R02,VPLC_L1_LIGHT_10_20,SER_20260510_VPLC_L1_LIGHT_10_20_S01,vPLC_container,VPLC_HOST,328,328,329,,478968,,,vplc_internal,10,20,10,0,0,1,1112177047,1,32,0,ok,
RUN_20260510_VPLC_L1_LIGHT_10_20_S01_R02,VPLC_L1_LIGHT_10_20,SER_20260510_VPLC_L1_LIGHT_10_20_S01,vPLC_container,VPLC_HOST,329,329,330,,478978,,,vplc_internal,10,20,10,0,0,1,376508703,1,32,0,ok,
RUN_20260510_VPLC_L1_LIGHT_10_20_S01_R02,VPLC_L1_LIGHT_10_20,SER_20260510_VPLC_L1_LIGHT_10_20_S01,vPLC_container,VPLC_HOST,330,330,331,,478988,,,vplc_internal,10,20,10,0,0,1,1791236391,1,32,0,ok,
RUN_20260510_VPLC_L1_LIGHT_10_20_S01_R02,VPLC_L1_LIGHT_10_20,SER_20260510_VPLC_L1_LIGHT_10_20_S01,vPLC_container,VPLC_HOST,331,331,332,,478998,,,vplc_internal,10,20,10,0,0,1,1061401265,1,32,0,ok,
RUN_20260510_VPLC_L1_LIGHT_10_20_S01_R02,VPLC_L1_LIGHT_10_20,SER_20260510_VPLC_L1_LIGHT_10_20_S01,vPLC_container,VPLC_HOST,332,332,333,,479008,,,vplc_internal,10,20,10,0,0,1,334494908,1,32,0,ok,
RUN_20260510_VPLC_L1_LIGHT_10_20_S01_R02,VPLC_L1_LIGHT_10_20,SER_20260510_VPLC_L1_LIGHT_10_20_S01,vPLC_container,VPLC_HOST,333,333,334,,479018,,,vplc_internal,10,20,10,0,0,1,1758009415,1,32,0,ok,
RUN_20260510_VPLC_L1_LIGHT_10_20_S01_R02,VPLC_L1_LIGHT_10_20,SER_20260510_VPLC_L1_LIGHT_10_20_S01,vPLC_container,VPLC_HOST,334,334,335,,479028,,,vplc_internal,10,20,10,0,0,1,1036985428,1,32,0,ok,
RUN_20260510_VPLC_L1_LIGHT_10_20_S01_R02,VPLC_L1_LIGHT_10_20,SER_20260510_VPLC_L1_LIGHT_10_20_S01,vPLC_container,VPLC_HOST,335,335,336,,479038,,,vplc_internal,10,20,10,0,0,1,318915042,1,32,0,ok,
RUN_20260510_VPLC_L1_LIGHT_10_20_S01_R02,VPLC_L1_LIGHT_10_20,SER_20260510_VPLC_L1_LIGHT_10_20_S01,vPLC_container,VPLC_HOST,336,336,337,,479048,,,vplc_internal,10,20,10,0,0,1,1751289840,1,32,0,ok,
RUN_20260510_VPLC_L1_LIGHT_10_20_S01_R02,VPLC_L1_LIGHT_10_20,SER_20260510_VPLC_L1_LIGHT_10_20_S01,vPLC_container,VPLC_HOST,337,337,338,,479058,,,vplc_internal,10,20,10,0,0,1,1039150976,1,32,0,ok,
RUN_20260510_VPLC_L1_LIGHT_10_20_S01_R02,VPLC_L1_LIGHT_10_20,SER_20260510_VPLC_L1_LIGHT_10_20_S01,vPLC_container,VPLC_HOST,338,338,339,,479068,,,vplc_internal,10,20,10,0,0,1,329990033,1,32,0,ok,
RUN_20260510_VPLC_L1_LIGHT_10_20_S01_R02,VPLC_L1_LIGHT_10_20,SER_20260510_VPLC_L1_LIGHT_10_20_S01,vPLC_container,VPLC_HOST,339,339,340,,479078,,,vplc_internal,10,20,10,0,0,1,1771299106,1,32,0,ok,
RUN_20260510_VPLC_L1_LIGHT_10_20_S01_R02,VPLC_L1_LIGHT_10_20,SER_20260510_VPLC_L1_LIGHT_10_20_S01,vPLC_container,VPLC_HOST,340,340,341,,479088,,,vplc_internal,10,20,10,0,0,1,1068118837,1,32,0,ok,
RUN_20260510_VPLC_L1_LIGHT_10_20_S01_R02,VPLC_L1_LIGHT_10_20,SER_20260510_VPLC_L1_LIGHT_10_20_S01,vPLC_container,VPLC_HOST,341,341,342,,479098,,,vplc_internal,10,20,10,0,0,1,367941321,1,32,0,ok,
RUN_20260510_VPLC_L1_LIGHT_10_20_S01_R02,VPLC_L1_LIGHT_10_20,SER_20260510_VPLC_L1_LIGHT_10_20_S01,vPLC_container,VPLC_HOST,342,342,343,,479108,,,vplc_internal,10,20,10,0,0,1,1818258141,1,32,0,ok,
RUN_20260510_VPLC_L1_LIGHT_10_20_S01_R02,VPLC_L1_LIGHT_10_20,SER_20260510_VPLC_L1_LIGHT_10_20_S01,vPLC_container,VPLC_HOST,343,343,344,,479118,,,vplc_internal,10,20,10,0,0,1,1124110451,1,32,0,ok,
RUN_20260510_VPLC_L1_LIGHT_10_20_S01_R02,VPLC_L1_LIGHT_10_20,SER_20260510_VPLC_L1_LIGHT_10_20_S01,vPLC_container,VPLC_HOST,344,344,345,,479128,,,vplc_internal,10,20,10,0,0,1,432989834,1,32,0,ok,
RUN_20260510_VPLC_L1_LIGHT_10_20_S01_R02,VPLC_L1_LIGHT_10_20,SER_20260510_VPLC_L1_LIGHT_10_20_S01,vPLC_container,VPLC_HOST,345,345,346,,479138,,,vplc_internal,10,20,10,0,0,1,1892388385,1,32,0,ok,
RUN_20260510_VPLC_L1_LIGHT_10_20_S01_R02,VPLC_L1_LIGHT_10_20,SER_20260510_VPLC_L1_LIGHT_10_20_S01,vPLC_container,VPLC_HOST,346,346,347,,479148,,,vplc_internal,10,20,10,0,0,1,1207346746,1,32,0,ok,
RUN_20260510_VPLC_L1_LIGHT_10_20_S01_R02,VPLC_L1_LIGHT_10_20,SER_20260510_VPLC_L1_LIGHT_10_20_S01,vPLC_container,VPLC_HOST,347,347,348,,479158,,,vplc_internal,10,20,10,0,0,1,525357012,1,32,0,ok,
RUN_20260510_VPLC_L1_LIGHT_10_20_S01_R02,VPLC_L1_LIGHT_10_20,SER_20260510_VPLC_L1_LIGHT_10_20_S01,vPLC_container,VPLC_HOST,348,348,349,,479168,,,vplc_internal,10,20,10,0,0,1,1993910766,1,32,0,ok,
RUN_20260510_VPLC_L1_LIGHT_10_20_S01_R02,VPLC_L1_LIGHT_10_20,SER_20260510_VPLC_L1_LIGHT_10_20_S01,vPLC_container,VPLC_HOST,349,349,350,,479178,,,vplc_internal,10,20,10,0,0,1,1318049162,1,32,0,ok,
RUN_20260510_VPLC_L1_LIGHT_10_20_S01_R02,VPLC_L1_LIGHT_10_20,SER_20260510_VPLC_L1_LIGHT_10_20_S01,vPLC_container,VPLC_HOST,350,350,351,,479188,,,vplc_internal,10,20,10,0,0,1,645263783,1,32,0,ok,
RUN_20260510_VPLC_L1_LIGHT_10_20_S01_R02,VPLC_L1_LIGHT_10_20,SER_20260510_VPLC_L1_LIGHT_10_20_S01,vPLC_container,VPLC_HOST,351,351,352,,479198,,,vplc_internal,10,20,10,0,0,1,2123046724,1,32,0,ok,
RUN_20260510_VPLC_L1_LIGHT_10_20_S01_R02,VPLC_L1_LIGHT_10_20,SER_20260510_VPLC_L1_LIGHT_10_20_S01,vPLC_container,VPLC_HOST,352,352,353,,479208,,,vplc_internal,10,20,10,0,0,1,1456438627,1,32,0,ok,
RUN_20260510_VPLC_L1_LIGHT_10_20_S01_R02,VPLC_L1_LIGHT_10_20,SER_20260510_VPLC_L1_LIGHT_10_20_S01,vPLC_container,VPLC_HOST,353,353,354,,479218,,,vplc_internal,10,20,10,0,0,1,792931587,1,32,0,ok,
RUN_20260510_VPLC_L1_LIGHT_10_20_S01_R02,VPLC_L1_LIGHT_10_20,SER_20260510_VPLC_L1_LIGHT_10_20_S01,vPLC_container,VPLC_HOST,354,354,355,,479228,,,vplc_internal,10,20,10,0,0,1,132533540,1,32,0,ok,
RUN_20260510_VPLC_L1_LIGHT_10_20_S01_R02,VPLC_L1_LIGHT_10_20,SER_20260510_VPLC_L1_LIGHT_10_20_S01,vPLC_container,VPLC_HOST,355,355,356,,479238,,,vplc_internal,10,20,10,0,0,1,1622736581,1,32,0,ok,
RUN_20260510_VPLC_L1_LIGHT_10_20_S01_R02,VPLC_L1_LIGHT_10_20,SER_20260510_VPLC_L1_LIGHT_10_20_S01,vPLC_container,VPLC_HOST,356,356,357,,479248,,,vplc_internal,10,20,10,0,0,1,968581352,1,32,0,ok,
RUN_20260510_VPLC_L1_LIGHT_10_20_S01_R02,VPLC_L1_LIGHT_10_20,SER_20260510_VPLC_L1_LIGHT_10_20_S01,vPLC_container,VPLC_HOST,357,357,358,,479258,,,vplc_internal,10,20,10,0,0,1,317559948,1,32,0,ok,
RUN_20260510_VPLC_L1_LIGHT_10_20_S01_R02,VPLC_L1_LIGHT_10_20,SER_20260510_VPLC_L1_LIGHT_10_20_S01,vPLC_container,VPLC_HOST,358,358,359,,479268,,,vplc_internal,10,20,10,0,0,1,1817163952,1,32,0,ok,
RUN_20260510_VPLC_L1_LIGHT_10_20_S01_R02,VPLC_L1_LIGHT_10_20,SER_20260510_VPLC_L1_LIGHT_10_20_S01,vPLC_container,VPLC_HOST,359,359,360,,479278,,,vplc_internal,10,20,10,0,0,1,1172434518,1,32,0,ok,
RUN_20260510_VPLC_L1_LIGHT_10_20_S01_R02,VPLC_L1_LIGHT_10_20,SER_20260510_VPLC_L1_LIGHT_10_20_S01,vPLC_container,VPLC_HOST,360,360,361,,479288,,,vplc_internal,10,20,10,0,0,1,530863229,1,32,0,ok,
RUN_20260510_VPLC_L1_LIGHT_10_20_S01_R02,VPLC_L1_LIGHT_10_20,SER_20260510_VPLC_L1_LIGHT_10_20_S01,vPLC_container,VPLC_HOST,361,361,362,,479298,,,vplc_internal,10,20,10,0,0,1,2039942180,1,32,0,ok,
RUN_20260510_VPLC_L1_LIGHT_10_20_S01_R02,VPLC_L1_LIGHT_10_20,SER_20260510_VPLC_L1_LIGHT_10_20_S01,vPLC_container,VPLC_HOST,362,362,363,,479308,,,vplc_internal,10,20,10,0,0,1,1404712013,1,32,0,ok,
RUN_20260510_VPLC_L1_LIGHT_10_20_S01_R02,VPLC_L1_LIGHT_10_20,SER_20260510_VPLC_L1_LIGHT_10_20_S01,vPLC_container,VPLC_HOST,363,363,364,,479318,,,vplc_internal,10,20,10,0,0,1,772664823,1,32,0,ok,
RUN_20260510_VPLC_L1_LIGHT_10_20_S01_R02,VPLC_L1_LIGHT_10_20,SER_20260510_VPLC_L1_LIGHT_10_20_S01,vPLC_container,VPLC_HOST,364,364,365,,479328,,,vplc_internal,10,20,10,0,0,1,143808546,1,32,0,ok,
RUN_20260510_VPLC_L1_LIGHT_10_20_S01_R02,VPLC_L1_LIGHT_10_20,SER_20260510_VPLC_L1_LIGHT_10_20_S01,vPLC_container,VPLC_HOST,365,365,366,,479338,,,vplc_internal,10,20,10,0,0,1,1665635277,1,32,0,ok,
RUN_20260510_VPLC_L1_LIGHT_10_20_S01_R02,VPLC_L1_LIGHT_10_20,SER_20260510_VPLC_L1_LIGHT_10_20_S01,vPLC_container,VPLC_HOST,366,366,367,,479348,,,vplc_internal,10,20,10,0,0,1,1043185658,1,32,0,ok,
RUN_20260510_VPLC_L1_LIGHT_10_20_S01_R02,VPLC_L1_LIGHT_10_20,SER_20260510_VPLC_L1_LIGHT_10_20_S01,vPLC_container,VPLC_HOST,367,367,368,,479358,,,vplc_internal,10,20,10,0,0,1,423951784,1,32,0,ok,
RUN_20260510_VPLC_L1_LIGHT_10_20_S01_R02,VPLC_L1_LIGHT_10_20,SER_20260510_VPLC_L1_LIGHT_10_20_S01,vPLC_container,VPLC_HOST,368,368,369,,479368,,,vplc_internal,10,20,10,0,0,1,1955425238,1,32,0,ok,
RUN_20260510_VPLC_L1_LIGHT_10_20_S01_R02,VPLC_L1_LIGHT_10_20,SER_20260510_VPLC_L1_LIGHT_10_20_S01,vPLC_container,VPLC_HOST,369,369,370,,479378,,,vplc_internal,10,20,10,0,0,1,1342647174,1,32,0,ok,
RUN_20260510_VPLC_L1_LIGHT_10_20_S01_R02,VPLC_L1_LIGHT_10_20,SER_20260510_VPLC_L1_LIGHT_10_20_S01,vPLC_container,VPLC_HOST,370,370,371,,479388,,,vplc_internal,10,20,10,0,0,1,733109175,1,32,0,ok,
RUN_20260510_VPLC_L1_LIGHT_10_20_S01_R02,VPLC_L1_LIGHT_10_20,SER_20260510_VPLC_L1_LIGHT_10_20_S01,vPLC_container,VPLC_HOST,371,371,372,,479398,,,vplc_internal,10,20,10,0,0,1,126819689,1,32,0,ok,
RUN_20260510_VPLC_L1_LIGHT_10_20_S01_R02,VPLC_L1_LIGHT_10_20,SER_20260510_VPLC_L1_LIGHT_10_20_S01,vPLC_container,VPLC_HOST,372,372,373,,479408,,,vplc_internal,10,20,10,0,0,1,1671270299,1,32,0,ok,
RUN_20260510_VPLC_L1_LIGHT_10_20_S01_R02,VPLC_L1_LIGHT_10_20,SER_20260510_VPLC_L1_LIGHT_10_20_S01,vPLC_container,VPLC_HOST,373,373,374,,479418,,,vplc_internal,10,20,10,0,0,1,1071502159,1,32,0,ok,
RUN_20260510_VPLC_L1_LIGHT_10_20_S01_R02,VPLC_L1_LIGHT_10_20,SER_20260510_VPLC_L1_LIGHT_10_20_S01,vPLC_container,VPLC_HOST,374,374,375,,479428,,,vplc_internal,10,20,10,0,0,1,475006852,1,32,0,ok,
RUN_20260510_VPLC_L1_LIGHT_10_20_S01_R02,VPLC_L1_LIGHT_10_20,SER_20260510_VPLC_L1_LIGHT_10_20_S01,vPLC_container,VPLC_HOST,375,375,376,,479438,,,vplc_internal,10,20,10,0,0,1,2029276473,1,32,0,ok,
RUN_20260510_VPLC_L1_LIGHT_10_20_S01_R02,VPLC_L1_LIGHT_10_20,SER_20260510_VPLC_L1_LIGHT_10_20_S01,vPLC_container,VPLC_HOST,376,376,377,,479448,,,vplc_internal,10,20,10,0,0,1,1439351664,1,32,0,ok,
RUN_20260510_VPLC_L1_LIGHT_10_20_S01_R02,VPLC_L1_LIGHT_10_20,SER_20260510_VPLC_L1_LIGHT_10_20_S01,vPLC_container,VPLC_HOST,377,377,378,,479458,,,vplc_internal,10,20,10,0,0,1,852724520,1,32,0,ok,
RUN_20260510_VPLC_L1_LIGHT_10_20_S01_R02,VPLC_L1_LIGHT_10_20,SER_20260510_VPLC_L1_LIGHT_10_20_S01,vPLC_container,VPLC_HOST,378,378,379,,479468,,,vplc_internal,10,20,10,0,0,1,269402977,1,32,0,ok,
RUN_20260510_VPLC_L1_LIGHT_10_20_S01_R02,VPLC_L1_LIGHT_10_20,SER_20260510_VPLC_L1_LIGHT_10_20_S01,vPLC_container,VPLC_HOST,379,379,380,,479478,,,vplc_internal,10,20,10,0,0,1,1836879130,1,32,0,ok,
RUN_20260510_VPLC_L1_LIGHT_10_20_S01_R02,VPLC_L1_LIGHT_10_20,SER_20260510_VPLC_L1_LIGHT_10_20_S01,vPLC_container,VPLC_HOST,380,380,381,,479488,,,vplc_internal,10,20,10,0,0,1,1260193621,1,32,0,ok,
RUN_20260510_VPLC_L1_LIGHT_10_20_S01_R02,VPLC_L1_LIGHT_10_20,SER_20260510_VPLC_L1_LIGHT_10_20_S01,vPLC_container,VPLC_HOST,381,381,382,,479498,,,vplc_internal,10,20,10,0,0,1,686838545,1,32,0,ok,
RUN_20260510_VPLC_L1_LIGHT_10_20_S01_R02,VPLC_L1_LIGHT_10_20,SER_20260510_VPLC_L1_LIGHT_10_20_S01,vPLC_container,VPLC_HOST,382,382,383,,479508,,,vplc_internal,10,20,10,0,0,1,116821838,1,32,0,ok,
RUN_20260510_VPLC_L1_LIGHT_10_20_S01_R02,VPLC_L1_LIGHT_10_20,SER_20260510_VPLC_L1_LIGHT_10_20_S01,vPLC_container,VPLC_HOST,383,383,384,,479518,,,vplc_internal,10,20,10,0,0,1,1697635595,1,32,0,ok,
RUN_20260510_VPLC_L1_LIGHT_10_20_S01_R02,VPLC_L1_LIGHT_10_20,SER_20260510_VPLC_L1_LIGHT_10_20_S01,vPLC_container,VPLC_HOST,384,384,385,,479528,,,vplc_internal,10,20,10,0,0,1,1134320458,1,32,0,ok,
RUN_20260510_VPLC_L1_LIGHT_10_20_S01_R02,VPLC_L1_LIGHT_10_20,SER_20260510_VPLC_L1_LIGHT_10_20_S01,vPLC_container,VPLC_HOST,385,385,386,,479538,,,vplc_internal,10,20,10,0,0,1,574368522,1,32,0,ok,
RUN_20260510_VPLC_L1_LIGHT_10_20_S01_R02,VPLC_L1_LIGHT_10_20,SER_20260510_VPLC_L1_LIGHT_10_20_S01,vPLC_container,VPLC_HOST,386,386,387,,479548,,,vplc_internal,10,20,10,0,0,1,17787723,1,32,0,ok,
RUN_20260510_VPLC_L1_LIGHT_10_20_S01_R02,VPLC_L1_LIGHT_10_20,SER_20260510_VPLC_L1_LIGHT_10_20_S01,vPLC_container,VPLC_HOST,387,387,388,,479558,,,vplc_internal,10,20,10,0,0,1,1612070156,1,32,0,ok,
RUN_20260510_VPLC_L1_LIGHT_10_20_S01_R02,VPLC_L1_LIGHT_10_20,SER_20260510_VPLC_L1_LIGHT_10_20_S01,vPLC_container,VPLC_HOST,388,388,389,,479568,,,vplc_internal,10,20,10,0,0,1,1062256463,1,32,0,ok,
RUN_20260510_VPLC_L1_LIGHT_10_20_S01_R02,VPLC_L1_LIGHT_10_20,SER_20260510_VPLC_L1_LIGHT_10_20_S01,vPLC_container,VPLC_HOST,389,389,390,,479578,,,vplc_internal,10,20,10,0,0,1,515838739,1,32,0,ok,
RUN_20260510_VPLC_L1_LIGHT_10_20_S01_R02,VPLC_L1_LIGHT_10_20,SER_20260510_VPLC_L1_LIGHT_10_20_S01,vPLC_container,VPLC_HOST,390,390,391,,479588,,,vplc_internal,10,20,10,0,0,1,2120308567,1,32,0,ok,
RUN_20260510_VPLC_L1_LIGHT_10_20_S01_R02,VPLC_L1_LIGHT_10_20,SER_20260510_VPLC_L1_LIGHT_10_20_S01,vPLC_container,VPLC_HOST,391,391,392,,479598,,,vplc_internal,10,20,10,0,0,1,1580707101,1,32,0,ok,
RUN_20260510_VPLC_L1_LIGHT_10_20_S01_R02,VPLC_L1_LIGHT_10_20,SER_20260510_VPLC_L1_LIGHT_10_20_S01,vPLC_container,VPLC_HOST,392,392,393,,479608,,,vplc_internal,10,20,10,0,0,1,1044525924,1,32,0,ok,
RUN_20260510_VPLC_L1_LIGHT_10_20_S01_R02,VPLC_L1_LIGHT_10_20,SER_20260510_VPLC_L1_LIGHT_10_20_S01,vPLC_container,VPLC_HOST,393,393,394,,479618,,,vplc_internal,10,20,10,0,0,1,511773484,1,32,0,ok,
RUN_20260510_VPLC_L1_LIGHT_10_20_S01_R02,VPLC_L1_LIGHT_10_20,SER_20260510_VPLC_L1_LIGHT_10_20_S01,vPLC_container,VPLC_HOST,394,394,395,,479628,,,vplc_internal,10,20,10,0,0,1,2129941364,1,32,0,ok,
RUN_20260510_VPLC_L1_LIGHT_10_20_S01_R02,VPLC_L1_LIGHT_10_20,SER_20260510_VPLC_L1_LIGHT_10_20_S01,vPLC_container,VPLC_HOST,395,395,396,,479638,,,vplc_internal,10,20,10,0,0,1,1604070718,1,32,0,ok,
RUN_20260510_VPLC_L1_LIGHT_10_20_S01_R02,VPLC_L1_LIGHT_10_20,SER_20260510_VPLC_L1_LIGHT_10_20_S01,vPLC_container,VPLC_HOST,396,396,397,,479648,,,vplc_internal,10,20,10,0,0,1,1081653129,1,32,0,ok,
RUN_20260510_VPLC_L1_LIGHT_10_20_S01_R02,VPLC_L1_LIGHT_10_20,SER_20260510_VPLC_L1_LIGHT_10_20_S01,vPLC_container,VPLC_HOST,397,397,398,,479658,,,vplc_internal,10,20,10,0,0,1,562697045,1,32,0,ok,
RUN_20260510_VPLC_L1_LIGHT_10_20_S01_R02,VPLC_L1_LIGHT_10_20,SER_20260510_VPLC_L1_LIGHT_10_20_S01,vPLC_container,VPLC_HOST,398,398,399,,479668,,,vplc_internal,10,20,10,0,0,1,47210402,1,32,0,ok,
RUN_20260510_VPLC_L1_LIGHT_10_20_S01_R02,VPLC_L1_LIGHT_10_20,SER_20260510_VPLC_L1_LIGHT_10_20_S01,vPLC_container,VPLC_HOST,399,399,400,,479678,,,vplc_internal,10,20,10,0,0,0,1682685295,1,32,0,ok,
RUN_20260510_VPLC_L1_LIGHT_10_20_S01_R02,VPLC_L1_LIGHT_10_20,SER_20260510_VPLC_L1_LIGHT_10_20_S01,vPLC_container,VPLC_HOST,400,400,401,,479688,,,vplc_internal,10,20,10,0,0,0,1174162366,1,32,0,ok,
RUN_20260510_VPLC_L1_LIGHT_10_20_S01_R02,VPLC_L1_LIGHT_10_20,SER_20260510_VPLC_L1_LIGHT_10_20_S01,vPLC_container,VPLC_HOST,401,401,402,,479698,,,vplc_internal,10,20,10,0,0,0,669133710,1,32,0,ok,
RUN_20260510_VPLC_L1_LIGHT_10_20_S01_R02,VPLC_L1_LIGHT_10_20,SER_20260510_VPLC_L1_LIGHT_10_20_S01,vPLC_container,VPLC_HOST,402,402,403,,479708,,,vplc_internal,10,20,10,0,0,0,167607263,1,32,0,ok,
RUN_20260510_VPLC_L1_LIGHT_10_20_S01_R02,VPLC_L1_LIGHT_10_20,SER_20260510_VPLC_L1_LIGHT_10_20_S01,vPLC_container,VPLC_HOST,403,403,404,,479718,,,vplc_internal,10,20,10,0,0,0,1817075120,1,32,0,ok,
RUN_20260510_VPLC_L1_LIGHT_10_20_S01_R02,VPLC_L1_LIGHT_10_20,SER_20260510_VPLC_L1_LIGHT_10_20_S01,vPLC_container,VPLC_HOST,404,404,405,,479728,,,vplc_internal,10,20,10,0,0,0,1322577923,1,32,0,ok,
RUN_20260510_VPLC_L1_LIGHT_10_20_S01_R02,VPLC_L1_LIGHT_10_20,SER_20260510_VPLC_L1_LIGHT_10_20_S01,vPLC_container,VPLC_HOST,405,405,406,,479738,,,vplc_internal,10,20,10,0,0,0,831607767,1,32,0,ok,
RUN_20260510_VPLC_L1_LIGHT_10_20_S01_R02,VPLC_L1_LIGHT_10_20,SER_20260510_VPLC_L1_LIGHT_10_20_S01,vPLC_container,VPLC_HOST,406,406,407,,479748,,,vplc_internal,10,20,10,0,0,0,344172588,1,32,0,ok,
RUN_20260510_VPLC_L1_LIGHT_10_20_S01_R02,VPLC_L1_LIGHT_10_20,SER_20260510_VPLC_L1_LIGHT_10_20_S01,vPLC_container,VPLC_HOST,407,407,408,,479758,,,vplc_internal,10,20,10,0,0,0,2007764481,1,32,0,ok,
RUN_20260510_VPLC_L1_LIGHT_10_20_S01_R02,VPLC_L1_LIGHT_10_20,SER_20260510_VPLC_L1_LIGHT_10_20_S01,vPLC_container,VPLC_HOST,408,408,409,,479769,,,vplc_internal,10,20,11,1,0,0,1527424088,1,32,0,ok,
RUN_20260510_VPLC_L1_LIGHT_10_20_S01_R02,VPLC_L1_LIGHT_10_20,SER_20260510_VPLC_L1_LIGHT_10_20_S01,vPLC_container,VPLC_HOST,409,409,410,,479778,,,vplc_internal,10,20,9,-1,0,0,1050643504,1,32,0,ok,
RUN_20260510_VPLC_L1_LIGHT_10_20_S01_R02,VPLC_L1_LIGHT_10_20,SER_20260510_VPLC_L1_LIGHT_10_20_S01,vPLC_container,VPLC_HOST,410,410,411,,479788,,,vplc_internal,10,20,10,0,0,0,577430665,1,32,0,ok,
RUN_20260510_VPLC_L1_LIGHT_10_20_S01_R02,VPLC_L1_LIGHT_10_20,SER_20260510_VPLC_L1_LIGHT_10_20_S01,vPLC_container,VPLC_HOST,411,411,412,,479798,,,vplc_internal,10,20,10,0,0,0,107794019,1,32,0,ok,
RUN_20260510_VPLC_L1_LIGHT_10_20_S01_R02,VPLC_L1_LIGHT_10_20,SER_20260510_VPLC_L1_LIGHT_10_20_S01,vPLC_container,VPLC_HOST,412,412,413,,479808,,,vplc_internal,10,20,10,0,0,0,1789225149,1,32,0,ok,
RUN_20260510_VPLC_L1_LIGHT_10_20_S01_R02,VPLC_L1_LIGHT_10_20,SER_20260510_VPLC_L1_LIGHT_10_20_S01,vPLC_container,VPLC_HOST,413,413,414,,479818,,,vplc_internal,10,20,10,0,0,0,1326765209,1,32,0,ok,
RUN_20260510_VPLC_L1_LIGHT_10_20_S01_R02,VPLC_L1_LIGHT_10_20,SER_20260510_VPLC_L1_LIGHT_10_20_S01,vPLC_container,VPLC_HOST,414,414,415,,479848,,,vplc_internal,10,20,30,20,1,0,867905782,1,32,0,ok,
RUN_20260510_VPLC_L1_LIGHT_10_20_S01_R02,VPLC_L1_LIGHT_10_20,SER_20260510_VPLC_L1_LIGHT_10_20_S01,vPLC_container,VPLC_HOST,415,415,416,,479848,,,vplc_internal,10,20,,,,0,412655316,1,32,0,invalid_row,timing_invalid
RUN_20260510_VPLC_L1_LIGHT_10_20_S01_R02,VPLC_L1_LIGHT_10_20,SER_20260510_VPLC_L1_LIGHT_10_20_S01,vPLC_container,VPLC_HOST,416,416,417,,479848,,,vplc_internal,10,20,,,,0,2108505394,1,32,0,invalid_row,timing_invalid
RUN_20260510_VPLC_L1_LIGHT_10_20_S01_R02,VPLC_L1_LIGHT_10_20,SER_20260510_VPLC_L1_LIGHT_10_20_S01,vPLC_container,VPLC_HOST,417,417,418,,479858,,,vplc_internal,10,20,10,0,0,0,1660497170,1,32,0,ok,
RUN_20260510_VPLC_L1_LIGHT_10_20_S01_R02,VPLC_L1_LIGHT_10_20,SER_20260510_VPLC_L1_LIGHT_10_20_S01,vPLC_container,VPLC_HOST,418,418,419,,479868,,,vplc_internal,10,20,10,0,0,0,1216122227,1,32,0,ok,
RUN_20260510_VPLC_L1_LIGHT_10_20_S01_R02,VPLC_L1_LIGHT_10_20,SER_20260510_VPLC_L1_LIGHT_10_20_S01,vPLC_container,VPLC_HOST,419,419,420,,479878,,,vplc_internal,10,20,10,0,0,0,775389013,1,32,0,ok,
RUN_20260510_VPLC_L1_LIGHT_10_20_S01_R02,VPLC_L1_LIGHT_10_20,SER_20260510_VPLC_L1_LIGHT_10_20_S01,vPLC_container,VPLC_HOST,420,420,421,,479888,,,vplc_internal,10,20,10,0,0,0,338305464,1,32,0,ok,
RUN_20260510_VPLC_L1_LIGHT_10_20_S01_R02,VPLC_L1_LIGHT_10_20,SER_20260510_VPLC_L1_LIGHT_10_20_S01,vPLC_container,VPLC_HOST,421,421,422,,479898,,,vplc_internal,10,20,10,0,0,0,2052363675,1,32,0,ok,
RUN_20260510_VPLC_L1_LIGHT_10_20_S01_R02,VPLC_L1_LIGHT_10_20,SER_20260510_VPLC_L1_LIGHT_10_20_S01,vPLC_container,VPLC_HOST,422,422,423,,479908,,,vplc_internal,10,20,10,0,0,0,1622604288,1,32,0,ok,
RUN_20260510_VPLC_L1_LIGHT_10_20_S01_R02,VPLC_L1_LIGHT_10_20,SER_20260510_VPLC_L1_LIGHT_10_20_S01,vPLC_container,VPLC_HOST,423,423,424,,479918,,,vplc_internal,10,20,10,0,0,0,1196519398,1,32,0,ok,
RUN_20260510_VPLC_L1_LIGHT_10_20_S01_R02,VPLC_L1_LIGHT_10_20,SER_20260510_VPLC_L1_LIGHT_10_20_S01,vPLC_container,VPLC_HOST,424,424,425,,479928,,,vplc_internal,10,20,10,0,0,0,774116941,1,32,0,ok,
RUN_20260510_VPLC_L1_LIGHT_10_20_S01_R02,VPLC_L1_LIGHT_10_20,SER_20260510_VPLC_L1_LIGHT_10_20_S01,vPLC_container,VPLC_HOST,425,425,426,,479938,,,vplc_internal,10,20,10,0,0,0,355405365,1,32,0,ok,
RUN_20260510_VPLC_L1_LIGHT_10_20_S01_R02,VPLC_L1_LIGHT_10_20,SER_20260510_VPLC_L1_LIGHT_10_20_S01,vPLC_container,VPLC_HOST,426,426,427,,479948,,,vplc_internal,10,20,10,0,0,0,2087876253,1,32,0,ok,
RUN_20260510_VPLC_L1_LIGHT_10_20_S01_R02,VPLC_L1_LIGHT_10_20,SER_20260510_VPLC_L1_LIGHT_10_20_S01,vPLC_container,VPLC_HOST,427,427,428,,479958,,,vplc_internal,10,20,10,0,0,0,1676570759,1,32,0,ok,
RUN_20260510_VPLC_L1_LIGHT_10_20_S01_R02,VPLC_L1_LIGHT_10_20,SER_20260510_VPLC_L1_LIGHT_10_20_S01,vPLC_container,VPLC_HOST,428,428,429,,479968,,,vplc_internal,10,20,10,0,0,0,1268980466,1,32,0,ok,
RUN_20260510_VPLC_L1_LIGHT_10_20_S01_R02,VPLC_L1_LIGHT_10_20,SER_20260510_VPLC_L1_LIGHT_10_20_S01,vPLC_container,VPLC_HOST,429,429,430,,479978,,,vplc_internal,10,20,10,0,0,0,865113822,1,32,0,ok,
RUN_20260510_VPLC_L1_LIGHT_10_20_S01_R02,VPLC_L1_LIGHT_10_20,SER_20260510_VPLC_L1_LIGHT_10_20_S01,vPLC_container,VPLC_HOST,430,430,431,,479988,,,vplc_internal,10,20,10,0,0,0,464978763,1,32,0,ok,
RUN_20260510_VPLC_L1_LIGHT_10_20_S01_R02,VPLC_L1_LIGHT_10_20,SER_20260510_VPLC_L1_LIGHT_10_20_S01,vPLC_container,VPLC_HOST,431,431,432,,479998,,,vplc_internal,10,20,10,0,0,0,68583737,1,32,0,ok,
RUN_20260510_VPLC_L1_LIGHT_10_20_S01_R02,VPLC_L1_LIGHT_10_20,SER_20260510_VPLC_L1_LIGHT_10_20_S01,vPLC_container,VPLC_HOST,432,432,433,,480008,,,vplc_internal,10,20,10,0,0,0,1823420327,1,32,0,ok,
RUN_20260510_VPLC_L1_LIGHT_10_20_S01_R02,VPLC_L1_LIGHT_10_20,SER_20260510_VPLC_L1_LIGHT_10_20_S01,vPLC_container,VPLC_HOST,433,433,434,,480018,,,vplc_internal,10,20,10,0,0,0,1434529687,1,32,0,ok,
RUN_20260510_VPLC_L1_LIGHT_10_20_S01_R02,VPLC_L1_LIGHT_10_20,SER_20260510_VPLC_L1_LIGHT_10_20_S01,vPLC_container,VPLC_HOST,434,434,435,,480028,,,vplc_internal,10,20,10,0,0,0,1049403400,1,32,0,ok,
RUN_20260510_VPLC_L1_LIGHT_10_20_S01_R02,VPLC_L1_LIGHT_10_20,SER_20260510_VPLC_L1_LIGHT_10_20_S01,vPLC_container,VPLC_HOST,435,435,436,,480038,,,vplc_internal,10,20,10,0,0,0,668049914,1,32,0,ok,
RUN_20260510_VPLC_L1_LIGHT_10_20_S01_R02,VPLC_L1_LIGHT_10_20,SER_20260510_VPLC_L1_LIGHT_10_20_S01,vPLC_container,VPLC_HOST,436,436,437,,480048,,,vplc_internal,10,20,10,0,0,0,290477165,1,32,0,ok,
RUN_20260510_VPLC_L1_LIGHT_10_20_S01_R02,VPLC_L1_LIGHT_10_20,SER_20260510_VPLC_L1_LIGHT_10_20_S01,vPLC_container,VPLC_HOST,437,437,438,,480058,,,vplc_internal,10,20,10,0,0,0,2064177248,1,32,0,ok,
RUN_20260510_VPLC_L1_LIGHT_10_20_S01_R02,VPLC_L1_LIGHT_10_20,SER_20260510_VPLC_L1_LIGHT_10_20_S01,vPLC_container,VPLC_HOST,438,438,439,,480068,,,vplc_internal,10,20,10,0,0,0,1694190805,1,32,0,ok,
RUN_20260510_VPLC_L1_LIGHT_10_20_S01_R02,VPLC_L1_LIGHT_10_20,SER_20260510_VPLC_L1_LIGHT_10_20_S01,vPLC_container,VPLC_HOST,439,439,440,,480078,,,vplc_internal,10,20,10,0,0,0,1328009931,1,32,0,ok,
RUN_20260510_VPLC_L1_LIGHT_10_20_S01_R02,VPLC_L1_LIGHT_10_20,SER_20260510_VPLC_L1_LIGHT_10_20_S01,vPLC_container,VPLC_HOST,440,440,441,,480088,,,vplc_internal,10,20,10,0,0,0,965642562,1,32,0,ok,
RUN_20260510_VPLC_L1_LIGHT_10_20_S01_R02,VPLC_L1_LIGHT_10_20,SER_20260510_VPLC_L1_LIGHT_10_20_S01,vPLC_container,VPLC_HOST,441,441,442,,480098,,,vplc_internal,10,20,10,0,0,0,607097146,1,32,0,ok,
RUN_20260510_VPLC_L1_LIGHT_10_20_S01_R02,VPLC_L1_LIGHT_10_20,SER_20260510_VPLC_L1_LIGHT_10_20_S01,vPLC_container,VPLC_HOST,442,442,443,,480108,,,vplc_internal,10,20,10,0,0,0,252381619,1,32,0,ok,
RUN_20260510_VPLC_L1_LIGHT_10_20_S01_R02,VPLC_L1_LIGHT_10_20,SER_20260510_VPLC_L1_LIGHT_10_20_S01,vPLC_container,VPLC_HOST,443,443,444,,480118,,,vplc_internal,10,20,10,0,0,0,2048988076,1,32,0,ok,
RUN_20260510_VPLC_L1_LIGHT_10_20_S01_R02,VPLC_L1_LIGHT_10_20,SER_20260510_VPLC_L1_LIGHT_10_20_S01,vPLC_container,VPLC_HOST,444,444,445,,480128,,,vplc_internal,10,20,10,0,0,0,1701957159,1,32,0,ok,
RUN_20260510_VPLC_L1_LIGHT_10_20_S01_R02,VPLC_L1_LIGHT_10_20,SER_20260510_VPLC_L1_LIGHT_10_20_S01,vPLC_container,VPLC_HOST,445,445,446,,480138,,,vplc_internal,10,20,10,0,0,0,1358780963,1,32,0,ok,
RUN_20260510_VPLC_L1_LIGHT_10_20_S01_R02,VPLC_L1_LIGHT_10_20,SER_20260510_VPLC_L1_LIGHT_10_20_S01,vPLC_container,VPLC_HOST,446,446,447,,480148,,,vplc_internal,10,20,10,0,0,0,1019467424,1,32,0,ok,
RUN_20260510_VPLC_L1_LIGHT_10_20_S01_R02,VPLC_L1_LIGHT_10_20,SER_20260510_VPLC_L1_LIGHT_10_20_S01,vPLC_container,VPLC_HOST,447,447,448,,480158,,,vplc_internal,10,20,10,0,0,0,684024990,1,32,0,ok,
RUN_20260510_VPLC_L1_LIGHT_10_20_S01_R02,VPLC_L1_LIGHT_10_20,SER_20260510_VPLC_L1_LIGHT_10_20_S01,vPLC_container,VPLC_HOST,448,448,449,,480168,,,vplc_internal,10,20,10,0,0,0,352461597,1,32,0,ok,
RUN_20260510_VPLC_L1_LIGHT_10_20_S01_R02,VPLC_L1_LIGHT_10_20,SER_20260510_VPLC_L1_LIGHT_10_20_S01,vPLC_container,VPLC_HOST,449,449,450,,480178,,,vplc_internal,10,20,10,0,0,0,24785693,1,32,0,ok,
RUN_20260510_VPLC_L1_LIGHT_10_20_S01_R02,VPLC_L1_LIGHT_10_20,SER_20260510_VPLC_L1_LIGHT_10_20_S01,vPLC_container,VPLC_HOST,450,450,451,,480188,,,vplc_internal,10,20,10,0,0,0,1848488861,1,32,0,ok,
RUN_20260510_VPLC_L1_LIGHT_10_20_S01_R02,VPLC_L1_LIGHT_10_20,SER_20260510_VPLC_L1_LIGHT_10_20_S01,vPLC_container,VPLC_HOST,451,451,452,,480198,,,vplc_internal,10,20,10,0,0,0,1528612255,1,32,0,ok,
RUN_20260510_VPLC_L1_LIGHT_10_20_S01_R02,VPLC_L1_LIGHT_10_20,SER_20260510_VPLC_L1_LIGHT_10_20_S01,vPLC_container,VPLC_HOST,452,452,453,,480208,,,vplc_internal,10,20,10,0,0,0,1212647458,1,32,0,ok,
RUN_20260510_VPLC_L1_LIGHT_10_20_S01_R02,VPLC_L1_LIGHT_10_20,SER_20260510_VPLC_L1_LIGHT_10_20_S01,vPLC_container,VPLC_HOST,453,453,454,,480218,,,vplc_internal,10,20,10,0,0,0,900602918,1,32,0,ok,
RUN_20260510_VPLC_L1_LIGHT_10_20_S01_R02,VPLC_L1_LIGHT_10_20,SER_20260510_VPLC_L1_LIGHT_10_20_S01,vPLC_container,VPLC_HOST,454,454,455,,480228,,,vplc_internal,10,20,10,0,0,0,592486571,1,32,0,ok,
RUN_20260510_VPLC_L1_LIGHT_10_20_S01_R02,VPLC_L1_LIGHT_10_20,SER_20260510_VPLC_L1_LIGHT_10_20_S01,vPLC_container,VPLC_HOST,455,455,456,,480238,,,vplc_internal,10,20,10,0,0,0,288306865,1,32,0,ok,
RUN_20260510_VPLC_L1_LIGHT_10_20_S01_R02,VPLC_L1_LIGHT_10_20,SER_20260510_VPLC_L1_LIGHT_10_20_S01,vPLC_container,VPLC_HOST,456,456,457,,480248,,,vplc_internal,10,20,10,0,0,0,2135555383,1,32,0,ok,
RUN_20260510_VPLC_L1_LIGHT_10_20_S01_R02,VPLC_L1_LIGHT_10_20,SER_20260510_VPLC_L1_LIGHT_10_20_S01,vPLC_container,VPLC_HOST,457,457,458,,480258,,,vplc_internal,10,20,10,0,0,0,1839273279,1,32,0,ok,
RUN_20260510_VPLC_L1_LIGHT_10_20_S01_R02,VPLC_L1_LIGHT_10_20,SER_20260510_VPLC_L1_LIGHT_10_20_S01,vPLC_container,VPLC_HOST,458,458,459,,480268,,,vplc_internal,10,20,10,0,0,0,1546952136,1,32,0,ok,
RUN_20260510_VPLC_L1_LIGHT_10_20_S01_R02,VPLC_L1_LIGHT_10_20,SER_20260510_VPLC_L1_LIGHT_10_20_S01,vPLC_container,VPLC_HOST,459,459,460,,480278,,,vplc_internal,10,20,10,0,0,0,1258600402,1,32,0,ok,
RUN_20260510_VPLC_L1_LIGHT_10_20_S01_R02,VPLC_L1_LIGHT_10_20,SER_20260510_VPLC_L1_LIGHT_10_20_S01,vPLC_container,VPLC_HOST,460,460,461,,480288,,,vplc_internal,10,20,10,0,0,0,974226013,1,32,0,ok,
RUN_20260510_VPLC_L1_LIGHT_10_20_S01_R02,VPLC_L1_LIGHT_10_20,SER_20260510_VPLC_L1_LIGHT_10_20_S01,vPLC_container,VPLC_HOST,461,461,462,,480298,,,vplc_internal,10,20,10,0,0,0,693837417,1,32,0,ok,
RUN_20260510_VPLC_L1_LIGHT_10_20_S01_R02,VPLC_L1_LIGHT_10_20,SER_20260510_VPLC_L1_LIGHT_10_20_S01,vPLC_container,VPLC_HOST,462,462,463,,480308,,,vplc_internal,10,20,10,0,0,0,417442550,1,32,0,ok,
RUN_20260510_VPLC_L1_LIGHT_10_20_S01_R02,VPLC_L1_LIGHT_10_20,SER_20260510_VPLC_L1_LIGHT_10_20_S01,vPLC_container,VPLC_HOST,463,463,464,,480318,,,vplc_internal,10,20,10,0,0,0,145049860,1,32,0,ok,
RUN_20260510_VPLC_L1_LIGHT_10_20_S01_R02,VPLC_L1_LIGHT_10_20,SER_20260510_VPLC_L1_LIGHT_10_20_S01,vPLC_container,VPLC_HOST,464,464,465,,480328,,,vplc_internal,10,20,10,0,0,0,2024150930,1,32,0,ok,
RUN_20260510_VPLC_L1_LIGHT_10_20_S01_R02,VPLC_L1_LIGHT_10_20,SER_20260510_VPLC_L1_LIGHT_10_20_S01,vPLC_container,VPLC_HOST,465,465,466,,480338,,,vplc_internal,10,20,10,0,0,0,1759786914,1,32,0,ok,
RUN_20260510_VPLC_L1_LIGHT_10_20_S01_R02,VPLC_L1_LIGHT_10_20,SER_20260510_VPLC_L1_LIGHT_10_20_S01,vPLC_container,VPLC_HOST,466,466,467,,480348,,,vplc_internal,10,20,10,0,0,0,1499449395,1,32,0,ok,
RUN_20260510_VPLC_L1_LIGHT_10_20_S01_R02,VPLC_L1_LIGHT_10_20,SER_20260510_VPLC_L1_LIGHT_10_20_S01,vPLC_container,VPLC_HOST,467,467,468,,480358,,,vplc_internal,10,20,10,0,0,0,1243146821,1,32,0,ok,
RUN_20260510_VPLC_L1_LIGHT_10_20_S01_R02,VPLC_L1_LIGHT_10_20,SER_20260510_VPLC_L1_LIGHT_10_20_S01,vPLC_container,VPLC_HOST,468,468,469,,480368,,,vplc_internal,10,20,10,0,0,0,990887128,1,32,0,ok,
RUN_20260510_VPLC_L1_LIGHT_10_20_S01_R02,VPLC_L1_LIGHT_10_20,SER_20260510_VPLC_L1_LIGHT_10_20_S01,vPLC_container,VPLC_HOST,469,469,470,,480378,,,vplc_internal,10,20,10,0,0,0,742678764,1,32,0,ok,
RUN_20260510_VPLC_L1_LIGHT_10_20_S01_R02,VPLC_L1_LIGHT_10_20,SER_20260510_VPLC_L1_LIGHT_10_20_S01,vPLC_container,VPLC_HOST,470,470,471,,480388,,,vplc_internal,10,20,10,0,0,0,498529665,1,32,0,ok,
RUN_20260510_VPLC_L1_LIGHT_10_20_S01_R02,VPLC_L1_LIGHT_10_20,SER_20260510_VPLC_L1_LIGHT_10_20_S01,vPLC_container,VPLC_HOST,471,471,472,,480398,,,vplc_internal,10,20,10,0,0,0,258448279,1,32,0,ok,
RUN_20260510_VPLC_L1_LIGHT_10_20_S01_R02,VPLC_L1_LIGHT_10_20,SER_20260510_VPLC_L1_LIGHT_10_20_S01,vPLC_container,VPLC_HOST,472,472,473,,480408,,,vplc_internal,10,20,10,0,0,0,22442542,1,32,0,ok,
RUN_20260510_VPLC_L1_LIGHT_10_20_S01_R02,VPLC_L1_LIGHT_10_20,SER_20260510_VPLC_L1_LIGHT_10_20_S01,vPLC_container,VPLC_HOST,473,473,474,,480418,,,vplc_internal,10,20,10,0,0,0,1938004549,1,32,0,ok,
RUN_20260510_VPLC_L1_LIGHT_10_20_S01_R02,VPLC_L1_LIGHT_10_20,SER_20260510_VPLC_L1_LIGHT_10_20_S01,vPLC_container,VPLC_HOST,474,474,475,,480428,,,vplc_internal,10,20,10,0,0,0,1710174942,1,32,0,ok,
RUN_20260510_VPLC_L1_LIGHT_10_20_S01_R02,VPLC_L1_LIGHT_10_20,SER_20260510_VPLC_L1_LIGHT_10_20_S01,vPLC_container,VPLC_HOST,475,475,476,,480438,,,vplc_internal,10,20,10,0,0,0,1486445816,1,32,0,ok,
RUN_20260510_VPLC_L1_LIGHT_10_20_S01_R02,VPLC_L1_LIGHT_10_20,SER_20260510_VPLC_L1_LIGHT_10_20_S01,vPLC_container,VPLC_HOST,476,476,477,,480448,,,vplc_internal,10,20,10,0,0,0,1266825107,1,32,0,ok,
RUN_20260510_VPLC_L1_LIGHT_10_20_S01_R02,VPLC_L1_LIGHT_10_20,SER_20260510_VPLC_L1_LIGHT_10_20_S01,vPLC_container,VPLC_HOST,477,477,478,,480458,,,vplc_internal,10,20,10,0,0,0,1051321263,1,32,0,ok,
RUN_20260510_VPLC_L1_LIGHT_10_20_S01_R02,VPLC_L1_LIGHT_10_20,SER_20260510_VPLC_L1_LIGHT_10_20_S01,vPLC_container,VPLC_HOST,478,478,479,,480468,,,vplc_internal,10,20,10,0,0,0,839942220,1,32,0,ok,
RUN_20260510_VPLC_L1_LIGHT_10_20_S01_R02,VPLC_L1_LIGHT_10_20,SER_20260510_VPLC_L1_LIGHT_10_20_S01,vPLC_container,VPLC_HOST,479,479,480,,480478,,,vplc_internal,10,20,10,0,0,0,632696426,1,32,0,ok,
RUN_20260510_VPLC_L1_LIGHT_10_20_S01_R02,VPLC_L1_LIGHT_10_20,SER_20260510_VPLC_L1_LIGHT_10_20_S01,vPLC_container,VPLC_HOST,480,480,481,,480488,,,vplc_internal,10,20,10,0,0,0,429591817,1,32,0,ok,
RUN_20260510_VPLC_L1_LIGHT_10_20_S01_R02,VPLC_L1_LIGHT_10_20,SER_20260510_VPLC_L1_LIGHT_10_20_S01,vPLC_container,VPLC_HOST,481,481,482,,480498,,,vplc_internal,10,20,10,0,0,0,230636841,1,32,0,ok,
RUN_20260510_VPLC_L1_LIGHT_10_20_S01_R02,VPLC_L1_LIGHT_10_20,SER_20260510_VPLC_L1_LIGHT_10_20_S01,vPLC_container,VPLC_HOST,482,482,483,,480508,,,vplc_internal,10,20,10,0,0,0,35839434,1,32,0,ok,
RUN_20260510_VPLC_L1_LIGHT_10_20_S01_R02,VPLC_L1_LIGHT_10_20,SER_20260510_VPLC_L1_LIGHT_10_20_S01,vPLC_container,VPLC_HOST,483,483,484,,480518,,,vplc_internal,10,20,10,0,0,0,1992691691,1,32,0,ok,
RUN_20260510_VPLC_L1_LIGHT_10_20_S01_R02,VPLC_L1_LIGHT_10_20,SER_20260510_VPLC_L1_LIGHT_10_20_S01,vPLC_container,VPLC_HOST,484,484,485,,480528,,,vplc_internal,10,20,10,0,0,0,1806234254,1,32,0,ok,
RUN_20260510_VPLC_L1_LIGHT_10_20_S01_R02,VPLC_L1_LIGHT_10_20,SER_20260510_VPLC_L1_LIGHT_10_20_S01,vPLC_container,VPLC_HOST,485,485,486,,480538,,,vplc_internal,10,20,10,0,0,0,1623959218,1,32,0,ok,
RUN_20260510_VPLC_L1_LIGHT_10_20_S01_R02,VPLC_L1_LIGHT_10_20,SER_20260510_VPLC_L1_LIGHT_10_20_S01,vPLC_container,VPLC_HOST,486,486,487,,480548,,,vplc_internal,10,20,10,0,0,0,1445874519,1,32,0,ok,
RUN_20260510_VPLC_L1_LIGHT_10_20_S01_R02,VPLC_L1_LIGHT_10_20,SER_20260510_VPLC_L1_LIGHT_10_20_S01,vPLC_container,VPLC_HOST,487,487,488,,480558,,,vplc_internal,10,20,10,0,0,0,1271988605,1,32,0,ok,
RUN_20260510_VPLC_L1_LIGHT_10_20_S01_R02,VPLC_L1_LIGHT_10_20,SER_20260510_VPLC_L1_LIGHT_10_20_S01,vPLC_container,VPLC_HOST,488,488,489,,480568,,,vplc_internal,10,20,10,0,0,0,1102309412,1,32,0,ok,
RUN_20260510_VPLC_L1_LIGHT_10_20_S01_R02,VPLC_L1_LIGHT_10_20,SER_20260510_VPLC_L1_LIGHT_10_20_S01,vPLC_container,VPLC_HOST,489,489,490,,480578,,,vplc_internal,10,20,10,0,0,0,936845388,1,32,0,ok,
RUN_20260510_VPLC_L1_LIGHT_10_20_S01_R02,VPLC_L1_LIGHT_10_20,SER_20260510_VPLC_L1_LIGHT_10_20_S01,vPLC_container,VPLC_HOST,490,490,491,,480588,,,vplc_internal,10,20,10,0,0,0,775604469,1,32,0,ok,
RUN_20260510_VPLC_L1_LIGHT_10_20_S01_R02,VPLC_L1_LIGHT_10_20,SER_20260510_VPLC_L1_LIGHT_10_20_S01,vPLC_container,VPLC_HOST,491,491,492,,480598,,,vplc_internal,10,20,10,0,0,0,618595103,1,32,0,ok,
RUN_20260510_VPLC_L1_LIGHT_10_20_S01_R02,VPLC_L1_LIGHT_10_20,SER_20260510_VPLC_L1_LIGHT_10_20_S01,vPLC_container,VPLC_HOST,492,492,493,,480608,,,vplc_internal,10,20,10,0,0,0,465825226,1,32,0,ok,
RUN_20260510_VPLC_L1_LIGHT_10_20_S01_R02,VPLC_L1_LIGHT_10_20,SER_20260510_VPLC_L1_LIGHT_10_20_S01,vPLC_container,VPLC_HOST,493,493,494,,480618,,,vplc_internal,10,20,10,0,0,0,317303286,1,32,0,ok,
RUN_20260510_VPLC_L1_LIGHT_10_20_S01_R02,VPLC_L1_LIGHT_10_20,SER_20260510_VPLC_L1_LIGHT_10_20_S01,vPLC_container,VPLC_HOST,494,494,495,,480628,,,vplc_internal,10,20,10,0,0,0,173037219,1,32,0,ok,
RUN_20260510_VPLC_L1_LIGHT_10_20_S01_R02,VPLC_L1_LIGHT_10_20,SER_20260510_VPLC_L1_LIGHT_10_20_S01,vPLC_container,VPLC_HOST,495,495,496,,480638,,,vplc_internal,10,20,10,0,0,0,33035473,1,32,0,ok,
RUN_20260510_VPLC_L1_LIGHT_10_20_S01_R02,VPLC_L1_LIGHT_10_20,SER_20260510_VPLC_L1_LIGHT_10_20_S01,vPLC_container,VPLC_HOST,496,496,497,,480648,,,vplc_internal,10,20,10,0,0,0,2044789631,1,32,0,ok,
RUN_20260510_VPLC_L1_LIGHT_10_20_S01_R02,VPLC_L1_LIGHT_10_20,SER_20260510_VPLC_L1_LIGHT_10_20_S01,vPLC_container,VPLC_HOST,497,497,498,,480658,,,vplc_internal,10,20,10,0,0,0,1913340847,1,32,0,ok,
RUN_20260510_VPLC_L1_LIGHT_10_20_S01_R02,VPLC_L1_LIGHT_10_20,SER_20260510_VPLC_L1_LIGHT_10_20_S01,vPLC_container,VPLC_HOST,498,498,499,,480668,,,vplc_internal,10,20,10,0,0,0,1786180704,1,32,0,ok,
RUN_20260510_VPLC_L1_LIGHT_10_20_S01_R02,VPLC_L1_LIGHT_10_20,SER_20260510_VPLC_L1_LIGHT_10_20_S01,vPLC_container,VPLC_HOST,499,499,500,,480678,,,vplc_internal,10,20,10,0,0,1,1663317650,1,32,0,ok,
RUN_20260510_VPLC_L1_LIGHT_10_20_S01_R02,VPLC_L1_LIGHT_10_20,SER_20260510_VPLC_L1_LIGHT_10_20_S01,vPLC_container,VPLC_HOST,500,500,501,,480688,,,vplc_internal,10,20,10,0,0,1,1544759621,1,32,0,ok,
RUN_20260510_VPLC_L1_LIGHT_10_20_S01_R02,VPLC_L1_LIGHT_10_20,SER_20260510_VPLC_L1_LIGHT_10_20_S01,vPLC_container,VPLC_HOST,501,501,502,,480698,,,vplc_internal,10,20,10,0,0,1,1430515065,1,32,0,ok,
RUN_20260510_VPLC_L1_LIGHT_10_20_S01_R02,VPLC_L1_LIGHT_10_20,SER_20260510_VPLC_L1_LIGHT_10_20_S01,vPLC_container,VPLC_HOST,502,502,503,,480708,,,vplc_internal,10,20,10,0,0,1,1320591918,1,32,0,ok,
RUN_20260510_VPLC_L1_LIGHT_10_20_S01_R02,VPLC_L1_LIGHT_10_20,SER_20260510_VPLC_L1_LIGHT_10_20_S01,vPLC_container,VPLC_HOST,503,503,504,,480718,,,vplc_internal,10,20,10,0,0,1,1214998628,1,32,0,ok,
RUN_20260510_VPLC_L1_LIGHT_10_20_S01_R02,VPLC_L1_LIGHT_10_20,SER_20260510_VPLC_L1_LIGHT_10_20_S01,vPLC_container,VPLC_HOST,504,504,505,,480728,,,vplc_internal,10,20,10,0,0,1,1113743131,1,32,0,ok,
RUN_20260510_VPLC_L1_LIGHT_10_20_S01_R02,VPLC_L1_LIGHT_10_20,SER_20260510_VPLC_L1_LIGHT_10_20_S01,vPLC_container,VPLC_HOST,505,505,506,,480738,,,vplc_internal,10,20,10,0,0,1,1016833875,1,32,0,ok,
RUN_20260510_VPLC_L1_LIGHT_10_20_S01_R02,VPLC_L1_LIGHT_10_20,SER_20260510_VPLC_L1_LIGHT_10_20_S01,vPLC_container,VPLC_HOST,506,506,507,,480748,,,vplc_internal,10,20,10,0,0,1,924278796,1,32,0,ok,
RUN_20260510_VPLC_L1_LIGHT_10_20_S01_R02,VPLC_L1_LIGHT_10_20,SER_20260510_VPLC_L1_LIGHT_10_20_S01,vPLC_container,VPLC_HOST,507,507,508,,480758,,,vplc_internal,10,20,10,0,0,1,836086342,1,32,0,ok,
RUN_20260510_VPLC_L1_LIGHT_10_20_S01_R02,VPLC_L1_LIGHT_10_20,SER_20260510_VPLC_L1_LIGHT_10_20_S01,vPLC_container,VPLC_HOST,508,508,509,,480771,,,vplc_internal,10,20,13,3,0,1,752264449,1,32,0,ok,
RUN_20260510_VPLC_L1_LIGHT_10_20_S01_R02,VPLC_L1_LIGHT_10_20,SER_20260510_VPLC_L1_LIGHT_10_20_S01,vPLC_container,VPLC_HOST,509,509,510,,480778,,,vplc_internal,10,20,7,-3,0,1,672821565,1,32,0,ok,
RUN_20260510_VPLC_L1_LIGHT_10_20_S01_R02,VPLC_L1_LIGHT_10_20,SER_20260510_VPLC_L1_LIGHT_10_20_S01,vPLC_container,VPLC_HOST,510,510,511,,480788,,,vplc_internal,10,20,10,0,0,1,597765626,1,32,0,ok,
RUN_20260510_VPLC_L1_LIGHT_10_20_S01_R02,VPLC_L1_LIGHT_10_20,SER_20260510_VPLC_L1_LIGHT_10_20_S01,vPLC_container,VPLC_HOST,511,511,512,,480798,,,vplc_internal,10,20,10,0,0,1,527105080,1,32,0,ok,
RUN_20260510_VPLC_L1_LIGHT_10_20_S01_R02,VPLC_L1_LIGHT_10_20,SER_20260510_VPLC_L1_LIGHT_10_20_S01,vPLC_container,VPLC_HOST,512,512,513,,480808,,,vplc_internal,10,20,10,0,0,1,460847863,1,32,0,ok,
RUN_20260510_VPLC_L1_LIGHT_10_20_S01_R02,VPLC_L1_LIGHT_10_20,SER_20260510_VPLC_L1_LIGHT_10_20_S01,vPLC_container,VPLC_HOST,513,513,514,,480818,,,vplc_internal,10,20,10,0,0,1,399002423,1,32,0,ok,
RUN_20260510_VPLC_L1_LIGHT_10_20_S01_R02,VPLC_L1_LIGHT_10_20,SER_20260510_VPLC_L1_LIGHT_10_20_S01,vPLC_container,VPLC_HOST,514,514,515,,480848,,,vplc_internal,10,20,30,20,1,1,341576696,1,32,0,ok,
RUN_20260510_VPLC_L1_LIGHT_10_20_S01_R02,VPLC_L1_LIGHT_10_20,SER_20260510_VPLC_L1_LIGHT_10_20_S01,vPLC_container,VPLC_HOST,515,515,516,,480848,,,vplc_internal,10,20,,,,1,288579130,1,32,0,invalid_row,timing_invalid
RUN_20260510_VPLC_L1_LIGHT_10_20_S01_R02,VPLC_L1_LIGHT_10_20,SER_20260510_VPLC_L1_LIGHT_10_20_S01,vPLC_container,VPLC_HOST,516,516,517,,480848,,,vplc_internal,10,20,,,,1,240017661,1,32,0,invalid_row,timing_invalid
RUN_20260510_VPLC_L1_LIGHT_10_20_S01_R02,VPLC_L1_LIGHT_10_20,SER_20260510_VPLC_L1_LIGHT_10_20_S01,vPLC_container,VPLC_HOST,517,517,518,,480858,,,vplc_internal,10,20,10,0,0,1,195900737,1,32,0,ok,
RUN_20260510_VPLC_L1_LIGHT_10_20_S01_R02,VPLC_L1_LIGHT_10_20,SER_20260510_VPLC_L1_LIGHT_10_20_S01,vPLC_container,VPLC_HOST,518,518,519,,480868,,,vplc_internal,10,20,10,0,0,1,156236294,1,32,0,ok,
RUN_20260510_VPLC_L1_LIGHT_10_20_S01_R02,VPLC_L1_LIGHT_10_20,SER_20260510_VPLC_L1_LIGHT_10_20_S01,vPLC_container,VPLC_HOST,519,519,520,,480878,,,vplc_internal,10,20,10,0,0,1,121032780,1,32,0,ok,
RUN_20260510_VPLC_L1_LIGHT_10_20_S01_R02,VPLC_L1_LIGHT_10_20,SER_20260510_VPLC_L1_LIGHT_10_20_S01,vPLC_container,VPLC_HOST,520,520,521,,480888,,,vplc_internal,10,20,10,0,0,1,90298131,1,32,0,ok,
RUN_20260510_VPLC_L1_LIGHT_10_20_S01_R02,VPLC_L1_LIGHT_10_20,SER_20260510_VPLC_L1_LIGHT_10_20_S01,vPLC_container,VPLC_HOST,521,521,522,,480898,,,vplc_internal,10,20,10,0,0,1,64040795,1,32,0,ok,
RUN_20260510_VPLC_L1_LIGHT_10_20_S01_R02,VPLC_L1_LIGHT_10_20,SER_20260510_VPLC_L1_LIGHT_10_20_S01,vPLC_container,VPLC_HOST,522,522,523,,480908,,,vplc_internal,10,20,10,0,0,1,42268708,1,32,0,ok,
RUN_20260510_VPLC_L1_LIGHT_10_20_S01_R02,VPLC_L1_LIGHT_10_20,SER_20260510_VPLC_L1_LIGHT_10_20_S01,vPLC_container,VPLC_HOST,523,523,524,,480918,,,vplc_internal,10,20,10,0,0,1,24990318,1,32,0,ok,
RUN_20260510_VPLC_L1_LIGHT_10_20_S01_R02,VPLC_L1_LIGHT_10_20,SER_20260510_VPLC_L1_LIGHT_10_20_S01,vPLC_container,VPLC_HOST,524,524,525,,480928,,,vplc_internal,10,20,10,0,0,1,12213561,1,32,0,ok,
RUN_20260510_VPLC_L1_LIGHT_10_20_S01_R02,VPLC_L1_LIGHT_10_20,SER_20260510_VPLC_L1_LIGHT_10_20_S01,vPLC_container,VPLC_HOST,525,525,526,,480938,,,vplc_internal,10,20,10,0,0,1,3946885,1,32,0,ok,
RUN_20260510_VPLC_L1_LIGHT_10_20_S01_R02,VPLC_L1_LIGHT_10_20,SER_20260510_VPLC_L1_LIGHT_10_20_S01,vPLC_container,VPLC_HOST,526,526,527,,480948,,,vplc_internal,10,20,10,0,0,1,198226,1,32,0,ok,
RUN_20260510_VPLC_L1_LIGHT_10_20_S01_R02,VPLC_L1_LIGHT_10_20,SER_20260510_VPLC_L1_LIGHT_10_20_S01,vPLC_container,VPLC_HOST,527,527,528,,480958,,,vplc_internal,10,20,10,0,0,1,976032,1,32,0,ok,
RUN_20260510_VPLC_L1_LIGHT_10_20_S01_R02,VPLC_L1_LIGHT_10_20,SER_20260510_VPLC_L1_LIGHT_10_20_S01,vPLC_container,VPLC_HOST,528,528,529,,480968,,,vplc_internal,10,20,10,0,0,1,6288239,1,32,0,ok,
RUN_20260510_VPLC_L1_LIGHT_10_20_S01_R02,VPLC_L1_LIGHT_10_20,SER_20260510_VPLC_L1_LIGHT_10_20_S01,vPLC_container,VPLC_HOST,529,529,530,,480978,,,vplc_internal,10,20,10,0,0,1,16143295,1,32,0,ok,
RUN_20260510_VPLC_L1_LIGHT_10_20_S01_R02,VPLC_L1_LIGHT_10_20,SER_20260510_VPLC_L1_LIGHT_10_20_S01,vPLC_container,VPLC_HOST,530,530,531,,480988,,,vplc_internal,10,20,10,0,0,1,30549136,1,32,0,ok,
RUN_20260510_VPLC_L1_LIGHT_10_20_S01_R02,VPLC_L1_LIGHT_10_20,SER_20260510_VPLC_L1_LIGHT_10_20_S01,vPLC_container,VPLC_HOST,531,531,532,,480998,,,vplc_internal,10,20,10,0,0,1,49514210,1,32,0,ok,
RUN_20260510_VPLC_L1_LIGHT_10_20_S01_R02,VPLC_L1_LIGHT_10_20,SER_20260510_VPLC_L1_LIGHT_10_20_S01,vPLC_container,VPLC_HOST,532,532,533,,481008,,,vplc_internal,10,20,10,0,0,1,73046453,1,32,0,ok,
RUN_20260510_VPLC_L1_LIGHT_10_20_S01_R02,VPLC_L1_LIGHT_10_20,SER_20260510_VPLC_L1_LIGHT_10_20_S01,vPLC_container,VPLC_HOST,533,533,534,,481018,,,vplc_internal,10,20,10,0,0,1,101154313,1,32,0,ok,
RUN_20260510_VPLC_L1_LIGHT_10_20_S01_R02,VPLC_L1_LIGHT_10_20,SER_20260510_VPLC_L1_LIGHT_10_20_S01,vPLC_container,VPLC_HOST,534,534,535,,481028,,,vplc_internal,10,20,10,0,0,1,133845726,1,32,0,ok,
RUN_20260510_VPLC_L1_LIGHT_10_20_S01_R02,VPLC_L1_LIGHT_10_20,SER_20260510_VPLC_L1_LIGHT_10_20_S01,vPLC_container,VPLC_HOST,535,535,536,,481038,,,vplc_internal,10,20,10,0,0,1,171129140,1,32,0,ok,
RUN_20260510_VPLC_L1_LIGHT_10_20_S01_R02,VPLC_L1_LIGHT_10_20,SER_20260510_VPLC_L1_LIGHT_10_20_S01,vPLC_container,VPLC_HOST,536,536,537,,481048,,,vplc_internal,10,20,10,0,0,1,213012491,1,32,0,ok,
RUN_20260510_VPLC_L1_LIGHT_10_20_S01_R02,VPLC_L1_LIGHT_10_20,SER_20260510_VPLC_L1_LIGHT_10_20_S01,vPLC_container,VPLC_HOST,537,537,538,,481058,,,vplc_internal,10,20,10,0,0,1,259504227,1,32,0,ok,
RUN_20260510_VPLC_L1_LIGHT_10_20_S01_R02,VPLC_L1_LIGHT_10_20,SER_20260510_VPLC_L1_LIGHT_10_20_S01,vPLC_container,VPLC_HOST,538,538,539,,481070,,,vplc_internal,10,20,12,2,0,1,310612284,1,32,0,ok,
RUN_20260510_VPLC_L1_LIGHT_10_20_S01_R02,VPLC_L1_LIGHT_10_20,SER_20260510_VPLC_L1_LIGHT_10_20_S01,vPLC_container,VPLC_HOST,539,539,540,,481078,,,vplc_internal,10,20,8,-2,0,1,366345110,1,32,0,ok,
RUN_20260510_VPLC_L1_LIGHT_10_20_S01_R02,VPLC_L1_LIGHT_10_20,SER_20260510_VPLC_L1_LIGHT_10_20_S01,vPLC_container,VPLC_HOST,540,540,541,,481088,,,vplc_internal,10,20,10,0,0,1,426710641,1,32,0,ok,
RUN_20260510_VPLC_L1_LIGHT_10_20_S01_R02,VPLC_L1_LIGHT_10_20,SER_20260510_VPLC_L1_LIGHT_10_20_S01,vPLC_container,VPLC_HOST,541,541,542,,481098,,,vplc_internal,10,20,10,0,0,1,491717325,1,32,0,ok,
RUN_20260510_VPLC_L1_LIGHT_10_20_S01_R02,VPLC_L1_LIGHT_10_20,SER_20260510_VPLC_L1_LIGHT_10_20_S01,vPLC_container,VPLC_HOST,542,542,543,,481108,,,vplc_internal,10,20,10,0,0,1,561373098,1,32,0,ok,
RUN_20260510_VPLC_L1_LIGHT_10_20_S01_R02,VPLC_L1_LIGHT_10_20,SER_20260510_VPLC_L1_LIGHT_10_20_S01,vPLC_container,VPLC_HOST,543,543,544,,481118,,,vplc_internal,10,20,10,0,0,1,635686408,1,32,0,ok,
RUN_20260510_VPLC_L1_LIGHT_10_20_S01_R02,VPLC_L1_LIGHT_10_20,SER_20260510_VPLC_L1_LIGHT_10_20_S01,vPLC_container,VPLC_HOST,544,544,545,,481128,,,vplc_internal,10,20,10,0,0,1,714665191,1,32,0,ok,
RUN_20260510_VPLC_L1_LIGHT_10_20_S01_R02,VPLC_L1_LIGHT_10_20,SER_20260510_VPLC_L1_LIGHT_10_20_S01,vPLC_container,VPLC_HOST,545,545,546,,481138,,,vplc_internal,10,20,10,0,0,1,798317895,1,32,0,ok,
RUN_20260510_VPLC_L1_LIGHT_10_20_S01_R02,VPLC_L1_LIGHT_10_20,SER_20260510_VPLC_L1_LIGHT_10_20_S01,vPLC_container,VPLC_HOST,546,546,547,,481148,,,vplc_internal,10,20,10,0,0,1,886652456,1,32,0,ok,
RUN_20260510_VPLC_L1_LIGHT_10_20_S01_R02,VPLC_L1_LIGHT_10_20,SER_20260510_VPLC_L1_LIGHT_10_20_S01,vPLC_container,VPLC_HOST,547,547,548,,481158,,,vplc_internal,10,20,10,0,0,1,979677322,1,32,0,ok,
RUN_20260510_VPLC_L1_LIGHT_10_20_S01_R02,VPLC_L1_LIGHT_10_20,SER_20260510_VPLC_L1_LIGHT_10_20_S01,vPLC_container,VPLC_HOST,548,548,549,,481168,,,vplc_internal,10,20,10,0,0,1,1077400429,1,32,0,ok,
RUN_20260510_VPLC_L1_LIGHT_10_20_S01_R02,VPLC_L1_LIGHT_10_20,SER_20260510_VPLC_L1_LIGHT_10_20_S01,vPLC_container,VPLC_HOST,549,549,550,,481178,,,vplc_internal,10,20,10,0,0,1,1179830225,1,32,0,ok,
RUN_20260510_VPLC_L1_LIGHT_10_20_S01_R02,VPLC_L1_LIGHT_10_20,SER_20260510_VPLC_L1_LIGHT_10_20_S01,vPLC_container,VPLC_HOST,550,550,551,,481188,,,vplc_internal,10,20,10,0,0,1,1286974646,1,32,0,ok,
RUN_20260510_VPLC_L1_LIGHT_10_20_S01_R02,VPLC_L1_LIGHT_10_20,SER_20260510_VPLC_L1_LIGHT_10_20_S01,vPLC_container,VPLC_HOST,551,551,552,,481198,,,vplc_internal,10,20,10,0,0,1,1398842140,1,32,0,ok,
RUN_20260510_VPLC_L1_LIGHT_10_20_S01_R02,VPLC_L1_LIGHT_10_20,SER_20260510_VPLC_L1_LIGHT_10_20_S01,vPLC_container,VPLC_HOST,552,552,553,,481208,,,vplc_internal,10,20,10,0,0,1,1515440643,1,32,0,ok,
RUN_20260510_VPLC_L1_LIGHT_10_20_S01_R02,VPLC_L1_LIGHT_10_20,SER_20260510_VPLC_L1_LIGHT_10_20_S01,vPLC_container,VPLC_HOST,553,553,554,,481218,,,vplc_internal,10,20,10,0,0,1,1636778603,1,32,0,ok,
RUN_20260510_VPLC_L1_LIGHT_10_20_S01_R02,VPLC_L1_LIGHT_10_20,SER_20260510_VPLC_L1_LIGHT_10_20_S01,vPLC_container,VPLC_HOST,554,554,555,,481228,,,vplc_internal,10,20,10,0,0,1,1762863956,1,32,0,ok,
RUN_20260510_VPLC_L1_LIGHT_10_20_S01_R02,VPLC_L1_LIGHT_10_20,SER_20260510_VPLC_L1_LIGHT_10_20_S01,vPLC_container,VPLC_HOST,555,555,556,,481238,,,vplc_internal,10,20,10,0,0,1,1893705150,1,32,0,ok,
RUN_20260510_VPLC_L1_LIGHT_10_20_S01_R02,VPLC_L1_LIGHT_10_20,SER_20260510_VPLC_L1_LIGHT_10_20_S01,vPLC_container,VPLC_HOST,556,556,557,,481248,,,vplc_internal,10,20,10,0,0,1,2029310121,1,32,0,ok,
RUN_20260510_VPLC_L1_LIGHT_10_20_S01_R02,VPLC_L1_LIGHT_10_20,SER_20260510_VPLC_L1_LIGHT_10_20_S01,vPLC_container,VPLC_HOST,557,557,558,,481258,,,vplc_internal,10,20,10,0,0,1,22203670,1,32,0,ok,
RUN_20260510_VPLC_L1_LIGHT_10_20_S01_R02,VPLC_L1_LIGHT_10_20,SER_20260510_VPLC_L1_LIGHT_10_20_S01,vPLC_container,VPLC_HOST,558,558,559,,481269,,,vplc_internal,10,20,11,1,0,1,167361027,1,32,0,ok,
RUN_20260510_VPLC_L1_LIGHT_10_20_S01_R02,VPLC_L1_LIGHT_10_20,SER_20260510_VPLC_L1_LIGHT_10_20_S01,vPLC_container,VPLC_HOST,559,559,560,,481278,,,vplc_internal,10,20,9,-1,0,1,317306993,1,32,0,ok,
RUN_20260510_VPLC_L1_LIGHT_10_20_S01_R02,VPLC_L1_LIGHT_10_20,SER_20260510_VPLC_L1_LIGHT_10_20_S01,vPLC_container,VPLC_HOST,560,560,561,,481288,,,vplc_internal,10,20,10,0,0,1,472049504,1,32,0,ok,
RUN_20260510_VPLC_L1_LIGHT_10_20_S01_R02,VPLC_L1_LIGHT_10_20,SER_20260510_VPLC_L1_LIGHT_10_20_S01,vPLC_container,VPLC_HOST,561,561,562,,481298,,,vplc_internal,10,20,10,0,0,1,631597008,1,32,0,ok,
RUN_20260510_VPLC_L1_LIGHT_10_20_S01_R02,VPLC_L1_LIGHT_10_20,SER_20260510_VPLC_L1_LIGHT_10_20_S01,vPLC_container,VPLC_HOST,562,562,563,,481308,,,vplc_internal,10,20,10,0,0,1,795957441,1,32,0,ok,
RUN_20260510_VPLC_L1_LIGHT_10_20_S01_R02,VPLC_L1_LIGHT_10_20,SER_20260510_VPLC_L1_LIGHT_10_20_S01,vPLC_container,VPLC_HOST,563,563,564,,481318,,,vplc_internal,10,20,10,0,0,1,965139251,1,32,0,ok,
RUN_20260510_VPLC_L1_LIGHT_10_20_S01_R02,VPLC_L1_LIGHT_10_20,SER_20260510_VPLC_L1_LIGHT_10_20_S01,vPLC_container,VPLC_HOST,564,564,565,,481328,,,vplc_internal,10,20,10,0,0,1,1139150374,1,32,0,ok,
RUN_20260510_VPLC_L1_LIGHT_10_20_S01_R02,VPLC_L1_LIGHT_10_20,SER_20260510_VPLC_L1_LIGHT_10_20_S01,vPLC_container,VPLC_HOST,565,565,566,,481338,,,vplc_internal,10,20,10,0,0,1,1317999258,1,32,0,ok,
RUN_20260510_VPLC_L1_LIGHT_10_20_S01_R02,VPLC_L1_LIGHT_10_20,SER_20260510_VPLC_L1_LIGHT_10_20_S01,vPLC_container,VPLC_HOST,566,566,567,,481348,,,vplc_internal,10,20,10,0,0,1,1501693839,1,32,0,ok,
RUN_20260510_VPLC_L1_LIGHT_10_20_S01_R02,VPLC_L1_LIGHT_10_20,SER_20260510_VPLC_L1_LIGHT_10_20_S01,vPLC_container,VPLC_HOST,567,567,568,,481358,,,vplc_internal,10,20,10,0,0,1,1690242565,1,32,0,ok,
RUN_20260510_VPLC_L1_LIGHT_10_20_S01_R02,VPLC_L1_LIGHT_10_20,SER_20260510_VPLC_L1_LIGHT_10_20_S01,vPLC_container,VPLC_HOST,568,568,569,,481368,,,vplc_internal,10,20,10,0,0,1,1883653372,1,32,0,ok,
RUN_20260510_VPLC_L1_LIGHT_10_20_S01_R02,VPLC_L1_LIGHT_10_20,SER_20260510_VPLC_L1_LIGHT_10_20_S01,vPLC_container,VPLC_HOST,569,569,570,,481378,,,vplc_internal,10,20,10,0,0,1,2081934708,1,32,0,ok,
RUN_20260510_VPLC_L1_LIGHT_10_20_S01_R02,VPLC_L1_LIGHT_10_20,SER_20260510_VPLC_L1_LIGHT_10_20_S01,vPLC_container,VPLC_HOST,570,570,571,,481388,,,vplc_internal,10,20,10,0,0,1,137610862,1,32,0,ok,
RUN_20260510_VPLC_L1_LIGHT_10_20_S01_R02,VPLC_L1_LIGHT_10_20,SER_20260510_VPLC_L1_LIGHT_10_20_S01,vPLC_container,VPLC_HOST,571,571,572,,481398,,,vplc_internal,10,20,10,0,0,1,345657576,1,32,0,ok,
RUN_20260510_VPLC_L1_LIGHT_10_20_S01_R02,VPLC_L1_LIGHT_10_20,SER_20260510_VPLC_L1_LIGHT_10_20_S01,vPLC_container,VPLC_HOST,572,572,573,,481408,,,vplc_internal,10,20,10,0,0,1,558599139,1,32,0,ok,
RUN_20260510_VPLC_L1_LIGHT_10_20_S01_R02,VPLC_L1_LIGHT_10_20,SER_20260510_VPLC_L1_LIGHT_10_20_S01,vPLC_container,VPLC_HOST,573,573,574,,481418,,,vplc_internal,10,20,10,0,0,1,776443999,1,32,0,ok,
RUN_20260510_VPLC_L1_LIGHT_10_20_S01_R02,VPLC_L1_LIGHT_10_20,SER_20260510_VPLC_L1_LIGHT_10_20_S01,vPLC_container,VPLC_HOST,574,574,575,,481428,,,vplc_internal,10,20,10,0,0,1,999200092,1,32,0,ok,
RUN_20260510_VPLC_L1_LIGHT_10_20_S01_R02,VPLC_L1_LIGHT_10_20,SER_20260510_VPLC_L1_LIGHT_10_20_S01,vPLC_container,VPLC_HOST,575,575,576,,481438,,,vplc_internal,10,20,10,0,0,1,1226875866,1,32,0,ok,
RUN_20260510_VPLC_L1_LIGHT_10_20_S01_R02,VPLC_L1_LIGHT_10_20,SER_20260510_VPLC_L1_LIGHT_10_20_S01,vPLC_container,VPLC_HOST,576,576,577,,481448,,,vplc_internal,10,20,10,0,0,1,1459479257,1,32,0,ok,
RUN_20260510_VPLC_L1_LIGHT_10_20_S01_R02,VPLC_L1_LIGHT_10_20,SER_20260510_VPLC_L1_LIGHT_10_20_S01,vPLC_container,VPLC_HOST,577,577,578,,481458,,,vplc_internal,10,20,10,0,0,1,1697018713,1,32,0,ok,
RUN_20260510_VPLC_L1_LIGHT_10_20_S01_R02,VPLC_L1_LIGHT_10_20,SER_20260510_VPLC_L1_LIGHT_10_20_S01,vPLC_container,VPLC_HOST,578,578,579,,481468,,,vplc_internal,10,20,10,0,0,1,1939502170,1,32,0,ok,
RUN_20260510_VPLC_L1_LIGHT_10_20_S01_R02,VPLC_L1_LIGHT_10_20,SER_20260510_VPLC_L1_LIGHT_10_20_S01,vPLC_container,VPLC_HOST,579,579,580,,481478,,,vplc_internal,10,20,10,0,0,1,39454429,1,32,0,ok,
RUN_20260510_VPLC_L1_LIGHT_10_20_S01_R02,VPLC_L1_LIGHT_10_20,SER_20260510_VPLC_L1_LIGHT_10_20_S01,vPLC_container,VPLC_HOST,580,580,581,,481488,,,vplc_internal,10,20,10,0,0,1,291850720,1,32,0,ok,
RUN_20260510_VPLC_L1_LIGHT_10_20_S01_R02,VPLC_L1_LIGHT_10_20,SER_20260510_VPLC_L1_LIGHT_10_20_S01,vPLC_container,VPLC_HOST,581,581,582,,481498,,,vplc_internal,10,20,10,0,0,1,549215844,1,32,0,ok,
RUN_20260510_VPLC_L1_LIGHT_10_20_S01_R02,VPLC_L1_LIGHT_10_20,SER_20260510_VPLC_L1_LIGHT_10_20_S01,vPLC_container,VPLC_HOST,582,582,583,,481508,,,vplc_internal,10,20,10,0,0,1,811557737,1,32,0,ok,
RUN_20260510_VPLC_L1_LIGHT_10_20_S01_R02,VPLC_L1_LIGHT_10_20,SER_20260510_VPLC_L1_LIGHT_10_20_S01,vPLC_container,VPLC_HOST,583,583,584,,481518,,,vplc_internal,10,20,10,0,0,1,1078884847,1,32,0,ok,
RUN_20260510_VPLC_L1_LIGHT_10_20_S01_R02,VPLC_L1_LIGHT_10_20,SER_20260510_VPLC_L1_LIGHT_10_20_S01,vPLC_container,VPLC_HOST,584,584,585,,481528,,,vplc_internal,10,20,10,0,0,1,1351205110,1,32,0,ok,
RUN_20260510_VPLC_L1_LIGHT_10_20_S01_R02,VPLC_L1_LIGHT_10_20,SER_20260510_VPLC_L1_LIGHT_10_20_S01,vPLC_container,VPLC_HOST,585,585,586,,481538,,,vplc_internal,10,20,10,0,0,1,1628526974,1,32,0,ok,
RUN_20260510_VPLC_L1_LIGHT_10_20_S01_R02,VPLC_L1_LIGHT_10_20,SER_20260510_VPLC_L1_LIGHT_10_20_S01,vPLC_container,VPLC_HOST,586,586,587,,481548,,,vplc_internal,10,20,10,0,0,1,1910858375,1,32,0,ok,
RUN_20260510_VPLC_L1_LIGHT_10_20_S01_R02,VPLC_L1_LIGHT_10_20,SER_20260510_VPLC_L1_LIGHT_10_20_S01,vPLC_container,VPLC_HOST,587,587,588,,481558,,,vplc_internal,10,20,10,0,0,1,50724114,1,32,0,ok,
RUN_20260510_VPLC_L1_LIGHT_10_20_S01_R02,VPLC_L1_LIGHT_10_20,SER_20260510_VPLC_L1_LIGHT_10_20_S01,vPLC_container,VPLC_HOST,588,588,589,,481568,,,vplc_internal,10,20,10,0,0,1,343099421,1,32,0,ok,
RUN_20260510_VPLC_L1_LIGHT_10_20_S01_R02,VPLC_L1_LIGHT_10_20,SER_20260510_VPLC_L1_LIGHT_10_20_S01,vPLC_container,VPLC_HOST,589,589,590,,481578,,,vplc_internal,10,20,10,0,0,1,640509097,1,32,0,ok,
RUN_20260510_VPLC_L1_LIGHT_10_20_S01_R02,VPLC_L1_LIGHT_10_20,SER_20260510_VPLC_L1_LIGHT_10_20_S01,vPLC_container,VPLC_HOST,590,590,591,,481588,,,vplc_internal,10,20,10,0,0,1,942961078,1,32,0,ok,
RUN_20260510_VPLC_L1_LIGHT_10_20_S01_R02,VPLC_L1_LIGHT_10_20,SER_20260510_VPLC_L1_LIGHT_10_20_S01,vPLC_container,VPLC_HOST,591,591,592,,481598,,,vplc_internal,10,20,10,0,0,1,1250463812,1,32,0,ok,
RUN_20260510_VPLC_L1_LIGHT_10_20_S01_R02,VPLC_L1_LIGHT_10_20,SER_20260510_VPLC_L1_LIGHT_10_20_S01,vPLC_container,VPLC_HOST,592,592,593,,481608,,,vplc_internal,10,20,10,0,0,1,1563025235,1,32,0,ok,
RUN_20260510_VPLC_L1_LIGHT_10_20_S01_R02,VPLC_L1_LIGHT_10_20,SER_20260510_VPLC_L1_LIGHT_10_20_S01,vPLC_container,VPLC_HOST,593,593,594,,481618,,,vplc_internal,10,20,10,0,0,1,1880653795,1,32,0,ok,
RUN_20260510_VPLC_L1_LIGHT_10_20_S01_R02,VPLC_L1_LIGHT_10_20,SER_20260510_VPLC_L1_LIGHT_10_20_S01,vPLC_container,VPLC_HOST,594,594,595,,481628,,,vplc_internal,10,20,10,0,0,1,55873781,1,32,0,ok,
RUN_20260510_VPLC_L1_LIGHT_10_20_S01_R02,VPLC_L1_LIGHT_10_20,SER_20260510_VPLC_L1_LIGHT_10_20_S01,vPLC_container,VPLC_HOST,595,595,596,,481638,,,vplc_internal,10,20,10,0,0,1,383660935,1,32,0,ok,
RUN_20260510_VPLC_L1_LIGHT_10_20_S01_R02,VPLC_L1_LIGHT_10_20,SER_20260510_VPLC_L1_LIGHT_10_20_S01,vPLC_container,VPLC_HOST,596,596,597,,481648,,,vplc_internal,10,20,10,0,0,1,716539546,1,32,0,ok,
RUN_20260510_VPLC_L1_LIGHT_10_20_S01_R02,VPLC_L1_LIGHT_10_20,SER_20260510_VPLC_L1_LIGHT_10_20_S01,vPLC_container,VPLC_HOST,597,597,598,,481658,,,vplc_internal,10,20,10,0,0,1,1054518062,1,32,0,ok,
RUN_20260510_VPLC_L1_LIGHT_10_20_S01_R02,VPLC_L1_LIGHT_10_20,SER_20260510_VPLC_L1_LIGHT_10_20_S01,vPLC_container,VPLC_HOST,598,598,599,,481668,,,vplc_internal,10,20,10,0,0,1,1397604419,1,32,0,ok,
RUN_20260510_VPLC_L1_LIGHT_10_20_S01_R02,VPLC_L1_LIGHT_10_20,SER_20260510_VPLC_L1_LIGHT_10_20_S01,vPLC_container,VPLC_HOST,599,599,600,,481678,,,vplc_internal,10,20,10,0,0,0,1745807065,1,32,0,ok,
RUN_20260510_VPLC_L1_LIGHT_10_20_S01_R02,VPLC_L1_LIGHT_10_20,SER_20260510_VPLC_L1_LIGHT_10_20_S01,vPLC_container,VPLC_HOST,600,600,601,,481688,,,vplc_internal,10,20,10,0,0,0,2099133936,1,32,0,ok,
RUN_20260510_VPLC_L1_LIGHT_10_20_S01_R02,VPLC_L1_LIGHT_10_20,SER_20260510_VPLC_L1_LIGHT_10_20_S01,vPLC_container,VPLC_HOST,601,601,602,,481698,,,vplc_internal,10,20,10,0,0,0,310109833,1,32,0,ok,
RUN_20260510_VPLC_L1_LIGHT_10_20_S01_R02,VPLC_L1_LIGHT_10_20,SER_20260510_VPLC_L1_LIGHT_10_20_S01,vPLC_container,VPLC_HOST,602,602,603,,481708,,,vplc_internal,10,20,10,0,0,0,673709986,1,32,0,ok,
RUN_20260510_VPLC_L1_LIGHT_10_20_S01_R02,VPLC_L1_LIGHT_10_20,SER_20260510_VPLC_L1_LIGHT_10_20_S01,vPLC_container,VPLC_HOST,603,603,604,,481718,,,vplc_internal,10,20,10,0,0,0,1042459196,1,32,0,ok,
RUN_20260510_VPLC_L1_LIGHT_10_20_S01_R02,VPLC_L1_LIGHT_10_20,SER_20260510_VPLC_L1_LIGHT_10_20_S01,vPLC_container,VPLC_HOST,604,604,605,,481728,,,vplc_internal,10,20,10,0,0,0,1416365399,1,32,0,ok,
RUN_20260510_VPLC_L1_LIGHT_10_20_S01_R02,VPLC_L1_LIGHT_10_20,SER_20260510_VPLC_L1_LIGHT_10_20_S01,vPLC_container,VPLC_HOST,605,605,606,,481738,,,vplc_internal,10,20,10,0,0,0,1795437043,1,32,0,ok,
RUN_20260510_VPLC_L1_LIGHT_10_20_S01_R02,VPLC_L1_LIGHT_10_20,SER_20260510_VPLC_L1_LIGHT_10_20_S01,vPLC_container,VPLC_HOST,606,606,607,,481748,,,vplc_internal,10,20,10,0,0,0,32198417,1,32,0,ok,
RUN_20260510_VPLC_L1_LIGHT_10_20_S01_R02,VPLC_L1_LIGHT_10_20,SER_20260510_VPLC_L1_LIGHT_10_20_S01,vPLC_container,VPLC_HOST,607,607,608,,481758,,,vplc_internal,10,20,10,0,0,0,421625263,1,32,0,ok,
RUN_20260510_VPLC_L1_LIGHT_10_20_S01_R02,VPLC_L1_LIGHT_10_20,SER_20260510_VPLC_L1_LIGHT_10_20_S01,vPLC_container,VPLC_HOST,608,608,609,,481768,,,vplc_internal,10,20,10,0,0,0,816241870,1,32,0,ok,
RUN_20260510_VPLC_L1_LIGHT_10_20_S01_R02,VPLC_L1_LIGHT_10_20,SER_20260510_VPLC_L1_LIGHT_10_20_S01,vPLC_container,VPLC_HOST,609,609,610,,481778,,,vplc_internal,10,20,10,0,0,0,1216056686,1,32,0,ok,
RUN_20260510_VPLC_L1_LIGHT_10_20_S01_R02,VPLC_L1_LIGHT_10_20,SER_20260510_VPLC_L1_LIGHT_10_20_S01,vPLC_container,VPLC_HOST,610,610,611,,481788,,,vplc_internal,10,20,10,0,0,0,1621077647,1,32,0,ok,
RUN_20260510_VPLC_L1_LIGHT_10_20_S01_R02,VPLC_L1_LIGHT_10_20,SER_20260510_VPLC_L1_LIGHT_10_20_S01,vPLC_container,VPLC_HOST,611,611,612,,481798,,,vplc_internal,10,20,10,0,0,0,2031313201,1,32,0,ok,
RUN_20260510_VPLC_L1_LIGHT_10_20_S01_R02,VPLC_L1_LIGHT_10_20,SER_20260510_VPLC_L1_LIGHT_10_20_S01,vPLC_container,VPLC_HOST,612,612,613,,481808,,,vplc_internal,10,20,10,0,0,0,299287637,1,32,0,ok,
RUN_20260510_VPLC_L1_LIGHT_10_20_S01_R02,VPLC_L1_LIGHT_10_20,SER_20260510_VPLC_L1_LIGHT_10_20_S01,vPLC_container,VPLC_HOST,613,613,614,,481818,,,vplc_internal,10,20,10,0,0,0,719976697,1,32,0,ok,
RUN_20260510_VPLC_L1_LIGHT_10_20_S01_R02,VPLC_L1_LIGHT_10_20,SER_20260510_VPLC_L1_LIGHT_10_20_S01,vPLC_container,VPLC_HOST,614,614,615,,481848,,,vplc_internal,10,20,30,20,1,0,1145904670,1,32,0,ok,
RUN_20260510_VPLC_L1_LIGHT_10_20_S01_R02,VPLC_L1_LIGHT_10_20,SER_20260510_VPLC_L1_LIGHT_10_20_S01,vPLC_container,VPLC_HOST,615,615,616,,481848,,,vplc_internal,10,20,,,,0,1577080004,1,32,0,invalid_row,timing_invalid
RUN_20260510_VPLC_L1_LIGHT_10_20_S01_R02,VPLC_L1_LIGHT_10_20,SER_20260510_VPLC_L1_LIGHT_10_20_S01,vPLC_container,VPLC_HOST,616,616,617,,481848,,,vplc_internal,10,20,,,,0,2013510635,1,32,0,invalid_row,timing_invalid
RUN_20260510_VPLC_L1_LIGHT_10_20_S01_R02,VPLC_L1_LIGHT_10_20,SER_20260510_VPLC_L1_LIGHT_10_20_S01,vPLC_container,VPLC_HOST,617,617,618,,481858,,,vplc_internal,10,20,10,0,0,0,307721364,1,32,0,ok,
RUN_20260510_VPLC_L1_LIGHT_10_20_S01_R02,VPLC_L1_LIGHT_10_20,SER_20260510_VPLC_L1_LIGHT_10_20_S01,vPLC_container,VPLC_HOST,618,618,619,,481868,,,vplc_internal,10,20,10,0,0,0,754687421,1,32,0,ok,
RUN_20260510_VPLC_L1_LIGHT_10_20_S01_R02,VPLC_L1_LIGHT_10_20,SER_20260510_VPLC_L1_LIGHT_10_20_S01,vPLC_container,VPLC_HOST,619,619,620,,481878,,,vplc_internal,10,20,10,0,0,0,1206933607,1,32,0,ok,
RUN_20260510_VPLC_L1_LIGHT_10_20_S01_R02,VPLC_L1_LIGHT_10_20,SER_20260510_VPLC_L1_LIGHT_10_20_S01,vPLC_container,VPLC_HOST,620,620,621,,481888,,,vplc_internal,10,20,10,0,0,0,1664467858,1,32,0,ok,
RUN_20260510_VPLC_L1_LIGHT_10_20_S01_R02,VPLC_L1_LIGHT_10_20,SER_20260510_VPLC_L1_LIGHT_10_20_S01,vPLC_container,VPLC_HOST,621,621,622,,481898,,,vplc_internal,10,20,10,0,0,0,2127298622,1,32,0,ok,
RUN_20260510_VPLC_L1_LIGHT_10_20_S01_R02,VPLC_L1_LIGHT_10_20,SER_20260510_VPLC_L1_LIGHT_10_20_S01,vPLC_container,VPLC_HOST,622,622,623,,481908,,,vplc_internal,10,20,10,0,0,0,447950188,1,32,0,ok,
RUN_20260510_VPLC_L1_LIGHT_10_20_S01_R02,VPLC_L1_LIGHT_10_20,SER_20260510_VPLC_L1_LIGHT_10_20_S01,vPLC_container,VPLC_HOST,623,623,624,,481918,,,vplc_internal,10,20,10,0,0,0,921398298,1,32,0,ok,
RUN_20260510_VPLC_L1_LIGHT_10_20_S01_R02,VPLC_L1_LIGHT_10_20,SER_20260510_VPLC_L1_LIGHT_10_20_S01,vPLC_container,VPLC_HOST,624,624,625,,481928,,,vplc_internal,10,20,10,0,0,0,1400167241,1,32,0,ok,
RUN_20260510_VPLC_L1_LIGHT_10_20_S01_R02,VPLC_L1_LIGHT_10_20,SER_20260510_VPLC_L1_LIGHT_10_20_S01,vPLC_container,VPLC_HOST,625,625,626,,481938,,,vplc_internal,10,20,10,0,0,0,1884265465,1,32,0,ok,
RUN_20260510_VPLC_L1_LIGHT_10_20_S01_R02,VPLC_L1_LIGHT_10_20,SER_20260510_VPLC_L1_LIGHT_10_20_S01,vPLC_container,VPLC_HOST,626,626,627,,481948,,,vplc_internal,10,20,10,0,0,0,226217259,1,32,0,ok,
RUN_20260510_VPLC_L1_LIGHT_10_20_S01_R02,VPLC_L1_LIGHT_10_20,SER_20260510_VPLC_L1_LIGHT_10_20_S01,vPLC_container,VPLC_HOST,627,627,628,,481958,,,vplc_internal,10,20,10,0,0,0,720998365,1,32,0,ok,
RUN_20260510_VPLC_L1_LIGHT_10_20_S01_R02,VPLC_L1_LIGHT_10_20,SER_20260510_VPLC_L1_LIGHT_10_20_S01,vPLC_container,VPLC_HOST,628,628,629,,481968,,,vplc_internal,10,20,10,0,0,0,1221133072,1,32,0,ok,
RUN_20260510_VPLC_L1_LIGHT_10_20_S01_R02,VPLC_L1_LIGHT_10_20,SER_20260510_VPLC_L1_LIGHT_10_20_S01,vPLC_container,VPLC_HOST,629,629,630,,481978,,,vplc_internal,10,20,10,0,0,0,1726629828,1,32,0,ok,
RUN_20260510_VPLC_L1_LIGHT_10_20_S01_R02,VPLC_L1_LIGHT_10_20,SER_20260510_VPLC_L1_LIGHT_10_20_S01,vPLC_container,VPLC_HOST,630,630,631,,481988,,,vplc_internal,10,20,10,0,0,0,90012922,1,32,0,ok,
RUN_20260510_VPLC_L1_LIGHT_10_20_S01_R02,VPLC_L1_LIGHT_10_20,SER_20260510_VPLC_L1_LIGHT_10_20_S01,vPLC_container,VPLC_HOST,631,631,632,,481998,,,vplc_internal,10,20,10,0,0,0,606258096,1,32,0,ok,
RUN_20260510_VPLC_L1_LIGHT_10_20_S01_R02,VPLC_L1_LIGHT_10_20,SER_20260510_VPLC_L1_LIGHT_10_20_S01,vPLC_container,VPLC_HOST,632,632,633,,482008,,,vplc_internal,10,20,10,0,0,0,1127889639,1,32,0,ok,
RUN_20260510_VPLC_L1_LIGHT_10_20_S01_R02,VPLC_L1_LIGHT_10_20,SER_20260510_VPLC_L1_LIGHT_10_20_S01,vPLC_container,VPLC_HOST,633,633,634,,482018,,,vplc_internal,10,20,10,0,0,0,1654915999,1,32,0,ok,
RUN_20260510_VPLC_L1_LIGHT_10_20_S01_R02,VPLC_L1_LIGHT_10_20,SER_20260510_VPLC_L1_LIGHT_10_20_S01,vPLC_container,VPLC_HOST,634,634,635,,482028,,,vplc_internal,10,20,10,0,0,0,39861465,1,32,0,ok,
RUN_20260510_VPLC_L1_LIGHT_10_20_S01_R02,VPLC_L1_LIGHT_10_20,SER_20260510_VPLC_L1_LIGHT_10_20_S01,vPLC_container,VPLC_HOST,635,635,636,,482038,,,vplc_internal,10,20,10,0,0,0,577701779,1,32,0,ok,
RUN_20260510_VPLC_L1_LIGHT_10_20_S01_R02,VPLC_L1_LIGHT_10_20,SER_20260510_VPLC_L1_LIGHT_10_20_S01,vPLC_container,VPLC_HOST,636,636,637,,482048,,,vplc_internal,10,20,10,0,0,0,1120961230,1,32,0,ok,
RUN_20260510_VPLC_L1_LIGHT_10_20_S01_R02,VPLC_L1_LIGHT_10_20,SER_20260510_VPLC_L1_LIGHT_10_20_S01,vPLC_container,VPLC_HOST,637,637,638,,482058,,,vplc_internal,10,20,10,0,0,0,1669648266,1,32,0,ok,
RUN_20260510_VPLC_L1_LIGHT_10_20_S01_R02,VPLC_L1_LIGHT_10_20,SER_20260510_VPLC_L1_LIGHT_10_20_S01,vPLC_container,VPLC_HOST,638,638,639,,482069,,,vplc_internal,10,20,11,1,0,0,76287176,1,32,0,ok,
RUN_20260510_VPLC_L1_LIGHT_10_20_S01_R02,VPLC_L1_LIGHT_10_20,SER_20260510_VPLC_L1_LIGHT_10_20_S01,vPLC_container,VPLC_HOST,639,639,640,,482078,,,vplc_internal,10,20,9,-1,0,0,635853702,1,32,0,ok,
RUN_20260510_VPLC_L1_LIGHT_10_20_S01_R02,VPLC_L1_LIGHT_10_20,SER_20260510_VPLC_L1_LIGHT_10_20_S01,vPLC_container,VPLC_HOST,640,640,641,,482088,,,vplc_internal,10,20,10,0,0,0,1200872133,1,32,0,ok,
RUN_20260510_VPLC_L1_LIGHT_10_20_S01_R02,VPLC_L1_LIGHT_10_20,SER_20260510_VPLC_L1_LIGHT_10_20_S01,vPLC_container,VPLC_HOST,641,641,642,,482098,,,vplc_internal,10,20,10,0,0,0,1771350917,1,32,0,ok,
RUN_20260510_VPLC_L1_LIGHT_10_20_S01_R02,VPLC_L1_LIGHT_10_20,SER_20260510_VPLC_L1_LIGHT_10_20_S01,vPLC_container,VPLC_HOST,642,642,643,,482108,,,vplc_internal,10,20,10,0,0,0,199814343,1,32,0,ok,
RUN_20260510_VPLC_L1_LIGHT_10_20_S01_R02,VPLC_L1_LIGHT_10_20,SER_20260510_VPLC_L1_LIGHT_10_20_S01,vPLC_container,VPLC_HOST,643,643,644,,482118,,,vplc_internal,10,20,10,0,0,0,781238153,1,32,0,ok,
RUN_20260510_VPLC_L1_LIGHT_10_20_S01_R02,VPLC_L1_LIGHT_10_20,SER_20260510_VPLC_L1_LIGHT_10_20_S01,vPLC_container,VPLC_HOST,644,644,645,,482128,,,vplc_internal,10,20,10,0,0,0,1368146636,1,32,0,ok,
RUN_20260510_VPLC_L1_LIGHT_10_20_S01_R02,VPLC_L1_LIGHT_10_20,SER_20260510_VPLC_L1_LIGHT_10_20_S01,vPLC_container,VPLC_HOST,645,645,646,,482138,,,vplc_internal,10,20,10,0,0,0,1960548240,1,32,0,ok,
RUN_20260510_VPLC_L1_LIGHT_10_20_S01_R02,VPLC_L1_LIGHT_10_20,SER_20260510_VPLC_L1_LIGHT_10_20_S01,vPLC_container,VPLC_HOST,646,646,647,,482148,,,vplc_internal,10,20,10,0,0,0,410967254,1,32,0,ok,
RUN_20260510_VPLC_L1_LIGHT_10_20_S01_R02,VPLC_L1_LIGHT_10_20,SER_20260510_VPLC_L1_LIGHT_10_20_S01,vPLC_container,VPLC_HOST,647,647,648,,482158,,,vplc_internal,10,20,10,0,0,0,1014379420,1,32,0,ok,
RUN_20260510_VPLC_L1_LIGHT_10_20_S01_R02,VPLC_L1_LIGHT_10_20,SER_20260510_VPLC_L1_LIGHT_10_20_S01,vPLC_container,VPLC_HOST,648,648,649,,482168,,,vplc_internal,10,20,10,0,0,0,1623309027,1,32,0,ok,
RUN_20260510_VPLC_L1_LIGHT_10_20_S01_R02,VPLC_L1_LIGHT_10_20,SER_20260510_VPLC_L1_LIGHT_10_20_S01,vPLC_container,VPLC_HOST,649,649,650,,482178,,,vplc_internal,10,20,10,0,0,0,90280876,1,32,0,ok,
RUN_20260510_VPLC_L1_LIGHT_10_20_S01_R02,VPLC_L1_LIGHT_10_20,SER_20260510_VPLC_L1_LIGHT_10_20_S01,vPLC_container,VPLC_HOST,650,650,651,,482188,,,vplc_internal,10,20,10,0,0,0,710270197,1,32,0,ok,
RUN_20260510_VPLC_L1_LIGHT_10_20_S01_R02,VPLC_L1_LIGHT_10_20,SER_20260510_VPLC_L1_LIGHT_10_20_S01,vPLC_container,VPLC_HOST,651,651,652,,482198,,,vplc_internal,10,20,10,0,0,0,1335801791,1,32,0,ok,
RUN_20260510_VPLC_L1_LIGHT_10_20_S01_R02,VPLC_L1_LIGHT_10_20,SER_20260510_VPLC_L1_LIGHT_10_20_S01,vPLC_container,VPLC_HOST,652,652,653,,482208,,,vplc_internal,10,20,10,0,0,0,1966883594,1,32,0,ok,
RUN_20260510_VPLC_L1_LIGHT_10_20_S01_R02,VPLC_L1_LIGHT_10_20,SER_20260510_VPLC_L1_LIGHT_10_20_S01,vPLC_container,VPLC_HOST,653,653,654,,482218,,,vplc_internal,10,20,10,0,0,0,456040407,1,32,0,ok,
RUN_20260510_VPLC_L1_LIGHT_10_20_S01_R02,VPLC_L1_LIGHT_10_20,SER_20260510_VPLC_L1_LIGHT_10_20_S01,vPLC_container,VPLC_HOST,654,654,655,,482228,,,vplc_internal,10,20,10,0,0,0,1098247460,1,32,0,ok,
RUN_20260510_VPLC_L1_LIGHT_10_20_S01_R02,VPLC_L1_LIGHT_10_20,SER_20260510_VPLC_L1_LIGHT_10_20_S01,vPLC_container,VPLC_HOST,655,655,656,,482238,,,vplc_internal,10,20,10,0,0,0,1746029554,1,32,0,ok,
RUN_20260510_VPLC_L1_LIGHT_10_20_S01_R02,VPLC_L1_LIGHT_10_20,SER_20260510_VPLC_L1_LIGHT_10_20_S01,vPLC_container,VPLC_HOST,656,656,657,,482248,,,vplc_internal,10,20,10,0,0,0,251910978,1,32,0,ok,
RUN_20260510_VPLC_L1_LIGHT_10_20_S01_R02,VPLC_L1_LIGHT_10_20,SER_20260510_VPLC_L1_LIGHT_10_20_S01,vPLC_container,VPLC_HOST,657,657,658,,482258,,,vplc_internal,10,20,10,0,0,0,910867474,1,32,0,ok,
RUN_20260510_VPLC_L1_LIGHT_10_20_S01_R02,VPLC_L1_LIGHT_10_20,SER_20260510_VPLC_L1_LIGHT_10_20_S01,vPLC_container,VPLC_HOST,658,658,659,,482270,,,vplc_internal,10,20,12,2,0,0,1575423331,1,32,0,ok,
RUN_20260510_VPLC_L1_LIGHT_10_20_S01_R02,VPLC_L1_LIGHT_10_20,SER_20260510_VPLC_L1_LIGHT_10_20_S01,vPLC_container,VPLC_HOST,659,659,660,,482278,,,vplc_internal,10,20,8,-2,0,0,98103350,1,32,0,ok,
RUN_20260510_VPLC_L1_LIGHT_10_20_S01_R02,VPLC_L1_LIGHT_10_20,SER_20260510_VPLC_L1_LIGHT_10_20_S01,vPLC_container,VPLC_HOST,660,660,661,,482288,,,vplc_internal,10,20,10,0,0,0,773882761,1,32,0,ok,
RUN_20260510_VPLC_L1_LIGHT_10_20_S01_R02,VPLC_L1_LIGHT_10_20,SER_20260510_VPLC_L1_LIGHT_10_20_S01,vPLC_container,VPLC_HOST,661,661,662,,482298,,,vplc_internal,10,20,10,0,0,0,1455286365,1,32,0,ok,
RUN_20260510_VPLC_L1_LIGHT_10_20_S01_R02,VPLC_L1_LIGHT_10_20,SER_20260510_VPLC_L1_LIGHT_10_20_S01,vPLC_container,VPLC_HOST,662,662,663,,482308,,,vplc_internal,10,20,10,0,0,0,2142322098,1,32,0,ok,
RUN_20260510_VPLC_L1_LIGHT_10_20_S01_R02,VPLC_L1_LIGHT_10_20,SER_20260510_VPLC_L1_LIGHT_10_20_S01,vPLC_container,VPLC_HOST,663,663,664,,482318,,,vplc_internal,10,20,10,0,0,0,687514761,1,32,0,ok,
RUN_20260510_VPLC_L1_LIGHT_10_20_S01_R02,VPLC_L1_LIGHT_10_20,SER_20260510_VPLC_L1_LIGHT_10_20_S01,vPLC_container,VPLC_HOST,664,664,665,,482328,,,vplc_internal,10,20,10,0,0,0,1385839584,1,32,0,ok,
RUN_20260510_VPLC_L1_LIGHT_10_20_S01_R02,VPLC_L1_LIGHT_10_20,SER_20260510_VPLC_L1_LIGHT_10_20_S01,vPLC_container,VPLC_HOST,665,665,666,,482338,,,vplc_internal,10,20,10,0,0,0,2089821368,1,32,0,ok,
RUN_20260510_VPLC_L1_LIGHT_10_20_S01_R02,VPLC_L1_LIGHT_10_20,SER_20260510_VPLC_L1_LIGHT_10_20_S01,vPLC_container,VPLC_HOST,666,666,667,,482348,,,vplc_internal,10,20,10,0,0,0,651984402,1,32,0,ok,
RUN_20260510_VPLC_L1_LIGHT_10_20_S01_R02,VPLC_L1_LIGHT_10_20,SER_20260510_VPLC_L1_LIGHT_10_20_S01,vPLC_container,VPLC_HOST,667,667,668,,482358,,,vplc_internal,10,20,10,0,0,0,1367304428,1,32,0,ok,
RUN_20260510_VPLC_L1_LIGHT_10_20_S01_R02,VPLC_L1_LIGHT_10_20,SER_20260510_VPLC_L1_LIGHT_10_20_S01,vPLC_container,VPLC_HOST,668,668,669,,482368,,,vplc_internal,10,20,10,0,0,0,2088305735,1,32,0,ok,
RUN_20260510_VPLC_L1_LIGHT_10_20_S01_R02,VPLC_L1_LIGHT_10_20,SER_20260510_VPLC_L1_LIGHT_10_20_S01,vPLC_container,VPLC_HOST,669,669,670,,482378,,,vplc_internal,10,20,10,0,0,0,667513124,1,32,0,ok,
RUN_20260510_VPLC_L1_LIGHT_10_20_S01_R02,VPLC_L1_LIGHT_10_20,SER_20260510_VPLC_L1_LIGHT_10_20_S01,vPLC_container,VPLC_HOST,670,670,671,,482388,,,vplc_internal,10,20,10,0,0,0,1399901825,1,32,0,ok,
RUN_20260510_VPLC_L1_LIGHT_10_20_S01_R02,VPLC_L1_LIGHT_10_20,SER_20260510_VPLC_L1_LIGHT_10_20_S01,vPLC_container,VPLC_HOST,671,671,672,,482398,,,vplc_internal,10,20,10,0,0,0,2137996639,1,32,0,ok,
RUN_20260510_VPLC_L1_LIGHT_10_20_S01_R02,VPLC_L1_LIGHT_10_20,SER_20260510_VPLC_L1_LIGHT_10_20_S01,vPLC_container,VPLC_HOST,672,672,673,,482408,,,vplc_internal,10,20,10,0,0,0,734321855,1,32,0,ok,
RUN_20260510_VPLC_L1_LIGHT_10_20_S01_R02,VPLC_L1_LIGHT_10_20,SER_20260510_VPLC_L1_LIGHT_10_20_S01,vPLC_container,VPLC_HOST,673,673,674,,482418,,,vplc_internal,10,20,10,0,0,0,1483853215,1,32,0,ok,
RUN_20260510_VPLC_L1_LIGHT_10_20_S01_R02,VPLC_L1_LIGHT_10_20,SER_20260510_VPLC_L1_LIGHT_10_20_S01,vPLC_container,VPLC_HOST,674,674,675,,482428,,,vplc_internal,10,20,10,0,0,0,91631361,1,32,0,ok,
RUN_20260510_VPLC_L1_LIGHT_10_20_S01_R02,VPLC_L1_LIGHT_10_20,SER_20260510_VPLC_L1_LIGHT_10_20_S01,vPLC_container,VPLC_HOST,675,675,676,,482438,,,vplc_internal,10,20,10,0,0,0,852632035,1,32,0,ok,
RUN_20260510_VPLC_L1_LIGHT_10_20_S01_R02,VPLC_L1_LIGHT_10_20,SER_20260510_VPLC_L1_LIGHT_10_20_S01,vPLC_container,VPLC_HOST,676,676,677,,482448,,,vplc_internal,10,20,10,0,0,0,1619379526,1,32,0,ok,
RUN_20260510_VPLC_L1_LIGHT_10_20_S01_R02,VPLC_L1_LIGHT_10_20,SER_20260510_VPLC_L1_LIGHT_10_20_S01,vPLC_container,VPLC_HOST,677,677,678,,482458,,,vplc_internal,10,20,10,0,0,0,244398635,1,32,0,ok,
RUN_20260510_VPLC_L1_LIGHT_10_20_S01_R02,VPLC_L1_LIGHT_10_20,SER_20260510_VPLC_L1_LIGHT_10_20_S01,vPLC_container,VPLC_HOST,678,678,679,,482468,,,vplc_internal,10,20,10,0,0,0,1022664592,1,32,0,ok,
RUN_20260510_VPLC_L1_LIGHT_10_20_S01_R02,VPLC_L1_LIGHT_10_20,SER_20260510_VPLC_L1_LIGHT_10_20_S01,vPLC_container,VPLC_HOST,679,679,680,,482478,,,vplc_internal,10,20,10,0,0,0,1806702198,1,32,0,ok,
RUN_20260510_VPLC_L1_LIGHT_10_20_S01_R02,VPLC_L1_LIGHT_10_20,SER_20260510_VPLC_L1_LIGHT_10_20_S01,vPLC_container,VPLC_HOST,680,680,681,,482488,,,vplc_internal,10,20,10,0,0,0,449035742,1,32,0,ok,
RUN_20260510_VPLC_L1_LIGHT_10_20_S01_R02,VPLC_L1_LIGHT_10_20,SER_20260510_VPLC_L1_LIGHT_10_20_S01,vPLC_container,VPLC_HOST,681,681,682,,482498,,,vplc_internal,10,20,10,0,0,0,1244640966,1,32,0,ok,
RUN_20260510_VPLC_L1_LIGHT_10_20_S01_R02,VPLC_L1_LIGHT_10_20,SER_20260510_VPLC_L1_LIGHT_10_20_S01,vPLC_container,VPLC_HOST,682,682,683,,482508,,,vplc_internal,10,20,10,0,0,0,2046042159,1,32,0,ok,
RUN_20260510_VPLC_L1_LIGHT_10_20_S01_R02,VPLC_L1_LIGHT_10_20,SER_20260510_VPLC_L1_LIGHT_10_20_S01,vPLC_container,VPLC_HOST,683,683,684,,482518,,,vplc_internal,10,20,10,0,0,0,705764122,1,32,0,ok,
RUN_20260510_VPLC_L1_LIGHT_10_20_S01_R02,VPLC_L1_LIGHT_10_20,SER_20260510_VPLC_L1_LIGHT_10_20_S01,vPLC_container,VPLC_HOST,684,684,685,,482528,,,vplc_internal,10,20,10,0,0,0,1518782085,1,32,0,ok,
RUN_20260510_VPLC_L1_LIGHT_10_20_S01_R02,VPLC_L1_LIGHT_10_20,SER_20260510_VPLC_L1_LIGHT_10_20_S01,vPLC_container,VPLC_HOST,685,685,686,,482538,,,vplc_internal,10,20,10,0,0,0,190137202,1,32,0,ok,
RUN_20260510_VPLC_L1_LIGHT_10_20_S01_R02,VPLC_L1_LIGHT_10_20,SER_20260510_VPLC_L1_LIGHT_10_20_S01,vPLC_container,VPLC_HOST,686,686,687,,482548,,,vplc_internal,10,20,10,0,0,0,1014804703,1,32,0,ok,
RUN_20260510_VPLC_L1_LIGHT_10_20_S01_R02,VPLC_L1_LIGHT_10_20,SER_20260510_VPLC_L1_LIGHT_10_20_S01,vPLC_container,VPLC_HOST,687,687,688,,482558,,,vplc_internal,10,20,10,0,0,0,1845309389,1,32,0,ok,
RUN_20260510_VPLC_L1_LIGHT_10_20_S01_R02,VPLC_L1_LIGHT_10_20,SER_20260510_VPLC_L1_LIGHT_10_20_S01,vPLC_container,VPLC_HOST,688,688,689,,482568,,,vplc_internal,10,20,10,0,0,0,534175549,1,32,0,ok,
RUN_20260510_VPLC_L1_LIGHT_10_20_S01_R02,VPLC_L1_LIGHT_10_20,SER_20260510_VPLC_L1_LIGHT_10_20_S01,vPLC_container,VPLC_HOST,689,689,690,,482578,,,vplc_internal,10,20,10,0,0,0,1376378925,1,32,0,ok,
RUN_20260510_VPLC_L1_LIGHT_10_20_S01_R02,VPLC_L1_LIGHT_10_20,SER_20260510_VPLC_L1_LIGHT_10_20_S01,vPLC_container,VPLC_HOST,690,690,691,,482588,,,vplc_internal,10,20,10,0,0,0,76960159,1,32,0,ok,
RUN_20260510_VPLC_L1_LIGHT_10_20_S01_R02,VPLC_L1_LIGHT_10_20,SER_20260510_VPLC_L1_LIGHT_10_20_S01,vPLC_container,VPLC_HOST,691,691,692,,482598,,,vplc_internal,10,20,10,0,0,0,930894993,1,32,0,ok,
RUN_20260510_VPLC_L1_LIGHT_10_20_S01_R02,VPLC_L1_LIGHT_10_20,SER_20260510_VPLC_L1_LIGHT_10_20_S01,vPLC_container,VPLC_HOST,692,692,693,,482608,,,vplc_internal,10,20,10,0,0,0,1790707716,1,32,0,ok,
RUN_20260510_VPLC_L1_LIGHT_10_20_S01_R02,VPLC_L1_LIGHT_10_20,SER_20260510_VPLC_L1_LIGHT_10_20_S01,vPLC_container,VPLC_HOST,693,693,694,,482618,,,vplc_internal,10,20,10,0,0,0,508923129,1,32,0,ok,
RUN_20260510_VPLC_L1_LIGHT_10_20_S01_R02,VPLC_L1_LIGHT_10_20,SER_20260510_VPLC_L1_LIGHT_10_20_S01,vPLC_container,VPLC_HOST,694,694,695,,482628,,,vplc_internal,10,20,10,0,0,0,1380516462,1,32,0,ok,
RUN_20260510_VPLC_L1_LIGHT_10_20_S01_R02,VPLC_L1_LIGHT_10_20,SER_20260510_VPLC_L1_LIGHT_10_20_S01,vPLC_container,VPLC_HOST,695,695,696,,482638,,,vplc_internal,10,20,10,0,0,0,110528869,1,32,0,ok,
RUN_20260510_VPLC_L1_LIGHT_10_20_S01_R02,VPLC_L1_LIGHT_10_20,SER_20260510_VPLC_L1_LIGHT_10_20_S01,vPLC_container,VPLC_HOST,696,696,697,,482648,,,vplc_internal,10,20,10,0,0,0,993935580,1,32,0,ok,
RUN_20260510_VPLC_L1_LIGHT_10_20_S01_R02,VPLC_L1_LIGHT_10_20,SER_20260510_VPLC_L1_LIGHT_10_20_S01,vPLC_container,VPLC_HOST,697,697,698,,482658,,,vplc_internal,10,20,10,0,0,0,1883261396,1,32,0,ok,
RUN_20260510_VPLC_L1_LIGHT_10_20_S01_R02,VPLC_L1_LIGHT_10_20,SER_20260510_VPLC_L1_LIGHT_10_20_S01,vPLC_container,VPLC_HOST,698,698,699,,482668,,,vplc_internal,10,20,10,0,0,0,631030606,1,32,0,ok,
RUN_20260510_VPLC_L1_LIGHT_10_20_S01_R02,VPLC_L1_LIGHT_10_20,SER_20260510_VPLC_L1_LIGHT_10_20_S01,vPLC_container,VPLC_HOST,699,699,700,,482678,,,vplc_internal,10,20,10,0,0,1,1532218952,1,32,0,ok,
RUN_20260510_VPLC_L1_LIGHT_10_20_S01_R02,VPLC_L1_LIGHT_10_20,SER_20260510_VPLC_L1_LIGHT_10_20_S01,vPLC_container,VPLC_HOST,700,700,701,,482688,,,vplc_internal,10,20,10,0,0,1,291867076,1,32,0,ok,
RUN_20260510_VPLC_L1_LIGHT_10_20_S01_R02,VPLC_L1_LIGHT_10_20,SER_20260510_VPLC_L1_LIGHT_10_20_S01,vPLC_container,VPLC_HOST,701,701,702,,482698,,,vplc_internal,10,20,10,0,0,1,1204950720,1,32,0,ok,
RUN_20260510_VPLC_L1_LIGHT_10_20_S01_R02,VPLC_L1_LIGHT_10_20,SER_20260510_VPLC_L1_LIGHT_10_20_S01,vPLC_container,VPLC_HOST,702,702,703,,482708,,,vplc_internal,10,20,10,0,0,1,2123994173,1,32,0,ok,
RUN_20260510_VPLC_L1_LIGHT_10_20_S01_R02,VPLC_L1_LIGHT_10_20,SER_20260510_VPLC_L1_LIGHT_10_20_S01,vPLC_container,VPLC_HOST,703,703,704,,482718,,,vplc_internal,10,20,10,0,0,1,901522236,1,32,0,ok,
RUN_20260510_VPLC_L1_LIGHT_10_20_S01_R02,VPLC_L1_LIGHT_10_20,SER_20260510_VPLC_L1_LIGHT_10_20_S01,vPLC_container,VPLC_HOST,704,704,705,,482728,,,vplc_internal,10,20,10,0,0,1,1832510139,1,32,0,ok,
RUN_20260510_VPLC_L1_LIGHT_10_20_S01_R02,VPLC_L1_LIGHT_10_20,SER_20260510_VPLC_L1_LIGHT_10_20_S01,vPLC_container,VPLC_HOST,705,705,706,,482738,,,vplc_internal,10,20,10,0,0,1,621999036,1,32,0,ok,
RUN_20260510_VPLC_L1_LIGHT_10_20_S01_R02,VPLC_L1_LIGHT_10_20,SER_20260510_VPLC_L1_LIGHT_10_20_S01,vPLC_container,VPLC_HOST,706,706,707,,482748,,,vplc_internal,10,20,10,0,0,1,1564964157,1,32,0,ok,
RUN_20260510_VPLC_L1_LIGHT_10_20_S01_R02,VPLC_L1_LIGHT_10_20,SER_20260510_VPLC_L1_LIGHT_10_20_S01,vPLC_container,VPLC_HOST,707,707,708,,482758,,,vplc_internal,10,20,10,0,0,1,366446656,1,32,0,ok,
RUN_20260510_VPLC_L1_LIGHT_10_20_S01_R02,VPLC_L1_LIGHT_10_20,SER_20260510_VPLC_L1_LIGHT_10_20_S01,vPLC_container,VPLC_HOST,708,708,709,,482768,,,vplc_internal,10,20,10,0,0,1,1321421763,1,32,0,ok,
RUN_20260510_VPLC_L1_LIGHT_10_20_S01_R02,VPLC_L1_LIGHT_10_20,SER_20260510_VPLC_L1_LIGHT_10_20_S01,vPLC_container,VPLC_HOST,709,709,710,,482778,,,vplc_internal,10,20,10,0,0,1,134930632,1,32,0,ok,
RUN_20260510_VPLC_L1_LIGHT_10_20_S01_R02,VPLC_L1_LIGHT_10_20,SER_20260510_VPLC_L1_LIGHT_10_20_S01,vPLC_container,VPLC_HOST,710,710,711,,482788,,,vplc_internal,10,20,10,0,0,1,1101948493,1,32,0,ok,
RUN_20260510_VPLC_L1_LIGHT_10_20_S01_R02,VPLC_L1_LIGHT_10_20,SER_20260510_VPLC_L1_LIGHT_10_20_S01,vPLC_container,VPLC_HOST,711,711,712,,482798,,,vplc_internal,10,20,10,0,0,1,2075000147,1,32,0,ok,
RUN_20260510_VPLC_L1_LIGHT_10_20_S01_R02,VPLC_L1_LIGHT_10_20,SER_20260510_VPLC_L1_LIGHT_10_20_S01,vPLC_container,VPLC_HOST,712,712,713,,482808,,,vplc_internal,10,20,10,0,0,1,906609883,1,32,0,ok,
RUN_20260510_VPLC_L1_LIGHT_10_20_S01_R02,VPLC_L1_LIGHT_10_20,SER_20260510_VPLC_L1_LIGHT_10_20_S01,vPLC_container,VPLC_HOST,713,713,714,,482818,,,vplc_internal,10,20,10,0,0,1,1891753443,1,32,0,ok,
RUN_20260510_VPLC_L1_LIGHT_10_20_S01_R02,VPLC_L1_LIGHT_10_20,SER_20260510_VPLC_L1_LIGHT_10_20_S01,vPLC_container,VPLC_HOST,714,714,715,,482848,,,vplc_internal,10,20,30,20,1,1,735471469,1,32,0,ok,
RUN_20260510_VPLC_L1_LIGHT_10_20_S01_R02,VPLC_L1_LIGHT_10_20,SER_20260510_VPLC_L1_LIGHT_10_20_S01,vPLC_container,VPLC_HOST,715,715,716,,482848,,,vplc_internal,10,20,,,,1,1732739703,1,32,0,invalid_row,timing_invalid
RUN_20260510_VPLC_L1_LIGHT_10_20_S01_R02,VPLC_L1_LIGHT_10_20,SER_20260510_VPLC_L1_LIGHT_10_20_S01,vPLC_container,VPLC_HOST,716,716,717,,482848,,,vplc_internal,10,20,,,,1,588598787,1,32,0,invalid_row,timing_invalid
RUN_20260510_VPLC_L1_LIGHT_10_20_S01_R02,VPLC_L1_LIGHT_10_20,SER_20260510_VPLC_L1_LIGHT_10_20_S01,vPLC_container,VPLC_HOST,717,717,718,,482858,,,vplc_internal,10,20,10,0,0,1,1598024463,1,32,0,ok,
RUN_20260510_VPLC_L1_LIGHT_10_20_S01_R02,VPLC_L1_LIGHT_10_20,SER_20260510_VPLC_L1_LIGHT_10_20_S01,vPLC_container,VPLC_HOST,718,718,719,,482868,,,vplc_internal,10,20,10,0,0,1,466057373,1,32,0,ok,
RUN_20260510_VPLC_L1_LIGHT_10_20_S01_R02,VPLC_L1_LIGHT_10_20,SER_20260510_VPLC_L1_LIGHT_10_20_S01,vPLC_container,VPLC_HOST,719,719,720,,482878,,,vplc_internal,10,20,10,0,0,1,1487673259,1,32,0,ok,
RUN_20260510_VPLC_L1_LIGHT_10_20_S01_R02,VPLC_L1_LIGHT_10_20,SER_20260510_VPLC_L1_LIGHT_10_20_S01,vPLC_container,VPLC_HOST,720,720,721,,482888,,,vplc_internal,10,20,10,0,0,1,367912763,1,32,0,ok,
RUN_20260510_VPLC_L1_LIGHT_10_20_S01_R02,VPLC_L1_LIGHT_10_20,SER_20260510_VPLC_L1_LIGHT_10_20_S01,vPLC_container,VPLC_HOST,721,721,722,,482898,,,vplc_internal,10,20,10,0,0,1,1401751627,1,32,0,ok,
RUN_20260510_VPLC_L1_LIGHT_10_20_S01_R02,VPLC_L1_LIGHT_10_20,SER_20260510_VPLC_L1_LIGHT_10_20_S01,vPLC_container,VPLC_HOST,722,722,723,,482908,,,vplc_internal,10,20,10,0,0,1,294230493,1,32,0,ok,
RUN_20260510_VPLC_L1_LIGHT_10_20_S01_R02,VPLC_L1_LIGHT_10_20,SER_20260510_VPLC_L1_LIGHT_10_20_S01,vPLC_container,VPLC_HOST,723,723,724,,482918,,,vplc_internal,10,20,10,0,0,1,1340325103,1,32,0,ok,
RUN_20260510_VPLC_L1_LIGHT_10_20_S01_R02,VPLC_L1_LIGHT_10_20,SER_20260510_VPLC_L1_LIGHT_10_20_S01,vPLC_container,VPLC_HOST,724,724,725,,482928,,,vplc_internal,10,20,10,0,0,1,245076099,1,32,0,ok,
RUN_20260510_VPLC_L1_LIGHT_10_20_S01_R02,VPLC_L1_LIGHT_10_20,SER_20260510_VPLC_L1_LIGHT_10_20_S01,vPLC_container,VPLC_HOST,725,725,726,,482938,,,vplc_internal,10,20,10,0,0,1,1303459223,1,32,0,ok,
RUN_20260510_VPLC_L1_LIGHT_10_20_S01_R02,VPLC_L1_LIGHT_10_20,SER_20260510_VPLC_L1_LIGHT_10_20_S01,vPLC_container,VPLC_HOST,726,726,727,,482948,,,vplc_internal,10,20,10,0,0,1,220515117,1,32,0,ok,
RUN_20260510_VPLC_L1_LIGHT_10_20_S01_R02,VPLC_L1_LIGHT_10_20,SER_20260510_VPLC_L1_LIGHT_10_20_S01,vPLC_container,VPLC_HOST,727,727,728,,482958,,,vplc_internal,10,20,10,0,0,1,1291219523,1,32,0,ok,
RUN_20260510_VPLC_L1_LIGHT_10_20_S01_R02,VPLC_L1_LIGHT_10_20,SER_20260510_VPLC_L1_LIGHT_10_20_S01,vPLC_container,VPLC_HOST,728,728,729,,482968,,,vplc_internal,10,20,10,0,0,1,220613083,1,32,0,ok,
RUN_20260510_VPLC_L1_LIGHT_10_20_S01_R02,VPLC_L1_LIGHT_10_20,SER_20260510_VPLC_L1_LIGHT_10_20_S01,vPLC_container,VPLC_HOST,729,729,730,,482978,,,vplc_internal,10,20,10,0,0,1,1303671539,1,32,0,ok,
RUN_20260510_VPLC_L1_LIGHT_10_20_S01_R02,VPLC_L1_LIGHT_10_20,SER_20260510_VPLC_L1_LIGHT_10_20_S01,vPLC_container,VPLC_HOST,730,730,731,,482988,,,vplc_internal,10,20,10,0,0,1,245435533,1,32,0,ok,
RUN_20260510_VPLC_L1_LIGHT_10_20_S01_R02,VPLC_L1_LIGHT_10_20,SER_20260510_VPLC_L1_LIGHT_10_20_S01,vPLC_container,VPLC_HOST,731,731,732,,482998,,,vplc_internal,10,20,10,0,0,1,1340880807,1,32,0,ok,
RUN_20260510_VPLC_L1_LIGHT_10_20_S01_R02,VPLC_L1_LIGHT_10_20,SER_20260510_VPLC_L1_LIGHT_10_20_S01,vPLC_container,VPLC_HOST,732,732,733,,483008,,,vplc_internal,10,20,10,0,0,1,295048003,1,32,0,ok,
RUN_20260510_VPLC_L1_LIGHT_10_20_S01_R02,VPLC_L1_LIGHT_10_20,SER_20260510_VPLC_L1_LIGHT_10_20_S01,vPLC_container,VPLC_HOST,733,733,734,,483018,,,vplc_internal,10,20,10,0,0,1,1402912863,1,32,0,ok,
RUN_20260510_VPLC_L1_LIGHT_10_20_S01_R02,VPLC_L1_LIGHT_10_20,SER_20260510_VPLC_L1_LIGHT_10_20_S01,vPLC_container,VPLC_HOST,734,734,735,,483028,,,vplc_internal,10,20,10,0,0,1,369516029,1,32,0,ok,
RUN_20260510_VPLC_L1_LIGHT_10_20_S01_R02,VPLC_L1_LIGHT_10_20,SER_20260510_VPLC_L1_LIGHT_10_20_S01,vPLC_container,VPLC_HOST,735,735,736,,483038,,,vplc_internal,10,20,10,0,0,1,1489833243,1,32,0,ok,
RUN_20260510_VPLC_L1_LIGHT_10_20_S01_R02,VPLC_L1_LIGHT_10_20,SER_20260510_VPLC_L1_LIGHT_10_20_S01,vPLC_container,VPLC_HOST,736,736,737,,483048,,,vplc_internal,10,20,10,0,0,1,468905147,1,32,0,ok,
RUN_20260510_VPLC_L1_LIGHT_10_20_S01_R02,VPLC_L1_LIGHT_10_20,SER_20260510_VPLC_L1_LIGHT_10_20_S01,vPLC_container,VPLC_HOST,737,737,738,,483058,,,vplc_internal,10,20,10,0,0,1,1601707483,1,32,0,ok,
RUN_20260510_VPLC_L1_LIGHT_10_20_S01_R02,VPLC_L1_LIGHT_10_20,SER_20260510_VPLC_L1_LIGHT_10_20_S01,vPLC_container,VPLC_HOST,738,738,739,,483069,,,vplc_internal,10,20,11,1,0,1,593280893,1,32,0,ok,
RUN_20260510_VPLC_L1_LIGHT_10_20_S01_R02,VPLC_L1_LIGHT_10_20,SER_20260510_VPLC_L1_LIGHT_10_20_S01,vPLC_container,VPLC_HOST,739,739,740,,483078,,,vplc_internal,10,20,9,-1,0,1,1738601119,1,32,0,ok,
RUN_20260510_VPLC_L1_LIGHT_10_20_S01_R02,VPLC_L1_LIGHT_10_20,SER_20260510_VPLC_L1_LIGHT_10_20_S01,vPLC_container,VPLC_HOST,740,740,741,,483088,,,vplc_internal,10,20,10,0,0,1,742708803,1,32,0,ok,
RUN_20260510_VPLC_L1_LIGHT_10_20_S01_R02,VPLC_L1_LIGHT_10_20,SER_20260510_VPLC_L1_LIGHT_10_20_S01,vPLC_container,VPLC_HOST,741,741,742,,483098,,,vplc_internal,10,20,10,0,0,1,1900579687,1,32,0,ok,
RUN_20260510_VPLC_L1_LIGHT_10_20_S01_R02,VPLC_L1_LIGHT_10_20,SER_20260510_VPLC_L1_LIGHT_10_20_S01,vPLC_container,VPLC_HOST,742,742,743,,483108,,,vplc_internal,10,20,10,0,0,1,917254413,1,32,0,ok,
RUN_20260510_VPLC_L1_LIGHT_10_20_S01_R02,VPLC_L1_LIGHT_10_20,SER_20260510_VPLC_L1_LIGHT_10_20_S01,vPLC_container,VPLC_HOST,743,743,744,,483118,,,vplc_internal,10,20,10,0,0,1,2087708723,1,32,0,ok,
RUN_20260510_VPLC_L1_LIGHT_10_20_S01_R02,VPLC_L1_LIGHT_10_20,SER_20260510_VPLC_L1_LIGHT_10_20_S01,vPLC_container,VPLC_HOST,744,744,745,,483128,,,vplc_internal,10,20,10,0,0,1,1116983259,1,32,0,ok,
RUN_20260510_VPLC_L1_LIGHT_10_20_S01_R02,VPLC_L1_LIGHT_10_20,SER_20260510_VPLC_L1_LIGHT_10_20_S01,vPLC_container,VPLC_HOST,745,745,746,,483138,,,vplc_internal,10,20,10,0,0,1,152570116,1,32,0,ok,
RUN_20260510_VPLC_L1_LIGHT_10_20_S01_R02,VPLC_L1_LIGHT_10_20,SER_20260510_VPLC_L1_LIGHT_10_20_S01,vPLC_container,VPLC_HOST,746,746,747,,483148,,,vplc_internal,10,20,10,0,0,1,1341960877,1,32,0,ok,
RUN_20260510_VPLC_L1_LIGHT_10_20_S01_R02,VPLC_L1_LIGHT_10_20,SER_20260510_VPLC_L1_LIGHT_10_20_S01,vPLC_container,VPLC_HOST,747,747,748,,483158,,,vplc_internal,10,20,10,0,0,1,390196696,1,32,0,ok,
RUN_20260510_VPLC_L1_LIGHT_10_20_S01_R02,VPLC_L1_LIGHT_10_20,SER_20260510_VPLC_L1_LIGHT_10_20_S01,vPLC_container,VPLC_HOST,748,748,749,,483168,,,vplc_internal,10,20,10,0,0,1,1592252803,1,32,0,ok,
RUN_20260510_VPLC_L1_LIGHT_10_20_S01_R02,VPLC_L1_LIGHT_10_20,SER_20260510_VPLC_L1_LIGHT_10_20_S01,vPLC_container,VPLC_HOST,749,749,750,,483178,,,vplc_internal,10,20,10,0,0,1,653170352,1,32,0,ok,
RUN_20260510_VPLC_L1_LIGHT_10_20_S01_R02,VPLC_L1_LIGHT_10_20,SER_20260510_VPLC_L1_LIGHT_10_20_S01,vPLC_container,VPLC_HOST,750,750,751,,483188,,,vplc_internal,10,20,10,0,0,1,1867924573,1,32,0,ok,
RUN_20260510_VPLC_L1_LIGHT_10_20_S01_R02,VPLC_L1_LIGHT_10_20,SER_20260510_VPLC_L1_LIGHT_10_20_S01,vPLC_container,VPLC_HOST,751,751,752,,483198,,,vplc_internal,10,20,10,0,0,1,941556620,1,32,0,ok,
RUN_20260510_VPLC_L1_LIGHT_10_20_S01_R02,VPLC_L1_LIGHT_10_20,SER_20260510_VPLC_L1_LIGHT_10_20_S01,vPLC_container,VPLC_HOST,752,752,753,,483208,,,vplc_internal,10,20,10,0,0,1,21558076,1,32,0,ok,
RUN_20260510_VPLC_L1_LIGHT_10_20_S01_R02,VPLC_L1_LIGHT_10_20,SER_20260510_VPLC_L1_LIGHT_10_20_S01,vPLC_container,VPLC_HOST,753,753,754,,483218,,,vplc_internal,10,20,10,0,0,1,1255421036,1,32,0,ok,
RUN_20260510_VPLC_L1_LIGHT_10_20_S01_R02,VPLC_L1_LIGHT_10_20,SER_20260510_VPLC_L1_LIGHT_10_20_S01,vPLC_container,VPLC_HOST,754,754,755,,483228,,,vplc_internal,10,20,10,0,0,1,348186142,1,32,0,ok,
RUN_20260510_VPLC_L1_LIGHT_10_20_S01_R02,VPLC_L1_LIGHT_10_20,SER_20260510_VPLC_L1_LIGHT_10_20_S01,vPLC_container,VPLC_HOST,755,755,756,,483238,,,vplc_internal,10,20,10,0,0,1,1594829136,1,32,0,ok,
RUN_20260510_VPLC_L1_LIGHT_10_20_S01_R02,VPLC_L1_LIGHT_10_20,SER_20260510_VPLC_L1_LIGHT_10_20_S01,vPLC_container,VPLC_HOST,756,756,757,,483248,,,vplc_internal,10,20,10,0,0,1,700390660,1,32,0,ok,
RUN_20260510_VPLC_L1_LIGHT_10_20_S01_R02,VPLC_L1_LIGHT_10_20,SER_20260510_VPLC_L1_LIGHT_10_20_S01,vPLC_container,VPLC_HOST,757,757,758,,483258,,,vplc_internal,10,20,10,0,0,1,1959846456,1,32,0,ok,
RUN_20260510_VPLC_L1_LIGHT_10_20_S01_R02,VPLC_L1_LIGHT_10_20,SER_20260510_VPLC_L1_LIGHT_10_20_S01,vPLC_container,VPLC_HOST,758,758,759,,483268,,,vplc_internal,10,20,10,0,0,1,1078237166,1,32,0,ok,
RUN_20260510_VPLC_L1_LIGHT_10_20_S01_R02,VPLC_L1_LIGHT_10_20,SER_20260510_VPLC_L1_LIGHT_10_20_S01,vPLC_container,VPLC_HOST,759,759,760,,483278,,,vplc_internal,10,20,10,0,0,1,203054885,1,32,0,ok,
RUN_20260510_VPLC_L1_LIGHT_10_20_S01_R02,VPLC_L1_LIGHT_10_20,SER_20260510_VPLC_L1_LIGHT_10_20_S01,vPLC_container,VPLC_HOST,760,760,761,,483288,,,vplc_internal,10,20,10,0,0,1,1481791196,1,32,0,ok,
RUN_20260510_VPLC_L1_LIGHT_10_20_S01_R02,VPLC_L1_LIGHT_10_20,SER_20260510_VPLC_L1_LIGHT_10_20_S01,vPLC_container,VPLC_HOST,761,761,762,,483298,,,vplc_internal,10,20,10,0,0,1,619487253,1,32,0,ok,
RUN_20260510_VPLC_L1_LIGHT_10_20_S01_R02,VPLC_L1_LIGHT_10_20,SER_20260510_VPLC_L1_LIGHT_10_20_S01,vPLC_container,VPLC_HOST,762,762,763,,483308,,,vplc_internal,10,20,10,0,0,1,1911118286,1,32,0,ok,
RUN_20260510_VPLC_L1_LIGHT_10_20_S01_R02,VPLC_L1_LIGHT_10_20,SER_20260510_VPLC_L1_LIGHT_10_20_S01,vPLC_container,VPLC_HOST,763,763,764,,483318,,,vplc_internal,10,20,10,0,0,1,1061725449,1,32,0,ok,
RUN_20260510_VPLC_L1_LIGHT_10_20_S01_R02,VPLC_L1_LIGHT_10_20,SER_20260510_VPLC_L1_LIGHT_10_20_S01,vPLC_container,VPLC_HOST,764,764,765,,483328,,,vplc_internal,10,20,10,0,0,1,218800325,1,32,0,ok,
RUN_20260510_VPLC_L1_LIGHT_10_20_S01_R02,VPLC_L1_LIGHT_10_20,SER_20260510_VPLC_L1_LIGHT_10_20_S01,vPLC_container,VPLC_HOST,765,765,766,,483338,,,vplc_internal,10,20,10,0,0,1,1529835009,1,32,0,ok,
RUN_20260510_VPLC_L1_LIGHT_10_20_S01_R02,VPLC_L1_LIGHT_10_20,SER_20260510_VPLC_L1_LIGHT_10_20_S01,vPLC_container,VPLC_HOST,766,766,767,,483348,,,vplc_internal,10,20,10,0,0,1,699870143,1,32,0,ok,
RUN_20260510_VPLC_L1_LIGHT_10_20_S01_R02,VPLC_L1_LIGHT_10_20,SER_20260510_VPLC_L1_LIGHT_10_20_S01,vPLC_container,VPLC_HOST,767,767,768,,483358,,,vplc_internal,10,20,10,0,0,1,2023881469,1,32,0,ok,
RUN_20260510_VPLC_L1_LIGHT_10_20_S01_R02,VPLC_L1_LIGHT_10_20,SER_20260510_VPLC_L1_LIGHT_10_20_S01,vPLC_container,VPLC_HOST,768,768,769,,483368,,,vplc_internal,10,20,10,0,0,1,1206909629,1,32,0,ok,
RUN_20260510_VPLC_L1_LIGHT_10_20_S01_R02,VPLC_L1_LIGHT_10_20,SER_20260510_VPLC_L1_LIGHT_10_20_S01,vPLC_container,VPLC_HOST,769,769,770,,483378,,,vplc_internal,10,20,10,0,0,1,396446718,1,32,0,ok,
RUN_20260510_VPLC_L1_LIGHT_10_20_S01_R02,VPLC_L1_LIGHT_10_20,SER_20260510_VPLC_L1_LIGHT_10_20_S01,vPLC_container,VPLC_HOST,770,770,771,,483388,,,vplc_internal,10,20,10,0,0,1,1739984319,1,32,0,ok,
RUN_20260510_VPLC_L1_LIGHT_10_20_S01_R02,VPLC_L1_LIGHT_10_20,SER_20260510_VPLC_L1_LIGHT_10_20_S01,vPLC_container,VPLC_HOST,771,771,772,,483398,,,vplc_internal,10,20,10,0,0,1,942563586,1,32,0,ok,
RUN_20260510_VPLC_L1_LIGHT_10_20_S01_R02,VPLC_L1_LIGHT_10_20,SER_20260510_VPLC_L1_LIGHT_10_20_S01,vPLC_container,VPLC_HOST,772,772,773,,483408,,,vplc_internal,10,20,10,0,0,1,151676102,1,32,0,ok,
RUN_20260510_VPLC_L1_LIGHT_10_20_S01_R02,VPLC_L1_LIGHT_10_20,SER_20260510_VPLC_L1_LIGHT_10_20_S01,vPLC_container,VPLC_HOST,773,773,774,,483418,,,vplc_internal,10,20,10,0,0,1,1514813962,1,32,0,ok,
RUN_20260510_VPLC_L1_LIGHT_10_20_S01_R02,VPLC_L1_LIGHT_10_20,SER_20260510_VPLC_L1_LIGHT_10_20_S01,vPLC_container,VPLC_HOST,774,774,775,,483428,,,vplc_internal,10,20,10,0,0,1,737017808,1,32,0,ok,
RUN_20260510_VPLC_L1_LIGHT_10_20_S01_R02,VPLC_L1_LIGHT_10_20,SER_20260510_VPLC_L1_LIGHT_10_20_S01,vPLC_container,VPLC_HOST,775,775,776,,483438,,,vplc_internal,10,20,10,0,0,1,2113263382,1,32,0,ok,
RUN_20260510_VPLC_L1_LIGHT_10_20_S01_R02,VPLC_L1_LIGHT_10_20,SER_20260510_VPLC_L1_LIGHT_10_20_S01,vPLC_container,VPLC_HOST,776,776,777,,483448,,,vplc_internal,10,20,10,0,0,1,1348591326,1,32,0,ok,
RUN_20260510_VPLC_L1_LIGHT_10_20_S01_R02,VPLC_L1_LIGHT_10_20,SER_20260510_VPLC_L1_LIGHT_10_20_S01,vPLC_container,VPLC_HOST,777,777,778,,483458,,,vplc_internal,10,20,10,0,0,1,590493735,1,32,0,ok,
RUN_20260510_VPLC_L1_LIGHT_10_20_S01_R02,VPLC_L1_LIGHT_10_20,SER_20260510_VPLC_L1_LIGHT_10_20_S01,vPLC_container,VPLC_HOST,778,778,779,,483468,,,vplc_internal,10,20,10,0,0,1,1986462192,1,32,0,ok,
RUN_20260510_VPLC_L1_LIGHT_10_20_S01_R02,VPLC_L1_LIGHT_10_20,SER_20260510_VPLC_L1_LIGHT_10_20_S01,vPLC_container,VPLC_HOST,779,779,780,,483478,,,vplc_internal,10,20,10,0,0,1,1241537851,1,32,0,ok,
RUN_20260510_VPLC_L1_LIGHT_10_20_S01_R02,VPLC_L1_LIGHT_10_20,SER_20260510_VPLC_L1_LIGHT_10_20_S01,vPLC_container,VPLC_HOST,780,780,781,,483488,,,vplc_internal,10,20,10,0,0,1,503212295,1,32,0,ok,
RUN_20260510_VPLC_L1_LIGHT_10_20_S01_R02,VPLC_L1_LIGHT_10_20,SER_20260510_VPLC_L1_LIGHT_10_20_S01,vPLC_container,VPLC_HOST,781,781,782,,483498,,,vplc_internal,10,20,10,0,0,1,1918977619,1,32,0,ok,
RUN_20260510_VPLC_L1_LIGHT_10_20_S01_R02,VPLC_L1_LIGHT_10_20,SER_20260510_VPLC_L1_LIGHT_10_20_S01,vPLC_container,VPLC_HOST,782,782,783,,483508,,,vplc_internal,10,20,10,0,0,1,1193874465,1,32,0,ok,
RUN_20260510_VPLC_L1_LIGHT_10_20_S01_R02,VPLC_L1_LIGHT_10_20,SER_20260510_VPLC_L1_LIGHT_10_20_S01,vPLC_container,VPLC_HOST,783,783,784,,483518,,,vplc_internal,10,20,10,0,0,1,475394928,1,32,0,ok,
RUN_20260510_VPLC_L1_LIGHT_10_20_S01_R02,VPLC_L1_LIGHT_10_20,SER_20260510_VPLC_L1_LIGHT_10_20_S01,vPLC_container,VPLC_HOST,784,784,785,,483528,,,vplc_internal,10,20,10,0,0,1,1911030591,1,32,0,ok,
RUN_20260510_VPLC_L1_LIGHT_10_20_S01_R02,VPLC_L1_LIGHT_10_20,SER_20260510_VPLC_L1_LIGHT_10_20_S01,vPLC_container,VPLC_HOST,785,785,786,,483538,,,vplc_internal,10,20,10,0,0,1,1205822608,1,32,0,ok,
RUN_20260510_VPLC_L1_LIGHT_10_20_S01_R02,VPLC_L1_LIGHT_10_20,SER_20260510_VPLC_L1_LIGHT_10_20_S01,vPLC_container,VPLC_HOST,786,786,787,,483548,,,vplc_internal,10,20,10,0,0,1,507262562,1,32,0,ok,
RUN_20260510_VPLC_L1_LIGHT_10_20_S01_R02,VPLC_L1_LIGHT_10_20,SER_20260510_VPLC_L1_LIGHT_10_20_S01,vPLC_container,VPLC_HOST,787,787,788,,483558,,,vplc_internal,10,20,10,0,0,1,1962842548,1,32,0,ok,
RUN_20260510_VPLC_L1_LIGHT_10_20_S01_R02,VPLC_L1_LIGHT_10_20,SER_20260510_VPLC_L1_LIGHT_10_20_S01,vPLC_container,VPLC_HOST,788,788,789,,483568,,,vplc_internal,10,20,10,0,0,1,1277603208,1,32,0,ok,
RUN_20260510_VPLC_L1_LIGHT_10_20_S01_R02,VPLC_L1_LIGHT_10_20,SER_20260510_VPLC_L1_LIGHT_10_20_S01,vPLC_container,VPLC_HOST,789,789,790,,483578,,,vplc_internal,10,20,10,0,0,1,599036637,1,32,0,ok,
RUN_20260510_VPLC_L1_LIGHT_10_20_S01_R02,VPLC_L1_LIGHT_10_20,SER_20260510_VPLC_L1_LIGHT_10_20_S01,vPLC_container,VPLC_HOST,790,790,791,,483588,,,vplc_internal,10,20,10,0,0,1,2074634418,1,32,0,ok,
RUN_20260510_VPLC_L1_LIGHT_10_20_S01_R02,VPLC_L1_LIGHT_10_20,SER_20260510_VPLC_L1_LIGHT_10_20_S01,vPLC_container,VPLC_HOST,791,791,792,,483598,,,vplc_internal,10,20,10,0,0,1,1409437705,1,32,0,ok,
RUN_20260510_VPLC_L1_LIGHT_10_20_S01_R02,VPLC_L1_LIGHT_10_20,SER_20260510_VPLC_L1_LIGHT_10_20_S01,vPLC_container,VPLC_HOST,792,792,793,,483608,,,vplc_internal,10,20,10,0,0,1,750938081,1,32,0,ok,
RUN_20260510_VPLC_L1_LIGHT_10_20_S01_R02,VPLC_L1_LIGHT_10_20,SER_20260510_VPLC_L1_LIGHT_10_20_S01,vPLC_container,VPLC_HOST,793,793,794,,483618,,,vplc_internal,10,20,10,0,0,1,99143994,1,32,0,ok,
RUN_20260510_VPLC_L1_LIGHT_10_20_S01_R02,VPLC_L1_LIGHT_10_20,SER_20260510_VPLC_L1_LIGHT_10_20_S01,vPLC_container,VPLC_HOST,794,794,795,,483628,,,vplc_internal,10,20,10,0,0,1,1601547027,1,32,0,ok,
RUN_20260510_VPLC_L1_LIGHT_10_20_S01_R02,VPLC_L1_LIGHT_10_20,SER_20260510_VPLC_L1_LIGHT_10_20_S01,vPLC_container,VPLC_HOST,795,795,796,,483638,,,vplc_internal,10,20,10,0,0,1,963188334,1,32,0,ok,
RUN_20260510_VPLC_L1_LIGHT_10_20_S01_R02,VPLC_L1_LIGHT_10_20,SER_20260510_VPLC_L1_LIGHT_10_20_S01,vPLC_container,VPLC_HOST,796,796,797,,483648,,,vplc_internal,10,20,10,0,0,1,331559498,1,32,0,ok,
RUN_20260510_VPLC_L1_LIGHT_10_20_S01_R02,VPLC_L1_LIGHT_10_20,SER_20260510_VPLC_L1_LIGHT_10_20_S01,vPLC_container,VPLC_HOST,797,797,798,,483658,,,vplc_internal,10,20,10,0,0,1,1854152614,1,32,0,ok,
RUN_20260510_VPLC_L1_LIGHT_10_20_S01_R02,VPLC_L1_LIGHT_10_20,SER_20260510_VPLC_L1_LIGHT_10_20_S01,vPLC_container,VPLC_HOST,798,798,799,,483668,,,vplc_internal,10,20,10,0,0,1,1236008324,1,32,0,ok,
RUN_20260510_VPLC_L1_LIGHT_10_20_S01_R02,VPLC_L1_LIGHT_10_20,SER_20260510_VPLC_L1_LIGHT_10_20_S01,vPLC_container,VPLC_HOST,799,799,800,,483678,,,vplc_internal,10,20,10,0,0,0,624618723,1,32,0,ok,
RUN_20260510_VPLC_L1_LIGHT_10_20_S01_R02,VPLC_L1_LIGHT_10_20,SER_20260510_VPLC_L1_LIGHT_10_20_S01,vPLC_container,VPLC_HOST,800,800,801,,483688,,,vplc_internal,10,20,10,0,0,0,19991747,1,32,0,ok,
RUN_20260510_VPLC_L1_LIGHT_10_20_S01_R02,VPLC_L1_LIGHT_10_20,SER_20260510_VPLC_L1_LIGHT_10_20_S01,vPLC_container,VPLC_HOST,801,801,802,,483698,,,vplc_internal,10,20,10,0,0,0,1569619491,1,32,0,ok,
RUN_20260510_VPLC_L1_LIGHT_10_20_S01_R02,VPLC_L1_LIGHT_10_20,SER_20260510_VPLC_L1_LIGHT_10_20_S01,vPLC_container,VPLC_HOST,802,802,803,,483708,,,vplc_internal,10,20,10,0,0,0,978542597,1,32,0,ok,
RUN_20260510_VPLC_L1_LIGHT_10_20_S01_R02,VPLC_L1_LIGHT_10_20,SER_20260510_VPLC_L1_LIGHT_10_20_S01,vPLC_container,VPLC_HOST,803,803,804,,483718,,,vplc_internal,10,20,10,0,0,0,394253160,1,32,0,ok,
RUN_20260510_VPLC_L1_LIGHT_10_20_S01_R02,VPLC_L1_LIGHT_10_20,SER_20260510_VPLC_L1_LIGHT_10_20_S01,vPLC_container,VPLC_HOST,804,804,805,,483728,,,vplc_internal,10,20,10,0,0,0,1964242763,1,32,0,ok,
RUN_20260510_VPLC_L1_LIGHT_10_20_S01_R02,VPLC_L1_LIGHT_10_20,SER_20260510_VPLC_L1_LIGHT_10_20_S01,vPLC_container,VPLC_HOST,805,805,806,,483738,,,vplc_internal,10,20,10,0,0,0,1393552560,1,32,0,ok,
RUN_20260510_VPLC_L1_LIGHT_10_20_S01_R02,VPLC_L1_LIGHT_10_20,SER_20260510_VPLC_L1_LIGHT_10_20_S01,vPLC_container,VPLC_HOST,806,806,807,,483748,,,vplc_internal,10,20,10,0,0,0,829674134,1,32,0,ok,
RUN_20260510_VPLC_L1_LIGHT_10_20_S01_R02,VPLC_L1_LIGHT_10_20,SER_20260510_VPLC_L1_LIGHT_10_20_S01,vPLC_container,VPLC_HOST,807,807,808,,483758,,,vplc_internal,10,20,10,0,0,0,272615933,1,32,0,ok,
RUN_20260510_VPLC_L1_LIGHT_10_20_S01_R02,VPLC_L1_LIGHT_10_20,SER_20260510_VPLC_L1_LIGHT_10_20_S01,vPLC_container,VPLC_HOST,808,808,809,,483768,,,vplc_internal,10,20,10,0,0,0,1869869540,1,32,0,ok,
RUN_20260510_VPLC_L1_LIGHT_10_20_S01_R02,VPLC_L1_LIGHT_10_20,SER_20260510_VPLC_L1_LIGHT_10_20_S01,vPLC_container,VPLC_HOST,809,809,810,,483778,,,vplc_internal,10,20,10,0,0,0,1326476109,1,32,0,ok,
RUN_20260510_VPLC_L1_LIGHT_10_20_S01_R02,VPLC_L1_LIGHT_10_20,SER_20260510_VPLC_L1_LIGHT_10_20_S01,vPLC_container,VPLC_HOST,810,810,811,,483788,,,vplc_internal,10,20,10,0,0,0,789927223,1,32,0,ok,
RUN_20260510_VPLC_L1_LIGHT_10_20_S01_R02,VPLC_L1_LIGHT_10_20,SER_20260510_VPLC_L1_LIGHT_10_20_S01,vPLC_container,VPLC_HOST,811,811,812,,483798,,,vplc_internal,10,20,10,0,0,0,260231330,1,32,0,ok,
RUN_20260510_VPLC_L1_LIGHT_10_20_S01_R02,VPLC_L1_LIGHT_10_20,SER_20260510_VPLC_L1_LIGHT_10_20_S01,vPLC_container,VPLC_HOST,812,812,813,,483808,,,vplc_internal,10,20,10,0,0,0,1884880013,1,32,0,ok,
RUN_20260510_VPLC_L1_LIGHT_10_20_S01_R02,VPLC_L1_LIGHT_10_20,SER_20260510_VPLC_L1_LIGHT_10_20_S01,vPLC_container,VPLC_HOST,813,813,814,,483818,,,vplc_internal,10,20,10,0,0,0,1368914426,1,32,0,ok,
RUN_20260510_VPLC_L1_LIGHT_10_20_S01_R02,VPLC_L1_LIGHT_10_20,SER_20260510_VPLC_L1_LIGHT_10_20_S01,vPLC_container,VPLC_HOST,814,814,815,,483842,,,vplc_internal,10,20,24,14,1,0,859826152,1,32,0,ok,
RUN_20260510_VPLC_L1_LIGHT_10_20_S01_R02,VPLC_L1_LIGHT_10_20,SER_20260510_VPLC_L1_LIGHT_10_20_S01,vPLC_container,VPLC_HOST,815,815,816,,483842,,,vplc_internal,10,20,,,,0,357623639,1,32,0,invalid_row,timing_invalid
RUN_20260510_VPLC_L1_LIGHT_10_20_S01_R02,VPLC_L1_LIGHT_10_20,SER_20260510_VPLC_L1_LIGHT_10_20_S01,vPLC_container,VPLC_HOST,816,816,817,,483848,,,vplc_internal,10,20,6,-4,0,0,2009798470,1,32,0,ok,
RUN_20260510_VPLC_L1_LIGHT_10_20_S01_R02,VPLC_L1_LIGHT_10_20,SER_20260510_VPLC_L1_LIGHT_10_20_S01,vPLC_container,VPLC_HOST,817,817,818,,483858,,,vplc_internal,10,20,10,0,0,0,1521391799,1,32,0,ok,
RUN_20260510_VPLC_L1_LIGHT_10_20_S01_R02,VPLC_L1_LIGHT_10_20,SER_20260510_VPLC_L1_LIGHT_10_20_S01,vPLC_container,VPLC_HOST,818,818,819,,483868,,,vplc_internal,10,20,10,0,0,0,1039895209,1,32,0,ok,
RUN_20260510_VPLC_L1_LIGHT_10_20_S01_R02,VPLC_L1_LIGHT_10_20,SER_20260510_VPLC_L1_LIGHT_10_20_S01,vPLC_container,VPLC_HOST,819,819,820,,483878,,,vplc_internal,10,20,10,0,0,0,565317148,1,32,0,ok,
RUN_20260510_VPLC_L1_LIGHT_10_20_S01_R02,VPLC_L1_LIGHT_10_20,SER_20260510_VPLC_L1_LIGHT_10_20_S01,vPLC_container,VPLC_HOST,820,820,821,,483888,,,vplc_internal,10,20,10,0,0,0,97665552,1,32,0,ok,
RUN_20260510_VPLC_L1_LIGHT_10_20_S01_R02,VPLC_L1_LIGHT_10_20,SER_20260510_VPLC_L1_LIGHT_10_20_S01,vPLC_container,VPLC_HOST,821,821,822,,483898,,,vplc_internal,10,20,10,0,0,0,1784432516,1,32,0,ok,
RUN_20260510_VPLC_L1_LIGHT_10_20_S01_R02,VPLC_L1_LIGHT_10_20,SER_20260510_VPLC_L1_LIGHT_10_20_S01,vPLC_container,VPLC_HOST,822,822,823,,483908,,,vplc_internal,10,20,10,0,0,0,1330658682,1,32,0,ok,
RUN_20260510_VPLC_L1_LIGHT_10_20_S01_R02,VPLC_L1_LIGHT_10_20,SER_20260510_VPLC_L1_LIGHT_10_20_S01,vPLC_container,VPLC_HOST,823,823,824,,483918,,,vplc_internal,10,20,10,0,0,0,883836145,1,32,0,ok,
RUN_20260510_VPLC_L1_LIGHT_10_20_S01_R02,VPLC_L1_LIGHT_10_20,SER_20260510_VPLC_L1_LIGHT_10_20_S01,vPLC_container,VPLC_HOST,824,824,825,,483928,,,vplc_internal,10,20,10,0,0,0,443972841,1,32,0,ok,
RUN_20260510_VPLC_L1_LIGHT_10_20_S01_R02,VPLC_L1_LIGHT_10_20,SER_20260510_VPLC_L1_LIGHT_10_20_S01,vPLC_container,VPLC_HOST,825,825,826,,483938,,,vplc_internal,10,20,10,0,0,0,11077218,1,32,0,ok,
RUN_20260510_VPLC_L1_LIGHT_10_20_S01_R02,VPLC_L1_LIGHT_10_20,SER_20260510_VPLC_L1_LIGHT_10_20_S01,vPLC_container,VPLC_HOST,826,826,827,,483948,,,vplc_internal,10,20,10,0,0,0,1732640859,1,32,0,ok,
RUN_20260510_VPLC_L1_LIGHT_10_20_S01_R02,VPLC_L1_LIGHT_10_20,SER_20260510_VPLC_L1_LIGHT_10_20_S01,vPLC_container,VPLC_HOST,827,827,828,,483958,,,vplc_internal,10,20,10,0,0,0,1313704918,1,32,0,ok,
RUN_20260510_VPLC_L1_LIGHT_10_20_S01_R02,VPLC_L1_LIGHT_10_20,SER_20260510_VPLC_L1_LIGHT_10_20_S01,vPLC_container,VPLC_HOST,828,828,829,,483968,,,vplc_internal,10,20,10,0,0,0,901760978,1,32,0,ok,
RUN_20260510_VPLC_L1_LIGHT_10_20_S01_R02,VPLC_L1_LIGHT_10_20,SER_20260510_VPLC_L1_LIGHT_10_20_S01,vPLC_container,VPLC_HOST,829,829,830,,483978,,,vplc_internal,10,20,10,0,0,0,496817487,1,32,0,ok,
RUN_20260510_VPLC_L1_LIGHT_10_20_S01_R02,VPLC_L1_LIGHT_10_20,SER_20260510_VPLC_L1_LIGHT_10_20_S01,vPLC_container,VPLC_HOST,830,830,831,,483988,,,vplc_internal,10,20,10,0,0,0,98882381,1,32,0,ok,
RUN_20260510_VPLC_L1_LIGHT_10_20_S01_R02,VPLC_L1_LIGHT_10_20,SER_20260510_VPLC_L1_LIGHT_10_20_S01,vPLC_container,VPLC_HOST,831,831,832,,483998,,,vplc_internal,10,20,10,0,0,0,1855447755,1,32,0,ok,
RUN_20260510_VPLC_L1_LIGHT_10_20_S01_R02,VPLC_L1_LIGHT_10_20,SER_20260510_VPLC_L1_LIGHT_10_20_S01,vPLC_container,VPLC_HOST,832,832,833,,484008,,,vplc_internal,10,20,10,0,0,0,1471554251,1,32,0,ok,
RUN_20260510_VPLC_L1_LIGHT_10_20_S01_R02,VPLC_L1_LIGHT_10_20,SER_20260510_VPLC_L1_LIGHT_10_20_S01,vPLC_container,VPLC_HOST,833,833,834,,484018,,,vplc_internal,10,20,10,0,0,0,1094693964,1,32,0,ok,
RUN_20260510_VPLC_L1_LIGHT_10_20_S01_R02,VPLC_L1_LIGHT_10_20,SER_20260510_VPLC_L1_LIGHT_10_20_S01,vPLC_container,VPLC_HOST,834,834,835,,484028,,,vplc_internal,10,20,10,0,0,0,724874830,1,32,0,ok,
RUN_20260510_VPLC_L1_LIGHT_10_20_S01_R02,VPLC_L1_LIGHT_10_20,SER_20260510_VPLC_L1_LIGHT_10_20_S01,vPLC_container,VPLC_HOST,835,835,836,,484038,,,vplc_internal,10,20,10,0,0,0,362105297,1,32,0,ok,
RUN_20260510_VPLC_L1_LIGHT_10_20_S01_R02,VPLC_L1_LIGHT_10_20,SER_20260510_VPLC_L1_LIGHT_10_20_S01,vPLC_container,VPLC_HOST,836,836,837,,484048,,,vplc_internal,10,20,10,0,0,0,6393301,1,32,0,ok,
RUN_20260510_VPLC_L1_LIGHT_10_20_S01_R02,VPLC_L1_LIGHT_10_20,SER_20260510_VPLC_L1_LIGHT_10_20_S01,vPLC_container,VPLC_HOST,837,837,838,,484058,,,vplc_internal,10,20,10,0,0,0,1805230937,1,32,0,ok,
RUN_20260510_VPLC_L1_LIGHT_10_20_S01_R02,VPLC_L1_LIGHT_10_20,SER_20260510_VPLC_L1_LIGHT_10_20_S01,vPLC_container,VPLC_HOST,838,838,839,,484068,,,vplc_internal,10,20,10,0,0,0,1463658847,1,32,0,ok,
RUN_20260510_VPLC_L1_LIGHT_10_20_S01_R02,VPLC_L1_LIGHT_10_20,SER_20260510_VPLC_L1_LIGHT_10_20_S01,vPLC_container,VPLC_HOST,839,839,840,,484078,,,vplc_internal,10,20,10,0,0,0,1129169126,1,32,0,ok,
RUN_20260510_VPLC_L1_LIGHT_10_20_S01_R02,VPLC_L1_LIGHT_10_20,SER_20260510_VPLC_L1_LIGHT_10_20_S01,vPLC_container,VPLC_HOST,840,840,841,,484088,,,vplc_internal,10,20,10,0,0,0,801769710,1,32,0,ok,
RUN_20260510_VPLC_L1_LIGHT_10_20_S01_R02,VPLC_L1_LIGHT_10_20,SER_20260510_VPLC_L1_LIGHT_10_20_S01,vPLC_container,VPLC_HOST,841,841,842,,484098,,,vplc_internal,10,20,10,0,0,0,481469047,1,32,0,ok,
RUN_20260510_VPLC_L1_LIGHT_10_20_S01_R02,VPLC_L1_LIGHT_10_20,SER_20260510_VPLC_L1_LIGHT_10_20_S01,vPLC_container,VPLC_HOST,842,842,843,,484108,,,vplc_internal,10,20,10,0,0,0,168275073,1,32,0,ok,
RUN_20260510_VPLC_L1_LIGHT_10_20_S01_R02,VPLC_L1_LIGHT_10_20,SER_20260510_VPLC_L1_LIGHT_10_20_S01,vPLC_container,VPLC_HOST,843,843,844,,484118,,,vplc_internal,10,20,10,0,0,0,2009679883,1,32,0,ok,
RUN_20260510_VPLC_L1_LIGHT_10_20_S01_R02,VPLC_L1_LIGHT_10_20,SER_20260510_VPLC_L1_LIGHT_10_20_S01,vPLC_container,VPLC_HOST,844,844,845,,484128,,,vplc_internal,10,20,10,0,0,0,1710724119,1,32,0,ok,
RUN_20260510_VPLC_L1_LIGHT_10_20_S01_R02,VPLC_L1_LIGHT_10_20,SER_20260510_VPLC_L1_LIGHT_10_20_S01,vPLC_container,VPLC_HOST,845,845,846,,484138,,,vplc_internal,10,20,10,0,0,0,1418899876,1,32,0,ok,
RUN_20260510_VPLC_L1_LIGHT_10_20_S01_R02,VPLC_L1_LIGHT_10_20,SER_20260510_VPLC_L1_LIGHT_10_20_S01,vPLC_container,VPLC_HOST,846,846,847,,484148,,,vplc_internal,10,20,10,0,0,0,1134215090,1,32,0,ok,
RUN_20260510_VPLC_L1_LIGHT_10_20_S01_R02,VPLC_L1_LIGHT_10_20,SER_20260510_VPLC_L1_LIGHT_10_20_S01,vPLC_container,VPLC_HOST,847,847,848,,484158,,,vplc_internal,10,20,10,0,0,0,856678209,1,32,0,ok,
RUN_20260510_VPLC_L1_LIGHT_10_20_S01_R02,VPLC_L1_LIGHT_10_20,SER_20260510_VPLC_L1_LIGHT_10_20_S01,vPLC_container,VPLC_HOST,848,848,849,,484168,,,vplc_internal,10,20,10,0,0,0,586297169,1,32,0,ok,
RUN_20260510_VPLC_L1_LIGHT_10_20_S01_R02,VPLC_L1_LIGHT_10_20,SER_20260510_VPLC_L1_LIGHT_10_20_S01,vPLC_container,VPLC_HOST,849,849,850,,484178,,,vplc_internal,10,20,10,0,0,0,323080418,1,32,0,ok,
RUN_20260510_VPLC_L1_LIGHT_10_20_S01_R02,VPLC_L1_LIGHT_10_20,SER_20260510_VPLC_L1_LIGHT_10_20_S01,vPLC_container,VPLC_HOST,850,850,851,,484188,,,vplc_internal,10,20,10,0,0,0,67035892,1,32,0,ok,
RUN_20260510_VPLC_L1_LIGHT_10_20_S01_R02,VPLC_L1_LIGHT_10_20,SER_20260510_VPLC_L1_LIGHT_10_20_S01,vPLC_container,VPLC_HOST,851,851,852,,484198,,,vplc_internal,10,20,10,0,0,0,1965655686,1,32,0,ok,
RUN_20260510_VPLC_L1_LIGHT_10_20_S01_R02,VPLC_L1_LIGHT_10_20,SER_20260510_VPLC_L1_LIGHT_10_20_S01,vPLC_container,VPLC_HOST,852,852,853,,484208,,,vplc_internal,10,20,10,0,0,0,1723980442,1,32,0,ok,
RUN_20260510_VPLC_L1_LIGHT_10_20_S01_R02,VPLC_L1_LIGHT_10_20,SER_20260510_VPLC_L1_LIGHT_10_20_S01,vPLC_container,VPLC_HOST,853,853,854,,484218,,,vplc_internal,10,20,10,0,0,0,1489502255,1,32,0,ok,
RUN_20260510_VPLC_L1_LIGHT_10_20_S01_R02,VPLC_L1_LIGHT_10_20,SER_20260510_VPLC_L1_LIGHT_10_20_S01,vPLC_container,VPLC_HOST,854,854,855,,484228,,,vplc_internal,10,20,10,0,0,0,1262229061,1,32,0,ok,
RUN_20260510_VPLC_L1_LIGHT_10_20_S01_R02,VPLC_L1_LIGHT_10_20,SER_20260510_VPLC_L1_LIGHT_10_20_S01,vPLC_container,VPLC_HOST,855,855,856,,484238,,,vplc_internal,10,20,10,0,0,0,1042169308,1,32,0,ok,
RUN_20260510_VPLC_L1_LIGHT_10_20_S01_R02,VPLC_L1_LIGHT_10_20,SER_20260510_VPLC_L1_LIGHT_10_20_S01,vPLC_container,VPLC_HOST,856,856,857,,484248,,,vplc_internal,10,20,10,0,0,0,829330932,1,32,0,ok,
RUN_20260510_VPLC_L1_LIGHT_10_20_S01_R02,VPLC_L1_LIGHT_10_20,SER_20260510_VPLC_L1_LIGHT_10_20_S01,vPLC_container,VPLC_HOST,857,857,858,,484258,,,vplc_internal,10,20,10,0,0,0,623722381,1,32,0,ok,
RUN_20260510_VPLC_L1_LIGHT_10_20_S01_R02,VPLC_L1_LIGHT_10_20,SER_20260510_VPLC_L1_LIGHT_10_20_S01,vPLC_container,VPLC_HOST,858,858,859,,484269,,,vplc_internal,10,20,11,1,0,0,425351591,1,32,0,ok,
RUN_20260510_VPLC_L1_LIGHT_10_20_S01_R02,VPLC_L1_LIGHT_10_20,SER_20260510_VPLC_L1_LIGHT_10_20_S01,vPLC_container,VPLC_HOST,859,859,860,,484278,,,vplc_internal,10,20,9,-1,0,0,234227010,1,32,0,ok,
RUN_20260510_VPLC_L1_LIGHT_10_20_S01_R02,VPLC_L1_LIGHT_10_20,SER_20260510_VPLC_L1_LIGHT_10_20_S01,vPLC_container,VPLC_HOST,860,860,861,,484288,,,vplc_internal,10,20,10,0,0,0,50356574,1,32,0,ok,
RUN_20260510_VPLC_L1_LIGHT_10_20_S01_R02,VPLC_L1_LIGHT_10_20,SER_20260510_VPLC_L1_LIGHT_10_20_S01,vPLC_container,VPLC_HOST,861,861,862,,484298,,,vplc_internal,10,20,10,0,0,0,2021232378,1,32,0,ok,
RUN_20260510_VPLC_L1_LIGHT_10_20_S01_R02,VPLC_L1_LIGHT_10_20,SER_20260510_VPLC_L1_LIGHT_10_20_S01,vPLC_container,VPLC_HOST,862,862,863,,484308,,,vplc_internal,10,20,10,0,0,0,1851895064,1,32,0,ok,
RUN_20260510_VPLC_L1_LIGHT_10_20_S01_R02,VPLC_L1_LIGHT_10_20,SER_20260510_VPLC_L1_LIGHT_10_20_S01,vPLC_container,VPLC_HOST,863,863,864,,484318,,,vplc_internal,10,20,10,0,0,0,1689836727,1,32,0,ok,
RUN_20260510_VPLC_L1_LIGHT_10_20_S01_R02,VPLC_L1_LIGHT_10_20,SER_20260510_VPLC_L1_LIGHT_10_20_S01,vPLC_container,VPLC_HOST,864,864,865,,484328,,,vplc_internal,10,20,10,0,0,0,1535065303,1,32,0,ok,
RUN_20260510_VPLC_L1_LIGHT_10_20_S01_R02,VPLC_L1_LIGHT_10_20,SER_20260510_VPLC_L1_LIGHT_10_20_S01,vPLC_container,VPLC_HOST,865,865,866,,484338,,,vplc_internal,10,20,10,0,0,0,1387589240,1,32,0,ok,
RUN_20260510_VPLC_L1_LIGHT_10_20_S01_R02,VPLC_L1_LIGHT_10_20,SER_20260510_VPLC_L1_LIGHT_10_20_S01,vPLC_container,VPLC_HOST,866,866,867,,484348,,,vplc_internal,10,20,10,0,0,0,1247416474,1,32,0,ok,
RUN_20260510_VPLC_L1_LIGHT_10_20_S01_R02,VPLC_L1_LIGHT_10_20,SER_20260510_VPLC_L1_LIGHT_10_20_S01,vPLC_container,VPLC_HOST,867,867,868,,484358,,,vplc_internal,10,20,10,0,0,0,1114555453,1,32,0,ok,
RUN_20260510_VPLC_L1_LIGHT_10_20_S01_R02,VPLC_L1_LIGHT_10_20,SER_20260510_VPLC_L1_LIGHT_10_20_S01,vPLC_container,VPLC_HOST,868,868,869,,484368,,,vplc_internal,10,20,10,0,0,0,989014113,1,32,0,ok,
RUN_20260510_VPLC_L1_LIGHT_10_20_S01_R02,VPLC_L1_LIGHT_10_20,SER_20260510_VPLC_L1_LIGHT_10_20_S01,vPLC_container,VPLC_HOST,869,869,870,,484378,,,vplc_internal,10,20,10,0,0,0,870800902,1,32,0,ok,
RUN_20260510_VPLC_L1_LIGHT_10_20_S01_R02,VPLC_L1_LIGHT_10_20,SER_20260510_VPLC_L1_LIGHT_10_20_S01,vPLC_container,VPLC_HOST,870,870,871,,484388,,,vplc_internal,10,20,10,0,0,0,759923756,1,32,0,ok,
RUN_20260510_VPLC_L1_LIGHT_10_20_S01_R02,VPLC_L1_LIGHT_10_20,SER_20260510_VPLC_L1_LIGHT_10_20_S01,vPLC_container,VPLC_HOST,871,871,872,,484398,,,vplc_internal,10,20,10,0,0,0,656391123,1,32,0,ok,
RUN_20260510_VPLC_L1_LIGHT_10_20_S01_R02,VPLC_L1_LIGHT_10_20,SER_20260510_VPLC_L1_LIGHT_10_20_S01,vPLC_container,VPLC_HOST,872,872,873,,484408,,,vplc_internal,10,20,10,0,0,0,560210939,1,32,0,ok,
RUN_20260510_VPLC_L1_LIGHT_10_20_S01_R02,VPLC_L1_LIGHT_10_20,SER_20260510_VPLC_L1_LIGHT_10_20_S01,vPLC_container,VPLC_HOST,873,873,874,,484418,,,vplc_internal,10,20,10,0,0,0,471391652,1,32,0,ok,
RUN_20260510_VPLC_L1_LIGHT_10_20_S01_R02,VPLC_L1_LIGHT_10_20,SER_20260510_VPLC_L1_LIGHT_10_20_S01,vPLC_container,VPLC_HOST,874,874,875,,484428,,,vplc_internal,10,20,10,0,0,0,389941198,1,32,0,ok,
RUN_20260510_VPLC_L1_LIGHT_10_20_S01_R02,VPLC_L1_LIGHT_10_20,SER_20260510_VPLC_L1_LIGHT_10_20_S01,vPLC_container,VPLC_HOST,875,875,876,,484438,,,vplc_internal,10,20,10,0,0,0,315868025,1,32,0,ok,
RUN_20260510_VPLC_L1_LIGHT_10_20_S01_R02,VPLC_L1_LIGHT_10_20,SER_20260510_VPLC_L1_LIGHT_10_20_S01,vPLC_container,VPLC_HOST,876,876,877,,484448,,,vplc_internal,10,20,10,0,0,0,249180069,1,32,0,ok,
RUN_20260510_VPLC_L1_LIGHT_10_20_S01_R02,VPLC_L1_LIGHT_10_20,SER_20260510_VPLC_L1_LIGHT_10_20_S01,vPLC_container,VPLC_HOST,877,877,878,,484458,,,vplc_internal,10,20,10,0,0,0,189885778,1,32,0,ok,
RUN_20260510_VPLC_L1_LIGHT_10_20_S01_R02,VPLC_L1_LIGHT_10_20,SER_20260510_VPLC_L1_LIGHT_10_20_S01,vPLC_container,VPLC_HOST,878,878,879,,484468,,,vplc_internal,10,20,10,0,0,0,137993088,1,32,0,ok,
RUN_20260510_VPLC_L1_LIGHT_10_20_S01_R02,VPLC_L1_LIGHT_10_20,SER_20260510_VPLC_L1_LIGHT_10_20_S01,vPLC_container,VPLC_HOST,879,879,880,,484478,,,vplc_internal,10,20,10,0,0,0,93510447,1,32,0,ok,
RUN_20260510_VPLC_L1_LIGHT_10_20_S01_R02,VPLC_L1_LIGHT_10_20,SER_20260510_VPLC_L1_LIGHT_10_20_S01,vPLC_container,VPLC_HOST,880,880,881,,484488,,,vplc_internal,10,20,10,0,0,0,56445791,1,32,0,ok,
RUN_20260510_VPLC_L1_LIGHT_10_20_S01_R02,VPLC_L1_LIGHT_10_20,SER_20260510_VPLC_L1_LIGHT_10_20_S01,vPLC_container,VPLC_HOST,881,881,882,,484498,,,vplc_internal,10,20,10,0,0,0,26807568,1,32,0,ok,
RUN_20260510_VPLC_L1_LIGHT_10_20_S01_R02,VPLC_L1_LIGHT_10_20,SER_20260510_VPLC_L1_LIGHT_10_20_S01,vPLC_container,VPLC_HOST,882,882,883,,484508,,,vplc_internal,10,20,10,0,0,0,4603714,1,32,0,ok,
RUN_20260510_VPLC_L1_LIGHT_10_20_S01_R02,VPLC_L1_LIGHT_10_20,SER_20260510_VPLC_L1_LIGHT_10_20_S01,vPLC_container,VPLC_HOST,883,883,884,,484518,,,vplc_internal,10,20,10,0,0,0,2137326324,1,32,0,ok,
RUN_20260510_VPLC_L1_LIGHT_10_20_S01_R02,VPLC_L1_LIGHT_10_20,SER_20260510_VPLC_L1_LIGHT_10_20_S01,vPLC_container,VPLC_HOST,884,884,885,,484528,,,vplc_internal,10,20,10,0,0,0,2130016040,1,32,0,ok,
RUN_20260510_VPLC_L1_LIGHT_10_20_S01_R02,VPLC_L1_LIGHT_10_20,SER_20260510_VPLC_L1_LIGHT_10_20_S01,vPLC_container,VPLC_HOST,885,885,886,,484538,,,vplc_internal,10,20,10,0,0,0,2130164957,1,32,0,ok,
RUN_20260510_VPLC_L1_LIGHT_10_20_S01_R02,VPLC_L1_LIGHT_10_20,SER_20260510_VPLC_L1_LIGHT_10_20_S01,vPLC_container,VPLC_HOST,886,886,887,,484548,,,vplc_internal,10,20,10,0,0,0,2137781011,1,32,0,ok,
RUN_20260510_VPLC_L1_LIGHT_10_20_S01_R02,VPLC_L1_LIGHT_10_20,SER_20260510_VPLC_L1_LIGHT_10_20_S01,vPLC_container,VPLC_HOST,887,887,888,,484558,,,vplc_internal,10,20,10,0,0,0,5389003,1,32,0,ok,
RUN_20260510_VPLC_L1_LIGHT_10_20_S01_R02,VPLC_L1_LIGHT_10_20,SER_20260510_VPLC_L1_LIGHT_10_20_S01,vPLC_container,VPLC_HOST,888,888,889,,484568,,,vplc_internal,10,20,10,0,0,0,27964163,1,32,0,ok,
RUN_20260510_VPLC_L1_LIGHT_10_20_S01_R02,VPLC_L1_LIGHT_10_20,SER_20260510_VPLC_L1_LIGHT_10_20_S01,vPLC_container,VPLC_HOST,889,889,890,,484578,,,vplc_internal,10,20,10,0,0,0,58031292,1,32,0,ok,
RUN_20260510_VPLC_L1_LIGHT_10_20_S01_R02,VPLC_L1_LIGHT_10_20,SER_20260510_VPLC_L1_LIGHT_10_20_S01,vPLC_container,VPLC_HOST,890,890,891,,484588,,,vplc_internal,10,20,10,0,0,0,95598326,1,32,0,ok,
RUN_20260510_VPLC_L1_LIGHT_10_20_S01_R02,VPLC_L1_LIGHT_10_20,SER_20260510_VPLC_L1_LIGHT_10_20_S01,vPLC_container,VPLC_HOST,891,891,892,,484598,,,vplc_internal,10,20,10,0,0,0,140673713,1,32,0,ok,
RUN_20260510_VPLC_L1_LIGHT_10_20_S01_R02,VPLC_L1_LIGHT_10_20,SER_20260510_VPLC_L1_LIGHT_10_20_S01,vPLC_container,VPLC_HOST,892,892,893,,484608,,,vplc_internal,10,20,10,0,0,0,193265389,1,32,0,ok,
RUN_20260510_VPLC_L1_LIGHT_10_20_S01_R02,VPLC_L1_LIGHT_10_20,SER_20260510_VPLC_L1_LIGHT_10_20_S01,vPLC_container,VPLC_HOST,893,893,894,,484618,,,vplc_internal,10,20,10,0,0,0,253381802,1,32,0,ok,
RUN_20260510_VPLC_L1_LIGHT_10_20_S01_R02,VPLC_L1_LIGHT_10_20,SER_20260510_VPLC_L1_LIGHT_10_20_S01,vPLC_container,VPLC_HOST,894,894,895,,484628,,,vplc_internal,10,20,10,0,0,0,321030888,1,32,0,ok,
RUN_20260510_VPLC_L1_LIGHT_10_20_S01_R02,VPLC_L1_LIGHT_10_20,SER_20260510_VPLC_L1_LIGHT_10_20_S01,vPLC_container,VPLC_HOST,895,895,896,,484638,,,vplc_internal,10,20,10,0,0,0,396221095,1,32,0,ok,
RUN_20260510_VPLC_L1_LIGHT_10_20_S01_R02,VPLC_L1_LIGHT_10_20,SER_20260510_VPLC_L1_LIGHT_10_20_S01,vPLC_container,VPLC_HOST,896,896,897,,484648,,,vplc_internal,10,20,10,0,0,0,478960359,1,32,0,ok,
RUN_20260510_VPLC_L1_LIGHT_10_20_S01_R02,VPLC_L1_LIGHT_10_20,SER_20260510_VPLC_L1_LIGHT_10_20_S01,vPLC_container,VPLC_HOST,897,897,898,,484658,,,vplc_internal,10,20,10,0,0,0,569257128,1,32,0,ok,
RUN_20260510_VPLC_L1_LIGHT_10_20_S01_R02,VPLC_L1_LIGHT_10_20,SER_20260510_VPLC_L1_LIGHT_10_20_S01,vPLC_container,VPLC_HOST,898,898,899,,484668,,,vplc_internal,10,20,10,0,0,0,667119338,1,32,0,ok,
RUN_20260510_VPLC_L1_LIGHT_10_20_S01_R02,VPLC_L1_LIGHT_10_20,SER_20260510_VPLC_L1_LIGHT_10_20_S01,vPLC_container,VPLC_HOST,899,899,900,,484678,,,vplc_internal,10,20,10,0,0,1,772555437,1,32,0,ok,
RUN_20260510_VPLC_L1_LIGHT_10_20_S01_R02,VPLC_L1_LIGHT_10_20,SER_20260510_VPLC_L1_LIGHT_10_20_S01,vPLC_container,VPLC_HOST,900,900,901,,484688,,,vplc_internal,10,20,10,0,0,1,885573361,1,32,0,ok,
RUN_20260510_VPLC_L1_LIGHT_10_20_S01_R02,VPLC_L1_LIGHT_10_20,SER_20260510_VPLC_L1_LIGHT_10_20_S01,vPLC_container,VPLC_HOST,901,901,902,,484698,,,vplc_internal,10,20,10,0,0,1,1006181558,1,32,0,ok,
RUN_20260510_VPLC_L1_LIGHT_10_20_S01_R02,VPLC_L1_LIGHT_10_20,SER_20260510_VPLC_L1_LIGHT_10_20_S01,vPLC_container,VPLC_HOST,902,902,903,,484708,,,vplc_internal,10,20,10,0,0,1,1134387964,1,32,0,ok,
RUN_20260510_VPLC_L1_LIGHT_10_20_S01_R02,VPLC_L1_LIGHT_10_20,SER_20260510_VPLC_L1_LIGHT_10_20_S01,vPLC_container,VPLC_HOST,903,903,904,,484718,,,vplc_internal,10,20,10,0,0,1,1270201027,1,32,0,ok,
RUN_20260510_VPLC_L1_LIGHT_10_20_S01_R02,VPLC_L1_LIGHT_10_20,SER_20260510_VPLC_L1_LIGHT_10_20_S01,vPLC_container,VPLC_HOST,904,904,905,,484728,,,vplc_internal,10,20,10,0,0,1,1413628683,1,32,0,ok,
RUN_20260510_VPLC_L1_LIGHT_10_20_S01_R02,VPLC_L1_LIGHT_10_20,SER_20260510_VPLC_L1_LIGHT_10_20_S01,vPLC_container,VPLC_HOST,905,905,906,,484738,,,vplc_internal,10,20,10,0,0,1,1564679380,1,32,0,ok,
RUN_20260510_VPLC_L1_LIGHT_10_20_S01_R02,VPLC_L1_LIGHT_10_20,SER_20260510_VPLC_L1_LIGHT_10_20_S01,vPLC_container,VPLC_HOST,906,906,907,,484748,,,vplc_internal,10,20,10,0,0,1,1723361054,1,32,0,ok,
RUN_20260510_VPLC_L1_LIGHT_10_20_S01_R02,VPLC_L1_LIGHT_10_20,SER_20260510_VPLC_L1_LIGHT_10_20_S01,vPLC_container,VPLC_HOST,907,907,908,,484758,,,vplc_internal,10,20,10,0,0,1,1889682153,1,32,0,ok,
RUN_20260510_VPLC_L1_LIGHT_10_20_S01_R02,VPLC_L1_LIGHT_10_20,SER_20260510_VPLC_L1_LIGHT_10_20_S01,vPLC_container,VPLC_HOST,908,908,909,,484768,,,vplc_internal,10,20,10,0,0,1,2063650613,1,32,0,ok,
RUN_20260510_VPLC_L1_LIGHT_10_20_S01_R02,VPLC_L1_LIGHT_10_20,SER_20260510_VPLC_L1_LIGHT_10_20_S01,vPLC_container,VPLC_HOST,909,909,910,,484778,,,vplc_internal,10,20,10,0,0,1,97791235,1,32,0,ok,
RUN_20260510_VPLC_L1_LIGHT_10_20_S01_R02,VPLC_L1_LIGHT_10_20,SER_20260510_VPLC_L1_LIGHT_10_20_S01,vPLC_container,VPLC_HOST,910,910,911,,484788,,,vplc_internal,10,20,10,0,0,1,287079249,1,32,0,ok,
RUN_20260510_VPLC_L1_LIGHT_10_20_S01_R02,VPLC_L1_LIGHT_10_20,SER_20260510_VPLC_L1_LIGHT_10_20_S01,vPLC_container,VPLC_HOST,911,911,912,,484798,,,vplc_internal,10,20,10,0,0,1,484039456,1,32,0,ok,
RUN_20260510_VPLC_L1_LIGHT_10_20_S01_R02,VPLC_L1_LIGHT_10_20,SER_20260510_VPLC_L1_LIGHT_10_20_S01,vPLC_container,VPLC_HOST,912,912,913,,484808,,,vplc_internal,10,20,10,0,0,1,688679792,1,32,0,ok,
RUN_20260510_VPLC_L1_LIGHT_10_20_S01_R02,VPLC_L1_LIGHT_10_20,SER_20260510_VPLC_L1_LIGHT_10_20_S01,vPLC_container,VPLC_HOST,913,913,914,,484818,,,vplc_internal,10,20,10,0,0,1,901008705,1,32,0,ok,
RUN_20260510_VPLC_L1_LIGHT_10_20_S01_R02,VPLC_L1_LIGHT_10_20,SER_20260510_VPLC_L1_LIGHT_10_20_S01,vPLC_container,VPLC_HOST,914,914,915,,484841,,,vplc_internal,10,20,23,13,1,1,1121034131,1,32,0,ok,
RUN_20260510_VPLC_L1_LIGHT_10_20_S01_R02,VPLC_L1_LIGHT_10_20,SER_20260510_VPLC_L1_LIGHT_10_20_S01,vPLC_container,VPLC_HOST,915,915,916,,484841,,,vplc_internal,10,20,,,,1,1348764518,1,32,0,invalid_row,timing_invalid
RUN_20260510_VPLC_L1_LIGHT_10_20_S01_R02,VPLC_L1_LIGHT_10_20,SER_20260510_VPLC_L1_LIGHT_10_20_S01,vPLC_container,VPLC_HOST,916,916,917,,484848,,,vplc_internal,10,20,7,-3,0,1,1584207802,1,32,0,ok,
RUN_20260510_VPLC_L1_LIGHT_10_20_S01_R02,VPLC_L1_LIGHT_10_20,SER_20260510_VPLC_L1_LIGHT_10_20_S01,vPLC_container,VPLC_HOST,917,917,918,,484858,,,vplc_internal,10,20,10,0,0,1,1827372431,1,32,0,ok,
RUN_20260510_VPLC_L1_LIGHT_10_20_S01_R02,VPLC_L1_LIGHT_10_20,SER_20260510_VPLC_L1_LIGHT_10_20_S01,vPLC_container,VPLC_HOST,918,918,919,,484868,,,vplc_internal,10,20,10,0,0,1,2078266341,1,32,0,ok,
RUN_20260510_VPLC_L1_LIGHT_10_20_S01_R02,VPLC_L1_LIGHT_10_20,SER_20260510_VPLC_L1_LIGHT_10_20_S01,vPLC_container,VPLC_HOST,919,919,920,,484878,,,vplc_internal,10,20,10,0,0,1,189414333,1,32,0,ok,
RUN_20260510_VPLC_L1_LIGHT_10_20_S01_R02,VPLC_L1_LIGHT_10_20,SER_20260510_VPLC_L1_LIGHT_10_20_S01,vPLC_container,VPLC_HOST,920,920,921,,484888,,,vplc_internal,10,20,10,0,0,1,455791637,1,32,0,ok,
RUN_20260510_VPLC_L1_LIGHT_10_20_S01_R02,VPLC_L1_LIGHT_10_20,SER_20260510_VPLC_L1_LIGHT_10_20_S01,vPLC_container,VPLC_HOST,921,921,922,,484898,,,vplc_internal,10,20,10,0,0,1,729923054,1,32,0,ok,
RUN_20260510_VPLC_L1_LIGHT_10_20_S01_R02,VPLC_L1_LIGHT_10_20,SER_20260510_VPLC_L1_LIGHT_10_20_S01,vPLC_container,VPLC_HOST,922,922,923,,484908,,,vplc_internal,10,20,10,0,0,1,1011816520,1,32,0,ok,
RUN_20260510_VPLC_L1_LIGHT_10_20_S01_R02,VPLC_L1_LIGHT_10_20,SER_20260510_VPLC_L1_LIGHT_10_20_S01,vPLC_container,VPLC_HOST,923,923,924,,484918,,,vplc_internal,10,20,10,0,0,1,1301480483,1,32,0,ok,
RUN_20260510_VPLC_L1_LIGHT_10_20_S01_R02,VPLC_L1_LIGHT_10_20,SER_20260510_VPLC_L1_LIGHT_10_20_S01,vPLC_container,VPLC_HOST,924,924,925,,484928,,,vplc_internal,10,20,10,0,0,1,1598922879,1,32,0,ok,
RUN_20260510_VPLC_L1_LIGHT_10_20_S01_R02,VPLC_L1_LIGHT_10_20,SER_20260510_VPLC_L1_LIGHT_10_20_S01,vPLC_container,VPLC_HOST,925,925,926,,484938,,,vplc_internal,10,20,10,0,0,1,1904152156,1,32,0,ok,
RUN_20260510_VPLC_L1_LIGHT_10_20_S01_R02,VPLC_L1_LIGHT_10_20,SER_20260510_VPLC_L1_LIGHT_10_20_S01,vPLC_container,VPLC_HOST,926,926,927,,484948,,,vplc_internal,10,20,10,0,0,1,69692603,1,32,0,ok,
RUN_20260510_VPLC_L1_LIGHT_10_20_S01_R02,VPLC_L1_LIGHT_10_20,SER_20260510_VPLC_L1_LIGHT_10_20_S01,vPLC_container,VPLC_HOST,927,927,928,,484958,,,vplc_internal,10,20,10,0,0,1,390519962,1,32,0,ok,
RUN_20260510_VPLC_L1_LIGHT_10_20_S01_R02,VPLC_L1_LIGHT_10_20,SER_20260510_VPLC_L1_LIGHT_10_20_S01,vPLC_container,VPLC_HOST,928,928,929,,484968,,,vplc_internal,10,20,10,0,0,1,719158522,1,32,0,ok,
RUN_20260510_VPLC_L1_LIGHT_10_20_S01_R02,VPLC_L1_LIGHT_10_20,SER_20260510_VPLC_L1_LIGHT_10_20_S01,vPLC_container,VPLC_HOST,929,929,930,,484978,,,vplc_internal,10,20,10,0,0,1,1055616731,1,32,0,ok,
RUN_20260510_VPLC_L1_LIGHT_10_20_S01_R02,VPLC_L1_LIGHT_10_20,SER_20260510_VPLC_L1_LIGHT_10_20_S01,vPLC_container,VPLC_HOST,930,930,931,,484988,,,vplc_internal,10,20,10,0,0,1,1399902525,1,32,0,ok,
RUN_20260510_VPLC_L1_LIGHT_10_20_S01_R02,VPLC_L1_LIGHT_10_20,SER_20260510_VPLC_L1_LIGHT_10_20_S01,vPLC_container,VPLC_HOST,931,931,932,,484998,,,vplc_internal,10,20,10,0,0,1,1752024352,1,32,0,ok,
RUN_20260510_VPLC_L1_LIGHT_10_20_S01_R02,VPLC_L1_LIGHT_10_20,SER_20260510_VPLC_L1_LIGHT_10_20_S01,vPLC_container,VPLC_HOST,932,932,933,,485008,,,vplc_internal,10,20,10,0,0,1,2111990148,1,32,0,ok,
RUN_20260510_VPLC_L1_LIGHT_10_20_S01_R02,VPLC_L1_LIGHT_10_20,SER_20260510_VPLC_L1_LIGHT_10_20_S01,vPLC_container,VPLC_HOST,933,933,934,,485018,,,vplc_internal,10,20,10,0,0,1,332324714,1,32,0,ok,
RUN_20260510_VPLC_L1_LIGHT_10_20_S01_R02,VPLC_L1_LIGHT_10_20,SER_20260510_VPLC_L1_LIGHT_10_20_S01,vPLC_container,VPLC_HOST,934,934,935,,485028,,,vplc_internal,10,20,10,0,0,1,708003280,1,32,0,ok,
RUN_20260510_VPLC_L1_LIGHT_10_20_S01_R02,VPLC_L1_LIGHT_10_20,SER_20260510_VPLC_L1_LIGHT_10_20_S01,vPLC_container,VPLC_HOST,935,935,936,,485038,,,vplc_internal,10,20,10,0,0,1,1091550647,1,32,0,ok,
RUN_20260510_VPLC_L1_LIGHT_10_20_S01_R02,VPLC_L1_LIGHT_10_20,SER_20260510_VPLC_L1_LIGHT_10_20_S01,vPLC_container,VPLC_HOST,936,936,937,,485048,,,vplc_internal,10,20,10,0,0,1,1482974751,1,32,0,ok,
RUN_20260510_VPLC_L1_LIGHT_10_20_S01_R02,VPLC_L1_LIGHT_10_20,SER_20260510_VPLC_L1_LIGHT_10_20_S01,vPLC_container,VPLC_HOST,937,937,938,,485058,,,vplc_internal,10,20,10,0,0,1,1882284040,1,32,0,ok,
RUN_20260510_VPLC_L1_LIGHT_10_20_S01_R02,VPLC_L1_LIGHT_10_20,SER_20260510_VPLC_L1_LIGHT_10_20_S01,vPLC_container,VPLC_HOST,938,938,939,,485068,,,vplc_internal,10,20,10,0,0,1,142002803,1,32,0,ok,
RUN_20260510_VPLC_L1_LIGHT_10_20_S01_R02,VPLC_L1_LIGHT_10_20,SER_20260510_VPLC_L1_LIGHT_10_20_S01,vPLC_container,VPLC_HOST,939,939,940,,485078,,,vplc_internal,10,20,10,0,0,1,557106782,1,32,0,ok,
RUN_20260510_VPLC_L1_LIGHT_10_20_S01_R02,VPLC_L1_LIGHT_10_20,SER_20260510_VPLC_L1_LIGHT_10_20_S01,vPLC_container,VPLC_HOST,940,940,941,,485088,,,vplc_internal,10,20,10,0,0,1,980120266,1,32,0,ok,
RUN_20260510_VPLC_L1_LIGHT_10_20_S01_R02,VPLC_L1_LIGHT_10_20,SER_20260510_VPLC_L1_LIGHT_10_20_S01,vPLC_container,VPLC_HOST,941,941,942,,485098,,,vplc_internal,10,20,10,0,0,1,1411051703,1,32,0,ok,
RUN_20260510_VPLC_L1_LIGHT_10_20_S01_R02,VPLC_L1_LIGHT_10_20,SER_20260510_VPLC_L1_LIGHT_10_20_S01,vPLC_container,VPLC_HOST,942,942,943,,485108,,,vplc_internal,10,20,10,0,0,1,1849909029,1,32,0,ok,
RUN_20260510_VPLC_L1_LIGHT_10_20_S01_R02,VPLC_L1_LIGHT_10_20,SER_20260510_VPLC_L1_LIGHT_10_20_S01,vPLC_container,VPLC_HOST,943,943,944,,485118,,,vplc_internal,10,20,10,0,0,1,149217045,1,32,0,ok,
RUN_20260510_VPLC_L1_LIGHT_10_20_S01_R02,VPLC_L1_LIGHT_10_20,SER_20260510_VPLC_L1_LIGHT_10_20_S01,vPLC_container,VPLC_HOST,944,944,945,,485128,,,vplc_internal,10,20,10,0,0,1,603950981,1,32,0,ok,
RUN_20260510_VPLC_L1_LIGHT_10_20_S01_R02,VPLC_L1_LIGHT_10_20,SER_20260510_VPLC_L1_LIGHT_10_20_S01,vPLC_container,VPLC_HOST,945,945,946,,485138,,,vplc_internal,10,20,10,0,0,1,1066635638,1,32,0,ok,
RUN_20260510_VPLC_L1_LIGHT_10_20_S01_R02,VPLC_L1_LIGHT_10_20,SER_20260510_VPLC_L1_LIGHT_10_20_S01,vPLC_container,VPLC_HOST,946,946,947,,485148,,,vplc_internal,10,20,10,0,0,1,1537278952,1,32,0,ok,
RUN_20260510_VPLC_L1_LIGHT_10_20_S01_R02,VPLC_L1_LIGHT_10_20,SER_20260510_VPLC_L1_LIGHT_10_20_S01,vPLC_container,VPLC_HOST,947,947,948,,485158,,,vplc_internal,10,20,10,0,0,1,2015889371,1,32,0,ok,
RUN_20260510_VPLC_L1_LIGHT_10_20_S01_R02,VPLC_L1_LIGHT_10_20,SER_20260510_VPLC_L1_LIGHT_10_20_S01,vPLC_container,VPLC_HOST,948,948,949,,485168,,,vplc_internal,10,20,10,0,0,1,354991184,1,32,0,ok,
RUN_20260510_VPLC_L1_LIGHT_10_20_S01_R02,VPLC_L1_LIGHT_10_20,SER_20260510_VPLC_L1_LIGHT_10_20_S01,vPLC_container,VPLC_HOST,949,949,950,,485178,,,vplc_internal,10,20,10,0,0,1,849560133,1,32,0,ok,
RUN_20260510_VPLC_L1_LIGHT_10_20_S01_R02,VPLC_L1_LIGHT_10_20,SER_20260510_VPLC_L1_LIGHT_10_20_S01,vPLC_container,VPLC_HOST,950,950,951,,485188,,,vplc_internal,10,20,10,0,0,1,1352120507,1,32,0,ok,
RUN_20260510_VPLC_L1_LIGHT_10_20_S01_R02,VPLC_L1_LIGHT_10_20,SER_20260510_VPLC_L1_LIGHT_10_20_S01,vPLC_container,VPLC_HOST,951,951,952,,485198,,,vplc_internal,10,20,10,0,0,1,1862680754,1,32,0,ok,
RUN_20260510_VPLC_L1_LIGHT_10_20_S01_R02,VPLC_L1_LIGHT_10_20,SER_20260510_VPLC_L1_LIGHT_10_20_S01,vPLC_container,VPLC_HOST,952,952,953,,485208,,,vplc_internal,10,20,10,0,0,1,233765163,1,32,0,ok,
RUN_20260510_VPLC_L1_LIGHT_10_20_S01_R02,VPLC_L1_LIGHT_10_20,SER_20260510_VPLC_L1_LIGHT_10_20_S01,vPLC_container,VPLC_HOST,953,953,954,,485218,,,vplc_internal,10,20,10,0,0,1,760349476,1,32,0,ok,
RUN_20260510_VPLC_L1_LIGHT_10_20_S01_R02,VPLC_L1_LIGHT_10_20,SER_20260510_VPLC_L1_LIGHT_10_20_S01,vPLC_container,VPLC_HOST,954,954,955,,485228,,,vplc_internal,10,20,10,0,0,1,1294957982,1,32,0,ok,
RUN_20260510_VPLC_L1_LIGHT_10_20_S01_R02,VPLC_L1_LIGHT_10_20,SER_20260510_VPLC_L1_LIGHT_10_20_S01,vPLC_container,VPLC_HOST,955,955,956,,485238,,,vplc_internal,10,20,10,0,0,1,1837599129,1,32,0,ok,
RUN_20260510_VPLC_L1_LIGHT_10_20_S01_R02,VPLC_L1_LIGHT_10_20,SER_20260510_VPLC_L1_LIGHT_10_20_S01,vPLC_container,VPLC_HOST,956,956,957,,485248,,,vplc_internal,10,20,10,0,0,1,240797206,1,32,0,ok,
RUN_20260510_VPLC_L1_LIGHT_10_20_S01_R02,VPLC_L1_LIGHT_10_20,SER_20260510_VPLC_L1_LIGHT_10_20_S01,vPLC_container,VPLC_HOST,957,957,958,,485258,,,vplc_internal,10,20,10,0,0,1,799527955,1,32,0,ok,
RUN_20260510_VPLC_L1_LIGHT_10_20_S01_R02,VPLC_L1_LIGHT_10_20,SER_20260510_VPLC_L1_LIGHT_10_20_S01,vPLC_container,VPLC_HOST,958,958,959,,485268,,,vplc_internal,10,20,10,0,0,1,1366315665,1,32,0,ok,
RUN_20260510_VPLC_L1_LIGHT_10_20_S01_R02,VPLC_L1_LIGHT_10_20,SER_20260510_VPLC_L1_LIGHT_10_20_S01,vPLC_container,VPLC_HOST,959,959,960,,485278,,,vplc_internal,10,20,10,0,0,1,1941168784,1,32,0,ok,
RUN_20260510_VPLC_L1_LIGHT_10_20_S01_R02,VPLC_L1_LIGHT_10_20,SER_20260510_VPLC_L1_LIGHT_10_20_S01,vPLC_container,VPLC_HOST,960,960,961,,485288,,,vplc_internal,10,20,10,0,0,1,376611601,1,32,0,ok,
RUN_20260510_VPLC_L1_LIGHT_10_20_S01_R02,VPLC_L1_LIGHT_10_20,SER_20260510_VPLC_L1_LIGHT_10_20_S01,vPLC_container,VPLC_HOST,961,961,962,,485298,,,vplc_internal,10,20,10,0,0,1,967619858,1,32,0,ok,
RUN_20260510_VPLC_L1_LIGHT_10_20_S01_R02,VPLC_L1_LIGHT_10_20,SER_20260510_VPLC_L1_LIGHT_10_20_S01,vPLC_container,VPLC_HOST,962,962,963,,485308,,,vplc_internal,10,20,10,0,0,1,1566717844,1,32,0,ok,
RUN_20260510_VPLC_L1_LIGHT_10_20_S01_R02,VPLC_L1_LIGHT_10_20,SER_20260510_VPLC_L1_LIGHT_10_20_S01,vPLC_container,VPLC_HOST,963,963,964,,485318,,,vplc_internal,10,20,10,0,0,1,26430360,1,32,0,ok,
RUN_20260510_VPLC_L1_LIGHT_10_20_S01_R02,VPLC_L1_LIGHT_10_20,SER_20260510_VPLC_L1_LIGHT_10_20_S01,vPLC_container,VPLC_HOST,964,964,965,,485328,,,vplc_internal,10,20,10,0,0,1,641732636,1,32,0,ok,
RUN_20260510_VPLC_L1_LIGHT_10_20_S01_R02,VPLC_L1_LIGHT_10_20,SER_20260510_VPLC_L1_LIGHT_10_20_S01,vPLC_container,VPLC_HOST,965,965,966,,485338,,,vplc_internal,10,20,10,0,0,1,1265149473,1,32,0,ok,
RUN_20260510_VPLC_L1_LIGHT_10_20_S01_R02,VPLC_L1_LIGHT_10_20,SER_20260510_VPLC_L1_LIGHT_10_20_S01,vPLC_container,VPLC_HOST,966,966,967,,485348,,,vplc_internal,10,20,10,0,0,1,1896688807,1,32,0,ok,
RUN_20260510_VPLC_L1_LIGHT_10_20_S01_R02,VPLC_L1_LIGHT_10_20,SER_20260510_VPLC_L1_LIGHT_10_20_S01,vPLC_container,VPLC_HOST,967,967,968,,485358,,,vplc_internal,10,20,10,0,0,1,388875439,1,32,0,ok,
RUN_20260510_VPLC_L1_LIGHT_10_20_S01_R02,VPLC_L1_LIGHT_10_20,SER_20260510_VPLC_L1_LIGHT_10_20_S01,vPLC_container,VPLC_HOST,968,968,969,,485368,,,vplc_internal,10,20,10,0,0,1,1036684599,1,32,0,ok,
RUN_20260510_VPLC_L1_LIGHT_10_20_S01_R02,VPLC_L1_LIGHT_10_20,SER_20260510_VPLC_L1_LIGHT_10_20_S01,vPLC_container,VPLC_HOST,969,969,970,,485378,,,vplc_internal,10,20,10,0,0,1,1692641088,1,32,0,ok,
RUN_20260510_VPLC_L1_LIGHT_10_20_S01_R02,VPLC_L1_LIGHT_10_20,SER_20260510_VPLC_L1_LIGHT_10_20_S01,vPLC_container,VPLC_HOST,970,970,971,,485388,,,vplc_internal,10,20,10,0,0,1,209269195,1,32,0,ok,
RUN_20260510_VPLC_L1_LIGHT_10_20_S01_R02,VPLC_L1_LIGHT_10_20,SER_20260510_VPLC_L1_LIGHT_10_20_S01,vPLC_container,VPLC_HOST,971,971,972,,485398,,,vplc_internal,10,20,10,0,0,1,881544662,1,32,0,ok,
RUN_20260510_VPLC_L1_LIGHT_10_20_S01_R02,VPLC_L1_LIGHT_10_20,SER_20260510_VPLC_L1_LIGHT_10_20_S01,vPLC_container,VPLC_HOST,972,972,973,,485408,,,vplc_internal,10,20,10,0,0,1,1561991778,1,32,0,ok,
RUN_20260510_VPLC_L1_LIGHT_10_20_S01_R02,VPLC_L1_LIGHT_10_20,SER_20260510_VPLC_L1_LIGHT_10_20_S01,vPLC_container,VPLC_HOST,973,973,974,,485418,,,vplc_internal,10,20,10,0,0,1,103135344,1,32,0,ok,
RUN_20260510_VPLC_L1_LIGHT_10_20_S01_R02,VPLC_L1_LIGHT_10_20,SER_20260510_VPLC_L1_LIGHT_10_20_S01,vPLC_container,VPLC_HOST,974,974,975,,485428,,,vplc_internal,10,20,10,0,0,1,799950590,1,32,0,ok,
RUN_20260510_VPLC_L1_LIGHT_10_20_S01_R02,VPLC_L1_LIGHT_10_20,SER_20260510_VPLC_L1_LIGHT_10_20_S01,vPLC_container,VPLC_HOST,975,975,976,,485438,,,vplc_internal,10,20,10,0,0,1,1504962317,1,32,0,ok,
RUN_20260510_VPLC_L1_LIGHT_10_20_S01_R02,VPLC_L1_LIGHT_10_20,SER_20260510_VPLC_L1_LIGHT_10_20_S01,vPLC_container,VPLC_HOST,976,976,977,,485448,,,vplc_internal,10,20,10,0,0,1,70694814,1,32,0,ok,
RUN_20260510_VPLC_L1_LIGHT_10_20_S01_R02,VPLC_L1_LIGHT_10_20,SER_20260510_VPLC_L1_LIGHT_10_20_S01,vPLC_container,VPLC_HOST,977,977,978,,485458,,,vplc_internal,10,20,10,0,0,1,792123823,1,32,0,ok,
RUN_20260510_VPLC_L1_LIGHT_10_20_S01_R02,VPLC_L1_LIGHT_10_20,SER_20260510_VPLC_L1_LIGHT_10_20_S01,vPLC_container,VPLC_HOST,978,978,979,,485468,,,vplc_internal,10,20,10,0,0,1,1521773633,1,32,0,ok,
RUN_20260510_VPLC_L1_LIGHT_10_20_S01_R02,VPLC_L1_LIGHT_10_20,SER_20260510_VPLC_L1_LIGHT_10_20_S01,vPLC_container,VPLC_HOST,979,979,980,,485478,,,vplc_internal,10,20,10,0,0,1,112169045,1,32,0,ok,
RUN_20260510_VPLC_L1_LIGHT_10_20_S01_R02,VPLC_L1_LIGHT_10_20,SER_20260510_VPLC_L1_LIGHT_10_20_S01,vPLC_container,VPLC_HOST,980,980,981,,485488,,,vplc_internal,10,20,10,0,0,1,858285289,1,32,0,ok,
RUN_20260510_VPLC_L1_LIGHT_10_20_S01_R02,VPLC_L1_LIGHT_10_20,SER_20260510_VPLC_L1_LIGHT_10_20_S01,vPLC_container,VPLC_HOST,981,981,982,,485498,,,vplc_internal,10,20,10,0,0,1,1612647166,1,32,0,ok,
RUN_20260510_VPLC_L1_LIGHT_10_20_S01_R02,VPLC_L1_LIGHT_10_20,SER_20260510_VPLC_L1_LIGHT_10_20_S01,vPLC_container,VPLC_HOST,982,982,983,,485508,,,vplc_internal,10,20,10,0,0,1,227778965,1,32,0,ok,
RUN_20260510_VPLC_L1_LIGHT_10_20_S01_R02,VPLC_L1_LIGHT_10_20,SER_20260510_VPLC_L1_LIGHT_10_20_S01,vPLC_container,VPLC_HOST,983,983,984,,485518,,,vplc_internal,10,20,10,0,0,1,998656428,1,32,0,ok,
RUN_20260510_VPLC_L1_LIGHT_10_20_S01_R02,VPLC_L1_LIGHT_10_20,SER_20260510_VPLC_L1_LIGHT_10_20_S01,vPLC_container,VPLC_HOST,984,984,985,,485528,,,vplc_internal,10,20,10,0,0,1,1777803844,1,32,0,ok,
RUN_20260510_VPLC_L1_LIGHT_10_20_S01_R02,VPLC_L1_LIGHT_10_20,SER_20260510_VPLC_L1_LIGHT_10_20_S01,vPLC_container,VPLC_HOST,985,985,986,,485538,,,vplc_internal,10,20,10,0,0,1,417746014,1,32,0,ok,
RUN_20260510_VPLC_L1_LIGHT_10_20_S01_R02,VPLC_L1_LIGHT_10_20,SER_20260510_VPLC_L1_LIGHT_10_20_S01,vPLC_container,VPLC_HOST,986,986,987,,485548,,,vplc_internal,10,20,10,0,0,1,1213458168,1,32,0,ok,
RUN_20260510_VPLC_L1_LIGHT_10_20_S01_R02,VPLC_L1_LIGHT_10_20,SER_20260510_VPLC_L1_LIGHT_10_20_S01,vPLC_container,VPLC_HOST,987,987,988,,485558,,,vplc_internal,10,20,10,0,0,1,2017465107,1,32,0,ok,
RUN_20260510_VPLC_L1_LIGHT_10_20_S01_R02,VPLC_L1_LIGHT_10_20,SER_20260510_VPLC_L1_LIGHT_10_20_S01,vPLC_container,VPLC_HOST,988,988,989,,485568,,,vplc_internal,10,20,10,0,0,1,682291120,1,32,0,ok,
RUN_20260510_VPLC_L1_LIGHT_10_20_S01_R02,VPLC_L1_LIGHT_10_20,SER_20260510_VPLC_L1_LIGHT_10_20_S01,vPLC_container,VPLC_HOST,989,989,990,,485578,,,vplc_internal,10,20,10,0,0,1,1502911949,1,32,0,ok,
RUN_20260510_VPLC_L1_LIGHT_10_20_S01_R02,VPLC_L1_LIGHT_10_20,SER_20260510_VPLC_L1_LIGHT_10_20_S01,vPLC_container,VPLC_HOST,990,990,991,,485588,,,vplc_internal,10,20,10,0,0,1,184368236,1,32,0,ok,
RUN_20260510_VPLC_L1_LIGHT_10_20_S01_R02,VPLC_L1_LIGHT_10_20,SER_20260510_VPLC_L1_LIGHT_10_20_S01,vPLC_container,VPLC_HOST,991,991,992,,485598,,,vplc_internal,10,20,10,0,0,1,1021635723,1,32,0,ok,
RUN_20260510_VPLC_L1_LIGHT_10_20_S01_R02,VPLC_L1_LIGHT_10_20,SER_20260510_VPLC_L1_LIGHT_10_20_S01,vPLC_container,VPLC_HOST,992,992,993,,485608,,,vplc_internal,10,20,10,0,0,1,1867238699,1,32,0,ok,
RUN_20260510_VPLC_L1_LIGHT_10_20_S01_R02,VPLC_L1_LIGHT_10_20,SER_20260510_VPLC_L1_LIGHT_10_20_S01,vPLC_container,VPLC_HOST,993,993,994,,485618,,,vplc_internal,10,20,10,0,0,1,573701965,1,32,0,ok,
RUN_20260510_VPLC_L1_LIGHT_10_20_S01_R02,VPLC_L1_LIGHT_10_20,SER_20260510_VPLC_L1_LIGHT_10_20_S01,vPLC_container,VPLC_HOST,994,994,995,,485628,,,vplc_internal,10,20,10,0,0,1,1436000751,1,32,0,ok,
RUN_20260510_VPLC_L1_LIGHT_10_20_S01_R02,VPLC_L1_LIGHT_10_20,SER_20260510_VPLC_L1_LIGHT_10_20_S01,vPLC_container,VPLC_HOST,995,995,996,,485638,,,vplc_internal,10,20,10,0,0,1,159176211,1,32,0,ok,
RUN_20260510_VPLC_L1_LIGHT_10_20_S01_R02,VPLC_L1_LIGHT_10_20,SER_20260510_VPLC_L1_LIGHT_10_20_S01,vPLC_container,VPLC_HOST,996,996,997,,485648,,,vplc_internal,10,20,10,0,0,1,1038203575,1,32,0,ok,
RUN_20260510_VPLC_L1_LIGHT_10_20_S01_R02,VPLC_L1_LIGHT_10_20,SER_20260510_VPLC_L1_LIGHT_10_20_S01,vPLC_container,VPLC_HOST,997,997,998,,485658,,,vplc_internal,10,20,10,0,0,1,1925607644,1,32,0,ok,
RUN_20260510_VPLC_L1_LIGHT_10_20_S01_R02,VPLC_L1_LIGHT_10_20,SER_20260510_VPLC_L1_LIGHT_10_20_S01,vPLC_container,VPLC_HOST,998,998,999,,485668,,,vplc_internal,10,20,10,0,0,1,673912707,1,32,0,ok,
RUN_20260510_VPLC_L1_LIGHT_10_20_S01_R02,VPLC_L1_LIGHT_10_20,SER_20260510_VPLC_L1_LIGHT_10_20_S01,vPLC_container,VPLC_HOST,999,999,1000,,485678,,,vplc_internal,10,20,10,0,0,0,1578094506,1,32,0,ok,
RUN_20260510_VPLC_L1_LIGHT_10_20_S01_R02,VPLC_L1_LIGHT_10_20,SER_20260510_VPLC_L1_LIGHT_10_20_S01,vPLC_container,VPLC_HOST,1000,1000,1001,,485688,,,vplc_internal,10,20,10,0,0,0,343193683,1,32,0,ok,
RUN_20260510_VPLC_L1_LIGHT_10_20_S01_R02,VPLC_L1_LIGHT_10_20,SER_20260510_VPLC_L1_LIGHT_10_20_S01,vPLC_container,VPLC_HOST,1001,1001,1002,,485698,,,vplc_internal,10,20,10,0,0,0,1264185980,1,32,0,ok,
RUN_20260510_VPLC_L1_LIGHT_10_20_S01_R02,VPLC_L1_LIGHT_10_20,SER_20260510_VPLC_L1_LIGHT_10_20_S01,vPLC_container,VPLC_HOST,1002,1002,1003,,485708,,,vplc_internal,10,20,10,0,0,0,46112039,1,32,0,ok,
RUN_20260510_VPLC_L1_LIGHT_10_20_S01_R02,VPLC_L1_LIGHT_10_20,SER_20260510_VPLC_L1_LIGHT_10_20_S01,vPLC_container,VPLC_HOST,1003,1003,1004,,485718,,,vplc_internal,10,20,10,0,0,0,983947602,1,32,0,ok,
RUN_20260510_VPLC_L1_LIGHT_10_20_S01_R02,VPLC_L1_LIGHT_10_20,SER_20260510_VPLC_L1_LIGHT_10_20_S01,vPLC_container,VPLC_HOST,1004,1004,1005,,485728,,,vplc_internal,10,20,10,0,0,0,1930216958,1,32,0,ok,
RUN_20260510_VPLC_L1_LIGHT_10_20_S01_R02,VPLC_L1_LIGHT_10_20,SER_20260510_VPLC_L1_LIGHT_10_20_S01,vPLC_container,VPLC_HOST,1005,1005,1006,,485738,,,vplc_internal,10,20,10,0,0,0,737444908,1,32,0,ok,
RUN_20260510_VPLC_L1_LIGHT_10_20_S01_R02,VPLC_L1_LIGHT_10_20,SER_20260510_VPLC_L1_LIGHT_10_20_S01,vPLC_container,VPLC_HOST,1006,1006,1007,,485748,,,vplc_internal,10,20,10,0,0,0,1700606682,1,32,0,ok,
RUN_20260510_VPLC_L1_LIGHT_10_20_S01_R02,VPLC_L1_LIGHT_10_20,SER_20260510_VPLC_L1_LIGHT_10_20_S01,vPLC_container,VPLC_HOST,1007,1007,1008,,485758,,,vplc_internal,10,20,10,0,0,0,524743434,1,32,0,ok,
RUN_20260510_VPLC_L1_LIGHT_10_20_S01_R02,VPLC_L1_LIGHT_10_20,SER_20260510_VPLC_L1_LIGHT_10_20_S01,vPLC_container,VPLC_HOST,1008,1008,1009,,485768,,,vplc_internal,10,20,10,0,0,0,1504830394,1,32,0,ok,
RUN_20260510_VPLC_L1_LIGHT_10_20_S01_R02,VPLC_L1_LIGHT_10_20,SER_20260510_VPLC_L1_LIGHT_10_20_S01,vPLC_container,VPLC_HOST,1009,1009,1010,,485778,,,vplc_internal,10,20,10,0,0,0,345908716,1,32,0,ok,
RUN_20260510_VPLC_L1_LIGHT_10_20_S01_R02,VPLC_L1_LIGHT_10_20,SER_20260510_VPLC_L1_LIGHT_10_20_S01,vPLC_container,VPLC_HOST,1010,1010,1011,,485788,,,vplc_internal,10,20,10,0,0,0,1342953630,1,32,0,ok,
RUN_20260510_VPLC_L1_LIGHT_10_20_S01_R02,VPLC_L1_LIGHT_10_20,SER_20260510_VPLC_L1_LIGHT_10_20_S01,vPLC_container,VPLC_HOST,1011,1011,1012,,485798,,,vplc_internal,10,20,10,0,0,0,201006290,1,32,0,ok,
RUN_20260510_VPLC_L1_LIGHT_10_20_S01_R02,VPLC_L1_LIGHT_10_20,SER_20260510_VPLC_L1_LIGHT_10_20_S01,vPLC_container,VPLC_HOST,1012,1012,1013,,485808,,,vplc_internal,10,20,10,0,0,0,1215041926,1,32,0,ok,
RUN_20260510_VPLC_L1_LIGHT_10_20_S01_R02,VPLC_L1_LIGHT_10_20,SER_20260510_VPLC_L1_LIGHT_10_20_S01,vPLC_container,VPLC_HOST,1013,1013,1014,,485818,,,vplc_internal,10,20,10,0,0,0,90101692,1,32,0,ok,
RUN_20260510_VPLC_L1_LIGHT_10_20_S01_R02,VPLC_L1_LIGHT_10_20,SER_20260510_VPLC_L1_LIGHT_10_20_S01,vPLC_container,VPLC_HOST,1014,1014,1015,,485841,,,vplc_internal,10,20,23,13,1,0,1121160818,1,32,0,ok,
RUN_20260510_VPLC_L1_LIGHT_10_20_S01_R02,VPLC_L1_LIGHT_10_20,SER_20260510_VPLC_L1_LIGHT_10_20_S01,vPLC_container,VPLC_HOST,1015,1015,1016,,485841,,,vplc_internal,10,20,,,,0,13260458,1,32,0,invalid_row,timing_invalid
RUN_20260510_VPLC_L1_LIGHT_10_20_S01_R02,VPLC_L1_LIGHT_10_20,SER_20260510_VPLC_L1_LIGHT_10_20_S01,vPLC_container,VPLC_HOST,1016,1016,1017,,485848,,,vplc_internal,10,20,7,-3,0,0,1061375842,1,32,0,ok,
RUN_20260510_VPLC_L1_LIGHT_10_20_S01_R02,VPLC_L1_LIGHT_10_20,SER_20260510_VPLC_L1_LIGHT_10_20_S01,vPLC_container,VPLC_HOST,1017,1017,1018,,485858,,,vplc_internal,10,20,10,0,0,0,2118031771,1,32,0,ok,
RUN_20260510_VPLC_L1_LIGHT_10_20_S01_R02,VPLC_L1_LIGHT_10_20,SER_20260510_VPLC_L1_LIGHT_10_20_S01,vPLC_container,VPLC_HOST,1018,1018,1019,,485868,,,vplc_internal,10,20,10,0,0,0,1035752534,1,32,0,ok,
RUN_20260510_VPLC_L1_LIGHT_10_20_S01_R02,VPLC_L1_LIGHT_10_20,SER_20260510_VPLC_L1_LIGHT_10_20_S01,vPLC_container,VPLC_HOST,1019,1019,1020,,485878,,,vplc_internal,10,20,10,0,0,0,2109513873,1,32,0,ok,
RUN_20260510_VPLC_L1_LIGHT_10_20_S01_R02,VPLC_L1_LIGHT_10_20,SER_20260510_VPLC_L1_LIGHT_10_20_S01,vPLC_container,VPLC_HOST,1020,1020,1021,,485888,,,vplc_internal,10,20,10,0,0,0,1044356430,1,32,0,ok,
RUN_20260510_VPLC_L1_LIGHT_10_20_S01_R02,VPLC_L1_LIGHT_10_20,SER_20260510_VPLC_L1_LIGHT_10_20_S01,vPLC_container,VPLC_HOST,1021,1021,1022,,485898,,,vplc_internal,10,20,10,0,0,0,2135255947,1,32,0,ok,
RUN_20260510_VPLC_L1_LIGHT_10_20_S01_R02,VPLC_L1_LIGHT_10_20,SER_20260510_VPLC_L1_LIGHT_10_20_S01,vPLC_container,VPLC_HOST,1022,1022,1023,,485908,,,vplc_internal,10,20,10,0,0,0,1087253066,1,32,0,ok,
RUN_20260510_VPLC_L1_LIGHT_10_20_S01_R02,VPLC_L1_LIGHT_10_20,SER_20260510_VPLC_L1_LIGHT_10_20_S01,vPLC_container,VPLC_HOST,1023,1023,1024,,485918,,,vplc_internal,10,20,10,0,0,0,47839882,1,32,0,ok,
RUN_20260510_VPLC_L1_LIGHT_10_20_S01_R02,VPLC_L1_LIGHT_10_20,SER_20260510_VPLC_L1_LIGHT_10_20_S01,vPLC_container,VPLC_HOST,1024,1024,1025,,485928,,,vplc_internal,10,20,10,0,0,0,1164507978,1,32,0,ok,
RUN_20260510_VPLC_L1_LIGHT_10_20_S01_R02,VPLC_L1_LIGHT_10_20,SER_20260510_VPLC_L1_LIGHT_10_20_S01,vPLC_container,VPLC_HOST,1025,1025,1026,,485938,,,vplc_internal,10,20,10,0,0,0,142298508,1,32,0,ok,
RUN_20260510_VPLC_L1_LIGHT_10_20_S01_R02,VPLC_L1_LIGHT_10_20,SER_20260510_VPLC_L1_LIGHT_10_20_S01,vPLC_container,VPLC_HOST,1026,1026,1027,,485948,,,vplc_internal,10,20,10,0,0,0,1276186702,1,32,0,ok,
RUN_20260510_VPLC_L1_LIGHT_10_20_S01_R02,VPLC_L1_LIGHT_10_20,SER_20260510_VPLC_L1_LIGHT_10_20_S01,vPLC_container,VPLC_HOST,1027,1027,1028,,485958,,,vplc_internal,10,20,10,0,0,0,271213714,1,32,0,ok,
RUN_20260510_VPLC_L1_LIGHT_10_20_S01_R02,VPLC_L1_LIGHT_10_20,SER_20260510_VPLC_L1_LIGHT_10_20_S01,vPLC_container,VPLC_HOST,1028,1028,1029,,485968,,,vplc_internal,10,20,10,0,0,0,1422354774,1,32,0,ok,
RUN_20260510_VPLC_L1_LIGHT_10_20_S01_R02,VPLC_L1_LIGHT_10_20,SER_20260510_VPLC_L1_LIGHT_10_20_S01,vPLC_container,VPLC_HOST,1029,1029,1030,,485978,,,vplc_internal,10,20,10,0,0,0,434651036,1,32,0,ok,
RUN_20260510_VPLC_L1_LIGHT_10_20_S01_R02,VPLC_L1_LIGHT_10_20,SER_20260510_VPLC_L1_LIGHT_10_20_S01,vPLC_container,VPLC_HOST,1030,1030,1031,,485988,,,vplc_internal,10,20,10,0,0,0,1603077730,1,32,0,ok,
RUN_20260510_VPLC_L1_LIGHT_10_20_S01_R02,VPLC_L1_LIGHT_10_20,SER_20260510_VPLC_L1_LIGHT_10_20_S01,vPLC_container,VPLC_HOST,1031,1031,1032,,485998,,,vplc_internal,10,20,10,0,0,0,632676010,1,32,0,ok,
RUN_20260510_VPLC_L1_LIGHT_10_20_S01_R02,VPLC_L1_LIGHT_10_20,SER_20260510_VPLC_L1_LIGHT_10_20_S01,vPLC_container,VPLC_HOST,1032,1032,1033,,486008,,,vplc_internal,10,20,10,0,0,0,1818421106,1,32,0,ok,
RUN_20260510_VPLC_L1_LIGHT_10_20_S01_R02,VPLC_L1_LIGHT_10_20,SER_20260510_VPLC_L1_LIGHT_10_20_S01,vPLC_container,VPLC_HOST,1033,1033,1034,,486018,,,vplc_internal,10,20,10,0,0,0,865354172,1,32,0,ok,
RUN_20260510_VPLC_L1_LIGHT_10_20_S01_R02,VPLC_L1_LIGHT_10_20,SER_20260510_VPLC_L1_LIGHT_10_20_S01,vPLC_container,VPLC_HOST,1034,1034,1035,,486028,,,vplc_internal,10,20,10,0,0,0,2068450438,1,32,0,ok,
RUN_20260510_VPLC_L1_LIGHT_10_20_S01_R02,VPLC_L1_LIGHT_10_20,SER_20260510_VPLC_L1_LIGHT_10_20_S01,vPLC_container,VPLC_HOST,1035,1035,1036,,486038,,,vplc_internal,10,20,10,0,0,0,1132751058,1,32,0,ok,
RUN_20260510_VPLC_L1_LIGHT_10_20_S01_R02,VPLC_L1_LIGHT_10_20,SER_20260510_VPLC_L1_LIGHT_10_20_S01,vPLC_container,VPLC_HOST,1036,1036,1037,,486048,,,vplc_internal,10,20,10,0,0,0,205747615,1,32,0,ok,
RUN_20260510_VPLC_L1_LIGHT_10_20_S01_R02,VPLC_L1_LIGHT_10_20,SER_20260510_VPLC_L1_LIGHT_10_20_S01,vPLC_container,VPLC_HOST,1037,1037,1038,,486058,,,vplc_internal,10,20,10,0,0,0,1434932204,1,32,0,ok,
RUN_20260510_VPLC_L1_LIGHT_10_20_S01_R02,VPLC_L1_LIGHT_10_20,SER_20260510_VPLC_L1_LIGHT_10_20_S01,vPLC_container,VPLC_HOST,1038,1038,1039,,486068,,,vplc_internal,10,20,10,0,0,0,525345467,1,32,0,ok,
RUN_20260510_VPLC_L1_LIGHT_10_20_S01_R02,VPLC_L1_LIGHT_10_20,SER_20260510_VPLC_L1_LIGHT_10_20_S01,vPLC_container,VPLC_HOST,1039,1039,1040,,486078,,,vplc_internal,10,20,10,0,0,0,1771963146,1,32,0,ok,
RUN_20260510_VPLC_L1_LIGHT_10_20_S01_R02,VPLC_L1_LIGHT_10_20,SER_20260510_VPLC_L1_LIGHT_10_20_S01,vPLC_container,VPLC_HOST,1040,1040,1041,,486088,,,vplc_internal,10,20,10,0,0,0,879825883,1,32,0,ok,
RUN_20260510_VPLC_L1_LIGHT_10_20_S01_R02,VPLC_L1_LIGHT_10_20,SER_20260510_VPLC_L1_LIGHT_10_20_S01,vPLC_container,VPLC_HOST,1041,1041,1042,,486098,,,vplc_internal,10,20,10,0,0,0,2143909420,1,32,0,ok,
RUN_20260510_VPLC_L1_LIGHT_10_20_S01_R02,VPLC_L1_LIGHT_10_20,SER_20260510_VPLC_L1_LIGHT_10_20_S01,vPLC_container,VPLC_HOST,1042,1042,1043,,486108,,,vplc_internal,10,20,10,0,0,0,1269254399,1,32,0,ok,
RUN_20260510_VPLC_L1_LIGHT_10_20_S01_R02,VPLC_L1_LIGHT_10_20,SER_20260510_VPLC_L1_LIGHT_10_20_S01,vPLC_container,VPLC_HOST,1043,1043,1044,,486118,,,vplc_internal,10,20,10,0,0,0,403352915,1,32,0,ok,
RUN_20260510_VPLC_L1_LIGHT_10_20_S01_R02,VPLC_L1_LIGHT_10_20,SER_20260510_VPLC_L1_LIGHT_10_20_S01,vPLC_container,VPLC_HOST,1044,1044,1045,,486128,,,vplc_internal,10,20,10,0,0,0,1693696551,1,32,0,ok,
RUN_20260510_VPLC_L1_LIGHT_10_20_S01_R02,VPLC_L1_LIGHT_10_20,SER_20260510_VPLC_L1_LIGHT_10_20_S01,vPLC_container,VPLC_HOST,1045,1045,1046,,486138,,,vplc_internal,10,20,10,0,0,0,845326461,1,32,0,ok,
RUN_20260510_VPLC_L1_LIGHT_10_20_S01_R02,VPLC_L1_LIGHT_10_20,SER_20260510_VPLC_L1_LIGHT_10_20_S01,vPLC_container,VPLC_HOST,1046,1046,1047,,486148,,,vplc_internal,10,20,10,0,0,0,5734228,1,32,0,ok,
RUN_20260510_VPLC_L1_LIGHT_10_20_S01_R02,VPLC_L1_LIGHT_10_20,SER_20260510_VPLC_L1_LIGHT_10_20_S01,vPLC_container,VPLC_HOST,1047,1047,1048,,486158,,,vplc_internal,10,20,10,0,0,0,1322411947,1,32,0,ok,
RUN_20260510_VPLC_L1_LIGHT_10_20_S01_R02,VPLC_L1_LIGHT_10_20,SER_20260510_VPLC_L1_LIGHT_10_20_S01,vPLC_container,VPLC_HOST,1048,1048,1049,,486168,,,vplc_internal,10,20,10,0,0,0,500400260,1,32,0,ok,
RUN_20260510_VPLC_L1_LIGHT_10_20_S01_R02,VPLC_L1_LIGHT_10_20,SER_20260510_VPLC_L1_LIGHT_10_20_S01,vPLC_container,VPLC_HOST,1049,1049,1050,,486178,,,vplc_internal,10,20,10,0,0,0,1834674909,1,32,0,ok,
RUN_20260510_VPLC_L1_LIGHT_10_20_S01_R02,VPLC_L1_LIGHT_10_20,SER_20260510_VPLC_L1_LIGHT_10_20_S01,vPLC_container,VPLC_HOST,1050,1050,1051,,486188,,,vplc_internal,10,20,10,0,0,0,1030276536,1,32,0,ok,
RUN_20260510_VPLC_L1_LIGHT_10_20_S01_R02,VPLC_L1_LIGHT_10_20,SER_20260510_VPLC_L1_LIGHT_10_20_S01,vPLC_container,VPLC_HOST,1051,1051,1052,,486198,,,vplc_internal,10,20,10,0,0,0,234697236,1,32,0,ok,
RUN_20260510_VPLC_L1_LIGHT_10_20_S01_R02,VPLC_L1_LIGHT_10_20,SER_20260510_VPLC_L1_LIGHT_10_20_S01,vPLC_container,VPLC_HOST,1052,1052,1053,,486208,,,vplc_internal,10,20,10,0,0,0,1595428592,1,32,0,ok,
RUN_20260510_VPLC_L1_LIGHT_10_20_S01_R02,VPLC_L1_LIGHT_10_20,SER_20260510_VPLC_L1_LIGHT_10_20_S01,vPLC_container,VPLC_HOST,1053,1053,1054,,486218,,,vplc_internal,10,20,10,0,0,0,817511758,1,32,0,ok,
RUN_20260510_VPLC_L1_LIGHT_10_20_S01_R02,VPLC_L1_LIGHT_10_20,SER_20260510_VPLC_L1_LIGHT_10_20_S01,vPLC_container,VPLC_HOST,1054,1054,1055,,486228,,,vplc_internal,10,20,10,0,0,0,48438317,1,32,0,ok,
RUN_20260510_VPLC_L1_LIGHT_10_20_S01_R02,VPLC_L1_LIGHT_10_20,SER_20260510_VPLC_L1_LIGHT_10_20_S01,vPLC_container,VPLC_HOST,1055,1055,1056,,486238,,,vplc_internal,10,20,10,0,0,0,1435700364,1,32,0,ok,
RUN_20260510_VPLC_L1_LIGHT_10_20_S01_R02,VPLC_L1_LIGHT_10_20,SER_20260510_VPLC_L1_LIGHT_10_20_S01,vPLC_container,VPLC_HOST,1056,1056,1057,,486248,,,vplc_internal,10,20,10,0,0,0,684338541,1,32,0,ok,
RUN_20260510_VPLC_L1_LIGHT_10_20_S01_R02,VPLC_L1_LIGHT_10_20,SER_20260510_VPLC_L1_LIGHT_10_20_S01,vPLC_container,VPLC_HOST,1057,1057,1058,,486258,,,vplc_internal,10,20,10,0,0,0,2089328590,1,32,0,ok,
RUN_20260510_VPLC_L1_LIGHT_10_20_S01_R02,VPLC_L1_LIGHT_10_20,SER_20260510_VPLC_L1_LIGHT_10_20_S01,vPLC_container,VPLC_HOST,1058,1058,1059,,486268,,,vplc_internal,10,20,10,0,0,0,1355711153,1,32,0,ok,
RUN_20260510_VPLC_L1_LIGHT_10_20_S01_R02,VPLC_L1_LIGHT_10_20,SER_20260510_VPLC_L1_LIGHT_10_20_S01,vPLC_container,VPLC_HOST,1059,1059,1060,,486278,,,vplc_internal,10,20,10,0,0,0,630978325,1,32,0,ok,
RUN_20260510_VPLC_L1_LIGHT_10_20_S01_R02,VPLC_L1_LIGHT_10_20,SER_20260510_VPLC_L1_LIGHT_10_20_S01,vPLC_container,VPLC_HOST,1060,1060,1061,,486288,,,vplc_internal,10,20,10,0,0,0,2062621689,1,32,0,ok,
RUN_20260510_VPLC_L1_LIGHT_10_20_S01_R02,VPLC_L1_LIGHT_10_20,SER_20260510_VPLC_L1_LIGHT_10_20_S01,vPLC_container,VPLC_HOST,1061,1061,1062,,486298,,,vplc_internal,10,20,10,0,0,0,1355682399,1,32,0,ok,
RUN_20260510_VPLC_L1_LIGHT_10_20_S01_R02,VPLC_L1_LIGHT_10_20,SER_20260510_VPLC_L1_LIGHT_10_20_S01,vPLC_container,VPLC_HOST,1062,1062,1063,,486308,,,vplc_internal,10,20,10,0,0,0,657652038,1,32,0,ok,
RUN_20260510_VPLC_L1_LIGHT_10_20_S01_R02,VPLC_L1_LIGHT_10_20,SER_20260510_VPLC_L1_LIGHT_10_20_S01,vPLC_container,VPLC_HOST,1063,1063,1064,,486318,,,vplc_internal,10,20,10,0,0,0,2116022701,1,32,0,ok,
RUN_20260510_VPLC_L1_LIGHT_10_20_S01_R02,VPLC_L1_LIGHT_10_20,SER_20260510_VPLC_L1_LIGHT_10_20_S01,vPLC_container,VPLC_HOST,1064,1064,1065,,486328,,,vplc_internal,10,20,10,0,0,0,1435835030,1,32,0,ok,
RUN_20260510_VPLC_L1_LIGHT_10_20_S01_R02,VPLC_L1_LIGHT_10_20,SER_20260510_VPLC_L1_LIGHT_10_20_S01,vPLC_container,VPLC_HOST,1065,1065,1066,,486338,,,vplc_internal,10,20,10,0,0,0,764581120,1,32,0,ok,
RUN_20260510_VPLC_L1_LIGHT_10_20_S01_R02,VPLC_L1_LIGHT_10_20,SER_20260510_VPLC_L1_LIGHT_10_20_S01,vPLC_container,VPLC_HOST,1066,1066,1067,,486348,,,vplc_internal,10,20,10,0,0,0,102268907,1,32,0,ok,
RUN_20260510_VPLC_L1_LIGHT_10_20_S01_R02,VPLC_L1_LIGHT_10_20,SER_20260510_VPLC_L1_LIGHT_10_20_S01,vPLC_container,VPLC_HOST,1067,1067,1068,,486358,,,vplc_internal,10,20,10,0,0,0,1596390486,1,32,0,ok,
