run_id,mode_id,series_id,object,node_id,sample_index,cycle_index,cycle_counter,ts_observe,ts_start,ts_end,timestamp_tick_ns,timestamp_source,t0_ms,deadline_threshold_ms,Tper,Jper,deadline_miss,heartbeat,workload_accumulator,load_level,load_passes,error_flag,quality_flag,notes
RUN_20260502_S7_L0_IDLE_10_20_S01_R01,S7_L0_IDLE_10_20,SER_20260502_S7_L0_IDLE_10_20_S01,HW_PLC,HW_PLC,12472,12472,12473,,,,918698000,plc_internal_rd_loc_t_nanosecond,10,20,0.424,-9.576,0,0,77794101,0,0,0,ok,
RUN_20260502_S7_L0_IDLE_10_20_S01_R01,S7_L0_IDLE_10_20,SER_20260502_S7_L0_IDLE_10_20_S01,HW_PLC,HW_PLC,12473,12473,12474,,,,919856000,plc_internal_rd_loc_t_nanosecond,10,20,1.158,-8.842,0,0,77806575,0,0,0,ok,
RUN_20260502_S7_L0_IDLE_10_20_S01_R01,S7_L0_IDLE_10_20,SER_20260502_S7_L0_IDLE_10_20_S01,HW_PLC,HW_PLC,12474,12474,12475,,,,920500000,plc_internal_rd_loc_t_nanosecond,10,20,0.644,-9.356,0,0,77819050,0,0,0,ok,
RUN_20260502_S7_L0_IDLE_10_20_S01_R01,S7_L0_IDLE_10_20,SER_20260502_S7_L0_IDLE_10_20_S01,HW_PLC,HW_PLC,12475,12475,12476,,,,920919000,plc_internal_rd_loc_t_nanosecond,10,20,0.419,-9.581,0,0,77831526,0,0,0,ok,
RUN_20260502_S7_L0_IDLE_10_20_S01_R01,S7_L0_IDLE_10_20,SER_20260502_S7_L0_IDLE_10_20_S01,HW_PLC,HW_PLC,12476,12476,12477,,,,921496000,plc_internal_rd_loc_t_nanosecond,10,20,0.577,-9.423,0,0,77844003,0,0,0,ok,
RUN_20260502_S7_L0_IDLE_10_20_S01_R01,S7_L0_IDLE_10_20,SER_20260502_S7_L0_IDLE_10_20_S01,HW_PLC,HW_PLC,12477,12477,12478,,,,922682000,plc_internal_rd_loc_t_nanosecond,10,20,1.186,-8.814,0,0,77856481,0,0,0,ok,
RUN_20260502_S7_L0_IDLE_10_20_S01_R01,S7_L0_IDLE_10_20,SER_20260502_S7_L0_IDLE_10_20_S01,HW_PLC,HW_PLC,12478,12478,12479,,,,923317000,plc_internal_rd_loc_t_nanosecond,10,20,0.635,-9.365,0,0,77868960,0,0,0,ok,
RUN_20260502_S7_L0_IDLE_10_20_S01_R01,S7_L0_IDLE_10_20,SER_20260502_S7_L0_IDLE_10_20_S01,HW_PLC,HW_PLC,12479,12479,12480,,,,923752000,plc_internal_rd_loc_t_nanosecond,10,20,0.435,-9.565,0,0,77881440,0,0,0,ok,
RUN_20260502_S7_L0_IDLE_10_20_S01_R01,S7_L0_IDLE_10_20,SER_20260502_S7_L0_IDLE_10_20_S01,HW_PLC,HW_PLC,12480,12480,12481,,,,924311000,plc_internal_rd_loc_t_nanosecond,10,20,0.559,-9.441,0,0,77893921,0,0,0,ok,
RUN_20260502_S7_L0_IDLE_10_20_S01_R01,S7_L0_IDLE_10_20,SER_20260502_S7_L0_IDLE_10_20_S01,HW_PLC,HW_PLC,12481,12481,12482,,,,925606000,plc_internal_rd_loc_t_nanosecond,10,20,1.295,-8.705,0,0,77906403,0,0,0,ok,
RUN_20260502_S7_L0_IDLE_10_20_S01_R01,S7_L0_IDLE_10_20,SER_20260502_S7_L0_IDLE_10_20_S01,HW_PLC,HW_PLC,12482,12482,12483,,,,926208000,plc_internal_rd_loc_t_nanosecond,10,20,0.602,-9.398,0,0,77918886,0,0,0,ok,
RUN_20260502_S7_L0_IDLE_10_20_S01_R01,S7_L0_IDLE_10_20,SER_20260502_S7_L0_IDLE_10_20_S01,HW_PLC,HW_PLC,12483,12483,12484,,,,926649000,plc_internal_rd_loc_t_nanosecond,10,20,0.441,-9.559,0,0,77931370,0,0,0,ok,
RUN_20260502_S7_L0_IDLE_10_20_S01_R01,S7_L0_IDLE_10_20,SER_20260502_S7_L0_IDLE_10_20_S01,HW_PLC,HW_PLC,12484,12484,12485,,,,927851000,plc_internal_rd_loc_t_nanosecond,10,20,1.202,-8.798,0,0,77943855,0,0,0,ok,
RUN_20260502_S7_L0_IDLE_10_20_S01_R01,S7_L0_IDLE_10_20,SER_20260502_S7_L0_IDLE_10_20_S01,HW_PLC,HW_PLC,12485,12485,12486,,,,928492000,plc_internal_rd_loc_t_nanosecond,10,20,0.641,-9.359,0,0,77956341,0,0,0,ok,
RUN_20260502_S7_L0_IDLE_10_20_S01_R01,S7_L0_IDLE_10_20,SER_20260502_S7_L0_IDLE_10_20_S01,HW_PLC,HW_PLC,12486,12486,12487,,,,928912000,plc_internal_rd_loc_t_nanosecond,10,20,0.42,-9.58,0,0,77968828,0,0,0,ok,
RUN_20260502_S7_L0_IDLE_10_20_S01_R01,S7_L0_IDLE_10_20,SER_20260502_S7_L0_IDLE_10_20_S01,HW_PLC,HW_PLC,12487,12487,12488,,,,929495000,plc_internal_rd_loc_t_nanosecond,10,20,0.583,-9.417,0,0,77981316,0,0,0,ok,
RUN_20260502_S7_L0_IDLE_10_20_S01_R01,S7_L0_IDLE_10_20,SER_20260502_S7_L0_IDLE_10_20_S01,HW_PLC,HW_PLC,12488,12488,12489,,,,930846000,plc_internal_rd_loc_t_nanosecond,10,20,1.351,-8.649,0,0,77993805,0,0,0,ok,
RUN_20260502_S7_L0_IDLE_10_20_S01_R01,S7_L0_IDLE_10_20,SER_20260502_S7_L0_IDLE_10_20_S01,HW_PLC,HW_PLC,12489,12489,12490,,,,931538000,plc_internal_rd_loc_t_nanosecond,10,20,0.692,-9.308,0,0,78006295,0,0,0,ok,
RUN_20260502_S7_L0_IDLE_10_20_S01_R01,S7_L0_IDLE_10_20,SER_20260502_S7_L0_IDLE_10_20_S01,HW_PLC,HW_PLC,12490,12490,12491,,,,931957000,plc_internal_rd_loc_t_nanosecond,10,20,0.419,-9.581,0,0,78018786,0,0,0,ok,
RUN_20260502_S7_L0_IDLE_10_20_S01_R01,S7_L0_IDLE_10_20,SER_20260502_S7_L0_IDLE_10_20_S01,HW_PLC,HW_PLC,12491,12491,12492,,,,933333000,plc_internal_rd_loc_t_nanosecond,10,20,1.376,-8.624,0,0,78031278,0,0,0,ok,
RUN_20260502_S7_L0_IDLE_10_20_S01_R01,S7_L0_IDLE_10_20,SER_20260502_S7_L0_IDLE_10_20_S01,HW_PLC,HW_PLC,12492,12492,12493,,,,933778000,plc_internal_rd_loc_t_nanosecond,10,20,0.445,-9.555,0,0,78043771,0,0,0,ok,
RUN_20260502_S7_L0_IDLE_10_20_S01_R01,S7_L0_IDLE_10_20,SER_20260502_S7_L0_IDLE_10_20_S01,HW_PLC,HW_PLC,12493,12493,12494,,,,934350000,plc_internal_rd_loc_t_nanosecond,10,20,0.572,-9.427999,0,0,78056265,0,0,0,ok,
RUN_20260502_S7_L0_IDLE_10_20_S01_R01,S7_L0_IDLE_10_20,SER_20260502_S7_L0_IDLE_10_20_S01,HW_PLC,HW_PLC,12494,12494,12495,,,,934774000,plc_internal_rd_loc_t_nanosecond,10,20,0.424,-9.576,0,0,78068760,0,0,0,ok,
RUN_20260502_S7_L0_IDLE_10_20_S01_R01,S7_L0_IDLE_10_20,SER_20260502_S7_L0_IDLE_10_20_S01,HW_PLC,HW_PLC,12495,12495,12496,,,,935963000,plc_internal_rd_loc_t_nanosecond,10,20,1.189,-8.811,0,0,78081256,0,0,0,ok,
RUN_20260502_S7_L0_IDLE_10_20_S01_R01,S7_L0_IDLE_10_20,SER_20260502_S7_L0_IDLE_10_20_S01,HW_PLC,HW_PLC,12496,12496,12497,,,,936559000,plc_internal_rd_loc_t_nanosecond,10,20,0.596,-9.404,0,0,78093753,0,0,0,ok,
RUN_20260502_S7_L0_IDLE_10_20_S01_R01,S7_L0_IDLE_10_20,SER_20260502_S7_L0_IDLE_10_20_S01,HW_PLC,HW_PLC,12497,12497,12498,,,,936969000,plc_internal_rd_loc_t_nanosecond,10,20,0.41,-9.59,0,0,78106251,0,0,0,ok,
RUN_20260502_S7_L0_IDLE_10_20_S01_R01,S7_L0_IDLE_10_20,SER_20260502_S7_L0_IDLE_10_20_S01,HW_PLC,HW_PLC,12498,12498,12499,,,,938287000,plc_internal_rd_loc_t_nanosecond,10,20,1.318,-8.682,0,0,78118750,0,0,0,ok,
RUN_20260502_S7_L0_IDLE_10_20_S01_R01,S7_L0_IDLE_10_20,SER_20260502_S7_L0_IDLE_10_20_S01,HW_PLC,HW_PLC,12499,12499,12500,,,,938760000,plc_internal_rd_loc_t_nanosecond,10,20,0.473,-9.527,0,1,78131250,0,0,0,ok,
RUN_20260502_S7_L0_IDLE_10_20_S01_R01,S7_L0_IDLE_10_20,SER_20260502_S7_L0_IDLE_10_20_S01,HW_PLC,HW_PLC,12500,12500,12501,,,,939333000,plc_internal_rd_loc_t_nanosecond,10,20,0.573,-9.427,0,1,78143751,0,0,0,ok,
RUN_20260502_S7_L0_IDLE_10_20_S01_R01,S7_L0_IDLE_10_20,SER_20260502_S7_L0_IDLE_10_20_S01,HW_PLC,HW_PLC,12501,12501,12502,,,,939754000,plc_internal_rd_loc_t_nanosecond,10,20,0.421,-9.579,0,1,78156253,0,0,0,ok,
RUN_20260502_S7_L0_IDLE_10_20_S01_R01,S7_L0_IDLE_10_20,SER_20260502_S7_L0_IDLE_10_20_S01,HW_PLC,HW_PLC,12502,12502,12503,,,,940920000,plc_internal_rd_loc_t_nanosecond,10,20,1.166,-8.834,0,1,78168756,0,0,0,ok,
RUN_20260502_S7_L0_IDLE_10_20_S01_R01,S7_L0_IDLE_10_20,SER_20260502_S7_L0_IDLE_10_20_S01,HW_PLC,HW_PLC,12503,12503,12504,,,,941569000,plc_internal_rd_loc_t_nanosecond,10,20,0.649,-9.351,0,1,78181260,0,0,0,ok,
RUN_20260502_S7_L0_IDLE_10_20_S01_R01,S7_L0_IDLE_10_20,SER_20260502_S7_L0_IDLE_10_20_S01,HW_PLC,HW_PLC,12504,12504,12505,,,,941975000,plc_internal_rd_loc_t_nanosecond,10,20,0.406,-9.594,0,1,78193765,0,0,0,ok,
RUN_20260502_S7_L0_IDLE_10_20_S01_R01,S7_L0_IDLE_10_20,SER_20260502_S7_L0_IDLE_10_20_S01,HW_PLC,HW_PLC,12505,12505,12506,,,,942544000,plc_internal_rd_loc_t_nanosecond,10,20,0.569,-9.431,0,1,78206271,0,0,0,ok,
RUN_20260502_S7_L0_IDLE_10_20_S01_R01,S7_L0_IDLE_10_20,SER_20260502_S7_L0_IDLE_10_20_S01,HW_PLC,HW_PLC,12506,12506,12507,,,,943718000,plc_internal_rd_loc_t_nanosecond,10,20,1.174,-8.826,0,1,78218778,0,0,0,ok,
RUN_20260502_S7_L0_IDLE_10_20_S01_R01,S7_L0_IDLE_10_20,SER_20260502_S7_L0_IDLE_10_20_S01,HW_PLC,HW_PLC,12507,12507,12508,,,,944324000,plc_internal_rd_loc_t_nanosecond,10,20,0.606,-9.394,0,1,78231286,0,0,0,ok,
RUN_20260502_S7_L0_IDLE_10_20_S01_R01,S7_L0_IDLE_10_20,SER_20260502_S7_L0_IDLE_10_20_S01,HW_PLC,HW_PLC,12508,12508,12509,,,,944751000,plc_internal_rd_loc_t_nanosecond,10,20,0.427,-9.573,0,1,78243795,0,0,0,ok,
RUN_20260502_S7_L0_IDLE_10_20_S01_R01,S7_L0_IDLE_10_20,SER_20260502_S7_L0_IDLE_10_20_S01,HW_PLC,HW_PLC,12509,12509,12510,,,,945932000,plc_internal_rd_loc_t_nanosecond,10,20,1.181,-8.819,0,1,78256305,0,0,0,ok,
RUN_20260502_S7_L0_IDLE_10_20_S01_R01,S7_L0_IDLE_10_20,SER_20260502_S7_L0_IDLE_10_20_S01,HW_PLC,HW_PLC,12510,12510,12511,,,,946583000,plc_internal_rd_loc_t_nanosecond,10,20,0.651,-9.349,0,1,78268816,0,0,0,ok,
RUN_20260502_S7_L0_IDLE_10_20_S01_R01,S7_L0_IDLE_10_20,SER_20260502_S7_L0_IDLE_10_20_S01,HW_PLC,HW_PLC,12511,12511,12512,,,,946991000,plc_internal_rd_loc_t_nanosecond,10,20,0.408,-9.592,0,1,78281328,0,0,0,ok,
RUN_20260502_S7_L0_IDLE_10_20_S01_R01,S7_L0_IDLE_10_20,SER_20260502_S7_L0_IDLE_10_20_S01,HW_PLC,HW_PLC,12512,12512,12513,,,,947570000,plc_internal_rd_loc_t_nanosecond,10,20,0.579,-9.421,0,1,78293841,0,0,0,ok,
RUN_20260502_S7_L0_IDLE_10_20_S01_R01,S7_L0_IDLE_10_20,SER_20260502_S7_L0_IDLE_10_20_S01,HW_PLC,HW_PLC,12513,12513,12514,,,,948691000,plc_internal_rd_loc_t_nanosecond,10,20,1.121,-8.879,0,1,78306355,0,0,0,ok,
RUN_20260502_S7_L0_IDLE_10_20_S01_R01,S7_L0_IDLE_10_20,SER_20260502_S7_L0_IDLE_10_20_S01,HW_PLC,HW_PLC,12514,12514,12515,,,,949374000,plc_internal_rd_loc_t_nanosecond,10,20,0.683,-9.317,0,1,78318870,0,0,0,ok,
RUN_20260502_S7_L0_IDLE_10_20_S01_R01,S7_L0_IDLE_10_20,SER_20260502_S7_L0_IDLE_10_20_S01,HW_PLC,HW_PLC,12515,12515,12516,,,,949801000,plc_internal_rd_loc_t_nanosecond,10,20,0.427,-9.573,0,1,78331386,0,0,0,ok,
RUN_20260502_S7_L0_IDLE_10_20_S01_R01,S7_L0_IDLE_10_20,SER_20260502_S7_L0_IDLE_10_20_S01,HW_PLC,HW_PLC,12516,12516,12517,,,,950396000,plc_internal_rd_loc_t_nanosecond,10,20,0.595,-9.405,0,1,78343903,0,0,0,ok,
RUN_20260502_S7_L0_IDLE_10_20_S01_R01,S7_L0_IDLE_10_20,SER_20260502_S7_L0_IDLE_10_20_S01,HW_PLC,HW_PLC,12517,12517,12518,,,,951693000,plc_internal_rd_loc_t_nanosecond,10,20,1.297,-8.703,0,1,78356421,0,0,0,ok,
RUN_20260502_S7_L0_IDLE_10_20_S01_R01,S7_L0_IDLE_10_20,SER_20260502_S7_L0_IDLE_10_20_S01,HW_PLC,HW_PLC,12518,12518,12519,,,,952283000,plc_internal_rd_loc_t_nanosecond,10,20,0.59,-9.41,0,1,78368940,0,0,0,ok,
RUN_20260502_S7_L0_IDLE_10_20_S01_R01,S7_L0_IDLE_10_20,SER_20260502_S7_L0_IDLE_10_20_S01,HW_PLC,HW_PLC,12519,12519,12520,,,,952711000,plc_internal_rd_loc_t_nanosecond,10,20,0.428,-9.572,0,1,78381460,0,0,0,ok,
RUN_20260502_S7_L0_IDLE_10_20_S01_R01,S7_L0_IDLE_10_20,SER_20260502_S7_L0_IDLE_10_20_S01,HW_PLC,HW_PLC,12520,12520,12521,,,,953870000,plc_internal_rd_loc_t_nanosecond,10,20,1.159,-8.841,0,1,78393981,0,0,0,ok,
RUN_20260502_S7_L0_IDLE_10_20_S01_R01,S7_L0_IDLE_10_20,SER_20260502_S7_L0_IDLE_10_20_S01,HW_PLC,HW_PLC,12521,12521,12522,,,,954510000,plc_internal_rd_loc_t_nanosecond,10,20,0.64,-9.36,0,1,78406503,0,0,0,ok,
RUN_20260502_S7_L0_IDLE_10_20_S01_R01,S7_L0_IDLE_10_20,SER_20260502_S7_L0_IDLE_10_20_S01,HW_PLC,HW_PLC,12522,12522,12523,,,,954928000,plc_internal_rd_loc_t_nanosecond,10,20,0.418,-9.582,0,1,78419026,0,0,0,ok,
RUN_20260502_S7_L0_IDLE_10_20_S01_R01,S7_L0_IDLE_10_20,SER_20260502_S7_L0_IDLE_10_20_S01,HW_PLC,HW_PLC,12523,12523,12524,,,,955540000,plc_internal_rd_loc_t_nanosecond,10,20,0.612,-9.388,0,1,78431550,0,0,0,ok,
RUN_20260502_S7_L0_IDLE_10_20_S01_R01,S7_L0_IDLE_10_20,SER_20260502_S7_L0_IDLE_10_20_S01,HW_PLC,HW_PLC,12524,12524,12525,,,,956320000,plc_internal_rd_loc_t_nanosecond,10,20,0.78,-9.22,0,1,78444075,0,0,0,ok,
RUN_20260502_S7_L0_IDLE_10_20_S01_R01,S7_L0_IDLE_10_20,SER_20260502_S7_L0_IDLE_10_20_S01,HW_PLC,HW_PLC,12525,12525,12526,,,,956771000,plc_internal_rd_loc_t_nanosecond,10,20,0.451,-9.549,0,1,78456601,0,0,0,ok,
RUN_20260502_S7_L0_IDLE_10_20_S01_R01,S7_L0_IDLE_10_20,SER_20260502_S7_L0_IDLE_10_20_S01,HW_PLC,HW_PLC,12526,12526,12527,,,,957367000,plc_internal_rd_loc_t_nanosecond,10,20,0.596,-9.404,0,1,78469128,0,0,0,ok,
RUN_20260502_S7_L0_IDLE_10_20_S01_R01,S7_L0_IDLE_10_20,SER_20260502_S7_L0_IDLE_10_20_S01,HW_PLC,HW_PLC,12527,12527,12528,,,,957795000,plc_internal_rd_loc_t_nanosecond,10,20,0.428,-9.572,0,1,78481656,0,0,0,ok,
RUN_20260502_S7_L0_IDLE_10_20_S01_R01,S7_L0_IDLE_10_20,SER_20260502_S7_L0_IDLE_10_20_S01,HW_PLC,HW_PLC,12528,12528,12529,,,,958406000,plc_internal_rd_loc_t_nanosecond,10,20,0.611,-9.389,0,1,78494185,0,0,0,ok,
RUN_20260502_S7_L0_IDLE_10_20_S01_R01,S7_L0_IDLE_10_20,SER_20260502_S7_L0_IDLE_10_20_S01,HW_PLC,HW_PLC,12529,12529,12530,,,,958849000,plc_internal_rd_loc_t_nanosecond,10,20,0.443,-9.557,0,1,78506715,0,0,0,ok,
RUN_20260502_S7_L0_IDLE_10_20_S01_R01,S7_L0_IDLE_10_20,SER_20260502_S7_L0_IDLE_10_20_S01,HW_PLC,HW_PLC,12530,12530,12531,,,,959435000,plc_internal_rd_loc_t_nanosecond,10,20,0.586,-9.414,0,1,78519246,0,0,0,ok,
RUN_20260502_S7_L0_IDLE_10_20_S01_R01,S7_L0_IDLE_10_20,SER_20260502_S7_L0_IDLE_10_20_S01,HW_PLC,HW_PLC,12531,12531,12532,,,,959867000,plc_internal_rd_loc_t_nanosecond,10,20,0.432,-9.568,0,1,78531778,0,0,0,ok,
RUN_20260502_S7_L0_IDLE_10_20_S01_R01,S7_L0_IDLE_10_20,SER_20260502_S7_L0_IDLE_10_20_S01,HW_PLC,HW_PLC,12532,12532,12533,,,,960439000,plc_internal_rd_loc_t_nanosecond,10,20,0.572,-9.427999,0,1,78544311,0,0,0,ok,
RUN_20260502_S7_L0_IDLE_10_20_S01_R01,S7_L0_IDLE_10_20,SER_20260502_S7_L0_IDLE_10_20_S01,HW_PLC,HW_PLC,12533,12533,12534,,,,960863000,plc_internal_rd_loc_t_nanosecond,10,20,0.424,-9.576,0,1,78556845,0,0,0,ok,
RUN_20260502_S7_L0_IDLE_10_20_S01_R01,S7_L0_IDLE_10_20,SER_20260502_S7_L0_IDLE_10_20_S01,HW_PLC,HW_PLC,12534,12534,12535,,,,961481000,plc_internal_rd_loc_t_nanosecond,10,20,0.618,-9.382,0,1,78569380,0,0,0,ok,
RUN_20260502_S7_L0_IDLE_10_20_S01_R01,S7_L0_IDLE_10_20,SER_20260502_S7_L0_IDLE_10_20_S01,HW_PLC,HW_PLC,12535,12535,12536,,,,961908000,plc_internal_rd_loc_t_nanosecond,10,20,0.427,-9.573,0,1,78581916,0,0,0,ok,
RUN_20260502_S7_L0_IDLE_10_20_S01_R01,S7_L0_IDLE_10_20,SER_20260502_S7_L0_IDLE_10_20_S01,HW_PLC,HW_PLC,12536,12536,12537,,,,962499000,plc_internal_rd_loc_t_nanosecond,10,20,0.591,-9.409,0,1,78594453,0,0,0,ok,
RUN_20260502_S7_L0_IDLE_10_20_S01_R01,S7_L0_IDLE_10_20,SER_20260502_S7_L0_IDLE_10_20_S01,HW_PLC,HW_PLC,12537,12537,12538,,,,962926000,plc_internal_rd_loc_t_nanosecond,10,20,0.427,-9.573,0,1,78606991,0,0,0,ok,
RUN_20260502_S7_L0_IDLE_10_20_S01_R01,S7_L0_IDLE_10_20,SER_20260502_S7_L0_IDLE_10_20_S01,HW_PLC,HW_PLC,12538,12538,12539,,,,963541000,plc_internal_rd_loc_t_nanosecond,10,20,0.615,-9.385,0,1,78619530,0,0,0,ok,
RUN_20260502_S7_L0_IDLE_10_20_S01_R01,S7_L0_IDLE_10_20,SER_20260502_S7_L0_IDLE_10_20_S01,HW_PLC,HW_PLC,12539,12539,12540,,,,963982000,plc_internal_rd_loc_t_nanosecond,10,20,0.441,-9.559,0,1,78632070,0,0,0,ok,
RUN_20260502_S7_L0_IDLE_10_20_S01_R01,S7_L0_IDLE_10_20,SER_20260502_S7_L0_IDLE_10_20_S01,HW_PLC,HW_PLC,12540,12540,12541,,,,964572000,plc_internal_rd_loc_t_nanosecond,10,20,0.59,-9.41,0,1,78644611,0,0,0,ok,
RUN_20260502_S7_L0_IDLE_10_20_S01_R01,S7_L0_IDLE_10_20,SER_20260502_S7_L0_IDLE_10_20_S01,HW_PLC,HW_PLC,12541,12541,12542,,,,965178000,plc_internal_rd_loc_t_nanosecond,10,20,0.606,-9.394,0,1,78657153,0,0,0,ok,
RUN_20260502_S7_L0_IDLE_10_20_S01_R01,S7_L0_IDLE_10_20,SER_20260502_S7_L0_IDLE_10_20_S01,HW_PLC,HW_PLC,12542,12542,12543,,,,965632000,plc_internal_rd_loc_t_nanosecond,10,20,0.454,-9.546,0,1,78669696,0,0,0,ok,
RUN_20260502_S7_L0_IDLE_10_20_S01_R01,S7_L0_IDLE_10_20,SER_20260502_S7_L0_IDLE_10_20_S01,HW_PLC,HW_PLC,12543,12543,12544,,,,966242000,plc_internal_rd_loc_t_nanosecond,10,20,0.61,-9.39,0,1,78682240,0,0,0,ok,
RUN_20260502_S7_L0_IDLE_10_20_S01_R01,S7_L0_IDLE_10_20,SER_20260502_S7_L0_IDLE_10_20_S01,HW_PLC,HW_PLC,12544,12544,12545,,,,966695000,plc_internal_rd_loc_t_nanosecond,10,20,0.453,-9.547,0,1,78694785,0,0,0,ok,
RUN_20260502_S7_L0_IDLE_10_20_S01_R01,S7_L0_IDLE_10_20,SER_20260502_S7_L0_IDLE_10_20_S01,HW_PLC,HW_PLC,12545,12545,12546,,,,967280000,plc_internal_rd_loc_t_nanosecond,10,20,0.585,-9.415,0,1,78707331,0,0,0,ok,
RUN_20260502_S7_L0_IDLE_10_20_S01_R01,S7_L0_IDLE_10_20,SER_20260502_S7_L0_IDLE_10_20_S01,HW_PLC,HW_PLC,12546,12546,12547,,,,967717000,plc_internal_rd_loc_t_nanosecond,10,20,0.437,-9.563,0,1,78719878,0,0,0,ok,
RUN_20260502_S7_L0_IDLE_10_20_S01_R01,S7_L0_IDLE_10_20,SER_20260502_S7_L0_IDLE_10_20_S01,HW_PLC,HW_PLC,12547,12547,12548,,,,968287000,plc_internal_rd_loc_t_nanosecond,10,20,0.57,-9.43,0,1,78732426,0,0,0,ok,
RUN_20260502_S7_L0_IDLE_10_20_S01_R01,S7_L0_IDLE_10_20,SER_20260502_S7_L0_IDLE_10_20_S01,HW_PLC,HW_PLC,12548,12548,12549,,,,968760000,plc_internal_rd_loc_t_nanosecond,10,20,0.473,-9.527,0,1,78744975,0,0,0,ok,
RUN_20260502_S7_L0_IDLE_10_20_S01_R01,S7_L0_IDLE_10_20,SER_20260502_S7_L0_IDLE_10_20_S01,HW_PLC,HW_PLC,12549,12549,12550,,,,969345000,plc_internal_rd_loc_t_nanosecond,10,20,0.585,-9.415,0,1,78757525,0,0,0,ok,
RUN_20260502_S7_L0_IDLE_10_20_S01_R01,S7_L0_IDLE_10_20,SER_20260502_S7_L0_IDLE_10_20_S01,HW_PLC,HW_PLC,12550,12550,12551,,,,969785000,plc_internal_rd_loc_t_nanosecond,10,20,0.44,-9.56,0,1,78770076,0,0,0,ok,
RUN_20260502_S7_L0_IDLE_10_20_S01_R01,S7_L0_IDLE_10_20,SER_20260502_S7_L0_IDLE_10_20_S01,HW_PLC,HW_PLC,12551,12551,12552,,,,970366000,plc_internal_rd_loc_t_nanosecond,10,20,0.581,-9.419,0,1,78782628,0,0,0,ok,
RUN_20260502_S7_L0_IDLE_10_20_S01_R01,S7_L0_IDLE_10_20,SER_20260502_S7_L0_IDLE_10_20_S01,HW_PLC,HW_PLC,12552,12552,12553,,,,970808000,plc_internal_rd_loc_t_nanosecond,10,20,0.442,-9.558,0,1,78795181,0,0,0,ok,
RUN_20260502_S7_L0_IDLE_10_20_S01_R01,S7_L0_IDLE_10_20,SER_20260502_S7_L0_IDLE_10_20_S01,HW_PLC,HW_PLC,12553,12553,12554,,,,971422000,plc_internal_rd_loc_t_nanosecond,10,20,0.614,-9.386,0,1,78807735,0,0,0,ok,
RUN_20260502_S7_L0_IDLE_10_20_S01_R01,S7_L0_IDLE_10_20,SER_20260502_S7_L0_IDLE_10_20_S01,HW_PLC,HW_PLC,12554,12554,12555,,,,971857000,plc_internal_rd_loc_t_nanosecond,10,20,0.435,-9.565,0,1,78820290,0,0,0,ok,
RUN_20260502_S7_L0_IDLE_10_20_S01_R01,S7_L0_IDLE_10_20,SER_20260502_S7_L0_IDLE_10_20_S01,HW_PLC,HW_PLC,12555,12555,12556,,,,972445000,plc_internal_rd_loc_t_nanosecond,10,20,0.588,-9.412,0,1,78832846,0,0,0,ok,
RUN_20260502_S7_L0_IDLE_10_20_S01_R01,S7_L0_IDLE_10_20,SER_20260502_S7_L0_IDLE_10_20_S01,HW_PLC,HW_PLC,12556,12556,12557,,,,972878000,plc_internal_rd_loc_t_nanosecond,10,20,0.433,-9.567,0,1,78845403,0,0,0,ok,
RUN_20260502_S7_L0_IDLE_10_20_S01_R01,S7_L0_IDLE_10_20,SER_20260502_S7_L0_IDLE_10_20_S01,HW_PLC,HW_PLC,12557,12557,12558,,,,973464000,plc_internal_rd_loc_t_nanosecond,10,20,0.586,-9.414,0,1,78857961,0,0,0,ok,
RUN_20260502_S7_L0_IDLE_10_20_S01_R01,S7_L0_IDLE_10_20,SER_20260502_S7_L0_IDLE_10_20_S01,HW_PLC,HW_PLC,12558,12558,12559,,,,973919000,plc_internal_rd_loc_t_nanosecond,10,20,0.455,-9.545,0,1,78870520,0,0,0,ok,
RUN_20260502_S7_L0_IDLE_10_20_S01_R01,S7_L0_IDLE_10_20,SER_20260502_S7_L0_IDLE_10_20_S01,HW_PLC,HW_PLC,12559,12559,12560,,,,974513000,plc_internal_rd_loc_t_nanosecond,10,20,0.594,-9.406,0,1,78883080,0,0,0,ok,
RUN_20260502_S7_L0_IDLE_10_20_S01_R01,S7_L0_IDLE_10_20,SER_20260502_S7_L0_IDLE_10_20_S01,HW_PLC,HW_PLC,12560,12560,12561,,,,974945000,plc_internal_rd_loc_t_nanosecond,10,20,0.432,-9.568,0,1,78895641,0,0,0,ok,
RUN_20260502_S7_L0_IDLE_10_20_S01_R01,S7_L0_IDLE_10_20,SER_20260502_S7_L0_IDLE_10_20_S01,HW_PLC,HW_PLC,12561,12561,12562,,,,975573000,plc_internal_rd_loc_t_nanosecond,10,20,0.628,-9.372,0,1,78908203,0,0,0,ok,
RUN_20260502_S7_L0_IDLE_10_20_S01_R01,S7_L0_IDLE_10_20,SER_20260502_S7_L0_IDLE_10_20_S01,HW_PLC,HW_PLC,12562,12562,12563,,,,975995000,plc_internal_rd_loc_t_nanosecond,10,20,0.422,-9.578,0,1,78920766,0,0,0,ok,
RUN_20260502_S7_L0_IDLE_10_20_S01_R01,S7_L0_IDLE_10_20,SER_20260502_S7_L0_IDLE_10_20_S01,HW_PLC,HW_PLC,12563,12563,12564,,,,976627000,plc_internal_rd_loc_t_nanosecond,10,20,0.632,-9.368,0,1,78933330,0,0,0,ok,
RUN_20260502_S7_L0_IDLE_10_20_S01_R01,S7_L0_IDLE_10_20,SER_20260502_S7_L0_IDLE_10_20_S01,HW_PLC,HW_PLC,12564,12564,12565,,,,977212000,plc_internal_rd_loc_t_nanosecond,10,20,0.585,-9.415,0,1,78945895,0,0,0,ok,
RUN_20260502_S7_L0_IDLE_10_20_S01_R01,S7_L0_IDLE_10_20,SER_20260502_S7_L0_IDLE_10_20_S01,HW_PLC,HW_PLC,12565,12565,12566,,,,977663000,plc_internal_rd_loc_t_nanosecond,10,20,0.451,-9.549,0,1,78958461,0,0,0,ok,
RUN_20260502_S7_L0_IDLE_10_20_S01_R01,S7_L0_IDLE_10_20,SER_20260502_S7_L0_IDLE_10_20_S01,HW_PLC,HW_PLC,12566,12566,12567,,,,978238000,plc_internal_rd_loc_t_nanosecond,10,20,0.575,-9.425,0,1,78971028,0,0,0,ok,
RUN_20260502_S7_L0_IDLE_10_20_S01_R01,S7_L0_IDLE_10_20,SER_20260502_S7_L0_IDLE_10_20_S01,HW_PLC,HW_PLC,12567,12567,12568,,,,978676000,plc_internal_rd_loc_t_nanosecond,10,20,0.438,-9.562,0,1,78983596,0,0,0,ok,
RUN_20260502_S7_L0_IDLE_10_20_S01_R01,S7_L0_IDLE_10_20,SER_20260502_S7_L0_IDLE_10_20_S01,HW_PLC,HW_PLC,12568,12568,12569,,,,979284000,plc_internal_rd_loc_t_nanosecond,10,20,0.608,-9.392,0,1,78996165,0,0,0,ok,
RUN_20260502_S7_L0_IDLE_10_20_S01_R01,S7_L0_IDLE_10_20,SER_20260502_S7_L0_IDLE_10_20_S01,HW_PLC,HW_PLC,12569,12569,12570,,,,979732000,plc_internal_rd_loc_t_nanosecond,10,20,0.448,-9.552,0,1,79008735,0,0,0,ok,
RUN_20260502_S7_L0_IDLE_10_20_S01_R01,S7_L0_IDLE_10_20,SER_20260502_S7_L0_IDLE_10_20_S01,HW_PLC,HW_PLC,12570,12570,12571,,,,980355000,plc_internal_rd_loc_t_nanosecond,10,20,0.623,-9.377,0,1,79021306,0,0,0,ok,
RUN_20260502_S7_L0_IDLE_10_20_S01_R01,S7_L0_IDLE_10_20,SER_20260502_S7_L0_IDLE_10_20_S01,HW_PLC,HW_PLC,12571,12571,12572,,,,980792000,plc_internal_rd_loc_t_nanosecond,10,20,0.437,-9.563,0,1,79033878,0,0,0,ok,
RUN_20260502_S7_L0_IDLE_10_20_S01_R01,S7_L0_IDLE_10_20,SER_20260502_S7_L0_IDLE_10_20_S01,HW_PLC,HW_PLC,12572,12572,12573,,,,981366000,plc_internal_rd_loc_t_nanosecond,10,20,0.574,-9.426,0,1,79046451,0,0,0,ok,
RUN_20260502_S7_L0_IDLE_10_20_S01_R01,S7_L0_IDLE_10_20,SER_20260502_S7_L0_IDLE_10_20_S01,HW_PLC,HW_PLC,12573,12573,12574,,,,981828000,plc_internal_rd_loc_t_nanosecond,10,20,0.462,-9.538,0,1,79059025,0,0,0,ok,
RUN_20260502_S7_L0_IDLE_10_20_S01_R01,S7_L0_IDLE_10_20,SER_20260502_S7_L0_IDLE_10_20_S01,HW_PLC,HW_PLC,12574,12574,12575,,,,982417000,plc_internal_rd_loc_t_nanosecond,10,20,0.589,-9.411,0,1,79071600,0,0,0,ok,
RUN_20260502_S7_L0_IDLE_10_20_S01_R01,S7_L0_IDLE_10_20,SER_20260502_S7_L0_IDLE_10_20_S01,HW_PLC,HW_PLC,12575,12575,12576,,,,982851000,plc_internal_rd_loc_t_nanosecond,10,20,0.434,-9.566,0,1,79084176,0,0,0,ok,
RUN_20260502_S7_L0_IDLE_10_20_S01_R01,S7_L0_IDLE_10_20,SER_20260502_S7_L0_IDLE_10_20_S01,HW_PLC,HW_PLC,12576,12576,12577,,,,983433000,plc_internal_rd_loc_t_nanosecond,10,20,0.582,-9.418,0,1,79096753,0,0,0,ok,
RUN_20260502_S7_L0_IDLE_10_20_S01_R01,S7_L0_IDLE_10_20,SER_20260502_S7_L0_IDLE_10_20_S01,HW_PLC,HW_PLC,12577,12577,12578,,,,983864000,plc_internal_rd_loc_t_nanosecond,10,20,0.431,-9.569,0,1,79109331,0,0,0,ok,
RUN_20260502_S7_L0_IDLE_10_20_S01_R01,S7_L0_IDLE_10_20,SER_20260502_S7_L0_IDLE_10_20_S01,HW_PLC,HW_PLC,12578,12578,12579,,,,984477000,plc_internal_rd_loc_t_nanosecond,10,20,0.613,-9.387,0,1,79121910,0,0,0,ok,
RUN_20260502_S7_L0_IDLE_10_20_S01_R01,S7_L0_IDLE_10_20,SER_20260502_S7_L0_IDLE_10_20_S01,HW_PLC,HW_PLC,12579,12579,12580,,,,984908000,plc_internal_rd_loc_t_nanosecond,10,20,0.431,-9.569,0,1,79134490,0,0,0,ok,
RUN_20260502_S7_L0_IDLE_10_20_S01_R01,S7_L0_IDLE_10_20,SER_20260502_S7_L0_IDLE_10_20_S01,HW_PLC,HW_PLC,12580,12580,12581,,,,985534000,plc_internal_rd_loc_t_nanosecond,10,20,0.626,-9.374,0,1,79147071,0,0,0,ok,
RUN_20260502_S7_L0_IDLE_10_20_S01_R01,S7_L0_IDLE_10_20,SER_20260502_S7_L0_IDLE_10_20_S01,HW_PLC,HW_PLC,12581,12581,12582,,,,985958000,plc_internal_rd_loc_t_nanosecond,10,20,0.424,-9.576,0,1,79159653,0,0,0,ok,
RUN_20260502_S7_L0_IDLE_10_20_S01_R01,S7_L0_IDLE_10_20,SER_20260502_S7_L0_IDLE_10_20_S01,HW_PLC,HW_PLC,12582,12582,12583,,,,986546000,plc_internal_rd_loc_t_nanosecond,10,20,0.588,-9.412,0,1,79172236,0,0,0,ok,
RUN_20260502_S7_L0_IDLE_10_20_S01_R01,S7_L0_IDLE_10_20,SER_20260502_S7_L0_IDLE_10_20_S01,HW_PLC,HW_PLC,12583,12583,12584,,,,986999000,plc_internal_rd_loc_t_nanosecond,10,20,0.453,-9.547,0,1,79184820,0,0,0,ok,
RUN_20260502_S7_L0_IDLE_10_20_S01_R01,S7_L0_IDLE_10_20,SER_20260502_S7_L0_IDLE_10_20_S01,HW_PLC,HW_PLC,12584,12584,12585,,,,987597000,plc_internal_rd_loc_t_nanosecond,10,20,0.598,-9.402,0,1,79197405,0,0,0,ok,
RUN_20260502_S7_L0_IDLE_10_20_S01_R01,S7_L0_IDLE_10_20,SER_20260502_S7_L0_IDLE_10_20_S01,HW_PLC,HW_PLC,12585,12585,12586,,,,988156000,plc_internal_rd_loc_t_nanosecond,10,20,0.559,-9.441,0,1,79209991,0,0,0,ok,
RUN_20260502_S7_L0_IDLE_10_20_S01_R01,S7_L0_IDLE_10_20,SER_20260502_S7_L0_IDLE_10_20_S01,HW_PLC,HW_PLC,12586,12586,12587,,,,988599000,plc_internal_rd_loc_t_nanosecond,10,20,0.443,-9.557,0,1,79222578,0,0,0,ok,
RUN_20260502_S7_L0_IDLE_10_20_S01_R01,S7_L0_IDLE_10_20,SER_20260502_S7_L0_IDLE_10_20_S01,HW_PLC,HW_PLC,12587,12587,12588,,,,989171000,plc_internal_rd_loc_t_nanosecond,10,20,0.572,-9.427999,0,1,79235166,0,0,0,ok,
RUN_20260502_S7_L0_IDLE_10_20_S01_R01,S7_L0_IDLE_10_20,SER_20260502_S7_L0_IDLE_10_20_S01,HW_PLC,HW_PLC,12588,12588,12589,,,,989644000,plc_internal_rd_loc_t_nanosecond,10,20,0.473,-9.527,0,1,79247755,0,0,0,ok,
RUN_20260502_S7_L0_IDLE_10_20_S01_R01,S7_L0_IDLE_10_20,SER_20260502_S7_L0_IDLE_10_20_S01,HW_PLC,HW_PLC,12589,12589,12590,,,,990236000,plc_internal_rd_loc_t_nanosecond,10,20,0.592,-9.408,0,1,79260345,0,0,0,ok,
RUN_20260502_S7_L0_IDLE_10_20_S01_R01,S7_L0_IDLE_10_20,SER_20260502_S7_L0_IDLE_10_20_S01,HW_PLC,HW_PLC,12590,12590,12591,,,,990683000,plc_internal_rd_loc_t_nanosecond,10,20,0.447,-9.553,0,1,79272936,0,0,0,ok,
RUN_20260502_S7_L0_IDLE_10_20_S01_R01,S7_L0_IDLE_10_20,SER_20260502_S7_L0_IDLE_10_20_S01,HW_PLC,HW_PLC,12591,12591,12592,,,,991251000,plc_internal_rd_loc_t_nanosecond,10,20,0.568,-9.432,0,1,79285528,0,0,0,ok,
RUN_20260502_S7_L0_IDLE_10_20_S01_R01,S7_L0_IDLE_10_20,SER_20260502_S7_L0_IDLE_10_20_S01,HW_PLC,HW_PLC,12592,12592,12593,,,,991691000,plc_internal_rd_loc_t_nanosecond,10,20,0.44,-9.56,0,1,79298121,0,0,0,ok,
RUN_20260502_S7_L0_IDLE_10_20_S01_R01,S7_L0_IDLE_10_20,SER_20260502_S7_L0_IDLE_10_20_S01,HW_PLC,HW_PLC,12593,12593,12594,,,,992295000,plc_internal_rd_loc_t_nanosecond,10,20,0.604,-9.396,0,1,79310715,0,0,0,ok,
RUN_20260502_S7_L0_IDLE_10_20_S01_R01,S7_L0_IDLE_10_20,SER_20260502_S7_L0_IDLE_10_20_S01,HW_PLC,HW_PLC,12594,12594,12595,,,,992734000,plc_internal_rd_loc_t_nanosecond,10,20,0.439,-9.561,0,1,79323310,0,0,0,ok,
RUN_20260502_S7_L0_IDLE_10_20_S01_R01,S7_L0_IDLE_10_20,SER_20260502_S7_L0_IDLE_10_20_S01,HW_PLC,HW_PLC,12595,12595,12596,,,,993308000,plc_internal_rd_loc_t_nanosecond,10,20,0.574,-9.426,0,1,79335906,0,0,0,ok,
RUN_20260502_S7_L0_IDLE_10_20_S01_R01,S7_L0_IDLE_10_20,SER_20260502_S7_L0_IDLE_10_20_S01,HW_PLC,HW_PLC,12596,12596,12597,,,,993741000,plc_internal_rd_loc_t_nanosecond,10,20,0.433,-9.567,0,1,79348503,0,0,0,ok,
RUN_20260502_S7_L0_IDLE_10_20_S01_R01,S7_L0_IDLE_10_20,SER_20260502_S7_L0_IDLE_10_20_S01,HW_PLC,HW_PLC,12597,12597,12598,,,,994318000,plc_internal_rd_loc_t_nanosecond,10,20,0.577,-9.423,0,1,79361101,0,0,0,ok,
RUN_20260502_S7_L0_IDLE_10_20_S01_R01,S7_L0_IDLE_10_20,SER_20260502_S7_L0_IDLE_10_20_S01,HW_PLC,HW_PLC,12598,12598,12599,,,,994778000,plc_internal_rd_loc_t_nanosecond,10,20,0.46,-9.54,0,1,79373700,0,0,0,ok,
RUN_20260502_S7_L0_IDLE_10_20_S01_R01,S7_L0_IDLE_10_20,SER_20260502_S7_L0_IDLE_10_20_S01,HW_PLC,HW_PLC,12599,12599,12600,,,,995406000,plc_internal_rd_loc_t_nanosecond,10,20,0.628,-9.372,0,0,79386300,0,0,0,ok,
RUN_20260502_S7_L0_IDLE_10_20_S01_R01,S7_L0_IDLE_10_20,SER_20260502_S7_L0_IDLE_10_20_S01,HW_PLC,HW_PLC,12600,12600,12601,,,,995849000,plc_internal_rd_loc_t_nanosecond,10,20,0.443,-9.557,0,0,79398901,0,0,0,ok,
RUN_20260502_S7_L0_IDLE_10_20_S01_R01,S7_L0_IDLE_10_20,SER_20260502_S7_L0_IDLE_10_20_S01,HW_PLC,HW_PLC,12601,12601,12602,,,,996422000,plc_internal_rd_loc_t_nanosecond,10,20,0.573,-9.427,0,0,79411503,0,0,0,ok,
RUN_20260502_S7_L0_IDLE_10_20_S01_R01,S7_L0_IDLE_10_20,SER_20260502_S7_L0_IDLE_10_20_S01,HW_PLC,HW_PLC,12602,12602,12603,,,,996853000,plc_internal_rd_loc_t_nanosecond,10,20,0.431,-9.569,0,0,79424106,0,0,0,ok,
RUN_20260502_S7_L0_IDLE_10_20_S01_R01,S7_L0_IDLE_10_20,SER_20260502_S7_L0_IDLE_10_20_S01,HW_PLC,HW_PLC,12603,12603,12604,,,,997468000,plc_internal_rd_loc_t_nanosecond,10,20,0.615,-9.385,0,0,79436710,0,0,0,ok,
RUN_20260502_S7_L0_IDLE_10_20_S01_R01,S7_L0_IDLE_10_20,SER_20260502_S7_L0_IDLE_10_20_S01,HW_PLC,HW_PLC,12604,12604,12605,,,,997907000,plc_internal_rd_loc_t_nanosecond,10,20,0.439,-9.561,0,0,79449315,0,0,0,ok,
RUN_20260502_S7_L0_IDLE_10_20_S01_R01,S7_L0_IDLE_10_20,SER_20260502_S7_L0_IDLE_10_20_S01,HW_PLC,HW_PLC,12605,12605,12606,,,,998497000,plc_internal_rd_loc_t_nanosecond,10,20,0.59,-9.41,0,0,79461921,0,0,0,ok,
RUN_20260502_S7_L0_IDLE_10_20_S01_R01,S7_L0_IDLE_10_20,SER_20260502_S7_L0_IDLE_10_20_S01,HW_PLC,HW_PLC,12606,12606,12607,,,,998918000,plc_internal_rd_loc_t_nanosecond,10,20,0.421,-9.579,0,0,79474528,0,0,0,ok,
RUN_20260502_S7_L0_IDLE_10_20_S01_R01,S7_L0_IDLE_10_20,SER_20260502_S7_L0_IDLE_10_20_S01,HW_PLC,HW_PLC,12607,12607,12608,,,,999503000,plc_internal_rd_loc_t_nanosecond,10,20,0.585,-9.415,0,0,79487136,0,0,0,ok,
RUN_20260502_S7_L0_IDLE_10_20_S01_R01,S7_L0_IDLE_10_20,SER_20260502_S7_L0_IDLE_10_20_S01,HW_PLC,HW_PLC,12608,12608,12609,,,,999948000,plc_internal_rd_loc_t_nanosecond,10,20,0.445,-9.555,0,0,79499745,0,0,0,ok,
RUN_20260502_S7_L0_IDLE_10_20_S01_R01,S7_L0_IDLE_10_20,SER_20260502_S7_L0_IDLE_10_20_S01,HW_PLC,HW_PLC,12609,12609,12610,,,,553000,plc_internal_rd_loc_t_nanosecond,10,20,0.605,-9.395,0,0,79512355,0,0,0,ok,
RUN_20260502_S7_L0_IDLE_10_20_S01_R01,S7_L0_IDLE_10_20,SER_20260502_S7_L0_IDLE_10_20_S01,HW_PLC,HW_PLC,12610,12610,12611,,,,976000,plc_internal_rd_loc_t_nanosecond,10,20,0.423,-9.577,0,0,79524966,0,0,0,ok,
RUN_20260502_S7_L0_IDLE_10_20_S01_R01,S7_L0_IDLE_10_20,SER_20260502_S7_L0_IDLE_10_20_S01,HW_PLC,HW_PLC,12611,12611,12612,,,,1563000,plc_internal_rd_loc_t_nanosecond,10,20,0.587,-9.413,0,0,79537578,0,0,0,ok,
RUN_20260502_S7_L0_IDLE_10_20_S01_R01,S7_L0_IDLE_10_20,SER_20260502_S7_L0_IDLE_10_20_S01,HW_PLC,HW_PLC,12612,12612,12613,,,,1984000,plc_internal_rd_loc_t_nanosecond,10,20,0.421,-9.579,0,0,79550191,0,0,0,ok,
RUN_20260502_S7_L0_IDLE_10_20_S01_R01,S7_L0_IDLE_10_20,SER_20260502_S7_L0_IDLE_10_20_S01,HW_PLC,HW_PLC,12613,12613,12614,,,,2606000,plc_internal_rd_loc_t_nanosecond,10,20,0.622,-9.378,0,0,79562805,0,0,0,ok,
RUN_20260502_S7_L0_IDLE_10_20_S01_R01,S7_L0_IDLE_10_20,SER_20260502_S7_L0_IDLE_10_20_S01,HW_PLC,HW_PLC,12614,12614,12615,,,,3192000,plc_internal_rd_loc_t_nanosecond,10,20,0.586,-9.414,0,0,79575420,0,0,0,ok,
RUN_20260502_S7_L0_IDLE_10_20_S01_R01,S7_L0_IDLE_10_20,SER_20260502_S7_L0_IDLE_10_20_S01,HW_PLC,HW_PLC,12615,12615,12616,,,,3636000,plc_internal_rd_loc_t_nanosecond,10,20,0.444,-9.556,0,0,79588036,0,0,0,ok,
RUN_20260502_S7_L0_IDLE_10_20_S01_R01,S7_L0_IDLE_10_20,SER_20260502_S7_L0_IDLE_10_20_S01,HW_PLC,HW_PLC,12616,12616,12617,,,,4215000,plc_internal_rd_loc_t_nanosecond,10,20,0.579,-9.421,0,0,79600653,0,0,0,ok,
RUN_20260502_S7_L0_IDLE_10_20_S01_R01,S7_L0_IDLE_10_20,SER_20260502_S7_L0_IDLE_10_20_S01,HW_PLC,HW_PLC,12617,12617,12618,,,,4656000,plc_internal_rd_loc_t_nanosecond,10,20,0.441,-9.559,0,0,79613271,0,0,0,ok,
RUN_20260502_S7_L0_IDLE_10_20_S01_R01,S7_L0_IDLE_10_20,SER_20260502_S7_L0_IDLE_10_20_S01,HW_PLC,HW_PLC,12618,12618,12619,,,,5282000,plc_internal_rd_loc_t_nanosecond,10,20,0.626,-9.374,0,0,79625890,0,0,0,ok,
RUN_20260502_S7_L0_IDLE_10_20_S01_R01,S7_L0_IDLE_10_20,SER_20260502_S7_L0_IDLE_10_20_S01,HW_PLC,HW_PLC,12619,12619,12620,,,,5735000,plc_internal_rd_loc_t_nanosecond,10,20,0.453,-9.547,0,0,79638510,0,0,0,ok,
RUN_20260502_S7_L0_IDLE_10_20_S01_R01,S7_L0_IDLE_10_20,SER_20260502_S7_L0_IDLE_10_20_S01,HW_PLC,HW_PLC,12620,12620,12621,,,,6310000,plc_internal_rd_loc_t_nanosecond,10,20,0.575,-9.425,0,0,79651131,0,0,0,ok,
RUN_20260502_S7_L0_IDLE_10_20_S01_R01,S7_L0_IDLE_10_20,SER_20260502_S7_L0_IDLE_10_20_S01,HW_PLC,HW_PLC,12621,12621,12622,,,,6747000,plc_internal_rd_loc_t_nanosecond,10,20,0.437,-9.563,0,0,79663753,0,0,0,ok,
RUN_20260502_S7_L0_IDLE_10_20_S01_R01,S7_L0_IDLE_10_20,SER_20260502_S7_L0_IDLE_10_20_S01,HW_PLC,HW_PLC,12622,12622,12623,,,,7320000,plc_internal_rd_loc_t_nanosecond,10,20,0.573,-9.427,0,0,79676376,0,0,0,ok,
RUN_20260502_S7_L0_IDLE_10_20_S01_R01,S7_L0_IDLE_10_20,SER_20260502_S7_L0_IDLE_10_20_S01,HW_PLC,HW_PLC,12623,12623,12624,,,,7781000,plc_internal_rd_loc_t_nanosecond,10,20,0.461,-9.539,0,0,79689000,0,0,0,ok,
RUN_20260502_S7_L0_IDLE_10_20_S01_R01,S7_L0_IDLE_10_20,SER_20260502_S7_L0_IDLE_10_20_S01,HW_PLC,HW_PLC,12624,12624,12625,,,,8603000,plc_internal_rd_loc_t_nanosecond,10,20,0.822,-9.177999,0,0,79701625,0,0,0,ok,
RUN_20260502_S7_L0_IDLE_10_20_S01_R01,S7_L0_IDLE_10_20,SER_20260502_S7_L0_IDLE_10_20_S01,HW_PLC,HW_PLC,12625,12625,12626,,,,9261000,plc_internal_rd_loc_t_nanosecond,10,20,0.658,-9.342,0,0,79714251,0,0,0,ok,
RUN_20260502_S7_L0_IDLE_10_20_S01_R01,S7_L0_IDLE_10_20,SER_20260502_S7_L0_IDLE_10_20_S01,HW_PLC,HW_PLC,12626,12626,12627,,,,9716000,plc_internal_rd_loc_t_nanosecond,10,20,0.455,-9.545,0,0,79726878,0,0,0,ok,
RUN_20260502_S7_L0_IDLE_10_20_S01_R01,S7_L0_IDLE_10_20,SER_20260502_S7_L0_IDLE_10_20_S01,HW_PLC,HW_PLC,12627,12627,12628,,,,10326000,plc_internal_rd_loc_t_nanosecond,10,20,0.61,-9.39,0,0,79739506,0,0,0,ok,
RUN_20260502_S7_L0_IDLE_10_20_S01_R01,S7_L0_IDLE_10_20,SER_20260502_S7_L0_IDLE_10_20_S01,HW_PLC,HW_PLC,12628,12628,12629,,,,10771000,plc_internal_rd_loc_t_nanosecond,10,20,0.445,-9.555,0,0,79752135,0,0,0,ok,
RUN_20260502_S7_L0_IDLE_10_20_S01_R01,S7_L0_IDLE_10_20,SER_20260502_S7_L0_IDLE_10_20_S01,HW_PLC,HW_PLC,12629,12629,12630,,,,11372000,plc_internal_rd_loc_t_nanosecond,10,20,0.601,-9.399,0,0,79764765,0,0,0,ok,
RUN_20260502_S7_L0_IDLE_10_20_S01_R01,S7_L0_IDLE_10_20,SER_20260502_S7_L0_IDLE_10_20_S01,HW_PLC,HW_PLC,12630,12630,12631,,,,11797000,plc_internal_rd_loc_t_nanosecond,10,20,0.425,-9.575,0,0,79777396,0,0,0,ok,
RUN_20260502_S7_L0_IDLE_10_20_S01_R01,S7_L0_IDLE_10_20,SER_20260502_S7_L0_IDLE_10_20_S01,HW_PLC,HW_PLC,12631,12631,12632,,,,12375000,plc_internal_rd_loc_t_nanosecond,10,20,0.578,-9.422,0,0,79790028,0,0,0,ok,
RUN_20260502_S7_L0_IDLE_10_20_S01_R01,S7_L0_IDLE_10_20,SER_20260502_S7_L0_IDLE_10_20_S01,HW_PLC,HW_PLC,12632,12632,12633,,,,12804000,plc_internal_rd_loc_t_nanosecond,10,20,0.429,-9.571,0,0,79802661,0,0,0,ok,
RUN_20260502_S7_L0_IDLE_10_20_S01_R01,S7_L0_IDLE_10_20,SER_20260502_S7_L0_IDLE_10_20_S01,HW_PLC,HW_PLC,12633,12633,12634,,,,13417000,plc_internal_rd_loc_t_nanosecond,10,20,0.613,-9.387,0,0,79815295,0,0,0,ok,
RUN_20260502_S7_L0_IDLE_10_20_S01_R01,S7_L0_IDLE_10_20,SER_20260502_S7_L0_IDLE_10_20_S01,HW_PLC,HW_PLC,12634,12634,12635,,,,13859000,plc_internal_rd_loc_t_nanosecond,10,20,0.442,-9.558,0,0,79827930,0,0,0,ok,
RUN_20260502_S7_L0_IDLE_10_20_S01_R01,S7_L0_IDLE_10_20,SER_20260502_S7_L0_IDLE_10_20_S01,HW_PLC,HW_PLC,12635,12635,12636,,,,14447000,plc_internal_rd_loc_t_nanosecond,10,20,0.588,-9.412,0,0,79840566,0,0,0,ok,
RUN_20260502_S7_L0_IDLE_10_20_S01_R01,S7_L0_IDLE_10_20,SER_20260502_S7_L0_IDLE_10_20_S01,HW_PLC,HW_PLC,12636,12636,12637,,,,14871000,plc_internal_rd_loc_t_nanosecond,10,20,0.424,-9.576,0,0,79853203,0,0,0,ok,
RUN_20260502_S7_L0_IDLE_10_20_S01_R01,S7_L0_IDLE_10_20,SER_20260502_S7_L0_IDLE_10_20_S01,HW_PLC,HW_PLC,12637,12637,12638,,,,15525000,plc_internal_rd_loc_t_nanosecond,10,20,0.654,-9.346,0,0,79865841,0,0,0,ok,
RUN_20260502_S7_L0_IDLE_10_20_S01_R01,S7_L0_IDLE_10_20,SER_20260502_S7_L0_IDLE_10_20_S01,HW_PLC,HW_PLC,12638,12638,12639,,,,15973000,plc_internal_rd_loc_t_nanosecond,10,20,0.448,-9.552,0,0,79878480,0,0,0,ok,
RUN_20260502_S7_L0_IDLE_10_20_S01_R01,S7_L0_IDLE_10_20,SER_20260502_S7_L0_IDLE_10_20_S01,HW_PLC,HW_PLC,12639,12639,12640,,,,16574000,plc_internal_rd_loc_t_nanosecond,10,20,0.601,-9.399,0,0,79891120,0,0,0,ok,
RUN_20260502_S7_L0_IDLE_10_20_S01_R01,S7_L0_IDLE_10_20,SER_20260502_S7_L0_IDLE_10_20_S01,HW_PLC,HW_PLC,12640,12640,12641,,,,16999000,plc_internal_rd_loc_t_nanosecond,10,20,0.425,-9.575,0,0,79903761,0,0,0,ok,
RUN_20260502_S7_L0_IDLE_10_20_S01_R01,S7_L0_IDLE_10_20,SER_20260502_S7_L0_IDLE_10_20_S01,HW_PLC,HW_PLC,12641,12641,12642,,,,17900000,plc_internal_rd_loc_t_nanosecond,10,20,0.901,-9.099,0,0,79916403,0,0,0,ok,
RUN_20260502_S7_L0_IDLE_10_20_S01_R01,S7_L0_IDLE_10_20,SER_20260502_S7_L0_IDLE_10_20_S01,HW_PLC,HW_PLC,12642,12642,12643,,,,18535000,plc_internal_rd_loc_t_nanosecond,10,20,0.635,-9.365,0,0,79929046,0,0,0,ok,
RUN_20260502_S7_L0_IDLE_10_20_S01_R01,S7_L0_IDLE_10_20,SER_20260502_S7_L0_IDLE_10_20_S01,HW_PLC,HW_PLC,12643,12643,12644,,,,18969000,plc_internal_rd_loc_t_nanosecond,10,20,0.434,-9.566,0,0,79941690,0,0,0,ok,
RUN_20260502_S7_L0_IDLE_10_20_S01_R01,S7_L0_IDLE_10_20,SER_20260502_S7_L0_IDLE_10_20_S01,HW_PLC,HW_PLC,12644,12644,12645,,,,19569000,plc_internal_rd_loc_t_nanosecond,10,20,0.6,-9.4,0,0,79954335,0,0,0,ok,
RUN_20260502_S7_L0_IDLE_10_20_S01_R01,S7_L0_IDLE_10_20,SER_20260502_S7_L0_IDLE_10_20_S01,HW_PLC,HW_PLC,12645,12645,12646,,,,19998000,plc_internal_rd_loc_t_nanosecond,10,20,0.429,-9.571,0,0,79966981,0,0,0,ok,
RUN_20260502_S7_L0_IDLE_10_20_S01_R01,S7_L0_IDLE_10_20,SER_20260502_S7_L0_IDLE_10_20_S01,HW_PLC,HW_PLC,12646,12646,12647,,,,20597000,plc_internal_rd_loc_t_nanosecond,10,20,0.599,-9.401,0,0,79979628,0,0,0,ok,
RUN_20260502_S7_L0_IDLE_10_20_S01_R01,S7_L0_IDLE_10_20,SER_20260502_S7_L0_IDLE_10_20_S01,HW_PLC,HW_PLC,12647,12647,12648,,,,21211000,plc_internal_rd_loc_t_nanosecond,10,20,0.614,-9.386,0,0,79992276,0,0,0,ok,
RUN_20260502_S7_L0_IDLE_10_20_S01_R01,S7_L0_IDLE_10_20,SER_20260502_S7_L0_IDLE_10_20_S01,HW_PLC,HW_PLC,12648,12648,12649,,,,21660000,plc_internal_rd_loc_t_nanosecond,10,20,0.449,-9.551,0,0,80004925,0,0,0,ok,
RUN_20260502_S7_L0_IDLE_10_20_S01_R01,S7_L0_IDLE_10_20,SER_20260502_S7_L0_IDLE_10_20_S01,HW_PLC,HW_PLC,12649,12649,12650,,,,22236000,plc_internal_rd_loc_t_nanosecond,10,20,0.576,-9.424,0,0,80017575,0,0,0,ok,
RUN_20260502_S7_L0_IDLE_10_20_S01_R01,S7_L0_IDLE_10_20,SER_20260502_S7_L0_IDLE_10_20_S01,HW_PLC,HW_PLC,12650,12650,12651,,,,22679000,plc_internal_rd_loc_t_nanosecond,10,20,0.443,-9.557,0,0,80030226,0,0,0,ok,
RUN_20260502_S7_L0_IDLE_10_20_S01_R01,S7_L0_IDLE_10_20,SER_20260502_S7_L0_IDLE_10_20_S01,HW_PLC,HW_PLC,12651,12651,12652,,,,23292000,plc_internal_rd_loc_t_nanosecond,10,20,0.613,-9.387,0,0,80042878,0,0,0,ok,
RUN_20260502_S7_L0_IDLE_10_20_S01_R01,S7_L0_IDLE_10_20,SER_20260502_S7_L0_IDLE_10_20_S01,HW_PLC,HW_PLC,12652,12652,12653,,,,23752000,plc_internal_rd_loc_t_nanosecond,10,20,0.46,-9.54,0,0,80055531,0,0,0,ok,
RUN_20260502_S7_L0_IDLE_10_20_S01_R01,S7_L0_IDLE_10_20,SER_20260502_S7_L0_IDLE_10_20_S01,HW_PLC,HW_PLC,12653,12653,12654,,,,24335000,plc_internal_rd_loc_t_nanosecond,10,20,0.583,-9.417,0,0,80068185,0,0,0,ok,
RUN_20260502_S7_L0_IDLE_10_20_S01_R01,S7_L0_IDLE_10_20,SER_20260502_S7_L0_IDLE_10_20_S01,HW_PLC,HW_PLC,12654,12654,12655,,,,24774000,plc_internal_rd_loc_t_nanosecond,10,20,0.439,-9.561,0,0,80080840,0,0,0,ok,
RUN_20260502_S7_L0_IDLE_10_20_S01_R01,S7_L0_IDLE_10_20,SER_20260502_S7_L0_IDLE_10_20_S01,HW_PLC,HW_PLC,12655,12655,12656,,,,25392000,plc_internal_rd_loc_t_nanosecond,10,20,0.618,-9.382,0,0,80093496,0,0,0,ok,
RUN_20260502_S7_L0_IDLE_10_20_S01_R01,S7_L0_IDLE_10_20,SER_20260502_S7_L0_IDLE_10_20_S01,HW_PLC,HW_PLC,12656,12656,12657,,,,25826000,plc_internal_rd_loc_t_nanosecond,10,20,0.434,-9.566,0,0,80106153,0,0,0,ok,
RUN_20260502_S7_L0_IDLE_10_20_S01_R01,S7_L0_IDLE_10_20,SER_20260502_S7_L0_IDLE_10_20_S01,HW_PLC,HW_PLC,12657,12657,12658,,,,26451000,plc_internal_rd_loc_t_nanosecond,10,20,0.625,-9.375,0,0,80118811,0,0,0,ok,
RUN_20260502_S7_L0_IDLE_10_20_S01_R01,S7_L0_IDLE_10_20,SER_20260502_S7_L0_IDLE_10_20_S01,HW_PLC,HW_PLC,12658,12658,12659,,,,26887000,plc_internal_rd_loc_t_nanosecond,10,20,0.436,-9.564,0,0,80131470,0,0,0,ok,
RUN_20260502_S7_L0_IDLE_10_20_S01_R01,S7_L0_IDLE_10_20,SER_20260502_S7_L0_IDLE_10_20_S01,HW_PLC,HW_PLC,12659,12659,12660,,,,27469000,plc_internal_rd_loc_t_nanosecond,10,20,0.582,-9.418,0,0,80144130,0,0,0,ok,
RUN_20260502_S7_L0_IDLE_10_20_S01_R01,S7_L0_IDLE_10_20,SER_20260502_S7_L0_IDLE_10_20_S01,HW_PLC,HW_PLC,12660,12660,12661,,,,27892000,plc_internal_rd_loc_t_nanosecond,10,20,0.423,-9.577,0,0,80156791,0,0,0,ok,
RUN_20260502_S7_L0_IDLE_10_20_S01_R01,S7_L0_IDLE_10_20,SER_20260502_S7_L0_IDLE_10_20_S01,HW_PLC,HW_PLC,12661,12661,12662,,,,28495000,plc_internal_rd_loc_t_nanosecond,10,20,0.603,-9.397,0,0,80169453,0,0,0,ok,
RUN_20260502_S7_L0_IDLE_10_20_S01_R01,S7_L0_IDLE_10_20,SER_20260502_S7_L0_IDLE_10_20_S01,HW_PLC,HW_PLC,12662,12662,12663,,,,28935000,plc_internal_rd_loc_t_nanosecond,10,20,0.44,-9.56,0,0,80182116,0,0,0,ok,
RUN_20260502_S7_L0_IDLE_10_20_S01_R01,S7_L0_IDLE_10_20,SER_20260502_S7_L0_IDLE_10_20_S01,HW_PLC,HW_PLC,12663,12663,12664,,,,29542000,plc_internal_rd_loc_t_nanosecond,10,20,0.607,-9.393,0,0,80194780,0,0,0,ok,
RUN_20260502_S7_L0_IDLE_10_20_S01_R01,S7_L0_IDLE_10_20,SER_20260502_S7_L0_IDLE_10_20_S01,HW_PLC,HW_PLC,12664,12664,12665,,,,29962000,plc_internal_rd_loc_t_nanosecond,10,20,0.42,-9.58,0,0,80207445,0,0,0,ok,
RUN_20260502_S7_L0_IDLE_10_20_S01_R01,S7_L0_IDLE_10_20,SER_20260502_S7_L0_IDLE_10_20_S01,HW_PLC,HW_PLC,12665,12665,12666,,,,30554000,plc_internal_rd_loc_t_nanosecond,10,20,0.592,-9.408,0,0,80220111,0,0,0,ok,
RUN_20260502_S7_L0_IDLE_10_20_S01_R01,S7_L0_IDLE_10_20,SER_20260502_S7_L0_IDLE_10_20_S01,HW_PLC,HW_PLC,12666,12666,12667,,,,30984000,plc_internal_rd_loc_t_nanosecond,10,20,0.43,-9.57,0,0,80232778,0,0,0,ok,
RUN_20260502_S7_L0_IDLE_10_20_S01_R01,S7_L0_IDLE_10_20,SER_20260502_S7_L0_IDLE_10_20_S01,HW_PLC,HW_PLC,12667,12667,12668,,,,31610000,plc_internal_rd_loc_t_nanosecond,10,20,0.626,-9.374,0,0,80245446,0,0,0,ok,
RUN_20260502_S7_L0_IDLE_10_20_S01_R01,S7_L0_IDLE_10_20,SER_20260502_S7_L0_IDLE_10_20_S01,HW_PLC,HW_PLC,12668,12668,12669,,,,32184000,plc_internal_rd_loc_t_nanosecond,10,20,0.574,-9.426,0,0,80258115,0,0,0,ok,
RUN_20260502_S7_L0_IDLE_10_20_S01_R01,S7_L0_IDLE_10_20,SER_20260502_S7_L0_IDLE_10_20_S01,HW_PLC,HW_PLC,12669,12669,12670,,,,32628000,plc_internal_rd_loc_t_nanosecond,10,20,0.444,-9.556,0,0,80270785,0,0,0,ok,
RUN_20260502_S7_L0_IDLE_10_20_S01_R01,S7_L0_IDLE_10_20,SER_20260502_S7_L0_IDLE_10_20_S01,HW_PLC,HW_PLC,12670,12670,12671,,,,33207000,plc_internal_rd_loc_t_nanosecond,10,20,0.579,-9.421,0,0,80283456,0,0,0,ok,
RUN_20260502_S7_L0_IDLE_10_20_S01_R01,S7_L0_IDLE_10_20,SER_20260502_S7_L0_IDLE_10_20_S01,HW_PLC,HW_PLC,12671,12671,12672,,,,33673000,plc_internal_rd_loc_t_nanosecond,10,20,0.466,-9.534,0,0,80296128,0,0,0,ok,
RUN_20260502_S7_L0_IDLE_10_20_S01_R01,S7_L0_IDLE_10_20,SER_20260502_S7_L0_IDLE_10_20_S01,HW_PLC,HW_PLC,12672,12672,12673,,,,34251000,plc_internal_rd_loc_t_nanosecond,10,20,0.578,-9.422,0,0,80308801,0,0,0,ok,
RUN_20260502_S7_L0_IDLE_10_20_S01_R01,S7_L0_IDLE_10_20,SER_20260502_S7_L0_IDLE_10_20_S01,HW_PLC,HW_PLC,12673,12673,12674,,,,34694000,plc_internal_rd_loc_t_nanosecond,10,20,0.443,-9.557,0,0,80321475,0,0,0,ok,
RUN_20260502_S7_L0_IDLE_10_20_S01_R01,S7_L0_IDLE_10_20,SER_20260502_S7_L0_IDLE_10_20_S01,HW_PLC,HW_PLC,12674,12674,12675,,,,35297000,plc_internal_rd_loc_t_nanosecond,10,20,0.603,-9.397,0,0,80334150,0,0,0,ok,
RUN_20260502_S7_L0_IDLE_10_20_S01_R01,S7_L0_IDLE_10_20,SER_20260502_S7_L0_IDLE_10_20_S01,HW_PLC,HW_PLC,12675,12675,12676,,,,35747000,plc_internal_rd_loc_t_nanosecond,10,20,0.45,-9.55,0,0,80346826,0,0,0,ok,
RUN_20260502_S7_L0_IDLE_10_20_S01_R01,S7_L0_IDLE_10_20,SER_20260502_S7_L0_IDLE_10_20_S01,HW_PLC,HW_PLC,12676,12676,12677,,,,36355000,plc_internal_rd_loc_t_nanosecond,10,20,0.608,-9.392,0,0,80359503,0,0,0,ok,
RUN_20260502_S7_L0_IDLE_10_20_S01_R01,S7_L0_IDLE_10_20,SER_20260502_S7_L0_IDLE_10_20_S01,HW_PLC,HW_PLC,12677,12677,12678,,,,36796000,plc_internal_rd_loc_t_nanosecond,10,20,0.441,-9.559,0,0,80372181,0,0,0,ok,
RUN_20260502_S7_L0_IDLE_10_20_S01_R01,S7_L0_IDLE_10_20,SER_20260502_S7_L0_IDLE_10_20_S01,HW_PLC,HW_PLC,12678,12678,12679,,,,37379000,plc_internal_rd_loc_t_nanosecond,10,20,0.583,-9.417,0,0,80384860,0,0,0,ok,
RUN_20260502_S7_L0_IDLE_10_20_S01_R01,S7_L0_IDLE_10_20,SER_20260502_S7_L0_IDLE_10_20_S01,HW_PLC,HW_PLC,12679,12679,12680,,,,37814000,plc_internal_rd_loc_t_nanosecond,10,20,0.435,-9.565,0,0,80397540,0,0,0,ok,
RUN_20260502_S7_L0_IDLE_10_20_S01_R01,S7_L0_IDLE_10_20,SER_20260502_S7_L0_IDLE_10_20_S01,HW_PLC,HW_PLC,12680,12680,12681,,,,38389000,plc_internal_rd_loc_t_nanosecond,10,20,0.575,-9.425,0,0,80410221,0,0,0,ok,
RUN_20260502_S7_L0_IDLE_10_20_S01_R01,S7_L0_IDLE_10_20,SER_20260502_S7_L0_IDLE_10_20_S01,HW_PLC,HW_PLC,12681,12681,12682,,,,38842000,plc_internal_rd_loc_t_nanosecond,10,20,0.453,-9.547,0,0,80422903,0,0,0,ok,
RUN_20260502_S7_L0_IDLE_10_20_S01_R01,S7_L0_IDLE_10_20,SER_20260502_S7_L0_IDLE_10_20_S01,HW_PLC,HW_PLC,12682,12682,12683,,,,39431000,plc_internal_rd_loc_t_nanosecond,10,20,0.589,-9.411,0,0,80435586,0,0,0,ok,
RUN_20260502_S7_L0_IDLE_10_20_S01_R01,S7_L0_IDLE_10_20,SER_20260502_S7_L0_IDLE_10_20_S01,HW_PLC,HW_PLC,12683,12683,12684,,,,39865000,plc_internal_rd_loc_t_nanosecond,10,20,0.434,-9.566,0,0,80448270,0,0,0,ok,
RUN_20260502_S7_L0_IDLE_10_20_S01_R01,S7_L0_IDLE_10_20,SER_20260502_S7_L0_IDLE_10_20_S01,HW_PLC,HW_PLC,12684,12684,12685,,,,40461000,plc_internal_rd_loc_t_nanosecond,10,20,0.596,-9.404,0,0,80460955,0,0,0,ok,
RUN_20260502_S7_L0_IDLE_10_20_S01_R01,S7_L0_IDLE_10_20,SER_20260502_S7_L0_IDLE_10_20_S01,HW_PLC,HW_PLC,12685,12685,12686,,,,40893000,plc_internal_rd_loc_t_nanosecond,10,20,0.432,-9.568,0,0,80473641,0,0,0,ok,
RUN_20260502_S7_L0_IDLE_10_20_S01_R01,S7_L0_IDLE_10_20,SER_20260502_S7_L0_IDLE_10_20_S01,HW_PLC,HW_PLC,12686,12686,12687,,,,41826000,plc_internal_rd_loc_t_nanosecond,10,20,0.933,-9.067,0,0,80486328,0,0,0,ok,
RUN_20260502_S7_L0_IDLE_10_20_S01_R01,S7_L0_IDLE_10_20,SER_20260502_S7_L0_IDLE_10_20_S01,HW_PLC,HW_PLC,12687,12687,12688,,,,42448000,plc_internal_rd_loc_t_nanosecond,10,20,0.622,-9.378,0,0,80499016,0,0,0,ok,
RUN_20260502_S7_L0_IDLE_10_20_S01_R01,S7_L0_IDLE_10_20,SER_20260502_S7_L0_IDLE_10_20_S01,HW_PLC,HW_PLC,12688,12688,12689,,,,42880000,plc_internal_rd_loc_t_nanosecond,10,20,0.432,-9.568,0,0,80511705,0,0,0,ok,
RUN_20260502_S7_L0_IDLE_10_20_S01_R01,S7_L0_IDLE_10_20,SER_20260502_S7_L0_IDLE_10_20_S01,HW_PLC,HW_PLC,12689,12689,12690,,,,43465000,plc_internal_rd_loc_t_nanosecond,10,20,0.585,-9.415,0,0,80524395,0,0,0,ok,
RUN_20260502_S7_L0_IDLE_10_20_S01_R01,S7_L0_IDLE_10_20,SER_20260502_S7_L0_IDLE_10_20_S01,HW_PLC,HW_PLC,12690,12690,12691,,,,43893000,plc_internal_rd_loc_t_nanosecond,10,20,0.428,-9.572,0,0,80537086,0,0,0,ok,
RUN_20260502_S7_L0_IDLE_10_20_S01_R01,S7_L0_IDLE_10_20,SER_20260502_S7_L0_IDLE_10_20_S01,HW_PLC,HW_PLC,12691,12691,12692,,,,44508000,plc_internal_rd_loc_t_nanosecond,10,20,0.615,-9.385,0,0,80549778,0,0,0,ok,
RUN_20260502_S7_L0_IDLE_10_20_S01_R01,S7_L0_IDLE_10_20,SER_20260502_S7_L0_IDLE_10_20_S01,HW_PLC,HW_PLC,12692,12692,12693,,,,44945000,plc_internal_rd_loc_t_nanosecond,10,20,0.437,-9.563,0,0,80562471,0,0,0,ok,
RUN_20260502_S7_L0_IDLE_10_20_S01_R01,S7_L0_IDLE_10_20,SER_20260502_S7_L0_IDLE_10_20_S01,HW_PLC,HW_PLC,12693,12693,12694,,,,45568000,plc_internal_rd_loc_t_nanosecond,10,20,0.623,-9.377,0,0,80575165,0,0,0,ok,
RUN_20260502_S7_L0_IDLE_10_20_S01_R01,S7_L0_IDLE_10_20,SER_20260502_S7_L0_IDLE_10_20_S01,HW_PLC,HW_PLC,12694,12694,12695,,,,45989000,plc_internal_rd_loc_t_nanosecond,10,20,0.421,-9.579,0,0,80587860,0,0,0,ok,
RUN_20260502_S7_L0_IDLE_10_20_S01_R01,S7_L0_IDLE_10_20,SER_20260502_S7_L0_IDLE_10_20_S01,HW_PLC,HW_PLC,12695,12695,12696,,,,46586000,plc_internal_rd_loc_t_nanosecond,10,20,0.597,-9.403,0,0,80600556,0,0,0,ok,
RUN_20260502_S7_L0_IDLE_10_20_S01_R01,S7_L0_IDLE_10_20,SER_20260502_S7_L0_IDLE_10_20_S01,HW_PLC,HW_PLC,12696,12696,12697,,,,47192000,plc_internal_rd_loc_t_nanosecond,10,20,0.606,-9.394,0,0,80613253,0,0,0,ok,
RUN_20260502_S7_L0_IDLE_10_20_S01_R01,S7_L0_IDLE_10_20,SER_20260502_S7_L0_IDLE_10_20_S01,HW_PLC,HW_PLC,12697,12697,12698,,,,47640000,plc_internal_rd_loc_t_nanosecond,10,20,0.448,-9.552,0,0,80625951,0,0,0,ok,
RUN_20260502_S7_L0_IDLE_10_20_S01_R01,S7_L0_IDLE_10_20,SER_20260502_S7_L0_IDLE_10_20_S01,HW_PLC,HW_PLC,12698,12698,12699,,,,48205000,plc_internal_rd_loc_t_nanosecond,10,20,0.565,-9.435,0,0,80638650,0,0,0,ok,
RUN_20260502_S7_L0_IDLE_10_20_S01_R01,S7_L0_IDLE_10_20,SER_20260502_S7_L0_IDLE_10_20_S01,HW_PLC,HW_PLC,12699,12699,12700,,,,48644000,plc_internal_rd_loc_t_nanosecond,10,20,0.439,-9.561,0,1,80651350,0,0,0,ok,
RUN_20260502_S7_L0_IDLE_10_20_S01_R01,S7_L0_IDLE_10_20,SER_20260502_S7_L0_IDLE_10_20_S01,HW_PLC,HW_PLC,12700,12700,12701,,,,49228000,plc_internal_rd_loc_t_nanosecond,10,20,0.584,-9.416,0,1,80664051,0,0,0,ok,
RUN_20260502_S7_L0_IDLE_10_20_S01_R01,S7_L0_IDLE_10_20,SER_20260502_S7_L0_IDLE_10_20_S01,HW_PLC,HW_PLC,12701,12701,12702,,,,49706000,plc_internal_rd_loc_t_nanosecond,10,20,0.478,-9.522,0,1,80676753,0,0,0,ok,
RUN_20260502_S7_L0_IDLE_10_20_S01_R01,S7_L0_IDLE_10_20,SER_20260502_S7_L0_IDLE_10_20_S01,HW_PLC,HW_PLC,12702,12702,12703,,,,50300000,plc_internal_rd_loc_t_nanosecond,10,20,0.594,-9.406,0,1,80689456,0,0,0,ok,
RUN_20260502_S7_L0_IDLE_10_20_S01_R01,S7_L0_IDLE_10_20,SER_20260502_S7_L0_IDLE_10_20_S01,HW_PLC,HW_PLC,12703,12703,12704,,,,50740000,plc_internal_rd_loc_t_nanosecond,10,20,0.44,-9.56,0,1,80702160,0,0,0,ok,
RUN_20260502_S7_L0_IDLE_10_20_S01_R01,S7_L0_IDLE_10_20,SER_20260502_S7_L0_IDLE_10_20_S01,HW_PLC,HW_PLC,12704,12704,12705,,,,51326000,plc_internal_rd_loc_t_nanosecond,10,20,0.586,-9.414,0,1,80714865,0,0,0,ok,
RUN_20260502_S7_L0_IDLE_10_20_S01_R01,S7_L0_IDLE_10_20,SER_20260502_S7_L0_IDLE_10_20_S01,HW_PLC,HW_PLC,12705,12705,12706,,,,51759000,plc_internal_rd_loc_t_nanosecond,10,20,0.433,-9.567,0,1,80727571,0,0,0,ok,
RUN_20260502_S7_L0_IDLE_10_20_S01_R01,S7_L0_IDLE_10_20,SER_20260502_S7_L0_IDLE_10_20_S01,HW_PLC,HW_PLC,12706,12706,12707,,,,52375000,plc_internal_rd_loc_t_nanosecond,10,20,0.616,-9.384,0,1,80740278,0,0,0,ok,
RUN_20260502_S7_L0_IDLE_10_20_S01_R01,S7_L0_IDLE_10_20,SER_20260502_S7_L0_IDLE_10_20_S01,HW_PLC,HW_PLC,12707,12707,12708,,,,52813000,plc_internal_rd_loc_t_nanosecond,10,20,0.438,-9.562,0,1,80752986,0,0,0,ok,
RUN_20260502_S7_L0_IDLE_10_20_S01_R01,S7_L0_IDLE_10_20,SER_20260502_S7_L0_IDLE_10_20_S01,HW_PLC,HW_PLC,12708,12708,12709,,,,53394000,plc_internal_rd_loc_t_nanosecond,10,20,0.581,-9.419,0,1,80765695,0,0,0,ok,
RUN_20260502_S7_L0_IDLE_10_20_S01_R01,S7_L0_IDLE_10_20,SER_20260502_S7_L0_IDLE_10_20_S01,HW_PLC,HW_PLC,12709,12709,12710,,,,53823000,plc_internal_rd_loc_t_nanosecond,10,20,0.429,-9.571,0,1,80778405,0,0,0,ok,
RUN_20260502_S7_L0_IDLE_10_20_S01_R01,S7_L0_IDLE_10_20,SER_20260502_S7_L0_IDLE_10_20_S01,HW_PLC,HW_PLC,12710,12710,12711,,,,54400000,plc_internal_rd_loc_t_nanosecond,10,20,0.577,-9.423,0,1,80791116,0,0,0,ok,
RUN_20260502_S7_L0_IDLE_10_20_S01_R01,S7_L0_IDLE_10_20,SER_20260502_S7_L0_IDLE_10_20_S01,HW_PLC,HW_PLC,12711,12711,12712,,,,54866000,plc_internal_rd_loc_t_nanosecond,10,20,0.466,-9.534,0,1,80803828,0,0,0,ok,
RUN_20260502_S7_L0_IDLE_10_20_S01_R01,S7_L0_IDLE_10_20,SER_20260502_S7_L0_IDLE_10_20_S01,HW_PLC,HW_PLC,12712,12712,12713,,,,55491000,plc_internal_rd_loc_t_nanosecond,10,20,0.625,-9.375,0,1,80816541,0,0,0,ok,
RUN_20260502_S7_L0_IDLE_10_20_S01_R01,S7_L0_IDLE_10_20,SER_20260502_S7_L0_IDLE_10_20_S01,HW_PLC,HW_PLC,12713,12713,12714,,,,55928000,plc_internal_rd_loc_t_nanosecond,10,20,0.437,-9.563,0,1,80829255,0,0,0,ok,
RUN_20260502_S7_L0_IDLE_10_20_S01_R01,S7_L0_IDLE_10_20,SER_20260502_S7_L0_IDLE_10_20_S01,HW_PLC,HW_PLC,12714,12714,12715,,,,56511000,plc_internal_rd_loc_t_nanosecond,10,20,0.583,-9.417,0,1,80841970,0,0,0,ok,
RUN_20260502_S7_L0_IDLE_10_20_S01_R01,S7_L0_IDLE_10_20,SER_20260502_S7_L0_IDLE_10_20_S01,HW_PLC,HW_PLC,12715,12715,12716,,,,56939000,plc_internal_rd_loc_t_nanosecond,10,20,0.428,-9.572,0,1,80854686,0,0,0,ok,
RUN_20260502_S7_L0_IDLE_10_20_S01_R01,S7_L0_IDLE_10_20,SER_20260502_S7_L0_IDLE_10_20_S01,HW_PLC,HW_PLC,12716,12716,12717,,,,57562000,plc_internal_rd_loc_t_nanosecond,10,20,0.623,-9.377,0,1,80867403,0,0,0,ok,
RUN_20260502_S7_L0_IDLE_10_20_S01_R01,S7_L0_IDLE_10_20,SER_20260502_S7_L0_IDLE_10_20_S01,HW_PLC,HW_PLC,12717,12717,12718,,,,57990000,plc_internal_rd_loc_t_nanosecond,10,20,0.428,-9.572,0,1,80880121,0,0,0,ok,
RUN_20260502_S7_L0_IDLE_10_20_S01_R01,S7_L0_IDLE_10_20,SER_20260502_S7_L0_IDLE_10_20_S01,HW_PLC,HW_PLC,12718,12718,12719,,,,58581000,plc_internal_rd_loc_t_nanosecond,10,20,0.591,-9.409,0,1,80892840,0,0,0,ok,
RUN_20260502_S7_L0_IDLE_10_20_S01_R01,S7_L0_IDLE_10_20,SER_20260502_S7_L0_IDLE_10_20_S01,HW_PLC,HW_PLC,12719,12719,12720,,,,60314000,plc_internal_rd_loc_t_nanosecond,10,20,1.733,-8.267,0,1,80905560,0,0,0,ok,
RUN_20260502_S7_L0_IDLE_10_20_S01_R01,S7_L0_IDLE_10_20,SER_20260502_S7_L0_IDLE_10_20_S01,HW_PLC,HW_PLC,12720,12720,12721,,,,60852000,plc_internal_rd_loc_t_nanosecond,10,20,0.538,-9.462,0,1,80918281,0,0,0,ok,
RUN_20260502_S7_L0_IDLE_10_20_S01_R01,S7_L0_IDLE_10_20,SER_20260502_S7_L0_IDLE_10_20_S01,HW_PLC,HW_PLC,12721,12721,12722,,,,61476000,plc_internal_rd_loc_t_nanosecond,10,20,0.624,-9.376,0,1,80931003,0,0,0,ok,
RUN_20260502_S7_L0_IDLE_10_20_S01_R01,S7_L0_IDLE_10_20,SER_20260502_S7_L0_IDLE_10_20_S01,HW_PLC,HW_PLC,12722,12722,12723,,,,61900000,plc_internal_rd_loc_t_nanosecond,10,20,0.424,-9.576,0,1,80943726,0,0,0,ok,
RUN_20260502_S7_L0_IDLE_10_20_S01_R01,S7_L0_IDLE_10_20,SER_20260502_S7_L0_IDLE_10_20_S01,HW_PLC,HW_PLC,12723,12723,12724,,,,63255000,plc_internal_rd_loc_t_nanosecond,10,20,1.355,-8.645,0,1,80956450,0,0,0,ok,
RUN_20260502_S7_L0_IDLE_10_20_S01_R01,S7_L0_IDLE_10_20,SER_20260502_S7_L0_IDLE_10_20_S01,HW_PLC,HW_PLC,12724,12724,12725,,,,63725000,plc_internal_rd_loc_t_nanosecond,10,20,0.47,-9.53,0,1,80969175,0,0,0,ok,
RUN_20260502_S7_L0_IDLE_10_20_S01_R01,S7_L0_IDLE_10_20,SER_20260502_S7_L0_IDLE_10_20_S01,HW_PLC,HW_PLC,12725,12725,12726,,,,64295000,plc_internal_rd_loc_t_nanosecond,10,20,0.57,-9.43,0,1,80981901,0,0,0,ok,
RUN_20260502_S7_L0_IDLE_10_20_S01_R01,S7_L0_IDLE_10_20,SER_20260502_S7_L0_IDLE_10_20_S01,HW_PLC,HW_PLC,12726,12726,12727,,,,64723000,plc_internal_rd_loc_t_nanosecond,10,20,0.428,-9.572,0,1,80994628,0,0,0,ok,
RUN_20260502_S7_L0_IDLE_10_20_S01_R01,S7_L0_IDLE_10_20,SER_20260502_S7_L0_IDLE_10_20_S01,HW_PLC,HW_PLC,12727,12727,12728,,,,65873000,plc_internal_rd_loc_t_nanosecond,10,20,1.15,-8.85,0,1,81007356,0,0,0,ok,
RUN_20260502_S7_L0_IDLE_10_20_S01_R01,S7_L0_IDLE_10_20,SER_20260502_S7_L0_IDLE_10_20_S01,HW_PLC,HW_PLC,12728,12728,12729,,,,66488000,plc_internal_rd_loc_t_nanosecond,10,20,0.615,-9.385,0,1,81020085,0,0,0,ok,
RUN_20260502_S7_L0_IDLE_10_20_S01_R01,S7_L0_IDLE_10_20,SER_20260502_S7_L0_IDLE_10_20_S01,HW_PLC,HW_PLC,12729,12729,12730,,,,66899000,plc_internal_rd_loc_t_nanosecond,10,20,0.411,-9.589,0,1,81032815,0,0,0,ok,
RUN_20260502_S7_L0_IDLE_10_20_S01_R01,S7_L0_IDLE_10_20,SER_20260502_S7_L0_IDLE_10_20_S01,HW_PLC,HW_PLC,12730,12730,12731,,,,68186000,plc_internal_rd_loc_t_nanosecond,10,20,1.287,-8.713,0,1,81045546,0,0,0,ok,
RUN_20260502_S7_L0_IDLE_10_20_S01_R01,S7_L0_IDLE_10_20,SER_20260502_S7_L0_IDLE_10_20_S01,HW_PLC,HW_PLC,12731,12731,12732,,,,68694000,plc_internal_rd_loc_t_nanosecond,10,20,0.508,-9.492,0,1,81058278,0,0,0,ok,
RUN_20260502_S7_L0_IDLE_10_20_S01_R01,S7_L0_IDLE_10_20,SER_20260502_S7_L0_IDLE_10_20_S01,HW_PLC,HW_PLC,12732,12732,12733,,,,69266000,plc_internal_rd_loc_t_nanosecond,10,20,0.572,-9.427999,0,1,81071011,0,0,0,ok,
RUN_20260502_S7_L0_IDLE_10_20_S01_R01,S7_L0_IDLE_10_20,SER_20260502_S7_L0_IDLE_10_20_S01,HW_PLC,HW_PLC,12733,12733,12734,,,,69692000,plc_internal_rd_loc_t_nanosecond,10,20,0.426,-9.574,0,1,81083745,0,0,0,ok,
RUN_20260502_S7_L0_IDLE_10_20_S01_R01,S7_L0_IDLE_10_20,SER_20260502_S7_L0_IDLE_10_20_S01,HW_PLC,HW_PLC,12734,12734,12735,,,,70822000,plc_internal_rd_loc_t_nanosecond,10,20,1.13,-8.87,0,1,81096480,0,0,0,ok,
RUN_20260502_S7_L0_IDLE_10_20_S01_R01,S7_L0_IDLE_10_20,SER_20260502_S7_L0_IDLE_10_20_S01,HW_PLC,HW_PLC,12735,12735,12736,,,,71462000,plc_internal_rd_loc_t_nanosecond,10,20,0.64,-9.36,0,1,81109216,0,0,0,ok,
RUN_20260502_S7_L0_IDLE_10_20_S01_R01,S7_L0_IDLE_10_20,SER_20260502_S7_L0_IDLE_10_20_S01,HW_PLC,HW_PLC,12736,12736,12737,,,,71883000,plc_internal_rd_loc_t_nanosecond,10,20,0.421,-9.579,0,1,81121953,0,0,0,ok,
RUN_20260502_S7_L0_IDLE_10_20_S01_R01,S7_L0_IDLE_10_20,SER_20260502_S7_L0_IDLE_10_20_S01,HW_PLC,HW_PLC,12737,12737,12738,,,,72452000,plc_internal_rd_loc_t_nanosecond,10,20,0.569,-9.431,0,1,81134691,0,0,0,ok,
RUN_20260502_S7_L0_IDLE_10_20_S01_R01,S7_L0_IDLE_10_20,SER_20260502_S7_L0_IDLE_10_20_S01,HW_PLC,HW_PLC,12738,12738,12739,,,,73589000,plc_internal_rd_loc_t_nanosecond,10,20,1.137,-8.863,0,1,81147430,0,0,0,ok,
RUN_20260502_S7_L0_IDLE_10_20_S01_R01,S7_L0_IDLE_10_20,SER_20260502_S7_L0_IDLE_10_20_S01,HW_PLC,HW_PLC,12739,12739,12740,,,,74217000,plc_internal_rd_loc_t_nanosecond,10,20,0.628,-9.372,0,1,81160170,0,0,0,ok,
RUN_20260502_S7_L0_IDLE_10_20_S01_R01,S7_L0_IDLE_10_20,SER_20260502_S7_L0_IDLE_10_20_S01,HW_PLC,HW_PLC,12740,12740,12741,,,,74652000,plc_internal_rd_loc_t_nanosecond,10,20,0.435,-9.565,0,1,81172911,0,0,0,ok,
RUN_20260502_S7_L0_IDLE_10_20_S01_R01,S7_L0_IDLE_10_20,SER_20260502_S7_L0_IDLE_10_20_S01,HW_PLC,HW_PLC,12741,12741,12742,,,,75248000,plc_internal_rd_loc_t_nanosecond,10,20,0.596,-9.404,0,1,81185653,0,0,0,ok,
RUN_20260502_S7_L0_IDLE_10_20_S01_R01,S7_L0_IDLE_10_20,SER_20260502_S7_L0_IDLE_10_20_S01,HW_PLC,HW_PLC,12742,12742,12743,,,,76509000,plc_internal_rd_loc_t_nanosecond,10,20,1.261,-8.739,0,1,81198396,0,0,0,ok,
RUN_20260502_S7_L0_IDLE_10_20_S01_R01,S7_L0_IDLE_10_20,SER_20260502_S7_L0_IDLE_10_20_S01,HW_PLC,HW_PLC,12743,12743,12744,,,,76932000,plc_internal_rd_loc_t_nanosecond,10,20,0.423,-9.577,0,1,81211140,0,0,0,ok,
RUN_20260502_S7_L0_IDLE_10_20_S01_R01,S7_L0_IDLE_10_20,SER_20260502_S7_L0_IDLE_10_20_S01,HW_PLC,HW_PLC,12744,12744,12745,,,,77519000,plc_internal_rd_loc_t_nanosecond,10,20,0.587,-9.413,0,1,81223885,0,0,0,ok,
RUN_20260502_S7_L0_IDLE_10_20_S01_R01,S7_L0_IDLE_10_20,SER_20260502_S7_L0_IDLE_10_20_S01,HW_PLC,HW_PLC,12745,12745,12746,,,,78626000,plc_internal_rd_loc_t_nanosecond,10,20,1.107,-8.893,0,1,81236631,0,0,0,ok,
RUN_20260502_S7_L0_IDLE_10_20_S01_R01,S7_L0_IDLE_10_20,SER_20260502_S7_L0_IDLE_10_20_S01,HW_PLC,HW_PLC,12746,12746,12747,,,,79284000,plc_internal_rd_loc_t_nanosecond,10,20,0.658,-9.342,0,1,81249378,0,0,0,ok,
RUN_20260502_S7_L0_IDLE_10_20_S01_R01,S7_L0_IDLE_10_20,SER_20260502_S7_L0_IDLE_10_20_S01,HW_PLC,HW_PLC,12747,12747,12748,,,,79716000,plc_internal_rd_loc_t_nanosecond,10,20,0.432,-9.568,0,1,81262126,0,0,0,ok,
RUN_20260502_S7_L0_IDLE_10_20_S01_R01,S7_L0_IDLE_10_20,SER_20260502_S7_L0_IDLE_10_20_S01,HW_PLC,HW_PLC,12748,12748,12749,,,,80295000,plc_internal_rd_loc_t_nanosecond,10,20,0.579,-9.421,0,1,81274875,0,0,0,ok,
RUN_20260502_S7_L0_IDLE_10_20_S01_R01,S7_L0_IDLE_10_20,SER_20260502_S7_L0_IDLE_10_20_S01,HW_PLC,HW_PLC,12749,12749,12750,,,,81530000,plc_internal_rd_loc_t_nanosecond,10,20,1.235,-8.765,0,1,81287625,0,0,0,ok,
RUN_20260502_S7_L0_IDLE_10_20_S01_R01,S7_L0_IDLE_10_20,SER_20260502_S7_L0_IDLE_10_20_S01,HW_PLC,HW_PLC,12750,12750,12751,,,,81960000,plc_internal_rd_loc_t_nanosecond,10,20,0.43,-9.57,0,1,81300376,0,0,0,ok,
RUN_20260502_S7_L0_IDLE_10_20_S01_R01,S7_L0_IDLE_10_20,SER_20260502_S7_L0_IDLE_10_20_S01,HW_PLC,HW_PLC,12751,12751,12752,,,,82589000,plc_internal_rd_loc_t_nanosecond,10,20,0.629,-9.371,0,1,81313128,0,0,0,ok,
RUN_20260502_S7_L0_IDLE_10_20_S01_R01,S7_L0_IDLE_10_20,SER_20260502_S7_L0_IDLE_10_20_S01,HW_PLC,HW_PLC,12752,12752,12753,,,,82991000,plc_internal_rd_loc_t_nanosecond,10,20,0.402,-9.598,0,1,81325881,0,0,0,ok,
RUN_20260502_S7_L0_IDLE_10_20_S01_R01,S7_L0_IDLE_10_20,SER_20260502_S7_L0_IDLE_10_20_S01,HW_PLC,HW_PLC,12753,12753,12754,,,,84427000,plc_internal_rd_loc_t_nanosecond,10,20,1.436,-8.564,0,1,81338635,0,0,0,ok,
RUN_20260502_S7_L0_IDLE_10_20_S01_R01,S7_L0_IDLE_10_20,SER_20260502_S7_L0_IDLE_10_20_S01,HW_PLC,HW_PLC,12754,12754,12755,,,,84856000,plc_internal_rd_loc_t_nanosecond,10,20,0.429,-9.571,0,1,81351390,0,0,0,ok,
RUN_20260502_S7_L0_IDLE_10_20_S01_R01,S7_L0_IDLE_10_20,SER_20260502_S7_L0_IDLE_10_20_S01,HW_PLC,HW_PLC,12755,12755,12756,,,,85458000,plc_internal_rd_loc_t_nanosecond,10,20,0.602,-9.398,0,1,81364146,0,0,0,ok,
RUN_20260502_S7_L0_IDLE_10_20_S01_R01,S7_L0_IDLE_10_20,SER_20260502_S7_L0_IDLE_10_20_S01,HW_PLC,HW_PLC,12756,12756,12757,,,,86589000,plc_internal_rd_loc_t_nanosecond,10,20,1.131,-8.868999,0,1,81376903,0,0,0,ok,
RUN_20260502_S7_L0_IDLE_10_20_S01_R01,S7_L0_IDLE_10_20,SER_20260502_S7_L0_IDLE_10_20_S01,HW_PLC,HW_PLC,12757,12757,12758,,,,87367000,plc_internal_rd_loc_t_nanosecond,10,20,0.778,-9.222,0,1,81389661,0,0,0,ok,
RUN_20260502_S7_L0_IDLE_10_20_S01_R01,S7_L0_IDLE_10_20,SER_20260502_S7_L0_IDLE_10_20_S01,HW_PLC,HW_PLC,12758,12758,12759,,,,87897000,plc_internal_rd_loc_t_nanosecond,10,20,0.53,-9.47,0,1,81402420,0,0,0,ok,
RUN_20260502_S7_L0_IDLE_10_20_S01_R01,S7_L0_IDLE_10_20,SER_20260502_S7_L0_IDLE_10_20_S01,HW_PLC,HW_PLC,12759,12759,12760,,,,89270000,plc_internal_rd_loc_t_nanosecond,10,20,1.373,-8.627,0,1,81415180,0,0,0,ok,
RUN_20260502_S7_L0_IDLE_10_20_S01_R01,S7_L0_IDLE_10_20,SER_20260502_S7_L0_IDLE_10_20_S01,HW_PLC,HW_PLC,12760,12760,12761,,,,89731000,plc_internal_rd_loc_t_nanosecond,10,20,0.461,-9.539,0,1,81427941,0,0,0,ok,
RUN_20260502_S7_L0_IDLE_10_20_S01_R01,S7_L0_IDLE_10_20,SER_20260502_S7_L0_IDLE_10_20_S01,HW_PLC,HW_PLC,12761,12761,12762,,,,90302000,plc_internal_rd_loc_t_nanosecond,10,20,0.571,-9.429,0,1,81440703,0,0,0,ok,
RUN_20260502_S7_L0_IDLE_10_20_S01_R01,S7_L0_IDLE_10_20,SER_20260502_S7_L0_IDLE_10_20_S01,HW_PLC,HW_PLC,12762,12762,12763,,,,90718000,plc_internal_rd_loc_t_nanosecond,10,20,0.416,-9.584,0,1,81453466,0,0,0,ok,
RUN_20260502_S7_L0_IDLE_10_20_S01_R01,S7_L0_IDLE_10_20,SER_20260502_S7_L0_IDLE_10_20_S01,HW_PLC,HW_PLC,12763,12763,12764,,,,91853000,plc_internal_rd_loc_t_nanosecond,10,20,1.135,-8.865,0,1,81466230,0,0,0,ok,
RUN_20260502_S7_L0_IDLE_10_20_S01_R01,S7_L0_IDLE_10_20,SER_20260502_S7_L0_IDLE_10_20_S01,HW_PLC,HW_PLC,12764,12764,12765,,,,92463000,plc_internal_rd_loc_t_nanosecond,10,20,0.61,-9.39,0,1,81478995,0,0,0,ok,
RUN_20260502_S7_L0_IDLE_10_20_S01_R01,S7_L0_IDLE_10_20,SER_20260502_S7_L0_IDLE_10_20_S01,HW_PLC,HW_PLC,12765,12765,12766,,,,92880000,plc_internal_rd_loc_t_nanosecond,10,20,0.417,-9.583,0,1,81491761,0,0,0,ok,
RUN_20260502_S7_L0_IDLE_10_20_S01_R01,S7_L0_IDLE_10_20,SER_20260502_S7_L0_IDLE_10_20_S01,HW_PLC,HW_PLC,12766,12766,12767,,,,93463000,plc_internal_rd_loc_t_nanosecond,10,20,0.583,-9.417,0,1,81504528,0,0,0,ok,
RUN_20260502_S7_L0_IDLE_10_20_S01_R01,S7_L0_IDLE_10_20,SER_20260502_S7_L0_IDLE_10_20_S01,HW_PLC,HW_PLC,12767,12767,12768,,,,94672000,plc_internal_rd_loc_t_nanosecond,10,20,1.209,-8.791,0,1,81517296,0,0,0,ok,
RUN_20260502_S7_L0_IDLE_10_20_S01_R01,S7_L0_IDLE_10_20,SER_20260502_S7_L0_IDLE_10_20_S01,HW_PLC,HW_PLC,12768,12768,12769,,,,95282000,plc_internal_rd_loc_t_nanosecond,10,20,0.61,-9.39,0,1,81530065,0,0,0,ok,
RUN_20260502_S7_L0_IDLE_10_20_S01_R01,S7_L0_IDLE_10_20,SER_20260502_S7_L0_IDLE_10_20_S01,HW_PLC,HW_PLC,12769,12769,12770,,,,95715000,plc_internal_rd_loc_t_nanosecond,10,20,0.433,-9.567,0,1,81542835,0,0,0,ok,
RUN_20260502_S7_L0_IDLE_10_20_S01_R01,S7_L0_IDLE_10_20,SER_20260502_S7_L0_IDLE_10_20_S01,HW_PLC,HW_PLC,12770,12770,12771,,,,96872000,plc_internal_rd_loc_t_nanosecond,10,20,1.157,-8.843,0,1,81555606,0,0,0,ok,
RUN_20260502_S7_L0_IDLE_10_20_S01_R01,S7_L0_IDLE_10_20,SER_20260502_S7_L0_IDLE_10_20_S01,HW_PLC,HW_PLC,12771,12771,12772,,,,97501000,plc_internal_rd_loc_t_nanosecond,10,20,0.629,-9.371,0,1,81568378,0,0,0,ok,
RUN_20260502_S7_L0_IDLE_10_20_S01_R01,S7_L0_IDLE_10_20,SER_20260502_S7_L0_IDLE_10_20_S01,HW_PLC,HW_PLC,12772,12772,12773,,,,97913000,plc_internal_rd_loc_t_nanosecond,10,20,0.412,-9.588,0,1,81581151,0,0,0,ok,
RUN_20260502_S7_L0_IDLE_10_20_S01_R01,S7_L0_IDLE_10_20,SER_20260502_S7_L0_IDLE_10_20_S01,HW_PLC,HW_PLC,12773,12773,12774,,,,98489000,plc_internal_rd_loc_t_nanosecond,10,20,0.576,-9.424,0,1,81593925,0,0,0,ok,
RUN_20260502_S7_L0_IDLE_10_20_S01_R01,S7_L0_IDLE_10_20,SER_20260502_S7_L0_IDLE_10_20_S01,HW_PLC,HW_PLC,12774,12774,12775,,,,99616000,plc_internal_rd_loc_t_nanosecond,10,20,1.127,-8.873,0,1,81606700,0,0,0,ok,
RUN_20260502_S7_L0_IDLE_10_20_S01_R01,S7_L0_IDLE_10_20,SER_20260502_S7_L0_IDLE_10_20_S01,HW_PLC,HW_PLC,12775,12775,12776,,,,100248000,plc_internal_rd_loc_t_nanosecond,10,20,0.632,-9.368,0,1,81619476,0,0,0,ok,
RUN_20260502_S7_L0_IDLE_10_20_S01_R01,S7_L0_IDLE_10_20,SER_20260502_S7_L0_IDLE_10_20_S01,HW_PLC,HW_PLC,12776,12776,12777,,,,100680000,plc_internal_rd_loc_t_nanosecond,10,20,0.432,-9.568,0,1,81632253,0,0,0,ok,
RUN_20260502_S7_L0_IDLE_10_20_S01_R01,S7_L0_IDLE_10_20,SER_20260502_S7_L0_IDLE_10_20_S01,HW_PLC,HW_PLC,12777,12777,12778,,,,101239000,plc_internal_rd_loc_t_nanosecond,10,20,0.559,-9.441,0,1,81645031,0,0,0,ok,
RUN_20260502_S7_L0_IDLE_10_20_S01_R01,S7_L0_IDLE_10_20,SER_20260502_S7_L0_IDLE_10_20_S01,HW_PLC,HW_PLC,12778,12778,12779,,,,102507000,plc_internal_rd_loc_t_nanosecond,10,20,1.268,-8.732,0,1,81657810,0,0,0,ok,
RUN_20260502_S7_L0_IDLE_10_20_S01_R01,S7_L0_IDLE_10_20,SER_20260502_S7_L0_IDLE_10_20_S01,HW_PLC,HW_PLC,12779,12779,12780,,,,102938000,plc_internal_rd_loc_t_nanosecond,10,20,0.431,-9.569,0,1,81670590,0,0,0,ok,
RUN_20260502_S7_L0_IDLE_10_20_S01_R01,S7_L0_IDLE_10_20,SER_20260502_S7_L0_IDLE_10_20_S01,HW_PLC,HW_PLC,12780,12780,12781,,,,103553000,plc_internal_rd_loc_t_nanosecond,10,20,0.615,-9.385,0,1,81683371,0,0,0,ok,
RUN_20260502_S7_L0_IDLE_10_20_S01_R01,S7_L0_IDLE_10_20,SER_20260502_S7_L0_IDLE_10_20_S01,HW_PLC,HW_PLC,12781,12781,12782,,,,104708000,plc_internal_rd_loc_t_nanosecond,10,20,1.155,-8.845,0,1,81696153,0,0,0,ok,
RUN_20260502_S7_L0_IDLE_10_20_S01_R01,S7_L0_IDLE_10_20,SER_20260502_S7_L0_IDLE_10_20_S01,HW_PLC,HW_PLC,12782,12782,12783,,,,105383000,plc_internal_rd_loc_t_nanosecond,10,20,0.675,-9.325,0,1,81708936,0,0,0,ok,
RUN_20260502_S7_L0_IDLE_10_20_S01_R01,S7_L0_IDLE_10_20,SER_20260502_S7_L0_IDLE_10_20_S01,HW_PLC,HW_PLC,12783,12783,12784,,,,105807000,plc_internal_rd_loc_t_nanosecond,10,20,0.424,-9.576,0,1,81721720,0,0,0,ok,
RUN_20260502_S7_L0_IDLE_10_20_S01_R01,S7_L0_IDLE_10_20,SER_20260502_S7_L0_IDLE_10_20_S01,HW_PLC,HW_PLC,12784,12784,12785,,,,106371000,plc_internal_rd_loc_t_nanosecond,10,20,0.564,-9.436,0,1,81734505,0,0,0,ok,
RUN_20260502_S7_L0_IDLE_10_20_S01_R01,S7_L0_IDLE_10_20,SER_20260502_S7_L0_IDLE_10_20_S01,HW_PLC,HW_PLC,12785,12785,12786,,,,107515000,plc_internal_rd_loc_t_nanosecond,10,20,1.144,-8.856,0,1,81747291,0,0,0,ok,
RUN_20260502_S7_L0_IDLE_10_20_S01_R01,S7_L0_IDLE_10_20,SER_20260502_S7_L0_IDLE_10_20_S01,HW_PLC,HW_PLC,12786,12786,12787,,,,107945000,plc_internal_rd_loc_t_nanosecond,10,20,0.43,-9.57,0,1,81760078,0,0,0,ok,
RUN_20260502_S7_L0_IDLE_10_20_S01_R01,S7_L0_IDLE_10_20,SER_20260502_S7_L0_IDLE_10_20_S01,HW_PLC,HW_PLC,12787,12787,12788,,,,108565000,plc_internal_rd_loc_t_nanosecond,10,20,0.62,-9.38,0,1,81772866,0,0,0,ok,
RUN_20260502_S7_L0_IDLE_10_20_S01_R01,S7_L0_IDLE_10_20,SER_20260502_S7_L0_IDLE_10_20_S01,HW_PLC,HW_PLC,12788,12788,12789,,,,108972000,plc_internal_rd_loc_t_nanosecond,10,20,0.407,-9.593,0,1,81785655,0,0,0,ok,
RUN_20260502_S7_L0_IDLE_10_20_S01_R01,S7_L0_IDLE_10_20,SER_20260502_S7_L0_IDLE_10_20_S01,HW_PLC,HW_PLC,12789,12789,12790,,,,109986000,plc_internal_rd_loc_t_nanosecond,10,20,1.014,-8.986,0,1,81798445,0,0,0,ok,
RUN_20260502_S7_L0_IDLE_10_20_S01_R01,S7_L0_IDLE_10_20,SER_20260502_S7_L0_IDLE_10_20_S01,HW_PLC,HW_PLC,12790,12790,12791,,,,110653000,plc_internal_rd_loc_t_nanosecond,10,20,0.667,-9.333,0,1,81811236,0,0,0,ok,
RUN_20260502_S7_L0_IDLE_10_20_S01_R01,S7_L0_IDLE_10_20,SER_20260502_S7_L0_IDLE_10_20_S01,HW_PLC,HW_PLC,12791,12791,12792,,,,111245000,plc_internal_rd_loc_t_nanosecond,10,20,0.592,-9.408,0,1,81824028,0,0,0,ok,
RUN_20260502_S7_L0_IDLE_10_20_S01_R01,S7_L0_IDLE_10_20,SER_20260502_S7_L0_IDLE_10_20_S01,HW_PLC,HW_PLC,12792,12792,12793,,,,111687000,plc_internal_rd_loc_t_nanosecond,10,20,0.442,-9.558,0,1,81836821,0,0,0,ok,
RUN_20260502_S7_L0_IDLE_10_20_S01_R01,S7_L0_IDLE_10_20,SER_20260502_S7_L0_IDLE_10_20_S01,HW_PLC,HW_PLC,12793,12793,12794,,,,112302000,plc_internal_rd_loc_t_nanosecond,10,20,0.615,-9.385,0,1,81849615,0,0,0,ok,
RUN_20260502_S7_L0_IDLE_10_20_S01_R01,S7_L0_IDLE_10_20,SER_20260502_S7_L0_IDLE_10_20_S01,HW_PLC,HW_PLC,12794,12794,12795,,,,112743000,plc_internal_rd_loc_t_nanosecond,10,20,0.441,-9.559,0,1,81862410,0,0,0,ok,
RUN_20260502_S7_L0_IDLE_10_20_S01_R01,S7_L0_IDLE_10_20,SER_20260502_S7_L0_IDLE_10_20_S01,HW_PLC,HW_PLC,12795,12795,12796,,,,113320000,plc_internal_rd_loc_t_nanosecond,10,20,0.577,-9.423,0,1,81875206,0,0,0,ok,
RUN_20260502_S7_L0_IDLE_10_20_S01_R01,S7_L0_IDLE_10_20,SER_20260502_S7_L0_IDLE_10_20_S01,HW_PLC,HW_PLC,12796,12796,12797,,,,113755000,plc_internal_rd_loc_t_nanosecond,10,20,0.435,-9.565,0,1,81888003,0,0,0,ok,
RUN_20260502_S7_L0_IDLE_10_20_S01_R01,S7_L0_IDLE_10_20,SER_20260502_S7_L0_IDLE_10_20_S01,HW_PLC,HW_PLC,12797,12797,12798,,,,114361000,plc_internal_rd_loc_t_nanosecond,10,20,0.606,-9.394,0,1,81900801,0,0,0,ok,
RUN_20260502_S7_L0_IDLE_10_20_S01_R01,S7_L0_IDLE_10_20,SER_20260502_S7_L0_IDLE_10_20_S01,HW_PLC,HW_PLC,12798,12798,12799,,,,114804000,plc_internal_rd_loc_t_nanosecond,10,20,0.443,-9.557,0,1,81913600,0,0,0,ok,
RUN_20260502_S7_L0_IDLE_10_20_S01_R01,S7_L0_IDLE_10_20,SER_20260502_S7_L0_IDLE_10_20_S01,HW_PLC,HW_PLC,12799,12799,12800,,,,115413000,plc_internal_rd_loc_t_nanosecond,10,20,0.609,-9.391,0,0,81926400,0,0,0,ok,
RUN_20260502_S7_L0_IDLE_10_20_S01_R01,S7_L0_IDLE_10_20,SER_20260502_S7_L0_IDLE_10_20_S01,HW_PLC,HW_PLC,12800,12800,12801,,,,115841000,plc_internal_rd_loc_t_nanosecond,10,20,0.428,-9.572,0,0,81939201,0,0,0,ok,
RUN_20260502_S7_L0_IDLE_10_20_S01_R01,S7_L0_IDLE_10_20,SER_20260502_S7_L0_IDLE_10_20_S01,HW_PLC,HW_PLC,12801,12801,12802,,,,116435000,plc_internal_rd_loc_t_nanosecond,10,20,0.594,-9.406,0,0,81952003,0,0,0,ok,
RUN_20260502_S7_L0_IDLE_10_20_S01_R01,S7_L0_IDLE_10_20,SER_20260502_S7_L0_IDLE_10_20_S01,HW_PLC,HW_PLC,12802,12802,12803,,,,116862000,plc_internal_rd_loc_t_nanosecond,10,20,0.427,-9.573,0,0,81964806,0,0,0,ok,
RUN_20260502_S7_L0_IDLE_10_20_S01_R01,S7_L0_IDLE_10_20,SER_20260502_S7_L0_IDLE_10_20_S01,HW_PLC,HW_PLC,12803,12803,12804,,,,117471000,plc_internal_rd_loc_t_nanosecond,10,20,0.609,-9.391,0,0,81977610,0,0,0,ok,
RUN_20260502_S7_L0_IDLE_10_20_S01_R01,S7_L0_IDLE_10_20,SER_20260502_S7_L0_IDLE_10_20_S01,HW_PLC,HW_PLC,12804,12804,12805,,,,117902000,plc_internal_rd_loc_t_nanosecond,10,20,0.431,-9.569,0,0,81990415,0,0,0,ok,
RUN_20260502_S7_L0_IDLE_10_20_S01_R01,S7_L0_IDLE_10_20,SER_20260502_S7_L0_IDLE_10_20_S01,HW_PLC,HW_PLC,12805,12805,12806,,,,118500000,plc_internal_rd_loc_t_nanosecond,10,20,0.598,-9.402,0,0,82003221,0,0,0,ok,
RUN_20260502_S7_L0_IDLE_10_20_S01_R01,S7_L0_IDLE_10_20,SER_20260502_S7_L0_IDLE_10_20_S01,HW_PLC,HW_PLC,12806,12806,12807,,,,118928000,plc_internal_rd_loc_t_nanosecond,10,20,0.428,-9.572,0,0,82016028,0,0,0,ok,
RUN_20260502_S7_L0_IDLE_10_20_S01_R01,S7_L0_IDLE_10_20,SER_20260502_S7_L0_IDLE_10_20_S01,HW_PLC,HW_PLC,12807,12807,12808,,,,119533000,plc_internal_rd_loc_t_nanosecond,10,20,0.605,-9.395,0,0,82028836,0,0,0,ok,
RUN_20260502_S7_L0_IDLE_10_20_S01_R01,S7_L0_IDLE_10_20,SER_20260502_S7_L0_IDLE_10_20_S01,HW_PLC,HW_PLC,12808,12808,12809,,,,119969000,plc_internal_rd_loc_t_nanosecond,10,20,0.436,-9.564,0,0,82041645,0,0,0,ok,
RUN_20260502_S7_L0_IDLE_10_20_S01_R01,S7_L0_IDLE_10_20,SER_20260502_S7_L0_IDLE_10_20_S01,HW_PLC,HW_PLC,12809,12809,12810,,,,120571000,plc_internal_rd_loc_t_nanosecond,10,20,0.602,-9.398,0,0,82054455,0,0,0,ok,
RUN_20260502_S7_L0_IDLE_10_20_S01_R01,S7_L0_IDLE_10_20,SER_20260502_S7_L0_IDLE_10_20_S01,HW_PLC,HW_PLC,12810,12810,12811,,,,120993000,plc_internal_rd_loc_t_nanosecond,10,20,0.422,-9.578,0,0,82067266,0,0,0,ok,
RUN_20260502_S7_L0_IDLE_10_20_S01_R01,S7_L0_IDLE_10_20,SER_20260502_S7_L0_IDLE_10_20_S01,HW_PLC,HW_PLC,12811,12811,12812,,,,121591000,plc_internal_rd_loc_t_nanosecond,10,20,0.598,-9.402,0,0,82080078,0,0,0,ok,
RUN_20260502_S7_L0_IDLE_10_20_S01_R01,S7_L0_IDLE_10_20,SER_20260502_S7_L0_IDLE_10_20_S01,HW_PLC,HW_PLC,12812,12812,12813,,,,122169000,plc_internal_rd_loc_t_nanosecond,10,20,0.578,-9.422,0,0,82092891,0,0,0,ok,
RUN_20260502_S7_L0_IDLE_10_20_S01_R01,S7_L0_IDLE_10_20,SER_20260502_S7_L0_IDLE_10_20_S01,HW_PLC,HW_PLC,12813,12813,12814,,,,122639000,plc_internal_rd_loc_t_nanosecond,10,20,0.47,-9.53,0,0,82105705,0,0,0,ok,
RUN_20260502_S7_L0_IDLE_10_20_S01_R01,S7_L0_IDLE_10_20,SER_20260502_S7_L0_IDLE_10_20_S01,HW_PLC,HW_PLC,12814,12814,12815,,,,123222000,plc_internal_rd_loc_t_nanosecond,10,20,0.583,-9.417,0,0,82118520,0,0,0,ok,
RUN_20260502_S7_L0_IDLE_10_20_S01_R01,S7_L0_IDLE_10_20,SER_20260502_S7_L0_IDLE_10_20_S01,HW_PLC,HW_PLC,12815,12815,12816,,,,123655000,plc_internal_rd_loc_t_nanosecond,10,20,0.433,-9.567,0,0,82131336,0,0,0,ok,
RUN_20260502_S7_L0_IDLE_10_20_S01_R01,S7_L0_IDLE_10_20,SER_20260502_S7_L0_IDLE_10_20_S01,HW_PLC,HW_PLC,12816,12816,12817,,,,124227000,plc_internal_rd_loc_t_nanosecond,10,20,0.572,-9.427999,0,0,82144153,0,0,0,ok,
RUN_20260502_S7_L0_IDLE_10_20_S01_R01,S7_L0_IDLE_10_20,SER_20260502_S7_L0_IDLE_10_20_S01,HW_PLC,HW_PLC,12817,12817,12818,,,,124671000,plc_internal_rd_loc_t_nanosecond,10,20,0.444,-9.556,0,0,82156971,0,0,0,ok,
RUN_20260502_S7_L0_IDLE_10_20_S01_R01,S7_L0_IDLE_10_20,SER_20260502_S7_L0_IDLE_10_20_S01,HW_PLC,HW_PLC,12818,12818,12819,,,,125325000,plc_internal_rd_loc_t_nanosecond,10,20,0.654,-9.346,0,0,82169790,0,0,0,ok,
RUN_20260502_S7_L0_IDLE_10_20_S01_R01,S7_L0_IDLE_10_20,SER_20260502_S7_L0_IDLE_10_20_S01,HW_PLC,HW_PLC,12819,12819,12820,,,,125768000,plc_internal_rd_loc_t_nanosecond,10,20,0.443,-9.557,0,0,82182610,0,0,0,ok,
RUN_20260502_S7_L0_IDLE_10_20_S01_R01,S7_L0_IDLE_10_20,SER_20260502_S7_L0_IDLE_10_20_S01,HW_PLC,HW_PLC,12820,12820,12821,,,,126351000,plc_internal_rd_loc_t_nanosecond,10,20,0.583,-9.417,0,0,82195431,0,0,0,ok,
RUN_20260502_S7_L0_IDLE_10_20_S01_R01,S7_L0_IDLE_10_20,SER_20260502_S7_L0_IDLE_10_20_S01,HW_PLC,HW_PLC,12821,12821,12822,,,,126791000,plc_internal_rd_loc_t_nanosecond,10,20,0.44,-9.56,0,0,82208253,0,0,0,ok,
RUN_20260502_S7_L0_IDLE_10_20_S01_R01,S7_L0_IDLE_10_20,SER_20260502_S7_L0_IDLE_10_20_S01,HW_PLC,HW_PLC,12822,12822,12823,,,,127399000,plc_internal_rd_loc_t_nanosecond,10,20,0.608,-9.392,0,0,82221076,0,0,0,ok,
RUN_20260502_S7_L0_IDLE_10_20_S01_R01,S7_L0_IDLE_10_20,SER_20260502_S7_L0_IDLE_10_20_S01,HW_PLC,HW_PLC,12823,12823,12824,,,,127844000,plc_internal_rd_loc_t_nanosecond,10,20,0.445,-9.555,0,0,82233900,0,0,0,ok,
RUN_20260502_S7_L0_IDLE_10_20_S01_R01,S7_L0_IDLE_10_20,SER_20260502_S7_L0_IDLE_10_20_S01,HW_PLC,HW_PLC,12824,12824,12825,,,,128423000,plc_internal_rd_loc_t_nanosecond,10,20,0.579,-9.421,0,0,82246725,0,0,0,ok,
RUN_20260502_S7_L0_IDLE_10_20_S01_R01,S7_L0_IDLE_10_20,SER_20260502_S7_L0_IDLE_10_20_S01,HW_PLC,HW_PLC,12825,12825,12826,,,,128853000,plc_internal_rd_loc_t_nanosecond,10,20,0.43,-9.57,0,0,82259551,0,0,0,ok,
RUN_20260502_S7_L0_IDLE_10_20_S01_R01,S7_L0_IDLE_10_20,SER_20260502_S7_L0_IDLE_10_20_S01,HW_PLC,HW_PLC,12826,12826,12827,,,,129443000,plc_internal_rd_loc_t_nanosecond,10,20,0.59,-9.41,0,0,82272378,0,0,0,ok,
RUN_20260502_S7_L0_IDLE_10_20_S01_R01,S7_L0_IDLE_10_20,SER_20260502_S7_L0_IDLE_10_20_S01,HW_PLC,HW_PLC,12827,12827,12828,,,,129870000,plc_internal_rd_loc_t_nanosecond,10,20,0.427,-9.573,0,0,82285206,0,0,0,ok,
RUN_20260502_S7_L0_IDLE_10_20_S01_R01,S7_L0_IDLE_10_20,SER_20260502_S7_L0_IDLE_10_20_S01,HW_PLC,HW_PLC,12828,12828,12829,,,,130535000,plc_internal_rd_loc_t_nanosecond,10,20,0.665,-9.335,0,0,82298035,0,0,0,ok,
RUN_20260502_S7_L0_IDLE_10_20_S01_R01,S7_L0_IDLE_10_20,SER_20260502_S7_L0_IDLE_10_20_S01,HW_PLC,HW_PLC,12829,12829,12830,,,,130950000,plc_internal_rd_loc_t_nanosecond,10,20,0.415,-9.585,0,0,82310865,0,0,0,ok,
RUN_20260502_S7_L0_IDLE_10_20_S01_R01,S7_L0_IDLE_10_20,SER_20260502_S7_L0_IDLE_10_20_S01,HW_PLC,HW_PLC,12830,12830,12831,,,,131536000,plc_internal_rd_loc_t_nanosecond,10,20,0.586,-9.414,0,0,82323696,0,0,0,ok,
RUN_20260502_S7_L0_IDLE_10_20_S01_R01,S7_L0_IDLE_10_20,SER_20260502_S7_L0_IDLE_10_20_S01,HW_PLC,HW_PLC,12831,12831,12832,,,,131961000,plc_internal_rd_loc_t_nanosecond,10,20,0.425,-9.575,0,0,82336528,0,0,0,ok,
RUN_20260502_S7_L0_IDLE_10_20_S01_R01,S7_L0_IDLE_10_20,SER_20260502_S7_L0_IDLE_10_20_S01,HW_PLC,HW_PLC,12832,12832,12833,,,,132579000,plc_internal_rd_loc_t_nanosecond,10,20,0.618,-9.382,0,0,82349361,0,0,0,ok,
RUN_20260502_S7_L0_IDLE_10_20_S01_R01,S7_L0_IDLE_10_20,SER_20260502_S7_L0_IDLE_10_20_S01,HW_PLC,HW_PLC,12833,12833,12834,,,,133155000,plc_internal_rd_loc_t_nanosecond,10,20,0.576,-9.424,0,0,82362195,0,0,0,ok,
RUN_20260502_S7_L0_IDLE_10_20_S01_R01,S7_L0_IDLE_10_20,SER_20260502_S7_L0_IDLE_10_20_S01,HW_PLC,HW_PLC,12834,12834,12835,,,,133608000,plc_internal_rd_loc_t_nanosecond,10,20,0.453,-9.547,0,0,82375030,0,0,0,ok,
RUN_20260502_S7_L0_IDLE_10_20_S01_R01,S7_L0_IDLE_10_20,SER_20260502_S7_L0_IDLE_10_20_S01,HW_PLC,HW_PLC,12835,12835,12836,,,,134166000,plc_internal_rd_loc_t_nanosecond,10,20,0.558,-9.442,0,0,82387866,0,0,0,ok,
RUN_20260502_S7_L0_IDLE_10_20_S01_R01,S7_L0_IDLE_10_20,SER_20260502_S7_L0_IDLE_10_20_S01,HW_PLC,HW_PLC,12836,12836,12837,,,,134621000,plc_internal_rd_loc_t_nanosecond,10,20,0.455,-9.545,0,0,82400703,0,0,0,ok,
RUN_20260502_S7_L0_IDLE_10_20_S01_R01,S7_L0_IDLE_10_20,SER_20260502_S7_L0_IDLE_10_20_S01,HW_PLC,HW_PLC,12837,12837,12838,,,,135236000,plc_internal_rd_loc_t_nanosecond,10,20,0.615,-9.385,0,0,82413541,0,0,0,ok,
RUN_20260502_S7_L0_IDLE_10_20_S01_R01,S7_L0_IDLE_10_20,SER_20260502_S7_L0_IDLE_10_20_S01,HW_PLC,HW_PLC,12838,12838,12839,,,,135700000,plc_internal_rd_loc_t_nanosecond,10,20,0.464,-9.536,0,0,82426380,0,0,0,ok,
RUN_20260502_S7_L0_IDLE_10_20_S01_R01,S7_L0_IDLE_10_20,SER_20260502_S7_L0_IDLE_10_20_S01,HW_PLC,HW_PLC,12839,12839,12840,,,,136279000,plc_internal_rd_loc_t_nanosecond,10,20,0.579,-9.421,0,0,82439220,0,0,0,ok,
RUN_20260502_S7_L0_IDLE_10_20_S01_R01,S7_L0_IDLE_10_20,SER_20260502_S7_L0_IDLE_10_20_S01,HW_PLC,HW_PLC,12840,12840,12841,,,,136718000,plc_internal_rd_loc_t_nanosecond,10,20,0.439,-9.561,0,0,82452061,0,0,0,ok,
RUN_20260502_S7_L0_IDLE_10_20_S01_R01,S7_L0_IDLE_10_20,SER_20260502_S7_L0_IDLE_10_20_S01,HW_PLC,HW_PLC,12841,12841,12842,,,,137301000,plc_internal_rd_loc_t_nanosecond,10,20,0.583,-9.417,0,0,82464903,0,0,0,ok,
RUN_20260502_S7_L0_IDLE_10_20_S01_R01,S7_L0_IDLE_10_20,SER_20260502_S7_L0_IDLE_10_20_S01,HW_PLC,HW_PLC,12842,12842,12843,,,,137763000,plc_internal_rd_loc_t_nanosecond,10,20,0.462,-9.538,0,0,82477746,0,0,0,ok,
RUN_20260502_S7_L0_IDLE_10_20_S01_R01,S7_L0_IDLE_10_20,SER_20260502_S7_L0_IDLE_10_20_S01,HW_PLC,HW_PLC,12843,12843,12844,,,,138360000,plc_internal_rd_loc_t_nanosecond,10,20,0.597,-9.403,0,0,82490590,0,0,0,ok,
RUN_20260502_S7_L0_IDLE_10_20_S01_R01,S7_L0_IDLE_10_20,SER_20260502_S7_L0_IDLE_10_20_S01,HW_PLC,HW_PLC,12844,12844,12845,,,,138793000,plc_internal_rd_loc_t_nanosecond,10,20,0.433,-9.567,0,0,82503435,0,0,0,ok,
RUN_20260502_S7_L0_IDLE_10_20_S01_R01,S7_L0_IDLE_10_20,SER_20260502_S7_L0_IDLE_10_20_S01,HW_PLC,HW_PLC,12845,12845,12846,,,,139379000,plc_internal_rd_loc_t_nanosecond,10,20,0.586,-9.414,0,0,82516281,0,0,0,ok,
RUN_20260502_S7_L0_IDLE_10_20_S01_R01,S7_L0_IDLE_10_20,SER_20260502_S7_L0_IDLE_10_20_S01,HW_PLC,HW_PLC,12846,12846,12847,,,,139819000,plc_internal_rd_loc_t_nanosecond,10,20,0.44,-9.56,0,0,82529128,0,0,0,ok,
RUN_20260502_S7_L0_IDLE_10_20_S01_R01,S7_L0_IDLE_10_20,SER_20260502_S7_L0_IDLE_10_20_S01,HW_PLC,HW_PLC,12847,12847,12848,,,,140432000,plc_internal_rd_loc_t_nanosecond,10,20,0.613,-9.387,0,0,82541976,0,0,0,ok,
RUN_20260502_S7_L0_IDLE_10_20_S01_R01,S7_L0_IDLE_10_20,SER_20260502_S7_L0_IDLE_10_20_S01,HW_PLC,HW_PLC,12848,12848,12849,,,,140883000,plc_internal_rd_loc_t_nanosecond,10,20,0.451,-9.549,0,0,82554825,0,0,0,ok,
RUN_20260502_S7_L0_IDLE_10_20_S01_R01,S7_L0_IDLE_10_20,SER_20260502_S7_L0_IDLE_10_20_S01,HW_PLC,HW_PLC,12849,12849,12850,,,,141786000,plc_internal_rd_loc_t_nanosecond,10,20,0.903,-9.097,0,0,82567675,0,0,0,ok,
RUN_20260502_S7_L0_IDLE_10_20_S01_R01,S7_L0_IDLE_10_20,SER_20260502_S7_L0_IDLE_10_20_S01,HW_PLC,HW_PLC,12850,12850,12851,,,,142401000,plc_internal_rd_loc_t_nanosecond,10,20,0.615,-9.385,0,0,82580526,0,0,0,ok,
RUN_20260502_S7_L0_IDLE_10_20_S01_R01,S7_L0_IDLE_10_20,SER_20260502_S7_L0_IDLE_10_20_S01,HW_PLC,HW_PLC,12851,12851,12852,,,,142831000,plc_internal_rd_loc_t_nanosecond,10,20,0.43,-9.57,0,0,82593378,0,0,0,ok,
RUN_20260502_S7_L0_IDLE_10_20_S01_R01,S7_L0_IDLE_10_20,SER_20260502_S7_L0_IDLE_10_20_S01,HW_PLC,HW_PLC,12852,12852,12853,,,,143450000,plc_internal_rd_loc_t_nanosecond,10,20,0.619,-9.381,0,0,82606231,0,0,0,ok,
RUN_20260502_S7_L0_IDLE_10_20_S01_R01,S7_L0_IDLE_10_20,SER_20260502_S7_L0_IDLE_10_20_S01,HW_PLC,HW_PLC,12853,12853,12854,,,,143885000,plc_internal_rd_loc_t_nanosecond,10,20,0.435,-9.565,0,0,82619085,0,0,0,ok,
RUN_20260502_S7_L0_IDLE_10_20_S01_R01,S7_L0_IDLE_10_20,SER_20260502_S7_L0_IDLE_10_20_S01,HW_PLC,HW_PLC,12854,12854,12855,,,,144473000,plc_internal_rd_loc_t_nanosecond,10,20,0.588,-9.412,0,0,82631940,0,0,0,ok,
RUN_20260502_S7_L0_IDLE_10_20_S01_R01,S7_L0_IDLE_10_20,SER_20260502_S7_L0_IDLE_10_20_S01,HW_PLC,HW_PLC,12855,12855,12856,,,,144898000,plc_internal_rd_loc_t_nanosecond,10,20,0.425,-9.575,0,0,82644796,0,0,0,ok,
RUN_20260502_S7_L0_IDLE_10_20_S01_R01,S7_L0_IDLE_10_20,SER_20260502_S7_L0_IDLE_10_20_S01,HW_PLC,HW_PLC,12856,12856,12857,,,,145548000,plc_internal_rd_loc_t_nanosecond,10,20,0.65,-9.35,0,0,82657653,0,0,0,ok,
RUN_20260502_S7_L0_IDLE_10_20_S01_R01,S7_L0_IDLE_10_20,SER_20260502_S7_L0_IDLE_10_20_S01,HW_PLC,HW_PLC,12857,12857,12858,,,,145983000,plc_internal_rd_loc_t_nanosecond,10,20,0.435,-9.565,0,0,82670511,0,0,0,ok,
RUN_20260502_S7_L0_IDLE_10_20_S01_R01,S7_L0_IDLE_10_20,SER_20260502_S7_L0_IDLE_10_20_S01,HW_PLC,HW_PLC,12858,12858,12859,,,,146590000,plc_internal_rd_loc_t_nanosecond,10,20,0.607,-9.393,0,0,82683370,0,0,0,ok,
RUN_20260502_S7_L0_IDLE_10_20_S01_R01,S7_L0_IDLE_10_20,SER_20260502_S7_L0_IDLE_10_20_S01,HW_PLC,HW_PLC,12859,12859,12860,,,,147156000,plc_internal_rd_loc_t_nanosecond,10,20,0.566,-9.434,0,0,82696230,0,0,0,ok,
RUN_20260502_S7_L0_IDLE_10_20_S01_R01,S7_L0_IDLE_10_20,SER_20260502_S7_L0_IDLE_10_20_S01,HW_PLC,HW_PLC,12860,12860,12861,,,,147611000,plc_internal_rd_loc_t_nanosecond,10,20,0.455,-9.545,0,0,82709091,0,0,0,ok,
RUN_20260502_S7_L0_IDLE_10_20_S01_R01,S7_L0_IDLE_10_20,SER_20260502_S7_L0_IDLE_10_20_S01,HW_PLC,HW_PLC,12861,12861,12862,,,,148202000,plc_internal_rd_loc_t_nanosecond,10,20,0.591,-9.409,0,0,82721953,0,0,0,ok,
RUN_20260502_S7_L0_IDLE_10_20_S01_R01,S7_L0_IDLE_10_20,SER_20260502_S7_L0_IDLE_10_20_S01,HW_PLC,HW_PLC,12862,12862,12863,,,,148656000,plc_internal_rd_loc_t_nanosecond,10,20,0.454,-9.546,0,0,82734816,0,0,0,ok,
RUN_20260502_S7_L0_IDLE_10_20_S01_R01,S7_L0_IDLE_10_20,SER_20260502_S7_L0_IDLE_10_20_S01,HW_PLC,HW_PLC,12863,12863,12864,,,,149237000,plc_internal_rd_loc_t_nanosecond,10,20,0.581,-9.419,0,0,82747680,0,0,0,ok,
RUN_20260502_S7_L0_IDLE_10_20_S01_R01,S7_L0_IDLE_10_20,SER_20260502_S7_L0_IDLE_10_20_S01,HW_PLC,HW_PLC,12864,12864,12865,,,,149667000,plc_internal_rd_loc_t_nanosecond,10,20,0.43,-9.57,0,0,82760545,0,0,0,ok,
RUN_20260502_S7_L0_IDLE_10_20_S01_R01,S7_L0_IDLE_10_20,SER_20260502_S7_L0_IDLE_10_20_S01,HW_PLC,HW_PLC,12865,12865,12866,,,,150247000,plc_internal_rd_loc_t_nanosecond,10,20,0.58,-9.42,0,0,82773411,0,0,0,ok,
RUN_20260502_S7_L0_IDLE_10_20_S01_R01,S7_L0_IDLE_10_20,SER_20260502_S7_L0_IDLE_10_20_S01,HW_PLC,HW_PLC,12866,12866,12867,,,,150716000,plc_internal_rd_loc_t_nanosecond,10,20,0.469,-9.531,0,0,82786278,0,0,0,ok,
RUN_20260502_S7_L0_IDLE_10_20_S01_R01,S7_L0_IDLE_10_20,SER_20260502_S7_L0_IDLE_10_20_S01,HW_PLC,HW_PLC,12867,12867,12868,,,,151313000,plc_internal_rd_loc_t_nanosecond,10,20,0.597,-9.403,0,0,82799146,0,0,0,ok,
RUN_20260502_S7_L0_IDLE_10_20_S01_R01,S7_L0_IDLE_10_20,SER_20260502_S7_L0_IDLE_10_20_S01,HW_PLC,HW_PLC,12868,12868,12869,,,,151754000,plc_internal_rd_loc_t_nanosecond,10,20,0.441,-9.559,0,0,82812015,0,0,0,ok,
RUN_20260502_S7_L0_IDLE_10_20_S01_R01,S7_L0_IDLE_10_20,SER_20260502_S7_L0_IDLE_10_20_S01,HW_PLC,HW_PLC,12869,12869,12870,,,,152328000,plc_internal_rd_loc_t_nanosecond,10,20,0.574,-9.426,0,0,82824885,0,0,0,ok,
RUN_20260502_S7_L0_IDLE_10_20_S01_R01,S7_L0_IDLE_10_20,SER_20260502_S7_L0_IDLE_10_20_S01,HW_PLC,HW_PLC,12870,12870,12871,,,,152761000,plc_internal_rd_loc_t_nanosecond,10,20,0.433,-9.567,0,0,82837756,0,0,0,ok,
RUN_20260502_S7_L0_IDLE_10_20_S01_R01,S7_L0_IDLE_10_20,SER_20260502_S7_L0_IDLE_10_20_S01,HW_PLC,HW_PLC,12871,12871,12872,,,,153357000,plc_internal_rd_loc_t_nanosecond,10,20,0.596,-9.404,0,0,82850628,0,0,0,ok,
RUN_20260502_S7_L0_IDLE_10_20_S01_R01,S7_L0_IDLE_10_20,SER_20260502_S7_L0_IDLE_10_20_S01,HW_PLC,HW_PLC,12872,12872,12873,,,,153805000,plc_internal_rd_loc_t_nanosecond,10,20,0.448,-9.552,0,0,82863501,0,0,0,ok,
RUN_20260502_S7_L0_IDLE_10_20_S01_R01,S7_L0_IDLE_10_20,SER_20260502_S7_L0_IDLE_10_20_S01,HW_PLC,HW_PLC,12873,12873,12874,,,,154394000,plc_internal_rd_loc_t_nanosecond,10,20,0.589,-9.411,0,0,82876375,0,0,0,ok,
RUN_20260502_S7_L0_IDLE_10_20_S01_R01,S7_L0_IDLE_10_20,SER_20260502_S7_L0_IDLE_10_20_S01,HW_PLC,HW_PLC,12874,12874,12875,,,,154822000,plc_internal_rd_loc_t_nanosecond,10,20,0.428,-9.572,0,0,82889250,0,0,0,ok,
RUN_20260502_S7_L0_IDLE_10_20_S01_R01,S7_L0_IDLE_10_20,SER_20260502_S7_L0_IDLE_10_20_S01,HW_PLC,HW_PLC,12875,12875,12876,,,,155436000,plc_internal_rd_loc_t_nanosecond,10,20,0.614,-9.386,0,0,82902126,0,0,0,ok,
RUN_20260502_S7_L0_IDLE_10_20_S01_R01,S7_L0_IDLE_10_20,SER_20260502_S7_L0_IDLE_10_20_S01,HW_PLC,HW_PLC,12876,12876,12877,,,,155895000,plc_internal_rd_loc_t_nanosecond,10,20,0.459,-9.541,0,0,82915003,0,0,0,ok,
RUN_20260502_S7_L0_IDLE_10_20_S01_R01,S7_L0_IDLE_10_20,SER_20260502_S7_L0_IDLE_10_20_S01,HW_PLC,HW_PLC,12877,12877,12878,,,,156495000,plc_internal_rd_loc_t_nanosecond,10,20,0.6,-9.4,0,0,82927881,0,0,0,ok,
RUN_20260502_S7_L0_IDLE_10_20_S01_R01,S7_L0_IDLE_10_20,SER_20260502_S7_L0_IDLE_10_20_S01,HW_PLC,HW_PLC,12878,12878,12879,,,,156919000,plc_internal_rd_loc_t_nanosecond,10,20,0.424,-9.576,0,0,82940760,0,0,0,ok,
RUN_20260502_S7_L0_IDLE_10_20_S01_R01,S7_L0_IDLE_10_20,SER_20260502_S7_L0_IDLE_10_20_S01,HW_PLC,HW_PLC,12879,12879,12880,,,,157516000,plc_internal_rd_loc_t_nanosecond,10,20,0.597,-9.403,0,0,82953640,0,0,0,ok,
RUN_20260502_S7_L0_IDLE_10_20_S01_R01,S7_L0_IDLE_10_20,SER_20260502_S7_L0_IDLE_10_20_S01,HW_PLC,HW_PLC,12880,12880,12881,,,,157947000,plc_internal_rd_loc_t_nanosecond,10,20,0.431,-9.569,0,0,82966521,0,0,0,ok,
RUN_20260502_S7_L0_IDLE_10_20_S01_R01,S7_L0_IDLE_10_20,SER_20260502_S7_L0_IDLE_10_20_S01,HW_PLC,HW_PLC,12881,12881,12882,,,,158941000,plc_internal_rd_loc_t_nanosecond,10,20,0.994,-9.006,0,0,82979403,0,0,0,ok,
RUN_20260502_S7_L0_IDLE_10_20_S01_R01,S7_L0_IDLE_10_20,SER_20260502_S7_L0_IDLE_10_20_S01,HW_PLC,HW_PLC,12882,12882,12883,,,,159543000,plc_internal_rd_loc_t_nanosecond,10,20,0.602,-9.398,0,0,82992286,0,0,0,ok,
RUN_20260502_S7_L0_IDLE_10_20_S01_R01,S7_L0_IDLE_10_20,SER_20260502_S7_L0_IDLE_10_20_S01,HW_PLC,HW_PLC,12883,12883,12884,,,,159961000,plc_internal_rd_loc_t_nanosecond,10,20,0.418,-9.582,0,0,83005170,0,0,0,ok,
RUN_20260502_S7_L0_IDLE_10_20_S01_R01,S7_L0_IDLE_10_20,SER_20260502_S7_L0_IDLE_10_20_S01,HW_PLC,HW_PLC,12884,12884,12885,,,,160546000,plc_internal_rd_loc_t_nanosecond,10,20,0.585,-9.415,0,0,83018055,0,0,0,ok,
RUN_20260502_S7_L0_IDLE_10_20_S01_R01,S7_L0_IDLE_10_20,SER_20260502_S7_L0_IDLE_10_20_S01,HW_PLC,HW_PLC,12885,12885,12886,,,,160964000,plc_internal_rd_loc_t_nanosecond,10,20,0.418,-9.582,0,0,83030941,0,0,0,ok,
RUN_20260502_S7_L0_IDLE_10_20_S01_R01,S7_L0_IDLE_10_20,SER_20260502_S7_L0_IDLE_10_20_S01,HW_PLC,HW_PLC,12886,12886,12887,,,,162331000,plc_internal_rd_loc_t_nanosecond,10,20,1.367,-8.633,0,0,83043828,0,0,0,ok,
RUN_20260502_S7_L0_IDLE_10_20_S01_R01,S7_L0_IDLE_10_20,SER_20260502_S7_L0_IDLE_10_20_S01,HW_PLC,HW_PLC,12887,12887,12888,,,,162774000,plc_internal_rd_loc_t_nanosecond,10,20,0.443,-9.557,0,0,83056716,0,0,0,ok,
RUN_20260502_S7_L0_IDLE_10_20_S01_R01,S7_L0_IDLE_10_20,SER_20260502_S7_L0_IDLE_10_20_S01,HW_PLC,HW_PLC,12888,12888,12889,,,,163346000,plc_internal_rd_loc_t_nanosecond,10,20,0.572,-9.427999,0,0,83069605,0,0,0,ok,
RUN_20260502_S7_L0_IDLE_10_20_S01_R01,S7_L0_IDLE_10_20,SER_20260502_S7_L0_IDLE_10_20_S01,HW_PLC,HW_PLC,12889,12889,12890,,,,164474000,plc_internal_rd_loc_t_nanosecond,10,20,1.128,-8.872,0,0,83082495,0,0,0,ok,
RUN_20260502_S7_L0_IDLE_10_20_S01_R01,S7_L0_IDLE_10_20,SER_20260502_S7_L0_IDLE_10_20_S01,HW_PLC,HW_PLC,12890,12890,12891,,,,164946000,plc_internal_rd_loc_t_nanosecond,10,20,0.472,-9.528,0,0,83095386,0,0,0,ok,
RUN_20260502_S7_L0_IDLE_10_20_S01_R01,S7_L0_IDLE_10_20,SER_20260502_S7_L0_IDLE_10_20_S01,HW_PLC,HW_PLC,12891,12891,12892,,,,165574000,plc_internal_rd_loc_t_nanosecond,10,20,0.628,-9.372,0,0,83108278,0,0,0,ok,
RUN_20260502_S7_L0_IDLE_10_20_S01_R01,S7_L0_IDLE_10_20,SER_20260502_S7_L0_IDLE_10_20_S01,HW_PLC,HW_PLC,12892,12892,12893,,,,165978000,plc_internal_rd_loc_t_nanosecond,10,20,0.404,-9.596,0,0,83121171,0,0,0,ok,
RUN_20260502_S7_L0_IDLE_10_20_S01_R01,S7_L0_IDLE_10_20,SER_20260502_S7_L0_IDLE_10_20_S01,HW_PLC,HW_PLC,12893,12893,12894,,,,167351000,plc_internal_rd_loc_t_nanosecond,10,20,1.373,-8.627,0,0,83134065,0,0,0,ok,
RUN_20260502_S7_L0_IDLE_10_20_S01_R01,S7_L0_IDLE_10_20,SER_20260502_S7_L0_IDLE_10_20_S01,HW_PLC,HW_PLC,12894,12894,12895,,,,167792000,plc_internal_rd_loc_t_nanosecond,10,20,0.441,-9.559,0,0,83146960,0,0,0,ok,
RUN_20260502_S7_L0_IDLE_10_20_S01_R01,S7_L0_IDLE_10_20,SER_20260502_S7_L0_IDLE_10_20_S01,HW_PLC,HW_PLC,12895,12895,12896,,,,168359000,plc_internal_rd_loc_t_nanosecond,10,20,0.567,-9.433,0,0,83159856,0,0,0,ok,
RUN_20260502_S7_L0_IDLE_10_20_S01_R01,S7_L0_IDLE_10_20,SER_20260502_S7_L0_IDLE_10_20_S01,HW_PLC,HW_PLC,12896,12896,12897,,,,168779000,plc_internal_rd_loc_t_nanosecond,10,20,0.42,-9.58,0,0,83172753,0,0,0,ok,
RUN_20260502_S7_L0_IDLE_10_20_S01_R01,S7_L0_IDLE_10_20,SER_20260502_S7_L0_IDLE_10_20_S01,HW_PLC,HW_PLC,12897,12897,12898,,,,169913000,plc_internal_rd_loc_t_nanosecond,10,20,1.134,-8.866,0,0,83185651,0,0,0,ok,
RUN_20260502_S7_L0_IDLE_10_20_S01_R01,S7_L0_IDLE_10_20,SER_20260502_S7_L0_IDLE_10_20_S01,HW_PLC,HW_PLC,12898,12898,12899,,,,170521000,plc_internal_rd_loc_t_nanosecond,10,20,0.608,-9.392,0,0,83198550,0,0,0,ok,
RUN_20260502_S7_L0_IDLE_10_20_S01_R01,S7_L0_IDLE_10_20,SER_20260502_S7_L0_IDLE_10_20_S01,HW_PLC,HW_PLC,12899,12899,12900,,,,170929000,plc_internal_rd_loc_t_nanosecond,10,20,0.408,-9.592,0,1,83211450,0,0,0,ok,
RUN_20260502_S7_L0_IDLE_10_20_S01_R01,S7_L0_IDLE_10_20,SER_20260502_S7_L0_IDLE_10_20_S01,HW_PLC,HW_PLC,12900,12900,12901,,,,172257000,plc_internal_rd_loc_t_nanosecond,10,20,1.328,-8.672,0,1,83224351,0,0,0,ok,
RUN_20260502_S7_L0_IDLE_10_20_S01_R01,S7_L0_IDLE_10_20,SER_20260502_S7_L0_IDLE_10_20_S01,HW_PLC,HW_PLC,12901,12901,12902,,,,172741000,plc_internal_rd_loc_t_nanosecond,10,20,0.484,-9.516,0,1,83237253,0,0,0,ok,
RUN_20260502_S7_L0_IDLE_10_20_S01_R01,S7_L0_IDLE_10_20,SER_20260502_S7_L0_IDLE_10_20_S01,HW_PLC,HW_PLC,12902,12902,12903,,,,173314000,plc_internal_rd_loc_t_nanosecond,10,20,0.573,-9.427,0,1,83250156,0,0,0,ok,
RUN_20260502_S7_L0_IDLE_10_20_S01_R01,S7_L0_IDLE_10_20,SER_20260502_S7_L0_IDLE_10_20_S01,HW_PLC,HW_PLC,12903,12903,12904,,,,173744000,plc_internal_rd_loc_t_nanosecond,10,20,0.43,-9.57,0,1,83263060,0,0,0,ok,
RUN_20260502_S7_L0_IDLE_10_20_S01_R01,S7_L0_IDLE_10_20,SER_20260502_S7_L0_IDLE_10_20_S01,HW_PLC,HW_PLC,12904,12904,12905,,,,174903000,plc_internal_rd_loc_t_nanosecond,10,20,1.159,-8.841,0,1,83275965,0,0,0,ok,
RUN_20260502_S7_L0_IDLE_10_20_S01_R01,S7_L0_IDLE_10_20,SER_20260502_S7_L0_IDLE_10_20_S01,HW_PLC,HW_PLC,12905,12905,12906,,,,175578000,plc_internal_rd_loc_t_nanosecond,10,20,0.675,-9.325,0,1,83288871,0,0,0,ok,
RUN_20260502_S7_L0_IDLE_10_20_S01_R01,S7_L0_IDLE_10_20,SER_20260502_S7_L0_IDLE_10_20_S01,HW_PLC,HW_PLC,12906,12906,12907,,,,175995000,plc_internal_rd_loc_t_nanosecond,10,20,0.417,-9.583,0,1,83301778,0,0,0,ok,
RUN_20260502_S7_L0_IDLE_10_20_S01_R01,S7_L0_IDLE_10_20,SER_20260502_S7_L0_IDLE_10_20_S01,HW_PLC,HW_PLC,12907,12907,12908,,,,176581000,plc_internal_rd_loc_t_nanosecond,10,20,0.586,-9.414,0,1,83314686,0,0,0,ok,
RUN_20260502_S7_L0_IDLE_10_20_S01_R01,S7_L0_IDLE_10_20,SER_20260502_S7_L0_IDLE_10_20_S01,HW_PLC,HW_PLC,12908,12908,12909,,,,177762000,plc_internal_rd_loc_t_nanosecond,10,20,1.181,-8.819,0,1,83327595,0,0,0,ok,
RUN_20260502_S7_L0_IDLE_10_20_S01_R01,S7_L0_IDLE_10_20,SER_20260502_S7_L0_IDLE_10_20_S01,HW_PLC,HW_PLC,12909,12909,12910,,,,178355000,plc_internal_rd_loc_t_nanosecond,10,20,0.593,-9.407,0,1,83340505,0,0,0,ok,
RUN_20260502_S7_L0_IDLE_10_20_S01_R01,S7_L0_IDLE_10_20,SER_20260502_S7_L0_IDLE_10_20_S01,HW_PLC,HW_PLC,12910,12910,12911,,,,178781000,plc_internal_rd_loc_t_nanosecond,10,20,0.426,-9.574,0,1,83353416,0,0,0,ok,
RUN_20260502_S7_L0_IDLE_10_20_S01_R01,S7_L0_IDLE_10_20,SER_20260502_S7_L0_IDLE_10_20_S01,HW_PLC,HW_PLC,12911,12911,12912,,,,179972000,plc_internal_rd_loc_t_nanosecond,10,20,1.191,-8.809,0,1,83366328,0,0,0,ok,
RUN_20260502_S7_L0_IDLE_10_20_S01_R01,S7_L0_IDLE_10_20,SER_20260502_S7_L0_IDLE_10_20_S01,HW_PLC,HW_PLC,12912,12912,12913,,,,180649000,plc_internal_rd_loc_t_nanosecond,10,20,0.677,-9.323,0,1,83379241,0,0,0,ok,
RUN_20260502_S7_L0_IDLE_10_20_S01_R01,S7_L0_IDLE_10_20,SER_20260502_S7_L0_IDLE_10_20_S01,HW_PLC,HW_PLC,12913,12913,12914,,,,181246000,plc_internal_rd_loc_t_nanosecond,10,20,0.597,-9.403,0,1,83392155,0,0,0,ok,
RUN_20260502_S7_L0_IDLE_10_20_S01_R01,S7_L0_IDLE_10_20,SER_20260502_S7_L0_IDLE_10_20_S01,HW_PLC,HW_PLC,12914,12914,12915,,,,181678000,plc_internal_rd_loc_t_nanosecond,10,20,0.432,-9.568,0,1,83405070,0,0,0,ok,
RUN_20260502_S7_L0_IDLE_10_20_S01_R01,S7_L0_IDLE_10_20,SER_20260502_S7_L0_IDLE_10_20_S01,HW_PLC,HW_PLC,12915,12915,12916,,,,182838000,plc_internal_rd_loc_t_nanosecond,10,20,1.16,-8.84,0,1,83417986,0,0,0,ok,
RUN_20260502_S7_L0_IDLE_10_20_S01_R01,S7_L0_IDLE_10_20,SER_20260502_S7_L0_IDLE_10_20_S01,HW_PLC,HW_PLC,12916,12916,12917,,,,183477000,plc_internal_rd_loc_t_nanosecond,10,20,0.639,-9.361,0,1,83430903,0,0,0,ok,
RUN_20260502_S7_L0_IDLE_10_20_S01_R01,S7_L0_IDLE_10_20,SER_20260502_S7_L0_IDLE_10_20_S01,HW_PLC,HW_PLC,12917,12917,12918,,,,183886000,plc_internal_rd_loc_t_nanosecond,10,20,0.409,-9.591,0,1,83443821,0,0,0,ok,
RUN_20260502_S7_L0_IDLE_10_20_S01_R01,S7_L0_IDLE_10_20,SER_20260502_S7_L0_IDLE_10_20_S01,HW_PLC,HW_PLC,12918,12918,12919,,,,184445000,plc_internal_rd_loc_t_nanosecond,10,20,0.559,-9.441,0,1,83456740,0,0,0,ok,
RUN_20260502_S7_L0_IDLE_10_20_S01_R01,S7_L0_IDLE_10_20,SER_20260502_S7_L0_IDLE_10_20_S01,HW_PLC,HW_PLC,12919,12919,12920,,,,185684000,plc_internal_rd_loc_t_nanosecond,10,20,1.239,-8.761,0,1,83469660,0,0,0,ok,
RUN_20260502_S7_L0_IDLE_10_20_S01_R01,S7_L0_IDLE_10_20,SER_20260502_S7_L0_IDLE_10_20_S01,HW_PLC,HW_PLC,12920,12920,12921,,,,186275000,plc_internal_rd_loc_t_nanosecond,10,20,0.591,-9.409,0,1,83482581,0,0,0,ok,
RUN_20260502_S7_L0_IDLE_10_20_S01_R01,S7_L0_IDLE_10_20,SER_20260502_S7_L0_IDLE_10_20_S01,HW_PLC,HW_PLC,12921,12921,12922,,,,186705000,plc_internal_rd_loc_t_nanosecond,10,20,0.43,-9.57,0,1,83495503,0,0,0,ok,
RUN_20260502_S7_L0_IDLE_10_20_S01_R01,S7_L0_IDLE_10_20,SER_20260502_S7_L0_IDLE_10_20_S01,HW_PLC,HW_PLC,12922,12922,12923,,,,187412000,plc_internal_rd_loc_t_nanosecond,10,20,0.707,-9.293,0,1,83508426,0,0,0,ok,
RUN_20260502_S7_L0_IDLE_10_20_S01_R01,S7_L0_IDLE_10_20,SER_20260502_S7_L0_IDLE_10_20_S01,HW_PLC,HW_PLC,12923,12923,12924,,,,187879000,plc_internal_rd_loc_t_nanosecond,10,20,0.467,-9.533,0,1,83521350,0,0,0,ok,
RUN_20260502_S7_L0_IDLE_10_20_S01_R01,S7_L0_IDLE_10_20,SER_20260502_S7_L0_IDLE_10_20_S01,HW_PLC,HW_PLC,12924,12924,12925,,,,188472000,plc_internal_rd_loc_t_nanosecond,10,20,0.593,-9.407,0,1,83534275,0,0,0,ok,
RUN_20260502_S7_L0_IDLE_10_20_S01_R01,S7_L0_IDLE_10_20,SER_20260502_S7_L0_IDLE_10_20_S01,HW_PLC,HW_PLC,12925,12925,12926,,,,188884000,plc_internal_rd_loc_t_nanosecond,10,20,0.412,-9.588,0,1,83547201,0,0,0,ok,
RUN_20260502_S7_L0_IDLE_10_20_S01_R01,S7_L0_IDLE_10_20,SER_20260502_S7_L0_IDLE_10_20_S01,HW_PLC,HW_PLC,12926,12926,12927,,,,189467000,plc_internal_rd_loc_t_nanosecond,10,20,0.583,-9.417,0,1,83560128,0,0,0,ok,
RUN_20260502_S7_L0_IDLE_10_20_S01_R01,S7_L0_IDLE_10_20,SER_20260502_S7_L0_IDLE_10_20_S01,HW_PLC,HW_PLC,12927,12927,12928,,,,189924000,plc_internal_rd_loc_t_nanosecond,10,20,0.457,-9.543,0,1,83573056,0,0,0,ok,
RUN_20260502_S7_L0_IDLE_10_20_S01_R01,S7_L0_IDLE_10_20,SER_20260502_S7_L0_IDLE_10_20_S01,HW_PLC,HW_PLC,12928,12928,12929,,,,190533000,plc_internal_rd_loc_t_nanosecond,10,20,0.609,-9.391,0,1,83585985,0,0,0,ok,
RUN_20260502_S7_L0_IDLE_10_20_S01_R01,S7_L0_IDLE_10_20,SER_20260502_S7_L0_IDLE_10_20_S01,HW_PLC,HW_PLC,12929,12929,12930,,,,190962000,plc_internal_rd_loc_t_nanosecond,10,20,0.429,-9.571,0,1,83598915,0,0,0,ok,
RUN_20260502_S7_L0_IDLE_10_20_S01_R01,S7_L0_IDLE_10_20,SER_20260502_S7_L0_IDLE_10_20_S01,HW_PLC,HW_PLC,12930,12930,12931,,,,191551000,plc_internal_rd_loc_t_nanosecond,10,20,0.589,-9.411,0,1,83611846,0,0,0,ok,
RUN_20260502_S7_L0_IDLE_10_20_S01_R01,S7_L0_IDLE_10_20,SER_20260502_S7_L0_IDLE_10_20_S01,HW_PLC,HW_PLC,12931,12931,12932,,,,191969000,plc_internal_rd_loc_t_nanosecond,10,20,0.418,-9.582,0,1,83624778,0,0,0,ok,
RUN_20260502_S7_L0_IDLE_10_20_S01_R01,S7_L0_IDLE_10_20,SER_20260502_S7_L0_IDLE_10_20_S01,HW_PLC,HW_PLC,12932,12932,12933,,,,192589000,plc_internal_rd_loc_t_nanosecond,10,20,0.62,-9.38,0,1,83637711,0,0,0,ok,
RUN_20260502_S7_L0_IDLE_10_20_S01_R01,S7_L0_IDLE_10_20,SER_20260502_S7_L0_IDLE_10_20_S01,HW_PLC,HW_PLC,12933,12933,12934,,,,193167000,plc_internal_rd_loc_t_nanosecond,10,20,0.578,-9.422,0,1,83650645,0,0,0,ok,
RUN_20260502_S7_L0_IDLE_10_20_S01_R01,S7_L0_IDLE_10_20,SER_20260502_S7_L0_IDLE_10_20_S01,HW_PLC,HW_PLC,12934,12934,12935,,,,193621000,plc_internal_rd_loc_t_nanosecond,10,20,0.454,-9.546,0,1,83663580,0,0,0,ok,
RUN_20260502_S7_L0_IDLE_10_20_S01_R01,S7_L0_IDLE_10_20,SER_20260502_S7_L0_IDLE_10_20_S01,HW_PLC,HW_PLC,12935,12935,12936,,,,194195000,plc_internal_rd_loc_t_nanosecond,10,20,0.574,-9.426,0,1,83676516,0,0,0,ok,
RUN_20260502_S7_L0_IDLE_10_20_S01_R01,S7_L0_IDLE_10_20,SER_20260502_S7_L0_IDLE_10_20_S01,HW_PLC,HW_PLC,12936,12936,12937,,,,194642000,plc_internal_rd_loc_t_nanosecond,10,20,0.447,-9.553,0,1,83689453,0,0,0,ok,
RUN_20260502_S7_L0_IDLE_10_20_S01_R01,S7_L0_IDLE_10_20,SER_20260502_S7_L0_IDLE_10_20_S01,HW_PLC,HW_PLC,12937,12937,12938,,,,195274000,plc_internal_rd_loc_t_nanosecond,10,20,0.632,-9.368,0,1,83702391,0,0,0,ok,
RUN_20260502_S7_L0_IDLE_10_20_S01_R01,S7_L0_IDLE_10_20,SER_20260502_S7_L0_IDLE_10_20_S01,HW_PLC,HW_PLC,12938,12938,12939,,,,195724000,plc_internal_rd_loc_t_nanosecond,10,20,0.45,-9.55,0,1,83715330,0,0,0,ok,
RUN_20260502_S7_L0_IDLE_10_20_S01_R01,S7_L0_IDLE_10_20,SER_20260502_S7_L0_IDLE_10_20_S01,HW_PLC,HW_PLC,12939,12939,12940,,,,196309000,plc_internal_rd_loc_t_nanosecond,10,20,0.585,-9.415,0,1,83728270,0,0,0,ok,
RUN_20260502_S7_L0_IDLE_10_20_S01_R01,S7_L0_IDLE_10_20,SER_20260502_S7_L0_IDLE_10_20_S01,HW_PLC,HW_PLC,12940,12940,12941,,,,196742000,plc_internal_rd_loc_t_nanosecond,10,20,0.433,-9.567,0,1,83741211,0,0,0,ok,
RUN_20260502_S7_L0_IDLE_10_20_S01_R01,S7_L0_IDLE_10_20,SER_20260502_S7_L0_IDLE_10_20_S01,HW_PLC,HW_PLC,12941,12941,12942,,,,197317000,plc_internal_rd_loc_t_nanosecond,10,20,0.575,-9.425,0,1,83754153,0,0,0,ok,
RUN_20260502_S7_L0_IDLE_10_20_S01_R01,S7_L0_IDLE_10_20,SER_20260502_S7_L0_IDLE_10_20_S01,HW_PLC,HW_PLC,12942,12942,12943,,,,197780000,plc_internal_rd_loc_t_nanosecond,10,20,0.463,-9.537,0,1,83767096,0,0,0,ok,
RUN_20260502_S7_L0_IDLE_10_20_S01_R01,S7_L0_IDLE_10_20,SER_20260502_S7_L0_IDLE_10_20_S01,HW_PLC,HW_PLC,12943,12943,12944,,,,198369000,plc_internal_rd_loc_t_nanosecond,10,20,0.589,-9.411,0,1,83780040,0,0,0,ok,
RUN_20260502_S7_L0_IDLE_10_20_S01_R01,S7_L0_IDLE_10_20,SER_20260502_S7_L0_IDLE_10_20_S01,HW_PLC,HW_PLC,12944,12944,12945,,,,198800000,plc_internal_rd_loc_t_nanosecond,10,20,0.431,-9.569,0,1,83792985,0,0,0,ok,
RUN_20260502_S7_L0_IDLE_10_20_S01_R01,S7_L0_IDLE_10_20,SER_20260502_S7_L0_IDLE_10_20_S01,HW_PLC,HW_PLC,12945,12945,12946,,,,199374000,plc_internal_rd_loc_t_nanosecond,10,20,0.574,-9.426,0,1,83805931,0,0,0,ok,
RUN_20260502_S7_L0_IDLE_10_20_S01_R01,S7_L0_IDLE_10_20,SER_20260502_S7_L0_IDLE_10_20_S01,HW_PLC,HW_PLC,12946,12946,12947,,,,199805000,plc_internal_rd_loc_t_nanosecond,10,20,0.431,-9.569,0,1,83818878,0,0,0,ok,
RUN_20260502_S7_L0_IDLE_10_20_S01_R01,S7_L0_IDLE_10_20,SER_20260502_S7_L0_IDLE_10_20_S01,HW_PLC,HW_PLC,12947,12947,12948,,,,200404000,plc_internal_rd_loc_t_nanosecond,10,20,0.599,-9.401,0,1,83831826,0,0,0,ok,
RUN_20260502_S7_L0_IDLE_10_20_S01_R01,S7_L0_IDLE_10_20,SER_20260502_S7_L0_IDLE_10_20_S01,HW_PLC,HW_PLC,12948,12948,12949,,,,200838000,plc_internal_rd_loc_t_nanosecond,10,20,0.434,-9.566,0,1,83844775,0,0,0,ok,
RUN_20260502_S7_L0_IDLE_10_20_S01_R01,S7_L0_IDLE_10_20,SER_20260502_S7_L0_IDLE_10_20_S01,HW_PLC,HW_PLC,12949,12949,12950,,,,201428000,plc_internal_rd_loc_t_nanosecond,10,20,0.59,-9.41,0,1,83857725,0,0,0,ok,
RUN_20260502_S7_L0_IDLE_10_20_S01_R01,S7_L0_IDLE_10_20,SER_20260502_S7_L0_IDLE_10_20_S01,HW_PLC,HW_PLC,12950,12950,12951,,,,201848000,plc_internal_rd_loc_t_nanosecond,10,20,0.42,-9.58,0,1,83870676,0,0,0,ok,
RUN_20260502_S7_L0_IDLE_10_20_S01_R01,S7_L0_IDLE_10_20,SER_20260502_S7_L0_IDLE_10_20_S01,HW_PLC,HW_PLC,12951,12951,12952,,,,202437000,plc_internal_rd_loc_t_nanosecond,10,20,0.589,-9.411,0,1,83883628,0,0,0,ok,
RUN_20260502_S7_L0_IDLE_10_20_S01_R01,S7_L0_IDLE_10_20,SER_20260502_S7_L0_IDLE_10_20_S01,HW_PLC,HW_PLC,12952,12952,12953,,,,202889000,plc_internal_rd_loc_t_nanosecond,10,20,0.452,-9.548,0,1,83896581,0,0,0,ok,
RUN_20260502_S7_L0_IDLE_10_20_S01_R01,S7_L0_IDLE_10_20,SER_20260502_S7_L0_IDLE_10_20_S01,HW_PLC,HW_PLC,12953,12953,12954,,,,203495000,plc_internal_rd_loc_t_nanosecond,10,20,0.606,-9.394,0,1,83909535,0,0,0,ok,
RUN_20260502_S7_L0_IDLE_10_20_S01_R01,S7_L0_IDLE_10_20,SER_20260502_S7_L0_IDLE_10_20_S01,HW_PLC,HW_PLC,12954,12954,12955,,,,203926000,plc_internal_rd_loc_t_nanosecond,10,20,0.431,-9.569,0,1,83922490,0,0,0,ok,
RUN_20260502_S7_L0_IDLE_10_20_S01_R01,S7_L0_IDLE_10_20,SER_20260502_S7_L0_IDLE_10_20_S01,HW_PLC,HW_PLC,12955,12955,12956,,,,204535000,plc_internal_rd_loc_t_nanosecond,10,20,0.609,-9.391,0,1,83935446,0,0,0,ok,
RUN_20260502_S7_L0_IDLE_10_20_S01_R01,S7_L0_IDLE_10_20,SER_20260502_S7_L0_IDLE_10_20_S01,HW_PLC,HW_PLC,12956,12956,12957,,,,204962000,plc_internal_rd_loc_t_nanosecond,10,20,0.427,-9.573,0,1,83948403,0,0,0,ok,
RUN_20260502_S7_L0_IDLE_10_20_S01_R01,S7_L0_IDLE_10_20,SER_20260502_S7_L0_IDLE_10_20_S01,HW_PLC,HW_PLC,12957,12957,12958,,,,205609000,plc_internal_rd_loc_t_nanosecond,10,20,0.647,-9.353,0,1,83961361,0,0,0,ok,
RUN_20260502_S7_L0_IDLE_10_20_S01_R01,S7_L0_IDLE_10_20,SER_20260502_S7_L0_IDLE_10_20_S01,HW_PLC,HW_PLC,12958,12958,12959,,,,206196000,plc_internal_rd_loc_t_nanosecond,10,20,0.587,-9.413,0,1,83974320,0,0,0,ok,
RUN_20260502_S7_L0_IDLE_10_20_S01_R01,S7_L0_IDLE_10_20,SER_20260502_S7_L0_IDLE_10_20_S01,HW_PLC,HW_PLC,12959,12959,12960,,,,206632000,plc_internal_rd_loc_t_nanosecond,10,20,0.436,-9.564,0,1,83987280,0,0,0,ok,
RUN_20260502_S7_L0_IDLE_10_20_S01_R01,S7_L0_IDLE_10_20,SER_20260502_S7_L0_IDLE_10_20_S01,HW_PLC,HW_PLC,12960,12960,12961,,,,207197000,plc_internal_rd_loc_t_nanosecond,10,20,0.565,-9.435,0,1,84000241,0,0,0,ok,
RUN_20260502_S7_L0_IDLE_10_20_S01_R01,S7_L0_IDLE_10_20,SER_20260502_S7_L0_IDLE_10_20_S01,HW_PLC,HW_PLC,12961,12961,12962,,,,207647000,plc_internal_rd_loc_t_nanosecond,10,20,0.45,-9.55,0,1,84013203,0,0,0,ok,
RUN_20260502_S7_L0_IDLE_10_20_S01_R01,S7_L0_IDLE_10_20,SER_20260502_S7_L0_IDLE_10_20_S01,HW_PLC,HW_PLC,12962,12962,12963,,,,208243000,plc_internal_rd_loc_t_nanosecond,10,20,0.596,-9.404,0,1,84026166,0,0,0,ok,
RUN_20260502_S7_L0_IDLE_10_20_S01_R01,S7_L0_IDLE_10_20,SER_20260502_S7_L0_IDLE_10_20_S01,HW_PLC,HW_PLC,12963,12963,12964,,,,208692000,plc_internal_rd_loc_t_nanosecond,10,20,0.449,-9.551,0,1,84039130,0,0,0,ok,
RUN_20260502_S7_L0_IDLE_10_20_S01_R01,S7_L0_IDLE_10_20,SER_20260502_S7_L0_IDLE_10_20_S01,HW_PLC,HW_PLC,12964,12964,12965,,,,209553000,plc_internal_rd_loc_t_nanosecond,10,20,0.861,-9.139,0,1,84052095,0,0,0,ok,
RUN_20260502_S7_L0_IDLE_10_20_S01_R01,S7_L0_IDLE_10_20,SER_20260502_S7_L0_IDLE_10_20_S01,HW_PLC,HW_PLC,12965,12965,12966,,,,210178000,plc_internal_rd_loc_t_nanosecond,10,20,0.625,-9.375,0,1,84065061,0,0,0,ok,
RUN_20260502_S7_L0_IDLE_10_20_S01_R01,S7_L0_IDLE_10_20,SER_20260502_S7_L0_IDLE_10_20_S01,HW_PLC,HW_PLC,12966,12966,12967,,,,210664000,plc_internal_rd_loc_t_nanosecond,10,20,0.486,-9.514,0,1,84078028,0,0,0,ok,
RUN_20260502_S7_L0_IDLE_10_20_S01_R01,S7_L0_IDLE_10_20,SER_20260502_S7_L0_IDLE_10_20_S01,HW_PLC,HW_PLC,12967,12967,12968,,,,211307000,plc_internal_rd_loc_t_nanosecond,10,20,0.643,-9.357,0,1,84090996,0,0,0,ok,
RUN_20260502_S7_L0_IDLE_10_20_S01_R01,S7_L0_IDLE_10_20,SER_20260502_S7_L0_IDLE_10_20_S01,HW_PLC,HW_PLC,12968,12968,12969,,,,211753000,plc_internal_rd_loc_t_nanosecond,10,20,0.446,-9.554,0,1,84103965,0,0,0,ok,
RUN_20260502_S7_L0_IDLE_10_20_S01_R01,S7_L0_IDLE_10_20,SER_20260502_S7_L0_IDLE_10_20_S01,HW_PLC,HW_PLC,12969,12969,12970,,,,212344000,plc_internal_rd_loc_t_nanosecond,10,20,0.591,-9.409,0,1,84116935,0,0,0,ok,
RUN_20260502_S7_L0_IDLE_10_20_S01_R01,S7_L0_IDLE_10_20,SER_20260502_S7_L0_IDLE_10_20_S01,HW_PLC,HW_PLC,12970,12970,12971,,,,212783000,plc_internal_rd_loc_t_nanosecond,10,20,0.439,-9.561,0,1,84129906,0,0,0,ok,
RUN_20260502_S7_L0_IDLE_10_20_S01_R01,S7_L0_IDLE_10_20,SER_20260502_S7_L0_IDLE_10_20_S01,HW_PLC,HW_PLC,12971,12971,12972,,,,213396000,plc_internal_rd_loc_t_nanosecond,10,20,0.613,-9.387,0,1,84142878,0,0,0,ok,
RUN_20260502_S7_L0_IDLE_10_20_S01_R01,S7_L0_IDLE_10_20,SER_20260502_S7_L0_IDLE_10_20_S01,HW_PLC,HW_PLC,12972,12972,12973,,,,213840000,plc_internal_rd_loc_t_nanosecond,10,20,0.444,-9.556,0,1,84155851,0,0,0,ok,
RUN_20260502_S7_L0_IDLE_10_20_S01_R01,S7_L0_IDLE_10_20,SER_20260502_S7_L0_IDLE_10_20_S01,HW_PLC,HW_PLC,12973,12973,12974,,,,214421000,plc_internal_rd_loc_t_nanosecond,10,20,0.581,-9.419,0,1,84168825,0,0,0,ok,
RUN_20260502_S7_L0_IDLE_10_20_S01_R01,S7_L0_IDLE_10_20,SER_20260502_S7_L0_IDLE_10_20_S01,HW_PLC,HW_PLC,12974,12974,12975,,,,214859000,plc_internal_rd_loc_t_nanosecond,10,20,0.438,-9.562,0,1,84181800,0,0,0,ok,
RUN_20260502_S7_L0_IDLE_10_20_S01_R01,S7_L0_IDLE_10_20,SER_20260502_S7_L0_IDLE_10_20_S01,HW_PLC,HW_PLC,12975,12975,12976,,,,215470000,plc_internal_rd_loc_t_nanosecond,10,20,0.611,-9.389,0,1,84194776,0,0,0,ok,
RUN_20260502_S7_L0_IDLE_10_20_S01_R01,S7_L0_IDLE_10_20,SER_20260502_S7_L0_IDLE_10_20_S01,HW_PLC,HW_PLC,12976,12976,12977,,,,215927000,plc_internal_rd_loc_t_nanosecond,10,20,0.457,-9.543,0,1,84207753,0,0,0,ok,
RUN_20260502_S7_L0_IDLE_10_20_S01_R01,S7_L0_IDLE_10_20,SER_20260502_S7_L0_IDLE_10_20_S01,HW_PLC,HW_PLC,12977,12977,12978,,,,216539000,plc_internal_rd_loc_t_nanosecond,10,20,0.612,-9.388,0,1,84220731,0,0,0,ok,
RUN_20260502_S7_L0_IDLE_10_20_S01_R01,S7_L0_IDLE_10_20,SER_20260502_S7_L0_IDLE_10_20_S01,HW_PLC,HW_PLC,12978,12978,12979,,,,216966000,plc_internal_rd_loc_t_nanosecond,10,20,0.427,-9.573,0,1,84233710,0,0,0,ok,
RUN_20260502_S7_L0_IDLE_10_20_S01_R01,S7_L0_IDLE_10_20,SER_20260502_S7_L0_IDLE_10_20_S01,HW_PLC,HW_PLC,12979,12979,12980,,,,217562000,plc_internal_rd_loc_t_nanosecond,10,20,0.596,-9.404,0,1,84246690,0,0,0,ok,
RUN_20260502_S7_L0_IDLE_10_20_S01_R01,S7_L0_IDLE_10_20,SER_20260502_S7_L0_IDLE_10_20_S01,HW_PLC,HW_PLC,12980,12980,12981,,,,217987000,plc_internal_rd_loc_t_nanosecond,10,20,0.425,-9.575,0,1,84259671,0,0,0,ok,
RUN_20260502_S7_L0_IDLE_10_20_S01_R01,S7_L0_IDLE_10_20,SER_20260502_S7_L0_IDLE_10_20_S01,HW_PLC,HW_PLC,12981,12981,12982,,,,218617000,plc_internal_rd_loc_t_nanosecond,10,20,0.63,-9.37,0,1,84272653,0,0,0,ok,
RUN_20260502_S7_L0_IDLE_10_20_S01_R01,S7_L0_IDLE_10_20,SER_20260502_S7_L0_IDLE_10_20_S01,HW_PLC,HW_PLC,12982,12982,12983,,,,219196000,plc_internal_rd_loc_t_nanosecond,10,20,0.579,-9.421,0,1,84285636,0,0,0,ok,
RUN_20260502_S7_L0_IDLE_10_20_S01_R01,S7_L0_IDLE_10_20,SER_20260502_S7_L0_IDLE_10_20_S01,HW_PLC,HW_PLC,12983,12983,12984,,,,219651000,plc_internal_rd_loc_t_nanosecond,10,20,0.455,-9.545,0,1,84298620,0,0,0,ok,
RUN_20260502_S7_L0_IDLE_10_20_S01_R01,S7_L0_IDLE_10_20,SER_20260502_S7_L0_IDLE_10_20_S01,HW_PLC,HW_PLC,12984,12984,12985,,,,220222000,plc_internal_rd_loc_t_nanosecond,10,20,0.571,-9.429,0,1,84311605,0,0,0,ok,
RUN_20260502_S7_L0_IDLE_10_20_S01_R01,S7_L0_IDLE_10_20,SER_20260502_S7_L0_IDLE_10_20_S01,HW_PLC,HW_PLC,12985,12985,12986,,,,220658000,plc_internal_rd_loc_t_nanosecond,10,20,0.436,-9.564,0,1,84324591,0,0,0,ok,
RUN_20260502_S7_L0_IDLE_10_20_S01_R01,S7_L0_IDLE_10_20,SER_20260502_S7_L0_IDLE_10_20_S01,HW_PLC,HW_PLC,12986,12986,12987,,,,221261000,plc_internal_rd_loc_t_nanosecond,10,20,0.603,-9.397,0,1,84337578,0,0,0,ok,
RUN_20260502_S7_L0_IDLE_10_20_S01_R01,S7_L0_IDLE_10_20,SER_20260502_S7_L0_IDLE_10_20_S01,HW_PLC,HW_PLC,12987,12987,12988,,,,221713000,plc_internal_rd_loc_t_nanosecond,10,20,0.452,-9.548,0,1,84350566,0,0,0,ok,
RUN_20260502_S7_L0_IDLE_10_20_S01_R01,S7_L0_IDLE_10_20,SER_20260502_S7_L0_IDLE_10_20_S01,HW_PLC,HW_PLC,12988,12988,12989,,,,222286000,plc_internal_rd_loc_t_nanosecond,10,20,0.573,-9.427,0,1,84363555,0,0,0,ok,
RUN_20260502_S7_L0_IDLE_10_20_S01_R01,S7_L0_IDLE_10_20,SER_20260502_S7_L0_IDLE_10_20_S01,HW_PLC,HW_PLC,12989,12989,12990,,,,222717000,plc_internal_rd_loc_t_nanosecond,10,20,0.431,-9.569,0,1,84376545,0,0,0,ok,
RUN_20260502_S7_L0_IDLE_10_20_S01_R01,S7_L0_IDLE_10_20,SER_20260502_S7_L0_IDLE_10_20_S01,HW_PLC,HW_PLC,12990,12990,12991,,,,223288000,plc_internal_rd_loc_t_nanosecond,10,20,0.571,-9.429,0,1,84389536,0,0,0,ok,
RUN_20260502_S7_L0_IDLE_10_20_S01_R01,S7_L0_IDLE_10_20,SER_20260502_S7_L0_IDLE_10_20_S01,HW_PLC,HW_PLC,12991,12991,12992,,,,223757000,plc_internal_rd_loc_t_nanosecond,10,20,0.469,-9.531,0,1,84402528,0,0,0,ok,
RUN_20260502_S7_L0_IDLE_10_20_S01_R01,S7_L0_IDLE_10_20,SER_20260502_S7_L0_IDLE_10_20_S01,HW_PLC,HW_PLC,12992,12992,12993,,,,224346000,plc_internal_rd_loc_t_nanosecond,10,20,0.589,-9.411,0,1,84415521,0,0,0,ok,
RUN_20260502_S7_L0_IDLE_10_20_S01_R01,S7_L0_IDLE_10_20,SER_20260502_S7_L0_IDLE_10_20_S01,HW_PLC,HW_PLC,12993,12993,12994,,,,224784000,plc_internal_rd_loc_t_nanosecond,10,20,0.438,-9.562,0,1,84428515,0,0,0,ok,
RUN_20260502_S7_L0_IDLE_10_20_S01_R01,S7_L0_IDLE_10_20,SER_20260502_S7_L0_IDLE_10_20_S01,HW_PLC,HW_PLC,12994,12994,12995,,,,225403000,plc_internal_rd_loc_t_nanosecond,10,20,0.619,-9.381,0,1,84441510,0,0,0,ok,
RUN_20260502_S7_L0_IDLE_10_20_S01_R01,S7_L0_IDLE_10_20,SER_20260502_S7_L0_IDLE_10_20_S01,HW_PLC,HW_PLC,12995,12995,12996,,,,225842000,plc_internal_rd_loc_t_nanosecond,10,20,0.439,-9.561,0,1,84454506,0,0,0,ok,
RUN_20260502_S7_L0_IDLE_10_20_S01_R01,S7_L0_IDLE_10_20,SER_20260502_S7_L0_IDLE_10_20_S01,HW_PLC,HW_PLC,12996,12996,12997,,,,226450000,plc_internal_rd_loc_t_nanosecond,10,20,0.608,-9.392,0,1,84467503,0,0,0,ok,
RUN_20260502_S7_L0_IDLE_10_20_S01_R01,S7_L0_IDLE_10_20,SER_20260502_S7_L0_IDLE_10_20_S01,HW_PLC,HW_PLC,12997,12997,12998,,,,226888000,plc_internal_rd_loc_t_nanosecond,10,20,0.438,-9.562,0,1,84480501,0,0,0,ok,
RUN_20260502_S7_L0_IDLE_10_20_S01_R01,S7_L0_IDLE_10_20,SER_20260502_S7_L0_IDLE_10_20_S01,HW_PLC,HW_PLC,12998,12998,12999,,,,227476000,plc_internal_rd_loc_t_nanosecond,10,20,0.588,-9.412,0,1,84493500,0,0,0,ok,
RUN_20260502_S7_L0_IDLE_10_20_S01_R01,S7_L0_IDLE_10_20,SER_20260502_S7_L0_IDLE_10_20_S01,HW_PLC,HW_PLC,12999,12999,13000,,,,227909000,plc_internal_rd_loc_t_nanosecond,10,20,0.433,-9.567,0,0,84506500,0,0,0,ok,
RUN_20260502_S7_L0_IDLE_10_20_S01_R01,S7_L0_IDLE_10_20,SER_20260502_S7_L0_IDLE_10_20_S01,HW_PLC,HW_PLC,13000,13000,13001,,,,228498000,plc_internal_rd_loc_t_nanosecond,10,20,0.589,-9.411,0,0,84519501,0,0,0,ok,
RUN_20260502_S7_L0_IDLE_10_20_S01_R01,S7_L0_IDLE_10_20,SER_20260502_S7_L0_IDLE_10_20_S01,HW_PLC,HW_PLC,13001,13001,13002,,,,228957000,plc_internal_rd_loc_t_nanosecond,10,20,0.459,-9.541,0,0,84532503,0,0,0,ok,
RUN_20260502_S7_L0_IDLE_10_20_S01_R01,S7_L0_IDLE_10_20,SER_20260502_S7_L0_IDLE_10_20_S01,HW_PLC,HW_PLC,13002,13002,13003,,,,229561000,plc_internal_rd_loc_t_nanosecond,10,20,0.604,-9.396,0,0,84545506,0,0,0,ok,
RUN_20260502_S7_L0_IDLE_10_20_S01_R01,S7_L0_IDLE_10_20,SER_20260502_S7_L0_IDLE_10_20_S01,HW_PLC,HW_PLC,13003,13003,13004,,,,229990000,plc_internal_rd_loc_t_nanosecond,10,20,0.429,-9.571,0,0,84558510,0,0,0,ok,
RUN_20260502_S7_L0_IDLE_10_20_S01_R01,S7_L0_IDLE_10_20,SER_20260502_S7_L0_IDLE_10_20_S01,HW_PLC,HW_PLC,13004,13004,13005,,,,230604000,plc_internal_rd_loc_t_nanosecond,10,20,0.614,-9.386,0,0,84571515,0,0,0,ok,
RUN_20260502_S7_L0_IDLE_10_20_S01_R01,S7_L0_IDLE_10_20,SER_20260502_S7_L0_IDLE_10_20_S01,HW_PLC,HW_PLC,13005,13005,13006,,,,231167000,plc_internal_rd_loc_t_nanosecond,10,20,0.563,-9.437,0,0,84584521,0,0,0,ok,
RUN_20260502_S7_L0_IDLE_10_20_S01_R01,S7_L0_IDLE_10_20,SER_20260502_S7_L0_IDLE_10_20_S01,HW_PLC,HW_PLC,13006,13006,13007,,,,231638000,plc_internal_rd_loc_t_nanosecond,10,20,0.471,-9.529,0,0,84597528,0,0,0,ok,
RUN_20260502_S7_L0_IDLE_10_20_S01_R01,S7_L0_IDLE_10_20,SER_20260502_S7_L0_IDLE_10_20_S01,HW_PLC,HW_PLC,13007,13007,13008,,,,232233000,plc_internal_rd_loc_t_nanosecond,10,20,0.595,-9.405,0,0,84610536,0,0,0,ok,
RUN_20260502_S7_L0_IDLE_10_20_S01_R01,S7_L0_IDLE_10_20,SER_20260502_S7_L0_IDLE_10_20_S01,HW_PLC,HW_PLC,13008,13008,13009,,,,232679000,plc_internal_rd_loc_t_nanosecond,10,20,0.446,-9.554,0,0,84623545,0,0,0,ok,
RUN_20260502_S7_L0_IDLE_10_20_S01_R01,S7_L0_IDLE_10_20,SER_20260502_S7_L0_IDLE_10_20_S01,HW_PLC,HW_PLC,13009,13009,13010,,,,233264000,plc_internal_rd_loc_t_nanosecond,10,20,0.585,-9.415,0,0,84636555,0,0,0,ok,
RUN_20260502_S7_L0_IDLE_10_20_S01_R01,S7_L0_IDLE_10_20,SER_20260502_S7_L0_IDLE_10_20_S01,HW_PLC,HW_PLC,13010,13010,13011,,,,233695000,plc_internal_rd_loc_t_nanosecond,10,20,0.431,-9.569,0,0,84649566,0,0,0,ok,
RUN_20260502_S7_L0_IDLE_10_20_S01_R01,S7_L0_IDLE_10_20,SER_20260502_S7_L0_IDLE_10_20_S01,HW_PLC,HW_PLC,13011,13011,13012,,,,234312000,plc_internal_rd_loc_t_nanosecond,10,20,0.617,-9.383,0,0,84662578,0,0,0,ok,
RUN_20260502_S7_L0_IDLE_10_20_S01_R01,S7_L0_IDLE_10_20,SER_20260502_S7_L0_IDLE_10_20_S01,HW_PLC,HW_PLC,13012,13012,13013,,,,234759000,plc_internal_rd_loc_t_nanosecond,10,20,0.447,-9.553,0,0,84675591,0,0,0,ok,
RUN_20260502_S7_L0_IDLE_10_20_S01_R01,S7_L0_IDLE_10_20,SER_20260502_S7_L0_IDLE_10_20_S01,HW_PLC,HW_PLC,13013,13013,13014,,,,235371000,plc_internal_rd_loc_t_nanosecond,10,20,0.612,-9.388,0,0,84688605,0,0,0,ok,
RUN_20260502_S7_L0_IDLE_10_20_S01_R01,S7_L0_IDLE_10_20,SER_20260502_S7_L0_IDLE_10_20_S01,HW_PLC,HW_PLC,13014,13014,13015,,,,235810000,plc_internal_rd_loc_t_nanosecond,10,20,0.439,-9.561,0,0,84701620,0,0,0,ok,
RUN_20260502_S7_L0_IDLE_10_20_S01_R01,S7_L0_IDLE_10_20,SER_20260502_S7_L0_IDLE_10_20_S01,HW_PLC,HW_PLC,13015,13015,13016,,,,236392000,plc_internal_rd_loc_t_nanosecond,10,20,0.582,-9.418,0,0,84714636,0,0,0,ok,
RUN_20260502_S7_L0_IDLE_10_20_S01_R01,S7_L0_IDLE_10_20,SER_20260502_S7_L0_IDLE_10_20_S01,HW_PLC,HW_PLC,13016,13016,13017,,,,236858000,plc_internal_rd_loc_t_nanosecond,10,20,0.466,-9.534,0,0,84727653,0,0,0,ok,
RUN_20260502_S7_L0_IDLE_10_20_S01_R01,S7_L0_IDLE_10_20,SER_20260502_S7_L0_IDLE_10_20_S01,HW_PLC,HW_PLC,13017,13017,13018,,,,237443000,plc_internal_rd_loc_t_nanosecond,10,20,0.585,-9.415,0,0,84740671,0,0,0,ok,
RUN_20260502_S7_L0_IDLE_10_20_S01_R01,S7_L0_IDLE_10_20,SER_20260502_S7_L0_IDLE_10_20_S01,HW_PLC,HW_PLC,13018,13018,13019,,,,237867000,plc_internal_rd_loc_t_nanosecond,10,20,0.424,-9.576,0,0,84753690,0,0,0,ok,
RUN_20260502_S7_L0_IDLE_10_20_S01_R01,S7_L0_IDLE_10_20,SER_20260502_S7_L0_IDLE_10_20_S01,HW_PLC,HW_PLC,13019,13019,13020,,,,238449000,plc_internal_rd_loc_t_nanosecond,10,20,0.582,-9.418,0,0,84766710,0,0,0,ok,
RUN_20260502_S7_L0_IDLE_10_20_S01_R01,S7_L0_IDLE_10_20,SER_20260502_S7_L0_IDLE_10_20_S01,HW_PLC,HW_PLC,13020,13020,13021,,,,238866000,plc_internal_rd_loc_t_nanosecond,10,20,0.417,-9.583,0,0,84779731,0,0,0,ok,
RUN_20260502_S7_L0_IDLE_10_20_S01_R01,S7_L0_IDLE_10_20,SER_20260502_S7_L0_IDLE_10_20_S01,HW_PLC,HW_PLC,13021,13021,13022,,,,239492000,plc_internal_rd_loc_t_nanosecond,10,20,0.626,-9.374,0,0,84792753,0,0,0,ok,
RUN_20260502_S7_L0_IDLE_10_20_S01_R01,S7_L0_IDLE_10_20,SER_20260502_S7_L0_IDLE_10_20_S01,HW_PLC,HW_PLC,13022,13022,13023,,,,239916000,plc_internal_rd_loc_t_nanosecond,10,20,0.424,-9.576,0,0,84805776,0,0,0,ok,
RUN_20260502_S7_L0_IDLE_10_20_S01_R01,S7_L0_IDLE_10_20,SER_20260502_S7_L0_IDLE_10_20_S01,HW_PLC,HW_PLC,13023,13023,13024,,,,240507000,plc_internal_rd_loc_t_nanosecond,10,20,0.591,-9.409,0,0,84818800,0,0,0,ok,
RUN_20260502_S7_L0_IDLE_10_20_S01_R01,S7_L0_IDLE_10_20,SER_20260502_S7_L0_IDLE_10_20_S01,HW_PLC,HW_PLC,13024,13024,13025,,,,240931000,plc_internal_rd_loc_t_nanosecond,10,20,0.424,-9.576,0,0,84831825,0,0,0,ok,
RUN_20260502_S7_L0_IDLE_10_20_S01_R01,S7_L0_IDLE_10_20,SER_20260502_S7_L0_IDLE_10_20_S01,HW_PLC,HW_PLC,13025,13025,13026,,,,241870000,plc_internal_rd_loc_t_nanosecond,10,20,0.939,-9.061,0,0,84844851,0,0,0,ok,
RUN_20260502_S7_L0_IDLE_10_20_S01_R01,S7_L0_IDLE_10_20,SER_20260502_S7_L0_IDLE_10_20_S01,HW_PLC,HW_PLC,13026,13026,13027,,,,242482000,plc_internal_rd_loc_t_nanosecond,10,20,0.612,-9.388,0,0,84857878,0,0,0,ok,
RUN_20260502_S7_L0_IDLE_10_20_S01_R01,S7_L0_IDLE_10_20,SER_20260502_S7_L0_IDLE_10_20_S01,HW_PLC,HW_PLC,13027,13027,13028,,,,242911000,plc_internal_rd_loc_t_nanosecond,10,20,0.429,-9.571,0,0,84870906,0,0,0,ok,
RUN_20260502_S7_L0_IDLE_10_20_S01_R01,S7_L0_IDLE_10_20,SER_20260502_S7_L0_IDLE_10_20_S01,HW_PLC,HW_PLC,13028,13028,13029,,,,243505000,plc_internal_rd_loc_t_nanosecond,10,20,0.594,-9.406,0,0,84883935,0,0,0,ok,
RUN_20260502_S7_L0_IDLE_10_20_S01_R01,S7_L0_IDLE_10_20,SER_20260502_S7_L0_IDLE_10_20_S01,HW_PLC,HW_PLC,13029,13029,13030,,,,243926000,plc_internal_rd_loc_t_nanosecond,10,20,0.421,-9.579,0,0,84896965,0,0,0,ok,
RUN_20260502_S7_L0_IDLE_10_20_S01_R01,S7_L0_IDLE_10_20,SER_20260502_S7_L0_IDLE_10_20_S01,HW_PLC,HW_PLC,13030,13030,13031,,,,244548000,plc_internal_rd_loc_t_nanosecond,10,20,0.622,-9.378,0,0,84909996,0,0,0,ok,
RUN_20260502_S7_L0_IDLE_10_20_S01_R01,S7_L0_IDLE_10_20,SER_20260502_S7_L0_IDLE_10_20_S01,HW_PLC,HW_PLC,13031,13031,13032,,,,244982000,plc_internal_rd_loc_t_nanosecond,10,20,0.434,-9.566,0,0,84923028,0,0,0,ok,
RUN_20260502_S7_L0_IDLE_10_20_S01_R01,S7_L0_IDLE_10_20,SER_20260502_S7_L0_IDLE_10_20_S01,HW_PLC,HW_PLC,13032,13032,13033,,,,245618000,plc_internal_rd_loc_t_nanosecond,10,20,0.636,-9.364,0,0,84936061,0,0,0,ok,
RUN_20260502_S7_L0_IDLE_10_20_S01_R01,S7_L0_IDLE_10_20,SER_20260502_S7_L0_IDLE_10_20_S01,HW_PLC,HW_PLC,13033,13033,13034,,,,246191000,plc_internal_rd_loc_t_nanosecond,10,20,0.573,-9.427,0,0,84949095,0,0,0,ok,
RUN_20260502_S7_L0_IDLE_10_20_S01_R01,S7_L0_IDLE_10_20,SER_20260502_S7_L0_IDLE_10_20_S01,HW_PLC,HW_PLC,13034,13034,13035,,,,246634000,plc_internal_rd_loc_t_nanosecond,10,20,0.443,-9.557,0,0,84962130,0,0,0,ok,
RUN_20260502_S7_L0_IDLE_10_20_S01_R01,S7_L0_IDLE_10_20,SER_20260502_S7_L0_IDLE_10_20_S01,HW_PLC,HW_PLC,13035,13035,13036,,,,247233000,plc_internal_rd_loc_t_nanosecond,10,20,0.599,-9.401,0,0,84975166,0,0,0,ok,
RUN_20260502_S7_L0_IDLE_10_20_S01_R01,S7_L0_IDLE_10_20,SER_20260502_S7_L0_IDLE_10_20_S01,HW_PLC,HW_PLC,13036,13036,13037,,,,247681000,plc_internal_rd_loc_t_nanosecond,10,20,0.448,-9.552,0,0,84988203,0,0,0,ok,
RUN_20260502_S7_L0_IDLE_10_20_S01_R01,S7_L0_IDLE_10_20,SER_20260502_S7_L0_IDLE_10_20_S01,HW_PLC,HW_PLC,13037,13037,13038,,,,248265000,plc_internal_rd_loc_t_nanosecond,10,20,0.584,-9.416,0,0,85001241,0,0,0,ok,
RUN_20260502_S7_L0_IDLE_10_20_S01_R01,S7_L0_IDLE_10_20,SER_20260502_S7_L0_IDLE_10_20_S01,HW_PLC,HW_PLC,13038,13038,13039,,,,248708000,plc_internal_rd_loc_t_nanosecond,10,20,0.443,-9.557,0,0,85014280,0,0,0,ok,
RUN_20260502_S7_L0_IDLE_10_20_S01_R01,S7_L0_IDLE_10_20,SER_20260502_S7_L0_IDLE_10_20_S01,HW_PLC,HW_PLC,13039,13039,13040,,,,249284000,plc_internal_rd_loc_t_nanosecond,10,20,0.576,-9.424,0,0,85027320,0,0,0,ok,
RUN_20260502_S7_L0_IDLE_10_20_S01_R01,S7_L0_IDLE_10_20,SER_20260502_S7_L0_IDLE_10_20_S01,HW_PLC,HW_PLC,13040,13040,13041,,,,249756000,plc_internal_rd_loc_t_nanosecond,10,20,0.472,-9.528,0,0,85040361,0,0,0,ok,
RUN_20260502_S7_L0_IDLE_10_20_S01_R01,S7_L0_IDLE_10_20,SER_20260502_S7_L0_IDLE_10_20_S01,HW_PLC,HW_PLC,13041,13041,13042,,,,250341000,plc_internal_rd_loc_t_nanosecond,10,20,0.585,-9.415,0,0,85053403,0,0,0,ok,
RUN_20260502_S7_L0_IDLE_10_20_S01_R01,S7_L0_IDLE_10_20,SER_20260502_S7_L0_IDLE_10_20_S01,HW_PLC,HW_PLC,13042,13042,13043,,,,250778000,plc_internal_rd_loc_t_nanosecond,10,20,0.437,-9.563,0,0,85066446,0,0,0,ok,
RUN_20260502_S7_L0_IDLE_10_20_S01_R01,S7_L0_IDLE_10_20,SER_20260502_S7_L0_IDLE_10_20_S01,HW_PLC,HW_PLC,13043,13043,13044,,,,251358000,plc_internal_rd_loc_t_nanosecond,10,20,0.58,-9.42,0,0,85079490,0,0,0,ok,
RUN_20260502_S7_L0_IDLE_10_20_S01_R01,S7_L0_IDLE_10_20,SER_20260502_S7_L0_IDLE_10_20_S01,HW_PLC,HW_PLC,13044,13044,13045,,,,251790000,plc_internal_rd_loc_t_nanosecond,10,20,0.432,-9.568,0,0,85092535,0,0,0,ok,
RUN_20260502_S7_L0_IDLE_10_20_S01_R01,S7_L0_IDLE_10_20,SER_20260502_S7_L0_IDLE_10_20_S01,HW_PLC,HW_PLC,13045,13045,13046,,,,252412000,plc_internal_rd_loc_t_nanosecond,10,20,0.622,-9.378,0,0,85105581,0,0,0,ok,
RUN_20260502_S7_L0_IDLE_10_20_S01_R01,S7_L0_IDLE_10_20,SER_20260502_S7_L0_IDLE_10_20_S01,HW_PLC,HW_PLC,13046,13046,13047,,,,252853000,plc_internal_rd_loc_t_nanosecond,10,20,0.441,-9.559,0,0,85118628,0,0,0,ok,
RUN_20260502_S7_L0_IDLE_10_20_S01_R01,S7_L0_IDLE_10_20,SER_20260502_S7_L0_IDLE_10_20_S01,HW_PLC,HW_PLC,13047,13047,13048,,,,253447000,plc_internal_rd_loc_t_nanosecond,10,20,0.594,-9.406,0,0,85131676,0,0,0,ok,
RUN_20260502_S7_L0_IDLE_10_20_S01_R01,S7_L0_IDLE_10_20,SER_20260502_S7_L0_IDLE_10_20_S01,HW_PLC,HW_PLC,13048,13048,13049,,,,253874000,plc_internal_rd_loc_t_nanosecond,10,20,0.427,-9.573,0,0,85144725,0,0,0,ok,
RUN_20260502_S7_L0_IDLE_10_20_S01_R01,S7_L0_IDLE_10_20,SER_20260502_S7_L0_IDLE_10_20_S01,HW_PLC,HW_PLC,13049,13049,13050,,,,254451000,plc_internal_rd_loc_t_nanosecond,10,20,0.577,-9.423,0,0,85157775,0,0,0,ok,
RUN_20260502_S7_L0_IDLE_10_20_S01_R01,S7_L0_IDLE_10_20,SER_20260502_S7_L0_IDLE_10_20_S01,HW_PLC,HW_PLC,13050,13050,13051,,,,254907000,plc_internal_rd_loc_t_nanosecond,10,20,0.456,-9.544,0,0,85170826,0,0,0,ok,
RUN_20260502_S7_L0_IDLE_10_20_S01_R01,S7_L0_IDLE_10_20,SER_20260502_S7_L0_IDLE_10_20_S01,HW_PLC,HW_PLC,13051,13051,13052,,,,255543000,plc_internal_rd_loc_t_nanosecond,10,20,0.636,-9.364,0,0,85183878,0,0,0,ok,
RUN_20260502_S7_L0_IDLE_10_20_S01_R01,S7_L0_IDLE_10_20,SER_20260502_S7_L0_IDLE_10_20_S01,HW_PLC,HW_PLC,13052,13052,13053,,,,255971000,plc_internal_rd_loc_t_nanosecond,10,20,0.428,-9.572,0,0,85196931,0,0,0,ok,
RUN_20260502_S7_L0_IDLE_10_20_S01_R01,S7_L0_IDLE_10_20,SER_20260502_S7_L0_IDLE_10_20_S01,HW_PLC,HW_PLC,13053,13053,13054,,,,256564000,plc_internal_rd_loc_t_nanosecond,10,20,0.593,-9.407,0,0,85209985,0,0,0,ok,
RUN_20260502_S7_L0_IDLE_10_20_S01_R01,S7_L0_IDLE_10_20,SER_20260502_S7_L0_IDLE_10_20_S01,HW_PLC,HW_PLC,13054,13054,13055,,,,256982000,plc_internal_rd_loc_t_nanosecond,10,20,0.418,-9.582,0,0,85223040,0,0,0,ok,
RUN_20260502_S7_L0_IDLE_10_20_S01_R01,S7_L0_IDLE_10_20,SER_20260502_S7_L0_IDLE_10_20_S01,HW_PLC,HW_PLC,13055,13055,13056,,,,257608000,plc_internal_rd_loc_t_nanosecond,10,20,0.626,-9.374,0,0,85236096,0,0,0,ok,
RUN_20260502_S7_L0_IDLE_10_20_S01_R01,S7_L0_IDLE_10_20,SER_20260502_S7_L0_IDLE_10_20_S01,HW_PLC,HW_PLC,13056,13056,13057,,,,258175000,plc_internal_rd_loc_t_nanosecond,10,20,0.567,-9.433,0,0,85249153,0,0,0,ok,
RUN_20260502_S7_L0_IDLE_10_20_S01_R01,S7_L0_IDLE_10_20,SER_20260502_S7_L0_IDLE_10_20_S01,HW_PLC,HW_PLC,13057,13057,13058,,,,258631000,plc_internal_rd_loc_t_nanosecond,10,20,0.456,-9.544,0,0,85262211,0,0,0,ok,
RUN_20260502_S7_L0_IDLE_10_20_S01_R01,S7_L0_IDLE_10_20,SER_20260502_S7_L0_IDLE_10_20_S01,HW_PLC,HW_PLC,13058,13058,13059,,,,259217000,plc_internal_rd_loc_t_nanosecond,10,20,0.586,-9.414,0,0,85275270,0,0,0,ok,
RUN_20260502_S7_L0_IDLE_10_20_S01_R01,S7_L0_IDLE_10_20,SER_20260502_S7_L0_IDLE_10_20_S01,HW_PLC,HW_PLC,13059,13059,13060,,,,259660000,plc_internal_rd_loc_t_nanosecond,10,20,0.443,-9.557,0,0,85288330,0,0,0,ok,
RUN_20260502_S7_L0_IDLE_10_20_S01_R01,S7_L0_IDLE_10_20,SER_20260502_S7_L0_IDLE_10_20_S01,HW_PLC,HW_PLC,13060,13060,13061,,,,260280000,plc_internal_rd_loc_t_nanosecond,10,20,0.62,-9.38,0,0,85301391,0,0,0,ok,
RUN_20260502_S7_L0_IDLE_10_20_S01_R01,S7_L0_IDLE_10_20,SER_20260502_S7_L0_IDLE_10_20_S01,HW_PLC,HW_PLC,13061,13061,13062,,,,260721000,plc_internal_rd_loc_t_nanosecond,10,20,0.441,-9.559,0,0,85314453,0,0,0,ok,
RUN_20260502_S7_L0_IDLE_10_20_S01_R01,S7_L0_IDLE_10_20,SER_20260502_S7_L0_IDLE_10_20_S01,HW_PLC,HW_PLC,13062,13062,13063,,,,261299000,plc_internal_rd_loc_t_nanosecond,10,20,0.578,-9.422,0,0,85327516,0,0,0,ok,
RUN_20260502_S7_L0_IDLE_10_20_S01_R01,S7_L0_IDLE_10_20,SER_20260502_S7_L0_IDLE_10_20_S01,HW_PLC,HW_PLC,13063,13063,13064,,,,261729000,plc_internal_rd_loc_t_nanosecond,10,20,0.43,-9.57,0,0,85340580,0,0,0,ok,
RUN_20260502_S7_L0_IDLE_10_20_S01_R01,S7_L0_IDLE_10_20,SER_20260502_S7_L0_IDLE_10_20_S01,HW_PLC,HW_PLC,13064,13064,13065,,,,262301000,plc_internal_rd_loc_t_nanosecond,10,20,0.572,-9.427999,0,0,85353645,0,0,0,ok,
RUN_20260502_S7_L0_IDLE_10_20_S01_R01,S7_L0_IDLE_10_20,SER_20260502_S7_L0_IDLE_10_20_S01,HW_PLC,HW_PLC,13065,13065,13066,,,,262772000,plc_internal_rd_loc_t_nanosecond,10,20,0.471,-9.529,0,0,85366711,0,0,0,ok,
RUN_20260502_S7_L0_IDLE_10_20_S01_R01,S7_L0_IDLE_10_20,SER_20260502_S7_L0_IDLE_10_20_S01,HW_PLC,HW_PLC,13066,13066,13067,,,,263357000,plc_internal_rd_loc_t_nanosecond,10,20,0.585,-9.415,0,0,85379778,0,0,0,ok,
RUN_20260502_S7_L0_IDLE_10_20_S01_R01,S7_L0_IDLE_10_20,SER_20260502_S7_L0_IDLE_10_20_S01,HW_PLC,HW_PLC,13067,13067,13068,,,,263791000,plc_internal_rd_loc_t_nanosecond,10,20,0.434,-9.566,0,0,85392846,0,0,0,ok,
RUN_20260502_S7_L0_IDLE_10_20_S01_R01,S7_L0_IDLE_10_20,SER_20260502_S7_L0_IDLE_10_20_S01,HW_PLC,HW_PLC,13068,13068,13069,,,,264381000,plc_internal_rd_loc_t_nanosecond,10,20,0.59,-9.41,0,0,85405915,0,0,0,ok,
RUN_20260502_S7_L0_IDLE_10_20_S01_R01,S7_L0_IDLE_10_20,SER_20260502_S7_L0_IDLE_10_20_S01,HW_PLC,HW_PLC,13069,13069,13070,,,,264806000,plc_internal_rd_loc_t_nanosecond,10,20,0.425,-9.575,0,0,85418985,0,0,0,ok,
RUN_20260502_S7_L0_IDLE_10_20_S01_R01,S7_L0_IDLE_10_20,SER_20260502_S7_L0_IDLE_10_20_S01,HW_PLC,HW_PLC,13070,13070,13071,,,,265459000,plc_internal_rd_loc_t_nanosecond,10,20,0.653,-9.347,0,0,85432056,0,0,0,ok,
RUN_20260502_S7_L0_IDLE_10_20_S01_R01,S7_L0_IDLE_10_20,SER_20260502_S7_L0_IDLE_10_20_S01,HW_PLC,HW_PLC,13071,13071,13072,,,,265892000,plc_internal_rd_loc_t_nanosecond,10,20,0.433,-9.567,0,0,85445128,0,0,0,ok,
RUN_20260502_S7_L0_IDLE_10_20_S01_R01,S7_L0_IDLE_10_20,SER_20260502_S7_L0_IDLE_10_20_S01,HW_PLC,HW_PLC,13072,13072,13073,,,,266484000,plc_internal_rd_loc_t_nanosecond,10,20,0.592,-9.408,0,0,85458201,0,0,0,ok,
RUN_20260502_S7_L0_IDLE_10_20_S01_R01,S7_L0_IDLE_10_20,SER_20260502_S7_L0_IDLE_10_20_S01,HW_PLC,HW_PLC,13073,13073,13074,,,,266908000,plc_internal_rd_loc_t_nanosecond,10,20,0.424,-9.576,0,0,85471275,0,0,0,ok,
RUN_20260502_S7_L0_IDLE_10_20_S01_R01,S7_L0_IDLE_10_20,SER_20260502_S7_L0_IDLE_10_20_S01,HW_PLC,HW_PLC,13074,13074,13075,,,,267493000,plc_internal_rd_loc_t_nanosecond,10,20,0.585,-9.415,0,0,85484350,0,0,0,ok,
RUN_20260502_S7_L0_IDLE_10_20_S01_R01,S7_L0_IDLE_10_20,SER_20260502_S7_L0_IDLE_10_20_S01,HW_PLC,HW_PLC,13075,13075,13076,,,,267948000,plc_internal_rd_loc_t_nanosecond,10,20,0.455,-9.545,0,0,85497426,0,0,0,ok,
RUN_20260502_S7_L0_IDLE_10_20_S01_R01,S7_L0_IDLE_10_20,SER_20260502_S7_L0_IDLE_10_20_S01,HW_PLC,HW_PLC,13076,13076,13077,,,,268543000,plc_internal_rd_loc_t_nanosecond,10,20,0.595,-9.405,0,0,85510503,0,0,0,ok,
RUN_20260502_S7_L0_IDLE_10_20_S01_R01,S7_L0_IDLE_10_20,SER_20260502_S7_L0_IDLE_10_20_S01,HW_PLC,HW_PLC,13077,13077,13078,,,,268960000,plc_internal_rd_loc_t_nanosecond,10,20,0.417,-9.583,0,0,85523581,0,0,0,ok,
RUN_20260502_S7_L0_IDLE_10_20_S01_R01,S7_L0_IDLE_10_20,SER_20260502_S7_L0_IDLE_10_20_S01,HW_PLC,HW_PLC,13078,13078,13079,,,,269552000,plc_internal_rd_loc_t_nanosecond,10,20,0.592,-9.408,0,0,85536660,0,0,0,ok,
RUN_20260502_S7_L0_IDLE_10_20_S01_R01,S7_L0_IDLE_10_20,SER_20260502_S7_L0_IDLE_10_20_S01,HW_PLC,HW_PLC,13079,13079,13080,,,,269970000,plc_internal_rd_loc_t_nanosecond,10,20,0.418,-9.582,0,0,85549740,0,0,0,ok,
RUN_20260502_S7_L0_IDLE_10_20_S01_R01,S7_L0_IDLE_10_20,SER_20260502_S7_L0_IDLE_10_20_S01,HW_PLC,HW_PLC,13080,13080,13081,,,,270593000,plc_internal_rd_loc_t_nanosecond,10,20,0.623,-9.377,0,0,85562821,0,0,0,ok,
RUN_20260502_S7_L0_IDLE_10_20_S01_R01,S7_L0_IDLE_10_20,SER_20260502_S7_L0_IDLE_10_20_S01,HW_PLC,HW_PLC,13081,13081,13082,,,,271159000,plc_internal_rd_loc_t_nanosecond,10,20,0.566,-9.434,0,0,85575903,0,0,0,ok,
RUN_20260502_S7_L0_IDLE_10_20_S01_R01,S7_L0_IDLE_10_20,SER_20260502_S7_L0_IDLE_10_20_S01,HW_PLC,HW_PLC,13082,13082,13083,,,,271604000,plc_internal_rd_loc_t_nanosecond,10,20,0.445,-9.555,0,0,85588986,0,0,0,ok,
RUN_20260502_S7_L0_IDLE_10_20_S01_R01,S7_L0_IDLE_10_20,SER_20260502_S7_L0_IDLE_10_20_S01,HW_PLC,HW_PLC,13083,13083,13084,,,,272170000,plc_internal_rd_loc_t_nanosecond,10,20,0.566,-9.434,0,0,85602070,0,0,0,ok,
RUN_20260502_S7_L0_IDLE_10_20_S01_R01,S7_L0_IDLE_10_20,SER_20260502_S7_L0_IDLE_10_20_S01,HW_PLC,HW_PLC,13084,13084,13085,,,,272615000,plc_internal_rd_loc_t_nanosecond,10,20,0.445,-9.555,0,0,85615155,0,0,0,ok,
RUN_20260502_S7_L0_IDLE_10_20_S01_R01,S7_L0_IDLE_10_20,SER_20260502_S7_L0_IDLE_10_20_S01,HW_PLC,HW_PLC,13085,13085,13086,,,,273226000,plc_internal_rd_loc_t_nanosecond,10,20,0.611,-9.389,0,0,85628241,0,0,0,ok,
RUN_20260502_S7_L0_IDLE_10_20_S01_R01,S7_L0_IDLE_10_20,SER_20260502_S7_L0_IDLE_10_20_S01,HW_PLC,HW_PLC,13086,13086,13087,,,,273670000,plc_internal_rd_loc_t_nanosecond,10,20,0.444,-9.556,0,0,85641328,0,0,0,ok,
RUN_20260502_S7_L0_IDLE_10_20_S01_R01,S7_L0_IDLE_10_20,SER_20260502_S7_L0_IDLE_10_20_S01,HW_PLC,HW_PLC,13087,13087,13088,,,,274236000,plc_internal_rd_loc_t_nanosecond,10,20,0.566,-9.434,0,0,85654416,0,0,0,ok,
RUN_20260502_S7_L0_IDLE_10_20_S01_R01,S7_L0_IDLE_10_20,SER_20260502_S7_L0_IDLE_10_20_S01,HW_PLC,HW_PLC,13088,13088,13089,,,,274677000,plc_internal_rd_loc_t_nanosecond,10,20,0.441,-9.559,0,0,85667505,0,0,0,ok,
RUN_20260502_S7_L0_IDLE_10_20_S01_R01,S7_L0_IDLE_10_20,SER_20260502_S7_L0_IDLE_10_20_S01,HW_PLC,HW_PLC,13089,13089,13090,,,,275285000,plc_internal_rd_loc_t_nanosecond,10,20,0.608,-9.392,0,0,85680595,0,0,0,ok,
RUN_20260502_S7_L0_IDLE_10_20_S01_R01,S7_L0_IDLE_10_20,SER_20260502_S7_L0_IDLE_10_20_S01,HW_PLC,HW_PLC,13090,13090,13091,,,,275766000,plc_internal_rd_loc_t_nanosecond,10,20,0.481,-9.519,0,0,85693686,0,0,0,ok,
RUN_20260502_S7_L0_IDLE_10_20_S01_R01,S7_L0_IDLE_10_20,SER_20260502_S7_L0_IDLE_10_20_S01,HW_PLC,HW_PLC,13091,13091,13092,,,,276348000,plc_internal_rd_loc_t_nanosecond,10,20,0.582,-9.418,0,0,85706778,0,0,0,ok,
RUN_20260502_S7_L0_IDLE_10_20_S01_R01,S7_L0_IDLE_10_20,SER_20260502_S7_L0_IDLE_10_20_S01,HW_PLC,HW_PLC,13092,13092,13093,,,,276786000,plc_internal_rd_loc_t_nanosecond,10,20,0.438,-9.562,0,0,85719871,0,0,0,ok,
RUN_20260502_S7_L0_IDLE_10_20_S01_R01,S7_L0_IDLE_10_20,SER_20260502_S7_L0_IDLE_10_20_S01,HW_PLC,HW_PLC,13093,13093,13094,,,,277358000,plc_internal_rd_loc_t_nanosecond,10,20,0.572,-9.427999,0,0,85732965,0,0,0,ok,
RUN_20260502_S7_L0_IDLE_10_20_S01_R01,S7_L0_IDLE_10_20,SER_20260502_S7_L0_IDLE_10_20_S01,HW_PLC,HW_PLC,13094,13094,13095,,,,277789000,plc_internal_rd_loc_t_nanosecond,10,20,0.431,-9.569,0,0,85746060,0,0,0,ok,
RUN_20260502_S7_L0_IDLE_10_20_S01_R01,S7_L0_IDLE_10_20,SER_20260502_S7_L0_IDLE_10_20_S01,HW_PLC,HW_PLC,13095,13095,13096,,,,278410000,plc_internal_rd_loc_t_nanosecond,10,20,0.621,-9.379,0,0,85759156,0,0,0,ok,
RUN_20260502_S7_L0_IDLE_10_20_S01_R01,S7_L0_IDLE_10_20,SER_20260502_S7_L0_IDLE_10_20_S01,HW_PLC,HW_PLC,13096,13096,13097,,,,278847000,plc_internal_rd_loc_t_nanosecond,10,20,0.437,-9.563,0,0,85772253,0,0,0,ok,
RUN_20260502_S7_L0_IDLE_10_20_S01_R01,S7_L0_IDLE_10_20,SER_20260502_S7_L0_IDLE_10_20_S01,HW_PLC,HW_PLC,13097,13097,13098,,,,279440000,plc_internal_rd_loc_t_nanosecond,10,20,0.593,-9.407,0,0,85785351,0,0,0,ok,
RUN_20260502_S7_L0_IDLE_10_20_S01_R01,S7_L0_IDLE_10_20,SER_20260502_S7_L0_IDLE_10_20_S01,HW_PLC,HW_PLC,13098,13098,13099,,,,279869000,plc_internal_rd_loc_t_nanosecond,10,20,0.429,-9.571,0,0,85798450,0,0,0,ok,
RUN_20260502_S7_L0_IDLE_10_20_S01_R01,S7_L0_IDLE_10_20,SER_20260502_S7_L0_IDLE_10_20_S01,HW_PLC,HW_PLC,13099,13099,13100,,,,280498000,plc_internal_rd_loc_t_nanosecond,10,20,0.629,-9.371,0,1,85811550,0,0,0,ok,
RUN_20260502_S7_L0_IDLE_10_20_S01_R01,S7_L0_IDLE_10_20,SER_20260502_S7_L0_IDLE_10_20_S01,HW_PLC,HW_PLC,13100,13100,13101,,,,280969000,plc_internal_rd_loc_t_nanosecond,10,20,0.471,-9.529,0,1,85824651,0,0,0,ok,
RUN_20260502_S7_L0_IDLE_10_20_S01_R01,S7_L0_IDLE_10_20,SER_20260502_S7_L0_IDLE_10_20_S01,HW_PLC,HW_PLC,13101,13101,13102,,,,281564000,plc_internal_rd_loc_t_nanosecond,10,20,0.595,-9.405,0,1,85837753,0,0,0,ok,
RUN_20260502_S7_L0_IDLE_10_20_S01_R01,S7_L0_IDLE_10_20,SER_20260502_S7_L0_IDLE_10_20_S01,HW_PLC,HW_PLC,13102,13102,13103,,,,281990000,plc_internal_rd_loc_t_nanosecond,10,20,0.426,-9.574,0,1,85850856,0,0,0,ok,
RUN_20260502_S7_L0_IDLE_10_20_S01_R01,S7_L0_IDLE_10_20,SER_20260502_S7_L0_IDLE_10_20_S01,HW_PLC,HW_PLC,13103,13103,13104,,,,282594000,plc_internal_rd_loc_t_nanosecond,10,20,0.604,-9.396,0,1,85863960,0,0,0,ok,
RUN_20260502_S7_L0_IDLE_10_20_S01_R01,S7_L0_IDLE_10_20,SER_20260502_S7_L0_IDLE_10_20_S01,HW_PLC,HW_PLC,13104,13104,13105,,,,283159000,plc_internal_rd_loc_t_nanosecond,10,20,0.565,-9.435,0,1,85877065,0,0,0,ok,
RUN_20260502_S7_L0_IDLE_10_20_S01_R01,S7_L0_IDLE_10_20,SER_20260502_S7_L0_IDLE_10_20_S01,HW_PLC,HW_PLC,13105,13105,13106,,,,283639000,plc_internal_rd_loc_t_nanosecond,10,20,0.48,-9.52,0,1,85890171,0,0,0,ok,
RUN_20260502_S7_L0_IDLE_10_20_S01_R01,S7_L0_IDLE_10_20,SER_20260502_S7_L0_IDLE_10_20_S01,HW_PLC,HW_PLC,13106,13106,13107,,,,284217000,plc_internal_rd_loc_t_nanosecond,10,20,0.578,-9.422,0,1,85903278,0,0,0,ok,
RUN_20260502_S7_L0_IDLE_10_20_S01_R01,S7_L0_IDLE_10_20,SER_20260502_S7_L0_IDLE_10_20_S01,HW_PLC,HW_PLC,13107,13107,13108,,,,284667000,plc_internal_rd_loc_t_nanosecond,10,20,0.45,-9.55,0,1,85916386,0,0,0,ok,
RUN_20260502_S7_L0_IDLE_10_20_S01_R01,S7_L0_IDLE_10_20,SER_20260502_S7_L0_IDLE_10_20_S01,HW_PLC,HW_PLC,13108,13108,13109,,,,285275000,plc_internal_rd_loc_t_nanosecond,10,20,0.608,-9.392,0,1,85929495,0,0,0,ok,
RUN_20260502_S7_L0_IDLE_10_20_S01_R01,S7_L0_IDLE_10_20,SER_20260502_S7_L0_IDLE_10_20_S01,HW_PLC,HW_PLC,13109,13109,13110,,,,285709000,plc_internal_rd_loc_t_nanosecond,10,20,0.434,-9.566,0,1,85942605,0,0,0,ok,
RUN_20260502_S7_L0_IDLE_10_20_S01_R01,S7_L0_IDLE_10_20,SER_20260502_S7_L0_IDLE_10_20_S01,HW_PLC,HW_PLC,13110,13110,13111,,,,286331000,plc_internal_rd_loc_t_nanosecond,10,20,0.622,-9.378,0,1,85955716,0,0,0,ok,
RUN_20260502_S7_L0_IDLE_10_20_S01_R01,S7_L0_IDLE_10_20,SER_20260502_S7_L0_IDLE_10_20_S01,HW_PLC,HW_PLC,13111,13111,13112,,,,286768000,plc_internal_rd_loc_t_nanosecond,10,20,0.437,-9.563,0,1,85968828,0,0,0,ok,
RUN_20260502_S7_L0_IDLE_10_20_S01_R01,S7_L0_IDLE_10_20,SER_20260502_S7_L0_IDLE_10_20_S01,HW_PLC,HW_PLC,13112,13112,13113,,,,287351000,plc_internal_rd_loc_t_nanosecond,10,20,0.583,-9.417,0,1,85981941,0,0,0,ok,
RUN_20260502_S7_L0_IDLE_10_20_S01_R01,S7_L0_IDLE_10_20,SER_20260502_S7_L0_IDLE_10_20_S01,HW_PLC,HW_PLC,13113,13113,13114,,,,287790000,plc_internal_rd_loc_t_nanosecond,10,20,0.439,-9.561,0,1,85995055,0,0,0,ok,
RUN_20260502_S7_L0_IDLE_10_20_S01_R01,S7_L0_IDLE_10_20,SER_20260502_S7_L0_IDLE_10_20_S01,HW_PLC,HW_PLC,13114,13114,13115,,,,288369000,plc_internal_rd_loc_t_nanosecond,10,20,0.579,-9.421,0,1,86008170,0,0,0,ok,
RUN_20260502_S7_L0_IDLE_10_20_S01_R01,S7_L0_IDLE_10_20,SER_20260502_S7_L0_IDLE_10_20_S01,HW_PLC,HW_PLC,13115,13115,13116,,,,288838000,plc_internal_rd_loc_t_nanosecond,10,20,0.469,-9.531,0,1,86021286,0,0,0,ok,
RUN_20260502_S7_L0_IDLE_10_20_S01_R01,S7_L0_IDLE_10_20,SER_20260502_S7_L0_IDLE_10_20_S01,HW_PLC,HW_PLC,13116,13116,13117,,,,289421000,plc_internal_rd_loc_t_nanosecond,10,20,0.583,-9.417,0,1,86034403,0,0,0,ok,
RUN_20260502_S7_L0_IDLE_10_20_S01_R01,S7_L0_IDLE_10_20,SER_20260502_S7_L0_IDLE_10_20_S01,HW_PLC,HW_PLC,13117,13117,13118,,,,289854000,plc_internal_rd_loc_t_nanosecond,10,20,0.433,-9.567,0,1,86047521,0,0,0,ok,
RUN_20260502_S7_L0_IDLE_10_20_S01_R01,S7_L0_IDLE_10_20,SER_20260502_S7_L0_IDLE_10_20_S01,HW_PLC,HW_PLC,13118,13118,13119,,,,290437000,plc_internal_rd_loc_t_nanosecond,10,20,0.583,-9.417,0,1,86060640,0,0,0,ok,
RUN_20260502_S7_L0_IDLE_10_20_S01_R01,S7_L0_IDLE_10_20,SER_20260502_S7_L0_IDLE_10_20_S01,HW_PLC,HW_PLC,13119,13119,13120,,,,290868000,plc_internal_rd_loc_t_nanosecond,10,20,0.431,-9.569,0,1,86073760,0,0,0,ok,
RUN_20260502_S7_L0_IDLE_10_20_S01_R01,S7_L0_IDLE_10_20,SER_20260502_S7_L0_IDLE_10_20_S01,HW_PLC,HW_PLC,13120,13120,13121,,,,291486000,plc_internal_rd_loc_t_nanosecond,10,20,0.618,-9.382,0,1,86086881,0,0,0,ok,
RUN_20260502_S7_L0_IDLE_10_20_S01_R01,S7_L0_IDLE_10_20,SER_20260502_S7_L0_IDLE_10_20_S01,HW_PLC,HW_PLC,13121,13121,13122,,,,291918000,plc_internal_rd_loc_t_nanosecond,10,20,0.432,-9.568,0,1,86100003,0,0,0,ok,
RUN_20260502_S7_L0_IDLE_10_20_S01_R01,S7_L0_IDLE_10_20,SER_20260502_S7_L0_IDLE_10_20_S01,HW_PLC,HW_PLC,13122,13122,13123,,,,292525000,plc_internal_rd_loc_t_nanosecond,10,20,0.607,-9.393,0,1,86113126,0,0,0,ok,
RUN_20260502_S7_L0_IDLE_10_20_S01_R01,S7_L0_IDLE_10_20,SER_20260502_S7_L0_IDLE_10_20_S01,HW_PLC,HW_PLC,13123,13123,13124,,,,292943000,plc_internal_rd_loc_t_nanosecond,10,20,0.418,-9.582,0,1,86126250,0,0,0,ok,
RUN_20260502_S7_L0_IDLE_10_20_S01_R01,S7_L0_IDLE_10_20,SER_20260502_S7_L0_IDLE_10_20_S01,HW_PLC,HW_PLC,13124,13124,13125,,,,293533000,plc_internal_rd_loc_t_nanosecond,10,20,0.59,-9.41,0,1,86139375,0,0,0,ok,
RUN_20260502_S7_L0_IDLE_10_20_S01_R01,S7_L0_IDLE_10_20,SER_20260502_S7_L0_IDLE_10_20_S01,HW_PLC,HW_PLC,13125,13125,13126,,,,293996000,plc_internal_rd_loc_t_nanosecond,10,20,0.463,-9.537,0,1,86152501,0,0,0,ok,
RUN_20260502_S7_L0_IDLE_10_20_S01_R01,S7_L0_IDLE_10_20,SER_20260502_S7_L0_IDLE_10_20_S01,HW_PLC,HW_PLC,13126,13126,13127,,,,294602000,plc_internal_rd_loc_t_nanosecond,10,20,0.606,-9.394,0,1,86165628,0,0,0,ok,
RUN_20260502_S7_L0_IDLE_10_20_S01_R01,S7_L0_IDLE_10_20,SER_20260502_S7_L0_IDLE_10_20_S01,HW_PLC,HW_PLC,13127,13127,13128,,,,295209000,plc_internal_rd_loc_t_nanosecond,10,20,0.607,-9.393,0,1,86178756,0,0,0,ok,
RUN_20260502_S7_L0_IDLE_10_20_S01_R01,S7_L0_IDLE_10_20,SER_20260502_S7_L0_IDLE_10_20_S01,HW_PLC,HW_PLC,13128,13128,13129,,,,295660000,plc_internal_rd_loc_t_nanosecond,10,20,0.451,-9.549,0,1,86191885,0,0,0,ok,
RUN_20260502_S7_L0_IDLE_10_20_S01_R01,S7_L0_IDLE_10_20,SER_20260502_S7_L0_IDLE_10_20_S01,HW_PLC,HW_PLC,13129,13129,13130,,,,296239000,plc_internal_rd_loc_t_nanosecond,10,20,0.579,-9.421,0,1,86205015,0,0,0,ok,
RUN_20260502_S7_L0_IDLE_10_20_S01_R01,S7_L0_IDLE_10_20,SER_20260502_S7_L0_IDLE_10_20_S01,HW_PLC,HW_PLC,13130,13130,13131,,,,296708000,plc_internal_rd_loc_t_nanosecond,10,20,0.469,-9.531,0,1,86218146,0,0,0,ok,
RUN_20260502_S7_L0_IDLE_10_20_S01_R01,S7_L0_IDLE_10_20,SER_20260502_S7_L0_IDLE_10_20_S01,HW_PLC,HW_PLC,13131,13131,13132,,,,297293000,plc_internal_rd_loc_t_nanosecond,10,20,0.585,-9.415,0,1,86231278,0,0,0,ok,
RUN_20260502_S7_L0_IDLE_10_20_S01_R01,S7_L0_IDLE_10_20,SER_20260502_S7_L0_IDLE_10_20_S01,HW_PLC,HW_PLC,13132,13132,13133,,,,297736000,plc_internal_rd_loc_t_nanosecond,10,20,0.443,-9.557,0,1,86244411,0,0,0,ok,
RUN_20260502_S7_L0_IDLE_10_20_S01_R01,S7_L0_IDLE_10_20,SER_20260502_S7_L0_IDLE_10_20_S01,HW_PLC,HW_PLC,13133,13133,13134,,,,298315000,plc_internal_rd_loc_t_nanosecond,10,20,0.579,-9.421,0,1,86257545,0,0,0,ok,
RUN_20260502_S7_L0_IDLE_10_20_S01_R01,S7_L0_IDLE_10_20,SER_20260502_S7_L0_IDLE_10_20_S01,HW_PLC,HW_PLC,13134,13134,13135,,,,298758000,plc_internal_rd_loc_t_nanosecond,10,20,0.443,-9.557,0,1,86270680,0,0,0,ok,
RUN_20260502_S7_L0_IDLE_10_20_S01_R01,S7_L0_IDLE_10_20,SER_20260502_S7_L0_IDLE_10_20_S01,HW_PLC,HW_PLC,13135,13135,13136,,,,299369000,plc_internal_rd_loc_t_nanosecond,10,20,0.611,-9.389,0,1,86283816,0,0,0,ok,
RUN_20260502_S7_L0_IDLE_10_20_S01_R01,S7_L0_IDLE_10_20,SER_20260502_S7_L0_IDLE_10_20_S01,HW_PLC,HW_PLC,13136,13136,13137,,,,299802000,plc_internal_rd_loc_t_nanosecond,10,20,0.433,-9.567,0,1,86296953,0,0,0,ok,
RUN_20260502_S7_L0_IDLE_10_20_S01_R01,S7_L0_IDLE_10_20,SER_20260502_S7_L0_IDLE_10_20_S01,HW_PLC,HW_PLC,13137,13137,13138,,,,300392000,plc_internal_rd_loc_t_nanosecond,10,20,0.59,-9.41,0,1,86310091,0,0,0,ok,
RUN_20260502_S7_L0_IDLE_10_20_S01_R01,S7_L0_IDLE_10_20,SER_20260502_S7_L0_IDLE_10_20_S01,HW_PLC,HW_PLC,13138,13138,13139,,,,300817000,plc_internal_rd_loc_t_nanosecond,10,20,0.425,-9.575,0,1,86323230,0,0,0,ok,
RUN_20260502_S7_L0_IDLE_10_20_S01_R01,S7_L0_IDLE_10_20,SER_20260502_S7_L0_IDLE_10_20_S01,HW_PLC,HW_PLC,13139,13139,13140,,,,301388000,plc_internal_rd_loc_t_nanosecond,10,20,0.571,-9.429,0,1,86336370,0,0,0,ok,
RUN_20260502_S7_L0_IDLE_10_20_S01_R01,S7_L0_IDLE_10_20,SER_20260502_S7_L0_IDLE_10_20_S01,HW_PLC,HW_PLC,13140,13140,13141,,,,301852000,plc_internal_rd_loc_t_nanosecond,10,20,0.464,-9.536,0,1,86349511,0,0,0,ok,
RUN_20260502_S7_L0_IDLE_10_20_S01_R01,S7_L0_IDLE_10_20,SER_20260502_S7_L0_IDLE_10_20_S01,HW_PLC,HW_PLC,13141,13141,13142,,,,302435000,plc_internal_rd_loc_t_nanosecond,10,20,0.583,-9.417,0,1,86362653,0,0,0,ok,
RUN_20260502_S7_L0_IDLE_10_20_S01_R01,S7_L0_IDLE_10_20,SER_20260502_S7_L0_IDLE_10_20_S01,HW_PLC,HW_PLC,13142,13142,13143,,,,302869000,plc_internal_rd_loc_t_nanosecond,10,20,0.434,-9.566,0,1,86375796,0,0,0,ok,
RUN_20260502_S7_L0_IDLE_10_20_S01_R01,S7_L0_IDLE_10_20,SER_20260502_S7_L0_IDLE_10_20_S01,HW_PLC,HW_PLC,13143,13143,13144,,,,303657000,plc_internal_rd_loc_t_nanosecond,10,20,0.788,-9.212,0,1,86388940,0,0,0,ok,
RUN_20260502_S7_L0_IDLE_10_20_S01_R01,S7_L0_IDLE_10_20,SER_20260502_S7_L0_IDLE_10_20_S01,HW_PLC,HW_PLC,13144,13144,13145,,,,304296000,plc_internal_rd_loc_t_nanosecond,10,20,0.639,-9.361,0,1,86402085,0,0,0,ok,
RUN_20260502_S7_L0_IDLE_10_20_S01_R01,S7_L0_IDLE_10_20,SER_20260502_S7_L0_IDLE_10_20_S01,HW_PLC,HW_PLC,13145,13145,13146,,,,304754000,plc_internal_rd_loc_t_nanosecond,10,20,0.458,-9.542,0,1,86415231,0,0,0,ok,
RUN_20260502_S7_L0_IDLE_10_20_S01_R01,S7_L0_IDLE_10_20,SER_20260502_S7_L0_IDLE_10_20_S01,HW_PLC,HW_PLC,13146,13146,13147,,,,305376000,plc_internal_rd_loc_t_nanosecond,10,20,0.622,-9.378,0,1,86428378,0,0,0,ok,
RUN_20260502_S7_L0_IDLE_10_20_S01_R01,S7_L0_IDLE_10_20,SER_20260502_S7_L0_IDLE_10_20_S01,HW_PLC,HW_PLC,13147,13147,13148,,,,305814000,plc_internal_rd_loc_t_nanosecond,10,20,0.438,-9.562,0,1,86441526,0,0,0,ok,
RUN_20260502_S7_L0_IDLE_10_20_S01_R01,S7_L0_IDLE_10_20,SER_20260502_S7_L0_IDLE_10_20_S01,HW_PLC,HW_PLC,13148,13148,13149,,,,306393000,plc_internal_rd_loc_t_nanosecond,10,20,0.579,-9.421,0,1,86454675,0,0,0,ok,
RUN_20260502_S7_L0_IDLE_10_20_S01_R01,S7_L0_IDLE_10_20,SER_20260502_S7_L0_IDLE_10_20_S01,HW_PLC,HW_PLC,13149,13149,13150,,,,306856000,plc_internal_rd_loc_t_nanosecond,10,20,0.463,-9.537,0,1,86467825,0,0,0,ok,
RUN_20260502_S7_L0_IDLE_10_20_S01_R01,S7_L0_IDLE_10_20,SER_20260502_S7_L0_IDLE_10_20_S01,HW_PLC,HW_PLC,13150,13150,13151,,,,307451000,plc_internal_rd_loc_t_nanosecond,10,20,0.595,-9.405,0,1,86480976,0,0,0,ok,
RUN_20260502_S7_L0_IDLE_10_20_S01_R01,S7_L0_IDLE_10_20,SER_20260502_S7_L0_IDLE_10_20_S01,HW_PLC,HW_PLC,13151,13151,13152,,,,307881000,plc_internal_rd_loc_t_nanosecond,10,20,0.43,-9.57,0,1,86494128,0,0,0,ok,
RUN_20260502_S7_L0_IDLE_10_20_S01_R01,S7_L0_IDLE_10_20,SER_20260502_S7_L0_IDLE_10_20_S01,HW_PLC,HW_PLC,13152,13152,13153,,,,308473000,plc_internal_rd_loc_t_nanosecond,10,20,0.592,-9.408,0,1,86507281,0,0,0,ok,
RUN_20260502_S7_L0_IDLE_10_20_S01_R01,S7_L0_IDLE_10_20,SER_20260502_S7_L0_IDLE_10_20_S01,HW_PLC,HW_PLC,13153,13153,13154,,,,308898000,plc_internal_rd_loc_t_nanosecond,10,20,0.425,-9.575,0,1,86520435,0,0,0,ok,
RUN_20260502_S7_L0_IDLE_10_20_S01_R01,S7_L0_IDLE_10_20,SER_20260502_S7_L0_IDLE_10_20_S01,HW_PLC,HW_PLC,13154,13154,13155,,,,309986000,plc_internal_rd_loc_t_nanosecond,10,20,1.088,-8.912,0,1,86533590,0,0,0,ok,
RUN_20260502_S7_L0_IDLE_10_20_S01_R01,S7_L0_IDLE_10_20,SER_20260502_S7_L0_IDLE_10_20_S01,HW_PLC,HW_PLC,13155,13155,13156,,,,310654000,plc_internal_rd_loc_t_nanosecond,10,20,0.668,-9.332,0,1,86546746,0,0,0,ok,
RUN_20260502_S7_L0_IDLE_10_20_S01_R01,S7_L0_IDLE_10_20,SER_20260502_S7_L0_IDLE_10_20_S01,HW_PLC,HW_PLC,13156,13156,13157,,,,311291000,plc_internal_rd_loc_t_nanosecond,10,20,0.637,-9.363,0,1,86559903,0,0,0,ok,
RUN_20260502_S7_L0_IDLE_10_20_S01_R01,S7_L0_IDLE_10_20,SER_20260502_S7_L0_IDLE_10_20_S01,HW_PLC,HW_PLC,13157,13157,13158,,,,311748000,plc_internal_rd_loc_t_nanosecond,10,20,0.457,-9.543,0,1,86573061,0,0,0,ok,
RUN_20260502_S7_L0_IDLE_10_20_S01_R01,S7_L0_IDLE_10_20,SER_20260502_S7_L0_IDLE_10_20_S01,HW_PLC,HW_PLC,13158,13158,13159,,,,312435000,plc_internal_rd_loc_t_nanosecond,10,20,0.687,-9.313,0,1,86586220,0,0,0,ok,
RUN_20260502_S7_L0_IDLE_10_20_S01_R01,S7_L0_IDLE_10_20,SER_20260502_S7_L0_IDLE_10_20_S01,HW_PLC,HW_PLC,13159,13159,13160,,,,312876000,plc_internal_rd_loc_t_nanosecond,10,20,0.441,-9.559,0,1,86599380,0,0,0,ok,
RUN_20260502_S7_L0_IDLE_10_20_S01_R01,S7_L0_IDLE_10_20,SER_20260502_S7_L0_IDLE_10_20_S01,HW_PLC,HW_PLC,13160,13160,13161,,,,313468000,plc_internal_rd_loc_t_nanosecond,10,20,0.592,-9.408,0,1,86612541,0,0,0,ok,
RUN_20260502_S7_L0_IDLE_10_20_S01_R01,S7_L0_IDLE_10_20,SER_20260502_S7_L0_IDLE_10_20_S01,HW_PLC,HW_PLC,13161,13161,13162,,,,313896000,plc_internal_rd_loc_t_nanosecond,10,20,0.428,-9.572,0,1,86625703,0,0,0,ok,
RUN_20260502_S7_L0_IDLE_10_20_S01_R01,S7_L0_IDLE_10_20,SER_20260502_S7_L0_IDLE_10_20_S01,HW_PLC,HW_PLC,13162,13162,13163,,,,314509000,plc_internal_rd_loc_t_nanosecond,10,20,0.613,-9.387,0,1,86638866,0,0,0,ok,
RUN_20260502_S7_L0_IDLE_10_20_S01_R01,S7_L0_IDLE_10_20,SER_20260502_S7_L0_IDLE_10_20_S01,HW_PLC,HW_PLC,13163,13163,13164,,,,314946000,plc_internal_rd_loc_t_nanosecond,10,20,0.437,-9.563,0,1,86652030,0,0,0,ok,
RUN_20260502_S7_L0_IDLE_10_20_S01_R01,S7_L0_IDLE_10_20,SER_20260502_S7_L0_IDLE_10_20_S01,HW_PLC,HW_PLC,13164,13164,13165,,,,315583000,plc_internal_rd_loc_t_nanosecond,10,20,0.637,-9.363,0,1,86665195,0,0,0,ok,
RUN_20260502_S7_L0_IDLE_10_20_S01_R01,S7_L0_IDLE_10_20,SER_20260502_S7_L0_IDLE_10_20_S01,HW_PLC,HW_PLC,13165,13165,13166,,,,316147000,plc_internal_rd_loc_t_nanosecond,10,20,0.564,-9.436,0,1,86678361,0,0,0,ok,
RUN_20260502_S7_L0_IDLE_10_20_S01_R01,S7_L0_IDLE_10_20,SER_20260502_S7_L0_IDLE_10_20_S01,HW_PLC,HW_PLC,13166,13166,13167,,,,316607000,plc_internal_rd_loc_t_nanosecond,10,20,0.46,-9.54,0,1,86691528,0,0,0,ok,
RUN_20260502_S7_L0_IDLE_10_20_S01_R01,S7_L0_IDLE_10_20,SER_20260502_S7_L0_IDLE_10_20_S01,HW_PLC,HW_PLC,13167,13167,13168,,,,317199000,plc_internal_rd_loc_t_nanosecond,10,20,0.592,-9.408,0,1,86704696,0,0,0,ok,
RUN_20260502_S7_L0_IDLE_10_20_S01_R01,S7_L0_IDLE_10_20,SER_20260502_S7_L0_IDLE_10_20_S01,HW_PLC,HW_PLC,13168,13168,13169,,,,317663000,plc_internal_rd_loc_t_nanosecond,10,20,0.464,-9.536,0,1,86717865,0,0,0,ok,
RUN_20260502_S7_L0_IDLE_10_20_S01_R01,S7_L0_IDLE_10_20,SER_20260502_S7_L0_IDLE_10_20_S01,HW_PLC,HW_PLC,13169,13169,13170,,,,318240000,plc_internal_rd_loc_t_nanosecond,10,20,0.577,-9.423,0,1,86731035,0,0,0,ok,
RUN_20260502_S7_L0_IDLE_10_20_S01_R01,S7_L0_IDLE_10_20,SER_20260502_S7_L0_IDLE_10_20_S01,HW_PLC,HW_PLC,13170,13170,13171,,,,318682000,plc_internal_rd_loc_t_nanosecond,10,20,0.442,-9.558,0,1,86744206,0,0,0,ok,
RUN_20260502_S7_L0_IDLE_10_20_S01_R01,S7_L0_IDLE_10_20,SER_20260502_S7_L0_IDLE_10_20_S01,HW_PLC,HW_PLC,13171,13171,13172,,,,319253000,plc_internal_rd_loc_t_nanosecond,10,20,0.571,-9.429,0,1,86757378,0,0,0,ok,
RUN_20260502_S7_L0_IDLE_10_20_S01_R01,S7_L0_IDLE_10_20,SER_20260502_S7_L0_IDLE_10_20_S01,HW_PLC,HW_PLC,13172,13172,13173,,,,319706000,plc_internal_rd_loc_t_nanosecond,10,20,0.453,-9.547,0,1,86770551,0,0,0,ok,
RUN_20260502_S7_L0_IDLE_10_20_S01_R01,S7_L0_IDLE_10_20,SER_20260502_S7_L0_IDLE_10_20_S01,HW_PLC,HW_PLC,13173,13173,13174,,,,320305000,plc_internal_rd_loc_t_nanosecond,10,20,0.599,-9.401,0,1,86783725,0,0,0,ok,
RUN_20260502_S7_L0_IDLE_10_20_S01_R01,S7_L0_IDLE_10_20,SER_20260502_S7_L0_IDLE_10_20_S01,HW_PLC,HW_PLC,13174,13174,13175,,,,320751000,plc_internal_rd_loc_t_nanosecond,10,20,0.446,-9.554,0,1,86796900,0,0,0,ok,
RUN_20260502_S7_L0_IDLE_10_20_S01_R01,S7_L0_IDLE_10_20,SER_20260502_S7_L0_IDLE_10_20_S01,HW_PLC,HW_PLC,13175,13175,13176,,,,321332000,plc_internal_rd_loc_t_nanosecond,10,20,0.581,-9.419,0,1,86810076,0,0,0,ok,
RUN_20260502_S7_L0_IDLE_10_20_S01_R01,S7_L0_IDLE_10_20,SER_20260502_S7_L0_IDLE_10_20_S01,HW_PLC,HW_PLC,13176,13176,13177,,,,321769000,plc_internal_rd_loc_t_nanosecond,10,20,0.437,-9.563,0,1,86823253,0,0,0,ok,
RUN_20260502_S7_L0_IDLE_10_20_S01_R01,S7_L0_IDLE_10_20,SER_20260502_S7_L0_IDLE_10_20_S01,HW_PLC,HW_PLC,13177,13177,13178,,,,322385000,plc_internal_rd_loc_t_nanosecond,10,20,0.616,-9.384,0,1,86836431,0,0,0,ok,
RUN_20260502_S7_L0_IDLE_10_20_S01_R01,S7_L0_IDLE_10_20,SER_20260502_S7_L0_IDLE_10_20_S01,HW_PLC,HW_PLC,13178,13178,13179,,,,322832000,plc_internal_rd_loc_t_nanosecond,10,20,0.447,-9.553,0,1,86849610,0,0,0,ok,
RUN_20260502_S7_L0_IDLE_10_20_S01_R01,S7_L0_IDLE_10_20,SER_20260502_S7_L0_IDLE_10_20_S01,HW_PLC,HW_PLC,13179,13179,13180,,,,323413000,plc_internal_rd_loc_t_nanosecond,10,20,0.581,-9.419,0,1,86862790,0,0,0,ok,
RUN_20260502_S7_L0_IDLE_10_20_S01_R01,S7_L0_IDLE_10_20,SER_20260502_S7_L0_IDLE_10_20_S01,HW_PLC,HW_PLC,13180,13180,13181,,,,323844000,plc_internal_rd_loc_t_nanosecond,10,20,0.431,-9.569,0,1,86875971,0,0,0,ok,
RUN_20260502_S7_L0_IDLE_10_20_S01_R01,S7_L0_IDLE_10_20,SER_20260502_S7_L0_IDLE_10_20_S01,HW_PLC,HW_PLC,13181,13181,13182,,,,324423000,plc_internal_rd_loc_t_nanosecond,10,20,0.579,-9.421,0,1,86889153,0,0,0,ok,
RUN_20260502_S7_L0_IDLE_10_20_S01_R01,S7_L0_IDLE_10_20,SER_20260502_S7_L0_IDLE_10_20_S01,HW_PLC,HW_PLC,13182,13182,13183,,,,324880000,plc_internal_rd_loc_t_nanosecond,10,20,0.457,-9.543,0,1,86902336,0,0,0,ok,
RUN_20260502_S7_L0_IDLE_10_20_S01_R01,S7_L0_IDLE_10_20,SER_20260502_S7_L0_IDLE_10_20_S01,HW_PLC,HW_PLC,13183,13183,13184,,,,325507000,plc_internal_rd_loc_t_nanosecond,10,20,0.627,-9.373,0,1,86915520,0,0,0,ok,
RUN_20260502_S7_L0_IDLE_10_20_S01_R01,S7_L0_IDLE_10_20,SER_20260502_S7_L0_IDLE_10_20_S01,HW_PLC,HW_PLC,13184,13184,13185,,,,325943000,plc_internal_rd_loc_t_nanosecond,10,20,0.436,-9.564,0,1,86928705,0,0,0,ok,
RUN_20260502_S7_L0_IDLE_10_20_S01_R01,S7_L0_IDLE_10_20,SER_20260502_S7_L0_IDLE_10_20_S01,HW_PLC,HW_PLC,13185,13185,13186,,,,326544000,plc_internal_rd_loc_t_nanosecond,10,20,0.601,-9.399,0,1,86941891,0,0,0,ok,
RUN_20260502_S7_L0_IDLE_10_20_S01_R01,S7_L0_IDLE_10_20,SER_20260502_S7_L0_IDLE_10_20_S01,HW_PLC,HW_PLC,13186,13186,13187,,,,326970000,plc_internal_rd_loc_t_nanosecond,10,20,0.426,-9.574,0,1,86955078,0,0,0,ok,
RUN_20260502_S7_L0_IDLE_10_20_S01_R01,S7_L0_IDLE_10_20,SER_20260502_S7_L0_IDLE_10_20_S01,HW_PLC,HW_PLC,13187,13187,13188,,,,327590000,plc_internal_rd_loc_t_nanosecond,10,20,0.62,-9.38,0,1,86968266,0,0,0,ok,
RUN_20260502_S7_L0_IDLE_10_20_S01_R01,S7_L0_IDLE_10_20,SER_20260502_S7_L0_IDLE_10_20_S01,HW_PLC,HW_PLC,13188,13188,13189,,,,328182000,plc_internal_rd_loc_t_nanosecond,10,20,0.592,-9.408,0,1,86981455,0,0,0,ok,
RUN_20260502_S7_L0_IDLE_10_20_S01_R01,S7_L0_IDLE_10_20,SER_20260502_S7_L0_IDLE_10_20_S01,HW_PLC,HW_PLC,13189,13189,13190,,,,328630000,plc_internal_rd_loc_t_nanosecond,10,20,0.448,-9.552,0,1,86994645,0,0,0,ok,
RUN_20260502_S7_L0_IDLE_10_20_S01_R01,S7_L0_IDLE_10_20,SER_20260502_S7_L0_IDLE_10_20_S01,HW_PLC,HW_PLC,13190,13190,13191,,,,329201000,plc_internal_rd_loc_t_nanosecond,10,20,0.571,-9.429,0,1,87007836,0,0,0,ok,
RUN_20260502_S7_L0_IDLE_10_20_S01_R01,S7_L0_IDLE_10_20,SER_20260502_S7_L0_IDLE_10_20_S01,HW_PLC,HW_PLC,13191,13191,13192,,,,329648000,plc_internal_rd_loc_t_nanosecond,10,20,0.447,-9.553,0,1,87021028,0,0,0,ok,
RUN_20260502_S7_L0_IDLE_10_20_S01_R01,S7_L0_IDLE_10_20,SER_20260502_S7_L0_IDLE_10_20_S01,HW_PLC,HW_PLC,13192,13192,13193,,,,330288000,plc_internal_rd_loc_t_nanosecond,10,20,0.64,-9.36,0,1,87034221,0,0,0,ok,
RUN_20260502_S7_L0_IDLE_10_20_S01_R01,S7_L0_IDLE_10_20,SER_20260502_S7_L0_IDLE_10_20_S01,HW_PLC,HW_PLC,13193,13193,13194,,,,330736000,plc_internal_rd_loc_t_nanosecond,10,20,0.448,-9.552,0,1,87047415,0,0,0,ok,
RUN_20260502_S7_L0_IDLE_10_20_S01_R01,S7_L0_IDLE_10_20,SER_20260502_S7_L0_IDLE_10_20_S01,HW_PLC,HW_PLC,13194,13194,13195,,,,331320000,plc_internal_rd_loc_t_nanosecond,10,20,0.584,-9.416,0,1,87060610,0,0,0,ok,
RUN_20260502_S7_L0_IDLE_10_20_S01_R01,S7_L0_IDLE_10_20,SER_20260502_S7_L0_IDLE_10_20_S01,HW_PLC,HW_PLC,13195,13195,13196,,,,331761000,plc_internal_rd_loc_t_nanosecond,10,20,0.441,-9.559,0,1,87073806,0,0,0,ok,
RUN_20260502_S7_L0_IDLE_10_20_S01_R01,S7_L0_IDLE_10_20,SER_20260502_S7_L0_IDLE_10_20_S01,HW_PLC,HW_PLC,13196,13196,13197,,,,332344000,plc_internal_rd_loc_t_nanosecond,10,20,0.583,-9.417,0,1,87087003,0,0,0,ok,
RUN_20260502_S7_L0_IDLE_10_20_S01_R01,S7_L0_IDLE_10_20,SER_20260502_S7_L0_IDLE_10_20_S01,HW_PLC,HW_PLC,13197,13197,13198,,,,332801000,plc_internal_rd_loc_t_nanosecond,10,20,0.457,-9.543,0,1,87100201,0,0,0,ok,
RUN_20260502_S7_L0_IDLE_10_20_S01_R01,S7_L0_IDLE_10_20,SER_20260502_S7_L0_IDLE_10_20_S01,HW_PLC,HW_PLC,13198,13198,13199,,,,333387000,plc_internal_rd_loc_t_nanosecond,10,20,0.586,-9.414,0,1,87113400,0,0,0,ok,
RUN_20260502_S7_L0_IDLE_10_20_S01_R01,S7_L0_IDLE_10_20,SER_20260502_S7_L0_IDLE_10_20_S01,HW_PLC,HW_PLC,13199,13199,13200,,,,333826000,plc_internal_rd_loc_t_nanosecond,10,20,0.439,-9.561,0,0,87126600,0,0,0,ok,
RUN_20260502_S7_L0_IDLE_10_20_S01_R01,S7_L0_IDLE_10_20,SER_20260502_S7_L0_IDLE_10_20_S01,HW_PLC,HW_PLC,13200,13200,13201,,,,334402000,plc_internal_rd_loc_t_nanosecond,10,20,0.576,-9.424,0,0,87139801,0,0,0,ok,
RUN_20260502_S7_L0_IDLE_10_20_S01_R01,S7_L0_IDLE_10_20,SER_20260502_S7_L0_IDLE_10_20_S01,HW_PLC,HW_PLC,13201,13201,13202,,,,334838000,plc_internal_rd_loc_t_nanosecond,10,20,0.436,-9.564,0,0,87153003,0,0,0,ok,
RUN_20260502_S7_L0_IDLE_10_20_S01_R01,S7_L0_IDLE_10_20,SER_20260502_S7_L0_IDLE_10_20_S01,HW_PLC,HW_PLC,13202,13202,13203,,,,335463000,plc_internal_rd_loc_t_nanosecond,10,20,0.625,-9.375,0,0,87166206,0,0,0,ok,
RUN_20260502_S7_L0_IDLE_10_20_S01_R01,S7_L0_IDLE_10_20,SER_20260502_S7_L0_IDLE_10_20_S01,HW_PLC,HW_PLC,13203,13203,13204,,,,335908000,plc_internal_rd_loc_t_nanosecond,10,20,0.445,-9.555,0,0,87179410,0,0,0,ok,
RUN_20260502_S7_L0_IDLE_10_20_S01_R01,S7_L0_IDLE_10_20,SER_20260502_S7_L0_IDLE_10_20_S01,HW_PLC,HW_PLC,13204,13204,13205,,,,336503000,plc_internal_rd_loc_t_nanosecond,10,20,0.595,-9.405,0,0,87192615,0,0,0,ok,
RUN_20260502_S7_L0_IDLE_10_20_S01_R01,S7_L0_IDLE_10_20,SER_20260502_S7_L0_IDLE_10_20_S01,HW_PLC,HW_PLC,13205,13205,13206,,,,336929000,plc_internal_rd_loc_t_nanosecond,10,20,0.426,-9.574,0,0,87205821,0,0,0,ok,
RUN_20260502_S7_L0_IDLE_10_20_S01_R01,S7_L0_IDLE_10_20,SER_20260502_S7_L0_IDLE_10_20_S01,HW_PLC,HW_PLC,13206,13206,13207,,,,337512000,plc_internal_rd_loc_t_nanosecond,10,20,0.583,-9.417,0,0,87219028,0,0,0,ok,
RUN_20260502_S7_L0_IDLE_10_20_S01_R01,S7_L0_IDLE_10_20,SER_20260502_S7_L0_IDLE_10_20_S01,HW_PLC,HW_PLC,13207,13207,13208,,,,337957000,plc_internal_rd_loc_t_nanosecond,10,20,0.445,-9.555,0,0,87232236,0,0,0,ok,
RUN_20260502_S7_L0_IDLE_10_20_S01_R01,S7_L0_IDLE_10_20,SER_20260502_S7_L0_IDLE_10_20_S01,HW_PLC,HW_PLC,13208,13208,13209,,,,338570000,plc_internal_rd_loc_t_nanosecond,10,20,0.613,-9.387,0,0,87245445,0,0,0,ok,
RUN_20260502_S7_L0_IDLE_10_20_S01_R01,S7_L0_IDLE_10_20,SER_20260502_S7_L0_IDLE_10_20_S01,HW_PLC,HW_PLC,13209,13209,13210,,,,338991000,plc_internal_rd_loc_t_nanosecond,10,20,0.421,-9.579,0,0,87258655,0,0,0,ok,
RUN_20260502_S7_L0_IDLE_10_20_S01_R01,S7_L0_IDLE_10_20,SER_20260502_S7_L0_IDLE_10_20_S01,HW_PLC,HW_PLC,13210,13210,13211,,,,339600000,plc_internal_rd_loc_t_nanosecond,10,20,0.609,-9.391,0,0,87271866,0,0,0,ok,
RUN_20260502_S7_L0_IDLE_10_20_S01_R01,S7_L0_IDLE_10_20,SER_20260502_S7_L0_IDLE_10_20_S01,HW_PLC,HW_PLC,13211,13211,13212,,,,340173000,plc_internal_rd_loc_t_nanosecond,10,20,0.573,-9.427,0,0,87285078,0,0,0,ok,
RUN_20260502_S7_L0_IDLE_10_20_S01_R01,S7_L0_IDLE_10_20,SER_20260502_S7_L0_IDLE_10_20_S01,HW_PLC,HW_PLC,13212,13212,13213,,,,340647000,plc_internal_rd_loc_t_nanosecond,10,20,0.474,-9.526,0,0,87298291,0,0,0,ok,
RUN_20260502_S7_L0_IDLE_10_20_S01_R01,S7_L0_IDLE_10_20,SER_20260502_S7_L0_IDLE_10_20_S01,HW_PLC,HW_PLC,13213,13213,13214,,,,341532000,plc_internal_rd_loc_t_nanosecond,10,20,0.885,-9.115,0,0,87311505,0,0,0,ok,
RUN_20260502_S7_L0_IDLE_10_20_S01_R01,S7_L0_IDLE_10_20,SER_20260502_S7_L0_IDLE_10_20_S01,HW_PLC,HW_PLC,13214,13214,13215,,,,341996000,plc_internal_rd_loc_t_nanosecond,10,20,0.464,-9.536,0,0,87324720,0,0,0,ok,
RUN_20260502_S7_L0_IDLE_10_20_S01_R01,S7_L0_IDLE_10_20,SER_20260502_S7_L0_IDLE_10_20_S01,HW_PLC,HW_PLC,13215,13215,13216,,,,342615000,plc_internal_rd_loc_t_nanosecond,10,20,0.619,-9.381,0,0,87337936,0,0,0,ok,
RUN_20260502_S7_L0_IDLE_10_20_S01_R01,S7_L0_IDLE_10_20,SER_20260502_S7_L0_IDLE_10_20_S01,HW_PLC,HW_PLC,13216,13216,13217,,,,343216000,plc_internal_rd_loc_t_nanosecond,10,20,0.601,-9.399,0,0,87351153,0,0,0,ok,
RUN_20260502_S7_L0_IDLE_10_20_S01_R01,S7_L0_IDLE_10_20,SER_20260502_S7_L0_IDLE_10_20_S01,HW_PLC,HW_PLC,13217,13217,13218,,,,343677000,plc_internal_rd_loc_t_nanosecond,10,20,0.461,-9.539,0,0,87364371,0,0,0,ok,
RUN_20260502_S7_L0_IDLE_10_20_S01_R01,S7_L0_IDLE_10_20,SER_20260502_S7_L0_IDLE_10_20_S01,HW_PLC,HW_PLC,13218,13218,13219,,,,344247000,plc_internal_rd_loc_t_nanosecond,10,20,0.57,-9.43,0,0,87377590,0,0,0,ok,
RUN_20260502_S7_L0_IDLE_10_20_S01_R01,S7_L0_IDLE_10_20,SER_20260502_S7_L0_IDLE_10_20_S01,HW_PLC,HW_PLC,13219,13219,13220,,,,344695000,plc_internal_rd_loc_t_nanosecond,10,20,0.448,-9.552,0,0,87390810,0,0,0,ok,
RUN_20260502_S7_L0_IDLE_10_20_S01_R01,S7_L0_IDLE_10_20,SER_20260502_S7_L0_IDLE_10_20_S01,HW_PLC,HW_PLC,13220,13220,13221,,,,345312000,plc_internal_rd_loc_t_nanosecond,10,20,0.617,-9.383,0,0,87404031,0,0,0,ok,
RUN_20260502_S7_L0_IDLE_10_20_S01_R01,S7_L0_IDLE_10_20,SER_20260502_S7_L0_IDLE_10_20_S01,HW_PLC,HW_PLC,13221,13221,13222,,,,345784000,plc_internal_rd_loc_t_nanosecond,10,20,0.472,-9.528,0,0,87417253,0,0,0,ok,
RUN_20260502_S7_L0_IDLE_10_20_S01_R01,S7_L0_IDLE_10_20,SER_20260502_S7_L0_IDLE_10_20_S01,HW_PLC,HW_PLC,13222,13222,13223,,,,346397000,plc_internal_rd_loc_t_nanosecond,10,20,0.613,-9.387,0,0,87430476,0,0,0,ok,
RUN_20260502_S7_L0_IDLE_10_20_S01_R01,S7_L0_IDLE_10_20,SER_20260502_S7_L0_IDLE_10_20_S01,HW_PLC,HW_PLC,13223,13223,13224,,,,346825000,plc_internal_rd_loc_t_nanosecond,10,20,0.428,-9.572,0,0,87443700,0,0,0,ok,
RUN_20260502_S7_L0_IDLE_10_20_S01_R01,S7_L0_IDLE_10_20,SER_20260502_S7_L0_IDLE_10_20_S01,HW_PLC,HW_PLC,13224,13224,13225,,,,347405000,plc_internal_rd_loc_t_nanosecond,10,20,0.58,-9.42,0,0,87456925,0,0,0,ok,
RUN_20260502_S7_L0_IDLE_10_20_S01_R01,S7_L0_IDLE_10_20,SER_20260502_S7_L0_IDLE_10_20_S01,HW_PLC,HW_PLC,13225,13225,13226,,,,347826000,plc_internal_rd_loc_t_nanosecond,10,20,0.421,-9.579,0,0,87470151,0,0,0,ok,
RUN_20260502_S7_L0_IDLE_10_20_S01_R01,S7_L0_IDLE_10_20,SER_20260502_S7_L0_IDLE_10_20_S01,HW_PLC,HW_PLC,13226,13226,13227,,,,348439000,plc_internal_rd_loc_t_nanosecond,10,20,0.613,-9.387,0,0,87483378,0,0,0,ok,
RUN_20260502_S7_L0_IDLE_10_20_S01_R01,S7_L0_IDLE_10_20,SER_20260502_S7_L0_IDLE_10_20_S01,HW_PLC,HW_PLC,13227,13227,13228,,,,348873000,plc_internal_rd_loc_t_nanosecond,10,20,0.434,-9.566,0,0,87496606,0,0,0,ok,
RUN_20260502_S7_L0_IDLE_10_20_S01_R01,S7_L0_IDLE_10_20,SER_20260502_S7_L0_IDLE_10_20_S01,HW_PLC,HW_PLC,13228,13228,13229,,,,349459000,plc_internal_rd_loc_t_nanosecond,10,20,0.586,-9.414,0,0,87509835,0,0,0,ok,
RUN_20260502_S7_L0_IDLE_10_20_S01_R01,S7_L0_IDLE_10_20,SER_20260502_S7_L0_IDLE_10_20_S01,HW_PLC,HW_PLC,13229,13229,13230,,,,349893000,plc_internal_rd_loc_t_nanosecond,10,20,0.434,-9.566,0,0,87523065,0,0,0,ok,
RUN_20260502_S7_L0_IDLE_10_20_S01_R01,S7_L0_IDLE_10_20,SER_20260502_S7_L0_IDLE_10_20_S01,HW_PLC,HW_PLC,13230,13230,13231,,,,350487000,plc_internal_rd_loc_t_nanosecond,10,20,0.594,-9.406,0,0,87536296,0,0,0,ok,
RUN_20260502_S7_L0_IDLE_10_20_S01_R01,S7_L0_IDLE_10_20,SER_20260502_S7_L0_IDLE_10_20_S01,HW_PLC,HW_PLC,13231,13231,13232,,,,350939000,plc_internal_rd_loc_t_nanosecond,10,20,0.452,-9.548,0,0,87549528,0,0,0,ok,
RUN_20260502_S7_L0_IDLE_10_20_S01_R01,S7_L0_IDLE_10_20,SER_20260502_S7_L0_IDLE_10_20_S01,HW_PLC,HW_PLC,13232,13232,13233,,,,351549000,plc_internal_rd_loc_t_nanosecond,10,20,0.61,-9.39,0,0,87562761,0,0,0,ok,
RUN_20260502_S7_L0_IDLE_10_20_S01_R01,S7_L0_IDLE_10_20,SER_20260502_S7_L0_IDLE_10_20_S01,HW_PLC,HW_PLC,13233,13233,13234,,,,351967000,plc_internal_rd_loc_t_nanosecond,10,20,0.418,-9.582,0,0,87575995,0,0,0,ok,
RUN_20260502_S7_L0_IDLE_10_20_S01_R01,S7_L0_IDLE_10_20,SER_20260502_S7_L0_IDLE_10_20_S01,HW_PLC,HW_PLC,13234,13234,13235,,,,352565000,plc_internal_rd_loc_t_nanosecond,10,20,0.598,-9.402,0,0,87589230,0,0,0,ok,
RUN_20260502_S7_L0_IDLE_10_20_S01_R01,S7_L0_IDLE_10_20,SER_20260502_S7_L0_IDLE_10_20_S01,HW_PLC,HW_PLC,13235,13235,13236,,,,352980000,plc_internal_rd_loc_t_nanosecond,10,20,0.415,-9.585,0,0,87602466,0,0,0,ok,
RUN_20260502_S7_L0_IDLE_10_20_S01_R01,S7_L0_IDLE_10_20,SER_20260502_S7_L0_IDLE_10_20_S01,HW_PLC,HW_PLC,13236,13236,13237,,,,353595000,plc_internal_rd_loc_t_nanosecond,10,20,0.615,-9.385,0,0,87615703,0,0,0,ok,
RUN_20260502_S7_L0_IDLE_10_20_S01_R01,S7_L0_IDLE_10_20,SER_20260502_S7_L0_IDLE_10_20_S01,HW_PLC,HW_PLC,13237,13237,13238,,,,354169000,plc_internal_rd_loc_t_nanosecond,10,20,0.574,-9.426,0,0,87628941,0,0,0,ok,
RUN_20260502_S7_L0_IDLE_10_20_S01_R01,S7_L0_IDLE_10_20,SER_20260502_S7_L0_IDLE_10_20_S01,HW_PLC,HW_PLC,13238,13238,13239,,,,354625000,plc_internal_rd_loc_t_nanosecond,10,20,0.456,-9.544,0,0,87642180,0,0,0,ok,
RUN_20260502_S7_L0_IDLE_10_20_S01_R01,S7_L0_IDLE_10_20,SER_20260502_S7_L0_IDLE_10_20_S01,HW_PLC,HW_PLC,13239,13239,13240,,,,355238000,plc_internal_rd_loc_t_nanosecond,10,20,0.613,-9.387,0,0,87655420,0,0,0,ok,
RUN_20260502_S7_L0_IDLE_10_20_S01_R01,S7_L0_IDLE_10_20,SER_20260502_S7_L0_IDLE_10_20_S01,HW_PLC,HW_PLC,13240,13240,13241,,,,355685000,plc_internal_rd_loc_t_nanosecond,10,20,0.447,-9.553,0,0,87668661,0,0,0,ok,
RUN_20260502_S7_L0_IDLE_10_20_S01_R01,S7_L0_IDLE_10_20,SER_20260502_S7_L0_IDLE_10_20_S01,HW_PLC,HW_PLC,13241,13241,13242,,,,356308000,plc_internal_rd_loc_t_nanosecond,10,20,0.623,-9.377,0,0,87681903,0,0,0,ok,
RUN_20260502_S7_L0_IDLE_10_20_S01_R01,S7_L0_IDLE_10_20,SER_20260502_S7_L0_IDLE_10_20_S01,HW_PLC,HW_PLC,13242,13242,13243,,,,356758000,plc_internal_rd_loc_t_nanosecond,10,20,0.45,-9.55,0,0,87695146,0,0,0,ok,
RUN_20260502_S7_L0_IDLE_10_20_S01_R01,S7_L0_IDLE_10_20,SER_20260502_S7_L0_IDLE_10_20_S01,HW_PLC,HW_PLC,13243,13243,13244,,,,357348000,plc_internal_rd_loc_t_nanosecond,10,20,0.59,-9.41,0,0,87708390,0,0,0,ok,
RUN_20260502_S7_L0_IDLE_10_20_S01_R01,S7_L0_IDLE_10_20,SER_20260502_S7_L0_IDLE_10_20_S01,HW_PLC,HW_PLC,13244,13244,13245,,,,357783000,plc_internal_rd_loc_t_nanosecond,10,20,0.435,-9.565,0,0,87721635,0,0,0,ok,
RUN_20260502_S7_L0_IDLE_10_20_S01_R01,S7_L0_IDLE_10_20,SER_20260502_S7_L0_IDLE_10_20_S01,HW_PLC,HW_PLC,13245,13245,13246,,,,358366000,plc_internal_rd_loc_t_nanosecond,10,20,0.583,-9.417,0,0,87734881,0,0,0,ok,
RUN_20260502_S7_L0_IDLE_10_20_S01_R01,S7_L0_IDLE_10_20,SER_20260502_S7_L0_IDLE_10_20_S01,HW_PLC,HW_PLC,13246,13246,13247,,,,358831000,plc_internal_rd_loc_t_nanosecond,10,20,0.465,-9.535,0,0,87748128,0,0,0,ok,
RUN_20260502_S7_L0_IDLE_10_20_S01_R01,S7_L0_IDLE_10_20,SER_20260502_S7_L0_IDLE_10_20_S01,HW_PLC,HW_PLC,13247,13247,13248,,,,359420000,plc_internal_rd_loc_t_nanosecond,10,20,0.589,-9.411,0,0,87761376,0,0,0,ok,
RUN_20260502_S7_L0_IDLE_10_20_S01_R01,S7_L0_IDLE_10_20,SER_20260502_S7_L0_IDLE_10_20_S01,HW_PLC,HW_PLC,13248,13248,13249,,,,359854000,plc_internal_rd_loc_t_nanosecond,10,20,0.434,-9.566,0,0,87774625,0,0,0,ok,
RUN_20260502_S7_L0_IDLE_10_20_S01_R01,S7_L0_IDLE_10_20,SER_20260502_S7_L0_IDLE_10_20_S01,HW_PLC,HW_PLC,13249,13249,13250,,,,360448000,plc_internal_rd_loc_t_nanosecond,10,20,0.594,-9.406,0,0,87787875,0,0,0,ok,
RUN_20260502_S7_L0_IDLE_10_20_S01_R01,S7_L0_IDLE_10_20,SER_20260502_S7_L0_IDLE_10_20_S01,HW_PLC,HW_PLC,13250,13250,13251,,,,360873000,plc_internal_rd_loc_t_nanosecond,10,20,0.425,-9.575,0,0,87801126,0,0,0,ok,
RUN_20260502_S7_L0_IDLE_10_20_S01_R01,S7_L0_IDLE_10_20,SER_20260502_S7_L0_IDLE_10_20_S01,HW_PLC,HW_PLC,13251,13251,13252,,,,361486000,plc_internal_rd_loc_t_nanosecond,10,20,0.613,-9.387,0,0,87814378,0,0,0,ok,
RUN_20260502_S7_L0_IDLE_10_20_S01_R01,S7_L0_IDLE_10_20,SER_20260502_S7_L0_IDLE_10_20_S01,HW_PLC,HW_PLC,13252,13252,13253,,,,361927000,plc_internal_rd_loc_t_nanosecond,10,20,0.441,-9.559,0,0,87827631,0,0,0,ok,
RUN_20260502_S7_L0_IDLE_10_20_S01_R01,S7_L0_IDLE_10_20,SER_20260502_S7_L0_IDLE_10_20_S01,HW_PLC,HW_PLC,13253,13253,13254,,,,362521000,plc_internal_rd_loc_t_nanosecond,10,20,0.594,-9.406,0,0,87840885,0,0,0,ok,
RUN_20260502_S7_L0_IDLE_10_20_S01_R01,S7_L0_IDLE_10_20,SER_20260502_S7_L0_IDLE_10_20_S01,HW_PLC,HW_PLC,13254,13254,13255,,,,362948000,plc_internal_rd_loc_t_nanosecond,10,20,0.427,-9.573,0,0,87854140,0,0,0,ok,
RUN_20260502_S7_L0_IDLE_10_20_S01_R01,S7_L0_IDLE_10_20,SER_20260502_S7_L0_IDLE_10_20_S01,HW_PLC,HW_PLC,13255,13255,13256,,,,363535000,plc_internal_rd_loc_t_nanosecond,10,20,0.587,-9.413,0,0,87867396,0,0,0,ok,
RUN_20260502_S7_L0_IDLE_10_20_S01_R01,S7_L0_IDLE_10_20,SER_20260502_S7_L0_IDLE_10_20_S01,HW_PLC,HW_PLC,13256,13256,13257,,,,363985000,plc_internal_rd_loc_t_nanosecond,10,20,0.45,-9.55,0,0,87880653,0,0,0,ok,
RUN_20260502_S7_L0_IDLE_10_20_S01_R01,S7_L0_IDLE_10_20,SER_20260502_S7_L0_IDLE_10_20_S01,HW_PLC,HW_PLC,13257,13257,13258,,,,364585000,plc_internal_rd_loc_t_nanosecond,10,20,0.6,-9.4,0,0,87893911,0,0,0,ok,
RUN_20260502_S7_L0_IDLE_10_20_S01_R01,S7_L0_IDLE_10_20,SER_20260502_S7_L0_IDLE_10_20_S01,HW_PLC,HW_PLC,13258,13258,13259,,,,365183000,plc_internal_rd_loc_t_nanosecond,10,20,0.598,-9.402,0,0,87907170,0,0,0,ok,
RUN_20260502_S7_L0_IDLE_10_20_S01_R01,S7_L0_IDLE_10_20,SER_20260502_S7_L0_IDLE_10_20_S01,HW_PLC,HW_PLC,13259,13259,13260,,,,365643000,plc_internal_rd_loc_t_nanosecond,10,20,0.46,-9.54,0,0,87920430,0,0,0,ok,
RUN_20260502_S7_L0_IDLE_10_20_S01_R01,S7_L0_IDLE_10_20,SER_20260502_S7_L0_IDLE_10_20_S01,HW_PLC,HW_PLC,13260,13260,13261,,,,366215000,plc_internal_rd_loc_t_nanosecond,10,20,0.572,-9.427999,0,0,87933691,0,0,0,ok,
RUN_20260502_S7_L0_IDLE_10_20_S01_R01,S7_L0_IDLE_10_20,SER_20260502_S7_L0_IDLE_10_20_S01,HW_PLC,HW_PLC,13261,13261,13262,,,,366693000,plc_internal_rd_loc_t_nanosecond,10,20,0.478,-9.522,0,0,87946953,0,0,0,ok,
RUN_20260502_S7_L0_IDLE_10_20_S01_R01,S7_L0_IDLE_10_20,SER_20260502_S7_L0_IDLE_10_20_S01,HW_PLC,HW_PLC,13262,13262,13263,,,,367277000,plc_internal_rd_loc_t_nanosecond,10,20,0.584,-9.416,0,0,87960216,0,0,0,ok,
RUN_20260502_S7_L0_IDLE_10_20_S01_R01,S7_L0_IDLE_10_20,SER_20260502_S7_L0_IDLE_10_20_S01,HW_PLC,HW_PLC,13263,13263,13264,,,,367715000,plc_internal_rd_loc_t_nanosecond,10,20,0.438,-9.562,0,0,87973480,0,0,0,ok,
RUN_20260502_S7_L0_IDLE_10_20_S01_R01,S7_L0_IDLE_10_20,SER_20260502_S7_L0_IDLE_10_20_S01,HW_PLC,HW_PLC,13264,13264,13265,,,,368285000,plc_internal_rd_loc_t_nanosecond,10,20,0.57,-9.43,0,0,87986745,0,0,0,ok,
RUN_20260502_S7_L0_IDLE_10_20_S01_R01,S7_L0_IDLE_10_20,SER_20260502_S7_L0_IDLE_10_20_S01,HW_PLC,HW_PLC,13265,13265,13266,,,,368719000,plc_internal_rd_loc_t_nanosecond,10,20,0.434,-9.566,0,0,88000011,0,0,0,ok,
RUN_20260502_S7_L0_IDLE_10_20_S01_R01,S7_L0_IDLE_10_20,SER_20260502_S7_L0_IDLE_10_20_S01,HW_PLC,HW_PLC,13266,13266,13267,,,,369323000,plc_internal_rd_loc_t_nanosecond,10,20,0.604,-9.396,0,0,88013278,0,0,0,ok,
RUN_20260502_S7_L0_IDLE_10_20_S01_R01,S7_L0_IDLE_10_20,SER_20260502_S7_L0_IDLE_10_20_S01,HW_PLC,HW_PLC,13267,13267,13268,,,,369755000,plc_internal_rd_loc_t_nanosecond,10,20,0.432,-9.568,0,0,88026546,0,0,0,ok,
RUN_20260502_S7_L0_IDLE_10_20_S01_R01,S7_L0_IDLE_10_20,SER_20260502_S7_L0_IDLE_10_20_S01,HW_PLC,HW_PLC,13268,13268,13269,,,,370334000,plc_internal_rd_loc_t_nanosecond,10,20,0.579,-9.421,0,0,88039815,0,0,0,ok,
RUN_20260502_S7_L0_IDLE_10_20_S01_R01,S7_L0_IDLE_10_20,SER_20260502_S7_L0_IDLE_10_20_S01,HW_PLC,HW_PLC,13269,13269,13270,,,,370766000,plc_internal_rd_loc_t_nanosecond,10,20,0.432,-9.568,0,0,88053085,0,0,0,ok,
RUN_20260502_S7_L0_IDLE_10_20_S01_R01,S7_L0_IDLE_10_20,SER_20260502_S7_L0_IDLE_10_20_S01,HW_PLC,HW_PLC,13270,13270,13271,,,,372535000,plc_internal_rd_loc_t_nanosecond,10,20,1.769,-8.231,0,0,88066356,0,0,0,ok,
RUN_20260502_S7_L0_IDLE_10_20_S01_R01,S7_L0_IDLE_10_20,SER_20260502_S7_L0_IDLE_10_20_S01,HW_PLC,HW_PLC,13271,13271,13272,,,,373144000,plc_internal_rd_loc_t_nanosecond,10,20,0.609,-9.391,0,0,88079628,0,0,0,ok,
RUN_20260502_S7_L0_IDLE_10_20_S01_R01,S7_L0_IDLE_10_20,SER_20260502_S7_L0_IDLE_10_20_S01,HW_PLC,HW_PLC,13272,13272,13273,,,,373588000,plc_internal_rd_loc_t_nanosecond,10,20,0.444,-9.556,0,0,88092901,0,0,0,ok,
RUN_20260502_S7_L0_IDLE_10_20_S01_R01,S7_L0_IDLE_10_20,SER_20260502_S7_L0_IDLE_10_20_S01,HW_PLC,HW_PLC,13273,13273,13274,,,,373989000,plc_internal_rd_loc_t_nanosecond,10,20,0.401,-9.599,0,0,88106175,0,0,0,ok,
RUN_20260502_S7_L0_IDLE_10_20_S01_R01,S7_L0_IDLE_10_20,SER_20260502_S7_L0_IDLE_10_20_S01,HW_PLC,HW_PLC,13274,13274,13275,,,,375392000,plc_internal_rd_loc_t_nanosecond,10,20,1.403,-8.597,0,0,88119450,0,0,0,ok,
RUN_20260502_S7_L0_IDLE_10_20_S01_R01,S7_L0_IDLE_10_20,SER_20260502_S7_L0_IDLE_10_20_S01,HW_PLC,HW_PLC,13275,13275,13276,,,,375828000,plc_internal_rd_loc_t_nanosecond,10,20,0.436,-9.564,0,0,88132726,0,0,0,ok,
RUN_20260502_S7_L0_IDLE_10_20_S01_R01,S7_L0_IDLE_10_20,SER_20260502_S7_L0_IDLE_10_20_S01,HW_PLC,HW_PLC,13276,13276,13277,,,,376405000,plc_internal_rd_loc_t_nanosecond,10,20,0.577,-9.423,0,0,88146003,0,0,0,ok,
RUN_20260502_S7_L0_IDLE_10_20_S01_R01,S7_L0_IDLE_10_20,SER_20260502_S7_L0_IDLE_10_20_S01,HW_PLC,HW_PLC,13277,13277,13278,,,,376809000,plc_internal_rd_loc_t_nanosecond,10,20,0.404,-9.596,0,0,88159281,0,0,0,ok,
RUN_20260502_S7_L0_IDLE_10_20_S01_R01,S7_L0_IDLE_10_20,SER_20260502_S7_L0_IDLE_10_20_S01,HW_PLC,HW_PLC,13278,13278,13279,,,,378174000,plc_internal_rd_loc_t_nanosecond,10,20,1.365,-8.635,0,0,88172560,0,0,0,ok,
RUN_20260502_S7_L0_IDLE_10_20_S01_R01,S7_L0_IDLE_10_20,SER_20260502_S7_L0_IDLE_10_20_S01,HW_PLC,HW_PLC,13279,13279,13280,,,,378629000,plc_internal_rd_loc_t_nanosecond,10,20,0.455,-9.545,0,0,88185840,0,0,0,ok,
RUN_20260502_S7_L0_IDLE_10_20_S01_R01,S7_L0_IDLE_10_20,SER_20260502_S7_L0_IDLE_10_20_S01,HW_PLC,HW_PLC,13280,13280,13281,,,,379196000,plc_internal_rd_loc_t_nanosecond,10,20,0.567,-9.433,0,0,88199121,0,0,0,ok,
RUN_20260502_S7_L0_IDLE_10_20_S01_R01,S7_L0_IDLE_10_20,SER_20260502_S7_L0_IDLE_10_20_S01,HW_PLC,HW_PLC,13281,13281,13282,,,,380384000,plc_internal_rd_loc_t_nanosecond,10,20,1.188,-8.812,0,0,88212403,0,0,0,ok,
RUN_20260502_S7_L0_IDLE_10_20_S01_R01,S7_L0_IDLE_10_20,SER_20260502_S7_L0_IDLE_10_20_S01,HW_PLC,HW_PLC,13282,13282,13283,,,,380847000,plc_internal_rd_loc_t_nanosecond,10,20,0.463,-9.537,0,0,88225686,0,0,0,ok,
RUN_20260502_S7_L0_IDLE_10_20_S01_R01,S7_L0_IDLE_10_20,SER_20260502_S7_L0_IDLE_10_20_S01,HW_PLC,HW_PLC,13283,13283,13284,,,,381425000,plc_internal_rd_loc_t_nanosecond,10,20,0.578,-9.422,0,0,88238970,0,0,0,ok,
RUN_20260502_S7_L0_IDLE_10_20_S01_R01,S7_L0_IDLE_10_20,SER_20260502_S7_L0_IDLE_10_20_S01,HW_PLC,HW_PLC,13284,13284,13285,,,,381837000,plc_internal_rd_loc_t_nanosecond,10,20,0.412,-9.588,0,0,88252255,0,0,0,ok,
RUN_20260502_S7_L0_IDLE_10_20_S01_R01,S7_L0_IDLE_10_20,SER_20260502_S7_L0_IDLE_10_20_S01,HW_PLC,HW_PLC,13285,13285,13286,,,,382997000,plc_internal_rd_loc_t_nanosecond,10,20,1.16,-8.84,0,0,88265541,0,0,0,ok,
RUN_20260502_S7_L0_IDLE_10_20_S01_R01,S7_L0_IDLE_10_20,SER_20260502_S7_L0_IDLE_10_20_S01,HW_PLC,HW_PLC,13286,13286,13287,,,,383615000,plc_internal_rd_loc_t_nanosecond,10,20,0.618,-9.382,0,0,88278828,0,0,0,ok,
RUN_20260502_S7_L0_IDLE_10_20_S01_R01,S7_L0_IDLE_10_20,SER_20260502_S7_L0_IDLE_10_20_S01,HW_PLC,HW_PLC,13287,13287,13288,,,,384169000,plc_internal_rd_loc_t_nanosecond,10,20,0.554,-9.446,0,0,88292116,0,0,0,ok,
RUN_20260502_S7_L0_IDLE_10_20_S01_R01,S7_L0_IDLE_10_20,SER_20260502_S7_L0_IDLE_10_20_S01,HW_PLC,HW_PLC,13288,13288,13289,,,,384595000,plc_internal_rd_loc_t_nanosecond,10,20,0.426,-9.574,0,0,88305405,0,0,0,ok,
RUN_20260502_S7_L0_IDLE_10_20_S01_R01,S7_L0_IDLE_10_20,SER_20260502_S7_L0_IDLE_10_20_S01,HW_PLC,HW_PLC,13289,13289,13290,,,,385776000,plc_internal_rd_loc_t_nanosecond,10,20,1.181,-8.819,0,0,88318695,0,0,0,ok,
RUN_20260502_S7_L0_IDLE_10_20_S01_R01,S7_L0_IDLE_10_20,SER_20260502_S7_L0_IDLE_10_20_S01,HW_PLC,HW_PLC,13290,13290,13291,,,,386366000,plc_internal_rd_loc_t_nanosecond,10,20,0.59,-9.41,0,0,88331986,0,0,0,ok,
RUN_20260502_S7_L0_IDLE_10_20_S01_R01,S7_L0_IDLE_10_20,SER_20260502_S7_L0_IDLE_10_20_S01,HW_PLC,HW_PLC,13291,13291,13292,,,,386791000,plc_internal_rd_loc_t_nanosecond,10,20,0.425,-9.575,0,0,88345278,0,0,0,ok,
RUN_20260502_S7_L0_IDLE_10_20_S01_R01,S7_L0_IDLE_10_20,SER_20260502_S7_L0_IDLE_10_20_S01,HW_PLC,HW_PLC,13292,13292,13293,,,,387951000,plc_internal_rd_loc_t_nanosecond,10,20,1.16,-8.84,0,0,88358571,0,0,0,ok,
RUN_20260502_S7_L0_IDLE_10_20_S01_R01,S7_L0_IDLE_10_20,SER_20260502_S7_L0_IDLE_10_20_S01,HW_PLC,HW_PLC,13293,13293,13294,,,,388589000,plc_internal_rd_loc_t_nanosecond,10,20,0.638,-9.362,0,0,88371865,0,0,0,ok,
RUN_20260502_S7_L0_IDLE_10_20_S01_R01,S7_L0_IDLE_10_20,SER_20260502_S7_L0_IDLE_10_20_S01,HW_PLC,HW_PLC,13294,13294,13295,,,,389162000,plc_internal_rd_loc_t_nanosecond,10,20,0.573,-9.427,0,0,88385160,0,0,0,ok,
RUN_20260502_S7_L0_IDLE_10_20_S01_R01,S7_L0_IDLE_10_20,SER_20260502_S7_L0_IDLE_10_20_S01,HW_PLC,HW_PLC,13295,13295,13296,,,,389604000,plc_internal_rd_loc_t_nanosecond,10,20,0.442,-9.558,0,0,88398456,0,0,0,ok,
RUN_20260502_S7_L0_IDLE_10_20_S01_R01,S7_L0_IDLE_10_20,SER_20260502_S7_L0_IDLE_10_20_S01,HW_PLC,HW_PLC,13296,13296,13297,,,,390734000,plc_internal_rd_loc_t_nanosecond,10,20,1.13,-8.87,0,0,88411753,0,0,0,ok,
RUN_20260502_S7_L0_IDLE_10_20_S01_R01,S7_L0_IDLE_10_20,SER_20260502_S7_L0_IDLE_10_20_S01,HW_PLC,HW_PLC,13297,13297,13298,,,,391363000,plc_internal_rd_loc_t_nanosecond,10,20,0.629,-9.371,0,0,88425051,0,0,0,ok,
RUN_20260502_S7_L0_IDLE_10_20_S01_R01,S7_L0_IDLE_10_20,SER_20260502_S7_L0_IDLE_10_20_S01,HW_PLC,HW_PLC,13298,13298,13299,,,,391790000,plc_internal_rd_loc_t_nanosecond,10,20,0.427,-9.573,0,0,88438350,0,0,0,ok,
RUN_20260502_S7_L0_IDLE_10_20_S01_R01,S7_L0_IDLE_10_20,SER_20260502_S7_L0_IDLE_10_20_S01,HW_PLC,HW_PLC,13299,13299,13300,,,,392352000,plc_internal_rd_loc_t_nanosecond,10,20,0.562,-9.438,0,1,88451650,0,0,0,ok,
RUN_20260502_S7_L0_IDLE_10_20_S01_R01,S7_L0_IDLE_10_20,SER_20260502_S7_L0_IDLE_10_20_S01,HW_PLC,HW_PLC,13300,13300,13301,,,,393533000,plc_internal_rd_loc_t_nanosecond,10,20,1.181,-8.819,0,1,88464951,0,0,0,ok,
RUN_20260502_S7_L0_IDLE_10_20_S01_R01,S7_L0_IDLE_10_20,SER_20260502_S7_L0_IDLE_10_20_S01,HW_PLC,HW_PLC,13301,13301,13302,,,,393974000,plc_internal_rd_loc_t_nanosecond,10,20,0.441,-9.559,0,1,88478253,0,0,0,ok,
RUN_20260502_S7_L0_IDLE_10_20_S01_R01,S7_L0_IDLE_10_20,SER_20260502_S7_L0_IDLE_10_20_S01,HW_PLC,HW_PLC,13302,13302,13303,,,,394550000,plc_internal_rd_loc_t_nanosecond,10,20,0.576,-9.424,0,1,88491556,0,0,0,ok,
RUN_20260502_S7_L0_IDLE_10_20_S01_R01,S7_L0_IDLE_10_20,SER_20260502_S7_L0_IDLE_10_20_S01,HW_PLC,HW_PLC,13303,13303,13304,,,,394956000,plc_internal_rd_loc_t_nanosecond,10,20,0.406,-9.594,0,1,88504860,0,0,0,ok,
RUN_20260502_S7_L0_IDLE_10_20_S01_R01,S7_L0_IDLE_10_20,SER_20260502_S7_L0_IDLE_10_20_S01,HW_PLC,HW_PLC,13304,13304,13305,,,,396584000,plc_internal_rd_loc_t_nanosecond,10,20,1.628,-8.372,0,1,88518165,0,0,0,ok,
RUN_20260502_S7_L0_IDLE_10_20_S01_R01,S7_L0_IDLE_10_20,SER_20260502_S7_L0_IDLE_10_20_S01,HW_PLC,HW_PLC,13305,13305,13306,,,,397177000,plc_internal_rd_loc_t_nanosecond,10,20,0.593,-9.407,0,1,88531471,0,0,0,ok,
RUN_20260502_S7_L0_IDLE_10_20_S01_R01,S7_L0_IDLE_10_20,SER_20260502_S7_L0_IDLE_10_20_S01,HW_PLC,HW_PLC,13306,13306,13307,,,,397613000,plc_internal_rd_loc_t_nanosecond,10,20,0.436,-9.564,0,1,88544778,0,0,0,ok,
RUN_20260502_S7_L0_IDLE_10_20_S01_R01,S7_L0_IDLE_10_20,SER_20260502_S7_L0_IDLE_10_20_S01,HW_PLC,HW_PLC,13307,13307,13308,,,,398745000,plc_internal_rd_loc_t_nanosecond,10,20,1.132,-8.868,0,1,88558086,0,0,0,ok,
RUN_20260502_S7_L0_IDLE_10_20_S01_R01,S7_L0_IDLE_10_20,SER_20260502_S7_L0_IDLE_10_20_S01,HW_PLC,HW_PLC,13308,13308,13309,,,,399357000,plc_internal_rd_loc_t_nanosecond,10,20,0.612,-9.388,0,1,88571395,0,0,0,ok,
RUN_20260502_S7_L0_IDLE_10_20_S01_R01,S7_L0_IDLE_10_20,SER_20260502_S7_L0_IDLE_10_20_S01,HW_PLC,HW_PLC,13309,13309,13310,,,,399779000,plc_internal_rd_loc_t_nanosecond,10,20,0.422,-9.578,0,1,88584705,0,0,0,ok,
RUN_20260502_S7_L0_IDLE_10_20_S01_R01,S7_L0_IDLE_10_20,SER_20260502_S7_L0_IDLE_10_20_S01,HW_PLC,HW_PLC,13310,13310,13311,,,,400352000,plc_internal_rd_loc_t_nanosecond,10,20,0.573,-9.427,0,1,88598016,0,0,0,ok,
RUN_20260502_S7_L0_IDLE_10_20_S01_R01,S7_L0_IDLE_10_20,SER_20260502_S7_L0_IDLE_10_20_S01,HW_PLC,HW_PLC,13311,13311,13312,,,,401599000,plc_internal_rd_loc_t_nanosecond,10,20,1.247,-8.753,0,1,88611328,0,0,0,ok,
RUN_20260502_S7_L0_IDLE_10_20_S01_R01,S7_L0_IDLE_10_20,SER_20260502_S7_L0_IDLE_10_20_S01,HW_PLC,HW_PLC,13312,13312,13313,,,,402182000,plc_internal_rd_loc_t_nanosecond,10,20,0.583,-9.417,0,1,88624641,0,0,0,ok,
RUN_20260502_S7_L0_IDLE_10_20_S01_R01,S7_L0_IDLE_10_20,SER_20260502_S7_L0_IDLE_10_20_S01,HW_PLC,HW_PLC,13313,13313,13314,,,,402610000,plc_internal_rd_loc_t_nanosecond,10,20,0.428,-9.572,0,1,88637955,0,0,0,ok,
RUN_20260502_S7_L0_IDLE_10_20_S01_R01,S7_L0_IDLE_10_20,SER_20260502_S7_L0_IDLE_10_20_S01,HW_PLC,HW_PLC,13314,13314,13315,,,,403692000,plc_internal_rd_loc_t_nanosecond,10,20,1.082,-8.918,0,1,88651270,0,0,0,ok,
RUN_20260502_S7_L0_IDLE_10_20_S01_R01,S7_L0_IDLE_10_20,SER_20260502_S7_L0_IDLE_10_20_S01,HW_PLC,HW_PLC,13315,13315,13316,,,,404390000,plc_internal_rd_loc_t_nanosecond,10,20,0.698,-9.302,0,1,88664586,0,0,0,ok,
RUN_20260502_S7_L0_IDLE_10_20_S01_R01,S7_L0_IDLE_10_20,SER_20260502_S7_L0_IDLE_10_20_S01,HW_PLC,HW_PLC,13316,13316,13317,,,,404826000,plc_internal_rd_loc_t_nanosecond,10,20,0.436,-9.564,0,1,88677903,0,0,0,ok,
RUN_20260502_S7_L0_IDLE_10_20_S01_R01,S7_L0_IDLE_10_20,SER_20260502_S7_L0_IDLE_10_20_S01,HW_PLC,HW_PLC,13317,13317,13318,,,,405473000,plc_internal_rd_loc_t_nanosecond,10,20,0.647,-9.353,0,1,88691221,0,0,0,ok,
RUN_20260502_S7_L0_IDLE_10_20_S01_R01,S7_L0_IDLE_10_20,SER_20260502_S7_L0_IDLE_10_20_S01,HW_PLC,HW_PLC,13318,13318,13319,,,,406701000,plc_internal_rd_loc_t_nanosecond,10,20,1.228,-8.772,0,1,88704540,0,0,0,ok,
RUN_20260502_S7_L0_IDLE_10_20_S01_R01,S7_L0_IDLE_10_20,SER_20260502_S7_L0_IDLE_10_20_S01,HW_PLC,HW_PLC,13319,13319,13320,,,,407354000,plc_internal_rd_loc_t_nanosecond,10,20,0.653,-9.347,0,1,88717860,0,0,0,ok,
RUN_20260502_S7_L0_IDLE_10_20_S01_R01,S7_L0_IDLE_10_20,SER_20260502_S7_L0_IDLE_10_20_S01,HW_PLC,HW_PLC,13320,13320,13321,,,,407787000,plc_internal_rd_loc_t_nanosecond,10,20,0.433,-9.567,0,1,88731181,0,0,0,ok,
RUN_20260502_S7_L0_IDLE_10_20_S01_R01,S7_L0_IDLE_10_20,SER_20260502_S7_L0_IDLE_10_20_S01,HW_PLC,HW_PLC,13321,13321,13322,,,,408969000,plc_internal_rd_loc_t_nanosecond,10,20,1.182,-8.818,0,1,88744503,0,0,0,ok,
RUN_20260502_S7_L0_IDLE_10_20_S01_R01,S7_L0_IDLE_10_20,SER_20260502_S7_L0_IDLE_10_20_S01,HW_PLC,HW_PLC,13322,13322,13323,,,,409627000,plc_internal_rd_loc_t_nanosecond,10,20,0.658,-9.342,0,1,88757826,0,0,0,ok,
RUN_20260502_S7_L0_IDLE_10_20_S01_R01,S7_L0_IDLE_10_20,SER_20260502_S7_L0_IDLE_10_20_S01,HW_PLC,HW_PLC,13323,13323,13324,,,,410214000,plc_internal_rd_loc_t_nanosecond,10,20,0.587,-9.413,0,1,88771150,0,0,0,ok,
RUN_20260502_S7_L0_IDLE_10_20_S01_R01,S7_L0_IDLE_10_20,SER_20260502_S7_L0_IDLE_10_20_S01,HW_PLC,HW_PLC,13324,13324,13325,,,,410642000,plc_internal_rd_loc_t_nanosecond,10,20,0.428,-9.572,0,1,88784475,0,0,0,ok,
RUN_20260502_S7_L0_IDLE_10_20_S01_R01,S7_L0_IDLE_10_20,SER_20260502_S7_L0_IDLE_10_20_S01,HW_PLC,HW_PLC,13325,13325,13326,,,,411790000,plc_internal_rd_loc_t_nanosecond,10,20,1.148,-8.852,0,1,88797801,0,0,0,ok,
RUN_20260502_S7_L0_IDLE_10_20_S01_R01,S7_L0_IDLE_10_20,SER_20260502_S7_L0_IDLE_10_20_S01,HW_PLC,HW_PLC,13326,13326,13327,,,,412407000,plc_internal_rd_loc_t_nanosecond,10,20,0.617,-9.383,0,1,88811128,0,0,0,ok,
RUN_20260502_S7_L0_IDLE_10_20_S01_R01,S7_L0_IDLE_10_20,SER_20260502_S7_L0_IDLE_10_20_S01,HW_PLC,HW_PLC,13327,13327,13328,,,,412826000,plc_internal_rd_loc_t_nanosecond,10,20,0.419,-9.581,0,1,88824456,0,0,0,ok,
RUN_20260502_S7_L0_IDLE_10_20_S01_R01,S7_L0_IDLE_10_20,SER_20260502_S7_L0_IDLE_10_20_S01,HW_PLC,HW_PLC,13328,13328,13329,,,,413391000,plc_internal_rd_loc_t_nanosecond,10,20,0.565,-9.435,0,1,88837785,0,0,0,ok,
RUN_20260502_S7_L0_IDLE_10_20_S01_R01,S7_L0_IDLE_10_20,SER_20260502_S7_L0_IDLE_10_20_S01,HW_PLC,HW_PLC,13329,13329,13330,,,,414625000,plc_internal_rd_loc_t_nanosecond,10,20,1.234,-8.766,0,1,88851115,0,0,0,ok,
RUN_20260502_S7_L0_IDLE_10_20_S01_R01,S7_L0_IDLE_10_20,SER_20260502_S7_L0_IDLE_10_20_S01,HW_PLC,HW_PLC,13330,13330,13331,,,,415255000,plc_internal_rd_loc_t_nanosecond,10,20,0.63,-9.37,0,1,88864446,0,0,0,ok,
RUN_20260502_S7_L0_IDLE_10_20_S01_R01,S7_L0_IDLE_10_20,SER_20260502_S7_L0_IDLE_10_20_S01,HW_PLC,HW_PLC,13331,13331,13332,,,,415678000,plc_internal_rd_loc_t_nanosecond,10,20,0.423,-9.577,0,1,88877778,0,0,0,ok,
RUN_20260502_S7_L0_IDLE_10_20_S01_R01,S7_L0_IDLE_10_20,SER_20260502_S7_L0_IDLE_10_20_S01,HW_PLC,HW_PLC,13332,13332,13333,,,,416841000,plc_internal_rd_loc_t_nanosecond,10,20,1.163,-8.837,0,1,88891111,0,0,0,ok,
RUN_20260502_S7_L0_IDLE_10_20_S01_R01,S7_L0_IDLE_10_20,SER_20260502_S7_L0_IDLE_10_20_S01,HW_PLC,HW_PLC,13333,13333,13334,,,,417526000,plc_internal_rd_loc_t_nanosecond,10,20,0.685,-9.315,0,1,88904445,0,0,0,ok,
RUN_20260502_S7_L0_IDLE_10_20_S01_R01,S7_L0_IDLE_10_20,SER_20260502_S7_L0_IDLE_10_20_S01,HW_PLC,HW_PLC,13334,13334,13335,,,,417950000,plc_internal_rd_loc_t_nanosecond,10,20,0.424,-9.576,0,1,88917780,0,0,0,ok,
RUN_20260502_S7_L0_IDLE_10_20_S01_R01,S7_L0_IDLE_10_20,SER_20260502_S7_L0_IDLE_10_20_S01,HW_PLC,HW_PLC,13335,13335,13336,,,,418561000,plc_internal_rd_loc_t_nanosecond,10,20,0.611,-9.389,0,1,88931116,0,0,0,ok,
RUN_20260502_S7_L0_IDLE_10_20_S01_R01,S7_L0_IDLE_10_20,SER_20260502_S7_L0_IDLE_10_20_S01,HW_PLC,HW_PLC,13336,13336,13337,,,,419703000,plc_internal_rd_loc_t_nanosecond,10,20,1.142,-8.858,0,1,88944453,0,0,0,ok,
RUN_20260502_S7_L0_IDLE_10_20_S01_R01,S7_L0_IDLE_10_20,SER_20260502_S7_L0_IDLE_10_20_S01,HW_PLC,HW_PLC,13337,13337,13338,,,,420314000,plc_internal_rd_loc_t_nanosecond,10,20,0.611,-9.389,0,1,88957791,0,0,0,ok,
RUN_20260502_S7_L0_IDLE_10_20_S01_R01,S7_L0_IDLE_10_20,SER_20260502_S7_L0_IDLE_10_20_S01,HW_PLC,HW_PLC,13338,13338,13339,,,,420745000,plc_internal_rd_loc_t_nanosecond,10,20,0.431,-9.569,0,1,88971130,0,0,0,ok,
RUN_20260502_S7_L0_IDLE_10_20_S01_R01,S7_L0_IDLE_10_20,SER_20260502_S7_L0_IDLE_10_20_S01,HW_PLC,HW_PLC,13339,13339,13340,,,,421913000,plc_internal_rd_loc_t_nanosecond,10,20,1.168,-8.832,0,1,88984470,0,0,0,ok,
RUN_20260502_S7_L0_IDLE_10_20_S01_R01,S7_L0_IDLE_10_20,SER_20260502_S7_L0_IDLE_10_20_S01,HW_PLC,HW_PLC,13340,13340,13341,,,,422571000,plc_internal_rd_loc_t_nanosecond,10,20,0.658,-9.342,0,1,88997811,0,0,0,ok,
RUN_20260502_S7_L0_IDLE_10_20_S01_R01,S7_L0_IDLE_10_20,SER_20260502_S7_L0_IDLE_10_20_S01,HW_PLC,HW_PLC,13341,13341,13342,,,,422997000,plc_internal_rd_loc_t_nanosecond,10,20,0.426,-9.574,0,1,89011153,0,0,0,ok,
RUN_20260502_S7_L0_IDLE_10_20_S01_R01,S7_L0_IDLE_10_20,SER_20260502_S7_L0_IDLE_10_20_S01,HW_PLC,HW_PLC,13342,13342,13343,,,,423582000,plc_internal_rd_loc_t_nanosecond,10,20,0.585,-9.415,0,1,89024496,0,0,0,ok,
RUN_20260502_S7_L0_IDLE_10_20_S01_R01,S7_L0_IDLE_10_20,SER_20260502_S7_L0_IDLE_10_20_S01,HW_PLC,HW_PLC,13343,13343,13344,,,,424685000,plc_internal_rd_loc_t_nanosecond,10,20,1.103,-8.897,0,1,89037840,0,0,0,ok,
RUN_20260502_S7_L0_IDLE_10_20_S01_R01,S7_L0_IDLE_10_20,SER_20260502_S7_L0_IDLE_10_20_S01,HW_PLC,HW_PLC,13344,13344,13345,,,,425371000,plc_internal_rd_loc_t_nanosecond,10,20,0.686,-9.314,0,1,89051185,0,0,0,ok,
RUN_20260502_S7_L0_IDLE_10_20_S01_R01,S7_L0_IDLE_10_20,SER_20260502_S7_L0_IDLE_10_20_S01,HW_PLC,HW_PLC,13345,13345,13346,,,,425801000,plc_internal_rd_loc_t_nanosecond,10,20,0.43,-9.57,0,1,89064531,0,0,0,ok,
RUN_20260502_S7_L0_IDLE_10_20_S01_R01,S7_L0_IDLE_10_20,SER_20260502_S7_L0_IDLE_10_20_S01,HW_PLC,HW_PLC,13346,13346,13347,,,,426374000,plc_internal_rd_loc_t_nanosecond,10,20,0.573,-9.427,0,1,89077878,0,0,0,ok,
RUN_20260502_S7_L0_IDLE_10_20_S01_R01,S7_L0_IDLE_10_20,SER_20260502_S7_L0_IDLE_10_20_S01,HW_PLC,HW_PLC,13347,13347,13348,,,,427585000,plc_internal_rd_loc_t_nanosecond,10,20,1.211,-8.789,0,1,89091226,0,0,0,ok,
RUN_20260502_S7_L0_IDLE_10_20_S01_R01,S7_L0_IDLE_10_20,SER_20260502_S7_L0_IDLE_10_20_S01,HW_PLC,HW_PLC,13348,13348,13349,,,,428156000,plc_internal_rd_loc_t_nanosecond,10,20,0.571,-9.429,0,1,89104575,0,0,0,ok,
RUN_20260502_S7_L0_IDLE_10_20_S01_R01,S7_L0_IDLE_10_20,SER_20260502_S7_L0_IDLE_10_20_S01,HW_PLC,HW_PLC,13349,13349,13350,,,,428603000,plc_internal_rd_loc_t_nanosecond,10,20,0.447,-9.553,0,1,89117925,0,0,0,ok,
RUN_20260502_S7_L0_IDLE_10_20_S01_R01,S7_L0_IDLE_10_20,SER_20260502_S7_L0_IDLE_10_20_S01,HW_PLC,HW_PLC,13350,13350,13351,,,,429710000,plc_internal_rd_loc_t_nanosecond,10,20,1.107,-8.893,0,1,89131276,0,0,0,ok,
RUN_20260502_S7_L0_IDLE_10_20_S01_R01,S7_L0_IDLE_10_20,SER_20260502_S7_L0_IDLE_10_20_S01,HW_PLC,HW_PLC,13351,13351,13352,,,,430410000,plc_internal_rd_loc_t_nanosecond,10,20,0.7,-9.3,0,1,89144628,0,0,0,ok,
RUN_20260502_S7_L0_IDLE_10_20_S01_R01,S7_L0_IDLE_10_20,SER_20260502_S7_L0_IDLE_10_20_S01,HW_PLC,HW_PLC,13352,13352,13353,,,,430838000,plc_internal_rd_loc_t_nanosecond,10,20,0.428,-9.572,0,1,89157981,0,0,0,ok,
RUN_20260502_S7_L0_IDLE_10_20_S01_R01,S7_L0_IDLE_10_20,SER_20260502_S7_L0_IDLE_10_20_S01,HW_PLC,HW_PLC,13353,13353,13354,,,,431412000,plc_internal_rd_loc_t_nanosecond,10,20,0.574,-9.426,0,1,89171335,0,0,0,ok,
RUN_20260502_S7_L0_IDLE_10_20_S01_R01,S7_L0_IDLE_10_20,SER_20260502_S7_L0_IDLE_10_20_S01,HW_PLC,HW_PLC,13354,13354,13355,,,,432542000,plc_internal_rd_loc_t_nanosecond,10,20,1.13,-8.87,0,1,89184690,0,0,0,ok,
RUN_20260502_S7_L0_IDLE_10_20_S01_R01,S7_L0_IDLE_10_20,SER_20260502_S7_L0_IDLE_10_20_S01,HW_PLC,HW_PLC,13355,13355,13356,,,,433174000,plc_internal_rd_loc_t_nanosecond,10,20,0.632,-9.368,0,1,89198046,0,0,0,ok,
RUN_20260502_S7_L0_IDLE_10_20_S01_R01,S7_L0_IDLE_10_20,SER_20260502_S7_L0_IDLE_10_20_S01,HW_PLC,HW_PLC,13356,13356,13357,,,,433629000,plc_internal_rd_loc_t_nanosecond,10,20,0.455,-9.545,0,1,89211403,0,0,0,ok,
RUN_20260502_S7_L0_IDLE_10_20_S01_R01,S7_L0_IDLE_10_20,SER_20260502_S7_L0_IDLE_10_20_S01,HW_PLC,HW_PLC,13357,13357,13358,,,,434191000,plc_internal_rd_loc_t_nanosecond,10,20,0.562,-9.438,0,1,89224761,0,0,0,ok,
RUN_20260502_S7_L0_IDLE_10_20_S01_R01,S7_L0_IDLE_10_20,SER_20260502_S7_L0_IDLE_10_20_S01,HW_PLC,HW_PLC,13358,13358,13359,,,,435471000,plc_internal_rd_loc_t_nanosecond,10,20,1.28,-8.72,0,1,89238120,0,0,0,ok,
RUN_20260502_S7_L0_IDLE_10_20_S01_R01,S7_L0_IDLE_10_20,SER_20260502_S7_L0_IDLE_10_20_S01,HW_PLC,HW_PLC,13359,13359,13360,,,,435923000,plc_internal_rd_loc_t_nanosecond,10,20,0.452,-9.548,0,1,89251480,0,0,0,ok,
RUN_20260502_S7_L0_IDLE_10_20_S01_R01,S7_L0_IDLE_10_20,SER_20260502_S7_L0_IDLE_10_20_S01,HW_PLC,HW_PLC,13360,13360,13361,,,,436537000,plc_internal_rd_loc_t_nanosecond,10,20,0.614,-9.386,0,1,89264841,0,0,0,ok,
RUN_20260502_S7_L0_IDLE_10_20_S01_R01,S7_L0_IDLE_10_20,SER_20260502_S7_L0_IDLE_10_20_S01,HW_PLC,HW_PLC,13361,13361,13362,,,,436945000,plc_internal_rd_loc_t_nanosecond,10,20,0.408,-9.592,0,1,89278203,0,0,0,ok,
RUN_20260502_S7_L0_IDLE_10_20_S01_R01,S7_L0_IDLE_10_20,SER_20260502_S7_L0_IDLE_10_20_S01,HW_PLC,HW_PLC,13362,13362,13363,,,,438343000,plc_internal_rd_loc_t_nanosecond,10,20,1.398,-8.602,0,1,89291566,0,0,0,ok,
RUN_20260502_S7_L0_IDLE_10_20_S01_R01,S7_L0_IDLE_10_20,SER_20260502_S7_L0_IDLE_10_20_S01,HW_PLC,HW_PLC,13363,13363,13364,,,,438785000,plc_internal_rd_loc_t_nanosecond,10,20,0.442,-9.558,0,1,89304930,0,0,0,ok,
RUN_20260502_S7_L0_IDLE_10_20_S01_R01,S7_L0_IDLE_10_20,SER_20260502_S7_L0_IDLE_10_20_S01,HW_PLC,HW_PLC,13364,13364,13365,,,,439360000,plc_internal_rd_loc_t_nanosecond,10,20,0.575,-9.425,0,1,89318295,0,0,0,ok,
RUN_20260502_S7_L0_IDLE_10_20_S01_R01,S7_L0_IDLE_10_20,SER_20260502_S7_L0_IDLE_10_20_S01,HW_PLC,HW_PLC,13365,13365,13366,,,,440512000,plc_internal_rd_loc_t_nanosecond,10,20,1.152,-8.848,0,1,89331661,0,0,0,ok,
RUN_20260502_S7_L0_IDLE_10_20_S01_R01,S7_L0_IDLE_10_20,SER_20260502_S7_L0_IDLE_10_20_S01,HW_PLC,HW_PLC,13366,13366,13367,,,,440967000,plc_internal_rd_loc_t_nanosecond,10,20,0.455,-9.545,0,1,89345028,0,0,0,ok,
RUN_20260502_S7_L0_IDLE_10_20_S01_R01,S7_L0_IDLE_10_20,SER_20260502_S7_L0_IDLE_10_20_S01,HW_PLC,HW_PLC,13367,13367,13368,,,,441574000,plc_internal_rd_loc_t_nanosecond,10,20,0.607,-9.393,0,1,89358396,0,0,0,ok,
RUN_20260502_S7_L0_IDLE_10_20_S01_R01,S7_L0_IDLE_10_20,SER_20260502_S7_L0_IDLE_10_20_S01,HW_PLC,HW_PLC,13368,13368,13369,,,,441985000,plc_internal_rd_loc_t_nanosecond,10,20,0.411,-9.589,0,1,89371765,0,0,0,ok,
RUN_20260502_S7_L0_IDLE_10_20_S01_R01,S7_L0_IDLE_10_20,SER_20260502_S7_L0_IDLE_10_20_S01,HW_PLC,HW_PLC,13369,13369,13370,,,,443363000,plc_internal_rd_loc_t_nanosecond,10,20,1.378,-8.622,0,1,89385135,0,0,0,ok,
RUN_20260502_S7_L0_IDLE_10_20_S01_R01,S7_L0_IDLE_10_20,SER_20260502_S7_L0_IDLE_10_20_S01,HW_PLC,HW_PLC,13370,13370,13371,,,,443797000,plc_internal_rd_loc_t_nanosecond,10,20,0.434,-9.566,0,1,89398506,0,0,0,ok,
RUN_20260502_S7_L0_IDLE_10_20_S01_R01,S7_L0_IDLE_10_20,SER_20260502_S7_L0_IDLE_10_20_S01,HW_PLC,HW_PLC,13371,13371,13372,,,,444375000,plc_internal_rd_loc_t_nanosecond,10,20,0.578,-9.422,0,1,89411878,0,0,0,ok,
RUN_20260502_S7_L0_IDLE_10_20_S01_R01,S7_L0_IDLE_10_20,SER_20260502_S7_L0_IDLE_10_20_S01,HW_PLC,HW_PLC,13372,13372,13373,,,,445468000,plc_internal_rd_loc_t_nanosecond,10,20,1.093,-8.907,0,1,89425251,0,0,0,ok,
RUN_20260502_S7_L0_IDLE_10_20_S01_R01,S7_L0_IDLE_10_20,SER_20260502_S7_L0_IDLE_10_20_S01,HW_PLC,HW_PLC,13373,13373,13374,,,,445975000,plc_internal_rd_loc_t_nanosecond,10,20,0.507,-9.493,0,1,89438625,0,0,0,ok,
RUN_20260502_S7_L0_IDLE_10_20_S01_R01,S7_L0_IDLE_10_20,SER_20260502_S7_L0_IDLE_10_20_S01,HW_PLC,HW_PLC,13374,13374,13375,,,,446575000,plc_internal_rd_loc_t_nanosecond,10,20,0.6,-9.4,0,1,89452000,0,0,0,ok,
RUN_20260502_S7_L0_IDLE_10_20_S01_R01,S7_L0_IDLE_10_20,SER_20260502_S7_L0_IDLE_10_20_S01,HW_PLC,HW_PLC,13375,13375,13376,,,,446987000,plc_internal_rd_loc_t_nanosecond,10,20,0.412,-9.588,0,1,89465376,0,0,0,ok,
RUN_20260502_S7_L0_IDLE_10_20_S01_R01,S7_L0_IDLE_10_20,SER_20260502_S7_L0_IDLE_10_20_S01,HW_PLC,HW_PLC,13376,13376,13377,,,,448340000,plc_internal_rd_loc_t_nanosecond,10,20,1.353,-8.647,0,1,89478753,0,0,0,ok,
RUN_20260502_S7_L0_IDLE_10_20_S01_R01,S7_L0_IDLE_10_20,SER_20260502_S7_L0_IDLE_10_20_S01,HW_PLC,HW_PLC,13377,13377,13378,,,,448794000,plc_internal_rd_loc_t_nanosecond,10,20,0.454,-9.546,0,1,89492131,0,0,0,ok,
RUN_20260502_S7_L0_IDLE_10_20_S01_R01,S7_L0_IDLE_10_20,SER_20260502_S7_L0_IDLE_10_20_S01,HW_PLC,HW_PLC,13378,13378,13379,,,,449368000,plc_internal_rd_loc_t_nanosecond,10,20,0.574,-9.426,0,1,89505510,0,0,0,ok,
RUN_20260502_S7_L0_IDLE_10_20_S01_R01,S7_L0_IDLE_10_20,SER_20260502_S7_L0_IDLE_10_20_S01,HW_PLC,HW_PLC,13379,13379,13380,,,,449788000,plc_internal_rd_loc_t_nanosecond,10,20,0.42,-9.58,0,1,89518890,0,0,0,ok,
RUN_20260502_S7_L0_IDLE_10_20_S01_R01,S7_L0_IDLE_10_20,SER_20260502_S7_L0_IDLE_10_20_S01,HW_PLC,HW_PLC,13380,13380,13381,,,,450961000,plc_internal_rd_loc_t_nanosecond,10,20,1.173,-8.827,0,1,89532271,0,0,0,ok,
RUN_20260502_S7_L0_IDLE_10_20_S01_R01,S7_L0_IDLE_10_20,SER_20260502_S7_L0_IDLE_10_20_S01,HW_PLC,HW_PLC,13381,13381,13382,,,,451608000,plc_internal_rd_loc_t_nanosecond,10,20,0.647,-9.353,0,1,89545653,0,0,0,ok,
RUN_20260502_S7_L0_IDLE_10_20_S01_R01,S7_L0_IDLE_10_20,SER_20260502_S7_L0_IDLE_10_20_S01,HW_PLC,HW_PLC,13382,13382,13383,,,,452170000,plc_internal_rd_loc_t_nanosecond,10,20,0.562,-9.438,0,1,89559036,0,0,0,ok,
RUN_20260502_S7_L0_IDLE_10_20_S01_R01,S7_L0_IDLE_10_20,SER_20260502_S7_L0_IDLE_10_20_S01,HW_PLC,HW_PLC,13383,13383,13384,,,,453308000,plc_internal_rd_loc_t_nanosecond,10,20,1.138,-8.862,0,1,89572420,0,0,0,ok,
RUN_20260502_S7_L0_IDLE_10_20_S01_R01,S7_L0_IDLE_10_20,SER_20260502_S7_L0_IDLE_10_20_S01,HW_PLC,HW_PLC,13384,13384,13385,,,,453802000,plc_internal_rd_loc_t_nanosecond,10,20,0.494,-9.506,0,1,89585805,0,0,0,ok,
RUN_20260502_S7_L0_IDLE_10_20_S01_R01,S7_L0_IDLE_10_20,SER_20260502_S7_L0_IDLE_10_20_S01,HW_PLC,HW_PLC,13385,13385,13386,,,,454384000,plc_internal_rd_loc_t_nanosecond,10,20,0.582,-9.418,0,1,89599191,0,0,0,ok,
RUN_20260502_S7_L0_IDLE_10_20_S01_R01,S7_L0_IDLE_10_20,SER_20260502_S7_L0_IDLE_10_20_S01,HW_PLC,HW_PLC,13386,13386,13387,,,,454801000,plc_internal_rd_loc_t_nanosecond,10,20,0.417,-9.583,0,1,89612578,0,0,0,ok,
RUN_20260502_S7_L0_IDLE_10_20_S01_R01,S7_L0_IDLE_10_20,SER_20260502_S7_L0_IDLE_10_20_S01,HW_PLC,HW_PLC,13387,13387,13388,,,,455995000,plc_internal_rd_loc_t_nanosecond,10,20,1.194,-8.806,0,1,89625966,0,0,0,ok,
RUN_20260502_S7_L0_IDLE_10_20_S01_R01,S7_L0_IDLE_10_20,SER_20260502_S7_L0_IDLE_10_20_S01,HW_PLC,HW_PLC,13388,13388,13389,,,,456632000,plc_internal_rd_loc_t_nanosecond,10,20,0.637,-9.363,0,1,89639355,0,0,0,ok,
RUN_20260502_S7_L0_IDLE_10_20_S01_R01,S7_L0_IDLE_10_20,SER_20260502_S7_L0_IDLE_10_20_S01,HW_PLC,HW_PLC,13389,13389,13390,,,,457191000,plc_internal_rd_loc_t_nanosecond,10,20,0.559,-9.441,0,1,89652745,0,0,0,ok,
RUN_20260502_S7_L0_IDLE_10_20_S01_R01,S7_L0_IDLE_10_20,SER_20260502_S7_L0_IDLE_10_20_S01,HW_PLC,HW_PLC,13390,13390,13391,,,,457624000,plc_internal_rd_loc_t_nanosecond,10,20,0.433,-9.567,0,1,89666136,0,0,0,ok,
RUN_20260502_S7_L0_IDLE_10_20_S01_R01,S7_L0_IDLE_10_20,SER_20260502_S7_L0_IDLE_10_20_S01,HW_PLC,HW_PLC,13391,13391,13392,,,,458745000,plc_internal_rd_loc_t_nanosecond,10,20,1.121,-8.879,0,1,89679528,0,0,0,ok,
RUN_20260502_S7_L0_IDLE_10_20_S01_R01,S7_L0_IDLE_10_20,SER_20260502_S7_L0_IDLE_10_20_S01,HW_PLC,HW_PLC,13392,13392,13393,,,,459379000,plc_internal_rd_loc_t_nanosecond,10,20,0.634,-9.366,0,1,89692921,0,0,0,ok,
RUN_20260502_S7_L0_IDLE_10_20_S01_R01,S7_L0_IDLE_10_20,SER_20260502_S7_L0_IDLE_10_20_S01,HW_PLC,HW_PLC,13393,13393,13394,,,,459805000,plc_internal_rd_loc_t_nanosecond,10,20,0.426,-9.574,0,1,89706315,0,0,0,ok,
RUN_20260502_S7_L0_IDLE_10_20_S01_R01,S7_L0_IDLE_10_20,SER_20260502_S7_L0_IDLE_10_20_S01,HW_PLC,HW_PLC,13394,13394,13395,,,,460364000,plc_internal_rd_loc_t_nanosecond,10,20,0.559,-9.441,0,1,89719710,0,0,0,ok,
RUN_20260502_S7_L0_IDLE_10_20_S01_R01,S7_L0_IDLE_10_20,SER_20260502_S7_L0_IDLE_10_20_S01,HW_PLC,HW_PLC,13395,13395,13396,,,,461598000,plc_internal_rd_loc_t_nanosecond,10,20,1.234,-8.766,0,1,89733106,0,0,0,ok,
RUN_20260502_S7_L0_IDLE_10_20_S01_R01,S7_L0_IDLE_10_20,SER_20260502_S7_L0_IDLE_10_20_S01,HW_PLC,HW_PLC,13396,13396,13397,,,,462166000,plc_internal_rd_loc_t_nanosecond,10,20,0.568,-9.432,0,1,89746503,0,0,0,ok,
RUN_20260502_S7_L0_IDLE_10_20_S01_R01,S7_L0_IDLE_10_20,SER_20260502_S7_L0_IDLE_10_20_S01,HW_PLC,HW_PLC,13397,13397,13398,,,,462606000,plc_internal_rd_loc_t_nanosecond,10,20,0.44,-9.56,0,1,89759901,0,0,0,ok,
RUN_20260502_S7_L0_IDLE_10_20_S01_R01,S7_L0_IDLE_10_20,SER_20260502_S7_L0_IDLE_10_20_S01,HW_PLC,HW_PLC,13398,13398,13399,,,,463721000,plc_internal_rd_loc_t_nanosecond,10,20,1.115,-8.885,0,1,89773300,0,0,0,ok,
RUN_20260502_S7_L0_IDLE_10_20_S01_R01,S7_L0_IDLE_10_20,SER_20260502_S7_L0_IDLE_10_20_S01,HW_PLC,HW_PLC,13399,13399,13400,,,,464411000,plc_internal_rd_loc_t_nanosecond,10,20,0.69,-9.31,0,0,89786700,0,0,0,ok,
RUN_20260502_S7_L0_IDLE_10_20_S01_R01,S7_L0_IDLE_10_20,SER_20260502_S7_L0_IDLE_10_20_S01,HW_PLC,HW_PLC,13400,13400,13401,,,,464842000,plc_internal_rd_loc_t_nanosecond,10,20,0.431,-9.569,0,0,89800101,0,0,0,ok,
RUN_20260502_S7_L0_IDLE_10_20_S01_R01,S7_L0_IDLE_10_20,SER_20260502_S7_L0_IDLE_10_20_S01,HW_PLC,HW_PLC,13401,13401,13402,,,,465445000,plc_internal_rd_loc_t_nanosecond,10,20,0.603,-9.397,0,0,89813503,0,0,0,ok,
RUN_20260502_S7_L0_IDLE_10_20_S01_R01,S7_L0_IDLE_10_20,SER_20260502_S7_L0_IDLE_10_20_S01,HW_PLC,HW_PLC,13402,13402,13403,,,,466592000,plc_internal_rd_loc_t_nanosecond,10,20,1.147,-8.853,0,0,89826906,0,0,0,ok,
RUN_20260502_S7_L0_IDLE_10_20_S01_R01,S7_L0_IDLE_10_20,SER_20260502_S7_L0_IDLE_10_20_S01,HW_PLC,HW_PLC,13403,13403,13404,,,,467190000,plc_internal_rd_loc_t_nanosecond,10,20,0.598,-9.402,0,0,89840310,0,0,0,ok,
RUN_20260502_S7_L0_IDLE_10_20_S01_R01,S7_L0_IDLE_10_20,SER_20260502_S7_L0_IDLE_10_20_S01,HW_PLC,HW_PLC,13404,13404,13405,,,,467628000,plc_internal_rd_loc_t_nanosecond,10,20,0.438,-9.562,0,0,89853715,0,0,0,ok,
RUN_20260502_S7_L0_IDLE_10_20_S01_R01,S7_L0_IDLE_10_20,SER_20260502_S7_L0_IDLE_10_20_S01,HW_PLC,HW_PLC,13405,13405,13406,,,,468172000,plc_internal_rd_loc_t_nanosecond,10,20,0.544,-9.456,0,0,89867121,0,0,0,ok,
RUN_20260502_S7_L0_IDLE_10_20_S01_R01,S7_L0_IDLE_10_20,SER_20260502_S7_L0_IDLE_10_20_S01,HW_PLC,HW_PLC,13406,13406,13407,,,,469423000,plc_internal_rd_loc_t_nanosecond,10,20,1.251,-8.749,0,0,89880528,0,0,0,ok,
RUN_20260502_S7_L0_IDLE_10_20_S01_R01,S7_L0_IDLE_10_20,SER_20260502_S7_L0_IDLE_10_20_S01,HW_PLC,HW_PLC,13407,13407,13408,,,,469857000,plc_internal_rd_loc_t_nanosecond,10,20,0.434,-9.566,0,0,89893936,0,0,0,ok,
RUN_20260502_S7_L0_IDLE_10_20_S01_R01,S7_L0_IDLE_10_20,SER_20260502_S7_L0_IDLE_10_20_S01,HW_PLC,HW_PLC,13408,13408,13409,,,,470445000,plc_internal_rd_loc_t_nanosecond,10,20,0.588,-9.412,0,0,89907345,0,0,0,ok,
RUN_20260502_S7_L0_IDLE_10_20_S01_R01,S7_L0_IDLE_10_20,SER_20260502_S7_L0_IDLE_10_20_S01,HW_PLC,HW_PLC,13409,13409,13410,,,,470855000,plc_internal_rd_loc_t_nanosecond,10,20,0.41,-9.59,0,0,89920755,0,0,0,ok,
RUN_20260502_S7_L0_IDLE_10_20_S01_R01,S7_L0_IDLE_10_20,SER_20260502_S7_L0_IDLE_10_20_S01,HW_PLC,HW_PLC,13410,13410,13411,,,,472210000,plc_internal_rd_loc_t_nanosecond,10,20,1.355,-8.645,0,0,89934166,0,0,0,ok,
RUN_20260502_S7_L0_IDLE_10_20_S01_R01,S7_L0_IDLE_10_20,SER_20260502_S7_L0_IDLE_10_20_S01,HW_PLC,HW_PLC,13411,13411,13412,,,,472668000,plc_internal_rd_loc_t_nanosecond,10,20,0.458,-9.542,0,0,89947578,0,0,0,ok,
RUN_20260502_S7_L0_IDLE_10_20_S01_R01,S7_L0_IDLE_10_20,SER_20260502_S7_L0_IDLE_10_20_S01,HW_PLC,HW_PLC,13412,13412,13413,,,,473255000,plc_internal_rd_loc_t_nanosecond,10,20,0.587,-9.413,0,0,89960991,0,0,0,ok,
RUN_20260502_S7_L0_IDLE_10_20_S01_R01,S7_L0_IDLE_10_20,SER_20260502_S7_L0_IDLE_10_20_S01,HW_PLC,HW_PLC,13413,13413,13414,,,,474493000,plc_internal_rd_loc_t_nanosecond,10,20,1.238,-8.762,0,0,89974405,0,0,0,ok,
RUN_20260502_S7_L0_IDLE_10_20_S01_R01,S7_L0_IDLE_10_20,SER_20260502_S7_L0_IDLE_10_20_S01,HW_PLC,HW_PLC,13414,13414,13415,,,,474948000,plc_internal_rd_loc_t_nanosecond,10,20,0.455,-9.545,0,0,89987820,0,0,0,ok,
RUN_20260502_S7_L0_IDLE_10_20_S01_R01,S7_L0_IDLE_10_20,SER_20260502_S7_L0_IDLE_10_20_S01,HW_PLC,HW_PLC,13415,13415,13416,,,,475601000,plc_internal_rd_loc_t_nanosecond,10,20,0.653,-9.347,0,0,90001236,0,0,0,ok,
RUN_20260502_S7_L0_IDLE_10_20_S01_R01,S7_L0_IDLE_10_20,SER_20260502_S7_L0_IDLE_10_20_S01,HW_PLC,HW_PLC,13416,13416,13417,,,,476803000,plc_internal_rd_loc_t_nanosecond,10,20,1.202,-8.798,0,0,90014653,0,0,0,ok,
RUN_20260502_S7_L0_IDLE_10_20_S01_R01,S7_L0_IDLE_10_20,SER_20260502_S7_L0_IDLE_10_20_S01,HW_PLC,HW_PLC,13417,13417,13418,,,,477485000,plc_internal_rd_loc_t_nanosecond,10,20,0.682,-9.318,0,0,90028071,0,0,0,ok,
RUN_20260502_S7_L0_IDLE_10_20_S01_R01,S7_L0_IDLE_10_20,SER_20260502_S7_L0_IDLE_10_20_S01,HW_PLC,HW_PLC,13418,13418,13419,,,,477925000,plc_internal_rd_loc_t_nanosecond,10,20,0.44,-9.56,0,0,90041490,0,0,0,ok,
RUN_20260502_S7_L0_IDLE_10_20_S01_R01,S7_L0_IDLE_10_20,SER_20260502_S7_L0_IDLE_10_20_S01,HW_PLC,HW_PLC,13419,13419,13420,,,,478520000,plc_internal_rd_loc_t_nanosecond,10,20,0.595,-9.405,0,0,90054910,0,0,0,ok,
RUN_20260502_S7_L0_IDLE_10_20_S01_R01,S7_L0_IDLE_10_20,SER_20260502_S7_L0_IDLE_10_20_S01,HW_PLC,HW_PLC,13420,13420,13421,,,,479661000,plc_internal_rd_loc_t_nanosecond,10,20,1.141,-8.859,0,0,90068331,0,0,0,ok,
RUN_20260502_S7_L0_IDLE_10_20_S01_R01,S7_L0_IDLE_10_20,SER_20260502_S7_L0_IDLE_10_20_S01,HW_PLC,HW_PLC,13421,13421,13422,,,,480277000,plc_internal_rd_loc_t_nanosecond,10,20,0.616,-9.384,0,0,90081753,0,0,0,ok,
RUN_20260502_S7_L0_IDLE_10_20_S01_R01,S7_L0_IDLE_10_20,SER_20260502_S7_L0_IDLE_10_20_S01,HW_PLC,HW_PLC,13422,13422,13423,,,,480709000,plc_internal_rd_loc_t_nanosecond,10,20,0.432,-9.568,0,0,90095176,0,0,0,ok,
RUN_20260502_S7_L0_IDLE_10_20_S01_R01,S7_L0_IDLE_10_20,SER_20260502_S7_L0_IDLE_10_20_S01,HW_PLC,HW_PLC,13423,13423,13424,,,,481267000,plc_internal_rd_loc_t_nanosecond,10,20,0.558,-9.442,0,0,90108600,0,0,0,ok,
RUN_20260502_S7_L0_IDLE_10_20_S01_R01,S7_L0_IDLE_10_20,SER_20260502_S7_L0_IDLE_10_20_S01,HW_PLC,HW_PLC,13424,13424,13425,,,,482537000,plc_internal_rd_loc_t_nanosecond,10,20,1.27,-8.73,0,0,90122025,0,0,0,ok,
RUN_20260502_S7_L0_IDLE_10_20_S01_R01,S7_L0_IDLE_10_20,SER_20260502_S7_L0_IDLE_10_20_S01,HW_PLC,HW_PLC,13425,13425,13426,,,,482960000,plc_internal_rd_loc_t_nanosecond,10,20,0.423,-9.577,0,0,90135451,0,0,0,ok,
RUN_20260502_S7_L0_IDLE_10_20_S01_R01,S7_L0_IDLE_10_20,SER_20260502_S7_L0_IDLE_10_20_S01,HW_PLC,HW_PLC,13426,13426,13427,,,,483578000,plc_internal_rd_loc_t_nanosecond,10,20,0.618,-9.382,0,0,90148878,0,0,0,ok,
RUN_20260502_S7_L0_IDLE_10_20_S01_R01,S7_L0_IDLE_10_20,SER_20260502_S7_L0_IDLE_10_20_S01,HW_PLC,HW_PLC,13427,13427,13428,,,,484685000,plc_internal_rd_loc_t_nanosecond,10,20,1.107,-8.893,0,0,90162306,0,0,0,ok,
RUN_20260502_S7_L0_IDLE_10_20_S01_R01,S7_L0_IDLE_10_20,SER_20260502_S7_L0_IDLE_10_20_S01,HW_PLC,HW_PLC,13428,13428,13429,,,,485383000,plc_internal_rd_loc_t_nanosecond,10,20,0.698,-9.302,0,0,90175735,0,0,0,ok,
RUN_20260502_S7_L0_IDLE_10_20_S01_R01,S7_L0_IDLE_10_20,SER_20260502_S7_L0_IDLE_10_20_S01,HW_PLC,HW_PLC,13429,13429,13430,,,,485821000,plc_internal_rd_loc_t_nanosecond,10,20,0.438,-9.562,0,0,90189165,0,0,0,ok,
RUN_20260502_S7_L0_IDLE_10_20_S01_R01,S7_L0_IDLE_10_20,SER_20260502_S7_L0_IDLE_10_20_S01,HW_PLC,HW_PLC,13430,13430,13431,,,,486385000,plc_internal_rd_loc_t_nanosecond,10,20,0.564,-9.436,0,0,90202596,0,0,0,ok,
RUN_20260502_S7_L0_IDLE_10_20_S01_R01,S7_L0_IDLE_10_20,SER_20260502_S7_L0_IDLE_10_20_S01,HW_PLC,HW_PLC,13431,13431,13432,,,,487528000,plc_internal_rd_loc_t_nanosecond,10,20,1.143,-8.857,0,0,90216028,0,0,0,ok,
RUN_20260502_S7_L0_IDLE_10_20_S01_R01,S7_L0_IDLE_10_20,SER_20260502_S7_L0_IDLE_10_20_S01,HW_PLC,HW_PLC,13432,13432,13433,,,,487957000,plc_internal_rd_loc_t_nanosecond,10,20,0.429,-9.571,0,0,90229461,0,0,0,ok,
RUN_20260502_S7_L0_IDLE_10_20_S01_R01,S7_L0_IDLE_10_20,SER_20260502_S7_L0_IDLE_10_20_S01,HW_PLC,HW_PLC,13433,13433,13434,,,,488542000,plc_internal_rd_loc_t_nanosecond,10,20,0.585,-9.415,0,0,90242895,0,0,0,ok,
RUN_20260502_S7_L0_IDLE_10_20_S01_R01,S7_L0_IDLE_10_20,SER_20260502_S7_L0_IDLE_10_20_S01,HW_PLC,HW_PLC,13434,13434,13435,,,,488948000,plc_internal_rd_loc_t_nanosecond,10,20,0.406,-9.594,0,0,90256330,0,0,0,ok,
RUN_20260502_S7_L0_IDLE_10_20_S01_R01,S7_L0_IDLE_10_20,SER_20260502_S7_L0_IDLE_10_20_S01,HW_PLC,HW_PLC,13435,13435,13436,,,,490326000,plc_internal_rd_loc_t_nanosecond,10,20,1.378,-8.622,0,0,90269766,0,0,0,ok,
RUN_20260502_S7_L0_IDLE_10_20_S01_R01,S7_L0_IDLE_10_20,SER_20260502_S7_L0_IDLE_10_20_S01,HW_PLC,HW_PLC,13436,13436,13437,,,,490763000,plc_internal_rd_loc_t_nanosecond,10,20,0.437,-9.563,0,0,90283203,0,0,0,ok,
RUN_20260502_S7_L0_IDLE_10_20_S01_R01,S7_L0_IDLE_10_20,SER_20260502_S7_L0_IDLE_10_20_S01,HW_PLC,HW_PLC,13437,13437,13438,,,,491338000,plc_internal_rd_loc_t_nanosecond,10,20,0.575,-9.425,0,0,90296641,0,0,0,ok,
RUN_20260502_S7_L0_IDLE_10_20_S01_R01,S7_L0_IDLE_10_20,SER_20260502_S7_L0_IDLE_10_20_S01,HW_PLC,HW_PLC,13438,13438,13439,,,,492427000,plc_internal_rd_loc_t_nanosecond,10,20,1.089,-8.911,0,0,90310080,0,0,0,ok,
RUN_20260502_S7_L0_IDLE_10_20_S01_R01,S7_L0_IDLE_10_20,SER_20260502_S7_L0_IDLE_10_20_S01,HW_PLC,HW_PLC,13439,13439,13440,,,,492919000,plc_internal_rd_loc_t_nanosecond,10,20,0.492,-9.508,0,0,90323520,0,0,0,ok,
RUN_20260502_S7_L0_IDLE_10_20_S01_R01,S7_L0_IDLE_10_20,SER_20260502_S7_L0_IDLE_10_20_S01,HW_PLC,HW_PLC,13440,13440,13441,,,,493525000,plc_internal_rd_loc_t_nanosecond,10,20,0.606,-9.394,0,0,90336961,0,0,0,ok,
RUN_20260502_S7_L0_IDLE_10_20_S01_R01,S7_L0_IDLE_10_20,SER_20260502_S7_L0_IDLE_10_20_S01,HW_PLC,HW_PLC,13441,13441,13442,,,,493934000,plc_internal_rd_loc_t_nanosecond,10,20,0.409,-9.591,0,0,90350403,0,0,0,ok,
RUN_20260502_S7_L0_IDLE_10_20_S01_R01,S7_L0_IDLE_10_20,SER_20260502_S7_L0_IDLE_10_20_S01,HW_PLC,HW_PLC,13442,13442,13443,,,,495308000,plc_internal_rd_loc_t_nanosecond,10,20,1.374,-8.626,0,0,90363846,0,0,0,ok,
RUN_20260502_S7_L0_IDLE_10_20_S01_R01,S7_L0_IDLE_10_20,SER_20260502_S7_L0_IDLE_10_20_S01,HW_PLC,HW_PLC,13443,13443,13444,,,,495776000,plc_internal_rd_loc_t_nanosecond,10,20,0.468,-9.532,0,0,90377290,0,0,0,ok,
RUN_20260502_S7_L0_IDLE_10_20_S01_R01,S7_L0_IDLE_10_20,SER_20260502_S7_L0_IDLE_10_20_S01,HW_PLC,HW_PLC,13444,13444,13445,,,,496352000,plc_internal_rd_loc_t_nanosecond,10,20,0.576,-9.424,0,0,90390735,0,0,0,ok,
RUN_20260502_S7_L0_IDLE_10_20_S01_R01,S7_L0_IDLE_10_20,SER_20260502_S7_L0_IDLE_10_20_S01,HW_PLC,HW_PLC,13445,13445,13446,,,,496766000,plc_internal_rd_loc_t_nanosecond,10,20,0.414,-9.586,0,0,90404181,0,0,0,ok,
RUN_20260502_S7_L0_IDLE_10_20_S01_R01,S7_L0_IDLE_10_20,SER_20260502_S7_L0_IDLE_10_20_S01,HW_PLC,HW_PLC,13446,13446,13447,,,,497900000,plc_internal_rd_loc_t_nanosecond,10,20,1.134,-8.866,0,0,90417628,0,0,0,ok,
RUN_20260502_S7_L0_IDLE_10_20_S01_R01,S7_L0_IDLE_10_20,SER_20260502_S7_L0_IDLE_10_20_S01,HW_PLC,HW_PLC,13447,13447,13448,,,,498507000,plc_internal_rd_loc_t_nanosecond,10,20,0.607,-9.393,0,0,90431076,0,0,0,ok,
RUN_20260502_S7_L0_IDLE_10_20_S01_R01,S7_L0_IDLE_10_20,SER_20260502_S7_L0_IDLE_10_20_S01,HW_PLC,HW_PLC,13448,13448,13449,,,,498918000,plc_internal_rd_loc_t_nanosecond,10,20,0.411,-9.589,0,0,90444525,0,0,0,ok,
RUN_20260502_S7_L0_IDLE_10_20_S01_R01,S7_L0_IDLE_10_20,SER_20260502_S7_L0_IDLE_10_20_S01,HW_PLC,HW_PLC,13449,13449,13450,,,,499501000,plc_internal_rd_loc_t_nanosecond,10,20,0.583,-9.417,0,0,90457975,0,0,0,ok,
RUN_20260502_S7_L0_IDLE_10_20_S01_R01,S7_L0_IDLE_10_20,SER_20260502_S7_L0_IDLE_10_20_S01,HW_PLC,HW_PLC,13450,13450,13451,,,,500675000,plc_internal_rd_loc_t_nanosecond,10,20,1.174,-8.826,0,0,90471426,0,0,0,ok,
RUN_20260502_S7_L0_IDLE_10_20_S01_R01,S7_L0_IDLE_10_20,SER_20260502_S7_L0_IDLE_10_20_S01,HW_PLC,HW_PLC,13451,13451,13452,,,,501267000,plc_internal_rd_loc_t_nanosecond,10,20,0.592,-9.408,0,0,90484878,0,0,0,ok,
RUN_20260502_S7_L0_IDLE_10_20_S01_R01,S7_L0_IDLE_10_20,SER_20260502_S7_L0_IDLE_10_20_S01,HW_PLC,HW_PLC,13452,13452,13453,,,,501693000,plc_internal_rd_loc_t_nanosecond,10,20,0.426,-9.574,0,0,90498331,0,0,0,ok,
RUN_20260502_S7_L0_IDLE_10_20_S01_R01,S7_L0_IDLE_10_20,SER_20260502_S7_L0_IDLE_10_20_S01,HW_PLC,HW_PLC,13453,13453,13454,,,,502860000,plc_internal_rd_loc_t_nanosecond,10,20,1.167,-8.833,0,0,90511785,0,0,0,ok,
RUN_20260502_S7_L0_IDLE_10_20_S01_R01,S7_L0_IDLE_10_20,SER_20260502_S7_L0_IDLE_10_20_S01,HW_PLC,HW_PLC,13454,13454,13455,,,,503517000,plc_internal_rd_loc_t_nanosecond,10,20,0.657,-9.343,0,0,90525240,0,0,0,ok,
RUN_20260502_S7_L0_IDLE_10_20_S01_R01,S7_L0_IDLE_10_20,SER_20260502_S7_L0_IDLE_10_20_S01,HW_PLC,HW_PLC,13455,13455,13456,,,,503929000,plc_internal_rd_loc_t_nanosecond,10,20,0.412,-9.588,0,0,90538696,0,0,0,ok,
RUN_20260502_S7_L0_IDLE_10_20_S01_R01,S7_L0_IDLE_10_20,SER_20260502_S7_L0_IDLE_10_20_S01,HW_PLC,HW_PLC,13456,13456,13457,,,,504520000,plc_internal_rd_loc_t_nanosecond,10,20,0.591,-9.409,0,0,90552153,0,0,0,ok,
RUN_20260502_S7_L0_IDLE_10_20_S01_R01,S7_L0_IDLE_10_20,SER_20260502_S7_L0_IDLE_10_20_S01,HW_PLC,HW_PLC,13457,13457,13458,,,,505685000,plc_internal_rd_loc_t_nanosecond,10,20,1.165,-8.835,0,0,90565611,0,0,0,ok,
RUN_20260502_S7_L0_IDLE_10_20_S01_R01,S7_L0_IDLE_10_20,SER_20260502_S7_L0_IDLE_10_20_S01,HW_PLC,HW_PLC,13458,13458,13459,,,,506318000,plc_internal_rd_loc_t_nanosecond,10,20,0.633,-9.367,0,0,90579070,0,0,0,ok,
RUN_20260502_S7_L0_IDLE_10_20_S01_R01,S7_L0_IDLE_10_20,SER_20260502_S7_L0_IDLE_10_20_S01,HW_PLC,HW_PLC,13459,13459,13460,,,,506743000,plc_internal_rd_loc_t_nanosecond,10,20,0.425,-9.575,0,0,90592530,0,0,0,ok,
RUN_20260502_S7_L0_IDLE_10_20_S01_R01,S7_L0_IDLE_10_20,SER_20260502_S7_L0_IDLE_10_20_S01,HW_PLC,HW_PLC,13460,13460,13461,,,,507309000,plc_internal_rd_loc_t_nanosecond,10,20,0.566,-9.434,0,0,90605991,0,0,0,ok,
RUN_20260502_S7_L0_IDLE_10_20_S01_R01,S7_L0_IDLE_10_20,SER_20260502_S7_L0_IDLE_10_20_S01,HW_PLC,HW_PLC,13461,13461,13462,,,,508585000,plc_internal_rd_loc_t_nanosecond,10,20,1.276,-8.724,0,0,90619453,0,0,0,ok,
RUN_20260502_S7_L0_IDLE_10_20_S01_R01,S7_L0_IDLE_10_20,SER_20260502_S7_L0_IDLE_10_20_S01,HW_PLC,HW_PLC,13462,13462,13463,,,,509185000,plc_internal_rd_loc_t_nanosecond,10,20,0.6,-9.4,0,0,90632916,0,0,0,ok,
RUN_20260502_S7_L0_IDLE_10_20_S01_R01,S7_L0_IDLE_10_20,SER_20260502_S7_L0_IDLE_10_20_S01,HW_PLC,HW_PLC,13463,13463,13464,,,,509635000,plc_internal_rd_loc_t_nanosecond,10,20,0.45,-9.55,0,0,90646380,0,0,0,ok,
RUN_20260502_S7_L0_IDLE_10_20_S01_R01,S7_L0_IDLE_10_20,SER_20260502_S7_L0_IDLE_10_20_S01,HW_PLC,HW_PLC,13464,13464,13465,,,,510798000,plc_internal_rd_loc_t_nanosecond,10,20,1.163,-8.837,0,0,90659845,0,0,0,ok,
RUN_20260502_S7_L0_IDLE_10_20_S01_R01,S7_L0_IDLE_10_20,SER_20260502_S7_L0_IDLE_10_20_S01,HW_PLC,HW_PLC,13465,13465,13466,,,,511460000,plc_internal_rd_loc_t_nanosecond,10,20,0.662,-9.338,0,0,90673311,0,0,0,ok,
RUN_20260502_S7_L0_IDLE_10_20_S01_R01,S7_L0_IDLE_10_20,SER_20260502_S7_L0_IDLE_10_20_S01,HW_PLC,HW_PLC,13466,13466,13467,,,,511883000,plc_internal_rd_loc_t_nanosecond,10,20,0.423,-9.577,0,0,90686778,0,0,0,ok,
RUN_20260502_S7_L0_IDLE_10_20_S01_R01,S7_L0_IDLE_10_20,SER_20260502_S7_L0_IDLE_10_20_S01,HW_PLC,HW_PLC,13467,13467,13468,,,,512461000,plc_internal_rd_loc_t_nanosecond,10,20,0.578,-9.422,0,0,90700246,0,0,0,ok,
RUN_20260502_S7_L0_IDLE_10_20_S01_R01,S7_L0_IDLE_10_20,SER_20260502_S7_L0_IDLE_10_20_S01,HW_PLC,HW_PLC,13468,13468,13469,,,,513602000,plc_internal_rd_loc_t_nanosecond,10,20,1.141,-8.859,0,0,90713715,0,0,0,ok,
RUN_20260502_S7_L0_IDLE_10_20_S01_R01,S7_L0_IDLE_10_20,SER_20260502_S7_L0_IDLE_10_20_S01,HW_PLC,HW_PLC,13469,13469,13470,,,,514215000,plc_internal_rd_loc_t_nanosecond,10,20,0.613,-9.387,0,0,90727185,0,0,0,ok,
RUN_20260502_S7_L0_IDLE_10_20_S01_R01,S7_L0_IDLE_10_20,SER_20260502_S7_L0_IDLE_10_20_S01,HW_PLC,HW_PLC,13470,13470,13471,,,,514648000,plc_internal_rd_loc_t_nanosecond,10,20,0.433,-9.567,0,0,90740656,0,0,0,ok,
RUN_20260502_S7_L0_IDLE_10_20_S01_R01,S7_L0_IDLE_10_20,SER_20260502_S7_L0_IDLE_10_20_S01,HW_PLC,HW_PLC,13471,13471,13472,,,,515813000,plc_internal_rd_loc_t_nanosecond,10,20,1.165,-8.835,0,0,90754128,0,0,0,ok,
