run_id,mode_id,series_id,object,node_id,sample_index,cycle_index,cycle_counter,ts_observe,ts_start,ts_end,timestamp_tick_ns,timestamp_source,t0_ms,deadline_threshold_ms,Tper,Jper,deadline_miss,heartbeat,workload_accumulator,load_level,load_passes,error_flag,quality_flag,notes,cycle_exec_ms,cycle_nominal_ms,program_status
RUN_20260509_VPLC_L3_STRESS_75_80_S01_R01,VPLC_L3_STRESS_75_80,SER_20260509_VPLC_L3_STRESS_75_80_S01,vPLC_container,VPLC_HOST,0,,,2026-05-09T20:42:41.994137649Z,,,,host_log,75,80,,,,,,3,512,,technical_check,vplc_status_cycle_duration_not_validated_as_Tper,0.168,100,работает
RUN_20260509_VPLC_L3_STRESS_75_80_S01_R01,VPLC_L3_STRESS_75_80,SER_20260509_VPLC_L3_STRESS_75_80_S01,vPLC_container,VPLC_HOST,1,,,2026-05-09T20:42:43.045252219Z,,,,host_log,75,80,,,,,,3,512,,technical_check,vplc_status_cycle_duration_not_validated_as_Tper,0.188,100,работает
RUN_20260509_VPLC_L3_STRESS_75_80_S01_R01,VPLC_L3_STRESS_75_80,SER_20260509_VPLC_L3_STRESS_75_80_S01,vPLC_container,VPLC_HOST,2,,,2026-05-09T20:42:44.105158200Z,,,,host_log,75,80,,,,,,3,512,,technical_check,vplc_status_cycle_duration_not_validated_as_Tper,0.260,100,работает
RUN_20260509_VPLC_L3_STRESS_75_80_S01_R01,VPLC_L3_STRESS_75_80,SER_20260509_VPLC_L3_STRESS_75_80_S01,vPLC_container,VPLC_HOST,3,,,2026-05-09T20:42:45.160143934Z,,,,host_log,75,80,,,,,,3,512,,technical_check,vplc_status_cycle_duration_not_validated_as_Tper,0.244,100,работает
RUN_20260509_VPLC_L3_STRESS_75_80_S01_R01,VPLC_L3_STRESS_75_80,SER_20260509_VPLC_L3_STRESS_75_80_S01,vPLC_container,VPLC_HOST,4,,,2026-05-09T20:42:46.212603546Z,,,,host_log,75,80,,,,,,3,512,,technical_check,vplc_status_cycle_duration_not_validated_as_Tper,0.252,100,работает
RUN_20260509_VPLC_L3_STRESS_75_80_S01_R01,VPLC_L3_STRESS_75_80,SER_20260509_VPLC_L3_STRESS_75_80_S01,vPLC_container,VPLC_HOST,5,,,2026-05-09T20:42:47.268453171Z,,,,host_log,75,80,,,,,,3,512,,technical_check,vplc_status_cycle_duration_not_validated_as_Tper,0.259,100,работает
RUN_20260509_VPLC_L3_STRESS_75_80_S01_R01,VPLC_L3_STRESS_75_80,SER_20260509_VPLC_L3_STRESS_75_80_S01,vPLC_container,VPLC_HOST,6,,,2026-05-09T20:42:48.322597004Z,,,,host_log,75,80,,,,,,3,512,,technical_check,vplc_status_cycle_duration_not_validated_as_Tper,0.259,100,работает
RUN_20260509_VPLC_L3_STRESS_75_80_S01_R01,VPLC_L3_STRESS_75_80,SER_20260509_VPLC_L3_STRESS_75_80_S01,vPLC_container,VPLC_HOST,7,,,2026-05-09T20:42:49.377729410Z,,,,host_log,75,80,,,,,,3,512,,technical_check,vplc_status_cycle_duration_not_validated_as_Tper,4.798,100,работает
RUN_20260509_VPLC_L3_STRESS_75_80_S01_R01,VPLC_L3_STRESS_75_80,SER_20260509_VPLC_L3_STRESS_75_80_S01,vPLC_container,VPLC_HOST,8,,,2026-05-09T20:42:50.432757272Z,,,,host_log,75,80,,,,,,3,512,,technical_check,vplc_status_cycle_duration_not_validated_as_Tper,0.237,100,работает
RUN_20260509_VPLC_L3_STRESS_75_80_S01_R01,VPLC_L3_STRESS_75_80,SER_20260509_VPLC_L3_STRESS_75_80_S01,vPLC_container,VPLC_HOST,9,,,2026-05-09T20:42:51.488084957Z,,,,host_log,75,80,,,,,,3,512,,technical_check,vplc_status_cycle_duration_not_validated_as_Tper,0.255,100,работает
RUN_20260509_VPLC_L3_STRESS_75_80_S01_R01,VPLC_L3_STRESS_75_80,SER_20260509_VPLC_L3_STRESS_75_80_S01,vPLC_container,VPLC_HOST,10,,,2026-05-09T20:42:52.543543805Z,,,,host_log,75,80,,,,,,3,512,,technical_check,vplc_status_cycle_duration_not_validated_as_Tper,0.209,100,работает
RUN_20260509_VPLC_L3_STRESS_75_80_S01_R01,VPLC_L3_STRESS_75_80,SER_20260509_VPLC_L3_STRESS_75_80_S01,vPLC_container,VPLC_HOST,11,,,2026-05-09T20:42:53.598854505Z,,,,host_log,75,80,,,,,,3,512,,technical_check,vplc_status_cycle_duration_not_validated_as_Tper,0.253,100,работает
RUN_20260509_VPLC_L3_STRESS_75_80_S01_R01,VPLC_L3_STRESS_75_80,SER_20260509_VPLC_L3_STRESS_75_80_S01,vPLC_container,VPLC_HOST,12,,,2026-05-09T20:42:54.651728101Z,,,,host_log,75,80,,,,,,3,512,,technical_check,vplc_status_cycle_duration_not_validated_as_Tper,0.128,100,работает
RUN_20260509_VPLC_L3_STRESS_75_80_S01_R01,VPLC_L3_STRESS_75_80,SER_20260509_VPLC_L3_STRESS_75_80_S01,vPLC_container,VPLC_HOST,13,,,2026-05-09T20:42:55.709724286Z,,,,host_log,75,80,,,,,,3,512,,technical_check,vplc_status_cycle_duration_not_validated_as_Tper,0.255,100,работает
RUN_20260509_VPLC_L3_STRESS_75_80_S01_R01,VPLC_L3_STRESS_75_80,SER_20260509_VPLC_L3_STRESS_75_80_S01,vPLC_container,VPLC_HOST,14,,,2026-05-09T20:42:56.764947499Z,,,,host_log,75,80,,,,,,3,512,,technical_check,vplc_status_cycle_duration_not_validated_as_Tper,0.259,100,работает
RUN_20260509_VPLC_L3_STRESS_75_80_S01_R01,VPLC_L3_STRESS_75_80,SER_20260509_VPLC_L3_STRESS_75_80_S01,vPLC_container,VPLC_HOST,15,,,2026-05-09T20:42:57.821580506Z,,,,host_log,75,80,,,,,,3,512,,technical_check,vplc_status_cycle_duration_not_validated_as_Tper,0.258,100,работает
RUN_20260509_VPLC_L3_STRESS_75_80_S01_R01,VPLC_L3_STRESS_75_80,SER_20260509_VPLC_L3_STRESS_75_80_S01,vPLC_container,VPLC_HOST,16,,,2026-05-09T20:42:58.876208139Z,,,,host_log,75,80,,,,,,3,512,,technical_check,vplc_status_cycle_duration_not_validated_as_Tper,0.256,100,работает
RUN_20260509_VPLC_L3_STRESS_75_80_S01_R01,VPLC_L3_STRESS_75_80,SER_20260509_VPLC_L3_STRESS_75_80_S01,vPLC_container,VPLC_HOST,17,,,2026-05-09T20:42:59.927343649Z,,,,host_log,75,80,,,,,,3,512,,technical_check,vplc_status_cycle_duration_not_validated_as_Tper,0.204,100,работает
RUN_20260509_VPLC_L3_STRESS_75_80_S01_R01,VPLC_L3_STRESS_75_80,SER_20260509_VPLC_L3_STRESS_75_80_S01,vPLC_container,VPLC_HOST,18,,,2026-05-09T20:43:00.983077477Z,,,,host_log,75,80,,,,,,3,512,,technical_check,vplc_status_cycle_duration_not_validated_as_Tper,0.254,100,работает
RUN_20260509_VPLC_L3_STRESS_75_80_S01_R01,VPLC_L3_STRESS_75_80,SER_20260509_VPLC_L3_STRESS_75_80_S01,vPLC_container,VPLC_HOST,19,,,2026-05-09T20:43:02.042783683Z,,,,host_log,75,80,,,,,,3,512,,technical_check,vplc_status_cycle_duration_not_validated_as_Tper,0.238,100,работает
RUN_20260509_VPLC_L3_STRESS_75_80_S01_R01,VPLC_L3_STRESS_75_80,SER_20260509_VPLC_L3_STRESS_75_80_S01,vPLC_container,VPLC_HOST,20,,,2026-05-09T20:43:03.095442552Z,,,,host_log,75,80,,,,,,3,512,,technical_check,vplc_status_cycle_duration_not_validated_as_Tper,0.257,100,работает
RUN_20260509_VPLC_L3_STRESS_75_80_S01_R01,VPLC_L3_STRESS_75_80,SER_20260509_VPLC_L3_STRESS_75_80_S01,vPLC_container,VPLC_HOST,21,,,2026-05-09T20:43:04.152729325Z,,,,host_log,75,80,,,,,,3,512,,technical_check,vplc_status_cycle_duration_not_validated_as_Tper,0.136,100,работает
RUN_20260509_VPLC_L3_STRESS_75_80_S01_R01,VPLC_L3_STRESS_75_80,SER_20260509_VPLC_L3_STRESS_75_80_S01,vPLC_container,VPLC_HOST,22,,,2026-05-09T20:43:05.207856617Z,,,,host_log,75,80,,,,,,3,512,,technical_check,vplc_status_cycle_duration_not_validated_as_Tper,0.251,100,работает
RUN_20260509_VPLC_L3_STRESS_75_80_S01_R01,VPLC_L3_STRESS_75_80,SER_20260509_VPLC_L3_STRESS_75_80_S01,vPLC_container,VPLC_HOST,23,,,2026-05-09T20:43:06.262618343Z,,,,host_log,75,80,,,,,,3,512,,technical_check,vplc_status_cycle_duration_not_validated_as_Tper,0.257,100,работает
RUN_20260509_VPLC_L3_STRESS_75_80_S01_R01,VPLC_L3_STRESS_75_80,SER_20260509_VPLC_L3_STRESS_75_80_S01,vPLC_container,VPLC_HOST,24,,,2026-05-09T20:43:07.318825718Z,,,,host_log,75,80,,,,,,3,512,,technical_check,vplc_status_cycle_duration_not_validated_as_Tper,0.257,100,работает
RUN_20260509_VPLC_L3_STRESS_75_80_S01_R01,VPLC_L3_STRESS_75_80,SER_20260509_VPLC_L3_STRESS_75_80_S01,vPLC_container,VPLC_HOST,25,,,2026-05-09T20:43:08.370984223Z,,,,host_log,75,80,,,,,,3,512,,technical_check,vplc_status_cycle_duration_not_validated_as_Tper,4.524,100,работает
RUN_20260509_VPLC_L3_STRESS_75_80_S01_R01,VPLC_L3_STRESS_75_80,SER_20260509_VPLC_L3_STRESS_75_80_S01,vPLC_container,VPLC_HOST,26,,,2026-05-09T20:43:09.425556693Z,,,,host_log,75,80,,,,,,3,512,,technical_check,vplc_status_cycle_duration_not_validated_as_Tper,0.255,100,работает
RUN_20260509_VPLC_L3_STRESS_75_80_S01_R01,VPLC_L3_STRESS_75_80,SER_20260509_VPLC_L3_STRESS_75_80_S01,vPLC_container,VPLC_HOST,27,,,2026-05-09T20:43:10.483228852Z,,,,host_log,75,80,,,,,,3,512,,technical_check,vplc_status_cycle_duration_not_validated_as_Tper,0.258,100,работает
RUN_20260509_VPLC_L3_STRESS_75_80_S01_R01,VPLC_L3_STRESS_75_80,SER_20260509_VPLC_L3_STRESS_75_80_S01,vPLC_container,VPLC_HOST,28,,,2026-05-09T20:43:11.536668062Z,,,,host_log,75,80,,,,,,3,512,,technical_check,vplc_status_cycle_duration_not_validated_as_Tper,0.232,100,работает
RUN_20260509_VPLC_L3_STRESS_75_80_S01_R01,VPLC_L3_STRESS_75_80,SER_20260509_VPLC_L3_STRESS_75_80_S01,vPLC_container,VPLC_HOST,29,,,2026-05-09T20:43:12.594665870Z,,,,host_log,75,80,,,,,,3,512,,technical_check,vplc_status_cycle_duration_not_validated_as_Tper,0.251,100,работает
RUN_20260509_VPLC_L3_STRESS_75_80_S01_R01,VPLC_L3_STRESS_75_80,SER_20260509_VPLC_L3_STRESS_75_80_S01,vPLC_container,VPLC_HOST,30,,,2026-05-09T20:43:13.650593318Z,,,,host_log,75,80,,,,,,3,512,,technical_check,vplc_status_cycle_duration_not_validated_as_Tper,0.129,100,работает
RUN_20260509_VPLC_L3_STRESS_75_80_S01_R01,VPLC_L3_STRESS_75_80,SER_20260509_VPLC_L3_STRESS_75_80_S01,vPLC_container,VPLC_HOST,31,,,2026-05-09T20:43:14.705741187Z,,,,host_log,75,80,,,,,,3,512,,technical_check,vplc_status_cycle_duration_not_validated_as_Tper,0.257,100,работает
RUN_20260509_VPLC_L3_STRESS_75_80_S01_R01,VPLC_L3_STRESS_75_80,SER_20260509_VPLC_L3_STRESS_75_80_S01,vPLC_container,VPLC_HOST,32,,,2026-05-09T20:43:15.759627185Z,,,,host_log,75,80,,,,,,3,512,,technical_check,vplc_status_cycle_duration_not_validated_as_Tper,0.250,100,работает
RUN_20260509_VPLC_L3_STRESS_75_80_S01_R01,VPLC_L3_STRESS_75_80,SER_20260509_VPLC_L3_STRESS_75_80_S01,vPLC_container,VPLC_HOST,33,,,2026-05-09T20:43:16.812666231Z,,,,host_log,75,80,,,,,,3,512,,technical_check,vplc_status_cycle_duration_not_validated_as_Tper,0.255,100,работает
RUN_20260509_VPLC_L3_STRESS_75_80_S01_R01,VPLC_L3_STRESS_75_80,SER_20260509_VPLC_L3_STRESS_75_80_S01,vPLC_container,VPLC_HOST,34,,,2026-05-09T20:43:17.866761814Z,,,,host_log,75,80,,,,,,3,512,,technical_check,vplc_status_cycle_duration_not_validated_as_Tper,0.255,100,работает
RUN_20260509_VPLC_L3_STRESS_75_80_S01_R01,VPLC_L3_STRESS_75_80,SER_20260509_VPLC_L3_STRESS_75_80_S01,vPLC_container,VPLC_HOST,35,,,2026-05-09T20:43:18.921079475Z,,,,host_log,75,80,,,,,,3,512,,technical_check,vplc_status_cycle_duration_not_validated_as_Tper,0.255,100,работает
RUN_20260509_VPLC_L3_STRESS_75_80_S01_R01,VPLC_L3_STRESS_75_80,SER_20260509_VPLC_L3_STRESS_75_80_S01,vPLC_container,VPLC_HOST,36,,,2026-05-09T20:43:19.973761910Z,,,,host_log,75,80,,,,,,3,512,,technical_check,vplc_status_cycle_duration_not_validated_as_Tper,0.257,100,работает
RUN_20260509_VPLC_L3_STRESS_75_80_S01_R01,VPLC_L3_STRESS_75_80,SER_20260509_VPLC_L3_STRESS_75_80_S01,vPLC_container,VPLC_HOST,37,,,2026-05-09T20:43:21.030148823Z,,,,host_log,75,80,,,,,,3,512,,technical_check,vplc_status_cycle_duration_not_validated_as_Tper,0.238,100,работает
RUN_20260509_VPLC_L3_STRESS_75_80_S01_R01,VPLC_L3_STRESS_75_80,SER_20260509_VPLC_L3_STRESS_75_80_S01,vPLC_container,VPLC_HOST,38,,,2026-05-09T20:43:22.084588857Z,,,,host_log,75,80,,,,,,3,512,,technical_check,vplc_status_cycle_duration_not_validated_as_Tper,0.256,100,работает
RUN_20260509_VPLC_L3_STRESS_75_80_S01_R01,VPLC_L3_STRESS_75_80,SER_20260509_VPLC_L3_STRESS_75_80_S01,vPLC_container,VPLC_HOST,39,,,2026-05-09T20:43:23.139982169Z,,,,host_log,75,80,,,,,,3,512,,technical_check,vplc_status_cycle_duration_not_validated_as_Tper,0.232,100,работает
RUN_20260509_VPLC_L3_STRESS_75_80_S01_R01,VPLC_L3_STRESS_75_80,SER_20260509_VPLC_L3_STRESS_75_80_S01,vPLC_container,VPLC_HOST,40,,,2026-05-09T20:43:24.197585903Z,,,,host_log,75,80,,,,,,3,512,,technical_check,vplc_status_cycle_duration_not_validated_as_Tper,0.254,100,работает
RUN_20260509_VPLC_L3_STRESS_75_80_S01_R01,VPLC_L3_STRESS_75_80,SER_20260509_VPLC_L3_STRESS_75_80_S01,vPLC_container,VPLC_HOST,41,,,2026-05-09T20:43:25.250981692Z,,,,host_log,75,80,,,,,,3,512,,technical_check,vplc_status_cycle_duration_not_validated_as_Tper,0.130,100,работает
RUN_20260509_VPLC_L3_STRESS_75_80_S01_R01,VPLC_L3_STRESS_75_80,SER_20260509_VPLC_L3_STRESS_75_80_S01,vPLC_container,VPLC_HOST,42,,,2026-05-09T20:43:26.301015475Z,,,,host_log,75,80,,,,,,3,512,,technical_check,vplc_status_cycle_duration_not_validated_as_Tper,0.254,100,работает
RUN_20260509_VPLC_L3_STRESS_75_80_S01_R01,VPLC_L3_STRESS_75_80,SER_20260509_VPLC_L3_STRESS_75_80_S01,vPLC_container,VPLC_HOST,43,,,2026-05-09T20:43:27.357881941Z,,,,host_log,75,80,,,,,,3,512,,technical_check,vplc_status_cycle_duration_not_validated_as_Tper,4.435,100,работает
RUN_20260509_VPLC_L3_STRESS_75_80_S01_R01,VPLC_L3_STRESS_75_80,SER_20260509_VPLC_L3_STRESS_75_80_S01,vPLC_container,VPLC_HOST,44,,,2026-05-09T20:43:28.409822176Z,,,,host_log,75,80,,,,,,3,512,,technical_check,vplc_status_cycle_duration_not_validated_as_Tper,4.913,100,работает
RUN_20260509_VPLC_L3_STRESS_75_80_S01_R01,VPLC_L3_STRESS_75_80,SER_20260509_VPLC_L3_STRESS_75_80_S01,vPLC_container,VPLC_HOST,45,,,2026-05-09T20:43:29.467983066Z,,,,host_log,75,80,,,,,,3,512,,technical_check,vplc_status_cycle_duration_not_validated_as_Tper,0.255,100,работает
RUN_20260509_VPLC_L3_STRESS_75_80_S01_R01,VPLC_L3_STRESS_75_80,SER_20260509_VPLC_L3_STRESS_75_80_S01,vPLC_container,VPLC_HOST,46,,,2026-05-09T20:43:30.524473711Z,,,,host_log,75,80,,,,,,3,512,,technical_check,vplc_status_cycle_duration_not_validated_as_Tper,0.250,100,работает
RUN_20260509_VPLC_L3_STRESS_75_80_S01_R01,VPLC_L3_STRESS_75_80,SER_20260509_VPLC_L3_STRESS_75_80_S01,vPLC_container,VPLC_HOST,47,,,2026-05-09T20:43:31.577564393Z,,,,host_log,75,80,,,,,,3,512,,technical_check,vplc_status_cycle_duration_not_validated_as_Tper,0.249,100,работает
RUN_20260509_VPLC_L3_STRESS_75_80_S01_R01,VPLC_L3_STRESS_75_80,SER_20260509_VPLC_L3_STRESS_75_80_S01,vPLC_container,VPLC_HOST,48,,,2026-05-09T20:43:32.635427497Z,,,,host_log,75,80,,,,,,3,512,,technical_check,vplc_status_cycle_duration_not_validated_as_Tper,0.235,100,работает
RUN_20260509_VPLC_L3_STRESS_75_80_S01_R01,VPLC_L3_STRESS_75_80,SER_20260509_VPLC_L3_STRESS_75_80_S01,vPLC_container,VPLC_HOST,49,,,2026-05-09T20:43:33.690644581Z,,,,host_log,75,80,,,,,,3,512,,technical_check,vplc_status_cycle_duration_not_validated_as_Tper,0.259,100,работает
RUN_20260509_VPLC_L3_STRESS_75_80_S01_R01,VPLC_L3_STRESS_75_80,SER_20260509_VPLC_L3_STRESS_75_80_S01,vPLC_container,VPLC_HOST,50,,,2026-05-09T20:43:34.745562184Z,,,,host_log,75,80,,,,,,3,512,,technical_check,vplc_status_cycle_duration_not_validated_as_Tper,0.174,100,работает
RUN_20260509_VPLC_L3_STRESS_75_80_S01_R01,VPLC_L3_STRESS_75_80,SER_20260509_VPLC_L3_STRESS_75_80_S01,vPLC_container,VPLC_HOST,51,,,2026-05-09T20:43:35.800100926Z,,,,host_log,75,80,,,,,,3,512,,technical_check,vplc_status_cycle_duration_not_validated_as_Tper,0.250,100,работает
RUN_20260509_VPLC_L3_STRESS_75_80_S01_R01,VPLC_L3_STRESS_75_80,SER_20260509_VPLC_L3_STRESS_75_80_S01,vPLC_container,VPLC_HOST,52,,,2026-05-09T20:43:36.854360491Z,,,,host_log,75,80,,,,,,3,512,,technical_check,vplc_status_cycle_duration_not_validated_as_Tper,0.156,100,работает
RUN_20260509_VPLC_L3_STRESS_75_80_S01_R01,VPLC_L3_STRESS_75_80,SER_20260509_VPLC_L3_STRESS_75_80_S01,vPLC_container,VPLC_HOST,53,,,2026-05-09T20:43:37.910673494Z,,,,host_log,75,80,,,,,,3,512,,technical_check,vplc_status_cycle_duration_not_validated_as_Tper,0.256,100,работает
RUN_20260509_VPLC_L3_STRESS_75_80_S01_R01,VPLC_L3_STRESS_75_80,SER_20260509_VPLC_L3_STRESS_75_80_S01,vPLC_container,VPLC_HOST,54,,,2026-05-09T20:43:38.966991858Z,,,,host_log,75,80,,,,,,3,512,,technical_check,vplc_status_cycle_duration_not_validated_as_Tper,0.257,100,работает
RUN_20260509_VPLC_L3_STRESS_75_80_S01_R01,VPLC_L3_STRESS_75_80,SER_20260509_VPLC_L3_STRESS_75_80_S01,vPLC_container,VPLC_HOST,55,,,2026-05-09T20:43:40.022715772Z,,,,host_log,75,80,,,,,,3,512,,technical_check,vplc_status_cycle_duration_not_validated_as_Tper,0.260,100,работает
RUN_20260509_VPLC_L3_STRESS_75_80_S01_R01,VPLC_L3_STRESS_75_80,SER_20260509_VPLC_L3_STRESS_75_80_S01,vPLC_container,VPLC_HOST,56,,,2026-05-09T20:43:41.075150464Z,,,,host_log,75,80,,,,,,3,512,,technical_check,vplc_status_cycle_duration_not_validated_as_Tper,0.255,100,работает
RUN_20260509_VPLC_L3_STRESS_75_80_S01_R01,VPLC_L3_STRESS_75_80,SER_20260509_VPLC_L3_STRESS_75_80_S01,vPLC_container,VPLC_HOST,57,,,2026-05-09T20:43:42.131788955Z,,,,host_log,75,80,,,,,,3,512,,technical_check,vplc_status_cycle_duration_not_validated_as_Tper,0.253,100,работает
RUN_20260509_VPLC_L3_STRESS_75_80_S01_R01,VPLC_L3_STRESS_75_80,SER_20260509_VPLC_L3_STRESS_75_80_S01,vPLC_container,VPLC_HOST,58,,,2026-05-09T20:43:43.188229731Z,,,,host_log,75,80,,,,,,3,512,,technical_check,vplc_status_cycle_duration_not_validated_as_Tper,0.258,100,работает
RUN_20260509_VPLC_L3_STRESS_75_80_S01_R01,VPLC_L3_STRESS_75_80,SER_20260509_VPLC_L3_STRESS_75_80_S01,vPLC_container,VPLC_HOST,59,,,2026-05-09T20:43:44.242144393Z,,,,host_log,75,80,,,,,,3,512,,technical_check,vplc_status_cycle_duration_not_validated_as_Tper,0.237,100,работает
RUN_20260509_VPLC_L3_STRESS_75_80_S01_R01,VPLC_L3_STRESS_75_80,SER_20260509_VPLC_L3_STRESS_75_80_S01,vPLC_container,VPLC_HOST,60,,,2026-05-09T20:43:45.298466811Z,,,,host_log,75,80,,,,,,3,512,,technical_check,vplc_status_cycle_duration_not_validated_as_Tper,0.256,100,работает
RUN_20260509_VPLC_L3_STRESS_75_80_S01_R01,VPLC_L3_STRESS_75_80,SER_20260509_VPLC_L3_STRESS_75_80_S01,vPLC_container,VPLC_HOST,61,,,2026-05-09T20:43:46.354652178Z,,,,host_log,75,80,,,,,,3,512,,technical_check,vplc_status_cycle_duration_not_validated_as_Tper,4.086,100,работает
RUN_20260509_VPLC_L3_STRESS_75_80_S01_R01,VPLC_L3_STRESS_75_80,SER_20260509_VPLC_L3_STRESS_75_80_S01,vPLC_container,VPLC_HOST,62,,,2026-05-09T20:43:47.406873055Z,,,,host_log,75,80,,,,,,3,512,,technical_check,vplc_status_cycle_duration_not_validated_as_Tper,4.970,100,работает
RUN_20260509_VPLC_L3_STRESS_75_80_S01_R01,VPLC_L3_STRESS_75_80,SER_20260509_VPLC_L3_STRESS_75_80_S01,vPLC_container,VPLC_HOST,63,,,2026-05-09T20:43:48.462018404Z,,,,host_log,75,80,,,,,,3,512,,technical_check,vplc_status_cycle_duration_not_validated_as_Tper,0.260,100,работает
RUN_20260509_VPLC_L3_STRESS_75_80_S01_R01,VPLC_L3_STRESS_75_80,SER_20260509_VPLC_L3_STRESS_75_80_S01,vPLC_container,VPLC_HOST,64,,,2026-05-09T20:43:49.518921120Z,,,,host_log,75,80,,,,,,3,512,,technical_check,vplc_status_cycle_duration_not_validated_as_Tper,0.258,100,работает
RUN_20260509_VPLC_L3_STRESS_75_80_S01_R01,VPLC_L3_STRESS_75_80,SER_20260509_VPLC_L3_STRESS_75_80_S01,vPLC_container,VPLC_HOST,65,,,2026-05-09T20:43:50.575563862Z,,,,host_log,75,80,,,,,,3,512,,technical_check,vplc_status_cycle_duration_not_validated_as_Tper,0.253,100,работает
RUN_20260509_VPLC_L3_STRESS_75_80_S01_R01,VPLC_L3_STRESS_75_80,SER_20260509_VPLC_L3_STRESS_75_80_S01,vPLC_container,VPLC_HOST,66,,,2026-05-09T20:43:51.627513407Z,,,,host_log,75,80,,,,,,3,512,,technical_check,vplc_status_cycle_duration_not_validated_as_Tper,0.237,100,работает
RUN_20260509_VPLC_L3_STRESS_75_80_S01_R01,VPLC_L3_STRESS_75_80,SER_20260509_VPLC_L3_STRESS_75_80_S01,vPLC_container,VPLC_HOST,67,,,2026-05-09T20:43:52.683527219Z,,,,host_log,75,80,,,,,,3,512,,technical_check,vplc_status_cycle_duration_not_validated_as_Tper,0.258,100,работает
RUN_20260509_VPLC_L3_STRESS_75_80_S01_R01,VPLC_L3_STRESS_75_80,SER_20260509_VPLC_L3_STRESS_75_80_S01,vPLC_container,VPLC_HOST,68,,,2026-05-09T20:43:53.740748171Z,,,,host_log,75,80,,,,,,3,512,,technical_check,vplc_status_cycle_duration_not_validated_as_Tper,0.233,100,работает
RUN_20260509_VPLC_L3_STRESS_75_80_S01_R01,VPLC_L3_STRESS_75_80,SER_20260509_VPLC_L3_STRESS_75_80_S01,vPLC_container,VPLC_HOST,69,,,2026-05-09T20:43:54.794675406Z,,,,host_log,75,80,,,,,,3,512,,technical_check,vplc_status_cycle_duration_not_validated_as_Tper,0.251,100,работает
RUN_20260509_VPLC_L3_STRESS_75_80_S01_R01,VPLC_L3_STRESS_75_80,SER_20260509_VPLC_L3_STRESS_75_80_S01,vPLC_container,VPLC_HOST,70,,,2026-05-09T20:43:55.851565074Z,,,,host_log,75,80,,,,,,3,512,,technical_check,vplc_status_cycle_duration_not_validated_as_Tper,0.129,100,работает
RUN_20260509_VPLC_L3_STRESS_75_80_S01_R01,VPLC_L3_STRESS_75_80,SER_20260509_VPLC_L3_STRESS_75_80_S01,vPLC_container,VPLC_HOST,71,,,2026-05-09T20:43:56.907783371Z,,,,host_log,75,80,,,,,,3,512,,technical_check,vplc_status_cycle_duration_not_validated_as_Tper,0.259,100,работает
RUN_20260509_VPLC_L3_STRESS_75_80_S01_R01,VPLC_L3_STRESS_75_80,SER_20260509_VPLC_L3_STRESS_75_80_S01,vPLC_container,VPLC_HOST,72,,,2026-05-09T20:43:57.960517095Z,,,,host_log,75,80,,,,,,3,512,,technical_check,vplc_status_cycle_duration_not_validated_as_Tper,0.252,100,работает
RUN_20260509_VPLC_L3_STRESS_75_80_S01_R01,VPLC_L3_STRESS_75_80,SER_20260509_VPLC_L3_STRESS_75_80_S01,vPLC_container,VPLC_HOST,73,,,2026-05-09T20:43:59.015425808Z,,,,host_log,75,80,,,,,,3,512,,technical_check,vplc_status_cycle_duration_not_validated_as_Tper,0.251,100,работает
RUN_20260509_VPLC_L3_STRESS_75_80_S01_R01,VPLC_L3_STRESS_75_80,SER_20260509_VPLC_L3_STRESS_75_80_S01,vPLC_container,VPLC_HOST,74,,,2026-05-09T20:44:00.074807683Z,,,,host_log,75,80,,,,,,3,512,,technical_check,vplc_status_cycle_duration_not_validated_as_Tper,0.256,100,работает
RUN_20260509_VPLC_L3_STRESS_75_80_S01_R01,VPLC_L3_STRESS_75_80,SER_20260509_VPLC_L3_STRESS_75_80_S01,vPLC_container,VPLC_HOST,75,,,2026-05-09T20:44:01.127050992Z,,,,host_log,75,80,,,,,,3,512,,technical_check,vplc_status_cycle_duration_not_validated_as_Tper,0.257,100,работает
RUN_20260509_VPLC_L3_STRESS_75_80_S01_R01,VPLC_L3_STRESS_75_80,SER_20260509_VPLC_L3_STRESS_75_80_S01,vPLC_container,VPLC_HOST,76,,,2026-05-09T20:44:02.182822043Z,,,,host_log,75,80,,,,,,3,512,,technical_check,vplc_status_cycle_duration_not_validated_as_Tper,0.258,100,работает
RUN_20260509_VPLC_L3_STRESS_75_80_S01_R01,VPLC_L3_STRESS_75_80,SER_20260509_VPLC_L3_STRESS_75_80_S01,vPLC_container,VPLC_HOST,77,,,2026-05-09T20:44:03.235994302Z,,,,host_log,75,80,,,,,,3,512,,technical_check,vplc_status_cycle_duration_not_validated_as_Tper,0.236,100,работает
RUN_20260509_VPLC_L3_STRESS_75_80_S01_R01,VPLC_L3_STRESS_75_80,SER_20260509_VPLC_L3_STRESS_75_80_S01,vPLC_container,VPLC_HOST,78,,,2026-05-09T20:44:04.291920119Z,,,,host_log,75,80,,,,,,3,512,,technical_check,vplc_status_cycle_duration_not_validated_as_Tper,0.256,100,работает
RUN_20260509_VPLC_L3_STRESS_75_80_S01_R01,VPLC_L3_STRESS_75_80,SER_20260509_VPLC_L3_STRESS_75_80_S01,vPLC_container,VPLC_HOST,79,,,2026-05-09T20:44:05.349936985Z,,,,host_log,75,80,,,,,,3,512,,technical_check,vplc_status_cycle_duration_not_validated_as_Tper,3.975,100,работает
RUN_20260509_VPLC_L3_STRESS_75_80_S01_R01,VPLC_L3_STRESS_75_80,SER_20260509_VPLC_L3_STRESS_75_80_S01,vPLC_container,VPLC_HOST,80,,,2026-05-09T20:44:06.405001673Z,,,,host_log,75,80,,,,,,3,512,,technical_check,vplc_status_cycle_duration_not_validated_as_Tper,5.545,100,работает
RUN_20260509_VPLC_L3_STRESS_75_80_S01_R01,VPLC_L3_STRESS_75_80,SER_20260509_VPLC_L3_STRESS_75_80_S01,vPLC_container,VPLC_HOST,81,,,2026-05-09T20:44:07.457767940Z,,,,host_log,75,80,,,,,,3,512,,technical_check,vplc_status_cycle_duration_not_validated_as_Tper,0.243,100,работает
RUN_20260509_VPLC_L3_STRESS_75_80_S01_R01,VPLC_L3_STRESS_75_80,SER_20260509_VPLC_L3_STRESS_75_80_S01,vPLC_container,VPLC_HOST,82,,,2026-05-09T20:44:08.515186024Z,,,,host_log,75,80,,,,,,3,512,,technical_check,vplc_status_cycle_duration_not_validated_as_Tper,0.255,100,работает
RUN_20260509_VPLC_L3_STRESS_75_80_S01_R01,VPLC_L3_STRESS_75_80,SER_20260509_VPLC_L3_STRESS_75_80_S01,vPLC_container,VPLC_HOST,83,,,2026-05-09T20:44:09.571639172Z,,,,host_log,75,80,,,,,,3,512,,technical_check,vplc_status_cycle_duration_not_validated_as_Tper,0.249,100,работает
RUN_20260509_VPLC_L3_STRESS_75_80_S01_R01,VPLC_L3_STRESS_75_80,SER_20260509_VPLC_L3_STRESS_75_80_S01,vPLC_container,VPLC_HOST,84,,,2026-05-09T20:44:10.626629700Z,,,,host_log,75,80,,,,,,3,512,,technical_check,vplc_status_cycle_duration_not_validated_as_Tper,0.238,100,работает
RUN_20260509_VPLC_L3_STRESS_75_80_S01_R01,VPLC_L3_STRESS_75_80,SER_20260509_VPLC_L3_STRESS_75_80_S01,vPLC_container,VPLC_HOST,85,,,2026-05-09T20:44:11.681890080Z,,,,host_log,75,80,,,,,,3,512,,technical_check,vplc_status_cycle_duration_not_validated_as_Tper,0.259,100,работает
RUN_20260509_VPLC_L3_STRESS_75_80_S01_R01,VPLC_L3_STRESS_75_80,SER_20260509_VPLC_L3_STRESS_75_80_S01,vPLC_container,VPLC_HOST,86,,,2026-05-09T20:44:12.736691174Z,,,,host_log,75,80,,,,,,3,512,,technical_check,vplc_status_cycle_duration_not_validated_as_Tper,0.230,100,работает
RUN_20260509_VPLC_L3_STRESS_75_80_S01_R01,VPLC_L3_STRESS_75_80,SER_20260509_VPLC_L3_STRESS_75_80_S01,vPLC_container,VPLC_HOST,87,,,2026-05-09T20:44:13.790165497Z,,,,host_log,75,80,,,,,,3,512,,technical_check,vplc_status_cycle_duration_not_validated_as_Tper,0.251,100,работает
RUN_20260509_VPLC_L3_STRESS_75_80_S01_R01,VPLC_L3_STRESS_75_80,SER_20260509_VPLC_L3_STRESS_75_80_S01,vPLC_container,VPLC_HOST,88,,,2026-05-09T20:44:14.845766587Z,,,,host_log,75,80,,,,,,3,512,,technical_check,vplc_status_cycle_duration_not_validated_as_Tper,0.169,100,работает
RUN_20260509_VPLC_L3_STRESS_75_80_S01_R01,VPLC_L3_STRESS_75_80,SER_20260509_VPLC_L3_STRESS_75_80_S01,vPLC_container,VPLC_HOST,89,,,2026-05-09T20:44:15.902294598Z,,,,host_log,75,80,,,,,,3,512,,technical_check,vplc_status_cycle_duration_not_validated_as_Tper,0.257,100,работает
RUN_20260509_VPLC_L3_STRESS_75_80_S01_R01,VPLC_L3_STRESS_75_80,SER_20260509_VPLC_L3_STRESS_75_80_S01,vPLC_container,VPLC_HOST,90,,,2026-05-09T20:44:16.956766279Z,,,,host_log,75,80,,,,,,3,512,,technical_check,vplc_status_cycle_duration_not_validated_as_Tper,0.234,100,работает
RUN_20260509_VPLC_L3_STRESS_75_80_S01_R01,VPLC_L3_STRESS_75_80,SER_20260509_VPLC_L3_STRESS_75_80_S01,vPLC_container,VPLC_HOST,91,,,2026-05-09T20:44:18.013365089Z,,,,host_log,75,80,,,,,,3,512,,technical_check,vplc_status_cycle_duration_not_validated_as_Tper,0.251,100,работает
RUN_20260509_VPLC_L3_STRESS_75_80_S01_R01,VPLC_L3_STRESS_75_80,SER_20260509_VPLC_L3_STRESS_75_80_S01,vPLC_container,VPLC_HOST,92,,,2026-05-09T20:44:19.068627019Z,,,,host_log,75,80,,,,,,3,512,,technical_check,vplc_status_cycle_duration_not_validated_as_Tper,0.256,100,работает
RUN_20260509_VPLC_L3_STRESS_75_80_S01_R01,VPLC_L3_STRESS_75_80,SER_20260509_VPLC_L3_STRESS_75_80_S01,vPLC_container,VPLC_HOST,93,,,2026-05-09T20:44:20.121573013Z,,,,host_log,75,80,,,,,,3,512,,technical_check,vplc_status_cycle_duration_not_validated_as_Tper,0.255,100,работает
RUN_20260509_VPLC_L3_STRESS_75_80_S01_R01,VPLC_L3_STRESS_75_80,SER_20260509_VPLC_L3_STRESS_75_80_S01,vPLC_container,VPLC_HOST,94,,,2026-05-09T20:44:21.179708854Z,,,,host_log,75,80,,,,,,3,512,,technical_check,vplc_status_cycle_duration_not_validated_as_Tper,0.254,100,работает
RUN_20260509_VPLC_L3_STRESS_75_80_S01_R01,VPLC_L3_STRESS_75_80,SER_20260509_VPLC_L3_STRESS_75_80_S01,vPLC_container,VPLC_HOST,95,,,2026-05-09T20:44:22.234962939Z,,,,host_log,75,80,,,,,,3,512,,technical_check,vplc_status_cycle_duration_not_validated_as_Tper,0.235,100,работает
RUN_20260509_VPLC_L3_STRESS_75_80_S01_R01,VPLC_L3_STRESS_75_80,SER_20260509_VPLC_L3_STRESS_75_80_S01,vPLC_container,VPLC_HOST,96,,,2026-05-09T20:44:23.290507059Z,,,,host_log,75,80,,,,,,3,512,,technical_check,vplc_status_cycle_duration_not_validated_as_Tper,0.253,100,работает
RUN_20260509_VPLC_L3_STRESS_75_80_S01_R01,VPLC_L3_STRESS_75_80,SER_20260509_VPLC_L3_STRESS_75_80_S01,vPLC_container,VPLC_HOST,97,,,2026-05-09T20:44:24.342834817Z,,,,host_log,75,80,,,,,,3,512,,technical_check,vplc_status_cycle_duration_not_validated_as_Tper,4.786,100,работает
RUN_20260509_VPLC_L3_STRESS_75_80_S01_R01,VPLC_L3_STRESS_75_80,SER_20260509_VPLC_L3_STRESS_75_80_S01,vPLC_container,VPLC_HOST,98,,,2026-05-09T20:44:25.400634876Z,,,,host_log,75,80,,,,,,3,512,,technical_check,vplc_status_cycle_duration_not_validated_as_Tper,5.255,100,работает
RUN_20260509_VPLC_L3_STRESS_75_80_S01_R01,VPLC_L3_STRESS_75_80,SER_20260509_VPLC_L3_STRESS_75_80_S01,vPLC_container,VPLC_HOST,99,,,2026-05-09T20:44:26.452592027Z,,,,host_log,75,80,,,,,,3,512,,technical_check,vplc_status_cycle_duration_not_validated_as_Tper,0.132,100,работает
RUN_20260509_VPLC_L3_STRESS_75_80_S01_R01,VPLC_L3_STRESS_75_80,SER_20260509_VPLC_L3_STRESS_75_80_S01,vPLC_container,VPLC_HOST,100,,,2026-05-09T20:44:27.508835917Z,,,,host_log,75,80,,,,,,3,512,,technical_check,vplc_status_cycle_duration_not_validated_as_Tper,0.258,100,работает
RUN_20260509_VPLC_L3_STRESS_75_80_S01_R01,VPLC_L3_STRESS_75_80,SER_20260509_VPLC_L3_STRESS_75_80_S01,vPLC_container,VPLC_HOST,101,,,2026-05-09T20:44:28.565698902Z,,,,host_log,75,80,,,,,,3,512,,technical_check,vplc_status_cycle_duration_not_validated_as_Tper,0.253,100,работает
RUN_20260509_VPLC_L3_STRESS_75_80_S01_R01,VPLC_L3_STRESS_75_80,SER_20260509_VPLC_L3_STRESS_75_80_S01,vPLC_container,VPLC_HOST,102,,,2026-05-09T20:44:29.622644234Z,,,,host_log,75,80,,,,,,3,512,,technical_check,vplc_status_cycle_duration_not_validated_as_Tper,0.239,100,работает
RUN_20260509_VPLC_L3_STRESS_75_80_S01_R01,VPLC_L3_STRESS_75_80,SER_20260509_VPLC_L3_STRESS_75_80_S01,vPLC_container,VPLC_HOST,103,,,2026-05-09T20:44:30.677593705Z,,,,host_log,75,80,,,,,,3,512,,technical_check,vplc_status_cycle_duration_not_validated_as_Tper,0.260,100,работает
RUN_20260509_VPLC_L3_STRESS_75_80_S01_R01,VPLC_L3_STRESS_75_80,SER_20260509_VPLC_L3_STRESS_75_80_S01,vPLC_container,VPLC_HOST,104,,,2026-05-09T20:44:31.733567585Z,,,,host_log,75,80,,,,,,3,512,,technical_check,vplc_status_cycle_duration_not_validated_as_Tper,0.231,100,работает
RUN_20260509_VPLC_L3_STRESS_75_80_S01_R01,VPLC_L3_STRESS_75_80,SER_20260509_VPLC_L3_STRESS_75_80_S01,vPLC_container,VPLC_HOST,105,,,2026-05-09T20:44:32.788046421Z,,,,host_log,75,80,,,,,,3,512,,technical_check,vplc_status_cycle_duration_not_validated_as_Tper,0.251,100,работает
RUN_20260509_VPLC_L3_STRESS_75_80_S01_R01,VPLC_L3_STRESS_75_80,SER_20260509_VPLC_L3_STRESS_75_80_S01,vPLC_container,VPLC_HOST,106,,,2026-05-09T20:44:33.844605256Z,,,,host_log,75,80,,,,,,3,512,,technical_check,vplc_status_cycle_duration_not_validated_as_Tper,0.220,100,работает
RUN_20260509_VPLC_L3_STRESS_75_80_S01_R01,VPLC_L3_STRESS_75_80,SER_20260509_VPLC_L3_STRESS_75_80_S01,vPLC_container,VPLC_HOST,107,,,2026-05-09T20:44:34.896134514Z,,,,host_log,75,80,,,,,,3,512,,technical_check,vplc_status_cycle_duration_not_validated_as_Tper,0.258,100,работает
RUN_20260509_VPLC_L3_STRESS_75_80_S01_R01,VPLC_L3_STRESS_75_80,SER_20260509_VPLC_L3_STRESS_75_80_S01,vPLC_container,VPLC_HOST,108,,,2026-05-09T20:44:35.954711353Z,,,,host_log,75,80,,,,,,3,512,,technical_check,vplc_status_cycle_duration_not_validated_as_Tper,0.168,100,работает
RUN_20260509_VPLC_L3_STRESS_75_80_S01_R01,VPLC_L3_STRESS_75_80,SER_20260509_VPLC_L3_STRESS_75_80_S01,vPLC_container,VPLC_HOST,109,,,2026-05-09T20:44:37.009640016Z,,,,host_log,75,80,,,,,,3,512,,technical_check,vplc_status_cycle_duration_not_validated_as_Tper,0.252,100,работает
RUN_20260509_VPLC_L3_STRESS_75_80_S01_R01,VPLC_L3_STRESS_75_80,SER_20260509_VPLC_L3_STRESS_75_80_S01,vPLC_container,VPLC_HOST,110,,,2026-05-09T20:44:38.064227175Z,,,,host_log,75,80,,,,,,3,512,,technical_check,vplc_status_cycle_duration_not_validated_as_Tper,0.258,100,работает
RUN_20260509_VPLC_L3_STRESS_75_80_S01_R01,VPLC_L3_STRESS_75_80,SER_20260509_VPLC_L3_STRESS_75_80_S01,vPLC_container,VPLC_HOST,111,,,2026-05-09T20:44:39.120946421Z,,,,host_log,75,80,,,,,,3,512,,technical_check,vplc_status_cycle_duration_not_validated_as_Tper,0.256,100,работает
RUN_20260509_VPLC_L3_STRESS_75_80_S01_R01,VPLC_L3_STRESS_75_80,SER_20260509_VPLC_L3_STRESS_75_80_S01,vPLC_container,VPLC_HOST,112,,,2026-05-09T20:44:40.175499617Z,,,,host_log,75,80,,,,,,3,512,,technical_check,vplc_status_cycle_duration_not_validated_as_Tper,0.252,100,работает
RUN_20260509_VPLC_L3_STRESS_75_80_S01_R01,VPLC_L3_STRESS_75_80,SER_20260509_VPLC_L3_STRESS_75_80_S01,vPLC_container,VPLC_HOST,113,,,2026-05-09T20:44:41.231850285Z,,,,host_log,75,80,,,,,,3,512,,technical_check,vplc_status_cycle_duration_not_validated_as_Tper,0.236,100,работает
RUN_20260509_VPLC_L3_STRESS_75_80_S01_R01,VPLC_L3_STRESS_75_80,SER_20260509_VPLC_L3_STRESS_75_80_S01,vPLC_container,VPLC_HOST,114,,,2026-05-09T20:44:42.284278257Z,,,,host_log,75,80,,,,,,3,512,,technical_check,vplc_status_cycle_duration_not_validated_as_Tper,0.256,100,работает
RUN_20260509_VPLC_L3_STRESS_75_80_S01_R01,VPLC_L3_STRESS_75_80,SER_20260509_VPLC_L3_STRESS_75_80_S01,vPLC_container,VPLC_HOST,115,,,2026-05-09T20:44:43.341673569Z,,,,host_log,75,80,,,,,,3,512,,technical_check,vplc_status_cycle_duration_not_validated_as_Tper,4.628,100,работает
RUN_20260509_VPLC_L3_STRESS_75_80_S01_R01,VPLC_L3_STRESS_75_80,SER_20260509_VPLC_L3_STRESS_75_80_S01,vPLC_container,VPLC_HOST,116,,,2026-05-09T20:44:44.396981162Z,,,,host_log,75,80,,,,,,3,512,,technical_check,vplc_status_cycle_duration_not_validated_as_Tper,5.085,100,работает
RUN_20260509_VPLC_L3_STRESS_75_80_S01_R01,VPLC_L3_STRESS_75_80,SER_20260509_VPLC_L3_STRESS_75_80_S01,vPLC_container,VPLC_HOST,117,,,2026-05-09T20:44:45.452737048Z,,,,host_log,75,80,,,,,,3,512,,technical_check,vplc_status_cycle_duration_not_validated_as_Tper,0.139,100,работает
RUN_20260509_VPLC_L3_STRESS_75_80_S01_R01,VPLC_L3_STRESS_75_80,SER_20260509_VPLC_L3_STRESS_75_80_S01,vPLC_container,VPLC_HOST,118,,,2026-05-09T20:44:46.508037662Z,,,,host_log,75,80,,,,,,3,512,,technical_check,vplc_status_cycle_duration_not_validated_as_Tper,0.256,100,работает
RUN_20260509_VPLC_L3_STRESS_75_80_S01_R01,VPLC_L3_STRESS_75_80,SER_20260509_VPLC_L3_STRESS_75_80_S01,vPLC_container,VPLC_HOST,119,,,2026-05-09T20:44:47.563510247Z,,,,host_log,75,80,,,,,,3,512,,technical_check,vplc_status_cycle_duration_not_validated_as_Tper,0.259,100,работает
RUN_20260509_VPLC_L3_STRESS_75_80_S01_R01,VPLC_L3_STRESS_75_80,SER_20260509_VPLC_L3_STRESS_75_80_S01,vPLC_container,VPLC_HOST,120,,,2026-05-09T20:44:48.619552146Z,,,,host_log,75,80,,,,,,3,512,,technical_check,vplc_status_cycle_duration_not_validated_as_Tper,0.257,100,работает
RUN_20260509_VPLC_L3_STRESS_75_80_S01_R01,VPLC_L3_STRESS_75_80,SER_20260509_VPLC_L3_STRESS_75_80_S01,vPLC_container,VPLC_HOST,121,,,2026-05-09T20:44:49.675015492Z,,,,host_log,75,80,,,,,,3,512,,technical_check,vplc_status_cycle_duration_not_validated_as_Tper,0.256,100,работает
RUN_20260509_VPLC_L3_STRESS_75_80_S01_R01,VPLC_L3_STRESS_75_80,SER_20260509_VPLC_L3_STRESS_75_80_S01,vPLC_container,VPLC_HOST,122,,,2026-05-09T20:44:50.726517588Z,,,,host_log,75,80,,,,,,3,512,,technical_check,vplc_status_cycle_duration_not_validated_as_Tper,0.231,100,работает
RUN_20260509_VPLC_L3_STRESS_75_80_S01_R01,VPLC_L3_STRESS_75_80,SER_20260509_VPLC_L3_STRESS_75_80_S01,vPLC_container,VPLC_HOST,123,,,2026-05-09T20:44:51.783834278Z,,,,host_log,75,80,,,,,,3,512,,technical_check,vplc_status_cycle_duration_not_validated_as_Tper,0.254,100,работает
RUN_20260509_VPLC_L3_STRESS_75_80_S01_R01,VPLC_L3_STRESS_75_80,SER_20260509_VPLC_L3_STRESS_75_80_S01,vPLC_container,VPLC_HOST,124,,,2026-05-09T20:44:52.839469400Z,,,,host_log,75,80,,,,,,3,512,,technical_check,vplc_status_cycle_duration_not_validated_as_Tper,0.239,100,работает
RUN_20260509_VPLC_L3_STRESS_75_80_S01_R01,VPLC_L3_STRESS_75_80,SER_20260509_VPLC_L3_STRESS_75_80_S01,vPLC_container,VPLC_HOST,125,,,2026-05-09T20:44:53.892198046Z,,,,host_log,75,80,,,,,,3,512,,technical_check,vplc_status_cycle_duration_not_validated_as_Tper,0.257,100,работает
RUN_20260509_VPLC_L3_STRESS_75_80_S01_R01,VPLC_L3_STRESS_75_80,SER_20260509_VPLC_L3_STRESS_75_80_S01,vPLC_container,VPLC_HOST,126,,,2026-05-09T20:44:54.950254209Z,,,,host_log,75,80,,,,,,3,512,,technical_check,vplc_status_cycle_duration_not_validated_as_Tper,0.126,100,работает
RUN_20260509_VPLC_L3_STRESS_75_80_S01_R01,VPLC_L3_STRESS_75_80,SER_20260509_VPLC_L3_STRESS_75_80_S01,vPLC_container,VPLC_HOST,127,,,2026-05-09T20:44:56.003544730Z,,,,host_log,75,80,,,,,,3,512,,technical_check,vplc_status_cycle_duration_not_validated_as_Tper,0.248,100,работает
RUN_20260509_VPLC_L3_STRESS_75_80_S01_R01,VPLC_L3_STRESS_75_80,SER_20260509_VPLC_L3_STRESS_75_80_S01,vPLC_container,VPLC_HOST,128,,,2026-05-09T20:44:57.060694295Z,,,,host_log,75,80,,,,,,3,512,,technical_check,vplc_status_cycle_duration_not_validated_as_Tper,0.260,100,работает
RUN_20260509_VPLC_L3_STRESS_75_80_S01_R01,VPLC_L3_STRESS_75_80,SER_20260509_VPLC_L3_STRESS_75_80_S01,vPLC_container,VPLC_HOST,129,,,2026-05-09T20:44:58.116111435Z,,,,host_log,75,80,,,,,,3,512,,technical_check,vplc_status_cycle_duration_not_validated_as_Tper,0.257,100,работает
RUN_20260509_VPLC_L3_STRESS_75_80_S01_R01,VPLC_L3_STRESS_75_80,SER_20260509_VPLC_L3_STRESS_75_80_S01,vPLC_container,VPLC_HOST,130,,,2026-05-09T20:44:59.169760030Z,,,,host_log,75,80,,,,,,3,512,,technical_check,vplc_status_cycle_duration_not_validated_as_Tper,0.252,100,работает
RUN_20260509_VPLC_L3_STRESS_75_80_S01_R01,VPLC_L3_STRESS_75_80,SER_20260509_VPLC_L3_STRESS_75_80_S01,vPLC_container,VPLC_HOST,131,,,2026-05-09T20:45:00.225164523Z,,,,host_log,75,80,,,,,,3,512,,technical_check,vplc_status_cycle_duration_not_validated_as_Tper,0.235,100,работает
RUN_20260509_VPLC_L3_STRESS_75_80_S01_R01,VPLC_L3_STRESS_75_80,SER_20260509_VPLC_L3_STRESS_75_80_S01,vPLC_container,VPLC_HOST,132,,,2026-05-09T20:45:01.281540960Z,,,,host_log,75,80,,,,,,3,512,,technical_check,vplc_status_cycle_duration_not_validated_as_Tper,0.259,100,работает
RUN_20260509_VPLC_L3_STRESS_75_80_S01_R01,VPLC_L3_STRESS_75_80,SER_20260509_VPLC_L3_STRESS_75_80_S01,vPLC_container,VPLC_HOST,133,,,2026-05-09T20:45:02.338421257Z,,,,host_log,75,80,,,,,,3,512,,technical_check,vplc_status_cycle_duration_not_validated_as_Tper,4.558,100,работает
RUN_20260509_VPLC_L3_STRESS_75_80_S01_R01,VPLC_L3_STRESS_75_80,SER_20260509_VPLC_L3_STRESS_75_80_S01,vPLC_container,VPLC_HOST,134,,,2026-05-09T20:45:03.391948066Z,,,,host_log,75,80,,,,,,3,512,,technical_check,vplc_status_cycle_duration_not_validated_as_Tper,4.308,100,работает
RUN_20260509_VPLC_L3_STRESS_75_80_S01_R01,VPLC_L3_STRESS_75_80,SER_20260509_VPLC_L3_STRESS_75_80_S01,vPLC_container,VPLC_HOST,135,,,2026-05-09T20:45:04.445584652Z,,,,host_log,75,80,,,,,,3,512,,technical_check,vplc_status_cycle_duration_not_validated_as_Tper,0.213,100,работает
RUN_20260509_VPLC_L3_STRESS_75_80_S01_R01,VPLC_L3_STRESS_75_80,SER_20260509_VPLC_L3_STRESS_75_80_S01,vPLC_container,VPLC_HOST,136,,,2026-05-09T20:45:05.503521258Z,,,,host_log,75,80,,,,,,3,512,,technical_check,vplc_status_cycle_duration_not_validated_as_Tper,0.257,100,работает
RUN_20260509_VPLC_L3_STRESS_75_80_S01_R01,VPLC_L3_STRESS_75_80,SER_20260509_VPLC_L3_STRESS_75_80_S01,vPLC_container,VPLC_HOST,137,,,2026-05-09T20:45:06.556259156Z,,,,host_log,75,80,,,,,,3,512,,technical_check,vplc_status_cycle_duration_not_validated_as_Tper,0.190,100,работает
RUN_20260509_VPLC_L3_STRESS_75_80_S01_R01,VPLC_L3_STRESS_75_80,SER_20260509_VPLC_L3_STRESS_75_80_S01,vPLC_container,VPLC_HOST,138,,,2026-05-09T20:45:07.611447242Z,,,,host_log,75,80,,,,,,3,512,,technical_check,vplc_status_cycle_duration_not_validated_as_Tper,0.253,100,работает
RUN_20260509_VPLC_L3_STRESS_75_80_S01_R01,VPLC_L3_STRESS_75_80,SER_20260509_VPLC_L3_STRESS_75_80_S01,vPLC_container,VPLC_HOST,139,,,2026-05-09T20:45:08.667039718Z,,,,host_log,75,80,,,,,,3,512,,technical_check,vplc_status_cycle_duration_not_validated_as_Tper,0.256,100,работает
RUN_20260509_VPLC_L3_STRESS_75_80_S01_R01,VPLC_L3_STRESS_75_80,SER_20260509_VPLC_L3_STRESS_75_80_S01,vPLC_container,VPLC_HOST,140,,,2026-05-09T20:45:09.722380995Z,,,,host_log,75,80,,,,,,3,512,,technical_check,vplc_status_cycle_duration_not_validated_as_Tper,0.206,100,работает
RUN_20260509_VPLC_L3_STRESS_75_80_S01_R01,VPLC_L3_STRESS_75_80,SER_20260509_VPLC_L3_STRESS_75_80_S01,vPLC_container,VPLC_HOST,141,,,2026-05-09T20:45:10.777905868Z,,,,host_log,75,80,,,,,,3,512,,technical_check,vplc_status_cycle_duration_not_validated_as_Tper,0.256,100,работает
RUN_20260509_VPLC_L3_STRESS_75_80_S01_R01,VPLC_L3_STRESS_75_80,SER_20260509_VPLC_L3_STRESS_75_80_S01,vPLC_container,VPLC_HOST,142,,,2026-05-09T20:45:11.833923543Z,,,,host_log,75,80,,,,,,3,512,,technical_check,vplc_status_cycle_duration_not_validated_as_Tper,0.236,100,работает
RUN_20260509_VPLC_L3_STRESS_75_80_S01_R01,VPLC_L3_STRESS_75_80,SER_20260509_VPLC_L3_STRESS_75_80_S01,vPLC_container,VPLC_HOST,143,,,2026-05-09T20:45:12.889577277Z,,,,host_log,75,80,,,,,,3,512,,technical_check,vplc_status_cycle_duration_not_validated_as_Tper,0.258,100,работает
RUN_20260509_VPLC_L3_STRESS_75_80_S01_R01,VPLC_L3_STRESS_75_80,SER_20260509_VPLC_L3_STRESS_75_80_S01,vPLC_container,VPLC_HOST,144,,,2026-05-09T20:45:13.942740183Z,,,,host_log,75,80,,,,,,3,512,,technical_check,vplc_status_cycle_duration_not_validated_as_Tper,0.232,100,работает
RUN_20260509_VPLC_L3_STRESS_75_80_S01_R01,VPLC_L3_STRESS_75_80,SER_20260509_VPLC_L3_STRESS_75_80_S01,vPLC_container,VPLC_HOST,145,,,2026-05-09T20:45:15.000175248Z,,,,host_log,75,80,,,,,,3,512,,technical_check,vplc_status_cycle_duration_not_validated_as_Tper,0.259,100,работает
RUN_20260509_VPLC_L3_STRESS_75_80_S01_R01,VPLC_L3_STRESS_75_80,SER_20260509_VPLC_L3_STRESS_75_80_S01,vPLC_container,VPLC_HOST,146,,,2026-05-09T20:45:16.054109461Z,,,,host_log,75,80,,,,,,3,512,,technical_check,vplc_status_cycle_duration_not_validated_as_Tper,0.155,100,работает
RUN_20260509_VPLC_L3_STRESS_75_80_S01_R01,VPLC_L3_STRESS_75_80,SER_20260509_VPLC_L3_STRESS_75_80_S01,vPLC_container,VPLC_HOST,147,,,2026-05-09T20:45:17.110547125Z,,,,host_log,75,80,,,,,,3,512,,technical_check,vplc_status_cycle_duration_not_validated_as_Tper,0.256,100,работает
RUN_20260509_VPLC_L3_STRESS_75_80_S01_R01,VPLC_L3_STRESS_75_80,SER_20260509_VPLC_L3_STRESS_75_80_S01,vPLC_container,VPLC_HOST,148,,,2026-05-09T20:45:18.166519128Z,,,,host_log,75,80,,,,,,3,512,,technical_check,vplc_status_cycle_duration_not_validated_as_Tper,0.231,100,работает
RUN_20260509_VPLC_L3_STRESS_75_80_S01_R01,VPLC_L3_STRESS_75_80,SER_20260509_VPLC_L3_STRESS_75_80_S01,vPLC_container,VPLC_HOST,149,,,2026-05-09T20:45:19.218227106Z,,,,host_log,75,80,,,,,,3,512,,technical_check,vplc_status_cycle_duration_not_validated_as_Tper,0.249,100,работает
RUN_20260509_VPLC_L3_STRESS_75_80_S01_R01,VPLC_L3_STRESS_75_80,SER_20260509_VPLC_L3_STRESS_75_80_S01,vPLC_container,VPLC_HOST,150,,,2026-05-09T20:45:20.275073952Z,,,,host_log,75,80,,,,,,3,512,,technical_check,vplc_status_cycle_duration_not_validated_as_Tper,0.256,100,работает
RUN_20260509_VPLC_L3_STRESS_75_80_S01_R01,VPLC_L3_STRESS_75_80,SER_20260509_VPLC_L3_STRESS_75_80_S01,vPLC_container,VPLC_HOST,151,,,2026-05-09T20:45:21.331964686Z,,,,host_log,75,80,,,,,,3,512,,technical_check,vplc_status_cycle_duration_not_validated_as_Tper,4.607,100,работает
RUN_20260509_VPLC_L3_STRESS_75_80_S01_R01,VPLC_L3_STRESS_75_80,SER_20260509_VPLC_L3_STRESS_75_80_S01,vPLC_container,VPLC_HOST,152,,,2026-05-09T20:45:22.385177046Z,,,,host_log,75,80,,,,,,3,512,,technical_check,vplc_status_cycle_duration_not_validated_as_Tper,4.531,100,работает
RUN_20260509_VPLC_L3_STRESS_75_80_S01_R01,VPLC_L3_STRESS_75_80,SER_20260509_VPLC_L3_STRESS_75_80_S01,vPLC_container,VPLC_HOST,153,,,2026-05-09T20:45:23.443895516Z,,,,host_log,75,80,,,,,,3,512,,technical_check,vplc_status_cycle_duration_not_validated_as_Tper,0.185,100,работает
RUN_20260509_VPLC_L3_STRESS_75_80_S01_R01,VPLC_L3_STRESS_75_80,SER_20260509_VPLC_L3_STRESS_75_80_S01,vPLC_container,VPLC_HOST,154,,,2026-05-09T20:45:24.498181519Z,,,,host_log,75,80,,,,,,3,512,,technical_check,vplc_status_cycle_duration_not_validated_as_Tper,0.259,100,работает
RUN_20260509_VPLC_L3_STRESS_75_80_S01_R01,VPLC_L3_STRESS_75_80,SER_20260509_VPLC_L3_STRESS_75_80_S01,vPLC_container,VPLC_HOST,155,,,2026-05-09T20:45:25.552923700Z,,,,host_log,75,80,,,,,,3,512,,technical_check,vplc_status_cycle_duration_not_validated_as_Tper,0.128,100,работает
RUN_20260509_VPLC_L3_STRESS_75_80_S01_R01,VPLC_L3_STRESS_75_80,SER_20260509_VPLC_L3_STRESS_75_80_S01,vPLC_container,VPLC_HOST,156,,,2026-05-09T20:45:26.609329745Z,,,,host_log,75,80,,,,,,3,512,,technical_check,vplc_status_cycle_duration_not_validated_as_Tper,0.251,100,работает
RUN_20260509_VPLC_L3_STRESS_75_80_S01_R01,VPLC_L3_STRESS_75_80,SER_20260509_VPLC_L3_STRESS_75_80_S01,vPLC_container,VPLC_HOST,157,,,2026-05-09T20:45:27.664647086Z,,,,host_log,75,80,,,,,,3,512,,technical_check,vplc_status_cycle_duration_not_validated_as_Tper,0.257,100,работает
RUN_20260509_VPLC_L3_STRESS_75_80_S01_R01,VPLC_L3_STRESS_75_80,SER_20260509_VPLC_L3_STRESS_75_80_S01,vPLC_container,VPLC_HOST,158,,,2026-05-09T20:45:28.716239814Z,,,,host_log,75,80,,,,,,3,512,,technical_check,vplc_status_cycle_duration_not_validated_as_Tper,0.257,100,работает
RUN_20260509_VPLC_L3_STRESS_75_80_S01_R01,VPLC_L3_STRESS_75_80,SER_20260509_VPLC_L3_STRESS_75_80_S01,vPLC_container,VPLC_HOST,159,,,2026-05-09T20:45:29.773196545Z,,,,host_log,75,80,,,,,,3,512,,technical_check,vplc_status_cycle_duration_not_validated_as_Tper,0.255,100,работает
RUN_20260509_VPLC_L3_STRESS_75_80_S01_R01,VPLC_L3_STRESS_75_80,SER_20260509_VPLC_L3_STRESS_75_80_S01,vPLC_container,VPLC_HOST,160,,,2026-05-09T20:45:30.830939652Z,,,,host_log,75,80,,,,,,3,512,,technical_check,vplc_status_cycle_duration_not_validated_as_Tper,0.237,100,работает
RUN_20260509_VPLC_L3_STRESS_75_80_S01_R01,VPLC_L3_STRESS_75_80,SER_20260509_VPLC_L3_STRESS_75_80_S01,vPLC_container,VPLC_HOST,161,,,2026-05-09T20:45:31.884823077Z,,,,host_log,75,80,,,,,,3,512,,technical_check,vplc_status_cycle_duration_not_validated_as_Tper,0.256,100,работает
RUN_20260509_VPLC_L3_STRESS_75_80_S01_R01,VPLC_L3_STRESS_75_80,SER_20260509_VPLC_L3_STRESS_75_80_S01,vPLC_container,VPLC_HOST,162,,,2026-05-09T20:45:32.938781840Z,,,,host_log,75,80,,,,,,3,512,,technical_check,vplc_status_cycle_duration_not_validated_as_Tper,0.235,100,работает
RUN_20260509_VPLC_L3_STRESS_75_80_S01_R01,VPLC_L3_STRESS_75_80,SER_20260509_VPLC_L3_STRESS_75_80_S01,vPLC_container,VPLC_HOST,163,,,2026-05-09T20:45:33.993510841Z,,,,host_log,75,80,,,,,,3,512,,technical_check,vplc_status_cycle_duration_not_validated_as_Tper,0.257,100,работает
RUN_20260509_VPLC_L3_STRESS_75_80_S01_R01,VPLC_L3_STRESS_75_80,SER_20260509_VPLC_L3_STRESS_75_80_S01,vPLC_container,VPLC_HOST,164,,,2026-05-09T20:45:35.047331173Z,,,,host_log,75,80,,,,,,3,512,,technical_check,vplc_status_cycle_duration_not_validated_as_Tper,0.168,100,работает
RUN_20260509_VPLC_L3_STRESS_75_80_S01_R01,VPLC_L3_STRESS_75_80,SER_20260509_VPLC_L3_STRESS_75_80_S01,vPLC_container,VPLC_HOST,165,,,2026-05-09T20:45:36.105446076Z,,,,host_log,75,80,,,,,,3,512,,technical_check,vplc_status_cycle_duration_not_validated_as_Tper,0.254,100,работает
RUN_20260509_VPLC_L3_STRESS_75_80_S01_R01,VPLC_L3_STRESS_75_80,SER_20260509_VPLC_L3_STRESS_75_80_S01,vPLC_container,VPLC_HOST,166,,,2026-05-09T20:45:37.160775042Z,,,,host_log,75,80,,,,,,3,512,,technical_check,vplc_status_cycle_duration_not_validated_as_Tper,0.255,100,работает
RUN_20260509_VPLC_L3_STRESS_75_80_S01_R01,VPLC_L3_STRESS_75_80,SER_20260509_VPLC_L3_STRESS_75_80_S01,vPLC_container,VPLC_HOST,167,,,2026-05-09T20:45:38.214586449Z,,,,host_log,75,80,,,,,,3,512,,technical_check,vplc_status_cycle_duration_not_validated_as_Tper,0.258,100,работает
RUN_20260509_VPLC_L3_STRESS_75_80_S01_R01,VPLC_L3_STRESS_75_80,SER_20260509_VPLC_L3_STRESS_75_80_S01,vPLC_container,VPLC_HOST,168,,,2026-05-09T20:45:39.271066381Z,,,,host_log,75,80,,,,,,3,512,,technical_check,vplc_status_cycle_duration_not_validated_as_Tper,0.260,100,работает
RUN_20260509_VPLC_L3_STRESS_75_80_S01_R01,VPLC_L3_STRESS_75_80,SER_20260509_VPLC_L3_STRESS_75_80_S01,vPLC_container,VPLC_HOST,169,,,2026-05-09T20:45:40.326203592Z,,,,host_log,75,80,,,,,,3,512,,technical_check,vplc_status_cycle_duration_not_validated_as_Tper,0.257,100,работает
RUN_20260509_VPLC_L3_STRESS_75_80_S01_R01,VPLC_L3_STRESS_75_80,SER_20260509_VPLC_L3_STRESS_75_80_S01,vPLC_container,VPLC_HOST,170,,,2026-05-09T20:45:41.382734428Z,,,,host_log,75,80,,,,,,3,512,,technical_check,vplc_status_cycle_duration_not_validated_as_Tper,4.878,100,работает
RUN_20260509_VPLC_L3_STRESS_75_80_S01_R01,VPLC_L3_STRESS_75_80,SER_20260509_VPLC_L3_STRESS_75_80_S01,vPLC_container,VPLC_HOST,171,,,2026-05-09T20:45:42.436596269Z,,,,host_log,75,80,,,,,,3,512,,technical_check,vplc_status_cycle_duration_not_validated_as_Tper,0.238,100,работает
RUN_20260509_VPLC_L3_STRESS_75_80_S01_R01,VPLC_L3_STRESS_75_80,SER_20260509_VPLC_L3_STRESS_75_80_S01,vPLC_container,VPLC_HOST,172,,,2026-05-09T20:45:43.491722552Z,,,,host_log,75,80,,,,,,3,512,,technical_check,vplc_status_cycle_duration_not_validated_as_Tper,0.259,100,работает
RUN_20260509_VPLC_L3_STRESS_75_80_S01_R01,VPLC_L3_STRESS_75_80,SER_20260509_VPLC_L3_STRESS_75_80_S01,vPLC_container,VPLC_HOST,173,,,2026-05-09T20:45:44.545456842Z,,,,host_log,75,80,,,,,,3,512,,technical_check,vplc_status_cycle_duration_not_validated_as_Tper,0.165,100,работает
RUN_20260509_VPLC_L3_STRESS_75_80_S01_R01,VPLC_L3_STRESS_75_80,SER_20260509_VPLC_L3_STRESS_75_80_S01,vPLC_container,VPLC_HOST,174,,,2026-05-09T20:45:45.602696450Z,,,,host_log,75,80,,,,,,3,512,,technical_check,vplc_status_cycle_duration_not_validated_as_Tper,0.251,100,работает
RUN_20260509_VPLC_L3_STRESS_75_80_S01_R01,VPLC_L3_STRESS_75_80,SER_20260509_VPLC_L3_STRESS_75_80_S01,vPLC_container,VPLC_HOST,175,,,2026-05-09T20:45:46.655947773Z,,,,host_log,75,80,,,,,,3,512,,technical_check,vplc_status_cycle_duration_not_validated_as_Tper,0.191,100,работает
RUN_20260509_VPLC_L3_STRESS_75_80_S01_R01,VPLC_L3_STRESS_75_80,SER_20260509_VPLC_L3_STRESS_75_80_S01,vPLC_container,VPLC_HOST,176,,,2026-05-09T20:45:47.714248257Z,,,,host_log,75,80,,,,,,3,512,,technical_check,vplc_status_cycle_duration_not_validated_as_Tper,0.258,100,работает
RUN_20260509_VPLC_L3_STRESS_75_80_S01_R01,VPLC_L3_STRESS_75_80,SER_20260509_VPLC_L3_STRESS_75_80_S01,vPLC_container,VPLC_HOST,177,,,2026-05-09T20:45:48.768774903Z,,,,host_log,75,80,,,,,,3,512,,technical_check,vplc_status_cycle_duration_not_validated_as_Tper,0.249,100,работает
RUN_20260509_VPLC_L3_STRESS_75_80_S01_R01,VPLC_L3_STRESS_75_80,SER_20260509_VPLC_L3_STRESS_75_80_S01,vPLC_container,VPLC_HOST,178,,,2026-05-09T20:45:49.823723485Z,,,,host_log,75,80,,,,,,3,512,,technical_check,vplc_status_cycle_duration_not_validated_as_Tper,0.256,100,работает
RUN_20260509_VPLC_L3_STRESS_75_80_S01_R01,VPLC_L3_STRESS_75_80,SER_20260509_VPLC_L3_STRESS_75_80_S01,vPLC_container,VPLC_HOST,179,,,2026-05-09T20:45:50.880128580Z,,,,host_log,75,80,,,,,,3,512,,technical_check,vplc_status_cycle_duration_not_validated_as_Tper,0.255,100,работает
RUN_20260509_VPLC_L3_STRESS_75_80_S01_R01,VPLC_L3_STRESS_75_80,SER_20260509_VPLC_L3_STRESS_75_80_S01,vPLC_container,VPLC_HOST,180,,,2026-05-09T20:45:51.935304383Z,,,,host_log,75,80,,,,,,3,512,,technical_check,vplc_status_cycle_duration_not_validated_as_Tper,0.237,100,работает
RUN_20260509_VPLC_L3_STRESS_75_80_S01_R01,VPLC_L3_STRESS_75_80,SER_20260509_VPLC_L3_STRESS_75_80_S01,vPLC_container,VPLC_HOST,181,,,2026-05-09T20:45:52.990576673Z,,,,host_log,75,80,,,,,,3,512,,technical_check,vplc_status_cycle_duration_not_validated_as_Tper,0.254,100,работает
RUN_20260509_VPLC_L3_STRESS_75_80_S01_R01,VPLC_L3_STRESS_75_80,SER_20260509_VPLC_L3_STRESS_75_80_S01,vPLC_container,VPLC_HOST,182,,,2026-05-09T20:45:54.045629388Z,,,,host_log,75,80,,,,,,3,512,,technical_check,vplc_status_cycle_duration_not_validated_as_Tper,0.197,100,работает
RUN_20260509_VPLC_L3_STRESS_75_80_S01_R01,VPLC_L3_STRESS_75_80,SER_20260509_VPLC_L3_STRESS_75_80_S01,vPLC_container,VPLC_HOST,183,,,2026-05-09T20:45:55.100918880Z,,,,host_log,75,80,,,,,,3,512,,technical_check,vplc_status_cycle_duration_not_validated_as_Tper,0.255,100,работает
RUN_20260509_VPLC_L3_STRESS_75_80_S01_R01,VPLC_L3_STRESS_75_80,SER_20260509_VPLC_L3_STRESS_75_80_S01,vPLC_container,VPLC_HOST,184,,,2026-05-09T20:45:56.155561572Z,,,,host_log,75,80,,,,,,3,512,,technical_check,vplc_status_cycle_duration_not_validated_as_Tper,0.177,100,работает
RUN_20260509_VPLC_L3_STRESS_75_80_S01_R01,VPLC_L3_STRESS_75_80,SER_20260509_VPLC_L3_STRESS_75_80_S01,vPLC_container,VPLC_HOST,185,,,2026-05-09T20:45:57.212201734Z,,,,host_log,75,80,,,,,,3,512,,technical_check,vplc_status_cycle_duration_not_validated_as_Tper,0.256,100,работает
RUN_20260509_VPLC_L3_STRESS_75_80_S01_R01,VPLC_L3_STRESS_75_80,SER_20260509_VPLC_L3_STRESS_75_80_S01,vPLC_container,VPLC_HOST,186,,,2026-05-09T20:45:58.267701306Z,,,,host_log,75,80,,,,,,3,512,,technical_check,vplc_status_cycle_duration_not_validated_as_Tper,0.256,100,работает
RUN_20260509_VPLC_L3_STRESS_75_80_S01_R01,VPLC_L3_STRESS_75_80,SER_20260509_VPLC_L3_STRESS_75_80_S01,vPLC_container,VPLC_HOST,187,,,2026-05-09T20:45:59.320457438Z,,,,host_log,75,80,,,,,,3,512,,technical_check,vplc_status_cycle_duration_not_validated_as_Tper,0.257,100,работает
RUN_20260509_VPLC_L3_STRESS_75_80_S01_R01,VPLC_L3_STRESS_75_80,SER_20260509_VPLC_L3_STRESS_75_80_S01,vPLC_container,VPLC_HOST,188,,,2026-05-09T20:46:00.377512082Z,,,,host_log,75,80,,,,,,3,512,,technical_check,vplc_status_cycle_duration_not_validated_as_Tper,4.842,100,работает
RUN_20260509_VPLC_L3_STRESS_75_80_S01_R01,VPLC_L3_STRESS_75_80,SER_20260509_VPLC_L3_STRESS_75_80_S01,vPLC_container,VPLC_HOST,189,,,2026-05-09T20:46:01.432965658Z,,,,host_log,75,80,,,,,,3,512,,technical_check,vplc_status_cycle_duration_not_validated_as_Tper,0.258,100,работает
RUN_20260509_VPLC_L3_STRESS_75_80_S01_R01,VPLC_L3_STRESS_75_80,SER_20260509_VPLC_L3_STRESS_75_80_S01,vPLC_container,VPLC_HOST,190,,,2026-05-09T20:46:02.488876475Z,,,,host_log,75,80,,,,,,3,512,,technical_check,vplc_status_cycle_duration_not_validated_as_Tper,0.256,100,работает
RUN_20260509_VPLC_L3_STRESS_75_80_S01_R01,VPLC_L3_STRESS_75_80,SER_20260509_VPLC_L3_STRESS_75_80_S01,vPLC_container,VPLC_HOST,191,,,2026-05-09T20:46:03.544691367Z,,,,host_log,75,80,,,,,,3,512,,technical_check,vplc_status_cycle_duration_not_validated_as_Tper,0.231,100,работает
RUN_20260509_VPLC_L3_STRESS_75_80_S01_R01,VPLC_L3_STRESS_75_80,SER_20260509_VPLC_L3_STRESS_75_80_S01,vPLC_container,VPLC_HOST,192,,,2026-05-09T20:46:04.598862724Z,,,,host_log,75,80,,,,,,3,512,,technical_check,vplc_status_cycle_duration_not_validated_as_Tper,0.252,100,работает
RUN_20260509_VPLC_L3_STRESS_75_80_S01_R01,VPLC_L3_STRESS_75_80,SER_20260509_VPLC_L3_STRESS_75_80_S01,vPLC_container,VPLC_HOST,193,,,2026-05-09T20:46:05.652713294Z,,,,host_log,75,80,,,,,,3,512,,technical_check,vplc_status_cycle_duration_not_validated_as_Tper,0.140,100,работает
RUN_20260509_VPLC_L3_STRESS_75_80_S01_R01,VPLC_L3_STRESS_75_80,SER_20260509_VPLC_L3_STRESS_75_80_S01,vPLC_container,VPLC_HOST,194,,,2026-05-09T20:46:06.709782528Z,,,,host_log,75,80,,,,,,3,512,,technical_check,vplc_status_cycle_duration_not_validated_as_Tper,0.258,100,работает
RUN_20260509_VPLC_L3_STRESS_75_80_S01_R01,VPLC_L3_STRESS_75_80,SER_20260509_VPLC_L3_STRESS_75_80_S01,vPLC_container,VPLC_HOST,195,,,2026-05-09T20:46:07.765369399Z,,,,host_log,75,80,,,,,,3,512,,technical_check,vplc_status_cycle_duration_not_validated_as_Tper,0.252,100,работает
RUN_20260509_VPLC_L3_STRESS_75_80_S01_R01,VPLC_L3_STRESS_75_80,SER_20260509_VPLC_L3_STRESS_75_80_S01,vPLC_container,VPLC_HOST,196,,,2026-05-09T20:46:08.820362056Z,,,,host_log,75,80,,,,,,3,512,,technical_check,vplc_status_cycle_duration_not_validated_as_Tper,0.254,100,работает
RUN_20260509_VPLC_L3_STRESS_75_80_S01_R01,VPLC_L3_STRESS_75_80,SER_20260509_VPLC_L3_STRESS_75_80_S01,vPLC_container,VPLC_HOST,197,,,2026-05-09T20:46:09.877433460Z,,,,host_log,75,80,,,,,,3,512,,technical_check,vplc_status_cycle_duration_not_validated_as_Tper,0.259,100,работает
RUN_20260509_VPLC_L3_STRESS_75_80_S01_R01,VPLC_L3_STRESS_75_80,SER_20260509_VPLC_L3_STRESS_75_80_S01,vPLC_container,VPLC_HOST,198,,,2026-05-09T20:46:10.931638716Z,,,,host_log,75,80,,,,,,3,512,,technical_check,vplc_status_cycle_duration_not_validated_as_Tper,0.233,100,работает
RUN_20260509_VPLC_L3_STRESS_75_80_S01_R01,VPLC_L3_STRESS_75_80,SER_20260509_VPLC_L3_STRESS_75_80_S01,vPLC_container,VPLC_HOST,199,,,2026-05-09T20:46:11.984749273Z,,,,host_log,75,80,,,,,,3,512,,technical_check,vplc_status_cycle_duration_not_validated_as_Tper,0.251,100,работает
RUN_20260509_VPLC_L3_STRESS_75_80_S01_R01,VPLC_L3_STRESS_75_80,SER_20260509_VPLC_L3_STRESS_75_80_S01,vPLC_container,VPLC_HOST,200,,,2026-05-09T20:46:13.042403862Z,,,,host_log,75,80,,,,,,3,512,,technical_check,vplc_status_cycle_duration_not_validated_as_Tper,0.236,100,работает
RUN_20260509_VPLC_L3_STRESS_75_80_S01_R01,VPLC_L3_STRESS_75_80,SER_20260509_VPLC_L3_STRESS_75_80_S01,vPLC_container,VPLC_HOST,201,,,2026-05-09T20:46:14.097349325Z,,,,host_log,75,80,,,,,,3,512,,technical_check,vplc_status_cycle_duration_not_validated_as_Tper,0.257,100,работает
RUN_20260509_VPLC_L3_STRESS_75_80_S01_R01,VPLC_L3_STRESS_75_80,SER_20260509_VPLC_L3_STRESS_75_80_S01,vPLC_container,VPLC_HOST,202,,,2026-05-09T20:46:15.150235752Z,,,,host_log,75,80,,,,,,3,512,,technical_check,vplc_status_cycle_duration_not_validated_as_Tper,0.129,100,работает
RUN_20260509_VPLC_L3_STRESS_75_80_S01_R01,VPLC_L3_STRESS_75_80,SER_20260509_VPLC_L3_STRESS_75_80_S01,vPLC_container,VPLC_HOST,203,,,2026-05-09T20:46:16.206753468Z,,,,host_log,75,80,,,,,,3,512,,technical_check,vplc_status_cycle_duration_not_validated_as_Tper,0.250,100,работает
RUN_20260509_VPLC_L3_STRESS_75_80_S01_R01,VPLC_L3_STRESS_75_80,SER_20260509_VPLC_L3_STRESS_75_80_S01,vPLC_container,VPLC_HOST,204,,,2026-05-09T20:46:17.263678525Z,,,,host_log,75,80,,,,,,3,512,,technical_check,vplc_status_cycle_duration_not_validated_as_Tper,0.258,100,работает
RUN_20260509_VPLC_L3_STRESS_75_80_S01_R01,VPLC_L3_STRESS_75_80,SER_20260509_VPLC_L3_STRESS_75_80_S01,vPLC_container,VPLC_HOST,205,,,2026-05-09T20:46:18.318982996Z,,,,host_log,75,80,,,,,,3,512,,technical_check,vplc_status_cycle_duration_not_validated_as_Tper,0.256,100,работает
RUN_20260509_VPLC_L3_STRESS_75_80_S01_R01,VPLC_L3_STRESS_75_80,SER_20260509_VPLC_L3_STRESS_75_80_S01,vPLC_container,VPLC_HOST,206,,,2026-05-09T20:46:19.374769259Z,,,,host_log,75,80,,,,,,3,512,,technical_check,vplc_status_cycle_duration_not_validated_as_Tper,4.853,100,работает
RUN_20260509_VPLC_L3_STRESS_75_80_S01_R01,VPLC_L3_STRESS_75_80,SER_20260509_VPLC_L3_STRESS_75_80_S01,vPLC_container,VPLC_HOST,207,,,2026-05-09T20:46:20.428334433Z,,,,host_log,75,80,,,,,,3,512,,technical_check,vplc_status_cycle_duration_not_validated_as_Tper,0.236,100,работает
RUN_20260509_VPLC_L3_STRESS_75_80_S01_R01,VPLC_L3_STRESS_75_80,SER_20260509_VPLC_L3_STRESS_75_80_S01,vPLC_container,VPLC_HOST,208,,,2026-05-09T20:46:21.483475699Z,,,,host_log,75,80,,,,,,3,512,,technical_check,vplc_status_cycle_duration_not_validated_as_Tper,0.255,100,работает
RUN_20260509_VPLC_L3_STRESS_75_80_S01_R01,VPLC_L3_STRESS_75_80,SER_20260509_VPLC_L3_STRESS_75_80_S01,vPLC_container,VPLC_HOST,209,,,2026-05-09T20:46:22.538925177Z,,,,host_log,75,80,,,,,,3,512,,technical_check,vplc_status_cycle_duration_not_validated_as_Tper,0.231,100,работает
RUN_20260509_VPLC_L3_STRESS_75_80_S01_R01,VPLC_L3_STRESS_75_80,SER_20260509_VPLC_L3_STRESS_75_80_S01,vPLC_container,VPLC_HOST,210,,,2026-05-09T20:46:23.591561005Z,,,,host_log,75,80,,,,,,3,512,,technical_check,vplc_status_cycle_duration_not_validated_as_Tper,0.259,100,работает
RUN_20260509_VPLC_L3_STRESS_75_80_S01_R01,VPLC_L3_STRESS_75_80,SER_20260509_VPLC_L3_STRESS_75_80_S01,vPLC_container,VPLC_HOST,211,,,2026-05-09T20:46:24.649043760Z,,,,host_log,75,80,,,,,,3,512,,technical_check,vplc_status_cycle_duration_not_validated_as_Tper,0.140,100,работает
RUN_20260509_VPLC_L3_STRESS_75_80_S01_R01,VPLC_L3_STRESS_75_80,SER_20260509_VPLC_L3_STRESS_75_80_S01,vPLC_container,VPLC_HOST,212,,,2026-05-09T20:46:25.705579302Z,,,,host_log,75,80,,,,,,3,512,,technical_check,vplc_status_cycle_duration_not_validated_as_Tper,0.257,100,работает
RUN_20260509_VPLC_L3_STRESS_75_80_S01_R01,VPLC_L3_STRESS_75_80,SER_20260509_VPLC_L3_STRESS_75_80_S01,vPLC_container,VPLC_HOST,213,,,2026-05-09T20:46:26.760740025Z,,,,host_log,75,80,,,,,,3,512,,technical_check,vplc_status_cycle_duration_not_validated_as_Tper,0.256,100,работает
RUN_20260509_VPLC_L3_STRESS_75_80_S01_R01,VPLC_L3_STRESS_75_80,SER_20260509_VPLC_L3_STRESS_75_80_S01,vPLC_container,VPLC_HOST,214,,,2026-05-09T20:46:27.815290715Z,,,,host_log,75,80,,,,,,3,512,,technical_check,vplc_status_cycle_duration_not_validated_as_Tper,0.255,100,работает
RUN_20260509_VPLC_L3_STRESS_75_80_S01_R01,VPLC_L3_STRESS_75_80,SER_20260509_VPLC_L3_STRESS_75_80_S01,vPLC_container,VPLC_HOST,215,,,2026-05-09T20:46:28.871820092Z,,,,host_log,75,80,,,,,,3,512,,technical_check,vplc_status_cycle_duration_not_validated_as_Tper,0.260,100,работает
RUN_20260509_VPLC_L3_STRESS_75_80_S01_R01,VPLC_L3_STRESS_75_80,SER_20260509_VPLC_L3_STRESS_75_80_S01,vPLC_container,VPLC_HOST,216,,,2026-05-09T20:46:29.927063144Z,,,,host_log,75,80,,,,,,3,512,,technical_check,vplc_status_cycle_duration_not_validated_as_Tper,0.230,100,работает
RUN_20260509_VPLC_L3_STRESS_75_80_S01_R01,VPLC_L3_STRESS_75_80,SER_20260509_VPLC_L3_STRESS_75_80_S01,vPLC_container,VPLC_HOST,217,,,2026-05-09T20:46:30.981756162Z,,,,host_log,75,80,,,,,,3,512,,technical_check,vplc_status_cycle_duration_not_validated_as_Tper,0.251,100,работает
RUN_20260509_VPLC_L3_STRESS_75_80_S01_R01,VPLC_L3_STRESS_75_80,SER_20260509_VPLC_L3_STRESS_75_80_S01,vPLC_container,VPLC_HOST,218,,,2026-05-09T20:46:32.037638781Z,,,,host_log,75,80,,,,,,3,512,,technical_check,vplc_status_cycle_duration_not_validated_as_Tper,0.235,100,работает
RUN_20260509_VPLC_L3_STRESS_75_80_S01_R01,VPLC_L3_STRESS_75_80,SER_20260509_VPLC_L3_STRESS_75_80_S01,vPLC_container,VPLC_HOST,219,,,2026-05-09T20:46:33.088705013Z,,,,host_log,75,80,,,,,,3,512,,technical_check,vplc_status_cycle_duration_not_validated_as_Tper,0.257,100,работает
RUN_20260509_VPLC_L3_STRESS_75_80_S01_R01,VPLC_L3_STRESS_75_80,SER_20260509_VPLC_L3_STRESS_75_80_S01,vPLC_container,VPLC_HOST,220,,,2026-05-09T20:46:34.148453231Z,,,,host_log,75,80,,,,,,3,512,,technical_check,vplc_status_cycle_duration_not_validated_as_Tper,0.149,100,работает
RUN_20260509_VPLC_L3_STRESS_75_80_S01_R01,VPLC_L3_STRESS_75_80,SER_20260509_VPLC_L3_STRESS_75_80_S01,vPLC_container,VPLC_HOST,221,,,2026-05-09T20:46:35.201369440Z,,,,host_log,75,80,,,,,,3,512,,technical_check,vplc_status_cycle_duration_not_validated_as_Tper,0.252,100,работает
RUN_20260509_VPLC_L3_STRESS_75_80_S01_R01,VPLC_L3_STRESS_75_80,SER_20260509_VPLC_L3_STRESS_75_80_S01,vPLC_container,VPLC_HOST,222,,,2026-05-09T20:46:36.258800824Z,,,,host_log,75,80,,,,,,3,512,,technical_check,vplc_status_cycle_duration_not_validated_as_Tper,0.240,100,работает
RUN_20260509_VPLC_L3_STRESS_75_80_S01_R01,VPLC_L3_STRESS_75_80,SER_20260509_VPLC_L3_STRESS_75_80_S01,vPLC_container,VPLC_HOST,223,,,2026-05-09T20:46:37.314542910Z,,,,host_log,75,80,,,,,,3,512,,technical_check,vplc_status_cycle_duration_not_validated_as_Tper,0.257,100,работает
RUN_20260509_VPLC_L3_STRESS_75_80_S01_R01,VPLC_L3_STRESS_75_80,SER_20260509_VPLC_L3_STRESS_75_80_S01,vPLC_container,VPLC_HOST,224,,,2026-05-09T20:46:38.369776220Z,,,,host_log,75,80,,,,,,3,512,,technical_check,vplc_status_cycle_duration_not_validated_as_Tper,4.336,100,работает
RUN_20260509_VPLC_L3_STRESS_75_80_S01_R01,VPLC_L3_STRESS_75_80,SER_20260509_VPLC_L3_STRESS_75_80_S01,vPLC_container,VPLC_HOST,225,,,2026-05-09T20:46:39.425475098Z,,,,host_log,75,80,,,,,,3,512,,technical_check,vplc_status_cycle_duration_not_validated_as_Tper,0.236,100,работает
RUN_20260509_VPLC_L3_STRESS_75_80_S01_R01,VPLC_L3_STRESS_75_80,SER_20260509_VPLC_L3_STRESS_75_80_S01,vPLC_container,VPLC_HOST,226,,,2026-05-09T20:46:40.480075162Z,,,,host_log,75,80,,,,,,3,512,,technical_check,vplc_status_cycle_duration_not_validated_as_Tper,0.255,100,работает
RUN_20260509_VPLC_L3_STRESS_75_80_S01_R01,VPLC_L3_STRESS_75_80,SER_20260509_VPLC_L3_STRESS_75_80_S01,vPLC_container,VPLC_HOST,227,,,2026-05-09T20:46:41.534644592Z,,,,host_log,75,80,,,,,,3,512,,technical_check,vplc_status_cycle_duration_not_validated_as_Tper,0.237,100,работает
RUN_20260509_VPLC_L3_STRESS_75_80_S01_R01,VPLC_L3_STRESS_75_80,SER_20260509_VPLC_L3_STRESS_75_80_S01,vPLC_container,VPLC_HOST,228,,,2026-05-09T20:46:42.588424524Z,,,,host_log,75,80,,,,,,3,512,,technical_check,vplc_status_cycle_duration_not_validated_as_Tper,0.257,100,работает
RUN_20260509_VPLC_L3_STRESS_75_80_S01_R01,VPLC_L3_STRESS_75_80,SER_20260509_VPLC_L3_STRESS_75_80_S01,vPLC_container,VPLC_HOST,229,,,2026-05-09T20:46:43.646465909Z,,,,host_log,75,80,,,,,,3,512,,technical_check,vplc_status_cycle_duration_not_validated_as_Tper,0.169,100,работает
RUN_20260509_VPLC_L3_STRESS_75_80_S01_R01,VPLC_L3_STRESS_75_80,SER_20260509_VPLC_L3_STRESS_75_80_S01,vPLC_container,VPLC_HOST,230,,,2026-05-09T20:46:44.698821546Z,,,,host_log,75,80,,,,,,3,512,,technical_check,vplc_status_cycle_duration_not_validated_as_Tper,0.256,100,работает
RUN_20260509_VPLC_L3_STRESS_75_80_S01_R01,VPLC_L3_STRESS_75_80,SER_20260509_VPLC_L3_STRESS_75_80_S01,vPLC_container,VPLC_HOST,231,,,2026-05-09T20:46:45.757176770Z,,,,host_log,75,80,,,,,,3,512,,technical_check,vplc_status_cycle_duration_not_validated_as_Tper,0.211,100,работает
RUN_20260509_VPLC_L3_STRESS_75_80_S01_R01,VPLC_L3_STRESS_75_80,SER_20260509_VPLC_L3_STRESS_75_80_S01,vPLC_container,VPLC_HOST,232,,,2026-05-09T20:46:46.812359545Z,,,,host_log,75,80,,,,,,3,512,,technical_check,vplc_status_cycle_duration_not_validated_as_Tper,0.257,100,работает
RUN_20260509_VPLC_L3_STRESS_75_80_S01_R01,VPLC_L3_STRESS_75_80,SER_20260509_VPLC_L3_STRESS_75_80_S01,vPLC_container,VPLC_HOST,233,,,2026-05-09T20:46:47.867457957Z,,,,host_log,75,80,,,,,,3,512,,technical_check,vplc_status_cycle_duration_not_validated_as_Tper,0.256,100,работает
RUN_20260509_VPLC_L3_STRESS_75_80_S01_R01,VPLC_L3_STRESS_75_80,SER_20260509_VPLC_L3_STRESS_75_80_S01,vPLC_container,VPLC_HOST,234,,,2026-05-09T20:46:48.919833681Z,,,,host_log,75,80,,,,,,3,512,,technical_check,vplc_status_cycle_duration_not_validated_as_Tper,0.231,100,работает
RUN_20260509_VPLC_L3_STRESS_75_80_S01_R01,VPLC_L3_STRESS_75_80,SER_20260509_VPLC_L3_STRESS_75_80_S01,vPLC_container,VPLC_HOST,235,,,2026-05-09T20:46:49.977083206Z,,,,host_log,75,80,,,,,,3,512,,technical_check,vplc_status_cycle_duration_not_validated_as_Tper,0.252,100,работает
RUN_20260509_VPLC_L3_STRESS_75_80_S01_R01,VPLC_L3_STRESS_75_80,SER_20260509_VPLC_L3_STRESS_75_80_S01,vPLC_container,VPLC_HOST,236,,,2026-05-09T20:46:51.031344920Z,,,,host_log,75,80,,,,,,3,512,,technical_check,vplc_status_cycle_duration_not_validated_as_Tper,0.238,100,работает
RUN_20260509_VPLC_L3_STRESS_75_80_S01_R01,VPLC_L3_STRESS_75_80,SER_20260509_VPLC_L3_STRESS_75_80_S01,vPLC_container,VPLC_HOST,237,,,2026-05-09T20:46:52.087850503Z,,,,host_log,75,80,,,,,,3,512,,technical_check,vplc_status_cycle_duration_not_validated_as_Tper,0.259,100,работает
RUN_20260509_VPLC_L3_STRESS_75_80_S01_R01,VPLC_L3_STRESS_75_80,SER_20260509_VPLC_L3_STRESS_75_80_S01,vPLC_container,VPLC_HOST,238,,,2026-05-09T20:46:53.144241877Z,,,,host_log,75,80,,,,,,3,512,,technical_check,vplc_status_cycle_duration_not_validated_as_Tper,0.205,100,работает
RUN_20260509_VPLC_L3_STRESS_75_80_S01_R01,VPLC_L3_STRESS_75_80,SER_20260509_VPLC_L3_STRESS_75_80_S01,vPLC_container,VPLC_HOST,239,,,2026-05-09T20:46:54.198032095Z,,,,host_log,75,80,,,,,,3,512,,technical_check,vplc_status_cycle_duration_not_validated_as_Tper,0.253,100,работает
RUN_20260509_VPLC_L3_STRESS_75_80_S01_R01,VPLC_L3_STRESS_75_80,SER_20260509_VPLC_L3_STRESS_75_80_S01,vPLC_container,VPLC_HOST,240,,,2026-05-09T20:46:55.254343546Z,,,,host_log,75,80,,,,,,3,512,,technical_check,vplc_status_cycle_duration_not_validated_as_Tper,0.157,100,работает
RUN_20260509_VPLC_L3_STRESS_75_80_S01_R01,VPLC_L3_STRESS_75_80,SER_20260509_VPLC_L3_STRESS_75_80_S01,vPLC_container,VPLC_HOST,241,,,2026-05-09T20:46:56.307554280Z,,,,host_log,75,80,,,,,,3,512,,technical_check,vplc_status_cycle_duration_not_validated_as_Tper,0.258,100,работает
RUN_20260509_VPLC_L3_STRESS_75_80_S01_R01,VPLC_L3_STRESS_75_80,SER_20260509_VPLC_L3_STRESS_75_80_S01,vPLC_container,VPLC_HOST,242,,,2026-05-09T20:46:57.363410512Z,,,,host_log,75,80,,,,,,3,512,,technical_check,vplc_status_cycle_duration_not_validated_as_Tper,4.661,100,работает
RUN_20260509_VPLC_L3_STRESS_75_80_S01_R01,VPLC_L3_STRESS_75_80,SER_20260509_VPLC_L3_STRESS_75_80_S01,vPLC_container,VPLC_HOST,243,,,2026-05-09T20:46:58.419958780Z,,,,host_log,75,80,,,,,,3,512,,technical_check,vplc_status_cycle_duration_not_validated_as_Tper,4.542,100,работает
RUN_20260509_VPLC_L3_STRESS_75_80_S01_R01,VPLC_L3_STRESS_75_80,SER_20260509_VPLC_L3_STRESS_75_80_S01,vPLC_container,VPLC_HOST,244,,,2026-05-09T20:46:59.476247386Z,,,,host_log,75,80,,,,,,3,512,,technical_check,vplc_status_cycle_duration_not_validated_as_Tper,0.258,100,работает
RUN_20260509_VPLC_L3_STRESS_75_80_S01_R01,VPLC_L3_STRESS_75_80,SER_20260509_VPLC_L3_STRESS_75_80_S01,vPLC_container,VPLC_HOST,245,,,2026-05-09T20:47:00.531349467Z,,,,host_log,75,80,,,,,,3,512,,technical_check,vplc_status_cycle_duration_not_validated_as_Tper,0.256,100,работает
RUN_20260509_VPLC_L3_STRESS_75_80_S01_R01,VPLC_L3_STRESS_75_80,SER_20260509_VPLC_L3_STRESS_75_80_S01,vPLC_container,VPLC_HOST,246,,,2026-05-09T20:47:01.584719982Z,,,,host_log,75,80,,,,,,3,512,,technical_check,vplc_status_cycle_duration_not_validated_as_Tper,0.252,100,работает
RUN_20260509_VPLC_L3_STRESS_75_80_S01_R01,VPLC_L3_STRESS_75_80,SER_20260509_VPLC_L3_STRESS_75_80_S01,vPLC_container,VPLC_HOST,247,,,2026-05-09T20:47:02.641060677Z,,,,host_log,75,80,,,,,,3,512,,technical_check,vplc_status_cycle_duration_not_validated_as_Tper,0.236,100,работает
RUN_20260509_VPLC_L3_STRESS_75_80_S01_R01,VPLC_L3_STRESS_75_80,SER_20260509_VPLC_L3_STRESS_75_80_S01,vPLC_container,VPLC_HOST,248,,,2026-05-09T20:47:03.695761497Z,,,,host_log,75,80,,,,,,3,512,,technical_check,vplc_status_cycle_duration_not_validated_as_Tper,0.257,100,работает
RUN_20260509_VPLC_L3_STRESS_75_80_S01_R01,VPLC_L3_STRESS_75_80,SER_20260509_VPLC_L3_STRESS_75_80_S01,vPLC_container,VPLC_HOST,249,,,2026-05-09T20:47:04.751873531Z,,,,host_log,75,80,,,,,,3,512,,technical_check,vplc_status_cycle_duration_not_validated_as_Tper,0.129,100,работает
RUN_20260509_VPLC_L3_STRESS_75_80_S01_R01,VPLC_L3_STRESS_75_80,SER_20260509_VPLC_L3_STRESS_75_80_S01,vPLC_container,VPLC_HOST,250,,,2026-05-09T20:47:05.807892083Z,,,,host_log,75,80,,,,,,3,512,,technical_check,vplc_status_cycle_duration_not_validated_as_Tper,0.255,100,работает
RUN_20260509_VPLC_L3_STRESS_75_80_S01_R01,VPLC_L3_STRESS_75_80,SER_20260509_VPLC_L3_STRESS_75_80_S01,vPLC_container,VPLC_HOST,251,,,2026-05-09T20:47:06.860048496Z,,,,host_log,75,80,,,,,,3,512,,technical_check,vplc_status_cycle_duration_not_validated_as_Tper,0.247,100,работает
RUN_20260509_VPLC_L3_STRESS_75_80_S01_R01,VPLC_L3_STRESS_75_80,SER_20260509_VPLC_L3_STRESS_75_80_S01,vPLC_container,VPLC_HOST,252,,,2026-05-09T20:47:07.917921887Z,,,,host_log,75,80,,,,,,3,512,,technical_check,vplc_status_cycle_duration_not_validated_as_Tper,0.257,100,работает
RUN_20260509_VPLC_L3_STRESS_75_80_S01_R01,VPLC_L3_STRESS_75_80,SER_20260509_VPLC_L3_STRESS_75_80_S01,vPLC_container,VPLC_HOST,253,,,2026-05-09T20:47:08.971416805Z,,,,host_log,75,80,,,,,,3,512,,technical_check,vplc_status_cycle_duration_not_validated_as_Tper,0.259,100,работает
RUN_20260509_VPLC_L3_STRESS_75_80_S01_R01,VPLC_L3_STRESS_75_80,SER_20260509_VPLC_L3_STRESS_75_80_S01,vPLC_container,VPLC_HOST,254,,,2026-05-09T20:47:10.029667586Z,,,,host_log,75,80,,,,,,3,512,,technical_check,vplc_status_cycle_duration_not_validated_as_Tper,0.236,100,работает
RUN_20260509_VPLC_L3_STRESS_75_80_S01_R01,VPLC_L3_STRESS_75_80,SER_20260509_VPLC_L3_STRESS_75_80_S01,vPLC_container,VPLC_HOST,255,,,2026-05-09T20:47:11.081162369Z,,,,host_log,75,80,,,,,,3,512,,technical_check,vplc_status_cycle_duration_not_validated_as_Tper,0.256,100,работает
RUN_20260509_VPLC_L3_STRESS_75_80_S01_R01,VPLC_L3_STRESS_75_80,SER_20260509_VPLC_L3_STRESS_75_80_S01,vPLC_container,VPLC_HOST,256,,,2026-05-09T20:47:12.139656737Z,,,,host_log,75,80,,,,,,3,512,,technical_check,vplc_status_cycle_duration_not_validated_as_Tper,0.230,100,работает
RUN_20260509_VPLC_L3_STRESS_75_80_S01_R01,VPLC_L3_STRESS_75_80,SER_20260509_VPLC_L3_STRESS_75_80_S01,vPLC_container,VPLC_HOST,257,,,2026-05-09T20:47:13.194155263Z,,,,host_log,75,80,,,,,,3,512,,technical_check,vplc_status_cycle_duration_not_validated_as_Tper,0.257,100,работает
RUN_20260509_VPLC_L3_STRESS_75_80_S01_R01,VPLC_L3_STRESS_75_80,SER_20260509_VPLC_L3_STRESS_75_80_S01,vPLC_container,VPLC_HOST,258,,,2026-05-09T20:47:14.247369744Z,,,,host_log,75,80,,,,,,3,512,,technical_check,vplc_status_cycle_duration_not_validated_as_Tper,0.155,100,работает
RUN_20260509_VPLC_L3_STRESS_75_80_S01_R01,VPLC_L3_STRESS_75_80,SER_20260509_VPLC_L3_STRESS_75_80_S01,vPLC_container,VPLC_HOST,259,,,2026-05-09T20:47:15.304724457Z,,,,host_log,75,80,,,,,,3,512,,technical_check,vplc_status_cycle_duration_not_validated_as_Tper,0.256,100,работает
RUN_20260509_VPLC_L3_STRESS_75_80_S01_R01,VPLC_L3_STRESS_75_80,SER_20260509_VPLC_L3_STRESS_75_80_S01,vPLC_container,VPLC_HOST,260,,,2026-05-09T20:47:16.361186608Z,,,,host_log,75,80,,,,,,3,512,,technical_check,vplc_status_cycle_duration_not_validated_as_Tper,4.873,100,работает
RUN_20260509_VPLC_L3_STRESS_75_80_S01_R01,VPLC_L3_STRESS_75_80,SER_20260509_VPLC_L3_STRESS_75_80_S01,vPLC_container,VPLC_HOST,261,,,2026-05-09T20:47:17.416636631Z,,,,host_log,75,80,,,,,,3,512,,technical_check,vplc_status_cycle_duration_not_validated_as_Tper,4.516,100,работает
RUN_20260509_VPLC_L3_STRESS_75_80_S01_R01,VPLC_L3_STRESS_75_80,SER_20260509_VPLC_L3_STRESS_75_80_S01,vPLC_container,VPLC_HOST,262,,,2026-05-09T20:47:18.469271411Z,,,,host_log,75,80,,,,,,3,512,,technical_check,vplc_status_cycle_duration_not_validated_as_Tper,0.259,100,работает
RUN_20260509_VPLC_L3_STRESS_75_80_S01_R01,VPLC_L3_STRESS_75_80,SER_20260509_VPLC_L3_STRESS_75_80_S01,vPLC_container,VPLC_HOST,263,,,2026-05-09T20:47:19.525692945Z,,,,host_log,75,80,,,,,,3,512,,technical_check,vplc_status_cycle_duration_not_validated_as_Tper,0.251,100,работает
RUN_20260509_VPLC_L3_STRESS_75_80_S01_R01,VPLC_L3_STRESS_75_80,SER_20260509_VPLC_L3_STRESS_75_80_S01,vPLC_container,VPLC_HOST,264,,,2026-05-09T20:47:20.581835429Z,,,,host_log,75,80,,,,,,3,512,,technical_check,vplc_status_cycle_duration_not_validated_as_Tper,0.251,100,работает
RUN_20260509_VPLC_L3_STRESS_75_80_S01_R01,VPLC_L3_STRESS_75_80,SER_20260509_VPLC_L3_STRESS_75_80_S01,vPLC_container,VPLC_HOST,265,,,2026-05-09T20:47:21.636986903Z,,,,host_log,75,80,,,,,,3,512,,technical_check,vplc_status_cycle_duration_not_validated_as_Tper,0.237,100,работает
RUN_20260509_VPLC_L3_STRESS_75_80_S01_R01,VPLC_L3_STRESS_75_80,SER_20260509_VPLC_L3_STRESS_75_80_S01,vPLC_container,VPLC_HOST,266,,,2026-05-09T20:47:22.692892241Z,,,,host_log,75,80,,,,,,3,512,,technical_check,vplc_status_cycle_duration_not_validated_as_Tper,0.258,100,работает
RUN_20260509_VPLC_L3_STRESS_75_80_S01_R01,VPLC_L3_STRESS_75_80,SER_20260509_VPLC_L3_STRESS_75_80_S01,vPLC_container,VPLC_HOST,267,,,2026-05-09T20:47:23.748428819Z,,,,host_log,75,80,,,,,,3,512,,technical_check,vplc_status_cycle_duration_not_validated_as_Tper,0.149,100,работает
RUN_20260509_VPLC_L3_STRESS_75_80_S01_R01,VPLC_L3_STRESS_75_80,SER_20260509_VPLC_L3_STRESS_75_80_S01,vPLC_container,VPLC_HOST,268,,,2026-05-09T20:47:24.801623996Z,,,,host_log,75,80,,,,,,3,512,,technical_check,vplc_status_cycle_duration_not_validated_as_Tper,0.253,100,работает
RUN_20260509_VPLC_L3_STRESS_75_80_S01_R01,VPLC_L3_STRESS_75_80,SER_20260509_VPLC_L3_STRESS_75_80_S01,vPLC_container,VPLC_HOST,269,,,2026-05-09T20:47:25.856437881Z,,,,host_log,75,80,,,,,,3,512,,technical_check,vplc_status_cycle_duration_not_validated_as_Tper,0.189,100,работает
RUN_20260509_VPLC_L3_STRESS_75_80_S01_R01,VPLC_L3_STRESS_75_80,SER_20260509_VPLC_L3_STRESS_75_80_S01,vPLC_container,VPLC_HOST,270,,,2026-05-09T20:47:26.914919376Z,,,,host_log,75,80,,,,,,3,512,,technical_check,vplc_status_cycle_duration_not_validated_as_Tper,0.259,100,работает
RUN_20260509_VPLC_L3_STRESS_75_80_S01_R01,VPLC_L3_STRESS_75_80,SER_20260509_VPLC_L3_STRESS_75_80_S01,vPLC_container,VPLC_HOST,271,,,2026-05-09T20:47:27.970167709Z,,,,host_log,75,80,,,,,,3,512,,technical_check,vplc_status_cycle_duration_not_validated_as_Tper,0.256,100,работает
RUN_20260509_VPLC_L3_STRESS_75_80_S01_R01,VPLC_L3_STRESS_75_80,SER_20260509_VPLC_L3_STRESS_75_80_S01,vPLC_container,VPLC_HOST,272,,,2026-05-09T20:47:29.025707990Z,,,,host_log,75,80,,,,,,3,512,,technical_check,vplc_status_cycle_duration_not_validated_as_Tper,0.236,100,работает
RUN_20260509_VPLC_L3_STRESS_75_80_S01_R01,VPLC_L3_STRESS_75_80,SER_20260509_VPLC_L3_STRESS_75_80_S01,vPLC_container,VPLC_HOST,273,,,2026-05-09T20:47:30.078946735Z,,,,host_log,75,80,,,,,,3,512,,technical_check,vplc_status_cycle_duration_not_validated_as_Tper,0.253,100,работает
RUN_20260509_VPLC_L3_STRESS_75_80_S01_R01,VPLC_L3_STRESS_75_80,SER_20260509_VPLC_L3_STRESS_75_80_S01,vPLC_container,VPLC_HOST,274,,,2026-05-09T20:47:31.135319737Z,,,,host_log,75,80,,,,,,3,512,,technical_check,vplc_status_cycle_duration_not_validated_as_Tper,0.238,100,работает
RUN_20260509_VPLC_L3_STRESS_75_80_S01_R01,VPLC_L3_STRESS_75_80,SER_20260509_VPLC_L3_STRESS_75_80_S01,vPLC_container,VPLC_HOST,275,,,2026-05-09T20:47:32.189933635Z,,,,host_log,75,80,,,,,,3,512,,technical_check,vplc_status_cycle_duration_not_validated_as_Tper,0.257,100,работает
RUN_20260509_VPLC_L3_STRESS_75_80_S01_R01,VPLC_L3_STRESS_75_80,SER_20260509_VPLC_L3_STRESS_75_80_S01,vPLC_container,VPLC_HOST,276,,,2026-05-09T20:47:33.245860569Z,,,,host_log,75,80,,,,,,3,512,,technical_check,vplc_status_cycle_duration_not_validated_as_Tper,0.185,100,работает
RUN_20260509_VPLC_L3_STRESS_75_80_S01_R01,VPLC_L3_STRESS_75_80,SER_20260509_VPLC_L3_STRESS_75_80_S01,vPLC_container,VPLC_HOST,277,,,2026-05-09T20:47:34.300605660Z,,,,host_log,75,80,,,,,,3,512,,technical_check,vplc_status_cycle_duration_not_validated_as_Tper,0.256,100,работает
RUN_20260509_VPLC_L3_STRESS_75_80_S01_R01,VPLC_L3_STRESS_75_80,SER_20260509_VPLC_L3_STRESS_75_80_S01,vPLC_container,VPLC_HOST,278,,,2026-05-09T20:47:35.356885470Z,,,,host_log,75,80,,,,,,3,512,,technical_check,vplc_status_cycle_duration_not_validated_as_Tper,4.331,100,работает
RUN_20260509_VPLC_L3_STRESS_75_80_S01_R01,VPLC_L3_STRESS_75_80,SER_20260509_VPLC_L3_STRESS_75_80_S01,vPLC_container,VPLC_HOST,279,,,2026-05-09T20:47:36.412560102Z,,,,host_log,75,80,,,,,,3,512,,technical_check,vplc_status_cycle_duration_not_validated_as_Tper,5.119,100,работает
RUN_20260509_VPLC_L3_STRESS_75_80_S01_R01,VPLC_L3_STRESS_75_80,SER_20260509_VPLC_L3_STRESS_75_80_S01,vPLC_container,VPLC_HOST,280,,,2026-05-09T20:47:37.466638352Z,,,,host_log,75,80,,,,,,3,512,,technical_check,vplc_status_cycle_duration_not_validated_as_Tper,0.258,100,работает
RUN_20260509_VPLC_L3_STRESS_75_80_S01_R01,VPLC_L3_STRESS_75_80,SER_20260509_VPLC_L3_STRESS_75_80_S01,vPLC_container,VPLC_HOST,281,,,2026-05-09T20:47:38.520041698Z,,,,host_log,75,80,,,,,,3,512,,technical_check,vplc_status_cycle_duration_not_validated_as_Tper,0.251,100,работает
RUN_20260509_VPLC_L3_STRESS_75_80_S01_R01,VPLC_L3_STRESS_75_80,SER_20260509_VPLC_L3_STRESS_75_80_S01,vPLC_container,VPLC_HOST,282,,,2026-05-09T20:47:39.578686742Z,,,,host_log,75,80,,,,,,3,512,,technical_check,vplc_status_cycle_duration_not_validated_as_Tper,0.251,100,работает
RUN_20260509_VPLC_L3_STRESS_75_80_S01_R01,VPLC_L3_STRESS_75_80,SER_20260509_VPLC_L3_STRESS_75_80_S01,vPLC_container,VPLC_HOST,283,,,2026-05-09T20:47:40.632680049Z,,,,host_log,75,80,,,,,,3,512,,technical_check,vplc_status_cycle_duration_not_validated_as_Tper,0.238,100,работает
RUN_20260509_VPLC_L3_STRESS_75_80_S01_R01,VPLC_L3_STRESS_75_80,SER_20260509_VPLC_L3_STRESS_75_80_S01,vPLC_container,VPLC_HOST,284,,,2026-05-09T20:47:41.688729621Z,,,,host_log,75,80,,,,,,3,512,,technical_check,vplc_status_cycle_duration_not_validated_as_Tper,0.256,100,работает
RUN_20260509_VPLC_L3_STRESS_75_80_S01_R01,VPLC_L3_STRESS_75_80,SER_20260509_VPLC_L3_STRESS_75_80_S01,vPLC_container,VPLC_HOST,285,,,2026-05-09T20:47:42.744561307Z,,,,host_log,75,80,,,,,,3,512,,technical_check,vplc_status_cycle_duration_not_validated_as_Tper,0.204,100,работает
RUN_20260509_VPLC_L3_STRESS_75_80_S01_R01,VPLC_L3_STRESS_75_80,SER_20260509_VPLC_L3_STRESS_75_80_S01,vPLC_container,VPLC_HOST,286,,,2026-05-09T20:47:43.796914660Z,,,,host_log,75,80,,,,,,3,512,,technical_check,vplc_status_cycle_duration_not_validated_as_Tper,0.251,100,работает
RUN_20260509_VPLC_L3_STRESS_75_80_S01_R01,VPLC_L3_STRESS_75_80,SER_20260509_VPLC_L3_STRESS_75_80_S01,vPLC_container,VPLC_HOST,287,,,2026-05-09T20:47:44.852648436Z,,,,host_log,75,80,,,,,,3,512,,technical_check,vplc_status_cycle_duration_not_validated_as_Tper,0.141,100,работает
RUN_20260509_VPLC_L3_STRESS_75_80_S01_R01,VPLC_L3_STRESS_75_80,SER_20260509_VPLC_L3_STRESS_75_80_S01,vPLC_container,VPLC_HOST,288,,,2026-05-09T20:47:45.908147993Z,,,,host_log,75,80,,,,,,3,512,,technical_check,vplc_status_cycle_duration_not_validated_as_Tper,0.259,100,работает
RUN_20260509_VPLC_L3_STRESS_75_80_S01_R01,VPLC_L3_STRESS_75_80,SER_20260509_VPLC_L3_STRESS_75_80_S01,vPLC_container,VPLC_HOST,289,,,2026-05-09T20:47:46.965948337Z,,,,host_log,75,80,,,,,,3,512,,technical_check,vplc_status_cycle_duration_not_validated_as_Tper,0.252,100,работает
RUN_20260509_VPLC_L3_STRESS_75_80_S01_R01,VPLC_L3_STRESS_75_80,SER_20260509_VPLC_L3_STRESS_75_80_S01,vPLC_container,VPLC_HOST,290,,,2026-05-09T20:47:48.021459081Z,,,,host_log,75,80,,,,,,3,512,,technical_check,vplc_status_cycle_duration_not_validated_as_Tper,0.254,100,работает
RUN_20260509_VPLC_L3_STRESS_75_80_S01_R01,VPLC_L3_STRESS_75_80,SER_20260509_VPLC_L3_STRESS_75_80_S01,vPLC_container,VPLC_HOST,291,,,2026-05-09T20:47:49.072830310Z,,,,host_log,75,80,,,,,,3,512,,technical_check,vplc_status_cycle_duration_not_validated_as_Tper,0.257,100,работает
RUN_20260509_VPLC_L3_STRESS_75_80_S01_R01,VPLC_L3_STRESS_75_80,SER_20260509_VPLC_L3_STRESS_75_80_S01,vPLC_container,VPLC_HOST,292,,,2026-05-09T20:47:50.132098611Z,,,,host_log,75,80,,,,,,3,512,,technical_check,vplc_status_cycle_duration_not_validated_as_Tper,0.235,100,работает
RUN_20260509_VPLC_L3_STRESS_75_80_S01_R01,VPLC_L3_STRESS_75_80,SER_20260509_VPLC_L3_STRESS_75_80_S01,vPLC_container,VPLC_HOST,293,,,2026-05-09T20:47:51.183231569Z,,,,host_log,75,80,,,,,,3,512,,technical_check,vplc_status_cycle_duration_not_validated_as_Tper,0.251,100,работает
RUN_20260509_VPLC_L3_STRESS_75_80_S01_R01,VPLC_L3_STRESS_75_80,SER_20260509_VPLC_L3_STRESS_75_80_S01,vPLC_container,VPLC_HOST,294,,,2026-05-09T20:47:52.240903491Z,,,,host_log,75,80,,,,,,3,512,,technical_check,vplc_status_cycle_duration_not_validated_as_Tper,0.236,100,работает
RUN_20260509_VPLC_L3_STRESS_75_80_S01_R01,VPLC_L3_STRESS_75_80,SER_20260509_VPLC_L3_STRESS_75_80_S01,vPLC_container,VPLC_HOST,295,,,2026-05-09T20:47:53.297636718Z,,,,host_log,75,80,,,,,,3,512,,technical_check,vplc_status_cycle_duration_not_validated_as_Tper,0.256,100,работает
RUN_20260509_VPLC_L3_STRESS_75_80_S01_R01,VPLC_L3_STRESS_75_80,SER_20260509_VPLC_L3_STRESS_75_80_S01,vPLC_container,VPLC_HOST,296,,,2026-05-09T20:47:54.352665204Z,,,,host_log,75,80,,,,,,3,512,,technical_check,vplc_status_cycle_duration_not_validated_as_Tper,3.824,100,работает
RUN_20260509_VPLC_L3_STRESS_75_80_S01_R01,VPLC_L3_STRESS_75_80,SER_20260509_VPLC_L3_STRESS_75_80_S01,vPLC_container,VPLC_HOST,297,,,2026-05-09T20:47:55.408025900Z,,,,host_log,75,80,,,,,,3,512,,technical_check,vplc_status_cycle_duration_not_validated_as_Tper,5.364,100,работает
RUN_20260509_VPLC_L3_STRESS_75_80_S01_R01,VPLC_L3_STRESS_75_80,SER_20260509_VPLC_L3_STRESS_75_80_S01,vPLC_container,VPLC_HOST,298,,,2026-05-09T20:47:56.463739625Z,,,,host_log,75,80,,,,,,3,512,,technical_check,vplc_status_cycle_duration_not_validated_as_Tper,0.256,100,работает
RUN_20260509_VPLC_L3_STRESS_75_80_S01_R01,VPLC_L3_STRESS_75_80,SER_20260509_VPLC_L3_STRESS_75_80_S01,vPLC_container,VPLC_HOST,299,,,2026-05-09T20:47:57.516761039Z,,,,host_log,75,80,,,,,,3,512,,technical_check,vplc_status_cycle_duration_not_validated_as_Tper,0.257,100,работает
RUN_20260509_VPLC_L3_STRESS_75_80_S01_R01,VPLC_L3_STRESS_75_80,SER_20260509_VPLC_L3_STRESS_75_80_S01,vPLC_container,VPLC_HOST,300,,,2026-05-09T20:47:58.574840685Z,,,,host_log,75,80,,,,,,3,512,,technical_check,vplc_status_cycle_duration_not_validated_as_Tper,0.257,100,работает
RUN_20260509_VPLC_L3_STRESS_75_80_S01_R01,VPLC_L3_STRESS_75_80,SER_20260509_VPLC_L3_STRESS_75_80_S01,vPLC_container,VPLC_HOST,301,,,2026-05-09T20:47:59.629801323Z,,,,host_log,75,80,,,,,,3,512,,technical_check,vplc_status_cycle_duration_not_validated_as_Tper,0.238,100,работает
RUN_20260509_VPLC_L3_STRESS_75_80_S01_R01,VPLC_L3_STRESS_75_80,SER_20260509_VPLC_L3_STRESS_75_80_S01,vPLC_container,VPLC_HOST,302,,,2026-05-09T20:48:00.684070322Z,,,,host_log,75,80,,,,,,3,512,,technical_check,vplc_status_cycle_duration_not_validated_as_Tper,0.255,100,работает
RUN_20260509_VPLC_L3_STRESS_75_80_S01_R01,VPLC_L3_STRESS_75_80,SER_20260509_VPLC_L3_STRESS_75_80_S01,vPLC_container,VPLC_HOST,303,,,2026-05-09T20:48:01.740580137Z,,,,host_log,75,80,,,,,,3,512,,technical_check,vplc_status_cycle_duration_not_validated_as_Tper,0.230,100,работает
RUN_20260509_VPLC_L3_STRESS_75_80_S01_R01,VPLC_L3_STRESS_75_80,SER_20260509_VPLC_L3_STRESS_75_80_S01,vPLC_container,VPLC_HOST,304,,,2026-05-09T20:48:02.795694859Z,,,,host_log,75,80,,,,,,3,512,,technical_check,vplc_status_cycle_duration_not_validated_as_Tper,0.259,100,работает
RUN_20260509_VPLC_L3_STRESS_75_80_S01_R01,VPLC_L3_STRESS_75_80,SER_20260509_VPLC_L3_STRESS_75_80_S01,vPLC_container,VPLC_HOST,305,,,2026-05-09T20:48:03.850953751Z,,,,host_log,75,80,,,,,,3,512,,technical_check,vplc_status_cycle_duration_not_validated_as_Tper,0.120,100,работает
RUN_20260509_VPLC_L3_STRESS_75_80_S01_R01,VPLC_L3_STRESS_75_80,SER_20260509_VPLC_L3_STRESS_75_80_S01,vPLC_container,VPLC_HOST,306,,,2026-05-09T20:48:04.906494585Z,,,,host_log,75,80,,,,,,3,512,,technical_check,vplc_status_cycle_duration_not_validated_as_Tper,0.253,100,работает
RUN_20260509_VPLC_L3_STRESS_75_80_S01_R01,VPLC_L3_STRESS_75_80,SER_20260509_VPLC_L3_STRESS_75_80_S01,vPLC_container,VPLC_HOST,307,,,2026-05-09T20:48:05.961206948Z,,,,host_log,75,80,,,,,,3,512,,technical_check,vplc_status_cycle_duration_not_validated_as_Tper,0.251,100,работает
RUN_20260509_VPLC_L3_STRESS_75_80_S01_R01,VPLC_L3_STRESS_75_80,SER_20260509_VPLC_L3_STRESS_75_80_S01,vPLC_container,VPLC_HOST,308,,,2026-05-09T20:48:07.016502117Z,,,,host_log,75,80,,,,,,3,512,,technical_check,vplc_status_cycle_duration_not_validated_as_Tper,0.253,100,работает
RUN_20260509_VPLC_L3_STRESS_75_80_S01_R01,VPLC_L3_STRESS_75_80,SER_20260509_VPLC_L3_STRESS_75_80_S01,vPLC_container,VPLC_HOST,309,,,2026-05-09T20:48:08.070876693Z,,,,host_log,75,80,,,,,,3,512,,technical_check,vplc_status_cycle_duration_not_validated_as_Tper,0.259,100,работает
RUN_20260509_VPLC_L3_STRESS_75_80_S01_R01,VPLC_L3_STRESS_75_80,SER_20260509_VPLC_L3_STRESS_75_80_S01,vPLC_container,VPLC_HOST,310,,,2026-05-09T20:48:09.128089940Z,,,,host_log,75,80,,,,,,3,512,,technical_check,vplc_status_cycle_duration_not_validated_as_Tper,0.231,100,работает
RUN_20260509_VPLC_L3_STRESS_75_80_S01_R01,VPLC_L3_STRESS_75_80,SER_20260509_VPLC_L3_STRESS_75_80_S01,vPLC_container,VPLC_HOST,311,,,2026-05-09T20:48:10.183016789Z,,,,host_log,75,80,,,,,,3,512,,technical_check,vplc_status_cycle_duration_not_validated_as_Tper,0.251,100,работает
RUN_20260509_VPLC_L3_STRESS_75_80_S01_R01,VPLC_L3_STRESS_75_80,SER_20260509_VPLC_L3_STRESS_75_80_S01,vPLC_container,VPLC_HOST,312,,,2026-05-09T20:48:11.237577587Z,,,,host_log,75,80,,,,,,3,512,,technical_check,vplc_status_cycle_duration_not_validated_as_Tper,0.236,100,работает
RUN_20260509_VPLC_L3_STRESS_75_80_S01_R01,VPLC_L3_STRESS_75_80,SER_20260509_VPLC_L3_STRESS_75_80_S01,vPLC_container,VPLC_HOST,313,,,2026-05-09T20:48:12.293885109Z,,,,host_log,75,80,,,,,,3,512,,technical_check,vplc_status_cycle_duration_not_validated_as_Tper,0.258,100,работает
RUN_20260509_VPLC_L3_STRESS_75_80_S01_R01,VPLC_L3_STRESS_75_80,SER_20260509_VPLC_L3_STRESS_75_80_S01,vPLC_container,VPLC_HOST,314,,,2026-05-09T20:48:13.347812496Z,,,,host_log,75,80,,,,,,3,512,,technical_check,vplc_status_cycle_duration_not_validated_as_Tper,4.510,100,работает
RUN_20260509_VPLC_L3_STRESS_75_80_S01_R01,VPLC_L3_STRESS_75_80,SER_20260509_VPLC_L3_STRESS_75_80_S01,vPLC_container,VPLC_HOST,315,,,2026-05-09T20:48:14.402431078Z,,,,host_log,75,80,,,,,,3,512,,technical_check,vplc_status_cycle_duration_not_validated_as_Tper,4.798,100,работает
RUN_20260509_VPLC_L3_STRESS_75_80_S01_R01,VPLC_L3_STRESS_75_80,SER_20260509_VPLC_L3_STRESS_75_80_S01,vPLC_container,VPLC_HOST,316,,,2026-05-09T20:48:15.457605571Z,,,,host_log,75,80,,,,,,3,512,,technical_check,vplc_status_cycle_duration_not_validated_as_Tper,0.228,100,работает
RUN_20260509_VPLC_L3_STRESS_75_80_S01_R01,VPLC_L3_STRESS_75_80,SER_20260509_VPLC_L3_STRESS_75_80_S01,vPLC_container,VPLC_HOST,317,,,2026-05-09T20:48:16.513679813Z,,,,host_log,75,80,,,,,,3,512,,technical_check,vplc_status_cycle_duration_not_validated_as_Tper,0.257,100,работает
RUN_20260509_VPLC_L3_STRESS_75_80_S01_R01,VPLC_L3_STRESS_75_80,SER_20260509_VPLC_L3_STRESS_75_80_S01,vPLC_container,VPLC_HOST,318,,,2026-05-09T20:48:17.568833021Z,,,,host_log,75,80,,,,,,3,512,,technical_check,vplc_status_cycle_duration_not_validated_as_Tper,0.252,100,работает
RUN_20260509_VPLC_L3_STRESS_75_80_S01_R01,VPLC_L3_STRESS_75_80,SER_20260509_VPLC_L3_STRESS_75_80_S01,vPLC_container,VPLC_HOST,319,,,2026-05-09T20:48:18.620198573Z,,,,host_log,75,80,,,,,,3,512,,technical_check,vplc_status_cycle_duration_not_validated_as_Tper,0.236,100,работает
RUN_20260509_VPLC_L3_STRESS_75_80_S01_R01,VPLC_L3_STRESS_75_80,SER_20260509_VPLC_L3_STRESS_75_80_S01,vPLC_container,VPLC_HOST,320,,,2026-05-09T20:48:19.679582705Z,,,,host_log,75,80,,,,,,3,512,,technical_check,vplc_status_cycle_duration_not_validated_as_Tper,0.237,100,работает
RUN_20260509_VPLC_L3_STRESS_75_80_S01_R01,VPLC_L3_STRESS_75_80,SER_20260509_VPLC_L3_STRESS_75_80_S01,vPLC_container,VPLC_HOST,321,,,2026-05-09T20:48:20.735217527Z,,,,host_log,75,80,,,,,,3,512,,technical_check,vplc_status_cycle_duration_not_validated_as_Tper,0.237,100,работает
RUN_20260509_VPLC_L3_STRESS_75_80_S01_R01,VPLC_L3_STRESS_75_80,SER_20260509_VPLC_L3_STRESS_75_80_S01,vPLC_container,VPLC_HOST,322,,,2026-05-09T20:48:21.791702127Z,,,,host_log,75,80,,,,,,3,512,,technical_check,vplc_status_cycle_duration_not_validated_as_Tper,0.256,100,работает
RUN_20260509_VPLC_L3_STRESS_75_80_S01_R01,VPLC_L3_STRESS_75_80,SER_20260509_VPLC_L3_STRESS_75_80_S01,vPLC_container,VPLC_HOST,323,,,2026-05-09T20:48:22.848129168Z,,,,host_log,75,80,,,,,,3,512,,technical_check,vplc_status_cycle_duration_not_validated_as_Tper,0.154,100,работает
RUN_20260509_VPLC_L3_STRESS_75_80_S01_R01,VPLC_L3_STRESS_75_80,SER_20260509_VPLC_L3_STRESS_75_80_S01,vPLC_container,VPLC_HOST,324,,,2026-05-09T20:48:23.903582841Z,,,,host_log,75,80,,,,,,3,512,,technical_check,vplc_status_cycle_duration_not_validated_as_Tper,0.257,100,работает
RUN_20260509_VPLC_L3_STRESS_75_80_S01_R01,VPLC_L3_STRESS_75_80,SER_20260509_VPLC_L3_STRESS_75_80_S01,vPLC_container,VPLC_HOST,325,,,2026-05-09T20:48:24.958176355Z,,,,host_log,75,80,,,,,,3,512,,technical_check,vplc_status_cycle_duration_not_validated_as_Tper,0.242,100,работает
RUN_20260509_VPLC_L3_STRESS_75_80_S01_R01,VPLC_L3_STRESS_75_80,SER_20260509_VPLC_L3_STRESS_75_80_S01,vPLC_container,VPLC_HOST,326,,,2026-05-09T20:48:26.012672482Z,,,,host_log,75,80,,,,,,3,512,,technical_check,vplc_status_cycle_duration_not_validated_as_Tper,0.258,100,работает
RUN_20260509_VPLC_L3_STRESS_75_80_S01_R01,VPLC_L3_STRESS_75_80,SER_20260509_VPLC_L3_STRESS_75_80_S01,vPLC_container,VPLC_HOST,327,,,2026-05-09T20:48:27.068676969Z,,,,host_log,75,80,,,,,,3,512,,technical_check,vplc_status_cycle_duration_not_validated_as_Tper,0.254,100,работает
RUN_20260509_VPLC_L3_STRESS_75_80_S01_R01,VPLC_L3_STRESS_75_80,SER_20260509_VPLC_L3_STRESS_75_80_S01,vPLC_container,VPLC_HOST,328,,,2026-05-09T20:48:28.123505479Z,,,,host_log,75,80,,,,,,3,512,,technical_check,vplc_status_cycle_duration_not_validated_as_Tper,0.251,100,работает
RUN_20260509_VPLC_L3_STRESS_75_80_S01_R01,VPLC_L3_STRESS_75_80,SER_20260509_VPLC_L3_STRESS_75_80_S01,vPLC_container,VPLC_HOST,329,,,2026-05-09T20:48:29.179637677Z,,,,host_log,75,80,,,,,,3,512,,technical_check,vplc_status_cycle_duration_not_validated_as_Tper,0.252,100,работает
RUN_20260509_VPLC_L3_STRESS_75_80_S01_R01,VPLC_L3_STRESS_75_80,SER_20260509_VPLC_L3_STRESS_75_80_S01,vPLC_container,VPLC_HOST,330,,,2026-05-09T20:48:30.234856038Z,,,,host_log,75,80,,,,,,3,512,,technical_check,vplc_status_cycle_duration_not_validated_as_Tper,0.239,100,работает
RUN_20260509_VPLC_L3_STRESS_75_80_S01_R01,VPLC_L3_STRESS_75_80,SER_20260509_VPLC_L3_STRESS_75_80_S01,vPLC_container,VPLC_HOST,331,,,2026-05-09T20:48:31.290657808Z,,,,host_log,75,80,,,,,,3,512,,technical_check,vplc_status_cycle_duration_not_validated_as_Tper,0.257,100,работает
RUN_20260509_VPLC_L3_STRESS_75_80_S01_R01,VPLC_L3_STRESS_75_80,SER_20260509_VPLC_L3_STRESS_75_80_S01,vPLC_container,VPLC_HOST,332,,,2026-05-09T20:48:32.344772800Z,,,,host_log,75,80,,,,,,3,512,,technical_check,vplc_status_cycle_duration_not_validated_as_Tper,4.181,100,работает
RUN_20260509_VPLC_L3_STRESS_75_80_S01_R01,VPLC_L3_STRESS_75_80,SER_20260509_VPLC_L3_STRESS_75_80_S01,vPLC_container,VPLC_HOST,333,,,2026-05-09T20:48:33.397127269Z,,,,host_log,75,80,,,,,,3,512,,technical_check,vplc_status_cycle_duration_not_validated_as_Tper,4.609,100,работает
RUN_20260509_VPLC_L3_STRESS_75_80_S01_R01,VPLC_L3_STRESS_75_80,SER_20260509_VPLC_L3_STRESS_75_80_S01,vPLC_container,VPLC_HOST,334,,,2026-05-09T20:48:34.450131446Z,,,,host_log,75,80,,,,,,3,512,,technical_check,vplc_status_cycle_duration_not_validated_as_Tper,0.130,100,работает
RUN_20260509_VPLC_L3_STRESS_75_80_S01_R01,VPLC_L3_STRESS_75_80,SER_20260509_VPLC_L3_STRESS_75_80_S01,vPLC_container,VPLC_HOST,335,,,2026-05-09T20:48:35.509782000Z,,,,host_log,75,80,,,,,,3,512,,technical_check,vplc_status_cycle_duration_not_validated_as_Tper,0.259,100,работает
RUN_20260509_VPLC_L3_STRESS_75_80_S01_R01,VPLC_L3_STRESS_75_80,SER_20260509_VPLC_L3_STRESS_75_80_S01,vPLC_container,VPLC_HOST,336,,,2026-05-09T20:48:36.566428338Z,,,,host_log,75,80,,,,,,3,512,,technical_check,vplc_status_cycle_duration_not_validated_as_Tper,0.252,100,работает
RUN_20260509_VPLC_L3_STRESS_75_80_S01_R01,VPLC_L3_STRESS_75_80,SER_20260509_VPLC_L3_STRESS_75_80_S01,vPLC_container,VPLC_HOST,337,,,2026-05-09T20:48:37.622771924Z,,,,host_log,75,80,,,,,,3,512,,technical_check,vplc_status_cycle_duration_not_validated_as_Tper,0.253,100,работает
RUN_20260509_VPLC_L3_STRESS_75_80_S01_R01,VPLC_L3_STRESS_75_80,SER_20260509_VPLC_L3_STRESS_75_80_S01,vPLC_container,VPLC_HOST,338,,,2026-05-09T20:48:38.677387191Z,,,,host_log,75,80,,,,,,3,512,,technical_check,vplc_status_cycle_duration_not_validated_as_Tper,0.259,100,работает
RUN_20260509_VPLC_L3_STRESS_75_80_S01_R01,VPLC_L3_STRESS_75_80,SER_20260509_VPLC_L3_STRESS_75_80_S01,vPLC_container,VPLC_HOST,339,,,2026-05-09T20:48:39.733194197Z,,,,host_log,75,80,,,,,,3,512,,technical_check,vplc_status_cycle_duration_not_validated_as_Tper,0.234,100,работает
RUN_20260509_VPLC_L3_STRESS_75_80_S01_R01,VPLC_L3_STRESS_75_80,SER_20260509_VPLC_L3_STRESS_75_80_S01,vPLC_container,VPLC_HOST,340,,,2026-05-09T20:48:40.788606905Z,,,,host_log,75,80,,,,,,3,512,,technical_check,vplc_status_cycle_duration_not_validated_as_Tper,0.251,100,работает
RUN_20260509_VPLC_L3_STRESS_75_80_S01_R01,VPLC_L3_STRESS_75_80,SER_20260509_VPLC_L3_STRESS_75_80_S01,vPLC_container,VPLC_HOST,341,,,2026-05-09T20:48:41.844809595Z,,,,host_log,75,80,,,,,,3,512,,technical_check,vplc_status_cycle_duration_not_validated_as_Tper,0.235,100,работает
RUN_20260509_VPLC_L3_STRESS_75_80_S01_R01,VPLC_L3_STRESS_75_80,SER_20260509_VPLC_L3_STRESS_75_80_S01,vPLC_container,VPLC_HOST,342,,,2026-05-09T20:48:42.899962050Z,,,,host_log,75,80,,,,,,3,512,,technical_check,vplc_status_cycle_duration_not_validated_as_Tper,0.259,100,работает
RUN_20260509_VPLC_L3_STRESS_75_80_S01_R01,VPLC_L3_STRESS_75_80,SER_20260509_VPLC_L3_STRESS_75_80_S01,vPLC_container,VPLC_HOST,343,,,2026-05-09T20:48:43.955046917Z,,,,host_log,75,80,,,,,,3,512,,technical_check,vplc_status_cycle_duration_not_validated_as_Tper,0.172,100,работает
RUN_20260509_VPLC_L3_STRESS_75_80_S01_R01,VPLC_L3_STRESS_75_80,SER_20260509_VPLC_L3_STRESS_75_80_S01,vPLC_container,VPLC_HOST,344,,,2026-05-09T20:48:45.011438552Z,,,,host_log,75,80,,,,,,3,512,,technical_check,vplc_status_cycle_duration_not_validated_as_Tper,0.252,100,работает
RUN_20260509_VPLC_L3_STRESS_75_80_S01_R01,VPLC_L3_STRESS_75_80,SER_20260509_VPLC_L3_STRESS_75_80_S01,vPLC_container,VPLC_HOST,345,,,2026-05-09T20:48:46.064907367Z,,,,host_log,75,80,,,,,,3,512,,technical_check,vplc_status_cycle_duration_not_validated_as_Tper,0.257,100,работает
RUN_20260509_VPLC_L3_STRESS_75_80_S01_R01,VPLC_L3_STRESS_75_80,SER_20260509_VPLC_L3_STRESS_75_80_S01,vPLC_container,VPLC_HOST,346,,,2026-05-09T20:48:47.120451172Z,,,,host_log,75,80,,,,,,3,512,,technical_check,vplc_status_cycle_duration_not_validated_as_Tper,0.257,100,работает
RUN_20260509_VPLC_L3_STRESS_75_80_S01_R01,VPLC_L3_STRESS_75_80,SER_20260509_VPLC_L3_STRESS_75_80_S01,vPLC_container,VPLC_HOST,347,,,2026-05-09T20:48:48.176012233Z,,,,host_log,75,80,,,,,,3,512,,technical_check,vplc_status_cycle_duration_not_validated_as_Tper,0.258,100,работает
RUN_20260509_VPLC_L3_STRESS_75_80_S01_R01,VPLC_L3_STRESS_75_80,SER_20260509_VPLC_L3_STRESS_75_80_S01,vPLC_container,VPLC_HOST,348,,,2026-05-09T20:48:49.230866812Z,,,,host_log,75,80,,,,,,3,512,,technical_check,vplc_status_cycle_duration_not_validated_as_Tper,0.237,100,работает
RUN_20260509_VPLC_L3_STRESS_75_80_S01_R01,VPLC_L3_STRESS_75_80,SER_20260509_VPLC_L3_STRESS_75_80_S01,vPLC_container,VPLC_HOST,349,,,2026-05-09T20:48:50.286789317Z,,,,host_log,75,80,,,,,,3,512,,technical_check,vplc_status_cycle_duration_not_validated_as_Tper,0.256,100,работает
RUN_20260509_VPLC_L3_STRESS_75_80_S01_R01,VPLC_L3_STRESS_75_80,SER_20260509_VPLC_L3_STRESS_75_80_S01,vPLC_container,VPLC_HOST,350,,,2026-05-09T20:48:51.339454386Z,,,,host_log,75,80,,,,,,3,512,,technical_check,vplc_status_cycle_duration_not_validated_as_Tper,5.265,100,работает
RUN_20260509_VPLC_L3_STRESS_75_80_S01_R01,VPLC_L3_STRESS_75_80,SER_20260509_VPLC_L3_STRESS_75_80_S01,vPLC_container,VPLC_HOST,351,,,2026-05-09T20:48:52.392851334Z,,,,host_log,75,80,,,,,,3,512,,technical_check,vplc_status_cycle_duration_not_validated_as_Tper,5.080,100,работает
RUN_20260509_VPLC_L3_STRESS_75_80_S01_R01,VPLC_L3_STRESS_75_80,SER_20260509_VPLC_L3_STRESS_75_80_S01,vPLC_container,VPLC_HOST,352,,,2026-05-09T20:48:53.449640623Z,,,,host_log,75,80,,,,,,3,512,,technical_check,vplc_status_cycle_duration_not_validated_as_Tper,0.136,100,работает
RUN_20260509_VPLC_L3_STRESS_75_80_S01_R01,VPLC_L3_STRESS_75_80,SER_20260509_VPLC_L3_STRESS_75_80_S01,vPLC_container,VPLC_HOST,353,,,2026-05-09T20:48:54.508457304Z,,,,host_log,75,80,,,,,,3,512,,technical_check,vplc_status_cycle_duration_not_validated_as_Tper,0.253,100,работает
RUN_20260509_VPLC_L3_STRESS_75_80_S01_R01,VPLC_L3_STRESS_75_80,SER_20260509_VPLC_L3_STRESS_75_80_S01,vPLC_container,VPLC_HOST,354,,,2026-05-09T20:48:55.563010940Z,,,,host_log,75,80,,,,,,3,512,,technical_check,vplc_status_cycle_duration_not_validated_as_Tper,0.252,100,работает
RUN_20260509_VPLC_L3_STRESS_75_80_S01_R01,VPLC_L3_STRESS_75_80,SER_20260509_VPLC_L3_STRESS_75_80_S01,vPLC_container,VPLC_HOST,355,,,2026-05-09T20:48:56.618890854Z,,,,host_log,75,80,,,,,,3,512,,technical_check,vplc_status_cycle_duration_not_validated_as_Tper,0.257,100,работает
RUN_20260509_VPLC_L3_STRESS_75_80_S01_R01,VPLC_L3_STRESS_75_80,SER_20260509_VPLC_L3_STRESS_75_80_S01,vPLC_container,VPLC_HOST,356,,,2026-05-09T20:48:57.671784987Z,,,,host_log,75,80,,,,,,3,512,,technical_check,vplc_status_cycle_duration_not_validated_as_Tper,0.256,100,работает
RUN_20260509_VPLC_L3_STRESS_75_80_S01_R01,VPLC_L3_STRESS_75_80,SER_20260509_VPLC_L3_STRESS_75_80_S01,vPLC_container,VPLC_HOST,357,,,2026-05-09T20:48:58.728590845Z,,,,host_log,75,80,,,,,,3,512,,technical_check,vplc_status_cycle_duration_not_validated_as_Tper,0.229,100,работает
RUN_20260509_VPLC_L3_STRESS_75_80_S01_R01,VPLC_L3_STRESS_75_80,SER_20260509_VPLC_L3_STRESS_75_80_S01,vPLC_container,VPLC_HOST,358,,,2026-05-09T20:48:59.784980533Z,,,,host_log,75,80,,,,,,3,512,,technical_check,vplc_status_cycle_duration_not_validated_as_Tper,0.250,100,работает
RUN_20260509_VPLC_L3_STRESS_75_80_S01_R01,VPLC_L3_STRESS_75_80,SER_20260509_VPLC_L3_STRESS_75_80_S01,vPLC_container,VPLC_HOST,359,,,2026-05-09T20:49:00.840840798Z,,,,host_log,75,80,,,,,,3,512,,technical_check,vplc_status_cycle_duration_not_validated_as_Tper,0.237,100,работает
RUN_20260509_VPLC_L3_STRESS_75_80_S01_R01,VPLC_L3_STRESS_75_80,SER_20260509_VPLC_L3_STRESS_75_80_S01,vPLC_container,VPLC_HOST,360,,,2026-05-09T20:49:01.895508576Z,,,,host_log,75,80,,,,,,3,512,,technical_check,vplc_status_cycle_duration_not_validated_as_Tper,0.258,100,работает
RUN_20260509_VPLC_L3_STRESS_75_80_S01_R01,VPLC_L3_STRESS_75_80,SER_20260509_VPLC_L3_STRESS_75_80_S01,vPLC_container,VPLC_HOST,361,,,2026-05-09T20:49:02.951709602Z,,,,host_log,75,80,,,,,,3,512,,technical_check,vplc_status_cycle_duration_not_validated_as_Tper,0.126,100,работает
RUN_20260509_VPLC_L3_STRESS_75_80_S01_R01,VPLC_L3_STRESS_75_80,SER_20260509_VPLC_L3_STRESS_75_80_S01,vPLC_container,VPLC_HOST,362,,,2026-05-09T20:49:04.006108461Z,,,,host_log,75,80,,,,,,3,512,,technical_check,vplc_status_cycle_duration_not_validated_as_Tper,0.255,100,работает
RUN_20260509_VPLC_L3_STRESS_75_80_S01_R01,VPLC_L3_STRESS_75_80,SER_20260509_VPLC_L3_STRESS_75_80_S01,vPLC_container,VPLC_HOST,363,,,2026-05-09T20:49:05.061421833Z,,,,host_log,75,80,,,,,,3,512,,technical_check,vplc_status_cycle_duration_not_validated_as_Tper,0.253,100,работает
RUN_20260509_VPLC_L3_STRESS_75_80_S01_R01,VPLC_L3_STRESS_75_80,SER_20260509_VPLC_L3_STRESS_75_80_S01,vPLC_container,VPLC_HOST,364,,,2026-05-09T20:49:06.118233163Z,,,,host_log,75,80,,,,,,3,512,,technical_check,vplc_status_cycle_duration_not_validated_as_Tper,0.260,100,работает
RUN_20260509_VPLC_L3_STRESS_75_80_S01_R01,VPLC_L3_STRESS_75_80,SER_20260509_VPLC_L3_STRESS_75_80_S01,vPLC_container,VPLC_HOST,365,,,2026-05-09T20:49:07.172556809Z,,,,host_log,75,80,,,,,,3,512,,technical_check,vplc_status_cycle_duration_not_validated_as_Tper,0.252,100,работает
RUN_20260509_VPLC_L3_STRESS_75_80_S01_R01,VPLC_L3_STRESS_75_80,SER_20260509_VPLC_L3_STRESS_75_80_S01,vPLC_container,VPLC_HOST,366,,,2026-05-09T20:49:08.227081142Z,,,,host_log,75,80,,,,,,3,512,,technical_check,vplc_status_cycle_duration_not_validated_as_Tper,0.254,100,работает
RUN_20260509_VPLC_L3_STRESS_75_80_S01_R01,VPLC_L3_STRESS_75_80,SER_20260509_VPLC_L3_STRESS_75_80_S01,vPLC_container,VPLC_HOST,367,,,2026-05-09T20:49:09.283344376Z,,,,host_log,75,80,,,,,,3,512,,technical_check,vplc_status_cycle_duration_not_validated_as_Tper,0.254,100,работает
RUN_20260509_VPLC_L3_STRESS_75_80_S01_R01,VPLC_L3_STRESS_75_80,SER_20260509_VPLC_L3_STRESS_75_80_S01,vPLC_container,VPLC_HOST,368,,,2026-05-09T20:49:10.334728558Z,,,,host_log,75,80,,,,,,3,512,,technical_check,vplc_status_cycle_duration_not_validated_as_Tper,4.991,100,работает
RUN_20260509_VPLC_L3_STRESS_75_80_S01_R01,VPLC_L3_STRESS_75_80,SER_20260509_VPLC_L3_STRESS_75_80_S01,vPLC_container,VPLC_HOST,369,,,2026-05-09T20:49:11.392952730Z,,,,host_log,75,80,,,,,,3,512,,technical_check,vplc_status_cycle_duration_not_validated_as_Tper,5.202,100,работает
RUN_20260509_VPLC_L3_STRESS_75_80_S01_R01,VPLC_L3_STRESS_75_80,SER_20260509_VPLC_L3_STRESS_75_80_S01,vPLC_container,VPLC_HOST,370,,,2026-05-09T20:49:12.449434742Z,,,,host_log,75,80,,,,,,3,512,,technical_check,vplc_status_cycle_duration_not_validated_as_Tper,0.145,100,работает
RUN_20260509_VPLC_L3_STRESS_75_80_S01_R01,VPLC_L3_STRESS_75_80,SER_20260509_VPLC_L3_STRESS_75_80_S01,vPLC_container,VPLC_HOST,371,,,2026-05-09T20:49:13.504079729Z,,,,host_log,75,80,,,,,,3,512,,technical_check,vplc_status_cycle_duration_not_validated_as_Tper,0.255,100,работает
RUN_20260509_VPLC_L3_STRESS_75_80_S01_R01,VPLC_L3_STRESS_75_80,SER_20260509_VPLC_L3_STRESS_75_80_S01,vPLC_container,VPLC_HOST,372,,,2026-05-09T20:49:14.558829057Z,,,,host_log,75,80,,,,,,3,512,,technical_check,vplc_status_cycle_duration_not_validated_as_Tper,0.244,100,работает
RUN_20260509_VPLC_L3_STRESS_75_80_S01_R01,VPLC_L3_STRESS_75_80,SER_20260509_VPLC_L3_STRESS_75_80_S01,vPLC_container,VPLC_HOST,373,,,2026-05-09T20:49:15.615481936Z,,,,host_log,75,80,,,,,,3,512,,technical_check,vplc_status_cycle_duration_not_validated_as_Tper,0.258,100,работает
RUN_20260509_VPLC_L3_STRESS_75_80_S01_R01,VPLC_L3_STRESS_75_80,SER_20260509_VPLC_L3_STRESS_75_80_S01,vPLC_container,VPLC_HOST,374,,,2026-05-09T20:49:16.670659372Z,,,,host_log,75,80,,,,,,3,512,,technical_check,vplc_status_cycle_duration_not_validated_as_Tper,0.254,100,работает
RUN_20260509_VPLC_L3_STRESS_75_80_S01_R01,VPLC_L3_STRESS_75_80,SER_20260509_VPLC_L3_STRESS_75_80_S01,vPLC_container,VPLC_HOST,375,,,2026-05-09T20:49:17.723993286Z,,,,host_log,75,80,,,,,,3,512,,technical_check,vplc_status_cycle_duration_not_validated_as_Tper,0.232,100,работает
RUN_20260509_VPLC_L3_STRESS_75_80_S01_R01,VPLC_L3_STRESS_75_80,SER_20260509_VPLC_L3_STRESS_75_80_S01,vPLC_container,VPLC_HOST,376,,,2026-05-09T20:49:18.779022567Z,,,,host_log,75,80,,,,,,3,512,,technical_check,vplc_status_cycle_duration_not_validated_as_Tper,0.257,100,работает
RUN_20260509_VPLC_L3_STRESS_75_80_S01_R01,VPLC_L3_STRESS_75_80,SER_20260509_VPLC_L3_STRESS_75_80_S01,vPLC_container,VPLC_HOST,377,,,2026-05-09T20:49:19.835614980Z,,,,host_log,75,80,,,,,,3,512,,technical_check,vplc_status_cycle_duration_not_validated_as_Tper,0.238,100,работает
RUN_20260509_VPLC_L3_STRESS_75_80_S01_R01,VPLC_L3_STRESS_75_80,SER_20260509_VPLC_L3_STRESS_75_80_S01,vPLC_container,VPLC_HOST,378,,,2026-05-09T20:49:20.887883787Z,,,,host_log,75,80,,,,,,3,512,,technical_check,vplc_status_cycle_duration_not_validated_as_Tper,0.257,100,работает
RUN_20260509_VPLC_L3_STRESS_75_80_S01_R01,VPLC_L3_STRESS_75_80,SER_20260509_VPLC_L3_STRESS_75_80_S01,vPLC_container,VPLC_HOST,379,,,2026-05-09T20:49:21.946184966Z,,,,host_log,75,80,,,,,,3,512,,technical_check,vplc_status_cycle_duration_not_validated_as_Tper,0.183,100,работает
RUN_20260509_VPLC_L3_STRESS_75_80_S01_R01,VPLC_L3_STRESS_75_80,SER_20260509_VPLC_L3_STRESS_75_80_S01,vPLC_container,VPLC_HOST,380,,,2026-05-09T20:49:22.998774671Z,,,,host_log,75,80,,,,,,3,512,,technical_check,vplc_status_cycle_duration_not_validated_as_Tper,0.253,100,работает
RUN_20260509_VPLC_L3_STRESS_75_80_S01_R01,VPLC_L3_STRESS_75_80,SER_20260509_VPLC_L3_STRESS_75_80_S01,vPLC_container,VPLC_HOST,381,,,2026-05-09T20:49:24.057347512Z,,,,host_log,75,80,,,,,,3,512,,technical_check,vplc_status_cycle_duration_not_validated_as_Tper,0.210,100,работает
RUN_20260509_VPLC_L3_STRESS_75_80_S01_R01,VPLC_L3_STRESS_75_80,SER_20260509_VPLC_L3_STRESS_75_80_S01,vPLC_container,VPLC_HOST,382,,,2026-05-09T20:49:25.112533294Z,,,,host_log,75,80,,,,,,3,512,,technical_check,vplc_status_cycle_duration_not_validated_as_Tper,0.257,100,работает
RUN_20260509_VPLC_L3_STRESS_75_80_S01_R01,VPLC_L3_STRESS_75_80,SER_20260509_VPLC_L3_STRESS_75_80_S01,vPLC_container,VPLC_HOST,383,,,2026-05-09T20:49:26.166915747Z,,,,host_log,75,80,,,,,,3,512,,technical_check,vplc_status_cycle_duration_not_validated_as_Tper,0.250,100,работает
RUN_20260509_VPLC_L3_STRESS_75_80_S01_R01,VPLC_L3_STRESS_75_80,SER_20260509_VPLC_L3_STRESS_75_80_S01,vPLC_container,VPLC_HOST,384,,,2026-05-09T20:49:27.220674647Z,,,,host_log,75,80,,,,,,3,512,,technical_check,vplc_status_cycle_duration_not_validated_as_Tper,0.260,100,работает
RUN_20260509_VPLC_L3_STRESS_75_80_S01_R01,VPLC_L3_STRESS_75_80,SER_20260509_VPLC_L3_STRESS_75_80_S01,vPLC_container,VPLC_HOST,385,,,2026-05-09T20:49:28.276984775Z,,,,host_log,75,80,,,,,,3,512,,technical_check,vplc_status_cycle_duration_not_validated_as_Tper,0.259,100,работает
RUN_20260509_VPLC_L3_STRESS_75_80_S01_R01,VPLC_L3_STRESS_75_80,SER_20260509_VPLC_L3_STRESS_75_80_S01,vPLC_container,VPLC_HOST,386,,,2026-05-09T20:49:29.334676977Z,,,,host_log,75,80,,,,,,3,512,,technical_check,vplc_status_cycle_duration_not_validated_as_Tper,5.016,100,работает
RUN_20260509_VPLC_L3_STRESS_75_80_S01_R01,VPLC_L3_STRESS_75_80,SER_20260509_VPLC_L3_STRESS_75_80_S01,vPLC_container,VPLC_HOST,387,,,2026-05-09T20:49:30.385848389Z,,,,host_log,75,80,,,,,,3,512,,technical_check,vplc_status_cycle_duration_not_validated_as_Tper,5.121,100,работает
RUN_20260509_VPLC_L3_STRESS_75_80_S01_R01,VPLC_L3_STRESS_75_80,SER_20260509_VPLC_L3_STRESS_75_80_S01,vPLC_container,VPLC_HOST,388,,,2026-05-09T20:49:31.443890321Z,,,,host_log,75,80,,,,,,3,512,,technical_check,vplc_status_cycle_duration_not_validated_as_Tper,0.209,100,работает
RUN_20260509_VPLC_L3_STRESS_75_80_S01_R01,VPLC_L3_STRESS_75_80,SER_20260509_VPLC_L3_STRESS_75_80_S01,vPLC_container,VPLC_HOST,389,,,2026-05-09T20:49:32.496763753Z,,,,host_log,75,80,,,,,,3,512,,technical_check,vplc_status_cycle_duration_not_validated_as_Tper,0.257,100,работает
RUN_20260509_VPLC_L3_STRESS_75_80_S01_R01,VPLC_L3_STRESS_75_80,SER_20260509_VPLC_L3_STRESS_75_80_S01,vPLC_container,VPLC_HOST,390,,,2026-05-09T20:49:33.555058182Z,,,,host_log,75,80,,,,,,3,512,,technical_check,vplc_status_cycle_duration_not_validated_as_Tper,0.187,100,работает
RUN_20260509_VPLC_L3_STRESS_75_80_S01_R01,VPLC_L3_STRESS_75_80,SER_20260509_VPLC_L3_STRESS_75_80_S01,vPLC_container,VPLC_HOST,391,,,2026-05-09T20:49:34.607622026Z,,,,host_log,75,80,,,,,,3,512,,technical_check,vplc_status_cycle_duration_not_validated_as_Tper,0.254,100,работает
RUN_20260509_VPLC_L3_STRESS_75_80_S01_R01,VPLC_L3_STRESS_75_80,SER_20260509_VPLC_L3_STRESS_75_80_S01,vPLC_container,VPLC_HOST,392,,,2026-05-09T20:49:35.665816567Z,,,,host_log,75,80,,,,,,3,512,,technical_check,vplc_status_cycle_duration_not_validated_as_Tper,0.255,100,работает
RUN_20260509_VPLC_L3_STRESS_75_80_S01_R01,VPLC_L3_STRESS_75_80,SER_20260509_VPLC_L3_STRESS_75_80_S01,vPLC_container,VPLC_HOST,393,,,2026-05-09T20:49:36.719680129Z,,,,host_log,75,80,,,,,,3,512,,technical_check,vplc_status_cycle_duration_not_validated_as_Tper,0.259,100,работает
RUN_20260509_VPLC_L3_STRESS_75_80_S01_R01,VPLC_L3_STRESS_75_80,SER_20260509_VPLC_L3_STRESS_75_80_S01,vPLC_container,VPLC_HOST,394,,,2026-05-09T20:49:37.772508249Z,,,,host_log,75,80,,,,,,3,512,,technical_check,vplc_status_cycle_duration_not_validated_as_Tper,0.256,100,работает
RUN_20260509_VPLC_L3_STRESS_75_80_S01_R01,VPLC_L3_STRESS_75_80,SER_20260509_VPLC_L3_STRESS_75_80_S01,vPLC_container,VPLC_HOST,395,,,2026-05-09T20:49:38.831582829Z,,,,host_log,75,80,,,,,,3,512,,technical_check,vplc_status_cycle_duration_not_validated_as_Tper,0.235,100,работает
RUN_20260509_VPLC_L3_STRESS_75_80_S01_R01,VPLC_L3_STRESS_75_80,SER_20260509_VPLC_L3_STRESS_75_80_S01,vPLC_container,VPLC_HOST,396,,,2026-05-09T20:49:39.886817800Z,,,,host_log,75,80,,,,,,3,512,,technical_check,vplc_status_cycle_duration_not_validated_as_Tper,0.257,100,работает
RUN_20260509_VPLC_L3_STRESS_75_80_S01_R01,VPLC_L3_STRESS_75_80,SER_20260509_VPLC_L3_STRESS_75_80_S01,vPLC_container,VPLC_HOST,397,,,2026-05-09T20:49:40.939495646Z,,,,host_log,75,80,,,,,,3,512,,technical_check,vplc_status_cycle_duration_not_validated_as_Tper,0.237,100,работает
RUN_20260509_VPLC_L3_STRESS_75_80_S01_R01,VPLC_L3_STRESS_75_80,SER_20260509_VPLC_L3_STRESS_75_80_S01,vPLC_container,VPLC_HOST,398,,,2026-05-09T20:49:41.993191847Z,,,,host_log,75,80,,,,,,3,512,,technical_check,vplc_status_cycle_duration_not_validated_as_Tper,0.258,100,работает
RUN_20260509_VPLC_L3_STRESS_75_80_S01_R01,VPLC_L3_STRESS_75_80,SER_20260509_VPLC_L3_STRESS_75_80_S01,vPLC_container,VPLC_HOST,399,,,2026-05-09T20:49:43.052990651Z,,,,host_log,75,80,,,,,,3,512,,technical_check,vplc_status_cycle_duration_not_validated_as_Tper,0.142,100,работает
RUN_20260509_VPLC_L3_STRESS_75_80_S01_R01,VPLC_L3_STRESS_75_80,SER_20260509_VPLC_L3_STRESS_75_80_S01,vPLC_container,VPLC_HOST,400,,,2026-05-09T20:49:44.108032916Z,,,,host_log,75,80,,,,,,3,512,,technical_check,vplc_status_cycle_duration_not_validated_as_Tper,0.257,100,работает
RUN_20260509_VPLC_L3_STRESS_75_80_S01_R01,VPLC_L3_STRESS_75_80,SER_20260509_VPLC_L3_STRESS_75_80_S01,vPLC_container,VPLC_HOST,401,,,2026-05-09T20:49:45.163352004Z,,,,host_log,75,80,,,,,,3,512,,technical_check,vplc_status_cycle_duration_not_validated_as_Tper,0.253,100,работает
RUN_20260509_VPLC_L3_STRESS_75_80_S01_R01,VPLC_L3_STRESS_75_80,SER_20260509_VPLC_L3_STRESS_75_80_S01,vPLC_container,VPLC_HOST,402,,,2026-05-09T20:49:46.218283968Z,,,,host_log,75,80,,,,,,3,512,,technical_check,vplc_status_cycle_duration_not_validated_as_Tper,0.257,100,работает
RUN_20260509_VPLC_L3_STRESS_75_80_S01_R01,VPLC_L3_STRESS_75_80,SER_20260509_VPLC_L3_STRESS_75_80_S01,vPLC_container,VPLC_HOST,403,,,2026-05-09T20:49:47.273032507Z,,,,host_log,75,80,,,,,,3,512,,technical_check,vplc_status_cycle_duration_not_validated_as_Tper,0.258,100,работает
RUN_20260509_VPLC_L3_STRESS_75_80_S01_R01,VPLC_L3_STRESS_75_80,SER_20260509_VPLC_L3_STRESS_75_80_S01,vPLC_container,VPLC_HOST,404,,,2026-05-09T20:49:48.330177271Z,,,,host_log,75,80,,,,,,3,512,,technical_check,vplc_status_cycle_duration_not_validated_as_Tper,4.932,100,работает
RUN_20260509_VPLC_L3_STRESS_75_80_S01_R01,VPLC_L3_STRESS_75_80,SER_20260509_VPLC_L3_STRESS_75_80_S01,vPLC_container,VPLC_HOST,405,,,2026-05-09T20:49:49.382843545Z,,,,host_log,75,80,,,,,,3,512,,technical_check,vplc_status_cycle_duration_not_validated_as_Tper,4.839,100,работает
RUN_20260509_VPLC_L3_STRESS_75_80_S01_R01,VPLC_L3_STRESS_75_80,SER_20260509_VPLC_L3_STRESS_75_80_S01,vPLC_container,VPLC_HOST,406,,,2026-05-09T20:49:50.439160915Z,,,,host_log,75,80,,,,,,3,512,,technical_check,vplc_status_cycle_duration_not_validated_as_Tper,0.208,100,работает
RUN_20260509_VPLC_L3_STRESS_75_80_S01_R01,VPLC_L3_STRESS_75_80,SER_20260509_VPLC_L3_STRESS_75_80_S01,vPLC_container,VPLC_HOST,407,,,2026-05-09T20:49:51.493906216Z,,,,host_log,75,80,,,,,,3,512,,technical_check,vplc_status_cycle_duration_not_validated_as_Tper,0.258,100,работает
RUN_20260509_VPLC_L3_STRESS_75_80_S01_R01,VPLC_L3_STRESS_75_80,SER_20260509_VPLC_L3_STRESS_75_80_S01,vPLC_container,VPLC_HOST,408,,,2026-05-09T20:49:52.550651776Z,,,,host_log,75,80,,,,,,3,512,,technical_check,vplc_status_cycle_duration_not_validated_as_Tper,0.118,100,работает
RUN_20260509_VPLC_L3_STRESS_75_80_S01_R01,VPLC_L3_STRESS_75_80,SER_20260509_VPLC_L3_STRESS_75_80_S01,vPLC_container,VPLC_HOST,409,,,2026-05-09T20:49:53.605823615Z,,,,host_log,75,80,,,,,,3,512,,technical_check,vplc_status_cycle_duration_not_validated_as_Tper,0.254,100,работает
RUN_20260509_VPLC_L3_STRESS_75_80_S01_R01,VPLC_L3_STRESS_75_80,SER_20260509_VPLC_L3_STRESS_75_80_S01,vPLC_container,VPLC_HOST,410,,,2026-05-09T20:49:54.658788260Z,,,,host_log,75,80,,,,,,3,512,,technical_check,vplc_status_cycle_duration_not_validated_as_Tper,0.244,100,работает
RUN_20260509_VPLC_L3_STRESS_75_80_S01_R01,VPLC_L3_STRESS_75_80,SER_20260509_VPLC_L3_STRESS_75_80_S01,vPLC_container,VPLC_HOST,411,,,2026-05-09T20:49:55.715699445Z,,,,host_log,75,80,,,,,,3,512,,technical_check,vplc_status_cycle_duration_not_validated_as_Tper,0.258,100,работает
RUN_20260509_VPLC_L3_STRESS_75_80_S01_R01,VPLC_L3_STRESS_75_80,SER_20260509_VPLC_L3_STRESS_75_80_S01,vPLC_container,VPLC_HOST,412,,,2026-05-09T20:49:56.771172283Z,,,,host_log,75,80,,,,,,3,512,,technical_check,vplc_status_cycle_duration_not_validated_as_Tper,0.254,100,работает
RUN_20260509_VPLC_L3_STRESS_75_80_S01_R01,VPLC_L3_STRESS_75_80,SER_20260509_VPLC_L3_STRESS_75_80_S01,vPLC_container,VPLC_HOST,413,,,2026-05-09T20:49:57.827930300Z,,,,host_log,75,80,,,,,,3,512,,technical_check,vplc_status_cycle_duration_not_validated_as_Tper,0.253,100,работает
RUN_20260509_VPLC_L3_STRESS_75_80_S01_R01,VPLC_L3_STRESS_75_80,SER_20260509_VPLC_L3_STRESS_75_80_S01,vPLC_container,VPLC_HOST,414,,,2026-05-09T20:49:58.883743423Z,,,,host_log,75,80,,,,,,3,512,,technical_check,vplc_status_cycle_duration_not_validated_as_Tper,0.258,100,работает
RUN_20260509_VPLC_L3_STRESS_75_80_S01_R01,VPLC_L3_STRESS_75_80,SER_20260509_VPLC_L3_STRESS_75_80_S01,vPLC_container,VPLC_HOST,415,,,2026-05-09T20:49:59.939066360Z,,,,host_log,75,80,,,,,,3,512,,technical_check,vplc_status_cycle_duration_not_validated_as_Tper,0.233,100,работает
RUN_20260509_VPLC_L3_STRESS_75_80_S01_R01,VPLC_L3_STRESS_75_80,SER_20260509_VPLC_L3_STRESS_75_80_S01,vPLC_container,VPLC_HOST,416,,,2026-05-09T20:50:00.991435351Z,,,,host_log,75,80,,,,,,3,512,,technical_check,vplc_status_cycle_duration_not_validated_as_Tper,0.250,100,работает
RUN_20260509_VPLC_L3_STRESS_75_80_S01_R01,VPLC_L3_STRESS_75_80,SER_20260509_VPLC_L3_STRESS_75_80_S01,vPLC_container,VPLC_HOST,417,,,2026-05-09T20:50:02.049356770Z,,,,host_log,75,80,,,,,,3,512,,technical_check,vplc_status_cycle_duration_not_validated_as_Tper,0.139,100,работает
RUN_20260509_VPLC_L3_STRESS_75_80_S01_R01,VPLC_L3_STRESS_75_80,SER_20260509_VPLC_L3_STRESS_75_80_S01,vPLC_container,VPLC_HOST,418,,,2026-05-09T20:50:03.101656244Z,,,,host_log,75,80,,,,,,3,512,,technical_check,vplc_status_cycle_duration_not_validated_as_Tper,0.258,100,работает
RUN_20260509_VPLC_L3_STRESS_75_80_S01_R01,VPLC_L3_STRESS_75_80,SER_20260509_VPLC_L3_STRESS_75_80_S01,vPLC_container,VPLC_HOST,419,,,2026-05-09T20:50:04.157129322Z,,,,host_log,75,80,,,,,,3,512,,technical_check,vplc_status_cycle_duration_not_validated_as_Tper,0.209,100,работает
RUN_20260509_VPLC_L3_STRESS_75_80_S01_R01,VPLC_L3_STRESS_75_80,SER_20260509_VPLC_L3_STRESS_75_80_S01,vPLC_container,VPLC_HOST,420,,,2026-05-09T20:50:05.213390931Z,,,,host_log,75,80,,,,,,3,512,,technical_check,vplc_status_cycle_duration_not_validated_as_Tper,0.253,100,работает
RUN_20260509_VPLC_L3_STRESS_75_80_S01_R01,VPLC_L3_STRESS_75_80,SER_20260509_VPLC_L3_STRESS_75_80_S01,vPLC_container,VPLC_HOST,421,,,2026-05-09T20:50:06.270825900Z,,,,host_log,75,80,,,,,,3,512,,technical_check,vplc_status_cycle_duration_not_validated_as_Tper,0.257,100,работает
RUN_20260509_VPLC_L3_STRESS_75_80_S01_R01,VPLC_L3_STRESS_75_80,SER_20260509_VPLC_L3_STRESS_75_80_S01,vPLC_container,VPLC_HOST,422,,,2026-05-09T20:50:07.322637605Z,,,,host_log,75,80,,,,,,3,512,,technical_check,vplc_status_cycle_duration_not_validated_as_Tper,0.256,100,работает
RUN_20260509_VPLC_L3_STRESS_75_80_S01_R01,VPLC_L3_STRESS_75_80,SER_20260509_VPLC_L3_STRESS_75_80_S01,vPLC_container,VPLC_HOST,423,,,2026-05-09T20:50:08.380695224Z,,,,host_log,75,80,,,,,,3,512,,technical_check,vplc_status_cycle_duration_not_validated_as_Tper,4.430,100,работает
RUN_20260509_VPLC_L3_STRESS_75_80_S01_R01,VPLC_L3_STRESS_75_80,SER_20260509_VPLC_L3_STRESS_75_80_S01,vPLC_container,VPLC_HOST,424,,,2026-05-09T20:50:09.433578695Z,,,,host_log,75,80,,,,,,3,512,,technical_check,vplc_status_cycle_duration_not_validated_as_Tper,0.256,100,работает
RUN_20260509_VPLC_L3_STRESS_75_80_S01_R01,VPLC_L3_STRESS_75_80,SER_20260509_VPLC_L3_STRESS_75_80_S01,vPLC_container,VPLC_HOST,425,,,2026-05-09T20:50:10.491326899Z,,,,host_log,75,80,,,,,,3,512,,technical_check,vplc_status_cycle_duration_not_validated_as_Tper,0.256,100,работает
RUN_20260509_VPLC_L3_STRESS_75_80_S01_R01,VPLC_L3_STRESS_75_80,SER_20260509_VPLC_L3_STRESS_75_80_S01,vPLC_container,VPLC_HOST,426,,,2026-05-09T20:50:11.546545247Z,,,,host_log,75,80,,,,,,3,512,,technical_check,vplc_status_cycle_duration_not_validated_as_Tper,0.167,100,работает
RUN_20260509_VPLC_L3_STRESS_75_80_S01_R01,VPLC_L3_STRESS_75_80,SER_20260509_VPLC_L3_STRESS_75_80_S01,vPLC_container,VPLC_HOST,427,,,2026-05-09T20:50:12.601133185Z,,,,host_log,75,80,,,,,,3,512,,technical_check,vplc_status_cycle_duration_not_validated_as_Tper,0.259,100,работает
RUN_20260509_VPLC_L3_STRESS_75_80_S01_R01,VPLC_L3_STRESS_75_80,SER_20260509_VPLC_L3_STRESS_75_80_S01,vPLC_container,VPLC_HOST,428,,,2026-05-09T20:50:13.656623770Z,,,,host_log,75,80,,,,,,3,512,,technical_check,vplc_status_cycle_duration_not_validated_as_Tper,0.193,100,работает
RUN_20260509_VPLC_L3_STRESS_75_80_S01_R01,VPLC_L3_STRESS_75_80,SER_20260509_VPLC_L3_STRESS_75_80_S01,vPLC_container,VPLC_HOST,429,,,2026-05-09T20:50:14.710202802Z,,,,host_log,75,80,,,,,,3,512,,technical_check,vplc_status_cycle_duration_not_validated_as_Tper,0.255,100,работает
RUN_20260509_VPLC_L3_STRESS_75_80_S01_R01,VPLC_L3_STRESS_75_80,SER_20260509_VPLC_L3_STRESS_75_80_S01,vPLC_container,VPLC_HOST,430,,,2026-05-09T20:50:15.768632921Z,,,,host_log,75,80,,,,,,3,512,,technical_check,vplc_status_cycle_duration_not_validated_as_Tper,0.253,100,работает
RUN_20260509_VPLC_L3_STRESS_75_80_S01_R01,VPLC_L3_STRESS_75_80,SER_20260509_VPLC_L3_STRESS_75_80_S01,vPLC_container,VPLC_HOST,431,,,2026-05-09T20:50:16.823004746Z,,,,host_log,75,80,,,,,,3,512,,technical_check,vplc_status_cycle_duration_not_validated_as_Tper,0.257,100,работает
RUN_20260509_VPLC_L3_STRESS_75_80_S01_R01,VPLC_L3_STRESS_75_80,SER_20260509_VPLC_L3_STRESS_75_80_S01,vPLC_container,VPLC_HOST,432,,,2026-05-09T20:50:17.879248289Z,,,,host_log,75,80,,,,,,3,512,,technical_check,vplc_status_cycle_duration_not_validated_as_Tper,0.259,100,работает
RUN_20260509_VPLC_L3_STRESS_75_80_S01_R01,VPLC_L3_STRESS_75_80,SER_20260509_VPLC_L3_STRESS_75_80_S01,vPLC_container,VPLC_HOST,433,,,2026-05-09T20:50:18.932590584Z,,,,host_log,75,80,,,,,,3,512,,technical_check,vplc_status_cycle_duration_not_validated_as_Tper,0.231,100,работает
RUN_20260509_VPLC_L3_STRESS_75_80_S01_R01,VPLC_L3_STRESS_75_80,SER_20260509_VPLC_L3_STRESS_75_80_S01,vPLC_container,VPLC_HOST,434,,,2026-05-09T20:50:19.989347442Z,,,,host_log,75,80,,,,,,3,512,,technical_check,vplc_status_cycle_duration_not_validated_as_Tper,0.251,100,работает
RUN_20260509_VPLC_L3_STRESS_75_80_S01_R01,VPLC_L3_STRESS_75_80,SER_20260509_VPLC_L3_STRESS_75_80_S01,vPLC_container,VPLC_HOST,435,,,2026-05-09T20:50:21.041196185Z,,,,host_log,75,80,,,,,,3,512,,technical_check,vplc_status_cycle_duration_not_validated_as_Tper,0.238,100,работает
RUN_20260509_VPLC_L3_STRESS_75_80_S01_R01,VPLC_L3_STRESS_75_80,SER_20260509_VPLC_L3_STRESS_75_80_S01,vPLC_container,VPLC_HOST,436,,,2026-05-09T20:50:22.097554962Z,,,,host_log,75,80,,,,,,3,512,,technical_check,vplc_status_cycle_duration_not_validated_as_Tper,0.257,100,работает
RUN_20260509_VPLC_L3_STRESS_75_80_S01_R01,VPLC_L3_STRESS_75_80,SER_20260509_VPLC_L3_STRESS_75_80_S01,vPLC_container,VPLC_HOST,437,,,2026-05-09T20:50:23.150939153Z,,,,host_log,75,80,,,,,,3,512,,technical_check,vplc_status_cycle_duration_not_validated_as_Tper,0.118,100,работает
RUN_20260509_VPLC_L3_STRESS_75_80_S01_R01,VPLC_L3_STRESS_75_80,SER_20260509_VPLC_L3_STRESS_75_80_S01,vPLC_container,VPLC_HOST,438,,,2026-05-09T20:50:24.209293656Z,,,,host_log,75,80,,,,,,3,512,,technical_check,vplc_status_cycle_duration_not_validated_as_Tper,0.249,100,работает
RUN_20260509_VPLC_L3_STRESS_75_80_S01_R01,VPLC_L3_STRESS_75_80,SER_20260509_VPLC_L3_STRESS_75_80_S01,vPLC_container,VPLC_HOST,439,,,2026-05-09T20:50:25.263667686Z,,,,host_log,75,80,,,,,,3,512,,technical_check,vplc_status_cycle_duration_not_validated_as_Tper,0.259,100,работает
RUN_20260509_VPLC_L3_STRESS_75_80_S01_R01,VPLC_L3_STRESS_75_80,SER_20260509_VPLC_L3_STRESS_75_80_S01,vPLC_container,VPLC_HOST,440,,,2026-05-09T20:50:26.322169265Z,,,,host_log,75,80,,,,,,3,512,,technical_check,vplc_status_cycle_duration_not_validated_as_Tper,0.258,100,работает
RUN_20260509_VPLC_L3_STRESS_75_80_S01_R01,VPLC_L3_STRESS_75_80,SER_20260509_VPLC_L3_STRESS_75_80_S01,vPLC_container,VPLC_HOST,441,,,2026-05-09T20:50:27.377170809Z,,,,host_log,75,80,,,,,,3,512,,technical_check,vplc_status_cycle_duration_not_validated_as_Tper,4.716,100,работает
RUN_20260509_VPLC_L3_STRESS_75_80_S01_R01,VPLC_L3_STRESS_75_80,SER_20260509_VPLC_L3_STRESS_75_80_S01,vPLC_container,VPLC_HOST,442,,,2026-05-09T20:50:28.432078956Z,,,,host_log,75,80,,,,,,3,512,,technical_check,vplc_status_cycle_duration_not_validated_as_Tper,0.206,100,работает
RUN_20260509_VPLC_L3_STRESS_75_80_S01_R01,VPLC_L3_STRESS_75_80,SER_20260509_VPLC_L3_STRESS_75_80_S01,vPLC_container,VPLC_HOST,443,,,2026-05-09T20:50:29.485723714Z,,,,host_log,75,80,,,,,,3,512,,technical_check,vplc_status_cycle_duration_not_validated_as_Tper,0.255,100,работает
RUN_20260509_VPLC_L3_STRESS_75_80_S01_R01,VPLC_L3_STRESS_75_80,SER_20260509_VPLC_L3_STRESS_75_80_S01,vPLC_container,VPLC_HOST,444,,,2026-05-09T20:50:30.541114768Z,,,,host_log,75,80,,,,,,3,512,,technical_check,vplc_status_cycle_duration_not_validated_as_Tper,0.238,100,работает
RUN_20260509_VPLC_L3_STRESS_75_80_S01_R01,VPLC_L3_STRESS_75_80,SER_20260509_VPLC_L3_STRESS_75_80_S01,vPLC_container,VPLC_HOST,445,,,2026-05-09T20:50:31.597839940Z,,,,host_log,75,80,,,,,,3,512,,technical_check,vplc_status_cycle_duration_not_validated_as_Tper,0.255,100,работает
RUN_20260509_VPLC_L3_STRESS_75_80_S01_R01,VPLC_L3_STRESS_75_80,SER_20260509_VPLC_L3_STRESS_75_80_S01,vPLC_container,VPLC_HOST,446,,,2026-05-09T20:50:32.653459869Z,,,,host_log,75,80,,,,,,3,512,,technical_check,vplc_status_cycle_duration_not_validated_as_Tper,0.142,100,работает
RUN_20260509_VPLC_L3_STRESS_75_80_S01_R01,VPLC_L3_STRESS_75_80,SER_20260509_VPLC_L3_STRESS_75_80_S01,vPLC_container,VPLC_HOST,447,,,2026-05-09T20:50:33.708660900Z,,,,host_log,75,80,,,,,,3,512,,technical_check,vplc_status_cycle_duration_not_validated_as_Tper,0.255,100,работает
RUN_20260509_VPLC_L3_STRESS_75_80_S01_R01,VPLC_L3_STRESS_75_80,SER_20260509_VPLC_L3_STRESS_75_80_S01,vPLC_container,VPLC_HOST,448,,,2026-05-09T20:50:34.764047623Z,,,,host_log,75,80,,,,,,3,512,,technical_check,vplc_status_cycle_duration_not_validated_as_Tper,0.259,100,работает
RUN_20260509_VPLC_L3_STRESS_75_80_S01_R01,VPLC_L3_STRESS_75_80,SER_20260509_VPLC_L3_STRESS_75_80_S01,vPLC_container,VPLC_HOST,449,,,2026-05-09T20:50:35.819392972Z,,,,host_log,75,80,,,,,,3,512,,technical_check,vplc_status_cycle_duration_not_validated_as_Tper,0.254,100,работает
RUN_20260509_VPLC_L3_STRESS_75_80_S01_R01,VPLC_L3_STRESS_75_80,SER_20260509_VPLC_L3_STRESS_75_80_S01,vPLC_container,VPLC_HOST,450,,,2026-05-09T20:50:36.874530297Z,,,,host_log,75,80,,,,,,3,512,,technical_check,vplc_status_cycle_duration_not_validated_as_Tper,0.256,100,работает
RUN_20260509_VPLC_L3_STRESS_75_80_S01_R01,VPLC_L3_STRESS_75_80,SER_20260509_VPLC_L3_STRESS_75_80_S01,vPLC_container,VPLC_HOST,451,,,2026-05-09T20:50:37.927559139Z,,,,host_log,75,80,,,,,,3,512,,technical_check,vplc_status_cycle_duration_not_validated_as_Tper,0.230,100,работает
RUN_20260509_VPLC_L3_STRESS_75_80_S01_R01,VPLC_L3_STRESS_75_80,SER_20260509_VPLC_L3_STRESS_75_80_S01,vPLC_container,VPLC_HOST,452,,,2026-05-09T20:50:38.984734500Z,,,,host_log,75,80,,,,,,3,512,,technical_check,vplc_status_cycle_duration_not_validated_as_Tper,0.258,100,работает
RUN_20260509_VPLC_L3_STRESS_75_80_S01_R01,VPLC_L3_STRESS_75_80,SER_20260509_VPLC_L3_STRESS_75_80_S01,vPLC_container,VPLC_HOST,453,,,2026-05-09T20:50:40.035976416Z,,,,host_log,75,80,,,,,,3,512,,technical_check,vplc_status_cycle_duration_not_validated_as_Tper,0.238,100,работает
RUN_20260509_VPLC_L3_STRESS_75_80_S01_R01,VPLC_L3_STRESS_75_80,SER_20260509_VPLC_L3_STRESS_75_80_S01,vPLC_container,VPLC_HOST,454,,,2026-05-09T20:50:41.095809411Z,,,,host_log,75,80,,,,,,3,512,,technical_check,vplc_status_cycle_duration_not_validated_as_Tper,0.256,100,работает
RUN_20260509_VPLC_L3_STRESS_75_80_S01_R01,VPLC_L3_STRESS_75_80,SER_20260509_VPLC_L3_STRESS_75_80_S01,vPLC_container,VPLC_HOST,455,,,2026-05-09T20:50:42.150936173Z,,,,host_log,75,80,,,,,,3,512,,technical_check,vplc_status_cycle_duration_not_validated_as_Tper,0.127,100,работает
RUN_20260509_VPLC_L3_STRESS_75_80_S01_R01,VPLC_L3_STRESS_75_80,SER_20260509_VPLC_L3_STRESS_75_80_S01,vPLC_container,VPLC_HOST,456,,,2026-05-09T20:50:43.205487343Z,,,,host_log,75,80,,,,,,3,512,,technical_check,vplc_status_cycle_duration_not_validated_as_Tper,0.257,100,работает
RUN_20260509_VPLC_L3_STRESS_75_80_S01_R01,VPLC_L3_STRESS_75_80,SER_20260509_VPLC_L3_STRESS_75_80_S01,vPLC_container,VPLC_HOST,457,,,2026-05-09T20:50:44.261423110Z,,,,host_log,75,80,,,,,,3,512,,technical_check,vplc_status_cycle_duration_not_validated_as_Tper,0.259,100,работает
RUN_20260509_VPLC_L3_STRESS_75_80_S01_R01,VPLC_L3_STRESS_75_80,SER_20260509_VPLC_L3_STRESS_75_80_S01,vPLC_container,VPLC_HOST,458,,,2026-05-09T20:50:45.316226633Z,,,,host_log,75,80,,,,,,3,512,,technical_check,vplc_status_cycle_duration_not_validated_as_Tper,0.258,100,работает
RUN_20260509_VPLC_L3_STRESS_75_80_S01_R01,VPLC_L3_STRESS_75_80,SER_20260509_VPLC_L3_STRESS_75_80_S01,vPLC_container,VPLC_HOST,459,,,2026-05-09T20:50:46.372027017Z,,,,host_log,75,80,,,,,,3,512,,technical_check,vplc_status_cycle_duration_not_validated_as_Tper,4.296,100,работает
RUN_20260509_VPLC_L3_STRESS_75_80_S01_R01,VPLC_L3_STRESS_75_80,SER_20260509_VPLC_L3_STRESS_75_80_S01,vPLC_container,VPLC_HOST,460,,,2026-05-09T20:50:47.426811193Z,,,,host_log,75,80,,,,,,3,512,,technical_check,vplc_status_cycle_duration_not_validated_as_Tper,0.238,100,работает
RUN_20260509_VPLC_L3_STRESS_75_80_S01_R01,VPLC_L3_STRESS_75_80,SER_20260509_VPLC_L3_STRESS_75_80_S01,vPLC_container,VPLC_HOST,461,,,2026-05-09T20:50:48.481880408Z,,,,host_log,75,80,,,,,,3,512,,technical_check,vplc_status_cycle_duration_not_validated_as_Tper,0.259,100,работает
RUN_20260509_VPLC_L3_STRESS_75_80_S01_R01,VPLC_L3_STRESS_75_80,SER_20260509_VPLC_L3_STRESS_75_80_S01,vPLC_container,VPLC_HOST,462,,,2026-05-09T20:50:49.537611997Z,,,,host_log,75,80,,,,,,3,512,,technical_check,vplc_status_cycle_duration_not_validated_as_Tper,0.231,100,работает
RUN_20260509_VPLC_L3_STRESS_75_80_S01_R01,VPLC_L3_STRESS_75_80,SER_20260509_VPLC_L3_STRESS_75_80_S01,vPLC_container,VPLC_HOST,463,,,2026-05-09T20:50:50.592917880Z,,,,host_log,75,80,,,,,,3,512,,technical_check,vplc_status_cycle_duration_not_validated_as_Tper,0.252,100,работает
RUN_20260509_VPLC_L3_STRESS_75_80_S01_R01,VPLC_L3_STRESS_75_80,SER_20260509_VPLC_L3_STRESS_75_80_S01,vPLC_container,VPLC_HOST,464,,,2026-05-09T20:50:51.647327741Z,,,,host_log,75,80,,,,,,3,512,,technical_check,vplc_status_cycle_duration_not_validated_as_Tper,0.154,100,работает
RUN_20260509_VPLC_L3_STRESS_75_80_S01_R01,VPLC_L3_STRESS_75_80,SER_20260509_VPLC_L3_STRESS_75_80_S01,vPLC_container,VPLC_HOST,465,,,2026-05-09T20:50:52.702769804Z,,,,host_log,75,80,,,,,,3,512,,technical_check,vplc_status_cycle_duration_not_validated_as_Tper,0.258,100,работает
RUN_20260509_VPLC_L3_STRESS_75_80_S01_R01,VPLC_L3_STRESS_75_80,SER_20260509_VPLC_L3_STRESS_75_80_S01,vPLC_container,VPLC_HOST,466,,,2026-05-09T20:50:53.755263603Z,,,,host_log,75,80,,,,,,3,512,,technical_check,vplc_status_cycle_duration_not_validated_as_Tper,0.169,100,работает
RUN_20260509_VPLC_L3_STRESS_75_80_S01_R01,VPLC_L3_STRESS_75_80,SER_20260509_VPLC_L3_STRESS_75_80_S01,vPLC_container,VPLC_HOST,467,,,2026-05-09T20:50:54.815602725Z,,,,host_log,75,80,,,,,,3,512,,technical_check,vplc_status_cycle_duration_not_validated_as_Tper,0.252,100,работает
RUN_20260509_VPLC_L3_STRESS_75_80_S01_R01,VPLC_L3_STRESS_75_80,SER_20260509_VPLC_L3_STRESS_75_80_S01,vPLC_container,VPLC_HOST,468,,,2026-05-09T20:50:55.870029788Z,,,,host_log,75,80,,,,,,3,512,,technical_check,vplc_status_cycle_duration_not_validated_as_Tper,0.254,100,работает
RUN_20260509_VPLC_L3_STRESS_75_80_S01_R01,VPLC_L3_STRESS_75_80,SER_20260509_VPLC_L3_STRESS_75_80_S01,vPLC_container,VPLC_HOST,469,,,2026-05-09T20:50:56.923359431Z,,,,host_log,75,80,,,,,,3,512,,technical_check,vplc_status_cycle_duration_not_validated_as_Tper,0.258,100,работает
RUN_20260509_VPLC_L3_STRESS_75_80_S01_R01,VPLC_L3_STRESS_75_80,SER_20260509_VPLC_L3_STRESS_75_80_S01,vPLC_container,VPLC_HOST,470,,,2026-05-09T20:50:57.981202282Z,,,,host_log,75,80,,,,,,3,512,,technical_check,vplc_status_cycle_duration_not_validated_as_Tper,0.255,100,работает
RUN_20260509_VPLC_L3_STRESS_75_80_S01_R01,VPLC_L3_STRESS_75_80,SER_20260509_VPLC_L3_STRESS_75_80_S01,vPLC_container,VPLC_HOST,471,,,2026-05-09T20:50:59.034983092Z,,,,host_log,75,80,,,,,,3,512,,technical_check,vplc_status_cycle_duration_not_validated_as_Tper,0.236,100,работает
RUN_20260509_VPLC_L3_STRESS_75_80_S01_R01,VPLC_L3_STRESS_75_80,SER_20260509_VPLC_L3_STRESS_75_80_S01,vPLC_container,VPLC_HOST,472,,,2026-05-09T20:51:00.091669198Z,,,,host_log,75,80,,,,,,3,512,,technical_check,vplc_status_cycle_duration_not_validated_as_Tper,0.256,100,работает
RUN_20260509_VPLC_L3_STRESS_75_80_S01_R01,VPLC_L3_STRESS_75_80,SER_20260509_VPLC_L3_STRESS_75_80_S01,vPLC_container,VPLC_HOST,473,,,2026-05-09T20:51:01.147099283Z,,,,host_log,75,80,,,,,,3,512,,technical_check,vplc_status_cycle_duration_not_validated_as_Tper,0.169,100,работает
RUN_20260509_VPLC_L3_STRESS_75_80_S01_R01,VPLC_L3_STRESS_75_80,SER_20260509_VPLC_L3_STRESS_75_80_S01,vPLC_container,VPLC_HOST,474,,,2026-05-09T20:51:02.202172596Z,,,,host_log,75,80,,,,,,3,512,,technical_check,vplc_status_cycle_duration_not_validated_as_Tper,0.255,100,работает
RUN_20260509_VPLC_L3_STRESS_75_80_S01_R01,VPLC_L3_STRESS_75_80,SER_20260509_VPLC_L3_STRESS_75_80_S01,vPLC_container,VPLC_HOST,475,,,2026-05-09T20:51:03.257234264Z,,,,host_log,75,80,,,,,,3,512,,technical_check,vplc_status_cycle_duration_not_validated_as_Tper,0.209,100,работает
RUN_20260509_VPLC_L3_STRESS_75_80_S01_R01,VPLC_L3_STRESS_75_80,SER_20260509_VPLC_L3_STRESS_75_80_S01,vPLC_container,VPLC_HOST,476,,,2026-05-09T20:51:04.312665826Z,,,,host_log,75,80,,,,,,3,512,,technical_check,vplc_status_cycle_duration_not_validated_as_Tper,0.257,100,работает
RUN_20260509_VPLC_L3_STRESS_75_80_S01_R01,VPLC_L3_STRESS_75_80,SER_20260509_VPLC_L3_STRESS_75_80_S01,vPLC_container,VPLC_HOST,477,,,2026-05-09T20:51:05.367109946Z,,,,host_log,75,80,,,,,,3,512,,technical_check,vplc_status_cycle_duration_not_validated_as_Tper,4.301,100,работает
RUN_20260509_VPLC_L3_STRESS_75_80_S01_R01,VPLC_L3_STRESS_75_80,SER_20260509_VPLC_L3_STRESS_75_80_S01,vPLC_container,VPLC_HOST,478,,,2026-05-09T20:51:06.417207508Z,,,,host_log,75,80,,,,,,3,512,,technical_check,vplc_status_cycle_duration_not_validated_as_Tper,0.258,100,работает
RUN_20260509_VPLC_L3_STRESS_75_80_S01_R01,VPLC_L3_STRESS_75_80,SER_20260509_VPLC_L3_STRESS_75_80_S01,vPLC_container,VPLC_HOST,479,,,2026-05-09T20:51:07.479269029Z,,,,host_log,75,80,,,,,,3,512,,technical_check,vplc_status_cycle_duration_not_validated_as_Tper,0.254,100,работает
RUN_20260509_VPLC_L3_STRESS_75_80_S01_R01,VPLC_L3_STRESS_75_80,SER_20260509_VPLC_L3_STRESS_75_80_S01,vPLC_container,VPLC_HOST,480,,,2026-05-09T20:51:08.531736167Z,,,,host_log,75,80,,,,,,3,512,,technical_check,vplc_status_cycle_duration_not_validated_as_Tper,0.251,100,работает
RUN_20260509_VPLC_L3_STRESS_75_80_S01_R01,VPLC_L3_STRESS_75_80,SER_20260509_VPLC_L3_STRESS_75_80_S01,vPLC_container,VPLC_HOST,481,,,2026-05-09T20:51:09.586979815Z,,,,host_log,75,80,,,,,,3,512,,technical_check,vplc_status_cycle_duration_not_validated_as_Tper,0.254,100,работает
RUN_20260509_VPLC_L3_STRESS_75_80_S01_R01,VPLC_L3_STRESS_75_80,SER_20260509_VPLC_L3_STRESS_75_80_S01,vPLC_container,VPLC_HOST,482,,,2026-05-09T20:51:10.642219994Z,,,,host_log,75,80,,,,,,3,512,,technical_check,vplc_status_cycle_duration_not_validated_as_Tper,0.238,100,работает
RUN_20260509_VPLC_L3_STRESS_75_80_S01_R01,VPLC_L3_STRESS_75_80,SER_20260509_VPLC_L3_STRESS_75_80_S01,vPLC_container,VPLC_HOST,483,,,2026-05-09T20:51:11.700244975Z,,,,host_log,75,80,,,,,,3,512,,technical_check,vplc_status_cycle_duration_not_validated_as_Tper,0.256,100,работает
RUN_20260509_VPLC_L3_STRESS_75_80_S01_R01,VPLC_L3_STRESS_75_80,SER_20260509_VPLC_L3_STRESS_75_80_S01,vPLC_container,VPLC_HOST,484,,,2026-05-09T20:51:12.754589056Z,,,,host_log,75,80,,,,,,3,512,,technical_check,vplc_status_cycle_duration_not_validated_as_Tper,0.164,100,работает
RUN_20260509_VPLC_L3_STRESS_75_80_S01_R01,VPLC_L3_STRESS_75_80,SER_20260509_VPLC_L3_STRESS_75_80_S01,vPLC_container,VPLC_HOST,485,,,2026-05-09T20:51:13.809943754Z,,,,host_log,75,80,,,,,,3,512,,technical_check,vplc_status_cycle_duration_not_validated_as_Tper,0.252,100,работает
RUN_20260509_VPLC_L3_STRESS_75_80_S01_R01,VPLC_L3_STRESS_75_80,SER_20260509_VPLC_L3_STRESS_75_80_S01,vPLC_container,VPLC_HOST,486,,,2026-05-09T20:51:14.865270305Z,,,,host_log,75,80,,,,,,3,512,,technical_check,vplc_status_cycle_duration_not_validated_as_Tper,0.259,100,работает
RUN_20260509_VPLC_L3_STRESS_75_80_S01_R01,VPLC_L3_STRESS_75_80,SER_20260509_VPLC_L3_STRESS_75_80_S01,vPLC_container,VPLC_HOST,487,,,2026-05-09T20:51:15.916620656Z,,,,host_log,75,80,,,,,,3,512,,technical_check,vplc_status_cycle_duration_not_validated_as_Tper,0.258,100,работает
RUN_20260509_VPLC_L3_STRESS_75_80_S01_R01,VPLC_L3_STRESS_75_80,SER_20260509_VPLC_L3_STRESS_75_80_S01,vPLC_container,VPLC_HOST,488,,,2026-05-09T20:51:16.975376565Z,,,,host_log,75,80,,,,,,3,512,,technical_check,vplc_status_cycle_duration_not_validated_as_Tper,0.251,100,работает
RUN_20260509_VPLC_L3_STRESS_75_80_S01_R01,VPLC_L3_STRESS_75_80,SER_20260509_VPLC_L3_STRESS_75_80_S01,vPLC_container,VPLC_HOST,489,,,2026-05-09T20:51:18.030169518Z,,,,host_log,75,80,,,,,,3,512,,technical_check,vplc_status_cycle_duration_not_validated_as_Tper,0.238,100,работает
RUN_20260509_VPLC_L3_STRESS_75_80_S01_R01,VPLC_L3_STRESS_75_80,SER_20260509_VPLC_L3_STRESS_75_80_S01,vPLC_container,VPLC_HOST,490,,,2026-05-09T20:51:19.084120745Z,,,,host_log,75,80,,,,,,3,512,,technical_check,vplc_status_cycle_duration_not_validated_as_Tper,0.258,100,работает
RUN_20260509_VPLC_L3_STRESS_75_80_S01_R01,VPLC_L3_STRESS_75_80,SER_20260509_VPLC_L3_STRESS_75_80_S01,vPLC_container,VPLC_HOST,491,,,2026-05-09T20:51:20.141188179Z,,,,host_log,75,80,,,,,,3,512,,technical_check,vplc_status_cycle_duration_not_validated_as_Tper,0.233,100,работает
RUN_20260509_VPLC_L3_STRESS_75_80_S01_R01,VPLC_L3_STRESS_75_80,SER_20260509_VPLC_L3_STRESS_75_80_S01,vPLC_container,VPLC_HOST,492,,,2026-05-09T20:51:21.196769867Z,,,,host_log,75,80,,,,,,3,512,,technical_check,vplc_status_cycle_duration_not_validated_as_Tper,0.230,100,работает
RUN_20260509_VPLC_L3_STRESS_75_80_S01_R01,VPLC_L3_STRESS_75_80,SER_20260509_VPLC_L3_STRESS_75_80_S01,vPLC_container,VPLC_HOST,493,,,2026-05-09T20:51:22.252251170Z,,,,host_log,75,80,,,,,,3,512,,technical_check,vplc_status_cycle_duration_not_validated_as_Tper,0.128,100,работает
RUN_20260509_VPLC_L3_STRESS_75_80_S01_R01,VPLC_L3_STRESS_75_80,SER_20260509_VPLC_L3_STRESS_75_80_S01,vPLC_container,VPLC_HOST,494,,,2026-05-09T20:51:23.307385043Z,,,,host_log,75,80,,,,,,3,512,,technical_check,vplc_status_cycle_duration_not_validated_as_Tper,0.259,100,работает
RUN_20260509_VPLC_L3_STRESS_75_80_S01_R01,VPLC_L3_STRESS_75_80,SER_20260509_VPLC_L3_STRESS_75_80_S01,vPLC_container,VPLC_HOST,495,,,2026-05-09T20:51:24.363343337Z,,,,host_log,75,80,,,,,,3,512,,technical_check,vplc_status_cycle_duration_not_validated_as_Tper,5.218,100,работает
RUN_20260509_VPLC_L3_STRESS_75_80_S01_R01,VPLC_L3_STRESS_75_80,SER_20260509_VPLC_L3_STRESS_75_80_S01,vPLC_container,VPLC_HOST,496,,,2026-05-09T20:51:25.416075053Z,,,,host_log,75,80,,,,,,3,512,,technical_check,vplc_status_cycle_duration_not_validated_as_Tper,4.653,100,работает
RUN_20260509_VPLC_L3_STRESS_75_80_S01_R01,VPLC_L3_STRESS_75_80,SER_20260509_VPLC_L3_STRESS_75_80_S01,vPLC_container,VPLC_HOST,497,,,2026-05-09T20:51:26.471682575Z,,,,host_log,75,80,,,,,,3,512,,technical_check,vplc_status_cycle_duration_not_validated_as_Tper,0.256,100,работает
RUN_20260509_VPLC_L3_STRESS_75_80_S01_R01,VPLC_L3_STRESS_75_80,SER_20260509_VPLC_L3_STRESS_75_80_S01,vPLC_container,VPLC_HOST,498,,,2026-05-09T20:51:27.530015857Z,,,,host_log,75,80,,,,,,3,512,,technical_check,vplc_status_cycle_duration_not_validated_as_Tper,0.238,100,работает
RUN_20260509_VPLC_L3_STRESS_75_80_S01_R01,VPLC_L3_STRESS_75_80,SER_20260509_VPLC_L3_STRESS_75_80_S01,vPLC_container,VPLC_HOST,499,,,2026-05-09T20:51:28.584399735Z,,,,host_log,75,80,,,,,,3,512,,technical_check,vplc_status_cycle_duration_not_validated_as_Tper,0.254,100,работает
RUN_20260509_VPLC_L3_STRESS_75_80_S01_R01,VPLC_L3_STRESS_75_80,SER_20260509_VPLC_L3_STRESS_75_80_S01,vPLC_container,VPLC_HOST,500,,,2026-05-09T20:51:29.637956223Z,,,,host_log,75,80,,,,,,3,512,,technical_check,vplc_status_cycle_duration_not_validated_as_Tper,0.237,100,работает
RUN_20260509_VPLC_L3_STRESS_75_80_S01_R01,VPLC_L3_STRESS_75_80,SER_20260509_VPLC_L3_STRESS_75_80_S01,vPLC_container,VPLC_HOST,501,,,2026-05-09T20:51:30.695604340Z,,,,host_log,75,80,,,,,,3,512,,technical_check,vplc_status_cycle_duration_not_validated_as_Tper,0.257,100,работает
RUN_20260509_VPLC_L3_STRESS_75_80_S01_R01,VPLC_L3_STRESS_75_80,SER_20260509_VPLC_L3_STRESS_75_80_S01,vPLC_container,VPLC_HOST,502,,,2026-05-09T20:51:31.749547868Z,,,,host_log,75,80,,,,,,3,512,,technical_check,vplc_status_cycle_duration_not_validated_as_Tper,0.129,100,работает
RUN_20260509_VPLC_L3_STRESS_75_80_S01_R01,VPLC_L3_STRESS_75_80,SER_20260509_VPLC_L3_STRESS_75_80_S01,vPLC_container,VPLC_HOST,503,,,2026-05-09T20:51:32.805271314Z,,,,host_log,75,80,,,,,,3,512,,technical_check,vplc_status_cycle_duration_not_validated_as_Tper,0.257,100,работает
RUN_20260509_VPLC_L3_STRESS_75_80_S01_R01,VPLC_L3_STRESS_75_80,SER_20260509_VPLC_L3_STRESS_75_80_S01,vPLC_container,VPLC_HOST,504,,,2026-05-09T20:51:33.862672332Z,,,,host_log,75,80,,,,,,3,512,,technical_check,vplc_status_cycle_duration_not_validated_as_Tper,0.255,100,работает
RUN_20260509_VPLC_L3_STRESS_75_80_S01_R01,VPLC_L3_STRESS_75_80,SER_20260509_VPLC_L3_STRESS_75_80_S01,vPLC_container,VPLC_HOST,505,,,2026-05-09T20:51:34.917731293Z,,,,host_log,75,80,,,,,,3,512,,technical_check,vplc_status_cycle_duration_not_validated_as_Tper,0.255,100,работает
RUN_20260509_VPLC_L3_STRESS_75_80_S01_R01,VPLC_L3_STRESS_75_80,SER_20260509_VPLC_L3_STRESS_75_80_S01,vPLC_container,VPLC_HOST,506,,,2026-05-09T20:51:35.973331466Z,,,,host_log,75,80,,,,,,3,512,,technical_check,vplc_status_cycle_duration_not_validated_as_Tper,0.261,100,работает
RUN_20260509_VPLC_L3_STRESS_75_80_S01_R01,VPLC_L3_STRESS_75_80,SER_20260509_VPLC_L3_STRESS_75_80_S01,vPLC_container,VPLC_HOST,507,,,2026-05-09T20:51:37.028079211Z,,,,host_log,75,80,,,,,,3,512,,technical_check,vplc_status_cycle_duration_not_validated_as_Tper,0.255,100,работает
RUN_20260509_VPLC_L3_STRESS_75_80_S01_R01,VPLC_L3_STRESS_75_80,SER_20260509_VPLC_L3_STRESS_75_80_S01,vPLC_container,VPLC_HOST,508,,,2026-05-09T20:51:38.083871039Z,,,,host_log,75,80,,,,,,3,512,,technical_check,vplc_status_cycle_duration_not_validated_as_Tper,0.257,100,работает
RUN_20260509_VPLC_L3_STRESS_75_80_S01_R01,VPLC_L3_STRESS_75_80,SER_20260509_VPLC_L3_STRESS_75_80_S01,vPLC_container,VPLC_HOST,509,,,2026-05-09T20:51:39.139497126Z,,,,host_log,75,80,,,,,,3,512,,technical_check,vplc_status_cycle_duration_not_validated_as_Tper,0.231,100,работает
RUN_20260509_VPLC_L3_STRESS_75_80_S01_R01,VPLC_L3_STRESS_75_80,SER_20260509_VPLC_L3_STRESS_75_80_S01,vPLC_container,VPLC_HOST,510,,,2026-05-09T20:51:40.194763215Z,,,,host_log,75,80,,,,,,3,512,,technical_check,vplc_status_cycle_duration_not_validated_as_Tper,0.255,100,работает
RUN_20260509_VPLC_L3_STRESS_75_80_S01_R01,VPLC_L3_STRESS_75_80,SER_20260509_VPLC_L3_STRESS_75_80_S01,vPLC_container,VPLC_HOST,511,,,2026-05-09T20:51:41.249573241Z,,,,host_log,75,80,,,,,,3,512,,technical_check,vplc_status_cycle_duration_not_validated_as_Tper,0.133,100,работает
RUN_20260509_VPLC_L3_STRESS_75_80_S01_R01,VPLC_L3_STRESS_75_80,SER_20260509_VPLC_L3_STRESS_75_80_S01,vPLC_container,VPLC_HOST,512,,,2026-05-09T20:51:42.304038217Z,,,,host_log,75,80,,,,,,3,512,,technical_check,vplc_status_cycle_duration_not_validated_as_Tper,0.258,100,работает
RUN_20260509_VPLC_L3_STRESS_75_80_S01_R01,VPLC_L3_STRESS_75_80,SER_20260509_VPLC_L3_STRESS_75_80_S01,vPLC_container,VPLC_HOST,513,,,2026-05-09T20:51:43.359979547Z,,,,host_log,75,80,,,,,,3,512,,technical_check,vplc_status_cycle_duration_not_validated_as_Tper,4.937,100,работает
RUN_20260509_VPLC_L3_STRESS_75_80_S01_R01,VPLC_L3_STRESS_75_80,SER_20260509_VPLC_L3_STRESS_75_80_S01,vPLC_container,VPLC_HOST,514,,,2026-05-09T20:51:44.415829537Z,,,,host_log,75,80,,,,,,3,512,,technical_check,vplc_status_cycle_duration_not_validated_as_Tper,4.513,100,работает
RUN_20260509_VPLC_L3_STRESS_75_80_S01_R01,VPLC_L3_STRESS_75_80,SER_20260509_VPLC_L3_STRESS_75_80_S01,vPLC_container,VPLC_HOST,515,,,2026-05-09T20:51:45.470306602Z,,,,host_log,75,80,,,,,,3,512,,technical_check,vplc_status_cycle_duration_not_validated_as_Tper,0.259,100,работает
RUN_20260509_VPLC_L3_STRESS_75_80_S01_R01,VPLC_L3_STRESS_75_80,SER_20260509_VPLC_L3_STRESS_75_80_S01,vPLC_container,VPLC_HOST,516,,,2026-05-09T20:51:46.526415382Z,,,,host_log,75,80,,,,,,3,512,,technical_check,vplc_status_cycle_duration_not_validated_as_Tper,0.232,100,работает
RUN_20260509_VPLC_L3_STRESS_75_80_S01_R01,VPLC_L3_STRESS_75_80,SER_20260509_VPLC_L3_STRESS_75_80_S01,vPLC_container,VPLC_HOST,517,,,2026-05-09T20:51:47.577443606Z,,,,host_log,75,80,,,,,,3,512,,technical_check,vplc_status_cycle_duration_not_validated_as_Tper,0.251,100,работает
RUN_20260509_VPLC_L3_STRESS_75_80_S01_R01,VPLC_L3_STRESS_75_80,SER_20260509_VPLC_L3_STRESS_75_80_S01,vPLC_container,VPLC_HOST,518,,,2026-05-09T20:51:48.637421994Z,,,,host_log,75,80,,,,,,3,512,,technical_check,vplc_status_cycle_duration_not_validated_as_Tper,0.236,100,работает
RUN_20260509_VPLC_L3_STRESS_75_80_S01_R01,VPLC_L3_STRESS_75_80,SER_20260509_VPLC_L3_STRESS_75_80_S01,vPLC_container,VPLC_HOST,519,,,2026-05-09T20:51:49.689007554Z,,,,host_log,75,80,,,,,,3,512,,technical_check,vplc_status_cycle_duration_not_validated_as_Tper,0.258,100,работает
RUN_20260509_VPLC_L3_STRESS_75_80_S01_R01,VPLC_L3_STRESS_75_80,SER_20260509_VPLC_L3_STRESS_75_80_S01,vPLC_container,VPLC_HOST,520,,,2026-05-09T20:51:50.747445418Z,,,,host_log,75,80,,,,,,3,512,,technical_check,vplc_status_cycle_duration_not_validated_as_Tper,0.166,100,работает
RUN_20260509_VPLC_L3_STRESS_75_80_S01_R01,VPLC_L3_STRESS_75_80,SER_20260509_VPLC_L3_STRESS_75_80_S01,vPLC_container,VPLC_HOST,521,,,2026-05-09T20:51:51.801306262Z,,,,host_log,75,80,,,,,,3,512,,technical_check,vplc_status_cycle_duration_not_validated_as_Tper,0.250,100,работает
RUN_20260509_VPLC_L3_STRESS_75_80_S01_R01,VPLC_L3_STRESS_75_80,SER_20260509_VPLC_L3_STRESS_75_80_S01,vPLC_container,VPLC_HOST,522,,,2026-05-09T20:51:52.853832754Z,,,,host_log,75,80,,,,,,3,512,,technical_check,vplc_status_cycle_duration_not_validated_as_Tper,0.154,100,работает
RUN_20260509_VPLC_L3_STRESS_75_80_S01_R01,VPLC_L3_STRESS_75_80,SER_20260509_VPLC_L3_STRESS_75_80_S01,vPLC_container,VPLC_HOST,523,,,2026-05-09T20:51:53.912666461Z,,,,host_log,75,80,,,,,,3,512,,technical_check,vplc_status_cycle_duration_not_validated_as_Tper,0.259,100,работает
RUN_20260509_VPLC_L3_STRESS_75_80_S01_R01,VPLC_L3_STRESS_75_80,SER_20260509_VPLC_L3_STRESS_75_80_S01,vPLC_container,VPLC_HOST,524,,,2026-05-09T20:51:54.965081820Z,,,,host_log,75,80,,,,,,3,512,,technical_check,vplc_status_cycle_duration_not_validated_as_Tper,0.254,100,работает
RUN_20260509_VPLC_L3_STRESS_75_80_S01_R01,VPLC_L3_STRESS_75_80,SER_20260509_VPLC_L3_STRESS_75_80_S01,vPLC_container,VPLC_HOST,525,,,2026-05-09T20:51:56.022112977Z,,,,host_log,75,80,,,,,,3,512,,technical_check,vplc_status_cycle_duration_not_validated_as_Tper,0.236,100,работает
RUN_20260509_VPLC_L3_STRESS_75_80_S01_R01,VPLC_L3_STRESS_75_80,SER_20260509_VPLC_L3_STRESS_75_80_S01,vPLC_container,VPLC_HOST,526,,,2026-05-09T20:51:57.078727955Z,,,,host_log,75,80,,,,,,3,512,,technical_check,vplc_status_cycle_duration_not_validated_as_Tper,0.257,100,работает
RUN_20260509_VPLC_L3_STRESS_75_80_S01_R01,VPLC_L3_STRESS_75_80,SER_20260509_VPLC_L3_STRESS_75_80_S01,vPLC_container,VPLC_HOST,527,,,2026-05-09T20:51:58.133687924Z,,,,host_log,75,80,,,,,,3,512,,technical_check,vplc_status_cycle_duration_not_validated_as_Tper,0.238,100,работает
RUN_20260509_VPLC_L3_STRESS_75_80_S01_R01,VPLC_L3_STRESS_75_80,SER_20260509_VPLC_L3_STRESS_75_80_S01,vPLC_container,VPLC_HOST,528,,,2026-05-09T20:51:59.189080299Z,,,,host_log,75,80,,,,,,3,512,,technical_check,vplc_status_cycle_duration_not_validated_as_Tper,0.256,100,работает
RUN_20260509_VPLC_L3_STRESS_75_80_S01_R01,VPLC_L3_STRESS_75_80,SER_20260509_VPLC_L3_STRESS_75_80_S01,vPLC_container,VPLC_HOST,529,,,2026-05-09T20:52:00.244882134Z,,,,host_log,75,80,,,,,,3,512,,technical_check,vplc_status_cycle_duration_not_validated_as_Tper,0.236,100,работает
RUN_20260509_VPLC_L3_STRESS_75_80_S01_R01,VPLC_L3_STRESS_75_80,SER_20260509_VPLC_L3_STRESS_75_80_S01,vPLC_container,VPLC_HOST,530,,,2026-05-09T20:52:01.301375730Z,,,,host_log,75,80,,,,,,3,512,,technical_check,vplc_status_cycle_duration_not_validated_as_Tper,0.258,100,работает
RUN_20260509_VPLC_L3_STRESS_75_80_S01_R01,VPLC_L3_STRESS_75_80,SER_20260509_VPLC_L3_STRESS_75_80_S01,vPLC_container,VPLC_HOST,531,,,2026-05-09T20:52:02.352587706Z,,,,host_log,75,80,,,,,,3,512,,technical_check,vplc_status_cycle_duration_not_validated_as_Tper,3.741,100,работает
RUN_20260509_VPLC_L3_STRESS_75_80_S01_R01,VPLC_L3_STRESS_75_80,SER_20260509_VPLC_L3_STRESS_75_80_S01,vPLC_container,VPLC_HOST,532,,,2026-05-09T20:52:03.409915722Z,,,,host_log,75,80,,,,,,3,512,,technical_check,vplc_status_cycle_duration_not_validated_as_Tper,4.906,100,работает
RUN_20260509_VPLC_L3_STRESS_75_80_S01_R01,VPLC_L3_STRESS_75_80,SER_20260509_VPLC_L3_STRESS_75_80_S01,vPLC_container,VPLC_HOST,533,,,2026-05-09T20:52:04.464779763Z,,,,host_log,75,80,,,,,,3,512,,technical_check,vplc_status_cycle_duration_not_validated_as_Tper,0.256,100,работает
RUN_20260509_VPLC_L3_STRESS_75_80_S01_R01,VPLC_L3_STRESS_75_80,SER_20260509_VPLC_L3_STRESS_75_80_S01,vPLC_container,VPLC_HOST,534,,,2026-05-09T20:52:05.518736646Z,,,,host_log,75,80,,,,,,3,512,,technical_check,vplc_status_cycle_duration_not_validated_as_Tper,0.253,100,работает
RUN_20260509_VPLC_L3_STRESS_75_80_S01_R01,VPLC_L3_STRESS_75_80,SER_20260509_VPLC_L3_STRESS_75_80_S01,vPLC_container,VPLC_HOST,535,,,2026-05-09T20:52:06.577373213Z,,,,host_log,75,80,,,,,,3,512,,technical_check,vplc_status_cycle_duration_not_validated_as_Tper,0.257,100,работает
RUN_20260509_VPLC_L3_STRESS_75_80_S01_R01,VPLC_L3_STRESS_75_80,SER_20260509_VPLC_L3_STRESS_75_80_S01,vPLC_container,VPLC_HOST,536,,,2026-05-09T20:52:07.630136552Z,,,,host_log,75,80,,,,,,3,512,,technical_check,vplc_status_cycle_duration_not_validated_as_Tper,0.237,100,работает
RUN_20260509_VPLC_L3_STRESS_75_80_S01_R01,VPLC_L3_STRESS_75_80,SER_20260509_VPLC_L3_STRESS_75_80_S01,vPLC_container,VPLC_HOST,537,,,2026-05-09T20:52:08.687011174Z,,,,host_log,75,80,,,,,,3,512,,technical_check,vplc_status_cycle_duration_not_validated_as_Tper,0.258,100,работает
RUN_20260509_VPLC_L3_STRESS_75_80_S01_R01,VPLC_L3_STRESS_75_80,SER_20260509_VPLC_L3_STRESS_75_80_S01,vPLC_container,VPLC_HOST,538,,,2026-05-09T20:52:09.743472561Z,,,,host_log,75,80,,,,,,3,512,,technical_check,vplc_status_cycle_duration_not_validated_as_Tper,0.232,100,работает
RUN_20260509_VPLC_L3_STRESS_75_80_S01_R01,VPLC_L3_STRESS_75_80,SER_20260509_VPLC_L3_STRESS_75_80_S01,vPLC_container,VPLC_HOST,539,,,2026-05-09T20:52:10.797685124Z,,,,host_log,75,80,,,,,,3,512,,technical_check,vplc_status_cycle_duration_not_validated_as_Tper,0.252,100,работает
RUN_20260509_VPLC_L3_STRESS_75_80_S01_R01,VPLC_L3_STRESS_75_80,SER_20260509_VPLC_L3_STRESS_75_80_S01,vPLC_container,VPLC_HOST,540,,,2026-05-09T20:52:11.851763303Z,,,,host_log,75,80,,,,,,3,512,,technical_check,vplc_status_cycle_duration_not_validated_as_Tper,0.130,100,работает
RUN_20260509_VPLC_L3_STRESS_75_80_S01_R01,VPLC_L3_STRESS_75_80,SER_20260509_VPLC_L3_STRESS_75_80_S01,vPLC_container,VPLC_HOST,541,,,2026-05-09T20:52:12.908777182Z,,,,host_log,75,80,,,,,,3,512,,technical_check,vplc_status_cycle_duration_not_validated_as_Tper,0.257,100,работает
RUN_20260509_VPLC_L3_STRESS_75_80_S01_R01,VPLC_L3_STRESS_75_80,SER_20260509_VPLC_L3_STRESS_75_80_S01,vPLC_container,VPLC_HOST,542,,,2026-05-09T20:52:13.962225393Z,,,,host_log,75,80,,,,,,3,512,,technical_check,vplc_status_cycle_duration_not_validated_as_Tper,0.253,100,работает
RUN_20260509_VPLC_L3_STRESS_75_80_S01_R01,VPLC_L3_STRESS_75_80,SER_20260509_VPLC_L3_STRESS_75_80_S01,vPLC_container,VPLC_HOST,543,,,2026-05-09T20:52:15.018127432Z,,,,host_log,75,80,,,,,,3,512,,technical_check,vplc_status_cycle_duration_not_validated_as_Tper,0.249,100,работает
RUN_20260509_VPLC_L3_STRESS_75_80_S01_R01,VPLC_L3_STRESS_75_80,SER_20260509_VPLC_L3_STRESS_75_80_S01,vPLC_container,VPLC_HOST,544,,,2026-05-09T20:52:16.074691239Z,,,,host_log,75,80,,,,,,3,512,,technical_check,vplc_status_cycle_duration_not_validated_as_Tper,0.258,100,работает
RUN_20260509_VPLC_L3_STRESS_75_80_S01_R01,VPLC_L3_STRESS_75_80,SER_20260509_VPLC_L3_STRESS_75_80_S01,vPLC_container,VPLC_HOST,545,,,2026-05-09T20:52:17.129499260Z,,,,host_log,75,80,,,,,,3,512,,technical_check,vplc_status_cycle_duration_not_validated_as_Tper,0.232,100,работает
RUN_20260509_VPLC_L3_STRESS_75_80_S01_R01,VPLC_L3_STRESS_75_80,SER_20260509_VPLC_L3_STRESS_75_80_S01,vPLC_container,VPLC_HOST,546,,,2026-05-09T20:52:18.183115926Z,,,,host_log,75,80,,,,,,3,512,,technical_check,vplc_status_cycle_duration_not_validated_as_Tper,0.251,100,работает
RUN_20260509_VPLC_L3_STRESS_75_80_S01_R01,VPLC_L3_STRESS_75_80,SER_20260509_VPLC_L3_STRESS_75_80_S01,vPLC_container,VPLC_HOST,547,,,2026-05-09T20:52:19.240773103Z,,,,host_log,75,80,,,,,,3,512,,technical_check,vplc_status_cycle_duration_not_validated_as_Tper,0.236,100,работает
RUN_20260509_VPLC_L3_STRESS_75_80_S01_R01,VPLC_L3_STRESS_75_80,SER_20260509_VPLC_L3_STRESS_75_80_S01,vPLC_container,VPLC_HOST,548,,,2026-05-09T20:52:20.291677476Z,,,,host_log,75,80,,,,,,3,512,,technical_check,vplc_status_cycle_duration_not_validated_as_Tper,0.258,100,работает
RUN_20260509_VPLC_L3_STRESS_75_80_S01_R01,VPLC_L3_STRESS_75_80,SER_20260509_VPLC_L3_STRESS_75_80_S01,vPLC_container,VPLC_HOST,549,,,2026-05-09T20:52:21.349634212Z,,,,host_log,75,80,,,,,,3,512,,technical_check,vplc_status_cycle_duration_not_validated_as_Tper,4.201,100,работает
RUN_20260509_VPLC_L3_STRESS_75_80_S01_R01,VPLC_L3_STRESS_75_80,SER_20260509_VPLC_L3_STRESS_75_80_S01,vPLC_container,VPLC_HOST,550,,,2026-05-09T20:52:22.405052039Z,,,,host_log,75,80,,,,,,3,512,,technical_check,vplc_status_cycle_duration_not_validated_as_Tper,5.559,100,работает
RUN_20260509_VPLC_L3_STRESS_75_80_S01_R01,VPLC_L3_STRESS_75_80,SER_20260509_VPLC_L3_STRESS_75_80_S01,vPLC_container,VPLC_HOST,551,,,2026-05-09T20:52:23.461722982Z,,,,host_log,75,80,,,,,,3,512,,technical_check,vplc_status_cycle_duration_not_validated_as_Tper,0.253,100,работает
RUN_20260509_VPLC_L3_STRESS_75_80_S01_R01,VPLC_L3_STRESS_75_80,SER_20260509_VPLC_L3_STRESS_75_80_S01,vPLC_container,VPLC_HOST,552,,,2026-05-09T20:52:24.517045693Z,,,,host_log,75,80,,,,,,3,512,,technical_check,vplc_status_cycle_duration_not_validated_as_Tper,0.258,100,работает
RUN_20260509_VPLC_L3_STRESS_75_80_S01_R01,VPLC_L3_STRESS_75_80,SER_20260509_VPLC_L3_STRESS_75_80_S01,vPLC_container,VPLC_HOST,553,,,2026-05-09T20:52:25.572625580Z,,,,host_log,75,80,,,,,,3,512,,technical_check,vplc_status_cycle_duration_not_validated_as_Tper,0.256,100,работает
RUN_20260509_VPLC_L3_STRESS_75_80_S01_R01,VPLC_L3_STRESS_75_80,SER_20260509_VPLC_L3_STRESS_75_80_S01,vPLC_container,VPLC_HOST,554,,,2026-05-09T20:52:26.627776932Z,,,,host_log,75,80,,,,,,3,512,,technical_check,vplc_status_cycle_duration_not_validated_as_Tper,0.235,100,работает
RUN_20260509_VPLC_L3_STRESS_75_80_S01_R01,VPLC_L3_STRESS_75_80,SER_20260509_VPLC_L3_STRESS_75_80_S01,vPLC_container,VPLC_HOST,555,,,2026-05-09T20:52:27.682183173Z,,,,host_log,75,80,,,,,,3,512,,technical_check,vplc_status_cycle_duration_not_validated_as_Tper,0.256,100,работает
RUN_20260509_VPLC_L3_STRESS_75_80_S01_R01,VPLC_L3_STRESS_75_80,SER_20260509_VPLC_L3_STRESS_75_80_S01,vPLC_container,VPLC_HOST,556,,,2026-05-09T20:52:28.737048337Z,,,,host_log,75,80,,,,,,3,512,,technical_check,vplc_status_cycle_duration_not_validated_as_Tper,0.237,100,работает
RUN_20260509_VPLC_L3_STRESS_75_80_S01_R01,VPLC_L3_STRESS_75_80,SER_20260509_VPLC_L3_STRESS_75_80_S01,vPLC_container,VPLC_HOST,557,,,2026-05-09T20:52:29.793501878Z,,,,host_log,75,80,,,,,,3,512,,technical_check,vplc_status_cycle_duration_not_validated_as_Tper,0.257,100,работает
RUN_20260509_VPLC_L3_STRESS_75_80_S01_R01,VPLC_L3_STRESS_75_80,SER_20260509_VPLC_L3_STRESS_75_80_S01,vPLC_container,VPLC_HOST,558,,,2026-05-09T20:52:30.848451995Z,,,,host_log,75,80,,,,,,3,512,,technical_check,vplc_status_cycle_duration_not_validated_as_Tper,0.157,100,работает
RUN_20260509_VPLC_L3_STRESS_75_80_S01_R01,VPLC_L3_STRESS_75_80,SER_20260509_VPLC_L3_STRESS_75_80_S01,vPLC_container,VPLC_HOST,559,,,2026-05-09T20:52:31.901189079Z,,,,host_log,75,80,,,,,,3,512,,technical_check,vplc_status_cycle_duration_not_validated_as_Tper,0.254,100,работает
RUN_20260509_VPLC_L3_STRESS_75_80_S01_R01,VPLC_L3_STRESS_75_80,SER_20260509_VPLC_L3_STRESS_75_80_S01,vPLC_container,VPLC_HOST,560,,,2026-05-09T20:52:32.959420146Z,,,,host_log,75,80,,,,,,3,512,,technical_check,vplc_status_cycle_duration_not_validated_as_Tper,0.251,100,работает
RUN_20260509_VPLC_L3_STRESS_75_80_S01_R01,VPLC_L3_STRESS_75_80,SER_20260509_VPLC_L3_STRESS_75_80_S01,vPLC_container,VPLC_HOST,561,,,2026-05-09T20:52:34.014107157Z,,,,host_log,75,80,,,,,,3,512,,technical_check,vplc_status_cycle_duration_not_validated_as_Tper,0.257,100,работает
RUN_20260509_VPLC_L3_STRESS_75_80_S01_R01,VPLC_L3_STRESS_75_80,SER_20260509_VPLC_L3_STRESS_75_80_S01,vPLC_container,VPLC_HOST,562,,,2026-05-09T20:52:35.068539615Z,,,,host_log,75,80,,,,,,3,512,,technical_check,vplc_status_cycle_duration_not_validated_as_Tper,0.252,100,работает
RUN_20260509_VPLC_L3_STRESS_75_80_S01_R01,VPLC_L3_STRESS_75_80,SER_20260509_VPLC_L3_STRESS_75_80_S01,vPLC_container,VPLC_HOST,563,,,2026-05-09T20:52:36.125196599Z,,,,host_log,75,80,,,,,,3,512,,technical_check,vplc_status_cycle_duration_not_validated_as_Tper,0.251,100,работает
RUN_20260509_VPLC_L3_STRESS_75_80_S01_R01,VPLC_L3_STRESS_75_80,SER_20260509_VPLC_L3_STRESS_75_80_S01,vPLC_container,VPLC_HOST,564,,,2026-05-09T20:52:37.182516278Z,,,,host_log,75,80,,,,,,3,512,,technical_check,vplc_status_cycle_duration_not_validated_as_Tper,0.256,100,работает
RUN_20260509_VPLC_L3_STRESS_75_80_S01_R01,VPLC_L3_STRESS_75_80,SER_20260509_VPLC_L3_STRESS_75_80_S01,vPLC_container,VPLC_HOST,565,,,2026-05-09T20:52:38.234570514Z,,,,host_log,75,80,,,,,,3,512,,technical_check,vplc_status_cycle_duration_not_validated_as_Tper,0.237,100,работает
RUN_20260509_VPLC_L3_STRESS_75_80_S01_R01,VPLC_L3_STRESS_75_80,SER_20260509_VPLC_L3_STRESS_75_80_S01,vPLC_container,VPLC_HOST,566,,,2026-05-09T20:52:39.291765415Z,,,,host_log,75,80,,,,,,3,512,,technical_check,vplc_status_cycle_duration_not_validated_as_Tper,0.257,100,работает
RUN_20260509_VPLC_L3_STRESS_75_80_S01_R01,VPLC_L3_STRESS_75_80,SER_20260509_VPLC_L3_STRESS_75_80_S01,vPLC_container,VPLC_HOST,567,,,2026-05-09T20:52:40.345152462Z,,,,host_log,75,80,,,,,,3,512,,technical_check,vplc_status_cycle_duration_not_validated_as_Tper,4.797,100,работает
RUN_20260509_VPLC_L3_STRESS_75_80_S01_R01,VPLC_L3_STRESS_75_80,SER_20260509_VPLC_L3_STRESS_75_80_S01,vPLC_container,VPLC_HOST,568,,,2026-05-09T20:52:41.401256930Z,,,,host_log,75,80,,,,,,3,512,,technical_check,vplc_status_cycle_duration_not_validated_as_Tper,5.037,100,работает
RUN_20260509_VPLC_L3_STRESS_75_80_S01_R01,VPLC_L3_STRESS_75_80,SER_20260509_VPLC_L3_STRESS_75_80_S01,vPLC_container,VPLC_HOST,569,,,2026-05-09T20:52:42.458047878Z,,,,host_log,75,80,,,,,,3,512,,technical_check,vplc_status_cycle_duration_not_validated_as_Tper,0.215,100,работает
RUN_20260509_VPLC_L3_STRESS_75_80_S01_R01,VPLC_L3_STRESS_75_80,SER_20260509_VPLC_L3_STRESS_75_80_S01,vPLC_container,VPLC_HOST,570,,,2026-05-09T20:52:43.509483896Z,,,,host_log,75,80,,,,,,3,512,,technical_check,vplc_status_cycle_duration_not_validated_as_Tper,0.257,100,работает
RUN_20260509_VPLC_L3_STRESS_75_80_S01_R01,VPLC_L3_STRESS_75_80,SER_20260509_VPLC_L3_STRESS_75_80_S01,vPLC_container,VPLC_HOST,571,,,2026-05-09T20:52:44.569131612Z,,,,host_log,75,80,,,,,,3,512,,technical_check,vplc_status_cycle_duration_not_validated_as_Tper,0.252,100,работает
RUN_20260509_VPLC_L3_STRESS_75_80_S01_R01,VPLC_L3_STRESS_75_80,SER_20260509_VPLC_L3_STRESS_75_80_S01,vPLC_container,VPLC_HOST,572,,,2026-05-09T20:52:45.623627190Z,,,,host_log,75,80,,,,,,3,512,,technical_check,vplc_status_cycle_duration_not_validated_as_Tper,0.257,100,работает
RUN_20260509_VPLC_L3_STRESS_75_80_S01_R01,VPLC_L3_STRESS_75_80,SER_20260509_VPLC_L3_STRESS_75_80_S01,vPLC_container,VPLC_HOST,573,,,2026-05-09T20:52:46.677397874Z,,,,host_log,75,80,,,,,,3,512,,technical_check,vplc_status_cycle_duration_not_validated_as_Tper,0.255,100,работает
RUN_20260509_VPLC_L3_STRESS_75_80_S01_R01,VPLC_L3_STRESS_75_80,SER_20260509_VPLC_L3_STRESS_75_80_S01,vPLC_container,VPLC_HOST,574,,,2026-05-09T20:52:47.733853618Z,,,,host_log,75,80,,,,,,3,512,,technical_check,vplc_status_cycle_duration_not_validated_as_Tper,0.231,100,работает
RUN_20260509_VPLC_L3_STRESS_75_80_S01_R01,VPLC_L3_STRESS_75_80,SER_20260509_VPLC_L3_STRESS_75_80_S01,vPLC_container,VPLC_HOST,575,,,2026-05-09T20:52:48.789479921Z,,,,host_log,75,80,,,,,,3,512,,technical_check,vplc_status_cycle_duration_not_validated_as_Tper,0.251,100,работает
RUN_20260509_VPLC_L3_STRESS_75_80_S01_R01,VPLC_L3_STRESS_75_80,SER_20260509_VPLC_L3_STRESS_75_80_S01,vPLC_container,VPLC_HOST,576,,,2026-05-09T20:52:49.844335397Z,,,,host_log,75,80,,,,,,3,512,,technical_check,vplc_status_cycle_duration_not_validated_as_Tper,0.209,100,работает
RUN_20260509_VPLC_L3_STRESS_75_80_S01_R01,VPLC_L3_STRESS_75_80,SER_20260509_VPLC_L3_STRESS_75_80_S01,vPLC_container,VPLC_HOST,577,,,2026-05-09T20:52:50.901572779Z,,,,host_log,75,80,,,,,,3,512,,technical_check,vplc_status_cycle_duration_not_validated_as_Tper,0.260,100,работает
RUN_20260509_VPLC_L3_STRESS_75_80_S01_R01,VPLC_L3_STRESS_75_80,SER_20260509_VPLC_L3_STRESS_75_80_S01,vPLC_container,VPLC_HOST,578,,,2026-05-09T20:52:51.953222936Z,,,,host_log,75,80,,,,,,3,512,,technical_check,vplc_status_cycle_duration_not_validated_as_Tper,0.140,100,работает
RUN_20260509_VPLC_L3_STRESS_75_80_S01_R01,VPLC_L3_STRESS_75_80,SER_20260509_VPLC_L3_STRESS_75_80_S01,vPLC_container,VPLC_HOST,579,,,2026-05-09T20:52:53.008623252Z,,,,host_log,75,80,,,,,,3,512,,technical_check,vplc_status_cycle_duration_not_validated_as_Tper,0.251,100,работает
RUN_20260509_VPLC_L3_STRESS_75_80_S01_R01,VPLC_L3_STRESS_75_80,SER_20260509_VPLC_L3_STRESS_75_80_S01,vPLC_container,VPLC_HOST,580,,,2026-05-09T20:52:54.066138680Z,,,,host_log,75,80,,,,,,3,512,,technical_check,vplc_status_cycle_duration_not_validated_as_Tper,0.258,100,работает
RUN_20260509_VPLC_L3_STRESS_75_80_S01_R01,VPLC_L3_STRESS_75_80,SER_20260509_VPLC_L3_STRESS_75_80_S01,vPLC_container,VPLC_HOST,581,,,2026-05-09T20:52:55.119470968Z,,,,host_log,75,80,,,,,,3,512,,technical_check,vplc_status_cycle_duration_not_validated_as_Tper,0.256,100,работает
RUN_20260509_VPLC_L3_STRESS_75_80_S01_R01,VPLC_L3_STRESS_75_80,SER_20260509_VPLC_L3_STRESS_75_80_S01,vPLC_container,VPLC_HOST,582,,,2026-05-09T20:52:56.177784762Z,,,,host_log,75,80,,,,,,3,512,,technical_check,vplc_status_cycle_duration_not_validated_as_Tper,0.254,100,работает
RUN_20260509_VPLC_L3_STRESS_75_80_S01_R01,VPLC_L3_STRESS_75_80,SER_20260509_VPLC_L3_STRESS_75_80_S01,vPLC_container,VPLC_HOST,583,,,2026-05-09T20:52:57.233115767Z,,,,host_log,75,80,,,,,,3,512,,technical_check,vplc_status_cycle_duration_not_validated_as_Tper,0.237,100,работает
RUN_20260509_VPLC_L3_STRESS_75_80_S01_R01,VPLC_L3_STRESS_75_80,SER_20260509_VPLC_L3_STRESS_75_80_S01,vPLC_container,VPLC_HOST,584,,,2026-05-09T20:52:58.288628590Z,,,,host_log,75,80,,,,,,3,512,,technical_check,vplc_status_cycle_duration_not_validated_as_Tper,0.255,100,работает
RUN_20260509_VPLC_L3_STRESS_75_80_S01_R01,VPLC_L3_STRESS_75_80,SER_20260509_VPLC_L3_STRESS_75_80_S01,vPLC_container,VPLC_HOST,585,,,2026-05-09T20:52:59.344882678Z,,,,host_log,75,80,,,,,,3,512,,technical_check,vplc_status_cycle_duration_not_validated_as_Tper,4.691,100,работает
RUN_20260509_VPLC_L3_STRESS_75_80_S01_R01,VPLC_L3_STRESS_75_80,SER_20260509_VPLC_L3_STRESS_75_80_S01,vPLC_container,VPLC_HOST,586,,,2026-05-09T20:53:00.398115082Z,,,,host_log,75,80,,,,,,3,512,,technical_check,vplc_status_cycle_duration_not_validated_as_Tper,4.960,100,работает
RUN_20260509_VPLC_L3_STRESS_75_80_S01_R01,VPLC_L3_STRESS_75_80,SER_20260509_VPLC_L3_STRESS_75_80_S01,vPLC_container,VPLC_HOST,587,,,2026-05-09T20:53:01.452354188Z,,,,host_log,75,80,,,,,,3,512,,technical_check,vplc_status_cycle_duration_not_validated_as_Tper,0.129,100,работает
RUN_20260509_VPLC_L3_STRESS_75_80_S01_R01,VPLC_L3_STRESS_75_80,SER_20260509_VPLC_L3_STRESS_75_80_S01,vPLC_container,VPLC_HOST,588,,,2026-05-09T20:53:02.509758471Z,,,,host_log,75,80,,,,,,3,512,,technical_check,vplc_status_cycle_duration_not_validated_as_Tper,0.255,100,работает
RUN_20260509_VPLC_L3_STRESS_75_80_S01_R01,VPLC_L3_STRESS_75_80,SER_20260509_VPLC_L3_STRESS_75_80_S01,vPLC_container,VPLC_HOST,589,,,2026-05-09T20:53:03.564756726Z,,,,host_log,75,80,,,,,,3,512,,technical_check,vplc_status_cycle_duration_not_validated_as_Tper,0.259,100,работает
RUN_20260509_VPLC_L3_STRESS_75_80_S01_R01,VPLC_L3_STRESS_75_80,SER_20260509_VPLC_L3_STRESS_75_80_S01,vPLC_container,VPLC_HOST,590,,,2026-05-09T20:53:04.619987468Z,,,,host_log,75,80,,,,,,3,512,,technical_check,vplc_status_cycle_duration_not_validated_as_Tper,0.243,100,работает
RUN_20260509_VPLC_L3_STRESS_75_80_S01_R01,VPLC_L3_STRESS_75_80,SER_20260509_VPLC_L3_STRESS_75_80_S01,vPLC_container,VPLC_HOST,591,,,2026-05-09T20:53:05.673722198Z,,,,host_log,75,80,,,,,,3,512,,technical_check,vplc_status_cycle_duration_not_validated_as_Tper,0.256,100,работает
RUN_20260509_VPLC_L3_STRESS_75_80_S01_R01,VPLC_L3_STRESS_75_80,SER_20260509_VPLC_L3_STRESS_75_80_S01,vPLC_container,VPLC_HOST,592,,,2026-05-09T20:53:06.728477642Z,,,,host_log,75,80,,,,,,3,512,,technical_check,vplc_status_cycle_duration_not_validated_as_Tper,0.231,100,работает
RUN_20260509_VPLC_L3_STRESS_75_80_S01_R01,VPLC_L3_STRESS_75_80,SER_20260509_VPLC_L3_STRESS_75_80_S01,vPLC_container,VPLC_HOST,593,,,2026-05-09T20:53:07.786875629Z,,,,host_log,75,80,,,,,,3,512,,technical_check,vplc_status_cycle_duration_not_validated_as_Tper,0.257,100,работает
RUN_20260509_VPLC_L3_STRESS_75_80_S01_R01,VPLC_L3_STRESS_75_80,SER_20260509_VPLC_L3_STRESS_75_80_S01,vPLC_container,VPLC_HOST,594,,,2026-05-09T20:53:08.842143657Z,,,,host_log,75,80,,,,,,3,512,,technical_check,vplc_status_cycle_duration_not_validated_as_Tper,0.238,100,работает
RUN_20260509_VPLC_L3_STRESS_75_80_S01_R01,VPLC_L3_STRESS_75_80,SER_20260509_VPLC_L3_STRESS_75_80_S01,vPLC_container,VPLC_HOST,595,,,2026-05-09T20:53:09.896308738Z,,,,host_log,75,80,,,,,,3,512,,technical_check,vplc_status_cycle_duration_not_validated_as_Tper,0.257,100,работает
RUN_20260509_VPLC_L3_STRESS_75_80_S01_R01,VPLC_L3_STRESS_75_80,SER_20260509_VPLC_L3_STRESS_75_80_S01,vPLC_container,VPLC_HOST,596,,,2026-05-09T20:53:10.953310557Z,,,,host_log,75,80,,,,,,3,512,,technical_check,vplc_status_cycle_duration_not_validated_as_Tper,0.139,100,работает
RUN_20260509_VPLC_L3_STRESS_75_80_S01_R01,VPLC_L3_STRESS_75_80,SER_20260509_VPLC_L3_STRESS_75_80_S01,vPLC_container,VPLC_HOST,597,,,2026-05-09T20:53:12.005185328Z,,,,host_log,75,80,,,,,,3,512,,technical_check,vplc_status_cycle_duration_not_validated_as_Tper,0.252,100,работает
RUN_20260509_VPLC_L3_STRESS_75_80_S01_R01,VPLC_L3_STRESS_75_80,SER_20260509_VPLC_L3_STRESS_75_80_S01,vPLC_container,VPLC_HOST,598,,,2026-05-09T20:53:13.062388828Z,,,,host_log,75,80,,,,,,3,512,,technical_check,vplc_status_cycle_duration_not_validated_as_Tper,0.255,100,работает
RUN_20260509_VPLC_L3_STRESS_75_80_S01_R01,VPLC_L3_STRESS_75_80,SER_20260509_VPLC_L3_STRESS_75_80_S01,vPLC_container,VPLC_HOST,599,,,2026-05-09T20:53:14.118946273Z,,,,host_log,75,80,,,,,,3,512,,technical_check,vplc_status_cycle_duration_not_validated_as_Tper,0.258,100,работает
RUN_20260509_VPLC_L3_STRESS_75_80_S01_R01,VPLC_L3_STRESS_75_80,SER_20260509_VPLC_L3_STRESS_75_80_S01,vPLC_container,VPLC_HOST,600,,,2026-05-09T20:53:15.171726374Z,,,,host_log,75,80,,,,,,3,512,,technical_check,vplc_status_cycle_duration_not_validated_as_Tper,0.252,100,работает
RUN_20260509_VPLC_L3_STRESS_75_80_S01_R01,VPLC_L3_STRESS_75_80,SER_20260509_VPLC_L3_STRESS_75_80_S01,vPLC_container,VPLC_HOST,601,,,2026-05-09T20:53:16.226974806Z,,,,host_log,75,80,,,,,,3,512,,technical_check,vplc_status_cycle_duration_not_validated_as_Tper,0.255,100,работает
RUN_20260509_VPLC_L3_STRESS_75_80_S01_R01,VPLC_L3_STRESS_75_80,SER_20260509_VPLC_L3_STRESS_75_80_S01,vPLC_container,VPLC_HOST,602,,,2026-05-09T20:53:17.282505043Z,,,,host_log,75,80,,,,,,3,512,,technical_check,vplc_status_cycle_duration_not_validated_as_Tper,0.258,100,работает
RUN_20260509_VPLC_L3_STRESS_75_80_S01_R01,VPLC_L3_STRESS_75_80,SER_20260509_VPLC_L3_STRESS_75_80_S01,vPLC_container,VPLC_HOST,603,,,2026-05-09T20:53:18.339833439Z,,,,host_log,75,80,,,,,,3,512,,technical_check,vplc_status_cycle_duration_not_validated_as_Tper,4.381,100,работает
RUN_20260509_VPLC_L3_STRESS_75_80_S01_R01,VPLC_L3_STRESS_75_80,SER_20260509_VPLC_L3_STRESS_75_80_S01,vPLC_container,VPLC_HOST,604,,,2026-05-09T20:53:19.394069808Z,,,,host_log,75,80,,,,,,3,512,,technical_check,vplc_status_cycle_duration_not_validated_as_Tper,5.016,100,работает
RUN_20260509_VPLC_L3_STRESS_75_80_S01_R01,VPLC_L3_STRESS_75_80,SER_20260509_VPLC_L3_STRESS_75_80_S01,vPLC_container,VPLC_HOST,605,,,2026-05-09T20:53:20.447303177Z,,,,host_log,75,80,,,,,,3,512,,technical_check,vplc_status_cycle_duration_not_validated_as_Tper,0.154,100,работает
RUN_20260509_VPLC_L3_STRESS_75_80_S01_R01,VPLC_L3_STRESS_75_80,SER_20260509_VPLC_L3_STRESS_75_80_S01,vPLC_container,VPLC_HOST,606,,,2026-05-09T20:53:21.504560964Z,,,,host_log,75,80,,,,,,3,512,,technical_check,vplc_status_cycle_duration_not_validated_as_Tper,0.260,100,работает
RUN_20260509_VPLC_L3_STRESS_75_80_S01_R01,VPLC_L3_STRESS_75_80,SER_20260509_VPLC_L3_STRESS_75_80_S01,vPLC_container,VPLC_HOST,607,,,2026-05-09T20:53:22.560108677Z,,,,host_log,75,80,,,,,,3,512,,technical_check,vplc_status_cycle_duration_not_validated_as_Tper,0.249,100,работает
RUN_20260509_VPLC_L3_STRESS_75_80_S01_R01,VPLC_L3_STRESS_75_80,SER_20260509_VPLC_L3_STRESS_75_80_S01,vPLC_container,VPLC_HOST,608,,,2026-05-09T20:53:23.613768992Z,,,,host_log,75,80,,,,,,3,512,,technical_check,vplc_status_cycle_duration_not_validated_as_Tper,0.252,100,работает
RUN_20260509_VPLC_L3_STRESS_75_80_S01_R01,VPLC_L3_STRESS_75_80,SER_20260509_VPLC_L3_STRESS_75_80_S01,vPLC_container,VPLC_HOST,609,,,2026-05-09T20:53:24.670978354Z,,,,host_log,75,80,,,,,,3,512,,technical_check,vplc_status_cycle_duration_not_validated_as_Tper,0.257,100,работает
RUN_20260509_VPLC_L3_STRESS_75_80_S01_R01,VPLC_L3_STRESS_75_80,SER_20260509_VPLC_L3_STRESS_75_80_S01,vPLC_container,VPLC_HOST,610,,,2026-05-09T20:53:25.724417884Z,,,,host_log,75,80,,,,,,3,512,,technical_check,vplc_status_cycle_duration_not_validated_as_Tper,0.256,100,работает
RUN_20260509_VPLC_L3_STRESS_75_80_S01_R01,VPLC_L3_STRESS_75_80,SER_20260509_VPLC_L3_STRESS_75_80_S01,vPLC_container,VPLC_HOST,611,,,2026-05-09T20:53:26.782230599Z,,,,host_log,75,80,,,,,,3,512,,technical_check,vplc_status_cycle_duration_not_validated_as_Tper,0.254,100,работает
RUN_20260509_VPLC_L3_STRESS_75_80_S01_R01,VPLC_L3_STRESS_75_80,SER_20260509_VPLC_L3_STRESS_75_80_S01,vPLC_container,VPLC_HOST,612,,,2026-05-09T20:53:27.837197636Z,,,,host_log,75,80,,,,,,3,512,,technical_check,vplc_status_cycle_duration_not_validated_as_Tper,0.236,100,работает
RUN_20260509_VPLC_L3_STRESS_75_80_S01_R01,VPLC_L3_STRESS_75_80,SER_20260509_VPLC_L3_STRESS_75_80_S01,vPLC_container,VPLC_HOST,613,,,2026-05-09T20:53:28.890177001Z,,,,host_log,75,80,,,,,,3,512,,technical_check,vplc_status_cycle_duration_not_validated_as_Tper,0.257,100,работает
RUN_20260509_VPLC_L3_STRESS_75_80_S01_R01,VPLC_L3_STRESS_75_80,SER_20260509_VPLC_L3_STRESS_75_80_S01,vPLC_container,VPLC_HOST,614,,,2026-05-09T20:53:29.945307383Z,,,,host_log,75,80,,,,,,3,512,,technical_check,vplc_status_cycle_duration_not_validated_as_Tper,0.209,100,работает
RUN_20260509_VPLC_L3_STRESS_75_80_S01_R01,VPLC_L3_STRESS_75_80,SER_20260509_VPLC_L3_STRESS_75_80_S01,vPLC_container,VPLC_HOST,615,,,2026-05-09T20:53:31.003745073Z,,,,host_log,75,80,,,,,,3,512,,technical_check,vplc_status_cycle_duration_not_validated_as_Tper,0.255,100,работает
RUN_20260509_VPLC_L3_STRESS_75_80_S01_R01,VPLC_L3_STRESS_75_80,SER_20260509_VPLC_L3_STRESS_75_80_S01,vPLC_container,VPLC_HOST,616,,,2026-05-09T20:53:32.058847112Z,,,,host_log,75,80,,,,,,3,512,,technical_check,vplc_status_cycle_duration_not_validated_as_Tper,0.240,100,работает
RUN_20260509_VPLC_L3_STRESS_75_80_S01_R01,VPLC_L3_STRESS_75_80,SER_20260509_VPLC_L3_STRESS_75_80_S01,vPLC_container,VPLC_HOST,617,,,2026-05-09T20:53:33.113210317Z,,,,host_log,75,80,,,,,,3,512,,technical_check,vplc_status_cycle_duration_not_validated_as_Tper,0.257,100,работает
RUN_20260509_VPLC_L3_STRESS_75_80_S01_R01,VPLC_L3_STRESS_75_80,SER_20260509_VPLC_L3_STRESS_75_80_S01,vPLC_container,VPLC_HOST,618,,,2026-05-09T20:53:34.169941092Z,,,,host_log,75,80,,,,,,3,512,,technical_check,vplc_status_cycle_duration_not_validated_as_Tper,0.256,100,работает
RUN_20260509_VPLC_L3_STRESS_75_80_S01_R01,VPLC_L3_STRESS_75_80,SER_20260509_VPLC_L3_STRESS_75_80_S01,vPLC_container,VPLC_HOST,619,,,2026-05-09T20:53:35.225630790Z,,,,host_log,75,80,,,,,,3,512,,technical_check,vplc_status_cycle_duration_not_validated_as_Tper,0.236,100,работает
RUN_20260509_VPLC_L3_STRESS_75_80_S01_R01,VPLC_L3_STRESS_75_80,SER_20260509_VPLC_L3_STRESS_75_80_S01,vPLC_container,VPLC_HOST,620,,,2026-05-09T20:53:36.280843243Z,,,,host_log,75,80,,,,,,3,512,,technical_check,vplc_status_cycle_duration_not_validated_as_Tper,0.257,100,работает
RUN_20260509_VPLC_L3_STRESS_75_80_S01_R01,VPLC_L3_STRESS_75_80,SER_20260509_VPLC_L3_STRESS_75_80_S01,vPLC_container,VPLC_HOST,621,,,2026-05-09T20:53:37.335350925Z,,,,host_log,75,80,,,,,,3,512,,technical_check,vplc_status_cycle_duration_not_validated_as_Tper,4.912,100,работает
RUN_20260509_VPLC_L3_STRESS_75_80_S01_R01,VPLC_L3_STRESS_75_80,SER_20260509_VPLC_L3_STRESS_75_80_S01,vPLC_container,VPLC_HOST,622,,,2026-05-09T20:53:38.390708026Z,,,,host_log,75,80,,,,,,3,512,,technical_check,vplc_status_cycle_duration_not_validated_as_Tper,4.862,100,работает
RUN_20260509_VPLC_L3_STRESS_75_80_S01_R01,VPLC_L3_STRESS_75_80,SER_20260509_VPLC_L3_STRESS_75_80_S01,vPLC_container,VPLC_HOST,623,,,2026-05-09T20:53:39.445406326Z,,,,host_log,75,80,,,,,,3,512,,technical_check,vplc_status_cycle_duration_not_validated_as_Tper,0.188,100,работает
RUN_20260509_VPLC_L3_STRESS_75_80_S01_R01,VPLC_L3_STRESS_75_80,SER_20260509_VPLC_L3_STRESS_75_80_S01,vPLC_container,VPLC_HOST,624,,,2026-05-09T20:53:40.500630169Z,,,,host_log,75,80,,,,,,3,512,,technical_check,vplc_status_cycle_duration_not_validated_as_Tper,0.257,100,работает
RUN_20260509_VPLC_L3_STRESS_75_80_S01_R01,VPLC_L3_STRESS_75_80,SER_20260509_VPLC_L3_STRESS_75_80_S01,vPLC_container,VPLC_HOST,625,,,2026-05-09T20:53:41.553068932Z,,,,host_log,75,80,,,,,,3,512,,technical_check,vplc_status_cycle_duration_not_validated_as_Tper,0.140,100,работает
RUN_20260509_VPLC_L3_STRESS_75_80_S01_R01,VPLC_L3_STRESS_75_80,SER_20260509_VPLC_L3_STRESS_75_80_S01,vPLC_container,VPLC_HOST,626,,,2026-05-09T20:53:42.610527218Z,,,,host_log,75,80,,,,,,3,512,,technical_check,vplc_status_cycle_duration_not_validated_as_Tper,0.256,100,работает
RUN_20260509_VPLC_L3_STRESS_75_80_S01_R01,VPLC_L3_STRESS_75_80,SER_20260509_VPLC_L3_STRESS_75_80_S01,vPLC_container,VPLC_HOST,627,,,2026-05-09T20:53:43.666267936Z,,,,host_log,75,80,,,,,,3,512,,technical_check,vplc_status_cycle_duration_not_validated_as_Tper,0.257,100,работает
RUN_20260509_VPLC_L3_STRESS_75_80_S01_R01,VPLC_L3_STRESS_75_80,SER_20260509_VPLC_L3_STRESS_75_80_S01,vPLC_container,VPLC_HOST,628,,,2026-05-09T20:53:44.724598897Z,,,,host_log,75,80,,,,,,3,512,,technical_check,vplc_status_cycle_duration_not_validated_as_Tper,0.250,100,работает
RUN_20260509_VPLC_L3_STRESS_75_80_S01_R01,VPLC_L3_STRESS_75_80,SER_20260509_VPLC_L3_STRESS_75_80_S01,vPLC_container,VPLC_HOST,629,,,2026-05-09T20:53:45.779679337Z,,,,host_log,75,80,,,,,,3,512,,technical_check,vplc_status_cycle_duration_not_validated_as_Tper,0.251,100,работает
RUN_20260509_VPLC_L3_STRESS_75_80_S01_R01,VPLC_L3_STRESS_75_80,SER_20260509_VPLC_L3_STRESS_75_80_S01,vPLC_container,VPLC_HOST,630,,,2026-05-09T20:53:46.834724222Z,,,,host_log,75,80,,,,,,3,512,,technical_check,vplc_status_cycle_duration_not_validated_as_Tper,0.239,100,работает
RUN_20260509_VPLC_L3_STRESS_75_80_S01_R01,VPLC_L3_STRESS_75_80,SER_20260509_VPLC_L3_STRESS_75_80_S01,vPLC_container,VPLC_HOST,631,,,2026-05-09T20:53:47.888871451Z,,,,host_log,75,80,,,,,,3,512,,technical_check,vplc_status_cycle_duration_not_validated_as_Tper,0.259,100,работает
RUN_20260509_VPLC_L3_STRESS_75_80_S01_R01,VPLC_L3_STRESS_75_80,SER_20260509_VPLC_L3_STRESS_75_80_S01,vPLC_container,VPLC_HOST,632,,,2026-05-09T20:53:48.943674661Z,,,,host_log,75,80,,,,,,3,512,,technical_check,vplc_status_cycle_duration_not_validated_as_Tper,0.230,100,работает
RUN_20260509_VPLC_L3_STRESS_75_80_S01_R01,VPLC_L3_STRESS_75_80,SER_20260509_VPLC_L3_STRESS_75_80_S01,vPLC_container,VPLC_HOST,633,,,2026-05-09T20:53:49.999615549Z,,,,host_log,75,80,,,,,,3,512,,technical_check,vplc_status_cycle_duration_not_validated_as_Tper,0.251,100,работает
RUN_20260509_VPLC_L3_STRESS_75_80_S01_R01,VPLC_L3_STRESS_75_80,SER_20260509_VPLC_L3_STRESS_75_80_S01,vPLC_container,VPLC_HOST,634,,,2026-05-09T20:53:51.052491809Z,,,,host_log,75,80,,,,,,3,512,,technical_check,vplc_status_cycle_duration_not_validated_as_Tper,0.130,100,работает
RUN_20260509_VPLC_L3_STRESS_75_80_S01_R01,VPLC_L3_STRESS_75_80,SER_20260509_VPLC_L3_STRESS_75_80_S01,vPLC_container,VPLC_HOST,635,,,2026-05-09T20:53:52.107153244Z,,,,host_log,75,80,,,,,,3,512,,technical_check,vplc_status_cycle_duration_not_validated_as_Tper,0.260,100,работает
RUN_20260509_VPLC_L3_STRESS_75_80_S01_R01,VPLC_L3_STRESS_75_80,SER_20260509_VPLC_L3_STRESS_75_80_S01,vPLC_container,VPLC_HOST,636,,,2026-05-09T20:53:53.164887823Z,,,,host_log,75,80,,,,,,3,512,,technical_check,vplc_status_cycle_duration_not_validated_as_Tper,0.251,100,работает
RUN_20260509_VPLC_L3_STRESS_75_80_S01_R01,VPLC_L3_STRESS_75_80,SER_20260509_VPLC_L3_STRESS_75_80_S01,vPLC_container,VPLC_HOST,637,,,2026-05-09T20:53:54.218839699Z,,,,host_log,75,80,,,,,,3,512,,technical_check,vplc_status_cycle_duration_not_validated_as_Tper,0.253,100,работает
RUN_20260509_VPLC_L3_STRESS_75_80_S01_R01,VPLC_L3_STRESS_75_80,SER_20260509_VPLC_L3_STRESS_75_80_S01,vPLC_container,VPLC_HOST,638,,,2026-05-09T20:53:55.274339455Z,,,,host_log,75,80,,,,,,3,512,,technical_check,vplc_status_cycle_duration_not_validated_as_Tper,0.256,100,работает
RUN_20260509_VPLC_L3_STRESS_75_80_S01_R01,VPLC_L3_STRESS_75_80,SER_20260509_VPLC_L3_STRESS_75_80_S01,vPLC_container,VPLC_HOST,639,,,2026-05-09T20:53:56.331659529Z,,,,host_log,75,80,,,,,,3,512,,technical_check,vplc_status_cycle_duration_not_validated_as_Tper,4.803,100,работает
RUN_20260509_VPLC_L3_STRESS_75_80_S01_R01,VPLC_L3_STRESS_75_80,SER_20260509_VPLC_L3_STRESS_75_80_S01,vPLC_container,VPLC_HOST,640,,,2026-05-09T20:53:57.386124534Z,,,,host_log,75,80,,,,,,3,512,,technical_check,vplc_status_cycle_duration_not_validated_as_Tper,5.093,100,работает
RUN_20260509_VPLC_L3_STRESS_75_80_S01_R01,VPLC_L3_STRESS_75_80,SER_20260509_VPLC_L3_STRESS_75_80_S01,vPLC_container,VPLC_HOST,641,,,2026-05-09T20:53:58.440632863Z,,,,host_log,75,80,,,,,,3,512,,technical_check,vplc_status_cycle_duration_not_validated_as_Tper,0.213,100,работает
RUN_20260509_VPLC_L3_STRESS_75_80_S01_R01,VPLC_L3_STRESS_75_80,SER_20260509_VPLC_L3_STRESS_75_80_S01,vPLC_container,VPLC_HOST,642,,,2026-05-09T20:53:59.497724585Z,,,,host_log,75,80,,,,,,3,512,,technical_check,vplc_status_cycle_duration_not_validated_as_Tper,0.256,100,работает
RUN_20260509_VPLC_L3_STRESS_75_80_S01_R01,VPLC_L3_STRESS_75_80,SER_20260509_VPLC_L3_STRESS_75_80_S01,vPLC_container,VPLC_HOST,643,,,2026-05-09T20:54:00.552860892Z,,,,host_log,75,80,,,,,,3,512,,technical_check,vplc_status_cycle_duration_not_validated_as_Tper,0.143,100,работает
RUN_20260509_VPLC_L3_STRESS_75_80_S01_R01,VPLC_L3_STRESS_75_80,SER_20260509_VPLC_L3_STRESS_75_80_S01,vPLC_container,VPLC_HOST,644,,,2026-05-09T20:54:01.607074148Z,,,,host_log,75,80,,,,,,3,512,,technical_check,vplc_status_cycle_duration_not_validated_as_Tper,0.255,100,работает
RUN_20260509_VPLC_L3_STRESS_75_80_S01_R01,VPLC_L3_STRESS_75_80,SER_20260509_VPLC_L3_STRESS_75_80_S01,vPLC_container,VPLC_HOST,645,,,2026-05-09T20:54:02.663196432Z,,,,host_log,75,80,,,,,,3,512,,technical_check,vplc_status_cycle_duration_not_validated_as_Tper,0.256,100,работает
RUN_20260509_VPLC_L3_STRESS_75_80_S01_R01,VPLC_L3_STRESS_75_80,SER_20260509_VPLC_L3_STRESS_75_80_S01,vPLC_container,VPLC_HOST,646,,,2026-05-09T20:54:03.715693587Z,,,,host_log,75,80,,,,,,3,512,,technical_check,vplc_status_cycle_duration_not_validated_as_Tper,0.256,100,работает
RUN_20260509_VPLC_L3_STRESS_75_80_S01_R01,VPLC_L3_STRESS_75_80,SER_20260509_VPLC_L3_STRESS_75_80_S01,vPLC_container,VPLC_HOST,647,,,2026-05-09T20:54:04.773885926Z,,,,host_log,75,80,,,,,,3,512,,technical_check,vplc_status_cycle_duration_not_validated_as_Tper,0.258,100,работает
RUN_20260509_VPLC_L3_STRESS_75_80_S01_R01,VPLC_L3_STRESS_75_80,SER_20260509_VPLC_L3_STRESS_75_80_S01,vPLC_container,VPLC_HOST,648,,,2026-05-09T20:54:05.828450823Z,,,,host_log,75,80,,,,,,3,512,,technical_check,vplc_status_cycle_duration_not_validated_as_Tper,0.235,100,работает
RUN_20260509_VPLC_L3_STRESS_75_80_S01_R01,VPLC_L3_STRESS_75_80,SER_20260509_VPLC_L3_STRESS_75_80_S01,vPLC_container,VPLC_HOST,649,,,2026-05-09T20:54:06.883742204Z,,,,host_log,75,80,,,,,,3,512,,technical_check,vplc_status_cycle_duration_not_validated_as_Tper,0.255,100,работает
RUN_20260509_VPLC_L3_STRESS_75_80_S01_R01,VPLC_L3_STRESS_75_80,SER_20260509_VPLC_L3_STRESS_75_80_S01,vPLC_container,VPLC_HOST,650,,,2026-05-09T20:54:07.939819136Z,,,,host_log,75,80,,,,,,3,512,,technical_check,vplc_status_cycle_duration_not_validated_as_Tper,0.231,100,работает
RUN_20260509_VPLC_L3_STRESS_75_80_S01_R01,VPLC_L3_STRESS_75_80,SER_20260509_VPLC_L3_STRESS_75_80_S01,vPLC_container,VPLC_HOST,651,,,2026-05-09T20:54:08.993306117Z,,,,host_log,75,80,,,,,,3,512,,technical_check,vplc_status_cycle_duration_not_validated_as_Tper,0.258,100,работает
RUN_20260509_VPLC_L3_STRESS_75_80_S01_R01,VPLC_L3_STRESS_75_80,SER_20260509_VPLC_L3_STRESS_75_80_S01,vPLC_container,VPLC_HOST,652,,,2026-05-09T20:54:10.050990742Z,,,,host_log,75,80,,,,,,3,512,,technical_check,vplc_status_cycle_duration_not_validated_as_Tper,0.129,100,работает
RUN_20260509_VPLC_L3_STRESS_75_80_S01_R01,VPLC_L3_STRESS_75_80,SER_20260509_VPLC_L3_STRESS_75_80_S01,vPLC_container,VPLC_HOST,653,,,2026-05-09T20:54:11.102555742Z,,,,host_log,75,80,,,,,,3,512,,technical_check,vplc_status_cycle_duration_not_validated_as_Tper,0.257,100,работает
RUN_20260509_VPLC_L3_STRESS_75_80_S01_R01,VPLC_L3_STRESS_75_80,SER_20260509_VPLC_L3_STRESS_75_80_S01,vPLC_container,VPLC_HOST,654,,,2026-05-09T20:54:12.158593252Z,,,,host_log,75,80,,,,,,3,512,,technical_check,vplc_status_cycle_duration_not_validated_as_Tper,0.235,100,работает
RUN_20260509_VPLC_L3_STRESS_75_80_S01_R01,VPLC_L3_STRESS_75_80,SER_20260509_VPLC_L3_STRESS_75_80_S01,vPLC_container,VPLC_HOST,655,,,2026-05-09T20:54:13.215832535Z,,,,host_log,75,80,,,,,,3,512,,technical_check,vplc_status_cycle_duration_not_validated_as_Tper,0.259,100,работает
RUN_20260509_VPLC_L3_STRESS_75_80_S01_R01,VPLC_L3_STRESS_75_80,SER_20260509_VPLC_L3_STRESS_75_80_S01,vPLC_container,VPLC_HOST,656,,,2026-05-09T20:54:14.269681332Z,,,,host_log,75,80,,,,,,3,512,,technical_check,vplc_status_cycle_duration_not_validated_as_Tper,0.258,100,работает
RUN_20260509_VPLC_L3_STRESS_75_80_S01_R01,VPLC_L3_STRESS_75_80,SER_20260509_VPLC_L3_STRESS_75_80_S01,vPLC_container,VPLC_HOST,657,,,2026-05-09T20:54:15.326986688Z,,,,host_log,75,80,,,,,,3,512,,technical_check,vplc_status_cycle_duration_not_validated_as_Tper,0.255,100,работает
RUN_20260509_VPLC_L3_STRESS_75_80_S01_R01,VPLC_L3_STRESS_75_80,SER_20260509_VPLC_L3_STRESS_75_80_S01,vPLC_container,VPLC_HOST,658,,,2026-05-09T20:54:16.381091665Z,,,,host_log,75,80,,,,,,3,512,,technical_check,vplc_status_cycle_duration_not_validated_as_Tper,4.519,100,работает
RUN_20260509_VPLC_L3_STRESS_75_80_S01_R01,VPLC_L3_STRESS_75_80,SER_20260509_VPLC_L3_STRESS_75_80_S01,vPLC_container,VPLC_HOST,659,,,2026-05-09T20:54:17.436434949Z,,,,host_log,75,80,,,,,,3,512,,technical_check,vplc_status_cycle_duration_not_validated_as_Tper,0.237,100,работает
RUN_20260509_VPLC_L3_STRESS_75_80_S01_R01,VPLC_L3_STRESS_75_80,SER_20260509_VPLC_L3_STRESS_75_80_S01,vPLC_container,VPLC_HOST,660,,,2026-05-09T20:54:18.491987307Z,,,,host_log,75,80,,,,,,3,512,,technical_check,vplc_status_cycle_duration_not_validated_as_Tper,0.259,100,работает
RUN_20260509_VPLC_L3_STRESS_75_80_S01_R01,VPLC_L3_STRESS_75_80,SER_20260509_VPLC_L3_STRESS_75_80_S01,vPLC_container,VPLC_HOST,661,,,2026-05-09T20:54:19.546986955Z,,,,host_log,75,80,,,,,,3,512,,technical_check,vplc_status_cycle_duration_not_validated_as_Tper,0.149,100,работает
RUN_20260509_VPLC_L3_STRESS_75_80_S01_R01,VPLC_L3_STRESS_75_80,SER_20260509_VPLC_L3_STRESS_75_80_S01,vPLC_container,VPLC_HOST,662,,,2026-05-09T20:54:20.602210538Z,,,,host_log,75,80,,,,,,3,512,,technical_check,vplc_status_cycle_duration_not_validated_as_Tper,0.250,100,работает
RUN_20260509_VPLC_L3_STRESS_75_80_S01_R01,VPLC_L3_STRESS_75_80,SER_20260509_VPLC_L3_STRESS_75_80_S01,vPLC_container,VPLC_HOST,663,,,2026-05-09T20:54:21.656969340Z,,,,host_log,75,80,,,,,,3,512,,technical_check,vplc_status_cycle_duration_not_validated_as_Tper,0.212,100,работает
RUN_20260509_VPLC_L3_STRESS_75_80_S01_R01,VPLC_L3_STRESS_75_80,SER_20260509_VPLC_L3_STRESS_75_80_S01,vPLC_container,VPLC_HOST,664,,,2026-05-09T20:54:22.711288006Z,,,,host_log,75,80,,,,,,3,512,,technical_check,vplc_status_cycle_duration_not_validated_as_Tper,0.239,100,работает
RUN_20260509_VPLC_L3_STRESS_75_80_S01_R01,VPLC_L3_STRESS_75_80,SER_20260509_VPLC_L3_STRESS_75_80_S01,vPLC_container,VPLC_HOST,665,,,2026-05-09T20:54:23.766773301Z,,,,host_log,75,80,,,,,,3,512,,technical_check,vplc_status_cycle_duration_not_validated_as_Tper,0.251,100,работает
RUN_20260509_VPLC_L3_STRESS_75_80_S01_R01,VPLC_L3_STRESS_75_80,SER_20260509_VPLC_L3_STRESS_75_80_S01,vPLC_container,VPLC_HOST,666,,,2026-05-09T20:54:24.820018157Z,,,,host_log,75,80,,,,,,3,512,,technical_check,vplc_status_cycle_duration_not_validated_as_Tper,0.256,100,работает
RUN_20260509_VPLC_L3_STRESS_75_80_S01_R01,VPLC_L3_STRESS_75_80,SER_20260509_VPLC_L3_STRESS_75_80_S01,vPLC_container,VPLC_HOST,667,,,2026-05-09T20:54:25.880125628Z,,,,host_log,75,80,,,,,,3,512,,technical_check,vplc_status_cycle_duration_not_validated_as_Tper,0.258,100,работает
RUN_20260509_VPLC_L3_STRESS_75_80_S01_R01,VPLC_L3_STRESS_75_80,SER_20260509_VPLC_L3_STRESS_75_80_S01,vPLC_container,VPLC_HOST,668,,,2026-05-09T20:54:26.934330360Z,,,,host_log,75,80,,,,,,3,512,,technical_check,vplc_status_cycle_duration_not_validated_as_Tper,0.234,100,работает
RUN_20260509_VPLC_L3_STRESS_75_80_S01_R01,VPLC_L3_STRESS_75_80,SER_20260509_VPLC_L3_STRESS_75_80_S01,vPLC_container,VPLC_HOST,669,,,2026-05-09T20:54:27.989499243Z,,,,host_log,75,80,,,,,,3,512,,technical_check,vplc_status_cycle_duration_not_validated_as_Tper,0.251,100,работает
RUN_20260509_VPLC_L3_STRESS_75_80_S01_R01,VPLC_L3_STRESS_75_80,SER_20260509_VPLC_L3_STRESS_75_80_S01,vPLC_container,VPLC_HOST,670,,,2026-05-09T20:54:29.042596093Z,,,,host_log,75,80,,,,,,3,512,,technical_check,vplc_status_cycle_duration_not_validated_as_Tper,0.235,100,работает
RUN_20260509_VPLC_L3_STRESS_75_80_S01_R01,VPLC_L3_STRESS_75_80,SER_20260509_VPLC_L3_STRESS_75_80_S01,vPLC_container,VPLC_HOST,671,,,2026-05-09T20:54:30.098959237Z,,,,host_log,75,80,,,,,,3,512,,technical_check,vplc_status_cycle_duration_not_validated_as_Tper,0.260,100,работает
RUN_20260509_VPLC_L3_STRESS_75_80_S01_R01,VPLC_L3_STRESS_75_80,SER_20260509_VPLC_L3_STRESS_75_80_S01,vPLC_container,VPLC_HOST,672,,,2026-05-09T20:54:31.155331283Z,,,,host_log,75,80,,,,,,3,512,,technical_check,vplc_status_cycle_duration_not_validated_as_Tper,0.173,100,работает
RUN_20260509_VPLC_L3_STRESS_75_80_S01_R01,VPLC_L3_STRESS_75_80,SER_20260509_VPLC_L3_STRESS_75_80_S01,vPLC_container,VPLC_HOST,673,,,2026-05-09T20:54:32.207601233Z,,,,host_log,75,80,,,,,,3,512,,technical_check,vplc_status_cycle_duration_not_validated_as_Tper,0.253,100,работает
RUN_20260509_VPLC_L3_STRESS_75_80_S01_R01,VPLC_L3_STRESS_75_80,SER_20260509_VPLC_L3_STRESS_75_80_S01,vPLC_container,VPLC_HOST,674,,,2026-05-09T20:54:33.265226850Z,,,,host_log,75,80,,,,,,3,512,,technical_check,vplc_status_cycle_duration_not_validated_as_Tper,0.257,100,работает
RUN_20260509_VPLC_L3_STRESS_75_80_S01_R01,VPLC_L3_STRESS_75_80,SER_20260509_VPLC_L3_STRESS_75_80_S01,vPLC_container,VPLC_HOST,675,,,2026-05-09T20:54:34.321871746Z,,,,host_log,75,80,,,,,,3,512,,technical_check,vplc_status_cycle_duration_not_validated_as_Tper,0.253,100,работает
RUN_20260509_VPLC_L3_STRESS_75_80_S01_R01,VPLC_L3_STRESS_75_80,SER_20260509_VPLC_L3_STRESS_75_80_S01,vPLC_container,VPLC_HOST,676,,,2026-05-09T20:54:35.377024360Z,,,,host_log,75,80,,,,,,3,512,,technical_check,vplc_status_cycle_duration_not_validated_as_Tper,4.470,100,работает
RUN_20260509_VPLC_L3_STRESS_75_80_S01_R01,VPLC_L3_STRESS_75_80,SER_20260509_VPLC_L3_STRESS_75_80_S01,vPLC_container,VPLC_HOST,677,,,2026-05-09T20:54:36.430240263Z,,,,host_log,75,80,,,,,,3,512,,technical_check,vplc_status_cycle_duration_not_validated_as_Tper,0.235,100,работает
RUN_20260509_VPLC_L3_STRESS_75_80_S01_R01,VPLC_L3_STRESS_75_80,SER_20260509_VPLC_L3_STRESS_75_80_S01,vPLC_container,VPLC_HOST,678,,,2026-05-09T20:54:37.487489831Z,,,,host_log,75,80,,,,,,3,512,,technical_check,vplc_status_cycle_duration_not_validated_as_Tper,0.256,100,работает
RUN_20260509_VPLC_L3_STRESS_75_80_S01_R01,VPLC_L3_STRESS_75_80,SER_20260509_VPLC_L3_STRESS_75_80_S01,vPLC_container,VPLC_HOST,679,,,2026-05-09T20:54:38.539367619Z,,,,host_log,75,80,,,,,,3,512,,technical_check,vplc_status_cycle_duration_not_validated_as_Tper,0.235,100,работает
RUN_20260509_VPLC_L3_STRESS_75_80_S01_R01,VPLC_L3_STRESS_75_80,SER_20260509_VPLC_L3_STRESS_75_80_S01,vPLC_container,VPLC_HOST,680,,,2026-05-09T20:54:39.597011838Z,,,,host_log,75,80,,,,,,3,512,,technical_check,vplc_status_cycle_duration_not_validated_as_Tper,0.258,100,работает
RUN_20260509_VPLC_L3_STRESS_75_80_S01_R01,VPLC_L3_STRESS_75_80,SER_20260509_VPLC_L3_STRESS_75_80_S01,vPLC_container,VPLC_HOST,681,,,2026-05-09T20:54:40.652828280Z,,,,host_log,75,80,,,,,,3,512,,technical_check,vplc_status_cycle_duration_not_validated_as_Tper,0.138,100,работает
RUN_20260509_VPLC_L3_STRESS_75_80_S01_R01,VPLC_L3_STRESS_75_80,SER_20260509_VPLC_L3_STRESS_75_80_S01,vPLC_container,VPLC_HOST,682,,,2026-05-09T20:54:41.708698403Z,,,,host_log,75,80,,,,,,3,512,,technical_check,vplc_status_cycle_duration_not_validated_as_Tper,0.256,100,работает
RUN_20260509_VPLC_L3_STRESS_75_80_S01_R01,VPLC_L3_STRESS_75_80,SER_20260509_VPLC_L3_STRESS_75_80_S01,vPLC_container,VPLC_HOST,683,,,2026-05-09T20:54:42.762797128Z,,,,host_log,75,80,,,,,,3,512,,technical_check,vplc_status_cycle_duration_not_validated_as_Tper,0.254,100,работает
RUN_20260509_VPLC_L3_STRESS_75_80_S01_R01,VPLC_L3_STRESS_75_80,SER_20260509_VPLC_L3_STRESS_75_80_S01,vPLC_container,VPLC_HOST,684,,,2026-05-09T20:54:43.816963433Z,,,,host_log,75,80,,,,,,3,512,,technical_check,vplc_status_cycle_duration_not_validated_as_Tper,0.255,100,работает
RUN_20260509_VPLC_L3_STRESS_75_80_S01_R01,VPLC_L3_STRESS_75_80,SER_20260509_VPLC_L3_STRESS_75_80_S01,vPLC_container,VPLC_HOST,685,,,2026-05-09T20:54:44.875830732Z,,,,host_log,75,80,,,,,,3,512,,technical_check,vplc_status_cycle_duration_not_validated_as_Tper,0.258,100,работает
RUN_20260509_VPLC_L3_STRESS_75_80_S01_R01,VPLC_L3_STRESS_75_80,SER_20260509_VPLC_L3_STRESS_75_80_S01,vPLC_container,VPLC_HOST,686,,,2026-05-09T20:54:45.929229037Z,,,,host_log,75,80,,,,,,3,512,,technical_check,vplc_status_cycle_duration_not_validated_as_Tper,0.230,100,работает
RUN_20260509_VPLC_L3_STRESS_75_80_S01_R01,VPLC_L3_STRESS_75_80,SER_20260509_VPLC_L3_STRESS_75_80_S01,vPLC_container,VPLC_HOST,687,,,2026-05-09T20:54:46.982304360Z,,,,host_log,75,80,,,,,,3,512,,technical_check,vplc_status_cycle_duration_not_validated_as_Tper,0.253,100,работает
RUN_20260509_VPLC_L3_STRESS_75_80_S01_R01,VPLC_L3_STRESS_75_80,SER_20260509_VPLC_L3_STRESS_75_80_S01,vPLC_container,VPLC_HOST,688,,,2026-05-09T20:54:48.039173205Z,,,,host_log,75,80,,,,,,3,512,,technical_check,vplc_status_cycle_duration_not_validated_as_Tper,0.238,100,работает
RUN_20260509_VPLC_L3_STRESS_75_80_S01_R01,VPLC_L3_STRESS_75_80,SER_20260509_VPLC_L3_STRESS_75_80_S01,vPLC_container,VPLC_HOST,689,,,2026-05-09T20:54:49.095668523Z,,,,host_log,75,80,,,,,,3,512,,technical_check,vplc_status_cycle_duration_not_validated_as_Tper,0.258,100,работает
RUN_20260509_VPLC_L3_STRESS_75_80_S01_R01,VPLC_L3_STRESS_75_80,SER_20260509_VPLC_L3_STRESS_75_80_S01,vPLC_container,VPLC_HOST,690,,,2026-05-09T20:54:50.147075299Z,,,,host_log,75,80,,,,,,3,512,,technical_check,vplc_status_cycle_duration_not_validated_as_Tper,0.182,100,работает
RUN_20260509_VPLC_L3_STRESS_75_80_S01_R01,VPLC_L3_STRESS_75_80,SER_20260509_VPLC_L3_STRESS_75_80_S01,vPLC_container,VPLC_HOST,691,,,2026-05-09T20:54:51.206611764Z,,,,host_log,75,80,,,,,,3,512,,technical_check,vplc_status_cycle_duration_not_validated_as_Tper,0.252,100,работает
RUN_20260509_VPLC_L3_STRESS_75_80_S01_R01,VPLC_L3_STRESS_75_80,SER_20260509_VPLC_L3_STRESS_75_80_S01,vPLC_container,VPLC_HOST,692,,,2026-05-09T20:54:52.261698422Z,,,,host_log,75,80,,,,,,3,512,,technical_check,vplc_status_cycle_duration_not_validated_as_Tper,0.257,100,работает
RUN_20260509_VPLC_L3_STRESS_75_80_S01_R01,VPLC_L3_STRESS_75_80,SER_20260509_VPLC_L3_STRESS_75_80_S01,vPLC_container,VPLC_HOST,693,,,2026-05-09T20:54:53.316387194Z,,,,host_log,75,80,,,,,,3,512,,technical_check,vplc_status_cycle_duration_not_validated_as_Tper,0.257,100,работает
RUN_20260509_VPLC_L3_STRESS_75_80_S01_R01,VPLC_L3_STRESS_75_80,SER_20260509_VPLC_L3_STRESS_75_80_S01,vPLC_container,VPLC_HOST,694,,,2026-05-09T20:54:54.371815492Z,,,,host_log,75,80,,,,,,3,512,,technical_check,vplc_status_cycle_duration_not_validated_as_Tper,4.906,100,работает
RUN_20260509_VPLC_L3_STRESS_75_80_S01_R01,VPLC_L3_STRESS_75_80,SER_20260509_VPLC_L3_STRESS_75_80_S01,vPLC_container,VPLC_HOST,695,,,2026-05-09T20:54:55.426847514Z,,,,host_log,75,80,,,,,,3,512,,technical_check,vplc_status_cycle_duration_not_validated_as_Tper,0.236,100,работает
RUN_20260509_VPLC_L3_STRESS_75_80_S01_R01,VPLC_L3_STRESS_75_80,SER_20260509_VPLC_L3_STRESS_75_80_S01,vPLC_container,VPLC_HOST,696,,,2026-05-09T20:54:56.481964557Z,,,,host_log,75,80,,,,,,3,512,,technical_check,vplc_status_cycle_duration_not_validated_as_Tper,0.258,100,работает
RUN_20260509_VPLC_L3_STRESS_75_80_S01_R01,VPLC_L3_STRESS_75_80,SER_20260509_VPLC_L3_STRESS_75_80_S01,vPLC_container,VPLC_HOST,697,,,2026-05-09T20:54:57.534096320Z,,,,host_log,75,80,,,,,,3,512,,technical_check,vplc_status_cycle_duration_not_validated_as_Tper,0.233,100,работает
RUN_20260509_VPLC_L3_STRESS_75_80_S01_R01,VPLC_L3_STRESS_75_80,SER_20260509_VPLC_L3_STRESS_75_80_S01,vPLC_container,VPLC_HOST,698,,,2026-05-09T20:54:58.591986645Z,,,,host_log,75,80,,,,,,3,512,,technical_check,vplc_status_cycle_duration_not_validated_as_Tper,0.187,100,работает
RUN_20260509_VPLC_L3_STRESS_75_80_S01_R01,VPLC_L3_STRESS_75_80,SER_20260509_VPLC_L3_STRESS_75_80_S01,vPLC_container,VPLC_HOST,699,,,2026-05-09T20:54:59.647281166Z,,,,host_log,75,80,,,,,,3,512,,technical_check,vplc_status_cycle_duration_not_validated_as_Tper,0.138,100,работает
RUN_20260509_VPLC_L3_STRESS_75_80_S01_R01,VPLC_L3_STRESS_75_80,SER_20260509_VPLC_L3_STRESS_75_80_S01,vPLC_container,VPLC_HOST,700,,,2026-05-09T20:55:00.702848671Z,,,,host_log,75,80,,,,,,3,512,,technical_check,vplc_status_cycle_duration_not_validated_as_Tper,0.258,100,работает
RUN_20260509_VPLC_L3_STRESS_75_80_S01_R01,VPLC_L3_STRESS_75_80,SER_20260509_VPLC_L3_STRESS_75_80_S01,vPLC_container,VPLC_HOST,701,,,2026-05-09T20:55:01.758864465Z,,,,host_log,75,80,,,,,,3,512,,technical_check,vplc_status_cycle_duration_not_validated_as_Tper,0.241,100,работает
RUN_20260509_VPLC_L3_STRESS_75_80_S01_R01,VPLC_L3_STRESS_75_80,SER_20260509_VPLC_L3_STRESS_75_80_S01,vPLC_container,VPLC_HOST,702,,,2026-05-09T20:55:02.812416269Z,,,,host_log,75,80,,,,,,3,512,,technical_check,vplc_status_cycle_duration_not_validated_as_Tper,0.252,100,работает
RUN_20260509_VPLC_L3_STRESS_75_80_S01_R01,VPLC_L3_STRESS_75_80,SER_20260509_VPLC_L3_STRESS_75_80_S01,vPLC_container,VPLC_HOST,703,,,2026-05-09T20:55:03.868834409Z,,,,host_log,75,80,,,,,,3,512,,technical_check,vplc_status_cycle_duration_not_validated_as_Tper,0.255,100,работает
RUN_20260509_VPLC_L3_STRESS_75_80_S01_R01,VPLC_L3_STRESS_75_80,SER_20260509_VPLC_L3_STRESS_75_80_S01,vPLC_container,VPLC_HOST,704,,,2026-05-09T20:55:04.924168091Z,,,,host_log,75,80,,,,,,3,512,,technical_check,vplc_status_cycle_duration_not_validated_as_Tper,0.258,100,работает
RUN_20260509_VPLC_L3_STRESS_75_80_S01_R01,VPLC_L3_STRESS_75_80,SER_20260509_VPLC_L3_STRESS_75_80_S01,vPLC_container,VPLC_HOST,705,,,2026-05-09T20:55:05.978390682Z,,,,host_log,75,80,,,,,,3,512,,technical_check,vplc_status_cycle_duration_not_validated_as_Tper,0.254,100,работает
RUN_20260509_VPLC_L3_STRESS_75_80_S01_R01,VPLC_L3_STRESS_75_80,SER_20260509_VPLC_L3_STRESS_75_80_S01,vPLC_container,VPLC_HOST,706,,,2026-05-09T20:55:07.032657109Z,,,,host_log,75,80,,,,,,3,512,,technical_check,vplc_status_cycle_duration_not_validated_as_Tper,0.235,100,работает
RUN_20260509_VPLC_L3_STRESS_75_80_S01_R01,VPLC_L3_STRESS_75_80,SER_20260509_VPLC_L3_STRESS_75_80_S01,vPLC_container,VPLC_HOST,707,,,2026-05-09T20:55:08.089297981Z,,,,host_log,75,80,,,,,,3,512,,technical_check,vplc_status_cycle_duration_not_validated_as_Tper,0.255,100,работает
RUN_20260509_VPLC_L3_STRESS_75_80_S01_R01,VPLC_L3_STRESS_75_80,SER_20260509_VPLC_L3_STRESS_75_80_S01,vPLC_container,VPLC_HOST,708,,,2026-05-09T20:55:09.146351468Z,,,,host_log,75,80,,,,,,3,512,,technical_check,vplc_status_cycle_duration_not_validated_as_Tper,0.171,100,работает
RUN_20260509_VPLC_L3_STRESS_75_80_S01_R01,VPLC_L3_STRESS_75_80,SER_20260509_VPLC_L3_STRESS_75_80_S01,vPLC_container,VPLC_HOST,709,,,2026-05-09T20:55:10.198207030Z,,,,host_log,75,80,,,,,,3,512,,technical_check,vplc_status_cycle_duration_not_validated_as_Tper,0.254,100,работает
RUN_20260509_VPLC_L3_STRESS_75_80_S01_R01,VPLC_L3_STRESS_75_80,SER_20260509_VPLC_L3_STRESS_75_80_S01,vPLC_container,VPLC_HOST,710,,,2026-05-09T20:55:11.252242598Z,,,,host_log,75,80,,,,,,3,512,,technical_check,vplc_status_cycle_duration_not_validated_as_Tper,0.134,100,работает
RUN_20260509_VPLC_L3_STRESS_75_80_S01_R01,VPLC_L3_STRESS_75_80,SER_20260509_VPLC_L3_STRESS_75_80_S01,vPLC_container,VPLC_HOST,711,,,2026-05-09T20:55:12.305178077Z,,,,host_log,75,80,,,,,,3,512,,technical_check,vplc_status_cycle_duration_not_validated_as_Tper,0.256,100,работает
RUN_20260509_VPLC_L3_STRESS_75_80_S01_R01,VPLC_L3_STRESS_75_80,SER_20260509_VPLC_L3_STRESS_75_80_S01,vPLC_container,VPLC_HOST,712,,,2026-05-09T20:55:13.363050142Z,,,,host_log,75,80,,,,,,3,512,,technical_check,vplc_status_cycle_duration_not_validated_as_Tper,4.484,100,работает
RUN_20260509_VPLC_L3_STRESS_75_80_S01_R01,VPLC_L3_STRESS_75_80,SER_20260509_VPLC_L3_STRESS_75_80_S01,vPLC_container,VPLC_HOST,713,,,2026-05-09T20:55:14.418840664Z,,,,host_log,75,80,,,,,,3,512,,technical_check,vplc_status_cycle_duration_not_validated_as_Tper,4.729,100,работает
RUN_20260509_VPLC_L3_STRESS_75_80_S01_R01,VPLC_L3_STRESS_75_80,SER_20260509_VPLC_L3_STRESS_75_80_S01,vPLC_container,VPLC_HOST,714,,,2026-05-09T20:55:15.474813943Z,,,,host_log,75,80,,,,,,3,512,,technical_check,vplc_status_cycle_duration_not_validated_as_Tper,0.255,100,работает
RUN_20260509_VPLC_L3_STRESS_75_80_S01_R01,VPLC_L3_STRESS_75_80,SER_20260509_VPLC_L3_STRESS_75_80_S01,vPLC_container,VPLC_HOST,715,,,2026-05-09T20:55:16.526559485Z,,,,host_log,75,80,,,,,,3,512,,technical_check,vplc_status_cycle_duration_not_validated_as_Tper,0.231,100,работает
RUN_20260509_VPLC_L3_STRESS_75_80_S01_R01,VPLC_L3_STRESS_75_80,SER_20260509_VPLC_L3_STRESS_75_80_S01,vPLC_container,VPLC_HOST,716,,,2026-05-09T20:55:17.581306924Z,,,,host_log,75,80,,,,,,3,512,,technical_check,vplc_status_cycle_duration_not_validated_as_Tper,0.258,100,работает
RUN_20260509_VPLC_L3_STRESS_75_80_S01_R01,VPLC_L3_STRESS_75_80,SER_20260509_VPLC_L3_STRESS_75_80_S01,vPLC_container,VPLC_HOST,717,,,2026-05-09T20:55:18.639734059Z,,,,host_log,75,80,,,,,,3,512,,technical_check,vplc_status_cycle_duration_not_validated_as_Tper,0.237,100,работает
RUN_20260509_VPLC_L3_STRESS_75_80_S01_R01,VPLC_L3_STRESS_75_80,SER_20260509_VPLC_L3_STRESS_75_80_S01,vPLC_container,VPLC_HOST,718,,,2026-05-09T20:55:19.692080356Z,,,,host_log,75,80,,,,,,3,512,,technical_check,vplc_status_cycle_duration_not_validated_as_Tper,0.255,100,работает
RUN_20260509_VPLC_L3_STRESS_75_80_S01_R01,VPLC_L3_STRESS_75_80,SER_20260509_VPLC_L3_STRESS_75_80_S01,vPLC_container,VPLC_HOST,719,,,2026-05-09T20:55:20.750258009Z,,,,host_log,75,80,,,,,,3,512,,technical_check,vplc_status_cycle_duration_not_validated_as_Tper,0.126,100,работает
RUN_20260509_VPLC_L3_STRESS_75_80_S01_R01,VPLC_L3_STRESS_75_80,SER_20260509_VPLC_L3_STRESS_75_80_S01,vPLC_container,VPLC_HOST,720,,,2026-05-09T20:55:21.806056137Z,,,,host_log,75,80,,,,,,3,512,,technical_check,vplc_status_cycle_duration_not_validated_as_Tper,0.254,100,работает
RUN_20260509_VPLC_L3_STRESS_75_80_S01_R01,VPLC_L3_STRESS_75_80,SER_20260509_VPLC_L3_STRESS_75_80_S01,vPLC_container,VPLC_HOST,721,,,2026-05-09T20:55:22.857741524Z,,,,host_log,75,80,,,,,,3,512,,technical_check,vplc_status_cycle_duration_not_validated_as_Tper,0.239,100,работает
RUN_20260509_VPLC_L3_STRESS_75_80_S01_R01,VPLC_L3_STRESS_75_80,SER_20260509_VPLC_L3_STRESS_75_80_S01,vPLC_container,VPLC_HOST,722,,,2026-05-09T20:55:23.915376047Z,,,,host_log,75,80,,,,,,3,512,,technical_check,vplc_status_cycle_duration_not_validated_as_Tper,0.256,100,работает
RUN_20260509_VPLC_L3_STRESS_75_80_S01_R01,VPLC_L3_STRESS_75_80,SER_20260509_VPLC_L3_STRESS_75_80_S01,vPLC_container,VPLC_HOST,723,,,2026-05-09T20:55:24.968748281Z,,,,host_log,75,80,,,,,,3,512,,technical_check,vplc_status_cycle_duration_not_validated_as_Tper,0.254,100,работает
RUN_20260509_VPLC_L3_STRESS_75_80_S01_R01,VPLC_L3_STRESS_75_80,SER_20260509_VPLC_L3_STRESS_75_80_S01,vPLC_container,VPLC_HOST,724,,,2026-05-09T20:55:26.026396918Z,,,,host_log,75,80,,,,,,3,512,,technical_check,vplc_status_cycle_duration_not_validated_as_Tper,0.237,100,работает
RUN_20260509_VPLC_L3_STRESS_75_80_S01_R01,VPLC_L3_STRESS_75_80,SER_20260509_VPLC_L3_STRESS_75_80_S01,vPLC_container,VPLC_HOST,725,,,2026-05-09T20:55:27.081799880Z,,,,host_log,75,80,,,,,,3,512,,technical_check,vplc_status_cycle_duration_not_validated_as_Tper,0.258,100,работает
RUN_20260509_VPLC_L3_STRESS_75_80_S01_R01,VPLC_L3_STRESS_75_80,SER_20260509_VPLC_L3_STRESS_75_80_S01,vPLC_container,VPLC_HOST,726,,,2026-05-09T20:55:28.138767012Z,,,,host_log,75,80,,,,,,3,512,,technical_check,vplc_status_cycle_duration_not_validated_as_Tper,0.231,100,работает
RUN_20260509_VPLC_L3_STRESS_75_80_S01_R01,VPLC_L3_STRESS_75_80,SER_20260509_VPLC_L3_STRESS_75_80_S01,vPLC_container,VPLC_HOST,727,,,2026-05-09T20:55:29.193734535Z,,,,host_log,75,80,,,,,,3,512,,technical_check,vplc_status_cycle_duration_not_validated_as_Tper,0.251,100,работает
RUN_20260509_VPLC_L3_STRESS_75_80_S01_R01,VPLC_L3_STRESS_75_80,SER_20260509_VPLC_L3_STRESS_75_80_S01,vPLC_container,VPLC_HOST,728,,,2026-05-09T20:55:30.248781444Z,,,,host_log,75,80,,,,,,3,512,,technical_check,vplc_status_cycle_duration_not_validated_as_Tper,0.154,100,работает
RUN_20260509_VPLC_L3_STRESS_75_80_S01_R01,VPLC_L3_STRESS_75_80,SER_20260509_VPLC_L3_STRESS_75_80_S01,vPLC_container,VPLC_HOST,729,,,2026-05-09T20:55:31.303415438Z,,,,host_log,75,80,,,,,,3,512,,technical_check,vplc_status_cycle_duration_not_validated_as_Tper,0.257,100,работает
RUN_20260509_VPLC_L3_STRESS_75_80_S01_R01,VPLC_L3_STRESS_75_80,SER_20260509_VPLC_L3_STRESS_75_80_S01,vPLC_container,VPLC_HOST,730,,,2026-05-09T20:55:32.355317998Z,,,,host_log,75,80,,,,,,3,512,,technical_check,vplc_status_cycle_duration_not_validated_as_Tper,3.912,100,работает
RUN_20260509_VPLC_L3_STRESS_75_80_S01_R01,VPLC_L3_STRESS_75_80,SER_20260509_VPLC_L3_STRESS_75_80_S01,vPLC_container,VPLC_HOST,731,,,2026-05-09T20:55:33.413193398Z,,,,host_log,75,80,,,,,,3,512,,technical_check,vplc_status_cycle_duration_not_validated_as_Tper,4.833,100,работает
RUN_20260509_VPLC_L3_STRESS_75_80_S01_R01,VPLC_L3_STRESS_75_80,SER_20260509_VPLC_L3_STRESS_75_80_S01,vPLC_container,VPLC_HOST,732,,,2026-05-09T20:55:34.470580742Z,,,,host_log,75,80,,,,,,3,512,,technical_check,vplc_status_cycle_duration_not_validated_as_Tper,0.260,100,работает
RUN_20260509_VPLC_L3_STRESS_75_80_S01_R01,VPLC_L3_STRESS_75_80,SER_20260509_VPLC_L3_STRESS_75_80_S01,vPLC_container,VPLC_HOST,733,,,2026-05-09T20:55:35.525745866Z,,,,host_log,75,80,,,,,,3,512,,technical_check,vplc_status_cycle_duration_not_validated_as_Tper,0.235,100,работает
RUN_20260509_VPLC_L3_STRESS_75_80_S01_R01,VPLC_L3_STRESS_75_80,SER_20260509_VPLC_L3_STRESS_75_80_S01,vPLC_container,VPLC_HOST,734,,,2026-05-09T20:55:36.580333641Z,,,,host_log,75,80,,,,,,3,512,,technical_check,vplc_status_cycle_duration_not_validated_as_Tper,0.252,100,работает
RUN_20260509_VPLC_L3_STRESS_75_80_S01_R01,VPLC_L3_STRESS_75_80,SER_20260509_VPLC_L3_STRESS_75_80_S01,vPLC_container,VPLC_HOST,735,,,2026-05-09T20:55:37.633284390Z,,,,host_log,75,80,,,,,,3,512,,technical_check,vplc_status_cycle_duration_not_validated_as_Tper,0.235,100,работает
RUN_20260509_VPLC_L3_STRESS_75_80_S01_R01,VPLC_L3_STRESS_75_80,SER_20260509_VPLC_L3_STRESS_75_80_S01,vPLC_container,VPLC_HOST,736,,,2026-05-09T20:55:38.689050467Z,,,,host_log,75,80,,,,,,3,512,,technical_check,vplc_status_cycle_duration_not_validated_as_Tper,0.258,100,работает
RUN_20260509_VPLC_L3_STRESS_75_80_S01_R01,VPLC_L3_STRESS_75_80,SER_20260509_VPLC_L3_STRESS_75_80_S01,vPLC_container,VPLC_HOST,737,,,2026-05-09T20:55:39.743974673Z,,,,host_log,75,80,,,,,,3,512,,technical_check,vplc_status_cycle_duration_not_validated_as_Tper,0.235,100,работает
RUN_20260509_VPLC_L3_STRESS_75_80_S01_R01,VPLC_L3_STRESS_75_80,SER_20260509_VPLC_L3_STRESS_75_80_S01,vPLC_container,VPLC_HOST,738,,,2026-05-09T20:55:40.799130435Z,,,,host_log,75,80,,,,,,3,512,,technical_check,vplc_status_cycle_duration_not_validated_as_Tper,0.253,100,работает
RUN_20260509_VPLC_L3_STRESS_75_80_S01_R01,VPLC_L3_STRESS_75_80,SER_20260509_VPLC_L3_STRESS_75_80_S01,vPLC_container,VPLC_HOST,739,,,2026-05-09T20:55:41.857755282Z,,,,host_log,75,80,,,,,,3,512,,technical_check,vplc_status_cycle_duration_not_validated_as_Tper,0.242,100,работает
RUN_20260509_VPLC_L3_STRESS_75_80_S01_R01,VPLC_L3_STRESS_75_80,SER_20260509_VPLC_L3_STRESS_75_80_S01,vPLC_container,VPLC_HOST,740,,,2026-05-09T20:55:42.912897069Z,,,,host_log,75,80,,,,,,3,512,,technical_check,vplc_status_cycle_duration_not_validated_as_Tper,0.256,100,работает
RUN_20260509_VPLC_L3_STRESS_75_80_S01_R01,VPLC_L3_STRESS_75_80,SER_20260509_VPLC_L3_STRESS_75_80_S01,vPLC_container,VPLC_HOST,741,,,2026-05-09T20:55:43.967415438Z,,,,host_log,75,80,,,,,,3,512,,technical_check,vplc_status_cycle_duration_not_validated_as_Tper,0.257,100,работает
RUN_20260509_VPLC_L3_STRESS_75_80_S01_R01,VPLC_L3_STRESS_75_80,SER_20260509_VPLC_L3_STRESS_75_80_S01,vPLC_container,VPLC_HOST,742,,,2026-05-09T20:55:45.018280235Z,,,,host_log,75,80,,,,,,3,512,,technical_check,vplc_status_cycle_duration_not_validated_as_Tper,0.253,100,работает
RUN_20260509_VPLC_L3_STRESS_75_80_S01_R01,VPLC_L3_STRESS_75_80,SER_20260509_VPLC_L3_STRESS_75_80_S01,vPLC_container,VPLC_HOST,743,,,2026-05-09T20:55:46.078916448Z,,,,host_log,75,80,,,,,,3,512,,technical_check,vplc_status_cycle_duration_not_validated_as_Tper,0.257,100,работает
RUN_20260509_VPLC_L3_STRESS_75_80_S01_R01,VPLC_L3_STRESS_75_80,SER_20260509_VPLC_L3_STRESS_75_80_S01,vPLC_container,VPLC_HOST,744,,,2026-05-09T20:55:47.133404005Z,,,,host_log,75,80,,,,,,3,512,,technical_check,vplc_status_cycle_duration_not_validated_as_Tper,0.235,100,работает
RUN_20260509_VPLC_L3_STRESS_75_80_S01_R01,VPLC_L3_STRESS_75_80,SER_20260509_VPLC_L3_STRESS_75_80_S01,vPLC_container,VPLC_HOST,745,,,2026-05-09T20:55:48.188973710Z,,,,host_log,75,80,,,,,,3,512,,technical_check,vplc_status_cycle_duration_not_validated_as_Tper,0.258,100,работает
RUN_20260509_VPLC_L3_STRESS_75_80_S01_R01,VPLC_L3_STRESS_75_80,SER_20260509_VPLC_L3_STRESS_75_80_S01,vPLC_container,VPLC_HOST,746,,,2026-05-09T20:55:49.244336847Z,,,,host_log,75,80,,,,,,3,512,,technical_check,vplc_status_cycle_duration_not_validated_as_Tper,0.235,100,работает
RUN_20260509_VPLC_L3_STRESS_75_80_S01_R01,VPLC_L3_STRESS_75_80,SER_20260509_VPLC_L3_STRESS_75_80_S01,vPLC_container,VPLC_HOST,747,,,2026-05-09T20:55:50.300524342Z,,,,host_log,75,80,,,,,,3,512,,technical_check,vplc_status_cycle_duration_not_validated_as_Tper,0.255,100,работает
RUN_20260509_VPLC_L3_STRESS_75_80_S01_R01,VPLC_L3_STRESS_75_80,SER_20260509_VPLC_L3_STRESS_75_80_S01,vPLC_container,VPLC_HOST,748,,,2026-05-09T20:55:51.353127574Z,,,,host_log,75,80,,,,,,3,512,,technical_check,vplc_status_cycle_duration_not_validated_as_Tper,3.788,100,работает
RUN_20260509_VPLC_L3_STRESS_75_80_S01_R01,VPLC_L3_STRESS_75_80,SER_20260509_VPLC_L3_STRESS_75_80_S01,vPLC_container,VPLC_HOST,749,,,2026-05-09T20:55:52.408835695Z,,,,host_log,75,80,,,,,,3,512,,technical_check,vplc_status_cycle_duration_not_validated_as_Tper,4.943,100,работает
RUN_20260509_VPLC_L3_STRESS_75_80_S01_R01,VPLC_L3_STRESS_75_80,SER_20260509_VPLC_L3_STRESS_75_80_S01,vPLC_container,VPLC_HOST,750,,,2026-05-09T20:55:53.465524320Z,,,,host_log,75,80,,,,,,3,512,,technical_check,vplc_status_cycle_duration_not_validated_as_Tper,0.230,100,работает
RUN_20260509_VPLC_L3_STRESS_75_80_S01_R01,VPLC_L3_STRESS_75_80,SER_20260509_VPLC_L3_STRESS_75_80_S01,vPLC_container,VPLC_HOST,751,,,2026-05-09T20:55:54.520348714Z,,,,host_log,75,80,,,,,,3,512,,technical_check,vplc_status_cycle_duration_not_validated_as_Tper,0.257,100,работает
RUN_20260509_VPLC_L3_STRESS_75_80_S01_R01,VPLC_L3_STRESS_75_80,SER_20260509_VPLC_L3_STRESS_75_80_S01,vPLC_container,VPLC_HOST,752,,,2026-05-09T20:55:55.573899320Z,,,,host_log,75,80,,,,,,3,512,,technical_check,vplc_status_cycle_duration_not_validated_as_Tper,0.250,100,работает
RUN_20260509_VPLC_L3_STRESS_75_80_S01_R01,VPLC_L3_STRESS_75_80,SER_20260509_VPLC_L3_STRESS_75_80_S01,vPLC_container,VPLC_HOST,753,,,2026-05-09T20:55:56.627772238Z,,,,host_log,75,80,,,,,,3,512,,technical_check,vplc_status_cycle_duration_not_validated_as_Tper,0.238,100,работает
RUN_20260509_VPLC_L3_STRESS_75_80_S01_R01,VPLC_L3_STRESS_75_80,SER_20260509_VPLC_L3_STRESS_75_80_S01,vPLC_container,VPLC_HOST,754,,,2026-05-09T20:55:57.684518926Z,,,,host_log,75,80,,,,,,3,512,,technical_check,vplc_status_cycle_duration_not_validated_as_Tper,0.259,100,работает
RUN_20260509_VPLC_L3_STRESS_75_80_S01_R01,VPLC_L3_STRESS_75_80,SER_20260509_VPLC_L3_STRESS_75_80_S01,vPLC_container,VPLC_HOST,755,,,2026-05-09T20:55:58.741871022Z,,,,host_log,75,80,,,,,,3,512,,technical_check,vplc_status_cycle_duration_not_validated_as_Tper,0.230,100,работает
RUN_20260509_VPLC_L3_STRESS_75_80_S01_R01,VPLC_L3_STRESS_75_80,SER_20260509_VPLC_L3_STRESS_75_80_S01,vPLC_container,VPLC_HOST,756,,,2026-05-09T20:55:59.795982287Z,,,,host_log,75,80,,,,,,3,512,,technical_check,vplc_status_cycle_duration_not_validated_as_Tper,0.251,100,работает
RUN_20260509_VPLC_L3_STRESS_75_80_S01_R01,VPLC_L3_STRESS_75_80,SER_20260509_VPLC_L3_STRESS_75_80_S01,vPLC_container,VPLC_HOST,757,,,2026-05-09T20:56:00.853826922Z,,,,host_log,75,80,,,,,,3,512,,technical_check,vplc_status_cycle_duration_not_validated_as_Tper,0.173,100,работает
RUN_20260509_VPLC_L3_STRESS_75_80_S01_R01,VPLC_L3_STRESS_75_80,SER_20260509_VPLC_L3_STRESS_75_80_S01,vPLC_container,VPLC_HOST,758,,,2026-05-09T20:56:01.907372716Z,,,,host_log,75,80,,,,,,3,512,,technical_check,vplc_status_cycle_duration_not_validated_as_Tper,0.258,100,работает
RUN_20260509_VPLC_L3_STRESS_75_80_S01_R01,VPLC_L3_STRESS_75_80,SER_20260509_VPLC_L3_STRESS_75_80_S01,vPLC_container,VPLC_HOST,759,,,2026-05-09T20:56:02.963660263Z,,,,host_log,75,80,,,,,,3,512,,technical_check,vplc_status_cycle_duration_not_validated_as_Tper,0.252,100,работает
RUN_20260509_VPLC_L3_STRESS_75_80_S01_R01,VPLC_L3_STRESS_75_80,SER_20260509_VPLC_L3_STRESS_75_80_S01,vPLC_container,VPLC_HOST,760,,,2026-05-09T20:56:04.019605776Z,,,,host_log,75,80,,,,,,3,512,,technical_check,vplc_status_cycle_duration_not_validated_as_Tper,0.252,100,работает
RUN_20260509_VPLC_L3_STRESS_75_80_S01_R01,VPLC_L3_STRESS_75_80,SER_20260509_VPLC_L3_STRESS_75_80_S01,vPLC_container,VPLC_HOST,761,,,2026-05-09T20:56:05.073856936Z,,,,host_log,75,80,,,,,,3,512,,technical_check,vplc_status_cycle_duration_not_validated_as_Tper,0.258,100,работает
RUN_20260509_VPLC_L3_STRESS_75_80_S01_R01,VPLC_L3_STRESS_75_80,SER_20260509_VPLC_L3_STRESS_75_80_S01,vPLC_container,VPLC_HOST,762,,,2026-05-09T20:56:06.129424377Z,,,,host_log,75,80,,,,,,3,512,,technical_check,vplc_status_cycle_duration_not_validated_as_Tper,0.231,100,работает
RUN_20260509_VPLC_L3_STRESS_75_80_S01_R01,VPLC_L3_STRESS_75_80,SER_20260509_VPLC_L3_STRESS_75_80_S01,vPLC_container,VPLC_HOST,763,,,2026-05-09T20:56:07.185609655Z,,,,host_log,75,80,,,,,,3,512,,technical_check,vplc_status_cycle_duration_not_validated_as_Tper,0.247,100,работает
RUN_20260509_VPLC_L3_STRESS_75_80_S01_R01,VPLC_L3_STRESS_75_80,SER_20260509_VPLC_L3_STRESS_75_80_S01,vPLC_container,VPLC_HOST,764,,,2026-05-09T20:56:08.240151996Z,,,,host_log,75,80,,,,,,3,512,,technical_check,vplc_status_cycle_duration_not_validated_as_Tper,0.234,100,работает
RUN_20260509_VPLC_L3_STRESS_75_80_S01_R01,VPLC_L3_STRESS_75_80,SER_20260509_VPLC_L3_STRESS_75_80_S01,vPLC_container,VPLC_HOST,765,,,2026-05-09T20:56:09.295888064Z,,,,host_log,75,80,,,,,,3,512,,technical_check,vplc_status_cycle_duration_not_validated_as_Tper,0.258,100,работает
RUN_20260509_VPLC_L3_STRESS_75_80_S01_R01,VPLC_L3_STRESS_75_80,SER_20260509_VPLC_L3_STRESS_75_80_S01,vPLC_container,VPLC_HOST,766,,,2026-05-09T20:56:10.350970906Z,,,,host_log,75,80,,,,,,3,512,,technical_check,vplc_status_cycle_duration_not_validated_as_Tper,3.749,100,работает
RUN_20260509_VPLC_L3_STRESS_75_80_S01_R01,VPLC_L3_STRESS_75_80,SER_20260509_VPLC_L3_STRESS_75_80_S01,vPLC_container,VPLC_HOST,767,,,2026-05-09T20:56:11.403232037Z,,,,host_log,75,80,,,,,,3,512,,technical_check,vplc_status_cycle_duration_not_validated_as_Tper,5.122,100,работает
RUN_20260509_VPLC_L3_STRESS_75_80_S01_R01,VPLC_L3_STRESS_75_80,SER_20260509_VPLC_L3_STRESS_75_80_S01,vPLC_container,VPLC_HOST,768,,,2026-05-09T20:56:12.459048984Z,,,,host_log,75,80,,,,,,3,512,,technical_check,vplc_status_cycle_duration_not_validated_as_Tper,0.258,100,работает
RUN_20260509_VPLC_L3_STRESS_75_80_S01_R01,VPLC_L3_STRESS_75_80,SER_20260509_VPLC_L3_STRESS_75_80_S01,vPLC_container,VPLC_HOST,769,,,2026-05-09T20:56:13.515434963Z,,,,host_log,75,80,,,,,,3,512,,technical_check,vplc_status_cycle_duration_not_validated_as_Tper,0.259,100,работает
RUN_20260509_VPLC_L3_STRESS_75_80_S01_R01,VPLC_L3_STRESS_75_80,SER_20260509_VPLC_L3_STRESS_75_80_S01,vPLC_container,VPLC_HOST,770,,,2026-05-09T20:56:14.571737340Z,,,,host_log,75,80,,,,,,3,512,,technical_check,vplc_status_cycle_duration_not_validated_as_Tper,0.256,100,работает
RUN_20260509_VPLC_L3_STRESS_75_80_S01_R01,VPLC_L3_STRESS_75_80,SER_20260509_VPLC_L3_STRESS_75_80_S01,vPLC_container,VPLC_HOST,771,,,2026-05-09T20:56:15.626059892Z,,,,host_log,75,80,,,,,,3,512,,technical_check,vplc_status_cycle_duration_not_validated_as_Tper,0.237,100,работает
RUN_20260509_VPLC_L3_STRESS_75_80_S01_R01,VPLC_L3_STRESS_75_80,SER_20260509_VPLC_L3_STRESS_75_80_S01,vPLC_container,VPLC_HOST,772,,,2026-05-09T20:56:16.682412395Z,,,,host_log,75,80,,,,,,3,512,,technical_check,vplc_status_cycle_duration_not_validated_as_Tper,0.256,100,работает
RUN_20260509_VPLC_L3_STRESS_75_80_S01_R01,VPLC_L3_STRESS_75_80,SER_20260509_VPLC_L3_STRESS_75_80_S01,vPLC_container,VPLC_HOST,773,,,2026-05-09T20:56:17.737690952Z,,,,host_log,75,80,,,,,,3,512,,technical_check,vplc_status_cycle_duration_not_validated_as_Tper,0.236,100,работает
RUN_20260509_VPLC_L3_STRESS_75_80_S01_R01,VPLC_L3_STRESS_75_80,SER_20260509_VPLC_L3_STRESS_75_80_S01,vPLC_container,VPLC_HOST,774,,,2026-05-09T20:56:18.793097006Z,,,,host_log,75,80,,,,,,3,512,,technical_check,vplc_status_cycle_duration_not_validated_as_Tper,0.254,100,работает
RUN_20260509_VPLC_L3_STRESS_75_80_S01_R01,VPLC_L3_STRESS_75_80,SER_20260509_VPLC_L3_STRESS_75_80_S01,vPLC_container,VPLC_HOST,775,,,2026-05-09T20:56:19.849257644Z,,,,host_log,75,80,,,,,,3,512,,technical_check,vplc_status_cycle_duration_not_validated_as_Tper,0.153,100,работает
RUN_20260509_VPLC_L3_STRESS_75_80_S01_R01,VPLC_L3_STRESS_75_80,SER_20260509_VPLC_L3_STRESS_75_80_S01,vPLC_container,VPLC_HOST,776,,,2026-05-09T20:56:20.904797524Z,,,,host_log,75,80,,,,,,3,512,,technical_check,vplc_status_cycle_duration_not_validated_as_Tper,0.255,100,работает
RUN_20260509_VPLC_L3_STRESS_75_80_S01_R01,VPLC_L3_STRESS_75_80,SER_20260509_VPLC_L3_STRESS_75_80_S01,vPLC_container,VPLC_HOST,777,,,2026-05-09T20:56:21.957583880Z,,,,host_log,75,80,,,,,,3,512,,technical_check,vplc_status_cycle_duration_not_validated_as_Tper,0.240,100,работает
RUN_20260509_VPLC_L3_STRESS_75_80_S01_R01,VPLC_L3_STRESS_75_80,SER_20260509_VPLC_L3_STRESS_75_80_S01,vPLC_container,VPLC_HOST,778,,,2026-05-09T20:56:23.015720589Z,,,,host_log,75,80,,,,,,3,512,,technical_check,vplc_status_cycle_duration_not_validated_as_Tper,0.255,100,работает
RUN_20260509_VPLC_L3_STRESS_75_80_S01_R01,VPLC_L3_STRESS_75_80,SER_20260509_VPLC_L3_STRESS_75_80_S01,vPLC_container,VPLC_HOST,779,,,2026-05-09T20:56:24.068311968Z,,,,host_log,75,80,,,,,,3,512,,technical_check,vplc_status_cycle_duration_not_validated_as_Tper,0.257,100,работает
RUN_20260509_VPLC_L3_STRESS_75_80_S01_R01,VPLC_L3_STRESS_75_80,SER_20260509_VPLC_L3_STRESS_75_80_S01,vPLC_container,VPLC_HOST,780,,,2026-05-09T20:56:25.124293999Z,,,,host_log,75,80,,,,,,3,512,,technical_check,vplc_status_cycle_duration_not_validated_as_Tper,0.253,100,работает
RUN_20260509_VPLC_L3_STRESS_75_80_S01_R01,VPLC_L3_STRESS_75_80,SER_20260509_VPLC_L3_STRESS_75_80_S01,vPLC_container,VPLC_HOST,781,,,2026-05-09T20:56:26.180624809Z,,,,host_log,75,80,,,,,,3,512,,technical_check,vplc_status_cycle_duration_not_validated_as_Tper,0.258,100,работает
RUN_20260509_VPLC_L3_STRESS_75_80_S01_R01,VPLC_L3_STRESS_75_80,SER_20260509_VPLC_L3_STRESS_75_80_S01,vPLC_container,VPLC_HOST,782,,,2026-05-09T20:56:27.236135712Z,,,,host_log,75,80,,,,,,3,512,,technical_check,vplc_status_cycle_duration_not_validated_as_Tper,0.238,100,работает
RUN_20260509_VPLC_L3_STRESS_75_80_S01_R01,VPLC_L3_STRESS_75_80,SER_20260509_VPLC_L3_STRESS_75_80_S01,vPLC_container,VPLC_HOST,783,,,2026-05-09T20:56:28.290253818Z,,,,host_log,75,80,,,,,,3,512,,technical_check,vplc_status_cycle_duration_not_validated_as_Tper,0.255,100,работает
RUN_20260509_VPLC_L3_STRESS_75_80_S01_R01,VPLC_L3_STRESS_75_80,SER_20260509_VPLC_L3_STRESS_75_80_S01,vPLC_container,VPLC_HOST,784,,,2026-05-09T20:56:29.342338639Z,,,,host_log,75,80,,,,,,3,512,,technical_check,vplc_status_cycle_duration_not_validated_as_Tper,4.565,100,работает
RUN_20260509_VPLC_L3_STRESS_75_80_S01_R01,VPLC_L3_STRESS_75_80,SER_20260509_VPLC_L3_STRESS_75_80_S01,vPLC_container,VPLC_HOST,785,,,2026-05-09T20:56:30.397643670Z,,,,host_log,75,80,,,,,,3,512,,technical_check,vplc_status_cycle_duration_not_validated_as_Tper,5.102,100,работает
RUN_20260509_VPLC_L3_STRESS_75_80_S01_R01,VPLC_L3_STRESS_75_80,SER_20260509_VPLC_L3_STRESS_75_80_S01,vPLC_container,VPLC_HOST,786,,,2026-05-09T20:56:31.453773557Z,,,,host_log,75,80,,,,,,3,512,,technical_check,vplc_status_cycle_duration_not_validated_as_Tper,0.144,100,работает
RUN_20260509_VPLC_L3_STRESS_75_80_S01_R01,VPLC_L3_STRESS_75_80,SER_20260509_VPLC_L3_STRESS_75_80_S01,vPLC_container,VPLC_HOST,787,,,2026-05-09T20:56:32.513132539Z,,,,host_log,75,80,,,,,,3,512,,technical_check,vplc_status_cycle_duration_not_validated_as_Tper,0.256,100,работает
RUN_20260509_VPLC_L3_STRESS_75_80_S01_R01,VPLC_L3_STRESS_75_80,SER_20260509_VPLC_L3_STRESS_75_80_S01,vPLC_container,VPLC_HOST,788,,,2026-05-09T20:56:33.568799830Z,,,,host_log,75,80,,,,,,3,512,,technical_check,vplc_status_cycle_duration_not_validated_as_Tper,0.252,100,работает
RUN_20260509_VPLC_L3_STRESS_75_80_S01_R01,VPLC_L3_STRESS_75_80,SER_20260509_VPLC_L3_STRESS_75_80_S01,vPLC_container,VPLC_HOST,789,,,2026-05-09T20:56:34.623180434Z,,,,host_log,75,80,,,,,,3,512,,technical_check,vplc_status_cycle_duration_not_validated_as_Tper,0.238,100,работает
RUN_20260509_VPLC_L3_STRESS_75_80_S01_R01,VPLC_L3_STRESS_75_80,SER_20260509_VPLC_L3_STRESS_75_80_S01,vPLC_container,VPLC_HOST,790,,,2026-05-09T20:56:35.678803408Z,,,,host_log,75,80,,,,,,3,512,,technical_check,vplc_status_cycle_duration_not_validated_as_Tper,0.260,100,работает
RUN_20260509_VPLC_L3_STRESS_75_80_S01_R01,VPLC_L3_STRESS_75_80,SER_20260509_VPLC_L3_STRESS_75_80_S01,vPLC_container,VPLC_HOST,791,,,2026-05-09T20:56:36.734292032Z,,,,host_log,75,80,,,,,,3,512,,technical_check,vplc_status_cycle_duration_not_validated_as_Tper,0.231,100,работает
RUN_20260509_VPLC_L3_STRESS_75_80_S01_R01,VPLC_L3_STRESS_75_80,SER_20260509_VPLC_L3_STRESS_75_80_S01,vPLC_container,VPLC_HOST,792,,,2026-05-09T20:56:37.787449693Z,,,,host_log,75,80,,,,,,3,512,,technical_check,vplc_status_cycle_duration_not_validated_as_Tper,0.251,100,работает
RUN_20260509_VPLC_L3_STRESS_75_80_S01_R01,VPLC_L3_STRESS_75_80,SER_20260509_VPLC_L3_STRESS_75_80_S01,vPLC_container,VPLC_HOST,793,,,2026-05-09T20:56:38.842964998Z,,,,host_log,75,80,,,,,,3,512,,technical_check,vplc_status_cycle_duration_not_validated_as_Tper,0.237,100,работает
RUN_20260509_VPLC_L3_STRESS_75_80_S01_R01,VPLC_L3_STRESS_75_80,SER_20260509_VPLC_L3_STRESS_75_80_S01,vPLC_container,VPLC_HOST,794,,,2026-05-09T20:56:39.897730553Z,,,,host_log,75,80,,,,,,3,512,,technical_check,vplc_status_cycle_duration_not_validated_as_Tper,0.260,100,работает
RUN_20260509_VPLC_L3_STRESS_75_80_S01_R01,VPLC_L3_STRESS_75_80,SER_20260509_VPLC_L3_STRESS_75_80_S01,vPLC_container,VPLC_HOST,795,,,2026-05-09T20:56:40.956059050Z,,,,host_log,75,80,,,,,,3,512,,technical_check,vplc_status_cycle_duration_not_validated_as_Tper,0.184,100,работает
RUN_20260509_VPLC_L3_STRESS_75_80_S01_R01,VPLC_L3_STRESS_75_80,SER_20260509_VPLC_L3_STRESS_75_80_S01,vPLC_container,VPLC_HOST,796,,,2026-05-09T20:56:42.011912500Z,,,,host_log,75,80,,,,,,3,512,,technical_check,vplc_status_cycle_duration_not_validated_as_Tper,0.251,100,работает
RUN_20260509_VPLC_L3_STRESS_75_80_S01_R01,VPLC_L3_STRESS_75_80,SER_20260509_VPLC_L3_STRESS_75_80_S01,vPLC_container,VPLC_HOST,797,,,2026-05-09T20:56:43.067021120Z,,,,host_log,75,80,,,,,,3,512,,technical_check,vplc_status_cycle_duration_not_validated_as_Tper,0.257,100,работает
RUN_20260509_VPLC_L3_STRESS_75_80_S01_R01,VPLC_L3_STRESS_75_80,SER_20260509_VPLC_L3_STRESS_75_80_S01,vPLC_container,VPLC_HOST,798,,,2026-05-09T20:56:44.122918447Z,,,,host_log,75,80,,,,,,3,512,,technical_check,vplc_status_cycle_duration_not_validated_as_Tper,0.261,100,работает
RUN_20260509_VPLC_L3_STRESS_75_80_S01_R01,VPLC_L3_STRESS_75_80,SER_20260509_VPLC_L3_STRESS_75_80_S01,vPLC_container,VPLC_HOST,799,,,2026-05-09T20:56:45.176674738Z,,,,host_log,75,80,,,,,,3,512,,technical_check,vplc_status_cycle_duration_not_validated_as_Tper,0.251,100,работает
RUN_20260509_VPLC_L3_STRESS_75_80_S01_R01,VPLC_L3_STRESS_75_80,SER_20260509_VPLC_L3_STRESS_75_80_S01,vPLC_container,VPLC_HOST,800,,,2026-05-09T20:56:46.233075314Z,,,,host_log,75,80,,,,,,3,512,,technical_check,vplc_status_cycle_duration_not_validated_as_Tper,0.235,100,работает
RUN_20260509_VPLC_L3_STRESS_75_80_S01_R01,VPLC_L3_STRESS_75_80,SER_20260509_VPLC_L3_STRESS_75_80_S01,vPLC_container,VPLC_HOST,801,,,2026-05-09T20:56:47.285810743Z,,,,host_log,75,80,,,,,,3,512,,technical_check,vplc_status_cycle_duration_not_validated_as_Tper,0.258,100,работает
RUN_20260509_VPLC_L3_STRESS_75_80_S01_R01,VPLC_L3_STRESS_75_80,SER_20260509_VPLC_L3_STRESS_75_80_S01,vPLC_container,VPLC_HOST,802,,,2026-05-09T20:56:48.342838081Z,,,,host_log,75,80,,,,,,3,512,,technical_check,vplc_status_cycle_duration_not_validated_as_Tper,4.636,100,работает
RUN_20260509_VPLC_L3_STRESS_75_80_S01_R01,VPLC_L3_STRESS_75_80,SER_20260509_VPLC_L3_STRESS_75_80_S01,vPLC_container,VPLC_HOST,803,,,2026-05-09T20:56:49.397824224Z,,,,host_log,75,80,,,,,,3,512,,technical_check,vplc_status_cycle_duration_not_validated_as_Tper,5.122,100,работает
RUN_20260509_VPLC_L3_STRESS_75_80_S01_R01,VPLC_L3_STRESS_75_80,SER_20260509_VPLC_L3_STRESS_75_80_S01,vPLC_container,VPLC_HOST,804,,,2026-05-09T20:56:50.451934890Z,,,,host_log,75,80,,,,,,3,512,,technical_check,vplc_status_cycle_duration_not_validated_as_Tper,0.129,100,работает
RUN_20260509_VPLC_L3_STRESS_75_80_S01_R01,VPLC_L3_STRESS_75_80,SER_20260509_VPLC_L3_STRESS_75_80_S01,vPLC_container,VPLC_HOST,805,,,2026-05-09T20:56:51.505772825Z,,,,host_log,75,80,,,,,,3,512,,technical_check,vplc_status_cycle_duration_not_validated_as_Tper,0.257,100,работает
RUN_20260509_VPLC_L3_STRESS_75_80_S01_R01,VPLC_L3_STRESS_75_80,SER_20260509_VPLC_L3_STRESS_75_80_S01,vPLC_container,VPLC_HOST,806,,,2026-05-09T20:56:52.560184249Z,,,,host_log,75,80,,,,,,3,512,,technical_check,vplc_status_cycle_duration_not_validated_as_Tper,0.248,100,работает
RUN_20260509_VPLC_L3_STRESS_75_80_S01_R01,VPLC_L3_STRESS_75_80,SER_20260509_VPLC_L3_STRESS_75_80_S01,vPLC_container,VPLC_HOST,807,,,2026-05-09T20:56:53.619529394Z,,,,host_log,75,80,,,,,,3,512,,technical_check,vplc_status_cycle_duration_not_validated_as_Tper,0.252,100,работает
RUN_20260509_VPLC_L3_STRESS_75_80_S01_R01,VPLC_L3_STRESS_75_80,SER_20260509_VPLC_L3_STRESS_75_80_S01,vPLC_container,VPLC_HOST,808,,,2026-05-09T20:56:54.672526260Z,,,,host_log,75,80,,,,,,3,512,,technical_check,vplc_status_cycle_duration_not_validated_as_Tper,0.256,100,работает
RUN_20260509_VPLC_L3_STRESS_75_80_S01_R01,VPLC_L3_STRESS_75_80,SER_20260509_VPLC_L3_STRESS_75_80_S01,vPLC_container,VPLC_HOST,809,,,2026-05-09T20:56:55.729086859Z,,,,host_log,75,80,,,,,,3,512,,technical_check,vplc_status_cycle_duration_not_validated_as_Tper,0.258,100,работает
RUN_20260509_VPLC_L3_STRESS_75_80_S01_R01,VPLC_L3_STRESS_75_80,SER_20260509_VPLC_L3_STRESS_75_80_S01,vPLC_container,VPLC_HOST,810,,,2026-05-09T20:56:56.785747543Z,,,,host_log,75,80,,,,,,3,512,,technical_check,vplc_status_cycle_duration_not_validated_as_Tper,0.256,100,работает
RUN_20260509_VPLC_L3_STRESS_75_80_S01_R01,VPLC_L3_STRESS_75_80,SER_20260509_VPLC_L3_STRESS_75_80_S01,vPLC_container,VPLC_HOST,811,,,2026-05-09T20:56:57.839181034Z,,,,host_log,75,80,,,,,,3,512,,technical_check,vplc_status_cycle_duration_not_validated_as_Tper,0.236,100,работает
RUN_20260509_VPLC_L3_STRESS_75_80_S01_R01,VPLC_L3_STRESS_75_80,SER_20260509_VPLC_L3_STRESS_75_80_S01,vPLC_container,VPLC_HOST,812,,,2026-05-09T20:56:58.895187336Z,,,,host_log,75,80,,,,,,3,512,,technical_check,vplc_status_cycle_duration_not_validated_as_Tper,0.255,100,работает
RUN_20260509_VPLC_L3_STRESS_75_80_S01_R01,VPLC_L3_STRESS_75_80,SER_20260509_VPLC_L3_STRESS_75_80_S01,vPLC_container,VPLC_HOST,813,,,2026-05-09T20:56:59.946955331Z,,,,host_log,75,80,,,,,,3,512,,technical_check,vplc_status_cycle_duration_not_validated_as_Tper,0.170,100,работает
RUN_20260509_VPLC_L3_STRESS_75_80_S01_R01,VPLC_L3_STRESS_75_80,SER_20260509_VPLC_L3_STRESS_75_80_S01,vPLC_container,VPLC_HOST,814,,,2026-05-09T20:57:01.006600507Z,,,,host_log,75,80,,,,,,3,512,,technical_check,vplc_status_cycle_duration_not_validated_as_Tper,0.256,100,работает
RUN_20260509_VPLC_L3_STRESS_75_80_S01_R01,VPLC_L3_STRESS_75_80,SER_20260509_VPLC_L3_STRESS_75_80_S01,vPLC_container,VPLC_HOST,815,,,2026-05-09T20:57:02.060859156Z,,,,host_log,75,80,,,,,,3,512,,technical_check,vplc_status_cycle_duration_not_validated_as_Tper,0.256,100,работает
RUN_20260509_VPLC_L3_STRESS_75_80_S01_R01,VPLC_L3_STRESS_75_80,SER_20260509_VPLC_L3_STRESS_75_80_S01,vPLC_container,VPLC_HOST,816,,,2026-05-09T20:57:03.116381280Z,,,,host_log,75,80,,,,,,3,512,,technical_check,vplc_status_cycle_duration_not_validated_as_Tper,0.255,100,работает
RUN_20260509_VPLC_L3_STRESS_75_80_S01_R01,VPLC_L3_STRESS_75_80,SER_20260509_VPLC_L3_STRESS_75_80_S01,vPLC_container,VPLC_HOST,817,,,2026-05-09T20:57:04.172580381Z,,,,host_log,75,80,,,,,,3,512,,technical_check,vplc_status_cycle_duration_not_validated_as_Tper,0.258,100,работает
RUN_20260509_VPLC_L3_STRESS_75_80_S01_R01,VPLC_L3_STRESS_75_80,SER_20260509_VPLC_L3_STRESS_75_80_S01,vPLC_container,VPLC_HOST,818,,,2026-05-09T20:57:05.225306856Z,,,,host_log,75,80,,,,,,3,512,,technical_check,vplc_status_cycle_duration_not_validated_as_Tper,0.257,100,работает
RUN_20260509_VPLC_L3_STRESS_75_80_S01_R01,VPLC_L3_STRESS_75_80,SER_20260509_VPLC_L3_STRESS_75_80_S01,vPLC_container,VPLC_HOST,819,,,2026-05-09T20:57:06.282871954Z,,,,host_log,75,80,,,,,,3,512,,technical_check,vplc_status_cycle_duration_not_validated_as_Tper,0.255,100,работает
RUN_20260509_VPLC_L3_STRESS_75_80_S01_R01,VPLC_L3_STRESS_75_80,SER_20260509_VPLC_L3_STRESS_75_80_S01,vPLC_container,VPLC_HOST,820,,,2026-05-09T20:57:07.335705600Z,,,,host_log,75,80,,,,,,3,512,,technical_check,vplc_status_cycle_duration_not_validated_as_Tper,4.729,100,работает
RUN_20260509_VPLC_L3_STRESS_75_80_S01_R01,VPLC_L3_STRESS_75_80,SER_20260509_VPLC_L3_STRESS_75_80_S01,vPLC_container,VPLC_HOST,821,,,2026-05-09T20:57:08.390777011Z,,,,host_log,75,80,,,,,,3,512,,technical_check,vplc_status_cycle_duration_not_validated_as_Tper,4.954,100,работает
RUN_20260509_VPLC_L3_STRESS_75_80_S01_R01,VPLC_L3_STRESS_75_80,SER_20260509_VPLC_L3_STRESS_75_80_S01,vPLC_container,VPLC_HOST,822,,,2026-05-09T20:57:09.449451997Z,,,,host_log,75,80,,,,,,3,512,,technical_check,vplc_status_cycle_duration_not_validated_as_Tper,0.132,100,работает
RUN_20260509_VPLC_L3_STRESS_75_80_S01_R01,VPLC_L3_STRESS_75_80,SER_20260509_VPLC_L3_STRESS_75_80_S01,vPLC_container,VPLC_HOST,823,,,2026-05-09T20:57:10.503815909Z,,,,host_log,75,80,,,,,,3,512,,technical_check,vplc_status_cycle_duration_not_validated_as_Tper,0.258,100,работает
RUN_20260509_VPLC_L3_STRESS_75_80_S01_R01,VPLC_L3_STRESS_75_80,SER_20260509_VPLC_L3_STRESS_75_80_S01,vPLC_container,VPLC_HOST,824,,,2026-05-09T20:57:11.559809088Z,,,,host_log,75,80,,,,,,3,512,,technical_check,vplc_status_cycle_duration_not_validated_as_Tper,0.244,100,работает
RUN_20260509_VPLC_L3_STRESS_75_80_S01_R01,VPLC_L3_STRESS_75_80,SER_20260509_VPLC_L3_STRESS_75_80_S01,vPLC_container,VPLC_HOST,825,,,2026-05-09T20:57:12.614109139Z,,,,host_log,75,80,,,,,,3,512,,technical_check,vplc_status_cycle_duration_not_validated_as_Tper,0.251,100,работает
RUN_20260509_VPLC_L3_STRESS_75_80_S01_R01,VPLC_L3_STRESS_75_80,SER_20260509_VPLC_L3_STRESS_75_80_S01,vPLC_container,VPLC_HOST,826,,,2026-05-09T20:57:13.669271007Z,,,,host_log,75,80,,,,,,3,512,,technical_check,vplc_status_cycle_duration_not_validated_as_Tper,0.258,100,работает
RUN_20260509_VPLC_L3_STRESS_75_80_S01_R01,VPLC_L3_STRESS_75_80,SER_20260509_VPLC_L3_STRESS_75_80_S01,vPLC_container,VPLC_HOST,827,,,2026-05-09T20:57:14.726194618Z,,,,host_log,75,80,,,,,,3,512,,technical_check,vplc_status_cycle_duration_not_validated_as_Tper,0.231,100,работает
RUN_20260509_VPLC_L3_STRESS_75_80_S01_R01,VPLC_L3_STRESS_75_80,SER_20260509_VPLC_L3_STRESS_75_80_S01,vPLC_container,VPLC_HOST,828,,,2026-05-09T20:57:15.779825105Z,,,,host_log,75,80,,,,,,3,512,,technical_check,vplc_status_cycle_duration_not_validated_as_Tper,0.250,100,работает
RUN_20260509_VPLC_L3_STRESS_75_80_S01_R01,VPLC_L3_STRESS_75_80,SER_20260509_VPLC_L3_STRESS_75_80_S01,vPLC_container,VPLC_HOST,829,,,2026-05-09T20:57:16.835572829Z,,,,host_log,75,80,,,,,,3,512,,technical_check,vplc_status_cycle_duration_not_validated_as_Tper,0.237,100,работает
RUN_20260509_VPLC_L3_STRESS_75_80_S01_R01,VPLC_L3_STRESS_75_80,SER_20260509_VPLC_L3_STRESS_75_80_S01,vPLC_container,VPLC_HOST,830,,,2026-05-09T20:57:17.888013497Z,,,,host_log,75,80,,,,,,3,512,,technical_check,vplc_status_cycle_duration_not_validated_as_Tper,0.258,100,работает
RUN_20260509_VPLC_L3_STRESS_75_80_S01_R01,VPLC_L3_STRESS_75_80,SER_20260509_VPLC_L3_STRESS_75_80_S01,vPLC_container,VPLC_HOST,831,,,2026-05-09T20:57:18.945846790Z,,,,host_log,75,80,,,,,,3,512,,technical_check,vplc_status_cycle_duration_not_validated_as_Tper,0.166,100,работает
RUN_20260509_VPLC_L3_STRESS_75_80_S01_R01,VPLC_L3_STRESS_75_80,SER_20260509_VPLC_L3_STRESS_75_80_S01,vPLC_container,VPLC_HOST,832,,,2026-05-09T20:57:19.999006573Z,,,,host_log,75,80,,,,,,3,512,,technical_check,vplc_status_cycle_duration_not_validated_as_Tper,0.252,100,работает
RUN_20260509_VPLC_L3_STRESS_75_80_S01_R01,VPLC_L3_STRESS_75_80,SER_20260509_VPLC_L3_STRESS_75_80_S01,vPLC_container,VPLC_HOST,833,,,2026-05-09T20:57:21.055503825Z,,,,host_log,75,80,,,,,,3,512,,technical_check,vplc_status_cycle_duration_not_validated_as_Tper,0.171,100,работает
RUN_20260509_VPLC_L3_STRESS_75_80_S01_R01,VPLC_L3_STRESS_75_80,SER_20260509_VPLC_L3_STRESS_75_80_S01,vPLC_container,VPLC_HOST,834,,,2026-05-09T20:57:22.111823478Z,,,,host_log,75,80,,,,,,3,512,,technical_check,vplc_status_cycle_duration_not_validated_as_Tper,0.259,100,работает
RUN_20260509_VPLC_L3_STRESS_75_80_S01_R01,VPLC_L3_STRESS_75_80,SER_20260509_VPLC_L3_STRESS_75_80_S01,vPLC_container,VPLC_HOST,835,,,2026-05-09T20:57:23.165613863Z,,,,host_log,75,80,,,,,,3,512,,technical_check,vplc_status_cycle_duration_not_validated_as_Tper,0.251,100,работает
RUN_20260509_VPLC_L3_STRESS_75_80_S01_R01,VPLC_L3_STRESS_75_80,SER_20260509_VPLC_L3_STRESS_75_80_S01,vPLC_container,VPLC_HOST,836,,,2026-05-09T20:57:24.222909191Z,,,,host_log,75,80,,,,,,3,512,,technical_check,vplc_status_cycle_duration_not_validated_as_Tper,0.232,100,работает
RUN_20260509_VPLC_L3_STRESS_75_80_S01_R01,VPLC_L3_STRESS_75_80,SER_20260509_VPLC_L3_STRESS_75_80_S01,vPLC_container,VPLC_HOST,837,,,2026-05-09T20:57:25.276921774Z,,,,host_log,75,80,,,,,,3,512,,technical_check,vplc_status_cycle_duration_not_validated_as_Tper,0.258,100,работает
RUN_20260509_VPLC_L3_STRESS_75_80_S01_R01,VPLC_L3_STRESS_75_80,SER_20260509_VPLC_L3_STRESS_75_80_S01,vPLC_container,VPLC_HOST,838,,,2026-05-09T20:57:26.333156321Z,,,,host_log,75,80,,,,,,3,512,,technical_check,vplc_status_cycle_duration_not_validated_as_Tper,5.067,100,работает
RUN_20260509_VPLC_L3_STRESS_75_80_S01_R01,VPLC_L3_STRESS_75_80,SER_20260509_VPLC_L3_STRESS_75_80_S01,vPLC_container,VPLC_HOST,839,,,2026-05-09T20:57:27.388046696Z,,,,host_log,75,80,,,,,,3,512,,technical_check,vplc_status_cycle_duration_not_validated_as_Tper,4.978,100,работает
RUN_20260509_VPLC_L3_STRESS_75_80_S01_R01,VPLC_L3_STRESS_75_80,SER_20260509_VPLC_L3_STRESS_75_80_S01,vPLC_container,VPLC_HOST,840,,,2026-05-09T20:57:28.443646766Z,,,,host_log,75,80,,,,,,3,512,,technical_check,vplc_status_cycle_duration_not_validated_as_Tper,0.235,100,работает
RUN_20260509_VPLC_L3_STRESS_75_80_S01_R01,VPLC_L3_STRESS_75_80,SER_20260509_VPLC_L3_STRESS_75_80_S01,vPLC_container,VPLC_HOST,841,,,2026-05-09T20:57:29.496681094Z,,,,host_log,75,80,,,,,,3,512,,technical_check,vplc_status_cycle_duration_not_validated_as_Tper,0.256,100,работает
RUN_20260509_VPLC_L3_STRESS_75_80_S01_R01,VPLC_L3_STRESS_75_80,SER_20260509_VPLC_L3_STRESS_75_80_S01,vPLC_container,VPLC_HOST,842,,,2026-05-09T20:57:30.554148343Z,,,,host_log,75,80,,,,,,3,512,,technical_check,vplc_status_cycle_duration_not_validated_as_Tper,0.172,100,работает
RUN_20260509_VPLC_L3_STRESS_75_80_S01_R01,VPLC_L3_STRESS_75_80,SER_20260509_VPLC_L3_STRESS_75_80_S01,vPLC_container,VPLC_HOST,843,,,2026-05-09T20:57:31.609179619Z,,,,host_log,75,80,,,,,,3,512,,technical_check,vplc_status_cycle_duration_not_validated_as_Tper,0.255,100,работает
RUN_20260509_VPLC_L3_STRESS_75_80_S01_R01,VPLC_L3_STRESS_75_80,SER_20260509_VPLC_L3_STRESS_75_80_S01,vPLC_container,VPLC_HOST,844,,,2026-05-09T20:57:32.665380624Z,,,,host_log,75,80,,,,,,3,512,,technical_check,vplc_status_cycle_duration_not_validated_as_Tper,0.257,100,работает
RUN_20260509_VPLC_L3_STRESS_75_80_S01_R01,VPLC_L3_STRESS_75_80,SER_20260509_VPLC_L3_STRESS_75_80_S01,vPLC_container,VPLC_HOST,845,,,2026-05-09T20:57:33.719559980Z,,,,host_log,75,80,,,,,,3,512,,technical_check,vplc_status_cycle_duration_not_validated_as_Tper,0.258,100,работает
RUN_20260509_VPLC_L3_STRESS_75_80_S01_R01,VPLC_L3_STRESS_75_80,SER_20260509_VPLC_L3_STRESS_75_80_S01,vPLC_container,VPLC_HOST,846,,,2026-05-09T20:57:34.771775395Z,,,,host_log,75,80,,,,,,3,512,,technical_check,vplc_status_cycle_duration_not_validated_as_Tper,0.256,100,работает
RUN_20260509_VPLC_L3_STRESS_75_80_S01_R01,VPLC_L3_STRESS_75_80,SER_20260509_VPLC_L3_STRESS_75_80_S01,vPLC_container,VPLC_HOST,847,,,2026-05-09T20:57:35.831614098Z,,,,host_log,75,80,,,,,,3,512,,technical_check,vplc_status_cycle_duration_not_validated_as_Tper,0.235,100,работает
RUN_20260509_VPLC_L3_STRESS_75_80_S01_R01,VPLC_L3_STRESS_75_80,SER_20260509_VPLC_L3_STRESS_75_80_S01,vPLC_container,VPLC_HOST,848,,,2026-05-09T20:57:36.886820943Z,,,,host_log,75,80,,,,,,3,512,,technical_check,vplc_status_cycle_duration_not_validated_as_Tper,0.257,100,работает
RUN_20260509_VPLC_L3_STRESS_75_80_S01_R01,VPLC_L3_STRESS_75_80,SER_20260509_VPLC_L3_STRESS_75_80_S01,vPLC_container,VPLC_HOST,849,,,2026-05-09T20:57:37.942040425Z,,,,host_log,75,80,,,,,,3,512,,technical_check,vplc_status_cycle_duration_not_validated_as_Tper,0.235,100,работает
RUN_20260509_VPLC_L3_STRESS_75_80_S01_R01,VPLC_L3_STRESS_75_80,SER_20260509_VPLC_L3_STRESS_75_80_S01,vPLC_container,VPLC_HOST,850,,,2026-05-09T20:57:38.997626616Z,,,,host_log,75,80,,,,,,3,512,,technical_check,vplc_status_cycle_duration_not_validated_as_Tper,0.258,100,работает
RUN_20260509_VPLC_L3_STRESS_75_80_S01_R01,VPLC_L3_STRESS_75_80,SER_20260509_VPLC_L3_STRESS_75_80_S01,vPLC_container,VPLC_HOST,851,,,2026-05-09T20:57:40.053145843Z,,,,host_log,75,80,,,,,,3,512,,technical_check,vplc_status_cycle_duration_not_validated_as_Tper,0.143,100,работает
RUN_20260509_VPLC_L3_STRESS_75_80_S01_R01,VPLC_L3_STRESS_75_80,SER_20260509_VPLC_L3_STRESS_75_80_S01,vPLC_container,VPLC_HOST,852,,,2026-05-09T20:57:41.108772343Z,,,,host_log,75,80,,,,,,3,512,,technical_check,vplc_status_cycle_duration_not_validated_as_Tper,0.256,100,работает
RUN_20260509_VPLC_L3_STRESS_75_80_S01_R01,VPLC_L3_STRESS_75_80,SER_20260509_VPLC_L3_STRESS_75_80_S01,vPLC_container,VPLC_HOST,853,,,2026-05-09T20:57:42.163048575Z,,,,host_log,75,80,,,,,,3,512,,technical_check,vplc_status_cycle_duration_not_validated_as_Tper,0.254,100,работает
RUN_20260509_VPLC_L3_STRESS_75_80_S01_R01,VPLC_L3_STRESS_75_80,SER_20260509_VPLC_L3_STRESS_75_80_S01,vPLC_container,VPLC_HOST,854,,,2026-05-09T20:57:43.219351300Z,,,,host_log,75,80,,,,,,3,512,,technical_check,vplc_status_cycle_duration_not_validated_as_Tper,0.259,100,работает
RUN_20260509_VPLC_L3_STRESS_75_80_S01_R01,VPLC_L3_STRESS_75_80,SER_20260509_VPLC_L3_STRESS_75_80_S01,vPLC_container,VPLC_HOST,855,,,2026-05-09T20:57:44.273653173Z,,,,host_log,75,80,,,,,,3,512,,technical_check,vplc_status_cycle_duration_not_validated_as_Tper,0.256,100,работает
RUN_20260509_VPLC_L3_STRESS_75_80_S01_R01,VPLC_L3_STRESS_75_80,SER_20260509_VPLC_L3_STRESS_75_80_S01,vPLC_container,VPLC_HOST,856,,,2026-05-09T20:57:45.329956699Z,,,,host_log,75,80,,,,,,3,512,,technical_check,vplc_status_cycle_duration_not_validated_as_Tper,4.438,100,работает
RUN_20260509_VPLC_L3_STRESS_75_80_S01_R01,VPLC_L3_STRESS_75_80,SER_20260509_VPLC_L3_STRESS_75_80_S01,vPLC_container,VPLC_HOST,857,,,2026-05-09T20:57:46.381232362Z,,,,host_log,75,80,,,,,,3,512,,technical_check,vplc_status_cycle_duration_not_validated_as_Tper,4.362,100,работает
RUN_20260509_VPLC_L3_STRESS_75_80_S01_R01,VPLC_L3_STRESS_75_80,SER_20260509_VPLC_L3_STRESS_75_80_S01,vPLC_container,VPLC_HOST,858,,,2026-05-09T20:57:47.440664406Z,,,,host_log,75,80,,,,,,3,512,,technical_check,vplc_status_cycle_duration_not_validated_as_Tper,0.237,100,работает
RUN_20260509_VPLC_L3_STRESS_75_80_S01_R01,VPLC_L3_STRESS_75_80,SER_20260509_VPLC_L3_STRESS_75_80_S01,vPLC_container,VPLC_HOST,859,,,2026-05-09T20:57:48.495480091Z,,,,host_log,75,80,,,,,,3,512,,technical_check,vplc_status_cycle_duration_not_validated_as_Tper,0.256,100,работает
RUN_20260509_VPLC_L3_STRESS_75_80_S01_R01,VPLC_L3_STRESS_75_80,SER_20260509_VPLC_L3_STRESS_75_80_S01,vPLC_container,VPLC_HOST,860,,,2026-05-09T20:57:49.549851656Z,,,,host_log,75,80,,,,,,3,512,,technical_check,vplc_status_cycle_duration_not_validated_as_Tper,0.116,100,работает
RUN_20260509_VPLC_L3_STRESS_75_80_S01_R01,VPLC_L3_STRESS_75_80,SER_20260509_VPLC_L3_STRESS_75_80_S01,vPLC_container,VPLC_HOST,861,,,2026-05-09T20:57:50.606048259Z,,,,host_log,75,80,,,,,,3,512,,technical_check,vplc_status_cycle_duration_not_validated_as_Tper,0.252,100,работает
RUN_20260509_VPLC_L3_STRESS_75_80_S01_R01,VPLC_L3_STRESS_75_80,SER_20260509_VPLC_L3_STRESS_75_80_S01,vPLC_container,VPLC_HOST,862,,,2026-05-09T20:57:51.662342262Z,,,,host_log,75,80,,,,,,3,512,,technical_check,vplc_status_cycle_duration_not_validated_as_Tper,0.260,100,работает
RUN_20260509_VPLC_L3_STRESS_75_80_S01_R01,VPLC_L3_STRESS_75_80,SER_20260509_VPLC_L3_STRESS_75_80_S01,vPLC_container,VPLC_HOST,863,,,2026-05-09T20:57:52.717913170Z,,,,host_log,75,80,,,,,,3,512,,technical_check,vplc_status_cycle_duration_not_validated_as_Tper,0.259,100,работает
RUN_20260509_VPLC_L3_STRESS_75_80_S01_R01,VPLC_L3_STRESS_75_80,SER_20260509_VPLC_L3_STRESS_75_80_S01,vPLC_container,VPLC_HOST,864,,,2026-05-09T20:57:53.772116771Z,,,,host_log,75,80,,,,,,3,512,,technical_check,vplc_status_cycle_duration_not_validated_as_Tper,0.253,100,работает
RUN_20260509_VPLC_L3_STRESS_75_80_S01_R01,VPLC_L3_STRESS_75_80,SER_20260509_VPLC_L3_STRESS_75_80_S01,vPLC_container,VPLC_HOST,865,,,2026-05-09T20:57:54.828784790Z,,,,host_log,75,80,,,,,,3,512,,technical_check,vplc_status_cycle_duration_not_validated_as_Tper,0.237,100,работает
RUN_20260509_VPLC_L3_STRESS_75_80_S01_R01,VPLC_L3_STRESS_75_80,SER_20260509_VPLC_L3_STRESS_75_80_S01,vPLC_container,VPLC_HOST,866,,,2026-05-09T20:57:55.880339217Z,,,,host_log,75,80,,,,,,3,512,,technical_check,vplc_status_cycle_duration_not_validated_as_Tper,0.258,100,работает
RUN_20260509_VPLC_L3_STRESS_75_80_S01_R01,VPLC_L3_STRESS_75_80,SER_20260509_VPLC_L3_STRESS_75_80_S01,vPLC_container,VPLC_HOST,867,,,2026-05-09T20:57:56.937589024Z,,,,host_log,75,80,,,,,,3,512,,technical_check,vplc_status_cycle_duration_not_validated_as_Tper,0.231,100,работает
RUN_20260509_VPLC_L3_STRESS_75_80_S01_R01,VPLC_L3_STRESS_75_80,SER_20260509_VPLC_L3_STRESS_75_80_S01,vPLC_container,VPLC_HOST,868,,,2026-05-09T20:57:57.993756576Z,,,,host_log,75,80,,,,,,3,512,,technical_check,vplc_status_cycle_duration_not_validated_as_Tper,0.252,100,работает
RUN_20260509_VPLC_L3_STRESS_75_80_S01_R01,VPLC_L3_STRESS_75_80,SER_20260509_VPLC_L3_STRESS_75_80_S01,vPLC_container,VPLC_HOST,869,,,2026-05-09T20:57:59.048329057Z,,,,host_log,75,80,,,,,,3,512,,technical_check,vplc_status_cycle_duration_not_validated_as_Tper,0.154,100,работает
RUN_20260509_VPLC_L3_STRESS_75_80_S01_R01,VPLC_L3_STRESS_75_80,SER_20260509_VPLC_L3_STRESS_75_80_S01,vPLC_container,VPLC_HOST,870,,,2026-05-09T20:58:00.104760161Z,,,,host_log,75,80,,,,,,3,512,,technical_check,vplc_status_cycle_duration_not_validated_as_Tper,0.259,100,работает
RUN_20260509_VPLC_L3_STRESS_75_80_S01_R01,VPLC_L3_STRESS_75_80,SER_20260509_VPLC_L3_STRESS_75_80_S01,vPLC_container,VPLC_HOST,871,,,2026-05-09T20:58:01.159995501Z,,,,host_log,75,80,,,,,,3,512,,technical_check,vplc_status_cycle_duration_not_validated_as_Tper,0.245,100,работает
RUN_20260509_VPLC_L3_STRESS_75_80_S01_R01,VPLC_L3_STRESS_75_80,SER_20260509_VPLC_L3_STRESS_75_80_S01,vPLC_container,VPLC_HOST,872,,,2026-05-09T20:58:02.214385098Z,,,,host_log,75,80,,,,,,3,512,,technical_check,vplc_status_cycle_duration_not_validated_as_Tper,0.251,100,работает
RUN_20260509_VPLC_L3_STRESS_75_80_S01_R01,VPLC_L3_STRESS_75_80,SER_20260509_VPLC_L3_STRESS_75_80_S01,vPLC_container,VPLC_HOST,873,,,2026-05-09T20:58:03.270872160Z,,,,host_log,75,80,,,,,,3,512,,technical_check,vplc_status_cycle_duration_not_validated_as_Tper,0.258,100,работает
RUN_20260509_VPLC_L3_STRESS_75_80_S01_R01,VPLC_L3_STRESS_75_80,SER_20260509_VPLC_L3_STRESS_75_80_S01,vPLC_container,VPLC_HOST,874,,,2026-05-09T20:58:04.326236825Z,,,,host_log,75,80,,,,,,3,512,,technical_check,vplc_status_cycle_duration_not_validated_as_Tper,0.258,100,работает
RUN_20260509_VPLC_L3_STRESS_75_80_S01_R01,VPLC_L3_STRESS_75_80,SER_20260509_VPLC_L3_STRESS_75_80_S01,vPLC_container,VPLC_HOST,875,,,2026-05-09T20:58:05.378685961Z,,,,host_log,75,80,,,,,,3,512,,technical_check,vplc_status_cycle_duration_not_validated_as_Tper,4.832,100,работает
RUN_20260509_VPLC_L3_STRESS_75_80_S01_R01,VPLC_L3_STRESS_75_80,SER_20260509_VPLC_L3_STRESS_75_80_S01,vPLC_container,VPLC_HOST,876,,,2026-05-09T20:58:06.433269160Z,,,,host_log,75,80,,,,,,3,512,,technical_check,vplc_status_cycle_duration_not_validated_as_Tper,0.253,100,работает
RUN_20260509_VPLC_L3_STRESS_75_80_S01_R01,VPLC_L3_STRESS_75_80,SER_20260509_VPLC_L3_STRESS_75_80_S01,vPLC_container,VPLC_HOST,877,,,2026-05-09T20:58:07.492517492Z,,,,host_log,75,80,,,,,,3,512,,technical_check,vplc_status_cycle_duration_not_validated_as_Tper,0.254,100,работает
RUN_20260509_VPLC_L3_STRESS_75_80_S01_R01,VPLC_L3_STRESS_75_80,SER_20260509_VPLC_L3_STRESS_75_80_S01,vPLC_container,VPLC_HOST,878,,,2026-05-09T20:58:08.545671585Z,,,,host_log,75,80,,,,,,3,512,,technical_check,vplc_status_cycle_duration_not_validated_as_Tper,0.208,100,работает
RUN_20260509_VPLC_L3_STRESS_75_80_S01_R01,VPLC_L3_STRESS_75_80,SER_20260509_VPLC_L3_STRESS_75_80_S01,vPLC_container,VPLC_HOST,879,,,2026-05-09T20:58:09.599053757Z,,,,host_log,75,80,,,,,,3,512,,technical_check,vplc_status_cycle_duration_not_validated_as_Tper,0.254,100,работает
RUN_20260509_VPLC_L3_STRESS_75_80_S01_R01,VPLC_L3_STRESS_75_80,SER_20260509_VPLC_L3_STRESS_75_80_S01,vPLC_container,VPLC_HOST,880,,,2026-05-09T20:58:10.653219197Z,,,,host_log,75,80,,,,,,3,512,,technical_check,vplc_status_cycle_duration_not_validated_as_Tper,0.142,100,работает
RUN_20260509_VPLC_L3_STRESS_75_80_S01_R01,VPLC_L3_STRESS_75_80,SER_20260509_VPLC_L3_STRESS_75_80_S01,vPLC_container,VPLC_HOST,881,,,2026-05-09T20:58:11.712631259Z,,,,host_log,75,80,,,,,,3,512,,technical_check,vplc_status_cycle_duration_not_validated_as_Tper,0.256,100,работает
RUN_20260509_VPLC_L3_STRESS_75_80_S01_R01,VPLC_L3_STRESS_75_80,SER_20260509_VPLC_L3_STRESS_75_80_S01,vPLC_container,VPLC_HOST,882,,,2026-05-09T20:58:12.764134967Z,,,,host_log,75,80,,,,,,3,512,,technical_check,vplc_status_cycle_duration_not_validated_as_Tper,0.257,100,работает
RUN_20260509_VPLC_L3_STRESS_75_80_S01_R01,VPLC_L3_STRESS_75_80,SER_20260509_VPLC_L3_STRESS_75_80_S01,vPLC_container,VPLC_HOST,883,,,2026-05-09T20:58:13.823502128Z,,,,host_log,75,80,,,,,,3,512,,technical_check,vplc_status_cycle_duration_not_validated_as_Tper,0.254,100,работает
RUN_20260509_VPLC_L3_STRESS_75_80_S01_R01,VPLC_L3_STRESS_75_80,SER_20260509_VPLC_L3_STRESS_75_80_S01,vPLC_container,VPLC_HOST,884,,,2026-05-09T20:58:14.876413256Z,,,,host_log,75,80,,,,,,3,512,,technical_check,vplc_status_cycle_duration_not_validated_as_Tper,0.257,100,работает
RUN_20260509_VPLC_L3_STRESS_75_80_S01_R01,VPLC_L3_STRESS_75_80,SER_20260509_VPLC_L3_STRESS_75_80_S01,vPLC_container,VPLC_HOST,885,,,2026-05-09T20:58:15.934648889Z,,,,host_log,75,80,,,,,,3,512,,technical_check,vplc_status_cycle_duration_not_validated_as_Tper,0.235,100,работает
RUN_20260509_VPLC_L3_STRESS_75_80_S01_R01,VPLC_L3_STRESS_75_80,SER_20260509_VPLC_L3_STRESS_75_80_S01,vPLC_container,VPLC_HOST,886,,,2026-05-09T20:58:16.984738537Z,,,,host_log,75,80,,,,,,3,512,,technical_check,vplc_status_cycle_duration_not_validated_as_Tper,0.258,100,работает
RUN_20260509_VPLC_L3_STRESS_75_80_S01_R01,VPLC_L3_STRESS_75_80,SER_20260509_VPLC_L3_STRESS_75_80_S01,vPLC_container,VPLC_HOST,887,,,2026-05-09T20:58:18.042382346Z,,,,host_log,75,80,,,,,,3,512,,technical_check,vplc_status_cycle_duration_not_validated_as_Tper,0.235,100,работает
RUN_20260509_VPLC_L3_STRESS_75_80_S01_R01,VPLC_L3_STRESS_75_80,SER_20260509_VPLC_L3_STRESS_75_80_S01,vPLC_container,VPLC_HOST,888,,,2026-05-09T20:58:19.099921793Z,,,,host_log,75,80,,,,,,3,512,,technical_check,vplc_status_cycle_duration_not_validated_as_Tper,0.256,100,работает
RUN_20260509_VPLC_L3_STRESS_75_80_S01_R01,VPLC_L3_STRESS_75_80,SER_20260509_VPLC_L3_STRESS_75_80_S01,vPLC_container,VPLC_HOST,889,,,2026-05-09T20:58:20.154412920Z,,,,host_log,75,80,,,,,,3,512,,technical_check,vplc_status_cycle_duration_not_validated_as_Tper,0.154,100,работает
RUN_20260509_VPLC_L3_STRESS_75_80_S01_R01,VPLC_L3_STRESS_75_80,SER_20260509_VPLC_L3_STRESS_75_80_S01,vPLC_container,VPLC_HOST,890,,,2026-05-09T20:58:21.209893962Z,,,,host_log,75,80,,,,,,3,512,,technical_check,vplc_status_cycle_duration_not_validated_as_Tper,0.258,100,работает
RUN_20260509_VPLC_L3_STRESS_75_80_S01_R01,VPLC_L3_STRESS_75_80,SER_20260509_VPLC_L3_STRESS_75_80_S01,vPLC_container,VPLC_HOST,891,,,2026-05-09T20:58:22.264791683Z,,,,host_log,75,80,,,,,,3,512,,technical_check,vplc_status_cycle_duration_not_validated_as_Tper,0.256,100,работает
RUN_20260509_VPLC_L3_STRESS_75_80_S01_R01,VPLC_L3_STRESS_75_80,SER_20260509_VPLC_L3_STRESS_75_80_S01,vPLC_container,VPLC_HOST,892,,,2026-05-09T20:58:23.320114415Z,,,,host_log,75,80,,,,,,3,512,,technical_check,vplc_status_cycle_duration_not_validated_as_Tper,0.258,100,работает
RUN_20260509_VPLC_L3_STRESS_75_80_S01_R01,VPLC_L3_STRESS_75_80,SER_20260509_VPLC_L3_STRESS_75_80_S01,vPLC_container,VPLC_HOST,893,,,2026-05-09T20:58:24.374418071Z,,,,host_log,75,80,,,,,,3,512,,technical_check,vplc_status_cycle_duration_not_validated_as_Tper,4.972,100,работает
RUN_20260509_VPLC_L3_STRESS_75_80_S01_R01,VPLC_L3_STRESS_75_80,SER_20260509_VPLC_L3_STRESS_75_80_S01,vPLC_container,VPLC_HOST,894,,,2026-05-09T20:58:25.430823744Z,,,,host_log,75,80,,,,,,3,512,,technical_check,vplc_status_cycle_duration_not_validated_as_Tper,0.237,100,работает
RUN_20260509_VPLC_L3_STRESS_75_80_S01_R01,VPLC_L3_STRESS_75_80,SER_20260509_VPLC_L3_STRESS_75_80_S01,vPLC_container,VPLC_HOST,895,,,2026-05-09T20:58:26.481103323Z,,,,host_log,75,80,,,,,,3,512,,technical_check,vplc_status_cycle_duration_not_validated_as_Tper,0.258,100,работает
RUN_20260509_VPLC_L3_STRESS_75_80_S01_R01,VPLC_L3_STRESS_75_80,SER_20260509_VPLC_L3_STRESS_75_80_S01,vPLC_container,VPLC_HOST,896,,,2026-05-09T20:58:27.541746569Z,,,,host_log,75,80,,,,,,3,512,,technical_check,vplc_status_cycle_duration_not_validated_as_Tper,0.206,100,работает
RUN_20260509_VPLC_L3_STRESS_75_80_S01_R01,VPLC_L3_STRESS_75_80,SER_20260509_VPLC_L3_STRESS_75_80_S01,vPLC_container,VPLC_HOST,897,,,2026-05-09T20:58:28.595966169Z,,,,host_log,75,80,,,,,,3,512,,technical_check,vplc_status_cycle_duration_not_validated_as_Tper,0.253,100,работает
RUN_20260509_VPLC_L3_STRESS_75_80_S01_R01,VPLC_L3_STRESS_75_80,SER_20260509_VPLC_L3_STRESS_75_80_S01,vPLC_container,VPLC_HOST,898,,,2026-05-09T20:58:29.652584920Z,,,,host_log,75,80,,,,,,3,512,,technical_check,vplc_status_cycle_duration_not_validated_as_Tper,0.138,100,работает
RUN_20260509_VPLC_L3_STRESS_75_80_S01_R01,VPLC_L3_STRESS_75_80,SER_20260509_VPLC_L3_STRESS_75_80_S01,vPLC_container,VPLC_HOST,899,,,2026-05-09T20:58:30.707067524Z,,,,host_log,75,80,,,,,,3,512,,technical_check,vplc_status_cycle_duration_not_validated_as_Tper,0.257,100,работает
RUN_20260509_VPLC_L3_STRESS_75_80_S01_R01,VPLC_L3_STRESS_75_80,SER_20260509_VPLC_L3_STRESS_75_80_S01,vPLC_container,VPLC_HOST,900,,,2026-05-09T20:58:31.761776642Z,,,,host_log,75,80,,,,,,3,512,,technical_check,vplc_status_cycle_duration_not_validated_as_Tper,0.251,100,работает
RUN_20260509_VPLC_L3_STRESS_75_80_S01_R01,VPLC_L3_STRESS_75_80,SER_20260509_VPLC_L3_STRESS_75_80_S01,vPLC_container,VPLC_HOST,901,,,2026-05-09T20:58:32.817277287Z,,,,host_log,75,80,,,,,,3,512,,technical_check,vplc_status_cycle_duration_not_validated_as_Tper,0.250,100,работает
RUN_20260509_VPLC_L3_STRESS_75_80_S01_R01,VPLC_L3_STRESS_75_80,SER_20260509_VPLC_L3_STRESS_75_80_S01,vPLC_container,VPLC_HOST,902,,,2026-05-09T20:58:33.869939588Z,,,,host_log,75,80,,,,,,3,512,,technical_check,vplc_status_cycle_duration_not_validated_as_Tper,0.257,100,работает
RUN_20260509_VPLC_L3_STRESS_75_80_S01_R01,VPLC_L3_STRESS_75_80,SER_20260509_VPLC_L3_STRESS_75_80_S01,vPLC_container,VPLC_HOST,903,,,2026-05-09T20:58:34.928806029Z,,,,host_log,75,80,,,,,,3,512,,technical_check,vplc_status_cycle_duration_not_validated_as_Tper,0.231,100,работает
RUN_20260509_VPLC_L3_STRESS_75_80_S01_R01,VPLC_L3_STRESS_75_80,SER_20260509_VPLC_L3_STRESS_75_80_S01,vPLC_container,VPLC_HOST,904,,,2026-05-09T20:58:35.981336099Z,,,,host_log,75,80,,,,,,3,512,,technical_check,vplc_status_cycle_duration_not_validated_as_Tper,0.252,100,работает
RUN_20260509_VPLC_L3_STRESS_75_80_S01_R01,VPLC_L3_STRESS_75_80,SER_20260509_VPLC_L3_STRESS_75_80_S01,vPLC_container,VPLC_HOST,905,,,2026-05-09T20:58:37.038827531Z,,,,host_log,75,80,,,,,,3,512,,technical_check,vplc_status_cycle_duration_not_validated_as_Tper,0.238,100,работает
RUN_20260509_VPLC_L3_STRESS_75_80_S01_R01,VPLC_L3_STRESS_75_80,SER_20260509_VPLC_L3_STRESS_75_80_S01,vPLC_container,VPLC_HOST,906,,,2026-05-09T20:58:38.095096119Z,,,,host_log,75,80,,,,,,3,512,,technical_check,vplc_status_cycle_duration_not_validated_as_Tper,0.257,100,работает
RUN_20260509_VPLC_L3_STRESS_75_80_S01_R01,VPLC_L3_STRESS_75_80,SER_20260509_VPLC_L3_STRESS_75_80_S01,vPLC_container,VPLC_HOST,907,,,2026-05-09T20:58:39.150615044Z,,,,host_log,75,80,,,,,,3,512,,technical_check,vplc_status_cycle_duration_not_validated_as_Tper,0.126,100,работает
RUN_20260509_VPLC_L3_STRESS_75_80_S01_R01,VPLC_L3_STRESS_75_80,SER_20260509_VPLC_L3_STRESS_75_80_S01,vPLC_container,VPLC_HOST,908,,,2026-05-09T20:58:40.205414168Z,,,,host_log,75,80,,,,,,3,512,,technical_check,vplc_status_cycle_duration_not_validated_as_Tper,0.253,100,работает
RUN_20260509_VPLC_L3_STRESS_75_80_S01_R01,VPLC_L3_STRESS_75_80,SER_20260509_VPLC_L3_STRESS_75_80_S01,vPLC_container,VPLC_HOST,909,,,2026-05-09T20:58:41.258442881Z,,,,host_log,75,80,,,,,,3,512,,technical_check,vplc_status_cycle_duration_not_validated_as_Tper,0.243,100,работает
RUN_20260509_VPLC_L3_STRESS_75_80_S01_R01,VPLC_L3_STRESS_75_80,SER_20260509_VPLC_L3_STRESS_75_80_S01,vPLC_container,VPLC_HOST,910,,,2026-05-09T20:58:42.312983258Z,,,,host_log,75,80,,,,,,3,512,,technical_check,vplc_status_cycle_duration_not_validated_as_Tper,0.259,100,работает
RUN_20260509_VPLC_L3_STRESS_75_80_S01_R01,VPLC_L3_STRESS_75_80,SER_20260509_VPLC_L3_STRESS_75_80_S01,vPLC_container,VPLC_HOST,911,,,2026-05-09T20:58:43.371752700Z,,,,host_log,75,80,,,,,,3,512,,technical_check,vplc_status_cycle_duration_not_validated_as_Tper,4.729,100,работает
RUN_20260509_VPLC_L3_STRESS_75_80_S01_R01,VPLC_L3_STRESS_75_80,SER_20260509_VPLC_L3_STRESS_75_80_S01,vPLC_container,VPLC_HOST,912,,,2026-05-09T20:58:44.423468557Z,,,,host_log,75,80,,,,,,3,512,,technical_check,vplc_status_cycle_duration_not_validated_as_Tper,0.256,100,работает
RUN_20260509_VPLC_L3_STRESS_75_80_S01_R01,VPLC_L3_STRESS_75_80,SER_20260509_VPLC_L3_STRESS_75_80_S01,vPLC_container,VPLC_HOST,913,,,2026-05-09T20:58:45.482690856Z,,,,host_log,75,80,,,,,,3,512,,technical_check,vplc_status_cycle_duration_not_validated_as_Tper,0.259,100,работает
RUN_20260509_VPLC_L3_STRESS_75_80_S01_R01,VPLC_L3_STRESS_75_80,SER_20260509_VPLC_L3_STRESS_75_80_S01,vPLC_container,VPLC_HOST,914,,,2026-05-09T20:58:46.533858686Z,,,,host_log,75,80,,,,,,3,512,,technical_check,vplc_status_cycle_duration_not_validated_as_Tper,0.235,100,работает
RUN_20260509_VPLC_L3_STRESS_75_80_S01_R01,VPLC_L3_STRESS_75_80,SER_20260509_VPLC_L3_STRESS_75_80_S01,vPLC_container,VPLC_HOST,915,,,2026-05-09T20:58:47.592778973Z,,,,host_log,75,80,,,,,,3,512,,technical_check,vplc_status_cycle_duration_not_validated_as_Tper,0.253,100,работает
RUN_20260509_VPLC_L3_STRESS_75_80_S01_R01,VPLC_L3_STRESS_75_80,SER_20260509_VPLC_L3_STRESS_75_80_S01,vPLC_container,VPLC_HOST,916,,,2026-05-09T20:58:48.644382223Z,,,,host_log,75,80,,,,,,3,512,,technical_check,vplc_status_cycle_duration_not_validated_as_Tper,0.206,100,работает
RUN_20260509_VPLC_L3_STRESS_75_80_S01_R01,VPLC_L3_STRESS_75_80,SER_20260509_VPLC_L3_STRESS_75_80_S01,vPLC_container,VPLC_HOST,917,,,2026-05-09T20:58:49.702786090Z,,,,host_log,75,80,,,,,,3,512,,technical_check,vplc_status_cycle_duration_not_validated_as_Tper,0.256,100,работает
RUN_20260509_VPLC_L3_STRESS_75_80_S01_R01,VPLC_L3_STRESS_75_80,SER_20260509_VPLC_L3_STRESS_75_80_S01,vPLC_container,VPLC_HOST,918,,,2026-05-09T20:58:50.757927426Z,,,,host_log,75,80,,,,,,3,512,,technical_check,vplc_status_cycle_duration_not_validated_as_Tper,0.243,100,работает
RUN_20260509_VPLC_L3_STRESS_75_80_S01_R01,VPLC_L3_STRESS_75_80,SER_20260509_VPLC_L3_STRESS_75_80_S01,vPLC_container,VPLC_HOST,919,,,2026-05-09T20:58:51.810820514Z,,,,host_log,75,80,,,,,,3,512,,technical_check,vplc_status_cycle_duration_not_validated_as_Tper,0.252,100,работает
RUN_20260509_VPLC_L3_STRESS_75_80_S01_R01,VPLC_L3_STRESS_75_80,SER_20260509_VPLC_L3_STRESS_75_80_S01,vPLC_container,VPLC_HOST,920,,,2026-05-09T20:58:52.866730821Z,,,,host_log,75,80,,,,,,3,512,,technical_check,vplc_status_cycle_duration_not_validated_as_Tper,0.253,100,работает
RUN_20260509_VPLC_L3_STRESS_75_80_S01_R01,VPLC_L3_STRESS_75_80,SER_20260509_VPLC_L3_STRESS_75_80_S01,vPLC_container,VPLC_HOST,921,,,2026-05-09T20:58:53.923383247Z,,,,host_log,75,80,,,,,,3,512,,technical_check,vplc_status_cycle_duration_not_validated_as_Tper,0.190,100,работает
RUN_20260509_VPLC_L3_STRESS_75_80_S01_R01,VPLC_L3_STRESS_75_80,SER_20260509_VPLC_L3_STRESS_75_80_S01,vPLC_container,VPLC_HOST,922,,,2026-05-09T20:58:54.977258533Z,,,,host_log,75,80,,,,,,3,512,,technical_check,vplc_status_cycle_duration_not_validated_as_Tper,0.256,100,работает
RUN_20260509_VPLC_L3_STRESS_75_80_S01_R01,VPLC_L3_STRESS_75_80,SER_20260509_VPLC_L3_STRESS_75_80_S01,vPLC_container,VPLC_HOST,923,,,2026-05-09T20:58:56.033508257Z,,,,host_log,75,80,,,,,,3,512,,technical_check,vplc_status_cycle_duration_not_validated_as_Tper,0.236,100,работает
RUN_20260509_VPLC_L3_STRESS_75_80_S01_R01,VPLC_L3_STRESS_75_80,SER_20260509_VPLC_L3_STRESS_75_80_S01,vPLC_container,VPLC_HOST,924,,,2026-05-09T20:58:57.087141070Z,,,,host_log,75,80,,,,,,3,512,,technical_check,vplc_status_cycle_duration_not_validated_as_Tper,0.256,100,работает
RUN_20260509_VPLC_L3_STRESS_75_80_S01_R01,VPLC_L3_STRESS_75_80,SER_20260509_VPLC_L3_STRESS_75_80_S01,vPLC_container,VPLC_HOST,925,,,2026-05-09T20:58:58.145509082Z,,,,host_log,75,80,,,,,,3,512,,technical_check,vplc_status_cycle_duration_not_validated_as_Tper,0.186,100,работает
RUN_20260509_VPLC_L3_STRESS_75_80_S01_R01,VPLC_L3_STRESS_75_80,SER_20260509_VPLC_L3_STRESS_75_80_S01,vPLC_container,VPLC_HOST,926,,,2026-05-09T20:58:59.199984233Z,,,,host_log,75,80,,,,,,3,512,,technical_check,vplc_status_cycle_duration_not_validated_as_Tper,0.257,100,работает
RUN_20260509_VPLC_L3_STRESS_75_80_S01_R01,VPLC_L3_STRESS_75_80,SER_20260509_VPLC_L3_STRESS_75_80_S01,vPLC_container,VPLC_HOST,927,,,2026-05-09T20:59:00.255716421Z,,,,host_log,75,80,,,,,,3,512,,technical_check,vplc_status_cycle_duration_not_validated_as_Tper,0.190,100,работает
RUN_20260509_VPLC_L3_STRESS_75_80_S01_R01,VPLC_L3_STRESS_75_80,SER_20260509_VPLC_L3_STRESS_75_80_S01,vPLC_container,VPLC_HOST,928,,,2026-05-09T20:59:01.308889816Z,,,,host_log,75,80,,,,,,3,512,,technical_check,vplc_status_cycle_duration_not_validated_as_Tper,0.256,100,работает
RUN_20260509_VPLC_L3_STRESS_75_80_S01_R01,VPLC_L3_STRESS_75_80,SER_20260509_VPLC_L3_STRESS_75_80_S01,vPLC_container,VPLC_HOST,929,,,2026-05-09T20:59:02.364691027Z,,,,host_log,75,80,,,,,,3,512,,technical_check,vplc_status_cycle_duration_not_validated_as_Tper,5.010,100,работает
RUN_20260509_VPLC_L3_STRESS_75_80_S01_R01,VPLC_L3_STRESS_75_80,SER_20260509_VPLC_L3_STRESS_75_80_S01,vPLC_container,VPLC_HOST,930,,,2026-05-09T20:59:03.419471461Z,,,,host_log,75,80,,,,,,3,512,,technical_check,vplc_status_cycle_duration_not_validated_as_Tper,4.727,100,работает
RUN_20260509_VPLC_L3_STRESS_75_80_S01_R01,VPLC_L3_STRESS_75_80,SER_20260509_VPLC_L3_STRESS_75_80_S01,vPLC_container,VPLC_HOST,931,,,2026-05-09T20:59:04.477164870Z,,,,host_log,75,80,,,,,,3,512,,technical_check,vplc_status_cycle_duration_not_validated_as_Tper,0.256,100,работает
RUN_20260509_VPLC_L3_STRESS_75_80_S01_R01,VPLC_L3_STRESS_75_80,SER_20260509_VPLC_L3_STRESS_75_80_S01,vPLC_container,VPLC_HOST,932,,,2026-05-09T20:59:05.532358377Z,,,,host_log,75,80,,,,,,3,512,,technical_check,vplc_status_cycle_duration_not_validated_as_Tper,0.250,100,работает
RUN_20260509_VPLC_L3_STRESS_75_80_S01_R01,VPLC_L3_STRESS_75_80,SER_20260509_VPLC_L3_STRESS_75_80_S01,vPLC_container,VPLC_HOST,933,,,2026-05-09T20:59:06.585114473Z,,,,host_log,75,80,,,,,,3,512,,technical_check,vplc_status_cycle_duration_not_validated_as_Tper,0.255,100,работает
RUN_20260509_VPLC_L3_STRESS_75_80_S01_R01,VPLC_L3_STRESS_75_80,SER_20260509_VPLC_L3_STRESS_75_80_S01,vPLC_container,VPLC_HOST,934,,,2026-05-09T20:59:07.639848588Z,,,,host_log,75,80,,,,,,3,512,,technical_check,vplc_status_cycle_duration_not_validated_as_Tper,0.238,100,работает
RUN_20260509_VPLC_L3_STRESS_75_80_S01_R01,VPLC_L3_STRESS_75_80,SER_20260509_VPLC_L3_STRESS_75_80_S01,vPLC_container,VPLC_HOST,935,,,2026-05-09T20:59:08.690319346Z,,,,host_log,75,80,,,,,,3,512,,technical_check,vplc_status_cycle_duration_not_validated_as_Tper,0.257,100,работает
RUN_20260509_VPLC_L3_STRESS_75_80_S01_R01,VPLC_L3_STRESS_75_80,SER_20260509_VPLC_L3_STRESS_75_80_S01,vPLC_container,VPLC_HOST,936,,,2026-05-09T20:59:09.748007171Z,,,,host_log,75,80,,,,,,3,512,,technical_check,vplc_status_cycle_duration_not_validated_as_Tper,0.149,100,работает
RUN_20260509_VPLC_L3_STRESS_75_80_S01_R01,VPLC_L3_STRESS_75_80,SER_20260509_VPLC_L3_STRESS_75_80_S01,vPLC_container,VPLC_HOST,937,,,2026-05-09T20:59:10.799801350Z,,,,host_log,75,80,,,,,,3,512,,technical_check,vplc_status_cycle_duration_not_validated_as_Tper,0.251,100,работает
RUN_20260509_VPLC_L3_STRESS_75_80_S01_R01,VPLC_L3_STRESS_75_80,SER_20260509_VPLC_L3_STRESS_75_80_S01,vPLC_container,VPLC_HOST,938,,,2026-05-09T20:59:11.857188831Z,,,,host_log,75,80,,,,,,3,512,,technical_check,vplc_status_cycle_duration_not_validated_as_Tper,0.240,100,работает
RUN_20260509_VPLC_L3_STRESS_75_80_S01_R01,VPLC_L3_STRESS_75_80,SER_20260509_VPLC_L3_STRESS_75_80_S01,vPLC_container,VPLC_HOST,939,,,2026-05-09T20:59:12.913452547Z,,,,host_log,75,80,,,,,,3,512,,technical_check,vplc_status_cycle_duration_not_validated_as_Tper,0.258,100,работает
RUN_20260509_VPLC_L3_STRESS_75_80_S01_R01,VPLC_L3_STRESS_75_80,SER_20260509_VPLC_L3_STRESS_75_80_S01,vPLC_container,VPLC_HOST,940,,,2026-05-09T20:59:13.966968127Z,,,,host_log,75,80,,,,,,3,512,,technical_check,vplc_status_cycle_duration_not_validated_as_Tper,0.253,100,работает
RUN_20260509_VPLC_L3_STRESS_75_80_S01_R01,VPLC_L3_STRESS_75_80,SER_20260509_VPLC_L3_STRESS_75_80_S01,vPLC_container,VPLC_HOST,941,,,2026-05-09T20:59:15.027052906Z,,,,host_log,75,80,,,,,,3,512,,technical_check,vplc_status_cycle_duration_not_validated_as_Tper,0.238,100,работает
RUN_20260509_VPLC_L3_STRESS_75_80_S01_R01,VPLC_L3_STRESS_75_80,SER_20260509_VPLC_L3_STRESS_75_80_S01,vPLC_container,VPLC_HOST,942,,,2026-05-09T20:59:16.081234512Z,,,,host_log,75,80,,,,,,3,512,,technical_check,vplc_status_cycle_duration_not_validated_as_Tper,0.259,100,работает
RUN_20260509_VPLC_L3_STRESS_75_80_S01_R01,VPLC_L3_STRESS_75_80,SER_20260509_VPLC_L3_STRESS_75_80_S01,vPLC_container,VPLC_HOST,943,,,2026-05-09T20:59:17.136832394Z,,,,host_log,75,80,,,,,,3,512,,technical_check,vplc_status_cycle_duration_not_validated_as_Tper,0.251,100,работает
RUN_20260509_VPLC_L3_STRESS_75_80_S01_R01,VPLC_L3_STRESS_75_80,SER_20260509_VPLC_L3_STRESS_75_80_S01,vPLC_container,VPLC_HOST,944,,,2026-05-09T20:59:18.192954986Z,,,,host_log,75,80,,,,,,3,512,,technical_check,vplc_status_cycle_duration_not_validated_as_Tper,0.251,100,работает
RUN_20260509_VPLC_L3_STRESS_75_80_S01_R01,VPLC_L3_STRESS_75_80,SER_20260509_VPLC_L3_STRESS_75_80_S01,vPLC_container,VPLC_HOST,945,,,2026-05-09T20:59:19.246907056Z,,,,host_log,75,80,,,,,,3,512,,technical_check,vplc_status_cycle_duration_not_validated_as_Tper,0.170,100,работает
RUN_20260509_VPLC_L3_STRESS_75_80_S01_R01,VPLC_L3_STRESS_75_80,SER_20260509_VPLC_L3_STRESS_75_80_S01,vPLC_container,VPLC_HOST,946,,,2026-05-09T20:59:20.303548287Z,,,,host_log,75,80,,,,,,3,512,,technical_check,vplc_status_cycle_duration_not_validated_as_Tper,0.258,100,работает
RUN_20260509_VPLC_L3_STRESS_75_80_S01_R01,VPLC_L3_STRESS_75_80,SER_20260509_VPLC_L3_STRESS_75_80_S01,vPLC_container,VPLC_HOST,947,,,2026-05-09T20:59:21.355880345Z,,,,host_log,75,80,,,,,,3,512,,technical_check,vplc_status_cycle_duration_not_validated_as_Tper,4.413,100,работает
RUN_20260509_VPLC_L3_STRESS_75_80_S01_R01,VPLC_L3_STRESS_75_80,SER_20260509_VPLC_L3_STRESS_75_80_S01,vPLC_container,VPLC_HOST,948,,,2026-05-09T20:59:22.413142849Z,,,,host_log,75,80,,,,,,3,512,,technical_check,vplc_status_cycle_duration_not_validated_as_Tper,5.019,100,работает
RUN_20260509_VPLC_L3_STRESS_75_80_S01_R01,VPLC_L3_STRESS_75_80,SER_20260509_VPLC_L3_STRESS_75_80_S01,vPLC_container,VPLC_HOST,949,,,2026-05-09T20:59:23.465666021Z,,,,host_log,75,80,,,,,,3,512,,technical_check,vplc_status_cycle_duration_not_validated_as_Tper,0.257,100,работает
RUN_20260509_VPLC_L3_STRESS_75_80_S01_R01,VPLC_L3_STRESS_75_80,SER_20260509_VPLC_L3_STRESS_75_80_S01,vPLC_container,VPLC_HOST,950,,,2026-05-09T20:59:24.522920205Z,,,,host_log,75,80,,,,,,3,512,,technical_check,vplc_status_cycle_duration_not_validated_as_Tper,0.252,100,работает
RUN_20260509_VPLC_L3_STRESS_75_80_S01_R01,VPLC_L3_STRESS_75_80,SER_20260509_VPLC_L3_STRESS_75_80_S01,vPLC_container,VPLC_HOST,951,,,2026-05-09T20:59:25.580135054Z,,,,host_log,75,80,,,,,,3,512,,technical_check,vplc_status_cycle_duration_not_validated_as_Tper,0.250,100,работает
RUN_20260509_VPLC_L3_STRESS_75_80_S01_R01,VPLC_L3_STRESS_75_80,SER_20260509_VPLC_L3_STRESS_75_80_S01,vPLC_container,VPLC_HOST,952,,,2026-05-09T20:59:26.634694788Z,,,,host_log,75,80,,,,,,3,512,,technical_check,vplc_status_cycle_duration_not_validated_as_Tper,0.237,100,работает
RUN_20260509_VPLC_L3_STRESS_75_80_S01_R01,VPLC_L3_STRESS_75_80,SER_20260509_VPLC_L3_STRESS_75_80_S01,vPLC_container,VPLC_HOST,953,,,2026-05-09T20:59:27.687208717Z,,,,host_log,75,80,,,,,,3,512,,technical_check,vplc_status_cycle_duration_not_validated_as_Tper,0.258,100,работает
RUN_20260509_VPLC_L3_STRESS_75_80_S01_R01,VPLC_L3_STRESS_75_80,SER_20260509_VPLC_L3_STRESS_75_80_S01,vPLC_container,VPLC_HOST,954,,,2026-05-09T20:59:28.745459295Z,,,,host_log,75,80,,,,,,3,512,,technical_check,vplc_status_cycle_duration_not_validated_as_Tper,0.183,100,работает
RUN_20260509_VPLC_L3_STRESS_75_80_S01_R01,VPLC_L3_STRESS_75_80,SER_20260509_VPLC_L3_STRESS_75_80_S01,vPLC_container,VPLC_HOST,955,,,2026-05-09T20:59:29.800741230Z,,,,host_log,75,80,,,,,,3,512,,technical_check,vplc_status_cycle_duration_not_validated_as_Tper,0.253,100,работает
RUN_20260509_VPLC_L3_STRESS_75_80_S01_R01,VPLC_L3_STRESS_75_80,SER_20260509_VPLC_L3_STRESS_75_80_S01,vPLC_container,VPLC_HOST,956,,,2026-05-09T20:59:30.853140889Z,,,,host_log,75,80,,,,,,3,512,,technical_check,vplc_status_cycle_duration_not_validated_as_Tper,0.143,100,работает
RUN_20260509_VPLC_L3_STRESS_75_80_S01_R01,VPLC_L3_STRESS_75_80,SER_20260509_VPLC_L3_STRESS_75_80_S01,vPLC_container,VPLC_HOST,957,,,2026-05-09T20:59:31.910116349Z,,,,host_log,75,80,,,,,,3,512,,technical_check,vplc_status_cycle_duration_not_validated_as_Tper,0.256,100,работает
RUN_20260509_VPLC_L3_STRESS_75_80_S01_R01,VPLC_L3_STRESS_75_80,SER_20260509_VPLC_L3_STRESS_75_80_S01,vPLC_container,VPLC_HOST,958,,,2026-05-09T20:59:32.962605622Z,,,,host_log,75,80,,,,,,3,512,,technical_check,vplc_status_cycle_duration_not_validated_as_Tper,0.256,100,работает
RUN_20260509_VPLC_L3_STRESS_75_80_S01_R01,VPLC_L3_STRESS_75_80,SER_20260509_VPLC_L3_STRESS_75_80_S01,vPLC_container,VPLC_HOST,959,,,2026-05-09T20:59:34.021228807Z,,,,host_log,75,80,,,,,,3,512,,technical_check,vplc_status_cycle_duration_not_validated_as_Tper,0.251,100,работает
RUN_20260509_VPLC_L3_STRESS_75_80_S01_R01,VPLC_L3_STRESS_75_80,SER_20260509_VPLC_L3_STRESS_75_80_S01,vPLC_container,VPLC_HOST,960,,,2026-05-09T20:59:35.077684458Z,,,,host_log,75,80,,,,,,3,512,,technical_check,vplc_status_cycle_duration_not_validated_as_Tper,0.254,100,работает
RUN_20260509_VPLC_L3_STRESS_75_80_S01_R01,VPLC_L3_STRESS_75_80,SER_20260509_VPLC_L3_STRESS_75_80_S01,vPLC_container,VPLC_HOST,961,,,2026-05-09T20:59:36.131718814Z,,,,host_log,75,80,,,,,,3,512,,technical_check,vplc_status_cycle_duration_not_validated_as_Tper,0.238,100,работает
RUN_20260509_VPLC_L3_STRESS_75_80_S01_R01,VPLC_L3_STRESS_75_80,SER_20260509_VPLC_L3_STRESS_75_80_S01,vPLC_container,VPLC_HOST,962,,,2026-05-09T20:59:37.185699764Z,,,,host_log,75,80,,,,,,3,512,,technical_check,vplc_status_cycle_duration_not_validated_as_Tper,0.255,100,работает
RUN_20260509_VPLC_L3_STRESS_75_80_S01_R01,VPLC_L3_STRESS_75_80,SER_20260509_VPLC_L3_STRESS_75_80_S01,vPLC_container,VPLC_HOST,963,,,2026-05-09T20:59:38.242017573Z,,,,host_log,75,80,,,,,,3,512,,technical_check,vplc_status_cycle_duration_not_validated_as_Tper,0.237,100,работает
RUN_20260509_VPLC_L3_STRESS_75_80_S01_R01,VPLC_L3_STRESS_75_80,SER_20260509_VPLC_L3_STRESS_75_80_S01,vPLC_container,VPLC_HOST,964,,,2026-05-09T20:59:39.296703011Z,,,,host_log,75,80,,,,,,3,512,,technical_check,vplc_status_cycle_duration_not_validated_as_Tper,0.255,100,работает
RUN_20260509_VPLC_L3_STRESS_75_80_S01_R01,VPLC_L3_STRESS_75_80,SER_20260509_VPLC_L3_STRESS_75_80_S01,vPLC_container,VPLC_HOST,965,,,2026-05-09T20:59:40.351740438Z,,,,host_log,75,80,,,,,,3,512,,technical_check,vplc_status_cycle_duration_not_validated_as_Tper,4.138,100,работает
RUN_20260509_VPLC_L3_STRESS_75_80_S01_R01,VPLC_L3_STRESS_75_80,SER_20260509_VPLC_L3_STRESS_75_80_S01,vPLC_container,VPLC_HOST,966,,,2026-05-09T20:59:41.404056651Z,,,,host_log,75,80,,,,,,3,512,,technical_check,vplc_status_cycle_duration_not_validated_as_Tper,4.988,100,работает
RUN_20260509_VPLC_L3_STRESS_75_80_S01_R01,VPLC_L3_STRESS_75_80,SER_20260509_VPLC_L3_STRESS_75_80_S01,vPLC_container,VPLC_HOST,967,,,2026-05-09T20:59:42.462227763Z,,,,host_log,75,80,,,,,,3,512,,technical_check,vplc_status_cycle_duration_not_validated_as_Tper,0.255,100,работает
RUN_20260509_VPLC_L3_STRESS_75_80_S01_R01,VPLC_L3_STRESS_75_80,SER_20260509_VPLC_L3_STRESS_75_80_S01,vPLC_container,VPLC_HOST,968,,,2026-05-09T20:59:43.516152854Z,,,,host_log,75,80,,,,,,3,512,,technical_check,vplc_status_cycle_duration_not_validated_as_Tper,0.253,100,работает
RUN_20260509_VPLC_L3_STRESS_75_80_S01_R01,VPLC_L3_STRESS_75_80,SER_20260509_VPLC_L3_STRESS_75_80_S01,vPLC_container,VPLC_HOST,969,,,2026-05-09T20:59:44.572932616Z,,,,host_log,75,80,,,,,,3,512,,technical_check,vplc_status_cycle_duration_not_validated_as_Tper,0.259,100,работает
RUN_20260509_VPLC_L3_STRESS_75_80_S01_R01,VPLC_L3_STRESS_75_80,SER_20260509_VPLC_L3_STRESS_75_80_S01,vPLC_container,VPLC_HOST,970,,,2026-05-09T20:59:45.626721941Z,,,,host_log,75,80,,,,,,3,512,,technical_check,vplc_status_cycle_duration_not_validated_as_Tper,0.238,100,работает
RUN_20260509_VPLC_L3_STRESS_75_80_S01_R01,VPLC_L3_STRESS_75_80,SER_20260509_VPLC_L3_STRESS_75_80_S01,vPLC_container,VPLC_HOST,971,,,2026-05-09T20:59:46.683166639Z,,,,host_log,75,80,,,,,,3,512,,technical_check,vplc_status_cycle_duration_not_validated_as_Tper,0.256,100,работает
RUN_20260509_VPLC_L3_STRESS_75_80_S01_R01,VPLC_L3_STRESS_75_80,SER_20260509_VPLC_L3_STRESS_75_80_S01,vPLC_container,VPLC_HOST,972,,,2026-05-09T20:59:47.737539621Z,,,,host_log,75,80,,,,,,3,512,,technical_check,vplc_status_cycle_duration_not_validated_as_Tper,0.231,100,работает
RUN_20260509_VPLC_L3_STRESS_75_80_S01_R01,VPLC_L3_STRESS_75_80,SER_20260509_VPLC_L3_STRESS_75_80_S01,vPLC_container,VPLC_HOST,973,,,2026-05-09T20:59:48.791931282Z,,,,host_log,75,80,,,,,,3,512,,technical_check,vplc_status_cycle_duration_not_validated_as_Tper,0.261,100,работает
RUN_20260509_VPLC_L3_STRESS_75_80_S01_R01,VPLC_L3_STRESS_75_80,SER_20260509_VPLC_L3_STRESS_75_80_S01,vPLC_container,VPLC_HOST,974,,,2026-05-09T20:59:49.849726831Z,,,,host_log,75,80,,,,,,3,512,,technical_check,vplc_status_cycle_duration_not_validated_as_Tper,0.129,100,работает
RUN_20260509_VPLC_L3_STRESS_75_80_S01_R01,VPLC_L3_STRESS_75_80,SER_20260509_VPLC_L3_STRESS_75_80_S01,vPLC_container,VPLC_HOST,975,,,2026-05-09T20:59:50.903613844Z,,,,host_log,75,80,,,,,,3,512,,technical_check,vplc_status_cycle_duration_not_validated_as_Tper,0.258,100,работает
RUN_20260509_VPLC_L3_STRESS_75_80_S01_R01,VPLC_L3_STRESS_75_80,SER_20260509_VPLC_L3_STRESS_75_80_S01,vPLC_container,VPLC_HOST,976,,,2026-05-09T20:59:51.959857187Z,,,,host_log,75,80,,,,,,3,512,,technical_check,vplc_status_cycle_duration_not_validated_as_Tper,0.244,100,работает
RUN_20260509_VPLC_L3_STRESS_75_80_S01_R01,VPLC_L3_STRESS_75_80,SER_20260509_VPLC_L3_STRESS_75_80_S01,vPLC_container,VPLC_HOST,977,,,2026-05-09T20:59:53.016041925Z,,,,host_log,75,80,,,,,,3,512,,technical_check,vplc_status_cycle_duration_not_validated_as_Tper,0.258,100,работает
RUN_20260509_VPLC_L3_STRESS_75_80_S01_R01,VPLC_L3_STRESS_75_80,SER_20260509_VPLC_L3_STRESS_75_80_S01,vPLC_container,VPLC_HOST,978,,,2026-05-09T20:59:54.071207898Z,,,,host_log,75,80,,,,,,3,512,,technical_check,vplc_status_cycle_duration_not_validated_as_Tper,0.256,100,работает
RUN_20260509_VPLC_L3_STRESS_75_80_S01_R01,VPLC_L3_STRESS_75_80,SER_20260509_VPLC_L3_STRESS_75_80_S01,vPLC_container,VPLC_HOST,979,,,2026-05-09T20:59:55.126234830Z,,,,host_log,75,80,,,,,,3,512,,technical_check,vplc_status_cycle_duration_not_validated_as_Tper,0.231,100,работает
RUN_20260509_VPLC_L3_STRESS_75_80_S01_R01,VPLC_L3_STRESS_75_80,SER_20260509_VPLC_L3_STRESS_75_80_S01,vPLC_container,VPLC_HOST,980,,,2026-05-09T20:59:56.177214005Z,,,,host_log,75,80,,,,,,3,512,,technical_check,vplc_status_cycle_duration_not_validated_as_Tper,0.252,100,работает
RUN_20260509_VPLC_L3_STRESS_75_80_S01_R01,VPLC_L3_STRESS_75_80,SER_20260509_VPLC_L3_STRESS_75_80_S01,vPLC_container,VPLC_HOST,981,,,2026-05-09T20:59:57.234584894Z,,,,host_log,75,80,,,,,,3,512,,technical_check,vplc_status_cycle_duration_not_validated_as_Tper,0.237,100,работает
RUN_20260509_VPLC_L3_STRESS_75_80_S01_R01,VPLC_L3_STRESS_75_80,SER_20260509_VPLC_L3_STRESS_75_80_S01,vPLC_container,VPLC_HOST,982,,,2026-05-09T20:59:58.291779491Z,,,,host_log,75,80,,,,,,3,512,,technical_check,vplc_status_cycle_duration_not_validated_as_Tper,0.258,100,работает
RUN_20260509_VPLC_L3_STRESS_75_80_S01_R01,VPLC_L3_STRESS_75_80,SER_20260509_VPLC_L3_STRESS_75_80_S01,vPLC_container,VPLC_HOST,983,,,2026-05-09T20:59:59.347124123Z,,,,host_log,75,80,,,,,,3,512,,technical_check,vplc_status_cycle_duration_not_validated_as_Tper,4.333,100,работает
RUN_20260509_VPLC_L3_STRESS_75_80_S01_R01,VPLC_L3_STRESS_75_80,SER_20260509_VPLC_L3_STRESS_75_80_S01,vPLC_container,VPLC_HOST,984,,,2026-05-09T21:00:00.400774625Z,,,,host_log,75,80,,,,,,3,512,,technical_check,vplc_status_cycle_duration_not_validated_as_Tper,5.218,100,работает
RUN_20260509_VPLC_L3_STRESS_75_80_S01_R01,VPLC_L3_STRESS_75_80,SER_20260509_VPLC_L3_STRESS_75_80_S01,vPLC_container,VPLC_HOST,985,,,2026-05-09T21:00:01.452376578Z,,,,host_log,75,80,,,,,,3,512,,technical_check,vplc_status_cycle_duration_not_validated_as_Tper,0.126,100,работает
RUN_20260509_VPLC_L3_STRESS_75_80_S01_R01,VPLC_L3_STRESS_75_80,SER_20260509_VPLC_L3_STRESS_75_80_S01,vPLC_container,VPLC_HOST,986,,,2026-05-09T21:00:02.509338942Z,,,,host_log,75,80,,,,,,3,512,,technical_check,vplc_status_cycle_duration_not_validated_as_Tper,0.258,100,работает
RUN_20260509_VPLC_L3_STRESS_75_80_S01_R01,VPLC_L3_STRESS_75_80,SER_20260509_VPLC_L3_STRESS_75_80_S01,vPLC_container,VPLC_HOST,987,,,2026-05-09T21:00:03.565113409Z,,,,host_log,75,80,,,,,,3,512,,technical_check,vplc_status_cycle_duration_not_validated_as_Tper,0.251,100,работает
RUN_20260509_VPLC_L3_STRESS_75_80_S01_R01,VPLC_L3_STRESS_75_80,SER_20260509_VPLC_L3_STRESS_75_80_S01,vPLC_container,VPLC_HOST,988,,,2026-05-09T21:00:04.621569736Z,,,,host_log,75,80,,,,,,3,512,,technical_check,vplc_status_cycle_duration_not_validated_as_Tper,0.255,100,работает
RUN_20260509_VPLC_L3_STRESS_75_80_S01_R01,VPLC_L3_STRESS_75_80,SER_20260509_VPLC_L3_STRESS_75_80_S01,vPLC_container,VPLC_HOST,989,,,2026-05-09T21:00:05.678815671Z,,,,host_log,75,80,,,,,,3,512,,technical_check,vplc_status_cycle_duration_not_validated_as_Tper,0.258,100,работает
RUN_20260509_VPLC_L3_STRESS_75_80_S01_R01,VPLC_L3_STRESS_75_80,SER_20260509_VPLC_L3_STRESS_75_80_S01,vPLC_container,VPLC_HOST,990,,,2026-05-09T21:00:06.733724048Z,,,,host_log,75,80,,,,,,3,512,,technical_check,vplc_status_cycle_duration_not_validated_as_Tper,0.235,100,работает
RUN_20260509_VPLC_L3_STRESS_75_80_S01_R01,VPLC_L3_STRESS_75_80,SER_20260509_VPLC_L3_STRESS_75_80_S01,vPLC_container,VPLC_HOST,991,,,2026-05-09T21:00:07.785890177Z,,,,host_log,75,80,,,,,,3,512,,technical_check,vplc_status_cycle_duration_not_validated_as_Tper,0.253,100,работает
RUN_20260509_VPLC_L3_STRESS_75_80_S01_R01,VPLC_L3_STRESS_75_80,SER_20260509_VPLC_L3_STRESS_75_80_S01,vPLC_container,VPLC_HOST,992,,,2026-05-09T21:00:08.843361917Z,,,,host_log,75,80,,,,,,3,512,,technical_check,vplc_status_cycle_duration_not_validated_as_Tper,0.236,100,работает
RUN_20260509_VPLC_L3_STRESS_75_80_S01_R01,VPLC_L3_STRESS_75_80,SER_20260509_VPLC_L3_STRESS_75_80_S01,vPLC_container,VPLC_HOST,993,,,2026-05-09T21:00:09.898934203Z,,,,host_log,75,80,,,,,,3,512,,technical_check,vplc_status_cycle_duration_not_validated_as_Tper,0.257,100,работает
RUN_20260509_VPLC_L3_STRESS_75_80_S01_R01,VPLC_L3_STRESS_75_80,SER_20260509_VPLC_L3_STRESS_75_80_S01,vPLC_container,VPLC_HOST,994,,,2026-05-09T21:00:10.952643526Z,,,,host_log,75,80,,,,,,3,512,,technical_check,vplc_status_cycle_duration_not_validated_as_Tper,0.138,100,работает
RUN_20260509_VPLC_L3_STRESS_75_80_S01_R01,VPLC_L3_STRESS_75_80,SER_20260509_VPLC_L3_STRESS_75_80_S01,vPLC_container,VPLC_HOST,995,,,2026-05-09T21:00:12.008910158Z,,,,host_log,75,80,,,,,,3,512,,technical_check,vplc_status_cycle_duration_not_validated_as_Tper,0.250,100,работает
RUN_20260509_VPLC_L3_STRESS_75_80_S01_R01,VPLC_L3_STRESS_75_80,SER_20260509_VPLC_L3_STRESS_75_80_S01,vPLC_container,VPLC_HOST,996,,,2026-05-09T21:00:13.066863034Z,,,,host_log,75,80,,,,,,3,512,,technical_check,vplc_status_cycle_duration_not_validated_as_Tper,0.255,100,работает
RUN_20260509_VPLC_L3_STRESS_75_80_S01_R01,VPLC_L3_STRESS_75_80,SER_20260509_VPLC_L3_STRESS_75_80_S01,vPLC_container,VPLC_HOST,997,,,2026-05-09T21:00:14.121577864Z,,,,host_log,75,80,,,,,,3,512,,technical_check,vplc_status_cycle_duration_not_validated_as_Tper,0.258,100,работает
RUN_20260509_VPLC_L3_STRESS_75_80_S01_R01,VPLC_L3_STRESS_75_80,SER_20260509_VPLC_L3_STRESS_75_80_S01,vPLC_container,VPLC_HOST,998,,,2026-05-09T21:00:15.176730350Z,,,,host_log,75,80,,,,,,3,512,,technical_check,vplc_status_cycle_duration_not_validated_as_Tper,0.254,100,работает
RUN_20260509_VPLC_L3_STRESS_75_80_S01_R01,VPLC_L3_STRESS_75_80,SER_20260509_VPLC_L3_STRESS_75_80_S01,vPLC_container,VPLC_HOST,999,,,2026-05-09T21:00:16.229191705Z,,,,host_log,75,80,,,,,,3,512,,technical_check,vplc_status_cycle_duration_not_validated_as_Tper,0.235,100,работает
