run_id,mode_id,series_id,object,node_id,sample_index,cycle_index,cycle_counter,ts_observe,ts_start,ts_end,timestamp_tick_ns,timestamp_source,t0_ms,deadline_threshold_ms,Tper,Jper,deadline_miss,heartbeat,workload_accumulator,load_level,load_passes,error_flag,quality_flag,notes,cycle_exec_ms,cycle_nominal_ms,program_status
RUN_20260510_VPLC_L3_STRESS_75_80_S01_R05,VPLC_L3_STRESS_75_80,SER_20260510_VPLC_L3_STRESS_75_80_S01,vPLC_container,VPLC_HOST,0,,,2026-05-09T21:53:34.905037950Z,,,,host_log,75,80,,,,,,3,512,,technical_check,vplc_status_cycle_duration_not_validated_as_Tper,0.156,100,работает
RUN_20260510_VPLC_L3_STRESS_75_80_S01_R05,VPLC_L3_STRESS_75_80,SER_20260510_VPLC_L3_STRESS_75_80_S01,vPLC_container,VPLC_HOST,1,,,2026-05-09T21:53:35.954095948Z,,,,host_log,75,80,,,,,,3,512,,technical_check,vplc_status_cycle_duration_not_validated_as_Tper,0.153,100,работает
RUN_20260510_VPLC_L3_STRESS_75_80_S01_R05,VPLC_L3_STRESS_75_80,SER_20260510_VPLC_L3_STRESS_75_80_S01,vPLC_container,VPLC_HOST,2,,,2026-05-09T21:53:37.008976051Z,,,,host_log,75,80,,,,,,3,512,,technical_check,vplc_status_cycle_duration_not_validated_as_Tper,0.251,100,работает
RUN_20260510_VPLC_L3_STRESS_75_80_S01_R05,VPLC_L3_STRESS_75_80,SER_20260510_VPLC_L3_STRESS_75_80_S01,vPLC_container,VPLC_HOST,3,,,2026-05-09T21:53:38.067070170Z,,,,host_log,75,80,,,,,,3,512,,technical_check,vplc_status_cycle_duration_not_validated_as_Tper,0.256,100,работает
RUN_20260510_VPLC_L3_STRESS_75_80_S01_R05,VPLC_L3_STRESS_75_80,SER_20260510_VPLC_L3_STRESS_75_80_S01,vPLC_container,VPLC_HOST,4,,,2026-05-09T21:53:39.123395391Z,,,,host_log,75,80,,,,,,3,512,,technical_check,vplc_status_cycle_duration_not_validated_as_Tper,0.250,100,работает
RUN_20260510_VPLC_L3_STRESS_75_80_S01_R05,VPLC_L3_STRESS_75_80,SER_20260510_VPLC_L3_STRESS_75_80_S01,vPLC_container,VPLC_HOST,5,,,2026-05-09T21:53:40.176677524Z,,,,host_log,75,80,,,,,,3,512,,technical_check,vplc_status_cycle_duration_not_validated_as_Tper,0.251,100,работает
RUN_20260510_VPLC_L3_STRESS_75_80_S01_R05,VPLC_L3_STRESS_75_80,SER_20260510_VPLC_L3_STRESS_75_80_S01,vPLC_container,VPLC_HOST,6,,,2026-05-09T21:53:41.233753398Z,,,,host_log,75,80,,,,,,3,512,,technical_check,vplc_status_cycle_duration_not_validated_as_Tper,0.237,100,работает
RUN_20260510_VPLC_L3_STRESS_75_80_S01_R05,VPLC_L3_STRESS_75_80,SER_20260510_VPLC_L3_STRESS_75_80_S01,vPLC_container,VPLC_HOST,7,,,2026-05-09T21:53:42.287940988Z,,,,host_log,75,80,,,,,,3,512,,technical_check,vplc_status_cycle_duration_not_validated_as_Tper,0.258,100,работает
RUN_20260510_VPLC_L3_STRESS_75_80_S01_R05,VPLC_L3_STRESS_75_80,SER_20260510_VPLC_L3_STRESS_75_80_S01,vPLC_container,VPLC_HOST,8,,,2026-05-09T21:53:43.344766901Z,,,,host_log,75,80,,,,,,3,512,,technical_check,vplc_status_cycle_duration_not_validated_as_Tper,4.456,100,работает
RUN_20260510_VPLC_L3_STRESS_75_80_S01_R05,VPLC_L3_STRESS_75_80,SER_20260510_VPLC_L3_STRESS_75_80_S01,vPLC_container,VPLC_HOST,9,,,2026-05-09T21:53:44.398825757Z,,,,host_log,75,80,,,,,,3,512,,technical_check,vplc_status_cycle_duration_not_validated_as_Tper,4.803,100,работает
RUN_20260510_VPLC_L3_STRESS_75_80_S01_R05,VPLC_L3_STRESS_75_80,SER_20260510_VPLC_L3_STRESS_75_80_S01,vPLC_container,VPLC_HOST,10,,,2026-05-09T21:53:45.454353473Z,,,,host_log,75,80,,,,,,3,512,,technical_check,vplc_status_cycle_duration_not_validated_as_Tper,0.146,100,работает
RUN_20260510_VPLC_L3_STRESS_75_80_S01_R05,VPLC_L3_STRESS_75_80,SER_20260510_VPLC_L3_STRESS_75_80_S01,vPLC_container,VPLC_HOST,11,,,2026-05-09T21:53:46.509422249Z,,,,host_log,75,80,,,,,,3,512,,technical_check,vplc_status_cycle_duration_not_validated_as_Tper,0.256,100,работает
RUN_20260510_VPLC_L3_STRESS_75_80_S01_R05,VPLC_L3_STRESS_75_80,SER_20260510_VPLC_L3_STRESS_75_80_S01,vPLC_container,VPLC_HOST,12,,,2026-05-09T21:53:47.564687444Z,,,,host_log,75,80,,,,,,3,512,,technical_check,vplc_status_cycle_duration_not_validated_as_Tper,0.257,100,работает
RUN_20260510_VPLC_L3_STRESS_75_80_S01_R05,VPLC_L3_STRESS_75_80,SER_20260510_VPLC_L3_STRESS_75_80_S01,vPLC_container,VPLC_HOST,13,,,2026-05-09T21:53:48.619921303Z,,,,host_log,75,80,,,,,,3,512,,technical_check,vplc_status_cycle_duration_not_validated_as_Tper,0.251,100,работает
RUN_20260510_VPLC_L3_STRESS_75_80_S01_R05,VPLC_L3_STRESS_75_80,SER_20260510_VPLC_L3_STRESS_75_80_S01,vPLC_container,VPLC_HOST,14,,,2026-05-09T21:53:49.676972068Z,,,,host_log,75,80,,,,,,3,512,,technical_check,vplc_status_cycle_duration_not_validated_as_Tper,0.258,100,работает
RUN_20260510_VPLC_L3_STRESS_75_80_S01_R05,VPLC_L3_STRESS_75_80,SER_20260510_VPLC_L3_STRESS_75_80_S01,vPLC_container,VPLC_HOST,15,,,2026-05-09T21:53:50.731231146Z,,,,host_log,75,80,,,,,,3,512,,technical_check,vplc_status_cycle_duration_not_validated_as_Tper,0.237,100,работает
RUN_20260510_VPLC_L3_STRESS_75_80_S01_R05,VPLC_L3_STRESS_75_80,SER_20260510_VPLC_L3_STRESS_75_80_S01,vPLC_container,VPLC_HOST,16,,,2026-05-09T21:53:51.786570040Z,,,,host_log,75,80,,,,,,3,512,,technical_check,vplc_status_cycle_duration_not_validated_as_Tper,0.253,100,работает
RUN_20260510_VPLC_L3_STRESS_75_80_S01_R05,VPLC_L3_STRESS_75_80,SER_20260510_VPLC_L3_STRESS_75_80_S01,vPLC_container,VPLC_HOST,17,,,2026-05-09T21:53:52.842081354Z,,,,host_log,75,80,,,,,,3,512,,technical_check,vplc_status_cycle_duration_not_validated_as_Tper,0.236,100,работает
RUN_20260510_VPLC_L3_STRESS_75_80_S01_R05,VPLC_L3_STRESS_75_80,SER_20260510_VPLC_L3_STRESS_75_80_S01,vPLC_container,VPLC_HOST,18,,,2026-05-09T21:53:53.897189630Z,,,,host_log,75,80,,,,,,3,512,,technical_check,vplc_status_cycle_duration_not_validated_as_Tper,0.255,100,работает
RUN_20260510_VPLC_L3_STRESS_75_80_S01_R05,VPLC_L3_STRESS_75_80,SER_20260510_VPLC_L3_STRESS_75_80_S01,vPLC_container,VPLC_HOST,19,,,2026-05-09T21:53:54.950071882Z,,,,host_log,75,80,,,,,,3,512,,technical_check,vplc_status_cycle_duration_not_validated_as_Tper,0.126,100,работает
RUN_20260510_VPLC_L3_STRESS_75_80_S01_R05,VPLC_L3_STRESS_75_80,SER_20260510_VPLC_L3_STRESS_75_80_S01,vPLC_container,VPLC_HOST,20,,,2026-05-09T21:53:56.005211325Z,,,,host_log,75,80,,,,,,3,512,,technical_check,vplc_status_cycle_duration_not_validated_as_Tper,0.250,100,работает
RUN_20260510_VPLC_L3_STRESS_75_80_S01_R05,VPLC_L3_STRESS_75_80,SER_20260510_VPLC_L3_STRESS_75_80_S01,vPLC_container,VPLC_HOST,21,,,2026-05-09T21:53:57.060720812Z,,,,host_log,75,80,,,,,,3,512,,technical_check,vplc_status_cycle_duration_not_validated_as_Tper,0.259,100,работает
RUN_20260510_VPLC_L3_STRESS_75_80_S01_R05,VPLC_L3_STRESS_75_80,SER_20260510_VPLC_L3_STRESS_75_80_S01,vPLC_container,VPLC_HOST,22,,,2026-05-09T21:53:58.118381998Z,,,,host_log,75,80,,,,,,3,512,,technical_check,vplc_status_cycle_duration_not_validated_as_Tper,0.257,100,работает
RUN_20260510_VPLC_L3_STRESS_75_80_S01_R05,VPLC_L3_STRESS_75_80,SER_20260510_VPLC_L3_STRESS_75_80_S01,vPLC_container,VPLC_HOST,23,,,2026-05-09T21:53:59.171046876Z,,,,host_log,75,80,,,,,,3,512,,technical_check,vplc_status_cycle_duration_not_validated_as_Tper,0.254,100,работает
RUN_20260510_VPLC_L3_STRESS_75_80_S01_R05,VPLC_L3_STRESS_75_80,SER_20260510_VPLC_L3_STRESS_75_80_S01,vPLC_container,VPLC_HOST,24,,,2026-05-09T21:54:00.228236402Z,,,,host_log,75,80,,,,,,3,512,,technical_check,vplc_status_cycle_duration_not_validated_as_Tper,0.240,100,работает
RUN_20260510_VPLC_L3_STRESS_75_80_S01_R05,VPLC_L3_STRESS_75_80,SER_20260510_VPLC_L3_STRESS_75_80_S01,vPLC_container,VPLC_HOST,25,,,2026-05-09T21:54:01.281352570Z,,,,host_log,75,80,,,,,,3,512,,technical_check,vplc_status_cycle_duration_not_validated_as_Tper,0.256,100,работает
RUN_20260510_VPLC_L3_STRESS_75_80_S01_R05,VPLC_L3_STRESS_75_80,SER_20260510_VPLC_L3_STRESS_75_80_S01,vPLC_container,VPLC_HOST,26,,,2026-05-09T21:54:02.340016091Z,,,,host_log,75,80,,,,,,3,512,,technical_check,vplc_status_cycle_duration_not_validated_as_Tper,4.733,100,работает
RUN_20260510_VPLC_L3_STRESS_75_80_S01_R05,VPLC_L3_STRESS_75_80,SER_20260510_VPLC_L3_STRESS_75_80_S01,vPLC_container,VPLC_HOST,27,,,2026-05-09T21:54:03.391278667Z,,,,host_log,75,80,,,,,,3,512,,technical_check,vplc_status_cycle_duration_not_validated_as_Tper,4.767,100,работает
RUN_20260510_VPLC_L3_STRESS_75_80_S01_R05,VPLC_L3_STRESS_75_80,SER_20260510_VPLC_L3_STRESS_75_80_S01,vPLC_container,VPLC_HOST,28,,,2026-05-09T21:54:04.448284447Z,,,,host_log,75,80,,,,,,3,512,,technical_check,vplc_status_cycle_duration_not_validated_as_Tper,0.169,100,работает
RUN_20260510_VPLC_L3_STRESS_75_80_S01_R05,VPLC_L3_STRESS_75_80,SER_20260510_VPLC_L3_STRESS_75_80_S01,vPLC_container,VPLC_HOST,29,,,2026-05-09T21:54:05.502858483Z,,,,host_log,75,80,,,,,,3,512,,technical_check,vplc_status_cycle_duration_not_validated_as_Tper,0.255,100,работает
RUN_20260510_VPLC_L3_STRESS_75_80_S01_R05,VPLC_L3_STRESS_75_80,SER_20260510_VPLC_L3_STRESS_75_80_S01,vPLC_container,VPLC_HOST,30,,,2026-05-09T21:54:06.557749582Z,,,,host_log,75,80,,,,,,3,512,,technical_check,vplc_status_cycle_duration_not_validated_as_Tper,0.243,100,работает
RUN_20260510_VPLC_L3_STRESS_75_80_S01_R05,VPLC_L3_STRESS_75_80,SER_20260510_VPLC_L3_STRESS_75_80_S01,vPLC_container,VPLC_HOST,31,,,2026-05-09T21:54:07.615771243Z,,,,host_log,75,80,,,,,,3,512,,technical_check,vplc_status_cycle_duration_not_validated_as_Tper,0.253,100,работает
RUN_20260510_VPLC_L3_STRESS_75_80_S01_R05,VPLC_L3_STRESS_75_80,SER_20260510_VPLC_L3_STRESS_75_80_S01,vPLC_container,VPLC_HOST,32,,,2026-05-09T21:54:08.668391326Z,,,,host_log,75,80,,,,,,3,512,,technical_check,vplc_status_cycle_duration_not_validated_as_Tper,0.259,100,работает
RUN_20260510_VPLC_L3_STRESS_75_80_S01_R05,VPLC_L3_STRESS_75_80,SER_20260510_VPLC_L3_STRESS_75_80_S01,vPLC_container,VPLC_HOST,33,,,2026-05-09T21:54:09.722781889Z,,,,host_log,75,80,,,,,,3,512,,technical_check,vplc_status_cycle_duration_not_validated_as_Tper,0.256,100,работает
RUN_20260510_VPLC_L3_STRESS_75_80_S01_R05,VPLC_L3_STRESS_75_80,SER_20260510_VPLC_L3_STRESS_75_80_S01,vPLC_container,VPLC_HOST,34,,,2026-05-09T21:54:10.781471753Z,,,,host_log,75,80,,,,,,3,512,,technical_check,vplc_status_cycle_duration_not_validated_as_Tper,0.251,100,работает
RUN_20260510_VPLC_L3_STRESS_75_80_S01_R05,VPLC_L3_STRESS_75_80,SER_20260510_VPLC_L3_STRESS_75_80_S01,vPLC_container,VPLC_HOST,35,,,2026-05-09T21:54:11.836519089Z,,,,host_log,75,80,,,,,,3,512,,technical_check,vplc_status_cycle_duration_not_validated_as_Tper,0.237,100,работает
RUN_20260510_VPLC_L3_STRESS_75_80_S01_R05,VPLC_L3_STRESS_75_80,SER_20260510_VPLC_L3_STRESS_75_80_S01,vPLC_container,VPLC_HOST,36,,,2026-05-09T21:54:12.892502146Z,,,,host_log,75,80,,,,,,3,512,,technical_check,vplc_status_cycle_duration_not_validated_as_Tper,0.259,100,работает
RUN_20260510_VPLC_L3_STRESS_75_80_S01_R05,VPLC_L3_STRESS_75_80,SER_20260510_VPLC_L3_STRESS_75_80_S01,vPLC_container,VPLC_HOST,37,,,2026-05-09T21:54:13.945841681Z,,,,host_log,75,80,,,,,,3,512,,technical_check,vplc_status_cycle_duration_not_validated_as_Tper,0.183,100,работает
RUN_20260510_VPLC_L3_STRESS_75_80_S01_R05,VPLC_L3_STRESS_75_80,SER_20260510_VPLC_L3_STRESS_75_80_S01,vPLC_container,VPLC_HOST,38,,,2026-05-09T21:54:15.001581520Z,,,,host_log,75,80,,,,,,3,512,,technical_check,vplc_status_cycle_duration_not_validated_as_Tper,0.252,100,работает
RUN_20260510_VPLC_L3_STRESS_75_80_S01_R05,VPLC_L3_STRESS_75_80,SER_20260510_VPLC_L3_STRESS_75_80_S01,vPLC_container,VPLC_HOST,39,,,2026-05-09T21:54:16.054340137Z,,,,host_log,75,80,,,,,,3,512,,technical_check,vplc_status_cycle_duration_not_validated_as_Tper,0.174,100,работает
RUN_20260510_VPLC_L3_STRESS_75_80_S01_R05,VPLC_L3_STRESS_75_80,SER_20260510_VPLC_L3_STRESS_75_80_S01,vPLC_container,VPLC_HOST,40,,,2026-05-09T21:54:17.112113985Z,,,,host_log,75,80,,,,,,3,512,,technical_check,vplc_status_cycle_duration_not_validated_as_Tper,0.257,100,работает
RUN_20260510_VPLC_L3_STRESS_75_80_S01_R05,VPLC_L3_STRESS_75_80,SER_20260510_VPLC_L3_STRESS_75_80_S01,vPLC_container,VPLC_HOST,41,,,2026-05-09T21:54:18.166620373Z,,,,host_log,75,80,,,,,,3,512,,technical_check,vplc_status_cycle_duration_not_validated_as_Tper,0.255,100,работает
RUN_20260510_VPLC_L3_STRESS_75_80_S01_R05,VPLC_L3_STRESS_75_80,SER_20260510_VPLC_L3_STRESS_75_80_S01,vPLC_container,VPLC_HOST,42,,,2026-05-09T21:54:19.222874725Z,,,,host_log,75,80,,,,,,3,512,,technical_check,vplc_status_cycle_duration_not_validated_as_Tper,0.259,100,работает
RUN_20260510_VPLC_L3_STRESS_75_80_S01_R05,VPLC_L3_STRESS_75_80,SER_20260510_VPLC_L3_STRESS_75_80_S01,vPLC_container,VPLC_HOST,43,,,2026-05-09T21:54:20.277051808Z,,,,host_log,75,80,,,,,,3,512,,technical_check,vplc_status_cycle_duration_not_validated_as_Tper,0.255,100,работает
RUN_20260510_VPLC_L3_STRESS_75_80_S01_R05,VPLC_L3_STRESS_75_80,SER_20260510_VPLC_L3_STRESS_75_80_S01,vPLC_container,VPLC_HOST,44,,,2026-05-09T21:54:21.336166243Z,,,,host_log,75,80,,,,,,3,512,,technical_check,vplc_status_cycle_duration_not_validated_as_Tper,4.476,100,работает
RUN_20260510_VPLC_L3_STRESS_75_80_S01_R05,VPLC_L3_STRESS_75_80,SER_20260510_VPLC_L3_STRESS_75_80_S01,vPLC_container,VPLC_HOST,45,,,2026-05-09T21:54:22.388835211Z,,,,host_log,75,80,,,,,,3,512,,technical_check,vplc_status_cycle_duration_not_validated_as_Tper,4.643,100,работает
RUN_20260510_VPLC_L3_STRESS_75_80_S01_R05,VPLC_L3_STRESS_75_80,SER_20260510_VPLC_L3_STRESS_75_80_S01,vPLC_container,VPLC_HOST,46,,,2026-05-09T21:54:23.445029510Z,,,,host_log,75,80,,,,,,3,512,,technical_check,vplc_status_cycle_duration_not_validated_as_Tper,0.207,100,работает
RUN_20260510_VPLC_L3_STRESS_75_80_S01_R05,VPLC_L3_STRESS_75_80,SER_20260510_VPLC_L3_STRESS_75_80_S01,vPLC_container,VPLC_HOST,47,,,2026-05-09T21:54:24.501700286Z,,,,host_log,75,80,,,,,,3,512,,technical_check,vplc_status_cycle_duration_not_validated_as_Tper,0.257,100,работает
RUN_20260510_VPLC_L3_STRESS_75_80_S01_R05,VPLC_L3_STRESS_75_80,SER_20260510_VPLC_L3_STRESS_75_80_S01,vPLC_container,VPLC_HOST,48,,,2026-05-09T21:54:25.554582374Z,,,,host_log,75,80,,,,,,3,512,,technical_check,vplc_status_cycle_duration_not_validated_as_Tper,0.154,100,работает
RUN_20260510_VPLC_L3_STRESS_75_80_S01_R05,VPLC_L3_STRESS_75_80,SER_20260510_VPLC_L3_STRESS_75_80_S01,vPLC_container,VPLC_HOST,49,,,2026-05-09T21:54:26.612451141Z,,,,host_log,75,80,,,,,,3,512,,technical_check,vplc_status_cycle_duration_not_validated_as_Tper,0.253,100,работает
RUN_20260510_VPLC_L3_STRESS_75_80_S01_R05,VPLC_L3_STRESS_75_80,SER_20260510_VPLC_L3_STRESS_75_80_S01,vPLC_container,VPLC_HOST,50,,,2026-05-09T21:54:27.665017694Z,,,,host_log,75,80,,,,,,3,512,,technical_check,vplc_status_cycle_duration_not_validated_as_Tper,0.257,100,работает
RUN_20260510_VPLC_L3_STRESS_75_80_S01_R05,VPLC_L3_STRESS_75_80,SER_20260510_VPLC_L3_STRESS_75_80_S01,vPLC_container,VPLC_HOST,51,,,2026-05-09T21:54:28.720890441Z,,,,host_log,75,80,,,,,,3,512,,technical_check,vplc_status_cycle_duration_not_validated_as_Tper,0.252,100,работает
RUN_20260510_VPLC_L3_STRESS_75_80_S01_R05,VPLC_L3_STRESS_75_80,SER_20260510_VPLC_L3_STRESS_75_80_S01,vPLC_container,VPLC_HOST,52,,,2026-05-09T21:54:29.776404242Z,,,,host_log,75,80,,,,,,3,512,,technical_check,vplc_status_cycle_duration_not_validated_as_Tper,0.250,100,работает
RUN_20260510_VPLC_L3_STRESS_75_80_S01_R05,VPLC_L3_STRESS_75_80,SER_20260510_VPLC_L3_STRESS_75_80_S01,vPLC_container,VPLC_HOST,53,,,2026-05-09T21:54:30.833266386Z,,,,host_log,75,80,,,,,,3,512,,technical_check,vplc_status_cycle_duration_not_validated_as_Tper,0.237,100,работает
RUN_20260510_VPLC_L3_STRESS_75_80_S01_R05,VPLC_L3_STRESS_75_80,SER_20260510_VPLC_L3_STRESS_75_80_S01,vPLC_container,VPLC_HOST,54,,,2026-05-09T21:54:31.888264154Z,,,,host_log,75,80,,,,,,3,512,,technical_check,vplc_status_cycle_duration_not_validated_as_Tper,0.259,100,работает
RUN_20260510_VPLC_L3_STRESS_75_80_S01_R05,VPLC_L3_STRESS_75_80,SER_20260510_VPLC_L3_STRESS_75_80_S01,vPLC_container,VPLC_HOST,55,,,2026-05-09T21:54:32.938839801Z,,,,host_log,75,80,,,,,,3,512,,technical_check,vplc_status_cycle_duration_not_validated_as_Tper,0.230,100,работает
RUN_20260510_VPLC_L3_STRESS_75_80_S01_R05,VPLC_L3_STRESS_75_80,SER_20260510_VPLC_L3_STRESS_75_80_S01,vPLC_container,VPLC_HOST,56,,,2026-05-09T21:54:34.000057155Z,,,,host_log,75,80,,,,,,3,512,,technical_check,vplc_status_cycle_duration_not_validated_as_Tper,0.253,100,работает
RUN_20260510_VPLC_L3_STRESS_75_80_S01_R05,VPLC_L3_STRESS_75_80,SER_20260510_VPLC_L3_STRESS_75_80_S01,vPLC_container,VPLC_HOST,57,,,2026-05-09T21:54:35.052831871Z,,,,host_log,75,80,,,,,,3,512,,technical_check,vplc_status_cycle_duration_not_validated_as_Tper,0.142,100,работает
RUN_20260510_VPLC_L3_STRESS_75_80_S01_R05,VPLC_L3_STRESS_75_80,SER_20260510_VPLC_L3_STRESS_75_80_S01,vPLC_container,VPLC_HOST,58,,,2026-05-09T21:54:36.110730749Z,,,,host_log,75,80,,,,,,3,512,,technical_check,vplc_status_cycle_duration_not_validated_as_Tper,0.256,100,работает
RUN_20260510_VPLC_L3_STRESS_75_80_S01_R05,VPLC_L3_STRESS_75_80,SER_20260510_VPLC_L3_STRESS_75_80_S01,vPLC_container,VPLC_HOST,59,,,2026-05-09T21:54:37.164788837Z,,,,host_log,75,80,,,,,,3,512,,technical_check,vplc_status_cycle_duration_not_validated_as_Tper,0.251,100,работает
RUN_20260510_VPLC_L3_STRESS_75_80_S01_R05,VPLC_L3_STRESS_75_80,SER_20260510_VPLC_L3_STRESS_75_80_S01,vPLC_container,VPLC_HOST,60,,,2026-05-09T21:54:38.221208998Z,,,,host_log,75,80,,,,,,3,512,,technical_check,vplc_status_cycle_duration_not_validated_as_Tper,0.260,100,работает
RUN_20260510_VPLC_L3_STRESS_75_80_S01_R05,VPLC_L3_STRESS_75_80,SER_20260510_VPLC_L3_STRESS_75_80_S01,vPLC_container,VPLC_HOST,61,,,2026-05-09T21:54:39.273668779Z,,,,host_log,75,80,,,,,,3,512,,technical_check,vplc_status_cycle_duration_not_validated_as_Tper,0.256,100,работает
RUN_20260510_VPLC_L3_STRESS_75_80_S01_R05,VPLC_L3_STRESS_75_80,SER_20260510_VPLC_L3_STRESS_75_80_S01,vPLC_container,VPLC_HOST,62,,,2026-05-09T21:54:40.332387354Z,,,,host_log,75,80,,,,,,3,512,,technical_check,vplc_status_cycle_duration_not_validated_as_Tper,4.413,100,работает
RUN_20260510_VPLC_L3_STRESS_75_80_S01_R05,VPLC_L3_STRESS_75_80,SER_20260510_VPLC_L3_STRESS_75_80_S01,vPLC_container,VPLC_HOST,63,,,2026-05-09T21:54:41.386672169Z,,,,host_log,75,80,,,,,,3,512,,technical_check,vplc_status_cycle_duration_not_validated_as_Tper,5.855,100,работает
RUN_20260510_VPLC_L3_STRESS_75_80_S01_R05,VPLC_L3_STRESS_75_80,SER_20260510_VPLC_L3_STRESS_75_80_S01,vPLC_container,VPLC_HOST,64,,,2026-05-09T21:54:42.440249757Z,,,,host_log,75,80,,,,,,3,512,,technical_check,vplc_status_cycle_duration_not_validated_as_Tper,0.234,100,работает
RUN_20260510_VPLC_L3_STRESS_75_80_S01_R05,VPLC_L3_STRESS_75_80,SER_20260510_VPLC_L3_STRESS_75_80_S01,vPLC_container,VPLC_HOST,65,,,2026-05-09T21:54:43.498178321Z,,,,host_log,75,80,,,,,,3,512,,technical_check,vplc_status_cycle_duration_not_validated_as_Tper,0.257,100,работает
RUN_20260510_VPLC_L3_STRESS_75_80_S01_R05,VPLC_L3_STRESS_75_80,SER_20260510_VPLC_L3_STRESS_75_80_S01,vPLC_container,VPLC_HOST,66,,,2026-05-09T21:54:44.551048426Z,,,,host_log,75,80,,,,,,3,512,,technical_check,vplc_status_cycle_duration_not_validated_as_Tper,0.129,100,работает
RUN_20260510_VPLC_L3_STRESS_75_80_S01_R05,VPLC_L3_STRESS_75_80,SER_20260510_VPLC_L3_STRESS_75_80_S01,vPLC_container,VPLC_HOST,67,,,2026-05-09T21:54:45.607898519Z,,,,host_log,75,80,,,,,,3,512,,technical_check,vplc_status_cycle_duration_not_validated_as_Tper,0.250,100,работает
RUN_20260510_VPLC_L3_STRESS_75_80_S01_R05,VPLC_L3_STRESS_75_80,SER_20260510_VPLC_L3_STRESS_75_80_S01,vPLC_container,VPLC_HOST,68,,,2026-05-09T21:54:46.664873040Z,,,,host_log,75,80,,,,,,3,512,,technical_check,vplc_status_cycle_duration_not_validated_as_Tper,0.256,100,работает
RUN_20260510_VPLC_L3_STRESS_75_80_S01_R05,VPLC_L3_STRESS_75_80,SER_20260510_VPLC_L3_STRESS_75_80_S01,vPLC_container,VPLC_HOST,69,,,2026-05-09T21:54:47.719018564Z,,,,host_log,75,80,,,,,,3,512,,technical_check,vplc_status_cycle_duration_not_validated_as_Tper,0.259,100,работает
RUN_20260510_VPLC_L3_STRESS_75_80_S01_R05,VPLC_L3_STRESS_75_80,SER_20260510_VPLC_L3_STRESS_75_80_S01,vPLC_container,VPLC_HOST,70,,,2026-05-09T21:54:48.774907454Z,,,,host_log,75,80,,,,,,3,512,,technical_check,vplc_status_cycle_duration_not_validated_as_Tper,0.252,100,работает
RUN_20260510_VPLC_L3_STRESS_75_80_S01_R05,VPLC_L3_STRESS_75_80,SER_20260510_VPLC_L3_STRESS_75_80_S01,vPLC_container,VPLC_HOST,71,,,2026-05-09T21:54:49.830319599Z,,,,host_log,75,80,,,,,,3,512,,technical_check,vplc_status_cycle_duration_not_validated_as_Tper,0.236,100,работает
RUN_20260510_VPLC_L3_STRESS_75_80_S01_R05,VPLC_L3_STRESS_75_80,SER_20260510_VPLC_L3_STRESS_75_80_S01,vPLC_container,VPLC_HOST,72,,,2026-05-09T21:54:50.885001068Z,,,,host_log,75,80,,,,,,3,512,,technical_check,vplc_status_cycle_duration_not_validated_as_Tper,0.259,100,работает
RUN_20260510_VPLC_L3_STRESS_75_80_S01_R05,VPLC_L3_STRESS_75_80,SER_20260510_VPLC_L3_STRESS_75_80_S01,vPLC_container,VPLC_HOST,73,,,2026-05-09T21:54:51.940210445Z,,,,host_log,75,80,,,,,,3,512,,technical_check,vplc_status_cycle_duration_not_validated_as_Tper,0.231,100,работает
RUN_20260510_VPLC_L3_STRESS_75_80_S01_R05,VPLC_L3_STRESS_75_80,SER_20260510_VPLC_L3_STRESS_75_80_S01,vPLC_container,VPLC_HOST,74,,,2026-05-09T21:54:52.995681414Z,,,,host_log,75,80,,,,,,3,512,,technical_check,vplc_status_cycle_duration_not_validated_as_Tper,0.255,100,работает
RUN_20260510_VPLC_L3_STRESS_75_80_S01_R05,VPLC_L3_STRESS_75_80,SER_20260510_VPLC_L3_STRESS_75_80_S01,vPLC_container,VPLC_HOST,75,,,2026-05-09T21:54:54.051430139Z,,,,host_log,75,80,,,,,,3,512,,technical_check,vplc_status_cycle_duration_not_validated_as_Tper,0.129,100,работает
RUN_20260510_VPLC_L3_STRESS_75_80_S01_R05,VPLC_L3_STRESS_75_80,SER_20260510_VPLC_L3_STRESS_75_80_S01,vPLC_container,VPLC_HOST,76,,,2026-05-09T21:54:55.104636903Z,,,,host_log,75,80,,,,,,3,512,,technical_check,vplc_status_cycle_duration_not_validated_as_Tper,0.257,100,работает
RUN_20260510_VPLC_L3_STRESS_75_80_S01_R05,VPLC_L3_STRESS_75_80,SER_20260510_VPLC_L3_STRESS_75_80_S01,vPLC_container,VPLC_HOST,77,,,2026-05-09T21:54:56.160955092Z,,,,host_log,75,80,,,,,,3,512,,technical_check,vplc_status_cycle_duration_not_validated_as_Tper,0.261,100,работает
RUN_20260510_VPLC_L3_STRESS_75_80_S01_R05,VPLC_L3_STRESS_75_80,SER_20260510_VPLC_L3_STRESS_75_80_S01,vPLC_container,VPLC_HOST,78,,,2026-05-09T21:54:57.213775180Z,,,,host_log,75,80,,,,,,3,512,,technical_check,vplc_status_cycle_duration_not_validated_as_Tper,0.256,100,работает
RUN_20260510_VPLC_L3_STRESS_75_80_S01_R05,VPLC_L3_STRESS_75_80,SER_20260510_VPLC_L3_STRESS_75_80_S01,vPLC_container,VPLC_HOST,79,,,2026-05-09T21:54:58.270997896Z,,,,host_log,75,80,,,,,,3,512,,technical_check,vplc_status_cycle_duration_not_validated_as_Tper,0.255,100,работает
RUN_20260510_VPLC_L3_STRESS_75_80_S01_R05,VPLC_L3_STRESS_75_80,SER_20260510_VPLC_L3_STRESS_75_80_S01,vPLC_container,VPLC_HOST,80,,,2026-05-09T21:54:59.326503784Z,,,,host_log,75,80,,,,,,3,512,,technical_check,vplc_status_cycle_duration_not_validated_as_Tper,4.526,100,работает
RUN_20260510_VPLC_L3_STRESS_75_80_S01_R05,VPLC_L3_STRESS_75_80,SER_20260510_VPLC_L3_STRESS_75_80_S01,vPLC_container,VPLC_HOST,81,,,2026-05-09T21:55:00.381936261Z,,,,host_log,75,80,,,,,,3,512,,technical_check,vplc_status_cycle_duration_not_validated_as_Tper,4.523,100,работает
RUN_20260510_VPLC_L3_STRESS_75_80_S01_R05,VPLC_L3_STRESS_75_80,SER_20260510_VPLC_L3_STRESS_75_80_S01,vPLC_container,VPLC_HOST,82,,,2026-05-09T21:55:01.437092594Z,,,,host_log,75,80,,,,,,3,512,,technical_check,vplc_status_cycle_duration_not_validated_as_Tper,0.236,100,работает
RUN_20260510_VPLC_L3_STRESS_75_80_S01_R05,VPLC_L3_STRESS_75_80,SER_20260510_VPLC_L3_STRESS_75_80_S01,vPLC_container,VPLC_HOST,83,,,2026-05-09T21:55:02.493370835Z,,,,host_log,75,80,,,,,,3,512,,technical_check,vplc_status_cycle_duration_not_validated_as_Tper,0.259,100,работает
RUN_20260510_VPLC_L3_STRESS_75_80_S01_R05,VPLC_L3_STRESS_75_80,SER_20260510_VPLC_L3_STRESS_75_80_S01,vPLC_container,VPLC_HOST,84,,,2026-05-09T21:55:03.549160564Z,,,,host_log,75,80,,,,,,3,512,,technical_check,vplc_status_cycle_duration_not_validated_as_Tper,0.138,100,работает
RUN_20260510_VPLC_L3_STRESS_75_80_S01_R05,VPLC_L3_STRESS_75_80,SER_20260510_VPLC_L3_STRESS_75_80_S01,vPLC_container,VPLC_HOST,85,,,2026-05-09T21:55:04.605503918Z,,,,host_log,75,80,,,,,,3,512,,technical_check,vplc_status_cycle_duration_not_validated_as_Tper,0.253,100,работает
RUN_20260510_VPLC_L3_STRESS_75_80_S01_R05,VPLC_L3_STRESS_75_80,SER_20260510_VPLC_L3_STRESS_75_80_S01,vPLC_container,VPLC_HOST,86,,,2026-05-09T21:55:05.658609741Z,,,,host_log,75,80,,,,,,3,512,,technical_check,vplc_status_cycle_duration_not_validated_as_Tper,0.242,100,работает
RUN_20260510_VPLC_L3_STRESS_75_80_S01_R05,VPLC_L3_STRESS_75_80,SER_20260510_VPLC_L3_STRESS_75_80_S01,vPLC_container,VPLC_HOST,87,,,2026-05-09T21:55:06.717072667Z,,,,host_log,75,80,,,,,,3,512,,technical_check,vplc_status_cycle_duration_not_validated_as_Tper,0.259,100,работает
RUN_20260510_VPLC_L3_STRESS_75_80_S01_R05,VPLC_L3_STRESS_75_80,SER_20260510_VPLC_L3_STRESS_75_80_S01,vPLC_container,VPLC_HOST,88,,,2026-05-09T21:55:07.772431586Z,,,,host_log,75,80,,,,,,3,512,,technical_check,vplc_status_cycle_duration_not_validated_as_Tper,0.252,100,работает
RUN_20260510_VPLC_L3_STRESS_75_80_S01_R05,VPLC_L3_STRESS_75_80,SER_20260510_VPLC_L3_STRESS_75_80_S01,vPLC_container,VPLC_HOST,89,,,2026-05-09T21:55:08.827436719Z,,,,host_log,75,80,,,,,,3,512,,technical_check,vplc_status_cycle_duration_not_validated_as_Tper,0.258,100,работает
RUN_20260510_VPLC_L3_STRESS_75_80_S01_R05,VPLC_L3_STRESS_75_80,SER_20260510_VPLC_L3_STRESS_75_80_S01,vPLC_container,VPLC_HOST,90,,,2026-05-09T21:55:09.882674167Z,,,,host_log,75,80,,,,,,3,512,,technical_check,vplc_status_cycle_duration_not_validated_as_Tper,0.258,100,работает
RUN_20260510_VPLC_L3_STRESS_75_80_S01_R05,VPLC_L3_STRESS_75_80,SER_20260510_VPLC_L3_STRESS_75_80_S01,vPLC_container,VPLC_HOST,91,,,2026-05-09T21:55:10.935029059Z,,,,host_log,75,80,,,,,,3,512,,technical_check,vplc_status_cycle_duration_not_validated_as_Tper,0.232,100,работает
RUN_20260510_VPLC_L3_STRESS_75_80_S01_R05,VPLC_L3_STRESS_75_80,SER_20260510_VPLC_L3_STRESS_75_80_S01,vPLC_container,VPLC_HOST,92,,,2026-05-09T21:55:11.993338522Z,,,,host_log,75,80,,,,,,3,512,,technical_check,vplc_status_cycle_duration_not_validated_as_Tper,0.259,100,работает
RUN_20260510_VPLC_L3_STRESS_75_80_S01_R05,VPLC_L3_STRESS_75_80,SER_20260510_VPLC_L3_STRESS_75_80_S01,vPLC_container,VPLC_HOST,93,,,2026-05-09T21:55:13.048710764Z,,,,host_log,75,80,,,,,,3,512,,technical_check,vplc_status_cycle_duration_not_validated_as_Tper,0.153,100,работает
RUN_20260510_VPLC_L3_STRESS_75_80_S01_R05,VPLC_L3_STRESS_75_80,SER_20260510_VPLC_L3_STRESS_75_80_S01,vPLC_container,VPLC_HOST,94,,,2026-05-09T21:55:14.101640397Z,,,,host_log,75,80,,,,,,3,512,,technical_check,vplc_status_cycle_duration_not_validated_as_Tper,0.258,100,работает
RUN_20260510_VPLC_L3_STRESS_75_80_S01_R05,VPLC_L3_STRESS_75_80,SER_20260510_VPLC_L3_STRESS_75_80_S01,vPLC_container,VPLC_HOST,95,,,2026-05-09T21:55:15.159294072Z,,,,host_log,75,80,,,,,,3,512,,technical_check,vplc_status_cycle_duration_not_validated_as_Tper,0.251,100,работает
RUN_20260510_VPLC_L3_STRESS_75_80_S01_R05,VPLC_L3_STRESS_75_80,SER_20260510_VPLC_L3_STRESS_75_80_S01,vPLC_container,VPLC_HOST,96,,,2026-05-09T21:55:16.214960688Z,,,,host_log,75,80,,,,,,3,512,,technical_check,vplc_status_cycle_duration_not_validated_as_Tper,0.255,100,работает
RUN_20260510_VPLC_L3_STRESS_75_80_S01_R05,VPLC_L3_STRESS_75_80,SER_20260510_VPLC_L3_STRESS_75_80_S01,vPLC_container,VPLC_HOST,97,,,2026-05-09T21:55:17.270611107Z,,,,host_log,75,80,,,,,,3,512,,technical_check,vplc_status_cycle_duration_not_validated_as_Tper,0.253,100,работает
RUN_20260510_VPLC_L3_STRESS_75_80_S01_R05,VPLC_L3_STRESS_75_80,SER_20260510_VPLC_L3_STRESS_75_80_S01,vPLC_container,VPLC_HOST,98,,,2026-05-09T21:55:18.322884768Z,,,,host_log,75,80,,,,,,3,512,,technical_check,vplc_status_cycle_duration_not_validated_as_Tper,0.257,100,работает
RUN_20260510_VPLC_L3_STRESS_75_80_S01_R05,VPLC_L3_STRESS_75_80,SER_20260510_VPLC_L3_STRESS_75_80_S01,vPLC_container,VPLC_HOST,99,,,2026-05-09T21:55:19.377707622Z,,,,host_log,75,80,,,,,,3,512,,technical_check,vplc_status_cycle_duration_not_validated_as_Tper,4.582,100,работает
RUN_20260510_VPLC_L3_STRESS_75_80_S01_R05,VPLC_L3_STRESS_75_80,SER_20260510_VPLC_L3_STRESS_75_80_S01,vPLC_container,VPLC_HOST,100,,,2026-05-09T21:55:20.433842893Z,,,,host_log,75,80,,,,,,3,512,,technical_check,vplc_status_cycle_duration_not_validated_as_Tper,0.236,100,работает
RUN_20260510_VPLC_L3_STRESS_75_80_S01_R05,VPLC_L3_STRESS_75_80,SER_20260510_VPLC_L3_STRESS_75_80_S01,vPLC_container,VPLC_HOST,101,,,2026-05-09T21:55:21.484451703Z,,,,host_log,75,80,,,,,,3,512,,technical_check,vplc_status_cycle_duration_not_validated_as_Tper,0.258,100,работает
RUN_20260510_VPLC_L3_STRESS_75_80_S01_R05,VPLC_L3_STRESS_75_80,SER_20260510_VPLC_L3_STRESS_75_80_S01,vPLC_container,VPLC_HOST,102,,,2026-05-09T21:55:22.543017536Z,,,,host_log,75,80,,,,,,3,512,,technical_check,vplc_status_cycle_duration_not_validated_as_Tper,0.233,100,работает
RUN_20260510_VPLC_L3_STRESS_75_80_S01_R05,VPLC_L3_STRESS_75_80,SER_20260510_VPLC_L3_STRESS_75_80_S01,vPLC_container,VPLC_HOST,103,,,2026-05-09T21:55:23.598016391Z,,,,host_log,75,80,,,,,,3,512,,technical_check,vplc_status_cycle_duration_not_validated_as_Tper,0.250,100,работает
RUN_20260510_VPLC_L3_STRESS_75_80_S01_R05,VPLC_L3_STRESS_75_80,SER_20260510_VPLC_L3_STRESS_75_80_S01,vPLC_container,VPLC_HOST,104,,,2026-05-09T21:55:24.656006076Z,,,,host_log,75,80,,,,,,3,512,,technical_check,vplc_status_cycle_duration_not_validated_as_Tper,0.190,100,работает
RUN_20260510_VPLC_L3_STRESS_75_80_S01_R05,VPLC_L3_STRESS_75_80,SER_20260510_VPLC_L3_STRESS_75_80_S01,vPLC_container,VPLC_HOST,105,,,2026-05-09T21:55:25.711726847Z,,,,host_log,75,80,,,,,,3,512,,technical_check,vplc_status_cycle_duration_not_validated_as_Tper,0.257,100,работает
RUN_20260510_VPLC_L3_STRESS_75_80_S01_R05,VPLC_L3_STRESS_75_80,SER_20260510_VPLC_L3_STRESS_75_80_S01,vPLC_container,VPLC_HOST,106,,,2026-05-09T21:55:26.764516472Z,,,,host_log,75,80,,,,,,3,512,,technical_check,vplc_status_cycle_duration_not_validated_as_Tper,0.250,100,работает
RUN_20260510_VPLC_L3_STRESS_75_80_S01_R05,VPLC_L3_STRESS_75_80,SER_20260510_VPLC_L3_STRESS_75_80_S01,vPLC_container,VPLC_HOST,107,,,2026-05-09T21:55:27.822238732Z,,,,host_log,75,80,,,,,,3,512,,technical_check,vplc_status_cycle_duration_not_validated_as_Tper,0.256,100,работает
RUN_20260510_VPLC_L3_STRESS_75_80_S01_R05,VPLC_L3_STRESS_75_80,SER_20260510_VPLC_L3_STRESS_75_80_S01,vPLC_container,VPLC_HOST,108,,,2026-05-09T21:55:28.876718827Z,,,,host_log,75,80,,,,,,3,512,,technical_check,vplc_status_cycle_duration_not_validated_as_Tper,0.258,100,работает
RUN_20260510_VPLC_L3_STRESS_75_80_S01_R05,VPLC_L3_STRESS_75_80,SER_20260510_VPLC_L3_STRESS_75_80_S01,vPLC_container,VPLC_HOST,109,,,2026-05-09T21:55:29.930226429Z,,,,host_log,75,80,,,,,,3,512,,technical_check,vplc_status_cycle_duration_not_validated_as_Tper,0.252,100,работает
RUN_20260510_VPLC_L3_STRESS_75_80_S01_R05,VPLC_L3_STRESS_75_80,SER_20260510_VPLC_L3_STRESS_75_80_S01,vPLC_container,VPLC_HOST,110,,,2026-05-09T21:55:30.988246481Z,,,,host_log,75,80,,,,,,3,512,,technical_check,vplc_status_cycle_duration_not_validated_as_Tper,0.259,100,работает
RUN_20260510_VPLC_L3_STRESS_75_80_S01_R05,VPLC_L3_STRESS_75_80,SER_20260510_VPLC_L3_STRESS_75_80_S01,vPLC_container,VPLC_HOST,111,,,2026-05-09T21:55:32.043437246Z,,,,host_log,75,80,,,,,,3,512,,technical_check,vplc_status_cycle_duration_not_validated_as_Tper,0.236,100,работает
RUN_20260510_VPLC_L3_STRESS_75_80_S01_R05,VPLC_L3_STRESS_75_80,SER_20260510_VPLC_L3_STRESS_75_80_S01,vPLC_container,VPLC_HOST,112,,,2026-05-09T21:55:33.098923788Z,,,,host_log,75,80,,,,,,3,512,,technical_check,vplc_status_cycle_duration_not_validated_as_Tper,0.257,100,работает
RUN_20260510_VPLC_L3_STRESS_75_80_S01_R05,VPLC_L3_STRESS_75_80,SER_20260510_VPLC_L3_STRESS_75_80_S01,vPLC_container,VPLC_HOST,113,,,2026-05-09T21:55:34.154213258Z,,,,host_log,75,80,,,,,,3,512,,technical_check,vplc_status_cycle_duration_not_validated_as_Tper,0.156,100,работает
RUN_20260510_VPLC_L3_STRESS_75_80_S01_R05,VPLC_L3_STRESS_75_80,SER_20260510_VPLC_L3_STRESS_75_80_S01,vPLC_container,VPLC_HOST,114,,,2026-05-09T21:55:35.208114050Z,,,,host_log,75,80,,,,,,3,512,,technical_check,vplc_status_cycle_duration_not_validated_as_Tper,0.252,100,работает
RUN_20260510_VPLC_L3_STRESS_75_80_S01_R05,VPLC_L3_STRESS_75_80,SER_20260510_VPLC_L3_STRESS_75_80_S01,vPLC_container,VPLC_HOST,115,,,2026-05-09T21:55:36.262461128Z,,,,host_log,75,80,,,,,,3,512,,technical_check,vplc_status_cycle_duration_not_validated_as_Tper,0.253,100,работает
RUN_20260510_VPLC_L3_STRESS_75_80_S01_R05,VPLC_L3_STRESS_75_80,SER_20260510_VPLC_L3_STRESS_75_80_S01,vPLC_container,VPLC_HOST,116,,,2026-05-09T21:55:37.317471567Z,,,,host_log,75,80,,,,,,3,512,,technical_check,vplc_status_cycle_duration_not_validated_as_Tper,0.253,100,работает
RUN_20260510_VPLC_L3_STRESS_75_80_S01_R05,VPLC_L3_STRESS_75_80,SER_20260510_VPLC_L3_STRESS_75_80_S01,vPLC_container,VPLC_HOST,117,,,2026-05-09T21:55:38.375138122Z,,,,host_log,75,80,,,,,,3,512,,technical_check,vplc_status_cycle_duration_not_validated_as_Tper,4.844,100,работает
RUN_20260510_VPLC_L3_STRESS_75_80_S01_R05,VPLC_L3_STRESS_75_80,SER_20260510_VPLC_L3_STRESS_75_80_S01,vPLC_container,VPLC_HOST,118,,,2026-05-09T21:55:39.427307591Z,,,,host_log,75,80,,,,,,3,512,,technical_check,vplc_status_cycle_duration_not_validated_as_Tper,0.254,100,работает
RUN_20260510_VPLC_L3_STRESS_75_80_S01_R05,VPLC_L3_STRESS_75_80,SER_20260510_VPLC_L3_STRESS_75_80_S01,vPLC_container,VPLC_HOST,119,,,2026-05-09T21:55:40.485336254Z,,,,host_log,75,80,,,,,,3,512,,technical_check,vplc_status_cycle_duration_not_validated_as_Tper,0.256,100,работает
RUN_20260510_VPLC_L3_STRESS_75_80_S01_R05,VPLC_L3_STRESS_75_80,SER_20260510_VPLC_L3_STRESS_75_80_S01,vPLC_container,VPLC_HOST,120,,,2026-05-09T21:55:41.538057859Z,,,,host_log,75,80,,,,,,3,512,,technical_check,vplc_status_cycle_duration_not_validated_as_Tper,0.231,100,работает
RUN_20260510_VPLC_L3_STRESS_75_80_S01_R05,VPLC_L3_STRESS_75_80,SER_20260510_VPLC_L3_STRESS_75_80_S01,vPLC_container,VPLC_HOST,121,,,2026-05-09T21:55:42.594997108Z,,,,host_log,75,80,,,,,,3,512,,technical_check,vplc_status_cycle_duration_not_validated_as_Tper,0.251,100,работает
RUN_20260510_VPLC_L3_STRESS_75_80_S01_R05,VPLC_L3_STRESS_75_80,SER_20260510_VPLC_L3_STRESS_75_80_S01,vPLC_container,VPLC_HOST,122,,,2026-05-09T21:55:43.651421522Z,,,,host_log,75,80,,,,,,3,512,,technical_check,vplc_status_cycle_duration_not_validated_as_Tper,0.119,100,работает
RUN_20260510_VPLC_L3_STRESS_75_80_S01_R05,VPLC_L3_STRESS_75_80,SER_20260510_VPLC_L3_STRESS_75_80_S01,vPLC_container,VPLC_HOST,123,,,2026-05-09T21:55:44.703504568Z,,,,host_log,75,80,,,,,,3,512,,technical_check,vplc_status_cycle_duration_not_validated_as_Tper,0.260,100,работает
RUN_20260510_VPLC_L3_STRESS_75_80_S01_R05,VPLC_L3_STRESS_75_80,SER_20260510_VPLC_L3_STRESS_75_80_S01,vPLC_container,VPLC_HOST,124,,,2026-05-09T21:55:45.761083547Z,,,,host_log,75,80,,,,,,3,512,,technical_check,vplc_status_cycle_duration_not_validated_as_Tper,0.251,100,работает
RUN_20260510_VPLC_L3_STRESS_75_80_S01_R05,VPLC_L3_STRESS_75_80,SER_20260510_VPLC_L3_STRESS_75_80_S01,vPLC_container,VPLC_HOST,125,,,2026-05-09T21:55:46.815693763Z,,,,host_log,75,80,,,,,,3,512,,technical_check,vplc_status_cycle_duration_not_validated_as_Tper,0.257,100,работает
RUN_20260510_VPLC_L3_STRESS_75_80_S01_R05,VPLC_L3_STRESS_75_80,SER_20260510_VPLC_L3_STRESS_75_80_S01,vPLC_container,VPLC_HOST,126,,,2026-05-09T21:55:47.873136296Z,,,,host_log,75,80,,,,,,3,512,,technical_check,vplc_status_cycle_duration_not_validated_as_Tper,0.256,100,работает
RUN_20260510_VPLC_L3_STRESS_75_80_S01_R05,VPLC_L3_STRESS_75_80,SER_20260510_VPLC_L3_STRESS_75_80_S01,vPLC_container,VPLC_HOST,127,,,2026-05-09T21:55:48.928440021Z,,,,host_log,75,80,,,,,,3,512,,technical_check,vplc_status_cycle_duration_not_validated_as_Tper,0.232,100,работает
RUN_20260510_VPLC_L3_STRESS_75_80_S01_R05,VPLC_L3_STRESS_75_80,SER_20260510_VPLC_L3_STRESS_75_80_S01,vPLC_container,VPLC_HOST,128,,,2026-05-09T21:55:49.982595606Z,,,,host_log,75,80,,,,,,3,512,,technical_check,vplc_status_cycle_duration_not_validated_as_Tper,0.257,100,работает
RUN_20260510_VPLC_L3_STRESS_75_80_S01_R05,VPLC_L3_STRESS_75_80,SER_20260510_VPLC_L3_STRESS_75_80_S01,vPLC_container,VPLC_HOST,129,,,2026-05-09T21:55:51.038745027Z,,,,host_log,75,80,,,,,,3,512,,technical_check,vplc_status_cycle_duration_not_validated_as_Tper,0.235,100,работает
RUN_20260510_VPLC_L3_STRESS_75_80_S01_R05,VPLC_L3_STRESS_75_80,SER_20260510_VPLC_L3_STRESS_75_80_S01,vPLC_container,VPLC_HOST,130,,,2026-05-09T21:55:52.093653727Z,,,,host_log,75,80,,,,,,3,512,,technical_check,vplc_status_cycle_duration_not_validated_as_Tper,0.258,100,работает
RUN_20260510_VPLC_L3_STRESS_75_80_S01_R05,VPLC_L3_STRESS_75_80,SER_20260510_VPLC_L3_STRESS_75_80_S01,vPLC_container,VPLC_HOST,131,,,2026-05-09T21:55:53.147623209Z,,,,host_log,75,80,,,,,,3,512,,technical_check,vplc_status_cycle_duration_not_validated_as_Tper,0.154,100,работает
RUN_20260510_VPLC_L3_STRESS_75_80_S01_R05,VPLC_L3_STRESS_75_80,SER_20260510_VPLC_L3_STRESS_75_80_S01,vPLC_container,VPLC_HOST,132,,,2026-05-09T21:55:54.202432740Z,,,,host_log,75,80,,,,,,3,512,,technical_check,vplc_status_cycle_duration_not_validated_as_Tper,0.251,100,работает
RUN_20260510_VPLC_L3_STRESS_75_80_S01_R05,VPLC_L3_STRESS_75_80,SER_20260510_VPLC_L3_STRESS_75_80_S01,vPLC_container,VPLC_HOST,133,,,2026-05-09T21:55:55.257225698Z,,,,host_log,75,80,,,,,,3,512,,technical_check,vplc_status_cycle_duration_not_validated_as_Tper,0.209,100,работает
RUN_20260510_VPLC_L3_STRESS_75_80_S01_R05,VPLC_L3_STRESS_75_80,SER_20260510_VPLC_L3_STRESS_75_80_S01,vPLC_container,VPLC_HOST,134,,,2026-05-09T21:55:56.316541617Z,,,,host_log,75,80,,,,,,3,512,,technical_check,vplc_status_cycle_duration_not_validated_as_Tper,0.258,100,работает
RUN_20260510_VPLC_L3_STRESS_75_80_S01_R05,VPLC_L3_STRESS_75_80,SER_20260510_VPLC_L3_STRESS_75_80_S01,vPLC_container,VPLC_HOST,135,,,2026-05-09T21:55:57.368176930Z,,,,host_log,75,80,,,,,,3,512,,technical_check,vplc_status_cycle_duration_not_validated_as_Tper,4.327,100,работает
RUN_20260510_VPLC_L3_STRESS_75_80_S01_R05,VPLC_L3_STRESS_75_80,SER_20260510_VPLC_L3_STRESS_75_80_S01,vPLC_container,VPLC_HOST,136,,,2026-05-09T21:55:58.425385476Z,,,,host_log,75,80,,,,,,3,512,,technical_check,vplc_status_cycle_duration_not_validated_as_Tper,0.236,100,работает
RUN_20260510_VPLC_L3_STRESS_75_80_S01_R05,VPLC_L3_STRESS_75_80,SER_20260510_VPLC_L3_STRESS_75_80_S01,vPLC_container,VPLC_HOST,137,,,2026-05-09T21:55:59.479750025Z,,,,host_log,75,80,,,,,,3,512,,technical_check,vplc_status_cycle_duration_not_validated_as_Tper,0.256,100,работает
RUN_20260510_VPLC_L3_STRESS_75_80_S01_R05,VPLC_L3_STRESS_75_80,SER_20260510_VPLC_L3_STRESS_75_80_S01,vPLC_container,VPLC_HOST,138,,,2026-05-09T21:56:00.533590251Z,,,,host_log,75,80,,,,,,3,512,,technical_check,vplc_status_cycle_duration_not_validated_as_Tper,0.231,100,работает
RUN_20260510_VPLC_L3_STRESS_75_80_S01_R05,VPLC_L3_STRESS_75_80,SER_20260510_VPLC_L3_STRESS_75_80_S01,vPLC_container,VPLC_HOST,139,,,2026-05-09T21:56:01.590898387Z,,,,host_log,75,80,,,,,,3,512,,technical_check,vplc_status_cycle_duration_not_validated_as_Tper,0.253,100,работает
RUN_20260510_VPLC_L3_STRESS_75_80_S01_R05,VPLC_L3_STRESS_75_80,SER_20260510_VPLC_L3_STRESS_75_80_S01,vPLC_container,VPLC_HOST,140,,,2026-05-09T21:56:02.645657029Z,,,,host_log,75,80,,,,,,3,512,,technical_check,vplc_status_cycle_duration_not_validated_as_Tper,0.196,100,работает
RUN_20260510_VPLC_L3_STRESS_75_80_S01_R05,VPLC_L3_STRESS_75_80,SER_20260510_VPLC_L3_STRESS_75_80_S01,vPLC_container,VPLC_HOST,141,,,2026-05-09T21:56:03.702705441Z,,,,host_log,75,80,,,,,,3,512,,technical_check,vplc_status_cycle_duration_not_validated_as_Tper,0.257,100,работает
RUN_20260510_VPLC_L3_STRESS_75_80_S01_R05,VPLC_L3_STRESS_75_80,SER_20260510_VPLC_L3_STRESS_75_80_S01,vPLC_container,VPLC_HOST,142,,,2026-05-09T21:56:04.755785818Z,,,,host_log,75,80,,,,,,3,512,,technical_check,vplc_status_cycle_duration_not_validated_as_Tper,0.187,100,работает
RUN_20260510_VPLC_L3_STRESS_75_80_S01_R05,VPLC_L3_STRESS_75_80,SER_20260510_VPLC_L3_STRESS_75_80_S01,vPLC_container,VPLC_HOST,143,,,2026-05-09T21:56:05.813823888Z,,,,host_log,75,80,,,,,,3,512,,technical_check,vplc_status_cycle_duration_not_validated_as_Tper,0.256,100,работает
RUN_20260510_VPLC_L3_STRESS_75_80_S01_R05,VPLC_L3_STRESS_75_80,SER_20260510_VPLC_L3_STRESS_75_80_S01,vPLC_container,VPLC_HOST,144,,,2026-05-09T21:56:06.867860755Z,,,,host_log,75,80,,,,,,3,512,,technical_check,vplc_status_cycle_duration_not_validated_as_Tper,0.257,100,работает
RUN_20260510_VPLC_L3_STRESS_75_80_S01_R05,VPLC_L3_STRESS_75_80,SER_20260510_VPLC_L3_STRESS_75_80_S01,vPLC_container,VPLC_HOST,145,,,2026-05-09T21:56:07.924517117Z,,,,host_log,75,80,,,,,,3,512,,technical_check,vplc_status_cycle_duration_not_validated_as_Tper,0.251,100,работает
RUN_20260510_VPLC_L3_STRESS_75_80_S01_R05,VPLC_L3_STRESS_75_80,SER_20260510_VPLC_L3_STRESS_75_80_S01,vPLC_container,VPLC_HOST,146,,,2026-05-09T21:56:08.976744432Z,,,,host_log,75,80,,,,,,3,512,,technical_check,vplc_status_cycle_duration_not_validated_as_Tper,0.259,100,работает
RUN_20260510_VPLC_L3_STRESS_75_80_S01_R05,VPLC_L3_STRESS_75_80,SER_20260510_VPLC_L3_STRESS_75_80_S01,vPLC_container,VPLC_HOST,147,,,2026-05-09T21:56:10.032753010Z,,,,host_log,75,80,,,,,,3,512,,technical_check,vplc_status_cycle_duration_not_validated_as_Tper,0.236,100,работает
RUN_20260510_VPLC_L3_STRESS_75_80_S01_R05,VPLC_L3_STRESS_75_80,SER_20260510_VPLC_L3_STRESS_75_80_S01,vPLC_container,VPLC_HOST,148,,,2026-05-09T21:56:11.088985269Z,,,,host_log,75,80,,,,,,3,512,,technical_check,vplc_status_cycle_duration_not_validated_as_Tper,0.257,100,работает
RUN_20260510_VPLC_L3_STRESS_75_80_S01_R05,VPLC_L3_STRESS_75_80,SER_20260510_VPLC_L3_STRESS_75_80_S01,vPLC_container,VPLC_HOST,149,,,2026-05-09T21:56:12.145585750Z,,,,host_log,75,80,,,,,,3,512,,technical_check,vplc_status_cycle_duration_not_validated_as_Tper,0.201,100,работает
RUN_20260510_VPLC_L3_STRESS_75_80_S01_R05,VPLC_L3_STRESS_75_80,SER_20260510_VPLC_L3_STRESS_75_80_S01,vPLC_container,VPLC_HOST,150,,,2026-05-09T21:56:13.199925237Z,,,,host_log,75,80,,,,,,3,512,,technical_check,vplc_status_cycle_duration_not_validated_as_Tper,0.254,100,работает
RUN_20260510_VPLC_L3_STRESS_75_80_S01_R05,VPLC_L3_STRESS_75_80,SER_20260510_VPLC_L3_STRESS_75_80_S01,vPLC_container,VPLC_HOST,151,,,2026-05-09T21:56:14.256919417Z,,,,host_log,75,80,,,,,,3,512,,technical_check,vplc_status_cycle_duration_not_validated_as_Tper,0.213,100,работает
RUN_20260510_VPLC_L3_STRESS_75_80_S01_R05,VPLC_L3_STRESS_75_80,SER_20260510_VPLC_L3_STRESS_75_80_S01,vPLC_container,VPLC_HOST,152,,,2026-05-09T21:56:15.311058611Z,,,,host_log,75,80,,,,,,3,512,,technical_check,vplc_status_cycle_duration_not_validated_as_Tper,0.257,100,работает
RUN_20260510_VPLC_L3_STRESS_75_80_S01_R05,VPLC_L3_STRESS_75_80,SER_20260510_VPLC_L3_STRESS_75_80_S01,vPLC_container,VPLC_HOST,153,,,2026-05-09T21:56:16.365855164Z,,,,host_log,75,80,,,,,,3,512,,technical_check,vplc_status_cycle_duration_not_validated_as_Tper,5.218,100,работает
RUN_20260510_VPLC_L3_STRESS_75_80_S01_R05,VPLC_L3_STRESS_75_80,SER_20260510_VPLC_L3_STRESS_75_80_S01,vPLC_container,VPLC_HOST,154,,,2026-05-09T21:56:17.417505733Z,,,,host_log,75,80,,,,,,3,512,,technical_check,vplc_status_cycle_duration_not_validated_as_Tper,4.898,100,работает
RUN_20260510_VPLC_L3_STRESS_75_80_S01_R05,VPLC_L3_STRESS_75_80,SER_20260510_VPLC_L3_STRESS_75_80_S01,vPLC_container,VPLC_HOST,155,,,2026-05-09T21:56:18.476588953Z,,,,host_log,75,80,,,,,,3,512,,technical_check,vplc_status_cycle_duration_not_validated_as_Tper,0.259,100,работает
RUN_20260510_VPLC_L3_STRESS_75_80_S01_R05,VPLC_L3_STRESS_75_80,SER_20260510_VPLC_L3_STRESS_75_80_S01,vPLC_container,VPLC_HOST,156,,,2026-05-09T21:56:19.532110736Z,,,,host_log,75,80,,,,,,3,512,,technical_check,vplc_status_cycle_duration_not_validated_as_Tper,0.231,100,работает
RUN_20260510_VPLC_L3_STRESS_75_80_S01_R05,VPLC_L3_STRESS_75_80,SER_20260510_VPLC_L3_STRESS_75_80_S01,vPLC_container,VPLC_HOST,157,,,2026-05-09T21:56:20.585923493Z,,,,host_log,75,80,,,,,,3,512,,technical_check,vplc_status_cycle_duration_not_validated_as_Tper,0.255,100,работает
RUN_20260510_VPLC_L3_STRESS_75_80_S01_R05,VPLC_L3_STRESS_75_80,SER_20260510_VPLC_L3_STRESS_75_80_S01,vPLC_container,VPLC_HOST,158,,,2026-05-09T21:56:21.640686785Z,,,,host_log,75,80,,,,,,3,512,,technical_check,vplc_status_cycle_duration_not_validated_as_Tper,0.236,100,работает
RUN_20260510_VPLC_L3_STRESS_75_80_S01_R05,VPLC_L3_STRESS_75_80,SER_20260510_VPLC_L3_STRESS_75_80_S01,vPLC_container,VPLC_HOST,159,,,2026-05-09T21:56:22.696805626Z,,,,host_log,75,80,,,,,,3,512,,technical_check,vplc_status_cycle_duration_not_validated_as_Tper,0.257,100,работает
RUN_20260510_VPLC_L3_STRESS_75_80_S01_R05,VPLC_L3_STRESS_75_80,SER_20260510_VPLC_L3_STRESS_75_80_S01,vPLC_container,VPLC_HOST,160,,,2026-05-09T21:56:23.752414156Z,,,,host_log,75,80,,,,,,3,512,,technical_check,vplc_status_cycle_duration_not_validated_as_Tper,0.131,100,работает
RUN_20260510_VPLC_L3_STRESS_75_80_S01_R05,VPLC_L3_STRESS_75_80,SER_20260510_VPLC_L3_STRESS_75_80_S01,vPLC_container,VPLC_HOST,161,,,2026-05-09T21:56:24.807949649Z,,,,host_log,75,80,,,,,,3,512,,technical_check,vplc_status_cycle_duration_not_validated_as_Tper,0.258,100,работает
RUN_20260510_VPLC_L3_STRESS_75_80_S01_R05,VPLC_L3_STRESS_75_80,SER_20260510_VPLC_L3_STRESS_75_80_S01,vPLC_container,VPLC_HOST,162,,,2026-05-09T21:56:25.861697020Z,,,,host_log,75,80,,,,,,3,512,,technical_check,vplc_status_cycle_duration_not_validated_as_Tper,0.256,100,работает
RUN_20260510_VPLC_L3_STRESS_75_80_S01_R05,VPLC_L3_STRESS_75_80,SER_20260510_VPLC_L3_STRESS_75_80_S01,vPLC_container,VPLC_HOST,163,,,2026-05-09T21:56:26.917194747Z,,,,host_log,75,80,,,,,,3,512,,technical_check,vplc_status_cycle_duration_not_validated_as_Tper,0.254,100,работает
RUN_20260510_VPLC_L3_STRESS_75_80_S01_R05,VPLC_L3_STRESS_75_80,SER_20260510_VPLC_L3_STRESS_75_80_S01,vPLC_container,VPLC_HOST,164,,,2026-05-09T21:56:27.973367439Z,,,,host_log,75,80,,,,,,3,512,,technical_check,vplc_status_cycle_duration_not_validated_as_Tper,0.256,100,работает
RUN_20260510_VPLC_L3_STRESS_75_80_S01_R05,VPLC_L3_STRESS_75_80,SER_20260510_VPLC_L3_STRESS_75_80_S01,vPLC_container,VPLC_HOST,165,,,2026-05-09T21:56:29.029375723Z,,,,host_log,75,80,,,,,,3,512,,technical_check,vplc_status_cycle_duration_not_validated_as_Tper,0.255,100,работает
RUN_20260510_VPLC_L3_STRESS_75_80_S01_R05,VPLC_L3_STRESS_75_80,SER_20260510_VPLC_L3_STRESS_75_80_S01,vPLC_container,VPLC_HOST,166,,,2026-05-09T21:56:30.086271439Z,,,,host_log,75,80,,,,,,3,512,,technical_check,vplc_status_cycle_duration_not_validated_as_Tper,0.258,100,работает
RUN_20260510_VPLC_L3_STRESS_75_80_S01_R05,VPLC_L3_STRESS_75_80,SER_20260510_VPLC_L3_STRESS_75_80_S01,vPLC_container,VPLC_HOST,167,,,2026-05-09T21:56:31.141940790Z,,,,host_log,75,80,,,,,,3,512,,technical_check,vplc_status_cycle_duration_not_validated_as_Tper,0.232,100,работает
RUN_20260510_VPLC_L3_STRESS_75_80_S01_R05,VPLC_L3_STRESS_75_80,SER_20260510_VPLC_L3_STRESS_75_80_S01,vPLC_container,VPLC_HOST,168,,,2026-05-09T21:56:32.194215251Z,,,,host_log,75,80,,,,,,3,512,,technical_check,vplc_status_cycle_duration_not_validated_as_Tper,0.250,100,работает
RUN_20260510_VPLC_L3_STRESS_75_80_S01_R05,VPLC_L3_STRESS_75_80,SER_20260510_VPLC_L3_STRESS_75_80_S01,vPLC_container,VPLC_HOST,169,,,2026-05-09T21:56:33.253083474Z,,,,host_log,75,80,,,,,,3,512,,technical_check,vplc_status_cycle_duration_not_validated_as_Tper,0.142,100,работает
RUN_20260510_VPLC_L3_STRESS_75_80_S01_R05,VPLC_L3_STRESS_75_80,SER_20260510_VPLC_L3_STRESS_75_80_S01,vPLC_container,VPLC_HOST,170,,,2026-05-09T21:56:34.305927148Z,,,,host_log,75,80,,,,,,3,512,,technical_check,vplc_status_cycle_duration_not_validated_as_Tper,0.259,100,работает
RUN_20260510_VPLC_L3_STRESS_75_80_S01_R05,VPLC_L3_STRESS_75_80,SER_20260510_VPLC_L3_STRESS_75_80_S01,vPLC_container,VPLC_HOST,171,,,2026-05-09T21:56:35.361361533Z,,,,host_log,75,80,,,,,,3,512,,technical_check,vplc_status_cycle_duration_not_validated_as_Tper,5.136,100,работает
RUN_20260510_VPLC_L3_STRESS_75_80_S01_R05,VPLC_L3_STRESS_75_80,SER_20260510_VPLC_L3_STRESS_75_80_S01,vPLC_container,VPLC_HOST,172,,,2026-05-09T21:56:36.417049439Z,,,,host_log,75,80,,,,,,3,512,,technical_check,vplc_status_cycle_duration_not_validated_as_Tper,4.868,100,работает
RUN_20260510_VPLC_L3_STRESS_75_80_S01_R05,VPLC_L3_STRESS_75_80,SER_20260510_VPLC_L3_STRESS_75_80_S01,vPLC_container,VPLC_HOST,173,,,2026-05-09T21:56:37.472837497Z,,,,host_log,75,80,,,,,,3,512,,technical_check,vplc_status_cycle_duration_not_validated_as_Tper,0.257,100,работает
RUN_20260510_VPLC_L3_STRESS_75_80_S01_R05,VPLC_L3_STRESS_75_80,SER_20260510_VPLC_L3_STRESS_75_80_S01,vPLC_container,VPLC_HOST,174,,,2026-05-09T21:56:38.528774877Z,,,,host_log,75,80,,,,,,3,512,,technical_check,vplc_status_cycle_duration_not_validated_as_Tper,0.231,100,работает
RUN_20260510_VPLC_L3_STRESS_75_80_S01_R05,VPLC_L3_STRESS_75_80,SER_20260510_VPLC_L3_STRESS_75_80_S01,vPLC_container,VPLC_HOST,175,,,2026-05-09T21:56:39.582617673Z,,,,host_log,75,80,,,,,,3,512,,technical_check,vplc_status_cycle_duration_not_validated_as_Tper,0.258,100,работает
RUN_20260510_VPLC_L3_STRESS_75_80_S01_R05,VPLC_L3_STRESS_75_80,SER_20260510_VPLC_L3_STRESS_75_80_S01,vPLC_container,VPLC_HOST,176,,,2026-05-09T21:56:40.639808451Z,,,,host_log,75,80,,,,,,3,512,,technical_check,vplc_status_cycle_duration_not_validated_as_Tper,0.237,100,работает
RUN_20260510_VPLC_L3_STRESS_75_80_S01_R05,VPLC_L3_STRESS_75_80,SER_20260510_VPLC_L3_STRESS_75_80_S01,vPLC_container,VPLC_HOST,177,,,2026-05-09T21:56:41.692470264Z,,,,host_log,75,80,,,,,,3,512,,technical_check,vplc_status_cycle_duration_not_validated_as_Tper,0.257,100,работает
RUN_20260510_VPLC_L3_STRESS_75_80_S01_R05,VPLC_L3_STRESS_75_80,SER_20260510_VPLC_L3_STRESS_75_80_S01,vPLC_container,VPLC_HOST,178,,,2026-05-09T21:56:42.747724034Z,,,,host_log,75,80,,,,,,3,512,,technical_check,vplc_status_cycle_duration_not_validated_as_Tper,0.155,100,работает
RUN_20260510_VPLC_L3_STRESS_75_80_S01_R05,VPLC_L3_STRESS_75_80,SER_20260510_VPLC_L3_STRESS_75_80_S01,vPLC_container,VPLC_HOST,179,,,2026-05-09T21:56:43.805755120Z,,,,host_log,75,80,,,,,,3,512,,technical_check,vplc_status_cycle_duration_not_validated_as_Tper,0.257,100,работает
RUN_20260510_VPLC_L3_STRESS_75_80_S01_R05,VPLC_L3_STRESS_75_80,SER_20260510_VPLC_L3_STRESS_75_80_S01,vPLC_container,VPLC_HOST,180,,,2026-05-09T21:56:44.861046914Z,,,,host_log,75,80,,,,,,3,512,,technical_check,vplc_status_cycle_duration_not_validated_as_Tper,0.256,100,работает
RUN_20260510_VPLC_L3_STRESS_75_80_S01_R05,VPLC_L3_STRESS_75_80,SER_20260510_VPLC_L3_STRESS_75_80_S01,vPLC_container,VPLC_HOST,181,,,2026-05-09T21:56:45.916870945Z,,,,host_log,75,80,,,,,,3,512,,technical_check,vplc_status_cycle_duration_not_validated_as_Tper,0.257,100,работает
RUN_20260510_VPLC_L3_STRESS_75_80_S01_R05,VPLC_L3_STRESS_75_80,SER_20260510_VPLC_L3_STRESS_75_80_S01,vPLC_container,VPLC_HOST,182,,,2026-05-09T21:56:46.972470794Z,,,,host_log,75,80,,,,,,3,512,,technical_check,vplc_status_cycle_duration_not_validated_as_Tper,0.256,100,работает
RUN_20260510_VPLC_L3_STRESS_75_80_S01_R05,VPLC_L3_STRESS_75_80,SER_20260510_VPLC_L3_STRESS_75_80_S01,vPLC_container,VPLC_HOST,183,,,2026-05-09T21:56:48.025461051Z,,,,host_log,75,80,,,,,,3,512,,technical_check,vplc_status_cycle_duration_not_validated_as_Tper,0.237,100,работает
RUN_20260510_VPLC_L3_STRESS_75_80_S01_R05,VPLC_L3_STRESS_75_80,SER_20260510_VPLC_L3_STRESS_75_80_S01,vPLC_container,VPLC_HOST,184,,,2026-05-09T21:56:49.079880418Z,,,,host_log,75,80,,,,,,3,512,,technical_check,vplc_status_cycle_duration_not_validated_as_Tper,0.257,100,работает
RUN_20260510_VPLC_L3_STRESS_75_80_S01_R05,VPLC_L3_STRESS_75_80,SER_20260510_VPLC_L3_STRESS_75_80_S01,vPLC_container,VPLC_HOST,185,,,2026-05-09T21:56:50.138090467Z,,,,host_log,75,80,,,,,,3,512,,technical_check,vplc_status_cycle_duration_not_validated_as_Tper,0.233,100,работает
RUN_20260510_VPLC_L3_STRESS_75_80_S01_R05,VPLC_L3_STRESS_75_80,SER_20260510_VPLC_L3_STRESS_75_80_S01,vPLC_container,VPLC_HOST,186,,,2026-05-09T21:56:51.190977569Z,,,,host_log,75,80,,,,,,3,512,,technical_check,vplc_status_cycle_duration_not_validated_as_Tper,0.251,100,работает
RUN_20260510_VPLC_L3_STRESS_75_80_S01_R05,VPLC_L3_STRESS_75_80,SER_20260510_VPLC_L3_STRESS_75_80_S01,vPLC_container,VPLC_HOST,187,,,2026-05-09T21:56:52.246428363Z,,,,host_log,75,80,,,,,,3,512,,technical_check,vplc_status_cycle_duration_not_validated_as_Tper,0.187,100,работает
RUN_20260510_VPLC_L3_STRESS_75_80_S01_R05,VPLC_L3_STRESS_75_80,SER_20260510_VPLC_L3_STRESS_75_80_S01,vPLC_container,VPLC_HOST,188,,,2026-05-09T21:56:53.304680778Z,,,,host_log,75,80,,,,,,3,512,,technical_check,vplc_status_cycle_duration_not_validated_as_Tper,0.258,100,работает
RUN_20260510_VPLC_L3_STRESS_75_80_S01_R05,VPLC_L3_STRESS_75_80,SER_20260510_VPLC_L3_STRESS_75_80_S01,vPLC_container,VPLC_HOST,189,,,2026-05-09T21:56:54.358402156Z,,,,host_log,75,80,,,,,,3,512,,technical_check,vplc_status_cycle_duration_not_validated_as_Tper,4.353,100,работает
RUN_20260510_VPLC_L3_STRESS_75_80_S01_R05,VPLC_L3_STRESS_75_80,SER_20260510_VPLC_L3_STRESS_75_80_S01,vPLC_container,VPLC_HOST,190,,,2026-05-09T21:56:55.414090802Z,,,,host_log,75,80,,,,,,3,512,,technical_check,vplc_status_cycle_duration_not_validated_as_Tper,4.248,100,работает
RUN_20260510_VPLC_L3_STRESS_75_80_S01_R05,VPLC_L3_STRESS_75_80,SER_20260510_VPLC_L3_STRESS_75_80_S01,vPLC_container,VPLC_HOST,191,,,2026-05-09T21:56:56.467824224Z,,,,host_log,75,80,,,,,,3,512,,technical_check,vplc_status_cycle_duration_not_validated_as_Tper,0.259,100,работает
RUN_20260510_VPLC_L3_STRESS_75_80_S01_R05,VPLC_L3_STRESS_75_80,SER_20260510_VPLC_L3_STRESS_75_80_S01,vPLC_container,VPLC_HOST,192,,,2026-05-09T21:56:57.524753928Z,,,,host_log,75,80,,,,,,3,512,,technical_check,vplc_status_cycle_duration_not_validated_as_Tper,0.231,100,работает
RUN_20260510_VPLC_L3_STRESS_75_80_S01_R05,VPLC_L3_STRESS_75_80,SER_20260510_VPLC_L3_STRESS_75_80_S01,vPLC_container,VPLC_HOST,193,,,2026-05-09T21:56:58.579423389Z,,,,host_log,75,80,,,,,,3,512,,technical_check,vplc_status_cycle_duration_not_validated_as_Tper,0.257,100,работает
RUN_20260510_VPLC_L3_STRESS_75_80_S01_R05,VPLC_L3_STRESS_75_80,SER_20260510_VPLC_L3_STRESS_75_80_S01,vPLC_container,VPLC_HOST,194,,,2026-05-09T21:56:59.633097975Z,,,,host_log,75,80,,,,,,3,512,,technical_check,vplc_status_cycle_duration_not_validated_as_Tper,0.236,100,работает
RUN_20260510_VPLC_L3_STRESS_75_80_S01_R05,VPLC_L3_STRESS_75_80,SER_20260510_VPLC_L3_STRESS_75_80_S01,vPLC_container,VPLC_HOST,195,,,2026-05-09T21:57:00.689226103Z,,,,host_log,75,80,,,,,,3,512,,technical_check,vplc_status_cycle_duration_not_validated_as_Tper,0.255,100,работает
RUN_20260510_VPLC_L3_STRESS_75_80_S01_R05,VPLC_L3_STRESS_75_80,SER_20260510_VPLC_L3_STRESS_75_80_S01,vPLC_container,VPLC_HOST,196,,,2026-05-09T21:57:01.744409467Z,,,,host_log,75,80,,,,,,3,512,,technical_check,vplc_status_cycle_duration_not_validated_as_Tper,0.210,100,работает
RUN_20260510_VPLC_L3_STRESS_75_80_S01_R05,VPLC_L3_STRESS_75_80,SER_20260510_VPLC_L3_STRESS_75_80_S01,vPLC_container,VPLC_HOST,197,,,2026-05-09T21:57:02.801120654Z,,,,host_log,75,80,,,,,,3,512,,technical_check,vplc_status_cycle_duration_not_validated_as_Tper,0.255,100,работает
RUN_20260510_VPLC_L3_STRESS_75_80_S01_R05,VPLC_L3_STRESS_75_80,SER_20260510_VPLC_L3_STRESS_75_80_S01,vPLC_container,VPLC_HOST,198,,,2026-05-09T21:57:03.855926640Z,,,,host_log,75,80,,,,,,3,512,,technical_check,vplc_status_cycle_duration_not_validated_as_Tper,0.189,100,работает
RUN_20260510_VPLC_L3_STRESS_75_80_S01_R05,VPLC_L3_STRESS_75_80,SER_20260510_VPLC_L3_STRESS_75_80_S01,vPLC_container,VPLC_HOST,199,,,2026-05-09T21:57:04.912797921Z,,,,host_log,75,80,,,,,,3,512,,technical_check,vplc_status_cycle_duration_not_validated_as_Tper,0.258,100,работает
RUN_20260510_VPLC_L3_STRESS_75_80_S01_R05,VPLC_L3_STRESS_75_80,SER_20260510_VPLC_L3_STRESS_75_80_S01,vPLC_container,VPLC_HOST,200,,,2026-05-09T21:57:05.967407520Z,,,,host_log,75,80,,,,,,3,512,,technical_check,vplc_status_cycle_duration_not_validated_as_Tper,0.254,100,работает
RUN_20260510_VPLC_L3_STRESS_75_80_S01_R05,VPLC_L3_STRESS_75_80,SER_20260510_VPLC_L3_STRESS_75_80_S01,vPLC_container,VPLC_HOST,201,,,2026-05-09T21:57:07.022070184Z,,,,host_log,75,80,,,,,,3,512,,technical_check,vplc_status_cycle_duration_not_validated_as_Tper,0.257,100,работает
RUN_20260510_VPLC_L3_STRESS_75_80_S01_R05,VPLC_L3_STRESS_75_80,SER_20260510_VPLC_L3_STRESS_75_80_S01,vPLC_container,VPLC_HOST,202,,,2026-05-09T21:57:08.078260417Z,,,,host_log,75,80,,,,,,3,512,,technical_check,vplc_status_cycle_duration_not_validated_as_Tper,0.258,100,работает
RUN_20260510_VPLC_L3_STRESS_75_80_S01_R05,VPLC_L3_STRESS_75_80,SER_20260510_VPLC_L3_STRESS_75_80_S01,vPLC_container,VPLC_HOST,203,,,2026-05-09T21:57:09.134801157Z,,,,host_log,75,80,,,,,,3,512,,technical_check,vplc_status_cycle_duration_not_validated_as_Tper,0.231,100,работает
RUN_20260510_VPLC_L3_STRESS_75_80_S01_R05,VPLC_L3_STRESS_75_80,SER_20260510_VPLC_L3_STRESS_75_80_S01,vPLC_container,VPLC_HOST,204,,,2026-05-09T21:57:10.185666701Z,,,,host_log,75,80,,,,,,3,512,,technical_check,vplc_status_cycle_duration_not_validated_as_Tper,0.252,100,работает
RUN_20260510_VPLC_L3_STRESS_75_80_S01_R05,VPLC_L3_STRESS_75_80,SER_20260510_VPLC_L3_STRESS_75_80_S01,vPLC_container,VPLC_HOST,205,,,2026-05-09T21:57:11.243311722Z,,,,host_log,75,80,,,,,,3,512,,technical_check,vplc_status_cycle_duration_not_validated_as_Tper,0.240,100,работает
RUN_20260510_VPLC_L3_STRESS_75_80_S01_R05,VPLC_L3_STRESS_75_80,SER_20260510_VPLC_L3_STRESS_75_80_S01,vPLC_container,VPLC_HOST,206,,,2026-05-09T21:57:12.299409226Z,,,,host_log,75,80,,,,,,3,512,,technical_check,vplc_status_cycle_duration_not_validated_as_Tper,0.257,100,работает
RUN_20260510_VPLC_L3_STRESS_75_80_S01_R05,VPLC_L3_STRESS_75_80,SER_20260510_VPLC_L3_STRESS_75_80_S01,vPLC_container,VPLC_HOST,207,,,2026-05-09T21:57:13.355185431Z,,,,host_log,75,80,,,,,,3,512,,technical_check,vplc_status_cycle_duration_not_validated_as_Tper,4.026,100,работает
RUN_20260510_VPLC_L3_STRESS_75_80_S01_R05,VPLC_L3_STRESS_75_80,SER_20260510_VPLC_L3_STRESS_75_80_S01,vPLC_container,VPLC_HOST,208,,,2026-05-09T21:57:14.409685429Z,,,,host_log,75,80,,,,,,3,512,,technical_check,vplc_status_cycle_duration_not_validated_as_Tper,4.340,100,работает
RUN_20260510_VPLC_L3_STRESS_75_80_S01_R05,VPLC_L3_STRESS_75_80,SER_20260510_VPLC_L3_STRESS_75_80_S01,vPLC_container,VPLC_HOST,209,,,2026-05-09T21:57:15.465279267Z,,,,host_log,75,80,,,,,,3,512,,technical_check,vplc_status_cycle_duration_not_validated_as_Tper,0.256,100,работает
RUN_20260510_VPLC_L3_STRESS_75_80_S01_R05,VPLC_L3_STRESS_75_80,SER_20260510_VPLC_L3_STRESS_75_80_S01,vPLC_container,VPLC_HOST,210,,,2026-05-09T21:57:16.521383976Z,,,,host_log,75,80,,,,,,3,512,,technical_check,vplc_status_cycle_duration_not_validated_as_Tper,0.254,100,работает
RUN_20260510_VPLC_L3_STRESS_75_80_S01_R05,VPLC_L3_STRESS_75_80,SER_20260510_VPLC_L3_STRESS_75_80_S01,vPLC_container,VPLC_HOST,211,,,2026-05-09T21:57:17.576710641Z,,,,host_log,75,80,,,,,,3,512,,technical_check,vplc_status_cycle_duration_not_validated_as_Tper,0.255,100,работает
RUN_20260510_VPLC_L3_STRESS_75_80_S01_R05,VPLC_L3_STRESS_75_80,SER_20260510_VPLC_L3_STRESS_75_80_S01,vPLC_container,VPLC_HOST,212,,,2026-05-09T21:57:18.631125061Z,,,,host_log,75,80,,,,,,3,512,,technical_check,vplc_status_cycle_duration_not_validated_as_Tper,0.235,100,работает
RUN_20260510_VPLC_L3_STRESS_75_80_S01_R05,VPLC_L3_STRESS_75_80,SER_20260510_VPLC_L3_STRESS_75_80_S01,vPLC_container,VPLC_HOST,213,,,2026-05-09T21:57:19.686450069Z,,,,host_log,75,80,,,,,,3,512,,technical_check,vplc_status_cycle_duration_not_validated_as_Tper,0.256,100,работает
RUN_20260510_VPLC_L3_STRESS_75_80_S01_R05,VPLC_L3_STRESS_75_80,SER_20260510_VPLC_L3_STRESS_75_80_S01,vPLC_container,VPLC_HOST,214,,,2026-05-09T21:57:20.741959370Z,,,,host_log,75,80,,,,,,3,512,,technical_check,vplc_status_cycle_duration_not_validated_as_Tper,0.236,100,работает
RUN_20260510_VPLC_L3_STRESS_75_80_S01_R05,VPLC_L3_STRESS_75_80,SER_20260510_VPLC_L3_STRESS_75_80_S01,vPLC_container,VPLC_HOST,215,,,2026-05-09T21:57:21.796774320Z,,,,host_log,75,80,,,,,,3,512,,technical_check,vplc_status_cycle_duration_not_validated_as_Tper,0.251,100,работает
RUN_20260510_VPLC_L3_STRESS_75_80_S01_R05,VPLC_L3_STRESS_75_80,SER_20260510_VPLC_L3_STRESS_75_80_S01,vPLC_container,VPLC_HOST,216,,,2026-05-09T21:57:22.853636817Z,,,,host_log,75,80,,,,,,3,512,,technical_check,vplc_status_cycle_duration_not_validated_as_Tper,0.157,100,работает
RUN_20260510_VPLC_L3_STRESS_75_80_S01_R05,VPLC_L3_STRESS_75_80,SER_20260510_VPLC_L3_STRESS_75_80_S01,vPLC_container,VPLC_HOST,217,,,2026-05-09T21:57:23.907495589Z,,,,host_log,75,80,,,,,,3,512,,technical_check,vplc_status_cycle_duration_not_validated_as_Tper,0.259,100,работает
RUN_20260510_VPLC_L3_STRESS_75_80_S01_R05,VPLC_L3_STRESS_75_80,SER_20260510_VPLC_L3_STRESS_75_80_S01,vPLC_container,VPLC_HOST,218,,,2026-05-09T21:57:24.961915114Z,,,,host_log,75,80,,,,,,3,512,,technical_check,vplc_status_cycle_duration_not_validated_as_Tper,0.250,100,работает
RUN_20260510_VPLC_L3_STRESS_75_80_S01_R05,VPLC_L3_STRESS_75_80,SER_20260510_VPLC_L3_STRESS_75_80_S01,vPLC_container,VPLC_HOST,219,,,2026-05-09T21:57:26.014731186Z,,,,host_log,75,80,,,,,,3,512,,technical_check,vplc_status_cycle_duration_not_validated_as_Tper,0.255,100,работает
RUN_20260510_VPLC_L3_STRESS_75_80_S01_R05,VPLC_L3_STRESS_75_80,SER_20260510_VPLC_L3_STRESS_75_80_S01,vPLC_container,VPLC_HOST,220,,,2026-05-09T21:57:27.074498469Z,,,,host_log,75,80,,,,,,3,512,,technical_check,vplc_status_cycle_duration_not_validated_as_Tper,0.257,100,работает
RUN_20260510_VPLC_L3_STRESS_75_80_S01_R05,VPLC_L3_STRESS_75_80,SER_20260510_VPLC_L3_STRESS_75_80_S01,vPLC_container,VPLC_HOST,221,,,2026-05-09T21:57:28.129632186Z,,,,host_log,75,80,,,,,,3,512,,technical_check,vplc_status_cycle_duration_not_validated_as_Tper,0.252,100,работает
RUN_20260510_VPLC_L3_STRESS_75_80_S01_R05,VPLC_L3_STRESS_75_80,SER_20260510_VPLC_L3_STRESS_75_80_S01,vPLC_container,VPLC_HOST,222,,,2026-05-09T21:57:29.182332433Z,,,,host_log,75,80,,,,,,3,512,,technical_check,vplc_status_cycle_duration_not_validated_as_Tper,0.256,100,работает
RUN_20260510_VPLC_L3_STRESS_75_80_S01_R05,VPLC_L3_STRESS_75_80,SER_20260510_VPLC_L3_STRESS_75_80_S01,vPLC_container,VPLC_HOST,223,,,2026-05-09T21:57:30.237844794Z,,,,host_log,75,80,,,,,,3,512,,technical_check,vplc_status_cycle_duration_not_validated_as_Tper,0.238,100,работает
RUN_20260510_VPLC_L3_STRESS_75_80_S01_R05,VPLC_L3_STRESS_75_80,SER_20260510_VPLC_L3_STRESS_75_80_S01,vPLC_container,VPLC_HOST,224,,,2026-05-09T21:57:31.294678326Z,,,,host_log,75,80,,,,,,3,512,,technical_check,vplc_status_cycle_duration_not_validated_as_Tper,0.256,100,работает
RUN_20260510_VPLC_L3_STRESS_75_80_S01_R05,VPLC_L3_STRESS_75_80,SER_20260510_VPLC_L3_STRESS_75_80_S01,vPLC_container,VPLC_HOST,225,,,2026-05-09T21:57:32.350201768Z,,,,host_log,75,80,,,,,,3,512,,technical_check,vplc_status_cycle_duration_not_validated_as_Tper,3.584,100,работает
RUN_20260510_VPLC_L3_STRESS_75_80_S01_R05,VPLC_L3_STRESS_75_80,SER_20260510_VPLC_L3_STRESS_75_80_S01,vPLC_container,VPLC_HOST,226,,,2026-05-09T21:57:33.406345593Z,,,,host_log,75,80,,,,,,3,512,,technical_check,vplc_status_cycle_duration_not_validated_as_Tper,4.875,100,работает
RUN_20260510_VPLC_L3_STRESS_75_80_S01_R05,VPLC_L3_STRESS_75_80,SER_20260510_VPLC_L3_STRESS_75_80_S01,vPLC_container,VPLC_HOST,227,,,2026-05-09T21:57:34.462466178Z,,,,host_log,75,80,,,,,,3,512,,technical_check,vplc_status_cycle_duration_not_validated_as_Tper,0.257,100,работает
RUN_20260510_VPLC_L3_STRESS_75_80_S01_R05,VPLC_L3_STRESS_75_80,SER_20260510_VPLC_L3_STRESS_75_80_S01,vPLC_container,VPLC_HOST,228,,,2026-05-09T21:57:35.517823231Z,,,,host_log,75,80,,,,,,3,512,,technical_check,vplc_status_cycle_duration_not_validated_as_Tper,0.257,100,работает
RUN_20260510_VPLC_L3_STRESS_75_80_S01_R05,VPLC_L3_STRESS_75_80,SER_20260510_VPLC_L3_STRESS_75_80_S01,vPLC_container,VPLC_HOST,229,,,2026-05-09T21:57:36.573057865Z,,,,host_log,75,80,,,,,,3,512,,technical_check,vplc_status_cycle_duration_not_validated_as_Tper,0.254,100,работает
RUN_20260510_VPLC_L3_STRESS_75_80_S01_R05,VPLC_L3_STRESS_75_80,SER_20260510_VPLC_L3_STRESS_75_80_S01,vPLC_container,VPLC_HOST,230,,,2026-05-09T21:57:37.628946068Z,,,,host_log,75,80,,,,,,3,512,,technical_check,vplc_status_cycle_duration_not_validated_as_Tper,0.237,100,работает
RUN_20260510_VPLC_L3_STRESS_75_80_S01_R05,VPLC_L3_STRESS_75_80,SER_20260510_VPLC_L3_STRESS_75_80_S01,vPLC_container,VPLC_HOST,231,,,2026-05-09T21:57:38.678625181Z,,,,host_log,75,80,,,,,,3,512,,technical_check,vplc_status_cycle_duration_not_validated_as_Tper,0.260,100,работает
RUN_20260510_VPLC_L3_STRESS_75_80_S01_R05,VPLC_L3_STRESS_75_80,SER_20260510_VPLC_L3_STRESS_75_80_S01,vPLC_container,VPLC_HOST,232,,,2026-05-09T21:57:39.739950956Z,,,,host_log,75,80,,,,,,3,512,,technical_check,vplc_status_cycle_duration_not_validated_as_Tper,0.233,100,работает
RUN_20260510_VPLC_L3_STRESS_75_80_S01_R05,VPLC_L3_STRESS_75_80,SER_20260510_VPLC_L3_STRESS_75_80_S01,vPLC_container,VPLC_HOST,233,,,2026-05-09T21:57:40.793413420Z,,,,host_log,75,80,,,,,,3,512,,technical_check,vplc_status_cycle_duration_not_validated_as_Tper,0.252,100,работает
RUN_20260510_VPLC_L3_STRESS_75_80_S01_R05,VPLC_L3_STRESS_75_80,SER_20260510_VPLC_L3_STRESS_75_80_S01,vPLC_container,VPLC_HOST,234,,,2026-05-09T21:57:41.850446140Z,,,,host_log,75,80,,,,,,3,512,,technical_check,vplc_status_cycle_duration_not_validated_as_Tper,0.130,100,работает
RUN_20260510_VPLC_L3_STRESS_75_80_S01_R05,VPLC_L3_STRESS_75_80,SER_20260510_VPLC_L3_STRESS_75_80_S01,vPLC_container,VPLC_HOST,235,,,2026-05-09T21:57:42.902658523Z,,,,host_log,75,80,,,,,,3,512,,technical_check,vplc_status_cycle_duration_not_validated_as_Tper,0.260,100,работает
RUN_20260510_VPLC_L3_STRESS_75_80_S01_R05,VPLC_L3_STRESS_75_80,SER_20260510_VPLC_L3_STRESS_75_80_S01,vPLC_container,VPLC_HOST,236,,,2026-05-09T21:57:43.959067408Z,,,,host_log,75,80,,,,,,3,512,,technical_check,vplc_status_cycle_duration_not_validated_as_Tper,0.235,100,работает
RUN_20260510_VPLC_L3_STRESS_75_80_S01_R05,VPLC_L3_STRESS_75_80,SER_20260510_VPLC_L3_STRESS_75_80_S01,vPLC_container,VPLC_HOST,237,,,2026-05-09T21:57:45.011883450Z,,,,host_log,75,80,,,,,,3,512,,technical_check,vplc_status_cycle_duration_not_validated_as_Tper,0.259,100,работает
RUN_20260510_VPLC_L3_STRESS_75_80_S01_R05,VPLC_L3_STRESS_75_80,SER_20260510_VPLC_L3_STRESS_75_80_S01,vPLC_container,VPLC_HOST,238,,,2026-05-09T21:57:46.071614811Z,,,,host_log,75,80,,,,,,3,512,,technical_check,vplc_status_cycle_duration_not_validated_as_Tper,0.258,100,работает
RUN_20260510_VPLC_L3_STRESS_75_80_S01_R05,VPLC_L3_STRESS_75_80,SER_20260510_VPLC_L3_STRESS_75_80_S01,vPLC_container,VPLC_HOST,239,,,2026-05-09T21:57:47.125281138Z,,,,host_log,75,80,,,,,,3,512,,technical_check,vplc_status_cycle_duration_not_validated_as_Tper,0.247,100,работает
RUN_20260510_VPLC_L3_STRESS_75_80_S01_R05,VPLC_L3_STRESS_75_80,SER_20260510_VPLC_L3_STRESS_75_80_S01,vPLC_container,VPLC_HOST,240,,,2026-05-09T21:57:48.179008586Z,,,,host_log,75,80,,,,,,3,512,,technical_check,vplc_status_cycle_duration_not_validated_as_Tper,0.258,100,работает
RUN_20260510_VPLC_L3_STRESS_75_80_S01_R05,VPLC_L3_STRESS_75_80,SER_20260510_VPLC_L3_STRESS_75_80_S01,vPLC_container,VPLC_HOST,241,,,2026-05-09T21:57:49.235018165Z,,,,host_log,75,80,,,,,,3,512,,technical_check,vplc_status_cycle_duration_not_validated_as_Tper,0.238,100,работает
RUN_20260510_VPLC_L3_STRESS_75_80_S01_R05,VPLC_L3_STRESS_75_80,SER_20260510_VPLC_L3_STRESS_75_80_S01,vPLC_container,VPLC_HOST,242,,,2026-05-09T21:57:50.286695713Z,,,,host_log,75,80,,,,,,3,512,,technical_check,vplc_status_cycle_duration_not_validated_as_Tper,0.257,100,работает
RUN_20260510_VPLC_L3_STRESS_75_80_S01_R05,VPLC_L3_STRESS_75_80,SER_20260510_VPLC_L3_STRESS_75_80_S01,vPLC_container,VPLC_HOST,243,,,2026-05-09T21:57:51.347121722Z,,,,host_log,75,80,,,,,,3,512,,technical_check,vplc_status_cycle_duration_not_validated_as_Tper,4.409,100,работает
RUN_20260510_VPLC_L3_STRESS_75_80_S01_R05,VPLC_L3_STRESS_75_80,SER_20260510_VPLC_L3_STRESS_75_80_S01,vPLC_container,VPLC_HOST,244,,,2026-05-09T21:57:52.399967601Z,,,,host_log,75,80,,,,,,3,512,,technical_check,vplc_status_cycle_duration_not_validated_as_Tper,7.003,100,работает
RUN_20260510_VPLC_L3_STRESS_75_80_S01_R05,VPLC_L3_STRESS_75_80,SER_20260510_VPLC_L3_STRESS_75_80_S01,vPLC_container,VPLC_HOST,245,,,2026-05-09T21:57:53.455876681Z,,,,host_log,75,80,,,,,,3,512,,technical_check,vplc_status_cycle_duration_not_validated_as_Tper,0.172,100,работает
RUN_20260510_VPLC_L3_STRESS_75_80_S01_R05,VPLC_L3_STRESS_75_80,SER_20260510_VPLC_L3_STRESS_75_80_S01,vPLC_container,VPLC_HOST,246,,,2026-05-09T21:57:54.512213215Z,,,,host_log,75,80,,,,,,3,512,,technical_check,vplc_status_cycle_duration_not_validated_as_Tper,0.260,100,работает
RUN_20260510_VPLC_L3_STRESS_75_80_S01_R05,VPLC_L3_STRESS_75_80,SER_20260510_VPLC_L3_STRESS_75_80_S01,vPLC_container,VPLC_HOST,247,,,2026-05-09T21:57:55.567554688Z,,,,host_log,75,80,,,,,,3,512,,technical_check,vplc_status_cycle_duration_not_validated_as_Tper,0.254,100,работает
RUN_20260510_VPLC_L3_STRESS_75_80_S01_R05,VPLC_L3_STRESS_75_80,SER_20260510_VPLC_L3_STRESS_75_80_S01,vPLC_container,VPLC_HOST,248,,,2026-05-09T21:57:56.620649991Z,,,,host_log,75,80,,,,,,3,512,,technical_check,vplc_status_cycle_duration_not_validated_as_Tper,0.236,100,работает
RUN_20260510_VPLC_L3_STRESS_75_80_S01_R05,VPLC_L3_STRESS_75_80,SER_20260510_VPLC_L3_STRESS_75_80_S01,vPLC_container,VPLC_HOST,249,,,2026-05-09T21:57:57.675954133Z,,,,host_log,75,80,,,,,,3,512,,technical_check,vplc_status_cycle_duration_not_validated_as_Tper,0.256,100,работает
RUN_20260510_VPLC_L3_STRESS_75_80_S01_R05,VPLC_L3_STRESS_75_80,SER_20260510_VPLC_L3_STRESS_75_80_S01,vPLC_container,VPLC_HOST,250,,,2026-05-09T21:57:58.731986081Z,,,,host_log,75,80,,,,,,3,512,,technical_check,vplc_status_cycle_duration_not_validated_as_Tper,0.232,100,работает
RUN_20260510_VPLC_L3_STRESS_75_80_S01_R05,VPLC_L3_STRESS_75_80,SER_20260510_VPLC_L3_STRESS_75_80_S01,vPLC_container,VPLC_HOST,251,,,2026-05-09T21:57:59.788078794Z,,,,host_log,75,80,,,,,,3,512,,technical_check,vplc_status_cycle_duration_not_validated_as_Tper,0.251,100,работает
RUN_20260510_VPLC_L3_STRESS_75_80_S01_R05,VPLC_L3_STRESS_75_80,SER_20260510_VPLC_L3_STRESS_75_80_S01,vPLC_container,VPLC_HOST,252,,,2026-05-09T21:58:00.842203432Z,,,,host_log,75,80,,,,,,3,512,,technical_check,vplc_status_cycle_duration_not_validated_as_Tper,0.238,100,работает
RUN_20260510_VPLC_L3_STRESS_75_80_S01_R05,VPLC_L3_STRESS_75_80,SER_20260510_VPLC_L3_STRESS_75_80_S01,vPLC_container,VPLC_HOST,253,,,2026-05-09T21:58:01.898962856Z,,,,host_log,75,80,,,,,,3,512,,technical_check,vplc_status_cycle_duration_not_validated_as_Tper,0.257,100,работает
RUN_20260510_VPLC_L3_STRESS_75_80_S01_R05,VPLC_L3_STRESS_75_80,SER_20260510_VPLC_L3_STRESS_75_80_S01,vPLC_container,VPLC_HOST,254,,,2026-05-09T21:58:02.955539002Z,,,,host_log,75,80,,,,,,3,512,,technical_check,vplc_status_cycle_duration_not_validated_as_Tper,0.170,100,работает
RUN_20260510_VPLC_L3_STRESS_75_80_S01_R05,VPLC_L3_STRESS_75_80,SER_20260510_VPLC_L3_STRESS_75_80_S01,vPLC_container,VPLC_HOST,255,,,2026-05-09T21:58:04.010114338Z,,,,host_log,75,80,,,,,,3,512,,technical_check,vplc_status_cycle_duration_not_validated_as_Tper,0.259,100,работает
RUN_20260510_VPLC_L3_STRESS_75_80_S01_R05,VPLC_L3_STRESS_75_80,SER_20260510_VPLC_L3_STRESS_75_80_S01,vPLC_container,VPLC_HOST,256,,,2026-05-09T21:58:05.064108160Z,,,,host_log,75,80,,,,,,3,512,,technical_check,vplc_status_cycle_duration_not_validated_as_Tper,0.255,100,работает
RUN_20260510_VPLC_L3_STRESS_75_80_S01_R05,VPLC_L3_STRESS_75_80,SER_20260510_VPLC_L3_STRESS_75_80_S01,vPLC_container,VPLC_HOST,257,,,2026-05-09T21:58:06.121132509Z,,,,host_log,75,80,,,,,,3,512,,technical_check,vplc_status_cycle_duration_not_validated_as_Tper,0.256,100,работает
RUN_20260510_VPLC_L3_STRESS_75_80_S01_R05,VPLC_L3_STRESS_75_80,SER_20260510_VPLC_L3_STRESS_75_80_S01,vPLC_container,VPLC_HOST,258,,,2026-05-09T21:58:07.175829771Z,,,,host_log,75,80,,,,,,3,512,,technical_check,vplc_status_cycle_duration_not_validated_as_Tper,0.256,100,работает
RUN_20260510_VPLC_L3_STRESS_75_80_S01_R05,VPLC_L3_STRESS_75_80,SER_20260510_VPLC_L3_STRESS_75_80_S01,vPLC_container,VPLC_HOST,259,,,2026-05-09T21:58:08.229275339Z,,,,host_log,75,80,,,,,,3,512,,technical_check,vplc_status_cycle_duration_not_validated_as_Tper,0.235,100,работает
RUN_20260510_VPLC_L3_STRESS_75_80_S01_R05,VPLC_L3_STRESS_75_80,SER_20260510_VPLC_L3_STRESS_75_80_S01,vPLC_container,VPLC_HOST,260,,,2026-05-09T21:58:09.285633545Z,,,,host_log,75,80,,,,,,3,512,,technical_check,vplc_status_cycle_duration_not_validated_as_Tper,0.257,100,работает
RUN_20260510_VPLC_L3_STRESS_75_80_S01_R05,VPLC_L3_STRESS_75_80,SER_20260510_VPLC_L3_STRESS_75_80_S01,vPLC_container,VPLC_HOST,261,,,2026-05-09T21:58:10.340470984Z,,,,host_log,75,80,,,,,,3,512,,technical_check,vplc_status_cycle_duration_not_validated_as_Tper,4.978,100,работает
RUN_20260510_VPLC_L3_STRESS_75_80_S01_R05,VPLC_L3_STRESS_75_80,SER_20260510_VPLC_L3_STRESS_75_80_S01,vPLC_container,VPLC_HOST,262,,,2026-05-09T21:58:11.393261096Z,,,,host_log,75,80,,,,,,3,512,,technical_check,vplc_status_cycle_duration_not_validated_as_Tper,4.367,100,работает
RUN_20260510_VPLC_L3_STRESS_75_80_S01_R05,VPLC_L3_STRESS_75_80,SER_20260510_VPLC_L3_STRESS_75_80_S01,vPLC_container,VPLC_HOST,263,,,2026-05-09T21:58:12.450096304Z,,,,host_log,75,80,,,,,,3,512,,technical_check,vplc_status_cycle_duration_not_validated_as_Tper,0.129,100,работает
RUN_20260510_VPLC_L3_STRESS_75_80_S01_R05,VPLC_L3_STRESS_75_80,SER_20260510_VPLC_L3_STRESS_75_80_S01,vPLC_container,VPLC_HOST,264,,,2026-05-09T21:58:13.504552616Z,,,,host_log,75,80,,,,,,3,512,,technical_check,vplc_status_cycle_duration_not_validated_as_Tper,0.260,100,работает
RUN_20260510_VPLC_L3_STRESS_75_80_S01_R05,VPLC_L3_STRESS_75_80,SER_20260510_VPLC_L3_STRESS_75_80_S01,vPLC_container,VPLC_HOST,265,,,2026-05-09T21:58:14.563169409Z,,,,host_log,75,80,,,,,,3,512,,technical_check,vplc_status_cycle_duration_not_validated_as_Tper,0.252,100,работает
RUN_20260510_VPLC_L3_STRESS_75_80_S01_R05,VPLC_L3_STRESS_75_80,SER_20260510_VPLC_L3_STRESS_75_80_S01,vPLC_container,VPLC_HOST,266,,,2026-05-09T21:58:15.614082409Z,,,,host_log,75,80,,,,,,3,512,,technical_check,vplc_status_cycle_duration_not_validated_as_Tper,0.252,100,работает
RUN_20260510_VPLC_L3_STRESS_75_80_S01_R05,VPLC_L3_STRESS_75_80,SER_20260510_VPLC_L3_STRESS_75_80_S01,vPLC_container,VPLC_HOST,267,,,2026-05-09T21:58:16.671543852Z,,,,host_log,75,80,,,,,,3,512,,technical_check,vplc_status_cycle_duration_not_validated_as_Tper,0.258,100,работает
RUN_20260510_VPLC_L3_STRESS_75_80_S01_R05,VPLC_L3_STRESS_75_80,SER_20260510_VPLC_L3_STRESS_75_80_S01,vPLC_container,VPLC_HOST,268,,,2026-05-09T21:58:17.727378839Z,,,,host_log,75,80,,,,,,3,512,,technical_check,vplc_status_cycle_duration_not_validated_as_Tper,0.249,100,работает
RUN_20260510_VPLC_L3_STRESS_75_80_S01_R05,VPLC_L3_STRESS_75_80,SER_20260510_VPLC_L3_STRESS_75_80_S01,vPLC_container,VPLC_HOST,269,,,2026-05-09T21:58:18.784419318Z,,,,host_log,75,80,,,,,,3,512,,technical_check,vplc_status_cycle_duration_not_validated_as_Tper,0.254,100,работает
RUN_20260510_VPLC_L3_STRESS_75_80_S01_R05,VPLC_L3_STRESS_75_80,SER_20260510_VPLC_L3_STRESS_75_80_S01,vPLC_container,VPLC_HOST,270,,,2026-05-09T21:58:19.836313171Z,,,,host_log,75,80,,,,,,3,512,,technical_check,vplc_status_cycle_duration_not_validated_as_Tper,0.238,100,работает
RUN_20260510_VPLC_L3_STRESS_75_80_S01_R05,VPLC_L3_STRESS_75_80,SER_20260510_VPLC_L3_STRESS_75_80_S01,vPLC_container,VPLC_HOST,271,,,2026-05-09T21:58:20.894738830Z,,,,host_log,75,80,,,,,,3,512,,technical_check,vplc_status_cycle_duration_not_validated_as_Tper,0.257,100,работает
RUN_20260510_VPLC_L3_STRESS_75_80_S01_R05,VPLC_L3_STRESS_75_80,SER_20260510_VPLC_L3_STRESS_75_80_S01,vPLC_container,VPLC_HOST,272,,,2026-05-09T21:58:21.949821171Z,,,,host_log,75,80,,,,,,3,512,,technical_check,vplc_status_cycle_duration_not_validated_as_Tper,0.129,100,работает
RUN_20260510_VPLC_L3_STRESS_75_80_S01_R05,VPLC_L3_STRESS_75_80,SER_20260510_VPLC_L3_STRESS_75_80_S01,vPLC_container,VPLC_HOST,273,,,2026-05-09T21:58:23.003927467Z,,,,host_log,75,80,,,,,,3,512,,technical_check,vplc_status_cycle_duration_not_validated_as_Tper,0.259,100,работает
RUN_20260510_VPLC_L3_STRESS_75_80_S01_R05,VPLC_L3_STRESS_75_80,SER_20260510_VPLC_L3_STRESS_75_80_S01,vPLC_container,VPLC_HOST,274,,,2026-05-09T21:58:24.058073376Z,,,,host_log,75,80,,,,,,3,512,,technical_check,vplc_status_cycle_duration_not_validated_as_Tper,0.240,100,работает
RUN_20260510_VPLC_L3_STRESS_75_80_S01_R05,VPLC_L3_STRESS_75_80,SER_20260510_VPLC_L3_STRESS_75_80_S01,vPLC_container,VPLC_HOST,275,,,2026-05-09T21:58:25.113470526Z,,,,host_log,75,80,,,,,,3,512,,technical_check,vplc_status_cycle_duration_not_validated_as_Tper,0.257,100,работает
RUN_20260510_VPLC_L3_STRESS_75_80_S01_R05,VPLC_L3_STRESS_75_80,SER_20260510_VPLC_L3_STRESS_75_80_S01,vPLC_container,VPLC_HOST,276,,,2026-05-09T21:58:26.170139360Z,,,,host_log,75,80,,,,,,3,512,,technical_check,vplc_status_cycle_duration_not_validated_as_Tper,0.256,100,работает
RUN_20260510_VPLC_L3_STRESS_75_80_S01_R05,VPLC_L3_STRESS_75_80,SER_20260510_VPLC_L3_STRESS_75_80_S01,vPLC_container,VPLC_HOST,277,,,2026-05-09T21:58:27.227443503Z,,,,host_log,75,80,,,,,,3,512,,technical_check,vplc_status_cycle_duration_not_validated_as_Tper,0.254,100,работает
RUN_20260510_VPLC_L3_STRESS_75_80_S01_R05,VPLC_L3_STRESS_75_80,SER_20260510_VPLC_L3_STRESS_75_80_S01,vPLC_container,VPLC_HOST,278,,,2026-05-09T21:58:28.281686531Z,,,,host_log,75,80,,,,,,3,512,,technical_check,vplc_status_cycle_duration_not_validated_as_Tper,0.258,100,работает
RUN_20260510_VPLC_L3_STRESS_75_80_S01_R05,VPLC_L3_STRESS_75_80,SER_20260510_VPLC_L3_STRESS_75_80_S01,vPLC_container,VPLC_HOST,279,,,2026-05-09T21:58:29.336815773Z,,,,host_log,75,80,,,,,,3,512,,technical_check,vplc_status_cycle_duration_not_validated_as_Tper,4.215,100,работает
RUN_20260510_VPLC_L3_STRESS_75_80_S01_R05,VPLC_L3_STRESS_75_80,SER_20260510_VPLC_L3_STRESS_75_80_S01,vPLC_container,VPLC_HOST,280,,,2026-05-09T21:58:30.388993698Z,,,,host_log,75,80,,,,,,3,512,,technical_check,vplc_status_cycle_duration_not_validated_as_Tper,4.349,100,работает
RUN_20260510_VPLC_L3_STRESS_75_80_S01_R05,VPLC_L3_STRESS_75_80,SER_20260510_VPLC_L3_STRESS_75_80_S01,vPLC_container,VPLC_HOST,281,,,2026-05-09T21:58:31.447836890Z,,,,host_log,75,80,,,,,,3,512,,technical_check,vplc_status_cycle_duration_not_validated_as_Tper,0.140,100,работает
RUN_20260510_VPLC_L3_STRESS_75_80_S01_R05,VPLC_L3_STRESS_75_80,SER_20260510_VPLC_L3_STRESS_75_80_S01,vPLC_container,VPLC_HOST,282,,,2026-05-09T21:58:32.500150467Z,,,,host_log,75,80,,,,,,3,512,,technical_check,vplc_status_cycle_duration_not_validated_as_Tper,0.259,100,работает
RUN_20260510_VPLC_L3_STRESS_75_80_S01_R05,VPLC_L3_STRESS_75_80,SER_20260510_VPLC_L3_STRESS_75_80_S01,vPLC_container,VPLC_HOST,283,,,2026-05-09T21:58:33.557193686Z,,,,host_log,75,80,,,,,,3,512,,technical_check,vplc_status_cycle_duration_not_validated_as_Tper,0.205,100,работает
RUN_20260510_VPLC_L3_STRESS_75_80_S01_R05,VPLC_L3_STRESS_75_80,SER_20260510_VPLC_L3_STRESS_75_80_S01,vPLC_container,VPLC_HOST,284,,,2026-05-09T21:58:34.611224720Z,,,,host_log,75,80,,,,,,3,512,,technical_check,vplc_status_cycle_duration_not_validated_as_Tper,0.259,100,работает
RUN_20260510_VPLC_L3_STRESS_75_80_S01_R05,VPLC_L3_STRESS_75_80,SER_20260510_VPLC_L3_STRESS_75_80_S01,vPLC_container,VPLC_HOST,285,,,2026-05-09T21:58:35.669738456Z,,,,host_log,75,80,,,,,,3,512,,technical_check,vplc_status_cycle_duration_not_validated_as_Tper,0.259,100,работает
RUN_20260510_VPLC_L3_STRESS_75_80_S01_R05,VPLC_L3_STRESS_75_80,SER_20260510_VPLC_L3_STRESS_75_80_S01,vPLC_container,VPLC_HOST,286,,,2026-05-09T21:58:36.724714456Z,,,,host_log,75,80,,,,,,3,512,,technical_check,vplc_status_cycle_duration_not_validated_as_Tper,0.231,100,работает
RUN_20260510_VPLC_L3_STRESS_75_80_S01_R05,VPLC_L3_STRESS_75_80,SER_20260510_VPLC_L3_STRESS_75_80_S01,vPLC_container,VPLC_HOST,287,,,2026-05-09T21:58:37.779672758Z,,,,host_log,75,80,,,,,,3,512,,technical_check,vplc_status_cycle_duration_not_validated_as_Tper,0.257,100,работает
RUN_20260510_VPLC_L3_STRESS_75_80_S01_R05,VPLC_L3_STRESS_75_80,SER_20260510_VPLC_L3_STRESS_75_80_S01,vPLC_container,VPLC_HOST,288,,,2026-05-09T21:58:38.831311187Z,,,,host_log,75,80,,,,,,3,512,,technical_check,vplc_status_cycle_duration_not_validated_as_Tper,0.235,100,работает
RUN_20260510_VPLC_L3_STRESS_75_80_S01_R05,VPLC_L3_STRESS_75_80,SER_20260510_VPLC_L3_STRESS_75_80_S01,vPLC_container,VPLC_HOST,289,,,2026-05-09T21:58:39.889925840Z,,,,host_log,75,80,,,,,,3,512,,technical_check,vplc_status_cycle_duration_not_validated_as_Tper,0.257,100,работает
RUN_20260510_VPLC_L3_STRESS_75_80_S01_R05,VPLC_L3_STRESS_75_80,SER_20260510_VPLC_L3_STRESS_75_80_S01,vPLC_container,VPLC_HOST,290,,,2026-05-09T21:58:40.946034545Z,,,,host_log,75,80,,,,,,3,512,,technical_check,vplc_status_cycle_duration_not_validated_as_Tper,0.187,100,работает
RUN_20260510_VPLC_L3_STRESS_75_80_S01_R05,VPLC_L3_STRESS_75_80,SER_20260510_VPLC_L3_STRESS_75_80_S01,vPLC_container,VPLC_HOST,291,,,2026-05-09T21:58:42.001071640Z,,,,host_log,75,80,,,,,,3,512,,technical_check,vplc_status_cycle_duration_not_validated_as_Tper,0.254,100,работает
RUN_20260510_VPLC_L3_STRESS_75_80_S01_R05,VPLC_L3_STRESS_75_80,SER_20260510_VPLC_L3_STRESS_75_80_S01,vPLC_container,VPLC_HOST,292,,,2026-05-09T21:58:43.056406527Z,,,,host_log,75,80,,,,,,3,512,,technical_check,vplc_status_cycle_duration_not_validated_as_Tper,0.187,100,работает
RUN_20260510_VPLC_L3_STRESS_75_80_S01_R05,VPLC_L3_STRESS_75_80,SER_20260510_VPLC_L3_STRESS_75_80_S01,vPLC_container,VPLC_HOST,293,,,2026-05-09T21:58:44.110668251Z,,,,host_log,75,80,,,,,,3,512,,technical_check,vplc_status_cycle_duration_not_validated_as_Tper,0.258,100,работает
RUN_20260510_VPLC_L3_STRESS_75_80_S01_R05,VPLC_L3_STRESS_75_80,SER_20260510_VPLC_L3_STRESS_75_80_S01,vPLC_container,VPLC_HOST,294,,,2026-05-09T21:58:45.164639764Z,,,,host_log,75,80,,,,,,3,512,,technical_check,vplc_status_cycle_duration_not_validated_as_Tper,0.253,100,работает
RUN_20260510_VPLC_L3_STRESS_75_80_S01_R05,VPLC_L3_STRESS_75_80,SER_20260510_VPLC_L3_STRESS_75_80_S01,vPLC_container,VPLC_HOST,295,,,2026-05-09T21:58:46.222185003Z,,,,host_log,75,80,,,,,,3,512,,technical_check,vplc_status_cycle_duration_not_validated_as_Tper,0.238,100,работает
RUN_20260510_VPLC_L3_STRESS_75_80_S01_R05,VPLC_L3_STRESS_75_80,SER_20260510_VPLC_L3_STRESS_75_80_S01,vPLC_container,VPLC_HOST,296,,,2026-05-09T21:58:47.276882291Z,,,,host_log,75,80,,,,,,3,512,,technical_check,vplc_status_cycle_duration_not_validated_as_Tper,0.257,100,работает
RUN_20260510_VPLC_L3_STRESS_75_80_S01_R05,VPLC_L3_STRESS_75_80,SER_20260510_VPLC_L3_STRESS_75_80_S01,vPLC_container,VPLC_HOST,297,,,2026-05-09T21:58:48.332521956Z,,,,host_log,75,80,,,,,,3,512,,technical_check,vplc_status_cycle_duration_not_validated_as_Tper,4.338,100,работает
RUN_20260510_VPLC_L3_STRESS_75_80_S01_R05,VPLC_L3_STRESS_75_80,SER_20260510_VPLC_L3_STRESS_75_80_S01,vPLC_container,VPLC_HOST,298,,,2026-05-09T21:58:49.385781016Z,,,,host_log,75,80,,,,,,3,512,,technical_check,vplc_status_cycle_duration_not_validated_as_Tper,4.397,100,работает
RUN_20260510_VPLC_L3_STRESS_75_80_S01_R05,VPLC_L3_STRESS_75_80,SER_20260510_VPLC_L3_STRESS_75_80_S01,vPLC_container,VPLC_HOST,299,,,2026-05-09T21:58:50.440796812Z,,,,host_log,75,80,,,,,,3,512,,technical_check,vplc_status_cycle_duration_not_validated_as_Tper,0.210,100,работает
RUN_20260510_VPLC_L3_STRESS_75_80_S01_R05,VPLC_L3_STRESS_75_80,SER_20260510_VPLC_L3_STRESS_75_80_S01,vPLC_container,VPLC_HOST,300,,,2026-05-09T21:58:51.499540965Z,,,,host_log,75,80,,,,,,3,512,,technical_check,vplc_status_cycle_duration_not_validated_as_Tper,0.257,100,работает
RUN_20260510_VPLC_L3_STRESS_75_80_S01_R05,VPLC_L3_STRESS_75_80,SER_20260510_VPLC_L3_STRESS_75_80_S01,vPLC_container,VPLC_HOST,301,,,2026-05-09T21:58:52.555500037Z,,,,host_log,75,80,,,,,,3,512,,technical_check,vplc_status_cycle_duration_not_validated_as_Tper,0.170,100,работает
RUN_20260510_VPLC_L3_STRESS_75_80_S01_R05,VPLC_L3_STRESS_75_80,SER_20260510_VPLC_L3_STRESS_75_80_S01,vPLC_container,VPLC_HOST,302,,,2026-05-09T21:58:53.609532488Z,,,,host_log,75,80,,,,,,3,512,,technical_check,vplc_status_cycle_duration_not_validated_as_Tper,0.257,100,работает
RUN_20260510_VPLC_L3_STRESS_75_80_S01_R05,VPLC_L3_STRESS_75_80,SER_20260510_VPLC_L3_STRESS_75_80_S01,vPLC_container,VPLC_HOST,303,,,2026-05-09T21:58:54.663311844Z,,,,host_log,75,80,,,,,,3,512,,technical_check,vplc_status_cycle_duration_not_validated_as_Tper,0.209,100,работает
RUN_20260510_VPLC_L3_STRESS_75_80_S01_R05,VPLC_L3_STRESS_75_80,SER_20260510_VPLC_L3_STRESS_75_80_S01,vPLC_container,VPLC_HOST,304,,,2026-05-09T21:58:55.718183682Z,,,,host_log,75,80,,,,,,3,512,,technical_check,vplc_status_cycle_duration_not_validated_as_Tper,0.259,100,работает
RUN_20260510_VPLC_L3_STRESS_75_80_S01_R05,VPLC_L3_STRESS_75_80,SER_20260510_VPLC_L3_STRESS_75_80_S01,vPLC_container,VPLC_HOST,305,,,2026-05-09T21:58:56.776660195Z,,,,host_log,75,80,,,,,,3,512,,technical_check,vplc_status_cycle_duration_not_validated_as_Tper,0.242,100,работает
RUN_20260510_VPLC_L3_STRESS_75_80_S01_R05,VPLC_L3_STRESS_75_80,SER_20260510_VPLC_L3_STRESS_75_80_S01,vPLC_container,VPLC_HOST,306,,,2026-05-09T21:58:57.828979305Z,,,,host_log,75,80,,,,,,3,512,,technical_check,vplc_status_cycle_duration_not_validated_as_Tper,0.256,100,работает
RUN_20260510_VPLC_L3_STRESS_75_80_S01_R05,VPLC_L3_STRESS_75_80,SER_20260510_VPLC_L3_STRESS_75_80_S01,vPLC_container,VPLC_HOST,307,,,2026-05-09T21:58:58.884847874Z,,,,host_log,75,80,,,,,,3,512,,technical_check,vplc_status_cycle_duration_not_validated_as_Tper,0.256,100,работает
RUN_20260510_VPLC_L3_STRESS_75_80_S01_R05,VPLC_L3_STRESS_75_80,SER_20260510_VPLC_L3_STRESS_75_80_S01,vPLC_container,VPLC_HOST,308,,,2026-05-09T21:58:59.938980424Z,,,,host_log,75,80,,,,,,3,512,,technical_check,vplc_status_cycle_duration_not_validated_as_Tper,0.236,100,работает
RUN_20260510_VPLC_L3_STRESS_75_80_S01_R05,VPLC_L3_STRESS_75_80,SER_20260510_VPLC_L3_STRESS_75_80_S01,vPLC_container,VPLC_HOST,309,,,2026-05-09T21:59:00.995963363Z,,,,host_log,75,80,,,,,,3,512,,technical_check,vplc_status_cycle_duration_not_validated_as_Tper,0.251,100,работает
RUN_20260510_VPLC_L3_STRESS_75_80_S01_R05,VPLC_L3_STRESS_75_80,SER_20260510_VPLC_L3_STRESS_75_80_S01,vPLC_container,VPLC_HOST,310,,,2026-05-09T21:59:02.053328107Z,,,,host_log,75,80,,,,,,3,512,,technical_check,vplc_status_cycle_duration_not_validated_as_Tper,0.142,100,работает
RUN_20260510_VPLC_L3_STRESS_75_80_S01_R05,VPLC_L3_STRESS_75_80,SER_20260510_VPLC_L3_STRESS_75_80_S01,vPLC_container,VPLC_HOST,311,,,2026-05-09T21:59:03.105801758Z,,,,host_log,75,80,,,,,,3,512,,technical_check,vplc_status_cycle_duration_not_validated_as_Tper,0.257,100,работает
RUN_20260510_VPLC_L3_STRESS_75_80_S01_R05,VPLC_L3_STRESS_75_80,SER_20260510_VPLC_L3_STRESS_75_80_S01,vPLC_container,VPLC_HOST,312,,,2026-05-09T21:59:04.160768498Z,,,,host_log,75,80,,,,,,3,512,,technical_check,vplc_status_cycle_duration_not_validated_as_Tper,0.254,100,работает
RUN_20260510_VPLC_L3_STRESS_75_80_S01_R05,VPLC_L3_STRESS_75_80,SER_20260510_VPLC_L3_STRESS_75_80_S01,vPLC_container,VPLC_HOST,313,,,2026-05-09T21:59:05.219019943Z,,,,host_log,75,80,,,,,,3,512,,technical_check,vplc_status_cycle_duration_not_validated_as_Tper,0.254,100,работает
RUN_20260510_VPLC_L3_STRESS_75_80_S01_R05,VPLC_L3_STRESS_75_80,SER_20260510_VPLC_L3_STRESS_75_80_S01,vPLC_container,VPLC_HOST,314,,,2026-05-09T21:59:06.273660742Z,,,,host_log,75,80,,,,,,3,512,,technical_check,vplc_status_cycle_duration_not_validated_as_Tper,0.258,100,работает
RUN_20260510_VPLC_L3_STRESS_75_80_S01_R05,VPLC_L3_STRESS_75_80,SER_20260510_VPLC_L3_STRESS_75_80_S01,vPLC_container,VPLC_HOST,315,,,2026-05-09T21:59:07.327086667Z,,,,host_log,75,80,,,,,,3,512,,technical_check,vplc_status_cycle_duration_not_validated_as_Tper,4.421,100,работает
RUN_20260510_VPLC_L3_STRESS_75_80_S01_R05,VPLC_L3_STRESS_75_80,SER_20260510_VPLC_L3_STRESS_75_80_S01,vPLC_container,VPLC_HOST,316,,,2026-05-09T21:59:08.381846516Z,,,,host_log,75,80,,,,,,3,512,,technical_check,vplc_status_cycle_duration_not_validated_as_Tper,4.449,100,работает
RUN_20260510_VPLC_L3_STRESS_75_80_S01_R05,VPLC_L3_STRESS_75_80,SER_20260510_VPLC_L3_STRESS_75_80_S01,vPLC_container,VPLC_HOST,317,,,2026-05-09T21:59:09.437374781Z,,,,host_log,75,80,,,,,,3,512,,technical_check,vplc_status_cycle_duration_not_validated_as_Tper,0.236,100,работает
RUN_20260510_VPLC_L3_STRESS_75_80_S01_R05,VPLC_L3_STRESS_75_80,SER_20260510_VPLC_L3_STRESS_75_80_S01,vPLC_container,VPLC_HOST,318,,,2026-05-09T21:59:10.494774556Z,,,,host_log,75,80,,,,,,3,512,,technical_check,vplc_status_cycle_duration_not_validated_as_Tper,0.255,100,работает
RUN_20260510_VPLC_L3_STRESS_75_80_S01_R05,VPLC_L3_STRESS_75_80,SER_20260510_VPLC_L3_STRESS_75_80_S01,vPLC_container,VPLC_HOST,319,,,2026-05-09T21:59:11.549906316Z,,,,host_log,75,80,,,,,,3,512,,technical_check,vplc_status_cycle_duration_not_validated_as_Tper,0.129,100,работает
RUN_20260510_VPLC_L3_STRESS_75_80_S01_R05,VPLC_L3_STRESS_75_80,SER_20260510_VPLC_L3_STRESS_75_80_S01,vPLC_container,VPLC_HOST,320,,,2026-05-09T21:59:12.603964250Z,,,,host_log,75,80,,,,,,3,512,,technical_check,vplc_status_cycle_duration_not_validated_as_Tper,0.257,100,работает
RUN_20260510_VPLC_L3_STRESS_75_80_S01_R05,VPLC_L3_STRESS_75_80,SER_20260510_VPLC_L3_STRESS_75_80_S01,vPLC_container,VPLC_HOST,321,,,2026-05-09T21:59:13.662464136Z,,,,host_log,75,80,,,,,,3,512,,technical_check,vplc_status_cycle_duration_not_validated_as_Tper,0.256,100,работает
RUN_20260510_VPLC_L3_STRESS_75_80_S01_R05,VPLC_L3_STRESS_75_80,SER_20260510_VPLC_L3_STRESS_75_80_S01,vPLC_container,VPLC_HOST,322,,,2026-05-09T21:59:14.714067016Z,,,,host_log,75,80,,,,,,3,512,,technical_check,vplc_status_cycle_duration_not_validated_as_Tper,0.258,100,работает
RUN_20260510_VPLC_L3_STRESS_75_80_S01_R05,VPLC_L3_STRESS_75_80,SER_20260510_VPLC_L3_STRESS_75_80_S01,vPLC_container,VPLC_HOST,323,,,2026-05-09T21:59:15.772533302Z,,,,host_log,75,80,,,,,,3,512,,technical_check,vplc_status_cycle_duration_not_validated_as_Tper,0.254,100,работает
RUN_20260510_VPLC_L3_STRESS_75_80_S01_R05,VPLC_L3_STRESS_75_80,SER_20260510_VPLC_L3_STRESS_75_80_S01,vPLC_container,VPLC_HOST,324,,,2026-05-09T21:59:16.826470864Z,,,,host_log,75,80,,,,,,3,512,,technical_check,vplc_status_cycle_duration_not_validated_as_Tper,0.256,100,работает
RUN_20260510_VPLC_L3_STRESS_75_80_S01_R05,VPLC_L3_STRESS_75_80,SER_20260510_VPLC_L3_STRESS_75_80_S01,vPLC_container,VPLC_HOST,325,,,2026-05-09T21:59:17.882879832Z,,,,host_log,75,80,,,,,,3,512,,technical_check,vplc_status_cycle_duration_not_validated_as_Tper,0.255,100,работает
RUN_20260510_VPLC_L3_STRESS_75_80_S01_R05,VPLC_L3_STRESS_75_80,SER_20260510_VPLC_L3_STRESS_75_80_S01,vPLC_container,VPLC_HOST,326,,,2026-05-09T21:59:18.935845767Z,,,,host_log,75,80,,,,,,3,512,,technical_check,vplc_status_cycle_duration_not_validated_as_Tper,0.234,100,работает
RUN_20260510_VPLC_L3_STRESS_75_80_S01_R05,VPLC_L3_STRESS_75_80,SER_20260510_VPLC_L3_STRESS_75_80_S01,vPLC_container,VPLC_HOST,327,,,2026-05-09T21:59:19.992339345Z,,,,host_log,75,80,,,,,,3,512,,technical_check,vplc_status_cycle_duration_not_validated_as_Tper,0.249,100,работает
RUN_20260510_VPLC_L3_STRESS_75_80_S01_R05,VPLC_L3_STRESS_75_80,SER_20260510_VPLC_L3_STRESS_75_80_S01,vPLC_container,VPLC_HOST,328,,,2026-05-09T21:59:21.048625489Z,,,,host_log,75,80,,,,,,3,512,,technical_check,vplc_status_cycle_duration_not_validated_as_Tper,0.146,100,работает
RUN_20260510_VPLC_L3_STRESS_75_80_S01_R05,VPLC_L3_STRESS_75_80,SER_20260510_VPLC_L3_STRESS_75_80_S01,vPLC_container,VPLC_HOST,329,,,2026-05-09T21:59:22.100630326Z,,,,host_log,75,80,,,,,,3,512,,technical_check,vplc_status_cycle_duration_not_validated_as_Tper,0.257,100,работает
RUN_20260510_VPLC_L3_STRESS_75_80_S01_R05,VPLC_L3_STRESS_75_80,SER_20260510_VPLC_L3_STRESS_75_80_S01,vPLC_container,VPLC_HOST,330,,,2026-05-09T21:59:23.158991808Z,,,,host_log,75,80,,,,,,3,512,,technical_check,vplc_status_cycle_duration_not_validated_as_Tper,0.235,100,работает
RUN_20260510_VPLC_L3_STRESS_75_80_S01_R05,VPLC_L3_STRESS_75_80,SER_20260510_VPLC_L3_STRESS_75_80_S01,vPLC_container,VPLC_HOST,331,,,2026-05-09T21:59:24.213134011Z,,,,host_log,75,80,,,,,,3,512,,technical_check,vplc_status_cycle_duration_not_validated_as_Tper,0.260,100,работает
RUN_20260510_VPLC_L3_STRESS_75_80_S01_R05,VPLC_L3_STRESS_75_80,SER_20260510_VPLC_L3_STRESS_75_80_S01,vPLC_container,VPLC_HOST,332,,,2026-05-09T21:59:25.268417984Z,,,,host_log,75,80,,,,,,3,512,,technical_check,vplc_status_cycle_duration_not_validated_as_Tper,0.258,100,работает
RUN_20260510_VPLC_L3_STRESS_75_80_S01_R05,VPLC_L3_STRESS_75_80,SER_20260510_VPLC_L3_STRESS_75_80_S01,vPLC_container,VPLC_HOST,333,,,2026-05-09T21:59:26.323511169Z,,,,host_log,75,80,,,,,,3,512,,technical_check,vplc_status_cycle_duration_not_validated_as_Tper,0.256,100,работает
RUN_20260510_VPLC_L3_STRESS_75_80_S01_R05,VPLC_L3_STRESS_75_80,SER_20260510_VPLC_L3_STRESS_75_80_S01,vPLC_container,VPLC_HOST,334,,,2026-05-09T21:59:27.378832703Z,,,,host_log,75,80,,,,,,3,512,,technical_check,vplc_status_cycle_duration_not_validated_as_Tper,4.630,100,работает
RUN_20260510_VPLC_L3_STRESS_75_80_S01_R05,VPLC_L3_STRESS_75_80,SER_20260510_VPLC_L3_STRESS_75_80_S01,vPLC_container,VPLC_HOST,335,,,2026-05-09T21:59:28.430667277Z,,,,host_log,75,80,,,,,,3,512,,technical_check,vplc_status_cycle_duration_not_validated_as_Tper,0.237,100,работает
RUN_20260510_VPLC_L3_STRESS_75_80_S01_R05,VPLC_L3_STRESS_75_80,SER_20260510_VPLC_L3_STRESS_75_80_S01,vPLC_container,VPLC_HOST,336,,,2026-05-09T21:59:29.486693642Z,,,,host_log,75,80,,,,,,3,512,,technical_check,vplc_status_cycle_duration_not_validated_as_Tper,0.257,100,работает
RUN_20260510_VPLC_L3_STRESS_75_80_S01_R05,VPLC_L3_STRESS_75_80,SER_20260510_VPLC_L3_STRESS_75_80_S01,vPLC_container,VPLC_HOST,337,,,2026-05-09T21:59:30.543244499Z,,,,host_log,75,80,,,,,,3,512,,technical_check,vplc_status_cycle_duration_not_validated_as_Tper,0.237,100,работает
RUN_20260510_VPLC_L3_STRESS_75_80_S01_R05,VPLC_L3_STRESS_75_80,SER_20260510_VPLC_L3_STRESS_75_80_S01,vPLC_container,VPLC_HOST,338,,,2026-05-09T21:59:31.599630491Z,,,,host_log,75,80,,,,,,3,512,,technical_check,vplc_status_cycle_duration_not_validated_as_Tper,0.252,100,работает
RUN_20260510_VPLC_L3_STRESS_75_80_S01_R05,VPLC_L3_STRESS_75_80,SER_20260510_VPLC_L3_STRESS_75_80_S01,vPLC_container,VPLC_HOST,339,,,2026-05-09T21:59:32.652541116Z,,,,host_log,75,80,,,,,,3,512,,technical_check,vplc_status_cycle_duration_not_validated_as_Tper,0.139,100,работает
RUN_20260510_VPLC_L3_STRESS_75_80_S01_R05,VPLC_L3_STRESS_75_80,SER_20260510_VPLC_L3_STRESS_75_80_S01,vPLC_container,VPLC_HOST,340,,,2026-05-09T21:59:33.708856588Z,,,,host_log,75,80,,,,,,3,512,,technical_check,vplc_status_cycle_duration_not_validated_as_Tper,0.257,100,работает
RUN_20260510_VPLC_L3_STRESS_75_80_S01_R05,VPLC_L3_STRESS_75_80,SER_20260510_VPLC_L3_STRESS_75_80_S01,vPLC_container,VPLC_HOST,341,,,2026-05-09T21:59:34.764926122Z,,,,host_log,75,80,,,,,,3,512,,technical_check,vplc_status_cycle_duration_not_validated_as_Tper,0.251,100,работает
RUN_20260510_VPLC_L3_STRESS_75_80_S01_R05,VPLC_L3_STRESS_75_80,SER_20260510_VPLC_L3_STRESS_75_80_S01,vPLC_container,VPLC_HOST,342,,,2026-05-09T21:59:35.819090379Z,,,,host_log,75,80,,,,,,3,512,,technical_check,vplc_status_cycle_duration_not_validated_as_Tper,0.250,100,работает
RUN_20260510_VPLC_L3_STRESS_75_80_S01_R05,VPLC_L3_STRESS_75_80,SER_20260510_VPLC_L3_STRESS_75_80_S01,vPLC_container,VPLC_HOST,343,,,2026-05-09T21:59:36.876609106Z,,,,host_log,75,80,,,,,,3,512,,technical_check,vplc_status_cycle_duration_not_validated_as_Tper,0.258,100,работает
RUN_20260510_VPLC_L3_STRESS_75_80_S01_R05,VPLC_L3_STRESS_75_80,SER_20260510_VPLC_L3_STRESS_75_80_S01,vPLC_container,VPLC_HOST,344,,,2026-05-09T21:59:37.931784101Z,,,,host_log,75,80,,,,,,3,512,,technical_check,vplc_status_cycle_duration_not_validated_as_Tper,0.251,100,работает
RUN_20260510_VPLC_L3_STRESS_75_80_S01_R05,VPLC_L3_STRESS_75_80,SER_20260510_VPLC_L3_STRESS_75_80_S01,vPLC_container,VPLC_HOST,345,,,2026-05-09T21:59:38.984453192Z,,,,host_log,75,80,,,,,,3,512,,technical_check,vplc_status_cycle_duration_not_validated_as_Tper,0.254,100,работает
RUN_20260510_VPLC_L3_STRESS_75_80_S01_R05,VPLC_L3_STRESS_75_80,SER_20260510_VPLC_L3_STRESS_75_80_S01,vPLC_container,VPLC_HOST,346,,,2026-05-09T21:59:40.042633089Z,,,,host_log,75,80,,,,,,3,512,,technical_check,vplc_status_cycle_duration_not_validated_as_Tper,0.238,100,работает
RUN_20260510_VPLC_L3_STRESS_75_80_S01_R05,VPLC_L3_STRESS_75_80,SER_20260510_VPLC_L3_STRESS_75_80_S01,vPLC_container,VPLC_HOST,347,,,2026-05-09T21:59:41.095117590Z,,,,host_log,75,80,,,,,,3,512,,technical_check,vplc_status_cycle_duration_not_validated_as_Tper,0.255,100,работает
RUN_20260510_VPLC_L3_STRESS_75_80_S01_R05,VPLC_L3_STRESS_75_80,SER_20260510_VPLC_L3_STRESS_75_80_S01,vPLC_container,VPLC_HOST,348,,,2026-05-09T21:59:42.150305964Z,,,,host_log,75,80,,,,,,3,512,,technical_check,vplc_status_cycle_duration_not_validated_as_Tper,0.129,100,работает
RUN_20260510_VPLC_L3_STRESS_75_80_S01_R05,VPLC_L3_STRESS_75_80,SER_20260510_VPLC_L3_STRESS_75_80_S01,vPLC_container,VPLC_HOST,349,,,2026-05-09T21:59:43.208638907Z,,,,host_log,75,80,,,,,,3,512,,technical_check,vplc_status_cycle_duration_not_validated_as_Tper,0.259,100,работает
RUN_20260510_VPLC_L3_STRESS_75_80_S01_R05,VPLC_L3_STRESS_75_80,SER_20260510_VPLC_L3_STRESS_75_80_S01,vPLC_container,VPLC_HOST,350,,,2026-05-09T21:59:44.263910339Z,,,,host_log,75,80,,,,,,3,512,,technical_check,vplc_status_cycle_duration_not_validated_as_Tper,0.255,100,работает
RUN_20260510_VPLC_L3_STRESS_75_80_S01_R05,VPLC_L3_STRESS_75_80,SER_20260510_VPLC_L3_STRESS_75_80_S01,vPLC_container,VPLC_HOST,351,,,2026-05-09T21:59:45.316419114Z,,,,host_log,75,80,,,,,,3,512,,technical_check,vplc_status_cycle_duration_not_validated_as_Tper,0.257,100,работает
RUN_20260510_VPLC_L3_STRESS_75_80_S01_R05,VPLC_L3_STRESS_75_80,SER_20260510_VPLC_L3_STRESS_75_80_S01,vPLC_container,VPLC_HOST,352,,,2026-05-09T21:59:46.373741705Z,,,,host_log,75,80,,,,,,3,512,,technical_check,vplc_status_cycle_duration_not_validated_as_Tper,5.176,100,работает
RUN_20260510_VPLC_L3_STRESS_75_80_S01_R05,VPLC_L3_STRESS_75_80,SER_20260510_VPLC_L3_STRESS_75_80_S01,vPLC_container,VPLC_HOST,353,,,2026-05-09T21:59:47.425683028Z,,,,host_log,75,80,,,,,,3,512,,technical_check,vplc_status_cycle_duration_not_validated_as_Tper,0.252,100,работает
RUN_20260510_VPLC_L3_STRESS_75_80_S01_R05,VPLC_L3_STRESS_75_80,SER_20260510_VPLC_L3_STRESS_75_80_S01,vPLC_container,VPLC_HOST,354,,,2026-05-09T21:59:48.482079494Z,,,,host_log,75,80,,,,,,3,512,,technical_check,vplc_status_cycle_duration_not_validated_as_Tper,0.259,100,работает
RUN_20260510_VPLC_L3_STRESS_75_80_S01_R05,VPLC_L3_STRESS_75_80,SER_20260510_VPLC_L3_STRESS_75_80_S01,vPLC_container,VPLC_HOST,355,,,2026-05-09T21:59:49.537934963Z,,,,host_log,75,80,,,,,,3,512,,technical_check,vplc_status_cycle_duration_not_validated_as_Tper,0.232,100,работает
RUN_20260510_VPLC_L3_STRESS_75_80_S01_R05,VPLC_L3_STRESS_75_80,SER_20260510_VPLC_L3_STRESS_75_80_S01,vPLC_container,VPLC_HOST,356,,,2026-05-09T21:59:50.594091123Z,,,,host_log,75,80,,,,,,3,512,,technical_check,vplc_status_cycle_duration_not_validated_as_Tper,0.231,100,работает
RUN_20260510_VPLC_L3_STRESS_75_80_S01_R05,VPLC_L3_STRESS_75_80,SER_20260510_VPLC_L3_STRESS_75_80_S01,vPLC_container,VPLC_HOST,357,,,2026-05-09T21:59:51.650227634Z,,,,host_log,75,80,,,,,,3,512,,technical_check,vplc_status_cycle_duration_not_validated_as_Tper,0.130,100,работает
RUN_20260510_VPLC_L3_STRESS_75_80_S01_R05,VPLC_L3_STRESS_75_80,SER_20260510_VPLC_L3_STRESS_75_80_S01,vPLC_container,VPLC_HOST,358,,,2026-05-09T21:59:52.702610133Z,,,,host_log,75,80,,,,,,3,512,,technical_check,vplc_status_cycle_duration_not_validated_as_Tper,0.260,100,работает
RUN_20260510_VPLC_L3_STRESS_75_80_S01_R05,VPLC_L3_STRESS_75_80,SER_20260510_VPLC_L3_STRESS_75_80_S01,vPLC_container,VPLC_HOST,359,,,2026-05-09T21:59:53.759479099Z,,,,host_log,75,80,,,,,,3,512,,technical_check,vplc_status_cycle_duration_not_validated_as_Tper,0.245,100,работает
RUN_20260510_VPLC_L3_STRESS_75_80_S01_R05,VPLC_L3_STRESS_75_80,SER_20260510_VPLC_L3_STRESS_75_80_S01,vPLC_container,VPLC_HOST,360,,,2026-05-09T21:59:54.816564750Z,,,,host_log,75,80,,,,,,3,512,,technical_check,vplc_status_cycle_duration_not_validated_as_Tper,0.258,100,работает
RUN_20260510_VPLC_L3_STRESS_75_80_S01_R05,VPLC_L3_STRESS_75_80,SER_20260510_VPLC_L3_STRESS_75_80_S01,vPLC_container,VPLC_HOST,361,,,2026-05-09T21:59:55.869803912Z,,,,host_log,75,80,,,,,,3,512,,technical_check,vplc_status_cycle_duration_not_validated_as_Tper,0.255,100,работает
RUN_20260510_VPLC_L3_STRESS_75_80_S01_R05,VPLC_L3_STRESS_75_80,SER_20260510_VPLC_L3_STRESS_75_80_S01,vPLC_container,VPLC_HOST,362,,,2026-05-09T21:59:56.927630885Z,,,,host_log,75,80,,,,,,3,512,,technical_check,vplc_status_cycle_duration_not_validated_as_Tper,0.249,100,работает
RUN_20260510_VPLC_L3_STRESS_75_80_S01_R05,VPLC_L3_STRESS_75_80,SER_20260510_VPLC_L3_STRESS_75_80_S01,vPLC_container,VPLC_HOST,363,,,2026-05-09T21:59:57.981646074Z,,,,host_log,75,80,,,,,,3,512,,technical_check,vplc_status_cycle_duration_not_validated_as_Tper,0.257,100,работает
RUN_20260510_VPLC_L3_STRESS_75_80_S01_R05,VPLC_L3_STRESS_75_80,SER_20260510_VPLC_L3_STRESS_75_80_S01,vPLC_container,VPLC_HOST,364,,,2026-05-09T21:59:59.037206825Z,,,,host_log,75,80,,,,,,3,512,,technical_check,vplc_status_cycle_duration_not_validated_as_Tper,0.256,100,работает
RUN_20260510_VPLC_L3_STRESS_75_80_S01_R05,VPLC_L3_STRESS_75_80,SER_20260510_VPLC_L3_STRESS_75_80_S01,vPLC_container,VPLC_HOST,365,,,2026-05-09T22:00:00.092490915Z,,,,host_log,75,80,,,,,,3,512,,technical_check,vplc_status_cycle_duration_not_validated_as_Tper,0.257,100,работает
RUN_20260510_VPLC_L3_STRESS_75_80_S01_R05,VPLC_L3_STRESS_75_80,SER_20260510_VPLC_L3_STRESS_75_80_S01,vPLC_container,VPLC_HOST,366,,,2026-05-09T22:00:01.148538558Z,,,,host_log,75,80,,,,,,3,512,,technical_check,vplc_status_cycle_duration_not_validated_as_Tper,0.161,100,работает
RUN_20260510_VPLC_L3_STRESS_75_80_S01_R05,VPLC_L3_STRESS_75_80,SER_20260510_VPLC_L3_STRESS_75_80_S01,vPLC_container,VPLC_HOST,367,,,2026-05-09T22:00:02.203676133Z,,,,host_log,75,80,,,,,,3,512,,technical_check,vplc_status_cycle_duration_not_validated_as_Tper,0.251,100,работает
RUN_20260510_VPLC_L3_STRESS_75_80_S01_R05,VPLC_L3_STRESS_75_80,SER_20260510_VPLC_L3_STRESS_75_80_S01,vPLC_container,VPLC_HOST,368,,,2026-05-09T22:00:03.257161076Z,,,,host_log,75,80,,,,,,3,512,,technical_check,vplc_status_cycle_duration_not_validated_as_Tper,0.210,100,работает
RUN_20260510_VPLC_L3_STRESS_75_80_S01_R05,VPLC_L3_STRESS_75_80,SER_20260510_VPLC_L3_STRESS_75_80_S01,vPLC_container,VPLC_HOST,369,,,2026-05-09T22:00:04.311813070Z,,,,host_log,75,80,,,,,,3,512,,technical_check,vplc_status_cycle_duration_not_validated_as_Tper,0.256,100,работает
RUN_20260510_VPLC_L3_STRESS_75_80_S01_R05,VPLC_L3_STRESS_75_80,SER_20260510_VPLC_L3_STRESS_75_80_S01,vPLC_container,VPLC_HOST,370,,,2026-05-09T22:00:05.367927877Z,,,,host_log,75,80,,,,,,3,512,,technical_check,vplc_status_cycle_duration_not_validated_as_Tper,4.403,100,работает
RUN_20260510_VPLC_L3_STRESS_75_80_S01_R05,VPLC_L3_STRESS_75_80,SER_20260510_VPLC_L3_STRESS_75_80_S01,vPLC_container,VPLC_HOST,371,,,2026-05-09T22:00:06.425321400Z,,,,host_log,75,80,,,,,,3,512,,technical_check,vplc_status_cycle_duration_not_validated_as_Tper,0.238,100,работает
RUN_20260510_VPLC_L3_STRESS_75_80_S01_R05,VPLC_L3_STRESS_75_80,SER_20260510_VPLC_L3_STRESS_75_80_S01,vPLC_container,VPLC_HOST,372,,,2026-05-09T22:00:07.481373715Z,,,,host_log,75,80,,,,,,3,512,,technical_check,vplc_status_cycle_duration_not_validated_as_Tper,0.258,100,работает
RUN_20260510_VPLC_L3_STRESS_75_80_S01_R05,VPLC_L3_STRESS_75_80,SER_20260510_VPLC_L3_STRESS_75_80_S01,vPLC_container,VPLC_HOST,373,,,2026-05-09T22:00:08.530342934Z,,,,host_log,75,80,,,,,,3,512,,technical_check,vplc_status_cycle_duration_not_validated_as_Tper,0.230,100,работает
RUN_20260510_VPLC_L3_STRESS_75_80_S01_R05,VPLC_L3_STRESS_75_80,SER_20260510_VPLC_L3_STRESS_75_80_S01,vPLC_container,VPLC_HOST,374,,,2026-05-09T22:00:09.584302261Z,,,,host_log,75,80,,,,,,3,512,,technical_check,vplc_status_cycle_duration_not_validated_as_Tper,0.252,100,работает
RUN_20260510_VPLC_L3_STRESS_75_80_S01_R05,VPLC_L3_STRESS_75_80,SER_20260510_VPLC_L3_STRESS_75_80_S01,vPLC_container,VPLC_HOST,375,,,2026-05-09T22:00:10.644649652Z,,,,host_log,75,80,,,,,,3,512,,technical_check,vplc_status_cycle_duration_not_validated_as_Tper,0.217,100,работает
RUN_20260510_VPLC_L3_STRESS_75_80_S01_R05,VPLC_L3_STRESS_75_80,SER_20260510_VPLC_L3_STRESS_75_80_S01,vPLC_container,VPLC_HOST,376,,,2026-05-09T22:00:11.700423644Z,,,,host_log,75,80,,,,,,3,512,,technical_check,vplc_status_cycle_duration_not_validated_as_Tper,0.256,100,работает
RUN_20260510_VPLC_L3_STRESS_75_80_S01_R05,VPLC_L3_STRESS_75_80,SER_20260510_VPLC_L3_STRESS_75_80_S01,vPLC_container,VPLC_HOST,377,,,2026-05-09T22:00:12.755755458Z,,,,host_log,75,80,,,,,,3,512,,technical_check,vplc_status_cycle_duration_not_validated_as_Tper,0.190,100,работает
RUN_20260510_VPLC_L3_STRESS_75_80_S01_R05,VPLC_L3_STRESS_75_80,SER_20260510_VPLC_L3_STRESS_75_80_S01,vPLC_container,VPLC_HOST,378,,,2026-05-09T22:00:13.810257755Z,,,,host_log,75,80,,,,,,3,512,,technical_check,vplc_status_cycle_duration_not_validated_as_Tper,0.256,100,работает
RUN_20260510_VPLC_L3_STRESS_75_80_S01_R05,VPLC_L3_STRESS_75_80,SER_20260510_VPLC_L3_STRESS_75_80_S01,vPLC_container,VPLC_HOST,379,,,2026-05-09T22:00:14.866563476Z,,,,host_log,75,80,,,,,,3,512,,technical_check,vplc_status_cycle_duration_not_validated_as_Tper,0.257,100,работает
RUN_20260510_VPLC_L3_STRESS_75_80_S01_R05,VPLC_L3_STRESS_75_80,SER_20260510_VPLC_L3_STRESS_75_80_S01,vPLC_container,VPLC_HOST,380,,,2026-05-09T22:00:15.923393768Z,,,,host_log,75,80,,,,,,3,512,,technical_check,vplc_status_cycle_duration_not_validated_as_Tper,0.244,100,работает
RUN_20260510_VPLC_L3_STRESS_75_80_S01_R05,VPLC_L3_STRESS_75_80,SER_20260510_VPLC_L3_STRESS_75_80_S01,vPLC_container,VPLC_HOST,381,,,2026-05-09T22:00:16.976081582Z,,,,host_log,75,80,,,,,,3,512,,technical_check,vplc_status_cycle_duration_not_validated_as_Tper,0.256,100,работает
RUN_20260510_VPLC_L3_STRESS_75_80_S01_R05,VPLC_L3_STRESS_75_80,SER_20260510_VPLC_L3_STRESS_75_80_S01,vPLC_container,VPLC_HOST,382,,,2026-05-09T22:00:18.030671728Z,,,,host_log,75,80,,,,,,3,512,,technical_check,vplc_status_cycle_duration_not_validated_as_Tper,0.235,100,работает
RUN_20260510_VPLC_L3_STRESS_75_80_S01_R05,VPLC_L3_STRESS_75_80,SER_20260510_VPLC_L3_STRESS_75_80_S01,vPLC_container,VPLC_HOST,383,,,2026-05-09T22:00:19.087896113Z,,,,host_log,75,80,,,,,,3,512,,technical_check,vplc_status_cycle_duration_not_validated_as_Tper,0.257,100,работает
RUN_20260510_VPLC_L3_STRESS_75_80_S01_R05,VPLC_L3_STRESS_75_80,SER_20260510_VPLC_L3_STRESS_75_80_S01,vPLC_container,VPLC_HOST,384,,,2026-05-09T22:00:20.140748886Z,,,,host_log,75,80,,,,,,3,512,,technical_check,vplc_status_cycle_duration_not_validated_as_Tper,0.233,100,работает
RUN_20260510_VPLC_L3_STRESS_75_80_S01_R05,VPLC_L3_STRESS_75_80,SER_20260510_VPLC_L3_STRESS_75_80_S01,vPLC_container,VPLC_HOST,385,,,2026-05-09T22:00:21.197079720Z,,,,host_log,75,80,,,,,,3,512,,technical_check,vplc_status_cycle_duration_not_validated_as_Tper,0.251,100,работает
RUN_20260510_VPLC_L3_STRESS_75_80_S01_R05,VPLC_L3_STRESS_75_80,SER_20260510_VPLC_L3_STRESS_75_80_S01,vPLC_container,VPLC_HOST,386,,,2026-05-09T22:00:22.252859635Z,,,,host_log,75,80,,,,,,3,512,,technical_check,vplc_status_cycle_duration_not_validated_as_Tper,0.142,100,работает
RUN_20260510_VPLC_L3_STRESS_75_80_S01_R05,VPLC_L3_STRESS_75_80,SER_20260510_VPLC_L3_STRESS_75_80_S01,vPLC_container,VPLC_HOST,387,,,2026-05-09T22:00:23.304831632Z,,,,host_log,75,80,,,,,,3,512,,technical_check,vplc_status_cycle_duration_not_validated_as_Tper,0.258,100,работает
RUN_20260510_VPLC_L3_STRESS_75_80_S01_R05,VPLC_L3_STRESS_75_80,SER_20260510_VPLC_L3_STRESS_75_80_S01,vPLC_container,VPLC_HOST,388,,,2026-05-09T22:00:24.361701457Z,,,,host_log,75,80,,,,,,3,512,,technical_check,vplc_status_cycle_duration_not_validated_as_Tper,4.743,100,работает
RUN_20260510_VPLC_L3_STRESS_75_80_S01_R05,VPLC_L3_STRESS_75_80,SER_20260510_VPLC_L3_STRESS_75_80_S01,vPLC_container,VPLC_HOST,389,,,2026-05-09T22:00:25.418522155Z,,,,host_log,75,80,,,,,,3,512,,technical_check,vplc_status_cycle_duration_not_validated_as_Tper,5.018,100,работает
RUN_20260510_VPLC_L3_STRESS_75_80_S01_R05,VPLC_L3_STRESS_75_80,SER_20260510_VPLC_L3_STRESS_75_80_S01,vPLC_container,VPLC_HOST,390,,,2026-05-09T22:00:26.472510106Z,,,,host_log,75,80,,,,,,3,512,,technical_check,vplc_status_cycle_duration_not_validated_as_Tper,0.258,100,работает
RUN_20260510_VPLC_L3_STRESS_75_80_S01_R05,VPLC_L3_STRESS_75_80,SER_20260510_VPLC_L3_STRESS_75_80_S01,vPLC_container,VPLC_HOST,391,,,2026-05-09T22:00:27.524434220Z,,,,host_log,75,80,,,,,,3,512,,technical_check,vplc_status_cycle_duration_not_validated_as_Tper,0.250,100,работает
RUN_20260510_VPLC_L3_STRESS_75_80_S01_R05,VPLC_L3_STRESS_75_80,SER_20260510_VPLC_L3_STRESS_75_80_S01,vPLC_container,VPLC_HOST,392,,,2026-05-09T22:00:28.583067777Z,,,,host_log,75,80,,,,,,3,512,,technical_check,vplc_status_cycle_duration_not_validated_as_Tper,0.259,100,работает
RUN_20260510_VPLC_L3_STRESS_75_80_S01_R05,VPLC_L3_STRESS_75_80,SER_20260510_VPLC_L3_STRESS_75_80_S01,vPLC_container,VPLC_HOST,393,,,2026-05-09T22:00:29.636105975Z,,,,host_log,75,80,,,,,,3,512,,technical_check,vplc_status_cycle_duration_not_validated_as_Tper,0.258,100,работает
RUN_20260510_VPLC_L3_STRESS_75_80_S01_R05,VPLC_L3_STRESS_75_80,SER_20260510_VPLC_L3_STRESS_75_80_S01,vPLC_container,VPLC_HOST,394,,,2026-05-09T22:00:30.693338609Z,,,,host_log,75,80,,,,,,3,512,,technical_check,vplc_status_cycle_duration_not_validated_as_Tper,0.257,100,работает
RUN_20260510_VPLC_L3_STRESS_75_80_S01_R05,VPLC_L3_STRESS_75_80,SER_20260510_VPLC_L3_STRESS_75_80_S01,vPLC_container,VPLC_HOST,395,,,2026-05-09T22:00:31.749640205Z,,,,host_log,75,80,,,,,,3,512,,technical_check,vplc_status_cycle_duration_not_validated_as_Tper,0.131,100,работает
RUN_20260510_VPLC_L3_STRESS_75_80_S01_R05,VPLC_L3_STRESS_75_80,SER_20260510_VPLC_L3_STRESS_75_80_S01,vPLC_container,VPLC_HOST,396,,,2026-05-09T22:00:32.804135245Z,,,,host_log,75,80,,,,,,3,512,,technical_check,vplc_status_cycle_duration_not_validated_as_Tper,0.254,100,работает
RUN_20260510_VPLC_L3_STRESS_75_80_S01_R05,VPLC_L3_STRESS_75_80,SER_20260510_VPLC_L3_STRESS_75_80_S01,vPLC_container,VPLC_HOST,397,,,2026-05-09T22:00:33.860115021Z,,,,host_log,75,80,,,,,,3,512,,technical_check,vplc_status_cycle_duration_not_validated_as_Tper,0.252,100,работает
RUN_20260510_VPLC_L3_STRESS_75_80_S01_R05,VPLC_L3_STRESS_75_80,SER_20260510_VPLC_L3_STRESS_75_80_S01,vPLC_container,VPLC_HOST,398,,,2026-05-09T22:00:34.915603691Z,,,,host_log,75,80,,,,,,3,512,,technical_check,vplc_status_cycle_duration_not_validated_as_Tper,0.257,100,работает
RUN_20260510_VPLC_L3_STRESS_75_80_S01_R05,VPLC_L3_STRESS_75_80,SER_20260510_VPLC_L3_STRESS_75_80_S01,vPLC_container,VPLC_HOST,399,,,2026-05-09T22:00:35.968045588Z,,,,host_log,75,80,,,,,,3,512,,technical_check,vplc_status_cycle_duration_not_validated_as_Tper,0.252,100,работает
RUN_20260510_VPLC_L3_STRESS_75_80_S01_R05,VPLC_L3_STRESS_75_80,SER_20260510_VPLC_L3_STRESS_75_80_S01,vPLC_container,VPLC_HOST,400,,,2026-05-09T22:00:37.025208055Z,,,,host_log,75,80,,,,,,3,512,,technical_check,vplc_status_cycle_duration_not_validated_as_Tper,0.236,100,работает
RUN_20260510_VPLC_L3_STRESS_75_80_S01_R05,VPLC_L3_STRESS_75_80,SER_20260510_VPLC_L3_STRESS_75_80_S01,vPLC_container,VPLC_HOST,401,,,2026-05-09T22:00:38.077370172Z,,,,host_log,75,80,,,,,,3,512,,technical_check,vplc_status_cycle_duration_not_validated_as_Tper,0.259,100,работает
RUN_20260510_VPLC_L3_STRESS_75_80_S01_R05,VPLC_L3_STRESS_75_80,SER_20260510_VPLC_L3_STRESS_75_80_S01,vPLC_container,VPLC_HOST,402,,,2026-05-09T22:00:39.137000748Z,,,,host_log,75,80,,,,,,3,512,,technical_check,vplc_status_cycle_duration_not_validated_as_Tper,0.231,100,работает
RUN_20260510_VPLC_L3_STRESS_75_80_S01_R05,VPLC_L3_STRESS_75_80,SER_20260510_VPLC_L3_STRESS_75_80_S01,vPLC_container,VPLC_HOST,403,,,2026-05-09T22:00:40.192839766Z,,,,host_log,75,80,,,,,,3,512,,technical_check,vplc_status_cycle_duration_not_validated_as_Tper,0.252,100,работает
RUN_20260510_VPLC_L3_STRESS_75_80_S01_R05,VPLC_L3_STRESS_75_80,SER_20260510_VPLC_L3_STRESS_75_80_S01,vPLC_container,VPLC_HOST,404,,,2026-05-09T22:00:41.247322469Z,,,,host_log,75,80,,,,,,3,512,,technical_check,vplc_status_cycle_duration_not_validated_as_Tper,0.169,100,работает
RUN_20260510_VPLC_L3_STRESS_75_80_S01_R05,VPLC_L3_STRESS_75_80,SER_20260510_VPLC_L3_STRESS_75_80_S01,vPLC_container,VPLC_HOST,405,,,2026-05-09T22:00:42.303092463Z,,,,host_log,75,80,,,,,,3,512,,technical_check,vplc_status_cycle_duration_not_validated_as_Tper,0.257,100,работает
RUN_20260510_VPLC_L3_STRESS_75_80_S01_R05,VPLC_L3_STRESS_75_80,SER_20260510_VPLC_L3_STRESS_75_80_S01,vPLC_container,VPLC_HOST,406,,,2026-05-09T22:00:43.357276846Z,,,,host_log,75,80,,,,,,3,512,,technical_check,vplc_status_cycle_duration_not_validated_as_Tper,4.003,100,работает
RUN_20260510_VPLC_L3_STRESS_75_80_S01_R05,VPLC_L3_STRESS_75_80,SER_20260510_VPLC_L3_STRESS_75_80_S01,vPLC_container,VPLC_HOST,407,,,2026-05-09T22:00:44.409233737Z,,,,host_log,75,80,,,,,,3,512,,technical_check,vplc_status_cycle_duration_not_validated_as_Tper,4.508,100,работает
RUN_20260510_VPLC_L3_STRESS_75_80_S01_R05,VPLC_L3_STRESS_75_80,SER_20260510_VPLC_L3_STRESS_75_80_S01,vPLC_container,VPLC_HOST,408,,,2026-05-09T22:00:45.467878991Z,,,,host_log,75,80,,,,,,3,512,,technical_check,vplc_status_cycle_duration_not_validated_as_Tper,0.256,100,работает
RUN_20260510_VPLC_L3_STRESS_75_80_S01_R05,VPLC_L3_STRESS_75_80,SER_20260510_VPLC_L3_STRESS_75_80_S01,vPLC_container,VPLC_HOST,409,,,2026-05-09T22:00:46.524381189Z,,,,host_log,75,80,,,,,,3,512,,technical_check,vplc_status_cycle_duration_not_validated_as_Tper,0.257,100,работает
RUN_20260510_VPLC_L3_STRESS_75_80_S01_R05,VPLC_L3_STRESS_75_80,SER_20260510_VPLC_L3_STRESS_75_80_S01,vPLC_container,VPLC_HOST,410,,,2026-05-09T22:00:47.577016412Z,,,,host_log,75,80,,,,,,3,512,,technical_check,vplc_status_cycle_duration_not_validated_as_Tper,0.258,100,работает
RUN_20260510_VPLC_L3_STRESS_75_80_S01_R05,VPLC_L3_STRESS_75_80,SER_20260510_VPLC_L3_STRESS_75_80_S01,vPLC_container,VPLC_HOST,411,,,2026-05-09T22:00:48.632305858Z,,,,host_log,75,80,,,,,,3,512,,technical_check,vplc_status_cycle_duration_not_validated_as_Tper,0.235,100,работает
RUN_20260510_VPLC_L3_STRESS_75_80_S01_R05,VPLC_L3_STRESS_75_80,SER_20260510_VPLC_L3_STRESS_75_80_S01,vPLC_container,VPLC_HOST,412,,,2026-05-09T22:00:49.688971344Z,,,,host_log,75,80,,,,,,3,512,,technical_check,vplc_status_cycle_duration_not_validated_as_Tper,0.259,100,работает
RUN_20260510_VPLC_L3_STRESS_75_80_S01_R05,VPLC_L3_STRESS_75_80,SER_20260510_VPLC_L3_STRESS_75_80_S01,vPLC_container,VPLC_HOST,413,,,2026-05-09T22:00:50.745376831Z,,,,host_log,75,80,,,,,,3,512,,technical_check,vplc_status_cycle_duration_not_validated_as_Tper,0.207,100,работает
RUN_20260510_VPLC_L3_STRESS_75_80_S01_R05,VPLC_L3_STRESS_75_80,SER_20260510_VPLC_L3_STRESS_75_80_S01,vPLC_container,VPLC_HOST,414,,,2026-05-09T22:00:51.800732841Z,,,,host_log,75,80,,,,,,3,512,,technical_check,vplc_status_cycle_duration_not_validated_as_Tper,0.253,100,работает
RUN_20260510_VPLC_L3_STRESS_75_80_S01_R05,VPLC_L3_STRESS_75_80,SER_20260510_VPLC_L3_STRESS_75_80_S01,vPLC_container,VPLC_HOST,415,,,2026-05-09T22:00:52.853555000Z,,,,host_log,75,80,,,,,,3,512,,technical_check,vplc_status_cycle_duration_not_validated_as_Tper,0.154,100,работает
RUN_20260510_VPLC_L3_STRESS_75_80_S01_R05,VPLC_L3_STRESS_75_80,SER_20260510_VPLC_L3_STRESS_75_80_S01,vPLC_container,VPLC_HOST,416,,,2026-05-09T22:00:53.909074134Z,,,,host_log,75,80,,,,,,3,512,,technical_check,vplc_status_cycle_duration_not_validated_as_Tper,0.259,100,работает
RUN_20260510_VPLC_L3_STRESS_75_80_S01_R05,VPLC_L3_STRESS_75_80,SER_20260510_VPLC_L3_STRESS_75_80_S01,vPLC_container,VPLC_HOST,417,,,2026-05-09T22:00:54.967619828Z,,,,host_log,75,80,,,,,,3,512,,technical_check,vplc_status_cycle_duration_not_validated_as_Tper,0.252,100,работает
RUN_20260510_VPLC_L3_STRESS_75_80_S01_R05,VPLC_L3_STRESS_75_80,SER_20260510_VPLC_L3_STRESS_75_80_S01,vPLC_container,VPLC_HOST,418,,,2026-05-09T22:00:56.021911462Z,,,,host_log,75,80,,,,,,3,512,,technical_check,vplc_status_cycle_duration_not_validated_as_Tper,0.258,100,работает
RUN_20260510_VPLC_L3_STRESS_75_80_S01_R05,VPLC_L3_STRESS_75_80,SER_20260510_VPLC_L3_STRESS_75_80_S01,vPLC_container,VPLC_HOST,419,,,2026-05-09T22:00:57.077161548Z,,,,host_log,75,80,,,,,,3,512,,technical_check,vplc_status_cycle_duration_not_validated_as_Tper,0.259,100,работает
RUN_20260510_VPLC_L3_STRESS_75_80_S01_R05,VPLC_L3_STRESS_75_80,SER_20260510_VPLC_L3_STRESS_75_80_S01,vPLC_container,VPLC_HOST,420,,,2026-05-09T22:00:58.132943219Z,,,,host_log,75,80,,,,,,3,512,,technical_check,vplc_status_cycle_duration_not_validated_as_Tper,0.231,100,работает
RUN_20260510_VPLC_L3_STRESS_75_80_S01_R05,VPLC_L3_STRESS_75_80,SER_20260510_VPLC_L3_STRESS_75_80_S01,vPLC_container,VPLC_HOST,421,,,2026-05-09T22:00:59.185158239Z,,,,host_log,75,80,,,,,,3,512,,technical_check,vplc_status_cycle_duration_not_validated_as_Tper,0.257,100,работает
RUN_20260510_VPLC_L3_STRESS_75_80_S01_R05,VPLC_L3_STRESS_75_80,SER_20260510_VPLC_L3_STRESS_75_80_S01,vPLC_container,VPLC_HOST,422,,,2026-05-09T22:01:00.242487856Z,,,,host_log,75,80,,,,,,3,512,,technical_check,vplc_status_cycle_duration_not_validated_as_Tper,0.237,100,работает
RUN_20260510_VPLC_L3_STRESS_75_80_S01_R05,VPLC_L3_STRESS_75_80,SER_20260510_VPLC_L3_STRESS_75_80_S01,vPLC_container,VPLC_HOST,423,,,2026-05-09T22:01:01.298425958Z,,,,host_log,75,80,,,,,,3,512,,technical_check,vplc_status_cycle_duration_not_validated_as_Tper,0.257,100,работает
RUN_20260510_VPLC_L3_STRESS_75_80_S01_R05,VPLC_L3_STRESS_75_80,SER_20260510_VPLC_L3_STRESS_75_80_S01,vPLC_container,VPLC_HOST,424,,,2026-05-09T22:01:02.354567968Z,,,,host_log,75,80,,,,,,3,512,,technical_check,vplc_status_cycle_duration_not_validated_as_Tper,3.729,100,работает
RUN_20260510_VPLC_L3_STRESS_75_80_S01_R05,VPLC_L3_STRESS_75_80,SER_20260510_VPLC_L3_STRESS_75_80_S01,vPLC_container,VPLC_HOST,425,,,2026-05-09T22:01:03.406229580Z,,,,host_log,75,80,,,,,,3,512,,technical_check,vplc_status_cycle_duration_not_validated_as_Tper,4.130,100,работает
RUN_20260510_VPLC_L3_STRESS_75_80_S01_R05,VPLC_L3_STRESS_75_80,SER_20260510_VPLC_L3_STRESS_75_80_S01,vPLC_container,VPLC_HOST,426,,,2026-05-09T22:01:04.461164434Z,,,,host_log,75,80,,,,,,3,512,,technical_check,vplc_status_cycle_duration_not_validated_as_Tper,0.257,100,работает
RUN_20260510_VPLC_L3_STRESS_75_80_S01_R05,VPLC_L3_STRESS_75_80,SER_20260510_VPLC_L3_STRESS_75_80_S01,vPLC_container,VPLC_HOST,427,,,2026-05-09T22:01:05.517586447Z,,,,host_log,75,80,,,,,,3,512,,technical_check,vplc_status_cycle_duration_not_validated_as_Tper,0.258,100,работает
RUN_20260510_VPLC_L3_STRESS_75_80_S01_R05,VPLC_L3_STRESS_75_80,SER_20260510_VPLC_L3_STRESS_75_80_S01,vPLC_container,VPLC_HOST,428,,,2026-05-09T22:01:06.575866615Z,,,,host_log,75,80,,,,,,3,512,,technical_check,vplc_status_cycle_duration_not_validated_as_Tper,0.255,100,работает
RUN_20260510_VPLC_L3_STRESS_75_80_S01_R05,VPLC_L3_STRESS_75_80,SER_20260510_VPLC_L3_STRESS_75_80_S01,vPLC_container,VPLC_HOST,429,,,2026-05-09T22:01:07.630120534Z,,,,host_log,75,80,,,,,,3,512,,technical_check,vplc_status_cycle_duration_not_validated_as_Tper,0.236,100,работает
RUN_20260510_VPLC_L3_STRESS_75_80_S01_R05,VPLC_L3_STRESS_75_80,SER_20260510_VPLC_L3_STRESS_75_80_S01,vPLC_container,VPLC_HOST,430,,,2026-05-09T22:01:08.686778440Z,,,,host_log,75,80,,,,,,3,512,,technical_check,vplc_status_cycle_duration_not_validated_as_Tper,0.259,100,работает
RUN_20260510_VPLC_L3_STRESS_75_80_S01_R05,VPLC_L3_STRESS_75_80,SER_20260510_VPLC_L3_STRESS_75_80_S01,vPLC_container,VPLC_HOST,431,,,2026-05-09T22:01:09.742268961Z,,,,host_log,75,80,,,,,,3,512,,technical_check,vplc_status_cycle_duration_not_validated_as_Tper,0.232,100,работает
RUN_20260510_VPLC_L3_STRESS_75_80_S01_R05,VPLC_L3_STRESS_75_80,SER_20260510_VPLC_L3_STRESS_75_80_S01,vPLC_container,VPLC_HOST,432,,,2026-05-09T22:01:10.797342240Z,,,,host_log,75,80,,,,,,3,512,,technical_check,vplc_status_cycle_duration_not_validated_as_Tper,0.251,100,работает
RUN_20260510_VPLC_L3_STRESS_75_80_S01_R05,VPLC_L3_STRESS_75_80,SER_20260510_VPLC_L3_STRESS_75_80_S01,vPLC_container,VPLC_HOST,433,,,2026-05-09T22:01:11.850166315Z,,,,host_log,75,80,,,,,,3,512,,technical_check,vplc_status_cycle_duration_not_validated_as_Tper,0.129,100,работает
RUN_20260510_VPLC_L3_STRESS_75_80_S01_R05,VPLC_L3_STRESS_75_80,SER_20260510_VPLC_L3_STRESS_75_80_S01,vPLC_container,VPLC_HOST,434,,,2026-05-09T22:01:12.908498205Z,,,,host_log,75,80,,,,,,3,512,,technical_check,vplc_status_cycle_duration_not_validated_as_Tper,0.256,100,работает
RUN_20260510_VPLC_L3_STRESS_75_80_S01_R05,VPLC_L3_STRESS_75_80,SER_20260510_VPLC_L3_STRESS_75_80_S01,vPLC_container,VPLC_HOST,435,,,2026-05-09T22:01:13.963231457Z,,,,host_log,75,80,,,,,,3,512,,technical_check,vplc_status_cycle_duration_not_validated_as_Tper,0.253,100,работает
RUN_20260510_VPLC_L3_STRESS_75_80_S01_R05,VPLC_L3_STRESS_75_80,SER_20260510_VPLC_L3_STRESS_75_80_S01,vPLC_container,VPLC_HOST,436,,,2026-05-09T22:01:15.018797256Z,,,,host_log,75,80,,,,,,3,512,,technical_check,vplc_status_cycle_duration_not_validated_as_Tper,0.258,100,работает
RUN_20260510_VPLC_L3_STRESS_75_80_S01_R05,VPLC_L3_STRESS_75_80,SER_20260510_VPLC_L3_STRESS_75_80_S01,vPLC_container,VPLC_HOST,437,,,2026-05-09T22:01:16.074552029Z,,,,host_log,75,80,,,,,,3,512,,technical_check,vplc_status_cycle_duration_not_validated_as_Tper,0.255,100,работает
RUN_20260510_VPLC_L3_STRESS_75_80_S01_R05,VPLC_L3_STRESS_75_80,SER_20260510_VPLC_L3_STRESS_75_80_S01,vPLC_container,VPLC_HOST,438,,,2026-05-09T22:01:17.126224051Z,,,,host_log,75,80,,,,,,3,512,,technical_check,vplc_status_cycle_duration_not_validated_as_Tper,0.259,100,работает
RUN_20260510_VPLC_L3_STRESS_75_80_S01_R05,VPLC_L3_STRESS_75_80,SER_20260510_VPLC_L3_STRESS_75_80_S01,vPLC_container,VPLC_HOST,439,,,2026-05-09T22:01:18.182919865Z,,,,host_log,75,80,,,,,,3,512,,technical_check,vplc_status_cycle_duration_not_validated_as_Tper,0.257,100,работает
RUN_20260510_VPLC_L3_STRESS_75_80_S01_R05,VPLC_L3_STRESS_75_80,SER_20260510_VPLC_L3_STRESS_75_80_S01,vPLC_container,VPLC_HOST,440,,,2026-05-09T22:01:19.238306719Z,,,,host_log,75,80,,,,,,3,512,,technical_check,vplc_status_cycle_duration_not_validated_as_Tper,0.236,100,работает
RUN_20260510_VPLC_L3_STRESS_75_80_S01_R05,VPLC_L3_STRESS_75_80,SER_20260510_VPLC_L3_STRESS_75_80_S01,vPLC_container,VPLC_HOST,441,,,2026-05-09T22:01:20.293459820Z,,,,host_log,75,80,,,,,,3,512,,technical_check,vplc_status_cycle_duration_not_validated_as_Tper,0.257,100,работает
RUN_20260510_VPLC_L3_STRESS_75_80_S01_R05,VPLC_L3_STRESS_75_80,SER_20260510_VPLC_L3_STRESS_75_80_S01,vPLC_container,VPLC_HOST,442,,,2026-05-09T22:01:21.351423622Z,,,,host_log,75,80,,,,,,3,512,,technical_check,vplc_status_cycle_duration_not_validated_as_Tper,3.507,100,работает
RUN_20260510_VPLC_L3_STRESS_75_80_S01_R05,VPLC_L3_STRESS_75_80,SER_20260510_VPLC_L3_STRESS_75_80_S01,vPLC_container,VPLC_HOST,443,,,2026-05-09T22:01:22.405460666Z,,,,host_log,75,80,,,,,,3,512,,technical_check,vplc_status_cycle_duration_not_validated_as_Tper,4.712,100,работает
RUN_20260510_VPLC_L3_STRESS_75_80_S01_R05,VPLC_L3_STRESS_75_80,SER_20260510_VPLC_L3_STRESS_75_80_S01,vPLC_container,VPLC_HOST,444,,,2026-05-09T22:01:23.460732582Z,,,,host_log,75,80,,,,,,3,512,,technical_check,vplc_status_cycle_duration_not_validated_as_Tper,0.258,100,работает
RUN_20260510_VPLC_L3_STRESS_75_80_S01_R05,VPLC_L3_STRESS_75_80,SER_20260510_VPLC_L3_STRESS_75_80_S01,vPLC_container,VPLC_HOST,445,,,2026-05-09T22:01:24.515694530Z,,,,host_log,75,80,,,,,,3,512,,technical_check,vplc_status_cycle_duration_not_validated_as_Tper,0.258,100,работает
RUN_20260510_VPLC_L3_STRESS_75_80_S01_R05,VPLC_L3_STRESS_75_80,SER_20260510_VPLC_L3_STRESS_75_80_S01,vPLC_container,VPLC_HOST,446,,,2026-05-09T22:01:25.571706858Z,,,,host_log,75,80,,,,,,3,512,,technical_check,vplc_status_cycle_duration_not_validated_as_Tper,0.252,100,работает
RUN_20260510_VPLC_L3_STRESS_75_80_S01_R05,VPLC_L3_STRESS_75_80,SER_20260510_VPLC_L3_STRESS_75_80_S01,vPLC_container,VPLC_HOST,447,,,2026-05-09T22:01:26.627588103Z,,,,host_log,75,80,,,,,,3,512,,technical_check,vplc_status_cycle_duration_not_validated_as_Tper,0.257,100,работает
RUN_20260510_VPLC_L3_STRESS_75_80_S01_R05,VPLC_L3_STRESS_75_80,SER_20260510_VPLC_L3_STRESS_75_80_S01,vPLC_container,VPLC_HOST,448,,,2026-05-09T22:01:27.681338636Z,,,,host_log,75,80,,,,,,3,512,,technical_check,vplc_status_cycle_duration_not_validated_as_Tper,0.258,100,работает
RUN_20260510_VPLC_L3_STRESS_75_80_S01_R05,VPLC_L3_STRESS_75_80,SER_20260510_VPLC_L3_STRESS_75_80_S01,vPLC_container,VPLC_HOST,449,,,2026-05-09T22:01:28.736097034Z,,,,host_log,75,80,,,,,,3,512,,technical_check,vplc_status_cycle_duration_not_validated_as_Tper,0.231,100,работает
RUN_20260510_VPLC_L3_STRESS_75_80_S01_R05,VPLC_L3_STRESS_75_80,SER_20260510_VPLC_L3_STRESS_75_80_S01,vPLC_container,VPLC_HOST,450,,,2026-05-09T22:01:29.790964120Z,,,,host_log,75,80,,,,,,3,512,,technical_check,vplc_status_cycle_duration_not_validated_as_Tper,0.257,100,работает
RUN_20260510_VPLC_L3_STRESS_75_80_S01_R05,VPLC_L3_STRESS_75_80,SER_20260510_VPLC_L3_STRESS_75_80_S01,vPLC_container,VPLC_HOST,451,,,2026-05-09T22:01:30.847253197Z,,,,host_log,75,80,,,,,,3,512,,technical_check,vplc_status_cycle_duration_not_validated_as_Tper,0.170,100,работает
RUN_20260510_VPLC_L3_STRESS_75_80_S01_R05,VPLC_L3_STRESS_75_80,SER_20260510_VPLC_L3_STRESS_75_80_S01,vPLC_container,VPLC_HOST,452,,,2026-05-09T22:01:31.901357267Z,,,,host_log,75,80,,,,,,3,512,,technical_check,vplc_status_cycle_duration_not_validated_as_Tper,0.253,100,работает
RUN_20260510_VPLC_L3_STRESS_75_80_S01_R05,VPLC_L3_STRESS_75_80,SER_20260510_VPLC_L3_STRESS_75_80_S01,vPLC_container,VPLC_HOST,453,,,2026-05-09T22:01:32.958609876Z,,,,host_log,75,80,,,,,,3,512,,technical_check,vplc_status_cycle_duration_not_validated_as_Tper,0.240,100,работает
RUN_20260510_VPLC_L3_STRESS_75_80_S01_R05,VPLC_L3_STRESS_75_80,SER_20260510_VPLC_L3_STRESS_75_80_S01,vPLC_container,VPLC_HOST,454,,,2026-05-09T22:01:34.013504793Z,,,,host_log,75,80,,,,,,3,512,,technical_check,vplc_status_cycle_duration_not_validated_as_Tper,0.254,100,работает
RUN_20260510_VPLC_L3_STRESS_75_80_S01_R05,VPLC_L3_STRESS_75_80,SER_20260510_VPLC_L3_STRESS_75_80_S01,vPLC_container,VPLC_HOST,455,,,2026-05-09T22:01:35.068346295Z,,,,host_log,75,80,,,,,,3,512,,technical_check,vplc_status_cycle_duration_not_validated_as_Tper,0.252,100,работает
RUN_20260510_VPLC_L3_STRESS_75_80_S01_R05,VPLC_L3_STRESS_75_80,SER_20260510_VPLC_L3_STRESS_75_80_S01,vPLC_container,VPLC_HOST,456,,,2026-05-09T22:01:36.123457397Z,,,,host_log,75,80,,,,,,3,512,,technical_check,vplc_status_cycle_duration_not_validated_as_Tper,0.255,100,работает
RUN_20260510_VPLC_L3_STRESS_75_80_S01_R05,VPLC_L3_STRESS_75_80,SER_20260510_VPLC_L3_STRESS_75_80_S01,vPLC_container,VPLC_HOST,457,,,2026-05-09T22:01:37.178844156Z,,,,host_log,75,80,,,,,,3,512,,technical_check,vplc_status_cycle_duration_not_validated_as_Tper,0.255,100,работает
RUN_20260510_VPLC_L3_STRESS_75_80_S01_R05,VPLC_L3_STRESS_75_80,SER_20260510_VPLC_L3_STRESS_75_80_S01,vPLC_container,VPLC_HOST,458,,,2026-05-09T22:01:38.236664005Z,,,,host_log,75,80,,,,,,3,512,,technical_check,vplc_status_cycle_duration_not_validated_as_Tper,0.236,100,работает
RUN_20260510_VPLC_L3_STRESS_75_80_S01_R05,VPLC_L3_STRESS_75_80,SER_20260510_VPLC_L3_STRESS_75_80_S01,vPLC_container,VPLC_HOST,459,,,2026-05-09T22:01:39.291858499Z,,,,host_log,75,80,,,,,,3,512,,technical_check,vplc_status_cycle_duration_not_validated_as_Tper,0.257,100,работает
RUN_20260510_VPLC_L3_STRESS_75_80_S01_R05,VPLC_L3_STRESS_75_80,SER_20260510_VPLC_L3_STRESS_75_80_S01,vPLC_container,VPLC_HOST,460,,,2026-05-09T22:01:40.346211018Z,,,,host_log,75,80,,,,,,3,512,,technical_check,vplc_status_cycle_duration_not_validated_as_Tper,4.221,100,работает
RUN_20260510_VPLC_L3_STRESS_75_80_S01_R05,VPLC_L3_STRESS_75_80,SER_20260510_VPLC_L3_STRESS_75_80_S01,vPLC_container,VPLC_HOST,461,,,2026-05-09T22:01:41.400750746Z,,,,host_log,75,80,,,,,,3,512,,technical_check,vplc_status_cycle_duration_not_validated_as_Tper,4.509,100,работает
RUN_20260510_VPLC_L3_STRESS_75_80_S01_R05,VPLC_L3_STRESS_75_80,SER_20260510_VPLC_L3_STRESS_75_80_S01,vPLC_container,VPLC_HOST,462,,,2026-05-09T22:01:42.458481265Z,,,,host_log,75,80,,,,,,3,512,,technical_check,vplc_status_cycle_duration_not_validated_as_Tper,0.241,100,работает
RUN_20260510_VPLC_L3_STRESS_75_80_S01_R05,VPLC_L3_STRESS_75_80,SER_20260510_VPLC_L3_STRESS_75_80_S01,vPLC_container,VPLC_HOST,463,,,2026-05-09T22:01:43.513255108Z,,,,host_log,75,80,,,,,,3,512,,technical_check,vplc_status_cycle_duration_not_validated_as_Tper,0.258,100,работает
RUN_20260510_VPLC_L3_STRESS_75_80_S01_R05,VPLC_L3_STRESS_75_80,SER_20260510_VPLC_L3_STRESS_75_80_S01,vPLC_container,VPLC_HOST,464,,,2026-05-09T22:01:44.564501141Z,,,,host_log,75,80,,,,,,3,512,,technical_check,vplc_status_cycle_duration_not_validated_as_Tper,0.254,100,работает
RUN_20260510_VPLC_L3_STRESS_75_80_S01_R05,VPLC_L3_STRESS_75_80,SER_20260510_VPLC_L3_STRESS_75_80_S01,vPLC_container,VPLC_HOST,465,,,2026-05-09T22:01:45.621156309Z,,,,host_log,75,80,,,,,,3,512,,technical_check,vplc_status_cycle_duration_not_validated_as_Tper,0.257,100,работает
RUN_20260510_VPLC_L3_STRESS_75_80_S01_R05,VPLC_L3_STRESS_75_80,SER_20260510_VPLC_L3_STRESS_75_80_S01,vPLC_container,VPLC_HOST,466,,,2026-05-09T22:01:46.679213523Z,,,,host_log,75,80,,,,,,3,512,,technical_check,vplc_status_cycle_duration_not_validated_as_Tper,0.256,100,работает
RUN_20260510_VPLC_L3_STRESS_75_80_S01_R05,VPLC_L3_STRESS_75_80,SER_20260510_VPLC_L3_STRESS_75_80_S01,vPLC_container,VPLC_HOST,467,,,2026-05-09T22:01:47.732646594Z,,,,host_log,75,80,,,,,,3,512,,technical_check,vplc_status_cycle_duration_not_validated_as_Tper,0.239,100,работает
RUN_20260510_VPLC_L3_STRESS_75_80_S01_R05,VPLC_L3_STRESS_75_80,SER_20260510_VPLC_L3_STRESS_75_80_S01,vPLC_container,VPLC_HOST,468,,,2026-05-09T22:01:48.788744982Z,,,,host_log,75,80,,,,,,3,512,,technical_check,vplc_status_cycle_duration_not_validated_as_Tper,0.257,100,работает
RUN_20260510_VPLC_L3_STRESS_75_80_S01_R05,VPLC_L3_STRESS_75_80,SER_20260510_VPLC_L3_STRESS_75_80_S01,vPLC_container,VPLC_HOST,469,,,2026-05-09T22:01:49.840386960Z,,,,host_log,75,80,,,,,,3,512,,technical_check,vplc_status_cycle_duration_not_validated_as_Tper,0.235,100,работает
RUN_20260510_VPLC_L3_STRESS_75_80_S01_R05,VPLC_L3_STRESS_75_80,SER_20260510_VPLC_L3_STRESS_75_80_S01,vPLC_container,VPLC_HOST,470,,,2026-05-09T22:01:50.897870275Z,,,,host_log,75,80,,,,,,3,512,,technical_check,vplc_status_cycle_duration_not_validated_as_Tper,0.229,100,работает
RUN_20260510_VPLC_L3_STRESS_75_80_S01_R05,VPLC_L3_STRESS_75_80,SER_20260510_VPLC_L3_STRESS_75_80_S01,vPLC_container,VPLC_HOST,471,,,2026-05-09T22:01:51.956540233Z,,,,host_log,75,80,,,,,,3,512,,technical_check,vplc_status_cycle_duration_not_validated_as_Tper,0.187,100,работает
RUN_20260510_VPLC_L3_STRESS_75_80_S01_R05,VPLC_L3_STRESS_75_80,SER_20260510_VPLC_L3_STRESS_75_80_S01,vPLC_container,VPLC_HOST,472,,,2026-05-09T22:01:53.010509726Z,,,,host_log,75,80,,,,,,3,512,,technical_check,vplc_status_cycle_duration_not_validated_as_Tper,0.253,100,работает
RUN_20260510_VPLC_L3_STRESS_75_80_S01_R05,VPLC_L3_STRESS_75_80,SER_20260510_VPLC_L3_STRESS_75_80_S01,vPLC_container,VPLC_HOST,473,,,2026-05-09T22:01:54.064054470Z,,,,host_log,75,80,,,,,,3,512,,technical_check,vplc_status_cycle_duration_not_validated_as_Tper,0.257,100,работает
RUN_20260510_VPLC_L3_STRESS_75_80_S01_R05,VPLC_L3_STRESS_75_80,SER_20260510_VPLC_L3_STRESS_75_80_S01,vPLC_container,VPLC_HOST,474,,,2026-05-09T22:01:55.119598563Z,,,,host_log,75,80,,,,,,3,512,,technical_check,vplc_status_cycle_duration_not_validated_as_Tper,0.260,100,работает
RUN_20260510_VPLC_L3_STRESS_75_80_S01_R05,VPLC_L3_STRESS_75_80,SER_20260510_VPLC_L3_STRESS_75_80_S01,vPLC_container,VPLC_HOST,475,,,2026-05-09T22:01:56.175833391Z,,,,host_log,75,80,,,,,,3,512,,technical_check,vplc_status_cycle_duration_not_validated_as_Tper,0.233,100,работает
RUN_20260510_VPLC_L3_STRESS_75_80_S01_R05,VPLC_L3_STRESS_75_80,SER_20260510_VPLC_L3_STRESS_75_80_S01,vPLC_container,VPLC_HOST,476,,,2026-05-09T22:01:57.227815500Z,,,,host_log,75,80,,,,,,3,512,,technical_check,vplc_status_cycle_duration_not_validated_as_Tper,0.255,100,работает
RUN_20260510_VPLC_L3_STRESS_75_80_S01_R05,VPLC_L3_STRESS_75_80,SER_20260510_VPLC_L3_STRESS_75_80_S01,vPLC_container,VPLC_HOST,477,,,2026-05-09T22:01:58.285960890Z,,,,host_log,75,80,,,,,,3,512,,technical_check,vplc_status_cycle_duration_not_validated_as_Tper,0.255,100,работает
RUN_20260510_VPLC_L3_STRESS_75_80_S01_R05,VPLC_L3_STRESS_75_80,SER_20260510_VPLC_L3_STRESS_75_80_S01,vPLC_container,VPLC_HOST,478,,,2026-05-09T22:01:59.339057429Z,,,,host_log,75,80,,,,,,3,512,,technical_check,vplc_status_cycle_duration_not_validated_as_Tper,4.227,100,работает
RUN_20260510_VPLC_L3_STRESS_75_80_S01_R05,VPLC_L3_STRESS_75_80,SER_20260510_VPLC_L3_STRESS_75_80_S01,vPLC_container,VPLC_HOST,479,,,2026-05-09T22:02:00.395319385Z,,,,host_log,75,80,,,,,,3,512,,technical_check,vplc_status_cycle_duration_not_validated_as_Tper,4.298,100,работает
RUN_20260510_VPLC_L3_STRESS_75_80_S01_R05,VPLC_L3_STRESS_75_80,SER_20260510_VPLC_L3_STRESS_75_80_S01,vPLC_container,VPLC_HOST,480,,,2026-05-09T22:02:01.453648773Z,,,,host_log,75,80,,,,,,3,512,,technical_check,vplc_status_cycle_duration_not_validated_as_Tper,0.158,100,работает
RUN_20260510_VPLC_L3_STRESS_75_80_S01_R05,VPLC_L3_STRESS_75_80,SER_20260510_VPLC_L3_STRESS_75_80_S01,vPLC_container,VPLC_HOST,481,,,2026-05-09T22:02:02.506995596Z,,,,host_log,75,80,,,,,,3,512,,technical_check,vplc_status_cycle_duration_not_validated_as_Tper,0.257,100,работает
RUN_20260510_VPLC_L3_STRESS_75_80_S01_R05,VPLC_L3_STRESS_75_80,SER_20260510_VPLC_L3_STRESS_75_80_S01,vPLC_container,VPLC_HOST,482,,,2026-05-09T22:02:03.561849512Z,,,,host_log,75,80,,,,,,3,512,,technical_check,vplc_status_cycle_duration_not_validated_as_Tper,0.257,100,работает
RUN_20260510_VPLC_L3_STRESS_75_80_S01_R05,VPLC_L3_STRESS_75_80,SER_20260510_VPLC_L3_STRESS_75_80_S01,vPLC_container,VPLC_HOST,483,,,2026-05-09T22:02:04.617785227Z,,,,host_log,75,80,,,,,,3,512,,technical_check,vplc_status_cycle_duration_not_validated_as_Tper,0.254,100,работает
RUN_20260510_VPLC_L3_STRESS_75_80_S01_R05,VPLC_L3_STRESS_75_80,SER_20260510_VPLC_L3_STRESS_75_80_S01,vPLC_container,VPLC_HOST,484,,,2026-05-09T22:02:05.675322435Z,,,,host_log,75,80,,,,,,3,512,,technical_check,vplc_status_cycle_duration_not_validated_as_Tper,0.256,100,работает
RUN_20260510_VPLC_L3_STRESS_75_80_S01_R05,VPLC_L3_STRESS_75_80,SER_20260510_VPLC_L3_STRESS_75_80_S01,vPLC_container,VPLC_HOST,485,,,2026-05-09T22:02:06.728862896Z,,,,host_log,75,80,,,,,,3,512,,technical_check,vplc_status_cycle_duration_not_validated_as_Tper,0.236,100,работает
RUN_20260510_VPLC_L3_STRESS_75_80_S01_R05,VPLC_L3_STRESS_75_80,SER_20260510_VPLC_L3_STRESS_75_80_S01,vPLC_container,VPLC_HOST,486,,,2026-05-09T22:02:07.785058297Z,,,,host_log,75,80,,,,,,3,512,,technical_check,vplc_status_cycle_duration_not_validated_as_Tper,0.251,100,работает
RUN_20260510_VPLC_L3_STRESS_75_80_S01_R05,VPLC_L3_STRESS_75_80,SER_20260510_VPLC_L3_STRESS_75_80_S01,vPLC_container,VPLC_HOST,487,,,2026-05-09T22:02:08.840535992Z,,,,host_log,75,80,,,,,,3,512,,technical_check,vplc_status_cycle_duration_not_validated_as_Tper,0.235,100,работает
RUN_20260510_VPLC_L3_STRESS_75_80_S01_R05,VPLC_L3_STRESS_75_80,SER_20260510_VPLC_L3_STRESS_75_80_S01,vPLC_container,VPLC_HOST,488,,,2026-05-09T22:02:09.895869830Z,,,,host_log,75,80,,,,,,3,512,,technical_check,vplc_status_cycle_duration_not_validated_as_Tper,0.257,100,работает
RUN_20260510_VPLC_L3_STRESS_75_80_S01_R05,VPLC_L3_STRESS_75_80,SER_20260510_VPLC_L3_STRESS_75_80_S01,vPLC_container,VPLC_HOST,489,,,2026-05-09T22:02:10.949650566Z,,,,host_log,75,80,,,,,,3,512,,technical_check,vplc_status_cycle_duration_not_validated_as_Tper,0.125,100,работает
RUN_20260510_VPLC_L3_STRESS_75_80_S01_R05,VPLC_L3_STRESS_75_80,SER_20260510_VPLC_L3_STRESS_75_80_S01,vPLC_container,VPLC_HOST,490,,,2026-05-09T22:02:12.004416887Z,,,,host_log,75,80,,,,,,3,512,,technical_check,vplc_status_cycle_duration_not_validated_as_Tper,0.252,100,работает
RUN_20260510_VPLC_L3_STRESS_75_80_S01_R05,VPLC_L3_STRESS_75_80,SER_20260510_VPLC_L3_STRESS_75_80_S01,vPLC_container,VPLC_HOST,491,,,2026-05-09T22:02:13.061467629Z,,,,host_log,75,80,,,,,,3,512,,technical_check,vplc_status_cycle_duration_not_validated_as_Tper,0.258,100,работает
RUN_20260510_VPLC_L3_STRESS_75_80_S01_R05,VPLC_L3_STRESS_75_80,SER_20260510_VPLC_L3_STRESS_75_80_S01,vPLC_container,VPLC_HOST,492,,,2026-05-09T22:02:14.115647579Z,,,,host_log,75,80,,,,,,3,512,,technical_check,vplc_status_cycle_duration_not_validated_as_Tper,0.256,100,работает
RUN_20260510_VPLC_L3_STRESS_75_80_S01_R05,VPLC_L3_STRESS_75_80,SER_20260510_VPLC_L3_STRESS_75_80_S01,vPLC_container,VPLC_HOST,493,,,2026-05-09T22:02:15.174098961Z,,,,host_log,75,80,,,,,,3,512,,technical_check,vplc_status_cycle_duration_not_validated_as_Tper,0.259,100,работает
RUN_20260510_VPLC_L3_STRESS_75_80_S01_R05,VPLC_L3_STRESS_75_80,SER_20260510_VPLC_L3_STRESS_75_80_S01,vPLC_container,VPLC_HOST,494,,,2026-05-09T22:02:16.228307117Z,,,,host_log,75,80,,,,,,3,512,,technical_check,vplc_status_cycle_duration_not_validated_as_Tper,0.237,100,работает
RUN_20260510_VPLC_L3_STRESS_75_80_S01_R05,VPLC_L3_STRESS_75_80,SER_20260510_VPLC_L3_STRESS_75_80_S01,vPLC_container,VPLC_HOST,495,,,2026-05-09T22:02:17.283689367Z,,,,host_log,75,80,,,,,,3,512,,technical_check,vplc_status_cycle_duration_not_validated_as_Tper,0.258,100,работает
RUN_20260510_VPLC_L3_STRESS_75_80_S01_R05,VPLC_L3_STRESS_75_80,SER_20260510_VPLC_L3_STRESS_75_80_S01,vPLC_container,VPLC_HOST,496,,,2026-05-09T22:02:18.339879788Z,,,,host_log,75,80,,,,,,3,512,,technical_check,vplc_status_cycle_duration_not_validated_as_Tper,4.125,100,работает
RUN_20260510_VPLC_L3_STRESS_75_80_S01_R05,VPLC_L3_STRESS_75_80,SER_20260510_VPLC_L3_STRESS_75_80_S01,vPLC_container,VPLC_HOST,497,,,2026-05-09T22:02:19.394199931Z,,,,host_log,75,80,,,,,,3,512,,technical_check,vplc_status_cycle_duration_not_validated_as_Tper,4.343,100,работает
RUN_20260510_VPLC_L3_STRESS_75_80_S01_R05,VPLC_L3_STRESS_75_80,SER_20260510_VPLC_L3_STRESS_75_80_S01,vPLC_container,VPLC_HOST,498,,,2026-05-09T22:02:20.446949377Z,,,,host_log,75,80,,,,,,3,512,,technical_check,vplc_status_cycle_duration_not_validated_as_Tper,0.168,100,работает
RUN_20260510_VPLC_L3_STRESS_75_80_S01_R05,VPLC_L3_STRESS_75_80,SER_20260510_VPLC_L3_STRESS_75_80_S01,vPLC_container,VPLC_HOST,499,,,2026-05-09T22:02:21.505517897Z,,,,host_log,75,80,,,,,,3,512,,technical_check,vplc_status_cycle_duration_not_validated_as_Tper,0.258,100,работает
RUN_20260510_VPLC_L3_STRESS_75_80_S01_R05,VPLC_L3_STRESS_75_80,SER_20260510_VPLC_L3_STRESS_75_80_S01,vPLC_container,VPLC_HOST,500,,,2026-05-09T22:02:22.557885443Z,,,,host_log,75,80,,,,,,3,512,,technical_check,vplc_status_cycle_duration_not_validated_as_Tper,0.237,100,работает
RUN_20260510_VPLC_L3_STRESS_75_80_S01_R05,VPLC_L3_STRESS_75_80,SER_20260510_VPLC_L3_STRESS_75_80_S01,vPLC_container,VPLC_HOST,501,,,2026-05-09T22:02:23.615423280Z,,,,host_log,75,80,,,,,,3,512,,technical_check,vplc_status_cycle_duration_not_validated_as_Tper,0.252,100,работает
RUN_20260510_VPLC_L3_STRESS_75_80_S01_R05,VPLC_L3_STRESS_75_80,SER_20260510_VPLC_L3_STRESS_75_80_S01,vPLC_container,VPLC_HOST,502,,,2026-05-09T22:02:24.671458810Z,,,,host_log,75,80,,,,,,3,512,,technical_check,vplc_status_cycle_duration_not_validated_as_Tper,0.258,100,работает
RUN_20260510_VPLC_L3_STRESS_75_80_S01_R05,VPLC_L3_STRESS_75_80,SER_20260510_VPLC_L3_STRESS_75_80_S01,vPLC_container,VPLC_HOST,503,,,2026-05-09T22:02:25.725557208Z,,,,host_log,75,80,,,,,,3,512,,technical_check,vplc_status_cycle_duration_not_validated_as_Tper,0.255,100,работает
RUN_20260510_VPLC_L3_STRESS_75_80_S01_R05,VPLC_L3_STRESS_75_80,SER_20260510_VPLC_L3_STRESS_75_80_S01,vPLC_container,VPLC_HOST,504,,,2026-05-09T22:02:26.781198703Z,,,,host_log,75,80,,,,,,3,512,,technical_check,vplc_status_cycle_duration_not_validated_as_Tper,0.251,100,работает
RUN_20260510_VPLC_L3_STRESS_75_80_S01_R05,VPLC_L3_STRESS_75_80,SER_20260510_VPLC_L3_STRESS_75_80_S01,vPLC_container,VPLC_HOST,505,,,2026-05-09T22:02:27.837197642Z,,,,host_log,75,80,,,,,,3,512,,technical_check,vplc_status_cycle_duration_not_validated_as_Tper,0.238,100,работает
RUN_20260510_VPLC_L3_STRESS_75_80_S01_R05,VPLC_L3_STRESS_75_80,SER_20260510_VPLC_L3_STRESS_75_80_S01,vPLC_container,VPLC_HOST,506,,,2026-05-09T22:02:28.892166043Z,,,,host_log,75,80,,,,,,3,512,,technical_check,vplc_status_cycle_duration_not_validated_as_Tper,0.258,100,работает
RUN_20260510_VPLC_L3_STRESS_75_80_S01_R05,VPLC_L3_STRESS_75_80,SER_20260510_VPLC_L3_STRESS_75_80_S01,vPLC_container,VPLC_HOST,507,,,2026-05-09T22:02:29.945935410Z,,,,host_log,75,80,,,,,,3,512,,technical_check,vplc_status_cycle_duration_not_validated_as_Tper,0.181,100,работает
RUN_20260510_VPLC_L3_STRESS_75_80_S01_R05,VPLC_L3_STRESS_75_80,SER_20260510_VPLC_L3_STRESS_75_80_S01,vPLC_container,VPLC_HOST,508,,,2026-05-09T22:02:31.003800650Z,,,,host_log,75,80,,,,,,3,512,,technical_check,vplc_status_cycle_duration_not_validated_as_Tper,0.258,100,работает
RUN_20260510_VPLC_L3_STRESS_75_80_S01_R05,VPLC_L3_STRESS_75_80,SER_20260510_VPLC_L3_STRESS_75_80_S01,vPLC_container,VPLC_HOST,509,,,2026-05-09T22:02:32.055663329Z,,,,host_log,75,80,,,,,,3,512,,technical_check,vplc_status_cycle_duration_not_validated_as_Tper,0.180,100,работает
RUN_20260510_VPLC_L3_STRESS_75_80_S01_R05,VPLC_L3_STRESS_75_80,SER_20260510_VPLC_L3_STRESS_75_80_S01,vPLC_container,VPLC_HOST,510,,,2026-05-09T22:02:33.111317474Z,,,,host_log,75,80,,,,,,3,512,,technical_check,vplc_status_cycle_duration_not_validated_as_Tper,0.225,100,работает
RUN_20260510_VPLC_L3_STRESS_75_80_S01_R05,VPLC_L3_STRESS_75_80,SER_20260510_VPLC_L3_STRESS_75_80_S01,vPLC_container,VPLC_HOST,511,,,2026-05-09T22:02:34.170563274Z,,,,host_log,75,80,,,,,,3,512,,technical_check,vplc_status_cycle_duration_not_validated_as_Tper,0.254,100,работает
RUN_20260510_VPLC_L3_STRESS_75_80_S01_R05,VPLC_L3_STRESS_75_80,SER_20260510_VPLC_L3_STRESS_75_80_S01,vPLC_container,VPLC_HOST,512,,,2026-05-09T22:02:35.223212273Z,,,,host_log,75,80,,,,,,3,512,,technical_check,vplc_status_cycle_duration_not_validated_as_Tper,0.255,100,работает
RUN_20260510_VPLC_L3_STRESS_75_80_S01_R05,VPLC_L3_STRESS_75_80,SER_20260510_VPLC_L3_STRESS_75_80_S01,vPLC_container,VPLC_HOST,513,,,2026-05-09T22:02:36.280790570Z,,,,host_log,75,80,,,,,,3,512,,technical_check,vplc_status_cycle_duration_not_validated_as_Tper,0.256,100,работает
RUN_20260510_VPLC_L3_STRESS_75_80_S01_R05,VPLC_L3_STRESS_75_80,SER_20260510_VPLC_L3_STRESS_75_80_S01,vPLC_container,VPLC_HOST,514,,,2026-05-09T22:02:37.333115252Z,,,,host_log,75,80,,,,,,3,512,,technical_check,vplc_status_cycle_duration_not_validated_as_Tper,4.398,100,работает
RUN_20260510_VPLC_L3_STRESS_75_80_S01_R05,VPLC_L3_STRESS_75_80,SER_20260510_VPLC_L3_STRESS_75_80_S01,vPLC_container,VPLC_HOST,515,,,2026-05-09T22:02:38.390810624Z,,,,host_log,75,80,,,,,,3,512,,technical_check,vplc_status_cycle_duration_not_validated_as_Tper,4.310,100,работает
RUN_20260510_VPLC_L3_STRESS_75_80_S01_R05,VPLC_L3_STRESS_75_80,SER_20260510_VPLC_L3_STRESS_75_80_S01,vPLC_container,VPLC_HOST,516,,,2026-05-09T22:02:39.443542673Z,,,,host_log,75,80,,,,,,3,512,,technical_check,vplc_status_cycle_duration_not_validated_as_Tper,0.232,100,работает
RUN_20260510_VPLC_L3_STRESS_75_80_S01_R05,VPLC_L3_STRESS_75_80,SER_20260510_VPLC_L3_STRESS_75_80_S01,vPLC_container,VPLC_HOST,517,,,2026-05-09T22:02:40.500668071Z,,,,host_log,75,80,,,,,,3,512,,technical_check,vplc_status_cycle_duration_not_validated_as_Tper,0.258,100,работает
RUN_20260510_VPLC_L3_STRESS_75_80_S01_R05,VPLC_L3_STRESS_75_80,SER_20260510_VPLC_L3_STRESS_75_80_S01,vPLC_container,VPLC_HOST,518,,,2026-05-09T22:02:41.553907058Z,,,,host_log,75,80,,,,,,3,512,,technical_check,vplc_status_cycle_duration_not_validated_as_Tper,0.152,100,работает
RUN_20260510_VPLC_L3_STRESS_75_80_S01_R05,VPLC_L3_STRESS_75_80,SER_20260510_VPLC_L3_STRESS_75_80_S01,vPLC_container,VPLC_HOST,519,,,2026-05-09T22:02:42.611017186Z,,,,host_log,75,80,,,,,,3,512,,technical_check,vplc_status_cycle_duration_not_validated_as_Tper,0.255,100,работает
RUN_20260510_VPLC_L3_STRESS_75_80_S01_R05,VPLC_L3_STRESS_75_80,SER_20260510_VPLC_L3_STRESS_75_80_S01,vPLC_container,VPLC_HOST,520,,,2026-05-09T22:02:43.667275776Z,,,,host_log,75,80,,,,,,3,512,,technical_check,vplc_status_cycle_duration_not_validated_as_Tper,0.258,100,работает
RUN_20260510_VPLC_L3_STRESS_75_80_S01_R05,VPLC_L3_STRESS_75_80,SER_20260510_VPLC_L3_STRESS_75_80_S01,vPLC_container,VPLC_HOST,521,,,2026-05-09T22:02:44.722708506Z,,,,host_log,75,80,,,,,,3,512,,technical_check,vplc_status_cycle_duration_not_validated_as_Tper,0.252,100,работает
RUN_20260510_VPLC_L3_STRESS_75_80_S01_R05,VPLC_L3_STRESS_75_80,SER_20260510_VPLC_L3_STRESS_75_80_S01,vPLC_container,VPLC_HOST,522,,,2026-05-09T22:02:45.777724602Z,,,,host_log,75,80,,,,,,3,512,,technical_check,vplc_status_cycle_duration_not_validated_as_Tper,0.258,100,работает
RUN_20260510_VPLC_L3_STRESS_75_80_S01_R05,VPLC_L3_STRESS_75_80,SER_20260510_VPLC_L3_STRESS_75_80_S01,vPLC_container,VPLC_HOST,523,,,2026-05-09T22:02:46.829854143Z,,,,host_log,75,80,,,,,,3,512,,technical_check,vplc_status_cycle_duration_not_validated_as_Tper,0.258,100,работает
RUN_20260510_VPLC_L3_STRESS_75_80_S01_R05,VPLC_L3_STRESS_75_80,SER_20260510_VPLC_L3_STRESS_75_80_S01,vPLC_container,VPLC_HOST,524,,,2026-05-09T22:02:47.887006486Z,,,,host_log,75,80,,,,,,3,512,,technical_check,vplc_status_cycle_duration_not_validated_as_Tper,0.256,100,работает
RUN_20260510_VPLC_L3_STRESS_75_80_S01_R05,VPLC_L3_STRESS_75_80,SER_20260510_VPLC_L3_STRESS_75_80_S01,vPLC_container,VPLC_HOST,525,,,2026-05-09T22:02:48.940525009Z,,,,host_log,75,80,,,,,,3,512,,technical_check,vplc_status_cycle_duration_not_validated_as_Tper,0.238,100,работает
RUN_20260510_VPLC_L3_STRESS_75_80_S01_R05,VPLC_L3_STRESS_75_80,SER_20260510_VPLC_L3_STRESS_75_80_S01,vPLC_container,VPLC_HOST,526,,,2026-05-09T22:02:50.000157213Z,,,,host_log,75,80,,,,,,3,512,,technical_check,vplc_status_cycle_duration_not_validated_as_Tper,0.255,100,работает
RUN_20260510_VPLC_L3_STRESS_75_80_S01_R05,VPLC_L3_STRESS_75_80,SER_20260510_VPLC_L3_STRESS_75_80_S01,vPLC_container,VPLC_HOST,527,,,2026-05-09T22:02:51.052587689Z,,,,host_log,75,80,,,,,,3,512,,technical_check,vplc_status_cycle_duration_not_validated_as_Tper,0.149,100,работает
RUN_20260510_VPLC_L3_STRESS_75_80_S01_R05,VPLC_L3_STRESS_75_80,SER_20260510_VPLC_L3_STRESS_75_80_S01,vPLC_container,VPLC_HOST,528,,,2026-05-09T22:02:52.111029974Z,,,,host_log,75,80,,,,,,3,512,,technical_check,vplc_status_cycle_duration_not_validated_as_Tper,0.258,100,работает
RUN_20260510_VPLC_L3_STRESS_75_80_S01_R05,VPLC_L3_STRESS_75_80,SER_20260510_VPLC_L3_STRESS_75_80_S01,vPLC_container,VPLC_HOST,529,,,2026-05-09T22:02:53.163501649Z,,,,host_log,75,80,,,,,,3,512,,technical_check,vplc_status_cycle_duration_not_validated_as_Tper,0.253,100,работает
RUN_20260510_VPLC_L3_STRESS_75_80_S01_R05,VPLC_L3_STRESS_75_80,SER_20260510_VPLC_L3_STRESS_75_80_S01,vPLC_container,VPLC_HOST,530,,,2026-05-09T22:02:54.218868933Z,,,,host_log,75,80,,,,,,3,512,,technical_check,vplc_status_cycle_duration_not_validated_as_Tper,0.248,100,работает
RUN_20260510_VPLC_L3_STRESS_75_80_S01_R05,VPLC_L3_STRESS_75_80,SER_20260510_VPLC_L3_STRESS_75_80_S01,vPLC_container,VPLC_HOST,531,,,2026-05-09T22:02:55.276100809Z,,,,host_log,75,80,,,,,,3,512,,technical_check,vplc_status_cycle_duration_not_validated_as_Tper,0.257,100,работает
RUN_20260510_VPLC_L3_STRESS_75_80_S01_R05,VPLC_L3_STRESS_75_80,SER_20260510_VPLC_L3_STRESS_75_80_S01,vPLC_container,VPLC_HOST,532,,,2026-05-09T22:02:56.331846661Z,,,,host_log,75,80,,,,,,3,512,,technical_check,vplc_status_cycle_duration_not_validated_as_Tper,4.088,100,работает
RUN_20260510_VPLC_L3_STRESS_75_80_S01_R05,VPLC_L3_STRESS_75_80,SER_20260510_VPLC_L3_STRESS_75_80_S01,vPLC_container,VPLC_HOST,533,,,2026-05-09T22:02:57.386120393Z,,,,host_log,75,80,,,,,,3,512,,technical_check,vplc_status_cycle_duration_not_validated_as_Tper,4.594,100,работает
RUN_20260510_VPLC_L3_STRESS_75_80_S01_R05,VPLC_L3_STRESS_75_80,SER_20260510_VPLC_L3_STRESS_75_80_S01,vPLC_container,VPLC_HOST,534,,,2026-05-09T22:02:58.440213786Z,,,,host_log,75,80,,,,,,3,512,,technical_check,vplc_status_cycle_duration_not_validated_as_Tper,0.239,100,работает
RUN_20260510_VPLC_L3_STRESS_75_80_S01_R05,VPLC_L3_STRESS_75_80,SER_20260510_VPLC_L3_STRESS_75_80_S01,vPLC_container,VPLC_HOST,535,,,2026-05-09T22:02:59.494237806Z,,,,host_log,75,80,,,,,,3,512,,technical_check,vplc_status_cycle_duration_not_validated_as_Tper,0.247,100,работает
RUN_20260510_VPLC_L3_STRESS_75_80_S01_R05,VPLC_L3_STRESS_75_80,SER_20260510_VPLC_L3_STRESS_75_80_S01,vPLC_container,VPLC_HOST,536,,,2026-05-09T22:03:00.552536235Z,,,,host_log,75,80,,,,,,3,512,,technical_check,vplc_status_cycle_duration_not_validated_as_Tper,0.133,100,работает
RUN_20260510_VPLC_L3_STRESS_75_80_S01_R05,VPLC_L3_STRESS_75_80,SER_20260510_VPLC_L3_STRESS_75_80_S01,vPLC_container,VPLC_HOST,537,,,2026-05-09T22:03:01.607851436Z,,,,host_log,75,80,,,,,,3,512,,technical_check,vplc_status_cycle_duration_not_validated_as_Tper,0.257,100,работает
RUN_20260510_VPLC_L3_STRESS_75_80_S01_R05,VPLC_L3_STRESS_75_80,SER_20260510_VPLC_L3_STRESS_75_80_S01,vPLC_container,VPLC_HOST,538,,,2026-05-09T22:03:02.660678776Z,,,,host_log,75,80,,,,,,3,512,,technical_check,vplc_status_cycle_duration_not_validated_as_Tper,0.261,100,работает
RUN_20260510_VPLC_L3_STRESS_75_80_S01_R05,VPLC_L3_STRESS_75_80,SER_20260510_VPLC_L3_STRESS_75_80_S01,vPLC_container,VPLC_HOST,539,,,2026-05-09T22:03:03.717905251Z,,,,host_log,75,80,,,,,,3,512,,technical_check,vplc_status_cycle_duration_not_validated_as_Tper,0.255,100,работает
RUN_20260510_VPLC_L3_STRESS_75_80_S01_R05,VPLC_L3_STRESS_75_80,SER_20260510_VPLC_L3_STRESS_75_80_S01,vPLC_container,VPLC_HOST,540,,,2026-05-09T22:03:04.771556841Z,,,,host_log,75,80,,,,,,3,512,,technical_check,vplc_status_cycle_duration_not_validated_as_Tper,0.256,100,работает
RUN_20260510_VPLC_L3_STRESS_75_80_S01_R05,VPLC_L3_STRESS_75_80,SER_20260510_VPLC_L3_STRESS_75_80_S01,vPLC_container,VPLC_HOST,541,,,2026-05-09T22:03:05.829616914Z,,,,host_log,75,80,,,,,,3,512,,technical_check,vplc_status_cycle_duration_not_validated_as_Tper,0.235,100,работает
RUN_20260510_VPLC_L3_STRESS_75_80_S01_R05,VPLC_L3_STRESS_75_80,SER_20260510_VPLC_L3_STRESS_75_80_S01,vPLC_container,VPLC_HOST,542,,,2026-05-09T22:03:06.882120267Z,,,,host_log,75,80,,,,,,3,512,,technical_check,vplc_status_cycle_duration_not_validated_as_Tper,0.257,100,работает
RUN_20260510_VPLC_L3_STRESS_75_80_S01_R05,VPLC_L3_STRESS_75_80,SER_20260510_VPLC_L3_STRESS_75_80_S01,vPLC_container,VPLC_HOST,543,,,2026-05-09T22:03:07.938791640Z,,,,host_log,75,80,,,,,,3,512,,technical_check,vplc_status_cycle_duration_not_validated_as_Tper,0.233,100,работает
RUN_20260510_VPLC_L3_STRESS_75_80_S01_R05,VPLC_L3_STRESS_75_80,SER_20260510_VPLC_L3_STRESS_75_80_S01,vPLC_container,VPLC_HOST,544,,,2026-05-09T22:03:08.994701832Z,,,,host_log,75,80,,,,,,3,512,,technical_check,vplc_status_cycle_duration_not_validated_as_Tper,0.253,100,работает
RUN_20260510_VPLC_L3_STRESS_75_80_S01_R05,VPLC_L3_STRESS_75_80,SER_20260510_VPLC_L3_STRESS_75_80_S01,vPLC_container,VPLC_HOST,545,,,2026-05-09T22:03:10.048082666Z,,,,host_log,75,80,,,,,,3,512,,technical_check,vplc_status_cycle_duration_not_validated_as_Tper,0.153,100,работает
RUN_20260510_VPLC_L3_STRESS_75_80_S01_R05,VPLC_L3_STRESS_75_80,SER_20260510_VPLC_L3_STRESS_75_80_S01,vPLC_container,VPLC_HOST,546,,,2026-05-09T22:03:11.103014951Z,,,,host_log,75,80,,,,,,3,512,,technical_check,vplc_status_cycle_duration_not_validated_as_Tper,0.258,100,работает
RUN_20260510_VPLC_L3_STRESS_75_80_S01_R05,VPLC_L3_STRESS_75_80,SER_20260510_VPLC_L3_STRESS_75_80_S01,vPLC_container,VPLC_HOST,547,,,2026-05-09T22:03:12.161315420Z,,,,host_log,75,80,,,,,,3,512,,technical_check,vplc_status_cycle_duration_not_validated_as_Tper,0.252,100,работает
RUN_20260510_VPLC_L3_STRESS_75_80_S01_R05,VPLC_L3_STRESS_75_80,SER_20260510_VPLC_L3_STRESS_75_80_S01,vPLC_container,VPLC_HOST,548,,,2026-05-09T22:03:13.212363073Z,,,,host_log,75,80,,,,,,3,512,,technical_check,vplc_status_cycle_duration_not_validated_as_Tper,0.259,100,работает
RUN_20260510_VPLC_L3_STRESS_75_80_S01_R05,VPLC_L3_STRESS_75_80,SER_20260510_VPLC_L3_STRESS_75_80_S01,vPLC_container,VPLC_HOST,549,,,2026-05-09T22:03:14.271830719Z,,,,host_log,75,80,,,,,,3,512,,technical_check,vplc_status_cycle_duration_not_validated_as_Tper,0.257,100,работает
RUN_20260510_VPLC_L3_STRESS_75_80_S01_R05,VPLC_L3_STRESS_75_80,SER_20260510_VPLC_L3_STRESS_75_80_S01,vPLC_container,VPLC_HOST,550,,,2026-05-09T22:03:15.327609387Z,,,,host_log,75,80,,,,,,3,512,,technical_check,vplc_status_cycle_duration_not_validated_as_Tper,0.257,100,работает
RUN_20260510_VPLC_L3_STRESS_75_80_S01_R05,VPLC_L3_STRESS_75_80,SER_20260510_VPLC_L3_STRESS_75_80_S01,vPLC_container,VPLC_HOST,551,,,2026-05-09T22:03:16.382826591Z,,,,host_log,75,80,,,,,,3,512,,technical_check,vplc_status_cycle_duration_not_validated_as_Tper,4.497,100,работает
RUN_20260510_VPLC_L3_STRESS_75_80_S01_R05,VPLC_L3_STRESS_75_80,SER_20260510_VPLC_L3_STRESS_75_80_S01,vPLC_container,VPLC_HOST,552,,,2026-05-09T22:03:17.436735051Z,,,,host_log,75,80,,,,,,3,512,,technical_check,vplc_status_cycle_duration_not_validated_as_Tper,0.256,100,работает
RUN_20260510_VPLC_L3_STRESS_75_80_S01_R05,VPLC_L3_STRESS_75_80,SER_20260510_VPLC_L3_STRESS_75_80_S01,vPLC_container,VPLC_HOST,553,,,2026-05-09T22:03:18.491010428Z,,,,host_log,75,80,,,,,,3,512,,technical_check,vplc_status_cycle_duration_not_validated_as_Tper,0.256,100,работает
RUN_20260510_VPLC_L3_STRESS_75_80_S01_R05,VPLC_L3_STRESS_75_80,SER_20260510_VPLC_L3_STRESS_75_80_S01,vPLC_container,VPLC_HOST,554,,,2026-05-09T22:03:19.545744152Z,,,,host_log,75,80,,,,,,3,512,,technical_check,vplc_status_cycle_duration_not_validated_as_Tper,0.169,100,работает
RUN_20260510_VPLC_L3_STRESS_75_80_S01_R05,VPLC_L3_STRESS_75_80,SER_20260510_VPLC_L3_STRESS_75_80_S01,vPLC_container,VPLC_HOST,555,,,2026-05-09T22:03:20.601165550Z,,,,host_log,75,80,,,,,,3,512,,technical_check,vplc_status_cycle_duration_not_validated_as_Tper,0.254,100,работает
RUN_20260510_VPLC_L3_STRESS_75_80_S01_R05,VPLC_L3_STRESS_75_80,SER_20260510_VPLC_L3_STRESS_75_80_S01,vPLC_container,VPLC_HOST,556,,,2026-05-09T22:03:21.660102844Z,,,,host_log,75,80,,,,,,3,512,,technical_check,vplc_status_cycle_duration_not_validated_as_Tper,0.251,100,работает
RUN_20260510_VPLC_L3_STRESS_75_80_S01_R05,VPLC_L3_STRESS_75_80,SER_20260510_VPLC_L3_STRESS_75_80_S01,vPLC_container,VPLC_HOST,557,,,2026-05-09T22:03:22.711938433Z,,,,host_log,75,80,,,,,,3,512,,technical_check,vplc_status_cycle_duration_not_validated_as_Tper,0.258,100,работает
RUN_20260510_VPLC_L3_STRESS_75_80_S01_R05,VPLC_L3_STRESS_75_80,SER_20260510_VPLC_L3_STRESS_75_80_S01,vPLC_container,VPLC_HOST,558,,,2026-05-09T22:03:23.769148969Z,,,,host_log,75,80,,,,,,3,512,,technical_check,vplc_status_cycle_duration_not_validated_as_Tper,0.252,100,работает
RUN_20260510_VPLC_L3_STRESS_75_80_S01_R05,VPLC_L3_STRESS_75_80,SER_20260510_VPLC_L3_STRESS_75_80_S01,vPLC_container,VPLC_HOST,559,,,2026-05-09T22:03:24.821920461Z,,,,host_log,75,80,,,,,,3,512,,technical_check,vplc_status_cycle_duration_not_validated_as_Tper,0.259,100,работает
RUN_20260510_VPLC_L3_STRESS_75_80_S01_R05,VPLC_L3_STRESS_75_80,SER_20260510_VPLC_L3_STRESS_75_80_S01,vPLC_container,VPLC_HOST,560,,,2026-05-09T22:03:25.880274564Z,,,,host_log,75,80,,,,,,3,512,,technical_check,vplc_status_cycle_duration_not_validated_as_Tper,0.261,100,работает
RUN_20260510_VPLC_L3_STRESS_75_80_S01_R05,VPLC_L3_STRESS_75_80,SER_20260510_VPLC_L3_STRESS_75_80_S01,vPLC_container,VPLC_HOST,561,,,2026-05-09T22:03:26.933961202Z,,,,host_log,75,80,,,,,,3,512,,technical_check,vplc_status_cycle_duration_not_validated_as_Tper,0.231,100,работает
RUN_20260510_VPLC_L3_STRESS_75_80_S01_R05,VPLC_L3_STRESS_75_80,SER_20260510_VPLC_L3_STRESS_75_80_S01,vPLC_container,VPLC_HOST,562,,,2026-05-09T22:03:27.990402103Z,,,,host_log,75,80,,,,,,3,512,,technical_check,vplc_status_cycle_duration_not_validated_as_Tper,0.256,100,работает
RUN_20260510_VPLC_L3_STRESS_75_80_S01_R05,VPLC_L3_STRESS_75_80,SER_20260510_VPLC_L3_STRESS_75_80_S01,vPLC_container,VPLC_HOST,563,,,2026-05-09T22:03:29.045937048Z,,,,host_log,75,80,,,,,,3,512,,technical_check,vplc_status_cycle_duration_not_validated_as_Tper,0.188,100,работает
RUN_20260510_VPLC_L3_STRESS_75_80_S01_R05,VPLC_L3_STRESS_75_80,SER_20260510_VPLC_L3_STRESS_75_80_S01,vPLC_container,VPLC_HOST,564,,,2026-05-09T22:03:30.100143806Z,,,,host_log,75,80,,,,,,3,512,,technical_check,vplc_status_cycle_duration_not_validated_as_Tper,0.255,100,работает
RUN_20260510_VPLC_L3_STRESS_75_80_S01_R05,VPLC_L3_STRESS_75_80,SER_20260510_VPLC_L3_STRESS_75_80_S01,vPLC_container,VPLC_HOST,565,,,2026-05-09T22:03:31.157515021Z,,,,host_log,75,80,,,,,,3,512,,technical_check,vplc_status_cycle_duration_not_validated_as_Tper,0.218,100,работает
RUN_20260510_VPLC_L3_STRESS_75_80_S01_R05,VPLC_L3_STRESS_75_80,SER_20260510_VPLC_L3_STRESS_75_80_S01,vPLC_container,VPLC_HOST,566,,,2026-05-09T22:03:32.209685857Z,,,,host_log,75,80,,,,,,3,512,,technical_check,vplc_status_cycle_duration_not_validated_as_Tper,0.256,100,работает
RUN_20260510_VPLC_L3_STRESS_75_80_S01_R05,VPLC_L3_STRESS_75_80,SER_20260510_VPLC_L3_STRESS_75_80_S01,vPLC_container,VPLC_HOST,567,,,2026-05-09T22:03:33.268796636Z,,,,host_log,75,80,,,,,,3,512,,technical_check,vplc_status_cycle_duration_not_validated_as_Tper,0.256,100,работает
RUN_20260510_VPLC_L3_STRESS_75_80_S01_R05,VPLC_L3_STRESS_75_80,SER_20260510_VPLC_L3_STRESS_75_80_S01,vPLC_container,VPLC_HOST,568,,,2026-05-09T22:03:34.321447318Z,,,,host_log,75,80,,,,,,3,512,,technical_check,vplc_status_cycle_duration_not_validated_as_Tper,0.258,100,работает
RUN_20260510_VPLC_L3_STRESS_75_80_S01_R05,VPLC_L3_STRESS_75_80,SER_20260510_VPLC_L3_STRESS_75_80_S01,vPLC_container,VPLC_HOST,569,,,2026-05-09T22:03:35.377737851Z,,,,host_log,75,80,,,,,,3,512,,technical_check,vplc_status_cycle_duration_not_validated_as_Tper,5.247,100,работает
RUN_20260510_VPLC_L3_STRESS_75_80_S01_R05,VPLC_L3_STRESS_75_80,SER_20260510_VPLC_L3_STRESS_75_80_S01,vPLC_container,VPLC_HOST,570,,,2026-05-09T22:03:36.432510629Z,,,,host_log,75,80,,,,,,3,512,,technical_check,vplc_status_cycle_duration_not_validated_as_Tper,0.236,100,работает
RUN_20260510_VPLC_L3_STRESS_75_80_S01_R05,VPLC_L3_STRESS_75_80,SER_20260510_VPLC_L3_STRESS_75_80_S01,vPLC_container,VPLC_HOST,571,,,2026-05-09T22:03:37.485466621Z,,,,host_log,75,80,,,,,,3,512,,technical_check,vplc_status_cycle_duration_not_validated_as_Tper,0.259,100,работает
RUN_20260510_VPLC_L3_STRESS_75_80_S01_R05,VPLC_L3_STRESS_75_80,SER_20260510_VPLC_L3_STRESS_75_80_S01,vPLC_container,VPLC_HOST,572,,,2026-05-09T22:03:38.545213016Z,,,,host_log,75,80,,,,,,3,512,,technical_check,vplc_status_cycle_duration_not_validated_as_Tper,0.207,100,работает
RUN_20260510_VPLC_L3_STRESS_75_80_S01_R05,VPLC_L3_STRESS_75_80,SER_20260510_VPLC_L3_STRESS_75_80_S01,vPLC_container,VPLC_HOST,573,,,2026-05-09T22:03:39.599417694Z,,,,host_log,75,80,,,,,,3,512,,technical_check,vplc_status_cycle_duration_not_validated_as_Tper,0.252,100,работает
RUN_20260510_VPLC_L3_STRESS_75_80_S01_R05,VPLC_L3_STRESS_75_80,SER_20260510_VPLC_L3_STRESS_75_80_S01,vPLC_container,VPLC_HOST,574,,,2026-05-09T22:03:40.656500531Z,,,,host_log,75,80,,,,,,3,512,,technical_check,vplc_status_cycle_duration_not_validated_as_Tper,0.190,100,работает
RUN_20260510_VPLC_L3_STRESS_75_80_S01_R05,VPLC_L3_STRESS_75_80,SER_20260510_VPLC_L3_STRESS_75_80_S01,vPLC_container,VPLC_HOST,575,,,2026-05-09T22:03:41.712153529Z,,,,host_log,75,80,,,,,,3,512,,technical_check,vplc_status_cycle_duration_not_validated_as_Tper,0.260,100,работает
RUN_20260510_VPLC_L3_STRESS_75_80_S01_R05,VPLC_L3_STRESS_75_80,SER_20260510_VPLC_L3_STRESS_75_80_S01,vPLC_container,VPLC_HOST,576,,,2026-05-09T22:03:42.767288294Z,,,,host_log,75,80,,,,,,3,512,,technical_check,vplc_status_cycle_duration_not_validated_as_Tper,0.252,100,работает
RUN_20260510_VPLC_L3_STRESS_75_80_S01_R05,VPLC_L3_STRESS_75_80,SER_20260510_VPLC_L3_STRESS_75_80_S01,vPLC_container,VPLC_HOST,577,,,2026-05-09T22:03:43.819168835Z,,,,host_log,75,80,,,,,,3,512,,technical_check,vplc_status_cycle_duration_not_validated_as_Tper,0.260,100,работает
RUN_20260510_VPLC_L3_STRESS_75_80_S01_R05,VPLC_L3_STRESS_75_80,SER_20260510_VPLC_L3_STRESS_75_80_S01,vPLC_container,VPLC_HOST,578,,,2026-05-09T22:03:44.876859236Z,,,,host_log,75,80,,,,,,3,512,,technical_check,vplc_status_cycle_duration_not_validated_as_Tper,0.258,100,работает
RUN_20260510_VPLC_L3_STRESS_75_80_S01_R05,VPLC_L3_STRESS_75_80,SER_20260510_VPLC_L3_STRESS_75_80_S01,vPLC_container,VPLC_HOST,579,,,2026-05-09T22:03:45.931543241Z,,,,host_log,75,80,,,,,,3,512,,technical_check,vplc_status_cycle_duration_not_validated_as_Tper,0.235,100,работает
RUN_20260510_VPLC_L3_STRESS_75_80_S01_R05,VPLC_L3_STRESS_75_80,SER_20260510_VPLC_L3_STRESS_75_80_S01,vPLC_container,VPLC_HOST,580,,,2026-05-09T22:03:46.989164433Z,,,,host_log,75,80,,,,,,3,512,,technical_check,vplc_status_cycle_duration_not_validated_as_Tper,0.257,100,работает
RUN_20260510_VPLC_L3_STRESS_75_80_S01_R05,VPLC_L3_STRESS_75_80,SER_20260510_VPLC_L3_STRESS_75_80_S01,vPLC_container,VPLC_HOST,581,,,2026-05-09T22:03:48.042777378Z,,,,host_log,75,80,,,,,,3,512,,technical_check,vplc_status_cycle_duration_not_validated_as_Tper,0.235,100,работает
RUN_20260510_VPLC_L3_STRESS_75_80_S01_R05,VPLC_L3_STRESS_75_80,SER_20260510_VPLC_L3_STRESS_75_80_S01,vPLC_container,VPLC_HOST,582,,,2026-05-09T22:03:49.096258849Z,,,,host_log,75,80,,,,,,3,512,,technical_check,vplc_status_cycle_duration_not_validated_as_Tper,0.257,100,работает
RUN_20260510_VPLC_L3_STRESS_75_80_S01_R05,VPLC_L3_STRESS_75_80,SER_20260510_VPLC_L3_STRESS_75_80_S01,vPLC_container,VPLC_HOST,583,,,2026-05-09T22:03:50.153285383Z,,,,host_log,75,80,,,,,,3,512,,technical_check,vplc_status_cycle_duration_not_validated_as_Tper,0.142,100,работает
RUN_20260510_VPLC_L3_STRESS_75_80_S01_R05,VPLC_L3_STRESS_75_80,SER_20260510_VPLC_L3_STRESS_75_80_S01,vPLC_container,VPLC_HOST,584,,,2026-05-09T22:03:51.209104250Z,,,,host_log,75,80,,,,,,3,512,,technical_check,vplc_status_cycle_duration_not_validated_as_Tper,0.253,100,работает
RUN_20260510_VPLC_L3_STRESS_75_80_S01_R05,VPLC_L3_STRESS_75_80,SER_20260510_VPLC_L3_STRESS_75_80_S01,vPLC_container,VPLC_HOST,585,,,2026-05-09T22:03:52.265768831Z,,,,host_log,75,80,,,,,,3,512,,technical_check,vplc_status_cycle_duration_not_validated_as_Tper,0.260,100,работает
RUN_20260510_VPLC_L3_STRESS_75_80_S01_R05,VPLC_L3_STRESS_75_80,SER_20260510_VPLC_L3_STRESS_75_80_S01,vPLC_container,VPLC_HOST,586,,,2026-05-09T22:03:53.318317004Z,,,,host_log,75,80,,,,,,3,512,,technical_check,vplc_status_cycle_duration_not_validated_as_Tper,0.258,100,работает
RUN_20260510_VPLC_L3_STRESS_75_80_S01_R05,VPLC_L3_STRESS_75_80,SER_20260510_VPLC_L3_STRESS_75_80_S01,vPLC_container,VPLC_HOST,587,,,2026-05-09T22:03:54.374921983Z,,,,host_log,75,80,,,,,,3,512,,technical_check,vplc_status_cycle_duration_not_validated_as_Tper,4.404,100,работает
RUN_20260510_VPLC_L3_STRESS_75_80_S01_R05,VPLC_L3_STRESS_75_80,SER_20260510_VPLC_L3_STRESS_75_80_S01,vPLC_container,VPLC_HOST,588,,,2026-05-09T22:03:55.430091105Z,,,,host_log,75,80,,,,,,3,512,,technical_check,vplc_status_cycle_duration_not_validated_as_Tper,0.238,100,работает
RUN_20260510_VPLC_L3_STRESS_75_80_S01_R05,VPLC_L3_STRESS_75_80,SER_20260510_VPLC_L3_STRESS_75_80_S01,vPLC_container,VPLC_HOST,589,,,2026-05-09T22:03:56.485133452Z,,,,host_log,75,80,,,,,,3,512,,technical_check,vplc_status_cycle_duration_not_validated_as_Tper,0.256,100,работает
RUN_20260510_VPLC_L3_STRESS_75_80_S01_R05,VPLC_L3_STRESS_75_80,SER_20260510_VPLC_L3_STRESS_75_80_S01,vPLC_container,VPLC_HOST,590,,,2026-05-09T22:03:57.541947441Z,,,,host_log,75,80,,,,,,3,512,,technical_check,vplc_status_cycle_duration_not_validated_as_Tper,0.233,100,работает
RUN_20260510_VPLC_L3_STRESS_75_80_S01_R05,VPLC_L3_STRESS_75_80,SER_20260510_VPLC_L3_STRESS_75_80_S01,vPLC_container,VPLC_HOST,591,,,2026-05-09T22:03:58.596093407Z,,,,host_log,75,80,,,,,,3,512,,technical_check,vplc_status_cycle_duration_not_validated_as_Tper,0.256,100,работает
RUN_20260510_VPLC_L3_STRESS_75_80_S01_R05,VPLC_L3_STRESS_75_80,SER_20260510_VPLC_L3_STRESS_75_80_S01,vPLC_container,VPLC_HOST,592,,,2026-05-09T22:03:59.651500255Z,,,,host_log,75,80,,,,,,3,512,,technical_check,vplc_status_cycle_duration_not_validated_as_Tper,0.120,100,работает
RUN_20260510_VPLC_L3_STRESS_75_80_S01_R05,VPLC_L3_STRESS_75_80,SER_20260510_VPLC_L3_STRESS_75_80_S01,vPLC_container,VPLC_HOST,593,,,2026-05-09T22:04:00.703299886Z,,,,host_log,75,80,,,,,,3,512,,technical_check,vplc_status_cycle_duration_not_validated_as_Tper,0.258,100,работает
RUN_20260510_VPLC_L3_STRESS_75_80_S01_R05,VPLC_L3_STRESS_75_80,SER_20260510_VPLC_L3_STRESS_75_80_S01,vPLC_container,VPLC_HOST,594,,,2026-05-09T22:04:01.763122562Z,,,,host_log,75,80,,,,,,3,512,,technical_check,vplc_status_cycle_duration_not_validated_as_Tper,0.259,100,работает
RUN_20260510_VPLC_L3_STRESS_75_80_S01_R05,VPLC_L3_STRESS_75_80,SER_20260510_VPLC_L3_STRESS_75_80_S01,vPLC_container,VPLC_HOST,595,,,2026-05-09T22:04:02.818127708Z,,,,host_log,75,80,,,,,,3,512,,technical_check,vplc_status_cycle_duration_not_validated_as_Tper,0.252,100,работает
RUN_20260510_VPLC_L3_STRESS_75_80_S01_R05,VPLC_L3_STRESS_75_80,SER_20260510_VPLC_L3_STRESS_75_80_S01,vPLC_container,VPLC_HOST,596,,,2026-05-09T22:04:03.874464697Z,,,,host_log,75,80,,,,,,3,512,,technical_check,vplc_status_cycle_duration_not_validated_as_Tper,0.258,100,работает
RUN_20260510_VPLC_L3_STRESS_75_80_S01_R05,VPLC_L3_STRESS_75_80,SER_20260510_VPLC_L3_STRESS_75_80_S01,vPLC_container,VPLC_HOST,597,,,2026-05-09T22:04:04.929371845Z,,,,host_log,75,80,,,,,,3,512,,technical_check,vplc_status_cycle_duration_not_validated_as_Tper,0.237,100,работает
RUN_20260510_VPLC_L3_STRESS_75_80_S01_R05,VPLC_L3_STRESS_75_80,SER_20260510_VPLC_L3_STRESS_75_80_S01,vPLC_container,VPLC_HOST,598,,,2026-05-09T22:04:05.983851124Z,,,,host_log,75,80,,,,,,3,512,,technical_check,vplc_status_cycle_duration_not_validated_as_Tper,0.255,100,работает
RUN_20260510_VPLC_L3_STRESS_75_80_S01_R05,VPLC_L3_STRESS_75_80,SER_20260510_VPLC_L3_STRESS_75_80_S01,vPLC_container,VPLC_HOST,599,,,2026-05-09T22:04:07.040585709Z,,,,host_log,75,80,,,,,,3,512,,technical_check,vplc_status_cycle_duration_not_validated_as_Tper,0.236,100,работает
RUN_20260510_VPLC_L3_STRESS_75_80_S01_R05,VPLC_L3_STRESS_75_80,SER_20260510_VPLC_L3_STRESS_75_80_S01,vPLC_container,VPLC_HOST,600,,,2026-05-09T22:04:08.095207748Z,,,,host_log,75,80,,,,,,3,512,,technical_check,vplc_status_cycle_duration_not_validated_as_Tper,0.257,100,работает
RUN_20260510_VPLC_L3_STRESS_75_80_S01_R05,VPLC_L3_STRESS_75_80,SER_20260510_VPLC_L3_STRESS_75_80_S01,vPLC_container,VPLC_HOST,601,,,2026-05-09T22:04:09.148672979Z,,,,host_log,75,80,,,,,,3,512,,technical_check,vplc_status_cycle_duration_not_validated_as_Tper,0.138,100,работает
RUN_20260510_VPLC_L3_STRESS_75_80_S01_R05,VPLC_L3_STRESS_75_80,SER_20260510_VPLC_L3_STRESS_75_80_S01,vPLC_container,VPLC_HOST,602,,,2026-05-09T22:04:10.203803581Z,,,,host_log,75,80,,,,,,3,512,,technical_check,vplc_status_cycle_duration_not_validated_as_Tper,0.254,100,работает
RUN_20260510_VPLC_L3_STRESS_75_80_S01_R05,VPLC_L3_STRESS_75_80,SER_20260510_VPLC_L3_STRESS_75_80_S01,vPLC_container,VPLC_HOST,603,,,2026-05-09T22:04:11.261439307Z,,,,host_log,75,80,,,,,,3,512,,technical_check,vplc_status_cycle_duration_not_validated_as_Tper,0.259,100,работает
RUN_20260510_VPLC_L3_STRESS_75_80_S01_R05,VPLC_L3_STRESS_75_80,SER_20260510_VPLC_L3_STRESS_75_80_S01,vPLC_container,VPLC_HOST,604,,,2026-05-09T22:04:12.316084036Z,,,,host_log,75,80,,,,,,3,512,,technical_check,vplc_status_cycle_duration_not_validated_as_Tper,0.257,100,работает
RUN_20260510_VPLC_L3_STRESS_75_80_S01_R05,VPLC_L3_STRESS_75_80,SER_20260510_VPLC_L3_STRESS_75_80_S01,vPLC_container,VPLC_HOST,605,,,2026-05-09T22:04:13.369072182Z,,,,host_log,75,80,,,,,,3,512,,technical_check,vplc_status_cycle_duration_not_validated_as_Tper,4.374,100,работает
RUN_20260510_VPLC_L3_STRESS_75_80_S01_R05,VPLC_L3_STRESS_75_80,SER_20260510_VPLC_L3_STRESS_75_80_S01,vPLC_container,VPLC_HOST,606,,,2026-05-09T22:04:14.425096595Z,,,,host_log,75,80,,,,,,3,512,,technical_check,vplc_status_cycle_duration_not_validated_as_Tper,0.257,100,работает
RUN_20260510_VPLC_L3_STRESS_75_80_S01_R05,VPLC_L3_STRESS_75_80,SER_20260510_VPLC_L3_STRESS_75_80_S01,vPLC_container,VPLC_HOST,607,,,2026-05-09T22:04:15.477866231Z,,,,host_log,75,80,,,,,,3,512,,technical_check,vplc_status_cycle_duration_not_validated_as_Tper,0.254,100,работает
RUN_20260510_VPLC_L3_STRESS_75_80_S01_R05,VPLC_L3_STRESS_75_80,SER_20260510_VPLC_L3_STRESS_75_80_S01,vPLC_container,VPLC_HOST,608,,,2026-05-09T22:04:16.535825449Z,,,,host_log,75,80,,,,,,3,512,,technical_check,vplc_status_cycle_duration_not_validated_as_Tper,0.237,100,работает
RUN_20260510_VPLC_L3_STRESS_75_80_S01_R05,VPLC_L3_STRESS_75_80,SER_20260510_VPLC_L3_STRESS_75_80_S01,vPLC_container,VPLC_HOST,609,,,2026-05-09T22:04:17.593129189Z,,,,host_log,75,80,,,,,,3,512,,technical_check,vplc_status_cycle_duration_not_validated_as_Tper,0.253,100,работает
RUN_20260510_VPLC_L3_STRESS_75_80_S01_R05,VPLC_L3_STRESS_75_80,SER_20260510_VPLC_L3_STRESS_75_80_S01,vPLC_container,VPLC_HOST,610,,,2026-05-09T22:04:18.648917831Z,,,,host_log,75,80,,,,,,3,512,,technical_check,vplc_status_cycle_duration_not_validated_as_Tper,0.139,100,работает
RUN_20260510_VPLC_L3_STRESS_75_80_S01_R05,VPLC_L3_STRESS_75_80,SER_20260510_VPLC_L3_STRESS_75_80_S01,vPLC_container,VPLC_HOST,611,,,2026-05-09T22:04:19.702445740Z,,,,host_log,75,80,,,,,,3,512,,technical_check,vplc_status_cycle_duration_not_validated_as_Tper,0.258,100,работает
RUN_20260510_VPLC_L3_STRESS_75_80_S01_R05,VPLC_L3_STRESS_75_80,SER_20260510_VPLC_L3_STRESS_75_80_S01,vPLC_container,VPLC_HOST,612,,,2026-05-09T22:04:20.759831252Z,,,,host_log,75,80,,,,,,3,512,,technical_check,vplc_status_cycle_duration_not_validated_as_Tper,0.246,100,работает
RUN_20260510_VPLC_L3_STRESS_75_80_S01_R05,VPLC_L3_STRESS_75_80,SER_20260510_VPLC_L3_STRESS_75_80_S01,vPLC_container,VPLC_HOST,613,,,2026-05-09T22:04:21.815512994Z,,,,host_log,75,80,,,,,,3,512,,technical_check,vplc_status_cycle_duration_not_validated_as_Tper,0.251,100,работает
RUN_20260510_VPLC_L3_STRESS_75_80_S01_R05,VPLC_L3_STRESS_75_80,SER_20260510_VPLC_L3_STRESS_75_80_S01,vPLC_container,VPLC_HOST,614,,,2026-05-09T22:04:22.868588784Z,,,,host_log,75,80,,,,,,3,512,,technical_check,vplc_status_cycle_duration_not_validated_as_Tper,0.260,100,работает
RUN_20260510_VPLC_L3_STRESS_75_80_S01_R05,VPLC_L3_STRESS_75_80,SER_20260510_VPLC_L3_STRESS_75_80_S01,vPLC_container,VPLC_HOST,615,,,2026-05-09T22:04:23.923936561Z,,,,host_log,75,80,,,,,,3,512,,technical_check,vplc_status_cycle_duration_not_validated_as_Tper,0.251,100,работает
RUN_20260510_VPLC_L3_STRESS_75_80_S01_R05,VPLC_L3_STRESS_75_80,SER_20260510_VPLC_L3_STRESS_75_80_S01,vPLC_container,VPLC_HOST,616,,,2026-05-09T22:04:24.981842165Z,,,,host_log,75,80,,,,,,3,512,,technical_check,vplc_status_cycle_duration_not_validated_as_Tper,0.251,100,работает
RUN_20260510_VPLC_L3_STRESS_75_80_S01_R05,VPLC_L3_STRESS_75_80,SER_20260510_VPLC_L3_STRESS_75_80_S01,vPLC_container,VPLC_HOST,617,,,2026-05-09T22:04:26.036513392Z,,,,host_log,75,80,,,,,,3,512,,technical_check,vplc_status_cycle_duration_not_validated_as_Tper,0.238,100,работает
RUN_20260510_VPLC_L3_STRESS_75_80_S01_R05,VPLC_L3_STRESS_75_80,SER_20260510_VPLC_L3_STRESS_75_80_S01,vPLC_container,VPLC_HOST,618,,,2026-05-09T22:04:27.089761743Z,,,,host_log,75,80,,,,,,3,512,,technical_check,vplc_status_cycle_duration_not_validated_as_Tper,0.258,100,работает
RUN_20260510_VPLC_L3_STRESS_75_80_S01_R05,VPLC_L3_STRESS_75_80,SER_20260510_VPLC_L3_STRESS_75_80_S01,vPLC_container,VPLC_HOST,619,,,2026-05-09T22:04:28.148226672Z,,,,host_log,75,80,,,,,,3,512,,technical_check,vplc_status_cycle_duration_not_validated_as_Tper,0.152,100,работает
RUN_20260510_VPLC_L3_STRESS_75_80_S01_R05,VPLC_L3_STRESS_75_80,SER_20260510_VPLC_L3_STRESS_75_80_S01,vPLC_container,VPLC_HOST,620,,,2026-05-09T22:04:29.202983860Z,,,,host_log,75,80,,,,,,3,512,,technical_check,vplc_status_cycle_duration_not_validated_as_Tper,0.256,100,работает
RUN_20260510_VPLC_L3_STRESS_75_80_S01_R05,VPLC_L3_STRESS_75_80,SER_20260510_VPLC_L3_STRESS_75_80_S01,vPLC_container,VPLC_HOST,621,,,2026-05-09T22:04:30.258240063Z,,,,host_log,75,80,,,,,,3,512,,technical_check,vplc_status_cycle_duration_not_validated_as_Tper,0.240,100,работает
RUN_20260510_VPLC_L3_STRESS_75_80_S01_R05,VPLC_L3_STRESS_75_80,SER_20260510_VPLC_L3_STRESS_75_80_S01,vPLC_container,VPLC_HOST,622,,,2026-05-09T22:04:31.313719301Z,,,,host_log,75,80,,,,,,3,512,,technical_check,vplc_status_cycle_duration_not_validated_as_Tper,0.257,100,работает
RUN_20260510_VPLC_L3_STRESS_75_80_S01_R05,VPLC_L3_STRESS_75_80,SER_20260510_VPLC_L3_STRESS_75_80_S01,vPLC_container,VPLC_HOST,623,,,2026-05-09T22:04:32.368406200Z,,,,host_log,75,80,,,,,,3,512,,technical_check,vplc_status_cycle_duration_not_validated_as_Tper,4.363,100,работает
RUN_20260510_VPLC_L3_STRESS_75_80_S01_R05,VPLC_L3_STRESS_75_80,SER_20260510_VPLC_L3_STRESS_75_80_S01,vPLC_container,VPLC_HOST,624,,,2026-05-09T22:04:33.421782207Z,,,,host_log,75,80,,,,,,3,512,,technical_check,vplc_status_cycle_duration_not_validated_as_Tper,0.256,100,работает
RUN_20260510_VPLC_L3_STRESS_75_80_S01_R05,VPLC_L3_STRESS_75_80,SER_20260510_VPLC_L3_STRESS_75_80_S01,vPLC_container,VPLC_HOST,625,,,2026-05-09T22:04:34.477797747Z,,,,host_log,75,80,,,,,,3,512,,technical_check,vplc_status_cycle_duration_not_validated_as_Tper,0.259,100,работает
RUN_20260510_VPLC_L3_STRESS_75_80_S01_R05,VPLC_L3_STRESS_75_80,SER_20260510_VPLC_L3_STRESS_75_80_S01,vPLC_container,VPLC_HOST,626,,,2026-05-09T22:04:35.531977970Z,,,,host_log,75,80,,,,,,3,512,,technical_check,vplc_status_cycle_duration_not_validated_as_Tper,0.234,100,работает
RUN_20260510_VPLC_L3_STRESS_75_80_S01_R05,VPLC_L3_STRESS_75_80,SER_20260510_VPLC_L3_STRESS_75_80_S01,vPLC_container,VPLC_HOST,627,,,2026-05-09T22:04:36.589246813Z,,,,host_log,75,80,,,,,,3,512,,technical_check,vplc_status_cycle_duration_not_validated_as_Tper,0.253,100,работает
RUN_20260510_VPLC_L3_STRESS_75_80_S01_R05,VPLC_L3_STRESS_75_80,SER_20260510_VPLC_L3_STRESS_75_80_S01,vPLC_container,VPLC_HOST,628,,,2026-05-09T22:04:37.645290203Z,,,,host_log,75,80,,,,,,3,512,,technical_check,vplc_status_cycle_duration_not_validated_as_Tper,0.210,100,работает
RUN_20260510_VPLC_L3_STRESS_75_80_S01_R05,VPLC_L3_STRESS_75_80,SER_20260510_VPLC_L3_STRESS_75_80_S01,vPLC_container,VPLC_HOST,629,,,2026-05-09T22:04:38.698371205Z,,,,host_log,75,80,,,,,,3,512,,technical_check,vplc_status_cycle_duration_not_validated_as_Tper,0.257,100,работает
RUN_20260510_VPLC_L3_STRESS_75_80_S01_R05,VPLC_L3_STRESS_75_80,SER_20260510_VPLC_L3_STRESS_75_80_S01,vPLC_container,VPLC_HOST,630,,,2026-05-09T22:04:39.755581765Z,,,,host_log,75,80,,,,,,3,512,,technical_check,vplc_status_cycle_duration_not_validated_as_Tper,0.173,100,работает
RUN_20260510_VPLC_L3_STRESS_75_80_S01_R05,VPLC_L3_STRESS_75_80,SER_20260510_VPLC_L3_STRESS_75_80_S01,vPLC_container,VPLC_HOST,631,,,2026-05-09T22:04:40.811651502Z,,,,host_log,75,80,,,,,,3,512,,technical_check,vplc_status_cycle_duration_not_validated_as_Tper,0.259,100,работает
RUN_20260510_VPLC_L3_STRESS_75_80_S01_R05,VPLC_L3_STRESS_75_80,SER_20260510_VPLC_L3_STRESS_75_80_S01,vPLC_container,VPLC_HOST,632,,,2026-05-09T22:04:41.864523867Z,,,,host_log,75,80,,,,,,3,512,,technical_check,vplc_status_cycle_duration_not_validated_as_Tper,0.258,100,работает
RUN_20260510_VPLC_L3_STRESS_75_80_S01_R05,VPLC_L3_STRESS_75_80,SER_20260510_VPLC_L3_STRESS_75_80_S01,vPLC_container,VPLC_HOST,633,,,2026-05-09T22:04:42.917483816Z,,,,host_log,75,80,,,,,,3,512,,technical_check,vplc_status_cycle_duration_not_validated_as_Tper,0.255,100,работает
RUN_20260510_VPLC_L3_STRESS_75_80_S01_R05,VPLC_L3_STRESS_75_80,SER_20260510_VPLC_L3_STRESS_75_80_S01,vPLC_container,VPLC_HOST,634,,,2026-05-09T22:04:43.975054387Z,,,,host_log,75,80,,,,,,3,512,,technical_check,vplc_status_cycle_duration_not_validated_as_Tper,0.256,100,работает
RUN_20260510_VPLC_L3_STRESS_75_80_S01_R05,VPLC_L3_STRESS_75_80,SER_20260510_VPLC_L3_STRESS_75_80_S01,vPLC_container,VPLC_HOST,635,,,2026-05-09T22:04:45.033102491Z,,,,host_log,75,80,,,,,,3,512,,technical_check,vplc_status_cycle_duration_not_validated_as_Tper,0.255,100,работает
RUN_20260510_VPLC_L3_STRESS_75_80_S01_R05,VPLC_L3_STRESS_75_80,SER_20260510_VPLC_L3_STRESS_75_80_S01,vPLC_container,VPLC_HOST,636,,,2026-05-09T22:04:46.088078230Z,,,,host_log,75,80,,,,,,3,512,,technical_check,vplc_status_cycle_duration_not_validated_as_Tper,0.253,100,работает
RUN_20260510_VPLC_L3_STRESS_75_80_S01_R05,VPLC_L3_STRESS_75_80,SER_20260510_VPLC_L3_STRESS_75_80_S01,vPLC_container,VPLC_HOST,637,,,2026-05-09T22:04:47.142383753Z,,,,host_log,75,80,,,,,,3,512,,technical_check,vplc_status_cycle_duration_not_validated_as_Tper,0.239,100,работает
RUN_20260510_VPLC_L3_STRESS_75_80_S01_R05,VPLC_L3_STRESS_75_80,SER_20260510_VPLC_L3_STRESS_75_80_S01,vPLC_container,VPLC_HOST,638,,,2026-05-09T22:04:48.197392748Z,,,,host_log,75,80,,,,,,3,512,,technical_check,vplc_status_cycle_duration_not_validated_as_Tper,0.251,100,работает
RUN_20260510_VPLC_L3_STRESS_75_80_S01_R05,VPLC_L3_STRESS_75_80,SER_20260510_VPLC_L3_STRESS_75_80_S01,vPLC_container,VPLC_HOST,639,,,2026-05-09T22:04:49.253954344Z,,,,host_log,75,80,,,,,,3,512,,technical_check,vplc_status_cycle_duration_not_validated_as_Tper,0.172,100,работает
RUN_20260510_VPLC_L3_STRESS_75_80_S01_R05,VPLC_L3_STRESS_75_80,SER_20260510_VPLC_L3_STRESS_75_80_S01,vPLC_container,VPLC_HOST,640,,,2026-05-09T22:04:50.309330547Z,,,,host_log,75,80,,,,,,3,512,,technical_check,vplc_status_cycle_duration_not_validated_as_Tper,0.258,100,работает
RUN_20260510_VPLC_L3_STRESS_75_80_S01_R05,VPLC_L3_STRESS_75_80,SER_20260510_VPLC_L3_STRESS_75_80_S01,vPLC_container,VPLC_HOST,641,,,2026-05-09T22:04:51.363371461Z,,,,host_log,75,80,,,,,,3,512,,technical_check,vplc_status_cycle_duration_not_validated_as_Tper,4.757,100,работает
RUN_20260510_VPLC_L3_STRESS_75_80_S01_R05,VPLC_L3_STRESS_75_80,SER_20260510_VPLC_L3_STRESS_75_80_S01,vPLC_container,VPLC_HOST,642,,,2026-05-09T22:04:52.417492465Z,,,,host_log,75,80,,,,,,3,512,,technical_check,vplc_status_cycle_duration_not_validated_as_Tper,4.722,100,работает
RUN_20260510_VPLC_L3_STRESS_75_80_S01_R05,VPLC_L3_STRESS_75_80,SER_20260510_VPLC_L3_STRESS_75_80_S01,vPLC_container,VPLC_HOST,643,,,2026-05-09T22:04:53.472997478Z,,,,host_log,75,80,,,,,,3,512,,technical_check,vplc_status_cycle_duration_not_validated_as_Tper,0.257,100,работает
RUN_20260510_VPLC_L3_STRESS_75_80_S01_R05,VPLC_L3_STRESS_75_80,SER_20260510_VPLC_L3_STRESS_75_80_S01,vPLC_container,VPLC_HOST,644,,,2026-05-09T22:04:54.529302840Z,,,,host_log,75,80,,,,,,3,512,,technical_check,vplc_status_cycle_duration_not_validated_as_Tper,0.233,100,работает
RUN_20260510_VPLC_L3_STRESS_75_80_S01_R05,VPLC_L3_STRESS_75_80,SER_20260510_VPLC_L3_STRESS_75_80_S01,vPLC_container,VPLC_HOST,645,,,2026-05-09T22:04:55.584525852Z,,,,host_log,75,80,,,,,,3,512,,technical_check,vplc_status_cycle_duration_not_validated_as_Tper,0.258,100,работает
RUN_20260510_VPLC_L3_STRESS_75_80_S01_R05,VPLC_L3_STRESS_75_80,SER_20260510_VPLC_L3_STRESS_75_80_S01,vPLC_container,VPLC_HOST,646,,,2026-05-09T22:04:56.638862370Z,,,,host_log,75,80,,,,,,3,512,,technical_check,vplc_status_cycle_duration_not_validated_as_Tper,0.237,100,работает
RUN_20260510_VPLC_L3_STRESS_75_80_S01_R05,VPLC_L3_STRESS_75_80,SER_20260510_VPLC_L3_STRESS_75_80_S01,vPLC_container,VPLC_HOST,647,,,2026-05-09T22:04:57.691986945Z,,,,host_log,75,80,,,,,,3,512,,technical_check,vplc_status_cycle_duration_not_validated_as_Tper,0.208,100,работает
RUN_20260510_VPLC_L3_STRESS_75_80_S01_R05,VPLC_L3_STRESS_75_80,SER_20260510_VPLC_L3_STRESS_75_80_S01,vPLC_container,VPLC_HOST,648,,,2026-05-09T22:04:58.749835911Z,,,,host_log,75,80,,,,,,3,512,,technical_check,vplc_status_cycle_duration_not_validated_as_Tper,0.134,100,работает
RUN_20260510_VPLC_L3_STRESS_75_80_S01_R05,VPLC_L3_STRESS_75_80,SER_20260510_VPLC_L3_STRESS_75_80_S01,vPLC_container,VPLC_HOST,649,,,2026-05-09T22:04:59.805453578Z,,,,host_log,75,80,,,,,,3,512,,technical_check,vplc_status_cycle_duration_not_validated_as_Tper,0.253,100,работает
RUN_20260510_VPLC_L3_STRESS_75_80_S01_R05,VPLC_L3_STRESS_75_80,SER_20260510_VPLC_L3_STRESS_75_80_S01,vPLC_container,VPLC_HOST,650,,,2026-05-09T22:05:00.859262831Z,,,,host_log,75,80,,,,,,3,512,,technical_check,vplc_status_cycle_duration_not_validated_as_Tper,0.248,100,работает
RUN_20260510_VPLC_L3_STRESS_75_80_S01_R05,VPLC_L3_STRESS_75_80,SER_20260510_VPLC_L3_STRESS_75_80_S01,vPLC_container,VPLC_HOST,651,,,2026-05-09T22:05:01.913889768Z,,,,host_log,75,80,,,,,,3,512,,technical_check,vplc_status_cycle_duration_not_validated_as_Tper,0.257,100,работает
RUN_20260510_VPLC_L3_STRESS_75_80_S01_R05,VPLC_L3_STRESS_75_80,SER_20260510_VPLC_L3_STRESS_75_80_S01,vPLC_container,VPLC_HOST,652,,,2026-05-09T22:05:02.968894163Z,,,,host_log,75,80,,,,,,3,512,,technical_check,vplc_status_cycle_duration_not_validated_as_Tper,0.252,100,работает
RUN_20260510_VPLC_L3_STRESS_75_80_S01_R05,VPLC_L3_STRESS_75_80,SER_20260510_VPLC_L3_STRESS_75_80_S01,vPLC_container,VPLC_HOST,653,,,2026-05-09T22:05:04.024470330Z,,,,host_log,75,80,,,,,,3,512,,technical_check,vplc_status_cycle_duration_not_validated_as_Tper,0.235,100,работает
RUN_20260510_VPLC_L3_STRESS_75_80_S01_R05,VPLC_L3_STRESS_75_80,SER_20260510_VPLC_L3_STRESS_75_80_S01,vPLC_container,VPLC_HOST,654,,,2026-05-09T22:05:05.080144436Z,,,,host_log,75,80,,,,,,3,512,,technical_check,vplc_status_cycle_duration_not_validated_as_Tper,0.258,100,работает
RUN_20260510_VPLC_L3_STRESS_75_80_S01_R05,VPLC_L3_STRESS_75_80,SER_20260510_VPLC_L3_STRESS_75_80_S01,vPLC_container,VPLC_HOST,655,,,2026-05-09T22:05:06.134851427Z,,,,host_log,75,80,,,,,,3,512,,technical_check,vplc_status_cycle_duration_not_validated_as_Tper,0.229,100,работает
RUN_20260510_VPLC_L3_STRESS_75_80_S01_R05,VPLC_L3_STRESS_75_80,SER_20260510_VPLC_L3_STRESS_75_80_S01,vPLC_container,VPLC_HOST,656,,,2026-05-09T22:05:07.192579278Z,,,,host_log,75,80,,,,,,3,512,,technical_check,vplc_status_cycle_duration_not_validated_as_Tper,0.252,100,работает
RUN_20260510_VPLC_L3_STRESS_75_80_S01_R05,VPLC_L3_STRESS_75_80,SER_20260510_VPLC_L3_STRESS_75_80_S01,vPLC_container,VPLC_HOST,657,,,2026-05-09T22:05:08.245092645Z,,,,host_log,75,80,,,,,,3,512,,technical_check,vplc_status_cycle_duration_not_validated_as_Tper,0.210,100,работает
RUN_20260510_VPLC_L3_STRESS_75_80_S01_R05,VPLC_L3_STRESS_75_80,SER_20260510_VPLC_L3_STRESS_75_80_S01,vPLC_container,VPLC_HOST,658,,,2026-05-09T22:05:09.300537122Z,,,,host_log,75,80,,,,,,3,512,,technical_check,vplc_status_cycle_duration_not_validated_as_Tper,0.257,100,работает
RUN_20260510_VPLC_L3_STRESS_75_80_S01_R05,VPLC_L3_STRESS_75_80,SER_20260510_VPLC_L3_STRESS_75_80_S01,vPLC_container,VPLC_HOST,659,,,2026-05-09T22:05:10.358437134Z,,,,host_log,75,80,,,,,,3,512,,technical_check,vplc_status_cycle_duration_not_validated_as_Tper,4.592,100,работает
RUN_20260510_VPLC_L3_STRESS_75_80_S01_R05,VPLC_L3_STRESS_75_80,SER_20260510_VPLC_L3_STRESS_75_80_S01,vPLC_container,VPLC_HOST,660,,,2026-05-09T22:05:11.412895695Z,,,,host_log,75,80,,,,,,3,512,,technical_check,vplc_status_cycle_duration_not_validated_as_Tper,4.784,100,работает
RUN_20260510_VPLC_L3_STRESS_75_80_S01_R05,VPLC_L3_STRESS_75_80,SER_20260510_VPLC_L3_STRESS_75_80_S01,vPLC_container,VPLC_HOST,661,,,2026-05-09T22:05:12.466769957Z,,,,host_log,75,80,,,,,,3,512,,technical_check,vplc_status_cycle_duration_not_validated_as_Tper,0.255,100,работает
RUN_20260510_VPLC_L3_STRESS_75_80_S01_R05,VPLC_L3_STRESS_75_80,SER_20260510_VPLC_L3_STRESS_75_80_S01,vPLC_container,VPLC_HOST,662,,,2026-05-09T22:05:13.521919912Z,,,,host_log,75,80,,,,,,3,512,,technical_check,vplc_status_cycle_duration_not_validated_as_Tper,0.257,100,работает
RUN_20260510_VPLC_L3_STRESS_75_80_S01_R05,VPLC_L3_STRESS_75_80,SER_20260510_VPLC_L3_STRESS_75_80_S01,vPLC_container,VPLC_HOST,663,,,2026-05-09T22:05:14.579621146Z,,,,host_log,75,80,,,,,,3,512,,technical_check,vplc_status_cycle_duration_not_validated_as_Tper,0.258,100,работает
RUN_20260510_VPLC_L3_STRESS_75_80_S01_R05,VPLC_L3_STRESS_75_80,SER_20260510_VPLC_L3_STRESS_75_80_S01,vPLC_container,VPLC_HOST,664,,,2026-05-09T22:05:15.632963336Z,,,,host_log,75,80,,,,,,3,512,,technical_check,vplc_status_cycle_duration_not_validated_as_Tper,0.257,100,работает
RUN_20260510_VPLC_L3_STRESS_75_80_S01_R05,VPLC_L3_STRESS_75_80,SER_20260510_VPLC_L3_STRESS_75_80_S01,vPLC_container,VPLC_HOST,665,,,2026-05-09T22:05:16.688804164Z,,,,host_log,75,80,,,,,,3,512,,technical_check,vplc_status_cycle_duration_not_validated_as_Tper,0.257,100,работает
RUN_20260510_VPLC_L3_STRESS_75_80_S01_R05,VPLC_L3_STRESS_75_80,SER_20260510_VPLC_L3_STRESS_75_80_S01,vPLC_container,VPLC_HOST,666,,,2026-05-09T22:05:17.743766346Z,,,,host_log,75,80,,,,,,3,512,,technical_check,vplc_status_cycle_duration_not_validated_as_Tper,0.205,100,работает
RUN_20260510_VPLC_L3_STRESS_75_80_S01_R05,VPLC_L3_STRESS_75_80,SER_20260510_VPLC_L3_STRESS_75_80_S01,vPLC_container,VPLC_HOST,667,,,2026-05-09T22:05:18.796403244Z,,,,host_log,75,80,,,,,,3,512,,technical_check,vplc_status_cycle_duration_not_validated_as_Tper,0.251,100,работает
RUN_20260510_VPLC_L3_STRESS_75_80_S01_R05,VPLC_L3_STRESS_75_80,SER_20260510_VPLC_L3_STRESS_75_80_S01,vPLC_container,VPLC_HOST,668,,,2026-05-09T22:05:19.852413624Z,,,,host_log,75,80,,,,,,3,512,,technical_check,vplc_status_cycle_duration_not_validated_as_Tper,0.129,100,работает
RUN_20260510_VPLC_L3_STRESS_75_80_S01_R05,VPLC_L3_STRESS_75_80,SER_20260510_VPLC_L3_STRESS_75_80_S01,vPLC_container,VPLC_HOST,669,,,2026-05-09T22:05:20.910175135Z,,,,host_log,75,80,,,,,,3,512,,technical_check,vplc_status_cycle_duration_not_validated_as_Tper,0.259,100,работает
RUN_20260510_VPLC_L3_STRESS_75_80_S01_R05,VPLC_L3_STRESS_75_80,SER_20260510_VPLC_L3_STRESS_75_80_S01,vPLC_container,VPLC_HOST,670,,,2026-05-09T22:05:21.965516613Z,,,,host_log,75,80,,,,,,3,512,,technical_check,vplc_status_cycle_duration_not_validated_as_Tper,0.251,100,работает
RUN_20260510_VPLC_L3_STRESS_75_80_S01_R05,VPLC_L3_STRESS_75_80,SER_20260510_VPLC_L3_STRESS_75_80_S01,vPLC_container,VPLC_HOST,671,,,2026-05-09T22:05:23.015796832Z,,,,host_log,75,80,,,,,,3,512,,technical_check,vplc_status_cycle_duration_not_validated_as_Tper,0.255,100,работает
RUN_20260510_VPLC_L3_STRESS_75_80_S01_R05,VPLC_L3_STRESS_75_80,SER_20260510_VPLC_L3_STRESS_75_80_S01,vPLC_container,VPLC_HOST,672,,,2026-05-09T22:05:24.076763607Z,,,,host_log,75,80,,,,,,3,512,,technical_check,vplc_status_cycle_duration_not_validated_as_Tper,0.256,100,работает
RUN_20260510_VPLC_L3_STRESS_75_80_S01_R05,VPLC_L3_STRESS_75_80,SER_20260510_VPLC_L3_STRESS_75_80_S01,vPLC_container,VPLC_HOST,673,,,2026-05-09T22:05:25.130992907Z,,,,host_log,75,80,,,,,,3,512,,technical_check,vplc_status_cycle_duration_not_validated_as_Tper,0.232,100,работает
RUN_20260510_VPLC_L3_STRESS_75_80_S01_R05,VPLC_L3_STRESS_75_80,SER_20260510_VPLC_L3_STRESS_75_80_S01,vPLC_container,VPLC_HOST,674,,,2026-05-09T22:05:26.183662536Z,,,,host_log,75,80,,,,,,3,512,,technical_check,vplc_status_cycle_duration_not_validated_as_Tper,0.257,100,работает
RUN_20260510_VPLC_L3_STRESS_75_80_S01_R05,VPLC_L3_STRESS_75_80,SER_20260510_VPLC_L3_STRESS_75_80_S01,vPLC_container,VPLC_HOST,675,,,2026-05-09T22:05:27.237691583Z,,,,host_log,75,80,,,,,,3,512,,technical_check,vplc_status_cycle_duration_not_validated_as_Tper,0.236,100,работает
RUN_20260510_VPLC_L3_STRESS_75_80_S01_R05,VPLC_L3_STRESS_75_80,SER_20260510_VPLC_L3_STRESS_75_80_S01,vPLC_container,VPLC_HOST,676,,,2026-05-09T22:05:28.291112556Z,,,,host_log,75,80,,,,,,3,512,,technical_check,vplc_status_cycle_duration_not_validated_as_Tper,0.256,100,работает
RUN_20260510_VPLC_L3_STRESS_75_80_S01_R05,VPLC_L3_STRESS_75_80,SER_20260510_VPLC_L3_STRESS_75_80_S01,vPLC_container,VPLC_HOST,677,,,2026-05-09T22:05:29.344374286Z,,,,host_log,75,80,,,,,,3,512,,technical_check,vplc_status_cycle_duration_not_validated_as_Tper,4.876,100,работает
RUN_20260510_VPLC_L3_STRESS_75_80_S01_R05,VPLC_L3_STRESS_75_80,SER_20260510_VPLC_L3_STRESS_75_80_S01,vPLC_container,VPLC_HOST,678,,,2026-05-09T22:05:30.401450507Z,,,,host_log,75,80,,,,,,3,512,,technical_check,vplc_status_cycle_duration_not_validated_as_Tper,5.296,100,работает
RUN_20260510_VPLC_L3_STRESS_75_80_S01_R05,VPLC_L3_STRESS_75_80,SER_20260510_VPLC_L3_STRESS_75_80_S01,vPLC_container,VPLC_HOST,679,,,2026-05-09T22:05:31.455179379Z,,,,host_log,75,80,,,,,,3,512,,technical_check,vplc_status_cycle_duration_not_validated_as_Tper,0.173,100,работает
RUN_20260510_VPLC_L3_STRESS_75_80_S01_R05,VPLC_L3_STRESS_75_80,SER_20260510_VPLC_L3_STRESS_75_80_S01,vPLC_container,VPLC_HOST,680,,,2026-05-09T22:05:32.512519439Z,,,,host_log,75,80,,,,,,3,512,,technical_check,vplc_status_cycle_duration_not_validated_as_Tper,0.258,100,работает
RUN_20260510_VPLC_L3_STRESS_75_80_S01_R05,VPLC_L3_STRESS_75_80,SER_20260510_VPLC_L3_STRESS_75_80_S01,vPLC_container,VPLC_HOST,681,,,2026-05-09T22:05:33.563571263Z,,,,host_log,75,80,,,,,,3,512,,technical_check,vplc_status_cycle_duration_not_validated_as_Tper,0.249,100,работает
RUN_20260510_VPLC_L3_STRESS_75_80_S01_R05,VPLC_L3_STRESS_75_80,SER_20260510_VPLC_L3_STRESS_75_80_S01,vPLC_container,VPLC_HOST,682,,,2026-05-09T22:05:34.623345953Z,,,,host_log,75,80,,,,,,3,512,,technical_check,vplc_status_cycle_duration_not_validated_as_Tper,0.256,100,работает
RUN_20260510_VPLC_L3_STRESS_75_80_S01_R05,VPLC_L3_STRESS_75_80,SER_20260510_VPLC_L3_STRESS_75_80_S01,vPLC_container,VPLC_HOST,683,,,2026-05-09T22:05:35.678783842Z,,,,host_log,75,80,,,,,,3,512,,technical_check,vplc_status_cycle_duration_not_validated_as_Tper,0.258,100,работает
RUN_20260510_VPLC_L3_STRESS_75_80_S01_R05,VPLC_L3_STRESS_75_80,SER_20260510_VPLC_L3_STRESS_75_80_S01,vPLC_container,VPLC_HOST,684,,,2026-05-09T22:05:36.734237383Z,,,,host_log,75,80,,,,,,3,512,,technical_check,vplc_status_cycle_duration_not_validated_as_Tper,0.231,100,работает
RUN_20260510_VPLC_L3_STRESS_75_80_S01_R05,VPLC_L3_STRESS_75_80,SER_20260510_VPLC_L3_STRESS_75_80_S01,vPLC_container,VPLC_HOST,685,,,2026-05-09T22:05:37.789463383Z,,,,host_log,75,80,,,,,,3,512,,technical_check,vplc_status_cycle_duration_not_validated_as_Tper,0.257,100,работает
RUN_20260510_VPLC_L3_STRESS_75_80_S01_R05,VPLC_L3_STRESS_75_80,SER_20260510_VPLC_L3_STRESS_75_80_S01,vPLC_container,VPLC_HOST,686,,,2026-05-09T22:05:38.844503512Z,,,,host_log,75,80,,,,,,3,512,,technical_check,vplc_status_cycle_duration_not_validated_as_Tper,0.238,100,работает
RUN_20260510_VPLC_L3_STRESS_75_80_S01_R05,VPLC_L3_STRESS_75_80,SER_20260510_VPLC_L3_STRESS_75_80_S01,vPLC_container,VPLC_HOST,687,,,2026-05-09T22:05:39.896958548Z,,,,host_log,75,80,,,,,,3,512,,technical_check,vplc_status_cycle_duration_not_validated_as_Tper,0.256,100,работает
RUN_20260510_VPLC_L3_STRESS_75_80_S01_R05,VPLC_L3_STRESS_75_80,SER_20260510_VPLC_L3_STRESS_75_80_S01,vPLC_container,VPLC_HOST,688,,,2026-05-09T22:05:40.954080316Z,,,,host_log,75,80,,,,,,3,512,,technical_check,vplc_status_cycle_duration_not_validated_as_Tper,0.172,100,работает
RUN_20260510_VPLC_L3_STRESS_75_80_S01_R05,VPLC_L3_STRESS_75_80,SER_20260510_VPLC_L3_STRESS_75_80_S01,vPLC_container,VPLC_HOST,689,,,2026-05-09T22:05:42.008890977Z,,,,host_log,75,80,,,,,,3,512,,technical_check,vplc_status_cycle_duration_not_validated_as_Tper,0.253,100,работает
RUN_20260510_VPLC_L3_STRESS_75_80_S01_R05,VPLC_L3_STRESS_75_80,SER_20260510_VPLC_L3_STRESS_75_80_S01,vPLC_container,VPLC_HOST,690,,,2026-05-09T22:05:43.064356269Z,,,,host_log,75,80,,,,,,3,512,,technical_check,vplc_status_cycle_duration_not_validated_as_Tper,0.255,100,работает
RUN_20260510_VPLC_L3_STRESS_75_80_S01_R05,VPLC_L3_STRESS_75_80,SER_20260510_VPLC_L3_STRESS_75_80_S01,vPLC_container,VPLC_HOST,691,,,2026-05-09T22:05:44.122913552Z,,,,host_log,75,80,,,,,,3,512,,technical_check,vplc_status_cycle_duration_not_validated_as_Tper,0.259,100,работает
RUN_20260510_VPLC_L3_STRESS_75_80_S01_R05,VPLC_L3_STRESS_75_80,SER_20260510_VPLC_L3_STRESS_75_80_S01,vPLC_container,VPLC_HOST,692,,,2026-05-09T22:05:45.173890988Z,,,,host_log,75,80,,,,,,3,512,,technical_check,vplc_status_cycle_duration_not_validated_as_Tper,0.252,100,работает
RUN_20260510_VPLC_L3_STRESS_75_80_S01_R05,VPLC_L3_STRESS_75_80,SER_20260510_VPLC_L3_STRESS_75_80_S01,vPLC_container,VPLC_HOST,693,,,2026-05-09T22:05:46.231202534Z,,,,host_log,75,80,,,,,,3,512,,technical_check,vplc_status_cycle_duration_not_validated_as_Tper,0.236,100,работает
RUN_20260510_VPLC_L3_STRESS_75_80_S01_R05,VPLC_L3_STRESS_75_80,SER_20260510_VPLC_L3_STRESS_75_80_S01,vPLC_container,VPLC_HOST,694,,,2026-05-09T22:05:47.287659015Z,,,,host_log,75,80,,,,,,3,512,,technical_check,vplc_status_cycle_duration_not_validated_as_Tper,0.258,100,работает
RUN_20260510_VPLC_L3_STRESS_75_80_S01_R05,VPLC_L3_STRESS_75_80,SER_20260510_VPLC_L3_STRESS_75_80_S01,vPLC_container,VPLC_HOST,695,,,2026-05-09T22:05:48.343890585Z,,,,host_log,75,80,,,,,,3,512,,technical_check,vplc_status_cycle_duration_not_validated_as_Tper,4.595,100,работает
RUN_20260510_VPLC_L3_STRESS_75_80_S01_R05,VPLC_L3_STRESS_75_80,SER_20260510_VPLC_L3_STRESS_75_80_S01,vPLC_container,VPLC_HOST,696,,,2026-05-09T22:05:49.398327043Z,,,,host_log,75,80,,,,,,3,512,,technical_check,vplc_status_cycle_duration_not_validated_as_Tper,5.171,100,работает
RUN_20260510_VPLC_L3_STRESS_75_80_S01_R05,VPLC_L3_STRESS_75_80,SER_20260510_VPLC_L3_STRESS_75_80_S01,vPLC_container,VPLC_HOST,697,,,2026-05-09T22:05:50.453702462Z,,,,host_log,75,80,,,,,,3,512,,technical_check,vplc_status_cycle_duration_not_validated_as_Tper,0.143,100,работает
RUN_20260510_VPLC_L3_STRESS_75_80_S01_R05,VPLC_L3_STRESS_75_80,SER_20260510_VPLC_L3_STRESS_75_80_S01,vPLC_container,VPLC_HOST,698,,,2026-05-09T22:05:51.509711970Z,,,,host_log,75,80,,,,,,3,512,,technical_check,vplc_status_cycle_duration_not_validated_as_Tper,0.256,100,работает
RUN_20260510_VPLC_L3_STRESS_75_80_S01_R05,VPLC_L3_STRESS_75_80,SER_20260510_VPLC_L3_STRESS_75_80_S01,vPLC_container,VPLC_HOST,699,,,2026-05-09T22:05:52.563975470Z,,,,host_log,75,80,,,,,,3,512,,technical_check,vplc_status_cycle_duration_not_validated_as_Tper,0.256,100,работает
RUN_20260510_VPLC_L3_STRESS_75_80_S01_R05,VPLC_L3_STRESS_75_80,SER_20260510_VPLC_L3_STRESS_75_80_S01,vPLC_container,VPLC_HOST,700,,,2026-05-09T22:05:53.620233409Z,,,,host_log,75,80,,,,,,3,512,,technical_check,vplc_status_cycle_duration_not_validated_as_Tper,0.259,100,работает
RUN_20260510_VPLC_L3_STRESS_75_80_S01_R05,VPLC_L3_STRESS_75_80,SER_20260510_VPLC_L3_STRESS_75_80_S01,vPLC_container,VPLC_HOST,701,,,2026-05-09T22:05:54.674023115Z,,,,host_log,75,80,,,,,,3,512,,technical_check,vplc_status_cycle_duration_not_validated_as_Tper,0.254,100,работает
RUN_20260510_VPLC_L3_STRESS_75_80_S01_R05,VPLC_L3_STRESS_75_80,SER_20260510_VPLC_L3_STRESS_75_80_S01,vPLC_container,VPLC_HOST,702,,,2026-05-09T22:05:55.731631167Z,,,,host_log,75,80,,,,,,3,512,,technical_check,vplc_status_cycle_duration_not_validated_as_Tper,0.237,100,работает
RUN_20260510_VPLC_L3_STRESS_75_80_S01_R05,VPLC_L3_STRESS_75_80,SER_20260510_VPLC_L3_STRESS_75_80_S01,vPLC_container,VPLC_HOST,703,,,2026-05-09T22:05:56.786490536Z,,,,host_log,75,80,,,,,,3,512,,technical_check,vplc_status_cycle_duration_not_validated_as_Tper,0.254,100,работает
RUN_20260510_VPLC_L3_STRESS_75_80_S01_R05,VPLC_L3_STRESS_75_80,SER_20260510_VPLC_L3_STRESS_75_80_S01,vPLC_container,VPLC_HOST,704,,,2026-05-09T22:05:57.839155030Z,,,,host_log,75,80,,,,,,3,512,,technical_check,vplc_status_cycle_duration_not_validated_as_Tper,0.237,100,работает
RUN_20260510_VPLC_L3_STRESS_75_80_S01_R05,VPLC_L3_STRESS_75_80,SER_20260510_VPLC_L3_STRESS_75_80_S01,vPLC_container,VPLC_HOST,705,,,2026-05-09T22:05:58.896970863Z,,,,host_log,75,80,,,,,,3,512,,technical_check,vplc_status_cycle_duration_not_validated_as_Tper,0.256,100,работает
RUN_20260510_VPLC_L3_STRESS_75_80_S01_R05,VPLC_L3_STRESS_75_80,SER_20260510_VPLC_L3_STRESS_75_80_S01,vPLC_container,VPLC_HOST,706,,,2026-05-09T22:05:59.952031392Z,,,,host_log,75,80,,,,,,3,512,,technical_check,vplc_status_cycle_duration_not_validated_as_Tper,0.127,100,работает
RUN_20260510_VPLC_L3_STRESS_75_80_S01_R05,VPLC_L3_STRESS_75_80,SER_20260510_VPLC_L3_STRESS_75_80_S01,vPLC_container,VPLC_HOST,707,,,2026-05-09T22:06:01.007861227Z,,,,host_log,75,80,,,,,,3,512,,technical_check,vplc_status_cycle_duration_not_validated_as_Tper,0.252,100,работает
RUN_20260510_VPLC_L3_STRESS_75_80_S01_R05,VPLC_L3_STRESS_75_80,SER_20260510_VPLC_L3_STRESS_75_80_S01,vPLC_container,VPLC_HOST,708,,,2026-05-09T22:06:02.060744508Z,,,,host_log,75,80,,,,,,3,512,,technical_check,vplc_status_cycle_duration_not_validated_as_Tper,0.262,100,работает
RUN_20260510_VPLC_L3_STRESS_75_80_S01_R05,VPLC_L3_STRESS_75_80,SER_20260510_VPLC_L3_STRESS_75_80_S01,vPLC_container,VPLC_HOST,709,,,2026-05-09T22:06:03.118899677Z,,,,host_log,75,80,,,,,,3,512,,technical_check,vplc_status_cycle_duration_not_validated_as_Tper,0.259,100,работает
RUN_20260510_VPLC_L3_STRESS_75_80_S01_R05,VPLC_L3_STRESS_75_80,SER_20260510_VPLC_L3_STRESS_75_80_S01,vPLC_container,VPLC_HOST,710,,,2026-05-09T22:06:04.174654378Z,,,,host_log,75,80,,,,,,3,512,,technical_check,vplc_status_cycle_duration_not_validated_as_Tper,0.250,100,работает
RUN_20260510_VPLC_L3_STRESS_75_80_S01_R05,VPLC_L3_STRESS_75_80,SER_20260510_VPLC_L3_STRESS_75_80_S01,vPLC_container,VPLC_HOST,711,,,2026-05-09T22:06:05.229921140Z,,,,host_log,75,80,,,,,,3,512,,technical_check,vplc_status_cycle_duration_not_validated_as_Tper,0.239,100,работает
RUN_20260510_VPLC_L3_STRESS_75_80_S01_R05,VPLC_L3_STRESS_75_80,SER_20260510_VPLC_L3_STRESS_75_80_S01,vPLC_container,VPLC_HOST,712,,,2026-05-09T22:06:06.284466773Z,,,,host_log,75,80,,,,,,3,512,,technical_check,vplc_status_cycle_duration_not_validated_as_Tper,0.256,100,работает
RUN_20260510_VPLC_L3_STRESS_75_80_S01_R05,VPLC_L3_STRESS_75_80,SER_20260510_VPLC_L3_STRESS_75_80_S01,vPLC_container,VPLC_HOST,713,,,2026-05-09T22:06:07.337231643Z,,,,host_log,75,80,,,,,,3,512,,technical_check,vplc_status_cycle_duration_not_validated_as_Tper,4.792,100,работает
RUN_20260510_VPLC_L3_STRESS_75_80_S01_R05,VPLC_L3_STRESS_75_80,SER_20260510_VPLC_L3_STRESS_75_80_S01,vPLC_container,VPLC_HOST,714,,,2026-05-09T22:06:08.394444738Z,,,,host_log,75,80,,,,,,3,512,,technical_check,vplc_status_cycle_duration_not_validated_as_Tper,4.760,100,работает
RUN_20260510_VPLC_L3_STRESS_75_80_S01_R05,VPLC_L3_STRESS_75_80,SER_20260510_VPLC_L3_STRESS_75_80_S01,vPLC_container,VPLC_HOST,715,,,2026-05-09T22:06:09.449766262Z,,,,host_log,75,80,,,,,,3,512,,technical_check,vplc_status_cycle_duration_not_validated_as_Tper,0.128,100,работает
RUN_20260510_VPLC_L3_STRESS_75_80_S01_R05,VPLC_L3_STRESS_75_80,SER_20260510_VPLC_L3_STRESS_75_80_S01,vPLC_container,VPLC_HOST,716,,,2026-05-09T22:06:10.503093948Z,,,,host_log,75,80,,,,,,3,512,,technical_check,vplc_status_cycle_duration_not_validated_as_Tper,0.261,100,работает
RUN_20260510_VPLC_L3_STRESS_75_80_S01_R05,VPLC_L3_STRESS_75_80,SER_20260510_VPLC_L3_STRESS_75_80_S01,vPLC_container,VPLC_HOST,717,,,2026-05-09T22:06:11.556760132Z,,,,host_log,75,80,,,,,,3,512,,technical_check,vplc_status_cycle_duration_not_validated_as_Tper,0.238,100,работает
RUN_20260510_VPLC_L3_STRESS_75_80_S01_R05,VPLC_L3_STRESS_75_80,SER_20260510_VPLC_L3_STRESS_75_80_S01,vPLC_container,VPLC_HOST,718,,,2026-05-09T22:06:12.616965355Z,,,,host_log,75,80,,,,,,3,512,,technical_check,vplc_status_cycle_duration_not_validated_as_Tper,0.251,100,работает
RUN_20260510_VPLC_L3_STRESS_75_80_S01_R05,VPLC_L3_STRESS_75_80,SER_20260510_VPLC_L3_STRESS_75_80_S01,vPLC_container,VPLC_HOST,719,,,2026-05-09T22:06:13.672447588Z,,,,host_log,75,80,,,,,,3,512,,technical_check,vplc_status_cycle_duration_not_validated_as_Tper,0.256,100,работает
RUN_20260510_VPLC_L3_STRESS_75_80_S01_R05,VPLC_L3_STRESS_75_80,SER_20260510_VPLC_L3_STRESS_75_80_S01,vPLC_container,VPLC_HOST,720,,,2026-05-09T22:06:14.724915799Z,,,,host_log,75,80,,,,,,3,512,,technical_check,vplc_status_cycle_duration_not_validated_as_Tper,0.254,100,работает
RUN_20260510_VPLC_L3_STRESS_75_80_S01_R05,VPLC_L3_STRESS_75_80,SER_20260510_VPLC_L3_STRESS_75_80_S01,vPLC_container,VPLC_HOST,721,,,2026-05-09T22:06:15.779345299Z,,,,host_log,75,80,,,,,,3,512,,technical_check,vplc_status_cycle_duration_not_validated_as_Tper,0.252,100,работает
RUN_20260510_VPLC_L3_STRESS_75_80_S01_R05,VPLC_L3_STRESS_75_80,SER_20260510_VPLC_L3_STRESS_75_80_S01,vPLC_container,VPLC_HOST,722,,,2026-05-09T22:06:16.835819424Z,,,,host_log,75,80,,,,,,3,512,,technical_check,vplc_status_cycle_duration_not_validated_as_Tper,0.236,100,работает
RUN_20260510_VPLC_L3_STRESS_75_80_S01_R05,VPLC_L3_STRESS_75_80,SER_20260510_VPLC_L3_STRESS_75_80_S01,vPLC_container,VPLC_HOST,723,,,2026-05-09T22:06:17.891195549Z,,,,host_log,75,80,,,,,,3,512,,technical_check,vplc_status_cycle_duration_not_validated_as_Tper,0.258,100,работает
RUN_20260510_VPLC_L3_STRESS_75_80_S01_R05,VPLC_L3_STRESS_75_80,SER_20260510_VPLC_L3_STRESS_75_80_S01,vPLC_container,VPLC_HOST,724,,,2026-05-09T22:06:18.949449957Z,,,,host_log,75,80,,,,,,3,512,,technical_check,vplc_status_cycle_duration_not_validated_as_Tper,0.126,100,работает
RUN_20260510_VPLC_L3_STRESS_75_80_S01_R05,VPLC_L3_STRESS_75_80,SER_20260510_VPLC_L3_STRESS_75_80_S01,vPLC_container,VPLC_HOST,725,,,2026-05-09T22:06:20.000558452Z,,,,host_log,75,80,,,,,,3,512,,technical_check,vplc_status_cycle_duration_not_validated_as_Tper,0.258,100,работает
RUN_20260510_VPLC_L3_STRESS_75_80_S01_R05,VPLC_L3_STRESS_75_80,SER_20260510_VPLC_L3_STRESS_75_80_S01,vPLC_container,VPLC_HOST,726,,,2026-05-09T22:06:21.058749913Z,,,,host_log,75,80,,,,,,3,512,,technical_check,vplc_status_cycle_duration_not_validated_as_Tper,0.240,100,работает
RUN_20260510_VPLC_L3_STRESS_75_80_S01_R05,VPLC_L3_STRESS_75_80,SER_20260510_VPLC_L3_STRESS_75_80_S01,vPLC_container,VPLC_HOST,727,,,2026-05-09T22:06:22.115946474Z,,,,host_log,75,80,,,,,,3,512,,technical_check,vplc_status_cycle_duration_not_validated_as_Tper,0.257,100,работает
RUN_20260510_VPLC_L3_STRESS_75_80_S01_R05,VPLC_L3_STRESS_75_80,SER_20260510_VPLC_L3_STRESS_75_80_S01,vPLC_container,VPLC_HOST,728,,,2026-05-09T22:06:23.167247350Z,,,,host_log,75,80,,,,,,3,512,,technical_check,vplc_status_cycle_duration_not_validated_as_Tper,0.254,100,работает
RUN_20260510_VPLC_L3_STRESS_75_80_S01_R05,VPLC_L3_STRESS_75_80,SER_20260510_VPLC_L3_STRESS_75_80_S01,vPLC_container,VPLC_HOST,729,,,2026-05-09T22:06:24.226236394Z,,,,host_log,75,80,,,,,,3,512,,technical_check,vplc_status_cycle_duration_not_validated_as_Tper,0.236,100,работает
RUN_20260510_VPLC_L3_STRESS_75_80_S01_R05,VPLC_L3_STRESS_75_80,SER_20260510_VPLC_L3_STRESS_75_80_S01,vPLC_container,VPLC_HOST,730,,,2026-05-09T22:06:25.280469844Z,,,,host_log,75,80,,,,,,3,512,,technical_check,vplc_status_cycle_duration_not_validated_as_Tper,0.258,100,работает
RUN_20260510_VPLC_L3_STRESS_75_80_S01_R05,VPLC_L3_STRESS_75_80,SER_20260510_VPLC_L3_STRESS_75_80_S01,vPLC_container,VPLC_HOST,731,,,2026-05-09T22:06:26.336863301Z,,,,host_log,75,80,,,,,,3,512,,technical_check,vplc_status_cycle_duration_not_validated_as_Tper,4.833,100,работает
RUN_20260510_VPLC_L3_STRESS_75_80_S01_R05,VPLC_L3_STRESS_75_80,SER_20260510_VPLC_L3_STRESS_75_80_S01,vPLC_container,VPLC_HOST,732,,,2026-05-09T22:06:27.391062811Z,,,,host_log,75,80,,,,,,3,512,,technical_check,vplc_status_cycle_duration_not_validated_as_Tper,5.126,100,работает
RUN_20260510_VPLC_L3_STRESS_75_80_S01_R05,VPLC_L3_STRESS_75_80,SER_20260510_VPLC_L3_STRESS_75_80_S01,vPLC_container,VPLC_HOST,733,,,2026-05-09T22:06:28.445667127Z,,,,host_log,75,80,,,,,,3,512,,technical_check,vplc_status_cycle_duration_not_validated_as_Tper,0.170,100,работает
RUN_20260510_VPLC_L3_STRESS_75_80_S01_R05,VPLC_L3_STRESS_75_80,SER_20260510_VPLC_L3_STRESS_75_80_S01,vPLC_container,VPLC_HOST,734,,,2026-05-09T22:06:29.501242480Z,,,,host_log,75,80,,,,,,3,512,,technical_check,vplc_status_cycle_duration_not_validated_as_Tper,0.257,100,работает
RUN_20260510_VPLC_L3_STRESS_75_80_S01_R05,VPLC_L3_STRESS_75_80,SER_20260510_VPLC_L3_STRESS_75_80_S01,vPLC_container,VPLC_HOST,735,,,2026-05-09T22:06:30.554666392Z,,,,host_log,75,80,,,,,,3,512,,technical_check,vplc_status_cycle_duration_not_validated_as_Tper,0.166,100,работает
RUN_20260510_VPLC_L3_STRESS_75_80_S01_R05,VPLC_L3_STRESS_75_80,SER_20260510_VPLC_L3_STRESS_75_80_S01,vPLC_container,VPLC_HOST,736,,,2026-05-09T22:06:31.609951771Z,,,,host_log,75,80,,,,,,3,512,,technical_check,vplc_status_cycle_duration_not_validated_as_Tper,0.256,100,работает
RUN_20260510_VPLC_L3_STRESS_75_80_S01_R05,VPLC_L3_STRESS_75_80,SER_20260510_VPLC_L3_STRESS_75_80_S01,vPLC_container,VPLC_HOST,737,,,2026-05-09T22:06:32.668434061Z,,,,host_log,75,80,,,,,,3,512,,technical_check,vplc_status_cycle_duration_not_validated_as_Tper,0.259,100,работает
RUN_20260510_VPLC_L3_STRESS_75_80_S01_R05,VPLC_L3_STRESS_75_80,SER_20260510_VPLC_L3_STRESS_75_80_S01,vPLC_container,VPLC_HOST,738,,,2026-05-09T22:06:33.723638188Z,,,,host_log,75,80,,,,,,3,512,,technical_check,vplc_status_cycle_duration_not_validated_as_Tper,0.232,100,работает
RUN_20260510_VPLC_L3_STRESS_75_80_S01_R05,VPLC_L3_STRESS_75_80,SER_20260510_VPLC_L3_STRESS_75_80_S01,vPLC_container,VPLC_HOST,739,,,2026-05-09T22:06:34.778927840Z,,,,host_log,75,80,,,,,,3,512,,technical_check,vplc_status_cycle_duration_not_validated_as_Tper,0.258,100,работает
RUN_20260510_VPLC_L3_STRESS_75_80_S01_R05,VPLC_L3_STRESS_75_80,SER_20260510_VPLC_L3_STRESS_75_80_S01,vPLC_container,VPLC_HOST,740,,,2026-05-09T22:06:35.831535205Z,,,,host_log,75,80,,,,,,3,512,,technical_check,vplc_status_cycle_duration_not_validated_as_Tper,0.237,100,работает
RUN_20260510_VPLC_L3_STRESS_75_80_S01_R05,VPLC_L3_STRESS_75_80,SER_20260510_VPLC_L3_STRESS_75_80_S01,vPLC_container,VPLC_HOST,741,,,2026-05-09T22:06:36.887178871Z,,,,host_log,75,80,,,,,,3,512,,technical_check,vplc_status_cycle_duration_not_validated_as_Tper,0.256,100,работает
RUN_20260510_VPLC_L3_STRESS_75_80_S01_R05,VPLC_L3_STRESS_75_80,SER_20260510_VPLC_L3_STRESS_75_80_S01,vPLC_container,VPLC_HOST,742,,,2026-05-09T22:06:37.943036624Z,,,,host_log,75,80,,,,,,3,512,,technical_check,vplc_status_cycle_duration_not_validated_as_Tper,0.236,100,работает
RUN_20260510_VPLC_L3_STRESS_75_80_S01_R05,VPLC_L3_STRESS_75_80,SER_20260510_VPLC_L3_STRESS_75_80_S01,vPLC_container,VPLC_HOST,743,,,2026-05-09T22:06:38.999445392Z,,,,host_log,75,80,,,,,,3,512,,technical_check,vplc_status_cycle_duration_not_validated_as_Tper,0.256,100,работает
RUN_20260510_VPLC_L3_STRESS_75_80_S01_R05,VPLC_L3_STRESS_75_80,SER_20260510_VPLC_L3_STRESS_75_80_S01,vPLC_container,VPLC_HOST,744,,,2026-05-09T22:06:40.052730774Z,,,,host_log,75,80,,,,,,3,512,,technical_check,vplc_status_cycle_duration_not_validated_as_Tper,0.142,100,работает
RUN_20260510_VPLC_L3_STRESS_75_80_S01_R05,VPLC_L3_STRESS_75_80,SER_20260510_VPLC_L3_STRESS_75_80_S01,vPLC_container,VPLC_HOST,745,,,2026-05-09T22:06:41.110896174Z,,,,host_log,75,80,,,,,,3,512,,technical_check,vplc_status_cycle_duration_not_validated_as_Tper,0.256,100,работает
RUN_20260510_VPLC_L3_STRESS_75_80_S01_R05,VPLC_L3_STRESS_75_80,SER_20260510_VPLC_L3_STRESS_75_80_S01,vPLC_container,VPLC_HOST,746,,,2026-05-09T22:06:42.166501243Z,,,,host_log,75,80,,,,,,3,512,,technical_check,vplc_status_cycle_duration_not_validated_as_Tper,0.253,100,работает
RUN_20260510_VPLC_L3_STRESS_75_80_S01_R05,VPLC_L3_STRESS_75_80,SER_20260510_VPLC_L3_STRESS_75_80_S01,vPLC_container,VPLC_HOST,747,,,2026-05-09T22:06:43.222337877Z,,,,host_log,75,80,,,,,,3,512,,technical_check,vplc_status_cycle_duration_not_validated_as_Tper,0.254,100,работает
RUN_20260510_VPLC_L3_STRESS_75_80_S01_R05,VPLC_L3_STRESS_75_80,SER_20260510_VPLC_L3_STRESS_75_80_S01,vPLC_container,VPLC_HOST,748,,,2026-05-09T22:06:44.276570471Z,,,,host_log,75,80,,,,,,3,512,,technical_check,vplc_status_cycle_duration_not_validated_as_Tper,0.258,100,работает
RUN_20260510_VPLC_L3_STRESS_75_80_S01_R05,VPLC_L3_STRESS_75_80,SER_20260510_VPLC_L3_STRESS_75_80_S01,vPLC_container,VPLC_HOST,749,,,2026-05-09T22:06:45.333171775Z,,,,host_log,75,80,,,,,,3,512,,technical_check,vplc_status_cycle_duration_not_validated_as_Tper,4.747,100,работает
RUN_20260510_VPLC_L3_STRESS_75_80_S01_R05,VPLC_L3_STRESS_75_80,SER_20260510_VPLC_L3_STRESS_75_80_S01,vPLC_container,VPLC_HOST,750,,,2026-05-09T22:06:46.386897400Z,,,,host_log,75,80,,,,,,3,512,,technical_check,vplc_status_cycle_duration_not_validated_as_Tper,4.723,100,работает
RUN_20260510_VPLC_L3_STRESS_75_80_S01_R05,VPLC_L3_STRESS_75_80,SER_20260510_VPLC_L3_STRESS_75_80_S01,vPLC_container,VPLC_HOST,751,,,2026-05-09T22:06:47.441295087Z,,,,host_log,75,80,,,,,,3,512,,technical_check,vplc_status_cycle_duration_not_validated_as_Tper,0.237,100,работает
RUN_20260510_VPLC_L3_STRESS_75_80_S01_R05,VPLC_L3_STRESS_75_80,SER_20260510_VPLC_L3_STRESS_75_80_S01,vPLC_container,VPLC_HOST,752,,,2026-05-09T22:06:48.497964430Z,,,,host_log,75,80,,,,,,3,512,,technical_check,vplc_status_cycle_duration_not_validated_as_Tper,0.257,100,работает
RUN_20260510_VPLC_L3_STRESS_75_80_S01_R05,VPLC_L3_STRESS_75_80,SER_20260510_VPLC_L3_STRESS_75_80_S01,vPLC_container,VPLC_HOST,753,,,2026-05-09T22:06:49.552345256Z,,,,host_log,75,80,,,,,,3,512,,technical_check,vplc_status_cycle_duration_not_validated_as_Tper,0.133,100,работает
RUN_20260510_VPLC_L3_STRESS_75_80_S01_R05,VPLC_L3_STRESS_75_80,SER_20260510_VPLC_L3_STRESS_75_80_S01,vPLC_container,VPLC_HOST,754,,,2026-05-09T22:06:50.608095207Z,,,,host_log,75,80,,,,,,3,512,,technical_check,vplc_status_cycle_duration_not_validated_as_Tper,0.254,100,работает
RUN_20260510_VPLC_L3_STRESS_75_80_S01_R05,VPLC_L3_STRESS_75_80,SER_20260510_VPLC_L3_STRESS_75_80_S01,vPLC_container,VPLC_HOST,755,,,2026-05-09T22:06:51.663336826Z,,,,host_log,75,80,,,,,,3,512,,technical_check,vplc_status_cycle_duration_not_validated_as_Tper,0.256,100,работает
RUN_20260510_VPLC_L3_STRESS_75_80_S01_R05,VPLC_L3_STRESS_75_80,SER_20260510_VPLC_L3_STRESS_75_80_S01,vPLC_container,VPLC_HOST,756,,,2026-05-09T22:06:52.720308602Z,,,,host_log,75,80,,,,,,3,512,,technical_check,vplc_status_cycle_duration_not_validated_as_Tper,0.255,100,работает
RUN_20260510_VPLC_L3_STRESS_75_80_S01_R05,VPLC_L3_STRESS_75_80,SER_20260510_VPLC_L3_STRESS_75_80_S01,vPLC_container,VPLC_HOST,757,,,2026-05-09T22:06:53.772623244Z,,,,host_log,75,80,,,,,,3,512,,technical_check,vplc_status_cycle_duration_not_validated_as_Tper,0.254,100,работает
RUN_20260510_VPLC_L3_STRESS_75_80_S01_R05,VPLC_L3_STRESS_75_80,SER_20260510_VPLC_L3_STRESS_75_80_S01,vPLC_container,VPLC_HOST,758,,,2026-05-09T22:06:54.831349164Z,,,,host_log,75,80,,,,,,3,512,,technical_check,vplc_status_cycle_duration_not_validated_as_Tper,0.235,100,работает
RUN_20260510_VPLC_L3_STRESS_75_80_S01_R05,VPLC_L3_STRESS_75_80,SER_20260510_VPLC_L3_STRESS_75_80_S01,vPLC_container,VPLC_HOST,759,,,2026-05-09T22:06:55.886245864Z,,,,host_log,75,80,,,,,,3,512,,technical_check,vplc_status_cycle_duration_not_validated_as_Tper,0.257,100,работает
RUN_20260510_VPLC_L3_STRESS_75_80_S01_R05,VPLC_L3_STRESS_75_80,SER_20260510_VPLC_L3_STRESS_75_80_S01,vPLC_container,VPLC_HOST,760,,,2026-05-09T22:06:56.938901033Z,,,,host_log,75,80,,,,,,3,512,,technical_check,vplc_status_cycle_duration_not_validated_as_Tper,0.231,100,работает
RUN_20260510_VPLC_L3_STRESS_75_80_S01_R05,VPLC_L3_STRESS_75_80,SER_20260510_VPLC_L3_STRESS_75_80_S01,vPLC_container,VPLC_HOST,761,,,2026-05-09T22:06:57.996797584Z,,,,host_log,75,80,,,,,,3,512,,technical_check,vplc_status_cycle_duration_not_validated_as_Tper,0.252,100,работает
RUN_20260510_VPLC_L3_STRESS_75_80_S01_R05,VPLC_L3_STRESS_75_80,SER_20260510_VPLC_L3_STRESS_75_80_S01,vPLC_container,VPLC_HOST,762,,,2026-05-09T22:06:59.049421621Z,,,,host_log,75,80,,,,,,3,512,,technical_check,vplc_status_cycle_duration_not_validated_as_Tper,0.130,100,работает
RUN_20260510_VPLC_L3_STRESS_75_80_S01_R05,VPLC_L3_STRESS_75_80,SER_20260510_VPLC_L3_STRESS_75_80_S01,vPLC_container,VPLC_HOST,763,,,2026-05-09T22:07:00.104324321Z,,,,host_log,75,80,,,,,,3,512,,technical_check,vplc_status_cycle_duration_not_validated_as_Tper,0.256,100,работает
RUN_20260510_VPLC_L3_STRESS_75_80_S01_R05,VPLC_L3_STRESS_75_80,SER_20260510_VPLC_L3_STRESS_75_80_S01,vPLC_container,VPLC_HOST,764,,,2026-05-09T22:07:01.162266828Z,,,,host_log,75,80,,,,,,3,512,,technical_check,vplc_status_cycle_duration_not_validated_as_Tper,0.255,100,работает
RUN_20260510_VPLC_L3_STRESS_75_80_S01_R05,VPLC_L3_STRESS_75_80,SER_20260510_VPLC_L3_STRESS_75_80_S01,vPLC_container,VPLC_HOST,765,,,2026-05-09T22:07:02.215310031Z,,,,host_log,75,80,,,,,,3,512,,technical_check,vplc_status_cycle_duration_not_validated_as_Tper,0.258,100,работает
RUN_20260510_VPLC_L3_STRESS_75_80_S01_R05,VPLC_L3_STRESS_75_80,SER_20260510_VPLC_L3_STRESS_75_80_S01,vPLC_container,VPLC_HOST,766,,,2026-05-09T22:07:03.273279276Z,,,,host_log,75,80,,,,,,3,512,,technical_check,vplc_status_cycle_duration_not_validated_as_Tper,0.257,100,работает
RUN_20260510_VPLC_L3_STRESS_75_80_S01_R05,VPLC_L3_STRESS_75_80,SER_20260510_VPLC_L3_STRESS_75_80_S01,vPLC_container,VPLC_HOST,767,,,2026-05-09T22:07:04.326701815Z,,,,host_log,75,80,,,,,,3,512,,technical_check,vplc_status_cycle_duration_not_validated_as_Tper,4.857,100,работает
RUN_20260510_VPLC_L3_STRESS_75_80_S01_R05,VPLC_L3_STRESS_75_80,SER_20260510_VPLC_L3_STRESS_75_80_S01,vPLC_container,VPLC_HOST,768,,,2026-05-09T22:07:05.379974231Z,,,,host_log,75,80,,,,,,3,512,,technical_check,vplc_status_cycle_duration_not_validated_as_Tper,5.113,100,работает
RUN_20260510_VPLC_L3_STRESS_75_80_S01_R05,VPLC_L3_STRESS_75_80,SER_20260510_VPLC_L3_STRESS_75_80_S01,vPLC_container,VPLC_HOST,769,,,2026-05-09T22:07:06.435569712Z,,,,host_log,75,80,,,,,,3,512,,technical_check,vplc_status_cycle_duration_not_validated_as_Tper,0.237,100,работает
RUN_20260510_VPLC_L3_STRESS_75_80_S01_R05,VPLC_L3_STRESS_75_80,SER_20260510_VPLC_L3_STRESS_75_80_S01,vPLC_container,VPLC_HOST,770,,,2026-05-09T22:07:07.493109634Z,,,,host_log,75,80,,,,,,3,512,,technical_check,vplc_status_cycle_duration_not_validated_as_Tper,0.258,100,работает
RUN_20260510_VPLC_L3_STRESS_75_80_S01_R05,VPLC_L3_STRESS_75_80,SER_20260510_VPLC_L3_STRESS_75_80_S01,vPLC_container,VPLC_HOST,771,,,2026-05-09T22:07:08.548726553Z,,,,host_log,75,80,,,,,,3,512,,technical_check,vplc_status_cycle_duration_not_validated_as_Tper,0.127,100,работает
RUN_20260510_VPLC_L3_STRESS_75_80_S01_R05,VPLC_L3_STRESS_75_80,SER_20260510_VPLC_L3_STRESS_75_80_S01,vPLC_container,VPLC_HOST,772,,,2026-05-09T22:07:09.603225131Z,,,,host_log,75,80,,,,,,3,512,,technical_check,vplc_status_cycle_duration_not_validated_as_Tper,0.254,100,работает
RUN_20260510_VPLC_L3_STRESS_75_80_S01_R05,VPLC_L3_STRESS_75_80,SER_20260510_VPLC_L3_STRESS_75_80_S01,vPLC_container,VPLC_HOST,773,,,2026-05-09T22:07:10.657129763Z,,,,host_log,75,80,,,,,,3,512,,technical_check,vplc_status_cycle_duration_not_validated_as_Tper,0.210,100,работает
RUN_20260510_VPLC_L3_STRESS_75_80_S01_R05,VPLC_L3_STRESS_75_80,SER_20260510_VPLC_L3_STRESS_75_80_S01,vPLC_container,VPLC_HOST,774,,,2026-05-09T22:07:11.714848812Z,,,,host_log,75,80,,,,,,3,512,,technical_check,vplc_status_cycle_duration_not_validated_as_Tper,0.257,100,работает
RUN_20260510_VPLC_L3_STRESS_75_80_S01_R05,VPLC_L3_STRESS_75_80,SER_20260510_VPLC_L3_STRESS_75_80_S01,vPLC_container,VPLC_HOST,775,,,2026-05-09T22:07:12.770780701Z,,,,host_log,75,80,,,,,,3,512,,technical_check,vplc_status_cycle_duration_not_validated_as_Tper,0.248,100,работает
RUN_20260510_VPLC_L3_STRESS_75_80_S01_R05,VPLC_L3_STRESS_75_80,SER_20260510_VPLC_L3_STRESS_75_80_S01,vPLC_container,VPLC_HOST,776,,,2026-05-09T22:07:13.823184676Z,,,,host_log,75,80,,,,,,3,512,,technical_check,vplc_status_cycle_duration_not_validated_as_Tper,0.259,100,работает
RUN_20260510_VPLC_L3_STRESS_75_80_S01_R05,VPLC_L3_STRESS_75_80,SER_20260510_VPLC_L3_STRESS_75_80_S01,vPLC_container,VPLC_HOST,777,,,2026-05-09T22:07:14.879452770Z,,,,host_log,75,80,,,,,,3,512,,technical_check,vplc_status_cycle_duration_not_validated_as_Tper,0.258,100,работает
RUN_20260510_VPLC_L3_STRESS_75_80_S01_R05,VPLC_L3_STRESS_75_80,SER_20260510_VPLC_L3_STRESS_75_80_S01,vPLC_container,VPLC_HOST,778,,,2026-05-09T22:07:15.934528936Z,,,,host_log,75,80,,,,,,3,512,,technical_check,vplc_status_cycle_duration_not_validated_as_Tper,0.234,100,работает
RUN_20260510_VPLC_L3_STRESS_75_80_S01_R05,VPLC_L3_STRESS_75_80,SER_20260510_VPLC_L3_STRESS_75_80_S01,vPLC_container,VPLC_HOST,779,,,2026-05-09T22:07:16.989509559Z,,,,host_log,75,80,,,,,,3,512,,technical_check,vplc_status_cycle_duration_not_validated_as_Tper,0.257,100,работает
RUN_20260510_VPLC_L3_STRESS_75_80_S01_R05,VPLC_L3_STRESS_75_80,SER_20260510_VPLC_L3_STRESS_75_80_S01,vPLC_container,VPLC_HOST,780,,,2026-05-09T22:07:18.046867912Z,,,,host_log,75,80,,,,,,3,512,,technical_check,vplc_status_cycle_duration_not_validated_as_Tper,0.152,100,работает
RUN_20260510_VPLC_L3_STRESS_75_80_S01_R05,VPLC_L3_STRESS_75_80,SER_20260510_VPLC_L3_STRESS_75_80_S01,vPLC_container,VPLC_HOST,781,,,2026-05-09T22:07:19.099601816Z,,,,host_log,75,80,,,,,,3,512,,technical_check,vplc_status_cycle_duration_not_validated_as_Tper,0.257,100,работает
RUN_20260510_VPLC_L3_STRESS_75_80_S01_R05,VPLC_L3_STRESS_75_80,SER_20260510_VPLC_L3_STRESS_75_80_S01,vPLC_container,VPLC_HOST,782,,,2026-05-09T22:07:20.154947906Z,,,,host_log,75,80,,,,,,3,512,,technical_check,vplc_status_cycle_duration_not_validated_as_Tper,0.172,100,работает
RUN_20260510_VPLC_L3_STRESS_75_80_S01_R05,VPLC_L3_STRESS_75_80,SER_20260510_VPLC_L3_STRESS_75_80_S01,vPLC_container,VPLC_HOST,783,,,2026-05-09T22:07:21.213180943Z,,,,host_log,75,80,,,,,,3,512,,technical_check,vplc_status_cycle_duration_not_validated_as_Tper,0.252,100,работает
RUN_20260510_VPLC_L3_STRESS_75_80_S01_R05,VPLC_L3_STRESS_75_80,SER_20260510_VPLC_L3_STRESS_75_80_S01,vPLC_container,VPLC_HOST,784,,,2026-05-09T22:07:22.268679906Z,,,,host_log,75,80,,,,,,3,512,,technical_check,vplc_status_cycle_duration_not_validated_as_Tper,0.259,100,работает
RUN_20260510_VPLC_L3_STRESS_75_80_S01_R05,VPLC_L3_STRESS_75_80,SER_20260510_VPLC_L3_STRESS_75_80_S01,vPLC_container,VPLC_HOST,785,,,2026-05-09T22:07:23.324144796Z,,,,host_log,75,80,,,,,,3,512,,technical_check,vplc_status_cycle_duration_not_validated_as_Tper,0.258,100,работает
RUN_20260510_VPLC_L3_STRESS_75_80_S01_R05,VPLC_L3_STRESS_75_80,SER_20260510_VPLC_L3_STRESS_75_80_S01,vPLC_container,VPLC_HOST,786,,,2026-05-09T22:07:24.380111028Z,,,,host_log,75,80,,,,,,3,512,,technical_check,vplc_status_cycle_duration_not_validated_as_Tper,4.828,100,работает
RUN_20260510_VPLC_L3_STRESS_75_80_S01_R05,VPLC_L3_STRESS_75_80,SER_20260510_VPLC_L3_STRESS_75_80_S01,vPLC_container,VPLC_HOST,787,,,2026-05-09T22:07:25.433196227Z,,,,host_log,75,80,,,,,,3,512,,technical_check,vplc_status_cycle_duration_not_validated_as_Tper,0.257,100,работает
RUN_20260510_VPLC_L3_STRESS_75_80_S01_R05,VPLC_L3_STRESS_75_80,SER_20260510_VPLC_L3_STRESS_75_80_S01,vPLC_container,VPLC_HOST,788,,,2026-05-09T22:07:26.489444395Z,,,,host_log,75,80,,,,,,3,512,,technical_check,vplc_status_cycle_duration_not_validated_as_Tper,0.258,100,работает
RUN_20260510_VPLC_L3_STRESS_75_80_S01_R05,VPLC_L3_STRESS_75_80,SER_20260510_VPLC_L3_STRESS_75_80_S01,vPLC_container,VPLC_HOST,789,,,2026-05-09T22:07:27.541851704Z,,,,host_log,75,80,,,,,,3,512,,technical_check,vplc_status_cycle_duration_not_validated_as_Tper,0.230,100,работает
RUN_20260510_VPLC_L3_STRESS_75_80_S01_R05,VPLC_L3_STRESS_75_80,SER_20260510_VPLC_L3_STRESS_75_80_S01,vPLC_container,VPLC_HOST,790,,,2026-05-09T22:07:28.596777495Z,,,,host_log,75,80,,,,,,3,512,,technical_check,vplc_status_cycle_duration_not_validated_as_Tper,0.259,100,работает
RUN_20260510_VPLC_L3_STRESS_75_80_S01_R05,VPLC_L3_STRESS_75_80,SER_20260510_VPLC_L3_STRESS_75_80_S01,vPLC_container,VPLC_HOST,791,,,2026-05-09T22:07:29.654124351Z,,,,host_log,75,80,,,,,,3,512,,technical_check,vplc_status_cycle_duration_not_validated_as_Tper,0.172,100,работает
RUN_20260510_VPLC_L3_STRESS_75_80_S01_R05,VPLC_L3_STRESS_75_80,SER_20260510_VPLC_L3_STRESS_75_80_S01,vPLC_container,VPLC_HOST,792,,,2026-05-09T22:07:30.707049146Z,,,,host_log,75,80,,,,,,3,512,,technical_check,vplc_status_cycle_duration_not_validated_as_Tper,0.255,100,работает
RUN_20260510_VPLC_L3_STRESS_75_80_S01_R05,VPLC_L3_STRESS_75_80,SER_20260510_VPLC_L3_STRESS_75_80_S01,vPLC_container,VPLC_HOST,793,,,2026-05-09T22:07:31.764579700Z,,,,host_log,75,80,,,,,,3,512,,technical_check,vplc_status_cycle_duration_not_validated_as_Tper,0.259,100,работает
RUN_20260510_VPLC_L3_STRESS_75_80_S01_R05,VPLC_L3_STRESS_75_80,SER_20260510_VPLC_L3_STRESS_75_80_S01,vPLC_container,VPLC_HOST,794,,,2026-05-09T22:07:32.821473848Z,,,,host_log,75,80,,,,,,3,512,,technical_check,vplc_status_cycle_duration_not_validated_as_Tper,0.254,100,работает
RUN_20260510_VPLC_L3_STRESS_75_80_S01_R05,VPLC_L3_STRESS_75_80,SER_20260510_VPLC_L3_STRESS_75_80_S01,vPLC_container,VPLC_HOST,795,,,2026-05-09T22:07:33.874956999Z,,,,host_log,75,80,,,,,,3,512,,technical_check,vplc_status_cycle_duration_not_validated_as_Tper,0.258,100,работает
RUN_20260510_VPLC_L3_STRESS_75_80_S01_R05,VPLC_L3_STRESS_75_80,SER_20260510_VPLC_L3_STRESS_75_80_S01,vPLC_container,VPLC_HOST,796,,,2026-05-09T22:07:34.932767649Z,,,,host_log,75,80,,,,,,3,512,,technical_check,vplc_status_cycle_duration_not_validated_as_Tper,0.234,100,работает
RUN_20260510_VPLC_L3_STRESS_75_80_S01_R05,VPLC_L3_STRESS_75_80,SER_20260510_VPLC_L3_STRESS_75_80_S01,vPLC_container,VPLC_HOST,797,,,2026-05-09T22:07:35.987137412Z,,,,host_log,75,80,,,,,,3,512,,technical_check,vplc_status_cycle_duration_not_validated_as_Tper,0.251,100,работает
RUN_20260510_VPLC_L3_STRESS_75_80_S01_R05,VPLC_L3_STRESS_75_80,SER_20260510_VPLC_L3_STRESS_75_80_S01,vPLC_container,VPLC_HOST,798,,,2026-05-09T22:07:37.042417480Z,,,,host_log,75,80,,,,,,3,512,,technical_check,vplc_status_cycle_duration_not_validated_as_Tper,0.238,100,работает
RUN_20260510_VPLC_L3_STRESS_75_80_S01_R05,VPLC_L3_STRESS_75_80,SER_20260510_VPLC_L3_STRESS_75_80_S01,vPLC_container,VPLC_HOST,799,,,2026-05-09T22:07:38.097661422Z,,,,host_log,75,80,,,,,,3,512,,technical_check,vplc_status_cycle_duration_not_validated_as_Tper,0.257,100,работает
RUN_20260510_VPLC_L3_STRESS_75_80_S01_R05,VPLC_L3_STRESS_75_80,SER_20260510_VPLC_L3_STRESS_75_80_S01,vPLC_container,VPLC_HOST,800,,,2026-05-09T22:07:39.150954320Z,,,,host_log,75,80,,,,,,3,512,,technical_check,vplc_status_cycle_duration_not_validated_as_Tper,0.126,100,работает
RUN_20260510_VPLC_L3_STRESS_75_80_S01_R05,VPLC_L3_STRESS_75_80,SER_20260510_VPLC_L3_STRESS_75_80_S01,vPLC_container,VPLC_HOST,801,,,2026-05-09T22:07:40.207299422Z,,,,host_log,75,80,,,,,,3,512,,technical_check,vplc_status_cycle_duration_not_validated_as_Tper,0.258,100,работает
RUN_20260510_VPLC_L3_STRESS_75_80_S01_R05,VPLC_L3_STRESS_75_80,SER_20260510_VPLC_L3_STRESS_75_80_S01,vPLC_container,VPLC_HOST,802,,,2026-05-09T22:07:41.262275653Z,,,,host_log,75,80,,,,,,3,512,,technical_check,vplc_status_cycle_duration_not_validated_as_Tper,0.257,100,работает
RUN_20260510_VPLC_L3_STRESS_75_80_S01_R05,VPLC_L3_STRESS_75_80,SER_20260510_VPLC_L3_STRESS_75_80_S01,vPLC_container,VPLC_HOST,803,,,2026-05-09T22:07:42.317639557Z,,,,host_log,75,80,,,,,,3,512,,technical_check,vplc_status_cycle_duration_not_validated_as_Tper,0.254,100,работает
RUN_20260510_VPLC_L3_STRESS_75_80_S01_R05,VPLC_L3_STRESS_75_80,SER_20260510_VPLC_L3_STRESS_75_80_S01,vPLC_container,VPLC_HOST,804,,,2026-05-09T22:07:43.373112122Z,,,,host_log,75,80,,,,,,3,512,,technical_check,vplc_status_cycle_duration_not_validated_as_Tper,4.687,100,работает
RUN_20260510_VPLC_L3_STRESS_75_80_S01_R05,VPLC_L3_STRESS_75_80,SER_20260510_VPLC_L3_STRESS_75_80_S01,vPLC_container,VPLC_HOST,805,,,2026-05-09T22:07:44.427461952Z,,,,host_log,75,80,,,,,,3,512,,technical_check,vplc_status_cycle_duration_not_validated_as_Tper,0.257,100,работает
RUN_20260510_VPLC_L3_STRESS_75_80_S01_R05,VPLC_L3_STRESS_75_80,SER_20260510_VPLC_L3_STRESS_75_80_S01,vPLC_container,VPLC_HOST,806,,,2026-05-09T22:07:45.485662712Z,,,,host_log,75,80,,,,,,3,512,,technical_check,vplc_status_cycle_duration_not_validated_as_Tper,0.255,100,работает
RUN_20260510_VPLC_L3_STRESS_75_80_S01_R05,VPLC_L3_STRESS_75_80,SER_20260510_VPLC_L3_STRESS_75_80_S01,vPLC_container,VPLC_HOST,807,,,2026-05-09T22:07:46.537959748Z,,,,host_log,75,80,,,,,,3,512,,technical_check,vplc_status_cycle_duration_not_validated_as_Tper,0.238,100,работает
RUN_20260510_VPLC_L3_STRESS_75_80_S01_R05,VPLC_L3_STRESS_75_80,SER_20260510_VPLC_L3_STRESS_75_80_S01,vPLC_container,VPLC_HOST,808,,,2026-05-09T22:07:47.595173267Z,,,,host_log,75,80,,,,,,3,512,,technical_check,vplc_status_cycle_duration_not_validated_as_Tper,0.253,100,работает
RUN_20260510_VPLC_L3_STRESS_75_80_S01_R05,VPLC_L3_STRESS_75_80,SER_20260510_VPLC_L3_STRESS_75_80_S01,vPLC_container,VPLC_HOST,809,,,2026-05-09T22:07:48.649515687Z,,,,host_log,75,80,,,,,,3,512,,technical_check,vplc_status_cycle_duration_not_validated_as_Tper,0.140,100,работает
RUN_20260510_VPLC_L3_STRESS_75_80_S01_R05,VPLC_L3_STRESS_75_80,SER_20260510_VPLC_L3_STRESS_75_80_S01,vPLC_container,VPLC_HOST,810,,,2026-05-09T22:07:49.704617714Z,,,,host_log,75,80,,,,,,3,512,,technical_check,vplc_status_cycle_duration_not_validated_as_Tper,0.260,100,работает
RUN_20260510_VPLC_L3_STRESS_75_80_S01_R05,VPLC_L3_STRESS_75_80,SER_20260510_VPLC_L3_STRESS_75_80_S01,vPLC_container,VPLC_HOST,811,,,2026-05-09T22:07:50.760604575Z,,,,host_log,75,80,,,,,,3,512,,technical_check,vplc_status_cycle_duration_not_validated_as_Tper,0.253,100,работает
RUN_20260510_VPLC_L3_STRESS_75_80_S01_R05,VPLC_L3_STRESS_75_80,SER_20260510_VPLC_L3_STRESS_75_80_S01,vPLC_container,VPLC_HOST,812,,,2026-05-09T22:07:51.818067101Z,,,,host_log,75,80,,,,,,3,512,,technical_check,vplc_status_cycle_duration_not_validated_as_Tper,0.254,100,работает
RUN_20260510_VPLC_L3_STRESS_75_80_S01_R05,VPLC_L3_STRESS_75_80,SER_20260510_VPLC_L3_STRESS_75_80_S01,vPLC_container,VPLC_HOST,813,,,2026-05-09T22:07:52.871432197Z,,,,host_log,75,80,,,,,,3,512,,technical_check,vplc_status_cycle_duration_not_validated_as_Tper,0.259,100,работает
RUN_20260510_VPLC_L3_STRESS_75_80_S01_R05,VPLC_L3_STRESS_75_80,SER_20260510_VPLC_L3_STRESS_75_80_S01,vPLC_container,VPLC_HOST,814,,,2026-05-09T22:07:53.929062405Z,,,,host_log,75,80,,,,,,3,512,,technical_check,vplc_status_cycle_duration_not_validated_as_Tper,0.232,100,работает
RUN_20260510_VPLC_L3_STRESS_75_80_S01_R05,VPLC_L3_STRESS_75_80,SER_20260510_VPLC_L3_STRESS_75_80_S01,vPLC_container,VPLC_HOST,815,,,2026-05-09T22:07:54.983556402Z,,,,host_log,75,80,,,,,,3,512,,technical_check,vplc_status_cycle_duration_not_validated_as_Tper,0.257,100,работает
RUN_20260510_VPLC_L3_STRESS_75_80_S01_R05,VPLC_L3_STRESS_75_80,SER_20260510_VPLC_L3_STRESS_75_80_S01,vPLC_container,VPLC_HOST,816,,,2026-05-09T22:07:56.037292207Z,,,,host_log,75,80,,,,,,3,512,,technical_check,vplc_status_cycle_duration_not_validated_as_Tper,0.237,100,работает
RUN_20260510_VPLC_L3_STRESS_75_80_S01_R05,VPLC_L3_STRESS_75_80,SER_20260510_VPLC_L3_STRESS_75_80_S01,vPLC_container,VPLC_HOST,817,,,2026-05-09T22:07:57.091891552Z,,,,host_log,75,80,,,,,,3,512,,technical_check,vplc_status_cycle_duration_not_validated_as_Tper,0.257,100,работает
RUN_20260510_VPLC_L3_STRESS_75_80_S01_R05,VPLC_L3_STRESS_75_80,SER_20260510_VPLC_L3_STRESS_75_80_S01,vPLC_container,VPLC_HOST,818,,,2026-05-09T22:07:58.148060769Z,,,,host_log,75,80,,,,,,3,512,,technical_check,vplc_status_cycle_duration_not_validated_as_Tper,0.153,100,работает
RUN_20260510_VPLC_L3_STRESS_75_80_S01_R05,VPLC_L3_STRESS_75_80,SER_20260510_VPLC_L3_STRESS_75_80_S01,vPLC_container,VPLC_HOST,819,,,2026-05-09T22:07:59.204609666Z,,,,host_log,75,80,,,,,,3,512,,technical_check,vplc_status_cycle_duration_not_validated_as_Tper,0.232,100,работает
RUN_20260510_VPLC_L3_STRESS_75_80_S01_R05,VPLC_L3_STRESS_75_80,SER_20260510_VPLC_L3_STRESS_75_80_S01,vPLC_container,VPLC_HOST,820,,,2026-05-09T22:08:00.259593031Z,,,,host_log,75,80,,,,,,3,512,,technical_check,vplc_status_cycle_duration_not_validated_as_Tper,0.246,100,работает
RUN_20260510_VPLC_L3_STRESS_75_80_S01_R05,VPLC_L3_STRESS_75_80,SER_20260510_VPLC_L3_STRESS_75_80_S01,vPLC_container,VPLC_HOST,821,,,2026-05-09T22:08:01.312962687Z,,,,host_log,75,80,,,,,,3,512,,technical_check,vplc_status_cycle_duration_not_validated_as_Tper,0.258,100,работает
RUN_20260510_VPLC_L3_STRESS_75_80_S01_R05,VPLC_L3_STRESS_75_80,SER_20260510_VPLC_L3_STRESS_75_80_S01,vPLC_container,VPLC_HOST,822,,,2026-05-09T22:08:02.371801416Z,,,,host_log,75,80,,,,,,3,512,,technical_check,vplc_status_cycle_duration_not_validated_as_Tper,4.308,100,работает
RUN_20260510_VPLC_L3_STRESS_75_80_S01_R05,VPLC_L3_STRESS_75_80,SER_20260510_VPLC_L3_STRESS_75_80_S01,vPLC_container,VPLC_HOST,823,,,2026-05-09T22:08:03.424523768Z,,,,host_log,75,80,,,,,,3,512,,technical_check,vplc_status_cycle_duration_not_validated_as_Tper,0.236,100,работает
RUN_20260510_VPLC_L3_STRESS_75_80_S01_R05,VPLC_L3_STRESS_75_80,SER_20260510_VPLC_L3_STRESS_75_80_S01,vPLC_container,VPLC_HOST,824,,,2026-05-09T22:08:04.480206946Z,,,,host_log,75,80,,,,,,3,512,,technical_check,vplc_status_cycle_duration_not_validated_as_Tper,0.258,100,работает
RUN_20260510_VPLC_L3_STRESS_75_80_S01_R05,VPLC_L3_STRESS_75_80,SER_20260510_VPLC_L3_STRESS_75_80_S01,vPLC_container,VPLC_HOST,825,,,2026-05-09T22:08:05.535720162Z,,,,host_log,75,80,,,,,,3,512,,technical_check,vplc_status_cycle_duration_not_validated_as_Tper,0.231,100,работает
RUN_20260510_VPLC_L3_STRESS_75_80_S01_R05,VPLC_L3_STRESS_75_80,SER_20260510_VPLC_L3_STRESS_75_80_S01,vPLC_container,VPLC_HOST,826,,,2026-05-09T22:08:06.591899044Z,,,,host_log,75,80,,,,,,3,512,,technical_check,vplc_status_cycle_duration_not_validated_as_Tper,0.255,100,работает
RUN_20260510_VPLC_L3_STRESS_75_80_S01_R05,VPLC_L3_STRESS_75_80,SER_20260510_VPLC_L3_STRESS_75_80_S01,vPLC_container,VPLC_HOST,827,,,2026-05-09T22:08:07.645364653Z,,,,host_log,75,80,,,,,,3,512,,technical_check,vplc_status_cycle_duration_not_validated_as_Tper,0.237,100,работает
RUN_20260510_VPLC_L3_STRESS_75_80_S01_R05,VPLC_L3_STRESS_75_80,SER_20260510_VPLC_L3_STRESS_75_80_S01,vPLC_container,VPLC_HOST,828,,,2026-05-09T22:08:08.701549888Z,,,,host_log,75,80,,,,,,3,512,,technical_check,vplc_status_cycle_duration_not_validated_as_Tper,0.257,100,работает
RUN_20260510_VPLC_L3_STRESS_75_80_S01_R05,VPLC_L3_STRESS_75_80,SER_20260510_VPLC_L3_STRESS_75_80_S01,vPLC_container,VPLC_HOST,829,,,2026-05-09T22:08:09.758708148Z,,,,host_log,75,80,,,,,,3,512,,technical_check,vplc_status_cycle_duration_not_validated_as_Tper,0.243,100,работает
RUN_20260510_VPLC_L3_STRESS_75_80_S01_R05,VPLC_L3_STRESS_75_80,SER_20260510_VPLC_L3_STRESS_75_80_S01,vPLC_container,VPLC_HOST,830,,,2026-05-09T22:08:10.810909117Z,,,,host_log,75,80,,,,,,3,512,,technical_check,vplc_status_cycle_duration_not_validated_as_Tper,0.259,100,работает
RUN_20260510_VPLC_L3_STRESS_75_80_S01_R05,VPLC_L3_STRESS_75_80,SER_20260510_VPLC_L3_STRESS_75_80_S01,vPLC_container,VPLC_HOST,831,,,2026-05-09T22:08:11.868316858Z,,,,host_log,75,80,,,,,,3,512,,technical_check,vplc_status_cycle_duration_not_validated_as_Tper,0.258,100,работает
RUN_20260510_VPLC_L3_STRESS_75_80_S01_R05,VPLC_L3_STRESS_75_80,SER_20260510_VPLC_L3_STRESS_75_80_S01,vPLC_container,VPLC_HOST,832,,,2026-05-09T22:08:12.924793053Z,,,,host_log,75,80,,,,,,3,512,,technical_check,vplc_status_cycle_duration_not_validated_as_Tper,0.236,100,работает
RUN_20260510_VPLC_L3_STRESS_75_80_S01_R05,VPLC_L3_STRESS_75_80,SER_20260510_VPLC_L3_STRESS_75_80_S01,vPLC_container,VPLC_HOST,833,,,2026-05-09T22:08:13.979019217Z,,,,host_log,75,80,,,,,,3,512,,technical_check,vplc_status_cycle_duration_not_validated_as_Tper,0.253,100,работает
RUN_20260510_VPLC_L3_STRESS_75_80_S01_R05,VPLC_L3_STRESS_75_80,SER_20260510_VPLC_L3_STRESS_75_80_S01,vPLC_container,VPLC_HOST,834,,,2026-05-09T22:08:15.034115449Z,,,,host_log,75,80,,,,,,3,512,,technical_check,vplc_status_cycle_duration_not_validated_as_Tper,0.234,100,работает
RUN_20260510_VPLC_L3_STRESS_75_80_S01_R05,VPLC_L3_STRESS_75_80,SER_20260510_VPLC_L3_STRESS_75_80_S01,vPLC_container,VPLC_HOST,835,,,2026-05-09T22:08:16.088100341Z,,,,host_log,75,80,,,,,,3,512,,technical_check,vplc_status_cycle_duration_not_validated_as_Tper,0.260,100,работает
RUN_20260510_VPLC_L3_STRESS_75_80_S01_R05,VPLC_L3_STRESS_75_80,SER_20260510_VPLC_L3_STRESS_75_80_S01,vPLC_container,VPLC_HOST,836,,,2026-05-09T22:08:17.143235391Z,,,,host_log,75,80,,,,,,3,512,,technical_check,vplc_status_cycle_duration_not_validated_as_Tper,0.231,100,работает
RUN_20260510_VPLC_L3_STRESS_75_80_S01_R05,VPLC_L3_STRESS_75_80,SER_20260510_VPLC_L3_STRESS_75_80_S01,vPLC_container,VPLC_HOST,837,,,2026-05-09T22:08:18.201152844Z,,,,host_log,75,80,,,,,,3,512,,technical_check,vplc_status_cycle_duration_not_validated_as_Tper,0.250,100,работает
RUN_20260510_VPLC_L3_STRESS_75_80_S01_R05,VPLC_L3_STRESS_75_80,SER_20260510_VPLC_L3_STRESS_75_80_S01,vPLC_container,VPLC_HOST,838,,,2026-05-09T22:08:19.253963081Z,,,,host_log,75,80,,,,,,3,512,,technical_check,vplc_status_cycle_duration_not_validated_as_Tper,0.157,100,работает
RUN_20260510_VPLC_L3_STRESS_75_80_S01_R05,VPLC_L3_STRESS_75_80,SER_20260510_VPLC_L3_STRESS_75_80_S01,vPLC_container,VPLC_HOST,839,,,2026-05-09T22:08:20.311691668Z,,,,host_log,75,80,,,,,,3,512,,technical_check,vplc_status_cycle_duration_not_validated_as_Tper,0.256,100,работает
RUN_20260510_VPLC_L3_STRESS_75_80_S01_R05,VPLC_L3_STRESS_75_80,SER_20260510_VPLC_L3_STRESS_75_80_S01,vPLC_container,VPLC_HOST,840,,,2026-05-09T22:08:21.367098683Z,,,,host_log,75,80,,,,,,3,512,,technical_check,vplc_status_cycle_duration_not_validated_as_Tper,4.821,100,работает
RUN_20260510_VPLC_L3_STRESS_75_80_S01_R05,VPLC_L3_STRESS_75_80,SER_20260510_VPLC_L3_STRESS_75_80_S01,vPLC_container,VPLC_HOST,841,,,2026-05-09T22:08:22.420142189Z,,,,host_log,75,80,,,,,,3,512,,technical_check,vplc_status_cycle_duration_not_validated_as_Tper,5.146,100,работает
RUN_20260510_VPLC_L3_STRESS_75_80_S01_R05,VPLC_L3_STRESS_75_80,SER_20260510_VPLC_L3_STRESS_75_80_S01,vPLC_container,VPLC_HOST,842,,,2026-05-09T22:08:23.475127493Z,,,,host_log,75,80,,,,,,3,512,,technical_check,vplc_status_cycle_duration_not_validated_as_Tper,0.254,100,работает
RUN_20260510_VPLC_L3_STRESS_75_80_S01_R05,VPLC_L3_STRESS_75_80,SER_20260510_VPLC_L3_STRESS_75_80_S01,vPLC_container,VPLC_HOST,843,,,2026-05-09T22:08:24.532441376Z,,,,host_log,75,80,,,,,,3,512,,technical_check,vplc_status_cycle_duration_not_validated_as_Tper,0.211,100,работает
RUN_20260510_VPLC_L3_STRESS_75_80_S01_R05,VPLC_L3_STRESS_75_80,SER_20260510_VPLC_L3_STRESS_75_80_S01,vPLC_container,VPLC_HOST,844,,,2026-05-09T22:08:25.586474040Z,,,,host_log,75,80,,,,,,3,512,,technical_check,vplc_status_cycle_duration_not_validated_as_Tper,0.255,100,работает
RUN_20260510_VPLC_L3_STRESS_75_80_S01_R05,VPLC_L3_STRESS_75_80,SER_20260510_VPLC_L3_STRESS_75_80_S01,vPLC_container,VPLC_HOST,845,,,2026-05-09T22:08:26.643470099Z,,,,host_log,75,80,,,,,,3,512,,technical_check,vplc_status_cycle_duration_not_validated_as_Tper,0.235,100,работает
RUN_20260510_VPLC_L3_STRESS_75_80_S01_R05,VPLC_L3_STRESS_75_80,SER_20260510_VPLC_L3_STRESS_75_80_S01,vPLC_container,VPLC_HOST,846,,,2026-05-09T22:08:27.697217190Z,,,,host_log,75,80,,,,,,3,512,,technical_check,vplc_status_cycle_duration_not_validated_as_Tper,0.257,100,работает
RUN_20260510_VPLC_L3_STRESS_75_80_S01_R05,VPLC_L3_STRESS_75_80,SER_20260510_VPLC_L3_STRESS_75_80_S01,vPLC_container,VPLC_HOST,847,,,2026-05-09T22:08:28.754783714Z,,,,host_log,75,80,,,,,,3,512,,technical_check,vplc_status_cycle_duration_not_validated_as_Tper,0.170,100,работает
RUN_20260510_VPLC_L3_STRESS_75_80_S01_R05,VPLC_L3_STRESS_75_80,SER_20260510_VPLC_L3_STRESS_75_80_S01,vPLC_container,VPLC_HOST,848,,,2026-05-09T22:08:29.806930405Z,,,,host_log,75,80,,,,,,3,512,,technical_check,vplc_status_cycle_duration_not_validated_as_Tper,0.252,100,работает
RUN_20260510_VPLC_L3_STRESS_75_80_S01_R05,VPLC_L3_STRESS_75_80,SER_20260510_VPLC_L3_STRESS_75_80_S01,vPLC_container,VPLC_HOST,849,,,2026-05-09T22:08:30.864366073Z,,,,host_log,75,80,,,,,,3,512,,technical_check,vplc_status_cycle_duration_not_validated_as_Tper,0.258,100,работает
RUN_20260510_VPLC_L3_STRESS_75_80_S01_R05,VPLC_L3_STRESS_75_80,SER_20260510_VPLC_L3_STRESS_75_80_S01,vPLC_container,VPLC_HOST,850,,,2026-05-09T22:08:31.917362134Z,,,,host_log,75,80,,,,,,3,512,,technical_check,vplc_status_cycle_duration_not_validated_as_Tper,0.256,100,работает
RUN_20260510_VPLC_L3_STRESS_75_80_S01_R05,VPLC_L3_STRESS_75_80,SER_20260510_VPLC_L3_STRESS_75_80_S01,vPLC_container,VPLC_HOST,851,,,2026-05-09T22:08:32.974147790Z,,,,host_log,75,80,,,,,,3,512,,technical_check,vplc_status_cycle_duration_not_validated_as_Tper,0.252,100,работает
RUN_20260510_VPLC_L3_STRESS_75_80_S01_R05,VPLC_L3_STRESS_75_80,SER_20260510_VPLC_L3_STRESS_75_80_S01,vPLC_container,VPLC_HOST,852,,,2026-05-09T22:08:34.030344500Z,,,,host_log,75,80,,,,,,3,512,,technical_check,vplc_status_cycle_duration_not_validated_as_Tper,0.238,100,работает
RUN_20260510_VPLC_L3_STRESS_75_80_S01_R05,VPLC_L3_STRESS_75_80,SER_20260510_VPLC_L3_STRESS_75_80_S01,vPLC_container,VPLC_HOST,853,,,2026-05-09T22:08:35.084253575Z,,,,host_log,75,80,,,,,,3,512,,technical_check,vplc_status_cycle_duration_not_validated_as_Tper,0.258,100,работает
RUN_20260510_VPLC_L3_STRESS_75_80_S01_R05,VPLC_L3_STRESS_75_80,SER_20260510_VPLC_L3_STRESS_75_80_S01,vPLC_container,VPLC_HOST,854,,,2026-05-09T22:08:36.140677320Z,,,,host_log,75,80,,,,,,3,512,,technical_check,vplc_status_cycle_duration_not_validated_as_Tper,0.234,100,работает
RUN_20260510_VPLC_L3_STRESS_75_80_S01_R05,VPLC_L3_STRESS_75_80,SER_20260510_VPLC_L3_STRESS_75_80_S01,vPLC_container,VPLC_HOST,855,,,2026-05-09T22:08:37.197229835Z,,,,host_log,75,80,,,,,,3,512,,technical_check,vplc_status_cycle_duration_not_validated_as_Tper,0.258,100,работает
RUN_20260510_VPLC_L3_STRESS_75_80_S01_R05,VPLC_L3_STRESS_75_80,SER_20260510_VPLC_L3_STRESS_75_80_S01,vPLC_container,VPLC_HOST,856,,,2026-05-09T22:08:38.251966448Z,,,,host_log,75,80,,,,,,3,512,,technical_check,vplc_status_cycle_duration_not_validated_as_Tper,0.128,100,работает
RUN_20260510_VPLC_L3_STRESS_75_80_S01_R05,VPLC_L3_STRESS_75_80,SER_20260510_VPLC_L3_STRESS_75_80_S01,vPLC_container,VPLC_HOST,857,,,2026-05-09T22:08:39.307412874Z,,,,host_log,75,80,,,,,,3,512,,technical_check,vplc_status_cycle_duration_not_validated_as_Tper,0.258,100,работает
RUN_20260510_VPLC_L3_STRESS_75_80_S01_R05,VPLC_L3_STRESS_75_80,SER_20260510_VPLC_L3_STRESS_75_80_S01,vPLC_container,VPLC_HOST,858,,,2026-05-09T22:08:40.359929583Z,,,,host_log,75,80,,,,,,3,512,,technical_check,vplc_status_cycle_duration_not_validated_as_Tper,4.808,100,работает
RUN_20260510_VPLC_L3_STRESS_75_80_S01_R05,VPLC_L3_STRESS_75_80,SER_20260510_VPLC_L3_STRESS_75_80_S01,vPLC_container,VPLC_HOST,859,,,2026-05-09T22:08:41.415459236Z,,,,host_log,75,80,,,,,,3,512,,technical_check,vplc_status_cycle_duration_not_validated_as_Tper,4.950,100,работает
RUN_20260510_VPLC_L3_STRESS_75_80_S01_R05,VPLC_L3_STRESS_75_80,SER_20260510_VPLC_L3_STRESS_75_80_S01,vPLC_container,VPLC_HOST,860,,,2026-05-09T22:08:42.472134949Z,,,,host_log,75,80,,,,,,3,512,,technical_check,vplc_status_cycle_duration_not_validated_as_Tper,0.254,100,работает
RUN_20260510_VPLC_L3_STRESS_75_80_S01_R05,VPLC_L3_STRESS_75_80,SER_20260510_VPLC_L3_STRESS_75_80_S01,vPLC_container,VPLC_HOST,861,,,2026-05-09T22:08:43.527573214Z,,,,host_log,75,80,,,,,,3,512,,technical_check,vplc_status_cycle_duration_not_validated_as_Tper,0.233,100,работает
RUN_20260510_VPLC_L3_STRESS_75_80_S01_R05,VPLC_L3_STRESS_75_80,SER_20260510_VPLC_L3_STRESS_75_80_S01,vPLC_container,VPLC_HOST,862,,,2026-05-09T22:08:44.581471074Z,,,,host_log,75,80,,,,,,3,512,,technical_check,vplc_status_cycle_duration_not_validated_as_Tper,0.251,100,работает
RUN_20260510_VPLC_L3_STRESS_75_80_S01_R05,VPLC_L3_STRESS_75_80,SER_20260510_VPLC_L3_STRESS_75_80_S01,vPLC_container,VPLC_HOST,863,,,2026-05-09T22:08:45.635371330Z,,,,host_log,75,80,,,,,,3,512,,technical_check,vplc_status_cycle_duration_not_validated_as_Tper,0.237,100,работает
RUN_20260510_VPLC_L3_STRESS_75_80_S01_R05,VPLC_L3_STRESS_75_80,SER_20260510_VPLC_L3_STRESS_75_80_S01,vPLC_container,VPLC_HOST,864,,,2026-05-09T22:08:46.694313868Z,,,,host_log,75,80,,,,,,3,512,,technical_check,vplc_status_cycle_duration_not_validated_as_Tper,0.258,100,работает
RUN_20260510_VPLC_L3_STRESS_75_80_S01_R05,VPLC_L3_STRESS_75_80,SER_20260510_VPLC_L3_STRESS_75_80_S01,vPLC_container,VPLC_HOST,865,,,2026-05-09T22:08:47.749455007Z,,,,host_log,75,80,,,,,,3,512,,technical_check,vplc_status_cycle_duration_not_validated_as_Tper,0.149,100,работает
RUN_20260510_VPLC_L3_STRESS_75_80_S01_R05,VPLC_L3_STRESS_75_80,SER_20260510_VPLC_L3_STRESS_75_80_S01,vPLC_container,VPLC_HOST,866,,,2026-05-09T22:08:48.804429781Z,,,,host_log,75,80,,,,,,3,512,,technical_check,vplc_status_cycle_duration_not_validated_as_Tper,0.260,100,работает
RUN_20260510_VPLC_L3_STRESS_75_80_S01_R05,VPLC_L3_STRESS_75_80,SER_20260510_VPLC_L3_STRESS_75_80_S01,vPLC_container,VPLC_HOST,867,,,2026-05-09T22:08:49.858026442Z,,,,host_log,75,80,,,,,,3,512,,technical_check,vplc_status_cycle_duration_not_validated_as_Tper,0.240,100,работает
RUN_20260510_VPLC_L3_STRESS_75_80_S01_R05,VPLC_L3_STRESS_75_80,SER_20260510_VPLC_L3_STRESS_75_80_S01,vPLC_container,VPLC_HOST,868,,,2026-05-09T22:08:50.915363751Z,,,,host_log,75,80,,,,,,3,512,,technical_check,vplc_status_cycle_duration_not_validated_as_Tper,0.257,100,работает
RUN_20260510_VPLC_L3_STRESS_75_80_S01_R05,VPLC_L3_STRESS_75_80,SER_20260510_VPLC_L3_STRESS_75_80_S01,vPLC_container,VPLC_HOST,869,,,2026-05-09T22:08:51.970634595Z,,,,host_log,75,80,,,,,,3,512,,technical_check,vplc_status_cycle_duration_not_validated_as_Tper,0.254,100,работает
RUN_20260510_VPLC_L3_STRESS_75_80_S01_R05,VPLC_L3_STRESS_75_80,SER_20260510_VPLC_L3_STRESS_75_80_S01,vPLC_container,VPLC_HOST,870,,,2026-05-09T22:08:53.024742474Z,,,,host_log,75,80,,,,,,3,512,,technical_check,vplc_status_cycle_duration_not_validated_as_Tper,0.236,100,работает
RUN_20260510_VPLC_L3_STRESS_75_80_S01_R05,VPLC_L3_STRESS_75_80,SER_20260510_VPLC_L3_STRESS_75_80_S01,vPLC_container,VPLC_HOST,871,,,2026-05-09T22:08:54.076360100Z,,,,host_log,75,80,,,,,,3,512,,technical_check,vplc_status_cycle_duration_not_validated_as_Tper,0.260,100,работает
RUN_20260510_VPLC_L3_STRESS_75_80_S01_R05,VPLC_L3_STRESS_75_80,SER_20260510_VPLC_L3_STRESS_75_80_S01,vPLC_container,VPLC_HOST,872,,,2026-05-09T22:08:55.134968500Z,,,,host_log,75,80,,,,,,3,512,,technical_check,vplc_status_cycle_duration_not_validated_as_Tper,0.232,100,работает
RUN_20260510_VPLC_L3_STRESS_75_80_S01_R05,VPLC_L3_STRESS_75_80,SER_20260510_VPLC_L3_STRESS_75_80_S01,vPLC_container,VPLC_HOST,873,,,2026-05-09T22:08:56.192828052Z,,,,host_log,75,80,,,,,,3,512,,technical_check,vplc_status_cycle_duration_not_validated_as_Tper,0.252,100,работает
RUN_20260510_VPLC_L3_STRESS_75_80_S01_R05,VPLC_L3_STRESS_75_80,SER_20260510_VPLC_L3_STRESS_75_80_S01,vPLC_container,VPLC_HOST,874,,,2026-05-09T22:08:57.245796604Z,,,,host_log,75,80,,,,,,3,512,,technical_check,vplc_status_cycle_duration_not_validated_as_Tper,0.186,100,работает
RUN_20260510_VPLC_L3_STRESS_75_80_S01_R05,VPLC_L3_STRESS_75_80,SER_20260510_VPLC_L3_STRESS_75_80_S01,vPLC_container,VPLC_HOST,875,,,2026-05-09T22:08:58.302590968Z,,,,host_log,75,80,,,,,,3,512,,technical_check,vplc_status_cycle_duration_not_validated_as_Tper,0.259,100,работает
RUN_20260510_VPLC_L3_STRESS_75_80_S01_R05,VPLC_L3_STRESS_75_80,SER_20260510_VPLC_L3_STRESS_75_80_S01,vPLC_container,VPLC_HOST,876,,,2026-05-09T22:08:59.356308833Z,,,,host_log,75,80,,,,,,3,512,,technical_check,vplc_status_cycle_duration_not_validated_as_Tper,3.918,100,работает
RUN_20260510_VPLC_L3_STRESS_75_80_S01_R05,VPLC_L3_STRESS_75_80,SER_20260510_VPLC_L3_STRESS_75_80_S01,vPLC_container,VPLC_HOST,877,,,2026-05-09T22:09:00.411651483Z,,,,host_log,75,80,,,,,,3,512,,technical_check,vplc_status_cycle_duration_not_validated_as_Tper,4.852,100,работает
RUN_20260510_VPLC_L3_STRESS_75_80_S01_R05,VPLC_L3_STRESS_75_80,SER_20260510_VPLC_L3_STRESS_75_80_S01,vPLC_container,VPLC_HOST,878,,,2026-05-09T22:09:01.469168347Z,,,,host_log,75,80,,,,,,3,512,,technical_check,vplc_status_cycle_duration_not_validated_as_Tper,0.258,100,работает
RUN_20260510_VPLC_L3_STRESS_75_80_S01_R05,VPLC_L3_STRESS_75_80,SER_20260510_VPLC_L3_STRESS_75_80_S01,vPLC_container,VPLC_HOST,879,,,2026-05-09T22:09:02.524553460Z,,,,host_log,75,80,,,,,,3,512,,technical_check,vplc_status_cycle_duration_not_validated_as_Tper,0.254,100,работает
RUN_20260510_VPLC_L3_STRESS_75_80_S01_R05,VPLC_L3_STRESS_75_80,SER_20260510_VPLC_L3_STRESS_75_80_S01,vPLC_container,VPLC_HOST,880,,,2026-05-09T22:09:03.576474325Z,,,,host_log,75,80,,,,,,3,512,,technical_check,vplc_status_cycle_duration_not_validated_as_Tper,0.258,100,работает
RUN_20260510_VPLC_L3_STRESS_75_80_S01_R05,VPLC_L3_STRESS_75_80,SER_20260510_VPLC_L3_STRESS_75_80_S01,vPLC_container,VPLC_HOST,881,,,2026-05-09T22:09:04.634913345Z,,,,host_log,75,80,,,,,,3,512,,technical_check,vplc_status_cycle_duration_not_validated_as_Tper,0.237,100,работает
RUN_20260510_VPLC_L3_STRESS_75_80_S01_R05,VPLC_L3_STRESS_75_80,SER_20260510_VPLC_L3_STRESS_75_80_S01,vPLC_container,VPLC_HOST,882,,,2026-05-09T22:09:05.689825403Z,,,,host_log,75,80,,,,,,3,512,,technical_check,vplc_status_cycle_duration_not_validated_as_Tper,0.257,100,работает
RUN_20260510_VPLC_L3_STRESS_75_80_S01_R05,VPLC_L3_STRESS_75_80,SER_20260510_VPLC_L3_STRESS_75_80_S01,vPLC_container,VPLC_HOST,883,,,2026-05-09T22:09:06.743105325Z,,,,host_log,75,80,,,,,,3,512,,technical_check,vplc_status_cycle_duration_not_validated_as_Tper,0.236,100,работает
RUN_20260510_VPLC_L3_STRESS_75_80_S01_R05,VPLC_L3_STRESS_75_80,SER_20260510_VPLC_L3_STRESS_75_80_S01,vPLC_container,VPLC_HOST,884,,,2026-05-09T22:09:07.798761002Z,,,,host_log,75,80,,,,,,3,512,,technical_check,vplc_status_cycle_duration_not_validated_as_Tper,0.252,100,работает
RUN_20260510_VPLC_L3_STRESS_75_80_S01_R05,VPLC_L3_STRESS_75_80,SER_20260510_VPLC_L3_STRESS_75_80_S01,vPLC_container,VPLC_HOST,885,,,2026-05-09T22:09:08.854725608Z,,,,host_log,75,80,,,,,,3,512,,technical_check,vplc_status_cycle_duration_not_validated_as_Tper,0.174,100,работает
RUN_20260510_VPLC_L3_STRESS_75_80_S01_R05,VPLC_L3_STRESS_75_80,SER_20260510_VPLC_L3_STRESS_75_80_S01,vPLC_container,VPLC_HOST,886,,,2026-05-09T22:09:09.912067083Z,,,,host_log,75,80,,,,,,3,512,,technical_check,vplc_status_cycle_duration_not_validated_as_Tper,0.259,100,работает
RUN_20260510_VPLC_L3_STRESS_75_80_S01_R05,VPLC_L3_STRESS_75_80,SER_20260510_VPLC_L3_STRESS_75_80_S01,vPLC_container,VPLC_HOST,887,,,2026-05-09T22:09:10.965002616Z,,,,host_log,75,80,,,,,,3,512,,technical_check,vplc_status_cycle_duration_not_validated_as_Tper,0.250,100,работает
RUN_20260510_VPLC_L3_STRESS_75_80_S01_R05,VPLC_L3_STRESS_75_80,SER_20260510_VPLC_L3_STRESS_75_80_S01,vPLC_container,VPLC_HOST,888,,,2026-05-09T22:09:12.022792711Z,,,,host_log,75,80,,,,,,3,512,,technical_check,vplc_status_cycle_duration_not_validated_as_Tper,0.260,100,работает
RUN_20260510_VPLC_L3_STRESS_75_80_S01_R05,VPLC_L3_STRESS_75_80,SER_20260510_VPLC_L3_STRESS_75_80_S01,vPLC_container,VPLC_HOST,889,,,2026-05-09T22:09:13.076919290Z,,,,host_log,75,80,,,,,,3,512,,technical_check,vplc_status_cycle_duration_not_validated_as_Tper,0.260,100,работает
RUN_20260510_VPLC_L3_STRESS_75_80_S01_R05,VPLC_L3_STRESS_75_80,SER_20260510_VPLC_L3_STRESS_75_80_S01,vPLC_container,VPLC_HOST,890,,,2026-05-09T22:09:14.131279092Z,,,,host_log,75,80,,,,,,3,512,,technical_check,vplc_status_cycle_duration_not_validated_as_Tper,0.231,100,работает
RUN_20260510_VPLC_L3_STRESS_75_80_S01_R05,VPLC_L3_STRESS_75_80,SER_20260510_VPLC_L3_STRESS_75_80_S01,vPLC_container,VPLC_HOST,891,,,2026-05-09T22:09:15.187251091Z,,,,host_log,75,80,,,,,,3,512,,technical_check,vplc_status_cycle_duration_not_validated_as_Tper,0.257,100,работает
RUN_20260510_VPLC_L3_STRESS_75_80_S01_R05,VPLC_L3_STRESS_75_80,SER_20260510_VPLC_L3_STRESS_75_80_S01,vPLC_container,VPLC_HOST,892,,,2026-05-09T22:09:16.240031349Z,,,,host_log,75,80,,,,,,3,512,,technical_check,vplc_status_cycle_duration_not_validated_as_Tper,0.236,100,работает
RUN_20260510_VPLC_L3_STRESS_75_80_S01_R05,VPLC_L3_STRESS_75_80,SER_20260510_VPLC_L3_STRESS_75_80_S01,vPLC_container,VPLC_HOST,893,,,2026-05-09T22:09:17.295546520Z,,,,host_log,75,80,,,,,,3,512,,technical_check,vplc_status_cycle_duration_not_validated_as_Tper,0.257,100,работает
RUN_20260510_VPLC_L3_STRESS_75_80_S01_R05,VPLC_L3_STRESS_75_80,SER_20260510_VPLC_L3_STRESS_75_80_S01,vPLC_container,VPLC_HOST,894,,,2026-05-09T22:09:18.353103916Z,,,,host_log,75,80,,,,,,3,512,,technical_check,vplc_status_cycle_duration_not_validated_as_Tper,3.778,100,работает
RUN_20260510_VPLC_L3_STRESS_75_80_S01_R05,VPLC_L3_STRESS_75_80,SER_20260510_VPLC_L3_STRESS_75_80_S01,vPLC_container,VPLC_HOST,895,,,2026-05-09T22:09:19.408094087Z,,,,host_log,75,80,,,,,,3,512,,technical_check,vplc_status_cycle_duration_not_validated_as_Tper,5.036,100,работает
RUN_20260510_VPLC_L3_STRESS_75_80_S01_R05,VPLC_L3_STRESS_75_80,SER_20260510_VPLC_L3_STRESS_75_80_S01,vPLC_container,VPLC_HOST,896,,,2026-05-09T22:09:20.463570934Z,,,,host_log,75,80,,,,,,3,512,,technical_check,vplc_status_cycle_duration_not_validated_as_Tper,0.257,100,работает
RUN_20260510_VPLC_L3_STRESS_75_80_S01_R05,VPLC_L3_STRESS_75_80,SER_20260510_VPLC_L3_STRESS_75_80_S01,vPLC_container,VPLC_HOST,897,,,2026-05-09T22:09:21.518890452Z,,,,host_log,75,80,,,,,,3,512,,technical_check,vplc_status_cycle_duration_not_validated_as_Tper,0.257,100,работает
RUN_20260510_VPLC_L3_STRESS_75_80_S01_R05,VPLC_L3_STRESS_75_80,SER_20260510_VPLC_L3_STRESS_75_80_S01,vPLC_container,VPLC_HOST,898,,,2026-05-09T22:09:22.573903508Z,,,,host_log,75,80,,,,,,3,512,,technical_check,vplc_status_cycle_duration_not_validated_as_Tper,0.250,100,работает
RUN_20260510_VPLC_L3_STRESS_75_80_S01_R05,VPLC_L3_STRESS_75_80,SER_20260510_VPLC_L3_STRESS_75_80_S01,vPLC_container,VPLC_HOST,899,,,2026-05-09T22:09:23.630136026Z,,,,host_log,75,80,,,,,,3,512,,technical_check,vplc_status_cycle_duration_not_validated_as_Tper,0.238,100,работает
RUN_20260510_VPLC_L3_STRESS_75_80_S01_R05,VPLC_L3_STRESS_75_80,SER_20260510_VPLC_L3_STRESS_75_80_S01,vPLC_container,VPLC_HOST,900,,,2026-05-09T22:09:24.684318670Z,,,,host_log,75,80,,,,,,3,512,,technical_check,vplc_status_cycle_duration_not_validated_as_Tper,0.259,100,работает
RUN_20260510_VPLC_L3_STRESS_75_80_S01_R05,VPLC_L3_STRESS_75_80,SER_20260510_VPLC_L3_STRESS_75_80_S01,vPLC_container,VPLC_HOST,901,,,2026-05-09T22:09:25.737833598Z,,,,host_log,75,80,,,,,,3,512,,technical_check,vplc_status_cycle_duration_not_validated_as_Tper,0.231,100,работает
RUN_20260510_VPLC_L3_STRESS_75_80_S01_R05,VPLC_L3_STRESS_75_80,SER_20260510_VPLC_L3_STRESS_75_80_S01,vPLC_container,VPLC_HOST,902,,,2026-05-09T22:09:26.795930510Z,,,,host_log,75,80,,,,,,3,512,,technical_check,vplc_status_cycle_duration_not_validated_as_Tper,0.259,100,работает
RUN_20260510_VPLC_L3_STRESS_75_80_S01_R05,VPLC_L3_STRESS_75_80,SER_20260510_VPLC_L3_STRESS_75_80_S01,vPLC_container,VPLC_HOST,903,,,2026-05-09T22:09:27.847589403Z,,,,host_log,75,80,,,,,,3,512,,technical_check,vplc_status_cycle_duration_not_validated_as_Tper,0.172,100,работает
RUN_20260510_VPLC_L3_STRESS_75_80_S01_R05,VPLC_L3_STRESS_75_80,SER_20260510_VPLC_L3_STRESS_75_80_S01,vPLC_container,VPLC_HOST,904,,,2026-05-09T22:09:28.901930824Z,,,,host_log,75,80,,,,,,3,512,,technical_check,vplc_status_cycle_duration_not_validated_as_Tper,0.255,100,работает
RUN_20260510_VPLC_L3_STRESS_75_80_S01_R05,VPLC_L3_STRESS_75_80,SER_20260510_VPLC_L3_STRESS_75_80_S01,vPLC_container,VPLC_HOST,905,,,2026-05-09T22:09:29.960479326Z,,,,host_log,75,80,,,,,,3,512,,technical_check,vplc_status_cycle_duration_not_validated_as_Tper,0.262,100,работает
RUN_20260510_VPLC_L3_STRESS_75_80_S01_R05,VPLC_L3_STRESS_75_80,SER_20260510_VPLC_L3_STRESS_75_80_S01,vPLC_container,VPLC_HOST,906,,,2026-05-09T22:09:31.017185337Z,,,,host_log,75,80,,,,,,3,512,,technical_check,vplc_status_cycle_duration_not_validated_as_Tper,0.255,100,работает
RUN_20260510_VPLC_L3_STRESS_75_80_S01_R05,VPLC_L3_STRESS_75_80,SER_20260510_VPLC_L3_STRESS_75_80_S01,vPLC_container,VPLC_HOST,907,,,2026-05-09T22:09:32.071185219Z,,,,host_log,75,80,,,,,,3,512,,technical_check,vplc_status_cycle_duration_not_validated_as_Tper,0.267,100,работает
RUN_20260510_VPLC_L3_STRESS_75_80_S01_R05,VPLC_L3_STRESS_75_80,SER_20260510_VPLC_L3_STRESS_75_80_S01,vPLC_container,VPLC_HOST,908,,,2026-05-09T22:09:33.129143505Z,,,,host_log,75,80,,,,,,3,512,,technical_check,vplc_status_cycle_duration_not_validated_as_Tper,0.237,100,работает
RUN_20260510_VPLC_L3_STRESS_75_80_S01_R05,VPLC_L3_STRESS_75_80,SER_20260510_VPLC_L3_STRESS_75_80_S01,vPLC_container,VPLC_HOST,909,,,2026-05-09T22:09:34.183429513Z,,,,host_log,75,80,,,,,,3,512,,technical_check,vplc_status_cycle_duration_not_validated_as_Tper,0.254,100,работает
RUN_20260510_VPLC_L3_STRESS_75_80_S01_R05,VPLC_L3_STRESS_75_80,SER_20260510_VPLC_L3_STRESS_75_80_S01,vPLC_container,VPLC_HOST,910,,,2026-05-09T22:09:35.239632505Z,,,,host_log,75,80,,,,,,3,512,,technical_check,vplc_status_cycle_duration_not_validated_as_Tper,0.235,100,работает
RUN_20260510_VPLC_L3_STRESS_75_80_S01_R05,VPLC_L3_STRESS_75_80,SER_20260510_VPLC_L3_STRESS_75_80_S01,vPLC_container,VPLC_HOST,911,,,2026-05-09T22:09:36.290620190Z,,,,host_log,75,80,,,,,,3,512,,technical_check,vplc_status_cycle_duration_not_validated_as_Tper,0.258,100,работает
RUN_20260510_VPLC_L3_STRESS_75_80_S01_R05,VPLC_L3_STRESS_75_80,SER_20260510_VPLC_L3_STRESS_75_80_S01,vPLC_container,VPLC_HOST,912,,,2026-05-09T22:09:37.347017127Z,,,,host_log,75,80,,,,,,3,512,,technical_check,vplc_status_cycle_duration_not_validated_as_Tper,4.760,100,работает
RUN_20260510_VPLC_L3_STRESS_75_80_S01_R05,VPLC_L3_STRESS_75_80,SER_20260510_VPLC_L3_STRESS_75_80_S01,vPLC_container,VPLC_HOST,913,,,2026-05-09T22:09:38.404987025Z,,,,host_log,75,80,,,,,,3,512,,technical_check,vplc_status_cycle_duration_not_validated_as_Tper,5.225,100,работает
RUN_20260510_VPLC_L3_STRESS_75_80_S01_R05,VPLC_L3_STRESS_75_80,SER_20260510_VPLC_L3_STRESS_75_80_S01,vPLC_container,VPLC_HOST,914,,,2026-05-09T22:09:39.461412108Z,,,,host_log,75,80,,,,,,3,512,,technical_check,vplc_status_cycle_duration_not_validated_as_Tper,0.259,100,работает
RUN_20260510_VPLC_L3_STRESS_75_80_S01_R05,VPLC_L3_STRESS_75_80,SER_20260510_VPLC_L3_STRESS_75_80_S01,vPLC_container,VPLC_HOST,915,,,2026-05-09T22:09:40.512559988Z,,,,host_log,75,80,,,,,,3,512,,technical_check,vplc_status_cycle_duration_not_validated_as_Tper,0.257,100,работает
RUN_20260510_VPLC_L3_STRESS_75_80_S01_R05,VPLC_L3_STRESS_75_80,SER_20260510_VPLC_L3_STRESS_75_80_S01,vPLC_container,VPLC_HOST,916,,,2026-05-09T22:09:41.570502688Z,,,,host_log,75,80,,,,,,3,512,,technical_check,vplc_status_cycle_duration_not_validated_as_Tper,0.262,100,работает
RUN_20260510_VPLC_L3_STRESS_75_80_S01_R05,VPLC_L3_STRESS_75_80,SER_20260510_VPLC_L3_STRESS_75_80_S01,vPLC_container,VPLC_HOST,917,,,2026-05-09T22:09:42.627577482Z,,,,host_log,75,80,,,,,,3,512,,technical_check,vplc_status_cycle_duration_not_validated_as_Tper,0.255,100,работает
RUN_20260510_VPLC_L3_STRESS_75_80_S01_R05,VPLC_L3_STRESS_75_80,SER_20260510_VPLC_L3_STRESS_75_80_S01,vPLC_container,VPLC_HOST,918,,,2026-05-09T22:09:43.680455690Z,,,,host_log,75,80,,,,,,3,512,,technical_check,vplc_status_cycle_duration_not_validated_as_Tper,0.257,100,работает
RUN_20260510_VPLC_L3_STRESS_75_80_S01_R05,VPLC_L3_STRESS_75_80,SER_20260510_VPLC_L3_STRESS_75_80_S01,vPLC_container,VPLC_HOST,919,,,2026-05-09T22:09:44.736558434Z,,,,host_log,75,80,,,,,,3,512,,technical_check,vplc_status_cycle_duration_not_validated_as_Tper,0.237,100,работает
RUN_20260510_VPLC_L3_STRESS_75_80_S01_R05,VPLC_L3_STRESS_75_80,SER_20260510_VPLC_L3_STRESS_75_80_S01,vPLC_container,VPLC_HOST,920,,,2026-05-09T22:09:45.790159874Z,,,,host_log,75,80,,,,,,3,512,,technical_check,vplc_status_cycle_duration_not_validated_as_Tper,0.255,100,работает
RUN_20260510_VPLC_L3_STRESS_75_80_S01_R05,VPLC_L3_STRESS_75_80,SER_20260510_VPLC_L3_STRESS_75_80_S01,vPLC_container,VPLC_HOST,921,,,2026-05-09T22:09:46.846160715Z,,,,host_log,75,80,,,,,,3,512,,technical_check,vplc_status_cycle_duration_not_validated_as_Tper,0.168,100,работает
RUN_20260510_VPLC_L3_STRESS_75_80_S01_R05,VPLC_L3_STRESS_75_80,SER_20260510_VPLC_L3_STRESS_75_80_S01,vPLC_container,VPLC_HOST,922,,,2026-05-09T22:09:47.903457764Z,,,,host_log,75,80,,,,,,3,512,,technical_check,vplc_status_cycle_duration_not_validated_as_Tper,0.258,100,работает
RUN_20260510_VPLC_L3_STRESS_75_80_S01_R05,VPLC_L3_STRESS_75_80,SER_20260510_VPLC_L3_STRESS_75_80_S01,vPLC_container,VPLC_HOST,923,,,2026-05-09T22:09:48.958816087Z,,,,host_log,75,80,,,,,,3,512,,technical_check,vplc_status_cycle_duration_not_validated_as_Tper,0.238,100,работает
RUN_20260510_VPLC_L3_STRESS_75_80_S01_R05,VPLC_L3_STRESS_75_80,SER_20260510_VPLC_L3_STRESS_75_80_S01,vPLC_container,VPLC_HOST,924,,,2026-05-09T22:09:50.011790409Z,,,,host_log,75,80,,,,,,3,512,,technical_check,vplc_status_cycle_duration_not_validated_as_Tper,0.253,100,работает
RUN_20260510_VPLC_L3_STRESS_75_80_S01_R05,VPLC_L3_STRESS_75_80,SER_20260510_VPLC_L3_STRESS_75_80_S01,vPLC_container,VPLC_HOST,925,,,2026-05-09T22:09:51.069608626Z,,,,host_log,75,80,,,,,,3,512,,technical_check,vplc_status_cycle_duration_not_validated_as_Tper,0.259,100,работает
RUN_20260510_VPLC_L3_STRESS_75_80_S01_R05,VPLC_L3_STRESS_75_80,SER_20260510_VPLC_L3_STRESS_75_80_S01,vPLC_container,VPLC_HOST,926,,,2026-05-09T22:09:52.122760476Z,,,,host_log,75,80,,,,,,3,512,,technical_check,vplc_status_cycle_duration_not_validated_as_Tper,0.232,100,работает
RUN_20260510_VPLC_L3_STRESS_75_80_S01_R05,VPLC_L3_STRESS_75_80,SER_20260510_VPLC_L3_STRESS_75_80_S01,vPLC_container,VPLC_HOST,927,,,2026-05-09T22:09:53.177031089Z,,,,host_log,75,80,,,,,,3,512,,technical_check,vplc_status_cycle_duration_not_validated_as_Tper,0.257,100,работает
RUN_20260510_VPLC_L3_STRESS_75_80_S01_R05,VPLC_L3_STRESS_75_80,SER_20260510_VPLC_L3_STRESS_75_80_S01,vPLC_container,VPLC_HOST,928,,,2026-05-09T22:09:54.233764745Z,,,,host_log,75,80,,,,,,3,512,,technical_check,vplc_status_cycle_duration_not_validated_as_Tper,0.237,100,работает
RUN_20260510_VPLC_L3_STRESS_75_80_S01_R05,VPLC_L3_STRESS_75_80,SER_20260510_VPLC_L3_STRESS_75_80_S01,vPLC_container,VPLC_HOST,929,,,2026-05-09T22:09:55.288008434Z,,,,host_log,75,80,,,,,,3,512,,technical_check,vplc_status_cycle_duration_not_validated_as_Tper,0.257,100,работает
RUN_20260510_VPLC_L3_STRESS_75_80_S01_R05,VPLC_L3_STRESS_75_80,SER_20260510_VPLC_L3_STRESS_75_80_S01,vPLC_container,VPLC_HOST,930,,,2026-05-09T22:09:56.345825333Z,,,,host_log,75,80,,,,,,3,512,,technical_check,vplc_status_cycle_duration_not_validated_as_Tper,4.581,100,работает
RUN_20260510_VPLC_L3_STRESS_75_80_S01_R05,VPLC_L3_STRESS_75_80,SER_20260510_VPLC_L3_STRESS_75_80_S01,vPLC_container,VPLC_HOST,931,,,2026-05-09T22:09:57.399865447Z,,,,host_log,75,80,,,,,,3,512,,technical_check,vplc_status_cycle_duration_not_validated_as_Tper,4.917,100,работает
RUN_20260510_VPLC_L3_STRESS_75_80_S01_R05,VPLC_L3_STRESS_75_80,SER_20260510_VPLC_L3_STRESS_75_80_S01,vPLC_container,VPLC_HOST,932,,,2026-05-09T22:09:58.453598561Z,,,,host_log,75,80,,,,,,3,512,,technical_check,vplc_status_cycle_duration_not_validated_as_Tper,0.156,100,работает
RUN_20260510_VPLC_L3_STRESS_75_80_S01_R05,VPLC_L3_STRESS_75_80,SER_20260510_VPLC_L3_STRESS_75_80_S01,vPLC_container,VPLC_HOST,933,,,2026-05-09T22:09:59.511583592Z,,,,host_log,75,80,,,,,,3,512,,technical_check,vplc_status_cycle_duration_not_validated_as_Tper,0.257,100,работает
RUN_20260510_VPLC_L3_STRESS_75_80_S01_R05,VPLC_L3_STRESS_75_80,SER_20260510_VPLC_L3_STRESS_75_80_S01,vPLC_container,VPLC_HOST,934,,,2026-05-09T22:10:00.563615313Z,,,,host_log,75,80,,,,,,3,512,,technical_check,vplc_status_cycle_duration_not_validated_as_Tper,0.253,100,работает
RUN_20260510_VPLC_L3_STRESS_75_80_S01_R05,VPLC_L3_STRESS_75_80,SER_20260510_VPLC_L3_STRESS_75_80_S01,vPLC_container,VPLC_HOST,935,,,2026-05-09T22:10:01.621102456Z,,,,host_log,75,80,,,,,,3,512,,technical_check,vplc_status_cycle_duration_not_validated_as_Tper,0.252,100,работает
RUN_20260510_VPLC_L3_STRESS_75_80_S01_R05,VPLC_L3_STRESS_75_80,SER_20260510_VPLC_L3_STRESS_75_80_S01,vPLC_container,VPLC_HOST,936,,,2026-05-09T22:10:02.676775797Z,,,,host_log,75,80,,,,,,3,512,,technical_check,vplc_status_cycle_duration_not_validated_as_Tper,0.258,100,работает
RUN_20260510_VPLC_L3_STRESS_75_80_S01_R05,VPLC_L3_STRESS_75_80,SER_20260510_VPLC_L3_STRESS_75_80_S01,vPLC_container,VPLC_HOST,937,,,2026-05-09T22:10:03.730332486Z,,,,host_log,75,80,,,,,,3,512,,technical_check,vplc_status_cycle_duration_not_validated_as_Tper,0.230,100,работает
RUN_20260510_VPLC_L3_STRESS_75_80_S01_R05,VPLC_L3_STRESS_75_80,SER_20260510_VPLC_L3_STRESS_75_80_S01,vPLC_container,VPLC_HOST,938,,,2026-05-09T22:10:04.787731999Z,,,,host_log,75,80,,,,,,3,512,,technical_check,vplc_status_cycle_duration_not_validated_as_Tper,0.256,100,работает
RUN_20260510_VPLC_L3_STRESS_75_80_S01_R05,VPLC_L3_STRESS_75_80,SER_20260510_VPLC_L3_STRESS_75_80_S01,vPLC_container,VPLC_HOST,939,,,2026-05-09T22:10:05.842816483Z,,,,host_log,75,80,,,,,,3,512,,technical_check,vplc_status_cycle_duration_not_validated_as_Tper,0.237,100,работает
RUN_20260510_VPLC_L3_STRESS_75_80_S01_R05,VPLC_L3_STRESS_75_80,SER_20260510_VPLC_L3_STRESS_75_80_S01,vPLC_container,VPLC_HOST,940,,,2026-05-09T22:10:06.897532413Z,,,,host_log,75,80,,,,,,3,512,,technical_check,vplc_status_cycle_duration_not_validated_as_Tper,0.257,100,работает
RUN_20260510_VPLC_L3_STRESS_75_80_S01_R05,VPLC_L3_STRESS_75_80,SER_20260510_VPLC_L3_STRESS_75_80_S01,vPLC_container,VPLC_HOST,941,,,2026-05-09T22:10:07.952787963Z,,,,host_log,75,80,,,,,,3,512,,technical_check,vplc_status_cycle_duration_not_validated_as_Tper,0.141,100,работает
RUN_20260510_VPLC_L3_STRESS_75_80_S01_R05,VPLC_L3_STRESS_75_80,SER_20260510_VPLC_L3_STRESS_75_80_S01,vPLC_container,VPLC_HOST,942,,,2026-05-09T22:10:09.009522975Z,,,,host_log,75,80,,,,,,3,512,,technical_check,vplc_status_cycle_duration_not_validated_as_Tper,0.256,100,работает
RUN_20260510_VPLC_L3_STRESS_75_80_S01_R05,VPLC_L3_STRESS_75_80,SER_20260510_VPLC_L3_STRESS_75_80_S01,vPLC_container,VPLC_HOST,943,,,2026-05-09T22:10:10.061850087Z,,,,host_log,75,80,,,,,,3,512,,technical_check,vplc_status_cycle_duration_not_validated_as_Tper,0.259,100,работает
RUN_20260510_VPLC_L3_STRESS_75_80_S01_R05,VPLC_L3_STRESS_75_80,SER_20260510_VPLC_L3_STRESS_75_80_S01,vPLC_container,VPLC_HOST,944,,,2026-05-09T22:10:11.119258497Z,,,,host_log,75,80,,,,,,3,512,,technical_check,vplc_status_cycle_duration_not_validated_as_Tper,0.260,100,работает
RUN_20260510_VPLC_L3_STRESS_75_80_S01_R05,VPLC_L3_STRESS_75_80,SER_20260510_VPLC_L3_STRESS_75_80_S01,vPLC_container,VPLC_HOST,945,,,2026-05-09T22:10:12.173081341Z,,,,host_log,75,80,,,,,,3,512,,technical_check,vplc_status_cycle_duration_not_validated_as_Tper,0.253,100,работает
RUN_20260510_VPLC_L3_STRESS_75_80_S01_R05,VPLC_L3_STRESS_75_80,SER_20260510_VPLC_L3_STRESS_75_80_S01,vPLC_container,VPLC_HOST,946,,,2026-05-09T22:10:13.228414090Z,,,,host_log,75,80,,,,,,3,512,,technical_check,vplc_status_cycle_duration_not_validated_as_Tper,0.255,100,работает
RUN_20260510_VPLC_L3_STRESS_75_80_S01_R05,VPLC_L3_STRESS_75_80,SER_20260510_VPLC_L3_STRESS_75_80_S01,vPLC_container,VPLC_HOST,947,,,2026-05-09T22:10:14.285385484Z,,,,host_log,75,80,,,,,,3,512,,technical_check,vplc_status_cycle_duration_not_validated_as_Tper,0.258,100,работает
RUN_20260510_VPLC_L3_STRESS_75_80_S01_R05,VPLC_L3_STRESS_75_80,SER_20260510_VPLC_L3_STRESS_75_80_S01,vPLC_container,VPLC_HOST,948,,,2026-05-09T22:10:15.338874538Z,,,,host_log,75,80,,,,,,3,512,,technical_check,vplc_status_cycle_duration_not_validated_as_Tper,4.536,100,работает
RUN_20260510_VPLC_L3_STRESS_75_80_S01_R05,VPLC_L3_STRESS_75_80,SER_20260510_VPLC_L3_STRESS_75_80_S01,vPLC_container,VPLC_HOST,949,,,2026-05-09T22:10:16.395507379Z,,,,host_log,75,80,,,,,,3,512,,technical_check,vplc_status_cycle_duration_not_validated_as_Tper,4.877,100,работает
RUN_20260510_VPLC_L3_STRESS_75_80_S01_R05,VPLC_L3_STRESS_75_80,SER_20260510_VPLC_L3_STRESS_75_80_S01,vPLC_container,VPLC_HOST,950,,,2026-05-09T22:10:17.451429647Z,,,,host_log,75,80,,,,,,3,512,,technical_check,vplc_status_cycle_duration_not_validated_as_Tper,0.129,100,работает
RUN_20260510_VPLC_L3_STRESS_75_80_S01_R05,VPLC_L3_STRESS_75_80,SER_20260510_VPLC_L3_STRESS_75_80_S01,vPLC_container,VPLC_HOST,951,,,2026-05-09T22:10:18.505600011Z,,,,host_log,75,80,,,,,,3,512,,technical_check,vplc_status_cycle_duration_not_validated_as_Tper,0.257,100,работает
RUN_20260510_VPLC_L3_STRESS_75_80_S01_R05,VPLC_L3_STRESS_75_80,SER_20260510_VPLC_L3_STRESS_75_80_S01,vPLC_container,VPLC_HOST,952,,,2026-05-09T22:10:19.561692193Z,,,,host_log,75,80,,,,,,3,512,,technical_check,vplc_status_cycle_duration_not_validated_as_Tper,0.257,100,работает
RUN_20260510_VPLC_L3_STRESS_75_80_S01_R05,VPLC_L3_STRESS_75_80,SER_20260510_VPLC_L3_STRESS_75_80_S01,vPLC_container,VPLC_HOST,953,,,2026-05-09T22:10:20.615127580Z,,,,host_log,75,80,,,,,,3,512,,technical_check,vplc_status_cycle_duration_not_validated_as_Tper,0.258,100,работает
RUN_20260510_VPLC_L3_STRESS_75_80_S01_R05,VPLC_L3_STRESS_75_80,SER_20260510_VPLC_L3_STRESS_75_80_S01,vPLC_container,VPLC_HOST,954,,,2026-05-09T22:10:21.670312427Z,,,,host_log,75,80,,,,,,3,512,,technical_check,vplc_status_cycle_duration_not_validated_as_Tper,0.253,100,работает
RUN_20260510_VPLC_L3_STRESS_75_80_S01_R05,VPLC_L3_STRESS_75_80,SER_20260510_VPLC_L3_STRESS_75_80_S01,vPLC_container,VPLC_HOST,955,,,2026-05-09T22:10:22.726244216Z,,,,host_log,75,80,,,,,,3,512,,technical_check,vplc_status_cycle_duration_not_validated_as_Tper,0.237,100,работает
RUN_20260510_VPLC_L3_STRESS_75_80_S01_R05,VPLC_L3_STRESS_75_80,SER_20260510_VPLC_L3_STRESS_75_80_S01,vPLC_container,VPLC_HOST,956,,,2026-05-09T22:10:23.781608627Z,,,,host_log,75,80,,,,,,3,512,,technical_check,vplc_status_cycle_duration_not_validated_as_Tper,0.253,100,работает
RUN_20260510_VPLC_L3_STRESS_75_80_S01_R05,VPLC_L3_STRESS_75_80,SER_20260510_VPLC_L3_STRESS_75_80_S01,vPLC_container,VPLC_HOST,957,,,2026-05-09T22:10:24.834561924Z,,,,host_log,75,80,,,,,,3,512,,technical_check,vplc_status_cycle_duration_not_validated_as_Tper,0.234,100,работает
RUN_20260510_VPLC_L3_STRESS_75_80_S01_R05,VPLC_L3_STRESS_75_80,SER_20260510_VPLC_L3_STRESS_75_80_S01,vPLC_container,VPLC_HOST,958,,,2026-05-09T22:10:25.891543413Z,,,,host_log,75,80,,,,,,3,512,,technical_check,vplc_status_cycle_duration_not_validated_as_Tper,0.258,100,работает
RUN_20260510_VPLC_L3_STRESS_75_80_S01_R05,VPLC_L3_STRESS_75_80,SER_20260510_VPLC_L3_STRESS_75_80_S01,vPLC_container,VPLC_HOST,959,,,2026-05-09T22:10:26.947563996Z,,,,host_log,75,80,,,,,,3,512,,technical_check,vplc_status_cycle_duration_not_validated_as_Tper,0.159,100,работает
RUN_20260510_VPLC_L3_STRESS_75_80_S01_R05,VPLC_L3_STRESS_75_80,SER_20260510_VPLC_L3_STRESS_75_80_S01,vPLC_container,VPLC_HOST,960,,,2026-05-09T22:10:28.000419631Z,,,,host_log,75,80,,,,,,3,512,,technical_check,vplc_status_cycle_duration_not_validated_as_Tper,0.252,100,работает
RUN_20260510_VPLC_L3_STRESS_75_80_S01_R05,VPLC_L3_STRESS_75_80,SER_20260510_VPLC_L3_STRESS_75_80_S01,vPLC_container,VPLC_HOST,961,,,2026-05-09T22:10:29.057502904Z,,,,host_log,75,80,,,,,,3,512,,technical_check,vplc_status_cycle_duration_not_validated_as_Tper,0.217,100,работает
RUN_20260510_VPLC_L3_STRESS_75_80_S01_R05,VPLC_L3_STRESS_75_80,SER_20260510_VPLC_L3_STRESS_75_80_S01,vPLC_container,VPLC_HOST,962,,,2026-05-09T22:10:30.112897365Z,,,,host_log,75,80,,,,,,3,512,,technical_check,vplc_status_cycle_duration_not_validated_as_Tper,0.256,100,работает
RUN_20260510_VPLC_L3_STRESS_75_80_S01_R05,VPLC_L3_STRESS_75_80,SER_20260510_VPLC_L3_STRESS_75_80_S01,vPLC_container,VPLC_HOST,963,,,2026-05-09T22:10:31.166363966Z,,,,host_log,75,80,,,,,,3,512,,technical_check,vplc_status_cycle_duration_not_validated_as_Tper,0.253,100,работает
RUN_20260510_VPLC_L3_STRESS_75_80_S01_R05,VPLC_L3_STRESS_75_80,SER_20260510_VPLC_L3_STRESS_75_80_S01,vPLC_container,VPLC_HOST,964,,,2026-05-09T22:10:32.224375992Z,,,,host_log,75,80,,,,,,3,512,,technical_check,vplc_status_cycle_duration_not_validated_as_Tper,0.255,100,работает
RUN_20260510_VPLC_L3_STRESS_75_80_S01_R05,VPLC_L3_STRESS_75_80,SER_20260510_VPLC_L3_STRESS_75_80_S01,vPLC_container,VPLC_HOST,965,,,2026-05-09T22:10:33.276922505Z,,,,host_log,75,80,,,,,,3,512,,technical_check,vplc_status_cycle_duration_not_validated_as_Tper,0.256,100,работает
RUN_20260510_VPLC_L3_STRESS_75_80_S01_R05,VPLC_L3_STRESS_75_80,SER_20260510_VPLC_L3_STRESS_75_80_S01,vPLC_container,VPLC_HOST,966,,,2026-05-09T22:10:34.334966366Z,,,,host_log,75,80,,,,,,3,512,,technical_check,vplc_status_cycle_duration_not_validated_as_Tper,4.997,100,работает
RUN_20260510_VPLC_L3_STRESS_75_80_S01_R05,VPLC_L3_STRESS_75_80,SER_20260510_VPLC_L3_STRESS_75_80_S01,vPLC_container,VPLC_HOST,967,,,2026-05-09T22:10:35.389220036Z,,,,host_log,75,80,,,,,,3,512,,technical_check,vplc_status_cycle_duration_not_validated_as_Tper,4.697,100,работает
RUN_20260510_VPLC_L3_STRESS_75_80_S01_R05,VPLC_L3_STRESS_75_80,SER_20260510_VPLC_L3_STRESS_75_80_S01,vPLC_container,VPLC_HOST,968,,,2026-05-09T22:10:36.444493292Z,,,,host_log,75,80,,,,,,3,512,,technical_check,vplc_status_cycle_duration_not_validated_as_Tper,0.236,100,работает
RUN_20260510_VPLC_L3_STRESS_75_80_S01_R05,VPLC_L3_STRESS_75_80,SER_20260510_VPLC_L3_STRESS_75_80_S01,vPLC_container,VPLC_HOST,969,,,2026-05-09T22:10:37.497528017Z,,,,host_log,75,80,,,,,,3,512,,technical_check,vplc_status_cycle_duration_not_validated_as_Tper,0.257,100,работает
RUN_20260510_VPLC_L3_STRESS_75_80_S01_R05,VPLC_L3_STRESS_75_80,SER_20260510_VPLC_L3_STRESS_75_80_S01,vPLC_container,VPLC_HOST,970,,,2026-05-09T22:10:38.555320295Z,,,,host_log,75,80,,,,,,3,512,,technical_check,vplc_status_cycle_duration_not_validated_as_Tper,0.186,100,работает
RUN_20260510_VPLC_L3_STRESS_75_80_S01_R05,VPLC_L3_STRESS_75_80,SER_20260510_VPLC_L3_STRESS_75_80_S01,vPLC_container,VPLC_HOST,971,,,2026-05-09T22:10:39.612741404Z,,,,host_log,75,80,,,,,,3,512,,technical_check,vplc_status_cycle_duration_not_validated_as_Tper,0.252,100,работает
RUN_20260510_VPLC_L3_STRESS_75_80_S01_R05,VPLC_L3_STRESS_75_80,SER_20260510_VPLC_L3_STRESS_75_80_S01,vPLC_container,VPLC_HOST,972,,,2026-05-09T22:10:40.667780279Z,,,,host_log,75,80,,,,,,3,512,,technical_check,vplc_status_cycle_duration_not_validated_as_Tper,0.257,100,работает
RUN_20260510_VPLC_L3_STRESS_75_80_S01_R05,VPLC_L3_STRESS_75_80,SER_20260510_VPLC_L3_STRESS_75_80_S01,vPLC_container,VPLC_HOST,973,,,2026-05-09T22:10:41.721894773Z,,,,host_log,75,80,,,,,,3,512,,technical_check,vplc_status_cycle_duration_not_validated_as_Tper,0.235,100,работает
RUN_20260510_VPLC_L3_STRESS_75_80_S01_R05,VPLC_L3_STRESS_75_80,SER_20260510_VPLC_L3_STRESS_75_80_S01,vPLC_container,VPLC_HOST,974,,,2026-05-09T22:10:42.776023349Z,,,,host_log,75,80,,,,,,3,512,,technical_check,vplc_status_cycle_duration_not_validated_as_Tper,0.251,100,работает
RUN_20260510_VPLC_L3_STRESS_75_80_S01_R05,VPLC_L3_STRESS_75_80,SER_20260510_VPLC_L3_STRESS_75_80_S01,vPLC_container,VPLC_HOST,975,,,2026-05-09T22:10:43.831128884Z,,,,host_log,75,80,,,,,,3,512,,technical_check,vplc_status_cycle_duration_not_validated_as_Tper,0.239,100,работает
RUN_20260510_VPLC_L3_STRESS_75_80_S01_R05,VPLC_L3_STRESS_75_80,SER_20260510_VPLC_L3_STRESS_75_80_S01,vPLC_container,VPLC_HOST,976,,,2026-05-09T22:10:44.888331548Z,,,,host_log,75,80,,,,,,3,512,,technical_check,vplc_status_cycle_duration_not_validated_as_Tper,0.255,100,работает
RUN_20260510_VPLC_L3_STRESS_75_80_S01_R05,VPLC_L3_STRESS_75_80,SER_20260510_VPLC_L3_STRESS_75_80_S01,vPLC_container,VPLC_HOST,977,,,2026-05-09T22:10:45.943128558Z,,,,host_log,75,80,,,,,,3,512,,technical_check,vplc_status_cycle_duration_not_validated_as_Tper,0.238,100,работает
RUN_20260510_VPLC_L3_STRESS_75_80_S01_R05,VPLC_L3_STRESS_75_80,SER_20260510_VPLC_L3_STRESS_75_80_S01,vPLC_container,VPLC_HOST,978,,,2026-05-09T22:10:46.995519428Z,,,,host_log,75,80,,,,,,3,512,,technical_check,vplc_status_cycle_duration_not_validated_as_Tper,0.259,100,работает
RUN_20260510_VPLC_L3_STRESS_75_80_S01_R05,VPLC_L3_STRESS_75_80,SER_20260510_VPLC_L3_STRESS_75_80_S01,vPLC_container,VPLC_HOST,979,,,2026-05-09T22:10:48.051423247Z,,,,host_log,75,80,,,,,,3,512,,technical_check,vplc_status_cycle_duration_not_validated_as_Tper,0.128,100,работает
RUN_20260510_VPLC_L3_STRESS_75_80_S01_R05,VPLC_L3_STRESS_75_80,SER_20260510_VPLC_L3_STRESS_75_80_S01,vPLC_container,VPLC_HOST,980,,,2026-05-09T22:10:49.108794476Z,,,,host_log,75,80,,,,,,3,512,,technical_check,vplc_status_cycle_duration_not_validated_as_Tper,0.256,100,работает
RUN_20260510_VPLC_L3_STRESS_75_80_S01_R05,VPLC_L3_STRESS_75_80,SER_20260510_VPLC_L3_STRESS_75_80_S01,vPLC_container,VPLC_HOST,981,,,2026-05-09T22:10:50.163164230Z,,,,host_log,75,80,,,,,,3,512,,technical_check,vplc_status_cycle_duration_not_validated_as_Tper,0.254,100,работает
RUN_20260510_VPLC_L3_STRESS_75_80_S01_R05,VPLC_L3_STRESS_75_80,SER_20260510_VPLC_L3_STRESS_75_80_S01,vPLC_container,VPLC_HOST,982,,,2026-05-09T22:10:51.218366214Z,,,,host_log,75,80,,,,,,3,512,,technical_check,vplc_status_cycle_duration_not_validated_as_Tper,0.250,100,работает
RUN_20260510_VPLC_L3_STRESS_75_80_S01_R05,VPLC_L3_STRESS_75_80,SER_20260510_VPLC_L3_STRESS_75_80_S01,vPLC_container,VPLC_HOST,983,,,2026-05-09T22:10:52.273013525Z,,,,host_log,75,80,,,,,,3,512,,technical_check,vplc_status_cycle_duration_not_validated_as_Tper,0.258,100,работает
RUN_20260510_VPLC_L3_STRESS_75_80_S01_R05,VPLC_L3_STRESS_75_80,SER_20260510_VPLC_L3_STRESS_75_80_S01,vPLC_container,VPLC_HOST,984,,,2026-05-09T22:10:53.332016255Z,,,,host_log,75,80,,,,,,3,512,,technical_check,vplc_status_cycle_duration_not_validated_as_Tper,4.430,100,работает
RUN_20260510_VPLC_L3_STRESS_75_80_S01_R05,VPLC_L3_STRESS_75_80,SER_20260510_VPLC_L3_STRESS_75_80_S01,vPLC_container,VPLC_HOST,985,,,2026-05-09T22:10:54.385396938Z,,,,host_log,75,80,,,,,,3,512,,technical_check,vplc_status_cycle_duration_not_validated_as_Tper,4.924,100,работает
RUN_20260510_VPLC_L3_STRESS_75_80_S01_R05,VPLC_L3_STRESS_75_80,SER_20260510_VPLC_L3_STRESS_75_80_S01,vPLC_container,VPLC_HOST,986,,,2026-05-09T22:10:55.440988259Z,,,,host_log,75,80,,,,,,3,512,,technical_check,vplc_status_cycle_duration_not_validated_as_Tper,0.239,100,работает
RUN_20260510_VPLC_L3_STRESS_75_80_S01_R05,VPLC_L3_STRESS_75_80,SER_20260510_VPLC_L3_STRESS_75_80_S01,vPLC_container,VPLC_HOST,987,,,2026-05-09T22:10:56.496588446Z,,,,host_log,75,80,,,,,,3,512,,technical_check,vplc_status_cycle_duration_not_validated_as_Tper,0.257,100,работает
RUN_20260510_VPLC_L3_STRESS_75_80_S01_R05,VPLC_L3_STRESS_75_80,SER_20260510_VPLC_L3_STRESS_75_80_S01,vPLC_container,VPLC_HOST,988,,,2026-05-09T22:10:57.552072505Z,,,,host_log,75,80,,,,,,3,512,,technical_check,vplc_status_cycle_duration_not_validated_as_Tper,0.128,100,работает
RUN_20260510_VPLC_L3_STRESS_75_80_S01_R05,VPLC_L3_STRESS_75_80,SER_20260510_VPLC_L3_STRESS_75_80_S01,vPLC_container,VPLC_HOST,989,,,2026-05-09T22:10:58.605024342Z,,,,host_log,75,80,,,,,,3,512,,technical_check,vplc_status_cycle_duration_not_validated_as_Tper,0.263,100,работает
RUN_20260510_VPLC_L3_STRESS_75_80_S01_R05,VPLC_L3_STRESS_75_80,SER_20260510_VPLC_L3_STRESS_75_80_S01,vPLC_container,VPLC_HOST,990,,,2026-05-09T22:10:59.660343476Z,,,,host_log,75,80,,,,,,3,512,,technical_check,vplc_status_cycle_duration_not_validated_as_Tper,0.253,100,работает
RUN_20260510_VPLC_L3_STRESS_75_80_S01_R05,VPLC_L3_STRESS_75_80,SER_20260510_VPLC_L3_STRESS_75_80_S01,vPLC_container,VPLC_HOST,991,,,2026-05-09T22:11:00.718028981Z,,,,host_log,75,80,,,,,,3,512,,technical_check,vplc_status_cycle_duration_not_validated_as_Tper,0.209,100,работает
RUN_20260510_VPLC_L3_STRESS_75_80_S01_R05,VPLC_L3_STRESS_75_80,SER_20260510_VPLC_L3_STRESS_75_80_S01,vPLC_container,VPLC_HOST,992,,,2026-05-09T22:11:01.772498375Z,,,,host_log,75,80,,,,,,3,512,,technical_check,vplc_status_cycle_duration_not_validated_as_Tper,0.255,100,работает
RUN_20260510_VPLC_L3_STRESS_75_80_S01_R05,VPLC_L3_STRESS_75_80,SER_20260510_VPLC_L3_STRESS_75_80_S01,vPLC_container,VPLC_HOST,993,,,2026-05-09T22:11:02.827197249Z,,,,host_log,75,80,,,,,,3,512,,technical_check,vplc_status_cycle_duration_not_validated_as_Tper,0.255,100,работает
RUN_20260510_VPLC_L3_STRESS_75_80_S01_R05,VPLC_L3_STRESS_75_80,SER_20260510_VPLC_L3_STRESS_75_80_S01,vPLC_container,VPLC_HOST,994,,,2026-05-09T22:11:03.882882801Z,,,,host_log,75,80,,,,,,3,512,,technical_check,vplc_status_cycle_duration_not_validated_as_Tper,0.258,100,работает
RUN_20260510_VPLC_L3_STRESS_75_80_S01_R05,VPLC_L3_STRESS_75_80,SER_20260510_VPLC_L3_STRESS_75_80_S01,vPLC_container,VPLC_HOST,995,,,2026-05-09T22:11:04.939736951Z,,,,host_log,75,80,,,,,,3,512,,technical_check,vplc_status_cycle_duration_not_validated_as_Tper,0.233,100,работает
RUN_20260510_VPLC_L3_STRESS_75_80_S01_R05,VPLC_L3_STRESS_75_80,SER_20260510_VPLC_L3_STRESS_75_80_S01,vPLC_container,VPLC_HOST,996,,,2026-05-09T22:11:05.993351618Z,,,,host_log,75,80,,,,,,3,512,,technical_check,vplc_status_cycle_duration_not_validated_as_Tper,0.251,100,работает
RUN_20260510_VPLC_L3_STRESS_75_80_S01_R05,VPLC_L3_STRESS_75_80,SER_20260510_VPLC_L3_STRESS_75_80_S01,vPLC_container,VPLC_HOST,997,,,2026-05-09T22:11:07.048918162Z,,,,host_log,75,80,,,,,,3,512,,technical_check,vplc_status_cycle_duration_not_validated_as_Tper,0.154,100,работает
RUN_20260510_VPLC_L3_STRESS_75_80_S01_R05,VPLC_L3_STRESS_75_80,SER_20260510_VPLC_L3_STRESS_75_80_S01,vPLC_container,VPLC_HOST,998,,,2026-05-09T22:11:08.105819360Z,,,,host_log,75,80,,,,,,3,512,,technical_check,vplc_status_cycle_duration_not_validated_as_Tper,0.257,100,работает
RUN_20260510_VPLC_L3_STRESS_75_80_S01_R05,VPLC_L3_STRESS_75_80,SER_20260510_VPLC_L3_STRESS_75_80_S01,vPLC_container,VPLC_HOST,999,,,2026-05-09T22:11:09.160610443Z,,,,host_log,75,80,,,,,,3,512,,technical_check,vplc_status_cycle_duration_not_validated_as_Tper,0.254,100,работает
