run_id,mode_id,series_id,object,node_id,sample_index,cycle_index,cycle_counter,ts_observe,ts_start,ts_end,timestamp_tick_ns,timestamp_source,t0_ms,deadline_threshold_ms,Tper,Jper,deadline_miss,heartbeat,workload_accumulator,load_level,load_passes,error_flag,quality_flag,notes,cycle_exec_ms,cycle_nominal_ms,program_status
RUN_20260509_VPLC_L1_LIGHT_10_20_S01_R03,VPLC_L1_LIGHT_10_20,SER_20260509_VPLC_L1_LIGHT_10_20_S01,vPLC_container,VPLC_HOST,0,,,2026-05-09T16:45:38.666787148Z,,,,host_log,10,20,,,,,,1,32,,technical_check,vplc_status_cycle_duration_not_validated_as_Tper,0.064,100,работает
RUN_20260509_VPLC_L1_LIGHT_10_20_S01_R03,VPLC_L1_LIGHT_10_20,SER_20260509_VPLC_L1_LIGHT_10_20_S01,vPLC_container,VPLC_HOST,1,,,2026-05-09T16:45:39.702520373Z,,,,host_log,10,20,,,,,,1,32,,technical_check,vplc_status_cycle_duration_not_validated_as_Tper,0.069,100,работает
RUN_20260509_VPLC_L1_LIGHT_10_20_S01_R03,VPLC_L1_LIGHT_10_20,SER_20260509_VPLC_L1_LIGHT_10_20_S01,vPLC_container,VPLC_HOST,2,,,2026-05-09T16:45:40.758820096Z,,,,host_log,10,20,,,,,,1,32,,technical_check,vplc_status_cycle_duration_not_validated_as_Tper,0.052,100,работает
RUN_20260509_VPLC_L1_LIGHT_10_20_S01_R03,VPLC_L1_LIGHT_10_20,SER_20260509_VPLC_L1_LIGHT_10_20_S01,vPLC_container,VPLC_HOST,3,,,2026-05-09T16:45:41.814367199Z,,,,host_log,10,20,,,,,,1,32,,technical_check,vplc_status_cycle_duration_not_validated_as_Tper,0.069,100,работает
RUN_20260509_VPLC_L1_LIGHT_10_20_S01_R03,VPLC_L1_LIGHT_10_20,SER_20260509_VPLC_L1_LIGHT_10_20_S01,vPLC_container,VPLC_HOST,4,,,2026-05-09T16:45:42.870455460Z,,,,host_log,10,20,,,,,,1,32,,technical_check,vplc_status_cycle_duration_not_validated_as_Tper,0.070,100,работает
RUN_20260509_VPLC_L1_LIGHT_10_20_S01_R03,VPLC_L1_LIGHT_10_20,SER_20260509_VPLC_L1_LIGHT_10_20_S01,vPLC_container,VPLC_HOST,5,,,2026-05-09T16:45:43.923975173Z,,,,host_log,10,20,,,,,,1,32,,technical_check,vplc_status_cycle_duration_not_validated_as_Tper,0.065,100,работает
RUN_20260509_VPLC_L1_LIGHT_10_20_S01_R03,VPLC_L1_LIGHT_10_20,SER_20260509_VPLC_L1_LIGHT_10_20_S01,vPLC_container,VPLC_HOST,6,,,2026-05-09T16:45:44.981096561Z,,,,host_log,10,20,,,,,,1,32,,technical_check,vplc_status_cycle_duration_not_validated_as_Tper,0.069,100,работает
RUN_20260509_VPLC_L1_LIGHT_10_20_S01_R03,VPLC_L1_LIGHT_10_20,SER_20260509_VPLC_L1_LIGHT_10_20_S01,vPLC_container,VPLC_HOST,7,,,2026-05-09T16:45:46.033833223Z,,,,host_log,10,20,,,,,,1,32,,technical_check,vplc_status_cycle_duration_not_validated_as_Tper,0.048,100,работает
RUN_20260509_VPLC_L1_LIGHT_10_20_S01_R03,VPLC_L1_LIGHT_10_20,SER_20260509_VPLC_L1_LIGHT_10_20_S01,vPLC_container,VPLC_HOST,8,,,2026-05-09T16:45:47.091461583Z,,,,host_log,10,20,,,,,,1,32,,technical_check,vplc_status_cycle_duration_not_validated_as_Tper,0.069,100,работает
RUN_20260509_VPLC_L1_LIGHT_10_20_S01_R03,VPLC_L1_LIGHT_10_20,SER_20260509_VPLC_L1_LIGHT_10_20_S01,vPLC_container,VPLC_HOST,9,,,2026-05-09T16:45:48.145171990Z,,,,host_log,10,20,,,,,,1,32,,technical_check,vplc_status_cycle_duration_not_validated_as_Tper,0.050,100,работает
RUN_20260509_VPLC_L1_LIGHT_10_20_S01_R03,VPLC_L1_LIGHT_10_20,SER_20260509_VPLC_L1_LIGHT_10_20_S01,vPLC_container,VPLC_HOST,10,,,2026-05-09T16:45:49.203341250Z,,,,host_log,10,20,,,,,,1,32,,technical_check,vplc_status_cycle_duration_not_validated_as_Tper,0.070,100,работает
RUN_20260509_VPLC_L1_LIGHT_10_20_S01_R03,VPLC_L1_LIGHT_10_20,SER_20260509_VPLC_L1_LIGHT_10_20_S01,vPLC_container,VPLC_HOST,11,,,2026-05-09T16:45:50.253412922Z,,,,host_log,10,20,,,,,,1,32,,technical_check,vplc_status_cycle_duration_not_validated_as_Tper,0.038,100,работает
RUN_20260509_VPLC_L1_LIGHT_10_20_S01_R03,VPLC_L1_LIGHT_10_20,SER_20260509_VPLC_L1_LIGHT_10_20_S01,vPLC_container,VPLC_HOST,12,,,2026-05-09T16:45:51.308091372Z,,,,host_log,10,20,,,,,,1,32,,technical_check,vplc_status_cycle_duration_not_validated_as_Tper,0.070,100,работает
RUN_20260509_VPLC_L1_LIGHT_10_20_S01_R03,VPLC_L1_LIGHT_10_20,SER_20260509_VPLC_L1_LIGHT_10_20_S01,vPLC_container,VPLC_HOST,13,,,2026-05-09T16:45:52.368607475Z,,,,host_log,10,20,,,,,,1,32,,technical_check,vplc_status_cycle_duration_not_validated_as_Tper,4.983,100,работает
RUN_20260509_VPLC_L1_LIGHT_10_20_S01_R03,VPLC_L1_LIGHT_10_20,SER_20260509_VPLC_L1_LIGHT_10_20_S01,vPLC_container,VPLC_HOST,14,,,2026-05-09T16:45:53.423157260Z,,,,host_log,10,20,,,,,,1,32,,technical_check,vplc_status_cycle_duration_not_validated_as_Tper,0.051,100,работает
RUN_20260509_VPLC_L1_LIGHT_10_20_S01_R03,VPLC_L1_LIGHT_10_20,SER_20260509_VPLC_L1_LIGHT_10_20_S01,vPLC_container,VPLC_HOST,15,,,2026-05-09T16:45:54.476038681Z,,,,host_log,10,20,,,,,,1,32,,technical_check,vplc_status_cycle_duration_not_validated_as_Tper,0.068,100,работает
RUN_20260509_VPLC_L1_LIGHT_10_20_S01_R03,VPLC_L1_LIGHT_10_20,SER_20260509_VPLC_L1_LIGHT_10_20_S01,vPLC_container,VPLC_HOST,16,,,2026-05-09T16:45:55.533146688Z,,,,host_log,10,20,,,,,,1,32,,technical_check,vplc_status_cycle_duration_not_validated_as_Tper,0.050,100,работает
RUN_20260509_VPLC_L1_LIGHT_10_20_S01_R03,VPLC_L1_LIGHT_10_20,SER_20260509_VPLC_L1_LIGHT_10_20_S01,vPLC_container,VPLC_HOST,17,,,2026-05-09T16:45:56.586902865Z,,,,host_log,10,20,,,,,,1,32,,technical_check,vplc_status_cycle_duration_not_validated_as_Tper,0.069,100,работает
RUN_20260509_VPLC_L1_LIGHT_10_20_S01_R03,VPLC_L1_LIGHT_10_20,SER_20260509_VPLC_L1_LIGHT_10_20_S01,vPLC_container,VPLC_HOST,18,,,2026-05-09T16:45:57.644788086Z,,,,host_log,10,20,,,,,,1,32,,technical_check,vplc_status_cycle_duration_not_validated_as_Tper,0.044,100,работает
RUN_20260509_VPLC_L1_LIGHT_10_20_S01_R03,VPLC_L1_LIGHT_10_20,SER_20260509_VPLC_L1_LIGHT_10_20_S01,vPLC_container,VPLC_HOST,19,,,2026-05-09T16:45:58.699059823Z,,,,host_log,10,20,,,,,,1,32,,technical_check,vplc_status_cycle_duration_not_validated_as_Tper,0.072,100,работает
RUN_20260509_VPLC_L1_LIGHT_10_20_S01_R03,VPLC_L1_LIGHT_10_20,SER_20260509_VPLC_L1_LIGHT_10_20_S01,vPLC_container,VPLC_HOST,20,,,2026-05-09T16:45:59.755288627Z,,,,host_log,10,20,,,,,,1,32,,technical_check,vplc_status_cycle_duration_not_validated_as_Tper,0.042,100,работает
RUN_20260509_VPLC_L1_LIGHT_10_20_S01_R03,VPLC_L1_LIGHT_10_20,SER_20260509_VPLC_L1_LIGHT_10_20_S01,vPLC_container,VPLC_HOST,21,,,2026-05-09T16:46:00.810909265Z,,,,host_log,10,20,,,,,,1,32,,technical_check,vplc_status_cycle_duration_not_validated_as_Tper,0.069,100,работает
RUN_20260509_VPLC_L1_LIGHT_10_20_S01_R03,VPLC_L1_LIGHT_10_20,SER_20260509_VPLC_L1_LIGHT_10_20_S01,vPLC_container,VPLC_HOST,22,,,2026-05-09T16:46:01.862307548Z,,,,host_log,10,20,,,,,,1,32,,technical_check,vplc_status_cycle_duration_not_validated_as_Tper,0.069,100,работает
RUN_20260509_VPLC_L1_LIGHT_10_20_S01_R03,VPLC_L1_LIGHT_10_20,SER_20260509_VPLC_L1_LIGHT_10_20_S01,vPLC_container,VPLC_HOST,23,,,2026-05-09T16:46:02.920646601Z,,,,host_log,10,20,,,,,,1,32,,technical_check,vplc_status_cycle_duration_not_validated_as_Tper,0.071,100,работает
RUN_20260509_VPLC_L1_LIGHT_10_20_S01_R03,VPLC_L1_LIGHT_10_20,SER_20260509_VPLC_L1_LIGHT_10_20_S01,vPLC_container,VPLC_HOST,24,,,2026-05-09T16:46:03.976719707Z,,,,host_log,10,20,,,,,,1,32,,technical_check,vplc_status_cycle_duration_not_validated_as_Tper,0.069,100,работает
RUN_20260509_VPLC_L1_LIGHT_10_20_S01_R03,VPLC_L1_LIGHT_10_20,SER_20260509_VPLC_L1_LIGHT_10_20_S01,vPLC_container,VPLC_HOST,25,,,2026-05-09T16:46:05.028702712Z,,,,host_log,10,20,,,,,,1,32,,technical_check,vplc_status_cycle_duration_not_validated_as_Tper,0.050,100,работает
RUN_20260509_VPLC_L1_LIGHT_10_20_S01_R03,VPLC_L1_LIGHT_10_20,SER_20260509_VPLC_L1_LIGHT_10_20_S01,vPLC_container,VPLC_HOST,26,,,2026-05-09T16:46:06.085904167Z,,,,host_log,10,20,,,,,,1,32,,technical_check,vplc_status_cycle_duration_not_validated_as_Tper,0.068,100,работает
RUN_20260509_VPLC_L1_LIGHT_10_20_S01_R03,VPLC_L1_LIGHT_10_20,SER_20260509_VPLC_L1_LIGHT_10_20_S01,vPLC_container,VPLC_HOST,27,,,2026-05-09T16:46:07.142883810Z,,,,host_log,10,20,,,,,,1,32,,technical_check,vplc_status_cycle_duration_not_validated_as_Tper,0.049,100,работает
RUN_20260509_VPLC_L1_LIGHT_10_20_S01_R03,VPLC_L1_LIGHT_10_20,SER_20260509_VPLC_L1_LIGHT_10_20_S01,vPLC_container,VPLC_HOST,28,,,2026-05-09T16:46:08.197184575Z,,,,host_log,10,20,,,,,,1,32,,technical_check,vplc_status_cycle_duration_not_validated_as_Tper,0.069,100,работает
RUN_20260509_VPLC_L1_LIGHT_10_20_S01_R03,VPLC_L1_LIGHT_10_20,SER_20260509_VPLC_L1_LIGHT_10_20_S01,vPLC_container,VPLC_HOST,29,,,2026-05-09T16:46:09.250759989Z,,,,host_log,10,20,,,,,,1,32,,technical_check,vplc_status_cycle_duration_not_validated_as_Tper,0.028,100,работает
RUN_20260509_VPLC_L1_LIGHT_10_20_S01_R03,VPLC_L1_LIGHT_10_20,SER_20260509_VPLC_L1_LIGHT_10_20_S01,vPLC_container,VPLC_HOST,30,,,2026-05-09T16:46:10.306178799Z,,,,host_log,10,20,,,,,,1,32,,technical_check,vplc_status_cycle_duration_not_validated_as_Tper,0.071,100,работает
RUN_20260509_VPLC_L1_LIGHT_10_20_S01_R03,VPLC_L1_LIGHT_10_20,SER_20260509_VPLC_L1_LIGHT_10_20_S01,vPLC_container,VPLC_HOST,31,,,2026-05-09T16:46:11.360098236Z,,,,host_log,10,20,,,,,,1,32,,technical_check,vplc_status_cycle_duration_not_validated_as_Tper,4.286,100,работает
RUN_20260509_VPLC_L1_LIGHT_10_20_S01_R03,VPLC_L1_LIGHT_10_20,SER_20260509_VPLC_L1_LIGHT_10_20_S01,vPLC_container,VPLC_HOST,32,,,2026-05-09T16:46:12.416615254Z,,,,host_log,10,20,,,,,,1,32,,technical_check,vplc_status_cycle_duration_not_validated_as_Tper,4.915,100,работает
RUN_20260509_VPLC_L1_LIGHT_10_20_S01_R03,VPLC_L1_LIGHT_10_20,SER_20260509_VPLC_L1_LIGHT_10_20_S01,vPLC_container,VPLC_HOST,33,,,2026-05-09T16:46:13.474483561Z,,,,host_log,10,20,,,,,,1,32,,technical_check,vplc_status_cycle_duration_not_validated_as_Tper,0.070,100,работает
RUN_20260509_VPLC_L1_LIGHT_10_20_S01_R03,VPLC_L1_LIGHT_10_20,SER_20260509_VPLC_L1_LIGHT_10_20_S01,vPLC_container,VPLC_HOST,34,,,2026-05-09T16:46:14.528658284Z,,,,host_log,10,20,,,,,,1,32,,technical_check,vplc_status_cycle_duration_not_validated_as_Tper,0.049,100,работает
RUN_20260509_VPLC_L1_LIGHT_10_20_S01_R03,VPLC_L1_LIGHT_10_20,SER_20260509_VPLC_L1_LIGHT_10_20_S01,vPLC_container,VPLC_HOST,35,,,2026-05-09T16:46:15.584096138Z,,,,host_log,10,20,,,,,,1,32,,technical_check,vplc_status_cycle_duration_not_validated_as_Tper,0.069,100,работает
RUN_20260509_VPLC_L1_LIGHT_10_20_S01_R03,VPLC_L1_LIGHT_10_20,SER_20260509_VPLC_L1_LIGHT_10_20_S01,vPLC_container,VPLC_HOST,36,,,2026-05-09T16:46:16.640288435Z,,,,host_log,10,20,,,,,,1,32,,technical_check,vplc_status_cycle_duration_not_validated_as_Tper,0.049,100,работает
RUN_20260509_VPLC_L1_LIGHT_10_20_S01_R03,VPLC_L1_LIGHT_10_20,SER_20260509_VPLC_L1_LIGHT_10_20_S01,vPLC_container,VPLC_HOST,37,,,2026-05-09T16:46:17.694752542Z,,,,host_log,10,20,,,,,,1,32,,technical_check,vplc_status_cycle_duration_not_validated_as_Tper,0.069,100,работает
RUN_20260509_VPLC_L1_LIGHT_10_20_S01_R03,VPLC_L1_LIGHT_10_20,SER_20260509_VPLC_L1_LIGHT_10_20_S01,vPLC_container,VPLC_HOST,38,,,2026-05-09T16:46:18.750418260Z,,,,host_log,10,20,,,,,,1,32,,technical_check,vplc_status_cycle_duration_not_validated_as_Tper,0.029,100,работает
RUN_20260509_VPLC_L1_LIGHT_10_20_S01_R03,VPLC_L1_LIGHT_10_20,SER_20260509_VPLC_L1_LIGHT_10_20_S01,vPLC_container,VPLC_HOST,39,,,2026-05-09T16:46:19.805961400Z,,,,host_log,10,20,,,,,,1,32,,technical_check,vplc_status_cycle_duration_not_validated_as_Tper,0.071,100,работает
RUN_20260509_VPLC_L1_LIGHT_10_20_S01_R03,VPLC_L1_LIGHT_10_20,SER_20260509_VPLC_L1_LIGHT_10_20_S01,vPLC_container,VPLC_HOST,40,,,2026-05-09T16:46:20.860266717Z,,,,host_log,10,20,,,,,,1,32,,technical_check,vplc_status_cycle_duration_not_validated_as_Tper,0.064,100,работает
RUN_20260509_VPLC_L1_LIGHT_10_20_S01_R03,VPLC_L1_LIGHT_10_20,SER_20260509_VPLC_L1_LIGHT_10_20_S01,vPLC_container,VPLC_HOST,41,,,2026-05-09T16:46:21.916343749Z,,,,host_log,10,20,,,,,,1,32,,technical_check,vplc_status_cycle_duration_not_validated_as_Tper,0.068,100,работает
RUN_20260509_VPLC_L1_LIGHT_10_20_S01_R03,VPLC_L1_LIGHT_10_20,SER_20260509_VPLC_L1_LIGHT_10_20_S01,vPLC_container,VPLC_HOST,42,,,2026-05-09T16:46:22.971474436Z,,,,host_log,10,20,,,,,,1,32,,technical_check,vplc_status_cycle_duration_not_validated_as_Tper,0.069,100,работает
RUN_20260509_VPLC_L1_LIGHT_10_20_S01_R03,VPLC_L1_LIGHT_10_20,SER_20260509_VPLC_L1_LIGHT_10_20_S01,vPLC_container,VPLC_HOST,43,,,2026-05-09T16:46:24.026074081Z,,,,host_log,10,20,,,,,,1,32,,technical_check,vplc_status_cycle_duration_not_validated_as_Tper,0.049,100,работает
RUN_20260509_VPLC_L1_LIGHT_10_20_S01_R03,VPLC_L1_LIGHT_10_20,SER_20260509_VPLC_L1_LIGHT_10_20_S01,vPLC_container,VPLC_HOST,44,,,2026-05-09T16:46:25.081329491Z,,,,host_log,10,20,,,,,,1,32,,technical_check,vplc_status_cycle_duration_not_validated_as_Tper,0.069,100,работает
RUN_20260509_VPLC_L1_LIGHT_10_20_S01_R03,VPLC_L1_LIGHT_10_20,SER_20260509_VPLC_L1_LIGHT_10_20_S01,vPLC_container,VPLC_HOST,45,,,2026-05-09T16:46:26.138601795Z,,,,host_log,10,20,,,,,,1,32,,technical_check,vplc_status_cycle_duration_not_validated_as_Tper,0.048,100,работает
RUN_20260509_VPLC_L1_LIGHT_10_20_S01_R03,VPLC_L1_LIGHT_10_20,SER_20260509_VPLC_L1_LIGHT_10_20_S01,vPLC_container,VPLC_HOST,46,,,2026-05-09T16:46:27.192476250Z,,,,host_log,10,20,,,,,,1,32,,technical_check,vplc_status_cycle_duration_not_validated_as_Tper,0.068,100,работает
RUN_20260509_VPLC_L1_LIGHT_10_20_S01_R03,VPLC_L1_LIGHT_10_20,SER_20260509_VPLC_L1_LIGHT_10_20_S01,vPLC_container,VPLC_HOST,47,,,2026-05-09T16:46:28.242088439Z,,,,host_log,10,20,,,,,,1,32,,technical_check,vplc_status_cycle_duration_not_validated_as_Tper,0.049,100,работает
RUN_20260509_VPLC_L1_LIGHT_10_20_S01_R03,VPLC_L1_LIGHT_10_20,SER_20260509_VPLC_L1_LIGHT_10_20_S01,vPLC_container,VPLC_HOST,48,,,2026-05-09T16:46:29.296606179Z,,,,host_log,10,20,,,,,,1,32,,technical_check,vplc_status_cycle_duration_not_validated_as_Tper,0.069,100,работает
RUN_20260509_VPLC_L1_LIGHT_10_20_S01_R03,VPLC_L1_LIGHT_10_20,SER_20260509_VPLC_L1_LIGHT_10_20_S01,vPLC_container,VPLC_HOST,49,,,2026-05-09T16:46:30.355379806Z,,,,host_log,10,20,,,,,,1,32,,technical_check,vplc_status_cycle_duration_not_validated_as_Tper,3.764,100,работает
RUN_20260509_VPLC_L1_LIGHT_10_20_S01_R03,VPLC_L1_LIGHT_10_20,SER_20260509_VPLC_L1_LIGHT_10_20_S01,vPLC_container,VPLC_HOST,50,,,2026-05-09T16:46:31.409617642Z,,,,host_log,10,20,,,,,,1,32,,technical_check,vplc_status_cycle_duration_not_validated_as_Tper,4.317,100,работает
RUN_20260509_VPLC_L1_LIGHT_10_20_S01_R03,VPLC_L1_LIGHT_10_20,SER_20260509_VPLC_L1_LIGHT_10_20_S01,vPLC_container,VPLC_HOST,51,,,2026-05-09T16:46:32.466304165Z,,,,host_log,10,20,,,,,,1,32,,technical_check,vplc_status_cycle_duration_not_validated_as_Tper,0.069,100,работает
RUN_20260509_VPLC_L1_LIGHT_10_20_S01_R03,VPLC_L1_LIGHT_10_20,SER_20260509_VPLC_L1_LIGHT_10_20_S01,vPLC_container,VPLC_HOST,52,,,2026-05-09T16:46:33.521076376Z,,,,host_log,10,20,,,,,,1,32,,technical_check,vplc_status_cycle_duration_not_validated_as_Tper,0.068,100,работает
RUN_20260509_VPLC_L1_LIGHT_10_20_S01_R03,VPLC_L1_LIGHT_10_20,SER_20260509_VPLC_L1_LIGHT_10_20_S01,vPLC_container,VPLC_HOST,53,,,2026-05-09T16:46:34.579355321Z,,,,host_log,10,20,,,,,,1,32,,technical_check,vplc_status_cycle_duration_not_validated_as_Tper,0.068,100,работает
RUN_20260509_VPLC_L1_LIGHT_10_20_S01_R03,VPLC_L1_LIGHT_10_20,SER_20260509_VPLC_L1_LIGHT_10_20_S01,vPLC_container,VPLC_HOST,54,,,2026-05-09T16:46:35.633545120Z,,,,host_log,10,20,,,,,,1,32,,technical_check,vplc_status_cycle_duration_not_validated_as_Tper,0.049,100,работает
RUN_20260509_VPLC_L1_LIGHT_10_20_S01_R03,VPLC_L1_LIGHT_10_20,SER_20260509_VPLC_L1_LIGHT_10_20_S01,vPLC_container,VPLC_HOST,55,,,2026-05-09T16:46:36.689585081Z,,,,host_log,10,20,,,,,,1,32,,technical_check,vplc_status_cycle_duration_not_validated_as_Tper,0.070,100,работает
RUN_20260509_VPLC_L1_LIGHT_10_20_S01_R03,VPLC_L1_LIGHT_10_20,SER_20260509_VPLC_L1_LIGHT_10_20_S01,vPLC_container,VPLC_HOST,56,,,2026-05-09T16:46:37.742584963Z,,,,host_log,10,20,,,,,,1,32,,technical_check,vplc_status_cycle_duration_not_validated_as_Tper,0.049,100,работает
RUN_20260509_VPLC_L1_LIGHT_10_20_S01_R03,VPLC_L1_LIGHT_10_20,SER_20260509_VPLC_L1_LIGHT_10_20_S01,vPLC_container,VPLC_HOST,57,,,2026-05-09T16:46:38.800597093Z,,,,host_log,10,20,,,,,,1,32,,technical_check,vplc_status_cycle_duration_not_validated_as_Tper,0.070,100,работает
RUN_20260509_VPLC_L1_LIGHT_10_20_S01_R03,VPLC_L1_LIGHT_10_20,SER_20260509_VPLC_L1_LIGHT_10_20_S01,vPLC_container,VPLC_HOST,58,,,2026-05-09T16:46:39.856020726Z,,,,host_log,10,20,,,,,,1,32,,technical_check,vplc_status_cycle_duration_not_validated_as_Tper,0.042,100,работает
RUN_20260509_VPLC_L1_LIGHT_10_20_S01_R03,VPLC_L1_LIGHT_10_20,SER_20260509_VPLC_L1_LIGHT_10_20_S01,vPLC_container,VPLC_HOST,59,,,2026-05-09T16:46:40.911253952Z,,,,host_log,10,20,,,,,,1,32,,technical_check,vplc_status_cycle_duration_not_validated_as_Tper,0.070,100,работает
RUN_20260509_VPLC_L1_LIGHT_10_20_S01_R03,VPLC_L1_LIGHT_10_20,SER_20260509_VPLC_L1_LIGHT_10_20_S01,vPLC_container,VPLC_HOST,60,,,2026-05-09T16:46:41.966080699Z,,,,host_log,10,20,,,,,,1,32,,technical_check,vplc_status_cycle_duration_not_validated_as_Tper,0.069,100,работает
RUN_20260509_VPLC_L1_LIGHT_10_20_S01_R03,VPLC_L1_LIGHT_10_20,SER_20260509_VPLC_L1_LIGHT_10_20_S01,vPLC_container,VPLC_HOST,61,,,2026-05-09T16:46:43.019233362Z,,,,host_log,10,20,,,,,,1,32,,technical_check,vplc_status_cycle_duration_not_validated_as_Tper,0.069,100,работает
RUN_20260509_VPLC_L1_LIGHT_10_20_S01_R03,VPLC_L1_LIGHT_10_20,SER_20260509_VPLC_L1_LIGHT_10_20_S01,vPLC_container,VPLC_HOST,62,,,2026-05-09T16:46:44.076414982Z,,,,host_log,10,20,,,,,,1,32,,technical_check,vplc_status_cycle_duration_not_validated_as_Tper,0.069,100,работает
RUN_20260509_VPLC_L1_LIGHT_10_20_S01_R03,VPLC_L1_LIGHT_10_20,SER_20260509_VPLC_L1_LIGHT_10_20_S01,vPLC_container,VPLC_HOST,63,,,2026-05-09T16:46:45.131640285Z,,,,host_log,10,20,,,,,,1,32,,technical_check,vplc_status_cycle_duration_not_validated_as_Tper,0.049,100,работает
RUN_20260509_VPLC_L1_LIGHT_10_20_S01_R03,VPLC_L1_LIGHT_10_20,SER_20260509_VPLC_L1_LIGHT_10_20_S01,vPLC_container,VPLC_HOST,64,,,2026-05-09T16:46:46.186144940Z,,,,host_log,10,20,,,,,,1,32,,technical_check,vplc_status_cycle_duration_not_validated_as_Tper,0.069,100,работает
RUN_20260509_VPLC_L1_LIGHT_10_20_S01_R03,VPLC_L1_LIGHT_10_20,SER_20260509_VPLC_L1_LIGHT_10_20_S01,vPLC_container,VPLC_HOST,65,,,2026-05-09T16:46:47.243637015Z,,,,host_log,10,20,,,,,,1,32,,technical_check,vplc_status_cycle_duration_not_validated_as_Tper,0.049,100,работает
RUN_20260509_VPLC_L1_LIGHT_10_20_S01_R03,VPLC_L1_LIGHT_10_20,SER_20260509_VPLC_L1_LIGHT_10_20_S01,vPLC_container,VPLC_HOST,66,,,2026-05-09T16:46:48.298439877Z,,,,host_log,10,20,,,,,,1,32,,technical_check,vplc_status_cycle_duration_not_validated_as_Tper,0.070,100,работает
RUN_20260509_VPLC_L1_LIGHT_10_20_S01_R03,VPLC_L1_LIGHT_10_20,SER_20260509_VPLC_L1_LIGHT_10_20_S01,vPLC_container,VPLC_HOST,67,,,2026-05-09T16:46:49.352550410Z,,,,host_log,10,20,,,,,,1,32,,technical_check,vplc_status_cycle_duration_not_validated_as_Tper,3.952,100,работает
RUN_20260509_VPLC_L1_LIGHT_10_20_S01_R03,VPLC_L1_LIGHT_10_20,SER_20260509_VPLC_L1_LIGHT_10_20_S01,vPLC_container,VPLC_HOST,68,,,2026-05-09T16:46:50.407616838Z,,,,host_log,10,20,,,,,,1,32,,technical_check,vplc_status_cycle_duration_not_validated_as_Tper,15.724,100,работает
RUN_20260509_VPLC_L1_LIGHT_10_20_S01_R03,VPLC_L1_LIGHT_10_20,SER_20260509_VPLC_L1_LIGHT_10_20_S01,vPLC_container,VPLC_HOST,69,,,2026-05-09T16:46:51.462941469Z,,,,host_log,10,20,,,,,,1,32,,technical_check,vplc_status_cycle_duration_not_validated_as_Tper,0.068,100,работает
RUN_20260509_VPLC_L1_LIGHT_10_20_S01_R03,VPLC_L1_LIGHT_10_20,SER_20260509_VPLC_L1_LIGHT_10_20_S01,vPLC_container,VPLC_HOST,70,,,2026-05-09T16:46:52.519274912Z,,,,host_log,10,20,,,,,,1,32,,technical_check,vplc_status_cycle_duration_not_validated_as_Tper,0.069,100,работает
RUN_20260509_VPLC_L1_LIGHT_10_20_S01_R03,VPLC_L1_LIGHT_10_20,SER_20260509_VPLC_L1_LIGHT_10_20_S01,vPLC_container,VPLC_HOST,71,,,2026-05-09T16:46:53.571322578Z,,,,host_log,10,20,,,,,,1,32,,technical_check,vplc_status_cycle_duration_not_validated_as_Tper,0.069,100,работает
RUN_20260509_VPLC_L1_LIGHT_10_20_S01_R03,VPLC_L1_LIGHT_10_20,SER_20260509_VPLC_L1_LIGHT_10_20_S01,vPLC_container,VPLC_HOST,72,,,2026-05-09T16:46:54.629490687Z,,,,host_log,10,20,,,,,,1,32,,technical_check,vplc_status_cycle_duration_not_validated_as_Tper,0.048,100,работает
RUN_20260509_VPLC_L1_LIGHT_10_20_S01_R03,VPLC_L1_LIGHT_10_20,SER_20260509_VPLC_L1_LIGHT_10_20_S01,vPLC_container,VPLC_HOST,73,,,2026-05-09T16:46:55.682596010Z,,,,host_log,10,20,,,,,,1,32,,technical_check,vplc_status_cycle_duration_not_validated_as_Tper,0.071,100,работает
RUN_20260509_VPLC_L1_LIGHT_10_20_S01_R03,VPLC_L1_LIGHT_10_20,SER_20260509_VPLC_L1_LIGHT_10_20_S01,vPLC_container,VPLC_HOST,74,,,2026-05-09T16:46:56.739776474Z,,,,host_log,10,20,,,,,,1,32,,technical_check,vplc_status_cycle_duration_not_validated_as_Tper,0.049,100,работает
RUN_20260509_VPLC_L1_LIGHT_10_20_S01_R03,VPLC_L1_LIGHT_10_20,SER_20260509_VPLC_L1_LIGHT_10_20_S01,vPLC_container,VPLC_HOST,75,,,2026-05-09T16:46:57.795624476Z,,,,host_log,10,20,,,,,,1,32,,technical_check,vplc_status_cycle_duration_not_validated_as_Tper,0.072,100,работает
RUN_20260509_VPLC_L1_LIGHT_10_20_S01_R03,VPLC_L1_LIGHT_10_20,SER_20260509_VPLC_L1_LIGHT_10_20_S01,vPLC_container,VPLC_HOST,76,,,2026-05-09T16:46:58.848342303Z,,,,host_log,10,20,,,,,,1,32,,technical_check,vplc_status_cycle_duration_not_validated_as_Tper,0.034,100,работает
RUN_20260509_VPLC_L1_LIGHT_10_20_S01_R03,VPLC_L1_LIGHT_10_20,SER_20260509_VPLC_L1_LIGHT_10_20_S01,vPLC_container,VPLC_HOST,77,,,2026-05-09T16:46:59.902942462Z,,,,host_log,10,20,,,,,,1,32,,technical_check,vplc_status_cycle_duration_not_validated_as_Tper,0.070,100,работает
RUN_20260509_VPLC_L1_LIGHT_10_20_S01_R03,VPLC_L1_LIGHT_10_20,SER_20260509_VPLC_L1_LIGHT_10_20_S01,vPLC_container,VPLC_HOST,78,,,2026-05-09T16:47:00.960084955Z,,,,host_log,10,20,,,,,,1,32,,technical_check,vplc_status_cycle_duration_not_validated_as_Tper,0.066,100,работает
RUN_20260509_VPLC_L1_LIGHT_10_20_S01_R03,VPLC_L1_LIGHT_10_20,SER_20260509_VPLC_L1_LIGHT_10_20_S01,vPLC_container,VPLC_HOST,79,,,2026-05-09T16:47:02.014298521Z,,,,host_log,10,20,,,,,,1,32,,technical_check,vplc_status_cycle_duration_not_validated_as_Tper,0.069,100,работает
RUN_20260509_VPLC_L1_LIGHT_10_20_S01_R03,VPLC_L1_LIGHT_10_20,SER_20260509_VPLC_L1_LIGHT_10_20_S01,vPLC_container,VPLC_HOST,80,,,2026-05-09T16:47:03.072017740Z,,,,host_log,10,20,,,,,,1,32,,technical_check,vplc_status_cycle_duration_not_validated_as_Tper,0.070,100,работает
RUN_20260509_VPLC_L1_LIGHT_10_20_S01_R03,VPLC_L1_LIGHT_10_20,SER_20260509_VPLC_L1_LIGHT_10_20_S01,vPLC_container,VPLC_HOST,81,,,2026-05-09T16:47:04.123494661Z,,,,host_log,10,20,,,,,,1,32,,technical_check,vplc_status_cycle_duration_not_validated_as_Tper,0.067,100,работает
RUN_20260509_VPLC_L1_LIGHT_10_20_S01_R03,VPLC_L1_LIGHT_10_20,SER_20260509_VPLC_L1_LIGHT_10_20_S01,vPLC_container,VPLC_HOST,82,,,2026-05-09T16:47:05.183401015Z,,,,host_log,10,20,,,,,,1,32,,technical_check,vplc_status_cycle_duration_not_validated_as_Tper,0.070,100,работает
RUN_20260509_VPLC_L1_LIGHT_10_20_S01_R03,VPLC_L1_LIGHT_10_20,SER_20260509_VPLC_L1_LIGHT_10_20_S01,vPLC_container,VPLC_HOST,83,,,2026-05-09T16:47:06.235573504Z,,,,host_log,10,20,,,,,,1,32,,technical_check,vplc_status_cycle_duration_not_validated_as_Tper,0.049,100,работает
RUN_20260509_VPLC_L1_LIGHT_10_20_S01_R03,VPLC_L1_LIGHT_10_20,SER_20260509_VPLC_L1_LIGHT_10_20_S01,vPLC_container,VPLC_HOST,84,,,2026-05-09T16:47:07.293232207Z,,,,host_log,10,20,,,,,,1,32,,technical_check,vplc_status_cycle_duration_not_validated_as_Tper,0.069,100,работает
RUN_20260509_VPLC_L1_LIGHT_10_20_S01_R03,VPLC_L1_LIGHT_10_20,SER_20260509_VPLC_L1_LIGHT_10_20_S01,vPLC_container,VPLC_HOST,85,,,2026-05-09T16:47:08.349041812Z,,,,host_log,10,20,,,,,,1,32,,technical_check,vplc_status_cycle_duration_not_validated_as_Tper,4.299,100,работает
RUN_20260509_VPLC_L1_LIGHT_10_20_S01_R03,VPLC_L1_LIGHT_10_20,SER_20260509_VPLC_L1_LIGHT_10_20_S01,vPLC_container,VPLC_HOST,86,,,2026-05-09T16:47:09.402662850Z,,,,host_log,10,20,,,,,,1,32,,technical_check,vplc_status_cycle_duration_not_validated_as_Tper,4.860,100,работает
RUN_20260509_VPLC_L1_LIGHT_10_20_S01_R03,VPLC_L1_LIGHT_10_20,SER_20260509_VPLC_L1_LIGHT_10_20_S01,vPLC_container,VPLC_HOST,87,,,2026-05-09T16:47:10.458953486Z,,,,host_log,10,20,,,,,,1,32,,technical_check,vplc_status_cycle_duration_not_validated_as_Tper,0.053,100,работает
RUN_20260509_VPLC_L1_LIGHT_10_20_S01_R03,VPLC_L1_LIGHT_10_20,SER_20260509_VPLC_L1_LIGHT_10_20_S01,vPLC_container,VPLC_HOST,88,,,2026-05-09T16:47:11.511861027Z,,,,host_log,10,20,,,,,,1,32,,technical_check,vplc_status_cycle_duration_not_validated_as_Tper,0.070,100,работает
RUN_20260509_VPLC_L1_LIGHT_10_20_S01_R03,VPLC_L1_LIGHT_10_20,SER_20260509_VPLC_L1_LIGHT_10_20_S01,vPLC_container,VPLC_HOST,89,,,2026-05-09T16:47:12.569905956Z,,,,host_log,10,20,,,,,,1,32,,technical_check,vplc_status_cycle_duration_not_validated_as_Tper,0.070,100,работает
RUN_20260509_VPLC_L1_LIGHT_10_20_S01_R03,VPLC_L1_LIGHT_10_20,SER_20260509_VPLC_L1_LIGHT_10_20_S01,vPLC_container,VPLC_HOST,90,,,2026-05-09T16:47:13.624604409Z,,,,host_log,10,20,,,,,,1,32,,technical_check,vplc_status_cycle_duration_not_validated_as_Tper,0.051,100,работает
RUN_20260509_VPLC_L1_LIGHT_10_20_S01_R03,VPLC_L1_LIGHT_10_20,SER_20260509_VPLC_L1_LIGHT_10_20_S01,vPLC_container,VPLC_HOST,91,,,2026-05-09T16:47:14.679279388Z,,,,host_log,10,20,,,,,,1,32,,technical_check,vplc_status_cycle_duration_not_validated_as_Tper,0.068,100,работает
RUN_20260509_VPLC_L1_LIGHT_10_20_S01_R03,VPLC_L1_LIGHT_10_20,SER_20260509_VPLC_L1_LIGHT_10_20_S01,vPLC_container,VPLC_HOST,92,,,2026-05-09T16:47:15.735663546Z,,,,host_log,10,20,,,,,,1,32,,technical_check,vplc_status_cycle_duration_not_validated_as_Tper,0.048,100,работает
RUN_20260509_VPLC_L1_LIGHT_10_20_S01_R03,VPLC_L1_LIGHT_10_20,SER_20260509_VPLC_L1_LIGHT_10_20_S01,vPLC_container,VPLC_HOST,93,,,2026-05-09T16:47:16.791339159Z,,,,host_log,10,20,,,,,,1,32,,technical_check,vplc_status_cycle_duration_not_validated_as_Tper,0.072,100,работает
RUN_20260509_VPLC_L1_LIGHT_10_20_S01_R03,VPLC_L1_LIGHT_10_20,SER_20260509_VPLC_L1_LIGHT_10_20_S01,vPLC_container,VPLC_HOST,94,,,2026-05-09T16:47:17.845952661Z,,,,host_log,10,20,,,,,,1,32,,technical_check,vplc_status_cycle_duration_not_validated_as_Tper,0.041,100,работает
RUN_20260509_VPLC_L1_LIGHT_10_20_S01_R03,VPLC_L1_LIGHT_10_20,SER_20260509_VPLC_L1_LIGHT_10_20_S01,vPLC_container,VPLC_HOST,95,,,2026-05-09T16:47:18.898697420Z,,,,host_log,10,20,,,,,,1,32,,technical_check,vplc_status_cycle_duration_not_validated_as_Tper,0.070,100,работает
RUN_20260509_VPLC_L1_LIGHT_10_20_S01_R03,VPLC_L1_LIGHT_10_20,SER_20260509_VPLC_L1_LIGHT_10_20_S01,vPLC_container,VPLC_HOST,96,,,2026-05-09T16:47:19.953164574Z,,,,host_log,10,20,,,,,,1,32,,technical_check,vplc_status_cycle_duration_not_validated_as_Tper,0.033,100,работает
RUN_20260509_VPLC_L1_LIGHT_10_20_S01_R03,VPLC_L1_LIGHT_10_20,SER_20260509_VPLC_L1_LIGHT_10_20_S01,vPLC_container,VPLC_HOST,97,,,2026-05-09T16:47:21.011869237Z,,,,host_log,10,20,,,,,,1,32,,technical_check,vplc_status_cycle_duration_not_validated_as_Tper,0.070,100,работает
RUN_20260509_VPLC_L1_LIGHT_10_20_S01_R03,VPLC_L1_LIGHT_10_20,SER_20260509_VPLC_L1_LIGHT_10_20_S01,vPLC_container,VPLC_HOST,98,,,2026-05-09T16:47:22.066567440Z,,,,host_log,10,20,,,,,,1,32,,technical_check,vplc_status_cycle_duration_not_validated_as_Tper,0.069,100,работает
RUN_20260509_VPLC_L1_LIGHT_10_20_S01_R03,VPLC_L1_LIGHT_10_20,SER_20260509_VPLC_L1_LIGHT_10_20_S01,vPLC_container,VPLC_HOST,99,,,2026-05-09T16:47:23.119880211Z,,,,host_log,10,20,,,,,,1,32,,technical_check,vplc_status_cycle_duration_not_validated_as_Tper,0.070,100,работает
RUN_20260509_VPLC_L1_LIGHT_10_20_S01_R03,VPLC_L1_LIGHT_10_20,SER_20260509_VPLC_L1_LIGHT_10_20_S01,vPLC_container,VPLC_HOST,100,,,2026-05-09T16:47:24.176401714Z,,,,host_log,10,20,,,,,,1,32,,technical_check,vplc_status_cycle_duration_not_validated_as_Tper,0.070,100,работает
RUN_20260509_VPLC_L1_LIGHT_10_20_S01_R03,VPLC_L1_LIGHT_10_20,SER_20260509_VPLC_L1_LIGHT_10_20_S01,vPLC_container,VPLC_HOST,101,,,2026-05-09T16:47:25.233258223Z,,,,host_log,10,20,,,,,,1,32,,technical_check,vplc_status_cycle_duration_not_validated_as_Tper,0.049,100,работает
RUN_20260509_VPLC_L1_LIGHT_10_20_S01_R03,VPLC_L1_LIGHT_10_20,SER_20260509_VPLC_L1_LIGHT_10_20_S01,vPLC_container,VPLC_HOST,102,,,2026-05-09T16:47:26.287044773Z,,,,host_log,10,20,,,,,,1,32,,technical_check,vplc_status_cycle_duration_not_validated_as_Tper,0.069,100,работает
RUN_20260509_VPLC_L1_LIGHT_10_20_S01_R03,VPLC_L1_LIGHT_10_20,SER_20260509_VPLC_L1_LIGHT_10_20_S01,vPLC_container,VPLC_HOST,103,,,2026-05-09T16:47:27.344102291Z,,,,host_log,10,20,,,,,,1,32,,technical_check,vplc_status_cycle_duration_not_validated_as_Tper,4.064,100,работает
RUN_20260509_VPLC_L1_LIGHT_10_20_S01_R03,VPLC_L1_LIGHT_10_20,SER_20260509_VPLC_L1_LIGHT_10_20_S01,vPLC_container,VPLC_HOST,104,,,2026-05-09T16:47:28.399090170Z,,,,host_log,10,20,,,,,,1,32,,technical_check,vplc_status_cycle_duration_not_validated_as_Tper,4.334,100,работает
RUN_20260509_VPLC_L1_LIGHT_10_20_S01_R03,VPLC_L1_LIGHT_10_20,SER_20260509_VPLC_L1_LIGHT_10_20_S01,vPLC_container,VPLC_HOST,105,,,2026-05-09T16:47:29.452682114Z,,,,host_log,10,20,,,,,,1,32,,technical_check,vplc_status_cycle_duration_not_validated_as_Tper,0.028,100,работает
RUN_20260509_VPLC_L1_LIGHT_10_20_S01_R03,VPLC_L1_LIGHT_10_20,SER_20260509_VPLC_L1_LIGHT_10_20_S01,vPLC_container,VPLC_HOST,106,,,2026-05-09T16:47:30.509857347Z,,,,host_log,10,20,,,,,,1,32,,technical_check,vplc_status_cycle_duration_not_validated_as_Tper,0.070,100,работает
RUN_20260509_VPLC_L1_LIGHT_10_20_S01_R03,VPLC_L1_LIGHT_10_20,SER_20260509_VPLC_L1_LIGHT_10_20_S01,vPLC_container,VPLC_HOST,107,,,2026-05-09T16:47:31.564048428Z,,,,host_log,10,20,,,,,,1,32,,technical_check,vplc_status_cycle_duration_not_validated_as_Tper,0.069,100,работает
RUN_20260509_VPLC_L1_LIGHT_10_20_S01_R03,VPLC_L1_LIGHT_10_20,SER_20260509_VPLC_L1_LIGHT_10_20_S01,vPLC_container,VPLC_HOST,108,,,2026-05-09T16:47:32.619451360Z,,,,host_log,10,20,,,,,,1,32,,technical_check,vplc_status_cycle_duration_not_validated_as_Tper,0.068,100,работает
RUN_20260509_VPLC_L1_LIGHT_10_20_S01_R03,VPLC_L1_LIGHT_10_20,SER_20260509_VPLC_L1_LIGHT_10_20_S01,vPLC_container,VPLC_HOST,109,,,2026-05-09T16:47:33.675562039Z,,,,host_log,10,20,,,,,,1,32,,technical_check,vplc_status_cycle_duration_not_validated_as_Tper,0.069,100,работает
RUN_20260509_VPLC_L1_LIGHT_10_20_S01_R03,VPLC_L1_LIGHT_10_20,SER_20260509_VPLC_L1_LIGHT_10_20_S01,vPLC_container,VPLC_HOST,110,,,2026-05-09T16:47:34.729519247Z,,,,host_log,10,20,,,,,,1,32,,technical_check,vplc_status_cycle_duration_not_validated_as_Tper,0.048,100,работает
RUN_20260509_VPLC_L1_LIGHT_10_20_S01_R03,VPLC_L1_LIGHT_10_20,SER_20260509_VPLC_L1_LIGHT_10_20_S01,vPLC_container,VPLC_HOST,111,,,2026-05-09T16:47:35.785613627Z,,,,host_log,10,20,,,,,,1,32,,technical_check,vplc_status_cycle_duration_not_validated_as_Tper,0.071,100,работает
RUN_20260509_VPLC_L1_LIGHT_10_20_S01_R03,VPLC_L1_LIGHT_10_20,SER_20260509_VPLC_L1_LIGHT_10_20_S01,vPLC_container,VPLC_HOST,112,,,2026-05-09T16:47:36.840634702Z,,,,host_log,10,20,,,,,,1,32,,technical_check,vplc_status_cycle_duration_not_validated_as_Tper,0.048,100,работает
RUN_20260509_VPLC_L1_LIGHT_10_20_S01_R03,VPLC_L1_LIGHT_10_20,SER_20260509_VPLC_L1_LIGHT_10_20_S01,vPLC_container,VPLC_HOST,113,,,2026-05-09T16:47:37.894103166Z,,,,host_log,10,20,,,,,,1,32,,technical_check,vplc_status_cycle_duration_not_validated_as_Tper,0.070,100,работает
RUN_20260509_VPLC_L1_LIGHT_10_20_S01_R03,VPLC_L1_LIGHT_10_20,SER_20260509_VPLC_L1_LIGHT_10_20_S01,vPLC_container,VPLC_HOST,114,,,2026-05-09T16:47:38.948847660Z,,,,host_log,10,20,,,,,,1,32,,technical_check,vplc_status_cycle_duration_not_validated_as_Tper,0.034,100,работает
RUN_20260509_VPLC_L1_LIGHT_10_20_S01_R03,VPLC_L1_LIGHT_10_20,SER_20260509_VPLC_L1_LIGHT_10_20_S01,vPLC_container,VPLC_HOST,115,,,2026-05-09T16:47:40.007064886Z,,,,host_log,10,20,,,,,,1,32,,technical_check,vplc_status_cycle_duration_not_validated_as_Tper,0.067,100,работает
RUN_20260509_VPLC_L1_LIGHT_10_20_S01_R03,VPLC_L1_LIGHT_10_20,SER_20260509_VPLC_L1_LIGHT_10_20_S01,vPLC_container,VPLC_HOST,116,,,2026-05-09T16:47:41.062257602Z,,,,host_log,10,20,,,,,,1,32,,technical_check,vplc_status_cycle_duration_not_validated_as_Tper,0.069,100,работает
RUN_20260509_VPLC_L1_LIGHT_10_20_S01_R03,VPLC_L1_LIGHT_10_20,SER_20260509_VPLC_L1_LIGHT_10_20_S01,vPLC_container,VPLC_HOST,117,,,2026-05-09T16:47:42.117284169Z,,,,host_log,10,20,,,,,,1,32,,technical_check,vplc_status_cycle_duration_not_validated_as_Tper,0.070,100,работает
RUN_20260509_VPLC_L1_LIGHT_10_20_S01_R03,VPLC_L1_LIGHT_10_20,SER_20260509_VPLC_L1_LIGHT_10_20_S01,vPLC_container,VPLC_HOST,118,,,2026-05-09T16:47:43.172734383Z,,,,host_log,10,20,,,,,,1,32,,technical_check,vplc_status_cycle_duration_not_validated_as_Tper,0.067,100,работает
RUN_20260509_VPLC_L1_LIGHT_10_20_S01_R03,VPLC_L1_LIGHT_10_20,SER_20260509_VPLC_L1_LIGHT_10_20_S01,vPLC_container,VPLC_HOST,119,,,2026-05-09T16:47:44.227888015Z,,,,host_log,10,20,,,,,,1,32,,technical_check,vplc_status_cycle_duration_not_validated_as_Tper,0.048,100,работает
RUN_20260509_VPLC_L1_LIGHT_10_20_S01_R03,VPLC_L1_LIGHT_10_20,SER_20260509_VPLC_L1_LIGHT_10_20_S01,vPLC_container,VPLC_HOST,120,,,2026-05-09T16:47:45.281246872Z,,,,host_log,10,20,,,,,,1,32,,technical_check,vplc_status_cycle_duration_not_validated_as_Tper,0.070,100,работает
RUN_20260509_VPLC_L1_LIGHT_10_20_S01_R03,VPLC_L1_LIGHT_10_20,SER_20260509_VPLC_L1_LIGHT_10_20_S01,vPLC_container,VPLC_HOST,121,,,2026-05-09T16:47:46.334636496Z,,,,host_log,10,20,,,,,,1,32,,technical_check,vplc_status_cycle_duration_not_validated_as_Tper,4.576,100,работает
RUN_20260509_VPLC_L1_LIGHT_10_20_S01_R03,VPLC_L1_LIGHT_10_20,SER_20260509_VPLC_L1_LIGHT_10_20_S01,vPLC_container,VPLC_HOST,122,,,2026-05-09T16:47:47.391787320Z,,,,host_log,10,20,,,,,,1,32,,technical_check,vplc_status_cycle_duration_not_validated_as_Tper,4.758,100,работает
RUN_20260509_VPLC_L1_LIGHT_10_20_S01_R03,VPLC_L1_LIGHT_10_20,SER_20260509_VPLC_L1_LIGHT_10_20_S01,vPLC_container,VPLC_HOST,123,,,2026-05-09T16:47:48.448953066Z,,,,host_log,10,20,,,,,,1,32,,technical_check,vplc_status_cycle_duration_not_validated_as_Tper,0.031,100,работает
RUN_20260509_VPLC_L1_LIGHT_10_20_S01_R03,VPLC_L1_LIGHT_10_20,SER_20260509_VPLC_L1_LIGHT_10_20_S01,vPLC_container,VPLC_HOST,124,,,2026-05-09T16:47:49.505077600Z,,,,host_log,10,20,,,,,,1,32,,technical_check,vplc_status_cycle_duration_not_validated_as_Tper,0.070,100,работает
RUN_20260509_VPLC_L1_LIGHT_10_20_S01_R03,VPLC_L1_LIGHT_10_20,SER_20260509_VPLC_L1_LIGHT_10_20_S01,vPLC_container,VPLC_HOST,125,,,2026-05-09T16:47:50.559077032Z,,,,host_log,10,20,,,,,,1,32,,technical_check,vplc_status_cycle_duration_not_validated_as_Tper,0.062,100,работает
RUN_20260509_VPLC_L1_LIGHT_10_20_S01_R03,VPLC_L1_LIGHT_10_20,SER_20260509_VPLC_L1_LIGHT_10_20_S01,vPLC_container,VPLC_HOST,126,,,2026-05-09T16:47:51.613562451Z,,,,host_log,10,20,,,,,,1,32,,technical_check,vplc_status_cycle_duration_not_validated_as_Tper,0.069,100,работает
RUN_20260509_VPLC_L1_LIGHT_10_20_S01_R03,VPLC_L1_LIGHT_10_20,SER_20260509_VPLC_L1_LIGHT_10_20_S01,vPLC_container,VPLC_HOST,127,,,2026-05-09T16:47:52.670465409Z,,,,host_log,10,20,,,,,,1,32,,technical_check,vplc_status_cycle_duration_not_validated_as_Tper,0.071,100,работает
RUN_20260509_VPLC_L1_LIGHT_10_20_S01_R03,VPLC_L1_LIGHT_10_20,SER_20260509_VPLC_L1_LIGHT_10_20_S01,vPLC_container,VPLC_HOST,128,,,2026-05-09T16:47:53.725541619Z,,,,host_log,10,20,,,,,,1,32,,technical_check,vplc_status_cycle_duration_not_validated_as_Tper,0.068,100,работает
RUN_20260509_VPLC_L1_LIGHT_10_20_S01_R03,VPLC_L1_LIGHT_10_20,SER_20260509_VPLC_L1_LIGHT_10_20_S01,vPLC_container,VPLC_HOST,129,,,2026-05-09T16:47:54.781263481Z,,,,host_log,10,20,,,,,,1,32,,technical_check,vplc_status_cycle_duration_not_validated_as_Tper,0.070,100,работает
RUN_20260509_VPLC_L1_LIGHT_10_20_S01_R03,VPLC_L1_LIGHT_10_20,SER_20260509_VPLC_L1_LIGHT_10_20_S01,vPLC_container,VPLC_HOST,130,,,2026-05-09T16:47:55.836131101Z,,,,host_log,10,20,,,,,,1,32,,technical_check,vplc_status_cycle_duration_not_validated_as_Tper,0.049,100,работает
RUN_20260509_VPLC_L1_LIGHT_10_20_S01_R03,VPLC_L1_LIGHT_10_20,SER_20260509_VPLC_L1_LIGHT_10_20_S01,vPLC_container,VPLC_HOST,131,,,2026-05-09T16:47:56.891653012Z,,,,host_log,10,20,,,,,,1,32,,technical_check,vplc_status_cycle_duration_not_validated_as_Tper,0.071,100,работает
RUN_20260509_VPLC_L1_LIGHT_10_20_S01_R03,VPLC_L1_LIGHT_10_20,SER_20260509_VPLC_L1_LIGHT_10_20_S01,vPLC_container,VPLC_HOST,132,,,2026-05-09T16:47:57.947271780Z,,,,host_log,10,20,,,,,,1,32,,technical_check,vplc_status_cycle_duration_not_validated_as_Tper,0.038,100,работает
RUN_20260509_VPLC_L1_LIGHT_10_20_S01_R03,VPLC_L1_LIGHT_10_20,SER_20260509_VPLC_L1_LIGHT_10_20_S01,vPLC_container,VPLC_HOST,133,,,2026-05-09T16:47:58.999974592Z,,,,host_log,10,20,,,,,,1,32,,technical_check,vplc_status_cycle_duration_not_validated_as_Tper,0.070,100,работает
RUN_20260509_VPLC_L1_LIGHT_10_20_S01_R03,VPLC_L1_LIGHT_10_20,SER_20260509_VPLC_L1_LIGHT_10_20_S01,vPLC_container,VPLC_HOST,134,,,2026-05-09T16:48:00.057887173Z,,,,host_log,10,20,,,,,,1,32,,technical_check,vplc_status_cycle_duration_not_validated_as_Tper,0.053,100,работает
RUN_20260509_VPLC_L1_LIGHT_10_20_S01_R03,VPLC_L1_LIGHT_10_20,SER_20260509_VPLC_L1_LIGHT_10_20_S01,vPLC_container,VPLC_HOST,135,,,2026-05-09T16:48:01.113054459Z,,,,host_log,10,20,,,,,,1,32,,technical_check,vplc_status_cycle_duration_not_validated_as_Tper,0.070,100,работает
RUN_20260509_VPLC_L1_LIGHT_10_20_S01_R03,VPLC_L1_LIGHT_10_20,SER_20260509_VPLC_L1_LIGHT_10_20_S01,vPLC_container,VPLC_HOST,136,,,2026-05-09T16:48:02.168964023Z,,,,host_log,10,20,,,,,,1,32,,technical_check,vplc_status_cycle_duration_not_validated_as_Tper,0.070,100,работает
RUN_20260509_VPLC_L1_LIGHT_10_20_S01_R03,VPLC_L1_LIGHT_10_20,SER_20260509_VPLC_L1_LIGHT_10_20_S01,vPLC_container,VPLC_HOST,137,,,2026-05-09T16:48:03.224584175Z,,,,host_log,10,20,,,,,,1,32,,technical_check,vplc_status_cycle_duration_not_validated_as_Tper,0.070,100,работает
RUN_20260509_VPLC_L1_LIGHT_10_20_S01_R03,VPLC_L1_LIGHT_10_20,SER_20260509_VPLC_L1_LIGHT_10_20_S01,vPLC_container,VPLC_HOST,138,,,2026-05-09T16:48:04.276335567Z,,,,host_log,10,20,,,,,,1,32,,technical_check,vplc_status_cycle_duration_not_validated_as_Tper,0.070,100,работает
RUN_20260509_VPLC_L1_LIGHT_10_20_S01_R03,VPLC_L1_LIGHT_10_20,SER_20260509_VPLC_L1_LIGHT_10_20_S01,vPLC_container,VPLC_HOST,139,,,2026-05-09T16:48:05.333505835Z,,,,host_log,10,20,,,,,,1,32,,technical_check,vplc_status_cycle_duration_not_validated_as_Tper,4.178,100,работает
RUN_20260509_VPLC_L1_LIGHT_10_20_S01_R03,VPLC_L1_LIGHT_10_20,SER_20260509_VPLC_L1_LIGHT_10_20_S01,vPLC_container,VPLC_HOST,140,,,2026-05-09T16:48:06.389574631Z,,,,host_log,10,20,,,,,,1,32,,technical_check,vplc_status_cycle_duration_not_validated_as_Tper,4.118,100,работает
RUN_20260509_VPLC_L1_LIGHT_10_20_S01_R03,VPLC_L1_LIGHT_10_20,SER_20260509_VPLC_L1_LIGHT_10_20_S01,vPLC_container,VPLC_HOST,141,,,2026-05-09T16:48:07.445030323Z,,,,host_log,10,20,,,,,,1,32,,technical_check,vplc_status_cycle_duration_not_validated_as_Tper,0.044,100,работает
RUN_20260509_VPLC_L1_LIGHT_10_20_S01_R03,VPLC_L1_LIGHT_10_20,SER_20260509_VPLC_L1_LIGHT_10_20_S01,vPLC_container,VPLC_HOST,142,,,2026-05-09T16:48:08.498916159Z,,,,host_log,10,20,,,,,,1,32,,technical_check,vplc_status_cycle_duration_not_validated_as_Tper,0.069,100,работает
RUN_20260509_VPLC_L1_LIGHT_10_20_S01_R03,VPLC_L1_LIGHT_10_20,SER_20260509_VPLC_L1_LIGHT_10_20_S01,vPLC_container,VPLC_HOST,143,,,2026-05-09T16:48:09.555451173Z,,,,host_log,10,20,,,,,,1,32,,technical_check,vplc_status_cycle_duration_not_validated_as_Tper,0.039,100,работает
RUN_20260509_VPLC_L1_LIGHT_10_20_S01_R03,VPLC_L1_LIGHT_10_20,SER_20260509_VPLC_L1_LIGHT_10_20_S01,vPLC_container,VPLC_HOST,144,,,2026-05-09T16:48:10.611355376Z,,,,host_log,10,20,,,,,,1,32,,technical_check,vplc_status_cycle_duration_not_validated_as_Tper,0.069,100,работает
RUN_20260509_VPLC_L1_LIGHT_10_20_S01_R03,VPLC_L1_LIGHT_10_20,SER_20260509_VPLC_L1_LIGHT_10_20_S01,vPLC_container,VPLC_HOST,145,,,2026-05-09T16:48:11.667006880Z,,,,host_log,10,20,,,,,,1,32,,technical_check,vplc_status_cycle_duration_not_validated_as_Tper,0.070,100,работает
RUN_20260509_VPLC_L1_LIGHT_10_20_S01_R03,VPLC_L1_LIGHT_10_20,SER_20260509_VPLC_L1_LIGHT_10_20_S01,vPLC_container,VPLC_HOST,146,,,2026-05-09T16:48:12.721888333Z,,,,host_log,10,20,,,,,,1,32,,technical_check,vplc_status_cycle_duration_not_validated_as_Tper,0.070,100,работает
RUN_20260509_VPLC_L1_LIGHT_10_20_S01_R03,VPLC_L1_LIGHT_10_20,SER_20260509_VPLC_L1_LIGHT_10_20_S01,vPLC_container,VPLC_HOST,147,,,2026-05-09T16:48:13.776959168Z,,,,host_log,10,20,,,,,,1,32,,technical_check,vplc_status_cycle_duration_not_validated_as_Tper,0.070,100,работает
RUN_20260509_VPLC_L1_LIGHT_10_20_S01_R03,VPLC_L1_LIGHT_10_20,SER_20260509_VPLC_L1_LIGHT_10_20_S01,vPLC_container,VPLC_HOST,148,,,2026-05-09T16:48:14.831852428Z,,,,host_log,10,20,,,,,,1,32,,technical_check,vplc_status_cycle_duration_not_validated_as_Tper,0.049,100,работает
RUN_20260509_VPLC_L1_LIGHT_10_20_S01_R03,VPLC_L1_LIGHT_10_20,SER_20260509_VPLC_L1_LIGHT_10_20_S01,vPLC_container,VPLC_HOST,149,,,2026-05-09T16:48:15.887397327Z,,,,host_log,10,20,,,,,,1,32,,technical_check,vplc_status_cycle_duration_not_validated_as_Tper,0.070,100,работает
RUN_20260509_VPLC_L1_LIGHT_10_20_S01_R03,VPLC_L1_LIGHT_10_20,SER_20260509_VPLC_L1_LIGHT_10_20_S01,vPLC_container,VPLC_HOST,150,,,2026-05-09T16:48:16.942757632Z,,,,host_log,10,20,,,,,,1,32,,technical_check,vplc_status_cycle_duration_not_validated_as_Tper,0.050,100,работает
RUN_20260509_VPLC_L1_LIGHT_10_20_S01_R03,VPLC_L1_LIGHT_10_20,SER_20260509_VPLC_L1_LIGHT_10_20_S01,vPLC_container,VPLC_HOST,151,,,2026-05-09T16:48:17.997772413Z,,,,host_log,10,20,,,,,,1,32,,technical_check,vplc_status_cycle_duration_not_validated_as_Tper,0.070,100,работает
RUN_20260509_VPLC_L1_LIGHT_10_20_S01_R03,VPLC_L1_LIGHT_10_20,SER_20260509_VPLC_L1_LIGHT_10_20_S01,vPLC_container,VPLC_HOST,152,,,2026-05-09T16:48:19.052920595Z,,,,host_log,10,20,,,,,,1,32,,technical_check,vplc_status_cycle_duration_not_validated_as_Tper,0.032,100,работает
RUN_20260509_VPLC_L1_LIGHT_10_20_S01_R03,VPLC_L1_LIGHT_10_20,SER_20260509_VPLC_L1_LIGHT_10_20_S01,vPLC_container,VPLC_HOST,153,,,2026-05-09T16:48:20.108669159Z,,,,host_log,10,20,,,,,,1,32,,technical_check,vplc_status_cycle_duration_not_validated_as_Tper,0.070,100,работает
RUN_20260509_VPLC_L1_LIGHT_10_20_S01_R03,VPLC_L1_LIGHT_10_20,SER_20260509_VPLC_L1_LIGHT_10_20_S01,vPLC_container,VPLC_HOST,154,,,2026-05-09T16:48:21.162026531Z,,,,host_log,10,20,,,,,,1,32,,technical_check,vplc_status_cycle_duration_not_validated_as_Tper,0.070,100,работает
RUN_20260509_VPLC_L1_LIGHT_10_20_S01_R03,VPLC_L1_LIGHT_10_20,SER_20260509_VPLC_L1_LIGHT_10_20_S01,vPLC_container,VPLC_HOST,155,,,2026-05-09T16:48:22.218543958Z,,,,host_log,10,20,,,,,,1,32,,technical_check,vplc_status_cycle_duration_not_validated_as_Tper,0.069,100,работает
RUN_20260509_VPLC_L1_LIGHT_10_20_S01_R03,VPLC_L1_LIGHT_10_20,SER_20260509_VPLC_L1_LIGHT_10_20_S01,vPLC_container,VPLC_HOST,156,,,2026-05-09T16:48:23.274746740Z,,,,host_log,10,20,,,,,,1,32,,technical_check,vplc_status_cycle_duration_not_validated_as_Tper,0.069,100,работает
RUN_20260509_VPLC_L1_LIGHT_10_20_S01_R03,VPLC_L1_LIGHT_10_20,SER_20260509_VPLC_L1_LIGHT_10_20_S01,vPLC_container,VPLC_HOST,157,,,2026-05-09T16:48:24.330132538Z,,,,host_log,10,20,,,,,,1,32,,technical_check,vplc_status_cycle_duration_not_validated_as_Tper,4.438,100,работает
RUN_20260509_VPLC_L1_LIGHT_10_20_S01_R03,VPLC_L1_LIGHT_10_20,SER_20260509_VPLC_L1_LIGHT_10_20_S01,vPLC_container,VPLC_HOST,158,,,2026-05-09T16:48:25.381264772Z,,,,host_log,10,20,,,,,,1,32,,technical_check,vplc_status_cycle_duration_not_validated_as_Tper,4.715,100,работает
RUN_20260509_VPLC_L1_LIGHT_10_20_S01_R03,VPLC_L1_LIGHT_10_20,SER_20260509_VPLC_L1_LIGHT_10_20_S01,vPLC_container,VPLC_HOST,159,,,2026-05-09T16:48:26.440611918Z,,,,host_log,10,20,,,,,,1,32,,technical_check,vplc_status_cycle_duration_not_validated_as_Tper,0.049,100,работает
RUN_20260509_VPLC_L1_LIGHT_10_20_S01_R03,VPLC_L1_LIGHT_10_20,SER_20260509_VPLC_L1_LIGHT_10_20_S01,vPLC_container,VPLC_HOST,160,,,2026-05-09T16:48:27.495751683Z,,,,host_log,10,20,,,,,,1,32,,technical_check,vplc_status_cycle_duration_not_validated_as_Tper,0.069,100,работает
RUN_20260509_VPLC_L1_LIGHT_10_20_S01_R03,VPLC_L1_LIGHT_10_20,SER_20260509_VPLC_L1_LIGHT_10_20_S01,vPLC_container,VPLC_HOST,161,,,2026-05-09T16:48:28.551641081Z,,,,host_log,10,20,,,,,,1,32,,technical_check,vplc_status_cycle_duration_not_validated_as_Tper,0.028,100,работает
RUN_20260509_VPLC_L1_LIGHT_10_20_S01_R03,VPLC_L1_LIGHT_10_20,SER_20260509_VPLC_L1_LIGHT_10_20_S01,vPLC_container,VPLC_HOST,162,,,2026-05-09T16:48:29.603831376Z,,,,host_log,10,20,,,,,,1,32,,technical_check,vplc_status_cycle_duration_not_validated_as_Tper,0.068,100,работает
RUN_20260509_VPLC_L1_LIGHT_10_20_S01_R03,VPLC_L1_LIGHT_10_20,SER_20260509_VPLC_L1_LIGHT_10_20_S01,vPLC_container,VPLC_HOST,163,,,2026-05-09T16:48:30.659588357Z,,,,host_log,10,20,,,,,,1,32,,technical_check,vplc_status_cycle_duration_not_validated_as_Tper,0.062,100,работает
RUN_20260509_VPLC_L1_LIGHT_10_20_S01_R03,VPLC_L1_LIGHT_10_20,SER_20260509_VPLC_L1_LIGHT_10_20_S01,vPLC_container,VPLC_HOST,164,,,2026-05-09T16:48:31.717664080Z,,,,host_log,10,20,,,,,,1,32,,technical_check,vplc_status_cycle_duration_not_validated_as_Tper,0.069,100,работает
RUN_20260509_VPLC_L1_LIGHT_10_20_S01_R03,VPLC_L1_LIGHT_10_20,SER_20260509_VPLC_L1_LIGHT_10_20_S01,vPLC_container,VPLC_HOST,165,,,2026-05-09T16:48:32.770833366Z,,,,host_log,10,20,,,,,,1,32,,technical_check,vplc_status_cycle_duration_not_validated_as_Tper,0.065,100,работает
RUN_20260509_VPLC_L1_LIGHT_10_20_S01_R03,VPLC_L1_LIGHT_10_20,SER_20260509_VPLC_L1_LIGHT_10_20_S01,vPLC_container,VPLC_HOST,166,,,2026-05-09T16:48:33.825172208Z,,,,host_log,10,20,,,,,,1,32,,technical_check,vplc_status_cycle_duration_not_validated_as_Tper,0.050,100,работает
RUN_20260509_VPLC_L1_LIGHT_10_20_S01_R03,VPLC_L1_LIGHT_10_20,SER_20260509_VPLC_L1_LIGHT_10_20_S01,vPLC_container,VPLC_HOST,167,,,2026-05-09T16:48:34.883332166Z,,,,host_log,10,20,,,,,,1,32,,technical_check,vplc_status_cycle_duration_not_validated_as_Tper,0.070,100,работает
RUN_20260509_VPLC_L1_LIGHT_10_20_S01_R03,VPLC_L1_LIGHT_10_20,SER_20260509_VPLC_L1_LIGHT_10_20_S01,vPLC_container,VPLC_HOST,168,,,2026-05-09T16:48:35.937906253Z,,,,host_log,10,20,,,,,,1,32,,technical_check,vplc_status_cycle_duration_not_validated_as_Tper,0.050,100,работает
RUN_20260509_VPLC_L1_LIGHT_10_20_S01_R03,VPLC_L1_LIGHT_10_20,SER_20260509_VPLC_L1_LIGHT_10_20_S01,vPLC_container,VPLC_HOST,169,,,2026-05-09T16:48:36.994106116Z,,,,host_log,10,20,,,,,,1,32,,technical_check,vplc_status_cycle_duration_not_validated_as_Tper,0.069,100,работает
RUN_20260509_VPLC_L1_LIGHT_10_20_S01_R03,VPLC_L1_LIGHT_10_20,SER_20260509_VPLC_L1_LIGHT_10_20_S01,vPLC_container,VPLC_HOST,170,,,2026-05-09T16:48:38.049031511Z,,,,host_log,10,20,,,,,,1,32,,technical_check,vplc_status_cycle_duration_not_validated_as_Tper,0.030,100,работает
RUN_20260509_VPLC_L1_LIGHT_10_20_S01_R03,VPLC_L1_LIGHT_10_20,SER_20260509_VPLC_L1_LIGHT_10_20_S01,vPLC_container,VPLC_HOST,171,,,2026-05-09T16:48:39.102980636Z,,,,host_log,10,20,,,,,,1,32,,technical_check,vplc_status_cycle_duration_not_validated_as_Tper,0.068,100,работает
RUN_20260509_VPLC_L1_LIGHT_10_20_S01_R03,VPLC_L1_LIGHT_10_20,SER_20260509_VPLC_L1_LIGHT_10_20_S01,vPLC_container,VPLC_HOST,172,,,2026-05-09T16:48:40.157000245Z,,,,host_log,10,20,,,,,,1,32,,technical_check,vplc_status_cycle_duration_not_validated_as_Tper,0.046,100,работает
RUN_20260509_VPLC_L1_LIGHT_10_20_S01_R03,VPLC_L1_LIGHT_10_20,SER_20260509_VPLC_L1_LIGHT_10_20_S01,vPLC_container,VPLC_HOST,173,,,2026-05-09T16:48:41.215312261Z,,,,host_log,10,20,,,,,,1,32,,technical_check,vplc_status_cycle_duration_not_validated_as_Tper,0.069,100,работает
RUN_20260509_VPLC_L1_LIGHT_10_20_S01_R03,VPLC_L1_LIGHT_10_20,SER_20260509_VPLC_L1_LIGHT_10_20_S01,vPLC_container,VPLC_HOST,174,,,2026-05-09T16:48:42.267701499Z,,,,host_log,10,20,,,,,,1,32,,technical_check,vplc_status_cycle_duration_not_validated_as_Tper,0.071,100,работает
RUN_20260509_VPLC_L1_LIGHT_10_20_S01_R03,VPLC_L1_LIGHT_10_20,SER_20260509_VPLC_L1_LIGHT_10_20_S01,vPLC_container,VPLC_HOST,175,,,2026-05-09T16:48:43.326497953Z,,,,host_log,10,20,,,,,,1,32,,technical_check,vplc_status_cycle_duration_not_validated_as_Tper,0.070,100,работает
RUN_20260509_VPLC_L1_LIGHT_10_20_S01_R03,VPLC_L1_LIGHT_10_20,SER_20260509_VPLC_L1_LIGHT_10_20_S01,vPLC_container,VPLC_HOST,176,,,2026-05-09T16:48:44.378899030Z,,,,host_log,10,20,,,,,,1,32,,technical_check,vplc_status_cycle_duration_not_validated_as_Tper,5.016,100,работает
RUN_20260509_VPLC_L1_LIGHT_10_20_S01_R03,VPLC_L1_LIGHT_10_20,SER_20260509_VPLC_L1_LIGHT_10_20_S01,vPLC_container,VPLC_HOST,177,,,2026-05-09T16:48:45.435148451Z,,,,host_log,10,20,,,,,,1,32,,technical_check,vplc_status_cycle_duration_not_validated_as_Tper,0.049,100,работает
RUN_20260509_VPLC_L1_LIGHT_10_20_S01_R03,VPLC_L1_LIGHT_10_20,SER_20260509_VPLC_L1_LIGHT_10_20_S01,vPLC_container,VPLC_HOST,178,,,2026-05-09T16:48:46.490363902Z,,,,host_log,10,20,,,,,,1,32,,technical_check,vplc_status_cycle_duration_not_validated_as_Tper,0.069,100,работает
RUN_20260509_VPLC_L1_LIGHT_10_20_S01_R03,VPLC_L1_LIGHT_10_20,SER_20260509_VPLC_L1_LIGHT_10_20_S01,vPLC_container,VPLC_HOST,179,,,2026-05-09T16:48:47.546235168Z,,,,host_log,10,20,,,,,,1,32,,technical_check,vplc_status_cycle_duration_not_validated_as_Tper,0.033,100,работает
RUN_20260509_VPLC_L1_LIGHT_10_20_S01_R03,VPLC_L1_LIGHT_10_20,SER_20260509_VPLC_L1_LIGHT_10_20_S01,vPLC_container,VPLC_HOST,180,,,2026-05-09T16:48:48.601695857Z,,,,host_log,10,20,,,,,,1,32,,technical_check,vplc_status_cycle_duration_not_validated_as_Tper,0.068,100,работает
RUN_20260509_VPLC_L1_LIGHT_10_20_S01_R03,VPLC_L1_LIGHT_10_20,SER_20260509_VPLC_L1_LIGHT_10_20_S01,vPLC_container,VPLC_HOST,181,,,2026-05-09T16:48:49.657095810Z,,,,host_log,10,20,,,,,,1,32,,technical_check,vplc_status_cycle_duration_not_validated_as_Tper,0.044,100,работает
RUN_20260509_VPLC_L1_LIGHT_10_20_S01_R03,VPLC_L1_LIGHT_10_20,SER_20260509_VPLC_L1_LIGHT_10_20_S01,vPLC_container,VPLC_HOST,182,,,2026-05-09T16:48:50.712395312Z,,,,host_log,10,20,,,,,,1,32,,technical_check,vplc_status_cycle_duration_not_validated_as_Tper,0.069,100,работает
RUN_20260509_VPLC_L1_LIGHT_10_20_S01_R03,VPLC_L1_LIGHT_10_20,SER_20260509_VPLC_L1_LIGHT_10_20_S01,vPLC_container,VPLC_HOST,183,,,2026-05-09T16:48:51.766574846Z,,,,host_log,10,20,,,,,,1,32,,technical_check,vplc_status_cycle_duration_not_validated_as_Tper,0.070,100,работает
RUN_20260509_VPLC_L1_LIGHT_10_20_S01_R03,VPLC_L1_LIGHT_10_20,SER_20260509_VPLC_L1_LIGHT_10_20_S01,vPLC_container,VPLC_HOST,184,,,2026-05-09T16:48:52.819844366Z,,,,host_log,10,20,,,,,,1,32,,technical_check,vplc_status_cycle_duration_not_validated_as_Tper,0.067,100,работает
RUN_20260509_VPLC_L1_LIGHT_10_20_S01_R03,VPLC_L1_LIGHT_10_20,SER_20260509_VPLC_L1_LIGHT_10_20_S01,vPLC_container,VPLC_HOST,185,,,2026-05-09T16:48:53.876565483Z,,,,host_log,10,20,,,,,,1,32,,technical_check,vplc_status_cycle_duration_not_validated_as_Tper,0.071,100,работает
RUN_20260509_VPLC_L1_LIGHT_10_20_S01_R03,VPLC_L1_LIGHT_10_20,SER_20260509_VPLC_L1_LIGHT_10_20_S01,vPLC_container,VPLC_HOST,186,,,2026-05-09T16:48:54.930772408Z,,,,host_log,10,20,,,,,,1,32,,technical_check,vplc_status_cycle_duration_not_validated_as_Tper,0.050,100,работает
RUN_20260509_VPLC_L1_LIGHT_10_20_S01_R03,VPLC_L1_LIGHT_10_20,SER_20260509_VPLC_L1_LIGHT_10_20_S01,vPLC_container,VPLC_HOST,187,,,2026-05-09T16:48:55.986655108Z,,,,host_log,10,20,,,,,,1,32,,technical_check,vplc_status_cycle_duration_not_validated_as_Tper,0.069,100,работает
RUN_20260509_VPLC_L1_LIGHT_10_20_S01_R03,VPLC_L1_LIGHT_10_20,SER_20260509_VPLC_L1_LIGHT_10_20_S01,vPLC_container,VPLC_HOST,188,,,2026-05-09T16:48:57.043999157Z,,,,host_log,10,20,,,,,,1,32,,technical_check,vplc_status_cycle_duration_not_validated_as_Tper,0.049,100,работает
RUN_20260509_VPLC_L1_LIGHT_10_20_S01_R03,VPLC_L1_LIGHT_10_20,SER_20260509_VPLC_L1_LIGHT_10_20_S01,vPLC_container,VPLC_HOST,189,,,2026-05-09T16:48:58.099640604Z,,,,host_log,10,20,,,,,,1,32,,technical_check,vplc_status_cycle_duration_not_validated_as_Tper,0.070,100,работает
RUN_20260509_VPLC_L1_LIGHT_10_20_S01_R03,VPLC_L1_LIGHT_10_20,SER_20260509_VPLC_L1_LIGHT_10_20_S01,vPLC_container,VPLC_HOST,190,,,2026-05-09T16:48:59.152142950Z,,,,host_log,10,20,,,,,,1,32,,technical_check,vplc_status_cycle_duration_not_validated_as_Tper,0.028,100,работает
RUN_20260509_VPLC_L1_LIGHT_10_20_S01_R03,VPLC_L1_LIGHT_10_20,SER_20260509_VPLC_L1_LIGHT_10_20_S01,vPLC_container,VPLC_HOST,191,,,2026-05-09T16:49:00.207374078Z,,,,host_log,10,20,,,,,,1,32,,technical_check,vplc_status_cycle_duration_not_validated_as_Tper,0.070,100,работает
RUN_20260509_VPLC_L1_LIGHT_10_20_S01_R03,VPLC_L1_LIGHT_10_20,SER_20260509_VPLC_L1_LIGHT_10_20_S01,vPLC_container,VPLC_HOST,192,,,2026-05-09T16:49:01.264726429Z,,,,host_log,10,20,,,,,,1,32,,technical_check,vplc_status_cycle_duration_not_validated_as_Tper,0.068,100,работает
RUN_20260509_VPLC_L1_LIGHT_10_20_S01_R03,VPLC_L1_LIGHT_10_20,SER_20260509_VPLC_L1_LIGHT_10_20_S01,vPLC_container,VPLC_HOST,193,,,2026-05-09T16:49:02.320623978Z,,,,host_log,10,20,,,,,,1,32,,technical_check,vplc_status_cycle_duration_not_validated_as_Tper,0.071,100,работает
RUN_20260509_VPLC_L1_LIGHT_10_20_S01_R03,VPLC_L1_LIGHT_10_20,SER_20260509_VPLC_L1_LIGHT_10_20_S01,vPLC_container,VPLC_HOST,194,,,2026-05-09T16:49:03.372010854Z,,,,host_log,10,20,,,,,,1,32,,technical_check,vplc_status_cycle_duration_not_validated_as_Tper,4.702,100,работает
RUN_20260509_VPLC_L1_LIGHT_10_20_S01_R03,VPLC_L1_LIGHT_10_20,SER_20260509_VPLC_L1_LIGHT_10_20_S01,vPLC_container,VPLC_HOST,195,,,2026-05-09T16:49:04.427407602Z,,,,host_log,10,20,,,,,,1,32,,technical_check,vplc_status_cycle_duration_not_validated_as_Tper,0.048,100,работает
RUN_20260509_VPLC_L1_LIGHT_10_20_S01_R03,VPLC_L1_LIGHT_10_20,SER_20260509_VPLC_L1_LIGHT_10_20_S01,vPLC_container,VPLC_HOST,196,,,2026-05-09T16:49:05.482627832Z,,,,host_log,10,20,,,,,,1,32,,technical_check,vplc_status_cycle_duration_not_validated_as_Tper,0.070,100,работает
RUN_20260509_VPLC_L1_LIGHT_10_20_S01_R03,VPLC_L1_LIGHT_10_20,SER_20260509_VPLC_L1_LIGHT_10_20_S01,vPLC_container,VPLC_HOST,197,,,2026-05-09T16:49:06.541048112Z,,,,host_log,10,20,,,,,,1,32,,technical_check,vplc_status_cycle_duration_not_validated_as_Tper,0.050,100,работает
RUN_20260509_VPLC_L1_LIGHT_10_20_S01_R03,VPLC_L1_LIGHT_10_20,SER_20260509_VPLC_L1_LIGHT_10_20_S01,vPLC_container,VPLC_HOST,198,,,2026-05-09T16:49:07.596700846Z,,,,host_log,10,20,,,,,,1,32,,technical_check,vplc_status_cycle_duration_not_validated_as_Tper,0.069,100,работает
RUN_20260509_VPLC_L1_LIGHT_10_20_S01_R03,VPLC_L1_LIGHT_10_20,SER_20260509_VPLC_L1_LIGHT_10_20_S01,vPLC_container,VPLC_HOST,199,,,2026-05-09T16:49:08.651279036Z,,,,host_log,10,20,,,,,,1,32,,technical_check,vplc_status_cycle_duration_not_validated_as_Tper,0.027,100,работает
RUN_20260509_VPLC_L1_LIGHT_10_20_S01_R03,VPLC_L1_LIGHT_10_20,SER_20260509_VPLC_L1_LIGHT_10_20_S01,vPLC_container,VPLC_HOST,200,,,2026-05-09T16:49:09.706521122Z,,,,host_log,10,20,,,,,,1,32,,technical_check,vplc_status_cycle_duration_not_validated_as_Tper,0.070,100,работает
RUN_20260509_VPLC_L1_LIGHT_10_20_S01_R03,VPLC_L1_LIGHT_10_20,SER_20260509_VPLC_L1_LIGHT_10_20_S01,vPLC_container,VPLC_HOST,201,,,2026-05-09T16:49:10.760893148Z,,,,host_log,10,20,,,,,,1,32,,technical_check,vplc_status_cycle_duration_not_validated_as_Tper,0.070,100,работает
RUN_20260509_VPLC_L1_LIGHT_10_20_S01_R03,VPLC_L1_LIGHT_10_20,SER_20260509_VPLC_L1_LIGHT_10_20_S01,vPLC_container,VPLC_HOST,202,,,2026-05-09T16:49:11.818484731Z,,,,host_log,10,20,,,,,,1,32,,technical_check,vplc_status_cycle_duration_not_validated_as_Tper,0.069,100,работает
RUN_20260509_VPLC_L1_LIGHT_10_20_S01_R03,VPLC_L1_LIGHT_10_20,SER_20260509_VPLC_L1_LIGHT_10_20_S01,vPLC_container,VPLC_HOST,203,,,2026-05-09T16:49:12.873528126Z,,,,host_log,10,20,,,,,,1,32,,technical_check,vplc_status_cycle_duration_not_validated_as_Tper,0.075,100,работает
RUN_20260509_VPLC_L1_LIGHT_10_20_S01_R03,VPLC_L1_LIGHT_10_20,SER_20260509_VPLC_L1_LIGHT_10_20_S01,vPLC_container,VPLC_HOST,204,,,2026-05-09T16:49:13.928752194Z,,,,host_log,10,20,,,,,,1,32,,technical_check,vplc_status_cycle_duration_not_validated_as_Tper,0.050,100,работает
RUN_20260509_VPLC_L1_LIGHT_10_20_S01_R03,VPLC_L1_LIGHT_10_20,SER_20260509_VPLC_L1_LIGHT_10_20_S01,vPLC_container,VPLC_HOST,205,,,2026-05-09T16:49:14.983580608Z,,,,host_log,10,20,,,,,,1,32,,technical_check,vplc_status_cycle_duration_not_validated_as_Tper,0.068,100,работает
RUN_20260509_VPLC_L1_LIGHT_10_20_S01_R03,VPLC_L1_LIGHT_10_20,SER_20260509_VPLC_L1_LIGHT_10_20_S01,vPLC_container,VPLC_HOST,206,,,2026-05-09T16:49:16.038809820Z,,,,host_log,10,20,,,,,,1,32,,technical_check,vplc_status_cycle_duration_not_validated_as_Tper,0.048,100,работает
RUN_20260509_VPLC_L1_LIGHT_10_20_S01_R03,VPLC_L1_LIGHT_10_20,SER_20260509_VPLC_L1_LIGHT_10_20_S01,vPLC_container,VPLC_HOST,207,,,2026-05-09T16:49:17.094571016Z,,,,host_log,10,20,,,,,,1,32,,technical_check,vplc_status_cycle_duration_not_validated_as_Tper,0.069,100,работает
RUN_20260509_VPLC_L1_LIGHT_10_20_S01_R03,VPLC_L1_LIGHT_10_20,SER_20260509_VPLC_L1_LIGHT_10_20_S01,vPLC_container,VPLC_HOST,208,,,2026-05-09T16:49:18.149189390Z,,,,host_log,10,20,,,,,,1,32,,technical_check,vplc_status_cycle_duration_not_validated_as_Tper,0.033,100,работает
RUN_20260509_VPLC_L1_LIGHT_10_20_S01_R03,VPLC_L1_LIGHT_10_20,SER_20260509_VPLC_L1_LIGHT_10_20_S01,vPLC_container,VPLC_HOST,209,,,2026-05-09T16:49:19.202325143Z,,,,host_log,10,20,,,,,,1,32,,technical_check,vplc_status_cycle_duration_not_validated_as_Tper,0.071,100,работает
RUN_20260509_VPLC_L1_LIGHT_10_20_S01_R03,VPLC_L1_LIGHT_10_20,SER_20260509_VPLC_L1_LIGHT_10_20_S01,vPLC_container,VPLC_HOST,210,,,2026-05-09T16:49:20.258961057Z,,,,host_log,10,20,,,,,,1,32,,technical_check,vplc_status_cycle_duration_not_validated_as_Tper,0.052,100,работает
RUN_20260509_VPLC_L1_LIGHT_10_20_S01_R03,VPLC_L1_LIGHT_10_20,SER_20260509_VPLC_L1_LIGHT_10_20_S01,vPLC_container,VPLC_HOST,211,,,2026-05-09T16:49:21.313453955Z,,,,host_log,10,20,,,,,,1,32,,technical_check,vplc_status_cycle_duration_not_validated_as_Tper,0.070,100,работает
RUN_20260509_VPLC_L1_LIGHT_10_20_S01_R03,VPLC_L1_LIGHT_10_20,SER_20260509_VPLC_L1_LIGHT_10_20_S01,vPLC_container,VPLC_HOST,212,,,2026-05-09T16:49:22.367775345Z,,,,host_log,10,20,,,,,,1,32,,technical_check,vplc_status_cycle_duration_not_validated_as_Tper,4.350,100,работает
RUN_20260509_VPLC_L1_LIGHT_10_20_S01_R03,VPLC_L1_LIGHT_10_20,SER_20260509_VPLC_L1_LIGHT_10_20_S01,vPLC_container,VPLC_HOST,213,,,2026-05-09T16:49:23.425837340Z,,,,host_log,10,20,,,,,,1,32,,technical_check,vplc_status_cycle_duration_not_validated_as_Tper,0.068,100,работает
RUN_20260509_VPLC_L1_LIGHT_10_20_S01_R03,VPLC_L1_LIGHT_10_20,SER_20260509_VPLC_L1_LIGHT_10_20_S01,vPLC_container,VPLC_HOST,214,,,2026-05-09T16:49:24.478981457Z,,,,host_log,10,20,,,,,,1,32,,technical_check,vplc_status_cycle_duration_not_validated_as_Tper,0.068,100,работает
RUN_20260509_VPLC_L1_LIGHT_10_20_S01_R03,VPLC_L1_LIGHT_10_20,SER_20260509_VPLC_L1_LIGHT_10_20_S01,vPLC_container,VPLC_HOST,215,,,2026-05-09T16:49:25.536145837Z,,,,host_log,10,20,,,,,,1,32,,technical_check,vplc_status_cycle_duration_not_validated_as_Tper,0.048,100,работает
RUN_20260509_VPLC_L1_LIGHT_10_20_S01_R03,VPLC_L1_LIGHT_10_20,SER_20260509_VPLC_L1_LIGHT_10_20_S01,vPLC_container,VPLC_HOST,216,,,2026-05-09T16:49:26.590866779Z,,,,host_log,10,20,,,,,,1,32,,technical_check,vplc_status_cycle_duration_not_validated_as_Tper,0.070,100,работает
RUN_20260509_VPLC_L1_LIGHT_10_20_S01_R03,VPLC_L1_LIGHT_10_20,SER_20260509_VPLC_L1_LIGHT_10_20_S01,vPLC_container,VPLC_HOST,217,,,2026-05-09T16:49:27.644762010Z,,,,host_log,10,20,,,,,,1,32,,technical_check,vplc_status_cycle_duration_not_validated_as_Tper,0.041,100,работает
RUN_20260509_VPLC_L1_LIGHT_10_20_S01_R03,VPLC_L1_LIGHT_10_20,SER_20260509_VPLC_L1_LIGHT_10_20_S01,vPLC_container,VPLC_HOST,218,,,2026-05-09T16:49:28.701579680Z,,,,host_log,10,20,,,,,,1,32,,technical_check,vplc_status_cycle_duration_not_validated_as_Tper,0.069,100,работает
RUN_20260509_VPLC_L1_LIGHT_10_20_S01_R03,VPLC_L1_LIGHT_10_20,SER_20260509_VPLC_L1_LIGHT_10_20_S01,vPLC_container,VPLC_HOST,219,,,2026-05-09T16:49:29.758840216Z,,,,host_log,10,20,,,,,,1,32,,technical_check,vplc_status_cycle_duration_not_validated_as_Tper,0.054,100,работает
RUN_20260509_VPLC_L1_LIGHT_10_20_S01_R03,VPLC_L1_LIGHT_10_20,SER_20260509_VPLC_L1_LIGHT_10_20_S01,vPLC_container,VPLC_HOST,220,,,2026-05-09T16:49:30.813123239Z,,,,host_log,10,20,,,,,,1,32,,technical_check,vplc_status_cycle_duration_not_validated_as_Tper,0.069,100,работает
RUN_20260509_VPLC_L1_LIGHT_10_20_S01_R03,VPLC_L1_LIGHT_10_20,SER_20260509_VPLC_L1_LIGHT_10_20_S01,vPLC_container,VPLC_HOST,221,,,2026-05-09T16:49:31.866322248Z,,,,host_log,10,20,,,,,,1,32,,technical_check,vplc_status_cycle_duration_not_validated_as_Tper,0.070,100,работает
RUN_20260509_VPLC_L1_LIGHT_10_20_S01_R03,VPLC_L1_LIGHT_10_20,SER_20260509_VPLC_L1_LIGHT_10_20_S01,vPLC_container,VPLC_HOST,222,,,2026-05-09T16:49:32.920467798Z,,,,host_log,10,20,,,,,,1,32,,technical_check,vplc_status_cycle_duration_not_validated_as_Tper,0.069,100,работает
RUN_20260509_VPLC_L1_LIGHT_10_20_S01_R03,VPLC_L1_LIGHT_10_20,SER_20260509_VPLC_L1_LIGHT_10_20_S01,vPLC_container,VPLC_HOST,223,,,2026-05-09T16:49:33.979667188Z,,,,host_log,10,20,,,,,,1,32,,technical_check,vplc_status_cycle_duration_not_validated_as_Tper,0.070,100,работает
RUN_20260509_VPLC_L1_LIGHT_10_20_S01_R03,VPLC_L1_LIGHT_10_20,SER_20260509_VPLC_L1_LIGHT_10_20_S01,vPLC_container,VPLC_HOST,224,,,2026-05-09T16:49:35.033169008Z,,,,host_log,10,20,,,,,,1,32,,technical_check,vplc_status_cycle_duration_not_validated_as_Tper,0.070,100,работает
RUN_20260509_VPLC_L1_LIGHT_10_20_S01_R03,VPLC_L1_LIGHT_10_20,SER_20260509_VPLC_L1_LIGHT_10_20_S01,vPLC_container,VPLC_HOST,225,,,2026-05-09T16:49:36.088936057Z,,,,host_log,10,20,,,,,,1,32,,technical_check,vplc_status_cycle_duration_not_validated_as_Tper,0.068,100,работает
RUN_20260509_VPLC_L1_LIGHT_10_20_S01_R03,VPLC_L1_LIGHT_10_20,SER_20260509_VPLC_L1_LIGHT_10_20_S01,vPLC_container,VPLC_HOST,226,,,2026-05-09T16:49:37.141966177Z,,,,host_log,10,20,,,,,,1,32,,technical_check,vplc_status_cycle_duration_not_validated_as_Tper,0.049,100,работает
RUN_20260509_VPLC_L1_LIGHT_10_20_S01_R03,VPLC_L1_LIGHT_10_20,SER_20260509_VPLC_L1_LIGHT_10_20_S01,vPLC_container,VPLC_HOST,227,,,2026-05-09T16:49:38.200458240Z,,,,host_log,10,20,,,,,,1,32,,technical_check,vplc_status_cycle_duration_not_validated_as_Tper,0.069,100,работает
RUN_20260509_VPLC_L1_LIGHT_10_20_S01_R03,VPLC_L1_LIGHT_10_20,SER_20260509_VPLC_L1_LIGHT_10_20_S01,vPLC_container,VPLC_HOST,228,,,2026-05-09T16:49:39.253307069Z,,,,host_log,10,20,,,,,,1,32,,technical_check,vplc_status_cycle_duration_not_validated_as_Tper,0.036,100,работает
RUN_20260509_VPLC_L1_LIGHT_10_20_S01_R03,VPLC_L1_LIGHT_10_20,SER_20260509_VPLC_L1_LIGHT_10_20_S01,vPLC_container,VPLC_HOST,229,,,2026-05-09T16:49:40.311603900Z,,,,host_log,10,20,,,,,,1,32,,technical_check,vplc_status_cycle_duration_not_validated_as_Tper,0.069,100,работает
RUN_20260509_VPLC_L1_LIGHT_10_20_S01_R03,VPLC_L1_LIGHT_10_20,SER_20260509_VPLC_L1_LIGHT_10_20_S01,vPLC_container,VPLC_HOST,230,,,2026-05-09T16:49:41.363153412Z,,,,host_log,10,20,,,,,,1,32,,technical_check,vplc_status_cycle_duration_not_validated_as_Tper,4.991,100,работает
RUN_20260509_VPLC_L1_LIGHT_10_20_S01_R03,VPLC_L1_LIGHT_10_20,SER_20260509_VPLC_L1_LIGHT_10_20_S01,vPLC_container,VPLC_HOST,231,,,2026-05-09T16:49:42.419511655Z,,,,host_log,10,20,,,,,,1,32,,technical_check,vplc_status_cycle_duration_not_validated_as_Tper,4.661,100,работает
RUN_20260509_VPLC_L1_LIGHT_10_20_S01_R03,VPLC_L1_LIGHT_10_20,SER_20260509_VPLC_L1_LIGHT_10_20_S01,vPLC_container,VPLC_HOST,232,,,2026-05-09T16:49:43.473143946Z,,,,host_log,10,20,,,,,,1,32,,technical_check,vplc_status_cycle_duration_not_validated_as_Tper,0.068,100,работает
RUN_20260509_VPLC_L1_LIGHT_10_20_S01_R03,VPLC_L1_LIGHT_10_20,SER_20260509_VPLC_L1_LIGHT_10_20_S01,vPLC_container,VPLC_HOST,233,,,2026-05-09T16:49:44.532667256Z,,,,host_log,10,20,,,,,,1,32,,technical_check,vplc_status_cycle_duration_not_validated_as_Tper,0.066,100,работает
RUN_20260509_VPLC_L1_LIGHT_10_20_S01_R03,VPLC_L1_LIGHT_10_20,SER_20260509_VPLC_L1_LIGHT_10_20_S01,vPLC_container,VPLC_HOST,234,,,2026-05-09T16:49:45.585690094Z,,,,host_log,10,20,,,,,,1,32,,technical_check,vplc_status_cycle_duration_not_validated_as_Tper,0.069,100,работает
RUN_20260509_VPLC_L1_LIGHT_10_20_S01_R03,VPLC_L1_LIGHT_10_20,SER_20260509_VPLC_L1_LIGHT_10_20_S01,vPLC_container,VPLC_HOST,235,,,2026-05-09T16:49:46.643357230Z,,,,host_log,10,20,,,,,,1,32,,technical_check,vplc_status_cycle_duration_not_validated_as_Tper,0.048,100,работает
RUN_20260509_VPLC_L1_LIGHT_10_20_S01_R03,VPLC_L1_LIGHT_10_20,SER_20260509_VPLC_L1_LIGHT_10_20_S01,vPLC_container,VPLC_HOST,236,,,2026-05-09T16:49:47.693946144Z,,,,host_log,10,20,,,,,,1,32,,technical_check,vplc_status_cycle_duration_not_validated_as_Tper,0.070,100,работает
RUN_20260509_VPLC_L1_LIGHT_10_20_S01_R03,VPLC_L1_LIGHT_10_20,SER_20260509_VPLC_L1_LIGHT_10_20_S01,vPLC_container,VPLC_HOST,237,,,2026-05-09T16:49:48.753417328Z,,,,host_log,10,20,,,,,,1,32,,technical_check,vplc_status_cycle_duration_not_validated_as_Tper,0.032,100,работает
RUN_20260509_VPLC_L1_LIGHT_10_20_S01_R03,VPLC_L1_LIGHT_10_20,SER_20260509_VPLC_L1_LIGHT_10_20_S01,vPLC_container,VPLC_HOST,238,,,2026-05-09T16:49:49.809398827Z,,,,host_log,10,20,,,,,,1,32,,technical_check,vplc_status_cycle_duration_not_validated_as_Tper,0.069,100,работает
RUN_20260509_VPLC_L1_LIGHT_10_20_S01_R03,VPLC_L1_LIGHT_10_20,SER_20260509_VPLC_L1_LIGHT_10_20_S01,vPLC_container,VPLC_HOST,239,,,2026-05-09T16:49:50.861708662Z,,,,host_log,10,20,,,,,,1,32,,technical_check,vplc_status_cycle_duration_not_validated_as_Tper,0.070,100,работает
RUN_20260509_VPLC_L1_LIGHT_10_20_S01_R03,VPLC_L1_LIGHT_10_20,SER_20260509_VPLC_L1_LIGHT_10_20_S01,vPLC_container,VPLC_HOST,240,,,2026-05-09T16:49:51.920121827Z,,,,host_log,10,20,,,,,,1,32,,technical_check,vplc_status_cycle_duration_not_validated_as_Tper,0.071,100,работает
RUN_20260509_VPLC_L1_LIGHT_10_20_S01_R03,VPLC_L1_LIGHT_10_20,SER_20260509_VPLC_L1_LIGHT_10_20_S01,vPLC_container,VPLC_HOST,241,,,2026-05-09T16:49:52.974240275Z,,,,host_log,10,20,,,,,,1,32,,technical_check,vplc_status_cycle_duration_not_validated_as_Tper,0.071,100,работает
RUN_20260509_VPLC_L1_LIGHT_10_20_S01_R03,VPLC_L1_LIGHT_10_20,SER_20260509_VPLC_L1_LIGHT_10_20_S01,vPLC_container,VPLC_HOST,242,,,2026-05-09T16:49:54.030058597Z,,,,host_log,10,20,,,,,,1,32,,technical_check,vplc_status_cycle_duration_not_validated_as_Tper,0.050,100,работает
RUN_20260509_VPLC_L1_LIGHT_10_20_S01_R03,VPLC_L1_LIGHT_10_20,SER_20260509_VPLC_L1_LIGHT_10_20_S01,vPLC_container,VPLC_HOST,243,,,2026-05-09T16:49:55.084520214Z,,,,host_log,10,20,,,,,,1,32,,technical_check,vplc_status_cycle_duration_not_validated_as_Tper,0.068,100,работает
RUN_20260509_VPLC_L1_LIGHT_10_20_S01_R03,VPLC_L1_LIGHT_10_20,SER_20260509_VPLC_L1_LIGHT_10_20_S01,vPLC_container,VPLC_HOST,244,,,2026-05-09T16:49:56.140551126Z,,,,host_log,10,20,,,,,,1,32,,technical_check,vplc_status_cycle_duration_not_validated_as_Tper,0.048,100,работает
RUN_20260509_VPLC_L1_LIGHT_10_20_S01_R03,VPLC_L1_LIGHT_10_20,SER_20260509_VPLC_L1_LIGHT_10_20_S01,vPLC_container,VPLC_HOST,245,,,2026-05-09T16:49:57.193266737Z,,,,host_log,10,20,,,,,,1,32,,technical_check,vplc_status_cycle_duration_not_validated_as_Tper,0.070,100,работает
RUN_20260509_VPLC_L1_LIGHT_10_20_S01_R03,VPLC_L1_LIGHT_10_20,SER_20260509_VPLC_L1_LIGHT_10_20_S01,vPLC_container,VPLC_HOST,246,,,2026-05-09T16:49:58.252349546Z,,,,host_log,10,20,,,,,,1,32,,technical_check,vplc_status_cycle_duration_not_validated_as_Tper,0.025,100,работает
RUN_20260509_VPLC_L1_LIGHT_10_20_S01_R03,VPLC_L1_LIGHT_10_20,SER_20260509_VPLC_L1_LIGHT_10_20_S01,vPLC_container,VPLC_HOST,247,,,2026-05-09T16:49:59.302538239Z,,,,host_log,10,20,,,,,,1,32,,technical_check,vplc_status_cycle_duration_not_validated_as_Tper,0.069,100,работает
RUN_20260509_VPLC_L1_LIGHT_10_20_S01_R03,VPLC_L1_LIGHT_10_20,SER_20260509_VPLC_L1_LIGHT_10_20_S01,vPLC_container,VPLC_HOST,248,,,2026-05-09T16:50:00.361561054Z,,,,host_log,10,20,,,,,,1,32,,technical_check,vplc_status_cycle_duration_not_validated_as_Tper,4.920,100,работает
RUN_20260509_VPLC_L1_LIGHT_10_20_S01_R03,VPLC_L1_LIGHT_10_20,SER_20260509_VPLC_L1_LIGHT_10_20_S01,vPLC_container,VPLC_HOST,249,,,2026-05-09T16:50:01.416246384Z,,,,host_log,10,20,,,,,,1,32,,technical_check,vplc_status_cycle_duration_not_validated_as_Tper,4.621,100,работает
RUN_20260509_VPLC_L1_LIGHT_10_20_S01_R03,VPLC_L1_LIGHT_10_20,SER_20260509_VPLC_L1_LIGHT_10_20_S01,vPLC_container,VPLC_HOST,250,,,2026-05-09T16:50:02.470624694Z,,,,host_log,10,20,,,,,,1,32,,technical_check,vplc_status_cycle_duration_not_validated_as_Tper,0.069,100,работает
RUN_20260509_VPLC_L1_LIGHT_10_20_S01_R03,VPLC_L1_LIGHT_10_20,SER_20260509_VPLC_L1_LIGHT_10_20_S01,vPLC_container,VPLC_HOST,251,,,2026-05-09T16:50:03.527631212Z,,,,host_log,10,20,,,,,,1,32,,technical_check,vplc_status_cycle_duration_not_validated_as_Tper,0.070,100,работает
RUN_20260509_VPLC_L1_LIGHT_10_20_S01_R03,VPLC_L1_LIGHT_10_20,SER_20260509_VPLC_L1_LIGHT_10_20_S01,vPLC_container,VPLC_HOST,252,,,2026-05-09T16:50:04.583505677Z,,,,host_log,10,20,,,,,,1,32,,technical_check,vplc_status_cycle_duration_not_validated_as_Tper,0.068,100,работает
RUN_20260509_VPLC_L1_LIGHT_10_20_S01_R03,VPLC_L1_LIGHT_10_20,SER_20260509_VPLC_L1_LIGHT_10_20_S01,vPLC_container,VPLC_HOST,253,,,2026-05-09T16:50:05.638707581Z,,,,host_log,10,20,,,,,,1,32,,technical_check,vplc_status_cycle_duration_not_validated_as_Tper,0.049,100,работает
RUN_20260509_VPLC_L1_LIGHT_10_20_S01_R03,VPLC_L1_LIGHT_10_20,SER_20260509_VPLC_L1_LIGHT_10_20_S01,vPLC_container,VPLC_HOST,254,,,2026-05-09T16:50:06.693797492Z,,,,host_log,10,20,,,,,,1,32,,technical_check,vplc_status_cycle_duration_not_validated_as_Tper,0.070,100,работает
RUN_20260509_VPLC_L1_LIGHT_10_20_S01_R03,VPLC_L1_LIGHT_10_20,SER_20260509_VPLC_L1_LIGHT_10_20_S01,vPLC_container,VPLC_HOST,255,,,2026-05-09T16:50:07.748203659Z,,,,host_log,10,20,,,,,,1,32,,technical_check,vplc_status_cycle_duration_not_validated_as_Tper,0.037,100,работает
RUN_20260509_VPLC_L1_LIGHT_10_20_S01_R03,VPLC_L1_LIGHT_10_20,SER_20260509_VPLC_L1_LIGHT_10_20_S01,vPLC_container,VPLC_HOST,256,,,2026-05-09T16:50:08.804635984Z,,,,host_log,10,20,,,,,,1,32,,technical_check,vplc_status_cycle_duration_not_validated_as_Tper,0.070,100,работает
RUN_20260509_VPLC_L1_LIGHT_10_20_S01_R03,VPLC_L1_LIGHT_10_20,SER_20260509_VPLC_L1_LIGHT_10_20_S01,vPLC_container,VPLC_HOST,257,,,2026-05-09T16:50:09.858286290Z,,,,host_log,10,20,,,,,,1,32,,technical_check,vplc_status_cycle_duration_not_validated_as_Tper,0.054,100,работает
RUN_20260509_VPLC_L1_LIGHT_10_20_S01_R03,VPLC_L1_LIGHT_10_20,SER_20260509_VPLC_L1_LIGHT_10_20_S01,vPLC_container,VPLC_HOST,258,,,2026-05-09T16:50:10.914573118Z,,,,host_log,10,20,,,,,,1,32,,technical_check,vplc_status_cycle_duration_not_validated_as_Tper,0.070,100,работает
RUN_20260509_VPLC_L1_LIGHT_10_20_S01_R03,VPLC_L1_LIGHT_10_20,SER_20260509_VPLC_L1_LIGHT_10_20_S01,vPLC_container,VPLC_HOST,259,,,2026-05-09T16:50:11.970584610Z,,,,host_log,10,20,,,,,,1,32,,technical_check,vplc_status_cycle_duration_not_validated_as_Tper,0.068,100,работает
RUN_20260509_VPLC_L1_LIGHT_10_20_S01_R03,VPLC_L1_LIGHT_10_20,SER_20260509_VPLC_L1_LIGHT_10_20_S01,vPLC_container,VPLC_HOST,260,,,2026-05-09T16:50:13.025531337Z,,,,host_log,10,20,,,,,,1,32,,technical_check,vplc_status_cycle_duration_not_validated_as_Tper,0.048,100,работает
RUN_20260509_VPLC_L1_LIGHT_10_20_S01_R03,VPLC_L1_LIGHT_10_20,SER_20260509_VPLC_L1_LIGHT_10_20_S01,vPLC_container,VPLC_HOST,261,,,2026-05-09T16:50:14.080692992Z,,,,host_log,10,20,,,,,,1,32,,technical_check,vplc_status_cycle_duration_not_validated_as_Tper,0.070,100,работает
RUN_20260509_VPLC_L1_LIGHT_10_20_S01_R03,VPLC_L1_LIGHT_10_20,SER_20260509_VPLC_L1_LIGHT_10_20_S01,vPLC_container,VPLC_HOST,262,,,2026-05-09T16:50:15.136360935Z,,,,host_log,10,20,,,,,,1,32,,technical_check,vplc_status_cycle_duration_not_validated_as_Tper,0.049,100,работает
RUN_20260509_VPLC_L1_LIGHT_10_20_S01_R03,VPLC_L1_LIGHT_10_20,SER_20260509_VPLC_L1_LIGHT_10_20_S01,vPLC_container,VPLC_HOST,263,,,2026-05-09T16:50:16.187586419Z,,,,host_log,10,20,,,,,,1,32,,technical_check,vplc_status_cycle_duration_not_validated_as_Tper,0.069,100,работает
RUN_20260509_VPLC_L1_LIGHT_10_20_S01_R03,VPLC_L1_LIGHT_10_20,SER_20260509_VPLC_L1_LIGHT_10_20_S01,vPLC_container,VPLC_HOST,264,,,2026-05-09T16:50:17.244008512Z,,,,host_log,10,20,,,,,,1,32,,technical_check,vplc_status_cycle_duration_not_validated_as_Tper,0.048,100,работает
RUN_20260509_VPLC_L1_LIGHT_10_20_S01_R03,VPLC_L1_LIGHT_10_20,SER_20260509_VPLC_L1_LIGHT_10_20_S01,vPLC_container,VPLC_HOST,265,,,2026-05-09T16:50:18.300622127Z,,,,host_log,10,20,,,,,,1,32,,technical_check,vplc_status_cycle_duration_not_validated_as_Tper,0.068,100,работает
RUN_20260509_VPLC_L1_LIGHT_10_20_S01_R03,VPLC_L1_LIGHT_10_20,SER_20260509_VPLC_L1_LIGHT_10_20_S01,vPLC_container,VPLC_HOST,266,,,2026-05-09T16:50:19.356606017Z,,,,host_log,10,20,,,,,,1,32,,technical_check,vplc_status_cycle_duration_not_validated_as_Tper,4.308,100,работает
RUN_20260509_VPLC_L1_LIGHT_10_20_S01_R03,VPLC_L1_LIGHT_10_20,SER_20260509_VPLC_L1_LIGHT_10_20_S01,vPLC_container,VPLC_HOST,267,,,2026-05-09T16:50:20.412633170Z,,,,host_log,10,20,,,,,,1,32,,technical_check,vplc_status_cycle_duration_not_validated_as_Tper,4.682,100,работает
RUN_20260509_VPLC_L1_LIGHT_10_20_S01_R03,VPLC_L1_LIGHT_10_20,SER_20260509_VPLC_L1_LIGHT_10_20_S01,vPLC_container,VPLC_HOST,268,,,2026-05-09T16:50:21.467608655Z,,,,host_log,10,20,,,,,,1,32,,technical_check,vplc_status_cycle_duration_not_validated_as_Tper,0.070,100,работает
RUN_20260509_VPLC_L1_LIGHT_10_20_S01_R03,VPLC_L1_LIGHT_10_20,SER_20260509_VPLC_L1_LIGHT_10_20_S01,vPLC_container,VPLC_HOST,269,,,2026-05-09T16:50:22.521149253Z,,,,host_log,10,20,,,,,,1,32,,technical_check,vplc_status_cycle_duration_not_validated_as_Tper,0.048,100,работает
RUN_20260509_VPLC_L1_LIGHT_10_20_S01_R03,VPLC_L1_LIGHT_10_20,SER_20260509_VPLC_L1_LIGHT_10_20_S01,vPLC_container,VPLC_HOST,270,,,2026-05-09T16:50:23.577694264Z,,,,host_log,10,20,,,,,,1,32,,technical_check,vplc_status_cycle_duration_not_validated_as_Tper,0.070,100,работает
RUN_20260509_VPLC_L1_LIGHT_10_20_S01_R03,VPLC_L1_LIGHT_10_20,SER_20260509_VPLC_L1_LIGHT_10_20_S01,vPLC_container,VPLC_HOST,271,,,2026-05-09T16:50:24.631539961Z,,,,host_log,10,20,,,,,,1,32,,technical_check,vplc_status_cycle_duration_not_validated_as_Tper,0.049,100,работает
RUN_20260509_VPLC_L1_LIGHT_10_20_S01_R03,VPLC_L1_LIGHT_10_20,SER_20260509_VPLC_L1_LIGHT_10_20_S01,vPLC_container,VPLC_HOST,272,,,2026-05-09T16:50:25.685301779Z,,,,host_log,10,20,,,,,,1,32,,technical_check,vplc_status_cycle_duration_not_validated_as_Tper,0.068,100,работает
RUN_20260509_VPLC_L1_LIGHT_10_20_S01_R03,VPLC_L1_LIGHT_10_20,SER_20260509_VPLC_L1_LIGHT_10_20_S01,vPLC_container,VPLC_HOST,273,,,2026-05-09T16:50:26.742063994Z,,,,host_log,10,20,,,,,,1,32,,technical_check,vplc_status_cycle_duration_not_validated_as_Tper,0.048,100,работает
RUN_20260509_VPLC_L1_LIGHT_10_20_S01_R03,VPLC_L1_LIGHT_10_20,SER_20260509_VPLC_L1_LIGHT_10_20_S01,vPLC_container,VPLC_HOST,274,,,2026-05-09T16:50:27.799685213Z,,,,host_log,10,20,,,,,,1,32,,technical_check,vplc_status_cycle_duration_not_validated_as_Tper,0.067,100,работает
RUN_20260509_VPLC_L1_LIGHT_10_20_S01_R03,VPLC_L1_LIGHT_10_20,SER_20260509_VPLC_L1_LIGHT_10_20_S01,vPLC_container,VPLC_HOST,275,,,2026-05-09T16:50:28.852573142Z,,,,host_log,10,20,,,,,,1,32,,technical_check,vplc_status_cycle_duration_not_validated_as_Tper,0.031,100,работает
RUN_20260509_VPLC_L1_LIGHT_10_20_S01_R03,VPLC_L1_LIGHT_10_20,SER_20260509_VPLC_L1_LIGHT_10_20_S01,vPLC_container,VPLC_HOST,276,,,2026-05-09T16:50:29.911455012Z,,,,host_log,10,20,,,,,,1,32,,technical_check,vplc_status_cycle_duration_not_validated_as_Tper,0.070,100,работает
RUN_20260509_VPLC_L1_LIGHT_10_20_S01_R03,VPLC_L1_LIGHT_10_20,SER_20260509_VPLC_L1_LIGHT_10_20_S01,vPLC_container,VPLC_HOST,277,,,2026-05-09T16:50:30.963901639Z,,,,host_log,10,20,,,,,,1,32,,technical_check,vplc_status_cycle_duration_not_validated_as_Tper,0.070,100,работает
RUN_20260509_VPLC_L1_LIGHT_10_20_S01_R03,VPLC_L1_LIGHT_10_20,SER_20260509_VPLC_L1_LIGHT_10_20_S01,vPLC_container,VPLC_HOST,278,,,2026-05-09T16:50:32.018779592Z,,,,host_log,10,20,,,,,,1,32,,technical_check,vplc_status_cycle_duration_not_validated_as_Tper,0.067,100,работает
RUN_20260509_VPLC_L1_LIGHT_10_20_S01_R03,VPLC_L1_LIGHT_10_20,SER_20260509_VPLC_L1_LIGHT_10_20_S01,vPLC_container,VPLC_HOST,279,,,2026-05-09T16:50:33.073698449Z,,,,host_log,10,20,,,,,,1,32,,technical_check,vplc_status_cycle_duration_not_validated_as_Tper,0.070,100,работает
RUN_20260509_VPLC_L1_LIGHT_10_20_S01_R03,VPLC_L1_LIGHT_10_20,SER_20260509_VPLC_L1_LIGHT_10_20_S01,vPLC_container,VPLC_HOST,280,,,2026-05-09T16:50:34.131929276Z,,,,host_log,10,20,,,,,,1,32,,technical_check,vplc_status_cycle_duration_not_validated_as_Tper,0.047,100,работает
RUN_20260509_VPLC_L1_LIGHT_10_20_S01_R03,VPLC_L1_LIGHT_10_20,SER_20260509_VPLC_L1_LIGHT_10_20_S01,vPLC_container,VPLC_HOST,281,,,2026-05-09T16:50:35.186964996Z,,,,host_log,10,20,,,,,,1,32,,technical_check,vplc_status_cycle_duration_not_validated_as_Tper,0.069,100,работает
RUN_20260509_VPLC_L1_LIGHT_10_20_S01_R03,VPLC_L1_LIGHT_10_20,SER_20260509_VPLC_L1_LIGHT_10_20_S01,vPLC_container,VPLC_HOST,282,,,2026-05-09T16:50:36.242725643Z,,,,host_log,10,20,,,,,,1,32,,technical_check,vplc_status_cycle_duration_not_validated_as_Tper,0.049,100,работает
RUN_20260509_VPLC_L1_LIGHT_10_20_S01_R03,VPLC_L1_LIGHT_10_20,SER_20260509_VPLC_L1_LIGHT_10_20_S01,vPLC_container,VPLC_HOST,283,,,2026-05-09T16:50:37.297135582Z,,,,host_log,10,20,,,,,,1,32,,technical_check,vplc_status_cycle_duration_not_validated_as_Tper,0.069,100,работает
RUN_20260509_VPLC_L1_LIGHT_10_20_S01_R03,VPLC_L1_LIGHT_10_20,SER_20260509_VPLC_L1_LIGHT_10_20_S01,vPLC_container,VPLC_HOST,284,,,2026-05-09T16:50:38.350215648Z,,,,host_log,10,20,,,,,,1,32,,technical_check,vplc_status_cycle_duration_not_validated_as_Tper,3.963,100,работает
RUN_20260509_VPLC_L1_LIGHT_10_20_S01_R03,VPLC_L1_LIGHT_10_20,SER_20260509_VPLC_L1_LIGHT_10_20_S01,vPLC_container,VPLC_HOST,285,,,2026-05-09T16:50:39.405871423Z,,,,host_log,10,20,,,,,,1,32,,technical_check,vplc_status_cycle_duration_not_validated_as_Tper,4.931,100,работает
RUN_20260509_VPLC_L1_LIGHT_10_20_S01_R03,VPLC_L1_LIGHT_10_20,SER_20260509_VPLC_L1_LIGHT_10_20_S01,vPLC_container,VPLC_HOST,286,,,2026-05-09T16:50:40.460272699Z,,,,host_log,10,20,,,,,,1,32,,technical_check,vplc_status_cycle_duration_not_validated_as_Tper,0.064,100,работает
RUN_20260509_VPLC_L1_LIGHT_10_20_S01_R03,VPLC_L1_LIGHT_10_20,SER_20260509_VPLC_L1_LIGHT_10_20_S01,vPLC_container,VPLC_HOST,287,,,2026-05-09T16:50:41.518202633Z,,,,host_log,10,20,,,,,,1,32,,technical_check,vplc_status_cycle_duration_not_validated_as_Tper,0.067,100,работает
RUN_20260509_VPLC_L1_LIGHT_10_20_S01_R03,VPLC_L1_LIGHT_10_20,SER_20260509_VPLC_L1_LIGHT_10_20_S01,vPLC_container,VPLC_HOST,288,,,2026-05-09T16:50:42.573098581Z,,,,host_log,10,20,,,,,,1,32,,technical_check,vplc_status_cycle_duration_not_validated_as_Tper,0.069,100,работает
RUN_20260509_VPLC_L1_LIGHT_10_20_S01_R03,VPLC_L1_LIGHT_10_20,SER_20260509_VPLC_L1_LIGHT_10_20_S01,vPLC_container,VPLC_HOST,289,,,2026-05-09T16:50:43.629086136Z,,,,host_log,10,20,,,,,,1,32,,technical_check,vplc_status_cycle_duration_not_validated_as_Tper,0.050,100,работает
RUN_20260509_VPLC_L1_LIGHT_10_20_S01_R03,VPLC_L1_LIGHT_10_20,SER_20260509_VPLC_L1_LIGHT_10_20_S01,vPLC_container,VPLC_HOST,290,,,2026-05-09T16:50:44.682590859Z,,,,host_log,10,20,,,,,,1,32,,technical_check,vplc_status_cycle_duration_not_validated_as_Tper,0.070,100,работает
RUN_20260509_VPLC_L1_LIGHT_10_20_S01_R03,VPLC_L1_LIGHT_10_20,SER_20260509_VPLC_L1_LIGHT_10_20_S01,vPLC_container,VPLC_HOST,291,,,2026-05-09T16:50:45.737776937Z,,,,host_log,10,20,,,,,,1,32,,technical_check,vplc_status_cycle_duration_not_validated_as_Tper,0.049,100,работает
RUN_20260509_VPLC_L1_LIGHT_10_20_S01_R03,VPLC_L1_LIGHT_10_20,SER_20260509_VPLC_L1_LIGHT_10_20_S01,vPLC_container,VPLC_HOST,292,,,2026-05-09T16:50:46.795742640Z,,,,host_log,10,20,,,,,,1,32,,technical_check,vplc_status_cycle_duration_not_validated_as_Tper,0.069,100,работает
RUN_20260509_VPLC_L1_LIGHT_10_20_S01_R03,VPLC_L1_LIGHT_10_20,SER_20260509_VPLC_L1_LIGHT_10_20_S01,vPLC_container,VPLC_HOST,293,,,2026-05-09T16:50:47.851035095Z,,,,host_log,10,20,,,,,,1,32,,technical_check,vplc_status_cycle_duration_not_validated_as_Tper,0.028,100,работает
RUN_20260509_VPLC_L1_LIGHT_10_20_S01_R03,VPLC_L1_LIGHT_10_20,SER_20260509_VPLC_L1_LIGHT_10_20_S01,vPLC_container,VPLC_HOST,294,,,2026-05-09T16:50:48.906669652Z,,,,host_log,10,20,,,,,,1,32,,technical_check,vplc_status_cycle_duration_not_validated_as_Tper,0.070,100,работает
RUN_20260509_VPLC_L1_LIGHT_10_20_S01_R03,VPLC_L1_LIGHT_10_20,SER_20260509_VPLC_L1_LIGHT_10_20_S01,vPLC_container,VPLC_HOST,295,,,2026-05-09T16:50:49.959258918Z,,,,host_log,10,20,,,,,,1,32,,technical_check,vplc_status_cycle_duration_not_validated_as_Tper,0.063,100,работает
RUN_20260509_VPLC_L1_LIGHT_10_20_S01_R03,VPLC_L1_LIGHT_10_20,SER_20260509_VPLC_L1_LIGHT_10_20_S01,vPLC_container,VPLC_HOST,296,,,2026-05-09T16:50:51.013963913Z,,,,host_log,10,20,,,,,,1,32,,technical_check,vplc_status_cycle_duration_not_validated_as_Tper,0.071,100,работает
RUN_20260509_VPLC_L1_LIGHT_10_20_S01_R03,VPLC_L1_LIGHT_10_20,SER_20260509_VPLC_L1_LIGHT_10_20_S01,vPLC_container,VPLC_HOST,297,,,2026-05-09T16:50:52.071056312Z,,,,host_log,10,20,,,,,,1,32,,technical_check,vplc_status_cycle_duration_not_validated_as_Tper,0.067,100,работает
RUN_20260509_VPLC_L1_LIGHT_10_20_S01_R03,VPLC_L1_LIGHT_10_20,SER_20260509_VPLC_L1_LIGHT_10_20_S01,vPLC_container,VPLC_HOST,298,,,2026-05-09T16:50:53.123719286Z,,,,host_log,10,20,,,,,,1,32,,technical_check,vplc_status_cycle_duration_not_validated_as_Tper,0.049,100,работает
RUN_20260509_VPLC_L1_LIGHT_10_20_S01_R03,VPLC_L1_LIGHT_10_20,SER_20260509_VPLC_L1_LIGHT_10_20_S01,vPLC_container,VPLC_HOST,299,,,2026-05-09T16:50:54.179988541Z,,,,host_log,10,20,,,,,,1,32,,technical_check,vplc_status_cycle_duration_not_validated_as_Tper,0.070,100,работает
RUN_20260509_VPLC_L1_LIGHT_10_20_S01_R03,VPLC_L1_LIGHT_10_20,SER_20260509_VPLC_L1_LIGHT_10_20_S01,vPLC_container,VPLC_HOST,300,,,2026-05-09T16:50:55.232678162Z,,,,host_log,10,20,,,,,,1,32,,technical_check,vplc_status_cycle_duration_not_validated_as_Tper,0.048,100,работает
RUN_20260509_VPLC_L1_LIGHT_10_20_S01_R03,VPLC_L1_LIGHT_10_20,SER_20260509_VPLC_L1_LIGHT_10_20_S01,vPLC_container,VPLC_HOST,301,,,2026-05-09T16:50:56.292363932Z,,,,host_log,10,20,,,,,,1,32,,technical_check,vplc_status_cycle_duration_not_validated_as_Tper,0.070,100,работает
RUN_20260509_VPLC_L1_LIGHT_10_20_S01_R03,VPLC_L1_LIGHT_10_20,SER_20260509_VPLC_L1_LIGHT_10_20_S01,vPLC_container,VPLC_HOST,302,,,2026-05-09T16:50:57.345726653Z,,,,host_log,10,20,,,,,,1,32,,technical_check,vplc_status_cycle_duration_not_validated_as_Tper,4.099,100,работает
RUN_20260509_VPLC_L1_LIGHT_10_20_S01_R03,VPLC_L1_LIGHT_10_20,SER_20260509_VPLC_L1_LIGHT_10_20_S01,vPLC_container,VPLC_HOST,303,,,2026-05-09T16:50:58.402048968Z,,,,host_log,10,20,,,,,,1,32,,technical_check,vplc_status_cycle_duration_not_validated_as_Tper,4.373,100,работает
RUN_20260509_VPLC_L1_LIGHT_10_20_S01_R03,VPLC_L1_LIGHT_10_20,SER_20260509_VPLC_L1_LIGHT_10_20_S01,vPLC_container,VPLC_HOST,304,,,2026-05-09T16:50:59.458148012Z,,,,host_log,10,20,,,,,,1,32,,technical_check,vplc_status_cycle_duration_not_validated_as_Tper,0.053,100,работает
RUN_20260509_VPLC_L1_LIGHT_10_20_S01_R03,VPLC_L1_LIGHT_10_20,SER_20260509_VPLC_L1_LIGHT_10_20_S01,vPLC_container,VPLC_HOST,305,,,2026-05-09T16:51:00.514237965Z,,,,host_log,10,20,,,,,,1,32,,technical_check,vplc_status_cycle_duration_not_validated_as_Tper,0.069,100,работает
RUN_20260509_VPLC_L1_LIGHT_10_20_S01_R03,VPLC_L1_LIGHT_10_20,SER_20260509_VPLC_L1_LIGHT_10_20_S01,vPLC_container,VPLC_HOST,306,,,2026-05-09T16:51:01.568167776Z,,,,host_log,10,20,,,,,,1,32,,technical_check,vplc_status_cycle_duration_not_validated_as_Tper,0.068,100,работает
RUN_20260509_VPLC_L1_LIGHT_10_20_S01_R03,VPLC_L1_LIGHT_10_20,SER_20260509_VPLC_L1_LIGHT_10_20_S01,vPLC_container,VPLC_HOST,307,,,2026-05-09T16:51:02.622831593Z,,,,host_log,10,20,,,,,,1,32,,technical_check,vplc_status_cycle_duration_not_validated_as_Tper,0.049,100,работает
RUN_20260509_VPLC_L1_LIGHT_10_20_S01_R03,VPLC_L1_LIGHT_10_20,SER_20260509_VPLC_L1_LIGHT_10_20_S01,vPLC_container,VPLC_HOST,308,,,2026-05-09T16:51:03.679059726Z,,,,host_log,10,20,,,,,,1,32,,technical_check,vplc_status_cycle_duration_not_validated_as_Tper,0.073,100,работает
RUN_20260509_VPLC_L1_LIGHT_10_20_S01_R03,VPLC_L1_LIGHT_10_20,SER_20260509_VPLC_L1_LIGHT_10_20_S01,vPLC_container,VPLC_HOST,309,,,2026-05-09T16:51:04.733088521Z,,,,host_log,10,20,,,,,,1,32,,technical_check,vplc_status_cycle_duration_not_validated_as_Tper,0.048,100,работает
RUN_20260509_VPLC_L1_LIGHT_10_20_S01_R03,VPLC_L1_LIGHT_10_20,SER_20260509_VPLC_L1_LIGHT_10_20_S01,vPLC_container,VPLC_HOST,310,,,2026-05-09T16:51:05.789452733Z,,,,host_log,10,20,,,,,,1,32,,technical_check,vplc_status_cycle_duration_not_validated_as_Tper,0.069,100,работает
RUN_20260509_VPLC_L1_LIGHT_10_20_S01_R03,VPLC_L1_LIGHT_10_20,SER_20260509_VPLC_L1_LIGHT_10_20_S01,vPLC_container,VPLC_HOST,311,,,2026-05-09T16:51:06.842093481Z,,,,host_log,10,20,,,,,,1,32,,technical_check,vplc_status_cycle_duration_not_validated_as_Tper,0.048,100,работает
RUN_20260509_VPLC_L1_LIGHT_10_20_S01_R03,VPLC_L1_LIGHT_10_20,SER_20260509_VPLC_L1_LIGHT_10_20_S01,vPLC_container,VPLC_HOST,312,,,2026-05-09T16:51:07.896030608Z,,,,host_log,10,20,,,,,,1,32,,technical_check,vplc_status_cycle_duration_not_validated_as_Tper,0.070,100,работает
RUN_20260509_VPLC_L1_LIGHT_10_20_S01_R03,VPLC_L1_LIGHT_10_20,SER_20260509_VPLC_L1_LIGHT_10_20_S01,vPLC_container,VPLC_HOST,313,,,2026-05-09T16:51:08.954695165Z,,,,host_log,10,20,,,,,,1,32,,technical_check,vplc_status_cycle_duration_not_validated_as_Tper,0.043,100,работает
RUN_20260509_VPLC_L1_LIGHT_10_20_S01_R03,VPLC_L1_LIGHT_10_20,SER_20260509_VPLC_L1_LIGHT_10_20_S01,vPLC_container,VPLC_HOST,314,,,2026-05-09T16:51:10.005865936Z,,,,host_log,10,20,,,,,,1,32,,technical_check,vplc_status_cycle_duration_not_validated_as_Tper,0.070,100,работает
RUN_20260509_VPLC_L1_LIGHT_10_20_S01_R03,VPLC_L1_LIGHT_10_20,SER_20260509_VPLC_L1_LIGHT_10_20_S01,vPLC_container,VPLC_HOST,315,,,2026-05-09T16:51:11.064747649Z,,,,host_log,10,20,,,,,,1,32,,technical_check,vplc_status_cycle_duration_not_validated_as_Tper,0.070,100,работает
RUN_20260509_VPLC_L1_LIGHT_10_20_S01_R03,VPLC_L1_LIGHT_10_20,SER_20260509_VPLC_L1_LIGHT_10_20_S01,vPLC_container,VPLC_HOST,316,,,2026-05-09T16:51:12.120780969Z,,,,host_log,10,20,,,,,,1,32,,technical_check,vplc_status_cycle_duration_not_validated_as_Tper,0.071,100,работает
RUN_20260509_VPLC_L1_LIGHT_10_20_S01_R03,VPLC_L1_LIGHT_10_20,SER_20260509_VPLC_L1_LIGHT_10_20_S01,vPLC_container,VPLC_HOST,317,,,2026-05-09T16:51:13.176870646Z,,,,host_log,10,20,,,,,,1,32,,technical_check,vplc_status_cycle_duration_not_validated_as_Tper,0.070,100,работает
RUN_20260509_VPLC_L1_LIGHT_10_20_S01_R03,VPLC_L1_LIGHT_10_20,SER_20260509_VPLC_L1_LIGHT_10_20_S01,vPLC_container,VPLC_HOST,318,,,2026-05-09T16:51:14.229879607Z,,,,host_log,10,20,,,,,,1,32,,technical_check,vplc_status_cycle_duration_not_validated_as_Tper,0.049,100,работает
RUN_20260509_VPLC_L1_LIGHT_10_20_S01_R03,VPLC_L1_LIGHT_10_20,SER_20260509_VPLC_L1_LIGHT_10_20_S01,vPLC_container,VPLC_HOST,319,,,2026-05-09T16:51:15.284716137Z,,,,host_log,10,20,,,,,,1,32,,technical_check,vplc_status_cycle_duration_not_validated_as_Tper,0.069,100,работает
RUN_20260509_VPLC_L1_LIGHT_10_20_S01_R03,VPLC_L1_LIGHT_10_20,SER_20260509_VPLC_L1_LIGHT_10_20_S01,vPLC_container,VPLC_HOST,320,,,2026-05-09T16:51:16.339909262Z,,,,host_log,10,20,,,,,,1,32,,technical_check,vplc_status_cycle_duration_not_validated_as_Tper,4.055,100,работает
RUN_20260509_VPLC_L1_LIGHT_10_20_S01_R03,VPLC_L1_LIGHT_10_20,SER_20260509_VPLC_L1_LIGHT_10_20_S01,vPLC_container,VPLC_HOST,321,,,2026-05-09T16:51:17.396111705Z,,,,host_log,10,20,,,,,,1,32,,technical_check,vplc_status_cycle_duration_not_validated_as_Tper,4.176,100,работает
RUN_20260509_VPLC_L1_LIGHT_10_20_S01_R03,VPLC_L1_LIGHT_10_20,SER_20260509_VPLC_L1_LIGHT_10_20_S01,vPLC_container,VPLC_HOST,322,,,2026-05-09T16:51:18.450543842Z,,,,host_log,10,20,,,,,,1,32,,technical_check,vplc_status_cycle_duration_not_validated_as_Tper,0.028,100,работает
RUN_20260509_VPLC_L1_LIGHT_10_20_S01_R03,VPLC_L1_LIGHT_10_20,SER_20260509_VPLC_L1_LIGHT_10_20_S01,vPLC_container,VPLC_HOST,323,,,2026-05-09T16:51:19.507923558Z,,,,host_log,10,20,,,,,,1,32,,technical_check,vplc_status_cycle_duration_not_validated_as_Tper,0.071,100,работает
RUN_20260509_VPLC_L1_LIGHT_10_20_S01_R03,VPLC_L1_LIGHT_10_20,SER_20260509_VPLC_L1_LIGHT_10_20_S01,vPLC_container,VPLC_HOST,324,,,2026-05-09T16:51:20.562675099Z,,,,host_log,10,20,,,,,,1,32,,technical_check,vplc_status_cycle_duration_not_validated_as_Tper,0.070,100,работает
RUN_20260509_VPLC_L1_LIGHT_10_20_S01_R03,VPLC_L1_LIGHT_10_20,SER_20260509_VPLC_L1_LIGHT_10_20_S01,vPLC_container,VPLC_HOST,325,,,2026-05-09T16:51:21.615659404Z,,,,host_log,10,20,,,,,,1,32,,technical_check,vplc_status_cycle_duration_not_validated_as_Tper,0.069,100,работает
RUN_20260509_VPLC_L1_LIGHT_10_20_S01_R03,VPLC_L1_LIGHT_10_20,SER_20260509_VPLC_L1_LIGHT_10_20_S01,vPLC_container,VPLC_HOST,326,,,2026-05-09T16:51:22.672586958Z,,,,host_log,10,20,,,,,,1,32,,technical_check,vplc_status_cycle_duration_not_validated_as_Tper,0.069,100,работает
RUN_20260509_VPLC_L1_LIGHT_10_20_S01_R03,VPLC_L1_LIGHT_10_20,SER_20260509_VPLC_L1_LIGHT_10_20_S01,vPLC_container,VPLC_HOST,327,,,2026-05-09T16:51:23.728938434Z,,,,host_log,10,20,,,,,,1,32,,technical_check,vplc_status_cycle_duration_not_validated_as_Tper,0.068,100,работает
RUN_20260509_VPLC_L1_LIGHT_10_20_S01_R03,VPLC_L1_LIGHT_10_20,SER_20260509_VPLC_L1_LIGHT_10_20_S01,vPLC_container,VPLC_HOST,328,,,2026-05-09T16:51:24.785358314Z,,,,host_log,10,20,,,,,,1,32,,technical_check,vplc_status_cycle_duration_not_validated_as_Tper,0.069,100,работает
RUN_20260509_VPLC_L1_LIGHT_10_20_S01_R03,VPLC_L1_LIGHT_10_20,SER_20260509_VPLC_L1_LIGHT_10_20_S01,vPLC_container,VPLC_HOST,329,,,2026-05-09T16:51:25.840659632Z,,,,host_log,10,20,,,,,,1,32,,technical_check,vplc_status_cycle_duration_not_validated_as_Tper,0.049,100,работает
RUN_20260509_VPLC_L1_LIGHT_10_20_S01_R03,VPLC_L1_LIGHT_10_20,SER_20260509_VPLC_L1_LIGHT_10_20_S01,vPLC_container,VPLC_HOST,330,,,2026-05-09T16:51:26.895513908Z,,,,host_log,10,20,,,,,,1,32,,technical_check,vplc_status_cycle_duration_not_validated_as_Tper,0.069,100,работает
RUN_20260509_VPLC_L1_LIGHT_10_20_S01_R03,VPLC_L1_LIGHT_10_20,SER_20260509_VPLC_L1_LIGHT_10_20_S01,vPLC_container,VPLC_HOST,331,,,2026-05-09T16:51:27.948524032Z,,,,host_log,10,20,,,,,,1,32,,technical_check,vplc_status_cycle_duration_not_validated_as_Tper,0.034,100,работает
RUN_20260509_VPLC_L1_LIGHT_10_20_S01_R03,VPLC_L1_LIGHT_10_20,SER_20260509_VPLC_L1_LIGHT_10_20_S01,vPLC_container,VPLC_HOST,332,,,2026-05-09T16:51:29.004608180Z,,,,host_log,10,20,,,,,,1,32,,technical_check,vplc_status_cycle_duration_not_validated_as_Tper,0.069,100,работает
RUN_20260509_VPLC_L1_LIGHT_10_20_S01_R03,VPLC_L1_LIGHT_10_20,SER_20260509_VPLC_L1_LIGHT_10_20_S01,vPLC_container,VPLC_HOST,333,,,2026-05-09T16:51:30.060107503Z,,,,host_log,10,20,,,,,,1,32,,technical_check,vplc_status_cycle_duration_not_validated_as_Tper,0.063,100,работает
RUN_20260509_VPLC_L1_LIGHT_10_20_S01_R03,VPLC_L1_LIGHT_10_20,SER_20260509_VPLC_L1_LIGHT_10_20_S01,vPLC_container,VPLC_HOST,334,,,2026-05-09T16:51:31.117570607Z,,,,host_log,10,20,,,,,,1,32,,technical_check,vplc_status_cycle_duration_not_validated_as_Tper,0.069,100,работает
RUN_20260509_VPLC_L1_LIGHT_10_20_S01_R03,VPLC_L1_LIGHT_10_20,SER_20260509_VPLC_L1_LIGHT_10_20_S01,vPLC_container,VPLC_HOST,335,,,2026-05-09T16:51:32.172650052Z,,,,host_log,10,20,,,,,,1,32,,technical_check,vplc_status_cycle_duration_not_validated_as_Tper,0.070,100,работает
RUN_20260509_VPLC_L1_LIGHT_10_20_S01_R03,VPLC_L1_LIGHT_10_20,SER_20260509_VPLC_L1_LIGHT_10_20_S01,vPLC_container,VPLC_HOST,336,,,2026-05-09T16:51:33.227844728Z,,,,host_log,10,20,,,,,,1,32,,technical_check,vplc_status_cycle_duration_not_validated_as_Tper,0.069,100,работает
RUN_20260509_VPLC_L1_LIGHT_10_20_S01_R03,VPLC_L1_LIGHT_10_20,SER_20260509_VPLC_L1_LIGHT_10_20_S01,vPLC_container,VPLC_HOST,337,,,2026-05-09T16:51:34.280583000Z,,,,host_log,10,20,,,,,,1,32,,technical_check,vplc_status_cycle_duration_not_validated_as_Tper,0.069,100,работает
RUN_20260509_VPLC_L1_LIGHT_10_20_S01_R03,VPLC_L1_LIGHT_10_20,SER_20260509_VPLC_L1_LIGHT_10_20_S01,vPLC_container,VPLC_HOST,338,,,2026-05-09T16:51:35.338025778Z,,,,host_log,10,20,,,,,,1,32,,technical_check,vplc_status_cycle_duration_not_validated_as_Tper,4.214,100,работает
RUN_20260509_VPLC_L1_LIGHT_10_20_S01_R03,VPLC_L1_LIGHT_10_20,SER_20260509_VPLC_L1_LIGHT_10_20_S01,vPLC_container,VPLC_HOST,339,,,2026-05-09T16:51:36.392984502Z,,,,host_log,10,20,,,,,,1,32,,technical_check,vplc_status_cycle_duration_not_validated_as_Tper,4.350,100,работает
RUN_20260509_VPLC_L1_LIGHT_10_20_S01_R03,VPLC_L1_LIGHT_10_20,SER_20260509_VPLC_L1_LIGHT_10_20_S01,vPLC_container,VPLC_HOST,340,,,2026-05-09T16:51:37.447889777Z,,,,host_log,10,20,,,,,,1,32,,technical_check,vplc_status_cycle_duration_not_validated_as_Tper,0.034,100,работает
RUN_20260509_VPLC_L1_LIGHT_10_20_S01_R03,VPLC_L1_LIGHT_10_20,SER_20260509_VPLC_L1_LIGHT_10_20_S01,vPLC_container,VPLC_HOST,341,,,2026-05-09T16:51:38.502278823Z,,,,host_log,10,20,,,,,,1,32,,technical_check,vplc_status_cycle_duration_not_validated_as_Tper,0.070,100,работает
RUN_20260509_VPLC_L1_LIGHT_10_20_S01_R03,VPLC_L1_LIGHT_10_20,SER_20260509_VPLC_L1_LIGHT_10_20_S01,vPLC_container,VPLC_HOST,342,,,2026-05-09T16:51:39.559915535Z,,,,host_log,10,20,,,,,,1,32,,technical_check,vplc_status_cycle_duration_not_validated_as_Tper,0.061,100,работает
RUN_20260509_VPLC_L1_LIGHT_10_20_S01_R03,VPLC_L1_LIGHT_10_20,SER_20260509_VPLC_L1_LIGHT_10_20_S01,vPLC_container,VPLC_HOST,343,,,2026-05-09T16:51:40.614982492Z,,,,host_log,10,20,,,,,,1,32,,technical_check,vplc_status_cycle_duration_not_validated_as_Tper,0.070,100,работает
RUN_20260509_VPLC_L1_LIGHT_10_20_S01_R03,VPLC_L1_LIGHT_10_20,SER_20260509_VPLC_L1_LIGHT_10_20_S01,vPLC_container,VPLC_HOST,344,,,2026-05-09T16:51:41.670136334Z,,,,host_log,10,20,,,,,,1,32,,technical_check,vplc_status_cycle_duration_not_validated_as_Tper,0.069,100,работает
RUN_20260509_VPLC_L1_LIGHT_10_20_S01_R03,VPLC_L1_LIGHT_10_20,SER_20260509_VPLC_L1_LIGHT_10_20_S01,vPLC_container,VPLC_HOST,345,,,2026-05-09T16:51:42.726277840Z,,,,host_log,10,20,,,,,,1,32,,technical_check,vplc_status_cycle_duration_not_validated_as_Tper,0.049,100,работает
RUN_20260509_VPLC_L1_LIGHT_10_20_S01_R03,VPLC_L1_LIGHT_10_20,SER_20260509_VPLC_L1_LIGHT_10_20_S01,vPLC_container,VPLC_HOST,346,,,2026-05-09T16:51:43.780735830Z,,,,host_log,10,20,,,,,,1,32,,technical_check,vplc_status_cycle_duration_not_validated_as_Tper,0.070,100,работает
RUN_20260509_VPLC_L1_LIGHT_10_20_S01_R03,VPLC_L1_LIGHT_10_20,SER_20260509_VPLC_L1_LIGHT_10_20_S01,vPLC_container,VPLC_HOST,347,,,2026-05-09T16:51:44.836589900Z,,,,host_log,10,20,,,,,,1,32,,technical_check,vplc_status_cycle_duration_not_validated_as_Tper,0.049,100,работает
RUN_20260509_VPLC_L1_LIGHT_10_20_S01_R03,VPLC_L1_LIGHT_10_20,SER_20260509_VPLC_L1_LIGHT_10_20_S01,vPLC_container,VPLC_HOST,348,,,2026-05-09T16:51:45.889319962Z,,,,host_log,10,20,,,,,,1,32,,technical_check,vplc_status_cycle_duration_not_validated_as_Tper,0.068,100,работает
RUN_20260509_VPLC_L1_LIGHT_10_20_S01_R03,VPLC_L1_LIGHT_10_20,SER_20260509_VPLC_L1_LIGHT_10_20_S01,vPLC_container,VPLC_HOST,349,,,2026-05-09T16:51:46.944731199Z,,,,host_log,10,20,,,,,,1,32,,technical_check,vplc_status_cycle_duration_not_validated_as_Tper,0.059,100,работает
RUN_20260509_VPLC_L1_LIGHT_10_20_S01_R03,VPLC_L1_LIGHT_10_20,SER_20260509_VPLC_L1_LIGHT_10_20_S01,vPLC_container,VPLC_HOST,350,,,2026-05-09T16:51:48.003736741Z,,,,host_log,10,20,,,,,,1,32,,technical_check,vplc_status_cycle_duration_not_validated_as_Tper,0.071,100,работает
RUN_20260509_VPLC_L1_LIGHT_10_20_S01_R03,VPLC_L1_LIGHT_10_20,SER_20260509_VPLC_L1_LIGHT_10_20_S01,vPLC_container,VPLC_HOST,351,,,2026-05-09T16:51:49.058391983Z,,,,host_log,10,20,,,,,,1,32,,technical_check,vplc_status_cycle_duration_not_validated_as_Tper,0.053,100,работает
RUN_20260509_VPLC_L1_LIGHT_10_20_S01_R03,VPLC_L1_LIGHT_10_20,SER_20260509_VPLC_L1_LIGHT_10_20_S01,vPLC_container,VPLC_HOST,352,,,2026-05-09T16:51:50.113649052Z,,,,host_log,10,20,,,,,,1,32,,technical_check,vplc_status_cycle_duration_not_validated_as_Tper,0.070,100,работает
RUN_20260509_VPLC_L1_LIGHT_10_20_S01_R03,VPLC_L1_LIGHT_10_20,SER_20260509_VPLC_L1_LIGHT_10_20_S01,vPLC_container,VPLC_HOST,353,,,2026-05-09T16:51:51.167223114Z,,,,host_log,10,20,,,,,,1,32,,technical_check,vplc_status_cycle_duration_not_validated_as_Tper,0.070,100,работает
RUN_20260509_VPLC_L1_LIGHT_10_20_S01_R03,VPLC_L1_LIGHT_10_20,SER_20260509_VPLC_L1_LIGHT_10_20_S01,vPLC_container,VPLC_HOST,354,,,2026-05-09T16:51:52.224848836Z,,,,host_log,10,20,,,,,,1,32,,technical_check,vplc_status_cycle_duration_not_validated_as_Tper,0.048,100,работает
RUN_20260509_VPLC_L1_LIGHT_10_20_S01_R03,VPLC_L1_LIGHT_10_20,SER_20260509_VPLC_L1_LIGHT_10_20_S01,vPLC_container,VPLC_HOST,355,,,2026-05-09T16:51:53.279932348Z,,,,host_log,10,20,,,,,,1,32,,technical_check,vplc_status_cycle_duration_not_validated_as_Tper,0.069,100,работает
RUN_20260509_VPLC_L1_LIGHT_10_20_S01_R03,VPLC_L1_LIGHT_10_20,SER_20260509_VPLC_L1_LIGHT_10_20_S01,vPLC_container,VPLC_HOST,356,,,2026-05-09T16:51:54.335130302Z,,,,host_log,10,20,,,,,,1,32,,technical_check,vplc_status_cycle_duration_not_validated_as_Tper,4.357,100,работает
RUN_20260509_VPLC_L1_LIGHT_10_20_S01_R03,VPLC_L1_LIGHT_10_20,SER_20260509_VPLC_L1_LIGHT_10_20_S01,vPLC_container,VPLC_HOST,357,,,2026-05-09T16:51:55.389469126Z,,,,host_log,10,20,,,,,,1,32,,technical_check,vplc_status_cycle_duration_not_validated_as_Tper,4.912,100,работает
RUN_20260509_VPLC_L1_LIGHT_10_20_S01_R03,VPLC_L1_LIGHT_10_20,SER_20260509_VPLC_L1_LIGHT_10_20_S01,vPLC_container,VPLC_HOST,358,,,2026-05-09T16:51:56.444403125Z,,,,host_log,10,20,,,,,,1,32,,technical_check,vplc_status_cycle_duration_not_validated_as_Tper,0.045,100,работает
RUN_20260509_VPLC_L1_LIGHT_10_20_S01_R03,VPLC_L1_LIGHT_10_20,SER_20260509_VPLC_L1_LIGHT_10_20_S01,vPLC_container,VPLC_HOST,359,,,2026-05-09T16:51:57.496846613Z,,,,host_log,10,20,,,,,,1,32,,technical_check,vplc_status_cycle_duration_not_validated_as_Tper,0.069,100,работает
RUN_20260509_VPLC_L1_LIGHT_10_20_S01_R03,VPLC_L1_LIGHT_10_20,SER_20260509_VPLC_L1_LIGHT_10_20_S01,vPLC_container,VPLC_HOST,360,,,2026-05-09T16:51:58.556534941Z,,,,host_log,10,20,,,,,,1,32,,technical_check,vplc_status_cycle_duration_not_validated_as_Tper,0.046,100,работает
RUN_20260509_VPLC_L1_LIGHT_10_20_S01_R03,VPLC_L1_LIGHT_10_20,SER_20260509_VPLC_L1_LIGHT_10_20_S01,vPLC_container,VPLC_HOST,361,,,2026-05-09T16:51:59.611660560Z,,,,host_log,10,20,,,,,,1,32,,technical_check,vplc_status_cycle_duration_not_validated_as_Tper,0.068,100,работает
RUN_20260509_VPLC_L1_LIGHT_10_20_S01_R03,VPLC_L1_LIGHT_10_20,SER_20260509_VPLC_L1_LIGHT_10_20_S01,vPLC_container,VPLC_HOST,362,,,2026-05-09T16:52:00.666997805Z,,,,host_log,10,20,,,,,,1,32,,technical_check,vplc_status_cycle_duration_not_validated_as_Tper,0.070,100,работает
RUN_20260509_VPLC_L1_LIGHT_10_20_S01_R03,VPLC_L1_LIGHT_10_20,SER_20260509_VPLC_L1_LIGHT_10_20_S01,vPLC_container,VPLC_HOST,363,,,2026-05-09T16:52:01.721096390Z,,,,host_log,10,20,,,,,,1,32,,technical_check,vplc_status_cycle_duration_not_validated_as_Tper,0.072,100,работает
RUN_20260509_VPLC_L1_LIGHT_10_20_S01_R03,VPLC_L1_LIGHT_10_20,SER_20260509_VPLC_L1_LIGHT_10_20_S01,vPLC_container,VPLC_HOST,364,,,2026-05-09T16:52:02.778463707Z,,,,host_log,10,20,,,,,,1,32,,technical_check,vplc_status_cycle_duration_not_validated_as_Tper,0.068,100,работает
RUN_20260509_VPLC_L1_LIGHT_10_20_S01_R03,VPLC_L1_LIGHT_10_20,SER_20260509_VPLC_L1_LIGHT_10_20_S01,vPLC_container,VPLC_HOST,365,,,2026-05-09T16:52:03.830164897Z,,,,host_log,10,20,,,,,,1,32,,technical_check,vplc_status_cycle_duration_not_validated_as_Tper,0.049,100,работает
RUN_20260509_VPLC_L1_LIGHT_10_20_S01_R03,VPLC_L1_LIGHT_10_20,SER_20260509_VPLC_L1_LIGHT_10_20_S01,vPLC_container,VPLC_HOST,366,,,2026-05-09T16:52:04.888612535Z,,,,host_log,10,20,,,,,,1,32,,technical_check,vplc_status_cycle_duration_not_validated_as_Tper,0.070,100,работает
RUN_20260509_VPLC_L1_LIGHT_10_20_S01_R03,VPLC_L1_LIGHT_10_20,SER_20260509_VPLC_L1_LIGHT_10_20_S01,vPLC_container,VPLC_HOST,367,,,2026-05-09T16:52:05.943480735Z,,,,host_log,10,20,,,,,,1,32,,technical_check,vplc_status_cycle_duration_not_validated_as_Tper,0.045,100,работает
RUN_20260509_VPLC_L1_LIGHT_10_20_S01_R03,VPLC_L1_LIGHT_10_20,SER_20260509_VPLC_L1_LIGHT_10_20_S01,vPLC_container,VPLC_HOST,368,,,2026-05-09T16:52:06.998480102Z,,,,host_log,10,20,,,,,,1,32,,technical_check,vplc_status_cycle_duration_not_validated_as_Tper,0.070,100,работает
RUN_20260509_VPLC_L1_LIGHT_10_20_S01_R03,VPLC_L1_LIGHT_10_20,SER_20260509_VPLC_L1_LIGHT_10_20_S01,vPLC_container,VPLC_HOST,369,,,2026-05-09T16:52:08.054283941Z,,,,host_log,10,20,,,,,,1,32,,technical_check,vplc_status_cycle_duration_not_validated_as_Tper,0.035,100,работает
RUN_20260509_VPLC_L1_LIGHT_10_20_S01_R03,VPLC_L1_LIGHT_10_20,SER_20260509_VPLC_L1_LIGHT_10_20_S01,vPLC_container,VPLC_HOST,370,,,2026-05-09T16:52:09.109454198Z,,,,host_log,10,20,,,,,,1,32,,technical_check,vplc_status_cycle_duration_not_validated_as_Tper,0.066,100,работает
RUN_20260509_VPLC_L1_LIGHT_10_20_S01_R03,VPLC_L1_LIGHT_10_20,SER_20260509_VPLC_L1_LIGHT_10_20_S01,vPLC_container,VPLC_HOST,371,,,2026-05-09T16:52:10.162538685Z,,,,host_log,10,20,,,,,,1,32,,technical_check,vplc_status_cycle_duration_not_validated_as_Tper,0.069,100,работает
RUN_20260509_VPLC_L1_LIGHT_10_20_S01_R03,VPLC_L1_LIGHT_10_20,SER_20260509_VPLC_L1_LIGHT_10_20_S01,vPLC_container,VPLC_HOST,372,,,2026-05-09T16:52:11.220452700Z,,,,host_log,10,20,,,,,,1,32,,technical_check,vplc_status_cycle_duration_not_validated_as_Tper,0.069,100,работает
RUN_20260509_VPLC_L1_LIGHT_10_20_S01_R03,VPLC_L1_LIGHT_10_20,SER_20260509_VPLC_L1_LIGHT_10_20_S01,vPLC_container,VPLC_HOST,373,,,2026-05-09T16:52:12.272867156Z,,,,host_log,10,20,,,,,,1,32,,technical_check,vplc_status_cycle_duration_not_validated_as_Tper,0.070,100,работает
RUN_20260509_VPLC_L1_LIGHT_10_20_S01_R03,VPLC_L1_LIGHT_10_20,SER_20260509_VPLC_L1_LIGHT_10_20_S01,vPLC_container,VPLC_HOST,374,,,2026-05-09T16:52:13.330777853Z,,,,host_log,10,20,,,,,,1,32,,technical_check,vplc_status_cycle_duration_not_validated_as_Tper,4.792,100,работает
RUN_20260509_VPLC_L1_LIGHT_10_20_S01_R03,VPLC_L1_LIGHT_10_20,SER_20260509_VPLC_L1_LIGHT_10_20_S01,vPLC_container,VPLC_HOST,375,,,2026-05-09T16:52:14.386497241Z,,,,host_log,10,20,,,,,,1,32,,technical_check,vplc_status_cycle_duration_not_validated_as_Tper,5.027,100,работает
RUN_20260509_VPLC_L1_LIGHT_10_20_S01_R03,VPLC_L1_LIGHT_10_20,SER_20260509_VPLC_L1_LIGHT_10_20_S01,vPLC_container,VPLC_HOST,376,,,2026-05-09T16:52:15.438512848Z,,,,host_log,10,20,,,,,,1,32,,technical_check,vplc_status_cycle_duration_not_validated_as_Tper,0.049,100,работает
RUN_20260509_VPLC_L1_LIGHT_10_20_S01_R03,VPLC_L1_LIGHT_10_20,SER_20260509_VPLC_L1_LIGHT_10_20_S01,vPLC_container,VPLC_HOST,377,,,2026-05-09T16:52:16.496351230Z,,,,host_log,10,20,,,,,,1,32,,technical_check,vplc_status_cycle_duration_not_validated_as_Tper,0.069,100,работает
RUN_20260509_VPLC_L1_LIGHT_10_20_S01_R03,VPLC_L1_LIGHT_10_20,SER_20260509_VPLC_L1_LIGHT_10_20_S01,vPLC_container,VPLC_HOST,378,,,2026-05-09T16:52:17.550303232Z,,,,host_log,10,20,,,,,,1,32,,technical_check,vplc_status_cycle_duration_not_validated_as_Tper,0.028,100,работает
RUN_20260509_VPLC_L1_LIGHT_10_20_S01_R03,VPLC_L1_LIGHT_10_20,SER_20260509_VPLC_L1_LIGHT_10_20_S01,vPLC_container,VPLC_HOST,379,,,2026-05-09T16:52:18.606378515Z,,,,host_log,10,20,,,,,,1,32,,technical_check,vplc_status_cycle_duration_not_validated_as_Tper,0.067,100,работает
RUN_20260509_VPLC_L1_LIGHT_10_20_S01_R03,VPLC_L1_LIGHT_10_20,SER_20260509_VPLC_L1_LIGHT_10_20_S01,vPLC_container,VPLC_HOST,380,,,2026-05-09T16:52:19.659016750Z,,,,host_log,10,20,,,,,,1,32,,technical_check,vplc_status_cycle_duration_not_validated_as_Tper,0.053,100,работает
RUN_20260509_VPLC_L1_LIGHT_10_20_S01_R03,VPLC_L1_LIGHT_10_20,SER_20260509_VPLC_L1_LIGHT_10_20_S01,vPLC_container,VPLC_HOST,381,,,2026-05-09T16:52:20.710835791Z,,,,host_log,10,20,,,,,,1,32,,technical_check,vplc_status_cycle_duration_not_validated_as_Tper,0.070,100,работает
RUN_20260509_VPLC_L1_LIGHT_10_20_S01_R03,VPLC_L1_LIGHT_10_20,SER_20260509_VPLC_L1_LIGHT_10_20_S01,vPLC_container,VPLC_HOST,382,,,2026-05-09T16:52:21.764047676Z,,,,host_log,10,20,,,,,,1,32,,technical_check,vplc_status_cycle_duration_not_validated_as_Tper,0.070,100,работает
RUN_20260509_VPLC_L1_LIGHT_10_20_S01_R03,VPLC_L1_LIGHT_10_20,SER_20260509_VPLC_L1_LIGHT_10_20_S01,vPLC_container,VPLC_HOST,383,,,2026-05-09T16:52:22.821965548Z,,,,host_log,10,20,,,,,,1,32,,technical_check,vplc_status_cycle_duration_not_validated_as_Tper,0.049,100,работает
RUN_20260509_VPLC_L1_LIGHT_10_20_S01_R03,VPLC_L1_LIGHT_10_20,SER_20260509_VPLC_L1_LIGHT_10_20_S01,vPLC_container,VPLC_HOST,384,,,2026-05-09T16:52:23.876301707Z,,,,host_log,10,20,,,,,,1,32,,technical_check,vplc_status_cycle_duration_not_validated_as_Tper,0.070,100,работает
RUN_20260509_VPLC_L1_LIGHT_10_20_S01_R03,VPLC_L1_LIGHT_10_20,SER_20260509_VPLC_L1_LIGHT_10_20_S01,vPLC_container,VPLC_HOST,385,,,2026-05-09T16:52:24.934934303Z,,,,host_log,10,20,,,,,,1,32,,technical_check,vplc_status_cycle_duration_not_validated_as_Tper,0.049,100,работает
RUN_20260509_VPLC_L1_LIGHT_10_20_S01_R03,VPLC_L1_LIGHT_10_20,SER_20260509_VPLC_L1_LIGHT_10_20_S01,vPLC_container,VPLC_HOST,386,,,2026-05-09T16:52:25.990101811Z,,,,host_log,10,20,,,,,,1,32,,technical_check,vplc_status_cycle_duration_not_validated_as_Tper,0.071,100,работает
RUN_20260509_VPLC_L1_LIGHT_10_20_S01_R03,VPLC_L1_LIGHT_10_20,SER_20260509_VPLC_L1_LIGHT_10_20_S01,vPLC_container,VPLC_HOST,387,,,2026-05-09T16:52:27.044968005Z,,,,host_log,10,20,,,,,,1,32,,technical_check,vplc_status_cycle_duration_not_validated_as_Tper,0.045,100,работает
RUN_20260509_VPLC_L1_LIGHT_10_20_S01_R03,VPLC_L1_LIGHT_10_20,SER_20260509_VPLC_L1_LIGHT_10_20_S01,vPLC_container,VPLC_HOST,388,,,2026-05-09T16:52:28.099450626Z,,,,host_log,10,20,,,,,,1,32,,technical_check,vplc_status_cycle_duration_not_validated_as_Tper,0.070,100,работает
RUN_20260509_VPLC_L1_LIGHT_10_20_S01_R03,VPLC_L1_LIGHT_10_20,SER_20260509_VPLC_L1_LIGHT_10_20_S01,vPLC_container,VPLC_HOST,389,,,2026-05-09T16:52:29.155883976Z,,,,host_log,10,20,,,,,,1,32,,technical_check,vplc_status_cycle_duration_not_validated_as_Tper,0.043,100,работает
RUN_20260509_VPLC_L1_LIGHT_10_20_S01_R03,VPLC_L1_LIGHT_10_20,SER_20260509_VPLC_L1_LIGHT_10_20_S01,vPLC_container,VPLC_HOST,390,,,2026-05-09T16:52:30.209069145Z,,,,host_log,10,20,,,,,,1,32,,technical_check,vplc_status_cycle_duration_not_validated_as_Tper,0.069,100,работает
RUN_20260509_VPLC_L1_LIGHT_10_20_S01_R03,VPLC_L1_LIGHT_10_20,SER_20260509_VPLC_L1_LIGHT_10_20_S01,vPLC_container,VPLC_HOST,391,,,2026-05-09T16:52:31.266464315Z,,,,host_log,10,20,,,,,,1,32,,technical_check,vplc_status_cycle_duration_not_validated_as_Tper,0.069,100,работает
RUN_20260509_VPLC_L1_LIGHT_10_20_S01_R03,VPLC_L1_LIGHT_10_20,SER_20260509_VPLC_L1_LIGHT_10_20_S01,vPLC_container,VPLC_HOST,392,,,2026-05-09T16:52:32.321048283Z,,,,host_log,10,20,,,,,,1,32,,technical_check,vplc_status_cycle_duration_not_validated_as_Tper,0.070,100,работает
RUN_20260509_VPLC_L1_LIGHT_10_20_S01_R03,VPLC_L1_LIGHT_10_20,SER_20260509_VPLC_L1_LIGHT_10_20_S01,vPLC_container,VPLC_HOST,393,,,2026-05-09T16:52:33.378199124Z,,,,host_log,10,20,,,,,,1,32,,technical_check,vplc_status_cycle_duration_not_validated_as_Tper,4.650,100,работает
RUN_20260509_VPLC_L1_LIGHT_10_20_S01_R03,VPLC_L1_LIGHT_10_20,SER_20260509_VPLC_L1_LIGHT_10_20_S01,vPLC_container,VPLC_HOST,394,,,2026-05-09T16:52:34.429287766Z,,,,host_log,10,20,,,,,,1,32,,technical_check,vplc_status_cycle_duration_not_validated_as_Tper,0.069,100,работает
RUN_20260509_VPLC_L1_LIGHT_10_20_S01_R03,VPLC_L1_LIGHT_10_20,SER_20260509_VPLC_L1_LIGHT_10_20_S01,vPLC_container,VPLC_HOST,395,,,2026-05-09T16:52:35.487427805Z,,,,host_log,10,20,,,,,,1,32,,technical_check,vplc_status_cycle_duration_not_validated_as_Tper,0.069,100,работает
RUN_20260509_VPLC_L1_LIGHT_10_20_S01_R03,VPLC_L1_LIGHT_10_20,SER_20260509_VPLC_L1_LIGHT_10_20_S01,vPLC_container,VPLC_HOST,396,,,2026-05-09T16:52:36.541321162Z,,,,host_log,10,20,,,,,,1,32,,technical_check,vplc_status_cycle_duration_not_validated_as_Tper,0.048,100,работает
RUN_20260509_VPLC_L1_LIGHT_10_20_S01_R03,VPLC_L1_LIGHT_10_20,SER_20260509_VPLC_L1_LIGHT_10_20_S01,vPLC_container,VPLC_HOST,397,,,2026-05-09T16:52:37.595995265Z,,,,host_log,10,20,,,,,,1,32,,technical_check,vplc_status_cycle_duration_not_validated_as_Tper,0.070,100,работает
RUN_20260509_VPLC_L1_LIGHT_10_20_S01_R03,VPLC_L1_LIGHT_10_20,SER_20260509_VPLC_L1_LIGHT_10_20_S01,vPLC_container,VPLC_HOST,398,,,2026-05-09T16:52:38.651503265Z,,,,host_log,10,20,,,,,,1,32,,technical_check,vplc_status_cycle_duration_not_validated_as_Tper,0.031,100,работает
RUN_20260509_VPLC_L1_LIGHT_10_20_S01_R03,VPLC_L1_LIGHT_10_20,SER_20260509_VPLC_L1_LIGHT_10_20_S01,vPLC_container,VPLC_HOST,399,,,2026-05-09T16:52:39.706701875Z,,,,host_log,10,20,,,,,,1,32,,technical_check,vplc_status_cycle_duration_not_validated_as_Tper,0.071,100,работает
RUN_20260509_VPLC_L1_LIGHT_10_20_S01_R03,VPLC_L1_LIGHT_10_20,SER_20260509_VPLC_L1_LIGHT_10_20_S01,vPLC_container,VPLC_HOST,400,,,2026-05-09T16:52:40.763926957Z,,,,host_log,10,20,,,,,,1,32,,technical_check,vplc_status_cycle_duration_not_validated_as_Tper,0.068,100,работает
RUN_20260509_VPLC_L1_LIGHT_10_20_S01_R03,VPLC_L1_LIGHT_10_20,SER_20260509_VPLC_L1_LIGHT_10_20_S01,vPLC_container,VPLC_HOST,401,,,2026-05-09T16:52:41.819748205Z,,,,host_log,10,20,,,,,,1,32,,technical_check,vplc_status_cycle_duration_not_validated_as_Tper,0.066,100,работает
RUN_20260509_VPLC_L1_LIGHT_10_20_S01_R03,VPLC_L1_LIGHT_10_20,SER_20260509_VPLC_L1_LIGHT_10_20_S01,vPLC_container,VPLC_HOST,402,,,2026-05-09T16:52:42.872942554Z,,,,host_log,10,20,,,,,,1,32,,technical_check,vplc_status_cycle_duration_not_validated_as_Tper,0.069,100,работает
RUN_20260509_VPLC_L1_LIGHT_10_20_S01_R03,VPLC_L1_LIGHT_10_20,SER_20260509_VPLC_L1_LIGHT_10_20_S01,vPLC_container,VPLC_HOST,403,,,2026-05-09T16:52:43.931560563Z,,,,host_log,10,20,,,,,,1,32,,technical_check,vplc_status_cycle_duration_not_validated_as_Tper,0.050,100,работает
RUN_20260509_VPLC_L1_LIGHT_10_20_S01_R03,VPLC_L1_LIGHT_10_20,SER_20260509_VPLC_L1_LIGHT_10_20_S01,vPLC_container,VPLC_HOST,404,,,2026-05-09T16:52:44.981938128Z,,,,host_log,10,20,,,,,,1,32,,technical_check,vplc_status_cycle_duration_not_validated_as_Tper,0.072,100,работает
RUN_20260509_VPLC_L1_LIGHT_10_20_S01_R03,VPLC_L1_LIGHT_10_20,SER_20260509_VPLC_L1_LIGHT_10_20_S01,vPLC_container,VPLC_HOST,405,,,2026-05-09T16:52:46.039517323Z,,,,host_log,10,20,,,,,,1,32,,technical_check,vplc_status_cycle_duration_not_validated_as_Tper,0.050,100,работает
RUN_20260509_VPLC_L1_LIGHT_10_20_S01_R03,VPLC_L1_LIGHT_10_20,SER_20260509_VPLC_L1_LIGHT_10_20_S01,vPLC_container,VPLC_HOST,406,,,2026-05-09T16:52:47.094670162Z,,,,host_log,10,20,,,,,,1,32,,technical_check,vplc_status_cycle_duration_not_validated_as_Tper,0.070,100,работает
RUN_20260509_VPLC_L1_LIGHT_10_20_S01_R03,VPLC_L1_LIGHT_10_20,SER_20260509_VPLC_L1_LIGHT_10_20_S01,vPLC_container,VPLC_HOST,407,,,2026-05-09T16:52:48.150447727Z,,,,host_log,10,20,,,,,,1,32,,technical_check,vplc_status_cycle_duration_not_validated_as_Tper,0.028,100,работает
RUN_20260509_VPLC_L1_LIGHT_10_20_S01_R03,VPLC_L1_LIGHT_10_20,SER_20260509_VPLC_L1_LIGHT_10_20_S01,vPLC_container,VPLC_HOST,408,,,2026-05-09T16:52:49.205682348Z,,,,host_log,10,20,,,,,,1,32,,technical_check,vplc_status_cycle_duration_not_validated_as_Tper,0.070,100,работает
RUN_20260509_VPLC_L1_LIGHT_10_20_S01_R03,VPLC_L1_LIGHT_10_20,SER_20260509_VPLC_L1_LIGHT_10_20_S01,vPLC_container,VPLC_HOST,409,,,2026-05-09T16:52:50.260668483Z,,,,host_log,10,20,,,,,,1,32,,technical_check,vplc_status_cycle_duration_not_validated_as_Tper,0.072,100,работает
RUN_20260509_VPLC_L1_LIGHT_10_20_S01_R03,VPLC_L1_LIGHT_10_20,SER_20260509_VPLC_L1_LIGHT_10_20_S01,vPLC_container,VPLC_HOST,410,,,2026-05-09T16:52:51.315817463Z,,,,host_log,10,20,,,,,,1,32,,technical_check,vplc_status_cycle_duration_not_validated_as_Tper,0.069,100,работает
RUN_20260509_VPLC_L1_LIGHT_10_20_S01_R03,VPLC_L1_LIGHT_10_20,SER_20260509_VPLC_L1_LIGHT_10_20_S01,vPLC_container,VPLC_HOST,411,,,2026-05-09T16:52:52.372603457Z,,,,host_log,10,20,,,,,,1,32,,technical_check,vplc_status_cycle_duration_not_validated_as_Tper,4.386,100,работает
RUN_20260509_VPLC_L1_LIGHT_10_20_S01_R03,VPLC_L1_LIGHT_10_20,SER_20260509_VPLC_L1_LIGHT_10_20_S01,vPLC_container,VPLC_HOST,412,,,2026-05-09T16:52:53.426188972Z,,,,host_log,10,20,,,,,,1,32,,technical_check,vplc_status_cycle_duration_not_validated_as_Tper,0.049,100,работает
RUN_20260509_VPLC_L1_LIGHT_10_20_S01_R03,VPLC_L1_LIGHT_10_20,SER_20260509_VPLC_L1_LIGHT_10_20_S01,vPLC_container,VPLC_HOST,413,,,2026-05-09T16:52:54.481399188Z,,,,host_log,10,20,,,,,,1,32,,technical_check,vplc_status_cycle_duration_not_validated_as_Tper,0.070,100,работает
RUN_20260509_VPLC_L1_LIGHT_10_20_S01_R03,VPLC_L1_LIGHT_10_20,SER_20260509_VPLC_L1_LIGHT_10_20_S01,vPLC_container,VPLC_HOST,414,,,2026-05-09T16:52:55.537172675Z,,,,host_log,10,20,,,,,,1,32,,technical_check,vplc_status_cycle_duration_not_validated_as_Tper,0.051,100,работает
RUN_20260509_VPLC_L1_LIGHT_10_20_S01_R03,VPLC_L1_LIGHT_10_20,SER_20260509_VPLC_L1_LIGHT_10_20_S01,vPLC_container,VPLC_HOST,415,,,2026-05-09T16:52:56.592264659Z,,,,host_log,10,20,,,,,,1,32,,technical_check,vplc_status_cycle_duration_not_validated_as_Tper,0.069,100,работает
RUN_20260509_VPLC_L1_LIGHT_10_20_S01_R03,VPLC_L1_LIGHT_10_20,SER_20260509_VPLC_L1_LIGHT_10_20_S01,vPLC_container,VPLC_HOST,416,,,2026-05-09T16:52:57.647577998Z,,,,host_log,10,20,,,,,,1,32,,technical_check,vplc_status_cycle_duration_not_validated_as_Tper,0.034,100,работает
RUN_20260509_VPLC_L1_LIGHT_10_20_S01_R03,VPLC_L1_LIGHT_10_20,SER_20260509_VPLC_L1_LIGHT_10_20_S01,vPLC_container,VPLC_HOST,417,,,2026-05-09T16:52:58.701041148Z,,,,host_log,10,20,,,,,,1,32,,technical_check,vplc_status_cycle_duration_not_validated_as_Tper,0.067,100,работает
RUN_20260509_VPLC_L1_LIGHT_10_20_S01_R03,VPLC_L1_LIGHT_10_20,SER_20260509_VPLC_L1_LIGHT_10_20_S01,vPLC_container,VPLC_HOST,418,,,2026-05-09T16:52:59.759137708Z,,,,host_log,10,20,,,,,,1,32,,technical_check,vplc_status_cycle_duration_not_validated_as_Tper,0.061,100,работает
RUN_20260509_VPLC_L1_LIGHT_10_20_S01_R03,VPLC_L1_LIGHT_10_20,SER_20260509_VPLC_L1_LIGHT_10_20_S01,vPLC_container,VPLC_HOST,419,,,2026-05-09T16:53:00.812730585Z,,,,host_log,10,20,,,,,,1,32,,technical_check,vplc_status_cycle_duration_not_validated_as_Tper,0.069,100,работает
RUN_20260509_VPLC_L1_LIGHT_10_20_S01_R03,VPLC_L1_LIGHT_10_20,SER_20260509_VPLC_L1_LIGHT_10_20_S01,vPLC_container,VPLC_HOST,420,,,2026-05-09T16:53:01.868291087Z,,,,host_log,10,20,,,,,,1,32,,technical_check,vplc_status_cycle_duration_not_validated_as_Tper,0.070,100,работает
RUN_20260509_VPLC_L1_LIGHT_10_20_S01_R03,VPLC_L1_LIGHT_10_20,SER_20260509_VPLC_L1_LIGHT_10_20_S01,vPLC_container,VPLC_HOST,421,,,2026-05-09T16:53:02.924626991Z,,,,host_log,10,20,,,,,,1,32,,technical_check,vplc_status_cycle_duration_not_validated_as_Tper,0.048,100,работает
RUN_20260509_VPLC_L1_LIGHT_10_20_S01_R03,VPLC_L1_LIGHT_10_20,SER_20260509_VPLC_L1_LIGHT_10_20_S01,vPLC_container,VPLC_HOST,422,,,2026-05-09T16:53:03.978994004Z,,,,host_log,10,20,,,,,,1,32,,technical_check,vplc_status_cycle_duration_not_validated_as_Tper,0.071,100,работает
RUN_20260509_VPLC_L1_LIGHT_10_20_S01_R03,VPLC_L1_LIGHT_10_20,SER_20260509_VPLC_L1_LIGHT_10_20_S01,vPLC_container,VPLC_HOST,423,,,2026-05-09T16:53:05.034217651Z,,,,host_log,10,20,,,,,,1,32,,technical_check,vplc_status_cycle_duration_not_validated_as_Tper,0.050,100,работает
RUN_20260509_VPLC_L1_LIGHT_10_20_S01_R03,VPLC_L1_LIGHT_10_20,SER_20260509_VPLC_L1_LIGHT_10_20_S01,vPLC_container,VPLC_HOST,424,,,2026-05-09T16:53:06.089162821Z,,,,host_log,10,20,,,,,,1,32,,technical_check,vplc_status_cycle_duration_not_validated_as_Tper,0.069,100,работает
RUN_20260509_VPLC_L1_LIGHT_10_20_S01_R03,VPLC_L1_LIGHT_10_20,SER_20260509_VPLC_L1_LIGHT_10_20_S01,vPLC_container,VPLC_HOST,425,,,2026-05-09T16:53:07.144918799Z,,,,host_log,10,20,,,,,,1,32,,technical_check,vplc_status_cycle_duration_not_validated_as_Tper,0.044,100,работает
RUN_20260509_VPLC_L1_LIGHT_10_20_S01_R03,VPLC_L1_LIGHT_10_20,SER_20260509_VPLC_L1_LIGHT_10_20_S01,vPLC_container,VPLC_HOST,426,,,2026-05-09T16:53:08.201071461Z,,,,host_log,10,20,,,,,,1,32,,technical_check,vplc_status_cycle_duration_not_validated_as_Tper,0.070,100,работает
RUN_20260509_VPLC_L1_LIGHT_10_20_S01_R03,VPLC_L1_LIGHT_10_20,SER_20260509_VPLC_L1_LIGHT_10_20_S01,vPLC_container,VPLC_HOST,427,,,2026-05-09T16:53:09.255396324Z,,,,host_log,10,20,,,,,,1,32,,technical_check,vplc_status_cycle_duration_not_validated_as_Tper,0.042,100,работает
RUN_20260509_VPLC_L1_LIGHT_10_20_S01_R03,VPLC_L1_LIGHT_10_20,SER_20260509_VPLC_L1_LIGHT_10_20_S01,vPLC_container,VPLC_HOST,428,,,2026-05-09T16:53:10.310775820Z,,,,host_log,10,20,,,,,,1,32,,technical_check,vplc_status_cycle_duration_not_validated_as_Tper,0.071,100,работает
RUN_20260509_VPLC_L1_LIGHT_10_20_S01_R03,VPLC_L1_LIGHT_10_20,SER_20260509_VPLC_L1_LIGHT_10_20_S01,vPLC_container,VPLC_HOST,429,,,2026-05-09T16:53:11.364268993Z,,,,host_log,10,20,,,,,,1,32,,technical_check,vplc_status_cycle_duration_not_validated_as_Tper,4.132,100,работает
RUN_20260509_VPLC_L1_LIGHT_10_20_S01_R03,VPLC_L1_LIGHT_10_20,SER_20260509_VPLC_L1_LIGHT_10_20_S01,vPLC_container,VPLC_HOST,430,,,2026-05-09T16:53:12.418379501Z,,,,host_log,10,20,,,,,,1,32,,technical_check,vplc_status_cycle_duration_not_validated_as_Tper,0.046,100,работает
RUN_20260509_VPLC_L1_LIGHT_10_20_S01_R03,VPLC_L1_LIGHT_10_20,SER_20260509_VPLC_L1_LIGHT_10_20_S01,vPLC_container,VPLC_HOST,431,,,2026-05-09T16:53:13.476684095Z,,,,host_log,10,20,,,,,,1,32,,technical_check,vplc_status_cycle_duration_not_validated_as_Tper,0.069,100,работает
RUN_20260509_VPLC_L1_LIGHT_10_20_S01_R03,VPLC_L1_LIGHT_10_20,SER_20260509_VPLC_L1_LIGHT_10_20_S01,vPLC_container,VPLC_HOST,432,,,2026-05-09T16:53:14.532700917Z,,,,host_log,10,20,,,,,,1,32,,technical_check,vplc_status_cycle_duration_not_validated_as_Tper,0.048,100,работает
RUN_20260509_VPLC_L1_LIGHT_10_20_S01_R03,VPLC_L1_LIGHT_10_20,SER_20260509_VPLC_L1_LIGHT_10_20_S01,vPLC_container,VPLC_HOST,433,,,2026-05-09T16:53:15.588689674Z,,,,host_log,10,20,,,,,,1,32,,technical_check,vplc_status_cycle_duration_not_validated_as_Tper,0.070,100,работает
RUN_20260509_VPLC_L1_LIGHT_10_20_S01_R03,VPLC_L1_LIGHT_10_20,SER_20260509_VPLC_L1_LIGHT_10_20_S01,vPLC_container,VPLC_HOST,434,,,2026-05-09T16:53:16.641365271Z,,,,host_log,10,20,,,,,,1,32,,technical_check,vplc_status_cycle_duration_not_validated_as_Tper,0.049,100,работает
RUN_20260509_VPLC_L1_LIGHT_10_20_S01_R03,VPLC_L1_LIGHT_10_20,SER_20260509_VPLC_L1_LIGHT_10_20_S01,vPLC_container,VPLC_HOST,435,,,2026-05-09T16:53:17.699404755Z,,,,host_log,10,20,,,,,,1,32,,technical_check,vplc_status_cycle_duration_not_validated_as_Tper,0.068,100,работает
RUN_20260509_VPLC_L1_LIGHT_10_20_S01_R03,VPLC_L1_LIGHT_10_20,SER_20260509_VPLC_L1_LIGHT_10_20_S01,vPLC_container,VPLC_HOST,436,,,2026-05-09T16:53:18.752682637Z,,,,host_log,10,20,,,,,,1,32,,technical_check,vplc_status_cycle_duration_not_validated_as_Tper,0.031,100,работает
RUN_20260509_VPLC_L1_LIGHT_10_20_S01_R03,VPLC_L1_LIGHT_10_20,SER_20260509_VPLC_L1_LIGHT_10_20_S01,vPLC_container,VPLC_HOST,437,,,2026-05-09T16:53:19.810606210Z,,,,host_log,10,20,,,,,,1,32,,technical_check,vplc_status_cycle_duration_not_validated_as_Tper,0.069,100,работает
RUN_20260509_VPLC_L1_LIGHT_10_20_S01_R03,VPLC_L1_LIGHT_10_20,SER_20260509_VPLC_L1_LIGHT_10_20_S01,vPLC_container,VPLC_HOST,438,,,2026-05-09T16:53:20.863187259Z,,,,host_log,10,20,,,,,,1,32,,technical_check,vplc_status_cycle_duration_not_validated_as_Tper,0.069,100,работает
RUN_20260509_VPLC_L1_LIGHT_10_20_S01_R03,VPLC_L1_LIGHT_10_20,SER_20260509_VPLC_L1_LIGHT_10_20_S01,vPLC_container,VPLC_HOST,439,,,2026-05-09T16:53:21.920992293Z,,,,host_log,10,20,,,,,,1,32,,technical_check,vplc_status_cycle_duration_not_validated_as_Tper,0.071,100,работает
RUN_20260509_VPLC_L1_LIGHT_10_20_S01_R03,VPLC_L1_LIGHT_10_20,SER_20260509_VPLC_L1_LIGHT_10_20_S01,vPLC_container,VPLC_HOST,440,,,2026-05-09T16:53:22.974649606Z,,,,host_log,10,20,,,,,,1,32,,technical_check,vplc_status_cycle_duration_not_validated_as_Tper,0.072,100,работает
RUN_20260509_VPLC_L1_LIGHT_10_20_S01_R03,VPLC_L1_LIGHT_10_20,SER_20260509_VPLC_L1_LIGHT_10_20_S01,vPLC_container,VPLC_HOST,441,,,2026-05-09T16:53:24.031773553Z,,,,host_log,10,20,,,,,,1,32,,technical_check,vplc_status_cycle_duration_not_validated_as_Tper,0.051,100,работает
RUN_20260509_VPLC_L1_LIGHT_10_20_S01_R03,VPLC_L1_LIGHT_10_20,SER_20260509_VPLC_L1_LIGHT_10_20_S01,vPLC_container,VPLC_HOST,442,,,2026-05-09T16:53:25.086911179Z,,,,host_log,10,20,,,,,,1,32,,technical_check,vplc_status_cycle_duration_not_validated_as_Tper,0.072,100,работает
RUN_20260509_VPLC_L1_LIGHT_10_20_S01_R03,VPLC_L1_LIGHT_10_20,SER_20260509_VPLC_L1_LIGHT_10_20_S01,vPLC_container,VPLC_HOST,443,,,2026-05-09T16:53:26.142480606Z,,,,host_log,10,20,,,,,,1,32,,technical_check,vplc_status_cycle_duration_not_validated_as_Tper,0.048,100,работает
RUN_20260509_VPLC_L1_LIGHT_10_20_S01_R03,VPLC_L1_LIGHT_10_20,SER_20260509_VPLC_L1_LIGHT_10_20_S01,vPLC_container,VPLC_HOST,444,,,2026-05-09T16:53:27.197670882Z,,,,host_log,10,20,,,,,,1,32,,technical_check,vplc_status_cycle_duration_not_validated_as_Tper,0.069,100,работает
RUN_20260509_VPLC_L1_LIGHT_10_20_S01_R03,VPLC_L1_LIGHT_10_20,SER_20260509_VPLC_L1_LIGHT_10_20_S01,vPLC_container,VPLC_HOST,445,,,2026-05-09T16:53:28.252310375Z,,,,host_log,10,20,,,,,,1,32,,technical_check,vplc_status_cycle_duration_not_validated_as_Tper,0.031,100,работает
RUN_20260509_VPLC_L1_LIGHT_10_20_S01_R03,VPLC_L1_LIGHT_10_20,SER_20260509_VPLC_L1_LIGHT_10_20_S01,vPLC_container,VPLC_HOST,446,,,2026-05-09T16:53:29.309476650Z,,,,host_log,10,20,,,,,,1,32,,technical_check,vplc_status_cycle_duration_not_validated_as_Tper,0.070,100,работает
RUN_20260509_VPLC_L1_LIGHT_10_20_S01_R03,VPLC_L1_LIGHT_10_20,SER_20260509_VPLC_L1_LIGHT_10_20_S01,vPLC_container,VPLC_HOST,447,,,2026-05-09T16:53:30.363837892Z,,,,host_log,10,20,,,,,,1,32,,technical_check,vplc_status_cycle_duration_not_validated_as_Tper,4.581,100,работает
RUN_20260509_VPLC_L1_LIGHT_10_20_S01_R03,VPLC_L1_LIGHT_10_20,SER_20260509_VPLC_L1_LIGHT_10_20_S01,vPLC_container,VPLC_HOST,448,,,2026-05-09T16:53:31.416636830Z,,,,host_log,10,20,,,,,,1,32,,technical_check,vplc_status_cycle_duration_not_validated_as_Tper,4.679,100,работает
RUN_20260509_VPLC_L1_LIGHT_10_20_S01_R03,VPLC_L1_LIGHT_10_20,SER_20260509_VPLC_L1_LIGHT_10_20_S01,vPLC_container,VPLC_HOST,449,,,2026-05-09T16:53:32.474774131Z,,,,host_log,10,20,,,,,,1,32,,technical_check,vplc_status_cycle_duration_not_validated_as_Tper,0.070,100,работает
RUN_20260509_VPLC_L1_LIGHT_10_20_S01_R03,VPLC_L1_LIGHT_10_20,SER_20260509_VPLC_L1_LIGHT_10_20_S01,vPLC_container,VPLC_HOST,450,,,2026-05-09T16:53:33.529177342Z,,,,host_log,10,20,,,,,,1,32,,technical_check,vplc_status_cycle_duration_not_validated_as_Tper,0.049,100,работает
RUN_20260509_VPLC_L1_LIGHT_10_20_S01_R03,VPLC_L1_LIGHT_10_20,SER_20260509_VPLC_L1_LIGHT_10_20_S01,vPLC_container,VPLC_HOST,451,,,2026-05-09T16:53:34.585082274Z,,,,host_log,10,20,,,,,,1,32,,technical_check,vplc_status_cycle_duration_not_validated_as_Tper,0.070,100,работает
RUN_20260509_VPLC_L1_LIGHT_10_20_S01_R03,VPLC_L1_LIGHT_10_20,SER_20260509_VPLC_L1_LIGHT_10_20_S01,vPLC_container,VPLC_HOST,452,,,2026-05-09T16:53:35.638815398Z,,,,host_log,10,20,,,,,,1,32,,technical_check,vplc_status_cycle_duration_not_validated_as_Tper,0.049,100,работает
RUN_20260509_VPLC_L1_LIGHT_10_20_S01_R03,VPLC_L1_LIGHT_10_20,SER_20260509_VPLC_L1_LIGHT_10_20_S01,vPLC_container,VPLC_HOST,453,,,2026-05-09T16:53:36.695851231Z,,,,host_log,10,20,,,,,,1,32,,technical_check,vplc_status_cycle_duration_not_validated_as_Tper,0.070,100,работает
RUN_20260509_VPLC_L1_LIGHT_10_20_S01_R03,VPLC_L1_LIGHT_10_20,SER_20260509_VPLC_L1_LIGHT_10_20_S01,vPLC_container,VPLC_HOST,454,,,2026-05-09T16:53:37.749647676Z,,,,host_log,10,20,,,,,,1,32,,technical_check,vplc_status_cycle_duration_not_validated_as_Tper,0.031,100,работает
RUN_20260509_VPLC_L1_LIGHT_10_20_S01_R03,VPLC_L1_LIGHT_10_20,SER_20260509_VPLC_L1_LIGHT_10_20_S01,vPLC_container,VPLC_HOST,455,,,2026-05-09T16:53:38.805357186Z,,,,host_log,10,20,,,,,,1,32,,technical_check,vplc_status_cycle_duration_not_validated_as_Tper,0.071,100,работает
RUN_20260509_VPLC_L1_LIGHT_10_20_S01_R03,VPLC_L1_LIGHT_10_20,SER_20260509_VPLC_L1_LIGHT_10_20_S01,vPLC_container,VPLC_HOST,456,,,2026-05-09T16:53:39.862128392Z,,,,host_log,10,20,,,,,,1,32,,technical_check,vplc_status_cycle_duration_not_validated_as_Tper,0.070,100,работает
RUN_20260509_VPLC_L1_LIGHT_10_20_S01_R03,VPLC_L1_LIGHT_10_20,SER_20260509_VPLC_L1_LIGHT_10_20_S01,vPLC_container,VPLC_HOST,457,,,2026-05-09T16:53:40.916327496Z,,,,host_log,10,20,,,,,,1,32,,technical_check,vplc_status_cycle_duration_not_validated_as_Tper,0.070,100,работает
RUN_20260509_VPLC_L1_LIGHT_10_20_S01_R03,VPLC_L1_LIGHT_10_20,SER_20260509_VPLC_L1_LIGHT_10_20_S01,vPLC_container,VPLC_HOST,458,,,2026-05-09T16:53:41.971766472Z,,,,host_log,10,20,,,,,,1,32,,technical_check,vplc_status_cycle_duration_not_validated_as_Tper,0.072,100,работает
RUN_20260509_VPLC_L1_LIGHT_10_20_S01_R03,VPLC_L1_LIGHT_10_20,SER_20260509_VPLC_L1_LIGHT_10_20_S01,vPLC_container,VPLC_HOST,459,,,2026-05-09T16:53:43.028627985Z,,,,host_log,10,20,,,,,,1,32,,technical_check,vplc_status_cycle_duration_not_validated_as_Tper,0.050,100,работает
RUN_20260509_VPLC_L1_LIGHT_10_20_S01_R03,VPLC_L1_LIGHT_10_20,SER_20260509_VPLC_L1_LIGHT_10_20_S01,vPLC_container,VPLC_HOST,460,,,2026-05-09T16:53:44.080237756Z,,,,host_log,10,20,,,,,,1,32,,technical_check,vplc_status_cycle_duration_not_validated_as_Tper,0.070,100,работает
RUN_20260509_VPLC_L1_LIGHT_10_20_S01_R03,VPLC_L1_LIGHT_10_20,SER_20260509_VPLC_L1_LIGHT_10_20_S01,vPLC_container,VPLC_HOST,461,,,2026-05-09T16:53:45.139007638Z,,,,host_log,10,20,,,,,,1,32,,technical_check,vplc_status_cycle_duration_not_validated_as_Tper,0.049,100,работает
RUN_20260509_VPLC_L1_LIGHT_10_20_S01_R03,VPLC_L1_LIGHT_10_20,SER_20260509_VPLC_L1_LIGHT_10_20_S01,vPLC_container,VPLC_HOST,462,,,2026-05-09T16:53:46.194441161Z,,,,host_log,10,20,,,,,,1,32,,technical_check,vplc_status_cycle_duration_not_validated_as_Tper,0.069,100,работает
RUN_20260509_VPLC_L1_LIGHT_10_20_S01_R03,VPLC_L1_LIGHT_10_20,SER_20260509_VPLC_L1_LIGHT_10_20_S01,vPLC_container,VPLC_HOST,463,,,2026-05-09T16:53:47.249378564Z,,,,host_log,10,20,,,,,,1,32,,technical_check,vplc_status_cycle_duration_not_validated_as_Tper,0.027,100,работает
RUN_20260509_VPLC_L1_LIGHT_10_20_S01_R03,VPLC_L1_LIGHT_10_20,SER_20260509_VPLC_L1_LIGHT_10_20_S01,vPLC_container,VPLC_HOST,464,,,2026-05-09T16:53:48.302744957Z,,,,host_log,10,20,,,,,,1,32,,technical_check,vplc_status_cycle_duration_not_validated_as_Tper,0.070,100,работает
RUN_20260509_VPLC_L1_LIGHT_10_20_S01_R03,VPLC_L1_LIGHT_10_20,SER_20260509_VPLC_L1_LIGHT_10_20_S01,vPLC_container,VPLC_HOST,465,,,2026-05-09T16:53:49.356731473Z,,,,host_log,10,20,,,,,,1,32,,technical_check,vplc_status_cycle_duration_not_validated_as_Tper,4.259,100,работает
RUN_20260509_VPLC_L1_LIGHT_10_20_S01_R03,VPLC_L1_LIGHT_10_20,SER_20260509_VPLC_L1_LIGHT_10_20_S01,vPLC_container,VPLC_HOST,466,,,2026-05-09T16:53:50.411520365Z,,,,host_log,10,20,,,,,,1,32,,technical_check,vplc_status_cycle_duration_not_validated_as_Tper,4.533,100,работает
RUN_20260509_VPLC_L1_LIGHT_10_20_S01_R03,VPLC_L1_LIGHT_10_20,SER_20260509_VPLC_L1_LIGHT_10_20_S01,vPLC_container,VPLC_HOST,467,,,2026-05-09T16:53:51.464804681Z,,,,host_log,10,20,,,,,,1,32,,technical_check,vplc_status_cycle_duration_not_validated_as_Tper,0.067,100,работает
RUN_20260509_VPLC_L1_LIGHT_10_20_S01_R03,VPLC_L1_LIGHT_10_20,SER_20260509_VPLC_L1_LIGHT_10_20_S01,vPLC_container,VPLC_HOST,468,,,2026-05-09T16:53:52.521171730Z,,,,host_log,10,20,,,,,,1,32,,technical_check,vplc_status_cycle_duration_not_validated_as_Tper,0.066,100,работает
RUN_20260509_VPLC_L1_LIGHT_10_20_S01_R03,VPLC_L1_LIGHT_10_20,SER_20260509_VPLC_L1_LIGHT_10_20_S01,vPLC_container,VPLC_HOST,469,,,2026-05-09T16:53:53.578049555Z,,,,host_log,10,20,,,,,,1,32,,technical_check,vplc_status_cycle_duration_not_validated_as_Tper,0.065,100,работает
RUN_20260509_VPLC_L1_LIGHT_10_20_S01_R03,VPLC_L1_LIGHT_10_20,SER_20260509_VPLC_L1_LIGHT_10_20_S01,vPLC_container,VPLC_HOST,470,,,2026-05-09T16:53:54.628752956Z,,,,host_log,10,20,,,,,,1,32,,technical_check,vplc_status_cycle_duration_not_validated_as_Tper,0.069,100,работает
RUN_20260509_VPLC_L1_LIGHT_10_20_S01_R03,VPLC_L1_LIGHT_10_20,SER_20260509_VPLC_L1_LIGHT_10_20_S01,vPLC_container,VPLC_HOST,471,,,2026-05-09T16:53:55.684370073Z,,,,host_log,10,20,,,,,,1,32,,technical_check,vplc_status_cycle_duration_not_validated_as_Tper,0.070,100,работает
RUN_20260509_VPLC_L1_LIGHT_10_20_S01_R03,VPLC_L1_LIGHT_10_20,SER_20260509_VPLC_L1_LIGHT_10_20_S01,vPLC_container,VPLC_HOST,472,,,2026-05-09T16:53:56.737347401Z,,,,host_log,10,20,,,,,,1,32,,technical_check,vplc_status_cycle_duration_not_validated_as_Tper,0.049,100,работает
RUN_20260509_VPLC_L1_LIGHT_10_20_S01_R03,VPLC_L1_LIGHT_10_20,SER_20260509_VPLC_L1_LIGHT_10_20_S01,vPLC_container,VPLC_HOST,473,,,2026-05-09T16:53:57.790615395Z,,,,host_log,10,20,,,,,,1,32,,technical_check,vplc_status_cycle_duration_not_validated_as_Tper,0.069,100,работает
RUN_20260509_VPLC_L1_LIGHT_10_20_S01_R03,VPLC_L1_LIGHT_10_20,SER_20260509_VPLC_L1_LIGHT_10_20_S01,vPLC_container,VPLC_HOST,474,,,2026-05-09T16:53:58.850243588Z,,,,host_log,10,20,,,,,,1,32,,technical_check,vplc_status_cycle_duration_not_validated_as_Tper,0.027,100,работает
RUN_20260509_VPLC_L1_LIGHT_10_20_S01_R03,VPLC_L1_LIGHT_10_20,SER_20260509_VPLC_L1_LIGHT_10_20_S01,vPLC_container,VPLC_HOST,475,,,2026-05-09T16:53:59.905420480Z,,,,host_log,10,20,,,,,,1,32,,technical_check,vplc_status_cycle_duration_not_validated_as_Tper,0.070,100,работает
RUN_20260509_VPLC_L1_LIGHT_10_20_S01_R03,VPLC_L1_LIGHT_10_20,SER_20260509_VPLC_L1_LIGHT_10_20_S01,vPLC_container,VPLC_HOST,476,,,2026-05-09T16:54:00.960560654Z,,,,host_log,10,20,,,,,,1,32,,technical_check,vplc_status_cycle_duration_not_validated_as_Tper,0.073,100,работает
RUN_20260509_VPLC_L1_LIGHT_10_20_S01_R03,VPLC_L1_LIGHT_10_20,SER_20260509_VPLC_L1_LIGHT_10_20_S01,vPLC_container,VPLC_HOST,477,,,2026-05-09T16:54:02.016494513Z,,,,host_log,10,20,,,,,,1,32,,technical_check,vplc_status_cycle_duration_not_validated_as_Tper,0.071,100,работает
RUN_20260509_VPLC_L1_LIGHT_10_20_S01_R03,VPLC_L1_LIGHT_10_20,SER_20260509_VPLC_L1_LIGHT_10_20_S01,vPLC_container,VPLC_HOST,478,,,2026-05-09T16:54:03.072603732Z,,,,host_log,10,20,,,,,,1,32,,technical_check,vplc_status_cycle_duration_not_validated_as_Tper,0.070,100,работает
RUN_20260509_VPLC_L1_LIGHT_10_20_S01_R03,VPLC_L1_LIGHT_10_20,SER_20260509_VPLC_L1_LIGHT_10_20_S01,vPLC_container,VPLC_HOST,479,,,2026-05-09T16:54:04.128008508Z,,,,host_log,10,20,,,,,,1,32,,technical_check,vplc_status_cycle_duration_not_validated_as_Tper,0.049,100,работает
RUN_20260509_VPLC_L1_LIGHT_10_20_S01_R03,VPLC_L1_LIGHT_10_20,SER_20260509_VPLC_L1_LIGHT_10_20_S01,vPLC_container,VPLC_HOST,480,,,2026-05-09T16:54:05.181743130Z,,,,host_log,10,20,,,,,,1,32,,technical_check,vplc_status_cycle_duration_not_validated_as_Tper,0.069,100,работает
RUN_20260509_VPLC_L1_LIGHT_10_20_S01_R03,VPLC_L1_LIGHT_10_20,SER_20260509_VPLC_L1_LIGHT_10_20_S01,vPLC_container,VPLC_HOST,481,,,2026-05-09T16:54:06.237710658Z,,,,host_log,10,20,,,,,,1,32,,technical_check,vplc_status_cycle_duration_not_validated_as_Tper,0.050,100,работает
RUN_20260509_VPLC_L1_LIGHT_10_20_S01_R03,VPLC_L1_LIGHT_10_20,SER_20260509_VPLC_L1_LIGHT_10_20_S01,vPLC_container,VPLC_HOST,482,,,2026-05-09T16:54:07.292498618Z,,,,host_log,10,20,,,,,,1,32,,technical_check,vplc_status_cycle_duration_not_validated_as_Tper,0.070,100,работает
RUN_20260509_VPLC_L1_LIGHT_10_20_S01_R03,VPLC_L1_LIGHT_10_20,SER_20260509_VPLC_L1_LIGHT_10_20_S01,vPLC_container,VPLC_HOST,483,,,2026-05-09T16:54:08.348606523Z,,,,host_log,10,20,,,,,,1,32,,technical_check,vplc_status_cycle_duration_not_validated_as_Tper,3.918,100,работает
RUN_20260509_VPLC_L1_LIGHT_10_20_S01_R03,VPLC_L1_LIGHT_10_20,SER_20260509_VPLC_L1_LIGHT_10_20_S01,vPLC_container,VPLC_HOST,484,,,2026-05-09T16:54:09.402968470Z,,,,host_log,10,20,,,,,,1,32,,technical_check,vplc_status_cycle_duration_not_validated_as_Tper,4.799,100,работает
RUN_20260509_VPLC_L1_LIGHT_10_20_S01_R03,VPLC_L1_LIGHT_10_20,SER_20260509_VPLC_L1_LIGHT_10_20_S01,vPLC_container,VPLC_HOST,485,,,2026-05-09T16:54:10.456168766Z,,,,host_log,10,20,,,,,,1,32,,technical_check,vplc_status_cycle_duration_not_validated_as_Tper,0.039,100,работает
RUN_20260509_VPLC_L1_LIGHT_10_20_S01_R03,VPLC_L1_LIGHT_10_20,SER_20260509_VPLC_L1_LIGHT_10_20_S01,vPLC_container,VPLC_HOST,486,,,2026-05-09T16:54:11.514490388Z,,,,host_log,10,20,,,,,,1,32,,technical_check,vplc_status_cycle_duration_not_validated_as_Tper,0.069,100,работает
RUN_20260509_VPLC_L1_LIGHT_10_20_S01_R03,VPLC_L1_LIGHT_10_20,SER_20260509_VPLC_L1_LIGHT_10_20_S01,vPLC_container,VPLC_HOST,487,,,2026-05-09T16:54:12.569088206Z,,,,host_log,10,20,,,,,,1,32,,technical_check,vplc_status_cycle_duration_not_validated_as_Tper,0.067,100,работает
RUN_20260509_VPLC_L1_LIGHT_10_20_S01_R03,VPLC_L1_LIGHT_10_20,SER_20260509_VPLC_L1_LIGHT_10_20_S01,vPLC_container,VPLC_HOST,488,,,2026-05-09T16:54:13.625493417Z,,,,host_log,10,20,,,,,,1,32,,technical_check,vplc_status_cycle_duration_not_validated_as_Tper,0.067,100,работает
RUN_20260509_VPLC_L1_LIGHT_10_20_S01_R03,VPLC_L1_LIGHT_10_20,SER_20260509_VPLC_L1_LIGHT_10_20_S01,vPLC_container,VPLC_HOST,489,,,2026-05-09T16:54:14.679561357Z,,,,host_log,10,20,,,,,,1,32,,technical_check,vplc_status_cycle_duration_not_validated_as_Tper,0.070,100,работает
RUN_20260509_VPLC_L1_LIGHT_10_20_S01_R03,VPLC_L1_LIGHT_10_20,SER_20260509_VPLC_L1_LIGHT_10_20_S01,vPLC_container,VPLC_HOST,490,,,2026-05-09T16:54:15.737129305Z,,,,host_log,10,20,,,,,,1,32,,technical_check,vplc_status_cycle_duration_not_validated_as_Tper,0.048,100,работает
RUN_20260509_VPLC_L1_LIGHT_10_20_S01_R03,VPLC_L1_LIGHT_10_20,SER_20260509_VPLC_L1_LIGHT_10_20_S01,vPLC_container,VPLC_HOST,491,,,2026-05-09T16:54:16.792540345Z,,,,host_log,10,20,,,,,,1,32,,technical_check,vplc_status_cycle_duration_not_validated_as_Tper,0.069,100,работает
RUN_20260509_VPLC_L1_LIGHT_10_20_S01_R03,VPLC_L1_LIGHT_10_20,SER_20260509_VPLC_L1_LIGHT_10_20_S01,vPLC_container,VPLC_HOST,492,,,2026-05-09T16:54:17.846753793Z,,,,host_log,10,20,,,,,,1,32,,technical_check,vplc_status_cycle_duration_not_validated_as_Tper,0.034,100,работает
RUN_20260509_VPLC_L1_LIGHT_10_20_S01_R03,VPLC_L1_LIGHT_10_20,SER_20260509_VPLC_L1_LIGHT_10_20_S01,vPLC_container,VPLC_HOST,493,,,2026-05-09T16:54:18.899217543Z,,,,host_log,10,20,,,,,,1,32,,technical_check,vplc_status_cycle_duration_not_validated_as_Tper,0.069,100,работает
RUN_20260509_VPLC_L1_LIGHT_10_20_S01_R03,VPLC_L1_LIGHT_10_20,SER_20260509_VPLC_L1_LIGHT_10_20_S01,vPLC_container,VPLC_HOST,494,,,2026-05-09T16:54:19.954848940Z,,,,host_log,10,20,,,,,,1,32,,technical_check,vplc_status_cycle_duration_not_validated_as_Tper,0.040,100,работает
RUN_20260509_VPLC_L1_LIGHT_10_20_S01_R03,VPLC_L1_LIGHT_10_20,SER_20260509_VPLC_L1_LIGHT_10_20_S01,vPLC_container,VPLC_HOST,495,,,2026-05-09T16:54:21.012986623Z,,,,host_log,10,20,,,,,,1,32,,technical_check,vplc_status_cycle_duration_not_validated_as_Tper,0.069,100,работает
RUN_20260509_VPLC_L1_LIGHT_10_20_S01_R03,VPLC_L1_LIGHT_10_20,SER_20260509_VPLC_L1_LIGHT_10_20_S01,vPLC_container,VPLC_HOST,496,,,2026-05-09T16:54:22.068181992Z,,,,host_log,10,20,,,,,,1,32,,technical_check,vplc_status_cycle_duration_not_validated_as_Tper,0.071,100,работает
RUN_20260509_VPLC_L1_LIGHT_10_20_S01_R03,VPLC_L1_LIGHT_10_20,SER_20260509_VPLC_L1_LIGHT_10_20_S01,vPLC_container,VPLC_HOST,497,,,2026-05-09T16:54:23.122096377Z,,,,host_log,10,20,,,,,,1,32,,technical_check,vplc_status_cycle_duration_not_validated_as_Tper,0.070,100,работает
RUN_20260509_VPLC_L1_LIGHT_10_20_S01_R03,VPLC_L1_LIGHT_10_20,SER_20260509_VPLC_L1_LIGHT_10_20_S01,vPLC_container,VPLC_HOST,498,,,2026-05-09T16:54:24.175903520Z,,,,host_log,10,20,,,,,,1,32,,technical_check,vplc_status_cycle_duration_not_validated_as_Tper,0.071,100,работает
RUN_20260509_VPLC_L1_LIGHT_10_20_S01_R03,VPLC_L1_LIGHT_10_20,SER_20260509_VPLC_L1_LIGHT_10_20_S01,vPLC_container,VPLC_HOST,499,,,2026-05-09T16:54:25.233064088Z,,,,host_log,10,20,,,,,,1,32,,technical_check,vplc_status_cycle_duration_not_validated_as_Tper,0.048,100,работает
RUN_20260509_VPLC_L1_LIGHT_10_20_S01_R03,VPLC_L1_LIGHT_10_20,SER_20260509_VPLC_L1_LIGHT_10_20_S01,vPLC_container,VPLC_HOST,500,,,2026-05-09T16:54:26.289837455Z,,,,host_log,10,20,,,,,,1,32,,technical_check,vplc_status_cycle_duration_not_validated_as_Tper,0.070,100,работает
RUN_20260509_VPLC_L1_LIGHT_10_20_S01_R03,VPLC_L1_LIGHT_10_20,SER_20260509_VPLC_L1_LIGHT_10_20_S01,vPLC_container,VPLC_HOST,501,,,2026-05-09T16:54:27.340519390Z,,,,host_log,10,20,,,,,,1,32,,technical_check,vplc_status_cycle_duration_not_validated_as_Tper,4.609,100,работает
RUN_20260509_VPLC_L1_LIGHT_10_20_S01_R03,VPLC_L1_LIGHT_10_20,SER_20260509_VPLC_L1_LIGHT_10_20_S01,vPLC_container,VPLC_HOST,502,,,2026-05-09T16:54:28.398696214Z,,,,host_log,10,20,,,,,,1,32,,technical_check,vplc_status_cycle_duration_not_validated_as_Tper,5.421,100,работает
RUN_20260509_VPLC_L1_LIGHT_10_20_S01_R03,VPLC_L1_LIGHT_10_20,SER_20260509_VPLC_L1_LIGHT_10_20_S01,vPLC_container,VPLC_HOST,503,,,2026-05-09T16:54:29.450665636Z,,,,host_log,10,20,,,,,,1,32,,technical_check,vplc_status_cycle_duration_not_validated_as_Tper,0.026,100,работает
RUN_20260509_VPLC_L1_LIGHT_10_20_S01_R03,VPLC_L1_LIGHT_10_20,SER_20260509_VPLC_L1_LIGHT_10_20_S01,vPLC_container,VPLC_HOST,504,,,2026-05-09T16:54:30.506418284Z,,,,host_log,10,20,,,,,,1,32,,technical_check,vplc_status_cycle_duration_not_validated_as_Tper,0.071,100,работает
RUN_20260509_VPLC_L1_LIGHT_10_20_S01_R03,VPLC_L1_LIGHT_10_20,SER_20260509_VPLC_L1_LIGHT_10_20_S01,vPLC_container,VPLC_HOST,505,,,2026-05-09T16:54:31.564476073Z,,,,host_log,10,20,,,,,,1,32,,technical_check,vplc_status_cycle_duration_not_validated_as_Tper,0.069,100,работает
RUN_20260509_VPLC_L1_LIGHT_10_20_S01_R03,VPLC_L1_LIGHT_10_20,SER_20260509_VPLC_L1_LIGHT_10_20_S01,vPLC_container,VPLC_HOST,506,,,2026-05-09T16:54:32.618312667Z,,,,host_log,10,20,,,,,,1,32,,technical_check,vplc_status_cycle_duration_not_validated_as_Tper,0.072,100,работает
RUN_20260509_VPLC_L1_LIGHT_10_20_S01_R03,VPLC_L1_LIGHT_10_20,SER_20260509_VPLC_L1_LIGHT_10_20_S01,vPLC_container,VPLC_HOST,507,,,2026-05-09T16:54:33.675599407Z,,,,host_log,10,20,,,,,,1,32,,technical_check,vplc_status_cycle_duration_not_validated_as_Tper,0.070,100,работает
RUN_20260509_VPLC_L1_LIGHT_10_20_S01_R03,VPLC_L1_LIGHT_10_20,SER_20260509_VPLC_L1_LIGHT_10_20_S01,vPLC_container,VPLC_HOST,508,,,2026-05-09T16:54:34.731559064Z,,,,host_log,10,20,,,,,,1,32,,technical_check,vplc_status_cycle_duration_not_validated_as_Tper,0.048,100,работает
RUN_20260509_VPLC_L1_LIGHT_10_20_S01_R03,VPLC_L1_LIGHT_10_20,SER_20260509_VPLC_L1_LIGHT_10_20_S01,vPLC_container,VPLC_HOST,509,,,2026-05-09T16:54:35.785667069Z,,,,host_log,10,20,,,,,,1,32,,technical_check,vplc_status_cycle_duration_not_validated_as_Tper,0.069,100,работает
RUN_20260509_VPLC_L1_LIGHT_10_20_S01_R03,VPLC_L1_LIGHT_10_20,SER_20260509_VPLC_L1_LIGHT_10_20_S01,vPLC_container,VPLC_HOST,510,,,2026-05-09T16:54:36.841615780Z,,,,host_log,10,20,,,,,,1,32,,technical_check,vplc_status_cycle_duration_not_validated_as_Tper,0.049,100,работает
RUN_20260509_VPLC_L1_LIGHT_10_20_S01_R03,VPLC_L1_LIGHT_10_20,SER_20260509_VPLC_L1_LIGHT_10_20_S01,vPLC_container,VPLC_HOST,511,,,2026-05-09T16:54:37.896966999Z,,,,host_log,10,20,,,,,,1,32,,technical_check,vplc_status_cycle_duration_not_validated_as_Tper,0.070,100,работает
RUN_20260509_VPLC_L1_LIGHT_10_20_S01_R03,VPLC_L1_LIGHT_10_20,SER_20260509_VPLC_L1_LIGHT_10_20_S01,vPLC_container,VPLC_HOST,512,,,2026-05-09T16:54:38.950305361Z,,,,host_log,10,20,,,,,,1,32,,technical_check,vplc_status_cycle_duration_not_validated_as_Tper,0.028,100,работает
RUN_20260509_VPLC_L1_LIGHT_10_20_S01_R03,VPLC_L1_LIGHT_10_20,SER_20260509_VPLC_L1_LIGHT_10_20_S01,vPLC_container,VPLC_HOST,513,,,2026-05-09T16:54:40.007535915Z,,,,host_log,10,20,,,,,,1,32,,technical_check,vplc_status_cycle_duration_not_validated_as_Tper,0.071,100,работает
RUN_20260509_VPLC_L1_LIGHT_10_20_S01_R03,VPLC_L1_LIGHT_10_20,SER_20260509_VPLC_L1_LIGHT_10_20_S01,vPLC_container,VPLC_HOST,514,,,2026-05-09T16:54:41.063852428Z,,,,host_log,10,20,,,,,,1,32,,technical_check,vplc_status_cycle_duration_not_validated_as_Tper,0.070,100,работает
RUN_20260509_VPLC_L1_LIGHT_10_20_S01_R03,VPLC_L1_LIGHT_10_20,SER_20260509_VPLC_L1_LIGHT_10_20_S01,vPLC_container,VPLC_HOST,515,,,2026-05-09T16:54:42.118504297Z,,,,host_log,10,20,,,,,,1,32,,technical_check,vplc_status_cycle_duration_not_validated_as_Tper,0.069,100,работает
RUN_20260509_VPLC_L1_LIGHT_10_20_S01_R03,VPLC_L1_LIGHT_10_20,SER_20260509_VPLC_L1_LIGHT_10_20_S01,vPLC_container,VPLC_HOST,516,,,2026-05-09T16:54:43.173555734Z,,,,host_log,10,20,,,,,,1,32,,technical_check,vplc_status_cycle_duration_not_validated_as_Tper,0.070,100,работает
RUN_20260509_VPLC_L1_LIGHT_10_20_S01_R03,VPLC_L1_LIGHT_10_20,SER_20260509_VPLC_L1_LIGHT_10_20_S01,vPLC_container,VPLC_HOST,517,,,2026-05-09T16:54:44.228729586Z,,,,host_log,10,20,,,,,,1,32,,technical_check,vplc_status_cycle_duration_not_validated_as_Tper,0.049,100,работает
RUN_20260509_VPLC_L1_LIGHT_10_20_S01_R03,VPLC_L1_LIGHT_10_20,SER_20260509_VPLC_L1_LIGHT_10_20_S01,vPLC_container,VPLC_HOST,518,,,2026-05-09T16:54:45.283682843Z,,,,host_log,10,20,,,,,,1,32,,technical_check,vplc_status_cycle_duration_not_validated_as_Tper,0.069,100,работает
RUN_20260509_VPLC_L1_LIGHT_10_20_S01_R03,VPLC_L1_LIGHT_10_20,SER_20260509_VPLC_L1_LIGHT_10_20_S01,vPLC_container,VPLC_HOST,519,,,2026-05-09T16:54:46.339548494Z,,,,host_log,10,20,,,,,,1,32,,technical_check,vplc_status_cycle_duration_not_validated_as_Tper,4.472,100,работает
RUN_20260509_VPLC_L1_LIGHT_10_20_S01_R03,VPLC_L1_LIGHT_10_20,SER_20260509_VPLC_L1_LIGHT_10_20_S01,vPLC_container,VPLC_HOST,520,,,2026-05-09T16:54:47.394359621Z,,,,host_log,10,20,,,,,,1,32,,technical_check,vplc_status_cycle_duration_not_validated_as_Tper,4.845,100,работает
RUN_20260509_VPLC_L1_LIGHT_10_20_S01_R03,VPLC_L1_LIGHT_10_20,SER_20260509_VPLC_L1_LIGHT_10_20_S01,vPLC_container,VPLC_HOST,521,,,2026-05-09T16:54:48.449111647Z,,,,host_log,10,20,,,,,,1,32,,technical_check,vplc_status_cycle_duration_not_validated_as_Tper,0.030,100,работает
RUN_20260509_VPLC_L1_LIGHT_10_20_S01_R03,VPLC_L1_LIGHT_10_20,SER_20260509_VPLC_L1_LIGHT_10_20_S01,vPLC_container,VPLC_HOST,522,,,2026-05-09T16:54:49.505056667Z,,,,host_log,10,20,,,,,,1,32,,technical_check,vplc_status_cycle_duration_not_validated_as_Tper,0.070,100,работает
RUN_20260509_VPLC_L1_LIGHT_10_20_S01_R03,VPLC_L1_LIGHT_10_20,SER_20260509_VPLC_L1_LIGHT_10_20_S01,vPLC_container,VPLC_HOST,523,,,2026-05-09T16:54:50.559948069Z,,,,host_log,10,20,,,,,,1,32,,technical_check,vplc_status_cycle_duration_not_validated_as_Tper,0.063,100,работает
RUN_20260509_VPLC_L1_LIGHT_10_20_S01_R03,VPLC_L1_LIGHT_10_20,SER_20260509_VPLC_L1_LIGHT_10_20_S01,vPLC_container,VPLC_HOST,524,,,2026-05-09T16:54:51.613253242Z,,,,host_log,10,20,,,,,,1,32,,technical_check,vplc_status_cycle_duration_not_validated_as_Tper,0.068,100,работает
RUN_20260509_VPLC_L1_LIGHT_10_20_S01_R03,VPLC_L1_LIGHT_10_20,SER_20260509_VPLC_L1_LIGHT_10_20_S01,vPLC_container,VPLC_HOST,525,,,2026-05-09T16:54:52.669001443Z,,,,host_log,10,20,,,,,,1,32,,technical_check,vplc_status_cycle_duration_not_validated_as_Tper,0.067,100,работает
RUN_20260509_VPLC_L1_LIGHT_10_20_S01_R03,VPLC_L1_LIGHT_10_20,SER_20260509_VPLC_L1_LIGHT_10_20_S01,vPLC_container,VPLC_HOST,526,,,2026-05-09T16:54:53.727736666Z,,,,host_log,10,20,,,,,,1,32,,technical_check,vplc_status_cycle_duration_not_validated_as_Tper,0.049,100,работает
RUN_20260509_VPLC_L1_LIGHT_10_20_S01_R03,VPLC_L1_LIGHT_10_20,SER_20260509_VPLC_L1_LIGHT_10_20_S01,vPLC_container,VPLC_HOST,527,,,2026-05-09T16:54:54.781605767Z,,,,host_log,10,20,,,,,,1,32,,technical_check,vplc_status_cycle_duration_not_validated_as_Tper,0.069,100,работает
RUN_20260509_VPLC_L1_LIGHT_10_20_S01_R03,VPLC_L1_LIGHT_10_20,SER_20260509_VPLC_L1_LIGHT_10_20_S01,vPLC_container,VPLC_HOST,528,,,2026-05-09T16:54:55.834882238Z,,,,host_log,10,20,,,,,,1,32,,technical_check,vplc_status_cycle_duration_not_validated_as_Tper,0.049,100,работает
RUN_20260509_VPLC_L1_LIGHT_10_20_S01_R03,VPLC_L1_LIGHT_10_20,SER_20260509_VPLC_L1_LIGHT_10_20_S01,vPLC_container,VPLC_HOST,529,,,2026-05-09T16:54:56.892386824Z,,,,host_log,10,20,,,,,,1,32,,technical_check,vplc_status_cycle_duration_not_validated_as_Tper,0.070,100,работает
RUN_20260509_VPLC_L1_LIGHT_10_20_S01_R03,VPLC_L1_LIGHT_10_20,SER_20260509_VPLC_L1_LIGHT_10_20_S01,vPLC_container,VPLC_HOST,530,,,2026-05-09T16:54:57.945367956Z,,,,host_log,10,20,,,,,,1,32,,technical_check,vplc_status_cycle_duration_not_validated_as_Tper,0.044,100,работает
RUN_20260509_VPLC_L1_LIGHT_10_20_S01_R03,VPLC_L1_LIGHT_10_20,SER_20260509_VPLC_L1_LIGHT_10_20_S01,vPLC_container,VPLC_HOST,531,,,2026-05-09T16:54:59.004620243Z,,,,host_log,10,20,,,,,,1,32,,technical_check,vplc_status_cycle_duration_not_validated_as_Tper,0.070,100,работает
RUN_20260509_VPLC_L1_LIGHT_10_20_S01_R03,VPLC_L1_LIGHT_10_20,SER_20260509_VPLC_L1_LIGHT_10_20_S01,vPLC_container,VPLC_HOST,532,,,2026-05-09T16:55:00.058803177Z,,,,host_log,10,20,,,,,,1,32,,technical_check,vplc_status_cycle_duration_not_validated_as_Tper,0.056,100,работает
RUN_20260509_VPLC_L1_LIGHT_10_20_S01_R03,VPLC_L1_LIGHT_10_20,SER_20260509_VPLC_L1_LIGHT_10_20_S01,vPLC_container,VPLC_HOST,533,,,2026-05-09T16:55:01.110324047Z,,,,host_log,10,20,,,,,,1,32,,technical_check,vplc_status_cycle_duration_not_validated_as_Tper,0.071,100,работает
RUN_20260509_VPLC_L1_LIGHT_10_20_S01_R03,VPLC_L1_LIGHT_10_20,SER_20260509_VPLC_L1_LIGHT_10_20_S01,vPLC_container,VPLC_HOST,534,,,2026-05-09T16:55:02.168474677Z,,,,host_log,10,20,,,,,,1,32,,technical_check,vplc_status_cycle_duration_not_validated_as_Tper,0.070,100,работает
RUN_20260509_VPLC_L1_LIGHT_10_20_S01_R03,VPLC_L1_LIGHT_10_20,SER_20260509_VPLC_L1_LIGHT_10_20_S01,vPLC_container,VPLC_HOST,535,,,2026-05-09T16:55:03.223769575Z,,,,host_log,10,20,,,,,,1,32,,technical_check,vplc_status_cycle_duration_not_validated_as_Tper,0.070,100,работает
RUN_20260509_VPLC_L1_LIGHT_10_20_S01_R03,VPLC_L1_LIGHT_10_20,SER_20260509_VPLC_L1_LIGHT_10_20_S01,vPLC_container,VPLC_HOST,536,,,2026-05-09T16:55:04.280046689Z,,,,host_log,10,20,,,,,,1,32,,technical_check,vplc_status_cycle_duration_not_validated_as_Tper,0.070,100,работает
RUN_20260509_VPLC_L1_LIGHT_10_20_S01_R03,VPLC_L1_LIGHT_10_20,SER_20260509_VPLC_L1_LIGHT_10_20_S01,vPLC_container,VPLC_HOST,537,,,2026-05-09T16:55:05.333935265Z,,,,host_log,10,20,,,,,,1,32,,technical_check,vplc_status_cycle_duration_not_validated_as_Tper,4.571,100,работает
RUN_20260509_VPLC_L1_LIGHT_10_20_S01_R03,VPLC_L1_LIGHT_10_20,SER_20260509_VPLC_L1_LIGHT_10_20_S01,vPLC_container,VPLC_HOST,538,,,2026-05-09T16:55:06.389479226Z,,,,host_log,10,20,,,,,,1,32,,technical_check,vplc_status_cycle_duration_not_validated_as_Tper,5.910,100,работает
RUN_20260509_VPLC_L1_LIGHT_10_20_S01_R03,VPLC_L1_LIGHT_10_20,SER_20260509_VPLC_L1_LIGHT_10_20_S01,vPLC_container,VPLC_HOST,539,,,2026-05-09T16:55:07.445521589Z,,,,host_log,10,20,,,,,,1,32,,technical_check,vplc_status_cycle_duration_not_validated_as_Tper,0.040,100,работает
RUN_20260509_VPLC_L1_LIGHT_10_20_S01_R03,VPLC_L1_LIGHT_10_20,SER_20260509_VPLC_L1_LIGHT_10_20_S01,vPLC_container,VPLC_HOST,540,,,2026-05-09T16:55:08.498769930Z,,,,host_log,10,20,,,,,,1,32,,technical_check,vplc_status_cycle_duration_not_validated_as_Tper,0.070,100,работает
RUN_20260509_VPLC_L1_LIGHT_10_20_S01_R03,VPLC_L1_LIGHT_10_20,SER_20260509_VPLC_L1_LIGHT_10_20_S01,vPLC_container,VPLC_HOST,541,,,2026-05-09T16:55:09.555903834Z,,,,host_log,10,20,,,,,,1,32,,technical_check,vplc_status_cycle_duration_not_validated_as_Tper,0.045,100,работает
RUN_20260509_VPLC_L1_LIGHT_10_20_S01_R03,VPLC_L1_LIGHT_10_20,SER_20260509_VPLC_L1_LIGHT_10_20_S01,vPLC_container,VPLC_HOST,542,,,2026-05-09T16:55:10.609889455Z,,,,host_log,10,20,,,,,,1,32,,technical_check,vplc_status_cycle_duration_not_validated_as_Tper,0.070,100,работает
RUN_20260509_VPLC_L1_LIGHT_10_20_S01_R03,VPLC_L1_LIGHT_10_20,SER_20260509_VPLC_L1_LIGHT_10_20_S01,vPLC_container,VPLC_HOST,543,,,2026-05-09T16:55:11.666088781Z,,,,host_log,10,20,,,,,,1,32,,technical_check,vplc_status_cycle_duration_not_validated_as_Tper,0.070,100,работает
RUN_20260509_VPLC_L1_LIGHT_10_20_S01_R03,VPLC_L1_LIGHT_10_20,SER_20260509_VPLC_L1_LIGHT_10_20_S01,vPLC_container,VPLC_HOST,544,,,2026-05-09T16:55:12.721320512Z,,,,host_log,10,20,,,,,,1,32,,technical_check,vplc_status_cycle_duration_not_validated_as_Tper,0.067,100,работает
RUN_20260509_VPLC_L1_LIGHT_10_20_S01_R03,VPLC_L1_LIGHT_10_20,SER_20260509_VPLC_L1_LIGHT_10_20_S01,vPLC_container,VPLC_HOST,545,,,2026-05-09T16:55:13.776942783Z,,,,host_log,10,20,,,,,,1,32,,technical_check,vplc_status_cycle_duration_not_validated_as_Tper,0.070,100,работает
RUN_20260509_VPLC_L1_LIGHT_10_20_S01_R03,VPLC_L1_LIGHT_10_20,SER_20260509_VPLC_L1_LIGHT_10_20_S01,vPLC_container,VPLC_HOST,546,,,2026-05-09T16:55:14.831534556Z,,,,host_log,10,20,,,,,,1,32,,technical_check,vplc_status_cycle_duration_not_validated_as_Tper,0.049,100,работает
RUN_20260509_VPLC_L1_LIGHT_10_20_S01_R03,VPLC_L1_LIGHT_10_20,SER_20260509_VPLC_L1_LIGHT_10_20_S01,vPLC_container,VPLC_HOST,547,,,2026-05-09T16:55:15.885006361Z,,,,host_log,10,20,,,,,,1,32,,technical_check,vplc_status_cycle_duration_not_validated_as_Tper,0.069,100,работает
RUN_20260509_VPLC_L1_LIGHT_10_20_S01_R03,VPLC_L1_LIGHT_10_20,SER_20260509_VPLC_L1_LIGHT_10_20_S01,vPLC_container,VPLC_HOST,548,,,2026-05-09T16:55:16.940956860Z,,,,host_log,10,20,,,,,,1,32,,technical_check,vplc_status_cycle_duration_not_validated_as_Tper,0.049,100,работает
RUN_20260509_VPLC_L1_LIGHT_10_20_S01_R03,VPLC_L1_LIGHT_10_20,SER_20260509_VPLC_L1_LIGHT_10_20_S01,vPLC_container,VPLC_HOST,549,,,2026-05-09T16:55:17.996114240Z,,,,host_log,10,20,,,,,,1,32,,technical_check,vplc_status_cycle_duration_not_validated_as_Tper,0.071,100,работает
RUN_20260509_VPLC_L1_LIGHT_10_20_S01_R03,VPLC_L1_LIGHT_10_20,SER_20260509_VPLC_L1_LIGHT_10_20_S01,vPLC_container,VPLC_HOST,550,,,2026-05-09T16:55:19.051498118Z,,,,host_log,10,20,,,,,,1,32,,technical_check,vplc_status_cycle_duration_not_validated_as_Tper,0.034,100,работает
RUN_20260509_VPLC_L1_LIGHT_10_20_S01_R03,VPLC_L1_LIGHT_10_20,SER_20260509_VPLC_L1_LIGHT_10_20_S01,vPLC_container,VPLC_HOST,551,,,2026-05-09T16:55:20.110458992Z,,,,host_log,10,20,,,,,,1,32,,technical_check,vplc_status_cycle_duration_not_validated_as_Tper,0.069,100,работает
RUN_20260509_VPLC_L1_LIGHT_10_20_S01_R03,VPLC_L1_LIGHT_10_20,SER_20260509_VPLC_L1_LIGHT_10_20_S01,vPLC_container,VPLC_HOST,552,,,2026-05-09T16:55:21.163432023Z,,,,host_log,10,20,,,,,,1,32,,technical_check,vplc_status_cycle_duration_not_validated_as_Tper,0.068,100,работает
RUN_20260509_VPLC_L1_LIGHT_10_20_S01_R03,VPLC_L1_LIGHT_10_20,SER_20260509_VPLC_L1_LIGHT_10_20_S01,vPLC_container,VPLC_HOST,553,,,2026-05-09T16:55:22.220030944Z,,,,host_log,10,20,,,,,,1,32,,technical_check,vplc_status_cycle_duration_not_validated_as_Tper,0.069,100,работает
RUN_20260509_VPLC_L1_LIGHT_10_20_S01_R03,VPLC_L1_LIGHT_10_20,SER_20260509_VPLC_L1_LIGHT_10_20_S01,vPLC_container,VPLC_HOST,554,,,2026-05-09T16:55:23.275813726Z,,,,host_log,10,20,,,,,,1,32,,technical_check,vplc_status_cycle_duration_not_validated_as_Tper,0.069,100,работает
RUN_20260509_VPLC_L1_LIGHT_10_20_S01_R03,VPLC_L1_LIGHT_10_20,SER_20260509_VPLC_L1_LIGHT_10_20_S01,vPLC_container,VPLC_HOST,555,,,2026-05-09T16:55:24.330939650Z,,,,host_log,10,20,,,,,,1,32,,technical_check,vplc_status_cycle_duration_not_validated_as_Tper,3.870,100,работает
RUN_20260509_VPLC_L1_LIGHT_10_20_S01_R03,VPLC_L1_LIGHT_10_20,SER_20260509_VPLC_L1_LIGHT_10_20_S01,vPLC_container,VPLC_HOST,556,,,2026-05-09T16:55:25.385117404Z,,,,host_log,10,20,,,,,,1,32,,technical_check,vplc_status_cycle_duration_not_validated_as_Tper,4.149,100,работает
RUN_20260509_VPLC_L1_LIGHT_10_20_S01_R03,VPLC_L1_LIGHT_10_20,SER_20260509_VPLC_L1_LIGHT_10_20_S01,vPLC_container,VPLC_HOST,557,,,2026-05-09T16:55:26.440556386Z,,,,host_log,10,20,,,,,,1,32,,technical_check,vplc_status_cycle_duration_not_validated_as_Tper,0.048,100,работает
RUN_20260509_VPLC_L1_LIGHT_10_20_S01_R03,VPLC_L1_LIGHT_10_20,SER_20260509_VPLC_L1_LIGHT_10_20_S01,vPLC_container,VPLC_HOST,558,,,2026-05-09T16:55:27.496124831Z,,,,host_log,10,20,,,,,,1,32,,technical_check,vplc_status_cycle_duration_not_validated_as_Tper,0.070,100,работает
RUN_20260509_VPLC_L1_LIGHT_10_20_S01_R03,VPLC_L1_LIGHT_10_20,SER_20260509_VPLC_L1_LIGHT_10_20_S01,vPLC_container,VPLC_HOST,559,,,2026-05-09T16:55:28.550273946Z,,,,host_log,10,20,,,,,,1,32,,technical_check,vplc_status_cycle_duration_not_validated_as_Tper,0.028,100,работает
RUN_20260509_VPLC_L1_LIGHT_10_20_S01_R03,VPLC_L1_LIGHT_10_20,SER_20260509_VPLC_L1_LIGHT_10_20_S01,vPLC_container,VPLC_HOST,560,,,2026-05-09T16:55:29.607535464Z,,,,host_log,10,20,,,,,,1,32,,technical_check,vplc_status_cycle_duration_not_validated_as_Tper,0.072,100,работает
RUN_20260509_VPLC_L1_LIGHT_10_20_S01_R03,VPLC_L1_LIGHT_10_20,SER_20260509_VPLC_L1_LIGHT_10_20_S01,vPLC_container,VPLC_HOST,561,,,2026-05-09T16:55:30.662955289Z,,,,host_log,10,20,,,,,,1,32,,technical_check,vplc_status_cycle_duration_not_validated_as_Tper,0.068,100,работает
RUN_20260509_VPLC_L1_LIGHT_10_20_S01_R03,VPLC_L1_LIGHT_10_20,SER_20260509_VPLC_L1_LIGHT_10_20_S01,vPLC_container,VPLC_HOST,562,,,2026-05-09T16:55:31.718347416Z,,,,host_log,10,20,,,,,,1,32,,technical_check,vplc_status_cycle_duration_not_validated_as_Tper,0.068,100,работает
RUN_20260509_VPLC_L1_LIGHT_10_20_S01_R03,VPLC_L1_LIGHT_10_20,SER_20260509_VPLC_L1_LIGHT_10_20_S01,vPLC_container,VPLC_HOST,563,,,2026-05-09T16:55:32.772534518Z,,,,host_log,10,20,,,,,,1,32,,technical_check,vplc_status_cycle_duration_not_validated_as_Tper,0.069,100,работает
RUN_20260509_VPLC_L1_LIGHT_10_20_S01_R03,VPLC_L1_LIGHT_10_20,SER_20260509_VPLC_L1_LIGHT_10_20_S01,vPLC_container,VPLC_HOST,564,,,2026-05-09T16:55:33.828627736Z,,,,host_log,10,20,,,,,,1,32,,technical_check,vplc_status_cycle_duration_not_validated_as_Tper,0.067,100,работает
RUN_20260509_VPLC_L1_LIGHT_10_20_S01_R03,VPLC_L1_LIGHT_10_20,SER_20260509_VPLC_L1_LIGHT_10_20_S01,vPLC_container,VPLC_HOST,565,,,2026-05-09T16:55:34.885172538Z,,,,host_log,10,20,,,,,,1,32,,technical_check,vplc_status_cycle_duration_not_validated_as_Tper,0.069,100,работает
RUN_20260509_VPLC_L1_LIGHT_10_20_S01_R03,VPLC_L1_LIGHT_10_20,SER_20260509_VPLC_L1_LIGHT_10_20_S01,vPLC_container,VPLC_HOST,566,,,2026-05-09T16:55:35.940378594Z,,,,host_log,10,20,,,,,,1,32,,technical_check,vplc_status_cycle_duration_not_validated_as_Tper,0.049,100,работает
RUN_20260509_VPLC_L1_LIGHT_10_20_S01_R03,VPLC_L1_LIGHT_10_20,SER_20260509_VPLC_L1_LIGHT_10_20_S01,vPLC_container,VPLC_HOST,567,,,2026-05-09T16:55:36.993183336Z,,,,host_log,10,20,,,,,,1,32,,technical_check,vplc_status_cycle_duration_not_validated_as_Tper,0.069,100,работает
RUN_20260509_VPLC_L1_LIGHT_10_20_S01_R03,VPLC_L1_LIGHT_10_20,SER_20260509_VPLC_L1_LIGHT_10_20_S01,vPLC_container,VPLC_HOST,568,,,2026-05-09T16:55:38.047532943Z,,,,host_log,10,20,,,,,,1,32,,technical_check,vplc_status_cycle_duration_not_validated_as_Tper,0.039,100,работает
RUN_20260509_VPLC_L1_LIGHT_10_20_S01_R03,VPLC_L1_LIGHT_10_20,SER_20260509_VPLC_L1_LIGHT_10_20_S01,vPLC_container,VPLC_HOST,569,,,2026-05-09T16:55:39.102763200Z,,,,host_log,10,20,,,,,,1,32,,technical_check,vplc_status_cycle_duration_not_validated_as_Tper,0.066,100,работает
RUN_20260509_VPLC_L1_LIGHT_10_20_S01_R03,VPLC_L1_LIGHT_10_20,SER_20260509_VPLC_L1_LIGHT_10_20_S01,vPLC_container,VPLC_HOST,570,,,2026-05-09T16:55:40.158044576Z,,,,host_log,10,20,,,,,,1,32,,technical_check,vplc_status_cycle_duration_not_validated_as_Tper,0.054,100,работает
RUN_20260509_VPLC_L1_LIGHT_10_20_S01_R03,VPLC_L1_LIGHT_10_20,SER_20260509_VPLC_L1_LIGHT_10_20_S01,vPLC_container,VPLC_HOST,571,,,2026-05-09T16:55:41.216335718Z,,,,host_log,10,20,,,,,,1,32,,technical_check,vplc_status_cycle_duration_not_validated_as_Tper,0.070,100,работает
RUN_20260509_VPLC_L1_LIGHT_10_20_S01_R03,VPLC_L1_LIGHT_10_20,SER_20260509_VPLC_L1_LIGHT_10_20_S01,vPLC_container,VPLC_HOST,572,,,2026-05-09T16:55:42.272098436Z,,,,host_log,10,20,,,,,,1,32,,technical_check,vplc_status_cycle_duration_not_validated_as_Tper,0.070,100,работает
RUN_20260509_VPLC_L1_LIGHT_10_20_S01_R03,VPLC_L1_LIGHT_10_20,SER_20260509_VPLC_L1_LIGHT_10_20_S01,vPLC_container,VPLC_HOST,573,,,2026-05-09T16:55:43.326979364Z,,,,host_log,10,20,,,,,,1,32,,technical_check,vplc_status_cycle_duration_not_validated_as_Tper,4.180,100,работает
RUN_20260509_VPLC_L1_LIGHT_10_20_S01_R03,VPLC_L1_LIGHT_10_20,SER_20260509_VPLC_L1_LIGHT_10_20_S01,vPLC_container,VPLC_HOST,574,,,2026-05-09T16:55:44.381445030Z,,,,host_log,10,20,,,,,,1,32,,technical_check,vplc_status_cycle_duration_not_validated_as_Tper,4.364,100,работает
RUN_20260509_VPLC_L1_LIGHT_10_20_S01_R03,VPLC_L1_LIGHT_10_20,SER_20260509_VPLC_L1_LIGHT_10_20_S01,vPLC_container,VPLC_HOST,575,,,2026-05-09T16:55:45.435932994Z,,,,host_log,10,20,,,,,,1,32,,technical_check,vplc_status_cycle_duration_not_validated_as_Tper,0.050,100,работает
RUN_20260509_VPLC_L1_LIGHT_10_20_S01_R03,VPLC_L1_LIGHT_10_20,SER_20260509_VPLC_L1_LIGHT_10_20_S01,vPLC_container,VPLC_HOST,576,,,2026-05-09T16:55:46.493175383Z,,,,host_log,10,20,,,,,,1,32,,technical_check,vplc_status_cycle_duration_not_validated_as_Tper,0.070,100,работает
RUN_20260509_VPLC_L1_LIGHT_10_20_S01_R03,VPLC_L1_LIGHT_10_20,SER_20260509_VPLC_L1_LIGHT_10_20_S01,vPLC_container,VPLC_HOST,577,,,2026-05-09T16:55:47.546135781Z,,,,host_log,10,20,,,,,,1,32,,technical_check,vplc_status_cycle_duration_not_validated_as_Tper,0.038,100,работает
RUN_20260509_VPLC_L1_LIGHT_10_20_S01_R03,VPLC_L1_LIGHT_10_20,SER_20260509_VPLC_L1_LIGHT_10_20_S01,vPLC_container,VPLC_HOST,578,,,2026-05-09T16:55:48.604054617Z,,,,host_log,10,20,,,,,,1,32,,technical_check,vplc_status_cycle_duration_not_validated_as_Tper,0.067,100,работает
RUN_20260509_VPLC_L1_LIGHT_10_20_S01_R03,VPLC_L1_LIGHT_10_20,SER_20260509_VPLC_L1_LIGHT_10_20_S01,vPLC_container,VPLC_HOST,579,,,2026-05-09T16:55:49.659861927Z,,,,host_log,10,20,,,,,,1,32,,technical_check,vplc_status_cycle_duration_not_validated_as_Tper,0.062,100,работает
RUN_20260509_VPLC_L1_LIGHT_10_20_S01_R03,VPLC_L1_LIGHT_10_20,SER_20260509_VPLC_L1_LIGHT_10_20_S01,vPLC_container,VPLC_HOST,580,,,2026-05-09T16:55:50.714901677Z,,,,host_log,10,20,,,,,,1,32,,technical_check,vplc_status_cycle_duration_not_validated_as_Tper,0.069,100,работает
RUN_20260509_VPLC_L1_LIGHT_10_20_S01_R03,VPLC_L1_LIGHT_10_20,SER_20260509_VPLC_L1_LIGHT_10_20_S01,vPLC_container,VPLC_HOST,581,,,2026-05-09T16:55:51.769324760Z,,,,host_log,10,20,,,,,,1,32,,technical_check,vplc_status_cycle_duration_not_validated_as_Tper,0.066,100,работает
RUN_20260509_VPLC_L1_LIGHT_10_20_S01_R03,VPLC_L1_LIGHT_10_20,SER_20260509_VPLC_L1_LIGHT_10_20_S01,vPLC_container,VPLC_HOST,582,,,2026-05-09T16:55:52.825674356Z,,,,host_log,10,20,,,,,,1,32,,technical_check,vplc_status_cycle_duration_not_validated_as_Tper,0.050,100,работает
RUN_20260509_VPLC_L1_LIGHT_10_20_S01_R03,VPLC_L1_LIGHT_10_20,SER_20260509_VPLC_L1_LIGHT_10_20_S01,vPLC_container,VPLC_HOST,583,,,2026-05-09T16:55:53.880715316Z,,,,host_log,10,20,,,,,,1,32,,technical_check,vplc_status_cycle_duration_not_validated_as_Tper,0.070,100,работает
RUN_20260509_VPLC_L1_LIGHT_10_20_S01_R03,VPLC_L1_LIGHT_10_20,SER_20260509_VPLC_L1_LIGHT_10_20_S01,vPLC_container,VPLC_HOST,584,,,2026-05-09T16:55:54.933711819Z,,,,host_log,10,20,,,,,,1,32,,technical_check,vplc_status_cycle_duration_not_validated_as_Tper,0.048,100,работает
RUN_20260509_VPLC_L1_LIGHT_10_20_S01_R03,VPLC_L1_LIGHT_10_20,SER_20260509_VPLC_L1_LIGHT_10_20_S01,vPLC_container,VPLC_HOST,585,,,2026-05-09T16:55:55.990863034Z,,,,host_log,10,20,,,,,,1,32,,technical_check,vplc_status_cycle_duration_not_validated_as_Tper,0.071,100,работает
RUN_20260509_VPLC_L1_LIGHT_10_20_S01_R03,VPLC_L1_LIGHT_10_20,SER_20260509_VPLC_L1_LIGHT_10_20_S01,vPLC_container,VPLC_HOST,586,,,2026-05-09T16:55:57.046747265Z,,,,host_log,10,20,,,,,,1,32,,technical_check,vplc_status_cycle_duration_not_validated_as_Tper,0.039,100,работает
RUN_20260509_VPLC_L1_LIGHT_10_20_S01_R03,VPLC_L1_LIGHT_10_20,SER_20260509_VPLC_L1_LIGHT_10_20_S01,vPLC_container,VPLC_HOST,587,,,2026-05-09T16:55:58.101300560Z,,,,host_log,10,20,,,,,,1,32,,technical_check,vplc_status_cycle_duration_not_validated_as_Tper,0.069,100,работает
RUN_20260509_VPLC_L1_LIGHT_10_20_S01_R03,VPLC_L1_LIGHT_10_20,SER_20260509_VPLC_L1_LIGHT_10_20_S01,vPLC_container,VPLC_HOST,588,,,2026-05-09T16:55:59.158732701Z,,,,host_log,10,20,,,,,,1,32,,technical_check,vplc_status_cycle_duration_not_validated_as_Tper,0.053,100,работает
RUN_20260509_VPLC_L1_LIGHT_10_20_S01_R03,VPLC_L1_LIGHT_10_20,SER_20260509_VPLC_L1_LIGHT_10_20_S01,vPLC_container,VPLC_HOST,589,,,2026-05-09T16:56:00.209041359Z,,,,host_log,10,20,,,,,,1,32,,technical_check,vplc_status_cycle_duration_not_validated_as_Tper,0.070,100,работает
RUN_20260509_VPLC_L1_LIGHT_10_20_S01_R03,VPLC_L1_LIGHT_10_20,SER_20260509_VPLC_L1_LIGHT_10_20_S01,vPLC_container,VPLC_HOST,590,,,2026-05-09T16:56:01.265551564Z,,,,host_log,10,20,,,,,,1,32,,technical_check,vplc_status_cycle_duration_not_validated_as_Tper,0.070,100,работает
RUN_20260509_VPLC_L1_LIGHT_10_20_S01_R03,VPLC_L1_LIGHT_10_20,SER_20260509_VPLC_L1_LIGHT_10_20_S01,vPLC_container,VPLC_HOST,591,,,2026-05-09T16:56:02.319700981Z,,,,host_log,10,20,,,,,,1,32,,technical_check,vplc_status_cycle_duration_not_validated_as_Tper,0.072,100,работает
RUN_20260509_VPLC_L1_LIGHT_10_20_S01_R03,VPLC_L1_LIGHT_10_20,SER_20260509_VPLC_L1_LIGHT_10_20_S01,vPLC_container,VPLC_HOST,592,,,2026-05-09T16:56:03.379362824Z,,,,host_log,10,20,,,,,,1,32,,technical_check,vplc_status_cycle_duration_not_validated_as_Tper,4.735,100,работает
RUN_20260509_VPLC_L1_LIGHT_10_20_S01_R03,VPLC_L1_LIGHT_10_20,SER_20260509_VPLC_L1_LIGHT_10_20_S01,vPLC_container,VPLC_HOST,593,,,2026-05-09T16:56:04.433139959Z,,,,host_log,10,20,,,,,,1,32,,technical_check,vplc_status_cycle_duration_not_validated_as_Tper,0.069,100,работает
RUN_20260509_VPLC_L1_LIGHT_10_20_S01_R03,VPLC_L1_LIGHT_10_20,SER_20260509_VPLC_L1_LIGHT_10_20_S01,vPLC_container,VPLC_HOST,594,,,2026-05-09T16:56:05.487070656Z,,,,host_log,10,20,,,,,,1,32,,technical_check,vplc_status_cycle_duration_not_validated_as_Tper,0.069,100,работает
RUN_20260509_VPLC_L1_LIGHT_10_20_S01_R03,VPLC_L1_LIGHT_10_20,SER_20260509_VPLC_L1_LIGHT_10_20_S01,vPLC_container,VPLC_HOST,595,,,2026-05-09T16:56:06.542134774Z,,,,host_log,10,20,,,,,,1,32,,technical_check,vplc_status_cycle_duration_not_validated_as_Tper,0.049,100,работает
RUN_20260509_VPLC_L1_LIGHT_10_20_S01_R03,VPLC_L1_LIGHT_10_20,SER_20260509_VPLC_L1_LIGHT_10_20_S01,vPLC_container,VPLC_HOST,596,,,2026-05-09T16:56:07.597874068Z,,,,host_log,10,20,,,,,,1,32,,technical_check,vplc_status_cycle_duration_not_validated_as_Tper,0.070,100,работает
RUN_20260509_VPLC_L1_LIGHT_10_20_S01_R03,VPLC_L1_LIGHT_10_20,SER_20260509_VPLC_L1_LIGHT_10_20_S01,vPLC_container,VPLC_HOST,597,,,2026-05-09T16:56:08.654656429Z,,,,host_log,10,20,,,,,,1,32,,technical_check,vplc_status_cycle_duration_not_validated_as_Tper,0.044,100,работает
RUN_20260509_VPLC_L1_LIGHT_10_20_S01_R03,VPLC_L1_LIGHT_10_20,SER_20260509_VPLC_L1_LIGHT_10_20_S01,vPLC_container,VPLC_HOST,598,,,2026-05-09T16:56:09.711416340Z,,,,host_log,10,20,,,,,,1,32,,technical_check,vplc_status_cycle_duration_not_validated_as_Tper,0.068,100,работает
RUN_20260509_VPLC_L1_LIGHT_10_20_S01_R03,VPLC_L1_LIGHT_10_20,SER_20260509_VPLC_L1_LIGHT_10_20_S01,vPLC_container,VPLC_HOST,599,,,2026-05-09T16:56:10.764985310Z,,,,host_log,10,20,,,,,,1,32,,technical_check,vplc_status_cycle_duration_not_validated_as_Tper,0.069,100,работает
RUN_20260509_VPLC_L1_LIGHT_10_20_S01_R03,VPLC_L1_LIGHT_10_20,SER_20260509_VPLC_L1_LIGHT_10_20_S01,vPLC_container,VPLC_HOST,600,,,2026-05-09T16:56:11.819319319Z,,,,host_log,10,20,,,,,,1,32,,technical_check,vplc_status_cycle_duration_not_validated_as_Tper,0.071,100,работает
RUN_20260509_VPLC_L1_LIGHT_10_20_S01_R03,VPLC_L1_LIGHT_10_20,SER_20260509_VPLC_L1_LIGHT_10_20_S01,vPLC_container,VPLC_HOST,601,,,2026-05-09T16:56:12.873526191Z,,,,host_log,10,20,,,,,,1,32,,technical_check,vplc_status_cycle_duration_not_validated_as_Tper,0.070,100,работает
RUN_20260509_VPLC_L1_LIGHT_10_20_S01_R03,VPLC_L1_LIGHT_10_20,SER_20260509_VPLC_L1_LIGHT_10_20_S01,vPLC_container,VPLC_HOST,602,,,2026-05-09T16:56:13.932495043Z,,,,host_log,10,20,,,,,,1,32,,technical_check,vplc_status_cycle_duration_not_validated_as_Tper,0.049,100,работает
RUN_20260509_VPLC_L1_LIGHT_10_20_S01_R03,VPLC_L1_LIGHT_10_20,SER_20260509_VPLC_L1_LIGHT_10_20_S01,vPLC_container,VPLC_HOST,603,,,2026-05-09T16:56:14.987854204Z,,,,host_log,10,20,,,,,,1,32,,technical_check,vplc_status_cycle_duration_not_validated_as_Tper,0.070,100,работает
RUN_20260509_VPLC_L1_LIGHT_10_20_S01_R03,VPLC_L1_LIGHT_10_20,SER_20260509_VPLC_L1_LIGHT_10_20_S01,vPLC_container,VPLC_HOST,604,,,2026-05-09T16:56:16.040538648Z,,,,host_log,10,20,,,,,,1,32,,technical_check,vplc_status_cycle_duration_not_validated_as_Tper,0.050,100,работает
RUN_20260509_VPLC_L1_LIGHT_10_20_S01_R03,VPLC_L1_LIGHT_10_20,SER_20260509_VPLC_L1_LIGHT_10_20_S01,vPLC_container,VPLC_HOST,605,,,2026-05-09T16:56:17.095900771Z,,,,host_log,10,20,,,,,,1,32,,technical_check,vplc_status_cycle_duration_not_validated_as_Tper,0.070,100,работает
RUN_20260509_VPLC_L1_LIGHT_10_20_S01_R03,VPLC_L1_LIGHT_10_20,SER_20260509_VPLC_L1_LIGHT_10_20_S01,vPLC_container,VPLC_HOST,606,,,2026-05-09T16:56:18.150983333Z,,,,host_log,10,20,,,,,,1,32,,technical_check,vplc_status_cycle_duration_not_validated_as_Tper,0.028,100,работает
RUN_20260509_VPLC_L1_LIGHT_10_20_S01_R03,VPLC_L1_LIGHT_10_20,SER_20260509_VPLC_L1_LIGHT_10_20_S01,vPLC_container,VPLC_HOST,607,,,2026-05-09T16:56:19.206680638Z,,,,host_log,10,20,,,,,,1,32,,technical_check,vplc_status_cycle_duration_not_validated_as_Tper,0.067,100,работает
RUN_20260509_VPLC_L1_LIGHT_10_20_S01_R03,VPLC_L1_LIGHT_10_20,SER_20260509_VPLC_L1_LIGHT_10_20_S01,vPLC_container,VPLC_HOST,608,,,2026-05-09T16:56:20.264972501Z,,,,host_log,10,20,,,,,,1,32,,technical_check,vplc_status_cycle_duration_not_validated_as_Tper,0.070,100,работает
RUN_20260509_VPLC_L1_LIGHT_10_20_S01_R03,VPLC_L1_LIGHT_10_20,SER_20260509_VPLC_L1_LIGHT_10_20_S01,vPLC_container,VPLC_HOST,609,,,2026-05-09T16:56:21.320644457Z,,,,host_log,10,20,,,,,,1,32,,technical_check,vplc_status_cycle_duration_not_validated_as_Tper,0.068,100,работает
RUN_20260509_VPLC_L1_LIGHT_10_20_S01_R03,VPLC_L1_LIGHT_10_20,SER_20260509_VPLC_L1_LIGHT_10_20_S01,vPLC_container,VPLC_HOST,610,,,2026-05-09T16:56:22.371732181Z,,,,host_log,10,20,,,,,,1,32,,technical_check,vplc_status_cycle_duration_not_validated_as_Tper,4.784,100,работает
RUN_20260509_VPLC_L1_LIGHT_10_20_S01_R03,VPLC_L1_LIGHT_10_20,SER_20260509_VPLC_L1_LIGHT_10_20_S01,vPLC_container,VPLC_HOST,611,,,2026-05-09T16:56:23.426245478Z,,,,host_log,10,20,,,,,,1,32,,technical_check,vplc_status_cycle_duration_not_validated_as_Tper,0.049,100,работает
RUN_20260509_VPLC_L1_LIGHT_10_20_S01_R03,VPLC_L1_LIGHT_10_20,SER_20260509_VPLC_L1_LIGHT_10_20_S01,vPLC_container,VPLC_HOST,612,,,2026-05-09T16:56:24.484007368Z,,,,host_log,10,20,,,,,,1,32,,technical_check,vplc_status_cycle_duration_not_validated_as_Tper,0.070,100,работает
RUN_20260509_VPLC_L1_LIGHT_10_20_S01_R03,VPLC_L1_LIGHT_10_20,SER_20260509_VPLC_L1_LIGHT_10_20_S01,vPLC_container,VPLC_HOST,613,,,2026-05-09T16:56:25.539584239Z,,,,host_log,10,20,,,,,,1,32,,technical_check,vplc_status_cycle_duration_not_validated_as_Tper,0.048,100,работает
RUN_20260509_VPLC_L1_LIGHT_10_20_S01_R03,VPLC_L1_LIGHT_10_20,SER_20260509_VPLC_L1_LIGHT_10_20_S01,vPLC_container,VPLC_HOST,614,,,2026-05-09T16:56:26.590753229Z,,,,host_log,10,20,,,,,,1,32,,technical_check,vplc_status_cycle_duration_not_validated_as_Tper,0.070,100,работает
RUN_20260509_VPLC_L1_LIGHT_10_20_S01_R03,VPLC_L1_LIGHT_10_20,SER_20260509_VPLC_L1_LIGHT_10_20_S01,vPLC_container,VPLC_HOST,615,,,2026-05-09T16:56:27.648990322Z,,,,host_log,10,20,,,,,,1,32,,technical_check,vplc_status_cycle_duration_not_validated_as_Tper,0.030,100,работает
RUN_20260509_VPLC_L1_LIGHT_10_20_S01_R03,VPLC_L1_LIGHT_10_20,SER_20260509_VPLC_L1_LIGHT_10_20_S01,vPLC_container,VPLC_HOST,616,,,2026-05-09T16:56:28.706426499Z,,,,host_log,10,20,,,,,,1,32,,technical_check,vplc_status_cycle_duration_not_validated_as_Tper,0.070,100,работает
RUN_20260509_VPLC_L1_LIGHT_10_20_S01_R03,VPLC_L1_LIGHT_10_20,SER_20260509_VPLC_L1_LIGHT_10_20_S01,vPLC_container,VPLC_HOST,617,,,2026-05-09T16:56:29.758532448Z,,,,host_log,10,20,,,,,,1,32,,technical_check,vplc_status_cycle_duration_not_validated_as_Tper,0.054,100,работает
RUN_20260509_VPLC_L1_LIGHT_10_20_S01_R03,VPLC_L1_LIGHT_10_20,SER_20260509_VPLC_L1_LIGHT_10_20_S01,vPLC_container,VPLC_HOST,618,,,2026-05-09T16:56:30.813747399Z,,,,host_log,10,20,,,,,,1,32,,technical_check,vplc_status_cycle_duration_not_validated_as_Tper,0.069,100,работает
RUN_20260509_VPLC_L1_LIGHT_10_20_S01_R03,VPLC_L1_LIGHT_10_20,SER_20260509_VPLC_L1_LIGHT_10_20_S01,vPLC_container,VPLC_HOST,619,,,2026-05-09T16:56:31.871650853Z,,,,host_log,10,20,,,,,,1,32,,technical_check,vplc_status_cycle_duration_not_validated_as_Tper,0.068,100,работает
RUN_20260509_VPLC_L1_LIGHT_10_20_S01_R03,VPLC_L1_LIGHT_10_20,SER_20260509_VPLC_L1_LIGHT_10_20_S01,vPLC_container,VPLC_HOST,620,,,2026-05-09T16:56:32.925201277Z,,,,host_log,10,20,,,,,,1,32,,technical_check,vplc_status_cycle_duration_not_validated_as_Tper,0.067,100,работает
RUN_20260509_VPLC_L1_LIGHT_10_20_S01_R03,VPLC_L1_LIGHT_10_20,SER_20260509_VPLC_L1_LIGHT_10_20_S01,vPLC_container,VPLC_HOST,621,,,2026-05-09T16:56:33.980970087Z,,,,host_log,10,20,,,,,,1,32,,technical_check,vplc_status_cycle_duration_not_validated_as_Tper,0.070,100,работает
RUN_20260509_VPLC_L1_LIGHT_10_20_S01_R03,VPLC_L1_LIGHT_10_20,SER_20260509_VPLC_L1_LIGHT_10_20_S01,vPLC_container,VPLC_HOST,622,,,2026-05-09T16:56:35.035429636Z,,,,host_log,10,20,,,,,,1,32,,technical_check,vplc_status_cycle_duration_not_validated_as_Tper,0.051,100,работает
RUN_20260509_VPLC_L1_LIGHT_10_20_S01_R03,VPLC_L1_LIGHT_10_20,SER_20260509_VPLC_L1_LIGHT_10_20_S01,vPLC_container,VPLC_HOST,623,,,2026-05-09T16:56:36.089194958Z,,,,host_log,10,20,,,,,,1,32,,technical_check,vplc_status_cycle_duration_not_validated_as_Tper,0.071,100,работает
RUN_20260509_VPLC_L1_LIGHT_10_20_S01_R03,VPLC_L1_LIGHT_10_20,SER_20260509_VPLC_L1_LIGHT_10_20_S01,vPLC_container,VPLC_HOST,624,,,2026-05-09T16:56:37.148468606Z,,,,host_log,10,20,,,,,,1,32,,technical_check,vplc_status_cycle_duration_not_validated_as_Tper,0.033,100,работает
RUN_20260509_VPLC_L1_LIGHT_10_20_S01_R03,VPLC_L1_LIGHT_10_20,SER_20260509_VPLC_L1_LIGHT_10_20_S01,vPLC_container,VPLC_HOST,625,,,2026-05-09T16:56:38.202636356Z,,,,host_log,10,20,,,,,,1,32,,technical_check,vplc_status_cycle_duration_not_validated_as_Tper,0.068,100,работает
RUN_20260509_VPLC_L1_LIGHT_10_20_S01_R03,VPLC_L1_LIGHT_10_20,SER_20260509_VPLC_L1_LIGHT_10_20_S01,vPLC_container,VPLC_HOST,626,,,2026-05-09T16:56:39.255197642Z,,,,host_log,10,20,,,,,,1,32,,technical_check,vplc_status_cycle_duration_not_validated_as_Tper,0.042,100,работает
RUN_20260509_VPLC_L1_LIGHT_10_20_S01_R03,VPLC_L1_LIGHT_10_20,SER_20260509_VPLC_L1_LIGHT_10_20_S01,vPLC_container,VPLC_HOST,627,,,2026-05-09T16:56:40.313905570Z,,,,host_log,10,20,,,,,,1,32,,technical_check,vplc_status_cycle_duration_not_validated_as_Tper,0.069,100,работает
RUN_20260509_VPLC_L1_LIGHT_10_20_S01_R03,VPLC_L1_LIGHT_10_20,SER_20260509_VPLC_L1_LIGHT_10_20_S01,vPLC_container,VPLC_HOST,628,,,2026-05-09T16:56:41.368269093Z,,,,host_log,10,20,,,,,,1,32,,technical_check,vplc_status_cycle_duration_not_validated_as_Tper,4.284,100,работает
RUN_20260509_VPLC_L1_LIGHT_10_20_S01_R03,VPLC_L1_LIGHT_10_20,SER_20260509_VPLC_L1_LIGHT_10_20_S01,vPLC_container,VPLC_HOST,629,,,2026-05-09T16:56:42.423577330Z,,,,host_log,10,20,,,,,,1,32,,technical_check,vplc_status_cycle_duration_not_validated_as_Tper,0.049,100,работает
RUN_20260509_VPLC_L1_LIGHT_10_20_S01_R03,VPLC_L1_LIGHT_10_20,SER_20260509_VPLC_L1_LIGHT_10_20_S01,vPLC_container,VPLC_HOST,630,,,2026-05-09T16:56:43.478086540Z,,,,host_log,10,20,,,,,,1,32,,technical_check,vplc_status_cycle_duration_not_validated_as_Tper,0.070,100,работает
RUN_20260509_VPLC_L1_LIGHT_10_20_S01_R03,VPLC_L1_LIGHT_10_20,SER_20260509_VPLC_L1_LIGHT_10_20_S01,vPLC_container,VPLC_HOST,631,,,2026-05-09T16:56:44.532028560Z,,,,host_log,10,20,,,,,,1,32,,technical_check,vplc_status_cycle_duration_not_validated_as_Tper,0.050,100,работает
RUN_20260509_VPLC_L1_LIGHT_10_20_S01_R03,VPLC_L1_LIGHT_10_20,SER_20260509_VPLC_L1_LIGHT_10_20_S01,vPLC_container,VPLC_HOST,632,,,2026-05-09T16:56:45.587319888Z,,,,host_log,10,20,,,,,,1,32,,technical_check,vplc_status_cycle_duration_not_validated_as_Tper,0.070,100,работает
RUN_20260509_VPLC_L1_LIGHT_10_20_S01_R03,VPLC_L1_LIGHT_10_20,SER_20260509_VPLC_L1_LIGHT_10_20_S01,vPLC_container,VPLC_HOST,633,,,2026-05-09T16:56:46.641894468Z,,,,host_log,10,20,,,,,,1,32,,technical_check,vplc_status_cycle_duration_not_validated_as_Tper,0.049,100,работает
RUN_20260509_VPLC_L1_LIGHT_10_20_S01_R03,VPLC_L1_LIGHT_10_20,SER_20260509_VPLC_L1_LIGHT_10_20_S01,vPLC_container,VPLC_HOST,634,,,2026-05-09T16:56:47.700122249Z,,,,host_log,10,20,,,,,,1,32,,technical_check,vplc_status_cycle_duration_not_validated_as_Tper,0.068,100,работает
RUN_20260509_VPLC_L1_LIGHT_10_20_S01_R03,VPLC_L1_LIGHT_10_20,SER_20260509_VPLC_L1_LIGHT_10_20_S01,vPLC_container,VPLC_HOST,635,,,2026-05-09T16:56:48.752719231Z,,,,host_log,10,20,,,,,,1,32,,technical_check,vplc_status_cycle_duration_not_validated_as_Tper,0.030,100,работает
RUN_20260509_VPLC_L1_LIGHT_10_20_S01_R03,VPLC_L1_LIGHT_10_20,SER_20260509_VPLC_L1_LIGHT_10_20_S01,vPLC_container,VPLC_HOST,636,,,2026-05-09T16:56:49.809956848Z,,,,host_log,10,20,,,,,,1,32,,technical_check,vplc_status_cycle_duration_not_validated_as_Tper,0.070,100,работает
RUN_20260509_VPLC_L1_LIGHT_10_20_S01_R03,VPLC_L1_LIGHT_10_20,SER_20260509_VPLC_L1_LIGHT_10_20_S01,vPLC_container,VPLC_HOST,637,,,2026-05-09T16:56:50.863667715Z,,,,host_log,10,20,,,,,,1,32,,technical_check,vplc_status_cycle_duration_not_validated_as_Tper,0.069,100,работает
RUN_20260509_VPLC_L1_LIGHT_10_20_S01_R03,VPLC_L1_LIGHT_10_20,SER_20260509_VPLC_L1_LIGHT_10_20_S01,vPLC_container,VPLC_HOST,638,,,2026-05-09T16:56:51.920378707Z,,,,host_log,10,20,,,,,,1,32,,technical_check,vplc_status_cycle_duration_not_validated_as_Tper,0.070,100,работает
RUN_20260509_VPLC_L1_LIGHT_10_20_S01_R03,VPLC_L1_LIGHT_10_20,SER_20260509_VPLC_L1_LIGHT_10_20_S01,vPLC_container,VPLC_HOST,639,,,2026-05-09T16:56:52.976584974Z,,,,host_log,10,20,,,,,,1,32,,technical_check,vplc_status_cycle_duration_not_validated_as_Tper,0.072,100,работает
RUN_20260509_VPLC_L1_LIGHT_10_20_S01_R03,VPLC_L1_LIGHT_10_20,SER_20260509_VPLC_L1_LIGHT_10_20_S01,vPLC_container,VPLC_HOST,640,,,2026-05-09T16:56:54.031414096Z,,,,host_log,10,20,,,,,,1,32,,technical_check,vplc_status_cycle_duration_not_validated_as_Tper,0.049,100,работает
RUN_20260509_VPLC_L1_LIGHT_10_20_S01_R03,VPLC_L1_LIGHT_10_20,SER_20260509_VPLC_L1_LIGHT_10_20_S01,vPLC_container,VPLC_HOST,641,,,2026-05-09T16:56:55.087239883Z,,,,host_log,10,20,,,,,,1,32,,technical_check,vplc_status_cycle_duration_not_validated_as_Tper,0.071,100,работает
RUN_20260509_VPLC_L1_LIGHT_10_20_S01_R03,VPLC_L1_LIGHT_10_20,SER_20260509_VPLC_L1_LIGHT_10_20_S01,vPLC_container,VPLC_HOST,642,,,2026-05-09T16:56:56.141573075Z,,,,host_log,10,20,,,,,,1,32,,technical_check,vplc_status_cycle_duration_not_validated_as_Tper,0.048,100,работает
RUN_20260509_VPLC_L1_LIGHT_10_20_S01_R03,VPLC_L1_LIGHT_10_20,SER_20260509_VPLC_L1_LIGHT_10_20_S01,vPLC_container,VPLC_HOST,643,,,2026-05-09T16:56:57.198153515Z,,,,host_log,10,20,,,,,,1,32,,technical_check,vplc_status_cycle_duration_not_validated_as_Tper,0.069,100,работает
RUN_20260509_VPLC_L1_LIGHT_10_20_S01_R03,VPLC_L1_LIGHT_10_20,SER_20260509_VPLC_L1_LIGHT_10_20_S01,vPLC_container,VPLC_HOST,644,,,2026-05-09T16:56:58.253280708Z,,,,host_log,10,20,,,,,,1,32,,technical_check,vplc_status_cycle_duration_not_validated_as_Tper,0.033,100,работает
RUN_20260509_VPLC_L1_LIGHT_10_20_S01_R03,VPLC_L1_LIGHT_10_20,SER_20260509_VPLC_L1_LIGHT_10_20_S01,vPLC_container,VPLC_HOST,645,,,2026-05-09T16:56:59.309735892Z,,,,host_log,10,20,,,,,,1,32,,technical_check,vplc_status_cycle_duration_not_validated_as_Tper,0.070,100,работает
RUN_20260509_VPLC_L1_LIGHT_10_20_S01_R03,VPLC_L1_LIGHT_10_20,SER_20260509_VPLC_L1_LIGHT_10_20_S01,vPLC_container,VPLC_HOST,646,,,2026-05-09T16:57:00.365014381Z,,,,host_log,10,20,,,,,,1,32,,technical_check,vplc_status_cycle_duration_not_validated_as_Tper,4.818,100,работает
RUN_20260509_VPLC_L1_LIGHT_10_20_S01_R03,VPLC_L1_LIGHT_10_20,SER_20260509_VPLC_L1_LIGHT_10_20_S01,vPLC_container,VPLC_HOST,647,,,2026-05-09T16:57:01.419944679Z,,,,host_log,10,20,,,,,,1,32,,technical_check,vplc_status_cycle_duration_not_validated_as_Tper,4.362,100,работает
RUN_20260509_VPLC_L1_LIGHT_10_20_S01_R03,VPLC_L1_LIGHT_10_20,SER_20260509_VPLC_L1_LIGHT_10_20_S01,vPLC_container,VPLC_HOST,648,,,2026-05-09T16:57:02.475573399Z,,,,host_log,10,20,,,,,,1,32,,technical_check,vplc_status_cycle_duration_not_validated_as_Tper,0.069,100,работает
RUN_20260509_VPLC_L1_LIGHT_10_20_S01_R03,VPLC_L1_LIGHT_10_20,SER_20260509_VPLC_L1_LIGHT_10_20_S01,vPLC_container,VPLC_HOST,649,,,2026-05-09T16:57:03.529380019Z,,,,host_log,10,20,,,,,,1,32,,technical_check,vplc_status_cycle_duration_not_validated_as_Tper,0.049,100,работает
RUN_20260509_VPLC_L1_LIGHT_10_20_S01_R03,VPLC_L1_LIGHT_10_20,SER_20260509_VPLC_L1_LIGHT_10_20_S01,vPLC_container,VPLC_HOST,650,,,2026-05-09T16:57:04.583011200Z,,,,host_log,10,20,,,,,,1,32,,technical_check,vplc_status_cycle_duration_not_validated_as_Tper,0.069,100,работает
RUN_20260509_VPLC_L1_LIGHT_10_20_S01_R03,VPLC_L1_LIGHT_10_20,SER_20260509_VPLC_L1_LIGHT_10_20_S01,vPLC_container,VPLC_HOST,651,,,2026-05-09T16:57:05.640688161Z,,,,host_log,10,20,,,,,,1,32,,technical_check,vplc_status_cycle_duration_not_validated_as_Tper,0.048,100,работает
RUN_20260509_VPLC_L1_LIGHT_10_20_S01_R03,VPLC_L1_LIGHT_10_20,SER_20260509_VPLC_L1_LIGHT_10_20_S01,vPLC_container,VPLC_HOST,652,,,2026-05-09T16:57:06.696062622Z,,,,host_log,10,20,,,,,,1,32,,technical_check,vplc_status_cycle_duration_not_validated_as_Tper,0.069,100,работает
RUN_20260509_VPLC_L1_LIGHT_10_20_S01_R03,VPLC_L1_LIGHT_10_20,SER_20260509_VPLC_L1_LIGHT_10_20_S01,vPLC_container,VPLC_HOST,653,,,2026-05-09T16:57:07.752462265Z,,,,host_log,10,20,,,,,,1,32,,technical_check,vplc_status_cycle_duration_not_validated_as_Tper,0.030,100,работает
RUN_20260509_VPLC_L1_LIGHT_10_20_S01_R03,VPLC_L1_LIGHT_10_20,SER_20260509_VPLC_L1_LIGHT_10_20_S01,vPLC_container,VPLC_HOST,654,,,2026-05-09T16:57:08.806687800Z,,,,host_log,10,20,,,,,,1,32,,technical_check,vplc_status_cycle_duration_not_validated_as_Tper,0.069,100,работает
RUN_20260509_VPLC_L1_LIGHT_10_20_S01_R03,VPLC_L1_LIGHT_10_20,SER_20260509_VPLC_L1_LIGHT_10_20_S01,vPLC_container,VPLC_HOST,655,,,2026-05-09T16:57:09.861450468Z,,,,host_log,10,20,,,,,,1,32,,technical_check,vplc_status_cycle_duration_not_validated_as_Tper,0.064,100,работает
RUN_20260509_VPLC_L1_LIGHT_10_20_S01_R03,VPLC_L1_LIGHT_10_20,SER_20260509_VPLC_L1_LIGHT_10_20_S01,vPLC_container,VPLC_HOST,656,,,2026-05-09T16:57:10.917518232Z,,,,host_log,10,20,,,,,,1,32,,technical_check,vplc_status_cycle_duration_not_validated_as_Tper,0.069,100,работает
RUN_20260509_VPLC_L1_LIGHT_10_20_S01_R03,VPLC_L1_LIGHT_10_20,SER_20260509_VPLC_L1_LIGHT_10_20_S01,vPLC_container,VPLC_HOST,657,,,2026-05-09T16:57:11.972720550Z,,,,host_log,10,20,,,,,,1,32,,technical_check,vplc_status_cycle_duration_not_validated_as_Tper,0.068,100,работает
RUN_20260509_VPLC_L1_LIGHT_10_20_S01_R03,VPLC_L1_LIGHT_10_20,SER_20260509_VPLC_L1_LIGHT_10_20_S01,vPLC_container,VPLC_HOST,658,,,2026-05-09T16:57:13.027059800Z,,,,host_log,10,20,,,,,,1,32,,technical_check,vplc_status_cycle_duration_not_validated_as_Tper,0.049,100,работает
RUN_20260509_VPLC_L1_LIGHT_10_20_S01_R03,VPLC_L1_LIGHT_10_20,SER_20260509_VPLC_L1_LIGHT_10_20_S01,vPLC_container,VPLC_HOST,659,,,2026-05-09T16:57:14.083369159Z,,,,host_log,10,20,,,,,,1,32,,technical_check,vplc_status_cycle_duration_not_validated_as_Tper,0.071,100,работает
RUN_20260509_VPLC_L1_LIGHT_10_20_S01_R03,VPLC_L1_LIGHT_10_20,SER_20260509_VPLC_L1_LIGHT_10_20_S01,vPLC_container,VPLC_HOST,660,,,2026-05-09T16:57:15.138489310Z,,,,host_log,10,20,,,,,,1,32,,technical_check,vplc_status_cycle_duration_not_validated_as_Tper,0.049,100,работает
RUN_20260509_VPLC_L1_LIGHT_10_20_S01_R03,VPLC_L1_LIGHT_10_20,SER_20260509_VPLC_L1_LIGHT_10_20_S01,vPLC_container,VPLC_HOST,661,,,2026-05-09T16:57:16.193826713Z,,,,host_log,10,20,,,,,,1,32,,technical_check,vplc_status_cycle_duration_not_validated_as_Tper,0.068,100,работает
RUN_20260509_VPLC_L1_LIGHT_10_20_S01_R03,VPLC_L1_LIGHT_10_20,SER_20260509_VPLC_L1_LIGHT_10_20_S01,vPLC_container,VPLC_HOST,662,,,2026-05-09T16:57:17.247359468Z,,,,host_log,10,20,,,,,,1,32,,technical_check,vplc_status_cycle_duration_not_validated_as_Tper,0.037,100,работает
RUN_20260509_VPLC_L1_LIGHT_10_20_S01_R03,VPLC_L1_LIGHT_10_20,SER_20260509_VPLC_L1_LIGHT_10_20_S01,vPLC_container,VPLC_HOST,663,,,2026-05-09T16:57:18.304991985Z,,,,host_log,10,20,,,,,,1,32,,technical_check,vplc_status_cycle_duration_not_validated_as_Tper,0.068,100,работает
RUN_20260509_VPLC_L1_LIGHT_10_20_S01_R03,VPLC_L1_LIGHT_10_20,SER_20260509_VPLC_L1_LIGHT_10_20_S01,vPLC_container,VPLC_HOST,664,,,2026-05-09T16:57:19.360795212Z,,,,host_log,10,20,,,,,,1,32,,technical_check,vplc_status_cycle_duration_not_validated_as_Tper,4.908,100,работает
RUN_20260509_VPLC_L1_LIGHT_10_20_S01_R03,VPLC_L1_LIGHT_10_20,SER_20260509_VPLC_L1_LIGHT_10_20_S01,vPLC_container,VPLC_HOST,665,,,2026-05-09T16:57:20.415855461Z,,,,host_log,10,20,,,,,,1,32,,technical_check,vplc_status_cycle_duration_not_validated_as_Tper,4.438,100,работает
RUN_20260509_VPLC_L1_LIGHT_10_20_S01_R03,VPLC_L1_LIGHT_10_20,SER_20260509_VPLC_L1_LIGHT_10_20_S01,vPLC_container,VPLC_HOST,666,,,2026-05-09T16:57:21.470296621Z,,,,host_log,10,20,,,,,,1,32,,technical_check,vplc_status_cycle_duration_not_validated_as_Tper,0.071,100,работает
RUN_20260509_VPLC_L1_LIGHT_10_20_S01_R03,VPLC_L1_LIGHT_10_20,SER_20260509_VPLC_L1_LIGHT_10_20_S01,vPLC_container,VPLC_HOST,667,,,2026-05-09T16:57:22.525690826Z,,,,host_log,10,20,,,,,,1,32,,technical_check,vplc_status_cycle_duration_not_validated_as_Tper,0.069,100,работает
RUN_20260509_VPLC_L1_LIGHT_10_20_S01_R03,VPLC_L1_LIGHT_10_20,SER_20260509_VPLC_L1_LIGHT_10_20_S01,vPLC_container,VPLC_HOST,668,,,2026-05-09T16:57:23.581454380Z,,,,host_log,10,20,,,,,,1,32,,technical_check,vplc_status_cycle_duration_not_validated_as_Tper,0.070,100,работает
RUN_20260509_VPLC_L1_LIGHT_10_20_S01_R03,VPLC_L1_LIGHT_10_20,SER_20260509_VPLC_L1_LIGHT_10_20_S01,vPLC_container,VPLC_HOST,669,,,2026-05-09T16:57:24.635735828Z,,,,host_log,10,20,,,,,,1,32,,technical_check,vplc_status_cycle_duration_not_validated_as_Tper,0.048,100,работает
RUN_20260509_VPLC_L1_LIGHT_10_20_S01_R03,VPLC_L1_LIGHT_10_20,SER_20260509_VPLC_L1_LIGHT_10_20_S01,vPLC_container,VPLC_HOST,670,,,2026-05-09T16:57:25.692079778Z,,,,host_log,10,20,,,,,,1,32,,technical_check,vplc_status_cycle_duration_not_validated_as_Tper,0.069,100,работает
RUN_20260509_VPLC_L1_LIGHT_10_20_S01_R03,VPLC_L1_LIGHT_10_20,SER_20260509_VPLC_L1_LIGHT_10_20_S01,vPLC_container,VPLC_HOST,671,,,2026-05-09T16:57:26.746574135Z,,,,host_log,10,20,,,,,,1,32,,technical_check,vplc_status_cycle_duration_not_validated_as_Tper,0.040,100,работает
RUN_20260509_VPLC_L1_LIGHT_10_20_S01_R03,VPLC_L1_LIGHT_10_20,SER_20260509_VPLC_L1_LIGHT_10_20_S01,vPLC_container,VPLC_HOST,672,,,2026-05-09T16:57:27.801468863Z,,,,host_log,10,20,,,,,,1,32,,technical_check,vplc_status_cycle_duration_not_validated_as_Tper,0.070,100,работает
RUN_20260509_VPLC_L1_LIGHT_10_20_S01_R03,VPLC_L1_LIGHT_10_20,SER_20260509_VPLC_L1_LIGHT_10_20_S01,vPLC_container,VPLC_HOST,673,,,2026-05-09T16:57:28.855408056Z,,,,host_log,10,20,,,,,,1,32,,technical_check,vplc_status_cycle_duration_not_validated_as_Tper,0.036,100,работает
RUN_20260509_VPLC_L1_LIGHT_10_20_S01_R03,VPLC_L1_LIGHT_10_20,SER_20260509_VPLC_L1_LIGHT_10_20_S01,vPLC_container,VPLC_HOST,674,,,2026-05-09T16:57:29.912397993Z,,,,host_log,10,20,,,,,,1,32,,technical_check,vplc_status_cycle_duration_not_validated_as_Tper,0.069,100,работает
RUN_20260509_VPLC_L1_LIGHT_10_20_S01_R03,VPLC_L1_LIGHT_10_20,SER_20260509_VPLC_L1_LIGHT_10_20_S01,vPLC_container,VPLC_HOST,675,,,2026-05-09T16:57:30.963446845Z,,,,host_log,10,20,,,,,,1,32,,technical_check,vplc_status_cycle_duration_not_validated_as_Tper,0.070,100,работает
RUN_20260509_VPLC_L1_LIGHT_10_20_S01_R03,VPLC_L1_LIGHT_10_20,SER_20260509_VPLC_L1_LIGHT_10_20_S01,vPLC_container,VPLC_HOST,676,,,2026-05-09T16:57:32.024050219Z,,,,host_log,10,20,,,,,,1,32,,technical_check,vplc_status_cycle_duration_not_validated_as_Tper,0.070,100,работает
RUN_20260509_VPLC_L1_LIGHT_10_20_S01_R03,VPLC_L1_LIGHT_10_20,SER_20260509_VPLC_L1_LIGHT_10_20_S01,vPLC_container,VPLC_HOST,677,,,2026-05-09T16:57:33.079428524Z,,,,host_log,10,20,,,,,,1,32,,technical_check,vplc_status_cycle_duration_not_validated_as_Tper,0.071,100,работает
RUN_20260509_VPLC_L1_LIGHT_10_20_S01_R03,VPLC_L1_LIGHT_10_20,SER_20260509_VPLC_L1_LIGHT_10_20_S01,vPLC_container,VPLC_HOST,678,,,2026-05-09T16:57:34.132412408Z,,,,host_log,10,20,,,,,,1,32,,technical_check,vplc_status_cycle_duration_not_validated_as_Tper,0.049,100,работает
RUN_20260509_VPLC_L1_LIGHT_10_20_S01_R03,VPLC_L1_LIGHT_10_20,SER_20260509_VPLC_L1_LIGHT_10_20_S01,vPLC_container,VPLC_HOST,679,,,2026-05-09T16:57:35.190104759Z,,,,host_log,10,20,,,,,,1,32,,technical_check,vplc_status_cycle_duration_not_validated_as_Tper,0.070,100,работает
RUN_20260509_VPLC_L1_LIGHT_10_20_S01_R03,VPLC_L1_LIGHT_10_20,SER_20260509_VPLC_L1_LIGHT_10_20_S01,vPLC_container,VPLC_HOST,680,,,2026-05-09T16:57:36.245083017Z,,,,host_log,10,20,,,,,,1,32,,technical_check,vplc_status_cycle_duration_not_validated_as_Tper,0.043,100,работает
RUN_20260509_VPLC_L1_LIGHT_10_20_S01_R03,VPLC_L1_LIGHT_10_20,SER_20260509_VPLC_L1_LIGHT_10_20_S01,vPLC_container,VPLC_HOST,681,,,2026-05-09T16:57:37.296888536Z,,,,host_log,10,20,,,,,,1,32,,technical_check,vplc_status_cycle_duration_not_validated_as_Tper,0.070,100,работает
RUN_20260509_VPLC_L1_LIGHT_10_20_S01_R03,VPLC_L1_LIGHT_10_20,SER_20260509_VPLC_L1_LIGHT_10_20_S01,vPLC_container,VPLC_HOST,682,,,2026-05-09T16:57:38.353568655Z,,,,host_log,10,20,,,,,,1,32,,technical_check,vplc_status_cycle_duration_not_validated_as_Tper,4.026,100,работает
RUN_20260509_VPLC_L1_LIGHT_10_20_S01_R03,VPLC_L1_LIGHT_10_20,SER_20260509_VPLC_L1_LIGHT_10_20_S01,vPLC_container,VPLC_HOST,683,,,2026-05-09T16:57:39.409610965Z,,,,host_log,10,20,,,,,,1,32,,technical_check,vplc_status_cycle_duration_not_validated_as_Tper,4.981,100,работает
RUN_20260509_VPLC_L1_LIGHT_10_20_S01_R03,VPLC_L1_LIGHT_10_20,SER_20260509_VPLC_L1_LIGHT_10_20_S01,vPLC_container,VPLC_HOST,684,,,2026-05-09T16:57:40.465680074Z,,,,host_log,10,20,,,,,,1,32,,technical_check,vplc_status_cycle_duration_not_validated_as_Tper,0.070,100,работает
RUN_20260509_VPLC_L1_LIGHT_10_20_S01_R03,VPLC_L1_LIGHT_10_20,SER_20260509_VPLC_L1_LIGHT_10_20_S01,vPLC_container,VPLC_HOST,685,,,2026-05-09T16:57:41.520090687Z,,,,host_log,10,20,,,,,,1,32,,technical_check,vplc_status_cycle_duration_not_validated_as_Tper,0.070,100,работает
RUN_20260509_VPLC_L1_LIGHT_10_20_S01_R03,VPLC_L1_LIGHT_10_20,SER_20260509_VPLC_L1_LIGHT_10_20_S01,vPLC_container,VPLC_HOST,686,,,2026-05-09T16:57:42.574104133Z,,,,host_log,10,20,,,,,,1,32,,technical_check,vplc_status_cycle_duration_not_validated_as_Tper,0.069,100,работает
RUN_20260509_VPLC_L1_LIGHT_10_20_S01_R03,VPLC_L1_LIGHT_10_20,SER_20260509_VPLC_L1_LIGHT_10_20_S01,vPLC_container,VPLC_HOST,687,,,2026-05-09T16:57:43.631907651Z,,,,host_log,10,20,,,,,,1,32,,technical_check,vplc_status_cycle_duration_not_validated_as_Tper,0.050,100,работает
RUN_20260509_VPLC_L1_LIGHT_10_20_S01_R03,VPLC_L1_LIGHT_10_20,SER_20260509_VPLC_L1_LIGHT_10_20_S01,vPLC_container,VPLC_HOST,688,,,2026-05-09T16:57:44.684853325Z,,,,host_log,10,20,,,,,,1,32,,technical_check,vplc_status_cycle_duration_not_validated_as_Tper,0.070,100,работает
RUN_20260509_VPLC_L1_LIGHT_10_20_S01_R03,VPLC_L1_LIGHT_10_20,SER_20260509_VPLC_L1_LIGHT_10_20_S01,vPLC_container,VPLC_HOST,689,,,2026-05-09T16:57:45.740757481Z,,,,host_log,10,20,,,,,,1,32,,technical_check,vplc_status_cycle_duration_not_validated_as_Tper,0.049,100,работает
RUN_20260509_VPLC_L1_LIGHT_10_20_S01_R03,VPLC_L1_LIGHT_10_20,SER_20260509_VPLC_L1_LIGHT_10_20_S01,vPLC_container,VPLC_HOST,690,,,2026-05-09T16:57:46.795786421Z,,,,host_log,10,20,,,,,,1,32,,technical_check,vplc_status_cycle_duration_not_validated_as_Tper,0.070,100,работает
RUN_20260509_VPLC_L1_LIGHT_10_20_S01_R03,VPLC_L1_LIGHT_10_20,SER_20260509_VPLC_L1_LIGHT_10_20_S01,vPLC_container,VPLC_HOST,691,,,2026-05-09T16:57:47.849686402Z,,,,host_log,10,20,,,,,,1,32,,technical_check,vplc_status_cycle_duration_not_validated_as_Tper,0.030,100,работает
RUN_20260509_VPLC_L1_LIGHT_10_20_S01_R03,VPLC_L1_LIGHT_10_20,SER_20260509_VPLC_L1_LIGHT_10_20_S01,vPLC_container,VPLC_HOST,692,,,2026-05-09T16:57:48.904153561Z,,,,host_log,10,20,,,,,,1,32,,technical_check,vplc_status_cycle_duration_not_validated_as_Tper,0.071,100,работает
RUN_20260509_VPLC_L1_LIGHT_10_20_S01_R03,VPLC_L1_LIGHT_10_20,SER_20260509_VPLC_L1_LIGHT_10_20_S01,vPLC_container,VPLC_HOST,693,,,2026-05-09T16:57:49.961237130Z,,,,host_log,10,20,,,,,,1,32,,technical_check,vplc_status_cycle_duration_not_validated_as_Tper,0.069,100,работает
RUN_20260509_VPLC_L1_LIGHT_10_20_S01_R03,VPLC_L1_LIGHT_10_20,SER_20260509_VPLC_L1_LIGHT_10_20_S01,vPLC_container,VPLC_HOST,694,,,2026-05-09T16:57:51.017801782Z,,,,host_log,10,20,,,,,,1,32,,technical_check,vplc_status_cycle_duration_not_validated_as_Tper,0.070,100,работает
RUN_20260509_VPLC_L1_LIGHT_10_20_S01_R03,VPLC_L1_LIGHT_10_20,SER_20260509_VPLC_L1_LIGHT_10_20_S01,vPLC_container,VPLC_HOST,695,,,2026-05-09T16:57:52.070854389Z,,,,host_log,10,20,,,,,,1,32,,technical_check,vplc_status_cycle_duration_not_validated_as_Tper,0.067,100,работает
RUN_20260509_VPLC_L1_LIGHT_10_20_S01_R03,VPLC_L1_LIGHT_10_20,SER_20260509_VPLC_L1_LIGHT_10_20_S01,vPLC_container,VPLC_HOST,696,,,2026-05-09T16:57:53.126299887Z,,,,host_log,10,20,,,,,,1,32,,technical_check,vplc_status_cycle_duration_not_validated_as_Tper,0.049,100,работает
RUN_20260509_VPLC_L1_LIGHT_10_20_S01_R03,VPLC_L1_LIGHT_10_20,SER_20260509_VPLC_L1_LIGHT_10_20_S01,vPLC_container,VPLC_HOST,697,,,2026-05-09T16:57:54.182669956Z,,,,host_log,10,20,,,,,,1,32,,technical_check,vplc_status_cycle_duration_not_validated_as_Tper,0.070,100,работает
RUN_20260509_VPLC_L1_LIGHT_10_20_S01_R03,VPLC_L1_LIGHT_10_20,SER_20260509_VPLC_L1_LIGHT_10_20_S01,vPLC_container,VPLC_HOST,698,,,2026-05-09T16:57:55.236043474Z,,,,host_log,10,20,,,,,,1,32,,technical_check,vplc_status_cycle_duration_not_validated_as_Tper,0.049,100,работает
RUN_20260509_VPLC_L1_LIGHT_10_20_S01_R03,VPLC_L1_LIGHT_10_20,SER_20260509_VPLC_L1_LIGHT_10_20_S01,vPLC_container,VPLC_HOST,699,,,2026-05-09T16:57:56.294822869Z,,,,host_log,10,20,,,,,,1,32,,technical_check,vplc_status_cycle_duration_not_validated_as_Tper,0.070,100,работает
RUN_20260509_VPLC_L1_LIGHT_10_20_S01_R03,VPLC_L1_LIGHT_10_20,SER_20260509_VPLC_L1_LIGHT_10_20_S01,vPLC_container,VPLC_HOST,700,,,2026-05-09T16:57:57.349004088Z,,,,host_log,10,20,,,,,,1,32,,technical_check,vplc_status_cycle_duration_not_validated_as_Tper,3.473,100,работает
RUN_20260509_VPLC_L1_LIGHT_10_20_S01_R03,VPLC_L1_LIGHT_10_20,SER_20260509_VPLC_L1_LIGHT_10_20_S01,vPLC_container,VPLC_HOST,701,,,2026-05-09T16:57:58.404121569Z,,,,host_log,10,20,,,,,,1,32,,technical_check,vplc_status_cycle_duration_not_validated_as_Tper,4.178,100,работает
RUN_20260509_VPLC_L1_LIGHT_10_20_S01_R03,VPLC_L1_LIGHT_10_20,SER_20260509_VPLC_L1_LIGHT_10_20_S01,vPLC_container,VPLC_HOST,702,,,2026-05-09T16:57:59.461488322Z,,,,host_log,10,20,,,,,,1,32,,technical_check,vplc_status_cycle_duration_not_validated_as_Tper,0.069,100,работает
RUN_20260509_VPLC_L1_LIGHT_10_20_S01_R03,VPLC_L1_LIGHT_10_20,SER_20260509_VPLC_L1_LIGHT_10_20_S01,vPLC_container,VPLC_HOST,703,,,2026-05-09T16:58:00.513017560Z,,,,host_log,10,20,,,,,,1,32,,technical_check,vplc_status_cycle_duration_not_validated_as_Tper,0.068,100,работает
RUN_20260509_VPLC_L1_LIGHT_10_20_S01_R03,VPLC_L1_LIGHT_10_20,SER_20260509_VPLC_L1_LIGHT_10_20_S01,vPLC_container,VPLC_HOST,704,,,2026-05-09T16:58:01.570641083Z,,,,host_log,10,20,,,,,,1,32,,technical_check,vplc_status_cycle_duration_not_validated_as_Tper,0.070,100,работает
RUN_20260509_VPLC_L1_LIGHT_10_20_S01_R03,VPLC_L1_LIGHT_10_20,SER_20260509_VPLC_L1_LIGHT_10_20_S01,vPLC_container,VPLC_HOST,705,,,2026-05-09T16:58:02.626077071Z,,,,host_log,10,20,,,,,,1,32,,technical_check,vplc_status_cycle_duration_not_validated_as_Tper,0.048,100,работает
RUN_20260509_VPLC_L1_LIGHT_10_20_S01_R03,VPLC_L1_LIGHT_10_20,SER_20260509_VPLC_L1_LIGHT_10_20_S01,vPLC_container,VPLC_HOST,706,,,2026-05-09T16:58:03.678948747Z,,,,host_log,10,20,,,,,,1,32,,technical_check,vplc_status_cycle_duration_not_validated_as_Tper,0.069,100,работает
RUN_20260509_VPLC_L1_LIGHT_10_20_S01_R03,VPLC_L1_LIGHT_10_20,SER_20260509_VPLC_L1_LIGHT_10_20_S01,vPLC_container,VPLC_HOST,707,,,2026-05-09T16:58:04.734011236Z,,,,host_log,10,20,,,,,,1,32,,technical_check,vplc_status_cycle_duration_not_validated_as_Tper,0.048,100,работает
RUN_20260509_VPLC_L1_LIGHT_10_20_S01_R03,VPLC_L1_LIGHT_10_20,SER_20260509_VPLC_L1_LIGHT_10_20_S01,vPLC_container,VPLC_HOST,708,,,2026-05-09T16:58:05.788731765Z,,,,host_log,10,20,,,,,,1,32,,technical_check,vplc_status_cycle_duration_not_validated_as_Tper,0.069,100,работает
RUN_20260509_VPLC_L1_LIGHT_10_20_S01_R03,VPLC_L1_LIGHT_10_20,SER_20260509_VPLC_L1_LIGHT_10_20_S01,vPLC_container,VPLC_HOST,709,,,2026-05-09T16:58:06.843957465Z,,,,host_log,10,20,,,,,,1,32,,technical_check,vplc_status_cycle_duration_not_validated_as_Tper,0.049,100,работает
RUN_20260509_VPLC_L1_LIGHT_10_20_S01_R03,VPLC_L1_LIGHT_10_20,SER_20260509_VPLC_L1_LIGHT_10_20_S01,vPLC_container,VPLC_HOST,710,,,2026-05-09T16:58:07.902524673Z,,,,host_log,10,20,,,,,,1,32,,technical_check,vplc_status_cycle_duration_not_validated_as_Tper,0.069,100,работает
RUN_20260509_VPLC_L1_LIGHT_10_20_S01_R03,VPLC_L1_LIGHT_10_20,SER_20260509_VPLC_L1_LIGHT_10_20_S01,vPLC_container,VPLC_HOST,711,,,2026-05-09T16:58:08.957851361Z,,,,host_log,10,20,,,,,,1,32,,technical_check,vplc_status_cycle_duration_not_validated_as_Tper,0.053,100,работает
RUN_20260509_VPLC_L1_LIGHT_10_20_S01_R03,VPLC_L1_LIGHT_10_20,SER_20260509_VPLC_L1_LIGHT_10_20_S01,vPLC_container,VPLC_HOST,712,,,2026-05-09T16:58:10.013238040Z,,,,host_log,10,20,,,,,,1,32,,technical_check,vplc_status_cycle_duration_not_validated_as_Tper,0.069,100,работает
RUN_20260509_VPLC_L1_LIGHT_10_20_S01_R03,VPLC_L1_LIGHT_10_20,SER_20260509_VPLC_L1_LIGHT_10_20_S01,vPLC_container,VPLC_HOST,713,,,2026-05-09T16:58:11.066993453Z,,,,host_log,10,20,,,,,,1,32,,technical_check,vplc_status_cycle_duration_not_validated_as_Tper,0.070,100,работает
RUN_20260509_VPLC_L1_LIGHT_10_20_S01_R03,VPLC_L1_LIGHT_10_20,SER_20260509_VPLC_L1_LIGHT_10_20_S01,vPLC_container,VPLC_HOST,714,,,2026-05-09T16:58:12.125031320Z,,,,host_log,10,20,,,,,,1,32,,technical_check,vplc_status_cycle_duration_not_validated_as_Tper,0.068,100,работает
RUN_20260509_VPLC_L1_LIGHT_10_20_S01_R03,VPLC_L1_LIGHT_10_20,SER_20260509_VPLC_L1_LIGHT_10_20_S01,vPLC_container,VPLC_HOST,715,,,2026-05-09T16:58:13.177168543Z,,,,host_log,10,20,,,,,,1,32,,technical_check,vplc_status_cycle_duration_not_validated_as_Tper,0.068,100,работает
RUN_20260509_VPLC_L1_LIGHT_10_20_S01_R03,VPLC_L1_LIGHT_10_20,SER_20260509_VPLC_L1_LIGHT_10_20_S01,vPLC_container,VPLC_HOST,716,,,2026-05-09T16:58:14.234686420Z,,,,host_log,10,20,,,,,,1,32,,technical_check,vplc_status_cycle_duration_not_validated_as_Tper,0.049,100,работает
RUN_20260509_VPLC_L1_LIGHT_10_20_S01_R03,VPLC_L1_LIGHT_10_20,SER_20260509_VPLC_L1_LIGHT_10_20_S01,vPLC_container,VPLC_HOST,717,,,2026-05-09T16:58:15.287342020Z,,,,host_log,10,20,,,,,,1,32,,technical_check,vplc_status_cycle_duration_not_validated_as_Tper,0.069,100,работает
RUN_20260509_VPLC_L1_LIGHT_10_20_S01_R03,VPLC_L1_LIGHT_10_20,SER_20260509_VPLC_L1_LIGHT_10_20_S01,vPLC_container,VPLC_HOST,718,,,2026-05-09T16:58:16.341649749Z,,,,host_log,10,20,,,,,,1,32,,technical_check,vplc_status_cycle_duration_not_validated_as_Tper,3.945,100,работает
RUN_20260509_VPLC_L1_LIGHT_10_20_S01_R03,VPLC_L1_LIGHT_10_20,SER_20260509_VPLC_L1_LIGHT_10_20_S01,vPLC_container,VPLC_HOST,719,,,2026-05-09T16:58:17.396536473Z,,,,host_log,10,20,,,,,,1,32,,technical_check,vplc_status_cycle_duration_not_validated_as_Tper,4.806,100,работает
RUN_20260509_VPLC_L1_LIGHT_10_20_S01_R03,VPLC_L1_LIGHT_10_20,SER_20260509_VPLC_L1_LIGHT_10_20_S01,vPLC_container,VPLC_HOST,720,,,2026-05-09T16:58:18.454151126Z,,,,host_log,10,20,,,,,,1,32,,technical_check,vplc_status_cycle_duration_not_validated_as_Tper,0.042,100,работает
RUN_20260509_VPLC_L1_LIGHT_10_20_S01_R03,VPLC_L1_LIGHT_10_20,SER_20260509_VPLC_L1_LIGHT_10_20_S01,vPLC_container,VPLC_HOST,721,,,2026-05-09T16:58:19.508632618Z,,,,host_log,10,20,,,,,,1,32,,technical_check,vplc_status_cycle_duration_not_validated_as_Tper,0.068,100,работает
RUN_20260509_VPLC_L1_LIGHT_10_20_S01_R03,VPLC_L1_LIGHT_10_20,SER_20260509_VPLC_L1_LIGHT_10_20_S01,vPLC_container,VPLC_HOST,722,,,2026-05-09T16:58:20.564385066Z,,,,host_log,10,20,,,,,,1,32,,technical_check,vplc_status_cycle_duration_not_validated_as_Tper,0.069,100,работает
RUN_20260509_VPLC_L1_LIGHT_10_20_S01_R03,VPLC_L1_LIGHT_10_20,SER_20260509_VPLC_L1_LIGHT_10_20_S01,vPLC_container,VPLC_HOST,723,,,2026-05-09T16:58:21.620689510Z,,,,host_log,10,20,,,,,,1,32,,technical_check,vplc_status_cycle_duration_not_validated_as_Tper,0.070,100,работает
RUN_20260509_VPLC_L1_LIGHT_10_20_S01_R03,VPLC_L1_LIGHT_10_20,SER_20260509_VPLC_L1_LIGHT_10_20_S01,vPLC_container,VPLC_HOST,724,,,2026-05-09T16:58:22.673751398Z,,,,host_log,10,20,,,,,,1,32,,technical_check,vplc_status_cycle_duration_not_validated_as_Tper,0.069,100,работает
RUN_20260509_VPLC_L1_LIGHT_10_20_S01_R03,VPLC_L1_LIGHT_10_20,SER_20260509_VPLC_L1_LIGHT_10_20_S01,vPLC_container,VPLC_HOST,725,,,2026-05-09T16:58:23.730576093Z,,,,host_log,10,20,,,,,,1,32,,technical_check,vplc_status_cycle_duration_not_validated_as_Tper,0.049,100,работает
RUN_20260509_VPLC_L1_LIGHT_10_20_S01_R03,VPLC_L1_LIGHT_10_20,SER_20260509_VPLC_L1_LIGHT_10_20_S01,vPLC_container,VPLC_HOST,726,,,2026-05-09T16:58:24.783857165Z,,,,host_log,10,20,,,,,,1,32,,technical_check,vplc_status_cycle_duration_not_validated_as_Tper,0.069,100,работает
RUN_20260509_VPLC_L1_LIGHT_10_20_S01_R03,VPLC_L1_LIGHT_10_20,SER_20260509_VPLC_L1_LIGHT_10_20_S01,vPLC_container,VPLC_HOST,727,,,2026-05-09T16:58:25.841621188Z,,,,host_log,10,20,,,,,,1,32,,technical_check,vplc_status_cycle_duration_not_validated_as_Tper,0.047,100,работает
RUN_20260509_VPLC_L1_LIGHT_10_20_S01_R03,VPLC_L1_LIGHT_10_20,SER_20260509_VPLC_L1_LIGHT_10_20_S01,vPLC_container,VPLC_HOST,728,,,2026-05-09T16:58:26.896336801Z,,,,host_log,10,20,,,,,,1,32,,technical_check,vplc_status_cycle_duration_not_validated_as_Tper,0.070,100,работает
RUN_20260509_VPLC_L1_LIGHT_10_20_S01_R03,VPLC_L1_LIGHT_10_20,SER_20260509_VPLC_L1_LIGHT_10_20_S01,vPLC_container,VPLC_HOST,729,,,2026-05-09T16:58:27.952514621Z,,,,host_log,10,20,,,,,,1,32,,technical_check,vplc_status_cycle_duration_not_validated_as_Tper,0.030,100,работает
RUN_20260509_VPLC_L1_LIGHT_10_20_S01_R03,VPLC_L1_LIGHT_10_20,SER_20260509_VPLC_L1_LIGHT_10_20_S01,vPLC_container,VPLC_HOST,730,,,2026-05-09T16:58:29.005502647Z,,,,host_log,10,20,,,,,,1,32,,technical_check,vplc_status_cycle_duration_not_validated_as_Tper,0.071,100,работает
RUN_20260509_VPLC_L1_LIGHT_10_20_S01_R03,VPLC_L1_LIGHT_10_20,SER_20260509_VPLC_L1_LIGHT_10_20_S01,vPLC_container,VPLC_HOST,731,,,2026-05-09T16:58:30.062919968Z,,,,host_log,10,20,,,,,,1,32,,technical_check,vplc_status_cycle_duration_not_validated_as_Tper,0.070,100,работает
RUN_20260509_VPLC_L1_LIGHT_10_20_S01_R03,VPLC_L1_LIGHT_10_20,SER_20260509_VPLC_L1_LIGHT_10_20_S01,vPLC_container,VPLC_HOST,732,,,2026-05-09T16:58:31.118852688Z,,,,host_log,10,20,,,,,,1,32,,technical_check,vplc_status_cycle_duration_not_validated_as_Tper,0.069,100,работает
RUN_20260509_VPLC_L1_LIGHT_10_20_S01_R03,VPLC_L1_LIGHT_10_20,SER_20260509_VPLC_L1_LIGHT_10_20_S01,vPLC_container,VPLC_HOST,733,,,2026-05-09T16:58:32.171739961Z,,,,host_log,10,20,,,,,,1,32,,technical_check,vplc_status_cycle_duration_not_validated_as_Tper,0.069,100,работает
RUN_20260509_VPLC_L1_LIGHT_10_20_S01_R03,VPLC_L1_LIGHT_10_20,SER_20260509_VPLC_L1_LIGHT_10_20_S01,vPLC_container,VPLC_HOST,734,,,2026-05-09T16:58:33.227746127Z,,,,host_log,10,20,,,,,,1,32,,technical_check,vplc_status_cycle_duration_not_validated_as_Tper,0.069,100,работает
RUN_20260509_VPLC_L1_LIGHT_10_20_S01_R03,VPLC_L1_LIGHT_10_20,SER_20260509_VPLC_L1_LIGHT_10_20_S01,vPLC_container,VPLC_HOST,735,,,2026-05-09T16:58:34.285228483Z,,,,host_log,10,20,,,,,,1,32,,technical_check,vplc_status_cycle_duration_not_validated_as_Tper,0.068,100,работает
RUN_20260509_VPLC_L1_LIGHT_10_20_S01_R03,VPLC_L1_LIGHT_10_20,SER_20260509_VPLC_L1_LIGHT_10_20_S01,vPLC_container,VPLC_HOST,736,,,2026-05-09T16:58:35.337473220Z,,,,host_log,10,20,,,,,,1,32,,technical_check,vplc_status_cycle_duration_not_validated_as_Tper,4.241,100,работает
RUN_20260509_VPLC_L1_LIGHT_10_20_S01_R03,VPLC_L1_LIGHT_10_20,SER_20260509_VPLC_L1_LIGHT_10_20_S01,vPLC_container,VPLC_HOST,737,,,2026-05-09T16:58:36.391178259Z,,,,host_log,10,20,,,,,,1,32,,technical_check,vplc_status_cycle_duration_not_validated_as_Tper,4.343,100,работает
RUN_20260509_VPLC_L1_LIGHT_10_20_S01_R03,VPLC_L1_LIGHT_10_20,SER_20260509_VPLC_L1_LIGHT_10_20_S01,vPLC_container,VPLC_HOST,738,,,2026-05-09T16:58:37.451663256Z,,,,host_log,10,20,,,,,,1,32,,technical_check,vplc_status_cycle_duration_not_validated_as_Tper,0.028,100,работает
RUN_20260509_VPLC_L1_LIGHT_10_20_S01_R03,VPLC_L1_LIGHT_10_20,SER_20260509_VPLC_L1_LIGHT_10_20_S01,vPLC_container,VPLC_HOST,739,,,2026-05-09T16:58:38.505854446Z,,,,host_log,10,20,,,,,,1,32,,technical_check,vplc_status_cycle_duration_not_validated_as_Tper,0.069,100,работает
RUN_20260509_VPLC_L1_LIGHT_10_20_S01_R03,VPLC_L1_LIGHT_10_20,SER_20260509_VPLC_L1_LIGHT_10_20_S01,vPLC_container,VPLC_HOST,740,,,2026-05-09T16:58:39.561164420Z,,,,host_log,10,20,,,,,,1,32,,technical_check,vplc_status_cycle_duration_not_validated_as_Tper,0.069,100,работает
RUN_20260509_VPLC_L1_LIGHT_10_20_S01_R03,VPLC_L1_LIGHT_10_20,SER_20260509_VPLC_L1_LIGHT_10_20_S01,vPLC_container,VPLC_HOST,741,,,2026-05-09T16:58:40.617414115Z,,,,host_log,10,20,,,,,,1,32,,technical_check,vplc_status_cycle_duration_not_validated_as_Tper,0.069,100,работает
RUN_20260509_VPLC_L1_LIGHT_10_20_S01_R03,VPLC_L1_LIGHT_10_20,SER_20260509_VPLC_L1_LIGHT_10_20_S01,vPLC_container,VPLC_HOST,742,,,2026-05-09T16:58:41.671043765Z,,,,host_log,10,20,,,,,,1,32,,technical_check,vplc_status_cycle_duration_not_validated_as_Tper,0.065,100,работает
RUN_20260509_VPLC_L1_LIGHT_10_20_S01_R03,VPLC_L1_LIGHT_10_20,SER_20260509_VPLC_L1_LIGHT_10_20_S01,vPLC_container,VPLC_HOST,743,,,2026-05-09T16:58:42.726188700Z,,,,host_log,10,20,,,,,,1,32,,technical_check,vplc_status_cycle_duration_not_validated_as_Tper,0.049,100,работает
RUN_20260509_VPLC_L1_LIGHT_10_20_S01_R03,VPLC_L1_LIGHT_10_20,SER_20260509_VPLC_L1_LIGHT_10_20_S01,vPLC_container,VPLC_HOST,744,,,2026-05-09T16:58:43.779896280Z,,,,host_log,10,20,,,,,,1,32,,technical_check,vplc_status_cycle_duration_not_validated_as_Tper,0.070,100,работает
RUN_20260509_VPLC_L1_LIGHT_10_20_S01_R03,VPLC_L1_LIGHT_10_20,SER_20260509_VPLC_L1_LIGHT_10_20_S01,vPLC_container,VPLC_HOST,745,,,2026-05-09T16:58:44.835400468Z,,,,host_log,10,20,,,,,,1,32,,technical_check,vplc_status_cycle_duration_not_validated_as_Tper,0.048,100,работает
RUN_20260509_VPLC_L1_LIGHT_10_20_S01_R03,VPLC_L1_LIGHT_10_20,SER_20260509_VPLC_L1_LIGHT_10_20_S01,vPLC_container,VPLC_HOST,746,,,2026-05-09T16:58:45.892830943Z,,,,host_log,10,20,,,,,,1,32,,technical_check,vplc_status_cycle_duration_not_validated_as_Tper,0.070,100,работает
RUN_20260509_VPLC_L1_LIGHT_10_20_S01_R03,VPLC_L1_LIGHT_10_20,SER_20260509_VPLC_L1_LIGHT_10_20_S01,vPLC_container,VPLC_HOST,747,,,2026-05-09T16:58:46.948621123Z,,,,host_log,10,20,,,,,,1,32,,technical_check,vplc_status_cycle_duration_not_validated_as_Tper,0.031,100,работает
RUN_20260509_VPLC_L1_LIGHT_10_20_S01_R03,VPLC_L1_LIGHT_10_20,SER_20260509_VPLC_L1_LIGHT_10_20_S01,vPLC_container,VPLC_HOST,748,,,2026-05-09T16:58:48.002778076Z,,,,host_log,10,20,,,,,,1,32,,technical_check,vplc_status_cycle_duration_not_validated_as_Tper,0.071,100,работает
RUN_20260509_VPLC_L1_LIGHT_10_20_S01_R03,VPLC_L1_LIGHT_10_20,SER_20260509_VPLC_L1_LIGHT_10_20_S01,vPLC_container,VPLC_HOST,749,,,2026-05-09T16:58:49.056240354Z,,,,host_log,10,20,,,,,,1,32,,technical_check,vplc_status_cycle_duration_not_validated_as_Tper,0.048,100,работает
RUN_20260509_VPLC_L1_LIGHT_10_20_S01_R03,VPLC_L1_LIGHT_10_20,SER_20260509_VPLC_L1_LIGHT_10_20_S01,vPLC_container,VPLC_HOST,750,,,2026-05-09T16:58:50.113831489Z,,,,host_log,10,20,,,,,,1,32,,technical_check,vplc_status_cycle_duration_not_validated_as_Tper,0.069,100,работает
RUN_20260509_VPLC_L1_LIGHT_10_20_S01_R03,VPLC_L1_LIGHT_10_20,SER_20260509_VPLC_L1_LIGHT_10_20_S01,vPLC_container,VPLC_HOST,751,,,2026-05-09T16:58:51.166936529Z,,,,host_log,10,20,,,,,,1,32,,technical_check,vplc_status_cycle_duration_not_validated_as_Tper,0.070,100,работает
RUN_20260509_VPLC_L1_LIGHT_10_20_S01_R03,VPLC_L1_LIGHT_10_20,SER_20260509_VPLC_L1_LIGHT_10_20_S01,vPLC_container,VPLC_HOST,752,,,2026-05-09T16:58:52.223407202Z,,,,host_log,10,20,,,,,,1,32,,technical_check,vplc_status_cycle_duration_not_validated_as_Tper,0.049,100,работает
RUN_20260509_VPLC_L1_LIGHT_10_20_S01_R03,VPLC_L1_LIGHT_10_20,SER_20260509_VPLC_L1_LIGHT_10_20_S01,vPLC_container,VPLC_HOST,753,,,2026-05-09T16:58:53.279116168Z,,,,host_log,10,20,,,,,,1,32,,technical_check,vplc_status_cycle_duration_not_validated_as_Tper,0.069,100,работает
RUN_20260509_VPLC_L1_LIGHT_10_20_S01_R03,VPLC_L1_LIGHT_10_20,SER_20260509_VPLC_L1_LIGHT_10_20_S01,vPLC_container,VPLC_HOST,754,,,2026-05-09T16:58:54.331425780Z,,,,host_log,10,20,,,,,,1,32,,technical_check,vplc_status_cycle_duration_not_validated_as_Tper,4.565,100,работает
RUN_20260509_VPLC_L1_LIGHT_10_20_S01_R03,VPLC_L1_LIGHT_10_20,SER_20260509_VPLC_L1_LIGHT_10_20_S01,vPLC_container,VPLC_HOST,755,,,2026-05-09T16:58:55.389588428Z,,,,host_log,10,20,,,,,,1,32,,technical_check,vplc_status_cycle_duration_not_validated_as_Tper,4.827,100,работает
RUN_20260509_VPLC_L1_LIGHT_10_20_S01_R03,VPLC_L1_LIGHT_10_20,SER_20260509_VPLC_L1_LIGHT_10_20_S01,vPLC_container,VPLC_HOST,756,,,2026-05-09T16:58:56.445585123Z,,,,host_log,10,20,,,,,,1,32,,technical_check,vplc_status_cycle_duration_not_validated_as_Tper,0.038,100,работает
RUN_20260509_VPLC_L1_LIGHT_10_20_S01_R03,VPLC_L1_LIGHT_10_20,SER_20260509_VPLC_L1_LIGHT_10_20_S01,vPLC_container,VPLC_HOST,757,,,2026-05-09T16:58:57.500153482Z,,,,host_log,10,20,,,,,,1,32,,technical_check,vplc_status_cycle_duration_not_validated_as_Tper,0.069,100,работает
RUN_20260509_VPLC_L1_LIGHT_10_20_S01_R03,VPLC_L1_LIGHT_10_20,SER_20260509_VPLC_L1_LIGHT_10_20_S01,vPLC_container,VPLC_HOST,758,,,2026-05-09T16:58:58.553672198Z,,,,host_log,10,20,,,,,,1,32,,technical_check,vplc_status_cycle_duration_not_validated_as_Tper,0.041,100,работает
RUN_20260509_VPLC_L1_LIGHT_10_20_S01_R03,VPLC_L1_LIGHT_10_20,SER_20260509_VPLC_L1_LIGHT_10_20_S01,vPLC_container,VPLC_HOST,759,,,2026-05-09T16:58:59.611173356Z,,,,host_log,10,20,,,,,,1,32,,technical_check,vplc_status_cycle_duration_not_validated_as_Tper,0.068,100,работает
RUN_20260509_VPLC_L1_LIGHT_10_20_S01_R03,VPLC_L1_LIGHT_10_20,SER_20260509_VPLC_L1_LIGHT_10_20_S01,vPLC_container,VPLC_HOST,760,,,2026-05-09T16:59:00.666822343Z,,,,host_log,10,20,,,,,,1,32,,technical_check,vplc_status_cycle_duration_not_validated_as_Tper,0.069,100,работает
RUN_20260509_VPLC_L1_LIGHT_10_20_S01_R03,VPLC_L1_LIGHT_10_20,SER_20260509_VPLC_L1_LIGHT_10_20_S01,vPLC_container,VPLC_HOST,761,,,2026-05-09T16:59:01.722264448Z,,,,host_log,10,20,,,,,,1,32,,technical_check,vplc_status_cycle_duration_not_validated_as_Tper,0.067,100,работает
RUN_20260509_VPLC_L1_LIGHT_10_20_S01_R03,VPLC_L1_LIGHT_10_20,SER_20260509_VPLC_L1_LIGHT_10_20_S01,vPLC_container,VPLC_HOST,762,,,2026-05-09T16:59:02.777235708Z,,,,host_log,10,20,,,,,,1,32,,technical_check,vplc_status_cycle_duration_not_validated_as_Tper,0.070,100,работает
RUN_20260509_VPLC_L1_LIGHT_10_20_S01_R03,VPLC_L1_LIGHT_10_20,SER_20260509_VPLC_L1_LIGHT_10_20_S01,vPLC_container,VPLC_HOST,763,,,2026-05-09T16:59:03.830388733Z,,,,host_log,10,20,,,,,,1,32,,technical_check,vplc_status_cycle_duration_not_validated_as_Tper,0.050,100,работает
RUN_20260509_VPLC_L1_LIGHT_10_20_S01_R03,VPLC_L1_LIGHT_10_20,SER_20260509_VPLC_L1_LIGHT_10_20_S01,vPLC_container,VPLC_HOST,764,,,2026-05-09T16:59:04.887949543Z,,,,host_log,10,20,,,,,,1,32,,technical_check,vplc_status_cycle_duration_not_validated_as_Tper,0.068,100,работает
RUN_20260509_VPLC_L1_LIGHT_10_20_S01_R03,VPLC_L1_LIGHT_10_20,SER_20260509_VPLC_L1_LIGHT_10_20_S01,vPLC_container,VPLC_HOST,765,,,2026-05-09T16:59:05.943582496Z,,,,host_log,10,20,,,,,,1,32,,technical_check,vplc_status_cycle_duration_not_validated_as_Tper,0.049,100,работает
RUN_20260509_VPLC_L1_LIGHT_10_20_S01_R03,VPLC_L1_LIGHT_10_20,SER_20260509_VPLC_L1_LIGHT_10_20_S01,vPLC_container,VPLC_HOST,766,,,2026-05-09T16:59:06.998854237Z,,,,host_log,10,20,,,,,,1,32,,technical_check,vplc_status_cycle_duration_not_validated_as_Tper,0.071,100,работает
RUN_20260509_VPLC_L1_LIGHT_10_20_S01_R03,VPLC_L1_LIGHT_10_20,SER_20260509_VPLC_L1_LIGHT_10_20_S01,vPLC_container,VPLC_HOST,767,,,2026-05-09T16:59:08.051503555Z,,,,host_log,10,20,,,,,,1,32,,technical_check,vplc_status_cycle_duration_not_validated_as_Tper,0.029,100,работает
RUN_20260509_VPLC_L1_LIGHT_10_20_S01_R03,VPLC_L1_LIGHT_10_20,SER_20260509_VPLC_L1_LIGHT_10_20_S01,vPLC_container,VPLC_HOST,768,,,2026-05-09T16:59:09.109722848Z,,,,host_log,10,20,,,,,,1,32,,technical_check,vplc_status_cycle_duration_not_validated_as_Tper,0.071,100,работает
RUN_20260509_VPLC_L1_LIGHT_10_20_S01_R03,VPLC_L1_LIGHT_10_20,SER_20260509_VPLC_L1_LIGHT_10_20_S01,vPLC_container,VPLC_HOST,769,,,2026-05-09T16:59:10.163894179Z,,,,host_log,10,20,,,,,,1,32,,technical_check,vplc_status_cycle_duration_not_validated_as_Tper,0.069,100,работает
RUN_20260509_VPLC_L1_LIGHT_10_20_S01_R03,VPLC_L1_LIGHT_10_20,SER_20260509_VPLC_L1_LIGHT_10_20_S01,vPLC_container,VPLC_HOST,770,,,2026-05-09T16:59:11.219374734Z,,,,host_log,10,20,,,,,,1,32,,technical_check,vplc_status_cycle_duration_not_validated_as_Tper,0.070,100,работает
RUN_20260509_VPLC_L1_LIGHT_10_20_S01_R03,VPLC_L1_LIGHT_10_20,SER_20260509_VPLC_L1_LIGHT_10_20_S01,vPLC_container,VPLC_HOST,771,,,2026-05-09T16:59:12.276098673Z,,,,host_log,10,20,,,,,,1,32,,technical_check,vplc_status_cycle_duration_not_validated_as_Tper,0.069,100,работает
RUN_20260509_VPLC_L1_LIGHT_10_20_S01_R03,VPLC_L1_LIGHT_10_20,SER_20260509_VPLC_L1_LIGHT_10_20_S01,vPLC_container,VPLC_HOST,772,,,2026-05-09T16:59:13.331171955Z,,,,host_log,10,20,,,,,,1,32,,technical_check,vplc_status_cycle_duration_not_validated_as_Tper,4.629,100,работает
RUN_20260509_VPLC_L1_LIGHT_10_20_S01_R03,VPLC_L1_LIGHT_10_20,SER_20260509_VPLC_L1_LIGHT_10_20_S01,vPLC_container,VPLC_HOST,773,,,2026-05-09T16:59:14.383085620Z,,,,host_log,10,20,,,,,,1,32,,technical_check,vplc_status_cycle_duration_not_validated_as_Tper,4.922,100,работает
RUN_20260509_VPLC_L1_LIGHT_10_20_S01_R03,VPLC_L1_LIGHT_10_20,SER_20260509_VPLC_L1_LIGHT_10_20_S01,vPLC_container,VPLC_HOST,774,,,2026-05-09T16:59:15.442425628Z,,,,host_log,10,20,,,,,,1,32,,technical_check,vplc_status_cycle_duration_not_validated_as_Tper,0.048,100,работает
RUN_20260509_VPLC_L1_LIGHT_10_20_S01_R03,VPLC_L1_LIGHT_10_20,SER_20260509_VPLC_L1_LIGHT_10_20_S01,vPLC_container,VPLC_HOST,775,,,2026-05-09T16:59:16.496524849Z,,,,host_log,10,20,,,,,,1,32,,technical_check,vplc_status_cycle_duration_not_validated_as_Tper,0.070,100,работает
RUN_20260509_VPLC_L1_LIGHT_10_20_S01_R03,VPLC_L1_LIGHT_10_20,SER_20260509_VPLC_L1_LIGHT_10_20_S01,vPLC_container,VPLC_HOST,776,,,2026-05-09T16:59:17.552251528Z,,,,host_log,10,20,,,,,,1,32,,technical_check,vplc_status_cycle_duration_not_validated_as_Tper,0.028,100,работает
RUN_20260509_VPLC_L1_LIGHT_10_20_S01_R03,VPLC_L1_LIGHT_10_20,SER_20260509_VPLC_L1_LIGHT_10_20_S01,vPLC_container,VPLC_HOST,777,,,2026-05-09T16:59:18.605061417Z,,,,host_log,10,20,,,,,,1,32,,technical_check,vplc_status_cycle_duration_not_validated_as_Tper,0.069,100,работает
RUN_20260509_VPLC_L1_LIGHT_10_20_S01_R03,VPLC_L1_LIGHT_10_20,SER_20260509_VPLC_L1_LIGHT_10_20_S01,vPLC_container,VPLC_HOST,778,,,2026-05-09T16:59:19.664265111Z,,,,host_log,10,20,,,,,,1,32,,technical_check,vplc_status_cycle_duration_not_validated_as_Tper,0.069,100,работает
RUN_20260509_VPLC_L1_LIGHT_10_20_S01_R03,VPLC_L1_LIGHT_10_20,SER_20260509_VPLC_L1_LIGHT_10_20_S01,vPLC_container,VPLC_HOST,779,,,2026-05-09T16:59:20.718350291Z,,,,host_log,10,20,,,,,,1,32,,technical_check,vplc_status_cycle_duration_not_validated_as_Tper,0.070,100,работает
RUN_20260509_VPLC_L1_LIGHT_10_20_S01_R03,VPLC_L1_LIGHT_10_20,SER_20260509_VPLC_L1_LIGHT_10_20_S01,vPLC_container,VPLC_HOST,780,,,2026-05-09T16:59:21.773602242Z,,,,host_log,10,20,,,,,,1,32,,technical_check,vplc_status_cycle_duration_not_validated_as_Tper,0.069,100,работает
RUN_20260509_VPLC_L1_LIGHT_10_20_S01_R03,VPLC_L1_LIGHT_10_20,SER_20260509_VPLC_L1_LIGHT_10_20_S01,vPLC_container,VPLC_HOST,781,,,2026-05-09T16:59:22.827718301Z,,,,host_log,10,20,,,,,,1,32,,technical_check,vplc_status_cycle_duration_not_validated_as_Tper,0.070,100,работает
RUN_20260509_VPLC_L1_LIGHT_10_20_S01_R03,VPLC_L1_LIGHT_10_20,SER_20260509_VPLC_L1_LIGHT_10_20_S01,vPLC_container,VPLC_HOST,782,,,2026-05-09T16:59:23.884700553Z,,,,host_log,10,20,,,,,,1,32,,technical_check,vplc_status_cycle_duration_not_validated_as_Tper,0.069,100,работает
RUN_20260509_VPLC_L1_LIGHT_10_20_S01_R03,VPLC_L1_LIGHT_10_20,SER_20260509_VPLC_L1_LIGHT_10_20_S01,vPLC_container,VPLC_HOST,783,,,2026-05-09T16:59:24.941035889Z,,,,host_log,10,20,,,,,,1,32,,technical_check,vplc_status_cycle_duration_not_validated_as_Tper,0.048,100,работает
RUN_20260509_VPLC_L1_LIGHT_10_20_S01_R03,VPLC_L1_LIGHT_10_20,SER_20260509_VPLC_L1_LIGHT_10_20_S01,vPLC_container,VPLC_HOST,784,,,2026-05-09T16:59:25.995825842Z,,,,host_log,10,20,,,,,,1,32,,technical_check,vplc_status_cycle_duration_not_validated_as_Tper,0.071,100,работает
RUN_20260509_VPLC_L1_LIGHT_10_20_S01_R03,VPLC_L1_LIGHT_10_20,SER_20260509_VPLC_L1_LIGHT_10_20_S01,vPLC_container,VPLC_HOST,785,,,2026-05-09T16:59:27.051393456Z,,,,host_log,10,20,,,,,,1,32,,technical_check,vplc_status_cycle_duration_not_validated_as_Tper,0.028,100,работает
RUN_20260509_VPLC_L1_LIGHT_10_20_S01_R03,VPLC_L1_LIGHT_10_20,SER_20260509_VPLC_L1_LIGHT_10_20_S01,vPLC_container,VPLC_HOST,786,,,2026-05-09T16:59:28.106876369Z,,,,host_log,10,20,,,,,,1,32,,technical_check,vplc_status_cycle_duration_not_validated_as_Tper,0.070,100,работает
RUN_20260509_VPLC_L1_LIGHT_10_20_S01_R03,VPLC_L1_LIGHT_10_20,SER_20260509_VPLC_L1_LIGHT_10_20_S01,vPLC_container,VPLC_HOST,787,,,2026-05-09T16:59:29.161748675Z,,,,host_log,10,20,,,,,,1,32,,technical_check,vplc_status_cycle_duration_not_validated_as_Tper,0.067,100,работает
RUN_20260509_VPLC_L1_LIGHT_10_20_S01_R03,VPLC_L1_LIGHT_10_20,SER_20260509_VPLC_L1_LIGHT_10_20_S01,vPLC_container,VPLC_HOST,788,,,2026-05-09T16:59:30.217419947Z,,,,host_log,10,20,,,,,,1,32,,technical_check,vplc_status_cycle_duration_not_validated_as_Tper,0.070,100,работает
RUN_20260509_VPLC_L1_LIGHT_10_20_S01_R03,VPLC_L1_LIGHT_10_20,SER_20260509_VPLC_L1_LIGHT_10_20_S01,vPLC_container,VPLC_HOST,789,,,2026-05-09T16:59:31.272501280Z,,,,host_log,10,20,,,,,,1,32,,technical_check,vplc_status_cycle_duration_not_validated_as_Tper,0.069,100,работает
RUN_20260509_VPLC_L1_LIGHT_10_20_S01_R03,VPLC_L1_LIGHT_10_20,SER_20260509_VPLC_L1_LIGHT_10_20_S01,vPLC_container,VPLC_HOST,790,,,2026-05-09T16:59:32.325295949Z,,,,host_log,10,20,,,,,,1,32,,technical_check,vplc_status_cycle_duration_not_validated_as_Tper,4.511,100,работает
RUN_20260509_VPLC_L1_LIGHT_10_20_S01_R03,VPLC_L1_LIGHT_10_20,SER_20260509_VPLC_L1_LIGHT_10_20_S01,vPLC_container,VPLC_HOST,791,,,2026-05-09T16:59:33.383353324Z,,,,host_log,10,20,,,,,,1,32,,technical_check,vplc_status_cycle_duration_not_validated_as_Tper,4.930,100,работает
RUN_20260509_VPLC_L1_LIGHT_10_20_S01_R03,VPLC_L1_LIGHT_10_20,SER_20260509_VPLC_L1_LIGHT_10_20_S01,vPLC_container,VPLC_HOST,792,,,2026-05-09T16:59:34.438039392Z,,,,host_log,10,20,,,,,,1,32,,technical_check,vplc_status_cycle_duration_not_validated_as_Tper,0.048,100,работает
RUN_20260509_VPLC_L1_LIGHT_10_20_S01_R03,VPLC_L1_LIGHT_10_20,SER_20260509_VPLC_L1_LIGHT_10_20_S01,vPLC_container,VPLC_HOST,793,,,2026-05-09T16:59:35.493682889Z,,,,host_log,10,20,,,,,,1,32,,technical_check,vplc_status_cycle_duration_not_validated_as_Tper,0.070,100,работает
RUN_20260509_VPLC_L1_LIGHT_10_20_S01_R03,VPLC_L1_LIGHT_10_20,SER_20260509_VPLC_L1_LIGHT_10_20_S01,vPLC_container,VPLC_HOST,794,,,2026-05-09T16:59:36.548299277Z,,,,host_log,10,20,,,,,,1,32,,technical_check,vplc_status_cycle_duration_not_validated_as_Tper,0.034,100,работает
RUN_20260509_VPLC_L1_LIGHT_10_20_S01_R03,VPLC_L1_LIGHT_10_20,SER_20260509_VPLC_L1_LIGHT_10_20_S01,vPLC_container,VPLC_HOST,795,,,2026-05-09T16:59:37.601623070Z,,,,host_log,10,20,,,,,,1,32,,technical_check,vplc_status_cycle_duration_not_validated_as_Tper,0.068,100,работает
RUN_20260509_VPLC_L1_LIGHT_10_20_S01_R03,VPLC_L1_LIGHT_10_20,SER_20260509_VPLC_L1_LIGHT_10_20_S01,vPLC_container,VPLC_HOST,796,,,2026-05-09T16:59:38.660406470Z,,,,host_log,10,20,,,,,,1,32,,technical_check,vplc_status_cycle_duration_not_validated_as_Tper,0.066,100,работает
RUN_20260509_VPLC_L1_LIGHT_10_20_S01_R03,VPLC_L1_LIGHT_10_20,SER_20260509_VPLC_L1_LIGHT_10_20_S01,vPLC_container,VPLC_HOST,797,,,2026-05-09T16:59:39.714480940Z,,,,host_log,10,20,,,,,,1,32,,technical_check,vplc_status_cycle_duration_not_validated_as_Tper,0.069,100,работает
RUN_20260509_VPLC_L1_LIGHT_10_20_S01_R03,VPLC_L1_LIGHT_10_20,SER_20260509_VPLC_L1_LIGHT_10_20_S01,vPLC_container,VPLC_HOST,798,,,2026-05-09T16:59:40.767167184Z,,,,host_log,10,20,,,,,,1,32,,technical_check,vplc_status_cycle_duration_not_validated_as_Tper,0.070,100,работает
RUN_20260509_VPLC_L1_LIGHT_10_20_S01_R03,VPLC_L1_LIGHT_10_20,SER_20260509_VPLC_L1_LIGHT_10_20_S01,vPLC_container,VPLC_HOST,799,,,2026-05-09T16:59:41.823991876Z,,,,host_log,10,20,,,,,,1,32,,technical_check,vplc_status_cycle_duration_not_validated_as_Tper,0.070,100,работает
RUN_20260509_VPLC_L1_LIGHT_10_20_S01_R03,VPLC_L1_LIGHT_10_20,SER_20260509_VPLC_L1_LIGHT_10_20_S01,vPLC_container,VPLC_HOST,800,,,2026-05-09T16:59:42.880519665Z,,,,host_log,10,20,,,,,,1,32,,technical_check,vplc_status_cycle_duration_not_validated_as_Tper,0.069,100,работает
RUN_20260509_VPLC_L1_LIGHT_10_20_S01_R03,VPLC_L1_LIGHT_10_20,SER_20260509_VPLC_L1_LIGHT_10_20_S01,vPLC_container,VPLC_HOST,801,,,2026-05-09T16:59:43.934584870Z,,,,host_log,10,20,,,,,,1,32,,technical_check,vplc_status_cycle_duration_not_validated_as_Tper,0.050,100,работает
RUN_20260509_VPLC_L1_LIGHT_10_20_S01_R03,VPLC_L1_LIGHT_10_20,SER_20260509_VPLC_L1_LIGHT_10_20_S01,vPLC_container,VPLC_HOST,802,,,2026-05-09T16:59:44.992572844Z,,,,host_log,10,20,,,,,,1,32,,technical_check,vplc_status_cycle_duration_not_validated_as_Tper,0.072,100,работает
RUN_20260509_VPLC_L1_LIGHT_10_20_S01_R03,VPLC_L1_LIGHT_10_20,SER_20260509_VPLC_L1_LIGHT_10_20_S01,vPLC_container,VPLC_HOST,803,,,2026-05-09T16:59:46.045561347Z,,,,host_log,10,20,,,,,,1,32,,technical_check,vplc_status_cycle_duration_not_validated_as_Tper,0.042,100,работает
RUN_20260509_VPLC_L1_LIGHT_10_20_S01_R03,VPLC_L1_LIGHT_10_20,SER_20260509_VPLC_L1_LIGHT_10_20_S01,vPLC_container,VPLC_HOST,804,,,2026-05-09T16:59:47.102930886Z,,,,host_log,10,20,,,,,,1,32,,technical_check,vplc_status_cycle_duration_not_validated_as_Tper,0.070,100,работает
RUN_20260509_VPLC_L1_LIGHT_10_20_S01_R03,VPLC_L1_LIGHT_10_20,SER_20260509_VPLC_L1_LIGHT_10_20_S01,vPLC_container,VPLC_HOST,805,,,2026-05-09T16:59:48.155269940Z,,,,host_log,10,20,,,,,,1,32,,technical_check,vplc_status_cycle_duration_not_validated_as_Tper,0.037,100,работает
RUN_20260509_VPLC_L1_LIGHT_10_20_S01_R03,VPLC_L1_LIGHT_10_20,SER_20260509_VPLC_L1_LIGHT_10_20_S01,vPLC_container,VPLC_HOST,806,,,2026-05-09T16:59:49.212786986Z,,,,host_log,10,20,,,,,,1,32,,technical_check,vplc_status_cycle_duration_not_validated_as_Tper,0.071,100,работает
RUN_20260509_VPLC_L1_LIGHT_10_20_S01_R03,VPLC_L1_LIGHT_10_20,SER_20260509_VPLC_L1_LIGHT_10_20_S01,vPLC_container,VPLC_HOST,807,,,2026-05-09T16:59:50.270461804Z,,,,host_log,10,20,,,,,,1,32,,technical_check,vplc_status_cycle_duration_not_validated_as_Tper,0.070,100,работает
RUN_20260509_VPLC_L1_LIGHT_10_20_S01_R03,VPLC_L1_LIGHT_10_20,SER_20260509_VPLC_L1_LIGHT_10_20_S01,vPLC_container,VPLC_HOST,808,,,2026-05-09T16:59:51.322737030Z,,,,host_log,10,20,,,,,,1,32,,technical_check,vplc_status_cycle_duration_not_validated_as_Tper,0.069,100,работает
RUN_20260509_VPLC_L1_LIGHT_10_20_S01_R03,VPLC_L1_LIGHT_10_20,SER_20260509_VPLC_L1_LIGHT_10_20_S01,vPLC_container,VPLC_HOST,809,,,2026-05-09T16:59:52.378914153Z,,,,host_log,10,20,,,,,,1,32,,technical_check,vplc_status_cycle_duration_not_validated_as_Tper,4.671,100,работает
RUN_20260509_VPLC_L1_LIGHT_10_20_S01_R03,VPLC_L1_LIGHT_10_20,SER_20260509_VPLC_L1_LIGHT_10_20_S01,vPLC_container,VPLC_HOST,810,,,2026-05-09T16:59:53.435220915Z,,,,host_log,10,20,,,,,,1,32,,technical_check,vplc_status_cycle_duration_not_validated_as_Tper,0.049,100,работает
RUN_20260509_VPLC_L1_LIGHT_10_20_S01_R03,VPLC_L1_LIGHT_10_20,SER_20260509_VPLC_L1_LIGHT_10_20_S01,vPLC_container,VPLC_HOST,811,,,2026-05-09T16:59:54.486994951Z,,,,host_log,10,20,,,,,,1,32,,technical_check,vplc_status_cycle_duration_not_validated_as_Tper,0.068,100,работает
RUN_20260509_VPLC_L1_LIGHT_10_20_S01_R03,VPLC_L1_LIGHT_10_20,SER_20260509_VPLC_L1_LIGHT_10_20_S01,vPLC_container,VPLC_HOST,812,,,2026-05-09T16:59:55.545148380Z,,,,host_log,10,20,,,,,,1,32,,technical_check,vplc_status_cycle_duration_not_validated_as_Tper,0.041,100,работает
RUN_20260509_VPLC_L1_LIGHT_10_20_S01_R03,VPLC_L1_LIGHT_10_20,SER_20260509_VPLC_L1_LIGHT_10_20_S01,vPLC_container,VPLC_HOST,813,,,2026-05-09T16:59:56.600720609Z,,,,host_log,10,20,,,,,,1,32,,technical_check,vplc_status_cycle_duration_not_validated_as_Tper,0.069,100,работает
RUN_20260509_VPLC_L1_LIGHT_10_20_S01_R03,VPLC_L1_LIGHT_10_20,SER_20260509_VPLC_L1_LIGHT_10_20_S01,vPLC_container,VPLC_HOST,814,,,2026-05-09T16:59:57.656865512Z,,,,host_log,10,20,,,,,,1,32,,technical_check,vplc_status_cycle_duration_not_validated_as_Tper,0.043,100,работает
RUN_20260509_VPLC_L1_LIGHT_10_20_S01_R03,VPLC_L1_LIGHT_10_20,SER_20260509_VPLC_L1_LIGHT_10_20_S01,vPLC_container,VPLC_HOST,815,,,2026-05-09T16:59:58.710198625Z,,,,host_log,10,20,,,,,,1,32,,technical_check,vplc_status_cycle_duration_not_validated_as_Tper,0.069,100,работает
RUN_20260509_VPLC_L1_LIGHT_10_20_S01_R03,VPLC_L1_LIGHT_10_20,SER_20260509_VPLC_L1_LIGHT_10_20_S01,vPLC_container,VPLC_HOST,816,,,2026-05-09T16:59:59.767122845Z,,,,host_log,10,20,,,,,,1,32,,technical_check,vplc_status_cycle_duration_not_validated_as_Tper,0.070,100,работает
RUN_20260509_VPLC_L1_LIGHT_10_20_S01_R03,VPLC_L1_LIGHT_10_20,SER_20260509_VPLC_L1_LIGHT_10_20_S01,vPLC_container,VPLC_HOST,817,,,2026-05-09T17:00:00.823091316Z,,,,host_log,10,20,,,,,,1,32,,technical_check,vplc_status_cycle_duration_not_validated_as_Tper,0.049,100,работает
RUN_20260509_VPLC_L1_LIGHT_10_20_S01_R03,VPLC_L1_LIGHT_10_20,SER_20260509_VPLC_L1_LIGHT_10_20_S01,vPLC_container,VPLC_HOST,818,,,2026-05-09T17:00:01.875139561Z,,,,host_log,10,20,,,,,,1,32,,technical_check,vplc_status_cycle_duration_not_validated_as_Tper,0.068,100,работает
RUN_20260509_VPLC_L1_LIGHT_10_20_S01_R03,VPLC_L1_LIGHT_10_20,SER_20260509_VPLC_L1_LIGHT_10_20_S01,vPLC_container,VPLC_HOST,819,,,2026-05-09T17:00:02.930939202Z,,,,host_log,10,20,,,,,,1,32,,technical_check,vplc_status_cycle_duration_not_validated_as_Tper,0.050,100,работает
RUN_20260509_VPLC_L1_LIGHT_10_20_S01_R03,VPLC_L1_LIGHT_10_20,SER_20260509_VPLC_L1_LIGHT_10_20_S01,vPLC_container,VPLC_HOST,820,,,2026-05-09T17:00:03.989173819Z,,,,host_log,10,20,,,,,,1,32,,technical_check,vplc_status_cycle_duration_not_validated_as_Tper,0.070,100,работает
RUN_20260509_VPLC_L1_LIGHT_10_20_S01_R03,VPLC_L1_LIGHT_10_20,SER_20260509_VPLC_L1_LIGHT_10_20_S01,vPLC_container,VPLC_HOST,821,,,2026-05-09T17:00:05.044214180Z,,,,host_log,10,20,,,,,,1,32,,technical_check,vplc_status_cycle_duration_not_validated_as_Tper,0.049,100,работает
RUN_20260509_VPLC_L1_LIGHT_10_20_S01_R03,VPLC_L1_LIGHT_10_20,SER_20260509_VPLC_L1_LIGHT_10_20_S01,vPLC_container,VPLC_HOST,822,,,2026-05-09T17:00:06.099711424Z,,,,host_log,10,20,,,,,,1,32,,technical_check,vplc_status_cycle_duration_not_validated_as_Tper,0.069,100,работает
RUN_20260509_VPLC_L1_LIGHT_10_20_S01_R03,VPLC_L1_LIGHT_10_20,SER_20260509_VPLC_L1_LIGHT_10_20_S01,vPLC_container,VPLC_HOST,823,,,2026-05-09T17:00:07.155767518Z,,,,host_log,10,20,,,,,,1,32,,technical_check,vplc_status_cycle_duration_not_validated_as_Tper,0.047,100,работает
RUN_20260509_VPLC_L1_LIGHT_10_20_S01_R03,VPLC_L1_LIGHT_10_20,SER_20260509_VPLC_L1_LIGHT_10_20_S01,vPLC_container,VPLC_HOST,824,,,2026-05-09T17:00:08.210817026Z,,,,host_log,10,20,,,,,,1,32,,technical_check,vplc_status_cycle_duration_not_validated_as_Tper,0.069,100,работает
RUN_20260509_VPLC_L1_LIGHT_10_20_S01_R03,VPLC_L1_LIGHT_10_20,SER_20260509_VPLC_L1_LIGHT_10_20_S01,vPLC_container,VPLC_HOST,825,,,2026-05-09T17:00:09.265236939Z,,,,host_log,10,20,,,,,,1,32,,technical_check,vplc_status_cycle_duration_not_validated_as_Tper,0.068,100,работает
RUN_20260509_VPLC_L1_LIGHT_10_20_S01_R03,VPLC_L1_LIGHT_10_20,SER_20260509_VPLC_L1_LIGHT_10_20_S01,vPLC_container,VPLC_HOST,826,,,2026-05-09T17:00:10.320979821Z,,,,host_log,10,20,,,,,,1,32,,technical_check,vplc_status_cycle_duration_not_validated_as_Tper,0.070,100,работает
RUN_20260509_VPLC_L1_LIGHT_10_20_S01_R03,VPLC_L1_LIGHT_10_20,SER_20260509_VPLC_L1_LIGHT_10_20_S01,vPLC_container,VPLC_HOST,827,,,2026-05-09T17:00:11.374457738Z,,,,host_log,10,20,,,,,,1,32,,technical_check,vplc_status_cycle_duration_not_validated_as_Tper,4.361,100,работает
RUN_20260509_VPLC_L1_LIGHT_10_20_S01_R03,VPLC_L1_LIGHT_10_20,SER_20260509_VPLC_L1_LIGHT_10_20_S01,vPLC_container,VPLC_HOST,828,,,2026-05-09T17:00:12.431136495Z,,,,host_log,10,20,,,,,,1,32,,technical_check,vplc_status_cycle_duration_not_validated_as_Tper,0.048,100,работает
RUN_20260509_VPLC_L1_LIGHT_10_20_S01_R03,VPLC_L1_LIGHT_10_20,SER_20260509_VPLC_L1_LIGHT_10_20_S01,vPLC_container,VPLC_HOST,829,,,2026-05-09T17:00:13.486711391Z,,,,host_log,10,20,,,,,,1,32,,technical_check,vplc_status_cycle_duration_not_validated_as_Tper,0.069,100,работает
RUN_20260509_VPLC_L1_LIGHT_10_20_S01_R03,VPLC_L1_LIGHT_10_20,SER_20260509_VPLC_L1_LIGHT_10_20_S01,vPLC_container,VPLC_HOST,830,,,2026-05-09T17:00:14.542135881Z,,,,host_log,10,20,,,,,,1,32,,technical_check,vplc_status_cycle_duration_not_validated_as_Tper,0.049,100,работает
RUN_20260509_VPLC_L1_LIGHT_10_20_S01_R03,VPLC_L1_LIGHT_10_20,SER_20260509_VPLC_L1_LIGHT_10_20_S01,vPLC_container,VPLC_HOST,831,,,2026-05-09T17:00:15.597368201Z,,,,host_log,10,20,,,,,,1,32,,technical_check,vplc_status_cycle_duration_not_validated_as_Tper,0.069,100,работает
RUN_20260509_VPLC_L1_LIGHT_10_20_S01_R03,VPLC_L1_LIGHT_10_20,SER_20260509_VPLC_L1_LIGHT_10_20_S01,vPLC_container,VPLC_HOST,832,,,2026-05-09T17:00:16.651981570Z,,,,host_log,10,20,,,,,,1,32,,technical_check,vplc_status_cycle_duration_not_validated_as_Tper,0.028,100,работает
RUN_20260509_VPLC_L1_LIGHT_10_20_S01_R03,VPLC_L1_LIGHT_10_20,SER_20260509_VPLC_L1_LIGHT_10_20_S01,vPLC_container,VPLC_HOST,833,,,2026-05-09T17:00:17.708002712Z,,,,host_log,10,20,,,,,,1,32,,technical_check,vplc_status_cycle_duration_not_validated_as_Tper,0.068,100,работает
RUN_20260509_VPLC_L1_LIGHT_10_20_S01_R03,VPLC_L1_LIGHT_10_20,SER_20260509_VPLC_L1_LIGHT_10_20_S01,vPLC_container,VPLC_HOST,834,,,2026-05-09T17:00:18.763618337Z,,,,host_log,10,20,,,,,,1,32,,technical_check,vplc_status_cycle_duration_not_validated_as_Tper,0.070,100,работает
RUN_20260509_VPLC_L1_LIGHT_10_20_S01_R03,VPLC_L1_LIGHT_10_20,SER_20260509_VPLC_L1_LIGHT_10_20_S01,vPLC_container,VPLC_HOST,835,,,2026-05-09T17:00:19.818861827Z,,,,host_log,10,20,,,,,,1,32,,technical_check,vplc_status_cycle_duration_not_validated_as_Tper,0.068,100,работает
RUN_20260509_VPLC_L1_LIGHT_10_20_S01_R03,VPLC_L1_LIGHT_10_20,SER_20260509_VPLC_L1_LIGHT_10_20_S01,vPLC_container,VPLC_HOST,836,,,2026-05-09T17:00:20.873814382Z,,,,host_log,10,20,,,,,,1,32,,technical_check,vplc_status_cycle_duration_not_validated_as_Tper,0.069,100,работает
RUN_20260509_VPLC_L1_LIGHT_10_20_S01_R03,VPLC_L1_LIGHT_10_20,SER_20260509_VPLC_L1_LIGHT_10_20_S01,vPLC_container,VPLC_HOST,837,,,2026-05-09T17:00:21.926907488Z,,,,host_log,10,20,,,,,,1,32,,technical_check,vplc_status_cycle_duration_not_validated_as_Tper,0.049,100,работает
RUN_20260509_VPLC_L1_LIGHT_10_20_S01_R03,VPLC_L1_LIGHT_10_20,SER_20260509_VPLC_L1_LIGHT_10_20_S01,vPLC_container,VPLC_HOST,838,,,2026-05-09T17:00:22.984651636Z,,,,host_log,10,20,,,,,,1,32,,technical_check,vplc_status_cycle_duration_not_validated_as_Tper,0.070,100,работает
RUN_20260509_VPLC_L1_LIGHT_10_20_S01_R03,VPLC_L1_LIGHT_10_20,SER_20260509_VPLC_L1_LIGHT_10_20_S01,vPLC_container,VPLC_HOST,839,,,2026-05-09T17:00:24.039656953Z,,,,host_log,10,20,,,,,,1,32,,technical_check,vplc_status_cycle_duration_not_validated_as_Tper,0.049,100,работает
RUN_20260509_VPLC_L1_LIGHT_10_20_S01_R03,VPLC_L1_LIGHT_10_20,SER_20260509_VPLC_L1_LIGHT_10_20_S01,vPLC_container,VPLC_HOST,840,,,2026-05-09T17:00:25.094998657Z,,,,host_log,10,20,,,,,,1,32,,technical_check,vplc_status_cycle_duration_not_validated_as_Tper,0.068,100,работает
RUN_20260509_VPLC_L1_LIGHT_10_20_S01_R03,VPLC_L1_LIGHT_10_20,SER_20260509_VPLC_L1_LIGHT_10_20_S01,vPLC_container,VPLC_HOST,841,,,2026-05-09T17:00:26.148211700Z,,,,host_log,10,20,,,,,,1,32,,technical_check,vplc_status_cycle_duration_not_validated_as_Tper,0.033,100,работает
RUN_20260509_VPLC_L1_LIGHT_10_20_S01_R03,VPLC_L1_LIGHT_10_20,SER_20260509_VPLC_L1_LIGHT_10_20_S01,vPLC_container,VPLC_HOST,842,,,2026-05-09T17:00:27.205552034Z,,,,host_log,10,20,,,,,,1,32,,technical_check,vplc_status_cycle_duration_not_validated_as_Tper,0.068,100,работает
RUN_20260509_VPLC_L1_LIGHT_10_20_S01_R03,VPLC_L1_LIGHT_10_20,SER_20260509_VPLC_L1_LIGHT_10_20_S01,vPLC_container,VPLC_HOST,843,,,2026-05-09T17:00:28.261499274Z,,,,host_log,10,20,,,,,,1,32,,technical_check,vplc_status_cycle_duration_not_validated_as_Tper,0.069,100,работает
RUN_20260509_VPLC_L1_LIGHT_10_20_S01_R03,VPLC_L1_LIGHT_10_20,SER_20260509_VPLC_L1_LIGHT_10_20_S01,vPLC_container,VPLC_HOST,844,,,2026-05-09T17:00:29.316448030Z,,,,host_log,10,20,,,,,,1,32,,technical_check,vplc_status_cycle_duration_not_validated_as_Tper,0.070,100,работает
RUN_20260509_VPLC_L1_LIGHT_10_20_S01_R03,VPLC_L1_LIGHT_10_20,SER_20260509_VPLC_L1_LIGHT_10_20_S01,vPLC_container,VPLC_HOST,845,,,2026-05-09T17:00:30.371068993Z,,,,host_log,10,20,,,,,,1,32,,technical_check,vplc_status_cycle_duration_not_validated_as_Tper,4.637,100,работает
RUN_20260509_VPLC_L1_LIGHT_10_20_S01_R03,VPLC_L1_LIGHT_10_20,SER_20260509_VPLC_L1_LIGHT_10_20_S01,vPLC_container,VPLC_HOST,846,,,2026-05-09T17:00:31.425392983Z,,,,host_log,10,20,,,,,,1,32,,technical_check,vplc_status_cycle_duration_not_validated_as_Tper,0.070,100,работает
RUN_20260509_VPLC_L1_LIGHT_10_20_S01_R03,VPLC_L1_LIGHT_10_20,SER_20260509_VPLC_L1_LIGHT_10_20_S01,vPLC_container,VPLC_HOST,847,,,2026-05-09T17:00:32.481002839Z,,,,host_log,10,20,,,,,,1,32,,technical_check,vplc_status_cycle_duration_not_validated_as_Tper,0.069,100,работает
RUN_20260509_VPLC_L1_LIGHT_10_20_S01_R03,VPLC_L1_LIGHT_10_20,SER_20260509_VPLC_L1_LIGHT_10_20_S01,vPLC_container,VPLC_HOST,848,,,2026-05-09T17:00:33.534448597Z,,,,host_log,10,20,,,,,,1,32,,technical_check,vplc_status_cycle_duration_not_validated_as_Tper,0.049,100,работает
RUN_20260509_VPLC_L1_LIGHT_10_20_S01_R03,VPLC_L1_LIGHT_10_20,SER_20260509_VPLC_L1_LIGHT_10_20_S01,vPLC_container,VPLC_HOST,849,,,2026-05-09T17:00:34.588714185Z,,,,host_log,10,20,,,,,,1,32,,technical_check,vplc_status_cycle_duration_not_validated_as_Tper,0.069,100,работает
RUN_20260509_VPLC_L1_LIGHT_10_20_S01_R03,VPLC_L1_LIGHT_10_20,SER_20260509_VPLC_L1_LIGHT_10_20_S01,vPLC_container,VPLC_HOST,850,,,2026-05-09T17:00:35.646818315Z,,,,host_log,10,20,,,,,,1,32,,technical_check,vplc_status_cycle_duration_not_validated_as_Tper,0.034,100,работает
RUN_20260509_VPLC_L1_LIGHT_10_20_S01_R03,VPLC_L1_LIGHT_10_20,SER_20260509_VPLC_L1_LIGHT_10_20_S01,vPLC_container,VPLC_HOST,851,,,2026-05-09T17:00:36.702361382Z,,,,host_log,10,20,,,,,,1,32,,technical_check,vplc_status_cycle_duration_not_validated_as_Tper,0.070,100,работает
RUN_20260509_VPLC_L1_LIGHT_10_20_S01_R03,VPLC_L1_LIGHT_10_20,SER_20260509_VPLC_L1_LIGHT_10_20_S01,vPLC_container,VPLC_HOST,852,,,2026-05-09T17:00:37.758274614Z,,,,host_log,10,20,,,,,,1,32,,technical_check,vplc_status_cycle_duration_not_validated_as_Tper,0.053,100,работает
RUN_20260509_VPLC_L1_LIGHT_10_20_S01_R03,VPLC_L1_LIGHT_10_20,SER_20260509_VPLC_L1_LIGHT_10_20_S01,vPLC_container,VPLC_HOST,853,,,2026-05-09T17:00:38.812219446Z,,,,host_log,10,20,,,,,,1,32,,technical_check,vplc_status_cycle_duration_not_validated_as_Tper,0.068,100,работает
RUN_20260509_VPLC_L1_LIGHT_10_20_S01_R03,VPLC_L1_LIGHT_10_20,SER_20260509_VPLC_L1_LIGHT_10_20_S01,vPLC_container,VPLC_HOST,854,,,2026-05-09T17:00:39.868755347Z,,,,host_log,10,20,,,,,,1,32,,technical_check,vplc_status_cycle_duration_not_validated_as_Tper,0.067,100,работает
RUN_20260509_VPLC_L1_LIGHT_10_20_S01_R03,VPLC_L1_LIGHT_10_20,SER_20260509_VPLC_L1_LIGHT_10_20_S01,vPLC_container,VPLC_HOST,855,,,2026-05-09T17:00:40.921219577Z,,,,host_log,10,20,,,,,,1,32,,technical_check,vplc_status_cycle_duration_not_validated_as_Tper,0.066,100,работает
RUN_20260509_VPLC_L1_LIGHT_10_20_S01_R03,VPLC_L1_LIGHT_10_20,SER_20260509_VPLC_L1_LIGHT_10_20_S01,vPLC_container,VPLC_HOST,856,,,2026-05-09T17:00:41.980439641Z,,,,host_log,10,20,,,,,,1,32,,technical_check,vplc_status_cycle_duration_not_validated_as_Tper,0.070,100,работает
RUN_20260509_VPLC_L1_LIGHT_10_20_S01_R03,VPLC_L1_LIGHT_10_20,SER_20260509_VPLC_L1_LIGHT_10_20_S01,vPLC_container,VPLC_HOST,857,,,2026-05-09T17:00:43.033532997Z,,,,host_log,10,20,,,,,,1,32,,technical_check,vplc_status_cycle_duration_not_validated_as_Tper,0.050,100,работает
RUN_20260509_VPLC_L1_LIGHT_10_20_S01_R03,VPLC_L1_LIGHT_10_20,SER_20260509_VPLC_L1_LIGHT_10_20_S01,vPLC_container,VPLC_HOST,858,,,2026-05-09T17:00:44.089867834Z,,,,host_log,10,20,,,,,,1,32,,technical_check,vplc_status_cycle_duration_not_validated_as_Tper,0.068,100,работает
RUN_20260509_VPLC_L1_LIGHT_10_20_S01_R03,VPLC_L1_LIGHT_10_20,SER_20260509_VPLC_L1_LIGHT_10_20_S01,vPLC_container,VPLC_HOST,859,,,2026-05-09T17:00:45.144764976Z,,,,host_log,10,20,,,,,,1,32,,technical_check,vplc_status_cycle_duration_not_validated_as_Tper,0.043,100,работает
RUN_20260509_VPLC_L1_LIGHT_10_20_S01_R03,VPLC_L1_LIGHT_10_20,SER_20260509_VPLC_L1_LIGHT_10_20_S01,vPLC_container,VPLC_HOST,860,,,2026-05-09T17:00:46.199389184Z,,,,host_log,10,20,,,,,,1,32,,technical_check,vplc_status_cycle_duration_not_validated_as_Tper,0.068,100,работает
RUN_20260509_VPLC_L1_LIGHT_10_20_S01_R03,VPLC_L1_LIGHT_10_20,SER_20260509_VPLC_L1_LIGHT_10_20_S01,vPLC_container,VPLC_HOST,861,,,2026-05-09T17:00:47.252461886Z,,,,host_log,10,20,,,,,,1,32,,technical_check,vplc_status_cycle_duration_not_validated_as_Tper,0.030,100,работает
RUN_20260509_VPLC_L1_LIGHT_10_20_S01_R03,VPLC_L1_LIGHT_10_20,SER_20260509_VPLC_L1_LIGHT_10_20_S01,vPLC_container,VPLC_HOST,862,,,2026-05-09T17:00:48.308457431Z,,,,host_log,10,20,,,,,,1,32,,technical_check,vplc_status_cycle_duration_not_validated_as_Tper,0.068,100,работает
RUN_20260509_VPLC_L1_LIGHT_10_20_S01_R03,VPLC_L1_LIGHT_10_20,SER_20260509_VPLC_L1_LIGHT_10_20_S01,vPLC_container,VPLC_HOST,863,,,2026-05-09T17:00:49.364237436Z,,,,host_log,10,20,,,,,,1,32,,technical_check,vplc_status_cycle_duration_not_validated_as_Tper,15.257,100,работает
RUN_20260509_VPLC_L1_LIGHT_10_20_S01_R03,VPLC_L1_LIGHT_10_20,SER_20260509_VPLC_L1_LIGHT_10_20_S01,vPLC_container,VPLC_HOST,864,,,2026-05-09T17:00:50.419936920Z,,,,host_log,10,20,,,,,,1,32,,technical_check,vplc_status_cycle_duration_not_validated_as_Tper,4.926,100,работает
RUN_20260509_VPLC_L1_LIGHT_10_20_S01_R03,VPLC_L1_LIGHT_10_20,SER_20260509_VPLC_L1_LIGHT_10_20_S01,vPLC_container,VPLC_HOST,865,,,2026-05-09T17:00:51.476443779Z,,,,host_log,10,20,,,,,,1,32,,technical_check,vplc_status_cycle_duration_not_validated_as_Tper,0.070,100,работает
RUN_20260509_VPLC_L1_LIGHT_10_20_S01_R03,VPLC_L1_LIGHT_10_20,SER_20260509_VPLC_L1_LIGHT_10_20_S01,vPLC_container,VPLC_HOST,866,,,2026-05-09T17:00:52.531072271Z,,,,host_log,10,20,,,,,,1,32,,technical_check,vplc_status_cycle_duration_not_validated_as_Tper,0.047,100,работает
RUN_20260509_VPLC_L1_LIGHT_10_20_S01_R03,VPLC_L1_LIGHT_10_20,SER_20260509_VPLC_L1_LIGHT_10_20_S01,vPLC_container,VPLC_HOST,867,,,2026-05-09T17:00:53.587245882Z,,,,host_log,10,20,,,,,,1,32,,technical_check,vplc_status_cycle_duration_not_validated_as_Tper,0.072,100,работает
RUN_20260509_VPLC_L1_LIGHT_10_20_S01_R03,VPLC_L1_LIGHT_10_20,SER_20260509_VPLC_L1_LIGHT_10_20_S01,vPLC_container,VPLC_HOST,868,,,2026-05-09T17:00:54.640539460Z,,,,host_log,10,20,,,,,,1,32,,technical_check,vplc_status_cycle_duration_not_validated_as_Tper,0.049,100,работает
RUN_20260509_VPLC_L1_LIGHT_10_20_S01_R03,VPLC_L1_LIGHT_10_20,SER_20260509_VPLC_L1_LIGHT_10_20_S01,vPLC_container,VPLC_HOST,869,,,2026-05-09T17:00:55.696924737Z,,,,host_log,10,20,,,,,,1,32,,technical_check,vplc_status_cycle_duration_not_validated_as_Tper,0.070,100,работает
RUN_20260509_VPLC_L1_LIGHT_10_20_S01_R03,VPLC_L1_LIGHT_10_20,SER_20260509_VPLC_L1_LIGHT_10_20_S01,vPLC_container,VPLC_HOST,870,,,2026-05-09T17:00:56.752312965Z,,,,host_log,10,20,,,,,,1,32,,technical_check,vplc_status_cycle_duration_not_validated_as_Tper,0.030,100,работает
RUN_20260509_VPLC_L1_LIGHT_10_20_S01_R03,VPLC_L1_LIGHT_10_20,SER_20260509_VPLC_L1_LIGHT_10_20_S01,vPLC_container,VPLC_HOST,871,,,2026-05-09T17:00:57.807405681Z,,,,host_log,10,20,,,,,,1,32,,technical_check,vplc_status_cycle_duration_not_validated_as_Tper,0.069,100,работает
RUN_20260509_VPLC_L1_LIGHT_10_20_S01_R03,VPLC_L1_LIGHT_10_20,SER_20260509_VPLC_L1_LIGHT_10_20_S01,vPLC_container,VPLC_HOST,872,,,2026-05-09T17:00:58.862550892Z,,,,host_log,10,20,,,,,,1,32,,technical_check,vplc_status_cycle_duration_not_validated_as_Tper,0.070,100,работает
RUN_20260509_VPLC_L1_LIGHT_10_20_S01_R03,VPLC_L1_LIGHT_10_20,SER_20260509_VPLC_L1_LIGHT_10_20_S01,vPLC_container,VPLC_HOST,873,,,2026-05-09T17:00:59.918456590Z,,,,host_log,10,20,,,,,,1,32,,technical_check,vplc_status_cycle_duration_not_validated_as_Tper,0.070,100,работает
RUN_20260509_VPLC_L1_LIGHT_10_20_S01_R03,VPLC_L1_LIGHT_10_20,SER_20260509_VPLC_L1_LIGHT_10_20_S01,vPLC_container,VPLC_HOST,874,,,2026-05-09T17:01:00.974089938Z,,,,host_log,10,20,,,,,,1,32,,technical_check,vplc_status_cycle_duration_not_validated_as_Tper,0.071,100,работает
RUN_20260509_VPLC_L1_LIGHT_10_20_S01_R03,VPLC_L1_LIGHT_10_20,SER_20260509_VPLC_L1_LIGHT_10_20_S01,vPLC_container,VPLC_HOST,875,,,2026-05-09T17:01:02.028454383Z,,,,host_log,10,20,,,,,,1,32,,technical_check,vplc_status_cycle_duration_not_validated_as_Tper,0.050,100,работает
RUN_20260509_VPLC_L1_LIGHT_10_20_S01_R03,VPLC_L1_LIGHT_10_20,SER_20260509_VPLC_L1_LIGHT_10_20_S01,vPLC_container,VPLC_HOST,876,,,2026-05-09T17:01:03.083361485Z,,,,host_log,10,20,,,,,,1,32,,technical_check,vplc_status_cycle_duration_not_validated_as_Tper,0.069,100,работает
RUN_20260509_VPLC_L1_LIGHT_10_20_S01_R03,VPLC_L1_LIGHT_10_20,SER_20260509_VPLC_L1_LIGHT_10_20_S01,vPLC_container,VPLC_HOST,877,,,2026-05-09T17:01:04.138073375Z,,,,host_log,10,20,,,,,,1,32,,technical_check,vplc_status_cycle_duration_not_validated_as_Tper,0.048,100,работает
RUN_20260509_VPLC_L1_LIGHT_10_20_S01_R03,VPLC_L1_LIGHT_10_20,SER_20260509_VPLC_L1_LIGHT_10_20_S01,vPLC_container,VPLC_HOST,878,,,2026-05-09T17:01:05.193167272Z,,,,host_log,10,20,,,,,,1,32,,technical_check,vplc_status_cycle_duration_not_validated_as_Tper,0.069,100,работает
RUN_20260509_VPLC_L1_LIGHT_10_20_S01_R03,VPLC_L1_LIGHT_10_20,SER_20260509_VPLC_L1_LIGHT_10_20_S01,vPLC_container,VPLC_HOST,879,,,2026-05-09T17:01:06.248074306Z,,,,host_log,10,20,,,,,,1,32,,technical_check,vplc_status_cycle_duration_not_validated_as_Tper,0.034,100,работает
RUN_20260509_VPLC_L1_LIGHT_10_20_S01_R03,VPLC_L1_LIGHT_10_20,SER_20260509_VPLC_L1_LIGHT_10_20_S01,vPLC_container,VPLC_HOST,880,,,2026-05-09T17:01:07.305255511Z,,,,host_log,10,20,,,,,,1,32,,technical_check,vplc_status_cycle_duration_not_validated_as_Tper,0.070,100,работает
RUN_20260509_VPLC_L1_LIGHT_10_20_S01_R03,VPLC_L1_LIGHT_10_20,SER_20260509_VPLC_L1_LIGHT_10_20_S01,vPLC_container,VPLC_HOST,881,,,2026-05-09T17:01:08.358250928Z,,,,host_log,10,20,,,,,,1,32,,technical_check,vplc_status_cycle_duration_not_validated_as_Tper,4.584,100,работает
RUN_20260509_VPLC_L1_LIGHT_10_20_S01_R03,VPLC_L1_LIGHT_10_20,SER_20260509_VPLC_L1_LIGHT_10_20_S01,vPLC_container,VPLC_HOST,882,,,2026-05-09T17:01:09.413313240Z,,,,host_log,10,20,,,,,,1,32,,technical_check,vplc_status_cycle_duration_not_validated_as_Tper,5.127,100,работает
RUN_20260509_VPLC_L1_LIGHT_10_20_S01_R03,VPLC_L1_LIGHT_10_20,SER_20260509_VPLC_L1_LIGHT_10_20_S01,vPLC_container,VPLC_HOST,883,,,2026-05-09T17:01:10.471387118Z,,,,host_log,10,20,,,,,,1,32,,technical_check,vplc_status_cycle_duration_not_validated_as_Tper,0.071,100,работает
RUN_20260509_VPLC_L1_LIGHT_10_20_S01_R03,VPLC_L1_LIGHT_10_20,SER_20260509_VPLC_L1_LIGHT_10_20_S01,vPLC_container,VPLC_HOST,884,,,2026-05-09T17:01:11.526520089Z,,,,host_log,10,20,,,,,,1,32,,technical_check,vplc_status_cycle_duration_not_validated_as_Tper,0.049,100,работает
RUN_20260509_VPLC_L1_LIGHT_10_20_S01_R03,VPLC_L1_LIGHT_10_20,SER_20260509_VPLC_L1_LIGHT_10_20_S01,vPLC_container,VPLC_HOST,885,,,2026-05-09T17:01:12.581175127Z,,,,host_log,10,20,,,,,,1,32,,technical_check,vplc_status_cycle_duration_not_validated_as_Tper,0.069,100,работает
RUN_20260509_VPLC_L1_LIGHT_10_20_S01_R03,VPLC_L1_LIGHT_10_20,SER_20260509_VPLC_L1_LIGHT_10_20_S01,vPLC_container,VPLC_HOST,886,,,2026-05-09T17:01:13.636618116Z,,,,host_log,10,20,,,,,,1,32,,technical_check,vplc_status_cycle_duration_not_validated_as_Tper,0.049,100,работает
RUN_20260509_VPLC_L1_LIGHT_10_20_S01_R03,VPLC_L1_LIGHT_10_20,SER_20260509_VPLC_L1_LIGHT_10_20_S01,vPLC_container,VPLC_HOST,887,,,2026-05-09T17:01:14.692404338Z,,,,host_log,10,20,,,,,,1,32,,technical_check,vplc_status_cycle_duration_not_validated_as_Tper,0.070,100,работает
RUN_20260509_VPLC_L1_LIGHT_10_20_S01_R03,VPLC_L1_LIGHT_10_20,SER_20260509_VPLC_L1_LIGHT_10_20_S01,vPLC_container,VPLC_HOST,888,,,2026-05-09T17:01:15.747532512Z,,,,host_log,10,20,,,,,,1,32,,technical_check,vplc_status_cycle_duration_not_validated_as_Tper,0.033,100,работает
RUN_20260509_VPLC_L1_LIGHT_10_20_S01_R03,VPLC_L1_LIGHT_10_20,SER_20260509_VPLC_L1_LIGHT_10_20_S01,vPLC_container,VPLC_HOST,889,,,2026-05-09T17:01:16.801898624Z,,,,host_log,10,20,,,,,,1,32,,technical_check,vplc_status_cycle_duration_not_validated_as_Tper,0.070,100,работает
RUN_20260509_VPLC_L1_LIGHT_10_20_S01_R03,VPLC_L1_LIGHT_10_20,SER_20260509_VPLC_L1_LIGHT_10_20_S01,vPLC_container,VPLC_HOST,890,,,2026-05-09T17:01:17.857925736Z,,,,host_log,10,20,,,,,,1,32,,technical_check,vplc_status_cycle_duration_not_validated_as_Tper,0.053,100,работает
RUN_20260509_VPLC_L1_LIGHT_10_20_S01_R03,VPLC_L1_LIGHT_10_20,SER_20260509_VPLC_L1_LIGHT_10_20_S01,vPLC_container,VPLC_HOST,891,,,2026-05-09T17:01:18.908484391Z,,,,host_log,10,20,,,,,,1,32,,technical_check,vplc_status_cycle_duration_not_validated_as_Tper,0.069,100,работает
RUN_20260509_VPLC_L1_LIGHT_10_20_S01_R03,VPLC_L1_LIGHT_10_20,SER_20260509_VPLC_L1_LIGHT_10_20_S01,vPLC_container,VPLC_HOST,892,,,2026-05-09T17:01:19.968753930Z,,,,host_log,10,20,,,,,,1,32,,technical_check,vplc_status_cycle_duration_not_validated_as_Tper,0.070,100,работает
RUN_20260509_VPLC_L1_LIGHT_10_20_S01_R03,VPLC_L1_LIGHT_10_20,SER_20260509_VPLC_L1_LIGHT_10_20_S01,vPLC_container,VPLC_HOST,893,,,2026-05-09T17:01:21.022745031Z,,,,host_log,10,20,,,,,,1,32,,technical_check,vplc_status_cycle_duration_not_validated_as_Tper,0.050,100,работает
RUN_20260509_VPLC_L1_LIGHT_10_20_S01_R03,VPLC_L1_LIGHT_10_20,SER_20260509_VPLC_L1_LIGHT_10_20_S01,vPLC_container,VPLC_HOST,894,,,2026-05-09T17:01:22.077439982Z,,,,host_log,10,20,,,,,,1,32,,technical_check,vplc_status_cycle_duration_not_validated_as_Tper,0.069,100,работает
RUN_20260509_VPLC_L1_LIGHT_10_20_S01_R03,VPLC_L1_LIGHT_10_20,SER_20260509_VPLC_L1_LIGHT_10_20_S01,vPLC_container,VPLC_HOST,895,,,2026-05-09T17:01:23.134552599Z,,,,host_log,10,20,,,,,,1,32,,technical_check,vplc_status_cycle_duration_not_validated_as_Tper,0.049,100,работает
RUN_20260509_VPLC_L1_LIGHT_10_20_S01_R03,VPLC_L1_LIGHT_10_20,SER_20260509_VPLC_L1_LIGHT_10_20_S01,vPLC_container,VPLC_HOST,896,,,2026-05-09T17:01:24.189375463Z,,,,host_log,10,20,,,,,,1,32,,technical_check,vplc_status_cycle_duration_not_validated_as_Tper,0.068,100,работает
RUN_20260509_VPLC_L1_LIGHT_10_20_S01_R03,VPLC_L1_LIGHT_10_20,SER_20260509_VPLC_L1_LIGHT_10_20_S01,vPLC_container,VPLC_HOST,897,,,2026-05-09T17:01:25.243921608Z,,,,host_log,10,20,,,,,,1,32,,technical_check,vplc_status_cycle_duration_not_validated_as_Tper,0.049,100,работает
RUN_20260509_VPLC_L1_LIGHT_10_20_S01_R03,VPLC_L1_LIGHT_10_20,SER_20260509_VPLC_L1_LIGHT_10_20_S01,vPLC_container,VPLC_HOST,898,,,2026-05-09T17:01:26.299886123Z,,,,host_log,10,20,,,,,,1,32,,technical_check,vplc_status_cycle_duration_not_validated_as_Tper,0.070,100,работает
RUN_20260509_VPLC_L1_LIGHT_10_20_S01_R03,VPLC_L1_LIGHT_10_20,SER_20260509_VPLC_L1_LIGHT_10_20_S01,vPLC_container,VPLC_HOST,899,,,2026-05-09T17:01:27.355095162Z,,,,host_log,10,20,,,,,,1,32,,technical_check,vplc_status_cycle_duration_not_validated_as_Tper,3.738,100,работает
RUN_20260509_VPLC_L1_LIGHT_10_20_S01_R03,VPLC_L1_LIGHT_10_20,SER_20260509_VPLC_L1_LIGHT_10_20_S01,vPLC_container,VPLC_HOST,900,,,2026-05-09T17:01:28.409488915Z,,,,host_log,10,20,,,,,,1,32,,technical_check,vplc_status_cycle_duration_not_validated_as_Tper,4.749,100,работает
RUN_20260509_VPLC_L1_LIGHT_10_20_S01_R03,VPLC_L1_LIGHT_10_20,SER_20260509_VPLC_L1_LIGHT_10_20_S01,vPLC_container,VPLC_HOST,901,,,2026-05-09T17:01:29.464900449Z,,,,host_log,10,20,,,,,,1,32,,technical_check,vplc_status_cycle_duration_not_validated_as_Tper,0.069,100,работает
RUN_20260509_VPLC_L1_LIGHT_10_20_S01_R03,VPLC_L1_LIGHT_10_20,SER_20260509_VPLC_L1_LIGHT_10_20_S01,vPLC_container,VPLC_HOST,902,,,2026-05-09T17:01:30.520292850Z,,,,host_log,10,20,,,,,,1,32,,technical_check,vplc_status_cycle_duration_not_validated_as_Tper,0.071,100,работает
RUN_20260509_VPLC_L1_LIGHT_10_20_S01_R03,VPLC_L1_LIGHT_10_20,SER_20260509_VPLC_L1_LIGHT_10_20_S01,vPLC_container,VPLC_HOST,903,,,2026-05-09T17:01:31.576914969Z,,,,host_log,10,20,,,,,,1,32,,technical_check,vplc_status_cycle_duration_not_validated_as_Tper,0.071,100,работает
RUN_20260509_VPLC_L1_LIGHT_10_20_S01_R03,VPLC_L1_LIGHT_10_20,SER_20260509_VPLC_L1_LIGHT_10_20_S01,vPLC_container,VPLC_HOST,904,,,2026-05-09T17:01:32.632043924Z,,,,host_log,10,20,,,,,,1,32,,technical_check,vplc_status_cycle_duration_not_validated_as_Tper,0.068,100,работает
RUN_20260509_VPLC_L1_LIGHT_10_20_S01_R03,VPLC_L1_LIGHT_10_20,SER_20260509_VPLC_L1_LIGHT_10_20_S01,vPLC_container,VPLC_HOST,905,,,2026-05-09T17:01:33.687277356Z,,,,host_log,10,20,,,,,,1,32,,technical_check,vplc_status_cycle_duration_not_validated_as_Tper,0.069,100,работает
RUN_20260509_VPLC_L1_LIGHT_10_20_S01_R03,VPLC_L1_LIGHT_10_20,SER_20260509_VPLC_L1_LIGHT_10_20_S01,vPLC_container,VPLC_HOST,906,,,2026-05-09T17:01:34.741218531Z,,,,host_log,10,20,,,,,,1,32,,technical_check,vplc_status_cycle_duration_not_validated_as_Tper,0.049,100,работает
RUN_20260509_VPLC_L1_LIGHT_10_20_S01_R03,VPLC_L1_LIGHT_10_20,SER_20260509_VPLC_L1_LIGHT_10_20_S01,vPLC_container,VPLC_HOST,907,,,2026-05-09T17:01:35.796774895Z,,,,host_log,10,20,,,,,,1,32,,technical_check,vplc_status_cycle_duration_not_validated_as_Tper,0.069,100,работает
RUN_20260509_VPLC_L1_LIGHT_10_20_S01_R03,VPLC_L1_LIGHT_10_20,SER_20260509_VPLC_L1_LIGHT_10_20_S01,vPLC_container,VPLC_HOST,908,,,2026-05-09T17:01:36.850624394Z,,,,host_log,10,20,,,,,,1,32,,technical_check,vplc_status_cycle_duration_not_validated_as_Tper,0.028,100,работает
RUN_20260509_VPLC_L1_LIGHT_10_20_S01_R03,VPLC_L1_LIGHT_10_20,SER_20260509_VPLC_L1_LIGHT_10_20_S01,vPLC_container,VPLC_HOST,909,,,2026-05-09T17:01:37.908374282Z,,,,host_log,10,20,,,,,,1,32,,technical_check,vplc_status_cycle_duration_not_validated_as_Tper,0.072,100,работает
RUN_20260509_VPLC_L1_LIGHT_10_20_S01_R03,VPLC_L1_LIGHT_10_20,SER_20260509_VPLC_L1_LIGHT_10_20_S01,vPLC_container,VPLC_HOST,910,,,2026-05-09T17:01:38.963357790Z,,,,host_log,10,20,,,,,,1,32,,technical_check,vplc_status_cycle_duration_not_validated_as_Tper,0.072,100,работает
RUN_20260509_VPLC_L1_LIGHT_10_20_S01_R03,VPLC_L1_LIGHT_10_20,SER_20260509_VPLC_L1_LIGHT_10_20_S01,vPLC_container,VPLC_HOST,911,,,2026-05-09T17:01:40.018892082Z,,,,host_log,10,20,,,,,,1,32,,technical_check,vplc_status_cycle_duration_not_validated_as_Tper,0.069,100,работает
RUN_20260509_VPLC_L1_LIGHT_10_20_S01_R03,VPLC_L1_LIGHT_10_20,SER_20260509_VPLC_L1_LIGHT_10_20_S01,vPLC_container,VPLC_HOST,912,,,2026-05-09T17:01:41.074186867Z,,,,host_log,10,20,,,,,,1,32,,technical_check,vplc_status_cycle_duration_not_validated_as_Tper,0.069,100,работает
RUN_20260509_VPLC_L1_LIGHT_10_20_S01_R03,VPLC_L1_LIGHT_10_20,SER_20260509_VPLC_L1_LIGHT_10_20_S01,vPLC_container,VPLC_HOST,913,,,2026-05-09T17:01:42.129166624Z,,,,host_log,10,20,,,,,,1,32,,technical_check,vplc_status_cycle_duration_not_validated_as_Tper,0.048,100,работает
RUN_20260509_VPLC_L1_LIGHT_10_20_S01_R03,VPLC_L1_LIGHT_10_20,SER_20260509_VPLC_L1_LIGHT_10_20_S01,vPLC_container,VPLC_HOST,914,,,2026-05-09T17:01:43.181734349Z,,,,host_log,10,20,,,,,,1,32,,technical_check,vplc_status_cycle_duration_not_validated_as_Tper,0.071,100,работает
RUN_20260509_VPLC_L1_LIGHT_10_20_S01_R03,VPLC_L1_LIGHT_10_20,SER_20260509_VPLC_L1_LIGHT_10_20_S01,vPLC_container,VPLC_HOST,915,,,2026-05-09T17:01:44.239710991Z,,,,host_log,10,20,,,,,,1,32,,technical_check,vplc_status_cycle_duration_not_validated_as_Tper,0.049,100,работает
RUN_20260509_VPLC_L1_LIGHT_10_20_S01_R03,VPLC_L1_LIGHT_10_20,SER_20260509_VPLC_L1_LIGHT_10_20_S01,vPLC_container,VPLC_HOST,916,,,2026-05-09T17:01:45.294768642Z,,,,host_log,10,20,,,,,,1,32,,technical_check,vplc_status_cycle_duration_not_validated_as_Tper,0.070,100,работает
RUN_20260509_VPLC_L1_LIGHT_10_20_S01_R03,VPLC_L1_LIGHT_10_20,SER_20260509_VPLC_L1_LIGHT_10_20_S01,vPLC_container,VPLC_HOST,917,,,2026-05-09T17:01:46.349791443Z,,,,host_log,10,20,,,,,,1,32,,technical_check,vplc_status_cycle_duration_not_validated_as_Tper,3.867,100,работает
RUN_20260509_VPLC_L1_LIGHT_10_20_S01_R03,VPLC_L1_LIGHT_10_20,SER_20260509_VPLC_L1_LIGHT_10_20_S01,vPLC_container,VPLC_HOST,918,,,2026-05-09T17:01:47.403316334Z,,,,host_log,10,20,,,,,,1,32,,technical_check,vplc_status_cycle_duration_not_validated_as_Tper,5.010,100,работает
RUN_20260509_VPLC_L1_LIGHT_10_20_S01_R03,VPLC_L1_LIGHT_10_20,SER_20260509_VPLC_L1_LIGHT_10_20_S01,vPLC_container,VPLC_HOST,919,,,2026-05-09T17:01:48.458539486Z,,,,host_log,10,20,,,,,,1,32,,technical_check,vplc_status_cycle_duration_not_validated_as_Tper,0.054,100,работает
RUN_20260509_VPLC_L1_LIGHT_10_20_S01_R03,VPLC_L1_LIGHT_10_20,SER_20260509_VPLC_L1_LIGHT_10_20_S01,vPLC_container,VPLC_HOST,920,,,2026-05-09T17:01:49.514434417Z,,,,host_log,10,20,,,,,,1,32,,technical_check,vplc_status_cycle_duration_not_validated_as_Tper,0.069,100,работает
RUN_20260509_VPLC_L1_LIGHT_10_20_S01_R03,VPLC_L1_LIGHT_10_20,SER_20260509_VPLC_L1_LIGHT_10_20_S01,vPLC_container,VPLC_HOST,921,,,2026-05-09T17:01:50.570451123Z,,,,host_log,10,20,,,,,,1,32,,technical_check,vplc_status_cycle_duration_not_validated_as_Tper,0.071,100,работает
RUN_20260509_VPLC_L1_LIGHT_10_20_S01_R03,VPLC_L1_LIGHT_10_20,SER_20260509_VPLC_L1_LIGHT_10_20_S01,vPLC_container,VPLC_HOST,922,,,2026-05-09T17:01:51.626304797Z,,,,host_log,10,20,,,,,,1,32,,technical_check,vplc_status_cycle_duration_not_validated_as_Tper,0.050,100,работает
RUN_20260509_VPLC_L1_LIGHT_10_20_S01_R03,VPLC_L1_LIGHT_10_20,SER_20260509_VPLC_L1_LIGHT_10_20_S01,vPLC_container,VPLC_HOST,923,,,2026-05-09T17:01:52.681403526Z,,,,host_log,10,20,,,,,,1,32,,technical_check,vplc_status_cycle_duration_not_validated_as_Tper,0.069,100,работает
RUN_20260509_VPLC_L1_LIGHT_10_20_S01_R03,VPLC_L1_LIGHT_10_20,SER_20260509_VPLC_L1_LIGHT_10_20_S01,vPLC_container,VPLC_HOST,924,,,2026-05-09T17:01:53.737166642Z,,,,host_log,10,20,,,,,,1,32,,technical_check,vplc_status_cycle_duration_not_validated_as_Tper,0.069,100,работает
RUN_20260509_VPLC_L1_LIGHT_10_20_S01_R03,VPLC_L1_LIGHT_10_20,SER_20260509_VPLC_L1_LIGHT_10_20_S01,vPLC_container,VPLC_HOST,925,,,2026-05-09T17:01:54.793487762Z,,,,host_log,10,20,,,,,,1,32,,technical_check,vplc_status_cycle_duration_not_validated_as_Tper,0.069,100,работает
RUN_20260509_VPLC_L1_LIGHT_10_20_S01_R03,VPLC_L1_LIGHT_10_20,SER_20260509_VPLC_L1_LIGHT_10_20_S01,vPLC_container,VPLC_HOST,926,,,2026-05-09T17:01:55.845918965Z,,,,host_log,10,20,,,,,,1,32,,technical_check,vplc_status_cycle_duration_not_validated_as_Tper,0.042,100,работает
RUN_20260509_VPLC_L1_LIGHT_10_20_S01_R03,VPLC_L1_LIGHT_10_20,SER_20260509_VPLC_L1_LIGHT_10_20_S01,vPLC_container,VPLC_HOST,927,,,2026-05-09T17:01:56.903935798Z,,,,host_log,10,20,,,,,,1,32,,technical_check,vplc_status_cycle_duration_not_validated_as_Tper,0.070,100,работает
RUN_20260509_VPLC_L1_LIGHT_10_20_S01_R03,VPLC_L1_LIGHT_10_20,SER_20260509_VPLC_L1_LIGHT_10_20_S01,vPLC_container,VPLC_HOST,928,,,2026-05-09T17:01:57.958731336Z,,,,host_log,10,20,,,,,,1,32,,technical_check,vplc_status_cycle_duration_not_validated_as_Tper,0.056,100,работает
RUN_20260509_VPLC_L1_LIGHT_10_20_S01_R03,VPLC_L1_LIGHT_10_20,SER_20260509_VPLC_L1_LIGHT_10_20_S01,vPLC_container,VPLC_HOST,929,,,2026-05-09T17:01:59.014168394Z,,,,host_log,10,20,,,,,,1,32,,technical_check,vplc_status_cycle_duration_not_validated_as_Tper,0.071,100,работает
RUN_20260509_VPLC_L1_LIGHT_10_20_S01_R03,VPLC_L1_LIGHT_10_20,SER_20260509_VPLC_L1_LIGHT_10_20_S01,vPLC_container,VPLC_HOST,930,,,2026-05-09T17:02:00.070038818Z,,,,host_log,10,20,,,,,,1,32,,technical_check,vplc_status_cycle_duration_not_validated_as_Tper,0.069,100,работает
RUN_20260509_VPLC_L1_LIGHT_10_20_S01_R03,VPLC_L1_LIGHT_10_20,SER_20260509_VPLC_L1_LIGHT_10_20_S01,vPLC_container,VPLC_HOST,931,,,2026-05-09T17:02:01.125202924Z,,,,host_log,10,20,,,,,,1,32,,technical_check,vplc_status_cycle_duration_not_validated_as_Tper,0.048,100,работает
RUN_20260509_VPLC_L1_LIGHT_10_20_S01_R03,VPLC_L1_LIGHT_10_20,SER_20260509_VPLC_L1_LIGHT_10_20_S01,vPLC_container,VPLC_HOST,932,,,2026-05-09T17:02:02.180271752Z,,,,host_log,10,20,,,,,,1,32,,technical_check,vplc_status_cycle_duration_not_validated_as_Tper,0.069,100,работает
RUN_20260509_VPLC_L1_LIGHT_10_20_S01_R03,VPLC_L1_LIGHT_10_20,SER_20260509_VPLC_L1_LIGHT_10_20_S01,vPLC_container,VPLC_HOST,933,,,2026-05-09T17:02:03.233384554Z,,,,host_log,10,20,,,,,,1,32,,technical_check,vplc_status_cycle_duration_not_validated_as_Tper,0.049,100,работает
RUN_20260509_VPLC_L1_LIGHT_10_20_S01_R03,VPLC_L1_LIGHT_10_20,SER_20260509_VPLC_L1_LIGHT_10_20_S01,vPLC_container,VPLC_HOST,934,,,2026-05-09T17:02:04.289046777Z,,,,host_log,10,20,,,,,,1,32,,technical_check,vplc_status_cycle_duration_not_validated_as_Tper,0.069,100,работает
RUN_20260509_VPLC_L1_LIGHT_10_20_S01_R03,VPLC_L1_LIGHT_10_20,SER_20260509_VPLC_L1_LIGHT_10_20_S01,vPLC_container,VPLC_HOST,935,,,2026-05-09T17:02:05.347423868Z,,,,host_log,10,20,,,,,,1,32,,technical_check,vplc_status_cycle_duration_not_validated_as_Tper,3.853,100,работает
RUN_20260509_VPLC_L1_LIGHT_10_20_S01_R03,VPLC_L1_LIGHT_10_20,SER_20260509_VPLC_L1_LIGHT_10_20_S01,vPLC_container,VPLC_HOST,936,,,2026-05-09T17:02:06.399342329Z,,,,host_log,10,20,,,,,,1,32,,technical_check,vplc_status_cycle_duration_not_validated_as_Tper,4.397,100,работает
RUN_20260509_VPLC_L1_LIGHT_10_20_S01_R03,VPLC_L1_LIGHT_10_20,SER_20260509_VPLC_L1_LIGHT_10_20_S01,vPLC_container,VPLC_HOST,937,,,2026-05-09T17:02:07.455972071Z,,,,host_log,10,20,,,,,,1,32,,technical_check,vplc_status_cycle_duration_not_validated_as_Tper,0.046,100,работает
RUN_20260509_VPLC_L1_LIGHT_10_20_S01_R03,VPLC_L1_LIGHT_10_20,SER_20260509_VPLC_L1_LIGHT_10_20_S01,vPLC_container,VPLC_HOST,938,,,2026-05-09T17:02:08.512946994Z,,,,host_log,10,20,,,,,,1,32,,technical_check,vplc_status_cycle_duration_not_validated_as_Tper,0.068,100,работает
RUN_20260509_VPLC_L1_LIGHT_10_20_S01_R03,VPLC_L1_LIGHT_10_20,SER_20260509_VPLC_L1_LIGHT_10_20_S01,vPLC_container,VPLC_HOST,939,,,2026-05-09T17:02:09.568604374Z,,,,host_log,10,20,,,,,,1,32,,technical_check,vplc_status_cycle_duration_not_validated_as_Tper,0.069,100,работает
RUN_20260509_VPLC_L1_LIGHT_10_20_S01_R03,VPLC_L1_LIGHT_10_20,SER_20260509_VPLC_L1_LIGHT_10_20_S01,vPLC_container,VPLC_HOST,940,,,2026-05-09T17:02:10.622299609Z,,,,host_log,10,20,,,,,,1,32,,technical_check,vplc_status_cycle_duration_not_validated_as_Tper,0.049,100,работает
RUN_20260509_VPLC_L1_LIGHT_10_20_S01_R03,VPLC_L1_LIGHT_10_20,SER_20260509_VPLC_L1_LIGHT_10_20_S01,vPLC_container,VPLC_HOST,941,,,2026-05-09T17:02:11.678386554Z,,,,host_log,10,20,,,,,,1,32,,technical_check,vplc_status_cycle_duration_not_validated_as_Tper,0.069,100,работает
RUN_20260509_VPLC_L1_LIGHT_10_20_S01_R03,VPLC_L1_LIGHT_10_20,SER_20260509_VPLC_L1_LIGHT_10_20_S01,vPLC_container,VPLC_HOST,942,,,2026-05-09T17:02:12.732680957Z,,,,host_log,10,20,,,,,,1,32,,technical_check,vplc_status_cycle_duration_not_validated_as_Tper,0.049,100,работает
RUN_20260509_VPLC_L1_LIGHT_10_20_S01_R03,VPLC_L1_LIGHT_10_20,SER_20260509_VPLC_L1_LIGHT_10_20_S01,vPLC_container,VPLC_HOST,943,,,2026-05-09T17:02:13.787728312Z,,,,host_log,10,20,,,,,,1,32,,technical_check,vplc_status_cycle_duration_not_validated_as_Tper,0.069,100,работает
RUN_20260509_VPLC_L1_LIGHT_10_20_S01_R03,VPLC_L1_LIGHT_10_20,SER_20260509_VPLC_L1_LIGHT_10_20_S01,vPLC_container,VPLC_HOST,944,,,2026-05-09T17:02:14.843243788Z,,,,host_log,10,20,,,,,,1,32,,technical_check,vplc_status_cycle_duration_not_validated_as_Tper,0.049,100,работает
RUN_20260509_VPLC_L1_LIGHT_10_20_S01_R03,VPLC_L1_LIGHT_10_20,SER_20260509_VPLC_L1_LIGHT_10_20_S01,vPLC_container,VPLC_HOST,945,,,2026-05-09T17:02:15.899277899Z,,,,host_log,10,20,,,,,,1,32,,technical_check,vplc_status_cycle_duration_not_validated_as_Tper,0.070,100,работает
RUN_20260509_VPLC_L1_LIGHT_10_20_S01_R03,VPLC_L1_LIGHT_10_20,SER_20260509_VPLC_L1_LIGHT_10_20_S01,vPLC_container,VPLC_HOST,946,,,2026-05-09T17:02:16.949903628Z,,,,host_log,10,20,,,,,,1,32,,technical_check,vplc_status_cycle_duration_not_validated_as_Tper,0.028,100,работает
RUN_20260509_VPLC_L1_LIGHT_10_20_S01_R03,VPLC_L1_LIGHT_10_20,SER_20260509_VPLC_L1_LIGHT_10_20_S01,vPLC_container,VPLC_HOST,947,,,2026-05-09T17:02:18.009338943Z,,,,host_log,10,20,,,,,,1,32,,technical_check,vplc_status_cycle_duration_not_validated_as_Tper,0.070,100,работает
RUN_20260509_VPLC_L1_LIGHT_10_20_S01_R03,VPLC_L1_LIGHT_10_20,SER_20260509_VPLC_L1_LIGHT_10_20_S01,vPLC_container,VPLC_HOST,948,,,2026-05-09T17:02:19.061883622Z,,,,host_log,10,20,,,,,,1,32,,technical_check,vplc_status_cycle_duration_not_validated_as_Tper,0.069,100,работает
RUN_20260509_VPLC_L1_LIGHT_10_20_S01_R03,VPLC_L1_LIGHT_10_20,SER_20260509_VPLC_L1_LIGHT_10_20_S01,vPLC_container,VPLC_HOST,949,,,2026-05-09T17:02:20.119829224Z,,,,host_log,10,20,,,,,,1,32,,technical_check,vplc_status_cycle_duration_not_validated_as_Tper,0.070,100,работает
RUN_20260509_VPLC_L1_LIGHT_10_20_S01_R03,VPLC_L1_LIGHT_10_20,SER_20260509_VPLC_L1_LIGHT_10_20_S01,vPLC_container,VPLC_HOST,950,,,2026-05-09T17:02:21.175559317Z,,,,host_log,10,20,,,,,,1,32,,technical_check,vplc_status_cycle_duration_not_validated_as_Tper,0.070,100,работает
RUN_20260509_VPLC_L1_LIGHT_10_20_S01_R03,VPLC_L1_LIGHT_10_20,SER_20260509_VPLC_L1_LIGHT_10_20_S01,vPLC_container,VPLC_HOST,951,,,2026-05-09T17:02:22.230626862Z,,,,host_log,10,20,,,,,,1,32,,technical_check,vplc_status_cycle_duration_not_validated_as_Tper,0.049,100,работает
RUN_20260509_VPLC_L1_LIGHT_10_20_S01_R03,VPLC_L1_LIGHT_10_20,SER_20260509_VPLC_L1_LIGHT_10_20_S01,vPLC_container,VPLC_HOST,952,,,2026-05-09T17:02:23.285857137Z,,,,host_log,10,20,,,,,,1,32,,technical_check,vplc_status_cycle_duration_not_validated_as_Tper,0.069,100,работает
RUN_20260509_VPLC_L1_LIGHT_10_20_S01_R03,VPLC_L1_LIGHT_10_20,SER_20260509_VPLC_L1_LIGHT_10_20_S01,vPLC_container,VPLC_HOST,953,,,2026-05-09T17:02:24.340254282Z,,,,host_log,10,20,,,,,,1,32,,technical_check,vplc_status_cycle_duration_not_validated_as_Tper,4.687,100,работает
RUN_20260509_VPLC_L1_LIGHT_10_20_S01_R03,VPLC_L1_LIGHT_10_20,SER_20260509_VPLC_L1_LIGHT_10_20_S01,vPLC_container,VPLC_HOST,954,,,2026-05-09T17:02:25.396153582Z,,,,host_log,10,20,,,,,,1,32,,technical_check,vplc_status_cycle_duration_not_validated_as_Tper,4.639,100,работает
RUN_20260509_VPLC_L1_LIGHT_10_20_S01_R03,VPLC_L1_LIGHT_10_20,SER_20260509_VPLC_L1_LIGHT_10_20_S01,vPLC_container,VPLC_HOST,955,,,2026-05-09T17:02:26.447958268Z,,,,host_log,10,20,,,,,,1,32,,technical_check,vplc_status_cycle_duration_not_validated_as_Tper,0.034,100,работает
RUN_20260509_VPLC_L1_LIGHT_10_20_S01_R03,VPLC_L1_LIGHT_10_20,SER_20260509_VPLC_L1_LIGHT_10_20_S01,vPLC_container,VPLC_HOST,956,,,2026-05-09T17:02:27.504642295Z,,,,host_log,10,20,,,,,,1,32,,technical_check,vplc_status_cycle_duration_not_validated_as_Tper,0.068,100,работает
RUN_20260509_VPLC_L1_LIGHT_10_20_S01_R03,VPLC_L1_LIGHT_10_20,SER_20260509_VPLC_L1_LIGHT_10_20_S01,vPLC_container,VPLC_HOST,957,,,2026-05-09T17:02:28.562637115Z,,,,host_log,10,20,,,,,,1,32,,technical_check,vplc_status_cycle_duration_not_validated_as_Tper,0.071,100,работает
RUN_20260509_VPLC_L1_LIGHT_10_20_S01_R03,VPLC_L1_LIGHT_10_20,SER_20260509_VPLC_L1_LIGHT_10_20_S01,vPLC_container,VPLC_HOST,958,,,2026-05-09T17:02:29.616731294Z,,,,host_log,10,20,,,,,,1,32,,technical_check,vplc_status_cycle_duration_not_validated_as_Tper,0.069,100,работает
RUN_20260509_VPLC_L1_LIGHT_10_20_S01_R03,VPLC_L1_LIGHT_10_20,SER_20260509_VPLC_L1_LIGHT_10_20_S01,vPLC_container,VPLC_HOST,959,,,2026-05-09T17:02:30.670101583Z,,,,host_log,10,20,,,,,,1,32,,technical_check,vplc_status_cycle_duration_not_validated_as_Tper,0.071,100,работает
RUN_20260509_VPLC_L1_LIGHT_10_20_S01_R03,VPLC_L1_LIGHT_10_20,SER_20260509_VPLC_L1_LIGHT_10_20_S01,vPLC_container,VPLC_HOST,960,,,2026-05-09T17:02:31.727910514Z,,,,host_log,10,20,,,,,,1,32,,technical_check,vplc_status_cycle_duration_not_validated_as_Tper,0.068,100,работает
RUN_20260509_VPLC_L1_LIGHT_10_20_S01_R03,VPLC_L1_LIGHT_10_20,SER_20260509_VPLC_L1_LIGHT_10_20_S01,vPLC_container,VPLC_HOST,961,,,2026-05-09T17:02:32.783296895Z,,,,host_log,10,20,,,,,,1,32,,technical_check,vplc_status_cycle_duration_not_validated_as_Tper,0.069,100,работает
RUN_20260509_VPLC_L1_LIGHT_10_20_S01_R03,VPLC_L1_LIGHT_10_20,SER_20260509_VPLC_L1_LIGHT_10_20_S01,vPLC_container,VPLC_HOST,962,,,2026-05-09T17:02:33.836999308Z,,,,host_log,10,20,,,,,,1,32,,technical_check,vplc_status_cycle_duration_not_validated_as_Tper,0.069,100,работает
RUN_20260509_VPLC_L1_LIGHT_10_20_S01_R03,VPLC_L1_LIGHT_10_20,SER_20260509_VPLC_L1_LIGHT_10_20_S01,vPLC_container,VPLC_HOST,963,,,2026-05-09T17:02:34.894800913Z,,,,host_log,10,20,,,,,,1,32,,technical_check,vplc_status_cycle_duration_not_validated_as_Tper,0.070,100,работает
RUN_20260509_VPLC_L1_LIGHT_10_20_S01_R03,VPLC_L1_LIGHT_10_20,SER_20260509_VPLC_L1_LIGHT_10_20_S01,vPLC_container,VPLC_HOST,964,,,2026-05-09T17:02:35.946300000Z,,,,host_log,10,20,,,,,,1,32,,technical_check,vplc_status_cycle_duration_not_validated_as_Tper,0.045,100,работает
RUN_20260509_VPLC_L1_LIGHT_10_20_S01_R03,VPLC_L1_LIGHT_10_20,SER_20260509_VPLC_L1_LIGHT_10_20_S01,vPLC_container,VPLC_HOST,965,,,2026-05-09T17:02:37.004433677Z,,,,host_log,10,20,,,,,,1,32,,technical_check,vplc_status_cycle_duration_not_validated_as_Tper,0.071,100,работает
RUN_20260509_VPLC_L1_LIGHT_10_20_S01_R03,VPLC_L1_LIGHT_10_20,SER_20260509_VPLC_L1_LIGHT_10_20_S01,vPLC_container,VPLC_HOST,966,,,2026-05-09T17:02:38.057026547Z,,,,host_log,10,20,,,,,,1,32,,technical_check,vplc_status_cycle_duration_not_validated_as_Tper,0.045,100,работает
RUN_20260509_VPLC_L1_LIGHT_10_20_S01_R03,VPLC_L1_LIGHT_10_20,SER_20260509_VPLC_L1_LIGHT_10_20_S01,vPLC_container,VPLC_HOST,967,,,2026-05-09T17:02:39.112674372Z,,,,host_log,10,20,,,,,,1,32,,technical_check,vplc_status_cycle_duration_not_validated_as_Tper,0.069,100,работает
RUN_20260509_VPLC_L1_LIGHT_10_20_S01_R03,VPLC_L1_LIGHT_10_20,SER_20260509_VPLC_L1_LIGHT_10_20_S01,vPLC_container,VPLC_HOST,968,,,2026-05-09T17:02:40.169842890Z,,,,host_log,10,20,,,,,,1,32,,technical_check,vplc_status_cycle_duration_not_validated_as_Tper,0.070,100,работает
RUN_20260509_VPLC_L1_LIGHT_10_20_S01_R03,VPLC_L1_LIGHT_10_20,SER_20260509_VPLC_L1_LIGHT_10_20_S01,vPLC_container,VPLC_HOST,969,,,2026-05-09T17:02:41.223321765Z,,,,host_log,10,20,,,,,,1,32,,technical_check,vplc_status_cycle_duration_not_validated_as_Tper,0.066,100,работает
RUN_20260509_VPLC_L1_LIGHT_10_20_S01_R03,VPLC_L1_LIGHT_10_20,SER_20260509_VPLC_L1_LIGHT_10_20_S01,vPLC_container,VPLC_HOST,970,,,2026-05-09T17:02:42.280753281Z,,,,host_log,10,20,,,,,,1,32,,technical_check,vplc_status_cycle_duration_not_validated_as_Tper,0.069,100,работает
RUN_20260509_VPLC_L1_LIGHT_10_20_S01_R03,VPLC_L1_LIGHT_10_20,SER_20260509_VPLC_L1_LIGHT_10_20_S01,vPLC_container,VPLC_HOST,971,,,2026-05-09T17:02:43.336427969Z,,,,host_log,10,20,,,,,,1,32,,technical_check,vplc_status_cycle_duration_not_validated_as_Tper,4.340,100,работает
RUN_20260509_VPLC_L1_LIGHT_10_20_S01_R03,VPLC_L1_LIGHT_10_20,SER_20260509_VPLC_L1_LIGHT_10_20_S01,vPLC_container,VPLC_HOST,972,,,2026-05-09T17:02:44.390708509Z,,,,host_log,10,20,,,,,,1,32,,technical_check,vplc_status_cycle_duration_not_validated_as_Tper,6.461,100,работает
RUN_20260509_VPLC_L1_LIGHT_10_20_S01_R03,VPLC_L1_LIGHT_10_20,SER_20260509_VPLC_L1_LIGHT_10_20_S01,vPLC_container,VPLC_HOST,973,,,2026-05-09T17:02:45.444877539Z,,,,host_log,10,20,,,,,,1,32,,technical_check,vplc_status_cycle_duration_not_validated_as_Tper,0.040,100,работает
RUN_20260509_VPLC_L1_LIGHT_10_20_S01_R03,VPLC_L1_LIGHT_10_20,SER_20260509_VPLC_L1_LIGHT_10_20_S01,vPLC_container,VPLC_HOST,974,,,2026-05-09T17:02:46.502721172Z,,,,host_log,10,20,,,,,,1,32,,technical_check,vplc_status_cycle_duration_not_validated_as_Tper,0.070,100,работает
RUN_20260509_VPLC_L1_LIGHT_10_20_S01_R03,VPLC_L1_LIGHT_10_20,SER_20260509_VPLC_L1_LIGHT_10_20_S01,vPLC_container,VPLC_HOST,975,,,2026-05-09T17:02:47.556956518Z,,,,host_log,10,20,,,,,,1,32,,technical_check,vplc_status_cycle_duration_not_validated_as_Tper,0.045,100,работает
RUN_20260509_VPLC_L1_LIGHT_10_20_S01_R03,VPLC_L1_LIGHT_10_20,SER_20260509_VPLC_L1_LIGHT_10_20_S01,vPLC_container,VPLC_HOST,976,,,2026-05-09T17:02:48.609895874Z,,,,host_log,10,20,,,,,,1,32,,technical_check,vplc_status_cycle_duration_not_validated_as_Tper,0.069,100,работает
RUN_20260509_VPLC_L1_LIGHT_10_20_S01_R03,VPLC_L1_LIGHT_10_20,SER_20260509_VPLC_L1_LIGHT_10_20_S01,vPLC_container,VPLC_HOST,977,,,2026-05-09T17:02:49.664969622Z,,,,host_log,10,20,,,,,,1,32,,technical_check,vplc_status_cycle_duration_not_validated_as_Tper,0.069,100,работает
RUN_20260509_VPLC_L1_LIGHT_10_20_S01_R03,VPLC_L1_LIGHT_10_20,SER_20260509_VPLC_L1_LIGHT_10_20_S01,vPLC_container,VPLC_HOST,978,,,2026-05-09T17:02:50.721207721Z,,,,host_log,10,20,,,,,,1,32,,technical_check,vplc_status_cycle_duration_not_validated_as_Tper,0.069,100,работает
RUN_20260509_VPLC_L1_LIGHT_10_20_S01_R03,VPLC_L1_LIGHT_10_20,SER_20260509_VPLC_L1_LIGHT_10_20_S01,vPLC_container,VPLC_HOST,979,,,2026-05-09T17:02:51.779036694Z,,,,host_log,10,20,,,,,,1,32,,technical_check,vplc_status_cycle_duration_not_validated_as_Tper,0.069,100,работает
RUN_20260509_VPLC_L1_LIGHT_10_20_S01_R03,VPLC_L1_LIGHT_10_20,SER_20260509_VPLC_L1_LIGHT_10_20_S01,vPLC_container,VPLC_HOST,980,,,2026-05-09T17:02:52.830950648Z,,,,host_log,10,20,,,,,,1,32,,technical_check,vplc_status_cycle_duration_not_validated_as_Tper,0.069,100,работает
RUN_20260509_VPLC_L1_LIGHT_10_20_S01_R03,VPLC_L1_LIGHT_10_20,SER_20260509_VPLC_L1_LIGHT_10_20_S01,vPLC_container,VPLC_HOST,981,,,2026-05-09T17:02:53.889584553Z,,,,host_log,10,20,,,,,,1,32,,technical_check,vplc_status_cycle_duration_not_validated_as_Tper,0.068,100,работает
RUN_20260509_VPLC_L1_LIGHT_10_20_S01_R03,VPLC_L1_LIGHT_10_20,SER_20260509_VPLC_L1_LIGHT_10_20_S01,vPLC_container,VPLC_HOST,982,,,2026-05-09T17:02:54.944803797Z,,,,host_log,10,20,,,,,,1,32,,technical_check,vplc_status_cycle_duration_not_validated_as_Tper,0.052,100,работает
RUN_20260509_VPLC_L1_LIGHT_10_20_S01_R03,VPLC_L1_LIGHT_10_20,SER_20260509_VPLC_L1_LIGHT_10_20_S01,vPLC_container,VPLC_HOST,983,,,2026-05-09T17:02:56.000481310Z,,,,host_log,10,20,,,,,,1,32,,technical_check,vplc_status_cycle_duration_not_validated_as_Tper,0.069,100,работает
RUN_20260509_VPLC_L1_LIGHT_10_20_S01_R03,VPLC_L1_LIGHT_10_20,SER_20260509_VPLC_L1_LIGHT_10_20_S01,vPLC_container,VPLC_HOST,984,,,2026-05-09T17:02:57.053740188Z,,,,host_log,10,20,,,,,,1,32,,technical_check,vplc_status_cycle_duration_not_validated_as_Tper,0.036,100,работает
RUN_20260509_VPLC_L1_LIGHT_10_20_S01_R03,VPLC_L1_LIGHT_10_20,SER_20260509_VPLC_L1_LIGHT_10_20_S01,vPLC_container,VPLC_HOST,985,,,2026-05-09T17:02:58.107197518Z,,,,host_log,10,20,,,,,,1,32,,technical_check,vplc_status_cycle_duration_not_validated_as_Tper,0.068,100,работает
RUN_20260509_VPLC_L1_LIGHT_10_20_S01_R03,VPLC_L1_LIGHT_10_20,SER_20260509_VPLC_L1_LIGHT_10_20_S01,vPLC_container,VPLC_HOST,986,,,2026-05-09T17:02:59.164348439Z,,,,host_log,10,20,,,,,,1,32,,technical_check,vplc_status_cycle_duration_not_validated_as_Tper,0.071,100,работает
RUN_20260509_VPLC_L1_LIGHT_10_20_S01_R03,VPLC_L1_LIGHT_10_20,SER_20260509_VPLC_L1_LIGHT_10_20_S01,vPLC_container,VPLC_HOST,987,,,2026-05-09T17:03:00.221300775Z,,,,host_log,10,20,,,,,,1,32,,technical_check,vplc_status_cycle_duration_not_validated_as_Tper,0.071,100,работает
RUN_20260509_VPLC_L1_LIGHT_10_20_S01_R03,VPLC_L1_LIGHT_10_20,SER_20260509_VPLC_L1_LIGHT_10_20_S01,vPLC_container,VPLC_HOST,988,,,2026-05-09T17:03:01.273791260Z,,,,host_log,10,20,,,,,,1,32,,technical_check,vplc_status_cycle_duration_not_validated_as_Tper,0.069,100,работает
RUN_20260509_VPLC_L1_LIGHT_10_20_S01_R03,VPLC_L1_LIGHT_10_20,SER_20260509_VPLC_L1_LIGHT_10_20_S01,vPLC_container,VPLC_HOST,989,,,2026-05-09T17:03:02.332025090Z,,,,host_log,10,20,,,,,,1,32,,technical_check,vplc_status_cycle_duration_not_validated_as_Tper,4.099,100,работает
RUN_20260509_VPLC_L1_LIGHT_10_20_S01_R03,VPLC_L1_LIGHT_10_20,SER_20260509_VPLC_L1_LIGHT_10_20_S01,vPLC_container,VPLC_HOST,990,,,2026-05-09T17:03:03.384069026Z,,,,host_log,10,20,,,,,,1,32,,technical_check,vplc_status_cycle_duration_not_validated_as_Tper,4.691,100,работает
RUN_20260509_VPLC_L1_LIGHT_10_20_S01_R03,VPLC_L1_LIGHT_10_20,SER_20260509_VPLC_L1_LIGHT_10_20_S01,vPLC_container,VPLC_HOST,991,,,2026-05-09T17:03:04.441112636Z,,,,host_log,10,20,,,,,,1,32,,technical_check,vplc_status_cycle_duration_not_validated_as_Tper,0.050,100,работает
RUN_20260509_VPLC_L1_LIGHT_10_20_S01_R03,VPLC_L1_LIGHT_10_20,SER_20260509_VPLC_L1_LIGHT_10_20_S01,vPLC_container,VPLC_HOST,992,,,2026-05-09T17:03:05.497323321Z,,,,host_log,10,20,,,,,,1,32,,technical_check,vplc_status_cycle_duration_not_validated_as_Tper,0.069,100,работает
RUN_20260509_VPLC_L1_LIGHT_10_20_S01_R03,VPLC_L1_LIGHT_10_20,SER_20260509_VPLC_L1_LIGHT_10_20_S01,vPLC_container,VPLC_HOST,993,,,2026-05-09T17:03:06.552497091Z,,,,host_log,10,20,,,,,,1,32,,technical_check,vplc_status_cycle_duration_not_validated_as_Tper,0.030,100,работает
RUN_20260509_VPLC_L1_LIGHT_10_20_S01_R03,VPLC_L1_LIGHT_10_20,SER_20260509_VPLC_L1_LIGHT_10_20_S01,vPLC_container,VPLC_HOST,994,,,2026-05-09T17:03:07.604095192Z,,,,host_log,10,20,,,,,,1,32,,technical_check,vplc_status_cycle_duration_not_validated_as_Tper,0.070,100,работает
RUN_20260509_VPLC_L1_LIGHT_10_20_S01_R03,VPLC_L1_LIGHT_10_20,SER_20260509_VPLC_L1_LIGHT_10_20_S01,vPLC_container,VPLC_HOST,995,,,2026-05-09T17:03:08.663238601Z,,,,host_log,10,20,,,,,,1,32,,technical_check,vplc_status_cycle_duration_not_validated_as_Tper,0.070,100,работает
RUN_20260509_VPLC_L1_LIGHT_10_20_S01_R03,VPLC_L1_LIGHT_10_20,SER_20260509_VPLC_L1_LIGHT_10_20_S01,vPLC_container,VPLC_HOST,996,,,2026-05-09T17:03:09.717905137Z,,,,host_log,10,20,,,,,,1,32,,technical_check,vplc_status_cycle_duration_not_validated_as_Tper,0.072,100,работает
RUN_20260509_VPLC_L1_LIGHT_10_20_S01_R03,VPLC_L1_LIGHT_10_20,SER_20260509_VPLC_L1_LIGHT_10_20_S01,vPLC_container,VPLC_HOST,997,,,2026-05-09T17:03:10.772640392Z,,,,host_log,10,20,,,,,,1,32,,technical_check,vplc_status_cycle_duration_not_validated_as_Tper,0.069,100,работает
RUN_20260509_VPLC_L1_LIGHT_10_20_S01_R03,VPLC_L1_LIGHT_10_20,SER_20260509_VPLC_L1_LIGHT_10_20_S01,vPLC_container,VPLC_HOST,998,,,2026-05-09T17:03:11.828827483Z,,,,host_log,10,20,,,,,,1,32,,technical_check,vplc_status_cycle_duration_not_validated_as_Tper,0.049,100,работает
RUN_20260509_VPLC_L1_LIGHT_10_20_S01_R03,VPLC_L1_LIGHT_10_20,SER_20260509_VPLC_L1_LIGHT_10_20_S01,vPLC_container,VPLC_HOST,999,,,2026-05-09T17:03:12.883041975Z,,,,host_log,10,20,,,,,,1,32,,technical_check,vplc_status_cycle_duration_not_validated_as_Tper,0.071,100,работает
