run_id,mode_id,series_id,object,node_id,sample_index,cycle_index,cycle_counter,ts_observe,ts_start,ts_end,timestamp_tick_ns,timestamp_source,t0_ms,deadline_threshold_ms,Tper,Jper,deadline_miss,heartbeat,workload_accumulator,load_level,load_passes,error_flag,quality_flag,notes,cycle_exec_ms,cycle_nominal_ms,program_status
RUN_20260509_VPLC_L1_LIGHT_10_20_S01_R02,VPLC_L1_LIGHT_10_20,SER_20260509_VPLC_L1_LIGHT_10_20_S01,vPLC_container,VPLC_HOST,0,,,2026-05-09T16:22:54.547722957Z,,,,host_log,10,20,,,,,,1,32,,technical_check,vplc_status_cycle_duration_not_validated_as_Tper,0.028,100,работает
RUN_20260509_VPLC_L1_LIGHT_10_20_S01_R02,VPLC_L1_LIGHT_10_20,SER_20260509_VPLC_L1_LIGHT_10_20_S01,vPLC_container,VPLC_HOST,1,,,2026-05-09T16:22:55.592462577Z,,,,host_log,10,20,,,,,,1,32,,technical_check,vplc_status_cycle_duration_not_validated_as_Tper,0.068,100,работает
RUN_20260509_VPLC_L1_LIGHT_10_20_S01_R02,VPLC_L1_LIGHT_10_20,SER_20260509_VPLC_L1_LIGHT_10_20_S01,vPLC_container,VPLC_HOST,2,,,2026-05-09T16:22:56.649189598Z,,,,host_log,10,20,,,,,,1,32,,technical_check,vplc_status_cycle_duration_not_validated_as_Tper,0.034,100,работает
RUN_20260509_VPLC_L1_LIGHT_10_20_S01_R02,VPLC_L1_LIGHT_10_20,SER_20260509_VPLC_L1_LIGHT_10_20_S01,vPLC_container,VPLC_HOST,3,,,2026-05-09T16:22:57.705058458Z,,,,host_log,10,20,,,,,,1,32,,technical_check,vplc_status_cycle_duration_not_validated_as_Tper,0.069,100,работает
RUN_20260509_VPLC_L1_LIGHT_10_20_S01_R02,VPLC_L1_LIGHT_10_20,SER_20260509_VPLC_L1_LIGHT_10_20_S01,vPLC_container,VPLC_HOST,4,,,2026-05-09T16:22:58.760985970Z,,,,host_log,10,20,,,,,,1,32,,technical_check,vplc_status_cycle_duration_not_validated_as_Tper,0.068,100,работает
RUN_20260509_VPLC_L1_LIGHT_10_20_S01_R02,VPLC_L1_LIGHT_10_20,SER_20260509_VPLC_L1_LIGHT_10_20_S01,vPLC_container,VPLC_HOST,5,,,2026-05-09T16:22:59.816367691Z,,,,host_log,10,20,,,,,,1,32,,technical_check,vplc_status_cycle_duration_not_validated_as_Tper,0.068,100,работает
RUN_20260509_VPLC_L1_LIGHT_10_20_S01_R02,VPLC_L1_LIGHT_10_20,SER_20260509_VPLC_L1_LIGHT_10_20_S01,vPLC_container,VPLC_HOST,6,,,2026-05-09T16:23:00.868347602Z,,,,host_log,10,20,,,,,,1,32,,technical_check,vplc_status_cycle_duration_not_validated_as_Tper,0.071,100,работает
RUN_20260509_VPLC_L1_LIGHT_10_20_S01_R02,VPLC_L1_LIGHT_10_20,SER_20260509_VPLC_L1_LIGHT_10_20_S01,vPLC_container,VPLC_HOST,7,,,2026-05-09T16:23:01.923314682Z,,,,host_log,10,20,,,,,,1,32,,technical_check,vplc_status_cycle_duration_not_validated_as_Tper,0.067,100,работает
RUN_20260509_VPLC_L1_LIGHT_10_20_S01_R02,VPLC_L1_LIGHT_10_20,SER_20260509_VPLC_L1_LIGHT_10_20_S01,vPLC_container,VPLC_HOST,8,,,2026-05-09T16:23:02.981221711Z,,,,host_log,10,20,,,,,,1,32,,technical_check,vplc_status_cycle_duration_not_validated_as_Tper,0.070,100,работает
RUN_20260509_VPLC_L1_LIGHT_10_20_S01_R02,VPLC_L1_LIGHT_10_20,SER_20260509_VPLC_L1_LIGHT_10_20_S01,vPLC_container,VPLC_HOST,9,,,2026-05-09T16:23:04.036671963Z,,,,host_log,10,20,,,,,,1,32,,technical_check,vplc_status_cycle_duration_not_validated_as_Tper,0.049,100,работает
RUN_20260509_VPLC_L1_LIGHT_10_20_S01_R02,VPLC_L1_LIGHT_10_20,SER_20260509_VPLC_L1_LIGHT_10_20_S01,vPLC_container,VPLC_HOST,10,,,2026-05-09T16:23:05.090019515Z,,,,host_log,10,20,,,,,,1,32,,technical_check,vplc_status_cycle_duration_not_validated_as_Tper,0.070,100,работает
RUN_20260509_VPLC_L1_LIGHT_10_20_S01_R02,VPLC_L1_LIGHT_10_20,SER_20260509_VPLC_L1_LIGHT_10_20_S01,vPLC_container,VPLC_HOST,11,,,2026-05-09T16:23:06.146164929Z,,,,host_log,10,20,,,,,,1,32,,technical_check,vplc_status_cycle_duration_not_validated_as_Tper,0.040,100,работает
RUN_20260509_VPLC_L1_LIGHT_10_20_S01_R02,VPLC_L1_LIGHT_10_20,SER_20260509_VPLC_L1_LIGHT_10_20_S01,vPLC_container,VPLC_HOST,12,,,2026-05-09T16:23:07.202710301Z,,,,host_log,10,20,,,,,,1,32,,technical_check,vplc_status_cycle_duration_not_validated_as_Tper,0.068,100,работает
RUN_20260509_VPLC_L1_LIGHT_10_20_S01_R02,VPLC_L1_LIGHT_10_20,SER_20260509_VPLC_L1_LIGHT_10_20_S01,vPLC_container,VPLC_HOST,13,,,2026-05-09T16:23:08.257937165Z,,,,host_log,10,20,,,,,,1,32,,technical_check,vplc_status_cycle_duration_not_validated_as_Tper,0.052,100,работает
RUN_20260509_VPLC_L1_LIGHT_10_20_S01_R02,VPLC_L1_LIGHT_10_20,SER_20260509_VPLC_L1_LIGHT_10_20_S01,vPLC_container,VPLC_HOST,14,,,2026-05-09T16:23:09.312061616Z,,,,host_log,10,20,,,,,,1,32,,technical_check,vplc_status_cycle_duration_not_validated_as_Tper,0.069,100,работает
RUN_20260509_VPLC_L1_LIGHT_10_20_S01_R02,VPLC_L1_LIGHT_10_20,SER_20260509_VPLC_L1_LIGHT_10_20_S01,vPLC_container,VPLC_HOST,15,,,2026-05-09T16:23:10.368836159Z,,,,host_log,10,20,,,,,,1,32,,technical_check,vplc_status_cycle_duration_not_validated_as_Tper,4.646,100,работает
RUN_20260509_VPLC_L1_LIGHT_10_20_S01_R02,VPLC_L1_LIGHT_10_20,SER_20260509_VPLC_L1_LIGHT_10_20_S01,vPLC_container,VPLC_HOST,16,,,2026-05-09T16:23:11.421154235Z,,,,host_log,10,20,,,,,,1,32,,technical_check,vplc_status_cycle_duration_not_validated_as_Tper,0.050,100,работает
RUN_20260509_VPLC_L1_LIGHT_10_20_S01_R02,VPLC_L1_LIGHT_10_20,SER_20260509_VPLC_L1_LIGHT_10_20_S01,vPLC_container,VPLC_HOST,17,,,2026-05-09T16:23:12.478686135Z,,,,host_log,10,20,,,,,,1,32,,technical_check,vplc_status_cycle_duration_not_validated_as_Tper,0.069,100,работает
RUN_20260509_VPLC_L1_LIGHT_10_20_S01_R02,VPLC_L1_LIGHT_10_20,SER_20260509_VPLC_L1_LIGHT_10_20_S01,vPLC_container,VPLC_HOST,18,,,2026-05-09T16:23:13.532842893Z,,,,host_log,10,20,,,,,,1,32,,technical_check,vplc_status_cycle_duration_not_validated_as_Tper,0.049,100,работает
RUN_20260509_VPLC_L1_LIGHT_10_20_S01_R02,VPLC_L1_LIGHT_10_20,SER_20260509_VPLC_L1_LIGHT_10_20_S01,vPLC_container,VPLC_HOST,19,,,2026-05-09T16:23:14.588098296Z,,,,host_log,10,20,,,,,,1,32,,technical_check,vplc_status_cycle_duration_not_validated_as_Tper,0.070,100,работает
RUN_20260509_VPLC_L1_LIGHT_10_20_S01_R02,VPLC_L1_LIGHT_10_20,SER_20260509_VPLC_L1_LIGHT_10_20_S01,vPLC_container,VPLC_HOST,20,,,2026-05-09T16:23:15.641895854Z,,,,host_log,10,20,,,,,,1,32,,technical_check,vplc_status_cycle_duration_not_validated_as_Tper,0.049,100,работает
RUN_20260509_VPLC_L1_LIGHT_10_20_S01_R02,VPLC_L1_LIGHT_10_20,SER_20260509_VPLC_L1_LIGHT_10_20_S01,vPLC_container,VPLC_HOST,21,,,2026-05-09T16:23:16.696953397Z,,,,host_log,10,20,,,,,,1,32,,technical_check,vplc_status_cycle_duration_not_validated_as_Tper,0.069,100,работает
RUN_20260509_VPLC_L1_LIGHT_10_20_S01_R02,VPLC_L1_LIGHT_10_20,SER_20260509_VPLC_L1_LIGHT_10_20_S01,vPLC_container,VPLC_HOST,22,,,2026-05-09T16:23:17.751973310Z,,,,host_log,10,20,,,,,,1,32,,technical_check,vplc_status_cycle_duration_not_validated_as_Tper,0.027,100,работает
RUN_20260509_VPLC_L1_LIGHT_10_20_S01_R02,VPLC_L1_LIGHT_10_20,SER_20260509_VPLC_L1_LIGHT_10_20_S01,vPLC_container,VPLC_HOST,23,,,2026-05-09T16:23:18.810361949Z,,,,host_log,10,20,,,,,,1,32,,technical_check,vplc_status_cycle_duration_not_validated_as_Tper,0.069,100,работает
RUN_20260509_VPLC_L1_LIGHT_10_20_S01_R02,VPLC_L1_LIGHT_10_20,SER_20260509_VPLC_L1_LIGHT_10_20_S01,vPLC_container,VPLC_HOST,24,,,2026-05-09T16:23:19.864678940Z,,,,host_log,10,20,,,,,,1,32,,technical_check,vplc_status_cycle_duration_not_validated_as_Tper,0.069,100,работает
RUN_20260509_VPLC_L1_LIGHT_10_20_S01_R02,VPLC_L1_LIGHT_10_20,SER_20260509_VPLC_L1_LIGHT_10_20_S01,vPLC_container,VPLC_HOST,25,,,2026-05-09T16:23:20.916798278Z,,,,host_log,10,20,,,,,,1,32,,technical_check,vplc_status_cycle_duration_not_validated_as_Tper,0.070,100,работает
RUN_20260509_VPLC_L1_LIGHT_10_20_S01_R02,VPLC_L1_LIGHT_10_20,SER_20260509_VPLC_L1_LIGHT_10_20_S01,vPLC_container,VPLC_HOST,26,,,2026-05-09T16:23:21.975523901Z,,,,host_log,10,20,,,,,,1,32,,technical_check,vplc_status_cycle_duration_not_validated_as_Tper,0.068,100,работает
RUN_20260509_VPLC_L1_LIGHT_10_20_S01_R02,VPLC_L1_LIGHT_10_20,SER_20260509_VPLC_L1_LIGHT_10_20_S01,vPLC_container,VPLC_HOST,27,,,2026-05-09T16:23:23.032016041Z,,,,host_log,10,20,,,,,,1,32,,technical_check,vplc_status_cycle_duration_not_validated_as_Tper,0.047,100,работает
RUN_20260509_VPLC_L1_LIGHT_10_20_S01_R02,VPLC_L1_LIGHT_10_20,SER_20260509_VPLC_L1_LIGHT_10_20_S01,vPLC_container,VPLC_HOST,28,,,2026-05-09T16:23:24.085207273Z,,,,host_log,10,20,,,,,,1,32,,technical_check,vplc_status_cycle_duration_not_validated_as_Tper,0.069,100,работает
RUN_20260509_VPLC_L1_LIGHT_10_20_S01_R02,VPLC_L1_LIGHT_10_20,SER_20260509_VPLC_L1_LIGHT_10_20_S01,vPLC_container,VPLC_HOST,29,,,2026-05-09T16:23:25.141880941Z,,,,host_log,10,20,,,,,,1,32,,technical_check,vplc_status_cycle_duration_not_validated_as_Tper,0.051,100,работает
RUN_20260509_VPLC_L1_LIGHT_10_20_S01_R02,VPLC_L1_LIGHT_10_20,SER_20260509_VPLC_L1_LIGHT_10_20_S01,vPLC_container,VPLC_HOST,30,,,2026-05-09T16:23:26.196872798Z,,,,host_log,10,20,,,,,,1,32,,technical_check,vplc_status_cycle_duration_not_validated_as_Tper,0.067,100,работает
RUN_20260509_VPLC_L1_LIGHT_10_20_S01_R02,VPLC_L1_LIGHT_10_20,SER_20260509_VPLC_L1_LIGHT_10_20_S01,vPLC_container,VPLC_HOST,31,,,2026-05-09T16:23:27.252331014Z,,,,host_log,10,20,,,,,,1,32,,technical_check,vplc_status_cycle_duration_not_validated_as_Tper,0.026,100,работает
RUN_20260509_VPLC_L1_LIGHT_10_20_S01_R02,VPLC_L1_LIGHT_10_20,SER_20260509_VPLC_L1_LIGHT_10_20_S01,vPLC_container,VPLC_HOST,32,,,2026-05-09T16:23:28.307706586Z,,,,host_log,10,20,,,,,,1,32,,technical_check,vplc_status_cycle_duration_not_validated_as_Tper,0.070,100,работает
RUN_20260509_VPLC_L1_LIGHT_10_20_S01_R02,VPLC_L1_LIGHT_10_20,SER_20260509_VPLC_L1_LIGHT_10_20_S01,vPLC_container,VPLC_HOST,33,,,2026-05-09T16:23:29.362868795Z,,,,host_log,10,20,,,,,,1,32,,technical_check,vplc_status_cycle_duration_not_validated_as_Tper,4.187,100,работает
RUN_20260509_VPLC_L1_LIGHT_10_20_S01_R02,VPLC_L1_LIGHT_10_20,SER_20260509_VPLC_L1_LIGHT_10_20_S01,vPLC_container,VPLC_HOST,34,,,2026-05-09T16:23:30.417582701Z,,,,host_log,10,20,,,,,,1,32,,technical_check,vplc_status_cycle_duration_not_validated_as_Tper,4.403,100,работает
RUN_20260509_VPLC_L1_LIGHT_10_20_S01_R02,VPLC_L1_LIGHT_10_20,SER_20260509_VPLC_L1_LIGHT_10_20_S01,vPLC_container,VPLC_HOST,35,,,2026-05-09T16:23:31.471462148Z,,,,host_log,10,20,,,,,,1,32,,technical_check,vplc_status_cycle_duration_not_validated_as_Tper,0.073,100,работает
RUN_20260509_VPLC_L1_LIGHT_10_20_S01_R02,VPLC_L1_LIGHT_10_20,SER_20260509_VPLC_L1_LIGHT_10_20_S01,vPLC_container,VPLC_HOST,36,,,2026-05-09T16:23:32.526068003Z,,,,host_log,10,20,,,,,,1,32,,technical_check,vplc_status_cycle_duration_not_validated_as_Tper,0.049,100,работает
RUN_20260509_VPLC_L1_LIGHT_10_20_S01_R02,VPLC_L1_LIGHT_10_20,SER_20260509_VPLC_L1_LIGHT_10_20_S01,vPLC_container,VPLC_HOST,37,,,2026-05-09T16:23:33.581330544Z,,,,host_log,10,20,,,,,,1,32,,technical_check,vplc_status_cycle_duration_not_validated_as_Tper,0.069,100,работает
RUN_20260509_VPLC_L1_LIGHT_10_20_S01_R02,VPLC_L1_LIGHT_10_20,SER_20260509_VPLC_L1_LIGHT_10_20_S01,vPLC_container,VPLC_HOST,38,,,2026-05-09T16:23:34.638280329Z,,,,host_log,10,20,,,,,,1,32,,technical_check,vplc_status_cycle_duration_not_validated_as_Tper,0.049,100,работает
RUN_20260509_VPLC_L1_LIGHT_10_20_S01_R02,VPLC_L1_LIGHT_10_20,SER_20260509_VPLC_L1_LIGHT_10_20_S01,vPLC_container,VPLC_HOST,39,,,2026-05-09T16:23:35.692440682Z,,,,host_log,10,20,,,,,,1,32,,technical_check,vplc_status_cycle_duration_not_validated_as_Tper,0.070,100,работает
RUN_20260509_VPLC_L1_LIGHT_10_20_S01_R02,VPLC_L1_LIGHT_10_20,SER_20260509_VPLC_L1_LIGHT_10_20_S01,vPLC_container,VPLC_HOST,40,,,2026-05-09T16:23:36.750396189Z,,,,host_log,10,20,,,,,,1,32,,technical_check,vplc_status_cycle_duration_not_validated_as_Tper,0.027,100,работает
RUN_20260509_VPLC_L1_LIGHT_10_20_S01_R02,VPLC_L1_LIGHT_10_20,SER_20260509_VPLC_L1_LIGHT_10_20_S01,vPLC_container,VPLC_HOST,41,,,2026-05-09T16:23:37.804617097Z,,,,host_log,10,20,,,,,,1,32,,technical_check,vplc_status_cycle_duration_not_validated_as_Tper,0.071,100,работает
RUN_20260509_VPLC_L1_LIGHT_10_20_S01_R02,VPLC_L1_LIGHT_10_20,SER_20260509_VPLC_L1_LIGHT_10_20_S01,vPLC_container,VPLC_HOST,42,,,2026-05-09T16:23:38.861140172Z,,,,host_log,10,20,,,,,,1,32,,technical_check,vplc_status_cycle_duration_not_validated_as_Tper,0.069,100,работает
RUN_20260509_VPLC_L1_LIGHT_10_20_S01_R02,VPLC_L1_LIGHT_10_20,SER_20260509_VPLC_L1_LIGHT_10_20_S01,vPLC_container,VPLC_HOST,43,,,2026-05-09T16:23:39.915858063Z,,,,host_log,10,20,,,,,,1,32,,technical_check,vplc_status_cycle_duration_not_validated_as_Tper,0.069,100,работает
RUN_20260509_VPLC_L1_LIGHT_10_20_S01_R02,VPLC_L1_LIGHT_10_20,SER_20260509_VPLC_L1_LIGHT_10_20_S01,vPLC_container,VPLC_HOST,44,,,2026-05-09T16:23:40.972229219Z,,,,host_log,10,20,,,,,,1,32,,technical_check,vplc_status_cycle_duration_not_validated_as_Tper,0.071,100,работает
RUN_20260509_VPLC_L1_LIGHT_10_20_S01_R02,VPLC_L1_LIGHT_10_20,SER_20260509_VPLC_L1_LIGHT_10_20_S01,vPLC_container,VPLC_HOST,45,,,2026-05-09T16:23:42.024499601Z,,,,host_log,10,20,,,,,,1,32,,technical_check,vplc_status_cycle_duration_not_validated_as_Tper,0.049,100,работает
RUN_20260509_VPLC_L1_LIGHT_10_20_S01_R02,VPLC_L1_LIGHT_10_20,SER_20260509_VPLC_L1_LIGHT_10_20_S01,vPLC_container,VPLC_HOST,46,,,2026-05-09T16:23:43.081586608Z,,,,host_log,10,20,,,,,,1,32,,technical_check,vplc_status_cycle_duration_not_validated_as_Tper,0.069,100,работает
RUN_20260509_VPLC_L1_LIGHT_10_20_S01_R02,VPLC_L1_LIGHT_10_20,SER_20260509_VPLC_L1_LIGHT_10_20_S01,vPLC_container,VPLC_HOST,47,,,2026-05-09T16:23:44.136585598Z,,,,host_log,10,20,,,,,,1,32,,technical_check,vplc_status_cycle_duration_not_validated_as_Tper,0.049,100,работает
RUN_20260509_VPLC_L1_LIGHT_10_20_S01_R02,VPLC_L1_LIGHT_10_20,SER_20260509_VPLC_L1_LIGHT_10_20_S01,vPLC_container,VPLC_HOST,48,,,2026-05-09T16:23:45.192500378Z,,,,host_log,10,20,,,,,,1,32,,technical_check,vplc_status_cycle_duration_not_validated_as_Tper,0.070,100,работает
RUN_20260509_VPLC_L1_LIGHT_10_20_S01_R02,VPLC_L1_LIGHT_10_20,SER_20260509_VPLC_L1_LIGHT_10_20_S01,vPLC_container,VPLC_HOST,49,,,2026-05-09T16:23:46.245214347Z,,,,host_log,10,20,,,,,,1,32,,technical_check,vplc_status_cycle_duration_not_validated_as_Tper,0.044,100,работает
RUN_20260509_VPLC_L1_LIGHT_10_20_S01_R02,VPLC_L1_LIGHT_10_20,SER_20260509_VPLC_L1_LIGHT_10_20_S01,vPLC_container,VPLC_HOST,50,,,2026-05-09T16:23:47.303637048Z,,,,host_log,10,20,,,,,,1,32,,technical_check,vplc_status_cycle_duration_not_validated_as_Tper,0.071,100,работает
RUN_20260509_VPLC_L1_LIGHT_10_20_S01_R02,VPLC_L1_LIGHT_10_20,SER_20260509_VPLC_L1_LIGHT_10_20_S01,vPLC_container,VPLC_HOST,51,,,2026-05-09T16:23:48.358046050Z,,,,host_log,10,20,,,,,,1,32,,technical_check,vplc_status_cycle_duration_not_validated_as_Tper,4.363,100,работает
RUN_20260509_VPLC_L1_LIGHT_10_20_S01_R02,VPLC_L1_LIGHT_10_20,SER_20260509_VPLC_L1_LIGHT_10_20_S01,vPLC_container,VPLC_HOST,52,,,2026-05-09T16:23:49.413136104Z,,,,host_log,10,20,,,,,,1,32,,technical_check,vplc_status_cycle_duration_not_validated_as_Tper,4.374,100,работает
RUN_20260509_VPLC_L1_LIGHT_10_20_S01_R02,VPLC_L1_LIGHT_10_20,SER_20260509_VPLC_L1_LIGHT_10_20_S01,vPLC_container,VPLC_HOST,53,,,2026-05-09T16:23:50.467538518Z,,,,host_log,10,20,,,,,,1,32,,technical_check,vplc_status_cycle_duration_not_validated_as_Tper,0.070,100,работает
RUN_20260509_VPLC_L1_LIGHT_10_20_S01_R02,VPLC_L1_LIGHT_10_20,SER_20260509_VPLC_L1_LIGHT_10_20_S01,vPLC_container,VPLC_HOST,54,,,2026-05-09T16:23:51.524596442Z,,,,host_log,10,20,,,,,,1,32,,technical_check,vplc_status_cycle_duration_not_validated_as_Tper,0.050,100,работает
RUN_20260509_VPLC_L1_LIGHT_10_20_S01_R02,VPLC_L1_LIGHT_10_20,SER_20260509_VPLC_L1_LIGHT_10_20_S01,vPLC_container,VPLC_HOST,55,,,2026-05-09T16:23:52.579536023Z,,,,host_log,10,20,,,,,,1,32,,technical_check,vplc_status_cycle_duration_not_validated_as_Tper,0.070,100,работает
RUN_20260509_VPLC_L1_LIGHT_10_20_S01_R02,VPLC_L1_LIGHT_10_20,SER_20260509_VPLC_L1_LIGHT_10_20_S01,vPLC_container,VPLC_HOST,56,,,2026-05-09T16:23:53.635351196Z,,,,host_log,10,20,,,,,,1,32,,technical_check,vplc_status_cycle_duration_not_validated_as_Tper,0.048,100,работает
RUN_20260509_VPLC_L1_LIGHT_10_20_S01_R02,VPLC_L1_LIGHT_10_20,SER_20260509_VPLC_L1_LIGHT_10_20_S01,vPLC_container,VPLC_HOST,57,,,2026-05-09T16:23:54.690761989Z,,,,host_log,10,20,,,,,,1,32,,technical_check,vplc_status_cycle_duration_not_validated_as_Tper,0.069,100,работает
RUN_20260509_VPLC_L1_LIGHT_10_20_S01_R02,VPLC_L1_LIGHT_10_20,SER_20260509_VPLC_L1_LIGHT_10_20_S01,vPLC_container,VPLC_HOST,58,,,2026-05-09T16:23:55.745144199Z,,,,host_log,10,20,,,,,,1,32,,technical_check,vplc_status_cycle_duration_not_validated_as_Tper,0.044,100,работает
RUN_20260509_VPLC_L1_LIGHT_10_20_S01_R02,VPLC_L1_LIGHT_10_20,SER_20260509_VPLC_L1_LIGHT_10_20_S01,vPLC_container,VPLC_HOST,59,,,2026-05-09T16:23:56.801358709Z,,,,host_log,10,20,,,,,,1,32,,technical_check,vplc_status_cycle_duration_not_validated_as_Tper,0.070,100,работает
RUN_20260509_VPLC_L1_LIGHT_10_20_S01_R02,VPLC_L1_LIGHT_10_20,SER_20260509_VPLC_L1_LIGHT_10_20_S01,vPLC_container,VPLC_HOST,60,,,2026-05-09T16:23:57.852429870Z,,,,host_log,10,20,,,,,,1,32,,technical_check,vplc_status_cycle_duration_not_validated_as_Tper,0.027,100,работает
RUN_20260509_VPLC_L1_LIGHT_10_20_S01_R02,VPLC_L1_LIGHT_10_20,SER_20260509_VPLC_L1_LIGHT_10_20_S01,vPLC_container,VPLC_HOST,61,,,2026-05-09T16:23:58.911370261Z,,,,host_log,10,20,,,,,,1,32,,technical_check,vplc_status_cycle_duration_not_validated_as_Tper,0.070,100,работает
RUN_20260509_VPLC_L1_LIGHT_10_20_S01_R02,VPLC_L1_LIGHT_10_20,SER_20260509_VPLC_L1_LIGHT_10_20_S01,vPLC_container,VPLC_HOST,62,,,2026-05-09T16:23:59.966914002Z,,,,host_log,10,20,,,,,,1,32,,technical_check,vplc_status_cycle_duration_not_validated_as_Tper,0.069,100,работает
RUN_20260509_VPLC_L1_LIGHT_10_20_S01_R02,VPLC_L1_LIGHT_10_20,SER_20260509_VPLC_L1_LIGHT_10_20_S01,vPLC_container,VPLC_HOST,63,,,2026-05-09T16:24:01.022774979Z,,,,host_log,10,20,,,,,,1,32,,technical_check,vplc_status_cycle_duration_not_validated_as_Tper,0.066,100,работает
RUN_20260509_VPLC_L1_LIGHT_10_20_S01_R02,VPLC_L1_LIGHT_10_20,SER_20260509_VPLC_L1_LIGHT_10_20_S01,vPLC_container,VPLC_HOST,64,,,2026-05-09T16:24:02.075000061Z,,,,host_log,10,20,,,,,,1,32,,technical_check,vplc_status_cycle_duration_not_validated_as_Tper,0.069,100,работает
RUN_20260509_VPLC_L1_LIGHT_10_20_S01_R02,VPLC_L1_LIGHT_10_20,SER_20260509_VPLC_L1_LIGHT_10_20_S01,vPLC_container,VPLC_HOST,65,,,2026-05-09T16:24:03.132222004Z,,,,host_log,10,20,,,,,,1,32,,technical_check,vplc_status_cycle_duration_not_validated_as_Tper,0.048,100,работает
RUN_20260509_VPLC_L1_LIGHT_10_20_S01_R02,VPLC_L1_LIGHT_10_20,SER_20260509_VPLC_L1_LIGHT_10_20_S01,vPLC_container,VPLC_HOST,66,,,2026-05-09T16:24:04.186229908Z,,,,host_log,10,20,,,,,,1,32,,technical_check,vplc_status_cycle_duration_not_validated_as_Tper,0.068,100,работает
RUN_20260509_VPLC_L1_LIGHT_10_20_S01_R02,VPLC_L1_LIGHT_10_20,SER_20260509_VPLC_L1_LIGHT_10_20_S01,vPLC_container,VPLC_HOST,67,,,2026-05-09T16:24:05.244699723Z,,,,host_log,10,20,,,,,,1,32,,technical_check,vplc_status_cycle_duration_not_validated_as_Tper,0.048,100,работает
RUN_20260509_VPLC_L1_LIGHT_10_20_S01_R02,VPLC_L1_LIGHT_10_20,SER_20260509_VPLC_L1_LIGHT_10_20_S01,vPLC_container,VPLC_HOST,68,,,2026-05-09T16:24:06.299790782Z,,,,host_log,10,20,,,,,,1,32,,technical_check,vplc_status_cycle_duration_not_validated_as_Tper,0.070,100,работает
RUN_20260509_VPLC_L1_LIGHT_10_20_S01_R02,VPLC_L1_LIGHT_10_20,SER_20260509_VPLC_L1_LIGHT_10_20_S01,vPLC_container,VPLC_HOST,69,,,2026-05-09T16:24:07.353862724Z,,,,host_log,10,20,,,,,,1,32,,technical_check,vplc_status_cycle_duration_not_validated_as_Tper,3.660,100,работает
RUN_20260509_VPLC_L1_LIGHT_10_20_S01_R02,VPLC_L1_LIGHT_10_20,SER_20260509_VPLC_L1_LIGHT_10_20_S01,vPLC_container,VPLC_HOST,70,,,2026-05-09T16:24:08.406238034Z,,,,host_log,10,20,,,,,,1,32,,technical_check,vplc_status_cycle_duration_not_validated_as_Tper,4.581,100,работает
RUN_20260509_VPLC_L1_LIGHT_10_20_S01_R02,VPLC_L1_LIGHT_10_20,SER_20260509_VPLC_L1_LIGHT_10_20_S01,vPLC_container,VPLC_HOST,71,,,2026-05-09T16:24:09.462137107Z,,,,host_log,10,20,,,,,,1,32,,technical_check,vplc_status_cycle_duration_not_validated_as_Tper,0.068,100,работает
RUN_20260509_VPLC_L1_LIGHT_10_20_S01_R02,VPLC_L1_LIGHT_10_20,SER_20260509_VPLC_L1_LIGHT_10_20_S01,vPLC_container,VPLC_HOST,72,,,2026-05-09T16:24:10.512055161Z,,,,host_log,10,20,,,,,,1,32,,technical_check,vplc_status_cycle_duration_not_validated_as_Tper,0.067,100,работает
RUN_20260509_VPLC_L1_LIGHT_10_20_S01_R02,VPLC_L1_LIGHT_10_20,SER_20260509_VPLC_L1_LIGHT_10_20_S01,vPLC_container,VPLC_HOST,73,,,2026-05-09T16:24:11.572428724Z,,,,host_log,10,20,,,,,,1,32,,technical_check,vplc_status_cycle_duration_not_validated_as_Tper,0.072,100,работает
RUN_20260509_VPLC_L1_LIGHT_10_20_S01_R02,VPLC_L1_LIGHT_10_20,SER_20260509_VPLC_L1_LIGHT_10_20_S01,vPLC_container,VPLC_HOST,74,,,2026-05-09T16:24:12.628901052Z,,,,host_log,10,20,,,,,,1,32,,technical_check,vplc_status_cycle_duration_not_validated_as_Tper,0.069,100,работает
RUN_20260509_VPLC_L1_LIGHT_10_20_S01_R02,VPLC_L1_LIGHT_10_20,SER_20260509_VPLC_L1_LIGHT_10_20_S01,vPLC_container,VPLC_HOST,75,,,2026-05-09T16:24:13.684910477Z,,,,host_log,10,20,,,,,,1,32,,technical_check,vplc_status_cycle_duration_not_validated_as_Tper,0.068,100,работает
RUN_20260509_VPLC_L1_LIGHT_10_20_S01_R02,VPLC_L1_LIGHT_10_20,SER_20260509_VPLC_L1_LIGHT_10_20_S01,vPLC_container,VPLC_HOST,76,,,2026-05-09T16:24:14.740521074Z,,,,host_log,10,20,,,,,,1,32,,technical_check,vplc_status_cycle_duration_not_validated_as_Tper,0.049,100,работает
RUN_20260509_VPLC_L1_LIGHT_10_20_S01_R02,VPLC_L1_LIGHT_10_20,SER_20260509_VPLC_L1_LIGHT_10_20_S01,vPLC_container,VPLC_HOST,77,,,2026-05-09T16:24:15.794193802Z,,,,host_log,10,20,,,,,,1,32,,technical_check,vplc_status_cycle_duration_not_validated_as_Tper,0.069,100,работает
RUN_20260509_VPLC_L1_LIGHT_10_20_S01_R02,VPLC_L1_LIGHT_10_20,SER_20260509_VPLC_L1_LIGHT_10_20_S01,vPLC_container,VPLC_HOST,78,,,2026-05-09T16:24:16.848781996Z,,,,host_log,10,20,,,,,,1,32,,technical_check,vplc_status_cycle_duration_not_validated_as_Tper,0.034,100,работает
RUN_20260509_VPLC_L1_LIGHT_10_20_S01_R02,VPLC_L1_LIGHT_10_20,SER_20260509_VPLC_L1_LIGHT_10_20_S01,vPLC_container,VPLC_HOST,79,,,2026-05-09T16:24:17.902862221Z,,,,host_log,10,20,,,,,,1,32,,technical_check,vplc_status_cycle_duration_not_validated_as_Tper,0.067,100,работает
RUN_20260509_VPLC_L1_LIGHT_10_20_S01_R02,VPLC_L1_LIGHT_10_20,SER_20260509_VPLC_L1_LIGHT_10_20_S01,vPLC_container,VPLC_HOST,80,,,2026-05-09T16:24:18.960156854Z,,,,host_log,10,20,,,,,,1,32,,technical_check,vplc_status_cycle_duration_not_validated_as_Tper,0.065,100,работает
RUN_20260509_VPLC_L1_LIGHT_10_20_S01_R02,VPLC_L1_LIGHT_10_20,SER_20260509_VPLC_L1_LIGHT_10_20_S01,vPLC_container,VPLC_HOST,81,,,2026-05-09T16:24:20.013652286Z,,,,host_log,10,20,,,,,,1,32,,technical_check,vplc_status_cycle_duration_not_validated_as_Tper,0.070,100,работает
RUN_20260509_VPLC_L1_LIGHT_10_20_S01_R02,VPLC_L1_LIGHT_10_20,SER_20260509_VPLC_L1_LIGHT_10_20_S01,vPLC_container,VPLC_HOST,82,,,2026-05-09T16:24:21.070771197Z,,,,host_log,10,20,,,,,,1,32,,technical_check,vplc_status_cycle_duration_not_validated_as_Tper,0.070,100,работает
RUN_20260509_VPLC_L1_LIGHT_10_20_S01_R02,VPLC_L1_LIGHT_10_20,SER_20260509_VPLC_L1_LIGHT_10_20_S01,vPLC_container,VPLC_HOST,83,,,2026-05-09T16:24:22.126809997Z,,,,host_log,10,20,,,,,,1,32,,technical_check,vplc_status_cycle_duration_not_validated_as_Tper,0.070,100,работает
RUN_20260509_VPLC_L1_LIGHT_10_20_S01_R02,VPLC_L1_LIGHT_10_20,SER_20260509_VPLC_L1_LIGHT_10_20_S01,vPLC_container,VPLC_HOST,84,,,2026-05-09T16:24:23.182343647Z,,,,host_log,10,20,,,,,,1,32,,technical_check,vplc_status_cycle_duration_not_validated_as_Tper,0.070,100,работает
RUN_20260509_VPLC_L1_LIGHT_10_20_S01_R02,VPLC_L1_LIGHT_10_20,SER_20260509_VPLC_L1_LIGHT_10_20_S01,vPLC_container,VPLC_HOST,85,,,2026-05-09T16:24:24.236664804Z,,,,host_log,10,20,,,,,,1,32,,technical_check,vplc_status_cycle_duration_not_validated_as_Tper,0.048,100,работает
RUN_20260509_VPLC_L1_LIGHT_10_20_S01_R02,VPLC_L1_LIGHT_10_20,SER_20260509_VPLC_L1_LIGHT_10_20_S01,vPLC_container,VPLC_HOST,86,,,2026-05-09T16:24:25.292874246Z,,,,host_log,10,20,,,,,,1,32,,technical_check,vplc_status_cycle_duration_not_validated_as_Tper,0.069,100,работает
RUN_20260509_VPLC_L1_LIGHT_10_20_S01_R02,VPLC_L1_LIGHT_10_20,SER_20260509_VPLC_L1_LIGHT_10_20_S01,vPLC_container,VPLC_HOST,87,,,2026-05-09T16:24:26.347545641Z,,,,host_log,10,20,,,,,,1,32,,technical_check,vplc_status_cycle_duration_not_validated_as_Tper,4.790,100,работает
RUN_20260509_VPLC_L1_LIGHT_10_20_S01_R02,VPLC_L1_LIGHT_10_20,SER_20260509_VPLC_L1_LIGHT_10_20_S01,vPLC_container,VPLC_HOST,88,,,2026-05-09T16:24:27.402355644Z,,,,host_log,10,20,,,,,,1,32,,technical_check,vplc_status_cycle_duration_not_validated_as_Tper,4.798,100,работает
RUN_20260509_VPLC_L1_LIGHT_10_20_S01_R02,VPLC_L1_LIGHT_10_20,SER_20260509_VPLC_L1_LIGHT_10_20_S01,vPLC_container,VPLC_HOST,89,,,2026-05-09T16:24:28.457899808Z,,,,host_log,10,20,,,,,,1,32,,technical_check,vplc_status_cycle_duration_not_validated_as_Tper,0.049,100,работает
RUN_20260509_VPLC_L1_LIGHT_10_20_S01_R02,VPLC_L1_LIGHT_10_20,SER_20260509_VPLC_L1_LIGHT_10_20_S01,vPLC_container,VPLC_HOST,90,,,2026-05-09T16:24:29.514284351Z,,,,host_log,10,20,,,,,,1,32,,technical_check,vplc_status_cycle_duration_not_validated_as_Tper,0.069,100,работает
RUN_20260509_VPLC_L1_LIGHT_10_20_S01_R02,VPLC_L1_LIGHT_10_20,SER_20260509_VPLC_L1_LIGHT_10_20_S01,vPLC_container,VPLC_HOST,91,,,2026-05-09T16:24:30.570280164Z,,,,host_log,10,20,,,,,,1,32,,technical_check,vplc_status_cycle_duration_not_validated_as_Tper,0.069,100,работает
RUN_20260509_VPLC_L1_LIGHT_10_20_S01_R02,VPLC_L1_LIGHT_10_20,SER_20260509_VPLC_L1_LIGHT_10_20_S01,vPLC_container,VPLC_HOST,92,,,2026-05-09T16:24:31.624613444Z,,,,host_log,10,20,,,,,,1,32,,technical_check,vplc_status_cycle_duration_not_validated_as_Tper,0.050,100,работает
RUN_20260509_VPLC_L1_LIGHT_10_20_S01_R02,VPLC_L1_LIGHT_10_20,SER_20260509_VPLC_L1_LIGHT_10_20_S01,vPLC_container,VPLC_HOST,93,,,2026-05-09T16:24:32.679949916Z,,,,host_log,10,20,,,,,,1,32,,technical_check,vplc_status_cycle_duration_not_validated_as_Tper,0.070,100,работает
RUN_20260509_VPLC_L1_LIGHT_10_20_S01_R02,VPLC_L1_LIGHT_10_20,SER_20260509_VPLC_L1_LIGHT_10_20_S01,vPLC_container,VPLC_HOST,94,,,2026-05-09T16:24:33.735543251Z,,,,host_log,10,20,,,,,,1,32,,technical_check,vplc_status_cycle_duration_not_validated_as_Tper,0.049,100,работает
RUN_20260509_VPLC_L1_LIGHT_10_20_S01_R02,VPLC_L1_LIGHT_10_20,SER_20260509_VPLC_L1_LIGHT_10_20_S01,vPLC_container,VPLC_HOST,95,,,2026-05-09T16:24:34.790507642Z,,,,host_log,10,20,,,,,,1,32,,technical_check,vplc_status_cycle_duration_not_validated_as_Tper,0.068,100,работает
RUN_20260509_VPLC_L1_LIGHT_10_20_S01_R02,VPLC_L1_LIGHT_10_20,SER_20260509_VPLC_L1_LIGHT_10_20_S01,vPLC_container,VPLC_HOST,96,,,2026-05-09T16:24:35.843230576Z,,,,host_log,10,20,,,,,,1,32,,technical_check,vplc_status_cycle_duration_not_validated_as_Tper,0.049,100,работает
RUN_20260509_VPLC_L1_LIGHT_10_20_S01_R02,VPLC_L1_LIGHT_10_20,SER_20260509_VPLC_L1_LIGHT_10_20_S01,vPLC_container,VPLC_HOST,97,,,2026-05-09T16:24:36.902379430Z,,,,host_log,10,20,,,,,,1,32,,technical_check,vplc_status_cycle_duration_not_validated_as_Tper,0.071,100,работает
RUN_20260509_VPLC_L1_LIGHT_10_20_S01_R02,VPLC_L1_LIGHT_10_20,SER_20260509_VPLC_L1_LIGHT_10_20_S01,vPLC_container,VPLC_HOST,98,,,2026-05-09T16:24:37.957266325Z,,,,host_log,10,20,,,,,,1,32,,technical_check,vplc_status_cycle_duration_not_validated_as_Tper,0.050,100,работает
RUN_20260509_VPLC_L1_LIGHT_10_20_S01_R02,VPLC_L1_LIGHT_10_20,SER_20260509_VPLC_L1_LIGHT_10_20_S01,vPLC_container,VPLC_HOST,99,,,2026-05-09T16:24:39.012756754Z,,,,host_log,10,20,,,,,,1,32,,technical_check,vplc_status_cycle_duration_not_validated_as_Tper,0.069,100,работает
RUN_20260509_VPLC_L1_LIGHT_10_20_S01_R02,VPLC_L1_LIGHT_10_20,SER_20260509_VPLC_L1_LIGHT_10_20_S01,vPLC_container,VPLC_HOST,100,,,2026-05-09T16:24:40.067193895Z,,,,host_log,10,20,,,,,,1,32,,technical_check,vplc_status_cycle_duration_not_validated_as_Tper,0.069,100,работает
RUN_20260509_VPLC_L1_LIGHT_10_20_S01_R02,VPLC_L1_LIGHT_10_20,SER_20260509_VPLC_L1_LIGHT_10_20_S01,vPLC_container,VPLC_HOST,101,,,2026-05-09T16:24:41.123618642Z,,,,host_log,10,20,,,,,,1,32,,technical_check,vplc_status_cycle_duration_not_validated_as_Tper,0.066,100,работает
RUN_20260509_VPLC_L1_LIGHT_10_20_S01_R02,VPLC_L1_LIGHT_10_20,SER_20260509_VPLC_L1_LIGHT_10_20_S01,vPLC_container,VPLC_HOST,102,,,2026-05-09T16:24:42.175926887Z,,,,host_log,10,20,,,,,,1,32,,technical_check,vplc_status_cycle_duration_not_validated_as_Tper,0.069,100,работает
RUN_20260509_VPLC_L1_LIGHT_10_20_S01_R02,VPLC_L1_LIGHT_10_20,SER_20260509_VPLC_L1_LIGHT_10_20_S01,vPLC_container,VPLC_HOST,103,,,2026-05-09T16:24:43.234327686Z,,,,host_log,10,20,,,,,,1,32,,technical_check,vplc_status_cycle_duration_not_validated_as_Tper,0.049,100,работает
RUN_20260509_VPLC_L1_LIGHT_10_20_S01_R02,VPLC_L1_LIGHT_10_20,SER_20260509_VPLC_L1_LIGHT_10_20_S01,vPLC_container,VPLC_HOST,104,,,2026-05-09T16:24:44.288938751Z,,,,host_log,10,20,,,,,,1,32,,technical_check,vplc_status_cycle_duration_not_validated_as_Tper,0.063,100,работает
RUN_20260509_VPLC_L1_LIGHT_10_20_S01_R02,VPLC_L1_LIGHT_10_20,SER_20260509_VPLC_L1_LIGHT_10_20_S01,vPLC_container,VPLC_HOST,105,,,2026-05-09T16:24:45.345013229Z,,,,host_log,10,20,,,,,,1,32,,technical_check,vplc_status_cycle_duration_not_validated_as_Tper,4.340,100,работает
RUN_20260509_VPLC_L1_LIGHT_10_20_S01_R02,VPLC_L1_LIGHT_10_20,SER_20260509_VPLC_L1_LIGHT_10_20_S01,vPLC_container,VPLC_HOST,106,,,2026-05-09T16:24:46.398931920Z,,,,host_log,10,20,,,,,,1,32,,technical_check,vplc_status_cycle_duration_not_validated_as_Tper,4.695,100,работает
RUN_20260509_VPLC_L1_LIGHT_10_20_S01_R02,VPLC_L1_LIGHT_10_20,SER_20260509_VPLC_L1_LIGHT_10_20_S01,vPLC_container,VPLC_HOST,107,,,2026-05-09T16:24:47.452382335Z,,,,host_log,10,20,,,,,,1,32,,technical_check,vplc_status_cycle_duration_not_validated_as_Tper,0.032,100,работает
RUN_20260509_VPLC_L1_LIGHT_10_20_S01_R02,VPLC_L1_LIGHT_10_20,SER_20260509_VPLC_L1_LIGHT_10_20_S01,vPLC_container,VPLC_HOST,108,,,2026-05-09T16:24:48.509455666Z,,,,host_log,10,20,,,,,,1,32,,technical_check,vplc_status_cycle_duration_not_validated_as_Tper,0.070,100,работает
RUN_20260509_VPLC_L1_LIGHT_10_20_S01_R02,VPLC_L1_LIGHT_10_20,SER_20260509_VPLC_L1_LIGHT_10_20_S01,vPLC_container,VPLC_HOST,109,,,2026-05-09T16:24:49.564636536Z,,,,host_log,10,20,,,,,,1,32,,technical_check,vplc_status_cycle_duration_not_validated_as_Tper,0.069,100,работает
RUN_20260509_VPLC_L1_LIGHT_10_20_S01_R02,VPLC_L1_LIGHT_10_20,SER_20260509_VPLC_L1_LIGHT_10_20_S01,vPLC_container,VPLC_HOST,110,,,2026-05-09T16:24:50.621169374Z,,,,host_log,10,20,,,,,,1,32,,technical_check,vplc_status_cycle_duration_not_validated_as_Tper,0.070,100,работает
RUN_20260509_VPLC_L1_LIGHT_10_20_S01_R02,VPLC_L1_LIGHT_10_20,SER_20260509_VPLC_L1_LIGHT_10_20_S01,vPLC_container,VPLC_HOST,111,,,2026-05-09T16:24:51.676529491Z,,,,host_log,10,20,,,,,,1,32,,technical_check,vplc_status_cycle_duration_not_validated_as_Tper,0.071,100,работает
RUN_20260509_VPLC_L1_LIGHT_10_20_S01_R02,VPLC_L1_LIGHT_10_20,SER_20260509_VPLC_L1_LIGHT_10_20_S01,vPLC_container,VPLC_HOST,112,,,2026-05-09T16:24:52.729327086Z,,,,host_log,10,20,,,,,,1,32,,technical_check,vplc_status_cycle_duration_not_validated_as_Tper,0.051,100,работает
RUN_20260509_VPLC_L1_LIGHT_10_20_S01_R02,VPLC_L1_LIGHT_10_20,SER_20260509_VPLC_L1_LIGHT_10_20_S01,vPLC_container,VPLC_HOST,113,,,2026-05-09T16:24:53.784748308Z,,,,host_log,10,20,,,,,,1,32,,technical_check,vplc_status_cycle_duration_not_validated_as_Tper,0.070,100,работает
RUN_20260509_VPLC_L1_LIGHT_10_20_S01_R02,VPLC_L1_LIGHT_10_20,SER_20260509_VPLC_L1_LIGHT_10_20_S01,vPLC_container,VPLC_HOST,114,,,2026-05-09T16:24:54.842974193Z,,,,host_log,10,20,,,,,,1,32,,technical_check,vplc_status_cycle_duration_not_validated_as_Tper,0.049,100,работает
RUN_20260509_VPLC_L1_LIGHT_10_20_S01_R02,VPLC_L1_LIGHT_10_20,SER_20260509_VPLC_L1_LIGHT_10_20_S01,vPLC_container,VPLC_HOST,115,,,2026-05-09T16:24:55.896243593Z,,,,host_log,10,20,,,,,,1,32,,technical_check,vplc_status_cycle_duration_not_validated_as_Tper,0.070,100,работает
RUN_20260509_VPLC_L1_LIGHT_10_20_S01_R02,VPLC_L1_LIGHT_10_20,SER_20260509_VPLC_L1_LIGHT_10_20_S01,vPLC_container,VPLC_HOST,116,,,2026-05-09T16:24:56.950872789Z,,,,host_log,10,20,,,,,,1,32,,technical_check,vplc_status_cycle_duration_not_validated_as_Tper,0.028,100,работает
RUN_20260509_VPLC_L1_LIGHT_10_20_S01_R02,VPLC_L1_LIGHT_10_20,SER_20260509_VPLC_L1_LIGHT_10_20_S01,vPLC_container,VPLC_HOST,117,,,2026-05-09T16:24:58.008453601Z,,,,host_log,10,20,,,,,,1,32,,technical_check,vplc_status_cycle_duration_not_validated_as_Tper,0.071,100,работает
RUN_20260509_VPLC_L1_LIGHT_10_20_S01_R02,VPLC_L1_LIGHT_10_20,SER_20260509_VPLC_L1_LIGHT_10_20_S01,vPLC_container,VPLC_HOST,118,,,2026-05-09T16:24:59.063433535Z,,,,host_log,10,20,,,,,,1,32,,technical_check,vplc_status_cycle_duration_not_validated_as_Tper,0.069,100,работает
RUN_20260509_VPLC_L1_LIGHT_10_20_S01_R02,VPLC_L1_LIGHT_10_20,SER_20260509_VPLC_L1_LIGHT_10_20_S01,vPLC_container,VPLC_HOST,119,,,2026-05-09T16:25:00.119631525Z,,,,host_log,10,20,,,,,,1,32,,technical_check,vplc_status_cycle_duration_not_validated_as_Tper,0.066,100,работает
RUN_20260509_VPLC_L1_LIGHT_10_20_S01_R02,VPLC_L1_LIGHT_10_20,SER_20260509_VPLC_L1_LIGHT_10_20_S01,vPLC_container,VPLC_HOST,120,,,2026-05-09T16:25:01.175359970Z,,,,host_log,10,20,,,,,,1,32,,technical_check,vplc_status_cycle_duration_not_validated_as_Tper,0.026,100,работает
RUN_20260509_VPLC_L1_LIGHT_10_20_S01_R02,VPLC_L1_LIGHT_10_20,SER_20260509_VPLC_L1_LIGHT_10_20_S01,vPLC_container,VPLC_HOST,121,,,2026-05-09T16:25:02.226639874Z,,,,host_log,10,20,,,,,,1,32,,technical_check,vplc_status_cycle_duration_not_validated_as_Tper,0.069,100,работает
RUN_20260509_VPLC_L1_LIGHT_10_20_S01_R02,VPLC_L1_LIGHT_10_20,SER_20260509_VPLC_L1_LIGHT_10_20_S01,vPLC_container,VPLC_HOST,122,,,2026-05-09T16:25:03.285798368Z,,,,host_log,10,20,,,,,,1,32,,technical_check,vplc_status_cycle_duration_not_validated_as_Tper,0.069,100,работает
RUN_20260509_VPLC_L1_LIGHT_10_20_S01_R02,VPLC_L1_LIGHT_10_20,SER_20260509_VPLC_L1_LIGHT_10_20_S01,vPLC_container,VPLC_HOST,123,,,2026-05-09T16:25:04.341182810Z,,,,host_log,10,20,,,,,,1,32,,technical_check,vplc_status_cycle_duration_not_validated_as_Tper,4.353,100,работает
RUN_20260509_VPLC_L1_LIGHT_10_20_S01_R02,VPLC_L1_LIGHT_10_20,SER_20260509_VPLC_L1_LIGHT_10_20_S01,vPLC_container,VPLC_HOST,124,,,2026-05-09T16:25:05.395768021Z,,,,host_log,10,20,,,,,,1,32,,technical_check,vplc_status_cycle_duration_not_validated_as_Tper,5.395,100,работает
RUN_20260509_VPLC_L1_LIGHT_10_20_S01_R02,VPLC_L1_LIGHT_10_20,SER_20260509_VPLC_L1_LIGHT_10_20_S01,vPLC_container,VPLC_HOST,125,,,2026-05-09T16:25:06.450981878Z,,,,host_log,10,20,,,,,,1,32,,technical_check,vplc_status_cycle_duration_not_validated_as_Tper,0.028,100,работает
RUN_20260509_VPLC_L1_LIGHT_10_20_S01_R02,VPLC_L1_LIGHT_10_20,SER_20260509_VPLC_L1_LIGHT_10_20_S01,vPLC_container,VPLC_HOST,126,,,2026-05-09T16:25:07.507236779Z,,,,host_log,10,20,,,,,,1,32,,technical_check,vplc_status_cycle_duration_not_validated_as_Tper,0.067,100,работает
RUN_20260509_VPLC_L1_LIGHT_10_20_S01_R02,VPLC_L1_LIGHT_10_20,SER_20260509_VPLC_L1_LIGHT_10_20_S01,vPLC_container,VPLC_HOST,127,,,2026-05-09T16:25:08.560280250Z,,,,host_log,10,20,,,,,,1,32,,technical_check,vplc_status_cycle_duration_not_validated_as_Tper,0.065,100,работает
RUN_20260509_VPLC_L1_LIGHT_10_20_S01_R02,VPLC_L1_LIGHT_10_20,SER_20260509_VPLC_L1_LIGHT_10_20_S01,vPLC_container,VPLC_HOST,128,,,2026-05-09T16:25:09.614920471Z,,,,host_log,10,20,,,,,,1,32,,technical_check,vplc_status_cycle_duration_not_validated_as_Tper,0.069,100,работает
RUN_20260509_VPLC_L1_LIGHT_10_20_S01_R02,VPLC_L1_LIGHT_10_20,SER_20260509_VPLC_L1_LIGHT_10_20_S01,vPLC_container,VPLC_HOST,129,,,2026-05-09T16:25:10.672097663Z,,,,host_log,10,20,,,,,,1,32,,technical_check,vplc_status_cycle_duration_not_validated_as_Tper,0.068,100,работает
RUN_20260509_VPLC_L1_LIGHT_10_20_S01_R02,VPLC_L1_LIGHT_10_20,SER_20260509_VPLC_L1_LIGHT_10_20_S01,vPLC_container,VPLC_HOST,130,,,2026-05-09T16:25:11.727566362Z,,,,host_log,10,20,,,,,,1,32,,technical_check,vplc_status_cycle_duration_not_validated_as_Tper,0.070,100,работает
RUN_20260509_VPLC_L1_LIGHT_10_20_S01_R02,VPLC_L1_LIGHT_10_20,SER_20260509_VPLC_L1_LIGHT_10_20_S01,vPLC_container,VPLC_HOST,131,,,2026-05-09T16:25:12.783458815Z,,,,host_log,10,20,,,,,,1,32,,technical_check,vplc_status_cycle_duration_not_validated_as_Tper,0.069,100,работает
RUN_20260509_VPLC_L1_LIGHT_10_20_S01_R02,VPLC_L1_LIGHT_10_20,SER_20260509_VPLC_L1_LIGHT_10_20_S01,vPLC_container,VPLC_HOST,132,,,2026-05-09T16:25:13.838082175Z,,,,host_log,10,20,,,,,,1,32,,technical_check,vplc_status_cycle_duration_not_validated_as_Tper,0.049,100,работает
RUN_20260509_VPLC_L1_LIGHT_10_20_S01_R02,VPLC_L1_LIGHT_10_20,SER_20260509_VPLC_L1_LIGHT_10_20_S01,vPLC_container,VPLC_HOST,133,,,2026-05-09T16:25:14.893763094Z,,,,host_log,10,20,,,,,,1,32,,technical_check,vplc_status_cycle_duration_not_validated_as_Tper,0.069,100,работает
RUN_20260509_VPLC_L1_LIGHT_10_20_S01_R02,VPLC_L1_LIGHT_10_20,SER_20260509_VPLC_L1_LIGHT_10_20_S01,vPLC_container,VPLC_HOST,134,,,2026-05-09T16:25:15.946071158Z,,,,host_log,10,20,,,,,,1,32,,technical_check,vplc_status_cycle_duration_not_validated_as_Tper,0.041,100,работает
RUN_20260509_VPLC_L1_LIGHT_10_20_S01_R02,VPLC_L1_LIGHT_10_20,SER_20260509_VPLC_L1_LIGHT_10_20_S01,vPLC_container,VPLC_HOST,135,,,2026-05-09T16:25:17.005370914Z,,,,host_log,10,20,,,,,,1,32,,technical_check,vplc_status_cycle_duration_not_validated_as_Tper,0.069,100,работает
RUN_20260509_VPLC_L1_LIGHT_10_20_S01_R02,VPLC_L1_LIGHT_10_20,SER_20260509_VPLC_L1_LIGHT_10_20_S01,vPLC_container,VPLC_HOST,136,,,2026-05-09T16:25:18.058324424Z,,,,host_log,10,20,,,,,,1,32,,technical_check,vplc_status_cycle_duration_not_validated_as_Tper,0.053,100,работает
RUN_20260509_VPLC_L1_LIGHT_10_20_S01_R02,VPLC_L1_LIGHT_10_20,SER_20260509_VPLC_L1_LIGHT_10_20_S01,vPLC_container,VPLC_HOST,137,,,2026-05-09T16:25:19.116003455Z,,,,host_log,10,20,,,,,,1,32,,technical_check,vplc_status_cycle_duration_not_validated_as_Tper,0.068,100,работает
RUN_20260509_VPLC_L1_LIGHT_10_20_S01_R02,VPLC_L1_LIGHT_10_20,SER_20260509_VPLC_L1_LIGHT_10_20_S01,vPLC_container,VPLC_HOST,138,,,2026-05-09T16:25:20.168894090Z,,,,host_log,10,20,,,,,,1,32,,technical_check,vplc_status_cycle_duration_not_validated_as_Tper,0.068,100,работает
RUN_20260509_VPLC_L1_LIGHT_10_20_S01_R02,VPLC_L1_LIGHT_10_20,SER_20260509_VPLC_L1_LIGHT_10_20_S01,vPLC_container,VPLC_HOST,139,,,2026-05-09T16:25:21.226729962Z,,,,host_log,10,20,,,,,,1,32,,technical_check,vplc_status_cycle_duration_not_validated_as_Tper,0.050,100,работает
RUN_20260509_VPLC_L1_LIGHT_10_20_S01_R02,VPLC_L1_LIGHT_10_20,SER_20260509_VPLC_L1_LIGHT_10_20_S01,vPLC_container,VPLC_HOST,140,,,2026-05-09T16:25:22.280748769Z,,,,host_log,10,20,,,,,,1,32,,technical_check,vplc_status_cycle_duration_not_validated_as_Tper,0.069,100,работает
RUN_20260509_VPLC_L1_LIGHT_10_20_S01_R02,VPLC_L1_LIGHT_10_20,SER_20260509_VPLC_L1_LIGHT_10_20_S01,vPLC_container,VPLC_HOST,141,,,2026-05-09T16:25:23.335534125Z,,,,host_log,10,20,,,,,,1,32,,technical_check,vplc_status_cycle_duration_not_validated_as_Tper,4.206,100,работает
RUN_20260509_VPLC_L1_LIGHT_10_20_S01_R02,VPLC_L1_LIGHT_10_20,SER_20260509_VPLC_L1_LIGHT_10_20_S01,vPLC_container,VPLC_HOST,142,,,2026-05-09T16:25:24.390466886Z,,,,host_log,10,20,,,,,,1,32,,technical_check,vplc_status_cycle_duration_not_validated_as_Tper,4.284,100,работает
RUN_20260509_VPLC_L1_LIGHT_10_20_S01_R02,VPLC_L1_LIGHT_10_20,SER_20260509_VPLC_L1_LIGHT_10_20_S01,vPLC_container,VPLC_HOST,143,,,2026-05-09T16:25:25.446629388Z,,,,host_log,10,20,,,,,,1,32,,technical_check,vplc_status_cycle_duration_not_validated_as_Tper,0.034,100,работает
RUN_20260509_VPLC_L1_LIGHT_10_20_S01_R02,VPLC_L1_LIGHT_10_20,SER_20260509_VPLC_L1_LIGHT_10_20_S01,vPLC_container,VPLC_HOST,144,,,2026-05-09T16:25:26.499568854Z,,,,host_log,10,20,,,,,,1,32,,technical_check,vplc_status_cycle_duration_not_validated_as_Tper,0.070,100,работает
RUN_20260509_VPLC_L1_LIGHT_10_20_S01_R02,VPLC_L1_LIGHT_10_20,SER_20260509_VPLC_L1_LIGHT_10_20_S01,vPLC_container,VPLC_HOST,145,,,2026-05-09T16:25:27.555609500Z,,,,host_log,10,20,,,,,,1,32,,technical_check,vplc_status_cycle_duration_not_validated_as_Tper,0.047,100,работает
RUN_20260509_VPLC_L1_LIGHT_10_20_S01_R02,VPLC_L1_LIGHT_10_20,SER_20260509_VPLC_L1_LIGHT_10_20_S01,vPLC_container,VPLC_HOST,146,,,2026-05-09T16:25:28.611692637Z,,,,host_log,10,20,,,,,,1,32,,technical_check,vplc_status_cycle_duration_not_validated_as_Tper,0.069,100,работает
RUN_20260509_VPLC_L1_LIGHT_10_20_S01_R02,VPLC_L1_LIGHT_10_20,SER_20260509_VPLC_L1_LIGHT_10_20_S01,vPLC_container,VPLC_HOST,147,,,2026-05-09T16:25:29.666784916Z,,,,host_log,10,20,,,,,,1,32,,technical_check,vplc_status_cycle_duration_not_validated_as_Tper,0.069,100,работает
RUN_20260509_VPLC_L1_LIGHT_10_20_S01_R02,VPLC_L1_LIGHT_10_20,SER_20260509_VPLC_L1_LIGHT_10_20_S01,vPLC_container,VPLC_HOST,148,,,2026-05-09T16:25:30.722141918Z,,,,host_log,10,20,,,,,,1,32,,technical_check,vplc_status_cycle_duration_not_validated_as_Tper,0.055,100,работает
RUN_20260509_VPLC_L1_LIGHT_10_20_S01_R02,VPLC_L1_LIGHT_10_20,SER_20260509_VPLC_L1_LIGHT_10_20_S01,vPLC_container,VPLC_HOST,149,,,2026-05-09T16:25:31.778485871Z,,,,host_log,10,20,,,,,,1,32,,technical_check,vplc_status_cycle_duration_not_validated_as_Tper,0.071,100,работает
RUN_20260509_VPLC_L1_LIGHT_10_20_S01_R02,VPLC_L1_LIGHT_10_20,SER_20260509_VPLC_L1_LIGHT_10_20_S01,vPLC_container,VPLC_HOST,150,,,2026-05-09T16:25:32.833237011Z,,,,host_log,10,20,,,,,,1,32,,technical_check,vplc_status_cycle_duration_not_validated_as_Tper,0.070,100,работает
RUN_20260509_VPLC_L1_LIGHT_10_20_S01_R02,VPLC_L1_LIGHT_10_20,SER_20260509_VPLC_L1_LIGHT_10_20_S01,vPLC_container,VPLC_HOST,151,,,2026-05-09T16:25:33.890070320Z,,,,host_log,10,20,,,,,,1,32,,technical_check,vplc_status_cycle_duration_not_validated_as_Tper,0.070,100,работает
RUN_20260509_VPLC_L1_LIGHT_10_20_S01_R02,VPLC_L1_LIGHT_10_20,SER_20260509_VPLC_L1_LIGHT_10_20_S01,vPLC_container,VPLC_HOST,152,,,2026-05-09T16:25:34.943830698Z,,,,host_log,10,20,,,,,,1,32,,technical_check,vplc_status_cycle_duration_not_validated_as_Tper,0.048,100,работает
RUN_20260509_VPLC_L1_LIGHT_10_20_S01_R02,VPLC_L1_LIGHT_10_20,SER_20260509_VPLC_L1_LIGHT_10_20_S01,vPLC_container,VPLC_HOST,153,,,2026-05-09T16:25:36.000223938Z,,,,host_log,10,20,,,,,,1,32,,technical_check,vplc_status_cycle_duration_not_validated_as_Tper,0.069,100,работает
RUN_20260509_VPLC_L1_LIGHT_10_20_S01_R02,VPLC_L1_LIGHT_10_20,SER_20260509_VPLC_L1_LIGHT_10_20_S01,vPLC_container,VPLC_HOST,154,,,2026-05-09T16:25:37.054532856Z,,,,host_log,10,20,,,,,,1,32,,technical_check,vplc_status_cycle_duration_not_validated_as_Tper,0.043,100,работает
RUN_20260509_VPLC_L1_LIGHT_10_20_S01_R02,VPLC_L1_LIGHT_10_20,SER_20260509_VPLC_L1_LIGHT_10_20_S01,vPLC_container,VPLC_HOST,155,,,2026-05-09T16:25:38.109062533Z,,,,host_log,10,20,,,,,,1,32,,technical_check,vplc_status_cycle_duration_not_validated_as_Tper,0.069,100,работает
RUN_20260509_VPLC_L1_LIGHT_10_20_S01_R02,VPLC_L1_LIGHT_10_20,SER_20260509_VPLC_L1_LIGHT_10_20_S01,vPLC_container,VPLC_HOST,156,,,2026-05-09T16:25:39.164535634Z,,,,host_log,10,20,,,,,,1,32,,technical_check,vplc_status_cycle_duration_not_validated_as_Tper,0.068,100,работает
RUN_20260509_VPLC_L1_LIGHT_10_20_S01_R02,VPLC_L1_LIGHT_10_20,SER_20260509_VPLC_L1_LIGHT_10_20_S01,vPLC_container,VPLC_HOST,157,,,2026-05-09T16:25:40.217939660Z,,,,host_log,10,20,,,,,,1,32,,technical_check,vplc_status_cycle_duration_not_validated_as_Tper,0.071,100,работает
RUN_20260509_VPLC_L1_LIGHT_10_20_S01_R02,VPLC_L1_LIGHT_10_20,SER_20260509_VPLC_L1_LIGHT_10_20_S01,vPLC_container,VPLC_HOST,158,,,2026-05-09T16:25:41.275867243Z,,,,host_log,10,20,,,,,,1,32,,technical_check,vplc_status_cycle_duration_not_validated_as_Tper,0.070,100,работает
RUN_20260509_VPLC_L1_LIGHT_10_20_S01_R02,VPLC_L1_LIGHT_10_20,SER_20260509_VPLC_L1_LIGHT_10_20_S01,vPLC_container,VPLC_HOST,159,,,2026-05-09T16:25:42.328686258Z,,,,host_log,10,20,,,,,,1,32,,technical_check,vplc_status_cycle_duration_not_validated_as_Tper,4.120,100,работает
RUN_20260509_VPLC_L1_LIGHT_10_20_S01_R02,VPLC_L1_LIGHT_10_20,SER_20260509_VPLC_L1_LIGHT_10_20_S01,vPLC_container,VPLC_HOST,160,,,2026-05-09T16:25:43.384240565Z,,,,host_log,10,20,,,,,,1,32,,technical_check,vplc_status_cycle_duration_not_validated_as_Tper,4.346,100,работает
RUN_20260509_VPLC_L1_LIGHT_10_20_S01_R02,VPLC_L1_LIGHT_10_20,SER_20260509_VPLC_L1_LIGHT_10_20_S01,vPLC_container,VPLC_HOST,161,,,2026-05-09T16:25:44.442376096Z,,,,host_log,10,20,,,,,,1,32,,technical_check,vplc_status_cycle_duration_not_validated_as_Tper,0.049,100,работает
RUN_20260509_VPLC_L1_LIGHT_10_20_S01_R02,VPLC_L1_LIGHT_10_20,SER_20260509_VPLC_L1_LIGHT_10_20_S01,vPLC_container,VPLC_HOST,162,,,2026-05-09T16:25:45.494870333Z,,,,host_log,10,20,,,,,,1,32,,technical_check,vplc_status_cycle_duration_not_validated_as_Tper,0.069,100,работает
RUN_20260509_VPLC_L1_LIGHT_10_20_S01_R02,VPLC_L1_LIGHT_10_20,SER_20260509_VPLC_L1_LIGHT_10_20_S01,vPLC_container,VPLC_HOST,163,,,2026-05-09T16:25:46.552181911Z,,,,host_log,10,20,,,,,,1,32,,technical_check,vplc_status_cycle_duration_not_validated_as_Tper,0.029,100,работает
RUN_20260509_VPLC_L1_LIGHT_10_20_S01_R02,VPLC_L1_LIGHT_10_20,SER_20260509_VPLC_L1_LIGHT_10_20_S01,vPLC_container,VPLC_HOST,164,,,2026-05-09T16:25:47.605917285Z,,,,host_log,10,20,,,,,,1,32,,technical_check,vplc_status_cycle_duration_not_validated_as_Tper,0.069,100,работает
RUN_20260509_VPLC_L1_LIGHT_10_20_S01_R02,VPLC_L1_LIGHT_10_20,SER_20260509_VPLC_L1_LIGHT_10_20_S01,vPLC_container,VPLC_HOST,165,,,2026-05-09T16:25:48.663884288Z,,,,host_log,10,20,,,,,,1,32,,technical_check,vplc_status_cycle_duration_not_validated_as_Tper,0.069,100,работает
RUN_20260509_VPLC_L1_LIGHT_10_20_S01_R02,VPLC_L1_LIGHT_10_20,SER_20260509_VPLC_L1_LIGHT_10_20_S01,vPLC_container,VPLC_HOST,166,,,2026-05-09T16:25:49.715441848Z,,,,host_log,10,20,,,,,,1,32,,technical_check,vplc_status_cycle_duration_not_validated_as_Tper,0.070,100,работает
RUN_20260509_VPLC_L1_LIGHT_10_20_S01_R02,VPLC_L1_LIGHT_10_20,SER_20260509_VPLC_L1_LIGHT_10_20_S01,vPLC_container,VPLC_HOST,167,,,2026-05-09T16:25:50.774522386Z,,,,host_log,10,20,,,,,,1,32,,technical_check,vplc_status_cycle_duration_not_validated_as_Tper,0.069,100,работает
RUN_20260509_VPLC_L1_LIGHT_10_20_S01_R02,VPLC_L1_LIGHT_10_20,SER_20260509_VPLC_L1_LIGHT_10_20_S01,vPLC_container,VPLC_HOST,168,,,2026-05-09T16:25:51.829696013Z,,,,host_log,10,20,,,,,,1,32,,technical_check,vplc_status_cycle_duration_not_validated_as_Tper,0.049,100,работает
RUN_20260509_VPLC_L1_LIGHT_10_20_S01_R02,VPLC_L1_LIGHT_10_20,SER_20260509_VPLC_L1_LIGHT_10_20_S01,vPLC_container,VPLC_HOST,169,,,2026-05-09T16:25:52.885305453Z,,,,host_log,10,20,,,,,,1,32,,technical_check,vplc_status_cycle_duration_not_validated_as_Tper,0.071,100,работает
RUN_20260509_VPLC_L1_LIGHT_10_20_S01_R02,VPLC_L1_LIGHT_10_20,SER_20260509_VPLC_L1_LIGHT_10_20_S01,vPLC_container,VPLC_HOST,170,,,2026-05-09T16:25:53.936922253Z,,,,host_log,10,20,,,,,,1,32,,technical_check,vplc_status_cycle_duration_not_validated_as_Tper,0.049,100,работает
RUN_20260509_VPLC_L1_LIGHT_10_20_S01_R02,VPLC_L1_LIGHT_10_20,SER_20260509_VPLC_L1_LIGHT_10_20_S01,vPLC_container,VPLC_HOST,171,,,2026-05-09T16:25:54.996448581Z,,,,host_log,10,20,,,,,,1,32,,technical_check,vplc_status_cycle_duration_not_validated_as_Tper,0.069,100,работает
RUN_20260509_VPLC_L1_LIGHT_10_20_S01_R02,VPLC_L1_LIGHT_10_20,SER_20260509_VPLC_L1_LIGHT_10_20_S01,vPLC_container,VPLC_HOST,172,,,2026-05-09T16:25:56.049212333Z,,,,host_log,10,20,,,,,,1,32,,technical_check,vplc_status_cycle_duration_not_validated_as_Tper,0.038,100,работает
RUN_20260509_VPLC_L1_LIGHT_10_20_S01_R02,VPLC_L1_LIGHT_10_20,SER_20260509_VPLC_L1_LIGHT_10_20_S01,vPLC_container,VPLC_HOST,173,,,2026-05-09T16:25:57.106753168Z,,,,host_log,10,20,,,,,,1,32,,technical_check,vplc_status_cycle_duration_not_validated_as_Tper,0.071,100,работает
RUN_20260509_VPLC_L1_LIGHT_10_20_S01_R02,VPLC_L1_LIGHT_10_20,SER_20260509_VPLC_L1_LIGHT_10_20_S01,vPLC_container,VPLC_HOST,174,,,2026-05-09T16:25:58.162911361Z,,,,host_log,10,20,,,,,,1,32,,technical_check,vplc_status_cycle_duration_not_validated_as_Tper,0.069,100,работает
RUN_20260509_VPLC_L1_LIGHT_10_20_S01_R02,VPLC_L1_LIGHT_10_20,SER_20260509_VPLC_L1_LIGHT_10_20_S01,vPLC_container,VPLC_HOST,175,,,2026-05-09T16:25:59.217930162Z,,,,host_log,10,20,,,,,,1,32,,technical_check,vplc_status_cycle_duration_not_validated_as_Tper,0.070,100,работает
RUN_20260509_VPLC_L1_LIGHT_10_20_S01_R02,VPLC_L1_LIGHT_10_20,SER_20260509_VPLC_L1_LIGHT_10_20_S01,vPLC_container,VPLC_HOST,176,,,2026-05-09T16:26:00.271002759Z,,,,host_log,10,20,,,,,,1,32,,technical_check,vplc_status_cycle_duration_not_validated_as_Tper,0.070,100,работает
RUN_20260509_VPLC_L1_LIGHT_10_20_S01_R02,VPLC_L1_LIGHT_10_20,SER_20260509_VPLC_L1_LIGHT_10_20_S01,vPLC_container,VPLC_HOST,177,,,2026-05-09T16:26:01.328667732Z,,,,host_log,10,20,,,,,,1,32,,technical_check,vplc_status_cycle_duration_not_validated_as_Tper,4.149,100,работает
RUN_20260509_VPLC_L1_LIGHT_10_20_S01_R02,VPLC_L1_LIGHT_10_20,SER_20260509_VPLC_L1_LIGHT_10_20_S01,vPLC_container,VPLC_HOST,178,,,2026-05-09T16:26:02.383242469Z,,,,host_log,10,20,,,,,,1,32,,technical_check,vplc_status_cycle_duration_not_validated_as_Tper,4.797,100,работает
RUN_20260509_VPLC_L1_LIGHT_10_20_S01_R02,VPLC_L1_LIGHT_10_20,SER_20260509_VPLC_L1_LIGHT_10_20_S01,vPLC_container,VPLC_HOST,179,,,2026-05-09T16:26:03.436672099Z,,,,host_log,10,20,,,,,,1,32,,technical_check,vplc_status_cycle_duration_not_validated_as_Tper,0.049,100,работает
RUN_20260509_VPLC_L1_LIGHT_10_20_S01_R02,VPLC_L1_LIGHT_10_20,SER_20260509_VPLC_L1_LIGHT_10_20_S01,vPLC_container,VPLC_HOST,180,,,2026-05-09T16:26:04.492339409Z,,,,host_log,10,20,,,,,,1,32,,technical_check,vplc_status_cycle_duration_not_validated_as_Tper,0.070,100,работает
RUN_20260509_VPLC_L1_LIGHT_10_20_S01_R02,VPLC_L1_LIGHT_10_20,SER_20260509_VPLC_L1_LIGHT_10_20_S01,vPLC_container,VPLC_HOST,181,,,2026-05-09T16:26:05.550363898Z,,,,host_log,10,20,,,,,,1,32,,technical_check,vplc_status_cycle_duration_not_validated_as_Tper,0.028,100,работает
RUN_20260509_VPLC_L1_LIGHT_10_20_S01_R02,VPLC_L1_LIGHT_10_20,SER_20260509_VPLC_L1_LIGHT_10_20_S01,vPLC_container,VPLC_HOST,182,,,2026-05-09T16:26:06.604763957Z,,,,host_log,10,20,,,,,,1,32,,technical_check,vplc_status_cycle_duration_not_validated_as_Tper,0.071,100,работает
RUN_20260509_VPLC_L1_LIGHT_10_20_S01_R02,VPLC_L1_LIGHT_10_20,SER_20260509_VPLC_L1_LIGHT_10_20_S01,vPLC_container,VPLC_HOST,183,,,2026-05-09T16:26:07.658526944Z,,,,host_log,10,20,,,,,,1,32,,technical_check,vplc_status_cycle_duration_not_validated_as_Tper,0.052,100,работает
RUN_20260509_VPLC_L1_LIGHT_10_20_S01_R02,VPLC_L1_LIGHT_10_20,SER_20260509_VPLC_L1_LIGHT_10_20_S01,vPLC_container,VPLC_HOST,184,,,2026-05-09T16:26:08.716690076Z,,,,host_log,10,20,,,,,,1,32,,technical_check,vplc_status_cycle_duration_not_validated_as_Tper,0.069,100,работает
RUN_20260509_VPLC_L1_LIGHT_10_20_S01_R02,VPLC_L1_LIGHT_10_20,SER_20260509_VPLC_L1_LIGHT_10_20_S01,vPLC_container,VPLC_HOST,185,,,2026-05-09T16:26:09.771063319Z,,,,host_log,10,20,,,,,,1,32,,technical_check,vplc_status_cycle_duration_not_validated_as_Tper,0.066,100,работает
RUN_20260509_VPLC_L1_LIGHT_10_20_S01_R02,VPLC_L1_LIGHT_10_20,SER_20260509_VPLC_L1_LIGHT_10_20_S01,vPLC_container,VPLC_HOST,186,,,2026-05-09T16:26:10.826407164Z,,,,host_log,10,20,,,,,,1,32,,technical_check,vplc_status_cycle_duration_not_validated_as_Tper,0.050,100,работает
RUN_20260509_VPLC_L1_LIGHT_10_20_S01_R02,VPLC_L1_LIGHT_10_20,SER_20260509_VPLC_L1_LIGHT_10_20_S01,vPLC_container,VPLC_HOST,187,,,2026-05-09T16:26:11.880520700Z,,,,host_log,10,20,,,,,,1,32,,technical_check,vplc_status_cycle_duration_not_validated_as_Tper,0.071,100,работает
RUN_20260509_VPLC_L1_LIGHT_10_20_S01_R02,VPLC_L1_LIGHT_10_20,SER_20260509_VPLC_L1_LIGHT_10_20_S01,vPLC_container,VPLC_HOST,188,,,2026-05-09T16:26:12.936309862Z,,,,host_log,10,20,,,,,,1,32,,technical_check,vplc_status_cycle_duration_not_validated_as_Tper,0.049,100,работает
RUN_20260509_VPLC_L1_LIGHT_10_20_S01_R02,VPLC_L1_LIGHT_10_20,SER_20260509_VPLC_L1_LIGHT_10_20_S01,vPLC_container,VPLC_HOST,189,,,2026-05-09T16:26:13.991377604Z,,,,host_log,10,20,,,,,,1,32,,technical_check,vplc_status_cycle_duration_not_validated_as_Tper,0.069,100,работает
RUN_20260509_VPLC_L1_LIGHT_10_20_S01_R02,VPLC_L1_LIGHT_10_20,SER_20260509_VPLC_L1_LIGHT_10_20_S01,vPLC_container,VPLC_HOST,190,,,2026-05-09T16:26:15.043019569Z,,,,host_log,10,20,,,,,,1,32,,technical_check,vplc_status_cycle_duration_not_validated_as_Tper,0.049,100,работает
RUN_20260509_VPLC_L1_LIGHT_10_20_S01_R02,VPLC_L1_LIGHT_10_20,SER_20260509_VPLC_L1_LIGHT_10_20_S01,vPLC_container,VPLC_HOST,191,,,2026-05-09T16:26:16.102015074Z,,,,host_log,10,20,,,,,,1,32,,technical_check,vplc_status_cycle_duration_not_validated_as_Tper,0.067,100,работает
RUN_20260509_VPLC_L1_LIGHT_10_20_S01_R02,VPLC_L1_LIGHT_10_20,SER_20260509_VPLC_L1_LIGHT_10_20_S01,vPLC_container,VPLC_HOST,192,,,2026-05-09T16:26:17.157257926Z,,,,host_log,10,20,,,,,,1,32,,technical_check,vplc_status_cycle_duration_not_validated_as_Tper,0.045,100,работает
RUN_20260509_VPLC_L1_LIGHT_10_20_S01_R02,VPLC_L1_LIGHT_10_20,SER_20260509_VPLC_L1_LIGHT_10_20_S01,vPLC_container,VPLC_HOST,193,,,2026-05-09T16:26:18.213172478Z,,,,host_log,10,20,,,,,,1,32,,technical_check,vplc_status_cycle_duration_not_validated_as_Tper,0.068,100,работает
RUN_20260509_VPLC_L1_LIGHT_10_20_S01_R02,VPLC_L1_LIGHT_10_20,SER_20260509_VPLC_L1_LIGHT_10_20_S01,vPLC_container,VPLC_HOST,194,,,2026-05-09T16:26:19.266571673Z,,,,host_log,10,20,,,,,,1,32,,technical_check,vplc_status_cycle_duration_not_validated_as_Tper,0.068,100,работает
RUN_20260509_VPLC_L1_LIGHT_10_20_S01_R02,VPLC_L1_LIGHT_10_20,SER_20260509_VPLC_L1_LIGHT_10_20_S01,vPLC_container,VPLC_HOST,195,,,2026-05-09T16:26:20.319464943Z,,,,host_log,10,20,,,,,,1,32,,technical_check,vplc_status_cycle_duration_not_validated_as_Tper,0.070,100,работает
RUN_20260509_VPLC_L1_LIGHT_10_20_S01_R02,VPLC_L1_LIGHT_10_20,SER_20260509_VPLC_L1_LIGHT_10_20_S01,vPLC_container,VPLC_HOST,196,,,2026-05-09T16:26:21.376116555Z,,,,host_log,10,20,,,,,,1,32,,technical_check,vplc_status_cycle_duration_not_validated_as_Tper,4.887,100,работает
RUN_20260509_VPLC_L1_LIGHT_10_20_S01_R02,VPLC_L1_LIGHT_10_20,SER_20260509_VPLC_L1_LIGHT_10_20_S01,vPLC_container,VPLC_HOST,197,,,2026-05-09T16:26:22.428918672Z,,,,host_log,10,20,,,,,,1,32,,technical_check,vplc_status_cycle_duration_not_validated_as_Tper,0.067,100,работает
RUN_20260509_VPLC_L1_LIGHT_10_20_S01_R02,VPLC_L1_LIGHT_10_20,SER_20260509_VPLC_L1_LIGHT_10_20_S01,vPLC_container,VPLC_HOST,198,,,2026-05-09T16:26:23.489680122Z,,,,host_log,10,20,,,,,,1,32,,technical_check,vplc_status_cycle_duration_not_validated_as_Tper,0.069,100,работает
RUN_20260509_VPLC_L1_LIGHT_10_20_S01_R02,VPLC_L1_LIGHT_10_20,SER_20260509_VPLC_L1_LIGHT_10_20_S01,vPLC_container,VPLC_HOST,199,,,2026-05-09T16:26:24.542238541Z,,,,host_log,10,20,,,,,,1,32,,technical_check,vplc_status_cycle_duration_not_validated_as_Tper,0.049,100,работает
RUN_20260509_VPLC_L1_LIGHT_10_20_S01_R02,VPLC_L1_LIGHT_10_20,SER_20260509_VPLC_L1_LIGHT_10_20_S01,vPLC_container,VPLC_HOST,200,,,2026-05-09T16:26:25.599536195Z,,,,host_log,10,20,,,,,,1,32,,technical_check,vplc_status_cycle_duration_not_validated_as_Tper,0.068,100,работает
RUN_20260509_VPLC_L1_LIGHT_10_20_S01_R02,VPLC_L1_LIGHT_10_20,SER_20260509_VPLC_L1_LIGHT_10_20_S01,vPLC_container,VPLC_HOST,201,,,2026-05-09T16:26:26.654139510Z,,,,host_log,10,20,,,,,,1,32,,technical_check,vplc_status_cycle_duration_not_validated_as_Tper,0.040,100,работает
RUN_20260509_VPLC_L1_LIGHT_10_20_S01_R02,VPLC_L1_LIGHT_10_20,SER_20260509_VPLC_L1_LIGHT_10_20_S01,vPLC_container,VPLC_HOST,202,,,2026-05-09T16:26:27.709538608Z,,,,host_log,10,20,,,,,,1,32,,technical_check,vplc_status_cycle_duration_not_validated_as_Tper,0.068,100,работает
RUN_20260509_VPLC_L1_LIGHT_10_20_S01_R02,VPLC_L1_LIGHT_10_20,SER_20260509_VPLC_L1_LIGHT_10_20_S01,vPLC_container,VPLC_HOST,203,,,2026-05-09T16:26:28.766600912Z,,,,host_log,10,20,,,,,,1,32,,technical_check,vplc_status_cycle_duration_not_validated_as_Tper,0.070,100,работает
RUN_20260509_VPLC_L1_LIGHT_10_20_S01_R02,VPLC_L1_LIGHT_10_20,SER_20260509_VPLC_L1_LIGHT_10_20_S01,vPLC_container,VPLC_HOST,204,,,2026-05-09T16:26:29.821385868Z,,,,host_log,10,20,,,,,,1,32,,technical_check,vplc_status_cycle_duration_not_validated_as_Tper,0.067,100,работает
RUN_20260509_VPLC_L1_LIGHT_10_20_S01_R02,VPLC_L1_LIGHT_10_20,SER_20260509_VPLC_L1_LIGHT_10_20_S01,vPLC_container,VPLC_HOST,205,,,2026-05-09T16:26:30.876138141Z,,,,host_log,10,20,,,,,,1,32,,technical_check,vplc_status_cycle_duration_not_validated_as_Tper,0.069,100,работает
RUN_20260509_VPLC_L1_LIGHT_10_20_S01_R02,VPLC_L1_LIGHT_10_20,SER_20260509_VPLC_L1_LIGHT_10_20_S01,vPLC_container,VPLC_HOST,206,,,2026-05-09T16:26:31.931699805Z,,,,host_log,10,20,,,,,,1,32,,technical_check,vplc_status_cycle_duration_not_validated_as_Tper,0.069,100,работает
RUN_20260509_VPLC_L1_LIGHT_10_20_S01_R02,VPLC_L1_LIGHT_10_20,SER_20260509_VPLC_L1_LIGHT_10_20_S01,vPLC_container,VPLC_HOST,207,,,2026-05-09T16:26:32.987068599Z,,,,host_log,10,20,,,,,,1,32,,technical_check,vplc_status_cycle_duration_not_validated_as_Tper,0.071,100,работает
RUN_20260509_VPLC_L1_LIGHT_10_20_S01_R02,VPLC_L1_LIGHT_10_20,SER_20260509_VPLC_L1_LIGHT_10_20_S01,vPLC_container,VPLC_HOST,208,,,2026-05-09T16:26:34.041230924Z,,,,host_log,10,20,,,,,,1,32,,technical_check,vplc_status_cycle_duration_not_validated_as_Tper,0.049,100,работает
RUN_20260509_VPLC_L1_LIGHT_10_20_S01_R02,VPLC_L1_LIGHT_10_20,SER_20260509_VPLC_L1_LIGHT_10_20_S01,vPLC_container,VPLC_HOST,209,,,2026-05-09T16:26:35.097848197Z,,,,host_log,10,20,,,,,,1,32,,technical_check,vplc_status_cycle_duration_not_validated_as_Tper,0.068,100,работает
RUN_20260509_VPLC_L1_LIGHT_10_20_S01_R02,VPLC_L1_LIGHT_10_20,SER_20260509_VPLC_L1_LIGHT_10_20_S01,vPLC_container,VPLC_HOST,210,,,2026-05-09T16:26:36.151466194Z,,,,host_log,10,20,,,,,,1,32,,technical_check,vplc_status_cycle_duration_not_validated_as_Tper,0.028,100,работает
RUN_20260509_VPLC_L1_LIGHT_10_20_S01_R02,VPLC_L1_LIGHT_10_20,SER_20260509_VPLC_L1_LIGHT_10_20_S01,vPLC_container,VPLC_HOST,211,,,2026-05-09T16:26:37.208491271Z,,,,host_log,10,20,,,,,,1,32,,technical_check,vplc_status_cycle_duration_not_validated_as_Tper,0.071,100,работает
RUN_20260509_VPLC_L1_LIGHT_10_20_S01_R02,VPLC_L1_LIGHT_10_20,SER_20260509_VPLC_L1_LIGHT_10_20_S01,vPLC_container,VPLC_HOST,212,,,2026-05-09T16:26:38.263459626Z,,,,host_log,10,20,,,,,,1,32,,technical_check,vplc_status_cycle_duration_not_validated_as_Tper,0.069,100,работает
RUN_20260509_VPLC_L1_LIGHT_10_20_S01_R02,VPLC_L1_LIGHT_10_20,SER_20260509_VPLC_L1_LIGHT_10_20_S01,vPLC_container,VPLC_HOST,213,,,2026-05-09T16:26:39.316545545Z,,,,host_log,10,20,,,,,,1,32,,technical_check,vplc_status_cycle_duration_not_validated_as_Tper,0.069,100,работает
RUN_20260509_VPLC_L1_LIGHT_10_20_S01_R02,VPLC_L1_LIGHT_10_20,SER_20260509_VPLC_L1_LIGHT_10_20_S01,vPLC_container,VPLC_HOST,214,,,2026-05-09T16:26:40.374671740Z,,,,host_log,10,20,,,,,,1,32,,technical_check,vplc_status_cycle_duration_not_validated_as_Tper,4.113,100,работает
RUN_20260509_VPLC_L1_LIGHT_10_20_S01_R02,VPLC_L1_LIGHT_10_20,SER_20260509_VPLC_L1_LIGHT_10_20_S01,vPLC_container,VPLC_HOST,215,,,2026-05-09T16:26:41.428375576Z,,,,host_log,10,20,,,,,,1,32,,technical_check,vplc_status_cycle_duration_not_validated_as_Tper,0.069,100,работает
RUN_20260509_VPLC_L1_LIGHT_10_20_S01_R02,VPLC_L1_LIGHT_10_20,SER_20260509_VPLC_L1_LIGHT_10_20_S01,vPLC_container,VPLC_HOST,216,,,2026-05-09T16:26:42.484550588Z,,,,host_log,10,20,,,,,,1,32,,technical_check,vplc_status_cycle_duration_not_validated_as_Tper,0.068,100,работает
RUN_20260509_VPLC_L1_LIGHT_10_20_S01_R02,VPLC_L1_LIGHT_10_20,SER_20260509_VPLC_L1_LIGHT_10_20_S01,vPLC_container,VPLC_HOST,217,,,2026-05-09T16:26:43.539505025Z,,,,host_log,10,20,,,,,,1,32,,technical_check,vplc_status_cycle_duration_not_validated_as_Tper,0.049,100,работает
RUN_20260509_VPLC_L1_LIGHT_10_20_S01_R02,VPLC_L1_LIGHT_10_20,SER_20260509_VPLC_L1_LIGHT_10_20_S01,vPLC_container,VPLC_HOST,218,,,2026-05-09T16:26:44.595421950Z,,,,host_log,10,20,,,,,,1,32,,technical_check,vplc_status_cycle_duration_not_validated_as_Tper,0.070,100,работает
RUN_20260509_VPLC_L1_LIGHT_10_20_S01_R02,VPLC_L1_LIGHT_10_20,SER_20260509_VPLC_L1_LIGHT_10_20_S01,vPLC_container,VPLC_HOST,219,,,2026-05-09T16:26:45.649605918Z,,,,host_log,10,20,,,,,,1,32,,technical_check,vplc_status_cycle_duration_not_validated_as_Tper,0.030,100,работает
RUN_20260509_VPLC_L1_LIGHT_10_20_S01_R02,VPLC_L1_LIGHT_10_20,SER_20260509_VPLC_L1_LIGHT_10_20_S01,vPLC_container,VPLC_HOST,220,,,2026-05-09T16:26:46.705901317Z,,,,host_log,10,20,,,,,,1,32,,technical_check,vplc_status_cycle_duration_not_validated_as_Tper,0.071,100,работает
RUN_20260509_VPLC_L1_LIGHT_10_20_S01_R02,VPLC_L1_LIGHT_10_20,SER_20260509_VPLC_L1_LIGHT_10_20_S01,vPLC_container,VPLC_HOST,221,,,2026-05-09T16:26:47.761215986Z,,,,host_log,10,20,,,,,,1,32,,technical_check,vplc_status_cycle_duration_not_validated_as_Tper,0.070,100,работает
RUN_20260509_VPLC_L1_LIGHT_10_20_S01_R02,VPLC_L1_LIGHT_10_20,SER_20260509_VPLC_L1_LIGHT_10_20_S01,vPLC_container,VPLC_HOST,222,,,2026-05-09T16:26:48.816271313Z,,,,host_log,10,20,,,,,,1,32,,technical_check,vplc_status_cycle_duration_not_validated_as_Tper,0.069,100,работает
RUN_20260509_VPLC_L1_LIGHT_10_20_S01_R02,VPLC_L1_LIGHT_10_20,SER_20260509_VPLC_L1_LIGHT_10_20_S01,vPLC_container,VPLC_HOST,223,,,2026-05-09T16:26:49.869291756Z,,,,host_log,10,20,,,,,,1,32,,technical_check,vplc_status_cycle_duration_not_validated_as_Tper,0.067,100,работает
RUN_20260509_VPLC_L1_LIGHT_10_20_S01_R02,VPLC_L1_LIGHT_10_20,SER_20260509_VPLC_L1_LIGHT_10_20_S01,vPLC_container,VPLC_HOST,224,,,2026-05-09T16:26:50.924197313Z,,,,host_log,10,20,,,,,,1,32,,technical_check,vplc_status_cycle_duration_not_validated_as_Tper,0.069,100,работает
RUN_20260509_VPLC_L1_LIGHT_10_20_S01_R02,VPLC_L1_LIGHT_10_20,SER_20260509_VPLC_L1_LIGHT_10_20_S01,vPLC_container,VPLC_HOST,225,,,2026-05-09T16:26:51.982199236Z,,,,host_log,10,20,,,,,,1,32,,technical_check,vplc_status_cycle_duration_not_validated_as_Tper,0.070,100,работает
RUN_20260509_VPLC_L1_LIGHT_10_20_S01_R02,VPLC_L1_LIGHT_10_20,SER_20260509_VPLC_L1_LIGHT_10_20_S01,vPLC_container,VPLC_HOST,226,,,2026-05-09T16:26:53.036445387Z,,,,host_log,10,20,,,,,,1,32,,technical_check,vplc_status_cycle_duration_not_validated_as_Tper,0.050,100,работает
RUN_20260509_VPLC_L1_LIGHT_10_20_S01_R02,VPLC_L1_LIGHT_10_20,SER_20260509_VPLC_L1_LIGHT_10_20_S01,vPLC_container,VPLC_HOST,227,,,2026-05-09T16:26:54.092641393Z,,,,host_log,10,20,,,,,,1,32,,technical_check,vplc_status_cycle_duration_not_validated_as_Tper,0.070,100,работает
RUN_20260509_VPLC_L1_LIGHT_10_20_S01_R02,VPLC_L1_LIGHT_10_20,SER_20260509_VPLC_L1_LIGHT_10_20_S01,vPLC_container,VPLC_HOST,228,,,2026-05-09T16:26:55.146356361Z,,,,host_log,10,20,,,,,,1,32,,technical_check,vplc_status_cycle_duration_not_validated_as_Tper,0.041,100,работает
RUN_20260509_VPLC_L1_LIGHT_10_20_S01_R02,VPLC_L1_LIGHT_10_20,SER_20260509_VPLC_L1_LIGHT_10_20_S01,vPLC_container,VPLC_HOST,229,,,2026-05-09T16:26:56.201550488Z,,,,host_log,10,20,,,,,,1,32,,technical_check,vplc_status_cycle_duration_not_validated_as_Tper,0.069,100,работает
RUN_20260509_VPLC_L1_LIGHT_10_20_S01_R02,VPLC_L1_LIGHT_10_20,SER_20260509_VPLC_L1_LIGHT_10_20_S01,vPLC_container,VPLC_HOST,230,,,2026-05-09T16:26:57.260223052Z,,,,host_log,10,20,,,,,,1,32,,technical_check,vplc_status_cycle_duration_not_validated_as_Tper,0.067,100,работает
RUN_20260509_VPLC_L1_LIGHT_10_20_S01_R02,VPLC_L1_LIGHT_10_20,SER_20260509_VPLC_L1_LIGHT_10_20_S01,vPLC_container,VPLC_HOST,231,,,2026-05-09T16:26:58.315429899Z,,,,host_log,10,20,,,,,,1,32,,technical_check,vplc_status_cycle_duration_not_validated_as_Tper,0.069,100,работает
RUN_20260509_VPLC_L1_LIGHT_10_20_S01_R02,VPLC_L1_LIGHT_10_20,SER_20260509_VPLC_L1_LIGHT_10_20_S01,vPLC_container,VPLC_HOST,232,,,2026-05-09T16:26:59.370837857Z,,,,host_log,10,20,,,,,,1,32,,technical_check,vplc_status_cycle_duration_not_validated_as_Tper,4.360,100,работает
RUN_20260509_VPLC_L1_LIGHT_10_20_S01_R02,VPLC_L1_LIGHT_10_20,SER_20260509_VPLC_L1_LIGHT_10_20_S01,vPLC_container,VPLC_HOST,233,,,2026-05-09T16:27:00.424844284Z,,,,host_log,10,20,,,,,,1,32,,technical_check,vplc_status_cycle_duration_not_validated_as_Tper,0.049,100,работает
RUN_20260509_VPLC_L1_LIGHT_10_20_S01_R02,VPLC_L1_LIGHT_10_20,SER_20260509_VPLC_L1_LIGHT_10_20_S01,vPLC_container,VPLC_HOST,234,,,2026-05-09T16:27:01.477836906Z,,,,host_log,10,20,,,,,,1,32,,technical_check,vplc_status_cycle_duration_not_validated_as_Tper,0.070,100,работает
RUN_20260509_VPLC_L1_LIGHT_10_20_S01_R02,VPLC_L1_LIGHT_10_20,SER_20260509_VPLC_L1_LIGHT_10_20_S01,vPLC_container,VPLC_HOST,235,,,2026-05-09T16:27:02.535255026Z,,,,host_log,10,20,,,,,,1,32,,technical_check,vplc_status_cycle_duration_not_validated_as_Tper,0.048,100,работает
RUN_20260509_VPLC_L1_LIGHT_10_20_S01_R02,VPLC_L1_LIGHT_10_20,SER_20260509_VPLC_L1_LIGHT_10_20_S01,vPLC_container,VPLC_HOST,236,,,2026-05-09T16:27:03.590776218Z,,,,host_log,10,20,,,,,,1,32,,technical_check,vplc_status_cycle_duration_not_validated_as_Tper,0.070,100,работает
RUN_20260509_VPLC_L1_LIGHT_10_20_S01_R02,VPLC_L1_LIGHT_10_20,SER_20260509_VPLC_L1_LIGHT_10_20_S01,vPLC_container,VPLC_HOST,237,,,2026-05-09T16:27:04.646678083Z,,,,host_log,10,20,,,,,,1,32,,technical_check,vplc_status_cycle_duration_not_validated_as_Tper,0.033,100,работает
RUN_20260509_VPLC_L1_LIGHT_10_20_S01_R02,VPLC_L1_LIGHT_10_20,SER_20260509_VPLC_L1_LIGHT_10_20_S01,vPLC_container,VPLC_HOST,238,,,2026-05-09T16:27:05.701292257Z,,,,host_log,10,20,,,,,,1,32,,technical_check,vplc_status_cycle_duration_not_validated_as_Tper,0.069,100,работает
RUN_20260509_VPLC_L1_LIGHT_10_20_S01_R02,VPLC_L1_LIGHT_10_20,SER_20260509_VPLC_L1_LIGHT_10_20_S01,vPLC_container,VPLC_HOST,239,,,2026-05-09T16:27:06.757710446Z,,,,host_log,10,20,,,,,,1,32,,technical_check,vplc_status_cycle_duration_not_validated_as_Tper,0.052,100,работает
RUN_20260509_VPLC_L1_LIGHT_10_20_S01_R02,VPLC_L1_LIGHT_10_20,SER_20260509_VPLC_L1_LIGHT_10_20_S01,vPLC_container,VPLC_HOST,240,,,2026-05-09T16:27:07.810545766Z,,,,host_log,10,20,,,,,,1,32,,technical_check,vplc_status_cycle_duration_not_validated_as_Tper,0.070,100,работает
RUN_20260509_VPLC_L1_LIGHT_10_20_S01_R02,VPLC_L1_LIGHT_10_20,SER_20260509_VPLC_L1_LIGHT_10_20_S01,vPLC_container,VPLC_HOST,241,,,2026-05-09T16:27:08.867863092Z,,,,host_log,10,20,,,,,,1,32,,technical_check,vplc_status_cycle_duration_not_validated_as_Tper,0.068,100,работает
RUN_20260509_VPLC_L1_LIGHT_10_20_S01_R02,VPLC_L1_LIGHT_10_20,SER_20260509_VPLC_L1_LIGHT_10_20_S01,vPLC_container,VPLC_HOST,242,,,2026-05-09T16:27:09.923641430Z,,,,host_log,10,20,,,,,,1,32,,technical_check,vplc_status_cycle_duration_not_validated_as_Tper,0.047,100,работает
RUN_20260509_VPLC_L1_LIGHT_10_20_S01_R02,VPLC_L1_LIGHT_10_20,SER_20260509_VPLC_L1_LIGHT_10_20_S01,vPLC_container,VPLC_HOST,243,,,2026-05-09T16:27:10.978574833Z,,,,host_log,10,20,,,,,,1,32,,technical_check,vplc_status_cycle_duration_not_validated_as_Tper,0.070,100,работает
RUN_20260509_VPLC_L1_LIGHT_10_20_S01_R02,VPLC_L1_LIGHT_10_20,SER_20260509_VPLC_L1_LIGHT_10_20_S01,vPLC_container,VPLC_HOST,244,,,2026-05-09T16:27:12.033194301Z,,,,host_log,10,20,,,,,,1,32,,technical_check,vplc_status_cycle_duration_not_validated_as_Tper,0.069,100,работает
RUN_20260509_VPLC_L1_LIGHT_10_20_S01_R02,VPLC_L1_LIGHT_10_20,SER_20260509_VPLC_L1_LIGHT_10_20_S01,vPLC_container,VPLC_HOST,245,,,2026-05-09T16:27:13.089671254Z,,,,host_log,10,20,,,,,,1,32,,technical_check,vplc_status_cycle_duration_not_validated_as_Tper,0.070,100,работает
RUN_20260509_VPLC_L1_LIGHT_10_20_S01_R02,VPLC_L1_LIGHT_10_20,SER_20260509_VPLC_L1_LIGHT_10_20_S01,vPLC_container,VPLC_HOST,246,,,2026-05-09T16:27:14.144183014Z,,,,host_log,10,20,,,,,,1,32,,technical_check,vplc_status_cycle_duration_not_validated_as_Tper,0.049,100,работает
RUN_20260509_VPLC_L1_LIGHT_10_20_S01_R02,VPLC_L1_LIGHT_10_20,SER_20260509_VPLC_L1_LIGHT_10_20_S01,vPLC_container,VPLC_HOST,247,,,2026-05-09T16:27:15.200200483Z,,,,host_log,10,20,,,,,,1,32,,technical_check,vplc_status_cycle_duration_not_validated_as_Tper,0.068,100,работает
RUN_20260509_VPLC_L1_LIGHT_10_20_S01_R02,VPLC_L1_LIGHT_10_20,SER_20260509_VPLC_L1_LIGHT_10_20_S01,vPLC_container,VPLC_HOST,248,,,2026-05-09T16:27:16.254366886Z,,,,host_log,10,20,,,,,,1,32,,technical_check,vplc_status_cycle_duration_not_validated_as_Tper,0.042,100,работает
RUN_20260509_VPLC_L1_LIGHT_10_20_S01_R02,VPLC_L1_LIGHT_10_20,SER_20260509_VPLC_L1_LIGHT_10_20_S01,vPLC_container,VPLC_HOST,249,,,2026-05-09T16:27:17.309055404Z,,,,host_log,10,20,,,,,,1,32,,technical_check,vplc_status_cycle_duration_not_validated_as_Tper,0.069,100,работает
RUN_20260509_VPLC_L1_LIGHT_10_20_S01_R02,VPLC_L1_LIGHT_10_20,SER_20260509_VPLC_L1_LIGHT_10_20_S01,vPLC_container,VPLC_HOST,250,,,2026-05-09T16:27:18.366602560Z,,,,host_log,10,20,,,,,,1,32,,technical_check,vplc_status_cycle_duration_not_validated_as_Tper,4.638,100,работает
RUN_20260509_VPLC_L1_LIGHT_10_20_S01_R02,VPLC_L1_LIGHT_10_20,SER_20260509_VPLC_L1_LIGHT_10_20_S01,vPLC_container,VPLC_HOST,251,,,2026-05-09T16:27:19.418463875Z,,,,host_log,10,20,,,,,,1,32,,technical_check,vplc_status_cycle_duration_not_validated_as_Tper,4.951,100,работает
RUN_20260509_VPLC_L1_LIGHT_10_20_S01_R02,VPLC_L1_LIGHT_10_20,SER_20260509_VPLC_L1_LIGHT_10_20_S01,vPLC_container,VPLC_HOST,252,,,2026-05-09T16:27:20.476722727Z,,,,host_log,10,20,,,,,,1,32,,technical_check,vplc_status_cycle_duration_not_validated_as_Tper,0.070,100,работает
RUN_20260509_VPLC_L1_LIGHT_10_20_S01_R02,VPLC_L1_LIGHT_10_20,SER_20260509_VPLC_L1_LIGHT_10_20_S01,vPLC_container,VPLC_HOST,253,,,2026-05-09T16:27:21.531257531Z,,,,host_log,10,20,,,,,,1,32,,technical_check,vplc_status_cycle_duration_not_validated_as_Tper,0.048,100,работает
RUN_20260509_VPLC_L1_LIGHT_10_20_S01_R02,VPLC_L1_LIGHT_10_20,SER_20260509_VPLC_L1_LIGHT_10_20_S01,vPLC_container,VPLC_HOST,254,,,2026-05-09T16:27:22.587369296Z,,,,host_log,10,20,,,,,,1,32,,technical_check,vplc_status_cycle_duration_not_validated_as_Tper,0.069,100,работает
RUN_20260509_VPLC_L1_LIGHT_10_20_S01_R02,VPLC_L1_LIGHT_10_20,SER_20260509_VPLC_L1_LIGHT_10_20_S01,vPLC_container,VPLC_HOST,255,,,2026-05-09T16:27:23.642708292Z,,,,host_log,10,20,,,,,,1,32,,technical_check,vplc_status_cycle_duration_not_validated_as_Tper,0.048,100,работает
RUN_20260509_VPLC_L1_LIGHT_10_20_S01_R02,VPLC_L1_LIGHT_10_20,SER_20260509_VPLC_L1_LIGHT_10_20_S01,vPLC_container,VPLC_HOST,256,,,2026-05-09T16:27:24.694323851Z,,,,host_log,10,20,,,,,,1,32,,technical_check,vplc_status_cycle_duration_not_validated_as_Tper,0.070,100,работает
RUN_20260509_VPLC_L1_LIGHT_10_20_S01_R02,VPLC_L1_LIGHT_10_20,SER_20260509_VPLC_L1_LIGHT_10_20_S01,vPLC_container,VPLC_HOST,257,,,2026-05-09T16:27:25.752506013Z,,,,host_log,10,20,,,,,,1,32,,technical_check,vplc_status_cycle_duration_not_validated_as_Tper,0.038,100,работает
RUN_20260509_VPLC_L1_LIGHT_10_20_S01_R02,VPLC_L1_LIGHT_10_20,SER_20260509_VPLC_L1_LIGHT_10_20_S01,vPLC_container,VPLC_HOST,258,,,2026-05-09T16:27:26.808752699Z,,,,host_log,10,20,,,,,,1,32,,technical_check,vplc_status_cycle_duration_not_validated_as_Tper,0.069,100,работает
RUN_20260509_VPLC_L1_LIGHT_10_20_S01_R02,VPLC_L1_LIGHT_10_20,SER_20260509_VPLC_L1_LIGHT_10_20_S01,vPLC_container,VPLC_HOST,259,,,2026-05-09T16:27:27.859733959Z,,,,host_log,10,20,,,,,,1,32,,technical_check,vplc_status_cycle_duration_not_validated_as_Tper,0.061,100,работает
RUN_20260509_VPLC_L1_LIGHT_10_20_S01_R02,VPLC_L1_LIGHT_10_20,SER_20260509_VPLC_L1_LIGHT_10_20_S01,vPLC_container,VPLC_HOST,260,,,2026-05-09T16:27:28.917128531Z,,,,host_log,10,20,,,,,,1,32,,technical_check,vplc_status_cycle_duration_not_validated_as_Tper,0.066,100,работает
RUN_20260509_VPLC_L1_LIGHT_10_20_S01_R02,VPLC_L1_LIGHT_10_20,SER_20260509_VPLC_L1_LIGHT_10_20_S01,vPLC_container,VPLC_HOST,261,,,2026-05-09T16:27:29.975729731Z,,,,host_log,10,20,,,,,,1,32,,technical_check,vplc_status_cycle_duration_not_validated_as_Tper,0.069,100,работает
RUN_20260509_VPLC_L1_LIGHT_10_20_S01_R02,VPLC_L1_LIGHT_10_20,SER_20260509_VPLC_L1_LIGHT_10_20_S01,vPLC_container,VPLC_HOST,262,,,2026-05-09T16:27:31.028046330Z,,,,host_log,10,20,,,,,,1,32,,technical_check,vplc_status_cycle_duration_not_validated_as_Tper,0.069,100,работает
RUN_20260509_VPLC_L1_LIGHT_10_20_S01_R02,VPLC_L1_LIGHT_10_20,SER_20260509_VPLC_L1_LIGHT_10_20_S01,vPLC_container,VPLC_HOST,263,,,2026-05-09T16:27:32.083461664Z,,,,host_log,10,20,,,,,,1,32,,technical_check,vplc_status_cycle_duration_not_validated_as_Tper,0.069,100,работает
RUN_20260509_VPLC_L1_LIGHT_10_20_S01_R02,VPLC_L1_LIGHT_10_20,SER_20260509_VPLC_L1_LIGHT_10_20_S01,vPLC_container,VPLC_HOST,264,,,2026-05-09T16:27:33.141172503Z,,,,host_log,10,20,,,,,,1,32,,technical_check,vplc_status_cycle_duration_not_validated_as_Tper,0.049,100,работает
RUN_20260509_VPLC_L1_LIGHT_10_20_S01_R02,VPLC_L1_LIGHT_10_20,SER_20260509_VPLC_L1_LIGHT_10_20_S01,vPLC_container,VPLC_HOST,265,,,2026-05-09T16:27:34.196688339Z,,,,host_log,10,20,,,,,,1,32,,technical_check,vplc_status_cycle_duration_not_validated_as_Tper,0.072,100,работает
RUN_20260509_VPLC_L1_LIGHT_10_20_S01_R02,VPLC_L1_LIGHT_10_20,SER_20260509_VPLC_L1_LIGHT_10_20_S01,vPLC_container,VPLC_HOST,266,,,2026-05-09T16:27:35.251782264Z,,,,host_log,10,20,,,,,,1,32,,technical_check,vplc_status_cycle_duration_not_validated_as_Tper,0.033,100,работает
RUN_20260509_VPLC_L1_LIGHT_10_20_S01_R02,VPLC_L1_LIGHT_10_20,SER_20260509_VPLC_L1_LIGHT_10_20_S01,vPLC_container,VPLC_HOST,267,,,2026-05-09T16:27:36.305492425Z,,,,host_log,10,20,,,,,,1,32,,technical_check,vplc_status_cycle_duration_not_validated_as_Tper,0.068,100,работает
RUN_20260509_VPLC_L1_LIGHT_10_20_S01_R02,VPLC_L1_LIGHT_10_20,SER_20260509_VPLC_L1_LIGHT_10_20_S01,vPLC_container,VPLC_HOST,268,,,2026-05-09T16:27:37.361618336Z,,,,host_log,10,20,,,,,,1,32,,technical_check,vplc_status_cycle_duration_not_validated_as_Tper,4.823,100,работает
RUN_20260509_VPLC_L1_LIGHT_10_20_S01_R02,VPLC_L1_LIGHT_10_20,SER_20260509_VPLC_L1_LIGHT_10_20_S01,vPLC_container,VPLC_HOST,269,,,2026-05-09T16:27:38.417313163Z,,,,host_log,10,20,,,,,,1,32,,technical_check,vplc_status_cycle_duration_not_validated_as_Tper,4.922,100,работает
RUN_20260509_VPLC_L1_LIGHT_10_20_S01_R02,VPLC_L1_LIGHT_10_20,SER_20260509_VPLC_L1_LIGHT_10_20_S01,vPLC_container,VPLC_HOST,270,,,2026-05-09T16:27:39.471908630Z,,,,host_log,10,20,,,,,,1,32,,technical_check,vplc_status_cycle_duration_not_validated_as_Tper,0.069,100,работает
RUN_20260509_VPLC_L1_LIGHT_10_20_S01_R02,VPLC_L1_LIGHT_10_20,SER_20260509_VPLC_L1_LIGHT_10_20_S01,vPLC_container,VPLC_HOST,271,,,2026-05-09T16:27:40.528309122Z,,,,host_log,10,20,,,,,,1,32,,technical_check,vplc_status_cycle_duration_not_validated_as_Tper,0.049,100,работает
RUN_20260509_VPLC_L1_LIGHT_10_20_S01_R02,VPLC_L1_LIGHT_10_20,SER_20260509_VPLC_L1_LIGHT_10_20_S01,vPLC_container,VPLC_HOST,272,,,2026-05-09T16:27:41.579970212Z,,,,host_log,10,20,,,,,,1,32,,technical_check,vplc_status_cycle_duration_not_validated_as_Tper,0.069,100,работает
RUN_20260509_VPLC_L1_LIGHT_10_20_S01_R02,VPLC_L1_LIGHT_10_20,SER_20260509_VPLC_L1_LIGHT_10_20_S01,vPLC_container,VPLC_HOST,273,,,2026-05-09T16:27:42.638682731Z,,,,host_log,10,20,,,,,,1,32,,technical_check,vplc_status_cycle_duration_not_validated_as_Tper,0.050,100,работает
RUN_20260509_VPLC_L1_LIGHT_10_20_S01_R02,VPLC_L1_LIGHT_10_20,SER_20260509_VPLC_L1_LIGHT_10_20_S01,vPLC_container,VPLC_HOST,274,,,2026-05-09T16:27:43.691062827Z,,,,host_log,10,20,,,,,,1,32,,technical_check,vplc_status_cycle_duration_not_validated_as_Tper,0.054,100,работает
RUN_20260509_VPLC_L1_LIGHT_10_20_S01_R02,VPLC_L1_LIGHT_10_20,SER_20260509_VPLC_L1_LIGHT_10_20_S01,vPLC_container,VPLC_HOST,275,,,2026-05-09T16:27:44.747714529Z,,,,host_log,10,20,,,,,,1,32,,technical_check,vplc_status_cycle_duration_not_validated_as_Tper,0.033,100,работает
RUN_20260509_VPLC_L1_LIGHT_10_20_S01_R02,VPLC_L1_LIGHT_10_20,SER_20260509_VPLC_L1_LIGHT_10_20_S01,vPLC_container,VPLC_HOST,276,,,2026-05-09T16:27:45.801685696Z,,,,host_log,10,20,,,,,,1,32,,technical_check,vplc_status_cycle_duration_not_validated_as_Tper,0.066,100,работает
RUN_20260509_VPLC_L1_LIGHT_10_20_S01_R02,VPLC_L1_LIGHT_10_20,SER_20260509_VPLC_L1_LIGHT_10_20_S01,vPLC_container,VPLC_HOST,277,,,2026-05-09T16:27:46.856631479Z,,,,host_log,10,20,,,,,,1,32,,technical_check,vplc_status_cycle_duration_not_validated_as_Tper,0.052,100,работает
RUN_20260509_VPLC_L1_LIGHT_10_20_S01_R02,VPLC_L1_LIGHT_10_20,SER_20260509_VPLC_L1_LIGHT_10_20_S01,vPLC_container,VPLC_HOST,278,,,2026-05-09T16:27:47.914812263Z,,,,host_log,10,20,,,,,,1,32,,technical_check,vplc_status_cycle_duration_not_validated_as_Tper,0.068,100,работает
RUN_20260509_VPLC_L1_LIGHT_10_20_S01_R02,VPLC_L1_LIGHT_10_20,SER_20260509_VPLC_L1_LIGHT_10_20_S01,vPLC_container,VPLC_HOST,279,,,2026-05-09T16:27:48.968079890Z,,,,host_log,10,20,,,,,,1,32,,technical_check,vplc_status_cycle_duration_not_validated_as_Tper,0.067,100,работает
RUN_20260509_VPLC_L1_LIGHT_10_20_S01_R02,VPLC_L1_LIGHT_10_20,SER_20260509_VPLC_L1_LIGHT_10_20_S01,vPLC_container,VPLC_HOST,280,,,2026-05-09T16:27:50.024506846Z,,,,host_log,10,20,,,,,,1,32,,technical_check,vplc_status_cycle_duration_not_validated_as_Tper,0.066,100,работает
RUN_20260509_VPLC_L1_LIGHT_10_20_S01_R02,VPLC_L1_LIGHT_10_20,SER_20260509_VPLC_L1_LIGHT_10_20_S01,vPLC_container,VPLC_HOST,281,,,2026-05-09T16:27:51.078229846Z,,,,host_log,10,20,,,,,,1,32,,technical_check,vplc_status_cycle_duration_not_validated_as_Tper,0.069,100,работает
RUN_20260509_VPLC_L1_LIGHT_10_20_S01_R02,VPLC_L1_LIGHT_10_20,SER_20260509_VPLC_L1_LIGHT_10_20_S01,vPLC_container,VPLC_HOST,282,,,2026-05-09T16:27:52.133547614Z,,,,host_log,10,20,,,,,,1,32,,technical_check,vplc_status_cycle_duration_not_validated_as_Tper,0.049,100,работает
RUN_20260509_VPLC_L1_LIGHT_10_20_S01_R02,VPLC_L1_LIGHT_10_20,SER_20260509_VPLC_L1_LIGHT_10_20_S01,vPLC_container,VPLC_HOST,283,,,2026-05-09T16:27:53.189960894Z,,,,host_log,10,20,,,,,,1,32,,technical_check,vplc_status_cycle_duration_not_validated_as_Tper,0.071,100,работает
RUN_20260509_VPLC_L1_LIGHT_10_20_S01_R02,VPLC_L1_LIGHT_10_20,SER_20260509_VPLC_L1_LIGHT_10_20_S01,vPLC_container,VPLC_HOST,284,,,2026-05-09T16:27:54.244778378Z,,,,host_log,10,20,,,,,,1,32,,technical_check,vplc_status_cycle_duration_not_validated_as_Tper,0.049,100,работает
RUN_20260509_VPLC_L1_LIGHT_10_20_S01_R02,VPLC_L1_LIGHT_10_20,SER_20260509_VPLC_L1_LIGHT_10_20_S01,vPLC_container,VPLC_HOST,285,,,2026-05-09T16:27:55.300639389Z,,,,host_log,10,20,,,,,,1,32,,technical_check,vplc_status_cycle_duration_not_validated_as_Tper,0.070,100,работает
RUN_20260509_VPLC_L1_LIGHT_10_20_S01_R02,VPLC_L1_LIGHT_10_20,SER_20260509_VPLC_L1_LIGHT_10_20_S01,vPLC_container,VPLC_HOST,286,,,2026-05-09T16:27:56.356514938Z,,,,host_log,10,20,,,,,,1,32,,technical_check,vplc_status_cycle_duration_not_validated_as_Tper,3.887,100,работает
RUN_20260509_VPLC_L1_LIGHT_10_20_S01_R02,VPLC_L1_LIGHT_10_20,SER_20260509_VPLC_L1_LIGHT_10_20_S01,vPLC_container,VPLC_HOST,287,,,2026-05-09T16:27:57.410943310Z,,,,host_log,10,20,,,,,,1,32,,technical_check,vplc_status_cycle_duration_not_validated_as_Tper,4.575,100,работает
RUN_20260509_VPLC_L1_LIGHT_10_20_S01_R02,VPLC_L1_LIGHT_10_20,SER_20260509_VPLC_L1_LIGHT_10_20_S01,vPLC_container,VPLC_HOST,288,,,2026-05-09T16:27:58.466812901Z,,,,host_log,10,20,,,,,,1,32,,technical_check,vplc_status_cycle_duration_not_validated_as_Tper,0.070,100,работает
RUN_20260509_VPLC_L1_LIGHT_10_20_S01_R02,VPLC_L1_LIGHT_10_20,SER_20260509_VPLC_L1_LIGHT_10_20_S01,vPLC_container,VPLC_HOST,289,,,2026-05-09T16:27:59.522614561Z,,,,host_log,10,20,,,,,,1,32,,technical_check,vplc_status_cycle_duration_not_validated_as_Tper,0.046,100,работает
RUN_20260509_VPLC_L1_LIGHT_10_20_S01_R02,VPLC_L1_LIGHT_10_20,SER_20260509_VPLC_L1_LIGHT_10_20_S01,vPLC_container,VPLC_HOST,290,,,2026-05-09T16:28:00.577658171Z,,,,host_log,10,20,,,,,,1,32,,technical_check,vplc_status_cycle_duration_not_validated_as_Tper,0.070,100,работает
RUN_20260509_VPLC_L1_LIGHT_10_20_S01_R02,VPLC_L1_LIGHT_10_20,SER_20260509_VPLC_L1_LIGHT_10_20_S01,vPLC_container,VPLC_HOST,291,,,2026-05-09T16:28:01.633223723Z,,,,host_log,10,20,,,,,,1,32,,technical_check,vplc_status_cycle_duration_not_validated_as_Tper,0.049,100,работает
RUN_20260509_VPLC_L1_LIGHT_10_20_S01_R02,VPLC_L1_LIGHT_10_20,SER_20260509_VPLC_L1_LIGHT_10_20_S01,vPLC_container,VPLC_HOST,292,,,2026-05-09T16:28:02.687659188Z,,,,host_log,10,20,,,,,,1,32,,technical_check,vplc_status_cycle_duration_not_validated_as_Tper,0.069,100,работает
RUN_20260509_VPLC_L1_LIGHT_10_20_S01_R02,VPLC_L1_LIGHT_10_20,SER_20260509_VPLC_L1_LIGHT_10_20_S01,vPLC_container,VPLC_HOST,293,,,2026-05-09T16:28:03.744579165Z,,,,host_log,10,20,,,,,,1,32,,technical_check,vplc_status_cycle_duration_not_validated_as_Tper,0.047,100,работает
RUN_20260509_VPLC_L1_LIGHT_10_20_S01_R02,VPLC_L1_LIGHT_10_20,SER_20260509_VPLC_L1_LIGHT_10_20_S01,vPLC_container,VPLC_HOST,294,,,2026-05-09T16:28:04.799133696Z,,,,host_log,10,20,,,,,,1,32,,technical_check,vplc_status_cycle_duration_not_validated_as_Tper,0.070,100,работает
RUN_20260509_VPLC_L1_LIGHT_10_20_S01_R02,VPLC_L1_LIGHT_10_20,SER_20260509_VPLC_L1_LIGHT_10_20_S01,vPLC_container,VPLC_HOST,295,,,2026-05-09T16:28:05.854070375Z,,,,host_log,10,20,,,,,,1,32,,technical_check,vplc_status_cycle_duration_not_validated_as_Tper,0.041,100,работает
RUN_20260509_VPLC_L1_LIGHT_10_20_S01_R02,VPLC_L1_LIGHT_10_20,SER_20260509_VPLC_L1_LIGHT_10_20_S01,vPLC_container,VPLC_HOST,296,,,2026-05-09T16:28:06.909098416Z,,,,host_log,10,20,,,,,,1,32,,technical_check,vplc_status_cycle_duration_not_validated_as_Tper,0.070,100,работает
RUN_20260509_VPLC_L1_LIGHT_10_20_S01_R02,VPLC_L1_LIGHT_10_20,SER_20260509_VPLC_L1_LIGHT_10_20_S01,vPLC_container,VPLC_HOST,297,,,2026-05-09T16:28:07.965814940Z,,,,host_log,10,20,,,,,,1,32,,technical_check,vplc_status_cycle_duration_not_validated_as_Tper,0.069,100,работает
RUN_20260509_VPLC_L1_LIGHT_10_20_S01_R02,VPLC_L1_LIGHT_10_20,SER_20260509_VPLC_L1_LIGHT_10_20_S01,vPLC_container,VPLC_HOST,298,,,2026-05-09T16:28:09.020786497Z,,,,host_log,10,20,,,,,,1,32,,technical_check,vplc_status_cycle_duration_not_validated_as_Tper,0.070,100,работает
RUN_20260509_VPLC_L1_LIGHT_10_20_S01_R02,VPLC_L1_LIGHT_10_20,SER_20260509_VPLC_L1_LIGHT_10_20_S01,vPLC_container,VPLC_HOST,299,,,2026-05-09T16:28:10.073583841Z,,,,host_log,10,20,,,,,,1,32,,technical_check,vplc_status_cycle_duration_not_validated_as_Tper,0.066,100,работает
RUN_20260509_VPLC_L1_LIGHT_10_20_S01_R02,VPLC_L1_LIGHT_10_20,SER_20260509_VPLC_L1_LIGHT_10_20_S01,vPLC_container,VPLC_HOST,300,,,2026-05-09T16:28:11.131704618Z,,,,host_log,10,20,,,,,,1,32,,technical_check,vplc_status_cycle_duration_not_validated_as_Tper,0.048,100,работает
RUN_20260509_VPLC_L1_LIGHT_10_20_S01_R02,VPLC_L1_LIGHT_10_20,SER_20260509_VPLC_L1_LIGHT_10_20_S01,vPLC_container,VPLC_HOST,301,,,2026-05-09T16:28:12.184717540Z,,,,host_log,10,20,,,,,,1,32,,technical_check,vplc_status_cycle_duration_not_validated_as_Tper,0.068,100,работает
RUN_20260509_VPLC_L1_LIGHT_10_20_S01_R02,VPLC_L1_LIGHT_10_20,SER_20260509_VPLC_L1_LIGHT_10_20_S01,vPLC_container,VPLC_HOST,302,,,2026-05-09T16:28:13.237400808Z,,,,host_log,10,20,,,,,,1,32,,technical_check,vplc_status_cycle_duration_not_validated_as_Tper,0.050,100,работает
RUN_20260509_VPLC_L1_LIGHT_10_20_S01_R02,VPLC_L1_LIGHT_10_20,SER_20260509_VPLC_L1_LIGHT_10_20_S01,vPLC_container,VPLC_HOST,303,,,2026-05-09T16:28:14.289782915Z,,,,host_log,10,20,,,,,,1,32,,technical_check,vplc_status_cycle_duration_not_validated_as_Tper,0.070,100,работает
RUN_20260509_VPLC_L1_LIGHT_10_20_S01_R02,VPLC_L1_LIGHT_10_20,SER_20260509_VPLC_L1_LIGHT_10_20_S01,vPLC_container,VPLC_HOST,304,,,2026-05-09T16:28:15.345158623Z,,,,host_log,10,20,,,,,,1,32,,technical_check,vplc_status_cycle_duration_not_validated_as_Tper,3.879,100,работает
RUN_20260509_VPLC_L1_LIGHT_10_20_S01_R02,VPLC_L1_LIGHT_10_20,SER_20260509_VPLC_L1_LIGHT_10_20_S01,vPLC_container,VPLC_HOST,305,,,2026-05-09T16:28:16.403197143Z,,,,host_log,10,20,,,,,,1,32,,technical_check,vplc_status_cycle_duration_not_validated_as_Tper,4.319,100,работает
RUN_20260509_VPLC_L1_LIGHT_10_20_S01_R02,VPLC_L1_LIGHT_10_20,SER_20260509_VPLC_L1_LIGHT_10_20_S01,vPLC_container,VPLC_HOST,306,,,2026-05-09T16:28:17.456256273Z,,,,host_log,10,20,,,,,,1,32,,technical_check,vplc_status_cycle_duration_not_validated_as_Tper,0.045,100,работает
RUN_20260509_VPLC_L1_LIGHT_10_20_S01_R02,VPLC_L1_LIGHT_10_20,SER_20260509_VPLC_L1_LIGHT_10_20_S01,vPLC_container,VPLC_HOST,307,,,2026-05-09T16:28:18.512121682Z,,,,host_log,10,20,,,,,,1,32,,technical_check,vplc_status_cycle_duration_not_validated_as_Tper,0.069,100,работает
RUN_20260509_VPLC_L1_LIGHT_10_20_S01_R02,VPLC_L1_LIGHT_10_20,SER_20260509_VPLC_L1_LIGHT_10_20_S01,vPLC_container,VPLC_HOST,308,,,2026-05-09T16:28:19.567916939Z,,,,host_log,10,20,,,,,,1,32,,technical_check,vplc_status_cycle_duration_not_validated_as_Tper,0.069,100,работает
RUN_20260509_VPLC_L1_LIGHT_10_20_S01_R02,VPLC_L1_LIGHT_10_20,SER_20260509_VPLC_L1_LIGHT_10_20_S01,vPLC_container,VPLC_HOST,309,,,2026-05-09T16:28:20.625582162Z,,,,host_log,10,20,,,,,,1,32,,technical_check,vplc_status_cycle_duration_not_validated_as_Tper,0.048,100,работает
RUN_20260509_VPLC_L1_LIGHT_10_20_S01_R02,VPLC_L1_LIGHT_10_20,SER_20260509_VPLC_L1_LIGHT_10_20_S01,vPLC_container,VPLC_HOST,310,,,2026-05-09T16:28:21.678729569Z,,,,host_log,10,20,,,,,,1,32,,technical_check,vplc_status_cycle_duration_not_validated_as_Tper,0.069,100,работает
RUN_20260509_VPLC_L1_LIGHT_10_20_S01_R02,VPLC_L1_LIGHT_10_20,SER_20260509_VPLC_L1_LIGHT_10_20_S01,vPLC_container,VPLC_HOST,311,,,2026-05-09T16:28:22.734218714Z,,,,host_log,10,20,,,,,,1,32,,technical_check,vplc_status_cycle_duration_not_validated_as_Tper,0.049,100,работает
RUN_20260509_VPLC_L1_LIGHT_10_20_S01_R02,VPLC_L1_LIGHT_10_20,SER_20260509_VPLC_L1_LIGHT_10_20_S01,vPLC_container,VPLC_HOST,312,,,2026-05-09T16:28:23.787831358Z,,,,host_log,10,20,,,,,,1,32,,technical_check,vplc_status_cycle_duration_not_validated_as_Tper,0.070,100,работает
RUN_20260509_VPLC_L1_LIGHT_10_20_S01_R02,VPLC_L1_LIGHT_10_20,SER_20260509_VPLC_L1_LIGHT_10_20_S01,vPLC_container,VPLC_HOST,313,,,2026-05-09T16:28:24.843504529Z,,,,host_log,10,20,,,,,,1,32,,technical_check,vplc_status_cycle_duration_not_validated_as_Tper,0.048,100,работает
RUN_20260509_VPLC_L1_LIGHT_10_20_S01_R02,VPLC_L1_LIGHT_10_20,SER_20260509_VPLC_L1_LIGHT_10_20_S01,vPLC_container,VPLC_HOST,314,,,2026-05-09T16:28:25.899964425Z,,,,host_log,10,20,,,,,,1,32,,technical_check,vplc_status_cycle_duration_not_validated_as_Tper,0.069,100,работает
RUN_20260509_VPLC_L1_LIGHT_10_20_S01_R02,VPLC_L1_LIGHT_10_20,SER_20260509_VPLC_L1_LIGHT_10_20_S01,vPLC_container,VPLC_HOST,315,,,2026-05-09T16:28:26.957129788Z,,,,host_log,10,20,,,,,,1,32,,technical_check,vplc_status_cycle_duration_not_validated_as_Tper,0.044,100,работает
RUN_20260509_VPLC_L1_LIGHT_10_20_S01_R02,VPLC_L1_LIGHT_10_20,SER_20260509_VPLC_L1_LIGHT_10_20_S01,vPLC_container,VPLC_HOST,316,,,2026-05-09T16:28:28.012243443Z,,,,host_log,10,20,,,,,,1,32,,technical_check,vplc_status_cycle_duration_not_validated_as_Tper,0.069,100,работает
RUN_20260509_VPLC_L1_LIGHT_10_20_S01_R02,VPLC_L1_LIGHT_10_20,SER_20260509_VPLC_L1_LIGHT_10_20_S01,vPLC_container,VPLC_HOST,317,,,2026-05-09T16:28:29.067760113Z,,,,host_log,10,20,,,,,,1,32,,technical_check,vplc_status_cycle_duration_not_validated_as_Tper,0.070,100,работает
RUN_20260509_VPLC_L1_LIGHT_10_20_S01_R02,VPLC_L1_LIGHT_10_20,SER_20260509_VPLC_L1_LIGHT_10_20_S01,vPLC_container,VPLC_HOST,318,,,2026-05-09T16:28:30.123042720Z,,,,host_log,10,20,,,,,,1,32,,technical_check,vplc_status_cycle_duration_not_validated_as_Tper,0.049,100,работает
RUN_20260509_VPLC_L1_LIGHT_10_20_S01_R02,VPLC_L1_LIGHT_10_20,SER_20260509_VPLC_L1_LIGHT_10_20_S01,vPLC_container,VPLC_HOST,319,,,2026-05-09T16:28:31.178088442Z,,,,host_log,10,20,,,,,,1,32,,technical_check,vplc_status_cycle_duration_not_validated_as_Tper,0.070,100,работает
RUN_20260509_VPLC_L1_LIGHT_10_20_S01_R02,VPLC_L1_LIGHT_10_20,SER_20260509_VPLC_L1_LIGHT_10_20_S01,vPLC_container,VPLC_HOST,320,,,2026-05-09T16:28:32.232107702Z,,,,host_log,10,20,,,,,,1,32,,technical_check,vplc_status_cycle_duration_not_validated_as_Tper,0.067,100,работает
RUN_20260509_VPLC_L1_LIGHT_10_20_S01_R02,VPLC_L1_LIGHT_10_20,SER_20260509_VPLC_L1_LIGHT_10_20_S01,vPLC_container,VPLC_HOST,321,,,2026-05-09T16:28:33.288094293Z,,,,host_log,10,20,,,,,,1,32,,technical_check,vplc_status_cycle_duration_not_validated_as_Tper,0.070,100,работает
RUN_20260509_VPLC_L1_LIGHT_10_20_S01_R02,VPLC_L1_LIGHT_10_20,SER_20260509_VPLC_L1_LIGHT_10_20_S01,vPLC_container,VPLC_HOST,322,,,2026-05-09T16:28:34.342269722Z,,,,host_log,10,20,,,,,,1,32,,technical_check,vplc_status_cycle_duration_not_validated_as_Tper,4.156,100,работает
RUN_20260509_VPLC_L1_LIGHT_10_20_S01_R02,VPLC_L1_LIGHT_10_20,SER_20260509_VPLC_L1_LIGHT_10_20_S01,vPLC_container,VPLC_HOST,323,,,2026-05-09T16:28:35.394970878Z,,,,host_log,10,20,,,,,,1,32,,technical_check,vplc_status_cycle_duration_not_validated_as_Tper,4.463,100,работает
RUN_20260509_VPLC_L1_LIGHT_10_20_S01_R02,VPLC_L1_LIGHT_10_20,SER_20260509_VPLC_L1_LIGHT_10_20_S01,vPLC_container,VPLC_HOST,324,,,2026-05-09T16:28:36.453211865Z,,,,host_log,10,20,,,,,,1,32,,technical_check,vplc_status_cycle_duration_not_validated_as_Tper,0.033,100,работает
RUN_20260509_VPLC_L1_LIGHT_10_20_S01_R02,VPLC_L1_LIGHT_10_20,SER_20260509_VPLC_L1_LIGHT_10_20_S01,vPLC_container,VPLC_HOST,325,,,2026-05-09T16:28:37.505255203Z,,,,host_log,10,20,,,,,,1,32,,technical_check,vplc_status_cycle_duration_not_validated_as_Tper,0.069,100,работает
RUN_20260509_VPLC_L1_LIGHT_10_20_S01_R02,VPLC_L1_LIGHT_10_20,SER_20260509_VPLC_L1_LIGHT_10_20_S01,vPLC_container,VPLC_HOST,326,,,2026-05-09T16:28:38.561945387Z,,,,host_log,10,20,,,,,,1,32,,technical_check,vplc_status_cycle_duration_not_validated_as_Tper,0.069,100,работает
RUN_20260509_VPLC_L1_LIGHT_10_20_S01_R02,VPLC_L1_LIGHT_10_20,SER_20260509_VPLC_L1_LIGHT_10_20_S01,vPLC_container,VPLC_HOST,327,,,2026-05-09T16:28:39.619309248Z,,,,host_log,10,20,,,,,,1,32,,technical_check,vplc_status_cycle_duration_not_validated_as_Tper,0.069,100,работает
RUN_20260509_VPLC_L1_LIGHT_10_20_S01_R02,VPLC_L1_LIGHT_10_20,SER_20260509_VPLC_L1_LIGHT_10_20_S01,vPLC_container,VPLC_HOST,328,,,2026-05-09T16:28:40.672504499Z,,,,host_log,10,20,,,,,,1,32,,technical_check,vplc_status_cycle_duration_not_validated_as_Tper,0.069,100,работает
RUN_20260509_VPLC_L1_LIGHT_10_20_S01_R02,VPLC_L1_LIGHT_10_20,SER_20260509_VPLC_L1_LIGHT_10_20_S01,vPLC_container,VPLC_HOST,329,,,2026-05-09T16:28:41.729595308Z,,,,host_log,10,20,,,,,,1,32,,technical_check,vplc_status_cycle_duration_not_validated_as_Tper,0.047,100,работает
RUN_20260509_VPLC_L1_LIGHT_10_20_S01_R02,VPLC_L1_LIGHT_10_20,SER_20260509_VPLC_L1_LIGHT_10_20_S01,vPLC_container,VPLC_HOST,330,,,2026-05-09T16:28:42.784480497Z,,,,host_log,10,20,,,,,,1,32,,technical_check,vplc_status_cycle_duration_not_validated_as_Tper,0.069,100,работает
RUN_20260509_VPLC_L1_LIGHT_10_20_S01_R02,VPLC_L1_LIGHT_10_20,SER_20260509_VPLC_L1_LIGHT_10_20_S01,vPLC_container,VPLC_HOST,331,,,2026-05-09T16:28:43.840670615Z,,,,host_log,10,20,,,,,,1,32,,technical_check,vplc_status_cycle_duration_not_validated_as_Tper,0.048,100,работает
RUN_20260509_VPLC_L1_LIGHT_10_20_S01_R02,VPLC_L1_LIGHT_10_20,SER_20260509_VPLC_L1_LIGHT_10_20_S01,vPLC_container,VPLC_HOST,332,,,2026-05-09T16:28:44.892660647Z,,,,host_log,10,20,,,,,,1,32,,technical_check,vplc_status_cycle_duration_not_validated_as_Tper,0.068,100,работает
RUN_20260509_VPLC_L1_LIGHT_10_20_S01_R02,VPLC_L1_LIGHT_10_20,SER_20260509_VPLC_L1_LIGHT_10_20_S01,vPLC_container,VPLC_HOST,333,,,2026-05-09T16:28:45.948138799Z,,,,host_log,10,20,,,,,,1,32,,technical_check,vplc_status_cycle_duration_not_validated_as_Tper,0.037,100,работает
RUN_20260509_VPLC_L1_LIGHT_10_20_S01_R02,VPLC_L1_LIGHT_10_20,SER_20260509_VPLC_L1_LIGHT_10_20_S01,vPLC_container,VPLC_HOST,334,,,2026-05-09T16:28:47.004309067Z,,,,host_log,10,20,,,,,,1,32,,technical_check,vplc_status_cycle_duration_not_validated_as_Tper,0.069,100,работает
RUN_20260509_VPLC_L1_LIGHT_10_20_S01_R02,VPLC_L1_LIGHT_10_20,SER_20260509_VPLC_L1_LIGHT_10_20_S01,vPLC_container,VPLC_HOST,335,,,2026-05-09T16:28:48.057644265Z,,,,host_log,10,20,,,,,,1,32,,technical_check,vplc_status_cycle_duration_not_validated_as_Tper,0.053,100,работает
RUN_20260509_VPLC_L1_LIGHT_10_20_S01_R02,VPLC_L1_LIGHT_10_20,SER_20260509_VPLC_L1_LIGHT_10_20_S01,vPLC_container,VPLC_HOST,336,,,2026-05-09T16:28:49.115966593Z,,,,host_log,10,20,,,,,,1,32,,technical_check,vplc_status_cycle_duration_not_validated_as_Tper,0.070,100,работает
RUN_20260509_VPLC_L1_LIGHT_10_20_S01_R02,VPLC_L1_LIGHT_10_20,SER_20260509_VPLC_L1_LIGHT_10_20_S01,vPLC_container,VPLC_HOST,337,,,2026-05-09T16:28:50.172535879Z,,,,host_log,10,20,,,,,,1,32,,technical_check,vplc_status_cycle_duration_not_validated_as_Tper,0.071,100,работает
RUN_20260509_VPLC_L1_LIGHT_10_20_S01_R02,VPLC_L1_LIGHT_10_20,SER_20260509_VPLC_L1_LIGHT_10_20_S01,vPLC_container,VPLC_HOST,338,,,2026-05-09T16:28:51.227829123Z,,,,host_log,10,20,,,,,,1,32,,technical_check,vplc_status_cycle_duration_not_validated_as_Tper,0.049,100,работает
RUN_20260509_VPLC_L1_LIGHT_10_20_S01_R02,VPLC_L1_LIGHT_10_20,SER_20260509_VPLC_L1_LIGHT_10_20_S01,vPLC_container,VPLC_HOST,339,,,2026-05-09T16:28:52.280308699Z,,,,host_log,10,20,,,,,,1,32,,technical_check,vplc_status_cycle_duration_not_validated_as_Tper,0.070,100,работает
RUN_20260509_VPLC_L1_LIGHT_10_20_S01_R02,VPLC_L1_LIGHT_10_20,SER_20260509_VPLC_L1_LIGHT_10_20_S01,vPLC_container,VPLC_HOST,340,,,2026-05-09T16:28:53.338752347Z,,,,host_log,10,20,,,,,,1,32,,technical_check,vplc_status_cycle_duration_not_validated_as_Tper,4.248,100,работает
RUN_20260509_VPLC_L1_LIGHT_10_20_S01_R02,VPLC_L1_LIGHT_10_20,SER_20260509_VPLC_L1_LIGHT_10_20_S01,vPLC_container,VPLC_HOST,341,,,2026-05-09T16:28:54.392731065Z,,,,host_log,10,20,,,,,,1,32,,technical_check,vplc_status_cycle_duration_not_validated_as_Tper,4.355,100,работает
RUN_20260509_VPLC_L1_LIGHT_10_20_S01_R02,VPLC_L1_LIGHT_10_20,SER_20260509_VPLC_L1_LIGHT_10_20_S01,vPLC_container,VPLC_HOST,342,,,2026-05-09T16:28:55.448328669Z,,,,host_log,10,20,,,,,,1,32,,technical_check,vplc_status_cycle_duration_not_validated_as_Tper,0.034,100,работает
RUN_20260509_VPLC_L1_LIGHT_10_20_S01_R02,VPLC_L1_LIGHT_10_20,SER_20260509_VPLC_L1_LIGHT_10_20_S01,vPLC_container,VPLC_HOST,343,,,2026-05-09T16:28:56.501732749Z,,,,host_log,10,20,,,,,,1,32,,technical_check,vplc_status_cycle_duration_not_validated_as_Tper,0.070,100,работает
RUN_20260509_VPLC_L1_LIGHT_10_20_S01_R02,VPLC_L1_LIGHT_10_20,SER_20260509_VPLC_L1_LIGHT_10_20_S01,vPLC_container,VPLC_HOST,344,,,2026-05-09T16:28:57.559379929Z,,,,host_log,10,20,,,,,,1,32,,technical_check,vplc_status_cycle_duration_not_validated_as_Tper,0.061,100,работает
RUN_20260509_VPLC_L1_LIGHT_10_20_S01_R02,VPLC_L1_LIGHT_10_20,SER_20260509_VPLC_L1_LIGHT_10_20_S01,vPLC_container,VPLC_HOST,345,,,2026-05-09T16:28:58.614743486Z,,,,host_log,10,20,,,,,,1,32,,technical_check,vplc_status_cycle_duration_not_validated_as_Tper,0.069,100,работает
RUN_20260509_VPLC_L1_LIGHT_10_20_S01_R02,VPLC_L1_LIGHT_10_20,SER_20260509_VPLC_L1_LIGHT_10_20_S01,vPLC_container,VPLC_HOST,346,,,2026-05-09T16:28:59.670187024Z,,,,host_log,10,20,,,,,,1,32,,technical_check,vplc_status_cycle_duration_not_validated_as_Tper,0.069,100,работает
RUN_20260509_VPLC_L1_LIGHT_10_20_S01_R02,VPLC_L1_LIGHT_10_20,SER_20260509_VPLC_L1_LIGHT_10_20_S01,vPLC_container,VPLC_HOST,347,,,2026-05-09T16:29:00.724003672Z,,,,host_log,10,20,,,,,,1,32,,technical_check,vplc_status_cycle_duration_not_validated_as_Tper,0.069,100,работает
RUN_20260509_VPLC_L1_LIGHT_10_20_S01_R02,VPLC_L1_LIGHT_10_20,SER_20260509_VPLC_L1_LIGHT_10_20_S01,vPLC_container,VPLC_HOST,348,,,2026-05-09T16:29:01.779297115Z,,,,host_log,10,20,,,,,,1,32,,technical_check,vplc_status_cycle_duration_not_validated_as_Tper,0.069,100,работает
RUN_20260509_VPLC_L1_LIGHT_10_20_S01_R02,VPLC_L1_LIGHT_10_20,SER_20260509_VPLC_L1_LIGHT_10_20_S01,vPLC_container,VPLC_HOST,349,,,2026-05-09T16:29:02.836576807Z,,,,host_log,10,20,,,,,,1,32,,technical_check,vplc_status_cycle_duration_not_validated_as_Tper,0.049,100,работает
RUN_20260509_VPLC_L1_LIGHT_10_20_S01_R02,VPLC_L1_LIGHT_10_20,SER_20260509_VPLC_L1_LIGHT_10_20_S01,vPLC_container,VPLC_HOST,350,,,2026-05-09T16:29:03.891999807Z,,,,host_log,10,20,,,,,,1,32,,technical_check,vplc_status_cycle_duration_not_validated_as_Tper,0.069,100,работает
RUN_20260509_VPLC_L1_LIGHT_10_20_S01_R02,VPLC_L1_LIGHT_10_20,SER_20260509_VPLC_L1_LIGHT_10_20_S01,vPLC_container,VPLC_HOST,351,,,2026-05-09T16:29:04.947923115Z,,,,host_log,10,20,,,,,,1,32,,technical_check,vplc_status_cycle_duration_not_validated_as_Tper,0.034,100,работает
RUN_20260509_VPLC_L1_LIGHT_10_20_S01_R02,VPLC_L1_LIGHT_10_20,SER_20260509_VPLC_L1_LIGHT_10_20_S01,vPLC_container,VPLC_HOST,352,,,2026-05-09T16:29:06.003754711Z,,,,host_log,10,20,,,,,,1,32,,technical_check,vplc_status_cycle_duration_not_validated_as_Tper,0.069,100,работает
RUN_20260509_VPLC_L1_LIGHT_10_20_S01_R02,VPLC_L1_LIGHT_10_20,SER_20260509_VPLC_L1_LIGHT_10_20_S01,vPLC_container,VPLC_HOST,353,,,2026-05-09T16:29:07.055429898Z,,,,host_log,10,20,,,,,,1,32,,technical_check,vplc_status_cycle_duration_not_validated_as_Tper,0.040,100,работает
RUN_20260509_VPLC_L1_LIGHT_10_20_S01_R02,VPLC_L1_LIGHT_10_20,SER_20260509_VPLC_L1_LIGHT_10_20_S01,vPLC_container,VPLC_HOST,354,,,2026-05-09T16:29:08.111445204Z,,,,host_log,10,20,,,,,,1,32,,technical_check,vplc_status_cycle_duration_not_validated_as_Tper,0.067,100,работает
RUN_20260509_VPLC_L1_LIGHT_10_20_S01_R02,VPLC_L1_LIGHT_10_20,SER_20260509_VPLC_L1_LIGHT_10_20_S01,vPLC_container,VPLC_HOST,355,,,2026-05-09T16:29:09.168499165Z,,,,host_log,10,20,,,,,,1,32,,technical_check,vplc_status_cycle_duration_not_validated_as_Tper,0.070,100,работает
RUN_20260509_VPLC_L1_LIGHT_10_20_S01_R02,VPLC_L1_LIGHT_10_20,SER_20260509_VPLC_L1_LIGHT_10_20_S01,vPLC_container,VPLC_HOST,356,,,2026-05-09T16:29:10.224488811Z,,,,host_log,10,20,,,,,,1,32,,technical_check,vplc_status_cycle_duration_not_validated_as_Tper,0.068,100,работает
RUN_20260509_VPLC_L1_LIGHT_10_20_S01_R02,VPLC_L1_LIGHT_10_20,SER_20260509_VPLC_L1_LIGHT_10_20_S01,vPLC_container,VPLC_HOST,357,,,2026-05-09T16:29:11.277078406Z,,,,host_log,10,20,,,,,,1,32,,technical_check,vplc_status_cycle_duration_not_validated_as_Tper,0.070,100,работает
RUN_20260509_VPLC_L1_LIGHT_10_20_S01_R02,VPLC_L1_LIGHT_10_20,SER_20260509_VPLC_L1_LIGHT_10_20_S01,vPLC_container,VPLC_HOST,358,,,2026-05-09T16:29:12.332235052Z,,,,host_log,10,20,,,,,,1,32,,technical_check,vplc_status_cycle_duration_not_validated_as_Tper,4.039,100,работает
RUN_20260509_VPLC_L1_LIGHT_10_20_S01_R02,VPLC_L1_LIGHT_10_20,SER_20260509_VPLC_L1_LIGHT_10_20_S01,vPLC_container,VPLC_HOST,359,,,2026-05-09T16:29:13.389197875Z,,,,host_log,10,20,,,,,,1,32,,technical_check,vplc_status_cycle_duration_not_validated_as_Tper,5.036,100,работает
RUN_20260509_VPLC_L1_LIGHT_10_20_S01_R02,VPLC_L1_LIGHT_10_20,SER_20260509_VPLC_L1_LIGHT_10_20_S01,vPLC_container,VPLC_HOST,360,,,2026-05-09T16:29:14.444626580Z,,,,host_log,10,20,,,,,,1,32,,technical_check,vplc_status_cycle_duration_not_validated_as_Tper,0.046,100,работает
RUN_20260509_VPLC_L1_LIGHT_10_20_S01_R02,VPLC_L1_LIGHT_10_20,SER_20260509_VPLC_L1_LIGHT_10_20_S01,vPLC_container,VPLC_HOST,361,,,2026-05-09T16:29:15.500863611Z,,,,host_log,10,20,,,,,,1,32,,technical_check,vplc_status_cycle_duration_not_validated_as_Tper,0.069,100,работает
RUN_20260509_VPLC_L1_LIGHT_10_20_S01_R02,VPLC_L1_LIGHT_10_20,SER_20260509_VPLC_L1_LIGHT_10_20_S01,vPLC_container,VPLC_HOST,362,,,2026-05-09T16:29:16.555486107Z,,,,host_log,10,20,,,,,,1,32,,technical_check,vplc_status_cycle_duration_not_validated_as_Tper,0.044,100,работает
RUN_20260509_VPLC_L1_LIGHT_10_20_S01_R02,VPLC_L1_LIGHT_10_20,SER_20260509_VPLC_L1_LIGHT_10_20_S01,vPLC_container,VPLC_HOST,363,,,2026-05-09T16:29:17.610855715Z,,,,host_log,10,20,,,,,,1,32,,technical_check,vplc_status_cycle_duration_not_validated_as_Tper,0.069,100,работает
RUN_20260509_VPLC_L1_LIGHT_10_20_S01_R02,VPLC_L1_LIGHT_10_20,SER_20260509_VPLC_L1_LIGHT_10_20_S01,vPLC_container,VPLC_HOST,364,,,2026-05-09T16:29:18.666180623Z,,,,host_log,10,20,,,,,,1,32,,technical_check,vplc_status_cycle_duration_not_validated_as_Tper,0.071,100,работает
RUN_20260509_VPLC_L1_LIGHT_10_20_S01_R02,VPLC_L1_LIGHT_10_20,SER_20260509_VPLC_L1_LIGHT_10_20_S01,vPLC_container,VPLC_HOST,365,,,2026-05-09T16:29:19.722389001Z,,,,host_log,10,20,,,,,,1,32,,technical_check,vplc_status_cycle_duration_not_validated_as_Tper,0.072,100,работает
RUN_20260509_VPLC_L1_LIGHT_10_20_S01_R02,VPLC_L1_LIGHT_10_20,SER_20260509_VPLC_L1_LIGHT_10_20_S01,vPLC_container,VPLC_HOST,366,,,2026-05-09T16:29:20.775305474Z,,,,host_log,10,20,,,,,,1,32,,technical_check,vplc_status_cycle_duration_not_validated_as_Tper,0.069,100,работает
RUN_20260509_VPLC_L1_LIGHT_10_20_S01_R02,VPLC_L1_LIGHT_10_20,SER_20260509_VPLC_L1_LIGHT_10_20_S01,vPLC_container,VPLC_HOST,367,,,2026-05-09T16:29:21.832616922Z,,,,host_log,10,20,,,,,,1,32,,technical_check,vplc_status_cycle_duration_not_validated_as_Tper,0.048,100,работает
RUN_20260509_VPLC_L1_LIGHT_10_20_S01_R02,VPLC_L1_LIGHT_10_20,SER_20260509_VPLC_L1_LIGHT_10_20_S01,vPLC_container,VPLC_HOST,368,,,2026-05-09T16:29:22.887955607Z,,,,host_log,10,20,,,,,,1,32,,technical_check,vplc_status_cycle_duration_not_validated_as_Tper,0.069,100,работает
RUN_20260509_VPLC_L1_LIGHT_10_20_S01_R02,VPLC_L1_LIGHT_10_20,SER_20260509_VPLC_L1_LIGHT_10_20_S01,vPLC_container,VPLC_HOST,369,,,2026-05-09T16:29:23.943914046Z,,,,host_log,10,20,,,,,,1,32,,technical_check,vplc_status_cycle_duration_not_validated_as_Tper,0.049,100,работает
RUN_20260509_VPLC_L1_LIGHT_10_20_S01_R02,VPLC_L1_LIGHT_10_20,SER_20260509_VPLC_L1_LIGHT_10_20_S01,vPLC_container,VPLC_HOST,370,,,2026-05-09T16:29:24.996396674Z,,,,host_log,10,20,,,,,,1,32,,technical_check,vplc_status_cycle_duration_not_validated_as_Tper,0.069,100,работает
RUN_20260509_VPLC_L1_LIGHT_10_20_S01_R02,VPLC_L1_LIGHT_10_20,SER_20260509_VPLC_L1_LIGHT_10_20_S01,vPLC_container,VPLC_HOST,371,,,2026-05-09T16:29:26.054834804Z,,,,host_log,10,20,,,,,,1,32,,technical_check,vplc_status_cycle_duration_not_validated_as_Tper,0.040,100,работает
RUN_20260509_VPLC_L1_LIGHT_10_20_S01_R02,VPLC_L1_LIGHT_10_20,SER_20260509_VPLC_L1_LIGHT_10_20_S01,vPLC_container,VPLC_HOST,372,,,2026-05-09T16:29:27.109564160Z,,,,host_log,10,20,,,,,,1,32,,technical_check,vplc_status_cycle_duration_not_validated_as_Tper,0.069,100,работает
RUN_20260509_VPLC_L1_LIGHT_10_20_S01_R02,VPLC_L1_LIGHT_10_20,SER_20260509_VPLC_L1_LIGHT_10_20_S01,vPLC_container,VPLC_HOST,373,,,2026-05-09T16:29:28.164938562Z,,,,host_log,10,20,,,,,,1,32,,technical_check,vplc_status_cycle_duration_not_validated_as_Tper,0.068,100,работает
RUN_20260509_VPLC_L1_LIGHT_10_20_S01_R02,VPLC_L1_LIGHT_10_20,SER_20260509_VPLC_L1_LIGHT_10_20_S01,vPLC_container,VPLC_HOST,374,,,2026-05-09T16:29:29.214629576Z,,,,host_log,10,20,,,,,,1,32,,technical_check,vplc_status_cycle_duration_not_validated_as_Tper,0.067,100,работает
RUN_20260509_VPLC_L1_LIGHT_10_20_S01_R02,VPLC_L1_LIGHT_10_20,SER_20260509_VPLC_L1_LIGHT_10_20_S01,vPLC_container,VPLC_HOST,375,,,2026-05-09T16:29:30.275747720Z,,,,host_log,10,20,,,,,,1,32,,technical_check,vplc_status_cycle_duration_not_validated_as_Tper,0.069,100,работает
RUN_20260509_VPLC_L1_LIGHT_10_20_S01_R02,VPLC_L1_LIGHT_10_20,SER_20260509_VPLC_L1_LIGHT_10_20_S01,vPLC_container,VPLC_HOST,376,,,2026-05-09T16:29:31.327986321Z,,,,host_log,10,20,,,,,,1,32,,technical_check,vplc_status_cycle_duration_not_validated_as_Tper,4.499,100,работает
RUN_20260509_VPLC_L1_LIGHT_10_20_S01_R02,VPLC_L1_LIGHT_10_20,SER_20260509_VPLC_L1_LIGHT_10_20_S01,vPLC_container,VPLC_HOST,377,,,2026-05-09T16:29:32.385747068Z,,,,host_log,10,20,,,,,,1,32,,technical_check,vplc_status_cycle_duration_not_validated_as_Tper,4.941,100,работает
RUN_20260509_VPLC_L1_LIGHT_10_20_S01_R02,VPLC_L1_LIGHT_10_20,SER_20260509_VPLC_L1_LIGHT_10_20_S01,vPLC_container,VPLC_HOST,378,,,2026-05-09T16:29:33.440521952Z,,,,host_log,10,20,,,,,,1,32,,technical_check,vplc_status_cycle_duration_not_validated_as_Tper,0.049,100,работает
RUN_20260509_VPLC_L1_LIGHT_10_20_S01_R02,VPLC_L1_LIGHT_10_20,SER_20260509_VPLC_L1_LIGHT_10_20_S01,vPLC_container,VPLC_HOST,379,,,2026-05-09T16:29:34.495846109Z,,,,host_log,10,20,,,,,,1,32,,technical_check,vplc_status_cycle_duration_not_validated_as_Tper,0.071,100,работает
RUN_20260509_VPLC_L1_LIGHT_10_20_S01_R02,VPLC_L1_LIGHT_10_20,SER_20260509_VPLC_L1_LIGHT_10_20_S01,vPLC_container,VPLC_HOST,380,,,2026-05-09T16:29:35.548677708Z,,,,host_log,10,20,,,,,,1,32,,technical_check,vplc_status_cycle_duration_not_validated_as_Tper,0.028,100,работает
RUN_20260509_VPLC_L1_LIGHT_10_20_S01_R02,VPLC_L1_LIGHT_10_20,SER_20260509_VPLC_L1_LIGHT_10_20_S01,vPLC_container,VPLC_HOST,381,,,2026-05-09T16:29:36.604156532Z,,,,host_log,10,20,,,,,,1,32,,technical_check,vplc_status_cycle_duration_not_validated_as_Tper,0.070,100,работает
RUN_20260509_VPLC_L1_LIGHT_10_20_S01_R02,VPLC_L1_LIGHT_10_20,SER_20260509_VPLC_L1_LIGHT_10_20_S01,vPLC_container,VPLC_HOST,382,,,2026-05-09T16:29:37.662880678Z,,,,host_log,10,20,,,,,,1,32,,technical_check,vplc_status_cycle_duration_not_validated_as_Tper,0.069,100,работает
RUN_20260509_VPLC_L1_LIGHT_10_20_S01_R02,VPLC_L1_LIGHT_10_20,SER_20260509_VPLC_L1_LIGHT_10_20_S01,vPLC_container,VPLC_HOST,383,,,2026-05-09T16:29:38.715462345Z,,,,host_log,10,20,,,,,,1,32,,technical_check,vplc_status_cycle_duration_not_validated_as_Tper,0.069,100,работает
RUN_20260509_VPLC_L1_LIGHT_10_20_S01_R02,VPLC_L1_LIGHT_10_20,SER_20260509_VPLC_L1_LIGHT_10_20_S01,vPLC_container,VPLC_HOST,384,,,2026-05-09T16:29:39.772397128Z,,,,host_log,10,20,,,,,,1,32,,technical_check,vplc_status_cycle_duration_not_validated_as_Tper,0.069,100,работает
RUN_20260509_VPLC_L1_LIGHT_10_20_S01_R02,VPLC_L1_LIGHT_10_20,SER_20260509_VPLC_L1_LIGHT_10_20_S01,vPLC_container,VPLC_HOST,385,,,2026-05-09T16:29:40.822950911Z,,,,host_log,10,20,,,,,,1,32,,technical_check,vplc_status_cycle_duration_not_validated_as_Tper,0.068,100,работает
RUN_20260509_VPLC_L1_LIGHT_10_20_S01_R02,VPLC_L1_LIGHT_10_20,SER_20260509_VPLC_L1_LIGHT_10_20_S01,vPLC_container,VPLC_HOST,386,,,2026-05-09T16:29:41.880363615Z,,,,host_log,10,20,,,,,,1,32,,technical_check,vplc_status_cycle_duration_not_validated_as_Tper,0.069,100,работает
RUN_20260509_VPLC_L1_LIGHT_10_20_S01_R02,VPLC_L1_LIGHT_10_20,SER_20260509_VPLC_L1_LIGHT_10_20_S01,vPLC_container,VPLC_HOST,387,,,2026-05-09T16:29:42.931143118Z,,,,host_log,10,20,,,,,,1,32,,technical_check,vplc_status_cycle_duration_not_validated_as_Tper,0.049,100,работает
RUN_20260509_VPLC_L1_LIGHT_10_20_S01_R02,VPLC_L1_LIGHT_10_20,SER_20260509_VPLC_L1_LIGHT_10_20_S01,vPLC_container,VPLC_HOST,388,,,2026-05-09T16:29:43.987276130Z,,,,host_log,10,20,,,,,,1,32,,technical_check,vplc_status_cycle_duration_not_validated_as_Tper,0.070,100,работает
RUN_20260509_VPLC_L1_LIGHT_10_20_S01_R02,VPLC_L1_LIGHT_10_20,SER_20260509_VPLC_L1_LIGHT_10_20_S01,vPLC_container,VPLC_HOST,389,,,2026-05-09T16:29:45.044337999Z,,,,host_log,10,20,,,,,,1,32,,technical_check,vplc_status_cycle_duration_not_validated_as_Tper,0.049,100,работает
RUN_20260509_VPLC_L1_LIGHT_10_20_S01_R02,VPLC_L1_LIGHT_10_20,SER_20260509_VPLC_L1_LIGHT_10_20_S01,vPLC_container,VPLC_HOST,390,,,2026-05-09T16:29:46.099077332Z,,,,host_log,10,20,,,,,,1,32,,technical_check,vplc_status_cycle_duration_not_validated_as_Tper,0.070,100,работает
RUN_20260509_VPLC_L1_LIGHT_10_20_S01_R02,VPLC_L1_LIGHT_10_20,SER_20260509_VPLC_L1_LIGHT_10_20_S01,vPLC_container,VPLC_HOST,391,,,2026-05-09T16:29:47.153611600Z,,,,host_log,10,20,,,,,,1,32,,technical_check,vplc_status_cycle_duration_not_validated_as_Tper,0.038,100,работает
RUN_20260509_VPLC_L1_LIGHT_10_20_S01_R02,VPLC_L1_LIGHT_10_20,SER_20260509_VPLC_L1_LIGHT_10_20_S01,vPLC_container,VPLC_HOST,392,,,2026-05-09T16:29:48.211559874Z,,,,host_log,10,20,,,,,,1,32,,technical_check,vplc_status_cycle_duration_not_validated_as_Tper,0.070,100,работает
RUN_20260509_VPLC_L1_LIGHT_10_20_S01_R02,VPLC_L1_LIGHT_10_20,SER_20260509_VPLC_L1_LIGHT_10_20_S01,vPLC_container,VPLC_HOST,393,,,2026-05-09T16:29:49.264259118Z,,,,host_log,10,20,,,,,,1,32,,technical_check,vplc_status_cycle_duration_not_validated_as_Tper,0.068,100,работает
RUN_20260509_VPLC_L1_LIGHT_10_20_S01_R02,VPLC_L1_LIGHT_10_20,SER_20260509_VPLC_L1_LIGHT_10_20_S01,vPLC_container,VPLC_HOST,394,,,2026-05-09T16:29:50.320390688Z,,,,host_log,10,20,,,,,,1,32,,technical_check,vplc_status_cycle_duration_not_validated_as_Tper,0.066,100,работает
RUN_20260509_VPLC_L1_LIGHT_10_20_S01_R02,VPLC_L1_LIGHT_10_20,SER_20260509_VPLC_L1_LIGHT_10_20_S01,vPLC_container,VPLC_HOST,395,,,2026-05-09T16:29:51.376087146Z,,,,host_log,10,20,,,,,,1,32,,technical_check,vplc_status_cycle_duration_not_validated_as_Tper,4.165,100,работает
RUN_20260509_VPLC_L1_LIGHT_10_20_S01_R02,VPLC_L1_LIGHT_10_20,SER_20260509_VPLC_L1_LIGHT_10_20_S01,vPLC_container,VPLC_HOST,396,,,2026-05-09T16:29:52.430706240Z,,,,host_log,10,20,,,,,,1,32,,technical_check,vplc_status_cycle_duration_not_validated_as_Tper,0.049,100,работает
RUN_20260509_VPLC_L1_LIGHT_10_20_S01_R02,VPLC_L1_LIGHT_10_20,SER_20260509_VPLC_L1_LIGHT_10_20_S01,vPLC_container,VPLC_HOST,397,,,2026-05-09T16:29:53.487893794Z,,,,host_log,10,20,,,,,,1,32,,technical_check,vplc_status_cycle_duration_not_validated_as_Tper,0.069,100,работает
RUN_20260509_VPLC_L1_LIGHT_10_20_S01_R02,VPLC_L1_LIGHT_10_20,SER_20260509_VPLC_L1_LIGHT_10_20_S01,vPLC_container,VPLC_HOST,398,,,2026-05-09T16:29:54.543506328Z,,,,host_log,10,20,,,,,,1,32,,technical_check,vplc_status_cycle_duration_not_validated_as_Tper,0.049,100,работает
RUN_20260509_VPLC_L1_LIGHT_10_20_S01_R02,VPLC_L1_LIGHT_10_20,SER_20260509_VPLC_L1_LIGHT_10_20_S01,vPLC_container,VPLC_HOST,399,,,2026-05-09T16:29:55.599482363Z,,,,host_log,10,20,,,,,,1,32,,technical_check,vplc_status_cycle_duration_not_validated_as_Tper,0.069,100,работает
RUN_20260509_VPLC_L1_LIGHT_10_20_S01_R02,VPLC_L1_LIGHT_10_20,SER_20260509_VPLC_L1_LIGHT_10_20_S01,vPLC_container,VPLC_HOST,400,,,2026-05-09T16:29:56.654254648Z,,,,host_log,10,20,,,,,,1,32,,technical_check,vplc_status_cycle_duration_not_validated_as_Tper,0.036,100,работает
RUN_20260509_VPLC_L1_LIGHT_10_20_S01_R02,VPLC_L1_LIGHT_10_20,SER_20260509_VPLC_L1_LIGHT_10_20_S01,vPLC_container,VPLC_HOST,401,,,2026-05-09T16:29:57.708268550Z,,,,host_log,10,20,,,,,,1,32,,technical_check,vplc_status_cycle_duration_not_validated_as_Tper,0.068,100,работает
RUN_20260509_VPLC_L1_LIGHT_10_20_S01_R02,VPLC_L1_LIGHT_10_20,SER_20260509_VPLC_L1_LIGHT_10_20_S01,vPLC_container,VPLC_HOST,402,,,2026-05-09T16:29:58.765629839Z,,,,host_log,10,20,,,,,,1,32,,technical_check,vplc_status_cycle_duration_not_validated_as_Tper,0.069,100,работает
RUN_20260509_VPLC_L1_LIGHT_10_20_S01_R02,VPLC_L1_LIGHT_10_20,SER_20260509_VPLC_L1_LIGHT_10_20_S01,vPLC_container,VPLC_HOST,403,,,2026-05-09T16:29:59.818567888Z,,,,host_log,10,20,,,,,,1,32,,technical_check,vplc_status_cycle_duration_not_validated_as_Tper,0.070,100,работает
RUN_20260509_VPLC_L1_LIGHT_10_20_S01_R02,VPLC_L1_LIGHT_10_20,SER_20260509_VPLC_L1_LIGHT_10_20_S01,vPLC_container,VPLC_HOST,404,,,2026-05-09T16:30:00.875732389Z,,,,host_log,10,20,,,,,,1,32,,technical_check,vplc_status_cycle_duration_not_validated_as_Tper,0.070,100,работает
RUN_20260509_VPLC_L1_LIGHT_10_20_S01_R02,VPLC_L1_LIGHT_10_20,SER_20260509_VPLC_L1_LIGHT_10_20_S01,vPLC_container,VPLC_HOST,405,,,2026-05-09T16:30:01.929168331Z,,,,host_log,10,20,,,,,,1,32,,technical_check,vplc_status_cycle_duration_not_validated_as_Tper,0.048,100,работает
RUN_20260509_VPLC_L1_LIGHT_10_20_S01_R02,VPLC_L1_LIGHT_10_20,SER_20260509_VPLC_L1_LIGHT_10_20_S01,vPLC_container,VPLC_HOST,406,,,2026-05-09T16:30:02.986551190Z,,,,host_log,10,20,,,,,,1,32,,technical_check,vplc_status_cycle_duration_not_validated_as_Tper,0.069,100,работает
RUN_20260509_VPLC_L1_LIGHT_10_20_S01_R02,VPLC_L1_LIGHT_10_20,SER_20260509_VPLC_L1_LIGHT_10_20_S01,vPLC_container,VPLC_HOST,407,,,2026-05-09T16:30:04.041648629Z,,,,host_log,10,20,,,,,,1,32,,technical_check,vplc_status_cycle_duration_not_validated_as_Tper,0.049,100,работает
RUN_20260509_VPLC_L1_LIGHT_10_20_S01_R02,VPLC_L1_LIGHT_10_20,SER_20260509_VPLC_L1_LIGHT_10_20_S01,vPLC_container,VPLC_HOST,408,,,2026-05-09T16:30:05.097229410Z,,,,host_log,10,20,,,,,,1,32,,technical_check,vplc_status_cycle_duration_not_validated_as_Tper,0.070,100,работает
RUN_20260509_VPLC_L1_LIGHT_10_20_S01_R02,VPLC_L1_LIGHT_10_20,SER_20260509_VPLC_L1_LIGHT_10_20_S01,vPLC_container,VPLC_HOST,409,,,2026-05-09T16:30:06.152901082Z,,,,host_log,10,20,,,,,,1,32,,technical_check,vplc_status_cycle_duration_not_validated_as_Tper,0.034,100,работает
RUN_20260509_VPLC_L1_LIGHT_10_20_S01_R02,VPLC_L1_LIGHT_10_20,SER_20260509_VPLC_L1_LIGHT_10_20_S01,vPLC_container,VPLC_HOST,410,,,2026-05-09T16:30:07.205830926Z,,,,host_log,10,20,,,,,,1,32,,technical_check,vplc_status_cycle_duration_not_validated_as_Tper,0.070,100,работает
RUN_20260509_VPLC_L1_LIGHT_10_20_S01_R02,VPLC_L1_LIGHT_10_20,SER_20260509_VPLC_L1_LIGHT_10_20_S01,vPLC_container,VPLC_HOST,411,,,2026-05-09T16:30:08.262936610Z,,,,host_log,10,20,,,,,,1,32,,technical_check,vplc_status_cycle_duration_not_validated_as_Tper,0.069,100,работает
RUN_20260509_VPLC_L1_LIGHT_10_20_S01_R02,VPLC_L1_LIGHT_10_20,SER_20260509_VPLC_L1_LIGHT_10_20_S01,vPLC_container,VPLC_HOST,412,,,2026-05-09T16:30:09.318909274Z,,,,host_log,10,20,,,,,,1,32,,technical_check,vplc_status_cycle_duration_not_validated_as_Tper,0.070,100,работает
RUN_20260509_VPLC_L1_LIGHT_10_20_S01_R02,VPLC_L1_LIGHT_10_20,SER_20260509_VPLC_L1_LIGHT_10_20_S01,vPLC_container,VPLC_HOST,413,,,2026-05-09T16:30:10.373428758Z,,,,host_log,10,20,,,,,,1,32,,technical_check,vplc_status_cycle_duration_not_validated_as_Tper,5.022,100,работает
RUN_20260509_VPLC_L1_LIGHT_10_20_S01_R02,VPLC_L1_LIGHT_10_20,SER_20260509_VPLC_L1_LIGHT_10_20_S01,vPLC_container,VPLC_HOST,414,,,2026-05-09T16:30:11.429726435Z,,,,host_log,10,20,,,,,,1,32,,technical_check,vplc_status_cycle_duration_not_validated_as_Tper,0.049,100,работает
RUN_20260509_VPLC_L1_LIGHT_10_20_S01_R02,VPLC_L1_LIGHT_10_20,SER_20260509_VPLC_L1_LIGHT_10_20_S01,vPLC_container,VPLC_HOST,415,,,2026-05-09T16:30:12.481932159Z,,,,host_log,10,20,,,,,,1,32,,technical_check,vplc_status_cycle_duration_not_validated_as_Tper,0.070,100,работает
RUN_20260509_VPLC_L1_LIGHT_10_20_S01_R02,VPLC_L1_LIGHT_10_20,SER_20260509_VPLC_L1_LIGHT_10_20_S01,vPLC_container,VPLC_HOST,416,,,2026-05-09T16:30:13.536191533Z,,,,host_log,10,20,,,,,,1,32,,technical_check,vplc_status_cycle_duration_not_validated_as_Tper,0.051,100,работает
RUN_20260509_VPLC_L1_LIGHT_10_20_S01_R02,VPLC_L1_LIGHT_10_20,SER_20260509_VPLC_L1_LIGHT_10_20_S01,vPLC_container,VPLC_HOST,417,,,2026-05-09T16:30:14.593728798Z,,,,host_log,10,20,,,,,,1,32,,technical_check,vplc_status_cycle_duration_not_validated_as_Tper,0.070,100,работает
RUN_20260509_VPLC_L1_LIGHT_10_20_S01_R02,VPLC_L1_LIGHT_10_20,SER_20260509_VPLC_L1_LIGHT_10_20_S01,vPLC_container,VPLC_HOST,418,,,2026-05-09T16:30:15.645839952Z,,,,host_log,10,20,,,,,,1,32,,technical_check,vplc_status_cycle_duration_not_validated_as_Tper,0.037,100,работает
RUN_20260509_VPLC_L1_LIGHT_10_20_S01_R02,VPLC_L1_LIGHT_10_20,SER_20260509_VPLC_L1_LIGHT_10_20_S01,vPLC_container,VPLC_HOST,419,,,2026-05-09T16:30:16.706246041Z,,,,host_log,10,20,,,,,,1,32,,technical_check,vplc_status_cycle_duration_not_validated_as_Tper,0.069,100,работает
RUN_20260509_VPLC_L1_LIGHT_10_20_S01_R02,VPLC_L1_LIGHT_10_20,SER_20260509_VPLC_L1_LIGHT_10_20_S01,vPLC_container,VPLC_HOST,420,,,2026-05-09T16:30:17.760623300Z,,,,host_log,10,20,,,,,,1,32,,technical_check,vplc_status_cycle_duration_not_validated_as_Tper,0.071,100,работает
RUN_20260509_VPLC_L1_LIGHT_10_20_S01_R02,VPLC_L1_LIGHT_10_20,SER_20260509_VPLC_L1_LIGHT_10_20_S01,vPLC_container,VPLC_HOST,421,,,2026-05-09T16:30:18.817597839Z,,,,host_log,10,20,,,,,,1,32,,technical_check,vplc_status_cycle_duration_not_validated_as_Tper,0.070,100,работает
RUN_20260509_VPLC_L1_LIGHT_10_20_S01_R02,VPLC_L1_LIGHT_10_20,SER_20260509_VPLC_L1_LIGHT_10_20_S01,vPLC_container,VPLC_HOST,422,,,2026-05-09T16:30:19.872773114Z,,,,host_log,10,20,,,,,,1,32,,technical_check,vplc_status_cycle_duration_not_validated_as_Tper,0.070,100,работает
RUN_20260509_VPLC_L1_LIGHT_10_20_S01_R02,VPLC_L1_LIGHT_10_20,SER_20260509_VPLC_L1_LIGHT_10_20_S01,vPLC_container,VPLC_HOST,423,,,2026-05-09T16:30:20.924684710Z,,,,host_log,10,20,,,,,,1,32,,technical_check,vplc_status_cycle_duration_not_validated_as_Tper,0.070,100,работает
RUN_20260509_VPLC_L1_LIGHT_10_20_S01_R02,VPLC_L1_LIGHT_10_20,SER_20260509_VPLC_L1_LIGHT_10_20_S01,vPLC_container,VPLC_HOST,424,,,2026-05-09T16:30:21.981119903Z,,,,host_log,10,20,,,,,,1,32,,technical_check,vplc_status_cycle_duration_not_validated_as_Tper,0.069,100,работает
RUN_20260509_VPLC_L1_LIGHT_10_20_S01_R02,VPLC_L1_LIGHT_10_20,SER_20260509_VPLC_L1_LIGHT_10_20_S01,vPLC_container,VPLC_HOST,425,,,2026-05-09T16:30:23.039609436Z,,,,host_log,10,20,,,,,,1,32,,technical_check,vplc_status_cycle_duration_not_validated_as_Tper,0.049,100,работает
RUN_20260509_VPLC_L1_LIGHT_10_20_S01_R02,VPLC_L1_LIGHT_10_20,SER_20260509_VPLC_L1_LIGHT_10_20_S01,vPLC_container,VPLC_HOST,426,,,2026-05-09T16:30:24.092553707Z,,,,host_log,10,20,,,,,,1,32,,technical_check,vplc_status_cycle_duration_not_validated_as_Tper,0.069,100,работает
RUN_20260509_VPLC_L1_LIGHT_10_20_S01_R02,VPLC_L1_LIGHT_10_20,SER_20260509_VPLC_L1_LIGHT_10_20_S01,vPLC_container,VPLC_HOST,427,,,2026-05-09T16:30:25.149662775Z,,,,host_log,10,20,,,,,,1,32,,technical_check,vplc_status_cycle_duration_not_validated_as_Tper,0.028,100,работает
RUN_20260509_VPLC_L1_LIGHT_10_20_S01_R02,VPLC_L1_LIGHT_10_20,SER_20260509_VPLC_L1_LIGHT_10_20_S01,vPLC_container,VPLC_HOST,428,,,2026-05-09T16:30:26.201248803Z,,,,host_log,10,20,,,,,,1,32,,technical_check,vplc_status_cycle_duration_not_validated_as_Tper,0.071,100,работает
RUN_20260509_VPLC_L1_LIGHT_10_20_S01_R02,VPLC_L1_LIGHT_10_20,SER_20260509_VPLC_L1_LIGHT_10_20_S01,vPLC_container,VPLC_HOST,429,,,2026-05-09T16:30:27.256929969Z,,,,host_log,10,20,,,,,,1,32,,technical_check,vplc_status_cycle_duration_not_validated_as_Tper,0.041,100,работает
RUN_20260509_VPLC_L1_LIGHT_10_20_S01_R02,VPLC_L1_LIGHT_10_20,SER_20260509_VPLC_L1_LIGHT_10_20_S01,vPLC_container,VPLC_HOST,430,,,2026-05-09T16:30:28.313437063Z,,,,host_log,10,20,,,,,,1,32,,technical_check,vplc_status_cycle_duration_not_validated_as_Tper,0.069,100,работает
RUN_20260509_VPLC_L1_LIGHT_10_20_S01_R02,VPLC_L1_LIGHT_10_20,SER_20260509_VPLC_L1_LIGHT_10_20_S01,vPLC_container,VPLC_HOST,431,,,2026-05-09T16:30:29.371841998Z,,,,host_log,10,20,,,,,,1,32,,technical_check,vplc_status_cycle_duration_not_validated_as_Tper,5.013,100,работает
RUN_20260509_VPLC_L1_LIGHT_10_20_S01_R02,VPLC_L1_LIGHT_10_20,SER_20260509_VPLC_L1_LIGHT_10_20_S01,vPLC_container,VPLC_HOST,432,,,2026-05-09T16:30:30.425826849Z,,,,host_log,10,20,,,,,,1,32,,technical_check,vplc_status_cycle_duration_not_validated_as_Tper,0.048,100,работает
RUN_20260509_VPLC_L1_LIGHT_10_20_S01_R02,VPLC_L1_LIGHT_10_20,SER_20260509_VPLC_L1_LIGHT_10_20_S01,vPLC_container,VPLC_HOST,433,,,2026-05-09T16:30:31.479437859Z,,,,host_log,10,20,,,,,,1,32,,technical_check,vplc_status_cycle_duration_not_validated_as_Tper,0.069,100,работает
RUN_20260509_VPLC_L1_LIGHT_10_20_S01_R02,VPLC_L1_LIGHT_10_20,SER_20260509_VPLC_L1_LIGHT_10_20_S01,vPLC_container,VPLC_HOST,434,,,2026-05-09T16:30:32.535878051Z,,,,host_log,10,20,,,,,,1,32,,technical_check,vplc_status_cycle_duration_not_validated_as_Tper,0.051,100,работает
RUN_20260509_VPLC_L1_LIGHT_10_20_S01_R02,VPLC_L1_LIGHT_10_20,SER_20260509_VPLC_L1_LIGHT_10_20_S01,vPLC_container,VPLC_HOST,435,,,2026-05-09T16:30:33.591679303Z,,,,host_log,10,20,,,,,,1,32,,technical_check,vplc_status_cycle_duration_not_validated_as_Tper,0.071,100,работает
RUN_20260509_VPLC_L1_LIGHT_10_20_S01_R02,VPLC_L1_LIGHT_10_20,SER_20260509_VPLC_L1_LIGHT_10_20_S01,vPLC_container,VPLC_HOST,436,,,2026-05-09T16:30:34.646817826Z,,,,host_log,10,20,,,,,,1,32,,technical_check,vplc_status_cycle_duration_not_validated_as_Tper,0.039,100,работает
RUN_20260509_VPLC_L1_LIGHT_10_20_S01_R02,VPLC_L1_LIGHT_10_20,SER_20260509_VPLC_L1_LIGHT_10_20_S01,vPLC_container,VPLC_HOST,437,,,2026-05-09T16:30:35.701276624Z,,,,host_log,10,20,,,,,,1,32,,technical_check,vplc_status_cycle_duration_not_validated_as_Tper,0.068,100,работает
RUN_20260509_VPLC_L1_LIGHT_10_20_S01_R02,VPLC_L1_LIGHT_10_20,SER_20260509_VPLC_L1_LIGHT_10_20_S01,vPLC_container,VPLC_HOST,438,,,2026-05-09T16:30:36.757096120Z,,,,host_log,10,20,,,,,,1,32,,technical_check,vplc_status_cycle_duration_not_validated_as_Tper,0.042,100,работает
RUN_20260509_VPLC_L1_LIGHT_10_20_S01_R02,VPLC_L1_LIGHT_10_20,SER_20260509_VPLC_L1_LIGHT_10_20_S01,vPLC_container,VPLC_HOST,439,,,2026-05-09T16:30:37.813068787Z,,,,host_log,10,20,,,,,,1,32,,technical_check,vplc_status_cycle_duration_not_validated_as_Tper,0.069,100,работает
RUN_20260509_VPLC_L1_LIGHT_10_20_S01_R02,VPLC_L1_LIGHT_10_20,SER_20260509_VPLC_L1_LIGHT_10_20_S01,vPLC_container,VPLC_HOST,440,,,2026-05-09T16:30:38.868636412Z,,,,host_log,10,20,,,,,,1,32,,technical_check,vplc_status_cycle_duration_not_validated_as_Tper,0.070,100,работает
RUN_20260509_VPLC_L1_LIGHT_10_20_S01_R02,VPLC_L1_LIGHT_10_20,SER_20260509_VPLC_L1_LIGHT_10_20_S01,vPLC_container,VPLC_HOST,441,,,2026-05-09T16:30:39.924630698Z,,,,host_log,10,20,,,,,,1,32,,technical_check,vplc_status_cycle_duration_not_validated_as_Tper,0.050,100,работает
RUN_20260509_VPLC_L1_LIGHT_10_20_S01_R02,VPLC_L1_LIGHT_10_20,SER_20260509_VPLC_L1_LIGHT_10_20_S01,vPLC_container,VPLC_HOST,442,,,2026-05-09T16:30:40.975989914Z,,,,host_log,10,20,,,,,,1,32,,technical_check,vplc_status_cycle_duration_not_validated_as_Tper,0.070,100,работает
RUN_20260509_VPLC_L1_LIGHT_10_20_S01_R02,VPLC_L1_LIGHT_10_20,SER_20260509_VPLC_L1_LIGHT_10_20_S01,vPLC_container,VPLC_HOST,443,,,2026-05-09T16:30:42.031485919Z,,,,host_log,10,20,,,,,,1,32,,technical_check,vplc_status_cycle_duration_not_validated_as_Tper,0.069,100,работает
RUN_20260509_VPLC_L1_LIGHT_10_20_S01_R02,VPLC_L1_LIGHT_10_20,SER_20260509_VPLC_L1_LIGHT_10_20_S01,vPLC_container,VPLC_HOST,444,,,2026-05-09T16:30:43.082996163Z,,,,host_log,10,20,,,,,,1,32,,technical_check,vplc_status_cycle_duration_not_validated_as_Tper,0.070,100,работает
RUN_20260509_VPLC_L1_LIGHT_10_20_S01_R02,VPLC_L1_LIGHT_10_20,SER_20260509_VPLC_L1_LIGHT_10_20_S01,vPLC_container,VPLC_HOST,445,,,2026-05-09T16:30:44.145080626Z,,,,host_log,10,20,,,,,,1,32,,technical_check,vplc_status_cycle_duration_not_validated_as_Tper,0.044,100,работает
RUN_20260509_VPLC_L1_LIGHT_10_20_S01_R02,VPLC_L1_LIGHT_10_20,SER_20260509_VPLC_L1_LIGHT_10_20_S01,vPLC_container,VPLC_HOST,446,,,2026-05-09T16:30:45.201291386Z,,,,host_log,10,20,,,,,,1,32,,technical_check,vplc_status_cycle_duration_not_validated_as_Tper,0.069,100,работает
RUN_20260509_VPLC_L1_LIGHT_10_20_S01_R02,VPLC_L1_LIGHT_10_20,SER_20260509_VPLC_L1_LIGHT_10_20_S01,vPLC_container,VPLC_HOST,447,,,2026-05-09T16:30:46.255640753Z,,,,host_log,10,20,,,,,,1,32,,technical_check,vplc_status_cycle_duration_not_validated_as_Tper,0.043,100,работает
RUN_20260509_VPLC_L1_LIGHT_10_20_S01_R02,VPLC_L1_LIGHT_10_20,SER_20260509_VPLC_L1_LIGHT_10_20_S01,vPLC_container,VPLC_HOST,448,,,2026-05-09T16:30:47.308307798Z,,,,host_log,10,20,,,,,,1,32,,technical_check,vplc_status_cycle_duration_not_validated_as_Tper,0.070,100,работает
RUN_20260509_VPLC_L1_LIGHT_10_20_S01_R02,VPLC_L1_LIGHT_10_20,SER_20260509_VPLC_L1_LIGHT_10_20_S01,vPLC_container,VPLC_HOST,449,,,2026-05-09T16:30:48.366938776Z,,,,host_log,10,20,,,,,,1,32,,technical_check,vplc_status_cycle_duration_not_validated_as_Tper,4.723,100,работает
RUN_20260509_VPLC_L1_LIGHT_10_20_S01_R02,VPLC_L1_LIGHT_10_20,SER_20260509_VPLC_L1_LIGHT_10_20_S01,vPLC_container,VPLC_HOST,450,,,2026-05-09T16:30:49.418477581Z,,,,host_log,10,20,,,,,,1,32,,technical_check,vplc_status_cycle_duration_not_validated_as_Tper,4.786,100,работает
RUN_20260509_VPLC_L1_LIGHT_10_20_S01_R02,VPLC_L1_LIGHT_10_20,SER_20260509_VPLC_L1_LIGHT_10_20_S01,vPLC_container,VPLC_HOST,451,,,2026-05-09T16:30:50.476599054Z,,,,host_log,10,20,,,,,,1,32,,technical_check,vplc_status_cycle_duration_not_validated_as_Tper,0.069,100,работает
RUN_20260509_VPLC_L1_LIGHT_10_20_S01_R02,VPLC_L1_LIGHT_10_20,SER_20260509_VPLC_L1_LIGHT_10_20_S01,vPLC_container,VPLC_HOST,452,,,2026-05-09T16:30:51.532812267Z,,,,host_log,10,20,,,,,,1,32,,technical_check,vplc_status_cycle_duration_not_validated_as_Tper,0.068,100,работает
RUN_20260509_VPLC_L1_LIGHT_10_20_S01_R02,VPLC_L1_LIGHT_10_20,SER_20260509_VPLC_L1_LIGHT_10_20_S01,vPLC_container,VPLC_HOST,453,,,2026-05-09T16:30:52.585410423Z,,,,host_log,10,20,,,,,,1,32,,technical_check,vplc_status_cycle_duration_not_validated_as_Tper,0.069,100,работает
RUN_20260509_VPLC_L1_LIGHT_10_20_S01_R02,VPLC_L1_LIGHT_10_20,SER_20260509_VPLC_L1_LIGHT_10_20_S01,vPLC_container,VPLC_HOST,454,,,2026-05-09T16:30:53.640081525Z,,,,host_log,10,20,,,,,,1,32,,technical_check,vplc_status_cycle_duration_not_validated_as_Tper,0.049,100,работает
RUN_20260509_VPLC_L1_LIGHT_10_20_S01_R02,VPLC_L1_LIGHT_10_20,SER_20260509_VPLC_L1_LIGHT_10_20_S01,vPLC_container,VPLC_HOST,455,,,2026-05-09T16:30:54.697320233Z,,,,host_log,10,20,,,,,,1,32,,technical_check,vplc_status_cycle_duration_not_validated_as_Tper,0.069,100,работает
RUN_20260509_VPLC_L1_LIGHT_10_20_S01_R02,VPLC_L1_LIGHT_10_20,SER_20260509_VPLC_L1_LIGHT_10_20_S01,vPLC_container,VPLC_HOST,456,,,2026-05-09T16:30:55.750130899Z,,,,host_log,10,20,,,,,,1,32,,technical_check,vplc_status_cycle_duration_not_validated_as_Tper,0.028,100,работает
RUN_20260509_VPLC_L1_LIGHT_10_20_S01_R02,VPLC_L1_LIGHT_10_20,SER_20260509_VPLC_L1_LIGHT_10_20_S01,vPLC_container,VPLC_HOST,457,,,2026-05-09T16:30:56.808767364Z,,,,host_log,10,20,,,,,,1,32,,technical_check,vplc_status_cycle_duration_not_validated_as_Tper,0.070,100,работает
RUN_20260509_VPLC_L1_LIGHT_10_20_S01_R02,VPLC_L1_LIGHT_10_20,SER_20260509_VPLC_L1_LIGHT_10_20_S01,vPLC_container,VPLC_HOST,458,,,2026-05-09T16:30:57.863920139Z,,,,host_log,10,20,,,,,,1,32,,technical_check,vplc_status_cycle_duration_not_validated_as_Tper,0.070,100,работает
RUN_20260509_VPLC_L1_LIGHT_10_20_S01_R02,VPLC_L1_LIGHT_10_20,SER_20260509_VPLC_L1_LIGHT_10_20_S01,vPLC_container,VPLC_HOST,459,,,2026-05-09T16:30:58.921142213Z,,,,host_log,10,20,,,,,,1,32,,technical_check,vplc_status_cycle_duration_not_validated_as_Tper,0.066,100,работает
RUN_20260509_VPLC_L1_LIGHT_10_20_S01_R02,VPLC_L1_LIGHT_10_20,SER_20260509_VPLC_L1_LIGHT_10_20_S01,vPLC_container,VPLC_HOST,460,,,2026-05-09T16:30:59.975464656Z,,,,host_log,10,20,,,,,,1,32,,technical_check,vplc_status_cycle_duration_not_validated_as_Tper,0.070,100,работает
RUN_20260509_VPLC_L1_LIGHT_10_20_S01_R02,VPLC_L1_LIGHT_10_20,SER_20260509_VPLC_L1_LIGHT_10_20_S01,vPLC_container,VPLC_HOST,461,,,2026-05-09T16:31:01.028997853Z,,,,host_log,10,20,,,,,,1,32,,technical_check,vplc_status_cycle_duration_not_validated_as_Tper,0.050,100,работает
RUN_20260509_VPLC_L1_LIGHT_10_20_S01_R02,VPLC_L1_LIGHT_10_20,SER_20260509_VPLC_L1_LIGHT_10_20_S01,vPLC_container,VPLC_HOST,462,,,2026-05-09T16:31:02.084783509Z,,,,host_log,10,20,,,,,,1,32,,technical_check,vplc_status_cycle_duration_not_validated_as_Tper,0.070,100,работает
RUN_20260509_VPLC_L1_LIGHT_10_20_S01_R02,VPLC_L1_LIGHT_10_20,SER_20260509_VPLC_L1_LIGHT_10_20_S01,vPLC_container,VPLC_HOST,463,,,2026-05-09T16:31:03.142239428Z,,,,host_log,10,20,,,,,,1,32,,technical_check,vplc_status_cycle_duration_not_validated_as_Tper,0.048,100,работает
RUN_20260509_VPLC_L1_LIGHT_10_20_S01_R02,VPLC_L1_LIGHT_10_20,SER_20260509_VPLC_L1_LIGHT_10_20_S01,vPLC_container,VPLC_HOST,464,,,2026-05-09T16:31:04.193389732Z,,,,host_log,10,20,,,,,,1,32,,technical_check,vplc_status_cycle_duration_not_validated_as_Tper,0.070,100,работает
RUN_20260509_VPLC_L1_LIGHT_10_20_S01_R02,VPLC_L1_LIGHT_10_20,SER_20260509_VPLC_L1_LIGHT_10_20_S01,vPLC_container,VPLC_HOST,465,,,2026-05-09T16:31:05.252969850Z,,,,host_log,10,20,,,,,,1,32,,technical_check,vplc_status_cycle_duration_not_validated_as_Tper,0.036,100,работает
RUN_20260509_VPLC_L1_LIGHT_10_20_S01_R02,VPLC_L1_LIGHT_10_20,SER_20260509_VPLC_L1_LIGHT_10_20_S01,vPLC_container,VPLC_HOST,466,,,2026-05-09T16:31:06.308348750Z,,,,host_log,10,20,,,,,,1,32,,technical_check,vplc_status_cycle_duration_not_validated_as_Tper,0.071,100,работает
RUN_20260509_VPLC_L1_LIGHT_10_20_S01_R02,VPLC_L1_LIGHT_10_20,SER_20260509_VPLC_L1_LIGHT_10_20_S01,vPLC_container,VPLC_HOST,467,,,2026-05-09T16:31:07.361321471Z,,,,host_log,10,20,,,,,,1,32,,technical_check,vplc_status_cycle_duration_not_validated_as_Tper,4.569,100,работает
RUN_20260509_VPLC_L1_LIGHT_10_20_S01_R02,VPLC_L1_LIGHT_10_20,SER_20260509_VPLC_L1_LIGHT_10_20_S01,vPLC_container,VPLC_HOST,468,,,2026-05-09T16:31:08.418604843Z,,,,host_log,10,20,,,,,,1,32,,technical_check,vplc_status_cycle_duration_not_validated_as_Tper,4.985,100,работает
RUN_20260509_VPLC_L1_LIGHT_10_20_S01_R02,VPLC_L1_LIGHT_10_20,SER_20260509_VPLC_L1_LIGHT_10_20_S01,vPLC_container,VPLC_HOST,469,,,2026-05-09T16:31:09.473765184Z,,,,host_log,10,20,,,,,,1,32,,technical_check,vplc_status_cycle_duration_not_validated_as_Tper,0.070,100,работает
RUN_20260509_VPLC_L1_LIGHT_10_20_S01_R02,VPLC_L1_LIGHT_10_20,SER_20260509_VPLC_L1_LIGHT_10_20_S01,vPLC_container,VPLC_HOST,470,,,2026-05-09T16:31:10.527278828Z,,,,host_log,10,20,,,,,,1,32,,technical_check,vplc_status_cycle_duration_not_validated_as_Tper,0.049,100,работает
RUN_20260509_VPLC_L1_LIGHT_10_20_S01_R02,VPLC_L1_LIGHT_10_20,SER_20260509_VPLC_L1_LIGHT_10_20_S01,vPLC_container,VPLC_HOST,471,,,2026-05-09T16:31:11.584545845Z,,,,host_log,10,20,,,,,,1,32,,technical_check,vplc_status_cycle_duration_not_validated_as_Tper,0.069,100,работает
RUN_20260509_VPLC_L1_LIGHT_10_20_S01_R02,VPLC_L1_LIGHT_10_20,SER_20260509_VPLC_L1_LIGHT_10_20_S01,vPLC_container,VPLC_HOST,472,,,2026-05-09T16:31:12.639970462Z,,,,host_log,10,20,,,,,,1,32,,technical_check,vplc_status_cycle_duration_not_validated_as_Tper,0.051,100,работает
RUN_20260509_VPLC_L1_LIGHT_10_20_S01_R02,VPLC_L1_LIGHT_10_20,SER_20260509_VPLC_L1_LIGHT_10_20_S01,vPLC_container,VPLC_HOST,473,,,2026-05-09T16:31:13.695663533Z,,,,host_log,10,20,,,,,,1,32,,technical_check,vplc_status_cycle_duration_not_validated_as_Tper,0.071,100,работает
RUN_20260509_VPLC_L1_LIGHT_10_20_S01_R02,VPLC_L1_LIGHT_10_20,SER_20260509_VPLC_L1_LIGHT_10_20_S01,vPLC_container,VPLC_HOST,474,,,2026-05-09T16:31:14.751004943Z,,,,host_log,10,20,,,,,,1,32,,technical_check,vplc_status_cycle_duration_not_validated_as_Tper,0.027,100,работает
RUN_20260509_VPLC_L1_LIGHT_10_20_S01_R02,VPLC_L1_LIGHT_10_20,SER_20260509_VPLC_L1_LIGHT_10_20_S01,vPLC_container,VPLC_HOST,475,,,2026-05-09T16:31:15.806247667Z,,,,host_log,10,20,,,,,,1,32,,technical_check,vplc_status_cycle_duration_not_validated_as_Tper,0.068,100,работает
RUN_20260509_VPLC_L1_LIGHT_10_20_S01_R02,VPLC_L1_LIGHT_10_20,SER_20260509_VPLC_L1_LIGHT_10_20_S01,vPLC_container,VPLC_HOST,476,,,2026-05-09T16:31:16.858949955Z,,,,host_log,10,20,,,,,,1,32,,technical_check,vplc_status_cycle_duration_not_validated_as_Tper,0.053,100,работает
RUN_20260509_VPLC_L1_LIGHT_10_20_S01_R02,VPLC_L1_LIGHT_10_20,SER_20260509_VPLC_L1_LIGHT_10_20_S01,vPLC_container,VPLC_HOST,477,,,2026-05-09T16:31:17.913952886Z,,,,host_log,10,20,,,,,,1,32,,technical_check,vplc_status_cycle_duration_not_validated_as_Tper,0.071,100,работает
RUN_20260509_VPLC_L1_LIGHT_10_20_S01_R02,VPLC_L1_LIGHT_10_20,SER_20260509_VPLC_L1_LIGHT_10_20_S01,vPLC_container,VPLC_HOST,478,,,2026-05-09T16:31:18.969710716Z,,,,host_log,10,20,,,,,,1,32,,technical_check,vplc_status_cycle_duration_not_validated_as_Tper,0.067,100,работает
RUN_20260509_VPLC_L1_LIGHT_10_20_S01_R02,VPLC_L1_LIGHT_10_20,SER_20260509_VPLC_L1_LIGHT_10_20_S01,vPLC_container,VPLC_HOST,479,,,2026-05-09T16:31:20.024967442Z,,,,host_log,10,20,,,,,,1,32,,technical_check,vplc_status_cycle_duration_not_validated_as_Tper,0.049,100,работает
RUN_20260509_VPLC_L1_LIGHT_10_20_S01_R02,VPLC_L1_LIGHT_10_20,SER_20260509_VPLC_L1_LIGHT_10_20_S01,vPLC_container,VPLC_HOST,480,,,2026-05-09T16:31:21.082148223Z,,,,host_log,10,20,,,,,,1,32,,technical_check,vplc_status_cycle_duration_not_validated_as_Tper,0.070,100,работает
RUN_20260509_VPLC_L1_LIGHT_10_20_S01_R02,VPLC_L1_LIGHT_10_20,SER_20260509_VPLC_L1_LIGHT_10_20_S01,vPLC_container,VPLC_HOST,481,,,2026-05-09T16:31:22.138114834Z,,,,host_log,10,20,,,,,,1,32,,technical_check,vplc_status_cycle_duration_not_validated_as_Tper,0.048,100,работает
RUN_20260509_VPLC_L1_LIGHT_10_20_S01_R02,VPLC_L1_LIGHT_10_20,SER_20260509_VPLC_L1_LIGHT_10_20_S01,vPLC_container,VPLC_HOST,482,,,2026-05-09T16:31:23.193028821Z,,,,host_log,10,20,,,,,,1,32,,technical_check,vplc_status_cycle_duration_not_validated_as_Tper,0.068,100,работает
RUN_20260509_VPLC_L1_LIGHT_10_20_S01_R02,VPLC_L1_LIGHT_10_20,SER_20260509_VPLC_L1_LIGHT_10_20_S01,vPLC_container,VPLC_HOST,483,,,2026-05-09T16:31:24.248399745Z,,,,host_log,10,20,,,,,,1,32,,technical_check,vplc_status_cycle_duration_not_validated_as_Tper,0.035,100,работает
RUN_20260509_VPLC_L1_LIGHT_10_20_S01_R02,VPLC_L1_LIGHT_10_20,SER_20260509_VPLC_L1_LIGHT_10_20_S01,vPLC_container,VPLC_HOST,484,,,2026-05-09T16:31:25.303656478Z,,,,host_log,10,20,,,,,,1,32,,technical_check,vplc_status_cycle_duration_not_validated_as_Tper,0.070,100,работает
RUN_20260509_VPLC_L1_LIGHT_10_20_S01_R02,VPLC_L1_LIGHT_10_20,SER_20260509_VPLC_L1_LIGHT_10_20_S01,vPLC_container,VPLC_HOST,485,,,2026-05-09T16:31:26.356845849Z,,,,host_log,10,20,,,,,,1,32,,technical_check,vplc_status_cycle_duration_not_validated_as_Tper,3.963,100,работает
RUN_20260509_VPLC_L1_LIGHT_10_20_S01_R02,VPLC_L1_LIGHT_10_20,SER_20260509_VPLC_L1_LIGHT_10_20_S01,vPLC_container,VPLC_HOST,486,,,2026-05-09T16:31:27.414527682Z,,,,host_log,10,20,,,,,,1,32,,technical_check,vplc_status_cycle_duration_not_validated_as_Tper,4.717,100,работает
RUN_20260509_VPLC_L1_LIGHT_10_20_S01_R02,VPLC_L1_LIGHT_10_20,SER_20260509_VPLC_L1_LIGHT_10_20_S01,vPLC_container,VPLC_HOST,487,,,2026-05-09T16:31:28.469168437Z,,,,host_log,10,20,,,,,,1,32,,technical_check,vplc_status_cycle_duration_not_validated_as_Tper,0.071,100,работает
RUN_20260509_VPLC_L1_LIGHT_10_20_S01_R02,VPLC_L1_LIGHT_10_20,SER_20260509_VPLC_L1_LIGHT_10_20_S01,vPLC_container,VPLC_HOST,488,,,2026-05-09T16:31:29.522084950Z,,,,host_log,10,20,,,,,,1,32,,technical_check,vplc_status_cycle_duration_not_validated_as_Tper,0.070,100,работает
RUN_20260509_VPLC_L1_LIGHT_10_20_S01_R02,VPLC_L1_LIGHT_10_20,SER_20260509_VPLC_L1_LIGHT_10_20_S01,vPLC_container,VPLC_HOST,489,,,2026-05-09T16:31:30.578254423Z,,,,host_log,10,20,,,,,,1,32,,technical_check,vplc_status_cycle_duration_not_validated_as_Tper,0.069,100,работает
RUN_20260509_VPLC_L1_LIGHT_10_20_S01_R02,VPLC_L1_LIGHT_10_20,SER_20260509_VPLC_L1_LIGHT_10_20_S01,vPLC_container,VPLC_HOST,490,,,2026-05-09T16:31:31.634785694Z,,,,host_log,10,20,,,,,,1,32,,technical_check,vplc_status_cycle_duration_not_validated_as_Tper,0.050,100,работает
RUN_20260509_VPLC_L1_LIGHT_10_20_S01_R02,VPLC_L1_LIGHT_10_20,SER_20260509_VPLC_L1_LIGHT_10_20_S01,vPLC_container,VPLC_HOST,491,,,2026-05-09T16:31:32.690792923Z,,,,host_log,10,20,,,,,,1,32,,technical_check,vplc_status_cycle_duration_not_validated_as_Tper,0.069,100,работает
RUN_20260509_VPLC_L1_LIGHT_10_20_S01_R02,VPLC_L1_LIGHT_10_20,SER_20260509_VPLC_L1_LIGHT_10_20_S01,vPLC_container,VPLC_HOST,492,,,2026-05-09T16:31:33.745258181Z,,,,host_log,10,20,,,,,,1,32,,technical_check,vplc_status_cycle_duration_not_validated_as_Tper,0.052,100,работает
RUN_20260509_VPLC_L1_LIGHT_10_20_S01_R02,VPLC_L1_LIGHT_10_20,SER_20260509_VPLC_L1_LIGHT_10_20_S01,vPLC_container,VPLC_HOST,493,,,2026-05-09T16:31:34.801931191Z,,,,host_log,10,20,,,,,,1,32,,technical_check,vplc_status_cycle_duration_not_validated_as_Tper,0.070,100,работает
RUN_20260509_VPLC_L1_LIGHT_10_20_S01_R02,VPLC_L1_LIGHT_10_20,SER_20260509_VPLC_L1_LIGHT_10_20_S01,vPLC_container,VPLC_HOST,494,,,2026-05-09T16:31:35.856292854Z,,,,host_log,10,20,,,,,,1,32,,technical_check,vplc_status_cycle_duration_not_validated_as_Tper,0.045,100,работает
RUN_20260509_VPLC_L1_LIGHT_10_20_S01_R02,VPLC_L1_LIGHT_10_20,SER_20260509_VPLC_L1_LIGHT_10_20_S01,vPLC_container,VPLC_HOST,495,,,2026-05-09T16:31:36.912924719Z,,,,host_log,10,20,,,,,,1,32,,technical_check,vplc_status_cycle_duration_not_validated_as_Tper,0.069,100,работает
RUN_20260509_VPLC_L1_LIGHT_10_20_S01_R02,VPLC_L1_LIGHT_10_20,SER_20260509_VPLC_L1_LIGHT_10_20_S01,vPLC_container,VPLC_HOST,496,,,2026-05-09T16:31:37.964632610Z,,,,host_log,10,20,,,,,,1,32,,technical_check,vplc_status_cycle_duration_not_validated_as_Tper,0.070,100,работает
RUN_20260509_VPLC_L1_LIGHT_10_20_S01_R02,VPLC_L1_LIGHT_10_20,SER_20260509_VPLC_L1_LIGHT_10_20_S01,vPLC_container,VPLC_HOST,497,,,2026-05-09T16:31:39.022655712Z,,,,host_log,10,20,,,,,,1,32,,technical_check,vplc_status_cycle_duration_not_validated_as_Tper,0.048,100,работает
RUN_20260509_VPLC_L1_LIGHT_10_20_S01_R02,VPLC_L1_LIGHT_10_20,SER_20260509_VPLC_L1_LIGHT_10_20_S01,vPLC_container,VPLC_HOST,498,,,2026-05-09T16:31:40.075585215Z,,,,host_log,10,20,,,,,,1,32,,technical_check,vplc_status_cycle_duration_not_validated_as_Tper,0.069,100,работает
RUN_20260509_VPLC_L1_LIGHT_10_20_S01_R02,VPLC_L1_LIGHT_10_20,SER_20260509_VPLC_L1_LIGHT_10_20_S01,vPLC_container,VPLC_HOST,499,,,2026-05-09T16:31:41.133552775Z,,,,host_log,10,20,,,,,,1,32,,technical_check,vplc_status_cycle_duration_not_validated_as_Tper,0.049,100,работает
RUN_20260509_VPLC_L1_LIGHT_10_20_S01_R02,VPLC_L1_LIGHT_10_20,SER_20260509_VPLC_L1_LIGHT_10_20_S01,vPLC_container,VPLC_HOST,500,,,2026-05-09T16:31:42.188788816Z,,,,host_log,10,20,,,,,,1,32,,technical_check,vplc_status_cycle_duration_not_validated_as_Tper,0.070,100,работает
RUN_20260509_VPLC_L1_LIGHT_10_20_S01_R02,VPLC_L1_LIGHT_10_20,SER_20260509_VPLC_L1_LIGHT_10_20_S01,vPLC_container,VPLC_HOST,501,,,2026-05-09T16:31:43.244668687Z,,,,host_log,10,20,,,,,,1,32,,technical_check,vplc_status_cycle_duration_not_validated_as_Tper,0.044,100,работает
RUN_20260509_VPLC_L1_LIGHT_10_20_S01_R02,VPLC_L1_LIGHT_10_20,SER_20260509_VPLC_L1_LIGHT_10_20_S01,vPLC_container,VPLC_HOST,502,,,2026-05-09T16:31:44.299899909Z,,,,host_log,10,20,,,,,,1,32,,technical_check,vplc_status_cycle_duration_not_validated_as_Tper,0.067,100,работает
RUN_20260509_VPLC_L1_LIGHT_10_20_S01_R02,VPLC_L1_LIGHT_10_20,SER_20260509_VPLC_L1_LIGHT_10_20_S01,vPLC_container,VPLC_HOST,503,,,2026-05-09T16:31:45.353637968Z,,,,host_log,10,20,,,,,,1,32,,technical_check,vplc_status_cycle_duration_not_validated_as_Tper,3.637,100,работает
RUN_20260509_VPLC_L1_LIGHT_10_20_S01_R02,VPLC_L1_LIGHT_10_20,SER_20260509_VPLC_L1_LIGHT_10_20_S01,vPLC_container,VPLC_HOST,504,,,2026-05-09T16:31:46.409133835Z,,,,host_log,10,20,,,,,,1,32,,technical_check,vplc_status_cycle_duration_not_validated_as_Tper,4.837,100,работает
RUN_20260509_VPLC_L1_LIGHT_10_20_S01_R02,VPLC_L1_LIGHT_10_20,SER_20260509_VPLC_L1_LIGHT_10_20_S01,vPLC_container,VPLC_HOST,505,,,2026-05-09T16:31:47.461391304Z,,,,host_log,10,20,,,,,,1,32,,technical_check,vplc_status_cycle_duration_not_validated_as_Tper,0.069,100,работает
RUN_20260509_VPLC_L1_LIGHT_10_20_S01_R02,VPLC_L1_LIGHT_10_20,SER_20260509_VPLC_L1_LIGHT_10_20_S01,vPLC_container,VPLC_HOST,506,,,2026-05-09T16:31:48.519246288Z,,,,host_log,10,20,,,,,,1,32,,technical_check,vplc_status_cycle_duration_not_validated_as_Tper,0.069,100,работает
RUN_20260509_VPLC_L1_LIGHT_10_20_S01_R02,VPLC_L1_LIGHT_10_20,SER_20260509_VPLC_L1_LIGHT_10_20_S01,vPLC_container,VPLC_HOST,507,,,2026-05-09T16:31:49.573572822Z,,,,host_log,10,20,,,,,,1,32,,technical_check,vplc_status_cycle_duration_not_validated_as_Tper,0.069,100,работает
RUN_20260509_VPLC_L1_LIGHT_10_20_S01_R02,VPLC_L1_LIGHT_10_20,SER_20260509_VPLC_L1_LIGHT_10_20_S01,vPLC_container,VPLC_HOST,508,,,2026-05-09T16:31:50.631091866Z,,,,host_log,10,20,,,,,,1,32,,technical_check,vplc_status_cycle_duration_not_validated_as_Tper,0.048,100,работает
RUN_20260509_VPLC_L1_LIGHT_10_20_S01_R02,VPLC_L1_LIGHT_10_20,SER_20260509_VPLC_L1_LIGHT_10_20_S01,vPLC_container,VPLC_HOST,509,,,2026-05-09T16:31:51.686597769Z,,,,host_log,10,20,,,,,,1,32,,technical_check,vplc_status_cycle_duration_not_validated_as_Tper,0.069,100,работает
RUN_20260509_VPLC_L1_LIGHT_10_20_S01_R02,VPLC_L1_LIGHT_10_20,SER_20260509_VPLC_L1_LIGHT_10_20_S01,vPLC_container,VPLC_HOST,510,,,2026-05-09T16:31:52.741472415Z,,,,host_log,10,20,,,,,,1,32,,technical_check,vplc_status_cycle_duration_not_validated_as_Tper,0.051,100,работает
RUN_20260509_VPLC_L1_LIGHT_10_20_S01_R02,VPLC_L1_LIGHT_10_20,SER_20260509_VPLC_L1_LIGHT_10_20_S01,vPLC_container,VPLC_HOST,511,,,2026-05-09T16:31:53.796867146Z,,,,host_log,10,20,,,,,,1,32,,technical_check,vplc_status_cycle_duration_not_validated_as_Tper,0.072,100,работает
RUN_20260509_VPLC_L1_LIGHT_10_20_S01_R02,VPLC_L1_LIGHT_10_20,SER_20260509_VPLC_L1_LIGHT_10_20_S01,vPLC_container,VPLC_HOST,512,,,2026-05-09T16:31:54.852466596Z,,,,host_log,10,20,,,,,,1,32,,technical_check,vplc_status_cycle_duration_not_validated_as_Tper,0.031,100,работает
RUN_20260509_VPLC_L1_LIGHT_10_20_S01_R02,VPLC_L1_LIGHT_10_20,SER_20260509_VPLC_L1_LIGHT_10_20_S01,vPLC_container,VPLC_HOST,513,,,2026-05-09T16:31:55.907230198Z,,,,host_log,10,20,,,,,,1,32,,technical_check,vplc_status_cycle_duration_not_validated_as_Tper,0.068,100,работает
RUN_20260509_VPLC_L1_LIGHT_10_20_S01_R02,VPLC_L1_LIGHT_10_20,SER_20260509_VPLC_L1_LIGHT_10_20_S01,vPLC_container,VPLC_HOST,514,,,2026-05-09T16:31:56.961780161Z,,,,host_log,10,20,,,,,,1,32,,technical_check,vplc_status_cycle_duration_not_validated_as_Tper,0.068,100,работает
RUN_20260509_VPLC_L1_LIGHT_10_20_S01_R02,VPLC_L1_LIGHT_10_20,SER_20260509_VPLC_L1_LIGHT_10_20_S01,vPLC_container,VPLC_HOST,515,,,2026-05-09T16:31:58.016715088Z,,,,host_log,10,20,,,,,,1,32,,technical_check,vplc_status_cycle_duration_not_validated_as_Tper,0.068,100,работает
RUN_20260509_VPLC_L1_LIGHT_10_20_S01_R02,VPLC_L1_LIGHT_10_20,SER_20260509_VPLC_L1_LIGHT_10_20_S01,vPLC_container,VPLC_HOST,516,,,2026-05-09T16:31:59.074534100Z,,,,host_log,10,20,,,,,,1,32,,technical_check,vplc_status_cycle_duration_not_validated_as_Tper,0.069,100,работает
RUN_20260509_VPLC_L1_LIGHT_10_20_S01_R02,VPLC_L1_LIGHT_10_20,SER_20260509_VPLC_L1_LIGHT_10_20_S01,vPLC_container,VPLC_HOST,517,,,2026-05-09T16:32:00.125749671Z,,,,host_log,10,20,,,,,,1,32,,technical_check,vplc_status_cycle_duration_not_validated_as_Tper,0.069,100,работает
RUN_20260509_VPLC_L1_LIGHT_10_20_S01_R02,VPLC_L1_LIGHT_10_20,SER_20260509_VPLC_L1_LIGHT_10_20_S01,vPLC_container,VPLC_HOST,518,,,2026-05-09T16:32:01.185109811Z,,,,host_log,10,20,,,,,,1,32,,technical_check,vplc_status_cycle_duration_not_validated_as_Tper,0.060,100,работает
RUN_20260509_VPLC_L1_LIGHT_10_20_S01_R02,VPLC_L1_LIGHT_10_20,SER_20260509_VPLC_L1_LIGHT_10_20_S01,vPLC_container,VPLC_HOST,519,,,2026-05-09T16:32:02.237558777Z,,,,host_log,10,20,,,,,,1,32,,technical_check,vplc_status_cycle_duration_not_validated_as_Tper,0.047,100,работает
RUN_20260509_VPLC_L1_LIGHT_10_20_S01_R02,VPLC_L1_LIGHT_10_20,SER_20260509_VPLC_L1_LIGHT_10_20_S01,vPLC_container,VPLC_HOST,520,,,2026-05-09T16:32:03.296611808Z,,,,host_log,10,20,,,,,,1,32,,technical_check,vplc_status_cycle_duration_not_validated_as_Tper,0.070,100,работает
RUN_20260509_VPLC_L1_LIGHT_10_20_S01_R02,VPLC_L1_LIGHT_10_20,SER_20260509_VPLC_L1_LIGHT_10_20_S01,vPLC_container,VPLC_HOST,521,,,2026-05-09T16:32:04.350019039Z,,,,host_log,10,20,,,,,,1,32,,technical_check,vplc_status_cycle_duration_not_validated_as_Tper,3.965,100,работает
RUN_20260509_VPLC_L1_LIGHT_10_20_S01_R02,VPLC_L1_LIGHT_10_20,SER_20260509_VPLC_L1_LIGHT_10_20_S01,vPLC_container,VPLC_HOST,522,,,2026-05-09T16:32:05.404667862Z,,,,host_log,10,20,,,,,,1,32,,technical_check,vplc_status_cycle_duration_not_validated_as_Tper,5.044,100,работает
RUN_20260509_VPLC_L1_LIGHT_10_20_S01_R02,VPLC_L1_LIGHT_10_20,SER_20260509_VPLC_L1_LIGHT_10_20_S01,vPLC_container,VPLC_HOST,523,,,2026-05-09T16:32:06.461523911Z,,,,host_log,10,20,,,,,,1,32,,technical_check,vplc_status_cycle_duration_not_validated_as_Tper,0.069,100,работает
RUN_20260509_VPLC_L1_LIGHT_10_20_S01_R02,VPLC_L1_LIGHT_10_20,SER_20260509_VPLC_L1_LIGHT_10_20_S01,vPLC_container,VPLC_HOST,524,,,2026-05-09T16:32:07.516084281Z,,,,host_log,10,20,,,,,,1,32,,technical_check,vplc_status_cycle_duration_not_validated_as_Tper,0.070,100,работает
RUN_20260509_VPLC_L1_LIGHT_10_20_S01_R02,VPLC_L1_LIGHT_10_20,SER_20260509_VPLC_L1_LIGHT_10_20_S01,vPLC_container,VPLC_HOST,525,,,2026-05-09T16:32:08.572285941Z,,,,host_log,10,20,,,,,,1,32,,technical_check,vplc_status_cycle_duration_not_validated_as_Tper,0.071,100,работает
RUN_20260509_VPLC_L1_LIGHT_10_20_S01_R02,VPLC_L1_LIGHT_10_20,SER_20260509_VPLC_L1_LIGHT_10_20_S01,vPLC_container,VPLC_HOST,526,,,2026-05-09T16:32:09.628112056Z,,,,host_log,10,20,,,,,,1,32,,technical_check,vplc_status_cycle_duration_not_validated_as_Tper,0.066,100,работает
RUN_20260509_VPLC_L1_LIGHT_10_20_S01_R02,VPLC_L1_LIGHT_10_20,SER_20260509_VPLC_L1_LIGHT_10_20_S01,vPLC_container,VPLC_HOST,527,,,2026-05-09T16:32:10.683522493Z,,,,host_log,10,20,,,,,,1,32,,technical_check,vplc_status_cycle_duration_not_validated_as_Tper,0.069,100,работает
RUN_20260509_VPLC_L1_LIGHT_10_20_S01_R02,VPLC_L1_LIGHT_10_20,SER_20260509_VPLC_L1_LIGHT_10_20_S01,vPLC_container,VPLC_HOST,528,,,2026-05-09T16:32:11.736246115Z,,,,host_log,10,20,,,,,,1,32,,technical_check,vplc_status_cycle_duration_not_validated_as_Tper,0.051,100,работает
RUN_20260509_VPLC_L1_LIGHT_10_20_S01_R02,VPLC_L1_LIGHT_10_20,SER_20260509_VPLC_L1_LIGHT_10_20_S01,vPLC_container,VPLC_HOST,529,,,2026-05-09T16:32:12.790064951Z,,,,host_log,10,20,,,,,,1,32,,technical_check,vplc_status_cycle_duration_not_validated_as_Tper,0.071,100,работает
RUN_20260509_VPLC_L1_LIGHT_10_20_S01_R02,VPLC_L1_LIGHT_10_20,SER_20260509_VPLC_L1_LIGHT_10_20_S01,vPLC_container,VPLC_HOST,530,,,2026-05-09T16:32:13.845663792Z,,,,host_log,10,20,,,,,,1,32,,technical_check,vplc_status_cycle_duration_not_validated_as_Tper,0.045,100,работает
RUN_20260509_VPLC_L1_LIGHT_10_20_S01_R02,VPLC_L1_LIGHT_10_20,SER_20260509_VPLC_L1_LIGHT_10_20_S01,vPLC_container,VPLC_HOST,531,,,2026-05-09T16:32:14.901649182Z,,,,host_log,10,20,,,,,,1,32,,technical_check,vplc_status_cycle_duration_not_validated_as_Tper,0.070,100,работает
RUN_20260509_VPLC_L1_LIGHT_10_20_S01_R02,VPLC_L1_LIGHT_10_20,SER_20260509_VPLC_L1_LIGHT_10_20_S01,vPLC_container,VPLC_HOST,532,,,2026-05-09T16:32:15.959832111Z,,,,host_log,10,20,,,,,,1,32,,technical_check,vplc_status_cycle_duration_not_validated_as_Tper,0.054,100,работает
RUN_20260509_VPLC_L1_LIGHT_10_20_S01_R02,VPLC_L1_LIGHT_10_20,SER_20260509_VPLC_L1_LIGHT_10_20_S01,vPLC_container,VPLC_HOST,533,,,2026-05-09T16:32:17.010662794Z,,,,host_log,10,20,,,,,,1,32,,technical_check,vplc_status_cycle_duration_not_validated_as_Tper,0.069,100,работает
RUN_20260509_VPLC_L1_LIGHT_10_20_S01_R02,VPLC_L1_LIGHT_10_20,SER_20260509_VPLC_L1_LIGHT_10_20_S01,vPLC_container,VPLC_HOST,534,,,2026-05-09T16:32:18.067498918Z,,,,host_log,10,20,,,,,,1,32,,technical_check,vplc_status_cycle_duration_not_validated_as_Tper,0.071,100,работает
RUN_20260509_VPLC_L1_LIGHT_10_20_S01_R02,VPLC_L1_LIGHT_10_20,SER_20260509_VPLC_L1_LIGHT_10_20_S01,vPLC_container,VPLC_HOST,535,,,2026-05-09T16:32:19.123436097Z,,,,host_log,10,20,,,,,,1,32,,technical_check,vplc_status_cycle_duration_not_validated_as_Tper,0.050,100,работает
RUN_20260509_VPLC_L1_LIGHT_10_20_S01_R02,VPLC_L1_LIGHT_10_20,SER_20260509_VPLC_L1_LIGHT_10_20_S01,vPLC_container,VPLC_HOST,536,,,2026-05-09T16:32:20.180473657Z,,,,host_log,10,20,,,,,,1,32,,technical_check,vplc_status_cycle_duration_not_validated_as_Tper,0.069,100,работает
RUN_20260509_VPLC_L1_LIGHT_10_20_S01_R02,VPLC_L1_LIGHT_10_20,SER_20260509_VPLC_L1_LIGHT_10_20_S01,vPLC_container,VPLC_HOST,537,,,2026-05-09T16:32:21.235746386Z,,,,host_log,10,20,,,,,,1,32,,technical_check,vplc_status_cycle_duration_not_validated_as_Tper,0.049,100,работает
RUN_20260509_VPLC_L1_LIGHT_10_20_S01_R02,VPLC_L1_LIGHT_10_20,SER_20260509_VPLC_L1_LIGHT_10_20_S01,vPLC_container,VPLC_HOST,538,,,2026-05-09T16:32:22.292314547Z,,,,host_log,10,20,,,,,,1,32,,technical_check,vplc_status_cycle_duration_not_validated_as_Tper,0.069,100,работает
RUN_20260509_VPLC_L1_LIGHT_10_20_S01_R02,VPLC_L1_LIGHT_10_20,SER_20260509_VPLC_L1_LIGHT_10_20_S01,vPLC_container,VPLC_HOST,539,,,2026-05-09T16:32:23.347729830Z,,,,host_log,10,20,,,,,,1,32,,technical_check,vplc_status_cycle_duration_not_validated_as_Tper,3.622,100,работает
RUN_20260509_VPLC_L1_LIGHT_10_20_S01_R02,VPLC_L1_LIGHT_10_20,SER_20260509_VPLC_L1_LIGHT_10_20_S01,vPLC_container,VPLC_HOST,540,,,2026-05-09T16:32:24.402716248Z,,,,host_log,10,20,,,,,,1,32,,technical_check,vplc_status_cycle_duration_not_validated_as_Tper,4.756,100,работает
RUN_20260509_VPLC_L1_LIGHT_10_20_S01_R02,VPLC_L1_LIGHT_10_20,SER_20260509_VPLC_L1_LIGHT_10_20_S01,vPLC_container,VPLC_HOST,541,,,2026-05-09T16:32:25.457255169Z,,,,host_log,10,20,,,,,,1,32,,technical_check,vplc_status_cycle_duration_not_validated_as_Tper,0.043,100,работает
RUN_20260509_VPLC_L1_LIGHT_10_20_S01_R02,VPLC_L1_LIGHT_10_20,SER_20260509_VPLC_L1_LIGHT_10_20_S01,vPLC_container,VPLC_HOST,542,,,2026-05-09T16:32:26.509671549Z,,,,host_log,10,20,,,,,,1,32,,technical_check,vplc_status_cycle_duration_not_validated_as_Tper,0.069,100,работает
RUN_20260509_VPLC_L1_LIGHT_10_20_S01_R02,VPLC_L1_LIGHT_10_20,SER_20260509_VPLC_L1_LIGHT_10_20_S01,vPLC_container,VPLC_HOST,543,,,2026-05-09T16:32:27.568522598Z,,,,host_log,10,20,,,,,,1,32,,technical_check,vplc_status_cycle_duration_not_validated_as_Tper,0.069,100,работает
RUN_20260509_VPLC_L1_LIGHT_10_20_S01_R02,VPLC_L1_LIGHT_10_20,SER_20260509_VPLC_L1_LIGHT_10_20_S01,vPLC_container,VPLC_HOST,544,,,2026-05-09T16:32:28.622107387Z,,,,host_log,10,20,,,,,,1,32,,technical_check,vplc_status_cycle_duration_not_validated_as_Tper,0.069,100,работает
RUN_20260509_VPLC_L1_LIGHT_10_20_S01_R02,VPLC_L1_LIGHT_10_20,SER_20260509_VPLC_L1_LIGHT_10_20_S01,vPLC_container,VPLC_HOST,545,,,2026-05-09T16:32:29.677389139Z,,,,host_log,10,20,,,,,,1,32,,technical_check,vplc_status_cycle_duration_not_validated_as_Tper,0.068,100,работает
RUN_20260509_VPLC_L1_LIGHT_10_20_S01_R02,VPLC_L1_LIGHT_10_20,SER_20260509_VPLC_L1_LIGHT_10_20_S01,vPLC_container,VPLC_HOST,546,,,2026-05-09T16:32:30.734703576Z,,,,host_log,10,20,,,,,,1,32,,technical_check,vplc_status_cycle_duration_not_validated_as_Tper,0.049,100,работает
RUN_20260509_VPLC_L1_LIGHT_10_20_S01_R02,VPLC_L1_LIGHT_10_20,SER_20260509_VPLC_L1_LIGHT_10_20_S01,vPLC_container,VPLC_HOST,547,,,2026-05-09T16:32:31.788169019Z,,,,host_log,10,20,,,,,,1,32,,technical_check,vplc_status_cycle_duration_not_validated_as_Tper,0.069,100,работает
RUN_20260509_VPLC_L1_LIGHT_10_20_S01_R02,VPLC_L1_LIGHT_10_20,SER_20260509_VPLC_L1_LIGHT_10_20_S01,vPLC_container,VPLC_HOST,548,,,2026-05-09T16:32:32.845688690Z,,,,host_log,10,20,,,,,,1,32,,technical_check,vplc_status_cycle_duration_not_validated_as_Tper,0.043,100,работает
RUN_20260509_VPLC_L1_LIGHT_10_20_S01_R02,VPLC_L1_LIGHT_10_20,SER_20260509_VPLC_L1_LIGHT_10_20_S01,vPLC_container,VPLC_HOST,549,,,2026-05-09T16:32:33.898126802Z,,,,host_log,10,20,,,,,,1,32,,technical_check,vplc_status_cycle_duration_not_validated_as_Tper,0.071,100,работает
RUN_20260509_VPLC_L1_LIGHT_10_20_S01_R02,VPLC_L1_LIGHT_10_20,SER_20260509_VPLC_L1_LIGHT_10_20_S01,vPLC_container,VPLC_HOST,550,,,2026-05-09T16:32:34.956296979Z,,,,host_log,10,20,,,,,,1,32,,technical_check,vplc_status_cycle_duration_not_validated_as_Tper,0.045,100,работает
RUN_20260509_VPLC_L1_LIGHT_10_20_S01_R02,VPLC_L1_LIGHT_10_20,SER_20260509_VPLC_L1_LIGHT_10_20_S01,vPLC_container,VPLC_HOST,551,,,2026-05-09T16:32:36.010822238Z,,,,host_log,10,20,,,,,,1,32,,technical_check,vplc_status_cycle_duration_not_validated_as_Tper,0.070,100,работает
RUN_20260509_VPLC_L1_LIGHT_10_20_S01_R02,VPLC_L1_LIGHT_10_20,SER_20260509_VPLC_L1_LIGHT_10_20_S01,vPLC_container,VPLC_HOST,552,,,2026-05-09T16:32:37.066739743Z,,,,host_log,10,20,,,,,,1,32,,technical_check,vplc_status_cycle_duration_not_validated_as_Tper,0.070,100,работает
RUN_20260509_VPLC_L1_LIGHT_10_20_S01_R02,VPLC_L1_LIGHT_10_20,SER_20260509_VPLC_L1_LIGHT_10_20_S01,vPLC_container,VPLC_HOST,553,,,2026-05-09T16:32:38.122758110Z,,,,host_log,10,20,,,,,,1,32,,technical_check,vplc_status_cycle_duration_not_validated_as_Tper,0.050,100,работает
RUN_20260509_VPLC_L1_LIGHT_10_20_S01_R02,VPLC_L1_LIGHT_10_20,SER_20260509_VPLC_L1_LIGHT_10_20_S01,vPLC_container,VPLC_HOST,554,,,2026-05-09T16:32:39.174337811Z,,,,host_log,10,20,,,,,,1,32,,technical_check,vplc_status_cycle_duration_not_validated_as_Tper,0.070,100,работает
RUN_20260509_VPLC_L1_LIGHT_10_20_S01_R02,VPLC_L1_LIGHT_10_20,SER_20260509_VPLC_L1_LIGHT_10_20_S01,vPLC_container,VPLC_HOST,555,,,2026-05-09T16:32:40.232535527Z,,,,host_log,10,20,,,,,,1,32,,technical_check,vplc_status_cycle_duration_not_validated_as_Tper,0.049,100,работает
RUN_20260509_VPLC_L1_LIGHT_10_20_S01_R02,VPLC_L1_LIGHT_10_20,SER_20260509_VPLC_L1_LIGHT_10_20_S01,vPLC_container,VPLC_HOST,556,,,2026-05-09T16:32:41.287313606Z,,,,host_log,10,20,,,,,,1,32,,technical_check,vplc_status_cycle_duration_not_validated_as_Tper,0.071,100,работает
RUN_20260509_VPLC_L1_LIGHT_10_20_S01_R02,VPLC_L1_LIGHT_10_20,SER_20260509_VPLC_L1_LIGHT_10_20_S01,vPLC_container,VPLC_HOST,557,,,2026-05-09T16:32:42.343941729Z,,,,host_log,10,20,,,,,,1,32,,technical_check,vplc_status_cycle_duration_not_validated_as_Tper,4.884,100,работает
RUN_20260509_VPLC_L1_LIGHT_10_20_S01_R02,VPLC_L1_LIGHT_10_20,SER_20260509_VPLC_L1_LIGHT_10_20_S01,vPLC_container,VPLC_HOST,558,,,2026-05-09T16:32:43.398209307Z,,,,host_log,10,20,,,,,,1,32,,technical_check,vplc_status_cycle_duration_not_validated_as_Tper,4.775,100,работает
RUN_20260509_VPLC_L1_LIGHT_10_20_S01_R02,VPLC_L1_LIGHT_10_20,SER_20260509_VPLC_L1_LIGHT_10_20_S01,vPLC_container,VPLC_HOST,559,,,2026-05-09T16:32:44.453287481Z,,,,host_log,10,20,,,,,,1,32,,technical_check,vplc_status_cycle_duration_not_validated_as_Tper,0.033,100,работает
RUN_20260509_VPLC_L1_LIGHT_10_20_S01_R02,VPLC_L1_LIGHT_10_20,SER_20260509_VPLC_L1_LIGHT_10_20_S01,vPLC_container,VPLC_HOST,560,,,2026-05-09T16:32:45.509172049Z,,,,host_log,10,20,,,,,,1,32,,technical_check,vplc_status_cycle_duration_not_validated_as_Tper,0.070,100,работает
RUN_20260509_VPLC_L1_LIGHT_10_20_S01_R02,VPLC_L1_LIGHT_10_20,SER_20260509_VPLC_L1_LIGHT_10_20_S01,vPLC_container,VPLC_HOST,561,,,2026-05-09T16:32:46.562341596Z,,,,host_log,10,20,,,,,,1,32,,technical_check,vplc_status_cycle_duration_not_validated_as_Tper,0.069,100,работает
RUN_20260509_VPLC_L1_LIGHT_10_20_S01_R02,VPLC_L1_LIGHT_10_20,SER_20260509_VPLC_L1_LIGHT_10_20_S01,vPLC_container,VPLC_HOST,562,,,2026-05-09T16:32:47.618132423Z,,,,host_log,10,20,,,,,,1,32,,technical_check,vplc_status_cycle_duration_not_validated_as_Tper,0.070,100,работает
RUN_20260509_VPLC_L1_LIGHT_10_20_S01_R02,VPLC_L1_LIGHT_10_20,SER_20260509_VPLC_L1_LIGHT_10_20_S01,vPLC_container,VPLC_HOST,563,,,2026-05-09T16:32:48.674829340Z,,,,host_log,10,20,,,,,,1,32,,technical_check,vplc_status_cycle_duration_not_validated_as_Tper,0.069,100,работает
RUN_20260509_VPLC_L1_LIGHT_10_20_S01_R02,VPLC_L1_LIGHT_10_20,SER_20260509_VPLC_L1_LIGHT_10_20_S01,vPLC_container,VPLC_HOST,564,,,2026-05-09T16:32:49.729017079Z,,,,host_log,10,20,,,,,,1,32,,technical_check,vplc_status_cycle_duration_not_validated_as_Tper,0.069,100,работает
RUN_20260509_VPLC_L1_LIGHT_10_20_S01_R02,VPLC_L1_LIGHT_10_20,SER_20260509_VPLC_L1_LIGHT_10_20_S01,vPLC_container,VPLC_HOST,565,,,2026-05-09T16:32:50.785923889Z,,,,host_log,10,20,,,,,,1,32,,technical_check,vplc_status_cycle_duration_not_validated_as_Tper,0.069,100,работает
RUN_20260509_VPLC_L1_LIGHT_10_20_S01_R02,VPLC_L1_LIGHT_10_20,SER_20260509_VPLC_L1_LIGHT_10_20_S01,vPLC_container,VPLC_HOST,566,,,2026-05-09T16:32:51.841701373Z,,,,host_log,10,20,,,,,,1,32,,technical_check,vplc_status_cycle_duration_not_validated_as_Tper,0.050,100,работает
RUN_20260509_VPLC_L1_LIGHT_10_20_S01_R02,VPLC_L1_LIGHT_10_20,SER_20260509_VPLC_L1_LIGHT_10_20_S01,vPLC_container,VPLC_HOST,567,,,2026-05-09T16:32:52.896640841Z,,,,host_log,10,20,,,,,,1,32,,technical_check,vplc_status_cycle_duration_not_validated_as_Tper,0.070,100,работает
RUN_20260509_VPLC_L1_LIGHT_10_20_S01_R02,VPLC_L1_LIGHT_10_20,SER_20260509_VPLC_L1_LIGHT_10_20_S01,vPLC_container,VPLC_HOST,568,,,2026-05-09T16:32:53.952056205Z,,,,host_log,10,20,,,,,,1,32,,technical_check,vplc_status_cycle_duration_not_validated_as_Tper,0.028,100,работает
RUN_20260509_VPLC_L1_LIGHT_10_20_S01_R02,VPLC_L1_LIGHT_10_20,SER_20260509_VPLC_L1_LIGHT_10_20_S01,vPLC_container,VPLC_HOST,569,,,2026-05-09T16:32:55.004466772Z,,,,host_log,10,20,,,,,,1,32,,technical_check,vplc_status_cycle_duration_not_validated_as_Tper,0.070,100,работает
RUN_20260509_VPLC_L1_LIGHT_10_20_S01_R02,VPLC_L1_LIGHT_10_20,SER_20260509_VPLC_L1_LIGHT_10_20_S01,vPLC_container,VPLC_HOST,570,,,2026-05-09T16:32:56.061897139Z,,,,host_log,10,20,,,,,,1,32,,technical_check,vplc_status_cycle_duration_not_validated_as_Tper,0.069,100,работает
RUN_20260509_VPLC_L1_LIGHT_10_20_S01_R02,VPLC_L1_LIGHT_10_20,SER_20260509_VPLC_L1_LIGHT_10_20_S01,vPLC_container,VPLC_HOST,571,,,2026-05-09T16:32:57.115218368Z,,,,host_log,10,20,,,,,,1,32,,technical_check,vplc_status_cycle_duration_not_validated_as_Tper,0.070,100,работает
RUN_20260509_VPLC_L1_LIGHT_10_20_S01_R02,VPLC_L1_LIGHT_10_20,SER_20260509_VPLC_L1_LIGHT_10_20_S01,vPLC_container,VPLC_HOST,572,,,2026-05-09T16:32:58.170534301Z,,,,host_log,10,20,,,,,,1,32,,technical_check,vplc_status_cycle_duration_not_validated_as_Tper,0.069,100,работает
RUN_20260509_VPLC_L1_LIGHT_10_20_S01_R02,VPLC_L1_LIGHT_10_20,SER_20260509_VPLC_L1_LIGHT_10_20_S01,vPLC_container,VPLC_HOST,573,,,2026-05-09T16:32:59.226473016Z,,,,host_log,10,20,,,,,,1,32,,technical_check,vplc_status_cycle_duration_not_validated_as_Tper,0.050,100,работает
RUN_20260509_VPLC_L1_LIGHT_10_20_S01_R02,VPLC_L1_LIGHT_10_20,SER_20260509_VPLC_L1_LIGHT_10_20_S01,vPLC_container,VPLC_HOST,574,,,2026-05-09T16:33:00.281555224Z,,,,host_log,10,20,,,,,,1,32,,technical_check,vplc_status_cycle_duration_not_validated_as_Tper,0.069,100,работает
RUN_20260509_VPLC_L1_LIGHT_10_20_S01_R02,VPLC_L1_LIGHT_10_20,SER_20260509_VPLC_L1_LIGHT_10_20_S01,vPLC_container,VPLC_HOST,575,,,2026-05-09T16:33:01.336763482Z,,,,host_log,10,20,,,,,,1,32,,technical_check,vplc_status_cycle_duration_not_validated_as_Tper,4.526,100,работает
RUN_20260509_VPLC_L1_LIGHT_10_20_S01_R02,VPLC_L1_LIGHT_10_20,SER_20260509_VPLC_L1_LIGHT_10_20_S01,vPLC_container,VPLC_HOST,576,,,2026-05-09T16:33:02.394049310Z,,,,host_log,10,20,,,,,,1,32,,technical_check,vplc_status_cycle_duration_not_validated_as_Tper,5.031,100,работает
RUN_20260509_VPLC_L1_LIGHT_10_20_S01_R02,VPLC_L1_LIGHT_10_20,SER_20260509_VPLC_L1_LIGHT_10_20_S01,vPLC_container,VPLC_HOST,577,,,2026-05-09T16:33:03.448546101Z,,,,host_log,10,20,,,,,,1,32,,technical_check,vplc_status_cycle_duration_not_validated_as_Tper,0.034,100,работает
RUN_20260509_VPLC_L1_LIGHT_10_20_S01_R02,VPLC_L1_LIGHT_10_20,SER_20260509_VPLC_L1_LIGHT_10_20_S01,vPLC_container,VPLC_HOST,578,,,2026-05-09T16:33:04.505211999Z,,,,host_log,10,20,,,,,,1,32,,technical_check,vplc_status_cycle_duration_not_validated_as_Tper,0.068,100,работает
RUN_20260509_VPLC_L1_LIGHT_10_20_S01_R02,VPLC_L1_LIGHT_10_20,SER_20260509_VPLC_L1_LIGHT_10_20_S01,vPLC_container,VPLC_HOST,579,,,2026-05-09T16:33:05.558850007Z,,,,host_log,10,20,,,,,,1,32,,technical_check,vplc_status_cycle_duration_not_validated_as_Tper,0.054,100,работает
RUN_20260509_VPLC_L1_LIGHT_10_20_S01_R02,VPLC_L1_LIGHT_10_20,SER_20260509_VPLC_L1_LIGHT_10_20_S01,vPLC_container,VPLC_HOST,580,,,2026-05-09T16:33:06.616843204Z,,,,host_log,10,20,,,,,,1,32,,technical_check,vplc_status_cycle_duration_not_validated_as_Tper,0.068,100,работает
RUN_20260509_VPLC_L1_LIGHT_10_20_S01_R02,VPLC_L1_LIGHT_10_20,SER_20260509_VPLC_L1_LIGHT_10_20_S01,vPLC_container,VPLC_HOST,581,,,2026-05-09T16:33:07.667800144Z,,,,host_log,10,20,,,,,,1,32,,technical_check,vplc_status_cycle_duration_not_validated_as_Tper,0.071,100,работает
RUN_20260509_VPLC_L1_LIGHT_10_20_S01_R02,VPLC_L1_LIGHT_10_20,SER_20260509_VPLC_L1_LIGHT_10_20_S01,vPLC_container,VPLC_HOST,582,,,2026-05-09T16:33:08.726858641Z,,,,host_log,10,20,,,,,,1,32,,technical_check,vplc_status_cycle_duration_not_validated_as_Tper,0.050,100,работает
RUN_20260509_VPLC_L1_LIGHT_10_20_S01_R02,VPLC_L1_LIGHT_10_20,SER_20260509_VPLC_L1_LIGHT_10_20_S01,vPLC_container,VPLC_HOST,583,,,2026-05-09T16:33:09.780042467Z,,,,host_log,10,20,,,,,,1,32,,technical_check,vplc_status_cycle_duration_not_validated_as_Tper,0.069,100,работает
RUN_20260509_VPLC_L1_LIGHT_10_20_S01_R02,VPLC_L1_LIGHT_10_20,SER_20260509_VPLC_L1_LIGHT_10_20_S01,vPLC_container,VPLC_HOST,584,,,2026-05-09T16:33:10.837603125Z,,,,host_log,10,20,,,,,,1,32,,technical_check,vplc_status_cycle_duration_not_validated_as_Tper,0.050,100,работает
RUN_20260509_VPLC_L1_LIGHT_10_20_S01_R02,VPLC_L1_LIGHT_10_20,SER_20260509_VPLC_L1_LIGHT_10_20_S01,vPLC_container,VPLC_HOST,585,,,2026-05-09T16:33:11.890133985Z,,,,host_log,10,20,,,,,,1,32,,technical_check,vplc_status_cycle_duration_not_validated_as_Tper,0.069,100,работает
RUN_20260509_VPLC_L1_LIGHT_10_20_S01_R02,VPLC_L1_LIGHT_10_20,SER_20260509_VPLC_L1_LIGHT_10_20_S01,vPLC_container,VPLC_HOST,586,,,2026-05-09T16:33:12.948901935Z,,,,host_log,10,20,,,,,,1,32,,technical_check,vplc_status_cycle_duration_not_validated_as_Tper,0.035,100,работает
RUN_20260509_VPLC_L1_LIGHT_10_20_S01_R02,VPLC_L1_LIGHT_10_20,SER_20260509_VPLC_L1_LIGHT_10_20_S01,vPLC_container,VPLC_HOST,587,,,2026-05-09T16:33:14.003884494Z,,,,host_log,10,20,,,,,,1,32,,technical_check,vplc_status_cycle_duration_not_validated_as_Tper,0.071,100,работает
RUN_20260509_VPLC_L1_LIGHT_10_20_S01_R02,VPLC_L1_LIGHT_10_20,SER_20260509_VPLC_L1_LIGHT_10_20_S01,vPLC_container,VPLC_HOST,588,,,2026-05-09T16:33:15.058203437Z,,,,host_log,10,20,,,,,,1,32,,technical_check,vplc_status_cycle_duration_not_validated_as_Tper,0.053,100,работает
RUN_20260509_VPLC_L1_LIGHT_10_20_S01_R02,VPLC_L1_LIGHT_10_20,SER_20260509_VPLC_L1_LIGHT_10_20_S01,vPLC_container,VPLC_HOST,589,,,2026-05-09T16:33:16.112307306Z,,,,host_log,10,20,,,,,,1,32,,technical_check,vplc_status_cycle_duration_not_validated_as_Tper,0.069,100,работает
RUN_20260509_VPLC_L1_LIGHT_10_20_S01_R02,VPLC_L1_LIGHT_10_20,SER_20260509_VPLC_L1_LIGHT_10_20_S01,vPLC_container,VPLC_HOST,590,,,2026-05-09T16:33:17.164298942Z,,,,host_log,10,20,,,,,,1,32,,technical_check,vplc_status_cycle_duration_not_validated_as_Tper,0.071,100,работает
RUN_20260509_VPLC_L1_LIGHT_10_20_S01_R02,VPLC_L1_LIGHT_10_20,SER_20260509_VPLC_L1_LIGHT_10_20_S01,vPLC_container,VPLC_HOST,591,,,2026-05-09T16:33:18.221185827Z,,,,host_log,10,20,,,,,,1,32,,technical_check,vplc_status_cycle_duration_not_validated_as_Tper,0.068,100,работает
RUN_20260509_VPLC_L1_LIGHT_10_20_S01_R02,VPLC_L1_LIGHT_10_20,SER_20260509_VPLC_L1_LIGHT_10_20_S01,vPLC_container,VPLC_HOST,592,,,2026-05-09T16:33:19.277823363Z,,,,host_log,10,20,,,,,,1,32,,technical_check,vplc_status_cycle_duration_not_validated_as_Tper,0.070,100,работает
RUN_20260509_VPLC_L1_LIGHT_10_20_S01_R02,VPLC_L1_LIGHT_10_20,SER_20260509_VPLC_L1_LIGHT_10_20_S01,vPLC_container,VPLC_HOST,593,,,2026-05-09T16:33:20.335138576Z,,,,host_log,10,20,,,,,,1,32,,technical_check,vplc_status_cycle_duration_not_validated_as_Tper,4.883,100,работает
RUN_20260509_VPLC_L1_LIGHT_10_20_S01_R02,VPLC_L1_LIGHT_10_20,SER_20260509_VPLC_L1_LIGHT_10_20_S01,vPLC_container,VPLC_HOST,594,,,2026-05-09T16:33:21.390183870Z,,,,host_log,10,20,,,,,,1,32,,technical_check,vplc_status_cycle_duration_not_validated_as_Tper,4.735,100,работает
RUN_20260509_VPLC_L1_LIGHT_10_20_S01_R02,VPLC_L1_LIGHT_10_20,SER_20260509_VPLC_L1_LIGHT_10_20_S01,vPLC_container,VPLC_HOST,595,,,2026-05-09T16:33:22.445221632Z,,,,host_log,10,20,,,,,,1,32,,technical_check,vplc_status_cycle_duration_not_validated_as_Tper,0.044,100,работает
RUN_20260509_VPLC_L1_LIGHT_10_20_S01_R02,VPLC_L1_LIGHT_10_20,SER_20260509_VPLC_L1_LIGHT_10_20_S01,vPLC_container,VPLC_HOST,596,,,2026-05-09T16:33:23.498086617Z,,,,host_log,10,20,,,,,,1,32,,technical_check,vplc_status_cycle_duration_not_validated_as_Tper,0.069,100,работает
RUN_20260509_VPLC_L1_LIGHT_10_20_S01_R02,VPLC_L1_LIGHT_10_20,SER_20260509_VPLC_L1_LIGHT_10_20_S01,vPLC_container,VPLC_HOST,597,,,2026-05-09T16:33:24.555489466Z,,,,host_log,10,20,,,,,,1,32,,technical_check,vplc_status_cycle_duration_not_validated_as_Tper,0.039,100,работает
RUN_20260509_VPLC_L1_LIGHT_10_20_S01_R02,VPLC_L1_LIGHT_10_20,SER_20260509_VPLC_L1_LIGHT_10_20_S01,vPLC_container,VPLC_HOST,598,,,2026-05-09T16:33:25.608523915Z,,,,host_log,10,20,,,,,,1,32,,technical_check,vplc_status_cycle_duration_not_validated_as_Tper,0.068,100,работает
RUN_20260509_VPLC_L1_LIGHT_10_20_S01_R02,VPLC_L1_LIGHT_10_20,SER_20260509_VPLC_L1_LIGHT_10_20_S01,vPLC_container,VPLC_HOST,599,,,2026-05-09T16:33:26.667229732Z,,,,host_log,10,20,,,,,,1,32,,technical_check,vplc_status_cycle_duration_not_validated_as_Tper,0.069,100,работает
RUN_20260509_VPLC_L1_LIGHT_10_20_S01_R02,VPLC_L1_LIGHT_10_20,SER_20260509_VPLC_L1_LIGHT_10_20_S01,vPLC_container,VPLC_HOST,600,,,2026-05-09T16:33:27.723174123Z,,,,host_log,10,20,,,,,,1,32,,technical_check,vplc_status_cycle_duration_not_validated_as_Tper,0.054,100,работает
RUN_20260509_VPLC_L1_LIGHT_10_20_S01_R02,VPLC_L1_LIGHT_10_20,SER_20260509_VPLC_L1_LIGHT_10_20_S01,vPLC_container,VPLC_HOST,601,,,2026-05-09T16:33:28.775887699Z,,,,host_log,10,20,,,,,,1,32,,technical_check,vplc_status_cycle_duration_not_validated_as_Tper,0.069,100,работает
RUN_20260509_VPLC_L1_LIGHT_10_20_S01_R02,VPLC_L1_LIGHT_10_20,SER_20260509_VPLC_L1_LIGHT_10_20_S01,vPLC_container,VPLC_HOST,602,,,2026-05-09T16:33:29.834095519Z,,,,host_log,10,20,,,,,,1,32,,technical_check,vplc_status_cycle_duration_not_validated_as_Tper,0.049,100,работает
RUN_20260509_VPLC_L1_LIGHT_10_20_S01_R02,VPLC_L1_LIGHT_10_20,SER_20260509_VPLC_L1_LIGHT_10_20_S01,vPLC_container,VPLC_HOST,603,,,2026-05-09T16:33:30.888199788Z,,,,host_log,10,20,,,,,,1,32,,technical_check,vplc_status_cycle_duration_not_validated_as_Tper,0.068,100,работает
RUN_20260509_VPLC_L1_LIGHT_10_20_S01_R02,VPLC_L1_LIGHT_10_20,SER_20260509_VPLC_L1_LIGHT_10_20_S01,vPLC_container,VPLC_HOST,604,,,2026-05-09T16:33:31.944916130Z,,,,host_log,10,20,,,,,,1,32,,technical_check,vplc_status_cycle_duration_not_validated_as_Tper,0.050,100,работает
RUN_20260509_VPLC_L1_LIGHT_10_20_S01_R02,VPLC_L1_LIGHT_10_20,SER_20260509_VPLC_L1_LIGHT_10_20_S01,vPLC_container,VPLC_HOST,605,,,2026-05-09T16:33:33.000615106Z,,,,host_log,10,20,,,,,,1,32,,technical_check,vplc_status_cycle_duration_not_validated_as_Tper,0.072,100,работает
RUN_20260509_VPLC_L1_LIGHT_10_20_S01_R02,VPLC_L1_LIGHT_10_20,SER_20260509_VPLC_L1_LIGHT_10_20_S01,vPLC_container,VPLC_HOST,606,,,2026-05-09T16:33:34.052823812Z,,,,host_log,10,20,,,,,,1,32,,technical_check,vplc_status_cycle_duration_not_validated_as_Tper,0.034,100,работает
RUN_20260509_VPLC_L1_LIGHT_10_20_S01_R02,VPLC_L1_LIGHT_10_20,SER_20260509_VPLC_L1_LIGHT_10_20_S01,vPLC_container,VPLC_HOST,607,,,2026-05-09T16:33:35.108828996Z,,,,host_log,10,20,,,,,,1,32,,technical_check,vplc_status_cycle_duration_not_validated_as_Tper,0.070,100,работает
RUN_20260509_VPLC_L1_LIGHT_10_20_S01_R02,VPLC_L1_LIGHT_10_20,SER_20260509_VPLC_L1_LIGHT_10_20_S01,vPLC_container,VPLC_HOST,608,,,2026-05-09T16:33:36.163785171Z,,,,host_log,10,20,,,,,,1,32,,technical_check,vplc_status_cycle_duration_not_validated_as_Tper,0.069,100,работает
RUN_20260509_VPLC_L1_LIGHT_10_20_S01_R02,VPLC_L1_LIGHT_10_20,SER_20260509_VPLC_L1_LIGHT_10_20_S01,vPLC_container,VPLC_HOST,609,,,2026-05-09T16:33:37.222909506Z,,,,host_log,10,20,,,,,,1,32,,technical_check,vplc_status_cycle_duration_not_validated_as_Tper,0.065,100,работает
RUN_20260509_VPLC_L1_LIGHT_10_20_S01_R02,VPLC_L1_LIGHT_10_20,SER_20260509_VPLC_L1_LIGHT_10_20_S01,vPLC_container,VPLC_HOST,610,,,2026-05-09T16:33:38.275870044Z,,,,host_log,10,20,,,,,,1,32,,technical_check,vplc_status_cycle_duration_not_validated_as_Tper,0.068,100,работает
RUN_20260509_VPLC_L1_LIGHT_10_20_S01_R02,VPLC_L1_LIGHT_10_20,SER_20260509_VPLC_L1_LIGHT_10_20_S01,vPLC_container,VPLC_HOST,611,,,2026-05-09T16:33:39.328477924Z,,,,host_log,10,20,,,,,,1,32,,technical_check,vplc_status_cycle_duration_not_validated_as_Tper,4.425,100,работает
RUN_20260509_VPLC_L1_LIGHT_10_20_S01_R02,VPLC_L1_LIGHT_10_20,SER_20260509_VPLC_L1_LIGHT_10_20_S01,vPLC_container,VPLC_HOST,612,,,2026-05-09T16:33:40.382902571Z,,,,host_log,10,20,,,,,,1,32,,technical_check,vplc_status_cycle_duration_not_validated_as_Tper,4.687,100,работает
RUN_20260509_VPLC_L1_LIGHT_10_20_S01_R02,VPLC_L1_LIGHT_10_20,SER_20260509_VPLC_L1_LIGHT_10_20_S01,vPLC_container,VPLC_HOST,613,,,2026-05-09T16:33:41.439681973Z,,,,host_log,10,20,,,,,,1,32,,technical_check,vplc_status_cycle_duration_not_validated_as_Tper,0.049,100,работает
RUN_20260509_VPLC_L1_LIGHT_10_20_S01_R02,VPLC_L1_LIGHT_10_20,SER_20260509_VPLC_L1_LIGHT_10_20_S01,vPLC_container,VPLC_HOST,614,,,2026-05-09T16:33:42.494798609Z,,,,host_log,10,20,,,,,,1,32,,technical_check,vplc_status_cycle_duration_not_validated_as_Tper,0.069,100,работает
RUN_20260509_VPLC_L1_LIGHT_10_20_S01_R02,VPLC_L1_LIGHT_10_20,SER_20260509_VPLC_L1_LIGHT_10_20_S01,vPLC_container,VPLC_HOST,615,,,2026-05-09T16:33:43.550062059Z,,,,host_log,10,20,,,,,,1,32,,technical_check,vplc_status_cycle_duration_not_validated_as_Tper,0.029,100,работает
RUN_20260509_VPLC_L1_LIGHT_10_20_S01_R02,VPLC_L1_LIGHT_10_20,SER_20260509_VPLC_L1_LIGHT_10_20_S01,vPLC_container,VPLC_HOST,616,,,2026-05-09T16:33:44.604488342Z,,,,host_log,10,20,,,,,,1,32,,technical_check,vplc_status_cycle_duration_not_validated_as_Tper,0.070,100,работает
RUN_20260509_VPLC_L1_LIGHT_10_20_S01_R02,VPLC_L1_LIGHT_10_20,SER_20260509_VPLC_L1_LIGHT_10_20_S01,vPLC_container,VPLC_HOST,617,,,2026-05-09T16:33:45.660513409Z,,,,host_log,10,20,,,,,,1,32,,technical_check,vplc_status_cycle_duration_not_validated_as_Tper,0.067,100,работает
RUN_20260509_VPLC_L1_LIGHT_10_20_S01_R02,VPLC_L1_LIGHT_10_20,SER_20260509_VPLC_L1_LIGHT_10_20_S01,vPLC_container,VPLC_HOST,618,,,2026-05-09T16:33:46.716875490Z,,,,host_log,10,20,,,,,,1,32,,technical_check,vplc_status_cycle_duration_not_validated_as_Tper,0.069,100,работает
RUN_20260509_VPLC_L1_LIGHT_10_20_S01_R02,VPLC_L1_LIGHT_10_20,SER_20260509_VPLC_L1_LIGHT_10_20_S01,vPLC_container,VPLC_HOST,619,,,2026-05-09T16:33:47.770073888Z,,,,host_log,10,20,,,,,,1,32,,technical_check,vplc_status_cycle_duration_not_validated_as_Tper,0.071,100,работает
RUN_20260509_VPLC_L1_LIGHT_10_20_S01_R02,VPLC_L1_LIGHT_10_20,SER_20260509_VPLC_L1_LIGHT_10_20_S01,vPLC_container,VPLC_HOST,620,,,2026-05-09T16:33:48.824221169Z,,,,host_log,10,20,,,,,,1,32,,technical_check,vplc_status_cycle_duration_not_validated_as_Tper,0.067,100,работает
RUN_20260509_VPLC_L1_LIGHT_10_20_S01_R02,VPLC_L1_LIGHT_10_20,SER_20260509_VPLC_L1_LIGHT_10_20_S01,vPLC_container,VPLC_HOST,621,,,2026-05-09T16:33:49.882585771Z,,,,host_log,10,20,,,,,,1,32,,technical_check,vplc_status_cycle_duration_not_validated_as_Tper,0.070,100,работает
RUN_20260509_VPLC_L1_LIGHT_10_20_S01_R02,VPLC_L1_LIGHT_10_20,SER_20260509_VPLC_L1_LIGHT_10_20_S01,vPLC_container,VPLC_HOST,622,,,2026-05-09T16:33:50.937370461Z,,,,host_log,10,20,,,,,,1,32,,technical_check,vplc_status_cycle_duration_not_validated_as_Tper,0.049,100,работает
RUN_20260509_VPLC_L1_LIGHT_10_20_S01_R02,VPLC_L1_LIGHT_10_20,SER_20260509_VPLC_L1_LIGHT_10_20_S01,vPLC_container,VPLC_HOST,623,,,2026-05-09T16:33:51.990951655Z,,,,host_log,10,20,,,,,,1,32,,technical_check,vplc_status_cycle_duration_not_validated_as_Tper,0.070,100,работает
RUN_20260509_VPLC_L1_LIGHT_10_20_S01_R02,VPLC_L1_LIGHT_10_20,SER_20260509_VPLC_L1_LIGHT_10_20_S01,vPLC_container,VPLC_HOST,624,,,2026-05-09T16:33:53.048461895Z,,,,host_log,10,20,,,,,,1,32,,technical_check,vplc_status_cycle_duration_not_validated_as_Tper,0.039,100,работает
RUN_20260509_VPLC_L1_LIGHT_10_20_S01_R02,VPLC_L1_LIGHT_10_20,SER_20260509_VPLC_L1_LIGHT_10_20_S01,vPLC_container,VPLC_HOST,625,,,2026-05-09T16:33:54.103746293Z,,,,host_log,10,20,,,,,,1,32,,technical_check,vplc_status_cycle_duration_not_validated_as_Tper,0.070,100,работает
RUN_20260509_VPLC_L1_LIGHT_10_20_S01_R02,VPLC_L1_LIGHT_10_20,SER_20260509_VPLC_L1_LIGHT_10_20_S01,vPLC_container,VPLC_HOST,626,,,2026-05-09T16:33:55.159675873Z,,,,host_log,10,20,,,,,,1,32,,technical_check,vplc_status_cycle_duration_not_validated_as_Tper,0.061,100,работает
RUN_20260509_VPLC_L1_LIGHT_10_20_S01_R02,VPLC_L1_LIGHT_10_20,SER_20260509_VPLC_L1_LIGHT_10_20_S01,vPLC_container,VPLC_HOST,627,,,2026-05-09T16:33:56.214467767Z,,,,host_log,10,20,,,,,,1,32,,technical_check,vplc_status_cycle_duration_not_validated_as_Tper,0.069,100,работает
RUN_20260509_VPLC_L1_LIGHT_10_20_S01_R02,VPLC_L1_LIGHT_10_20,SER_20260509_VPLC_L1_LIGHT_10_20_S01,vPLC_container,VPLC_HOST,628,,,2026-05-09T16:33:57.264750945Z,,,,host_log,10,20,,,,,,1,32,,technical_check,vplc_status_cycle_duration_not_validated_as_Tper,0.070,100,работает
RUN_20260509_VPLC_L1_LIGHT_10_20_S01_R02,VPLC_L1_LIGHT_10_20,SER_20260509_VPLC_L1_LIGHT_10_20_S01,vPLC_container,VPLC_HOST,629,,,2026-05-09T16:33:58.324412753Z,,,,host_log,10,20,,,,,,1,32,,technical_check,vplc_status_cycle_duration_not_validated_as_Tper,0.069,100,работает
RUN_20260509_VPLC_L1_LIGHT_10_20_S01_R02,VPLC_L1_LIGHT_10_20,SER_20260509_VPLC_L1_LIGHT_10_20_S01,vPLC_container,VPLC_HOST,630,,,2026-05-09T16:33:59.379915770Z,,,,host_log,10,20,,,,,,1,32,,technical_check,vplc_status_cycle_duration_not_validated_as_Tper,4.606,100,работает
RUN_20260509_VPLC_L1_LIGHT_10_20_S01_R02,VPLC_L1_LIGHT_10_20,SER_20260509_VPLC_L1_LIGHT_10_20_S01,vPLC_container,VPLC_HOST,631,,,2026-05-09T16:34:00.434483166Z,,,,host_log,10,20,,,,,,1,32,,technical_check,vplc_status_cycle_duration_not_validated_as_Tper,0.048,100,работает
RUN_20260509_VPLC_L1_LIGHT_10_20_S01_R02,VPLC_L1_LIGHT_10_20,SER_20260509_VPLC_L1_LIGHT_10_20_S01,vPLC_container,VPLC_HOST,632,,,2026-05-09T16:34:01.489482182Z,,,,host_log,10,20,,,,,,1,32,,technical_check,vplc_status_cycle_duration_not_validated_as_Tper,0.069,100,работает
RUN_20260509_VPLC_L1_LIGHT_10_20_S01_R02,VPLC_L1_LIGHT_10_20,SER_20260509_VPLC_L1_LIGHT_10_20_S01,vPLC_container,VPLC_HOST,633,,,2026-05-09T16:34:02.541928200Z,,,,host_log,10,20,,,,,,1,32,,technical_check,vplc_status_cycle_duration_not_validated_as_Tper,0.049,100,работает
RUN_20260509_VPLC_L1_LIGHT_10_20_S01_R02,VPLC_L1_LIGHT_10_20,SER_20260509_VPLC_L1_LIGHT_10_20_S01,vPLC_container,VPLC_HOST,634,,,2026-05-09T16:34:03.599869579Z,,,,host_log,10,20,,,,,,1,32,,technical_check,vplc_status_cycle_duration_not_validated_as_Tper,0.069,100,работает
RUN_20260509_VPLC_L1_LIGHT_10_20_S01_R02,VPLC_L1_LIGHT_10_20,SER_20260509_VPLC_L1_LIGHT_10_20_S01,vPLC_container,VPLC_HOST,635,,,2026-05-09T16:34:04.656828076Z,,,,host_log,10,20,,,,,,1,32,,technical_check,vplc_status_cycle_duration_not_validated_as_Tper,0.050,100,работает
RUN_20260509_VPLC_L1_LIGHT_10_20_S01_R02,VPLC_L1_LIGHT_10_20,SER_20260509_VPLC_L1_LIGHT_10_20_S01,vPLC_container,VPLC_HOST,636,,,2026-05-09T16:34:05.709496232Z,,,,host_log,10,20,,,,,,1,32,,technical_check,vplc_status_cycle_duration_not_validated_as_Tper,0.069,100,работает
RUN_20260509_VPLC_L1_LIGHT_10_20_S01_R02,VPLC_L1_LIGHT_10_20,SER_20260509_VPLC_L1_LIGHT_10_20_S01,vPLC_container,VPLC_HOST,637,,,2026-05-09T16:34:06.766827625Z,,,,host_log,10,20,,,,,,1,32,,technical_check,vplc_status_cycle_duration_not_validated_as_Tper,0.070,100,работает
RUN_20260509_VPLC_L1_LIGHT_10_20_S01_R02,VPLC_L1_LIGHT_10_20,SER_20260509_VPLC_L1_LIGHT_10_20_S01,vPLC_container,VPLC_HOST,638,,,2026-05-09T16:34:07.821507360Z,,,,host_log,10,20,,,,,,1,32,,technical_check,vplc_status_cycle_duration_not_validated_as_Tper,0.070,100,работает
RUN_20260509_VPLC_L1_LIGHT_10_20_S01_R02,VPLC_L1_LIGHT_10_20,SER_20260509_VPLC_L1_LIGHT_10_20_S01,vPLC_container,VPLC_HOST,639,,,2026-05-09T16:34:08.876684992Z,,,,host_log,10,20,,,,,,1,32,,technical_check,vplc_status_cycle_duration_not_validated_as_Tper,0.070,100,работает
RUN_20260509_VPLC_L1_LIGHT_10_20_S01_R02,VPLC_L1_LIGHT_10_20,SER_20260509_VPLC_L1_LIGHT_10_20_S01,vPLC_container,VPLC_HOST,640,,,2026-05-09T16:34:09.931304885Z,,,,host_log,10,20,,,,,,1,32,,technical_check,vplc_status_cycle_duration_not_validated_as_Tper,0.066,100,работает
RUN_20260509_VPLC_L1_LIGHT_10_20_S01_R02,VPLC_L1_LIGHT_10_20,SER_20260509_VPLC_L1_LIGHT_10_20_S01,vPLC_container,VPLC_HOST,641,,,2026-05-09T16:34:10.988004054Z,,,,host_log,10,20,,,,,,1,32,,technical_check,vplc_status_cycle_duration_not_validated_as_Tper,0.070,100,работает
RUN_20260509_VPLC_L1_LIGHT_10_20_S01_R02,VPLC_L1_LIGHT_10_20,SER_20260509_VPLC_L1_LIGHT_10_20_S01,vPLC_container,VPLC_HOST,642,,,2026-05-09T16:34:12.042220197Z,,,,host_log,10,20,,,,,,1,32,,technical_check,vplc_status_cycle_duration_not_validated_as_Tper,0.050,100,работает
RUN_20260509_VPLC_L1_LIGHT_10_20_S01_R02,VPLC_L1_LIGHT_10_20,SER_20260509_VPLC_L1_LIGHT_10_20_S01,vPLC_container,VPLC_HOST,643,,,2026-05-09T16:34:13.097677897Z,,,,host_log,10,20,,,,,,1,32,,technical_check,vplc_status_cycle_duration_not_validated_as_Tper,0.071,100,работает
RUN_20260509_VPLC_L1_LIGHT_10_20_S01_R02,VPLC_L1_LIGHT_10_20,SER_20260509_VPLC_L1_LIGHT_10_20_S01,vPLC_container,VPLC_HOST,644,,,2026-05-09T16:34:14.153017918Z,,,,host_log,10,20,,,,,,1,32,,technical_check,vplc_status_cycle_duration_not_validated_as_Tper,0.035,100,работает
RUN_20260509_VPLC_L1_LIGHT_10_20_S01_R02,VPLC_L1_LIGHT_10_20,SER_20260509_VPLC_L1_LIGHT_10_20_S01,vPLC_container,VPLC_HOST,645,,,2026-05-09T16:34:15.208947725Z,,,,host_log,10,20,,,,,,1,32,,technical_check,vplc_status_cycle_duration_not_validated_as_Tper,0.069,100,работает
RUN_20260509_VPLC_L1_LIGHT_10_20_S01_R02,VPLC_L1_LIGHT_10_20,SER_20260509_VPLC_L1_LIGHT_10_20_S01,vPLC_container,VPLC_HOST,646,,,2026-05-09T16:34:16.261718116Z,,,,host_log,10,20,,,,,,1,32,,technical_check,vplc_status_cycle_duration_not_validated_as_Tper,0.069,100,работает
RUN_20260509_VPLC_L1_LIGHT_10_20_S01_R02,VPLC_L1_LIGHT_10_20,SER_20260509_VPLC_L1_LIGHT_10_20_S01,vPLC_container,VPLC_HOST,647,,,2026-05-09T16:34:17.319448734Z,,,,host_log,10,20,,,,,,1,32,,technical_check,vplc_status_cycle_duration_not_validated_as_Tper,0.068,100,работает
RUN_20260509_VPLC_L1_LIGHT_10_20_S01_R02,VPLC_L1_LIGHT_10_20,SER_20260509_VPLC_L1_LIGHT_10_20_S01,vPLC_container,VPLC_HOST,648,,,2026-05-09T16:34:18.373324767Z,,,,host_log,10,20,,,,,,1,32,,technical_check,vplc_status_cycle_duration_not_validated_as_Tper,4.975,100,работает
RUN_20260509_VPLC_L1_LIGHT_10_20_S01_R02,VPLC_L1_LIGHT_10_20,SER_20260509_VPLC_L1_LIGHT_10_20_S01,vPLC_container,VPLC_HOST,649,,,2026-05-09T16:34:19.427005712Z,,,,host_log,10,20,,,,,,1,32,,technical_check,vplc_status_cycle_duration_not_validated_as_Tper,0.051,100,работает
RUN_20260509_VPLC_L1_LIGHT_10_20_S01_R02,VPLC_L1_LIGHT_10_20,SER_20260509_VPLC_L1_LIGHT_10_20_S01,vPLC_container,VPLC_HOST,650,,,2026-05-09T16:34:20.485269744Z,,,,host_log,10,20,,,,,,1,32,,technical_check,vplc_status_cycle_duration_not_validated_as_Tper,0.070,100,работает
RUN_20260509_VPLC_L1_LIGHT_10_20_S01_R02,VPLC_L1_LIGHT_10_20,SER_20260509_VPLC_L1_LIGHT_10_20_S01,vPLC_container,VPLC_HOST,651,,,2026-05-09T16:34:21.539821804Z,,,,host_log,10,20,,,,,,1,32,,technical_check,vplc_status_cycle_duration_not_validated_as_Tper,0.049,100,работает
RUN_20260509_VPLC_L1_LIGHT_10_20_S01_R02,VPLC_L1_LIGHT_10_20,SER_20260509_VPLC_L1_LIGHT_10_20_S01,vPLC_container,VPLC_HOST,652,,,2026-05-09T16:34:22.596605933Z,,,,host_log,10,20,,,,,,1,32,,technical_check,vplc_status_cycle_duration_not_validated_as_Tper,0.069,100,работает
RUN_20260509_VPLC_L1_LIGHT_10_20_S01_R02,VPLC_L1_LIGHT_10_20,SER_20260509_VPLC_L1_LIGHT_10_20_S01,vPLC_container,VPLC_HOST,653,,,2026-05-09T16:34:23.650722020Z,,,,host_log,10,20,,,,,,1,32,,technical_check,vplc_status_cycle_duration_not_validated_as_Tper,0.028,100,работает
RUN_20260509_VPLC_L1_LIGHT_10_20_S01_R02,VPLC_L1_LIGHT_10_20,SER_20260509_VPLC_L1_LIGHT_10_20_S01,vPLC_container,VPLC_HOST,654,,,2026-05-09T16:34:24.704067378Z,,,,host_log,10,20,,,,,,1,32,,technical_check,vplc_status_cycle_duration_not_validated_as_Tper,0.070,100,работает
RUN_20260509_VPLC_L1_LIGHT_10_20_S01_R02,VPLC_L1_LIGHT_10_20,SER_20260509_VPLC_L1_LIGHT_10_20_S01,vPLC_container,VPLC_HOST,655,,,2026-05-09T16:34:25.762036136Z,,,,host_log,10,20,,,,,,1,32,,technical_check,vplc_status_cycle_duration_not_validated_as_Tper,0.068,100,работает
RUN_20260509_VPLC_L1_LIGHT_10_20_S01_R02,VPLC_L1_LIGHT_10_20,SER_20260509_VPLC_L1_LIGHT_10_20_S01,vPLC_container,VPLC_HOST,656,,,2026-05-09T16:34:26.816784211Z,,,,host_log,10,20,,,,,,1,32,,technical_check,vplc_status_cycle_duration_not_validated_as_Tper,0.069,100,работает
RUN_20260509_VPLC_L1_LIGHT_10_20_S01_R02,VPLC_L1_LIGHT_10_20,SER_20260509_VPLC_L1_LIGHT_10_20_S01,vPLC_container,VPLC_HOST,657,,,2026-05-09T16:34:27.872974198Z,,,,host_log,10,20,,,,,,1,32,,technical_check,vplc_status_cycle_duration_not_validated_as_Tper,0.070,100,работает
RUN_20260509_VPLC_L1_LIGHT_10_20_S01_R02,VPLC_L1_LIGHT_10_20,SER_20260509_VPLC_L1_LIGHT_10_20_S01,vPLC_container,VPLC_HOST,658,,,2026-05-09T16:34:28.928299388Z,,,,host_log,10,20,,,,,,1,32,,technical_check,vplc_status_cycle_duration_not_validated_as_Tper,0.068,100,работает
RUN_20260509_VPLC_L1_LIGHT_10_20_S01_R02,VPLC_L1_LIGHT_10_20,SER_20260509_VPLC_L1_LIGHT_10_20_S01,vPLC_container,VPLC_HOST,659,,,2026-05-09T16:34:29.984593768Z,,,,host_log,10,20,,,,,,1,32,,technical_check,vplc_status_cycle_duration_not_validated_as_Tper,0.070,100,работает
RUN_20260509_VPLC_L1_LIGHT_10_20_S01_R02,VPLC_L1_LIGHT_10_20,SER_20260509_VPLC_L1_LIGHT_10_20_S01,vPLC_container,VPLC_HOST,660,,,2026-05-09T16:34:31.039164859Z,,,,host_log,10,20,,,,,,1,32,,technical_check,vplc_status_cycle_duration_not_validated_as_Tper,0.049,100,работает
RUN_20260509_VPLC_L1_LIGHT_10_20_S01_R02,VPLC_L1_LIGHT_10_20,SER_20260509_VPLC_L1_LIGHT_10_20_S01,vPLC_container,VPLC_HOST,661,,,2026-05-09T16:34:32.091536825Z,,,,host_log,10,20,,,,,,1,32,,technical_check,vplc_status_cycle_duration_not_validated_as_Tper,0.070,100,работает
RUN_20260509_VPLC_L1_LIGHT_10_20_S01_R02,VPLC_L1_LIGHT_10_20,SER_20260509_VPLC_L1_LIGHT_10_20_S01,vPLC_container,VPLC_HOST,662,,,2026-05-09T16:34:33.149154881Z,,,,host_log,10,20,,,,,,1,32,,technical_check,vplc_status_cycle_duration_not_validated_as_Tper,0.031,100,работает
RUN_20260509_VPLC_L1_LIGHT_10_20_S01_R02,VPLC_L1_LIGHT_10_20,SER_20260509_VPLC_L1_LIGHT_10_20_S01,vPLC_container,VPLC_HOST,663,,,2026-05-09T16:34:34.202327957Z,,,,host_log,10,20,,,,,,1,32,,technical_check,vplc_status_cycle_duration_not_validated_as_Tper,0.069,100,работает
RUN_20260509_VPLC_L1_LIGHT_10_20_S01_R02,VPLC_L1_LIGHT_10_20,SER_20260509_VPLC_L1_LIGHT_10_20_S01,vPLC_container,VPLC_HOST,664,,,2026-05-09T16:34:35.257415415Z,,,,host_log,10,20,,,,,,1,32,,technical_check,vplc_status_cycle_duration_not_validated_as_Tper,0.047,100,работает
RUN_20260509_VPLC_L1_LIGHT_10_20_S01_R02,VPLC_L1_LIGHT_10_20,SER_20260509_VPLC_L1_LIGHT_10_20_S01,vPLC_container,VPLC_HOST,665,,,2026-05-09T16:34:36.313619682Z,,,,host_log,10,20,,,,,,1,32,,technical_check,vplc_status_cycle_duration_not_validated_as_Tper,0.071,100,работает
RUN_20260509_VPLC_L1_LIGHT_10_20_S01_R02,VPLC_L1_LIGHT_10_20,SER_20260509_VPLC_L1_LIGHT_10_20_S01,vPLC_container,VPLC_HOST,666,,,2026-05-09T16:34:37.369311834Z,,,,host_log,10,20,,,,,,1,32,,technical_check,vplc_status_cycle_duration_not_validated_as_Tper,4.823,100,работает
RUN_20260509_VPLC_L1_LIGHT_10_20_S01_R02,VPLC_L1_LIGHT_10_20,SER_20260509_VPLC_L1_LIGHT_10_20_S01,vPLC_container,VPLC_HOST,667,,,2026-05-09T16:34:38.424197677Z,,,,host_log,10,20,,,,,,1,32,,technical_check,vplc_status_cycle_duration_not_validated_as_Tper,0.068,100,работает
RUN_20260509_VPLC_L1_LIGHT_10_20_S01_R02,VPLC_L1_LIGHT_10_20,SER_20260509_VPLC_L1_LIGHT_10_20_S01,vPLC_container,VPLC_HOST,668,,,2026-05-09T16:34:39.481225509Z,,,,host_log,10,20,,,,,,1,32,,technical_check,vplc_status_cycle_duration_not_validated_as_Tper,0.070,100,работает
RUN_20260509_VPLC_L1_LIGHT_10_20_S01_R02,VPLC_L1_LIGHT_10_20,SER_20260509_VPLC_L1_LIGHT_10_20_S01,vPLC_container,VPLC_HOST,669,,,2026-05-09T16:34:40.535782371Z,,,,host_log,10,20,,,,,,1,32,,technical_check,vplc_status_cycle_duration_not_validated_as_Tper,0.049,100,работает
RUN_20260509_VPLC_L1_LIGHT_10_20_S01_R02,VPLC_L1_LIGHT_10_20,SER_20260509_VPLC_L1_LIGHT_10_20_S01,vPLC_container,VPLC_HOST,670,,,2026-05-09T16:34:41.591197798Z,,,,host_log,10,20,,,,,,1,32,,technical_check,vplc_status_cycle_duration_not_validated_as_Tper,0.069,100,работает
RUN_20260509_VPLC_L1_LIGHT_10_20_S01_R02,VPLC_L1_LIGHT_10_20,SER_20260509_VPLC_L1_LIGHT_10_20_S01,vPLC_container,VPLC_HOST,671,,,2026-05-09T16:34:42.643980871Z,,,,host_log,10,20,,,,,,1,32,,technical_check,vplc_status_cycle_duration_not_validated_as_Tper,0.048,100,работает
RUN_20260509_VPLC_L1_LIGHT_10_20_S01_R02,VPLC_L1_LIGHT_10_20,SER_20260509_VPLC_L1_LIGHT_10_20_S01,vPLC_container,VPLC_HOST,672,,,2026-05-09T16:34:43.702602847Z,,,,host_log,10,20,,,,,,1,32,,technical_check,vplc_status_cycle_duration_not_validated_as_Tper,0.069,100,работает
RUN_20260509_VPLC_L1_LIGHT_10_20_S01_R02,VPLC_L1_LIGHT_10_20,SER_20260509_VPLC_L1_LIGHT_10_20_S01,vPLC_container,VPLC_HOST,673,,,2026-05-09T16:34:44.755687261Z,,,,host_log,10,20,,,,,,1,32,,technical_check,vplc_status_cycle_duration_not_validated_as_Tper,0.045,100,работает
RUN_20260509_VPLC_L1_LIGHT_10_20_S01_R02,VPLC_L1_LIGHT_10_20,SER_20260509_VPLC_L1_LIGHT_10_20_S01,vPLC_container,VPLC_HOST,674,,,2026-05-09T16:34:45.812674548Z,,,,host_log,10,20,,,,,,1,32,,technical_check,vplc_status_cycle_duration_not_validated_as_Tper,0.070,100,работает
RUN_20260509_VPLC_L1_LIGHT_10_20_S01_R02,VPLC_L1_LIGHT_10_20,SER_20260509_VPLC_L1_LIGHT_10_20_S01,vPLC_container,VPLC_HOST,675,,,2026-05-09T16:34:46.867443047Z,,,,host_log,10,20,,,,,,1,32,,technical_check,vplc_status_cycle_duration_not_validated_as_Tper,0.067,100,работает
RUN_20260509_VPLC_L1_LIGHT_10_20_S01_R02,VPLC_L1_LIGHT_10_20,SER_20260509_VPLC_L1_LIGHT_10_20_S01,vPLC_container,VPLC_HOST,676,,,2026-05-09T16:34:47.920345210Z,,,,host_log,10,20,,,,,,1,32,,technical_check,vplc_status_cycle_duration_not_validated_as_Tper,0.069,100,работает
RUN_20260509_VPLC_L1_LIGHT_10_20_S01_R02,VPLC_L1_LIGHT_10_20,SER_20260509_VPLC_L1_LIGHT_10_20_S01,vPLC_container,VPLC_HOST,677,,,2026-05-09T16:34:48.976652168Z,,,,host_log,10,20,,,,,,1,32,,technical_check,vplc_status_cycle_duration_not_validated_as_Tper,0.069,100,работает
RUN_20260509_VPLC_L1_LIGHT_10_20_S01_R02,VPLC_L1_LIGHT_10_20,SER_20260509_VPLC_L1_LIGHT_10_20_S01,vPLC_container,VPLC_HOST,678,,,2026-05-09T16:34:50.033445223Z,,,,host_log,10,20,,,,,,1,32,,technical_check,vplc_status_cycle_duration_not_validated_as_Tper,0.048,100,работает
RUN_20260509_VPLC_L1_LIGHT_10_20_S01_R02,VPLC_L1_LIGHT_10_20,SER_20260509_VPLC_L1_LIGHT_10_20_S01,vPLC_container,VPLC_HOST,679,,,2026-05-09T16:34:51.088413767Z,,,,host_log,10,20,,,,,,1,32,,technical_check,vplc_status_cycle_duration_not_validated_as_Tper,0.069,100,работает
RUN_20260509_VPLC_L1_LIGHT_10_20_S01_R02,VPLC_L1_LIGHT_10_20,SER_20260509_VPLC_L1_LIGHT_10_20_S01,vPLC_container,VPLC_HOST,680,,,2026-05-09T16:34:52.142862405Z,,,,host_log,10,20,,,,,,1,32,,technical_check,vplc_status_cycle_duration_not_validated_as_Tper,0.051,100,работает
RUN_20260509_VPLC_L1_LIGHT_10_20_S01_R02,VPLC_L1_LIGHT_10_20,SER_20260509_VPLC_L1_LIGHT_10_20_S01,vPLC_container,VPLC_HOST,681,,,2026-05-09T16:34:53.199792719Z,,,,host_log,10,20,,,,,,1,32,,technical_check,vplc_status_cycle_duration_not_validated_as_Tper,0.070,100,работает
RUN_20260509_VPLC_L1_LIGHT_10_20_S01_R02,VPLC_L1_LIGHT_10_20,SER_20260509_VPLC_L1_LIGHT_10_20_S01,vPLC_container,VPLC_HOST,682,,,2026-05-09T16:34:54.252180068Z,,,,host_log,10,20,,,,,,1,32,,technical_check,vplc_status_cycle_duration_not_validated_as_Tper,0.033,100,работает
RUN_20260509_VPLC_L1_LIGHT_10_20_S01_R02,VPLC_L1_LIGHT_10_20,SER_20260509_VPLC_L1_LIGHT_10_20_S01,vPLC_container,VPLC_HOST,683,,,2026-05-09T16:34:55.311399341Z,,,,host_log,10,20,,,,,,1,32,,technical_check,vplc_status_cycle_duration_not_validated_as_Tper,0.070,100,работает
RUN_20260509_VPLC_L1_LIGHT_10_20_S01_R02,VPLC_L1_LIGHT_10_20,SER_20260509_VPLC_L1_LIGHT_10_20_S01,vPLC_container,VPLC_HOST,684,,,2026-05-09T16:34:56.363327820Z,,,,host_log,10,20,,,,,,1,32,,technical_check,vplc_status_cycle_duration_not_validated_as_Tper,4.621,100,работает
RUN_20260509_VPLC_L1_LIGHT_10_20_S01_R02,VPLC_L1_LIGHT_10_20,SER_20260509_VPLC_L1_LIGHT_10_20_S01,vPLC_container,VPLC_HOST,685,,,2026-05-09T16:34:57.420563492Z,,,,host_log,10,20,,,,,,1,32,,technical_check,vplc_status_cycle_duration_not_validated_as_Tper,4.884,100,работает
RUN_20260509_VPLC_L1_LIGHT_10_20_S01_R02,VPLC_L1_LIGHT_10_20,SER_20260509_VPLC_L1_LIGHT_10_20_S01,vPLC_container,VPLC_HOST,686,,,2026-05-09T16:34:58.476576799Z,,,,host_log,10,20,,,,,,1,32,,technical_check,vplc_status_cycle_duration_not_validated_as_Tper,0.069,100,работает
RUN_20260509_VPLC_L1_LIGHT_10_20_S01_R02,VPLC_L1_LIGHT_10_20,SER_20260509_VPLC_L1_LIGHT_10_20_S01,vPLC_container,VPLC_HOST,687,,,2026-05-09T16:34:59.531760681Z,,,,host_log,10,20,,,,,,1,32,,technical_check,vplc_status_cycle_duration_not_validated_as_Tper,0.048,100,работает
RUN_20260509_VPLC_L1_LIGHT_10_20_S01_R02,VPLC_L1_LIGHT_10_20,SER_20260509_VPLC_L1_LIGHT_10_20_S01,vPLC_container,VPLC_HOST,688,,,2026-05-09T16:35:00.585917444Z,,,,host_log,10,20,,,,,,1,32,,technical_check,vplc_status_cycle_duration_not_validated_as_Tper,0.070,100,работает
RUN_20260509_VPLC_L1_LIGHT_10_20_S01_R02,VPLC_L1_LIGHT_10_20,SER_20260509_VPLC_L1_LIGHT_10_20_S01,vPLC_container,VPLC_HOST,689,,,2026-05-09T16:35:01.640602944Z,,,,host_log,10,20,,,,,,1,32,,technical_check,vplc_status_cycle_duration_not_validated_as_Tper,0.048,100,работает
RUN_20260509_VPLC_L1_LIGHT_10_20_S01_R02,VPLC_L1_LIGHT_10_20,SER_20260509_VPLC_L1_LIGHT_10_20_S01,vPLC_container,VPLC_HOST,690,,,2026-05-09T16:35:02.695788530Z,,,,host_log,10,20,,,,,,1,32,,technical_check,vplc_status_cycle_duration_not_validated_as_Tper,0.070,100,работает
RUN_20260509_VPLC_L1_LIGHT_10_20_S01_R02,VPLC_L1_LIGHT_10_20,SER_20260509_VPLC_L1_LIGHT_10_20_S01,vPLC_container,VPLC_HOST,691,,,2026-05-09T16:35:03.751863047Z,,,,host_log,10,20,,,,,,1,32,,technical_check,vplc_status_cycle_duration_not_validated_as_Tper,0.030,100,работает
RUN_20260509_VPLC_L1_LIGHT_10_20_S01_R02,VPLC_L1_LIGHT_10_20,SER_20260509_VPLC_L1_LIGHT_10_20_S01,vPLC_container,VPLC_HOST,692,,,2026-05-09T16:35:04.807810948Z,,,,host_log,10,20,,,,,,1,32,,technical_check,vplc_status_cycle_duration_not_validated_as_Tper,0.070,100,работает
RUN_20260509_VPLC_L1_LIGHT_10_20_S01_R02,VPLC_L1_LIGHT_10_20,SER_20260509_VPLC_L1_LIGHT_10_20_S01,vPLC_container,VPLC_HOST,693,,,2026-05-09T16:35:05.863319930Z,,,,host_log,10,20,,,,,,1,32,,technical_check,vplc_status_cycle_duration_not_validated_as_Tper,0.069,100,работает
RUN_20260509_VPLC_L1_LIGHT_10_20_S01_R02,VPLC_L1_LIGHT_10_20,SER_20260509_VPLC_L1_LIGHT_10_20_S01,vPLC_container,VPLC_HOST,694,,,2026-05-09T16:35:06.916874635Z,,,,host_log,10,20,,,,,,1,32,,technical_check,vplc_status_cycle_duration_not_validated_as_Tper,0.069,100,работает
RUN_20260509_VPLC_L1_LIGHT_10_20_S01_R02,VPLC_L1_LIGHT_10_20,SER_20260509_VPLC_L1_LIGHT_10_20_S01,vPLC_container,VPLC_HOST,695,,,2026-05-09T16:35:07.971965582Z,,,,host_log,10,20,,,,,,1,32,,technical_check,vplc_status_cycle_duration_not_validated_as_Tper,0.068,100,работает
RUN_20260509_VPLC_L1_LIGHT_10_20_S01_R02,VPLC_L1_LIGHT_10_20,SER_20260509_VPLC_L1_LIGHT_10_20_S01,vPLC_container,VPLC_HOST,696,,,2026-05-09T16:35:09.029055689Z,,,,host_log,10,20,,,,,,1,32,,technical_check,vplc_status_cycle_duration_not_validated_as_Tper,0.049,100,работает
RUN_20260509_VPLC_L1_LIGHT_10_20_S01_R02,VPLC_L1_LIGHT_10_20,SER_20260509_VPLC_L1_LIGHT_10_20_S01,vPLC_container,VPLC_HOST,697,,,2026-05-09T16:35:10.084216350Z,,,,host_log,10,20,,,,,,1,32,,technical_check,vplc_status_cycle_duration_not_validated_as_Tper,0.070,100,работает
RUN_20260509_VPLC_L1_LIGHT_10_20_S01_R02,VPLC_L1_LIGHT_10_20,SER_20260509_VPLC_L1_LIGHT_10_20_S01,vPLC_container,VPLC_HOST,698,,,2026-05-09T16:35:11.139703770Z,,,,host_log,10,20,,,,,,1,32,,technical_check,vplc_status_cycle_duration_not_validated_as_Tper,0.051,100,работает
RUN_20260509_VPLC_L1_LIGHT_10_20_S01_R02,VPLC_L1_LIGHT_10_20,SER_20260509_VPLC_L1_LIGHT_10_20_S01,vPLC_container,VPLC_HOST,699,,,2026-05-09T16:35:12.196264339Z,,,,host_log,10,20,,,,,,1,32,,technical_check,vplc_status_cycle_duration_not_validated_as_Tper,0.071,100,работает
RUN_20260509_VPLC_L1_LIGHT_10_20_S01_R02,VPLC_L1_LIGHT_10_20,SER_20260509_VPLC_L1_LIGHT_10_20_S01,vPLC_container,VPLC_HOST,700,,,2026-05-09T16:35:13.247304980Z,,,,host_log,10,20,,,,,,1,32,,technical_check,vplc_status_cycle_duration_not_validated_as_Tper,0.039,100,работает
RUN_20260509_VPLC_L1_LIGHT_10_20_S01_R02,VPLC_L1_LIGHT_10_20,SER_20260509_VPLC_L1_LIGHT_10_20_S01,vPLC_container,VPLC_HOST,701,,,2026-05-09T16:35:14.304881055Z,,,,host_log,10,20,,,,,,1,32,,technical_check,vplc_status_cycle_duration_not_validated_as_Tper,0.070,100,работает
RUN_20260509_VPLC_L1_LIGHT_10_20_S01_R02,VPLC_L1_LIGHT_10_20,SER_20260509_VPLC_L1_LIGHT_10_20_S01,vPLC_container,VPLC_HOST,702,,,2026-05-09T16:35:15.358916875Z,,,,host_log,10,20,,,,,,1,32,,technical_check,vplc_status_cycle_duration_not_validated_as_Tper,4.309,100,работает
RUN_20260509_VPLC_L1_LIGHT_10_20_S01_R02,VPLC_L1_LIGHT_10_20,SER_20260509_VPLC_L1_LIGHT_10_20_S01,vPLC_container,VPLC_HOST,703,,,2026-05-09T16:35:16.413540060Z,,,,host_log,10,20,,,,,,1,32,,technical_check,vplc_status_cycle_duration_not_validated_as_Tper,4.769,100,работает
RUN_20260509_VPLC_L1_LIGHT_10_20_S01_R02,VPLC_L1_LIGHT_10_20,SER_20260509_VPLC_L1_LIGHT_10_20_S01,vPLC_container,VPLC_HOST,704,,,2026-05-09T16:35:17.469185250Z,,,,host_log,10,20,,,,,,1,32,,technical_check,vplc_status_cycle_duration_not_validated_as_Tper,0.070,100,работает
RUN_20260509_VPLC_L1_LIGHT_10_20_S01_R02,VPLC_L1_LIGHT_10_20,SER_20260509_VPLC_L1_LIGHT_10_20_S01,vPLC_container,VPLC_HOST,705,,,2026-05-09T16:35:18.526996348Z,,,,host_log,10,20,,,,,,1,32,,technical_check,vplc_status_cycle_duration_not_validated_as_Tper,0.048,100,работает
RUN_20260509_VPLC_L1_LIGHT_10_20_S01_R02,VPLC_L1_LIGHT_10_20,SER_20260509_VPLC_L1_LIGHT_10_20_S01,vPLC_container,VPLC_HOST,706,,,2026-05-09T16:35:19.582065257Z,,,,host_log,10,20,,,,,,1,32,,technical_check,vplc_status_cycle_duration_not_validated_as_Tper,0.069,100,работает
RUN_20260509_VPLC_L1_LIGHT_10_20_S01_R02,VPLC_L1_LIGHT_10_20,SER_20260509_VPLC_L1_LIGHT_10_20_S01,vPLC_container,VPLC_HOST,707,,,2026-05-09T16:35:20.637057318Z,,,,host_log,10,20,,,,,,1,32,,technical_check,vplc_status_cycle_duration_not_validated_as_Tper,0.050,100,работает
RUN_20260509_VPLC_L1_LIGHT_10_20_S01_R02,VPLC_L1_LIGHT_10_20,SER_20260509_VPLC_L1_LIGHT_10_20_S01,vPLC_container,VPLC_HOST,708,,,2026-05-09T16:35:21.692587790Z,,,,host_log,10,20,,,,,,1,32,,technical_check,vplc_status_cycle_duration_not_validated_as_Tper,0.069,100,работает
RUN_20260509_VPLC_L1_LIGHT_10_20_S01_R02,VPLC_L1_LIGHT_10_20,SER_20260509_VPLC_L1_LIGHT_10_20_S01,vPLC_container,VPLC_HOST,709,,,2026-05-09T16:35:22.748432930Z,,,,host_log,10,20,,,,,,1,32,,technical_check,vplc_status_cycle_duration_not_validated_as_Tper,0.033,100,работает
RUN_20260509_VPLC_L1_LIGHT_10_20_S01_R02,VPLC_L1_LIGHT_10_20,SER_20260509_VPLC_L1_LIGHT_10_20_S01,vPLC_container,VPLC_HOST,710,,,2026-05-09T16:35:23.802733027Z,,,,host_log,10,20,,,,,,1,32,,technical_check,vplc_status_cycle_duration_not_validated_as_Tper,0.069,100,работает
RUN_20260509_VPLC_L1_LIGHT_10_20_S01_R02,VPLC_L1_LIGHT_10_20,SER_20260509_VPLC_L1_LIGHT_10_20_S01,vPLC_container,VPLC_HOST,711,,,2026-05-09T16:35:24.858944805Z,,,,host_log,10,20,,,,,,1,32,,technical_check,vplc_status_cycle_duration_not_validated_as_Tper,0.054,100,работает
RUN_20260509_VPLC_L1_LIGHT_10_20_S01_R02,VPLC_L1_LIGHT_10_20,SER_20260509_VPLC_L1_LIGHT_10_20_S01,vPLC_container,VPLC_HOST,712,,,2026-05-09T16:35:25.911721870Z,,,,host_log,10,20,,,,,,1,32,,technical_check,vplc_status_cycle_duration_not_validated_as_Tper,0.069,100,работает
RUN_20260509_VPLC_L1_LIGHT_10_20_S01_R02,VPLC_L1_LIGHT_10_20,SER_20260509_VPLC_L1_LIGHT_10_20_S01,vPLC_container,VPLC_HOST,713,,,2026-05-09T16:35:26.969261953Z,,,,host_log,10,20,,,,,,1,32,,technical_check,vplc_status_cycle_duration_not_validated_as_Tper,0.070,100,работает
RUN_20260509_VPLC_L1_LIGHT_10_20_S01_R02,VPLC_L1_LIGHT_10_20,SER_20260509_VPLC_L1_LIGHT_10_20_S01,vPLC_container,VPLC_HOST,714,,,2026-05-09T16:35:28.023330340Z,,,,host_log,10,20,,,,,,1,32,,technical_check,vplc_status_cycle_duration_not_validated_as_Tper,0.049,100,работает
RUN_20260509_VPLC_L1_LIGHT_10_20_S01_R02,VPLC_L1_LIGHT_10_20,SER_20260509_VPLC_L1_LIGHT_10_20_S01,vPLC_container,VPLC_HOST,715,,,2026-05-09T16:35:29.077195515Z,,,,host_log,10,20,,,,,,1,32,,technical_check,vplc_status_cycle_duration_not_validated_as_Tper,0.068,100,работает
RUN_20260509_VPLC_L1_LIGHT_10_20_S01_R02,VPLC_L1_LIGHT_10_20,SER_20260509_VPLC_L1_LIGHT_10_20_S01,vPLC_container,VPLC_HOST,716,,,2026-05-09T16:35:30.136559056Z,,,,host_log,10,20,,,,,,1,32,,technical_check,vplc_status_cycle_duration_not_validated_as_Tper,0.049,100,работает
RUN_20260509_VPLC_L1_LIGHT_10_20_S01_R02,VPLC_L1_LIGHT_10_20,SER_20260509_VPLC_L1_LIGHT_10_20_S01,vPLC_container,VPLC_HOST,717,,,2026-05-09T16:35:31.191678126Z,,,,host_log,10,20,,,,,,1,32,,technical_check,vplc_status_cycle_duration_not_validated_as_Tper,0.073,100,работает
RUN_20260509_VPLC_L1_LIGHT_10_20_S01_R02,VPLC_L1_LIGHT_10_20,SER_20260509_VPLC_L1_LIGHT_10_20_S01,vPLC_container,VPLC_HOST,718,,,2026-05-09T16:35:32.243481951Z,,,,host_log,10,20,,,,,,1,32,,technical_check,vplc_status_cycle_duration_not_validated_as_Tper,0.050,100,работает
RUN_20260509_VPLC_L1_LIGHT_10_20_S01_R02,VPLC_L1_LIGHT_10_20,SER_20260509_VPLC_L1_LIGHT_10_20_S01,vPLC_container,VPLC_HOST,719,,,2026-05-09T16:35:33.296062605Z,,,,host_log,10,20,,,,,,1,32,,technical_check,vplc_status_cycle_duration_not_validated_as_Tper,0.065,100,работает
RUN_20260509_VPLC_L1_LIGHT_10_20_S01_R02,VPLC_L1_LIGHT_10_20,SER_20260509_VPLC_L1_LIGHT_10_20_S01,vPLC_container,VPLC_HOST,720,,,2026-05-09T16:35:34.356510552Z,,,,host_log,10,20,,,,,,1,32,,technical_check,vplc_status_cycle_duration_not_validated_as_Tper,4.068,100,работает
RUN_20260509_VPLC_L1_LIGHT_10_20_S01_R02,VPLC_L1_LIGHT_10_20,SER_20260509_VPLC_L1_LIGHT_10_20_S01,vPLC_container,VPLC_HOST,721,,,2026-05-09T16:35:35.411464362Z,,,,host_log,10,20,,,,,,1,32,,technical_check,vplc_status_cycle_duration_not_validated_as_Tper,4.596,100,работает
RUN_20260509_VPLC_L1_LIGHT_10_20_S01_R02,VPLC_L1_LIGHT_10_20,SER_20260509_VPLC_L1_LIGHT_10_20_S01,vPLC_container,VPLC_HOST,722,,,2026-05-09T16:35:36.465030745Z,,,,host_log,10,20,,,,,,1,32,,technical_check,vplc_status_cycle_duration_not_validated_as_Tper,0.070,100,работает
RUN_20260509_VPLC_L1_LIGHT_10_20_S01_R02,VPLC_L1_LIGHT_10_20,SER_20260509_VPLC_L1_LIGHT_10_20_S01,vPLC_container,VPLC_HOST,723,,,2026-05-09T16:35:37.523030783Z,,,,host_log,10,20,,,,,,1,32,,technical_check,vplc_status_cycle_duration_not_validated_as_Tper,0.048,100,работает
RUN_20260509_VPLC_L1_LIGHT_10_20_S01_R02,VPLC_L1_LIGHT_10_20,SER_20260509_VPLC_L1_LIGHT_10_20_S01,vPLC_container,VPLC_HOST,724,,,2026-05-09T16:35:38.576973705Z,,,,host_log,10,20,,,,,,1,32,,technical_check,vplc_status_cycle_duration_not_validated_as_Tper,0.070,100,работает
RUN_20260509_VPLC_L1_LIGHT_10_20_S01_R02,VPLC_L1_LIGHT_10_20,SER_20260509_VPLC_L1_LIGHT_10_20_S01,vPLC_container,VPLC_HOST,725,,,2026-05-09T16:35:39.631270579Z,,,,host_log,10,20,,,,,,1,32,,technical_check,vplc_status_cycle_duration_not_validated_as_Tper,0.048,100,работает
RUN_20260509_VPLC_L1_LIGHT_10_20_S01_R02,VPLC_L1_LIGHT_10_20,SER_20260509_VPLC_L1_LIGHT_10_20_S01,vPLC_container,VPLC_HOST,726,,,2026-05-09T16:35:40.688809180Z,,,,host_log,10,20,,,,,,1,32,,technical_check,vplc_status_cycle_duration_not_validated_as_Tper,0.068,100,работает
RUN_20260509_VPLC_L1_LIGHT_10_20_S01_R02,VPLC_L1_LIGHT_10_20,SER_20260509_VPLC_L1_LIGHT_10_20_S01,vPLC_container,VPLC_HOST,727,,,2026-05-09T16:35:41.743324308Z,,,,host_log,10,20,,,,,,1,32,,technical_check,vplc_status_cycle_duration_not_validated_as_Tper,0.049,100,работает
RUN_20260509_VPLC_L1_LIGHT_10_20_S01_R02,VPLC_L1_LIGHT_10_20,SER_20260509_VPLC_L1_LIGHT_10_20_S01,vPLC_container,VPLC_HOST,728,,,2026-05-09T16:35:42.796929336Z,,,,host_log,10,20,,,,,,1,32,,technical_check,vplc_status_cycle_duration_not_validated_as_Tper,0.069,100,работает
RUN_20260509_VPLC_L1_LIGHT_10_20_S01_R02,VPLC_L1_LIGHT_10_20,SER_20260509_VPLC_L1_LIGHT_10_20_S01,vPLC_container,VPLC_HOST,729,,,2026-05-09T16:35:43.852893537Z,,,,host_log,10,20,,,,,,1,32,,technical_check,vplc_status_cycle_duration_not_validated_as_Tper,0.036,100,работает
RUN_20260509_VPLC_L1_LIGHT_10_20_S01_R02,VPLC_L1_LIGHT_10_20,SER_20260509_VPLC_L1_LIGHT_10_20_S01,vPLC_container,VPLC_HOST,730,,,2026-05-09T16:35:44.909657200Z,,,,host_log,10,20,,,,,,1,32,,technical_check,vplc_status_cycle_duration_not_validated_as_Tper,0.070,100,работает
RUN_20260509_VPLC_L1_LIGHT_10_20_S01_R02,VPLC_L1_LIGHT_10_20,SER_20260509_VPLC_L1_LIGHT_10_20_S01,vPLC_container,VPLC_HOST,731,,,2026-05-09T16:35:45.961653457Z,,,,host_log,10,20,,,,,,1,32,,technical_check,vplc_status_cycle_duration_not_validated_as_Tper,0.069,100,работает
RUN_20260509_VPLC_L1_LIGHT_10_20_S01_R02,VPLC_L1_LIGHT_10_20,SER_20260509_VPLC_L1_LIGHT_10_20_S01,vPLC_container,VPLC_HOST,732,,,2026-05-09T16:35:47.020492153Z,,,,host_log,10,20,,,,,,1,32,,technical_check,vplc_status_cycle_duration_not_validated_as_Tper,0.071,100,работает
RUN_20260509_VPLC_L1_LIGHT_10_20_S01_R02,VPLC_L1_LIGHT_10_20,SER_20260509_VPLC_L1_LIGHT_10_20_S01,vPLC_container,VPLC_HOST,733,,,2026-05-09T16:35:48.076361220Z,,,,host_log,10,20,,,,,,1,32,,technical_check,vplc_status_cycle_duration_not_validated_as_Tper,0.069,100,работает
RUN_20260509_VPLC_L1_LIGHT_10_20_S01_R02,VPLC_L1_LIGHT_10_20,SER_20260509_VPLC_L1_LIGHT_10_20_S01,vPLC_container,VPLC_HOST,734,,,2026-05-09T16:35:49.128940904Z,,,,host_log,10,20,,,,,,1,32,,technical_check,vplc_status_cycle_duration_not_validated_as_Tper,0.048,100,работает
RUN_20260509_VPLC_L1_LIGHT_10_20_S01_R02,VPLC_L1_LIGHT_10_20,SER_20260509_VPLC_L1_LIGHT_10_20_S01,vPLC_container,VPLC_HOST,735,,,2026-05-09T16:35:50.184220405Z,,,,host_log,10,20,,,,,,1,32,,technical_check,vplc_status_cycle_duration_not_validated_as_Tper,0.070,100,работает
RUN_20260509_VPLC_L1_LIGHT_10_20_S01_R02,VPLC_L1_LIGHT_10_20,SER_20260509_VPLC_L1_LIGHT_10_20_S01,vPLC_container,VPLC_HOST,736,,,2026-05-09T16:35:51.242130358Z,,,,host_log,10,20,,,,,,1,32,,technical_check,vplc_status_cycle_duration_not_validated_as_Tper,0.050,100,работает
RUN_20260509_VPLC_L1_LIGHT_10_20_S01_R02,VPLC_L1_LIGHT_10_20,SER_20260509_VPLC_L1_LIGHT_10_20_S01,vPLC_container,VPLC_HOST,737,,,2026-05-09T16:35:52.295957570Z,,,,host_log,10,20,,,,,,1,32,,technical_check,vplc_status_cycle_duration_not_validated_as_Tper,0.070,100,работает
RUN_20260509_VPLC_L1_LIGHT_10_20_S01_R02,VPLC_L1_LIGHT_10_20,SER_20260509_VPLC_L1_LIGHT_10_20_S01,vPLC_container,VPLC_HOST,738,,,2026-05-09T16:35:53.353654196Z,,,,host_log,10,20,,,,,,1,32,,technical_check,vplc_status_cycle_duration_not_validated_as_Tper,4.035,100,работает
RUN_20260509_VPLC_L1_LIGHT_10_20_S01_R02,VPLC_L1_LIGHT_10_20,SER_20260509_VPLC_L1_LIGHT_10_20_S01,vPLC_container,VPLC_HOST,739,,,2026-05-09T16:35:54.407832156Z,,,,host_log,10,20,,,,,,1,32,,technical_check,vplc_status_cycle_duration_not_validated_as_Tper,4.708,100,работает
RUN_20260509_VPLC_L1_LIGHT_10_20_S01_R02,VPLC_L1_LIGHT_10_20,SER_20260509_VPLC_L1_LIGHT_10_20_S01,vPLC_container,VPLC_HOST,740,,,2026-05-09T16:35:55.463064720Z,,,,host_log,10,20,,,,,,1,32,,technical_check,vplc_status_cycle_duration_not_validated_as_Tper,0.069,100,работает
RUN_20260509_VPLC_L1_LIGHT_10_20_S01_R02,VPLC_L1_LIGHT_10_20,SER_20260509_VPLC_L1_LIGHT_10_20_S01,vPLC_container,VPLC_HOST,741,,,2026-05-09T16:35:56.518170959Z,,,,host_log,10,20,,,,,,1,32,,technical_check,vplc_status_cycle_duration_not_validated_as_Tper,0.068,100,работает
RUN_20260509_VPLC_L1_LIGHT_10_20_S01_R02,VPLC_L1_LIGHT_10_20,SER_20260509_VPLC_L1_LIGHT_10_20_S01,vPLC_container,VPLC_HOST,742,,,2026-05-09T16:35:57.572109749Z,,,,host_log,10,20,,,,,,1,32,,technical_check,vplc_status_cycle_duration_not_validated_as_Tper,0.070,100,работает
RUN_20260509_VPLC_L1_LIGHT_10_20_S01_R02,VPLC_L1_LIGHT_10_20,SER_20260509_VPLC_L1_LIGHT_10_20_S01,vPLC_container,VPLC_HOST,743,,,2026-05-09T16:35:58.629045751Z,,,,host_log,10,20,,,,,,1,32,,technical_check,vplc_status_cycle_duration_not_validated_as_Tper,0.066,100,работает
RUN_20260509_VPLC_L1_LIGHT_10_20_S01_R02,VPLC_L1_LIGHT_10_20,SER_20260509_VPLC_L1_LIGHT_10_20_S01,vPLC_container,VPLC_HOST,744,,,2026-05-09T16:35:59.685937892Z,,,,host_log,10,20,,,,,,1,32,,technical_check,vplc_status_cycle_duration_not_validated_as_Tper,0.069,100,работает
RUN_20260509_VPLC_L1_LIGHT_10_20_S01_R02,VPLC_L1_LIGHT_10_20,SER_20260509_VPLC_L1_LIGHT_10_20_S01,vPLC_container,VPLC_HOST,745,,,2026-05-09T16:36:00.740318148Z,,,,host_log,10,20,,,,,,1,32,,technical_check,vplc_status_cycle_duration_not_validated_as_Tper,0.048,100,работает
RUN_20260509_VPLC_L1_LIGHT_10_20_S01_R02,VPLC_L1_LIGHT_10_20,SER_20260509_VPLC_L1_LIGHT_10_20_S01,vPLC_container,VPLC_HOST,746,,,2026-05-09T16:36:01.793262393Z,,,,host_log,10,20,,,,,,1,32,,technical_check,vplc_status_cycle_duration_not_validated_as_Tper,0.069,100,работает
RUN_20260509_VPLC_L1_LIGHT_10_20_S01_R02,VPLC_L1_LIGHT_10_20,SER_20260509_VPLC_L1_LIGHT_10_20_S01,vPLC_container,VPLC_HOST,747,,,2026-05-09T16:36:02.849880924Z,,,,host_log,10,20,,,,,,1,32,,technical_check,vplc_status_cycle_duration_not_validated_as_Tper,0.028,100,работает
RUN_20260509_VPLC_L1_LIGHT_10_20_S01_R02,VPLC_L1_LIGHT_10_20,SER_20260509_VPLC_L1_LIGHT_10_20_S01,vPLC_container,VPLC_HOST,748,,,2026-05-09T16:36:03.906883234Z,,,,host_log,10,20,,,,,,1,32,,technical_check,vplc_status_cycle_duration_not_validated_as_Tper,0.068,100,работает
RUN_20260509_VPLC_L1_LIGHT_10_20_S01_R02,VPLC_L1_LIGHT_10_20,SER_20260509_VPLC_L1_LIGHT_10_20_S01,vPLC_container,VPLC_HOST,749,,,2026-05-09T16:36:04.961566244Z,,,,host_log,10,20,,,,,,1,32,,technical_check,vplc_status_cycle_duration_not_validated_as_Tper,0.070,100,работает
RUN_20260509_VPLC_L1_LIGHT_10_20_S01_R02,VPLC_L1_LIGHT_10_20,SER_20260509_VPLC_L1_LIGHT_10_20_S01,vPLC_container,VPLC_HOST,750,,,2026-05-09T16:36:06.017312492Z,,,,host_log,10,20,,,,,,1,32,,technical_check,vplc_status_cycle_duration_not_validated_as_Tper,0.069,100,работает
RUN_20260509_VPLC_L1_LIGHT_10_20_S01_R02,VPLC_L1_LIGHT_10_20,SER_20260509_VPLC_L1_LIGHT_10_20_S01,vPLC_container,VPLC_HOST,751,,,2026-05-09T16:36:07.072709202Z,,,,host_log,10,20,,,,,,1,32,,technical_check,vplc_status_cycle_duration_not_validated_as_Tper,0.070,100,работает
RUN_20260509_VPLC_L1_LIGHT_10_20_S01_R02,VPLC_L1_LIGHT_10_20,SER_20260509_VPLC_L1_LIGHT_10_20_S01,vPLC_container,VPLC_HOST,752,,,2026-05-09T16:36:08.127979668Z,,,,host_log,10,20,,,,,,1,32,,technical_check,vplc_status_cycle_duration_not_validated_as_Tper,0.070,100,работает
RUN_20260509_VPLC_L1_LIGHT_10_20_S01_R02,VPLC_L1_LIGHT_10_20,SER_20260509_VPLC_L1_LIGHT_10_20_S01,vPLC_container,VPLC_HOST,753,,,2026-05-09T16:36:09.183589676Z,,,,host_log,10,20,,,,,,1,32,,technical_check,vplc_status_cycle_duration_not_validated_as_Tper,0.070,100,работает
RUN_20260509_VPLC_L1_LIGHT_10_20_S01_R02,VPLC_L1_LIGHT_10_20,SER_20260509_VPLC_L1_LIGHT_10_20_S01,vPLC_container,VPLC_HOST,754,,,2026-05-09T16:36:10.238962285Z,,,,host_log,10,20,,,,,,1,32,,technical_check,vplc_status_cycle_duration_not_validated_as_Tper,0.049,100,работает
RUN_20260509_VPLC_L1_LIGHT_10_20_S01_R02,VPLC_L1_LIGHT_10_20,SER_20260509_VPLC_L1_LIGHT_10_20_S01,vPLC_container,VPLC_HOST,755,,,2026-05-09T16:36:11.294909037Z,,,,host_log,10,20,,,,,,1,32,,technical_check,vplc_status_cycle_duration_not_validated_as_Tper,0.070,100,работает
RUN_20260509_VPLC_L1_LIGHT_10_20_S01_R02,VPLC_L1_LIGHT_10_20,SER_20260509_VPLC_L1_LIGHT_10_20_S01,vPLC_container,VPLC_HOST,756,,,2026-05-09T16:36:12.348767617Z,,,,host_log,10,20,,,,,,1,32,,technical_check,vplc_status_cycle_duration_not_validated_as_Tper,3.645,100,работает
RUN_20260509_VPLC_L1_LIGHT_10_20_S01_R02,VPLC_L1_LIGHT_10_20,SER_20260509_VPLC_L1_LIGHT_10_20_S01,vPLC_container,VPLC_HOST,757,,,2026-05-09T16:36:13.404714091Z,,,,host_log,10,20,,,,,,1,32,,technical_check,vplc_status_cycle_duration_not_validated_as_Tper,4.360,100,работает
RUN_20260509_VPLC_L1_LIGHT_10_20_S01_R02,VPLC_L1_LIGHT_10_20,SER_20260509_VPLC_L1_LIGHT_10_20_S01,vPLC_container,VPLC_HOST,758,,,2026-05-09T16:36:14.460604924Z,,,,host_log,10,20,,,,,,1,32,,technical_check,vplc_status_cycle_duration_not_validated_as_Tper,0.070,100,работает
RUN_20260509_VPLC_L1_LIGHT_10_20_S01_R02,VPLC_L1_LIGHT_10_20,SER_20260509_VPLC_L1_LIGHT_10_20_S01,vPLC_container,VPLC_HOST,759,,,2026-05-09T16:36:15.516404002Z,,,,host_log,10,20,,,,,,1,32,,technical_check,vplc_status_cycle_duration_not_validated_as_Tper,0.070,100,работает
RUN_20260509_VPLC_L1_LIGHT_10_20_S01_R02,VPLC_L1_LIGHT_10_20,SER_20260509_VPLC_L1_LIGHT_10_20_S01,vPLC_container,VPLC_HOST,760,,,2026-05-09T16:36:16.570824811Z,,,,host_log,10,20,,,,,,1,32,,technical_check,vplc_status_cycle_duration_not_validated_as_Tper,0.067,100,работает
RUN_20260509_VPLC_L1_LIGHT_10_20_S01_R02,VPLC_L1_LIGHT_10_20,SER_20260509_VPLC_L1_LIGHT_10_20_S01,vPLC_container,VPLC_HOST,761,,,2026-05-09T16:36:17.626722907Z,,,,host_log,10,20,,,,,,1,32,,technical_check,vplc_status_cycle_duration_not_validated_as_Tper,0.049,100,работает
RUN_20260509_VPLC_L1_LIGHT_10_20_S01_R02,VPLC_L1_LIGHT_10_20,SER_20260509_VPLC_L1_LIGHT_10_20_S01,vPLC_container,VPLC_HOST,762,,,2026-05-09T16:36:18.682284521Z,,,,host_log,10,20,,,,,,1,32,,technical_check,vplc_status_cycle_duration_not_validated_as_Tper,0.070,100,работает
RUN_20260509_VPLC_L1_LIGHT_10_20_S01_R02,VPLC_L1_LIGHT_10_20,SER_20260509_VPLC_L1_LIGHT_10_20_S01,vPLC_container,VPLC_HOST,763,,,2026-05-09T16:36:19.734704044Z,,,,host_log,10,20,,,,,,1,32,,technical_check,vplc_status_cycle_duration_not_validated_as_Tper,0.050,100,работает
RUN_20260509_VPLC_L1_LIGHT_10_20_S01_R02,VPLC_L1_LIGHT_10_20,SER_20260509_VPLC_L1_LIGHT_10_20_S01,vPLC_container,VPLC_HOST,764,,,2026-05-09T16:36:20.788782513Z,,,,host_log,10,20,,,,,,1,32,,technical_check,vplc_status_cycle_duration_not_validated_as_Tper,0.069,100,работает
RUN_20260509_VPLC_L1_LIGHT_10_20_S01_R02,VPLC_L1_LIGHT_10_20,SER_20260509_VPLC_L1_LIGHT_10_20_S01,vPLC_container,VPLC_HOST,765,,,2026-05-09T16:36:21.841620408Z,,,,host_log,10,20,,,,,,1,32,,technical_check,vplc_status_cycle_duration_not_validated_as_Tper,0.049,100,работает
RUN_20260509_VPLC_L1_LIGHT_10_20_S01_R02,VPLC_L1_LIGHT_10_20,SER_20260509_VPLC_L1_LIGHT_10_20_S01,vPLC_container,VPLC_HOST,766,,,2026-05-09T16:36:22.895773604Z,,,,host_log,10,20,,,,,,1,32,,technical_check,vplc_status_cycle_duration_not_validated_as_Tper,0.069,100,работает
RUN_20260509_VPLC_L1_LIGHT_10_20_S01_R02,VPLC_L1_LIGHT_10_20,SER_20260509_VPLC_L1_LIGHT_10_20_S01,vPLC_container,VPLC_HOST,767,,,2026-05-09T16:36:23.948181541Z,,,,host_log,10,20,,,,,,1,32,,technical_check,vplc_status_cycle_duration_not_validated_as_Tper,0.034,100,работает
RUN_20260509_VPLC_L1_LIGHT_10_20_S01_R02,VPLC_L1_LIGHT_10_20,SER_20260509_VPLC_L1_LIGHT_10_20_S01,vPLC_container,VPLC_HOST,768,,,2026-05-09T16:36:25.007216103Z,,,,host_log,10,20,,,,,,1,32,,technical_check,vplc_status_cycle_duration_not_validated_as_Tper,0.070,100,работает
RUN_20260509_VPLC_L1_LIGHT_10_20_S01_R02,VPLC_L1_LIGHT_10_20,SER_20260509_VPLC_L1_LIGHT_10_20_S01,vPLC_container,VPLC_HOST,769,,,2026-05-09T16:36:26.061948878Z,,,,host_log,10,20,,,,,,1,32,,technical_check,vplc_status_cycle_duration_not_validated_as_Tper,0.069,100,работает
RUN_20260509_VPLC_L1_LIGHT_10_20_S01_R02,VPLC_L1_LIGHT_10_20,SER_20260509_VPLC_L1_LIGHT_10_20_S01,vPLC_container,VPLC_HOST,770,,,2026-05-09T16:36:27.117672160Z,,,,host_log,10,20,,,,,,1,32,,technical_check,vplc_status_cycle_duration_not_validated_as_Tper,0.069,100,работает
RUN_20260509_VPLC_L1_LIGHT_10_20_S01_R02,VPLC_L1_LIGHT_10_20,SER_20260509_VPLC_L1_LIGHT_10_20_S01,vPLC_container,VPLC_HOST,771,,,2026-05-09T16:36:28.172403171Z,,,,host_log,10,20,,,,,,1,32,,technical_check,vplc_status_cycle_duration_not_validated_as_Tper,0.069,100,работает
RUN_20260509_VPLC_L1_LIGHT_10_20_S01_R02,VPLC_L1_LIGHT_10_20,SER_20260509_VPLC_L1_LIGHT_10_20_S01,vPLC_container,VPLC_HOST,772,,,2026-05-09T16:36:29.228013896Z,,,,host_log,10,20,,,,,,1,32,,technical_check,vplc_status_cycle_duration_not_validated_as_Tper,0.070,100,работает
RUN_20260509_VPLC_L1_LIGHT_10_20_S01_R02,VPLC_L1_LIGHT_10_20,SER_20260509_VPLC_L1_LIGHT_10_20_S01,vPLC_container,VPLC_HOST,773,,,2026-05-09T16:36:30.283673860Z,,,,host_log,10,20,,,,,,1,32,,technical_check,vplc_status_cycle_duration_not_validated_as_Tper,0.070,100,работает
RUN_20260509_VPLC_L1_LIGHT_10_20_S01_R02,VPLC_L1_LIGHT_10_20,SER_20260509_VPLC_L1_LIGHT_10_20_S01,vPLC_container,VPLC_HOST,774,,,2026-05-09T16:36:31.338664432Z,,,,host_log,10,20,,,,,,1,32,,technical_check,vplc_status_cycle_duration_not_validated_as_Tper,6.102,100,работает
RUN_20260509_VPLC_L1_LIGHT_10_20_S01_R02,VPLC_L1_LIGHT_10_20,SER_20260509_VPLC_L1_LIGHT_10_20_S01,vPLC_container,VPLC_HOST,775,,,2026-05-09T16:36:32.393781009Z,,,,host_log,10,20,,,,,,1,32,,technical_check,vplc_status_cycle_duration_not_validated_as_Tper,4.512,100,работает
RUN_20260509_VPLC_L1_LIGHT_10_20_S01_R02,VPLC_L1_LIGHT_10_20,SER_20260509_VPLC_L1_LIGHT_10_20_S01,vPLC_container,VPLC_HOST,776,,,2026-05-09T16:36:33.449162051Z,,,,host_log,10,20,,,,,,1,32,,technical_check,vplc_status_cycle_duration_not_validated_as_Tper,0.028,100,работает
RUN_20260509_VPLC_L1_LIGHT_10_20_S01_R02,VPLC_L1_LIGHT_10_20,SER_20260509_VPLC_L1_LIGHT_10_20_S01,vPLC_container,VPLC_HOST,777,,,2026-05-09T16:36:34.504143991Z,,,,host_log,10,20,,,,,,1,32,,technical_check,vplc_status_cycle_duration_not_validated_as_Tper,0.071,100,работает
RUN_20260509_VPLC_L1_LIGHT_10_20_S01_R02,VPLC_L1_LIGHT_10_20,SER_20260509_VPLC_L1_LIGHT_10_20_S01,vPLC_container,VPLC_HOST,778,,,2026-05-09T16:36:35.559916314Z,,,,host_log,10,20,,,,,,1,32,,technical_check,vplc_status_cycle_duration_not_validated_as_Tper,0.063,100,работает
RUN_20260509_VPLC_L1_LIGHT_10_20_S01_R02,VPLC_L1_LIGHT_10_20,SER_20260509_VPLC_L1_LIGHT_10_20_S01,vPLC_container,VPLC_HOST,779,,,2026-05-09T16:36:36.615927363Z,,,,host_log,10,20,,,,,,1,32,,technical_check,vplc_status_cycle_duration_not_validated_as_Tper,0.069,100,работает
RUN_20260509_VPLC_L1_LIGHT_10_20_S01_R02,VPLC_L1_LIGHT_10_20,SER_20260509_VPLC_L1_LIGHT_10_20_S01,vPLC_container,VPLC_HOST,780,,,2026-05-09T16:36:37.670115895Z,,,,host_log,10,20,,,,,,1,32,,technical_check,vplc_status_cycle_duration_not_validated_as_Tper,0.071,100,работает
RUN_20260509_VPLC_L1_LIGHT_10_20_S01_R02,VPLC_L1_LIGHT_10_20,SER_20260509_VPLC_L1_LIGHT_10_20_S01,vPLC_container,VPLC_HOST,781,,,2026-05-09T16:36:38.726679620Z,,,,host_log,10,20,,,,,,1,32,,technical_check,vplc_status_cycle_duration_not_validated_as_Tper,0.050,100,работает
RUN_20260509_VPLC_L1_LIGHT_10_20_S01_R02,VPLC_L1_LIGHT_10_20,SER_20260509_VPLC_L1_LIGHT_10_20_S01,vPLC_container,VPLC_HOST,782,,,2026-05-09T16:36:39.781963121Z,,,,host_log,10,20,,,,,,1,32,,technical_check,vplc_status_cycle_duration_not_validated_as_Tper,0.070,100,работает
RUN_20260509_VPLC_L1_LIGHT_10_20_S01_R02,VPLC_L1_LIGHT_10_20,SER_20260509_VPLC_L1_LIGHT_10_20_S01,vPLC_container,VPLC_HOST,783,,,2026-05-09T16:36:40.834806675Z,,,,host_log,10,20,,,,,,1,32,,technical_check,vplc_status_cycle_duration_not_validated_as_Tper,0.049,100,работает
RUN_20260509_VPLC_L1_LIGHT_10_20_S01_R02,VPLC_L1_LIGHT_10_20,SER_20260509_VPLC_L1_LIGHT_10_20_S01,vPLC_container,VPLC_HOST,784,,,2026-05-09T16:36:41.892191351Z,,,,host_log,10,20,,,,,,1,32,,technical_check,vplc_status_cycle_duration_not_validated_as_Tper,0.070,100,работает
RUN_20260509_VPLC_L1_LIGHT_10_20_S01_R02,VPLC_L1_LIGHT_10_20,SER_20260509_VPLC_L1_LIGHT_10_20_S01,vPLC_container,VPLC_HOST,785,,,2026-05-09T16:36:42.947276854Z,,,,host_log,10,20,,,,,,1,32,,technical_check,vplc_status_cycle_duration_not_validated_as_Tper,0.040,100,работает
RUN_20260509_VPLC_L1_LIGHT_10_20_S01_R02,VPLC_L1_LIGHT_10_20,SER_20260509_VPLC_L1_LIGHT_10_20_S01,vPLC_container,VPLC_HOST,786,,,2026-05-09T16:36:44.001138561Z,,,,host_log,10,20,,,,,,1,32,,technical_check,vplc_status_cycle_duration_not_validated_as_Tper,0.070,100,работает
RUN_20260509_VPLC_L1_LIGHT_10_20_S01_R02,VPLC_L1_LIGHT_10_20,SER_20260509_VPLC_L1_LIGHT_10_20_S01,vPLC_container,VPLC_HOST,787,,,2026-05-09T16:36:45.054341835Z,,,,host_log,10,20,,,,,,1,32,,technical_check,vplc_status_cycle_duration_not_validated_as_Tper,0.035,100,работает
RUN_20260509_VPLC_L1_LIGHT_10_20_S01_R02,VPLC_L1_LIGHT_10_20,SER_20260509_VPLC_L1_LIGHT_10_20_S01,vPLC_container,VPLC_HOST,788,,,2026-05-09T16:36:46.112707977Z,,,,host_log,10,20,,,,,,1,32,,technical_check,vplc_status_cycle_duration_not_validated_as_Tper,0.070,100,работает
RUN_20260509_VPLC_L1_LIGHT_10_20_S01_R02,VPLC_L1_LIGHT_10_20,SER_20260509_VPLC_L1_LIGHT_10_20_S01,vPLC_container,VPLC_HOST,789,,,2026-05-09T16:36:47.167848034Z,,,,host_log,10,20,,,,,,1,32,,technical_check,vplc_status_cycle_duration_not_validated_as_Tper,0.069,100,работает
RUN_20260509_VPLC_L1_LIGHT_10_20_S01_R02,VPLC_L1_LIGHT_10_20,SER_20260509_VPLC_L1_LIGHT_10_20_S01,vPLC_container,VPLC_HOST,790,,,2026-05-09T16:36:48.221649230Z,,,,host_log,10,20,,,,,,1,32,,technical_check,vplc_status_cycle_duration_not_validated_as_Tper,0.049,100,работает
RUN_20260509_VPLC_L1_LIGHT_10_20_S01_R02,VPLC_L1_LIGHT_10_20,SER_20260509_VPLC_L1_LIGHT_10_20_S01,vPLC_container,VPLC_HOST,791,,,2026-05-09T16:36:49.276250540Z,,,,host_log,10,20,,,,,,1,32,,technical_check,vplc_status_cycle_duration_not_validated_as_Tper,0.069,100,работает
RUN_20260509_VPLC_L1_LIGHT_10_20_S01_R02,VPLC_L1_LIGHT_10_20,SER_20260509_VPLC_L1_LIGHT_10_20_S01,vPLC_container,VPLC_HOST,792,,,2026-05-09T16:36:50.333001473Z,,,,host_log,10,20,,,,,,1,32,,technical_check,vplc_status_cycle_duration_not_validated_as_Tper,4.573,100,работает
RUN_20260509_VPLC_L1_LIGHT_10_20_S01_R02,VPLC_L1_LIGHT_10_20,SER_20260509_VPLC_L1_LIGHT_10_20_S01,vPLC_container,VPLC_HOST,793,,,2026-05-09T16:36:51.388991741Z,,,,host_log,10,20,,,,,,1,32,,technical_check,vplc_status_cycle_duration_not_validated_as_Tper,4.898,100,работает
RUN_20260509_VPLC_L1_LIGHT_10_20_S01_R02,VPLC_L1_LIGHT_10_20,SER_20260509_VPLC_L1_LIGHT_10_20_S01,vPLC_container,VPLC_HOST,794,,,2026-05-09T16:36:52.445512518Z,,,,host_log,10,20,,,,,,1,32,,technical_check,vplc_status_cycle_duration_not_validated_as_Tper,0.039,100,работает
RUN_20260509_VPLC_L1_LIGHT_10_20_S01_R02,VPLC_L1_LIGHT_10_20,SER_20260509_VPLC_L1_LIGHT_10_20_S01,vPLC_container,VPLC_HOST,795,,,2026-05-09T16:36:53.496198692Z,,,,host_log,10,20,,,,,,1,32,,technical_check,vplc_status_cycle_duration_not_validated_as_Tper,0.069,100,работает
RUN_20260509_VPLC_L1_LIGHT_10_20_S01_R02,VPLC_L1_LIGHT_10_20,SER_20260509_VPLC_L1_LIGHT_10_20_S01,vPLC_container,VPLC_HOST,796,,,2026-05-09T16:36:54.556665587Z,,,,host_log,10,20,,,,,,1,32,,technical_check,vplc_status_cycle_duration_not_validated_as_Tper,0.045,100,работает
RUN_20260509_VPLC_L1_LIGHT_10_20_S01_R02,VPLC_L1_LIGHT_10_20,SER_20260509_VPLC_L1_LIGHT_10_20_S01,vPLC_container,VPLC_HOST,797,,,2026-05-09T16:36:55.611020916Z,,,,host_log,10,20,,,,,,1,32,,technical_check,vplc_status_cycle_duration_not_validated_as_Tper,0.070,100,работает
RUN_20260509_VPLC_L1_LIGHT_10_20_S01_R02,VPLC_L1_LIGHT_10_20,SER_20260509_VPLC_L1_LIGHT_10_20_S01,vPLC_container,VPLC_HOST,798,,,2026-05-09T16:36:56.666189887Z,,,,host_log,10,20,,,,,,1,32,,technical_check,vplc_status_cycle_duration_not_validated_as_Tper,0.070,100,работает
RUN_20260509_VPLC_L1_LIGHT_10_20_S01_R02,VPLC_L1_LIGHT_10_20,SER_20260509_VPLC_L1_LIGHT_10_20_S01,vPLC_container,VPLC_HOST,799,,,2026-05-09T16:36:57.721955100Z,,,,host_log,10,20,,,,,,1,32,,technical_check,vplc_status_cycle_duration_not_validated_as_Tper,0.067,100,работает
RUN_20260509_VPLC_L1_LIGHT_10_20_S01_R02,VPLC_L1_LIGHT_10_20,SER_20260509_VPLC_L1_LIGHT_10_20_S01,vPLC_container,VPLC_HOST,800,,,2026-05-09T16:36:58.774627419Z,,,,host_log,10,20,,,,,,1,32,,technical_check,vplc_status_cycle_duration_not_validated_as_Tper,0.069,100,работает
RUN_20260509_VPLC_L1_LIGHT_10_20_S01_R02,VPLC_L1_LIGHT_10_20,SER_20260509_VPLC_L1_LIGHT_10_20_S01,vPLC_container,VPLC_HOST,801,,,2026-05-09T16:36:59.828986330Z,,,,host_log,10,20,,,,,,1,32,,technical_check,vplc_status_cycle_duration_not_validated_as_Tper,0.068,100,работает
RUN_20260509_VPLC_L1_LIGHT_10_20_S01_R02,VPLC_L1_LIGHT_10_20,SER_20260509_VPLC_L1_LIGHT_10_20_S01,vPLC_container,VPLC_HOST,802,,,2026-05-09T16:37:00.888123078Z,,,,host_log,10,20,,,,,,1,32,,technical_check,vplc_status_cycle_duration_not_validated_as_Tper,0.070,100,работает
RUN_20260509_VPLC_L1_LIGHT_10_20_S01_R02,VPLC_L1_LIGHT_10_20,SER_20260509_VPLC_L1_LIGHT_10_20_S01,vPLC_container,VPLC_HOST,803,,,2026-05-09T16:37:01.941612578Z,,,,host_log,10,20,,,,,,1,32,,technical_check,vplc_status_cycle_duration_not_validated_as_Tper,0.048,100,работает
RUN_20260509_VPLC_L1_LIGHT_10_20_S01_R02,VPLC_L1_LIGHT_10_20,SER_20260509_VPLC_L1_LIGHT_10_20_S01,vPLC_container,VPLC_HOST,804,,,2026-05-09T16:37:02.997587361Z,,,,host_log,10,20,,,,,,1,32,,technical_check,vplc_status_cycle_duration_not_validated_as_Tper,0.071,100,работает
RUN_20260509_VPLC_L1_LIGHT_10_20_S01_R02,VPLC_L1_LIGHT_10_20,SER_20260509_VPLC_L1_LIGHT_10_20_S01,vPLC_container,VPLC_HOST,805,,,2026-05-09T16:37:04.053787932Z,,,,host_log,10,20,,,,,,1,32,,technical_check,vplc_status_cycle_duration_not_validated_as_Tper,0.035,100,работает
RUN_20260509_VPLC_L1_LIGHT_10_20_S01_R02,VPLC_L1_LIGHT_10_20,SER_20260509_VPLC_L1_LIGHT_10_20_S01,vPLC_container,VPLC_HOST,806,,,2026-05-09T16:37:05.106345231Z,,,,host_log,10,20,,,,,,1,32,,technical_check,vplc_status_cycle_duration_not_validated_as_Tper,0.070,100,работает
RUN_20260509_VPLC_L1_LIGHT_10_20_S01_R02,VPLC_L1_LIGHT_10_20,SER_20260509_VPLC_L1_LIGHT_10_20_S01,vPLC_container,VPLC_HOST,807,,,2026-05-09T16:37:06.160876638Z,,,,host_log,10,20,,,,,,1,32,,technical_check,vplc_status_cycle_duration_not_validated_as_Tper,0.068,100,работает
RUN_20260509_VPLC_L1_LIGHT_10_20_S01_R02,VPLC_L1_LIGHT_10_20,SER_20260509_VPLC_L1_LIGHT_10_20_S01,vPLC_container,VPLC_HOST,808,,,2026-05-09T16:37:07.218313636Z,,,,host_log,10,20,,,,,,1,32,,technical_check,vplc_status_cycle_duration_not_validated_as_Tper,0.070,100,работает
RUN_20260509_VPLC_L1_LIGHT_10_20_S01_R02,VPLC_L1_LIGHT_10_20,SER_20260509_VPLC_L1_LIGHT_10_20_S01,vPLC_container,VPLC_HOST,809,,,2026-05-09T16:37:08.274869373Z,,,,host_log,10,20,,,,,,1,32,,technical_check,vplc_status_cycle_duration_not_validated_as_Tper,0.070,100,работает
RUN_20260509_VPLC_L1_LIGHT_10_20_S01_R02,VPLC_L1_LIGHT_10_20,SER_20260509_VPLC_L1_LIGHT_10_20_S01,vPLC_container,VPLC_HOST,810,,,2026-05-09T16:37:09.323359039Z,,,,host_log,10,20,,,,,,1,32,,technical_check,vplc_status_cycle_duration_not_validated_as_Tper,4.993,100,работает
RUN_20260509_VPLC_L1_LIGHT_10_20_S01_R02,VPLC_L1_LIGHT_10_20,SER_20260509_VPLC_L1_LIGHT_10_20_S01,vPLC_container,VPLC_HOST,811,,,2026-05-09T16:37:10.384042437Z,,,,host_log,10,20,,,,,,1,32,,technical_check,vplc_status_cycle_duration_not_validated_as_Tper,4.980,100,работает
RUN_20260509_VPLC_L1_LIGHT_10_20_S01_R02,VPLC_L1_LIGHT_10_20,SER_20260509_VPLC_L1_LIGHT_10_20_S01,vPLC_container,VPLC_HOST,812,,,2026-05-09T16:37:11.440448338Z,,,,host_log,10,20,,,,,,1,32,,technical_check,vplc_status_cycle_duration_not_validated_as_Tper,0.050,100,работает
RUN_20260509_VPLC_L1_LIGHT_10_20_S01_R02,VPLC_L1_LIGHT_10_20,SER_20260509_VPLC_L1_LIGHT_10_20_S01,vPLC_container,VPLC_HOST,813,,,2026-05-09T16:37:12.494603049Z,,,,host_log,10,20,,,,,,1,32,,technical_check,vplc_status_cycle_duration_not_validated_as_Tper,0.069,100,работает
RUN_20260509_VPLC_L1_LIGHT_10_20_S01_R02,VPLC_L1_LIGHT_10_20,SER_20260509_VPLC_L1_LIGHT_10_20_S01,vPLC_container,VPLC_HOST,814,,,2026-05-09T16:37:13.548155973Z,,,,host_log,10,20,,,,,,1,32,,technical_check,vplc_status_cycle_duration_not_validated_as_Tper,0.034,100,работает
RUN_20260509_VPLC_L1_LIGHT_10_20_S01_R02,VPLC_L1_LIGHT_10_20,SER_20260509_VPLC_L1_LIGHT_10_20_S01,vPLC_container,VPLC_HOST,815,,,2026-05-09T16:37:14.605449433Z,,,,host_log,10,20,,,,,,1,32,,technical_check,vplc_status_cycle_duration_not_validated_as_Tper,0.066,100,работает
RUN_20260509_VPLC_L1_LIGHT_10_20_S01_R02,VPLC_L1_LIGHT_10_20,SER_20260509_VPLC_L1_LIGHT_10_20_S01,vPLC_container,VPLC_HOST,816,,,2026-05-09T16:37:15.660752042Z,,,,host_log,10,20,,,,,,1,32,,technical_check,vplc_status_cycle_duration_not_validated_as_Tper,0.071,100,работает
RUN_20260509_VPLC_L1_LIGHT_10_20_S01_R02,VPLC_L1_LIGHT_10_20,SER_20260509_VPLC_L1_LIGHT_10_20_S01,vPLC_container,VPLC_HOST,817,,,2026-05-09T16:37:16.716803610Z,,,,host_log,10,20,,,,,,1,32,,technical_check,vplc_status_cycle_duration_not_validated_as_Tper,0.069,100,работает
RUN_20260509_VPLC_L1_LIGHT_10_20_S01_R02,VPLC_L1_LIGHT_10_20,SER_20260509_VPLC_L1_LIGHT_10_20_S01,vPLC_container,VPLC_HOST,818,,,2026-05-09T16:37:17.769229315Z,,,,host_log,10,20,,,,,,1,32,,technical_check,vplc_status_cycle_duration_not_validated_as_Tper,0.068,100,работает
RUN_20260509_VPLC_L1_LIGHT_10_20_S01_R02,VPLC_L1_LIGHT_10_20,SER_20260509_VPLC_L1_LIGHT_10_20_S01,vPLC_container,VPLC_HOST,819,,,2026-05-09T16:37:18.825150930Z,,,,host_log,10,20,,,,,,1,32,,technical_check,vplc_status_cycle_duration_not_validated_as_Tper,0.049,100,работает
RUN_20260509_VPLC_L1_LIGHT_10_20_S01_R02,VPLC_L1_LIGHT_10_20,SER_20260509_VPLC_L1_LIGHT_10_20_S01,vPLC_container,VPLC_HOST,820,,,2026-05-09T16:37:19.881285907Z,,,,host_log,10,20,,,,,,1,32,,technical_check,vplc_status_cycle_duration_not_validated_as_Tper,0.070,100,работает
RUN_20260509_VPLC_L1_LIGHT_10_20_S01_R02,VPLC_L1_LIGHT_10_20,SER_20260509_VPLC_L1_LIGHT_10_20_S01,vPLC_container,VPLC_HOST,821,,,2026-05-09T16:37:20.937612742Z,,,,host_log,10,20,,,,,,1,32,,technical_check,vplc_status_cycle_duration_not_validated_as_Tper,0.048,100,работает
RUN_20260509_VPLC_L1_LIGHT_10_20_S01_R02,VPLC_L1_LIGHT_10_20,SER_20260509_VPLC_L1_LIGHT_10_20_S01,vPLC_container,VPLC_HOST,822,,,2026-05-09T16:37:21.991045811Z,,,,host_log,10,20,,,,,,1,32,,technical_check,vplc_status_cycle_duration_not_validated_as_Tper,0.070,100,работает
RUN_20260509_VPLC_L1_LIGHT_10_20_S01_R02,VPLC_L1_LIGHT_10_20,SER_20260509_VPLC_L1_LIGHT_10_20_S01,vPLC_container,VPLC_HOST,823,,,2026-05-09T16:37:23.047071673Z,,,,host_log,10,20,,,,,,1,32,,technical_check,vplc_status_cycle_duration_not_validated_as_Tper,0.038,100,работает
RUN_20260509_VPLC_L1_LIGHT_10_20_S01_R02,VPLC_L1_LIGHT_10_20,SER_20260509_VPLC_L1_LIGHT_10_20_S01,vPLC_container,VPLC_HOST,824,,,2026-05-09T16:37:24.100811197Z,,,,host_log,10,20,,,,,,1,32,,technical_check,vplc_status_cycle_duration_not_validated_as_Tper,0.070,100,работает
RUN_20260509_VPLC_L1_LIGHT_10_20_S01_R02,VPLC_L1_LIGHT_10_20,SER_20260509_VPLC_L1_LIGHT_10_20_S01,vPLC_container,VPLC_HOST,825,,,2026-05-09T16:37:25.158595003Z,,,,host_log,10,20,,,,,,1,32,,technical_check,vplc_status_cycle_duration_not_validated_as_Tper,0.053,100,работает
RUN_20260509_VPLC_L1_LIGHT_10_20_S01_R02,VPLC_L1_LIGHT_10_20,SER_20260509_VPLC_L1_LIGHT_10_20_S01,vPLC_container,VPLC_HOST,826,,,2026-05-09T16:37:26.211322780Z,,,,host_log,10,20,,,,,,1,32,,technical_check,vplc_status_cycle_duration_not_validated_as_Tper,0.071,100,работает
RUN_20260509_VPLC_L1_LIGHT_10_20_S01_R02,VPLC_L1_LIGHT_10_20,SER_20260509_VPLC_L1_LIGHT_10_20_S01,vPLC_container,VPLC_HOST,827,,,2026-05-09T16:37:27.268678396Z,,,,host_log,10,20,,,,,,1,32,,technical_check,vplc_status_cycle_duration_not_validated_as_Tper,0.070,100,работает
RUN_20260509_VPLC_L1_LIGHT_10_20_S01_R02,VPLC_L1_LIGHT_10_20,SER_20260509_VPLC_L1_LIGHT_10_20_S01,vPLC_container,VPLC_HOST,828,,,2026-05-09T16:37:28.324294703Z,,,,host_log,10,20,,,,,,1,32,,technical_check,vplc_status_cycle_duration_not_validated_as_Tper,0.069,100,работает
RUN_20260509_VPLC_L1_LIGHT_10_20_S01_R02,VPLC_L1_LIGHT_10_20,SER_20260509_VPLC_L1_LIGHT_10_20_S01,vPLC_container,VPLC_HOST,829,,,2026-05-09T16:37:29.379962617Z,,,,host_log,10,20,,,,,,1,32,,technical_check,vplc_status_cycle_duration_not_validated_as_Tper,4.764,100,работает
RUN_20260509_VPLC_L1_LIGHT_10_20_S01_R02,VPLC_L1_LIGHT_10_20,SER_20260509_VPLC_L1_LIGHT_10_20_S01,vPLC_container,VPLC_HOST,830,,,2026-05-09T16:37:30.430230490Z,,,,host_log,10,20,,,,,,1,32,,technical_check,vplc_status_cycle_duration_not_validated_as_Tper,0.045,100,работает
RUN_20260509_VPLC_L1_LIGHT_10_20_S01_R02,VPLC_L1_LIGHT_10_20,SER_20260509_VPLC_L1_LIGHT_10_20_S01,vPLC_container,VPLC_HOST,831,,,2026-05-09T16:37:31.488294739Z,,,,host_log,10,20,,,,,,1,32,,technical_check,vplc_status_cycle_duration_not_validated_as_Tper,0.072,100,работает
RUN_20260509_VPLC_L1_LIGHT_10_20_S01_R02,VPLC_L1_LIGHT_10_20,SER_20260509_VPLC_L1_LIGHT_10_20_S01,vPLC_container,VPLC_HOST,832,,,2026-05-09T16:37:32.545167981Z,,,,host_log,10,20,,,,,,1,32,,technical_check,vplc_status_cycle_duration_not_validated_as_Tper,0.040,100,работает
RUN_20260509_VPLC_L1_LIGHT_10_20_S01_R02,VPLC_L1_LIGHT_10_20,SER_20260509_VPLC_L1_LIGHT_10_20_S01,vPLC_container,VPLC_HOST,833,,,2026-05-09T16:37:33.600311890Z,,,,host_log,10,20,,,,,,1,32,,technical_check,vplc_status_cycle_duration_not_validated_as_Tper,0.069,100,работает
RUN_20260509_VPLC_L1_LIGHT_10_20_S01_R02,VPLC_L1_LIGHT_10_20,SER_20260509_VPLC_L1_LIGHT_10_20_S01,vPLC_container,VPLC_HOST,834,,,2026-05-09T16:37:34.656101952Z,,,,host_log,10,20,,,,,,1,32,,technical_check,vplc_status_cycle_duration_not_validated_as_Tper,0.043,100,работает
RUN_20260509_VPLC_L1_LIGHT_10_20_S01_R02,VPLC_L1_LIGHT_10_20,SER_20260509_VPLC_L1_LIGHT_10_20_S01,vPLC_container,VPLC_HOST,835,,,2026-05-09T16:37:35.710490329Z,,,,host_log,10,20,,,,,,1,32,,technical_check,vplc_status_cycle_duration_not_validated_as_Tper,0.068,100,работает
RUN_20260509_VPLC_L1_LIGHT_10_20_S01_R02,VPLC_L1_LIGHT_10_20,SER_20260509_VPLC_L1_LIGHT_10_20_S01,vPLC_container,VPLC_HOST,836,,,2026-05-09T16:37:36.765625076Z,,,,host_log,10,20,,,,,,1,32,,technical_check,vplc_status_cycle_duration_not_validated_as_Tper,0.068,100,работает
RUN_20260509_VPLC_L1_LIGHT_10_20_S01_R02,VPLC_L1_LIGHT_10_20,SER_20260509_VPLC_L1_LIGHT_10_20_S01,vPLC_container,VPLC_HOST,837,,,2026-05-09T16:37:37.822310948Z,,,,host_log,10,20,,,,,,1,32,,technical_check,vplc_status_cycle_duration_not_validated_as_Tper,0.067,100,работает
RUN_20260509_VPLC_L1_LIGHT_10_20_S01_R02,VPLC_L1_LIGHT_10_20,SER_20260509_VPLC_L1_LIGHT_10_20_S01,vPLC_container,VPLC_HOST,838,,,2026-05-09T16:37:38.877402051Z,,,,host_log,10,20,,,,,,1,32,,technical_check,vplc_status_cycle_duration_not_validated_as_Tper,0.068,100,работает
RUN_20260509_VPLC_L1_LIGHT_10_20_S01_R02,VPLC_L1_LIGHT_10_20,SER_20260509_VPLC_L1_LIGHT_10_20_S01,vPLC_container,VPLC_HOST,839,,,2026-05-09T16:37:39.930250046Z,,,,host_log,10,20,,,,,,1,32,,technical_check,vplc_status_cycle_duration_not_validated_as_Tper,0.049,100,работает
RUN_20260509_VPLC_L1_LIGHT_10_20_S01_R02,VPLC_L1_LIGHT_10_20,SER_20260509_VPLC_L1_LIGHT_10_20_S01,vPLC_container,VPLC_HOST,840,,,2026-05-09T16:37:40.985361496Z,,,,host_log,10,20,,,,,,1,32,,technical_check,vplc_status_cycle_duration_not_validated_as_Tper,0.070,100,работает
RUN_20260509_VPLC_L1_LIGHT_10_20_S01_R02,VPLC_L1_LIGHT_10_20,SER_20260509_VPLC_L1_LIGHT_10_20_S01,vPLC_container,VPLC_HOST,841,,,2026-05-09T16:37:42.043307460Z,,,,host_log,10,20,,,,,,1,32,,technical_check,vplc_status_cycle_duration_not_validated_as_Tper,0.048,100,работает
RUN_20260509_VPLC_L1_LIGHT_10_20_S01_R02,VPLC_L1_LIGHT_10_20,SER_20260509_VPLC_L1_LIGHT_10_20_S01,vPLC_container,VPLC_HOST,842,,,2026-05-09T16:37:43.098983358Z,,,,host_log,10,20,,,,,,1,32,,technical_check,vplc_status_cycle_duration_not_validated_as_Tper,0.069,100,работает
RUN_20260509_VPLC_L1_LIGHT_10_20_S01_R02,VPLC_L1_LIGHT_10_20,SER_20260509_VPLC_L1_LIGHT_10_20_S01,vPLC_container,VPLC_HOST,843,,,2026-05-09T16:37:44.153871462Z,,,,host_log,10,20,,,,,,1,32,,technical_check,vplc_status_cycle_duration_not_validated_as_Tper,0.036,100,работает
RUN_20260509_VPLC_L1_LIGHT_10_20_S01_R02,VPLC_L1_LIGHT_10_20,SER_20260509_VPLC_L1_LIGHT_10_20_S01,vPLC_container,VPLC_HOST,844,,,2026-05-09T16:37:45.209863888Z,,,,host_log,10,20,,,,,,1,32,,technical_check,vplc_status_cycle_duration_not_validated_as_Tper,0.070,100,работает
RUN_20260509_VPLC_L1_LIGHT_10_20_S01_R02,VPLC_L1_LIGHT_10_20,SER_20260509_VPLC_L1_LIGHT_10_20_S01,vPLC_container,VPLC_HOST,845,,,2026-05-09T16:37:46.264891860Z,,,,host_log,10,20,,,,,,1,32,,technical_check,vplc_status_cycle_duration_not_validated_as_Tper,0.070,100,работает
RUN_20260509_VPLC_L1_LIGHT_10_20_S01_R02,VPLC_L1_LIGHT_10_20,SER_20260509_VPLC_L1_LIGHT_10_20_S01,vPLC_container,VPLC_HOST,846,,,2026-05-09T16:37:47.318727639Z,,,,host_log,10,20,,,,,,1,32,,technical_check,vplc_status_cycle_duration_not_validated_as_Tper,0.069,100,работает
RUN_20260509_VPLC_L1_LIGHT_10_20_S01_R02,VPLC_L1_LIGHT_10_20,SER_20260509_VPLC_L1_LIGHT_10_20_S01,vPLC_container,VPLC_HOST,847,,,2026-05-09T16:37:48.375530836Z,,,,host_log,10,20,,,,,,1,32,,technical_check,vplc_status_cycle_duration_not_validated_as_Tper,4.749,100,работает
RUN_20260509_VPLC_L1_LIGHT_10_20_S01_R02,VPLC_L1_LIGHT_10_20,SER_20260509_VPLC_L1_LIGHT_10_20_S01,vPLC_container,VPLC_HOST,848,,,2026-05-09T16:37:49.429873862Z,,,,host_log,10,20,,,,,,1,32,,technical_check,vplc_status_cycle_duration_not_validated_as_Tper,0.050,100,работает
RUN_20260509_VPLC_L1_LIGHT_10_20_S01_R02,VPLC_L1_LIGHT_10_20,SER_20260509_VPLC_L1_LIGHT_10_20_S01,vPLC_container,VPLC_HOST,849,,,2026-05-09T16:37:50.482583155Z,,,,host_log,10,20,,,,,,1,32,,technical_check,vplc_status_cycle_duration_not_validated_as_Tper,0.070,100,работает
RUN_20260509_VPLC_L1_LIGHT_10_20_S01_R02,VPLC_L1_LIGHT_10_20,SER_20260509_VPLC_L1_LIGHT_10_20_S01,vPLC_container,VPLC_HOST,850,,,2026-05-09T16:37:51.540718446Z,,,,host_log,10,20,,,,,,1,32,,technical_check,vplc_status_cycle_duration_not_validated_as_Tper,0.049,100,работает
RUN_20260509_VPLC_L1_LIGHT_10_20_S01_R02,VPLC_L1_LIGHT_10_20,SER_20260509_VPLC_L1_LIGHT_10_20_S01,vPLC_container,VPLC_HOST,851,,,2026-05-09T16:37:52.595690442Z,,,,host_log,10,20,,,,,,1,32,,technical_check,vplc_status_cycle_duration_not_validated_as_Tper,0.069,100,работает
RUN_20260509_VPLC_L1_LIGHT_10_20_S01_R02,VPLC_L1_LIGHT_10_20,SER_20260509_VPLC_L1_LIGHT_10_20_S01,vPLC_container,VPLC_HOST,852,,,2026-05-09T16:37:53.651381668Z,,,,host_log,10,20,,,,,,1,32,,technical_check,vplc_status_cycle_duration_not_validated_as_Tper,0.025,100,работает
RUN_20260509_VPLC_L1_LIGHT_10_20_S01_R02,VPLC_L1_LIGHT_10_20,SER_20260509_VPLC_L1_LIGHT_10_20_S01,vPLC_container,VPLC_HOST,853,,,2026-05-09T16:37:54.704399456Z,,,,host_log,10,20,,,,,,1,32,,technical_check,vplc_status_cycle_duration_not_validated_as_Tper,0.067,100,работает
RUN_20260509_VPLC_L1_LIGHT_10_20_S01_R02,VPLC_L1_LIGHT_10_20,SER_20260509_VPLC_L1_LIGHT_10_20_S01,vPLC_container,VPLC_HOST,854,,,2026-05-09T16:37:55.762610199Z,,,,host_log,10,20,,,,,,1,32,,technical_check,vplc_status_cycle_duration_not_validated_as_Tper,0.069,100,работает
RUN_20260509_VPLC_L1_LIGHT_10_20_S01_R02,VPLC_L1_LIGHT_10_20,SER_20260509_VPLC_L1_LIGHT_10_20_S01,vPLC_container,VPLC_HOST,855,,,2026-05-09T16:37:56.818607169Z,,,,host_log,10,20,,,,,,1,32,,technical_check,vplc_status_cycle_duration_not_validated_as_Tper,0.068,100,работает
RUN_20260509_VPLC_L1_LIGHT_10_20_S01_R02,VPLC_L1_LIGHT_10_20,SER_20260509_VPLC_L1_LIGHT_10_20_S01,vPLC_container,VPLC_HOST,856,,,2026-05-09T16:37:57.874032210Z,,,,host_log,10,20,,,,,,1,32,,technical_check,vplc_status_cycle_duration_not_validated_as_Tper,0.069,100,работает
RUN_20260509_VPLC_L1_LIGHT_10_20_S01_R02,VPLC_L1_LIGHT_10_20,SER_20260509_VPLC_L1_LIGHT_10_20_S01,vPLC_container,VPLC_HOST,857,,,2026-05-09T16:37:58.929173288Z,,,,host_log,10,20,,,,,,1,32,,technical_check,vplc_status_cycle_duration_not_validated_as_Tper,0.048,100,работает
RUN_20260509_VPLC_L1_LIGHT_10_20_S01_R02,VPLC_L1_LIGHT_10_20,SER_20260509_VPLC_L1_LIGHT_10_20_S01,vPLC_container,VPLC_HOST,858,,,2026-05-09T16:37:59.985005301Z,,,,host_log,10,20,,,,,,1,32,,technical_check,vplc_status_cycle_duration_not_validated_as_Tper,0.068,100,работает
RUN_20260509_VPLC_L1_LIGHT_10_20_S01_R02,VPLC_L1_LIGHT_10_20,SER_20260509_VPLC_L1_LIGHT_10_20_S01,vPLC_container,VPLC_HOST,859,,,2026-05-09T16:38:01.037488338Z,,,,host_log,10,20,,,,,,1,32,,technical_check,vplc_status_cycle_duration_not_validated_as_Tper,0.049,100,работает
RUN_20260509_VPLC_L1_LIGHT_10_20_S01_R02,VPLC_L1_LIGHT_10_20,SER_20260509_VPLC_L1_LIGHT_10_20_S01,vPLC_container,VPLC_HOST,860,,,2026-05-09T16:38:02.092220621Z,,,,host_log,10,20,,,,,,1,32,,technical_check,vplc_status_cycle_duration_not_validated_as_Tper,0.069,100,работает
RUN_20260509_VPLC_L1_LIGHT_10_20_S01_R02,VPLC_L1_LIGHT_10_20,SER_20260509_VPLC_L1_LIGHT_10_20_S01,vPLC_container,VPLC_HOST,861,,,2026-05-09T16:38:03.150310664Z,,,,host_log,10,20,,,,,,1,32,,technical_check,vplc_status_cycle_duration_not_validated_as_Tper,0.028,100,работает
RUN_20260509_VPLC_L1_LIGHT_10_20_S01_R02,VPLC_L1_LIGHT_10_20,SER_20260509_VPLC_L1_LIGHT_10_20_S01,vPLC_container,VPLC_HOST,862,,,2026-05-09T16:38:04.205391469Z,,,,host_log,10,20,,,,,,1,32,,technical_check,vplc_status_cycle_duration_not_validated_as_Tper,0.069,100,работает
RUN_20260509_VPLC_L1_LIGHT_10_20_S01_R02,VPLC_L1_LIGHT_10_20,SER_20260509_VPLC_L1_LIGHT_10_20_S01,vPLC_container,VPLC_HOST,863,,,2026-05-09T16:38:05.256834855Z,,,,host_log,10,20,,,,,,1,32,,technical_check,vplc_status_cycle_duration_not_validated_as_Tper,0.046,100,работает
RUN_20260509_VPLC_L1_LIGHT_10_20_S01_R02,VPLC_L1_LIGHT_10_20,SER_20260509_VPLC_L1_LIGHT_10_20_S01,vPLC_container,VPLC_HOST,864,,,2026-05-09T16:38:06.316373425Z,,,,host_log,10,20,,,,,,1,32,,technical_check,vplc_status_cycle_duration_not_validated_as_Tper,0.070,100,работает
RUN_20260509_VPLC_L1_LIGHT_10_20_S01_R02,VPLC_L1_LIGHT_10_20,SER_20260509_VPLC_L1_LIGHT_10_20_S01,vPLC_container,VPLC_HOST,865,,,2026-05-09T16:38:07.371787862Z,,,,host_log,10,20,,,,,,1,32,,technical_check,vplc_status_cycle_duration_not_validated_as_Tper,4.647,100,работает
RUN_20260509_VPLC_L1_LIGHT_10_20_S01_R02,VPLC_L1_LIGHT_10_20,SER_20260509_VPLC_L1_LIGHT_10_20_S01,vPLC_container,VPLC_HOST,866,,,2026-05-09T16:38:08.426383601Z,,,,host_log,10,20,,,,,,1,32,,technical_check,vplc_status_cycle_duration_not_validated_as_Tper,0.050,100,работает
RUN_20260509_VPLC_L1_LIGHT_10_20_S01_R02,VPLC_L1_LIGHT_10_20,SER_20260509_VPLC_L1_LIGHT_10_20_S01,vPLC_container,VPLC_HOST,867,,,2026-05-09T16:38:09.479200148Z,,,,host_log,10,20,,,,,,1,32,,technical_check,vplc_status_cycle_duration_not_validated_as_Tper,0.070,100,работает
RUN_20260509_VPLC_L1_LIGHT_10_20_S01_R02,VPLC_L1_LIGHT_10_20,SER_20260509_VPLC_L1_LIGHT_10_20_S01,vPLC_container,VPLC_HOST,868,,,2026-05-09T16:38:10.537470970Z,,,,host_log,10,20,,,,,,1,32,,technical_check,vplc_status_cycle_duration_not_validated_as_Tper,0.050,100,работает
RUN_20260509_VPLC_L1_LIGHT_10_20_S01_R02,VPLC_L1_LIGHT_10_20,SER_20260509_VPLC_L1_LIGHT_10_20_S01,vPLC_container,VPLC_HOST,869,,,2026-05-09T16:38:11.590096548Z,,,,host_log,10,20,,,,,,1,32,,technical_check,vplc_status_cycle_duration_not_validated_as_Tper,0.067,100,работает
RUN_20260509_VPLC_L1_LIGHT_10_20_S01_R02,VPLC_L1_LIGHT_10_20,SER_20260509_VPLC_L1_LIGHT_10_20_S01,vPLC_container,VPLC_HOST,870,,,2026-05-09T16:38:12.647653106Z,,,,host_log,10,20,,,,,,1,32,,technical_check,vplc_status_cycle_duration_not_validated_as_Tper,0.033,100,работает
RUN_20260509_VPLC_L1_LIGHT_10_20_S01_R02,VPLC_L1_LIGHT_10_20,SER_20260509_VPLC_L1_LIGHT_10_20_S01,vPLC_container,VPLC_HOST,871,,,2026-05-09T16:38:13.701792141Z,,,,host_log,10,20,,,,,,1,32,,technical_check,vplc_status_cycle_duration_not_validated_as_Tper,0.069,100,работает
RUN_20260509_VPLC_L1_LIGHT_10_20_S01_R02,VPLC_L1_LIGHT_10_20,SER_20260509_VPLC_L1_LIGHT_10_20_S01,vPLC_container,VPLC_HOST,872,,,2026-05-09T16:38:14.758367602Z,,,,host_log,10,20,,,,,,1,32,,technical_check,vplc_status_cycle_duration_not_validated_as_Tper,0.053,100,работает
RUN_20260509_VPLC_L1_LIGHT_10_20_S01_R02,VPLC_L1_LIGHT_10_20,SER_20260509_VPLC_L1_LIGHT_10_20_S01,vPLC_container,VPLC_HOST,873,,,2026-05-09T16:38:15.808628458Z,,,,host_log,10,20,,,,,,1,32,,technical_check,vplc_status_cycle_duration_not_validated_as_Tper,0.069,100,работает
RUN_20260509_VPLC_L1_LIGHT_10_20_S01_R02,VPLC_L1_LIGHT_10_20,SER_20260509_VPLC_L1_LIGHT_10_20_S01,vPLC_container,VPLC_HOST,874,,,2026-05-09T16:38:16.867987748Z,,,,host_log,10,20,,,,,,1,32,,technical_check,vplc_status_cycle_duration_not_validated_as_Tper,0.068,100,работает
RUN_20260509_VPLC_L1_LIGHT_10_20_S01_R02,VPLC_L1_LIGHT_10_20,SER_20260509_VPLC_L1_LIGHT_10_20_S01,vPLC_container,VPLC_HOST,875,,,2026-05-09T16:38:17.922307489Z,,,,host_log,10,20,,,,,,1,32,,technical_check,vplc_status_cycle_duration_not_validated_as_Tper,0.048,100,работает
RUN_20260509_VPLC_L1_LIGHT_10_20_S01_R02,VPLC_L1_LIGHT_10_20,SER_20260509_VPLC_L1_LIGHT_10_20_S01,vPLC_container,VPLC_HOST,876,,,2026-05-09T16:38:18.978604638Z,,,,host_log,10,20,,,,,,1,32,,technical_check,vplc_status_cycle_duration_not_validated_as_Tper,0.068,100,работает
RUN_20260509_VPLC_L1_LIGHT_10_20_S01_R02,VPLC_L1_LIGHT_10_20,SER_20260509_VPLC_L1_LIGHT_10_20_S01,vPLC_container,VPLC_HOST,877,,,2026-05-09T16:38:20.032461494Z,,,,host_log,10,20,,,,,,1,32,,technical_check,vplc_status_cycle_duration_not_validated_as_Tper,0.049,100,работает
RUN_20260509_VPLC_L1_LIGHT_10_20_S01_R02,VPLC_L1_LIGHT_10_20,SER_20260509_VPLC_L1_LIGHT_10_20_S01,vPLC_container,VPLC_HOST,878,,,2026-05-09T16:38:21.088883538Z,,,,host_log,10,20,,,,,,1,32,,technical_check,vplc_status_cycle_duration_not_validated_as_Tper,0.069,100,работает
RUN_20260509_VPLC_L1_LIGHT_10_20_S01_R02,VPLC_L1_LIGHT_10_20,SER_20260509_VPLC_L1_LIGHT_10_20_S01,vPLC_container,VPLC_HOST,879,,,2026-05-09T16:38:22.144310248Z,,,,host_log,10,20,,,,,,1,32,,technical_check,vplc_status_cycle_duration_not_validated_as_Tper,0.048,100,работает
RUN_20260509_VPLC_L1_LIGHT_10_20_S01_R02,VPLC_L1_LIGHT_10_20,SER_20260509_VPLC_L1_LIGHT_10_20_S01,vPLC_container,VPLC_HOST,880,,,2026-05-09T16:38:23.197694422Z,,,,host_log,10,20,,,,,,1,32,,technical_check,vplc_status_cycle_duration_not_validated_as_Tper,0.069,100,работает
RUN_20260509_VPLC_L1_LIGHT_10_20_S01_R02,VPLC_L1_LIGHT_10_20,SER_20260509_VPLC_L1_LIGHT_10_20_S01,vPLC_container,VPLC_HOST,881,,,2026-05-09T16:38:24.253343998Z,,,,host_log,10,20,,,,,,1,32,,technical_check,vplc_status_cycle_duration_not_validated_as_Tper,0.033,100,работает
RUN_20260509_VPLC_L1_LIGHT_10_20_S01_R02,VPLC_L1_LIGHT_10_20,SER_20260509_VPLC_L1_LIGHT_10_20_S01,vPLC_container,VPLC_HOST,882,,,2026-05-09T16:38:25.311045748Z,,,,host_log,10,20,,,,,,1,32,,technical_check,vplc_status_cycle_duration_not_validated_as_Tper,0.069,100,работает
RUN_20260509_VPLC_L1_LIGHT_10_20_S01_R02,VPLC_L1_LIGHT_10_20,SER_20260509_VPLC_L1_LIGHT_10_20_S01,vPLC_container,VPLC_HOST,883,,,2026-05-09T16:38:26.365387356Z,,,,host_log,10,20,,,,,,1,32,,technical_check,vplc_status_cycle_duration_not_validated_as_Tper,4.674,100,работает
RUN_20260509_VPLC_L1_LIGHT_10_20_S01_R02,VPLC_L1_LIGHT_10_20,SER_20260509_VPLC_L1_LIGHT_10_20_S01,vPLC_container,VPLC_HOST,884,,,2026-05-09T16:38:27.420619184Z,,,,host_log,10,20,,,,,,1,32,,technical_check,vplc_status_cycle_duration_not_validated_as_Tper,4.372,100,работает
RUN_20260509_VPLC_L1_LIGHT_10_20_S01_R02,VPLC_L1_LIGHT_10_20,SER_20260509_VPLC_L1_LIGHT_10_20_S01,vPLC_container,VPLC_HOST,885,,,2026-05-09T16:38:28.477268541Z,,,,host_log,10,20,,,,,,1,32,,technical_check,vplc_status_cycle_duration_not_validated_as_Tper,0.071,100,работает
RUN_20260509_VPLC_L1_LIGHT_10_20_S01_R02,VPLC_L1_LIGHT_10_20,SER_20260509_VPLC_L1_LIGHT_10_20_S01,vPLC_container,VPLC_HOST,886,,,2026-05-09T16:38:29.530189905Z,,,,host_log,10,20,,,,,,1,32,,technical_check,vplc_status_cycle_duration_not_validated_as_Tper,0.050,100,работает
RUN_20260509_VPLC_L1_LIGHT_10_20_S01_R02,VPLC_L1_LIGHT_10_20,SER_20260509_VPLC_L1_LIGHT_10_20_S01,vPLC_container,VPLC_HOST,887,,,2026-05-09T16:38:30.586572950Z,,,,host_log,10,20,,,,,,1,32,,technical_check,vplc_status_cycle_duration_not_validated_as_Tper,0.071,100,работает
RUN_20260509_VPLC_L1_LIGHT_10_20_S01_R02,VPLC_L1_LIGHT_10_20,SER_20260509_VPLC_L1_LIGHT_10_20_S01,vPLC_container,VPLC_HOST,888,,,2026-05-09T16:38:31.638481949Z,,,,host_log,10,20,,,,,,1,32,,technical_check,vplc_status_cycle_duration_not_validated_as_Tper,0.051,100,работает
RUN_20260509_VPLC_L1_LIGHT_10_20_S01_R02,VPLC_L1_LIGHT_10_20,SER_20260509_VPLC_L1_LIGHT_10_20_S01,vPLC_container,VPLC_HOST,889,,,2026-05-09T16:38:32.695301035Z,,,,host_log,10,20,,,,,,1,32,,technical_check,vplc_status_cycle_duration_not_validated_as_Tper,0.069,100,работает
RUN_20260509_VPLC_L1_LIGHT_10_20_S01_R02,VPLC_L1_LIGHT_10_20,SER_20260509_VPLC_L1_LIGHT_10_20_S01,vPLC_container,VPLC_HOST,890,,,2026-05-09T16:38:33.753494497Z,,,,host_log,10,20,,,,,,1,32,,technical_check,vplc_status_cycle_duration_not_validated_as_Tper,0.038,100,работает
RUN_20260509_VPLC_L1_LIGHT_10_20_S01_R02,VPLC_L1_LIGHT_10_20,SER_20260509_VPLC_L1_LIGHT_10_20_S01,vPLC_container,VPLC_HOST,891,,,2026-05-09T16:38:34.808525362Z,,,,host_log,10,20,,,,,,1,32,,technical_check,vplc_status_cycle_duration_not_validated_as_Tper,0.070,100,работает
RUN_20260509_VPLC_L1_LIGHT_10_20_S01_R02,VPLC_L1_LIGHT_10_20,SER_20260509_VPLC_L1_LIGHT_10_20_S01,vPLC_container,VPLC_HOST,892,,,2026-05-09T16:38:35.861507346Z,,,,host_log,10,20,,,,,,1,32,,technical_check,vplc_status_cycle_duration_not_validated_as_Tper,0.069,100,работает
RUN_20260509_VPLC_L1_LIGHT_10_20_S01_R02,VPLC_L1_LIGHT_10_20,SER_20260509_VPLC_L1_LIGHT_10_20_S01,vPLC_container,VPLC_HOST,893,,,2026-05-09T16:38:36.916612422Z,,,,host_log,10,20,,,,,,1,32,,technical_check,vplc_status_cycle_duration_not_validated_as_Tper,0.067,100,работает
RUN_20260509_VPLC_L1_LIGHT_10_20_S01_R02,VPLC_L1_LIGHT_10_20,SER_20260509_VPLC_L1_LIGHT_10_20_S01,vPLC_container,VPLC_HOST,894,,,2026-05-09T16:38:37.972594291Z,,,,host_log,10,20,,,,,,1,32,,technical_check,vplc_status_cycle_duration_not_validated_as_Tper,0.069,100,работает
RUN_20260509_VPLC_L1_LIGHT_10_20_S01_R02,VPLC_L1_LIGHT_10_20,SER_20260509_VPLC_L1_LIGHT_10_20_S01,vPLC_container,VPLC_HOST,895,,,2026-05-09T16:38:39.029952064Z,,,,host_log,10,20,,,,,,1,32,,technical_check,vplc_status_cycle_duration_not_validated_as_Tper,0.049,100,работает
RUN_20260509_VPLC_L1_LIGHT_10_20_S01_R02,VPLC_L1_LIGHT_10_20,SER_20260509_VPLC_L1_LIGHT_10_20_S01,vPLC_container,VPLC_HOST,896,,,2026-05-09T16:38:40.084213792Z,,,,host_log,10,20,,,,,,1,32,,technical_check,vplc_status_cycle_duration_not_validated_as_Tper,0.070,100,работает
RUN_20260509_VPLC_L1_LIGHT_10_20_S01_R02,VPLC_L1_LIGHT_10_20,SER_20260509_VPLC_L1_LIGHT_10_20_S01,vPLC_container,VPLC_HOST,897,,,2026-05-09T16:38:41.139331550Z,,,,host_log,10,20,,,,,,1,32,,technical_check,vplc_status_cycle_duration_not_validated_as_Tper,0.048,100,работает
RUN_20260509_VPLC_L1_LIGHT_10_20_S01_R02,VPLC_L1_LIGHT_10_20,SER_20260509_VPLC_L1_LIGHT_10_20_S01,vPLC_container,VPLC_HOST,898,,,2026-05-09T16:38:42.194646650Z,,,,host_log,10,20,,,,,,1,32,,technical_check,vplc_status_cycle_duration_not_validated_as_Tper,0.071,100,работает
RUN_20260509_VPLC_L1_LIGHT_10_20_S01_R02,VPLC_L1_LIGHT_10_20,SER_20260509_VPLC_L1_LIGHT_10_20_S01,vPLC_container,VPLC_HOST,899,,,2026-05-09T16:38:43.249719446Z,,,,host_log,10,20,,,,,,1,32,,technical_check,vplc_status_cycle_duration_not_validated_as_Tper,0.028,100,работает
RUN_20260509_VPLC_L1_LIGHT_10_20_S01_R02,VPLC_L1_LIGHT_10_20,SER_20260509_VPLC_L1_LIGHT_10_20_S01,vPLC_container,VPLC_HOST,900,,,2026-05-09T16:38:44.304531789Z,,,,host_log,10,20,,,,,,1,32,,technical_check,vplc_status_cycle_duration_not_validated_as_Tper,0.068,100,работает
RUN_20260509_VPLC_L1_LIGHT_10_20_S01_R02,VPLC_L1_LIGHT_10_20,SER_20260509_VPLC_L1_LIGHT_10_20_S01,vPLC_container,VPLC_HOST,901,,,2026-05-09T16:38:45.360679767Z,,,,host_log,10,20,,,,,,1,32,,technical_check,vplc_status_cycle_duration_not_validated_as_Tper,4.434,100,работает
RUN_20260509_VPLC_L1_LIGHT_10_20_S01_R02,VPLC_L1_LIGHT_10_20,SER_20260509_VPLC_L1_LIGHT_10_20_S01,vPLC_container,VPLC_HOST,902,,,2026-05-09T16:38:46.415690721Z,,,,host_log,10,20,,,,,,1,32,,technical_check,vplc_status_cycle_duration_not_validated_as_Tper,4.376,100,работает
RUN_20260509_VPLC_L1_LIGHT_10_20_S01_R02,VPLC_L1_LIGHT_10_20,SER_20260509_VPLC_L1_LIGHT_10_20_S01,vPLC_container,VPLC_HOST,903,,,2026-05-09T16:38:47.470090218Z,,,,host_log,10,20,,,,,,1,32,,technical_check,vplc_status_cycle_duration_not_validated_as_Tper,0.067,100,работает
RUN_20260509_VPLC_L1_LIGHT_10_20_S01_R02,VPLC_L1_LIGHT_10_20,SER_20260509_VPLC_L1_LIGHT_10_20_S01,vPLC_container,VPLC_HOST,904,,,2026-05-09T16:38:48.525615791Z,,,,host_log,10,20,,,,,,1,32,,technical_check,vplc_status_cycle_duration_not_validated_as_Tper,0.071,100,работает
RUN_20260509_VPLC_L1_LIGHT_10_20_S01_R02,VPLC_L1_LIGHT_10_20,SER_20260509_VPLC_L1_LIGHT_10_20_S01,vPLC_container,VPLC_HOST,905,,,2026-05-09T16:38:49.579168767Z,,,,host_log,10,20,,,,,,1,32,,technical_check,vplc_status_cycle_duration_not_validated_as_Tper,0.071,100,работает
RUN_20260509_VPLC_L1_LIGHT_10_20_S01_R02,VPLC_L1_LIGHT_10_20,SER_20260509_VPLC_L1_LIGHT_10_20_S01,vPLC_container,VPLC_HOST,906,,,2026-05-09T16:38:50.636505610Z,,,,host_log,10,20,,,,,,1,32,,technical_check,vplc_status_cycle_duration_not_validated_as_Tper,0.050,100,работает
RUN_20260509_VPLC_L1_LIGHT_10_20_S01_R02,VPLC_L1_LIGHT_10_20,SER_20260509_VPLC_L1_LIGHT_10_20_S01,vPLC_container,VPLC_HOST,907,,,2026-05-09T16:38:51.691959318Z,,,,host_log,10,20,,,,,,1,32,,technical_check,vplc_status_cycle_duration_not_validated_as_Tper,0.069,100,работает
RUN_20260509_VPLC_L1_LIGHT_10_20_S01_R02,VPLC_L1_LIGHT_10_20,SER_20260509_VPLC_L1_LIGHT_10_20_S01,vPLC_container,VPLC_HOST,908,,,2026-05-09T16:38:52.748395219Z,,,,host_log,10,20,,,,,,1,32,,technical_check,vplc_status_cycle_duration_not_validated_as_Tper,0.034,100,работает
RUN_20260509_VPLC_L1_LIGHT_10_20_S01_R02,VPLC_L1_LIGHT_10_20,SER_20260509_VPLC_L1_LIGHT_10_20_S01,vPLC_container,VPLC_HOST,909,,,2026-05-09T16:38:53.802307258Z,,,,host_log,10,20,,,,,,1,32,,technical_check,vplc_status_cycle_duration_not_validated_as_Tper,0.069,100,работает
RUN_20260509_VPLC_L1_LIGHT_10_20_S01_R02,VPLC_L1_LIGHT_10_20,SER_20260509_VPLC_L1_LIGHT_10_20_S01,vPLC_container,VPLC_HOST,910,,,2026-05-09T16:38:54.858642742Z,,,,host_log,10,20,,,,,,1,32,,technical_check,vplc_status_cycle_duration_not_validated_as_Tper,0.053,100,работает
RUN_20260509_VPLC_L1_LIGHT_10_20_S01_R02,VPLC_L1_LIGHT_10_20,SER_20260509_VPLC_L1_LIGHT_10_20_S01,vPLC_container,VPLC_HOST,911,,,2026-05-09T16:38:55.910770285Z,,,,host_log,10,20,,,,,,1,32,,technical_check,vplc_status_cycle_duration_not_validated_as_Tper,0.069,100,работает
RUN_20260509_VPLC_L1_LIGHT_10_20_S01_R02,VPLC_L1_LIGHT_10_20,SER_20260509_VPLC_L1_LIGHT_10_20_S01,vPLC_container,VPLC_HOST,912,,,2026-05-09T16:38:56.966100427Z,,,,host_log,10,20,,,,,,1,32,,technical_check,vplc_status_cycle_duration_not_validated_as_Tper,0.069,100,работает
RUN_20260509_VPLC_L1_LIGHT_10_20_S01_R02,VPLC_L1_LIGHT_10_20,SER_20260509_VPLC_L1_LIGHT_10_20_S01,vPLC_container,VPLC_HOST,913,,,2026-05-09T16:38:58.021609074Z,,,,host_log,10,20,,,,,,1,32,,technical_check,vplc_status_cycle_duration_not_validated_as_Tper,0.050,100,работает
RUN_20260509_VPLC_L1_LIGHT_10_20_S01_R02,VPLC_L1_LIGHT_10_20,SER_20260509_VPLC_L1_LIGHT_10_20_S01,vPLC_container,VPLC_HOST,914,,,2026-05-09T16:38:59.078169209Z,,,,host_log,10,20,,,,,,1,32,,technical_check,vplc_status_cycle_duration_not_validated_as_Tper,0.071,100,работает
RUN_20260509_VPLC_L1_LIGHT_10_20_S01_R02,VPLC_L1_LIGHT_10_20,SER_20260509_VPLC_L1_LIGHT_10_20_S01,vPLC_container,VPLC_HOST,915,,,2026-05-09T16:39:00.133225665Z,,,,host_log,10,20,,,,,,1,32,,technical_check,vplc_status_cycle_duration_not_validated_as_Tper,0.049,100,работает
RUN_20260509_VPLC_L1_LIGHT_10_20_S01_R02,VPLC_L1_LIGHT_10_20,SER_20260509_VPLC_L1_LIGHT_10_20_S01,vPLC_container,VPLC_HOST,916,,,2026-05-09T16:39:01.188339761Z,,,,host_log,10,20,,,,,,1,32,,technical_check,vplc_status_cycle_duration_not_validated_as_Tper,0.069,100,работает
RUN_20260509_VPLC_L1_LIGHT_10_20_S01_R02,VPLC_L1_LIGHT_10_20,SER_20260509_VPLC_L1_LIGHT_10_20_S01,vPLC_container,VPLC_HOST,917,,,2026-05-09T16:39:02.242702996Z,,,,host_log,10,20,,,,,,1,32,,technical_check,vplc_status_cycle_duration_not_validated_as_Tper,0.049,100,работает
RUN_20260509_VPLC_L1_LIGHT_10_20_S01_R02,VPLC_L1_LIGHT_10_20,SER_20260509_VPLC_L1_LIGHT_10_20_S01,vPLC_container,VPLC_HOST,918,,,2026-05-09T16:39:03.298264620Z,,,,host_log,10,20,,,,,,1,32,,technical_check,vplc_status_cycle_duration_not_validated_as_Tper,0.060,100,работает
RUN_20260509_VPLC_L1_LIGHT_10_20_S01_R02,VPLC_L1_LIGHT_10_20,SER_20260509_VPLC_L1_LIGHT_10_20_S01,vPLC_container,VPLC_HOST,919,,,2026-05-09T16:39:04.353389516Z,,,,host_log,10,20,,,,,,1,32,,technical_check,vplc_status_cycle_duration_not_validated_as_Tper,3.868,100,работает
RUN_20260509_VPLC_L1_LIGHT_10_20_S01_R02,VPLC_L1_LIGHT_10_20,SER_20260509_VPLC_L1_LIGHT_10_20_S01,vPLC_container,VPLC_HOST,920,,,2026-05-09T16:39:05.408587924Z,,,,host_log,10,20,,,,,,1,32,,technical_check,vplc_status_cycle_duration_not_validated_as_Tper,4.748,100,работает
RUN_20260509_VPLC_L1_LIGHT_10_20_S01_R02,VPLC_L1_LIGHT_10_20,SER_20260509_VPLC_L1_LIGHT_10_20_S01,vPLC_container,VPLC_HOST,921,,,2026-05-09T16:39:06.462226406Z,,,,host_log,10,20,,,,,,1,32,,technical_check,vplc_status_cycle_duration_not_validated_as_Tper,0.068,100,работает
RUN_20260509_VPLC_L1_LIGHT_10_20_S01_R02,VPLC_L1_LIGHT_10_20,SER_20260509_VPLC_L1_LIGHT_10_20_S01,vPLC_container,VPLC_HOST,922,,,2026-05-09T16:39:07.517927481Z,,,,host_log,10,20,,,,,,1,32,,technical_check,vplc_status_cycle_duration_not_validated_as_Tper,0.067,100,работает
RUN_20260509_VPLC_L1_LIGHT_10_20_S01_R02,VPLC_L1_LIGHT_10_20,SER_20260509_VPLC_L1_LIGHT_10_20_S01,vPLC_container,VPLC_HOST,923,,,2026-05-09T16:39:08.573663259Z,,,,host_log,10,20,,,,,,1,32,,technical_check,vplc_status_cycle_duration_not_validated_as_Tper,0.071,100,работает
RUN_20260509_VPLC_L1_LIGHT_10_20_S01_R02,VPLC_L1_LIGHT_10_20,SER_20260509_VPLC_L1_LIGHT_10_20_S01,vPLC_container,VPLC_HOST,924,,,2026-05-09T16:39:09.629427496Z,,,,host_log,10,20,,,,,,1,32,,technical_check,vplc_status_cycle_duration_not_validated_as_Tper,0.049,100,работает
RUN_20260509_VPLC_L1_LIGHT_10_20_S01_R02,VPLC_L1_LIGHT_10_20,SER_20260509_VPLC_L1_LIGHT_10_20_S01,vPLC_container,VPLC_HOST,925,,,2026-05-09T16:39:10.685401834Z,,,,host_log,10,20,,,,,,1,32,,technical_check,vplc_status_cycle_duration_not_validated_as_Tper,0.070,100,работает
RUN_20260509_VPLC_L1_LIGHT_10_20_S01_R02,VPLC_L1_LIGHT_10_20,SER_20260509_VPLC_L1_LIGHT_10_20_S01,vPLC_container,VPLC_HOST,926,,,2026-05-09T16:39:11.738198052Z,,,,host_log,10,20,,,,,,1,32,,technical_check,vplc_status_cycle_duration_not_validated_as_Tper,0.048,100,работает
RUN_20260509_VPLC_L1_LIGHT_10_20_S01_R02,VPLC_L1_LIGHT_10_20,SER_20260509_VPLC_L1_LIGHT_10_20_S01,vPLC_container,VPLC_HOST,927,,,2026-05-09T16:39:12.796510855Z,,,,host_log,10,20,,,,,,1,32,,technical_check,vplc_status_cycle_duration_not_validated_as_Tper,0.070,100,работает
RUN_20260509_VPLC_L1_LIGHT_10_20_S01_R02,VPLC_L1_LIGHT_10_20,SER_20260509_VPLC_L1_LIGHT_10_20_S01,vPLC_container,VPLC_HOST,928,,,2026-05-09T16:39:13.849519937Z,,,,host_log,10,20,,,,,,1,32,,technical_check,vplc_status_cycle_duration_not_validated_as_Tper,0.030,100,работает
RUN_20260509_VPLC_L1_LIGHT_10_20_S01_R02,VPLC_L1_LIGHT_10_20,SER_20260509_VPLC_L1_LIGHT_10_20_S01,vPLC_container,VPLC_HOST,929,,,2026-05-09T16:39:14.907007638Z,,,,host_log,10,20,,,,,,1,32,,technical_check,vplc_status_cycle_duration_not_validated_as_Tper,0.070,100,работает
RUN_20260509_VPLC_L1_LIGHT_10_20_S01_R02,VPLC_L1_LIGHT_10_20,SER_20260509_VPLC_L1_LIGHT_10_20_S01,vPLC_container,VPLC_HOST,930,,,2026-05-09T16:39:15.962247255Z,,,,host_log,10,20,,,,,,1,32,,technical_check,vplc_status_cycle_duration_not_validated_as_Tper,0.069,100,работает
RUN_20260509_VPLC_L1_LIGHT_10_20_S01_R02,VPLC_L1_LIGHT_10_20,SER_20260509_VPLC_L1_LIGHT_10_20_S01,vPLC_container,VPLC_HOST,931,,,2026-05-09T16:39:17.016483122Z,,,,host_log,10,20,,,,,,1,32,,technical_check,vplc_status_cycle_duration_not_validated_as_Tper,0.069,100,работает
RUN_20260509_VPLC_L1_LIGHT_10_20_S01_R02,VPLC_L1_LIGHT_10_20,SER_20260509_VPLC_L1_LIGHT_10_20_S01,vPLC_container,VPLC_HOST,932,,,2026-05-09T16:39:18.069836343Z,,,,host_log,10,20,,,,,,1,32,,technical_check,vplc_status_cycle_duration_not_validated_as_Tper,0.067,100,работает
RUN_20260509_VPLC_L1_LIGHT_10_20_S01_R02,VPLC_L1_LIGHT_10_20,SER_20260509_VPLC_L1_LIGHT_10_20_S01,vPLC_container,VPLC_HOST,933,,,2026-05-09T16:39:19.126211863Z,,,,host_log,10,20,,,,,,1,32,,technical_check,vplc_status_cycle_duration_not_validated_as_Tper,0.049,100,работает
RUN_20260509_VPLC_L1_LIGHT_10_20_S01_R02,VPLC_L1_LIGHT_10_20,SER_20260509_VPLC_L1_LIGHT_10_20_S01,vPLC_container,VPLC_HOST,934,,,2026-05-09T16:39:20.182356647Z,,,,host_log,10,20,,,,,,1,32,,technical_check,vplc_status_cycle_duration_not_validated_as_Tper,0.069,100,работает
RUN_20260509_VPLC_L1_LIGHT_10_20_S01_R02,VPLC_L1_LIGHT_10_20,SER_20260509_VPLC_L1_LIGHT_10_20_S01,vPLC_container,VPLC_HOST,935,,,2026-05-09T16:39:21.238549298Z,,,,host_log,10,20,,,,,,1,32,,technical_check,vplc_status_cycle_duration_not_validated_as_Tper,0.049,100,работает
RUN_20260509_VPLC_L1_LIGHT_10_20_S01_R02,VPLC_L1_LIGHT_10_20,SER_20260509_VPLC_L1_LIGHT_10_20_S01,vPLC_container,VPLC_HOST,936,,,2026-05-09T16:39:22.294359237Z,,,,host_log,10,20,,,,,,1,32,,technical_check,vplc_status_cycle_duration_not_validated_as_Tper,0.070,100,работает
RUN_20260509_VPLC_L1_LIGHT_10_20_S01_R02,VPLC_L1_LIGHT_10_20,SER_20260509_VPLC_L1_LIGHT_10_20_S01,vPLC_container,VPLC_HOST,937,,,2026-05-09T16:39:23.346996200Z,,,,host_log,10,20,,,,,,1,32,,technical_check,vplc_status_cycle_duration_not_validated_as_Tper,3.776,100,работает
RUN_20260509_VPLC_L1_LIGHT_10_20_S01_R02,VPLC_L1_LIGHT_10_20,SER_20260509_VPLC_L1_LIGHT_10_20_S01,vPLC_container,VPLC_HOST,938,,,2026-05-09T16:39:24.402667273Z,,,,host_log,10,20,,,,,,1,32,,technical_check,vplc_status_cycle_duration_not_validated_as_Tper,4.122,100,работает
RUN_20260509_VPLC_L1_LIGHT_10_20_S01_R02,VPLC_L1_LIGHT_10_20,SER_20260509_VPLC_L1_LIGHT_10_20_S01,vPLC_container,VPLC_HOST,939,,,2026-05-09T16:39:25.459117934Z,,,,host_log,10,20,,,,,,1,32,,technical_check,vplc_status_cycle_duration_not_validated_as_Tper,0.062,100,работает
RUN_20260509_VPLC_L1_LIGHT_10_20_S01_R02,VPLC_L1_LIGHT_10_20,SER_20260509_VPLC_L1_LIGHT_10_20_S01,vPLC_container,VPLC_HOST,940,,,2026-05-09T16:39:26.515663585Z,,,,host_log,10,20,,,,,,1,32,,technical_check,vplc_status_cycle_duration_not_validated_as_Tper,0.070,100,работает
RUN_20260509_VPLC_L1_LIGHT_10_20_S01_R02,VPLC_L1_LIGHT_10_20,SER_20260509_VPLC_L1_LIGHT_10_20_S01,vPLC_container,VPLC_HOST,941,,,2026-05-09T16:39:27.570523655Z,,,,host_log,10,20,,,,,,1,32,,technical_check,vplc_status_cycle_duration_not_validated_as_Tper,0.072,100,работает
RUN_20260509_VPLC_L1_LIGHT_10_20_S01_R02,VPLC_L1_LIGHT_10_20,SER_20260509_VPLC_L1_LIGHT_10_20_S01,vPLC_container,VPLC_HOST,942,,,2026-05-09T16:39:28.626466186Z,,,,host_log,10,20,,,,,,1,32,,technical_check,vplc_status_cycle_duration_not_validated_as_Tper,0.051,100,работает
RUN_20260509_VPLC_L1_LIGHT_10_20_S01_R02,VPLC_L1_LIGHT_10_20,SER_20260509_VPLC_L1_LIGHT_10_20_S01,vPLC_container,VPLC_HOST,943,,,2026-05-09T16:39:29.676484162Z,,,,host_log,10,20,,,,,,1,32,,technical_check,vplc_status_cycle_duration_not_validated_as_Tper,0.071,100,работает
RUN_20260509_VPLC_L1_LIGHT_10_20_S01_R02,VPLC_L1_LIGHT_10_20,SER_20260509_VPLC_L1_LIGHT_10_20_S01,vPLC_container,VPLC_HOST,944,,,2026-05-09T16:39:30.737014134Z,,,,host_log,10,20,,,,,,1,32,,technical_check,vplc_status_cycle_duration_not_validated_as_Tper,0.049,100,работает
RUN_20260509_VPLC_L1_LIGHT_10_20_S01_R02,VPLC_L1_LIGHT_10_20,SER_20260509_VPLC_L1_LIGHT_10_20_S01,vPLC_container,VPLC_HOST,945,,,2026-05-09T16:39:31.789656909Z,,,,host_log,10,20,,,,,,1,32,,technical_check,vplc_status_cycle_duration_not_validated_as_Tper,0.069,100,работает
RUN_20260509_VPLC_L1_LIGHT_10_20_S01_R02,VPLC_L1_LIGHT_10_20,SER_20260509_VPLC_L1_LIGHT_10_20_S01,vPLC_container,VPLC_HOST,946,,,2026-05-09T16:39:32.846293896Z,,,,host_log,10,20,,,,,,1,32,,technical_check,vplc_status_cycle_duration_not_validated_as_Tper,0.041,100,работает
RUN_20260509_VPLC_L1_LIGHT_10_20_S01_R02,VPLC_L1_LIGHT_10_20,SER_20260509_VPLC_L1_LIGHT_10_20_S01,vPLC_container,VPLC_HOST,947,,,2026-05-09T16:39:33.900114929Z,,,,host_log,10,20,,,,,,1,32,,technical_check,vplc_status_cycle_duration_not_validated_as_Tper,0.070,100,работает
RUN_20260509_VPLC_L1_LIGHT_10_20_S01_R02,VPLC_L1_LIGHT_10_20,SER_20260509_VPLC_L1_LIGHT_10_20_S01,vPLC_container,VPLC_HOST,948,,,2026-05-09T16:39:34.957232033Z,,,,host_log,10,20,,,,,,1,32,,technical_check,vplc_status_cycle_duration_not_validated_as_Tper,0.046,100,работает
RUN_20260509_VPLC_L1_LIGHT_10_20_S01_R02,VPLC_L1_LIGHT_10_20,SER_20260509_VPLC_L1_LIGHT_10_20_S01,vPLC_container,VPLC_HOST,949,,,2026-05-09T16:39:36.010816663Z,,,,host_log,10,20,,,,,,1,32,,technical_check,vplc_status_cycle_duration_not_validated_as_Tper,0.070,100,работает
RUN_20260509_VPLC_L1_LIGHT_10_20_S01_R02,VPLC_L1_LIGHT_10_20,SER_20260509_VPLC_L1_LIGHT_10_20_S01,vPLC_container,VPLC_HOST,950,,,2026-05-09T16:39:37.068260628Z,,,,host_log,10,20,,,,,,1,32,,technical_check,vplc_status_cycle_duration_not_validated_as_Tper,0.070,100,работает
RUN_20260509_VPLC_L1_LIGHT_10_20_S01_R02,VPLC_L1_LIGHT_10_20,SER_20260509_VPLC_L1_LIGHT_10_20_S01,vPLC_container,VPLC_HOST,951,,,2026-05-09T16:39:38.123679701Z,,,,host_log,10,20,,,,,,1,32,,technical_check,vplc_status_cycle_duration_not_validated_as_Tper,0.069,100,работает
RUN_20260509_VPLC_L1_LIGHT_10_20_S01_R02,VPLC_L1_LIGHT_10_20,SER_20260509_VPLC_L1_LIGHT_10_20_S01,vPLC_container,VPLC_HOST,952,,,2026-05-09T16:39:39.176556199Z,,,,host_log,10,20,,,,,,1,32,,technical_check,vplc_status_cycle_duration_not_validated_as_Tper,0.070,100,работает
RUN_20260509_VPLC_L1_LIGHT_10_20_S01_R02,VPLC_L1_LIGHT_10_20,SER_20260509_VPLC_L1_LIGHT_10_20_S01,vPLC_container,VPLC_HOST,953,,,2026-05-09T16:39:40.234635610Z,,,,host_log,10,20,,,,,,1,32,,technical_check,vplc_status_cycle_duration_not_validated_as_Tper,0.049,100,работает
RUN_20260509_VPLC_L1_LIGHT_10_20_S01_R02,VPLC_L1_LIGHT_10_20,SER_20260509_VPLC_L1_LIGHT_10_20_S01,vPLC_container,VPLC_HOST,954,,,2026-05-09T16:39:41.289655448Z,,,,host_log,10,20,,,,,,1,32,,technical_check,vplc_status_cycle_duration_not_validated_as_Tper,0.069,100,работает
RUN_20260509_VPLC_L1_LIGHT_10_20_S01_R02,VPLC_L1_LIGHT_10_20,SER_20260509_VPLC_L1_LIGHT_10_20_S01,vPLC_container,VPLC_HOST,955,,,2026-05-09T16:39:42.342486099Z,,,,host_log,10,20,,,,,,1,32,,technical_check,vplc_status_cycle_duration_not_validated_as_Tper,4.304,100,работает
RUN_20260509_VPLC_L1_LIGHT_10_20_S01_R02,VPLC_L1_LIGHT_10_20,SER_20260509_VPLC_L1_LIGHT_10_20_S01,vPLC_container,VPLC_HOST,956,,,2026-05-09T16:39:43.399756149Z,,,,host_log,10,20,,,,,,1,32,,technical_check,vplc_status_cycle_duration_not_validated_as_Tper,4.796,100,работает
RUN_20260509_VPLC_L1_LIGHT_10_20_S01_R02,VPLC_L1_LIGHT_10_20,SER_20260509_VPLC_L1_LIGHT_10_20_S01,vPLC_container,VPLC_HOST,957,,,2026-05-09T16:39:44.454886247Z,,,,host_log,10,20,,,,,,1,32,,technical_check,vplc_status_cycle_duration_not_validated_as_Tper,0.040,100,работает
RUN_20260509_VPLC_L1_LIGHT_10_20_S01_R02,VPLC_L1_LIGHT_10_20,SER_20260509_VPLC_L1_LIGHT_10_20_S01,vPLC_container,VPLC_HOST,958,,,2026-05-09T16:39:45.509917746Z,,,,host_log,10,20,,,,,,1,32,,technical_check,vplc_status_cycle_duration_not_validated_as_Tper,0.069,100,работает
RUN_20260509_VPLC_L1_LIGHT_10_20_S01_R02,VPLC_L1_LIGHT_10_20,SER_20260509_VPLC_L1_LIGHT_10_20_S01,vPLC_container,VPLC_HOST,959,,,2026-05-09T16:39:46.563029275Z,,,,host_log,10,20,,,,,,1,32,,technical_check,vplc_status_cycle_duration_not_validated_as_Tper,0.068,100,работает
RUN_20260509_VPLC_L1_LIGHT_10_20_S01_R02,VPLC_L1_LIGHT_10_20,SER_20260509_VPLC_L1_LIGHT_10_20_S01,vPLC_container,VPLC_HOST,960,,,2026-05-09T16:39:47.620812647Z,,,,host_log,10,20,,,,,,1,32,,technical_check,vplc_status_cycle_duration_not_validated_as_Tper,0.072,100,работает
RUN_20260509_VPLC_L1_LIGHT_10_20_S01_R02,VPLC_L1_LIGHT_10_20,SER_20260509_VPLC_L1_LIGHT_10_20_S01,vPLC_container,VPLC_HOST,961,,,2026-05-09T16:39:48.676967292Z,,,,host_log,10,20,,,,,,1,32,,technical_check,vplc_status_cycle_duration_not_validated_as_Tper,0.071,100,работает
RUN_20260509_VPLC_L1_LIGHT_10_20_S01_R02,VPLC_L1_LIGHT_10_20,SER_20260509_VPLC_L1_LIGHT_10_20_S01,vPLC_container,VPLC_HOST,962,,,2026-05-09T16:39:49.732354750Z,,,,host_log,10,20,,,,,,1,32,,technical_check,vplc_status_cycle_duration_not_validated_as_Tper,0.048,100,работает
RUN_20260509_VPLC_L1_LIGHT_10_20_S01_R02,VPLC_L1_LIGHT_10_20,SER_20260509_VPLC_L1_LIGHT_10_20_S01,vPLC_container,VPLC_HOST,963,,,2026-05-09T16:39:50.787391526Z,,,,host_log,10,20,,,,,,1,32,,technical_check,vplc_status_cycle_duration_not_validated_as_Tper,0.069,100,работает
RUN_20260509_VPLC_L1_LIGHT_10_20_S01_R02,VPLC_L1_LIGHT_10_20,SER_20260509_VPLC_L1_LIGHT_10_20_S01,vPLC_container,VPLC_HOST,964,,,2026-05-09T16:39:51.841855163Z,,,,host_log,10,20,,,,,,1,32,,technical_check,vplc_status_cycle_duration_not_validated_as_Tper,0.048,100,работает
RUN_20260509_VPLC_L1_LIGHT_10_20_S01_R02,VPLC_L1_LIGHT_10_20,SER_20260509_VPLC_L1_LIGHT_10_20_S01,vPLC_container,VPLC_HOST,965,,,2026-05-09T16:39:52.898210213Z,,,,host_log,10,20,,,,,,1,32,,technical_check,vplc_status_cycle_duration_not_validated_as_Tper,0.069,100,работает
RUN_20260509_VPLC_L1_LIGHT_10_20_S01_R02,VPLC_L1_LIGHT_10_20,SER_20260509_VPLC_L1_LIGHT_10_20_S01,vPLC_container,VPLC_HOST,966,,,2026-05-09T16:39:53.953315989Z,,,,host_log,10,20,,,,,,1,32,,technical_check,vplc_status_cycle_duration_not_validated_as_Tper,0.033,100,работает
RUN_20260509_VPLC_L1_LIGHT_10_20_S01_R02,VPLC_L1_LIGHT_10_20,SER_20260509_VPLC_L1_LIGHT_10_20_S01,vPLC_container,VPLC_HOST,967,,,2026-05-09T16:39:55.008112892Z,,,,host_log,10,20,,,,,,1,32,,technical_check,vplc_status_cycle_duration_not_validated_as_Tper,0.070,100,работает
RUN_20260509_VPLC_L1_LIGHT_10_20_S01_R02,VPLC_L1_LIGHT_10_20,SER_20260509_VPLC_L1_LIGHT_10_20_S01,vPLC_container,VPLC_HOST,968,,,2026-05-09T16:39:56.064051447Z,,,,host_log,10,20,,,,,,1,32,,technical_check,vplc_status_cycle_duration_not_validated_as_Tper,0.068,100,работает
RUN_20260509_VPLC_L1_LIGHT_10_20_S01_R02,VPLC_L1_LIGHT_10_20,SER_20260509_VPLC_L1_LIGHT_10_20_S01,vPLC_container,VPLC_HOST,969,,,2026-05-09T16:39:57.118509126Z,,,,host_log,10,20,,,,,,1,32,,technical_check,vplc_status_cycle_duration_not_validated_as_Tper,0.067,100,работает
RUN_20260509_VPLC_L1_LIGHT_10_20_S01_R02,VPLC_L1_LIGHT_10_20,SER_20260509_VPLC_L1_LIGHT_10_20_S01,vPLC_container,VPLC_HOST,970,,,2026-05-09T16:39:58.175284543Z,,,,host_log,10,20,,,,,,1,32,,technical_check,vplc_status_cycle_duration_not_validated_as_Tper,0.070,100,работает
RUN_20260509_VPLC_L1_LIGHT_10_20_S01_R02,VPLC_L1_LIGHT_10_20,SER_20260509_VPLC_L1_LIGHT_10_20_S01,vPLC_container,VPLC_HOST,971,,,2026-05-09T16:39:59.228174555Z,,,,host_log,10,20,,,,,,1,32,,technical_check,vplc_status_cycle_duration_not_validated_as_Tper,0.070,100,работает
RUN_20260509_VPLC_L1_LIGHT_10_20_S01_R02,VPLC_L1_LIGHT_10_20,SER_20260509_VPLC_L1_LIGHT_10_20_S01,vPLC_container,VPLC_HOST,972,,,2026-05-09T16:40:00.285459823Z,,,,host_log,10,20,,,,,,1,32,,technical_check,vplc_status_cycle_duration_not_validated_as_Tper,0.069,100,работает
RUN_20260509_VPLC_L1_LIGHT_10_20_S01_R02,VPLC_L1_LIGHT_10_20,SER_20260509_VPLC_L1_LIGHT_10_20_S01,vPLC_container,VPLC_HOST,973,,,2026-05-09T16:40:01.338400124Z,,,,host_log,10,20,,,,,,1,32,,technical_check,vplc_status_cycle_duration_not_validated_as_Tper,4.353,100,работает
RUN_20260509_VPLC_L1_LIGHT_10_20_S01_R02,VPLC_L1_LIGHT_10_20,SER_20260509_VPLC_L1_LIGHT_10_20_S01,vPLC_container,VPLC_HOST,974,,,2026-05-09T16:40:02.395400193Z,,,,host_log,10,20,,,,,,1,32,,technical_check,vplc_status_cycle_duration_not_validated_as_Tper,7.011,100,работает
RUN_20260509_VPLC_L1_LIGHT_10_20_S01_R02,VPLC_L1_LIGHT_10_20,SER_20260509_VPLC_L1_LIGHT_10_20_S01,vPLC_container,VPLC_HOST,975,,,2026-05-09T16:40:03.450490598Z,,,,host_log,10,20,,,,,,1,32,,technical_check,vplc_status_cycle_duration_not_validated_as_Tper,0.028,100,работает
RUN_20260509_VPLC_L1_LIGHT_10_20_S01_R02,VPLC_L1_LIGHT_10_20,SER_20260509_VPLC_L1_LIGHT_10_20_S01,vPLC_container,VPLC_HOST,976,,,2026-05-09T16:40:04.503774401Z,,,,host_log,10,20,,,,,,1,32,,technical_check,vplc_status_cycle_duration_not_validated_as_Tper,0.067,100,работает
RUN_20260509_VPLC_L1_LIGHT_10_20_S01_R02,VPLC_L1_LIGHT_10_20,SER_20260509_VPLC_L1_LIGHT_10_20_S01,vPLC_container,VPLC_HOST,977,,,2026-05-09T16:40:05.562659454Z,,,,host_log,10,20,,,,,,1,32,,technical_check,vplc_status_cycle_duration_not_validated_as_Tper,0.069,100,работает
RUN_20260509_VPLC_L1_LIGHT_10_20_S01_R02,VPLC_L1_LIGHT_10_20,SER_20260509_VPLC_L1_LIGHT_10_20_S01,vPLC_container,VPLC_HOST,978,,,2026-05-09T16:40:06.616771291Z,,,,host_log,10,20,,,,,,1,32,,technical_check,vplc_status_cycle_duration_not_validated_as_Tper,0.070,100,работает
RUN_20260509_VPLC_L1_LIGHT_10_20_S01_R02,VPLC_L1_LIGHT_10_20,SER_20260509_VPLC_L1_LIGHT_10_20_S01,vPLC_container,VPLC_HOST,979,,,2026-05-09T16:40:07.672690186Z,,,,host_log,10,20,,,,,,1,32,,technical_check,vplc_status_cycle_duration_not_validated_as_Tper,0.068,100,работает
RUN_20260509_VPLC_L1_LIGHT_10_20_S01_R02,VPLC_L1_LIGHT_10_20,SER_20260509_VPLC_L1_LIGHT_10_20_S01,vPLC_container,VPLC_HOST,980,,,2026-05-09T16:40:08.725944532Z,,,,host_log,10,20,,,,,,1,32,,technical_check,vplc_status_cycle_duration_not_validated_as_Tper,0.050,100,работает
RUN_20260509_VPLC_L1_LIGHT_10_20_S01_R02,VPLC_L1_LIGHT_10_20,SER_20260509_VPLC_L1_LIGHT_10_20_S01,vPLC_container,VPLC_HOST,981,,,2026-05-09T16:40:09.783313420Z,,,,host_log,10,20,,,,,,1,32,,technical_check,vplc_status_cycle_duration_not_validated_as_Tper,0.071,100,работает
RUN_20260509_VPLC_L1_LIGHT_10_20_S01_R02,VPLC_L1_LIGHT_10_20,SER_20260509_VPLC_L1_LIGHT_10_20_S01,vPLC_container,VPLC_HOST,982,,,2026-05-09T16:40:10.839142654Z,,,,host_log,10,20,,,,,,1,32,,technical_check,vplc_status_cycle_duration_not_validated_as_Tper,0.049,100,работает
RUN_20260509_VPLC_L1_LIGHT_10_20_S01_R02,VPLC_L1_LIGHT_10_20,SER_20260509_VPLC_L1_LIGHT_10_20_S01,vPLC_container,VPLC_HOST,983,,,2026-05-09T16:40:11.893450263Z,,,,host_log,10,20,,,,,,1,32,,technical_check,vplc_status_cycle_duration_not_validated_as_Tper,0.069,100,работает
RUN_20260509_VPLC_L1_LIGHT_10_20_S01_R02,VPLC_L1_LIGHT_10_20,SER_20260509_VPLC_L1_LIGHT_10_20_S01,vPLC_container,VPLC_HOST,984,,,2026-05-09T16:40:12.949839913Z,,,,host_log,10,20,,,,,,1,32,,technical_check,vplc_status_cycle_duration_not_validated_as_Tper,0.027,100,работает
RUN_20260509_VPLC_L1_LIGHT_10_20_S01_R02,VPLC_L1_LIGHT_10_20,SER_20260509_VPLC_L1_LIGHT_10_20_S01,vPLC_container,VPLC_HOST,985,,,2026-05-09T16:40:14.002225517Z,,,,host_log,10,20,,,,,,1,32,,technical_check,vplc_status_cycle_duration_not_validated_as_Tper,0.067,100,работает
RUN_20260509_VPLC_L1_LIGHT_10_20_S01_R02,VPLC_L1_LIGHT_10_20,SER_20260509_VPLC_L1_LIGHT_10_20_S01,vPLC_container,VPLC_HOST,986,,,2026-05-09T16:40:15.059190163Z,,,,host_log,10,20,,,,,,1,32,,technical_check,vplc_status_cycle_duration_not_validated_as_Tper,0.062,100,работает
RUN_20260509_VPLC_L1_LIGHT_10_20_S01_R02,VPLC_L1_LIGHT_10_20,SER_20260509_VPLC_L1_LIGHT_10_20_S01,vPLC_container,VPLC_HOST,987,,,2026-05-09T16:40:16.111251304Z,,,,host_log,10,20,,,,,,1,32,,technical_check,vplc_status_cycle_duration_not_validated_as_Tper,0.070,100,работает
RUN_20260509_VPLC_L1_LIGHT_10_20_S01_R02,VPLC_L1_LIGHT_10_20,SER_20260509_VPLC_L1_LIGHT_10_20_S01,vPLC_container,VPLC_HOST,988,,,2026-05-09T16:40:17.169008753Z,,,,host_log,10,20,,,,,,1,32,,technical_check,vplc_status_cycle_duration_not_validated_as_Tper,0.071,100,работает
RUN_20260509_VPLC_L1_LIGHT_10_20_S01_R02,VPLC_L1_LIGHT_10_20,SER_20260509_VPLC_L1_LIGHT_10_20_S01,vPLC_container,VPLC_HOST,989,,,2026-05-09T16:40:18.226473821Z,,,,host_log,10,20,,,,,,1,32,,technical_check,vplc_status_cycle_duration_not_validated_as_Tper,0.049,100,работает
RUN_20260509_VPLC_L1_LIGHT_10_20_S01_R02,VPLC_L1_LIGHT_10_20,SER_20260509_VPLC_L1_LIGHT_10_20_S01,vPLC_container,VPLC_HOST,990,,,2026-05-09T16:40:19.281065105Z,,,,host_log,10,20,,,,,,1,32,,technical_check,vplc_status_cycle_duration_not_validated_as_Tper,0.069,100,работает
RUN_20260509_VPLC_L1_LIGHT_10_20_S01_R02,VPLC_L1_LIGHT_10_20,SER_20260509_VPLC_L1_LIGHT_10_20_S01,vPLC_container,VPLC_HOST,991,,,2026-05-09T16:40:20.335450200Z,,,,host_log,10,20,,,,,,1,32,,technical_check,vplc_status_cycle_duration_not_validated_as_Tper,3.915,100,работает
RUN_20260509_VPLC_L1_LIGHT_10_20_S01_R02,VPLC_L1_LIGHT_10_20,SER_20260509_VPLC_L1_LIGHT_10_20_S01,vPLC_container,VPLC_HOST,992,,,2026-05-09T16:40:21.390994625Z,,,,host_log,10,20,,,,,,1,32,,technical_check,vplc_status_cycle_duration_not_validated_as_Tper,4.270,100,работает
RUN_20260509_VPLC_L1_LIGHT_10_20_S01_R02,VPLC_L1_LIGHT_10_20,SER_20260509_VPLC_L1_LIGHT_10_20_S01,vPLC_container,VPLC_HOST,993,,,2026-05-09T16:40:22.443093791Z,,,,host_log,10,20,,,,,,1,32,,technical_check,vplc_status_cycle_duration_not_validated_as_Tper,0.049,100,работает
RUN_20260509_VPLC_L1_LIGHT_10_20_S01_R02,VPLC_L1_LIGHT_10_20,SER_20260509_VPLC_L1_LIGHT_10_20_S01,vPLC_container,VPLC_HOST,994,,,2026-05-09T16:40:23.500723478Z,,,,host_log,10,20,,,,,,1,32,,technical_check,vplc_status_cycle_duration_not_validated_as_Tper,0.069,100,работает
RUN_20260509_VPLC_L1_LIGHT_10_20_S01_R02,VPLC_L1_LIGHT_10_20,SER_20260509_VPLC_L1_LIGHT_10_20_S01,vPLC_container,VPLC_HOST,995,,,2026-05-09T16:40:24.555393890Z,,,,host_log,10,20,,,,,,1,32,,technical_check,vplc_status_cycle_duration_not_validated_as_Tper,0.044,100,работает
RUN_20260509_VPLC_L1_LIGHT_10_20_S01_R02,VPLC_L1_LIGHT_10_20,SER_20260509_VPLC_L1_LIGHT_10_20_S01,vPLC_container,VPLC_HOST,996,,,2026-05-09T16:40:25.613014712Z,,,,host_log,10,20,,,,,,1,32,,technical_check,vplc_status_cycle_duration_not_validated_as_Tper,0.069,100,работает
RUN_20260509_VPLC_L1_LIGHT_10_20_S01_R02,VPLC_L1_LIGHT_10_20,SER_20260509_VPLC_L1_LIGHT_10_20_S01,vPLC_container,VPLC_HOST,997,,,2026-05-09T16:40:26.666356746Z,,,,host_log,10,20,,,,,,1,32,,technical_check,vplc_status_cycle_duration_not_validated_as_Tper,0.071,100,работает
RUN_20260509_VPLC_L1_LIGHT_10_20_S01_R02,VPLC_L1_LIGHT_10_20,SER_20260509_VPLC_L1_LIGHT_10_20_S01,vPLC_container,VPLC_HOST,998,,,2026-05-09T16:40:27.723164732Z,,,,host_log,10,20,,,,,,1,32,,technical_check,vplc_status_cycle_duration_not_validated_as_Tper,0.050,100,работает
RUN_20260509_VPLC_L1_LIGHT_10_20_S01_R02,VPLC_L1_LIGHT_10_20,SER_20260509_VPLC_L1_LIGHT_10_20_S01,vPLC_container,VPLC_HOST,999,,,2026-05-09T16:40:28.776484302Z,,,,host_log,10,20,,,,,,1,32,,technical_check,vplc_status_cycle_duration_not_validated_as_Tper,0.069,100,работает
