run_id,mode_id,series_id,object,node_id,sample_index,cycle_index,cycle_counter,ts_observe,ts_start,ts_end,timestamp_tick_ns,timestamp_source,t0_ms,deadline_threshold_ms,Tper,Jper,deadline_miss,heartbeat,workload_accumulator,load_level,load_passes,error_flag,quality_flag,notes,cycle_exec_ms,cycle_nominal_ms,program_status
RUN_20260509_VPLC_L1_LIGHT_10_20_S01_R05,VPLC_L1_LIGHT_10_20,SER_20260509_VPLC_L1_LIGHT_10_20_S01,vPLC_container,VPLC_HOST,0,,,2026-05-09T17:21:28.747298513Z,,,,host_log,10,20,,,,,,1,32,,technical_check,vplc_status_cycle_duration_not_validated_as_Tper,0.025,100,работает
RUN_20260509_VPLC_L1_LIGHT_10_20_S01_R05,VPLC_L1_LIGHT_10_20,SER_20260509_VPLC_L1_LIGHT_10_20_S01,vPLC_container,VPLC_HOST,1,,,2026-05-09T17:21:29.769447772Z,,,,host_log,10,20,,,,,,1,32,,technical_check,vplc_status_cycle_duration_not_validated_as_Tper,0.069,100,работает
RUN_20260509_VPLC_L1_LIGHT_10_20_S01_R05,VPLC_L1_LIGHT_10_20,SER_20260509_VPLC_L1_LIGHT_10_20_S01,vPLC_container,VPLC_HOST,2,,,2026-05-09T17:21:30.827918534Z,,,,host_log,10,20,,,,,,1,32,,technical_check,vplc_status_cycle_duration_not_validated_as_Tper,0.050,100,работает
RUN_20260509_VPLC_L1_LIGHT_10_20_S01_R05,VPLC_L1_LIGHT_10_20,SER_20260509_VPLC_L1_LIGHT_10_20_S01,vPLC_container,VPLC_HOST,3,,,2026-05-09T17:21:31.880679177Z,,,,host_log,10,20,,,,,,1,32,,technical_check,vplc_status_cycle_duration_not_validated_as_Tper,0.068,100,работает
RUN_20260509_VPLC_L1_LIGHT_10_20_S01_R05,VPLC_L1_LIGHT_10_20,SER_20260509_VPLC_L1_LIGHT_10_20_S01,vPLC_container,VPLC_HOST,4,,,2026-05-09T17:21:32.939583117Z,,,,host_log,10,20,,,,,,1,32,,technical_check,vplc_status_cycle_duration_not_validated_as_Tper,0.048,100,работает
RUN_20260509_VPLC_L1_LIGHT_10_20_S01_R05,VPLC_L1_LIGHT_10_20,SER_20260509_VPLC_L1_LIGHT_10_20_S01,vPLC_container,VPLC_HOST,5,,,2026-05-09T17:21:33.994260570Z,,,,host_log,10,20,,,,,,1,32,,technical_check,vplc_status_cycle_duration_not_validated_as_Tper,0.068,100,работает
RUN_20260509_VPLC_L1_LIGHT_10_20_S01_R05,VPLC_L1_LIGHT_10_20,SER_20260509_VPLC_L1_LIGHT_10_20_S01,vPLC_container,VPLC_HOST,6,,,2026-05-09T17:21:35.048921401Z,,,,host_log,10,20,,,,,,1,32,,technical_check,vplc_status_cycle_duration_not_validated_as_Tper,0.033,100,работает
RUN_20260509_VPLC_L1_LIGHT_10_20_S01_R05,VPLC_L1_LIGHT_10_20,SER_20260509_VPLC_L1_LIGHT_10_20_S01,vPLC_container,VPLC_HOST,7,,,2026-05-09T17:21:36.104033527Z,,,,host_log,10,20,,,,,,1,32,,technical_check,vplc_status_cycle_duration_not_validated_as_Tper,0.068,100,работает
RUN_20260509_VPLC_L1_LIGHT_10_20_S01_R05,VPLC_L1_LIGHT_10_20,SER_20260509_VPLC_L1_LIGHT_10_20_S01,vPLC_container,VPLC_HOST,8,,,2026-05-09T17:21:37.160060230Z,,,,host_log,10,20,,,,,,1,32,,technical_check,vplc_status_cycle_duration_not_validated_as_Tper,0.051,100,работает
RUN_20260509_VPLC_L1_LIGHT_10_20_S01_R05,VPLC_L1_LIGHT_10_20,SER_20260509_VPLC_L1_LIGHT_10_20_S01,vPLC_container,VPLC_HOST,9,,,2026-05-09T17:21:38.211493126Z,,,,host_log,10,20,,,,,,1,32,,technical_check,vplc_status_cycle_duration_not_validated_as_Tper,0.069,100,работает
RUN_20260509_VPLC_L1_LIGHT_10_20_S01_R05,VPLC_L1_LIGHT_10_20,SER_20260509_VPLC_L1_LIGHT_10_20_S01,vPLC_container,VPLC_HOST,10,,,2026-05-09T17:21:39.270880129Z,,,,host_log,10,20,,,,,,1,32,,technical_check,vplc_status_cycle_duration_not_validated_as_Tper,0.070,100,работает
RUN_20260509_VPLC_L1_LIGHT_10_20_S01_R05,VPLC_L1_LIGHT_10_20,SER_20260509_VPLC_L1_LIGHT_10_20_S01,vPLC_container,VPLC_HOST,11,,,2026-05-09T17:21:40.325553162Z,,,,host_log,10,20,,,,,,1,32,,technical_check,vplc_status_cycle_duration_not_validated_as_Tper,0.070,100,работает
RUN_20260509_VPLC_L1_LIGHT_10_20_S01_R05,VPLC_L1_LIGHT_10_20,SER_20260509_VPLC_L1_LIGHT_10_20_S01,vPLC_container,VPLC_HOST,12,,,2026-05-09T17:21:41.377328487Z,,,,host_log,10,20,,,,,,1,32,,technical_check,vplc_status_cycle_duration_not_validated_as_Tper,4.168,100,работает
RUN_20260509_VPLC_L1_LIGHT_10_20_S01_R05,VPLC_L1_LIGHT_10_20,SER_20260509_VPLC_L1_LIGHT_10_20_S01,vPLC_container,VPLC_HOST,13,,,2026-05-09T17:21:42.435464289Z,,,,host_log,10,20,,,,,,1,32,,technical_check,vplc_status_cycle_duration_not_validated_as_Tper,0.049,100,работает
RUN_20260509_VPLC_L1_LIGHT_10_20_S01_R05,VPLC_L1_LIGHT_10_20,SER_20260509_VPLC_L1_LIGHT_10_20_S01,vPLC_container,VPLC_HOST,14,,,2026-05-09T17:21:43.488492867Z,,,,host_log,10,20,,,,,,1,32,,technical_check,vplc_status_cycle_duration_not_validated_as_Tper,0.068,100,работает
RUN_20260509_VPLC_L1_LIGHT_10_20_S01_R05,VPLC_L1_LIGHT_10_20,SER_20260509_VPLC_L1_LIGHT_10_20_S01,vPLC_container,VPLC_HOST,15,,,2026-05-09T17:21:44.542948777Z,,,,host_log,10,20,,,,,,1,32,,technical_check,vplc_status_cycle_duration_not_validated_as_Tper,0.049,100,работает
RUN_20260509_VPLC_L1_LIGHT_10_20_S01_R05,VPLC_L1_LIGHT_10_20,SER_20260509_VPLC_L1_LIGHT_10_20_S01,vPLC_container,VPLC_HOST,16,,,2026-05-09T17:21:45.600694296Z,,,,host_log,10,20,,,,,,1,32,,technical_check,vplc_status_cycle_duration_not_validated_as_Tper,0.067,100,работает
RUN_20260509_VPLC_L1_LIGHT_10_20_S01_R05,VPLC_L1_LIGHT_10_20,SER_20260509_VPLC_L1_LIGHT_10_20_S01,vPLC_container,VPLC_HOST,17,,,2026-05-09T17:21:46.657555011Z,,,,host_log,10,20,,,,,,1,32,,technical_check,vplc_status_cycle_duration_not_validated_as_Tper,0.053,100,работает
RUN_20260509_VPLC_L1_LIGHT_10_20_S01_R05,VPLC_L1_LIGHT_10_20,SER_20260509_VPLC_L1_LIGHT_10_20_S01,vPLC_container,VPLC_HOST,18,,,2026-05-09T17:21:47.709808175Z,,,,host_log,10,20,,,,,,1,32,,technical_check,vplc_status_cycle_duration_not_validated_as_Tper,0.071,100,работает
RUN_20260509_VPLC_L1_LIGHT_10_20_S01_R05,VPLC_L1_LIGHT_10_20,SER_20260509_VPLC_L1_LIGHT_10_20_S01,vPLC_container,VPLC_HOST,19,,,2026-05-09T17:21:48.766554365Z,,,,host_log,10,20,,,,,,1,32,,technical_check,vplc_status_cycle_duration_not_validated_as_Tper,0.072,100,работает
RUN_20260509_VPLC_L1_LIGHT_10_20_S01_R05,VPLC_L1_LIGHT_10_20,SER_20260509_VPLC_L1_LIGHT_10_20_S01,vPLC_container,VPLC_HOST,20,,,2026-05-09T17:21:49.822754648Z,,,,host_log,10,20,,,,,,1,32,,technical_check,vplc_status_cycle_duration_not_validated_as_Tper,0.066,100,работает
RUN_20260509_VPLC_L1_LIGHT_10_20_S01_R05,VPLC_L1_LIGHT_10_20,SER_20260509_VPLC_L1_LIGHT_10_20_S01,vPLC_container,VPLC_HOST,21,,,2026-05-09T17:21:50.878388294Z,,,,host_log,10,20,,,,,,1,32,,technical_check,vplc_status_cycle_duration_not_validated_as_Tper,0.068,100,работает
RUN_20260509_VPLC_L1_LIGHT_10_20_S01_R05,VPLC_L1_LIGHT_10_20,SER_20260509_VPLC_L1_LIGHT_10_20_S01,vPLC_container,VPLC_HOST,22,,,2026-05-09T17:21:51.933913510Z,,,,host_log,10,20,,,,,,1,32,,technical_check,vplc_status_cycle_duration_not_validated_as_Tper,0.049,100,работает
RUN_20260509_VPLC_L1_LIGHT_10_20_S01_R05,VPLC_L1_LIGHT_10_20,SER_20260509_VPLC_L1_LIGHT_10_20_S01,vPLC_container,VPLC_HOST,23,,,2026-05-09T17:21:52.986765949Z,,,,host_log,10,20,,,,,,1,32,,technical_check,vplc_status_cycle_duration_not_validated_as_Tper,0.070,100,работает
RUN_20260509_VPLC_L1_LIGHT_10_20_S01_R05,VPLC_L1_LIGHT_10_20,SER_20260509_VPLC_L1_LIGHT_10_20_S01,vPLC_container,VPLC_HOST,24,,,2026-05-09T17:21:54.043315069Z,,,,host_log,10,20,,,,,,1,32,,technical_check,vplc_status_cycle_duration_not_validated_as_Tper,0.049,100,работает
RUN_20260509_VPLC_L1_LIGHT_10_20_S01_R05,VPLC_L1_LIGHT_10_20,SER_20260509_VPLC_L1_LIGHT_10_20_S01,vPLC_container,VPLC_HOST,25,,,2026-05-09T17:21:55.096079882Z,,,,host_log,10,20,,,,,,1,32,,technical_check,vplc_status_cycle_duration_not_validated_as_Tper,0.069,100,работает
RUN_20260509_VPLC_L1_LIGHT_10_20_S01_R05,VPLC_L1_LIGHT_10_20,SER_20260509_VPLC_L1_LIGHT_10_20_S01,vPLC_container,VPLC_HOST,26,,,2026-05-09T17:21:56.152475566Z,,,,host_log,10,20,,,,,,1,32,,technical_check,vplc_status_cycle_duration_not_validated_as_Tper,0.027,100,работает
RUN_20260509_VPLC_L1_LIGHT_10_20_S01_R05,VPLC_L1_LIGHT_10_20,SER_20260509_VPLC_L1_LIGHT_10_20_S01,vPLC_container,VPLC_HOST,27,,,2026-05-09T17:21:57.210869357Z,,,,host_log,10,20,,,,,,1,32,,technical_check,vplc_status_cycle_duration_not_validated_as_Tper,0.070,100,работает
RUN_20260509_VPLC_L1_LIGHT_10_20_S01_R05,VPLC_L1_LIGHT_10_20,SER_20260509_VPLC_L1_LIGHT_10_20_S01,vPLC_container,VPLC_HOST,28,,,2026-05-09T17:21:58.265676110Z,,,,host_log,10,20,,,,,,1,32,,technical_check,vplc_status_cycle_duration_not_validated_as_Tper,0.070,100,работает
RUN_20260509_VPLC_L1_LIGHT_10_20_S01_R05,VPLC_L1_LIGHT_10_20,SER_20260509_VPLC_L1_LIGHT_10_20_S01,vPLC_container,VPLC_HOST,29,,,2026-05-09T17:21:59.320274919Z,,,,host_log,10,20,,,,,,1,32,,technical_check,vplc_status_cycle_duration_not_validated_as_Tper,0.070,100,работает
RUN_20260509_VPLC_L1_LIGHT_10_20_S01_R05,VPLC_L1_LIGHT_10_20,SER_20260509_VPLC_L1_LIGHT_10_20_S01,vPLC_container,VPLC_HOST,30,,,2026-05-09T17:22:00.375698198Z,,,,host_log,10,20,,,,,,1,32,,technical_check,vplc_status_cycle_duration_not_validated_as_Tper,4.922,100,работает
RUN_20260509_VPLC_L1_LIGHT_10_20_S01_R05,VPLC_L1_LIGHT_10_20,SER_20260509_VPLC_L1_LIGHT_10_20_S01,vPLC_container,VPLC_HOST,31,,,2026-05-09T17:22:01.430988249Z,,,,host_log,10,20,,,,,,1,32,,technical_check,vplc_status_cycle_duration_not_validated_as_Tper,0.049,100,работает
RUN_20260509_VPLC_L1_LIGHT_10_20_S01_R05,VPLC_L1_LIGHT_10_20,SER_20260509_VPLC_L1_LIGHT_10_20_S01,vPLC_container,VPLC_HOST,32,,,2026-05-09T17:22:02.486260403Z,,,,host_log,10,20,,,,,,1,32,,technical_check,vplc_status_cycle_duration_not_validated_as_Tper,0.069,100,работает
RUN_20260509_VPLC_L1_LIGHT_10_20_S01_R05,VPLC_L1_LIGHT_10_20,SER_20260509_VPLC_L1_LIGHT_10_20_S01,vPLC_container,VPLC_HOST,33,,,2026-05-09T17:22:03.541223377Z,,,,host_log,10,20,,,,,,1,32,,technical_check,vplc_status_cycle_duration_not_validated_as_Tper,0.048,100,работает
RUN_20260509_VPLC_L1_LIGHT_10_20_S01_R05,VPLC_L1_LIGHT_10_20,SER_20260509_VPLC_L1_LIGHT_10_20_S01,vPLC_container,VPLC_HOST,34,,,2026-05-09T17:22:04.597121431Z,,,,host_log,10,20,,,,,,1,32,,technical_check,vplc_status_cycle_duration_not_validated_as_Tper,0.069,100,работает
RUN_20260509_VPLC_L1_LIGHT_10_20_S01_R05,VPLC_L1_LIGHT_10_20,SER_20260509_VPLC_L1_LIGHT_10_20_S01,vPLC_container,VPLC_HOST,35,,,2026-05-09T17:22:05.649915535Z,,,,host_log,10,20,,,,,,1,32,,technical_check,vplc_status_cycle_duration_not_validated_as_Tper,0.030,100,работает
RUN_20260509_VPLC_L1_LIGHT_10_20_S01_R05,VPLC_L1_LIGHT_10_20,SER_20260509_VPLC_L1_LIGHT_10_20_S01,vPLC_container,VPLC_HOST,36,,,2026-05-09T17:22:06.705268597Z,,,,host_log,10,20,,,,,,1,32,,technical_check,vplc_status_cycle_duration_not_validated_as_Tper,0.068,100,работает
RUN_20260509_VPLC_L1_LIGHT_10_20_S01_R05,VPLC_L1_LIGHT_10_20,SER_20260509_VPLC_L1_LIGHT_10_20_S01,vPLC_container,VPLC_HOST,37,,,2026-05-09T17:22:07.762786339Z,,,,host_log,10,20,,,,,,1,32,,technical_check,vplc_status_cycle_duration_not_validated_as_Tper,0.070,100,работает
RUN_20260509_VPLC_L1_LIGHT_10_20_S01_R05,VPLC_L1_LIGHT_10_20,SER_20260509_VPLC_L1_LIGHT_10_20_S01,vPLC_container,VPLC_HOST,38,,,2026-05-09T17:22:08.818205266Z,,,,host_log,10,20,,,,,,1,32,,technical_check,vplc_status_cycle_duration_not_validated_as_Tper,0.069,100,работает
RUN_20260509_VPLC_L1_LIGHT_10_20_S01_R05,VPLC_L1_LIGHT_10_20,SER_20260509_VPLC_L1_LIGHT_10_20_S01,vPLC_container,VPLC_HOST,39,,,2026-05-09T17:22:09.871093404Z,,,,host_log,10,20,,,,,,1,32,,technical_check,vplc_status_cycle_duration_not_validated_as_Tper,0.070,100,работает
RUN_20260509_VPLC_L1_LIGHT_10_20_S01_R05,VPLC_L1_LIGHT_10_20,SER_20260509_VPLC_L1_LIGHT_10_20_S01,vPLC_container,VPLC_HOST,40,,,2026-05-09T17:22:10.924785388Z,,,,host_log,10,20,,,,,,1,32,,technical_check,vplc_status_cycle_duration_not_validated_as_Tper,0.068,100,работает
RUN_20260509_VPLC_L1_LIGHT_10_20_S01_R05,VPLC_L1_LIGHT_10_20,SER_20260509_VPLC_L1_LIGHT_10_20_S01,vPLC_container,VPLC_HOST,41,,,2026-05-09T17:22:11.984892658Z,,,,host_log,10,20,,,,,,1,32,,technical_check,vplc_status_cycle_duration_not_validated_as_Tper,0.069,100,работает
RUN_20260509_VPLC_L1_LIGHT_10_20_S01_R05,VPLC_L1_LIGHT_10_20,SER_20260509_VPLC_L1_LIGHT_10_20_S01,vPLC_container,VPLC_HOST,42,,,2026-05-09T17:22:13.039415942Z,,,,host_log,10,20,,,,,,1,32,,technical_check,vplc_status_cycle_duration_not_validated_as_Tper,0.049,100,работает
RUN_20260509_VPLC_L1_LIGHT_10_20_S01_R05,VPLC_L1_LIGHT_10_20,SER_20260509_VPLC_L1_LIGHT_10_20_S01,vPLC_container,VPLC_HOST,43,,,2026-05-09T17:22:14.093637347Z,,,,host_log,10,20,,,,,,1,32,,technical_check,vplc_status_cycle_duration_not_validated_as_Tper,0.069,100,работает
RUN_20260509_VPLC_L1_LIGHT_10_20_S01_R05,VPLC_L1_LIGHT_10_20,SER_20260509_VPLC_L1_LIGHT_10_20_S01,vPLC_container,VPLC_HOST,44,,,2026-05-09T17:22:15.149427714Z,,,,host_log,10,20,,,,,,1,32,,technical_check,vplc_status_cycle_duration_not_validated_as_Tper,0.030,100,работает
RUN_20260509_VPLC_L1_LIGHT_10_20_S01_R05,VPLC_L1_LIGHT_10_20,SER_20260509_VPLC_L1_LIGHT_10_20_S01,vPLC_container,VPLC_HOST,45,,,2026-05-09T17:22:16.205162331Z,,,,host_log,10,20,,,,,,1,32,,technical_check,vplc_status_cycle_duration_not_validated_as_Tper,0.068,100,работает
RUN_20260509_VPLC_L1_LIGHT_10_20_S01_R05,VPLC_L1_LIGHT_10_20,SER_20260509_VPLC_L1_LIGHT_10_20_S01,vPLC_container,VPLC_HOST,46,,,2026-05-09T17:22:17.255507246Z,,,,host_log,10,20,,,,,,1,32,,technical_check,vplc_status_cycle_duration_not_validated_as_Tper,0.043,100,работает
RUN_20260509_VPLC_L1_LIGHT_10_20_S01_R05,VPLC_L1_LIGHT_10_20,SER_20260509_VPLC_L1_LIGHT_10_20_S01,vPLC_container,VPLC_HOST,47,,,2026-05-09T17:22:18.316555677Z,,,,host_log,10,20,,,,,,1,32,,technical_check,vplc_status_cycle_duration_not_validated_as_Tper,0.070,100,работает
RUN_20260509_VPLC_L1_LIGHT_10_20_S01_R05,VPLC_L1_LIGHT_10_20,SER_20260509_VPLC_L1_LIGHT_10_20_S01,vPLC_container,VPLC_HOST,48,,,2026-05-09T17:22:19.371293461Z,,,,host_log,10,20,,,,,,1,32,,technical_check,vplc_status_cycle_duration_not_validated_as_Tper,4.701,100,работает
RUN_20260509_VPLC_L1_LIGHT_10_20_S01_R05,VPLC_L1_LIGHT_10_20,SER_20260509_VPLC_L1_LIGHT_10_20_S01,vPLC_container,VPLC_HOST,49,,,2026-05-09T17:22:20.426559142Z,,,,host_log,10,20,,,,,,1,32,,technical_check,vplc_status_cycle_duration_not_validated_as_Tper,0.048,100,работает
RUN_20260509_VPLC_L1_LIGHT_10_20_S01_R05,VPLC_L1_LIGHT_10_20,SER_20260509_VPLC_L1_LIGHT_10_20_S01,vPLC_container,VPLC_HOST,50,,,2026-05-09T17:22:21.482151914Z,,,,host_log,10,20,,,,,,1,32,,technical_check,vplc_status_cycle_duration_not_validated_as_Tper,0.069,100,работает
RUN_20260509_VPLC_L1_LIGHT_10_20_S01_R05,VPLC_L1_LIGHT_10_20,SER_20260509_VPLC_L1_LIGHT_10_20_S01,vPLC_container,VPLC_HOST,51,,,2026-05-09T17:22:22.534727580Z,,,,host_log,10,20,,,,,,1,32,,technical_check,vplc_status_cycle_duration_not_validated_as_Tper,0.048,100,работает
RUN_20260509_VPLC_L1_LIGHT_10_20_S01_R05,VPLC_L1_LIGHT_10_20,SER_20260509_VPLC_L1_LIGHT_10_20_S01,vPLC_container,VPLC_HOST,52,,,2026-05-09T17:22:23.592738541Z,,,,host_log,10,20,,,,,,1,32,,technical_check,vplc_status_cycle_duration_not_validated_as_Tper,0.070,100,работает
RUN_20260509_VPLC_L1_LIGHT_10_20_S01_R05,VPLC_L1_LIGHT_10_20,SER_20260509_VPLC_L1_LIGHT_10_20_S01,vPLC_container,VPLC_HOST,53,,,2026-05-09T17:22:24.646337766Z,,,,host_log,10,20,,,,,,1,32,,technical_check,vplc_status_cycle_duration_not_validated_as_Tper,0.042,100,работает
RUN_20260509_VPLC_L1_LIGHT_10_20_S01_R05,VPLC_L1_LIGHT_10_20,SER_20260509_VPLC_L1_LIGHT_10_20_S01,vPLC_container,VPLC_HOST,54,,,2026-05-09T17:22:25.704239939Z,,,,host_log,10,20,,,,,,1,32,,technical_check,vplc_status_cycle_duration_not_validated_as_Tper,0.069,100,работает
RUN_20260509_VPLC_L1_LIGHT_10_20_S01_R05,VPLC_L1_LIGHT_10_20,SER_20260509_VPLC_L1_LIGHT_10_20_S01,vPLC_container,VPLC_HOST,55,,,2026-05-09T17:22:26.756979490Z,,,,host_log,10,20,,,,,,1,32,,technical_check,vplc_status_cycle_duration_not_validated_as_Tper,0.047,100,работает
RUN_20260509_VPLC_L1_LIGHT_10_20_S01_R05,VPLC_L1_LIGHT_10_20,SER_20260509_VPLC_L1_LIGHT_10_20_S01,vPLC_container,VPLC_HOST,56,,,2026-05-09T17:22:27.813566062Z,,,,host_log,10,20,,,,,,1,32,,technical_check,vplc_status_cycle_duration_not_validated_as_Tper,0.069,100,работает
RUN_20260509_VPLC_L1_LIGHT_10_20_S01_R05,VPLC_L1_LIGHT_10_20,SER_20260509_VPLC_L1_LIGHT_10_20_S01,vPLC_container,VPLC_HOST,57,,,2026-05-09T17:22:28.871516602Z,,,,host_log,10,20,,,,,,1,32,,technical_check,vplc_status_cycle_duration_not_validated_as_Tper,0.071,100,работает
RUN_20260509_VPLC_L1_LIGHT_10_20_S01_R05,VPLC_L1_LIGHT_10_20,SER_20260509_VPLC_L1_LIGHT_10_20_S01,vPLC_container,VPLC_HOST,58,,,2026-05-09T17:22:29.926302903Z,,,,host_log,10,20,,,,,,1,32,,technical_check,vplc_status_cycle_duration_not_validated_as_Tper,0.048,100,работает
RUN_20260509_VPLC_L1_LIGHT_10_20_S01_R05,VPLC_L1_LIGHT_10_20,SER_20260509_VPLC_L1_LIGHT_10_20_S01,vPLC_container,VPLC_HOST,59,,,2026-05-09T17:22:30.977020143Z,,,,host_log,10,20,,,,,,1,32,,technical_check,vplc_status_cycle_duration_not_validated_as_Tper,0.069,100,работает
RUN_20260509_VPLC_L1_LIGHT_10_20_S01_R05,VPLC_L1_LIGHT_10_20,SER_20260509_VPLC_L1_LIGHT_10_20_S01,vPLC_container,VPLC_HOST,60,,,2026-05-09T17:22:32.034158523Z,,,,host_log,10,20,,,,,,1,32,,technical_check,vplc_status_cycle_duration_not_validated_as_Tper,0.049,100,работает
RUN_20260509_VPLC_L1_LIGHT_10_20_S01_R05,VPLC_L1_LIGHT_10_20,SER_20260509_VPLC_L1_LIGHT_10_20_S01,vPLC_container,VPLC_HOST,61,,,2026-05-09T17:22:33.090821990Z,,,,host_log,10,20,,,,,,1,32,,technical_check,vplc_status_cycle_duration_not_validated_as_Tper,0.070,100,работает
RUN_20260509_VPLC_L1_LIGHT_10_20_S01_R05,VPLC_L1_LIGHT_10_20,SER_20260509_VPLC_L1_LIGHT_10_20_S01,vPLC_container,VPLC_HOST,62,,,2026-05-09T17:22:34.145356356Z,,,,host_log,10,20,,,,,,1,32,,technical_check,vplc_status_cycle_duration_not_validated_as_Tper,0.048,100,работает
RUN_20260509_VPLC_L1_LIGHT_10_20_S01_R05,VPLC_L1_LIGHT_10_20,SER_20260509_VPLC_L1_LIGHT_10_20_S01,vPLC_container,VPLC_HOST,63,,,2026-05-09T17:22:35.203351560Z,,,,host_log,10,20,,,,,,1,32,,technical_check,vplc_status_cycle_duration_not_validated_as_Tper,0.053,100,работает
RUN_20260509_VPLC_L1_LIGHT_10_20_S01_R05,VPLC_L1_LIGHT_10_20,SER_20260509_VPLC_L1_LIGHT_10_20_S01,vPLC_container,VPLC_HOST,64,,,2026-05-09T17:22:36.256576667Z,,,,host_log,10,20,,,,,,1,32,,technical_check,vplc_status_cycle_duration_not_validated_as_Tper,0.047,100,работает
RUN_20260509_VPLC_L1_LIGHT_10_20_S01_R05,VPLC_L1_LIGHT_10_20,SER_20260509_VPLC_L1_LIGHT_10_20_S01,vPLC_container,VPLC_HOST,65,,,2026-05-09T17:22:37.311999904Z,,,,host_log,10,20,,,,,,1,32,,technical_check,vplc_status_cycle_duration_not_validated_as_Tper,0.069,100,работает
RUN_20260509_VPLC_L1_LIGHT_10_20_S01_R05,VPLC_L1_LIGHT_10_20,SER_20260509_VPLC_L1_LIGHT_10_20_S01,vPLC_container,VPLC_HOST,66,,,2026-05-09T17:22:38.369920292Z,,,,host_log,10,20,,,,,,1,32,,technical_check,vplc_status_cycle_duration_not_validated_as_Tper,5.646,100,работает
RUN_20260509_VPLC_L1_LIGHT_10_20_S01_R05,VPLC_L1_LIGHT_10_20,SER_20260509_VPLC_L1_LIGHT_10_20_S01,vPLC_container,VPLC_HOST,67,,,2026-05-09T17:22:39.421834067Z,,,,host_log,10,20,,,,,,1,32,,technical_check,vplc_status_cycle_duration_not_validated_as_Tper,0.069,100,работает
RUN_20260509_VPLC_L1_LIGHT_10_20_S01_R05,VPLC_L1_LIGHT_10_20,SER_20260509_VPLC_L1_LIGHT_10_20_S01,vPLC_container,VPLC_HOST,68,,,2026-05-09T17:22:40.479123856Z,,,,host_log,10,20,,,,,,1,32,,technical_check,vplc_status_cycle_duration_not_validated_as_Tper,0.070,100,работает
RUN_20260509_VPLC_L1_LIGHT_10_20_S01_R05,VPLC_L1_LIGHT_10_20,SER_20260509_VPLC_L1_LIGHT_10_20_S01,vPLC_container,VPLC_HOST,69,,,2026-05-09T17:22:41.533273854Z,,,,host_log,10,20,,,,,,1,32,,technical_check,vplc_status_cycle_duration_not_validated_as_Tper,0.065,100,работает
RUN_20260509_VPLC_L1_LIGHT_10_20_S01_R05,VPLC_L1_LIGHT_10_20,SER_20260509_VPLC_L1_LIGHT_10_20_S01,vPLC_container,VPLC_HOST,70,,,2026-05-09T17:22:42.589495033Z,,,,host_log,10,20,,,,,,1,32,,technical_check,vplc_status_cycle_duration_not_validated_as_Tper,0.069,100,работает
RUN_20260509_VPLC_L1_LIGHT_10_20_S01_R05,VPLC_L1_LIGHT_10_20,SER_20260509_VPLC_L1_LIGHT_10_20_S01,vPLC_container,VPLC_HOST,71,,,2026-05-09T17:22:43.642960728Z,,,,host_log,10,20,,,,,,1,32,,technical_check,vplc_status_cycle_duration_not_validated_as_Tper,0.050,100,работает
RUN_20260509_VPLC_L1_LIGHT_10_20_S01_R05,VPLC_L1_LIGHT_10_20,SER_20260509_VPLC_L1_LIGHT_10_20_S01,vPLC_container,VPLC_HOST,72,,,2026-05-09T17:22:44.696094810Z,,,,host_log,10,20,,,,,,1,32,,technical_check,vplc_status_cycle_duration_not_validated_as_Tper,0.068,100,работает
RUN_20260509_VPLC_L1_LIGHT_10_20_S01_R05,VPLC_L1_LIGHT_10_20,SER_20260509_VPLC_L1_LIGHT_10_20_S01,vPLC_container,VPLC_HOST,73,,,2026-05-09T17:22:45.751177469Z,,,,host_log,10,20,,,,,,1,32,,technical_check,vplc_status_cycle_duration_not_validated_as_Tper,0.028,100,работает
RUN_20260509_VPLC_L1_LIGHT_10_20_S01_R05,VPLC_L1_LIGHT_10_20,SER_20260509_VPLC_L1_LIGHT_10_20_S01,vPLC_container,VPLC_HOST,74,,,2026-05-09T17:22:46.808149252Z,,,,host_log,10,20,,,,,,1,32,,technical_check,vplc_status_cycle_duration_not_validated_as_Tper,0.070,100,работает
RUN_20260509_VPLC_L1_LIGHT_10_20_S01_R05,VPLC_L1_LIGHT_10_20,SER_20260509_VPLC_L1_LIGHT_10_20_S01,vPLC_container,VPLC_HOST,75,,,2026-05-09T17:22:47.864329406Z,,,,host_log,10,20,,,,,,1,32,,technical_check,vplc_status_cycle_duration_not_validated_as_Tper,0.070,100,работает
RUN_20260509_VPLC_L1_LIGHT_10_20_S01_R05,VPLC_L1_LIGHT_10_20,SER_20260509_VPLC_L1_LIGHT_10_20_S01,vPLC_container,VPLC_HOST,76,,,2026-05-09T17:22:48.919682747Z,,,,host_log,10,20,,,,,,1,32,,technical_check,vplc_status_cycle_duration_not_validated_as_Tper,0.068,100,работает
RUN_20260509_VPLC_L1_LIGHT_10_20_S01_R05,VPLC_L1_LIGHT_10_20,SER_20260509_VPLC_L1_LIGHT_10_20_S01,vPLC_container,VPLC_HOST,77,,,2026-05-09T17:22:49.975528389Z,,,,host_log,10,20,,,,,,1,32,,technical_check,vplc_status_cycle_duration_not_validated_as_Tper,0.069,100,работает
RUN_20260509_VPLC_L1_LIGHT_10_20_S01_R05,VPLC_L1_LIGHT_10_20,SER_20260509_VPLC_L1_LIGHT_10_20_S01,vPLC_container,VPLC_HOST,78,,,2026-05-09T17:22:51.030673879Z,,,,host_log,10,20,,,,,,1,32,,technical_check,vplc_status_cycle_duration_not_validated_as_Tper,0.049,100,работает
RUN_20260509_VPLC_L1_LIGHT_10_20_S01_R05,VPLC_L1_LIGHT_10_20,SER_20260509_VPLC_L1_LIGHT_10_20_S01,vPLC_container,VPLC_HOST,79,,,2026-05-09T17:22:52.085121858Z,,,,host_log,10,20,,,,,,1,32,,technical_check,vplc_status_cycle_duration_not_validated_as_Tper,0.069,100,работает
RUN_20260509_VPLC_L1_LIGHT_10_20_S01_R05,VPLC_L1_LIGHT_10_20,SER_20260509_VPLC_L1_LIGHT_10_20_S01,vPLC_container,VPLC_HOST,80,,,2026-05-09T17:22:53.140898582Z,,,,host_log,10,20,,,,,,1,32,,technical_check,vplc_status_cycle_duration_not_validated_as_Tper,0.049,100,работает
RUN_20260509_VPLC_L1_LIGHT_10_20_S01_R05,VPLC_L1_LIGHT_10_20,SER_20260509_VPLC_L1_LIGHT_10_20_S01,vPLC_container,VPLC_HOST,81,,,2026-05-09T17:22:54.196755552Z,,,,host_log,10,20,,,,,,1,32,,technical_check,vplc_status_cycle_duration_not_validated_as_Tper,0.069,100,работает
RUN_20260509_VPLC_L1_LIGHT_10_20_S01_R05,VPLC_L1_LIGHT_10_20,SER_20260509_VPLC_L1_LIGHT_10_20_S01,vPLC_container,VPLC_HOST,82,,,2026-05-09T17:22:55.250079521Z,,,,host_log,10,20,,,,,,1,32,,technical_check,vplc_status_cycle_duration_not_validated_as_Tper,0.028,100,работает
RUN_20260509_VPLC_L1_LIGHT_10_20_S01_R05,VPLC_L1_LIGHT_10_20,SER_20260509_VPLC_L1_LIGHT_10_20_S01,vPLC_container,VPLC_HOST,83,,,2026-05-09T17:22:56.307415662Z,,,,host_log,10,20,,,,,,1,32,,technical_check,vplc_status_cycle_duration_not_validated_as_Tper,0.071,100,работает
RUN_20260509_VPLC_L1_LIGHT_10_20_S01_R05,VPLC_L1_LIGHT_10_20,SER_20260509_VPLC_L1_LIGHT_10_20_S01,vPLC_container,VPLC_HOST,84,,,2026-05-09T17:22:57.360539192Z,,,,host_log,10,20,,,,,,1,32,,technical_check,vplc_status_cycle_duration_not_validated_as_Tper,4.904,100,работает
RUN_20260509_VPLC_L1_LIGHT_10_20_S01_R05,VPLC_L1_LIGHT_10_20,SER_20260509_VPLC_L1_LIGHT_10_20_S01,vPLC_container,VPLC_HOST,85,,,2026-05-09T17:22:58.417949424Z,,,,host_log,10,20,,,,,,1,32,,technical_check,vplc_status_cycle_duration_not_validated_as_Tper,5.312,100,работает
RUN_20260509_VPLC_L1_LIGHT_10_20_S01_R05,VPLC_L1_LIGHT_10_20,SER_20260509_VPLC_L1_LIGHT_10_20_S01,vPLC_container,VPLC_HOST,86,,,2026-05-09T17:22:59.470921700Z,,,,host_log,10,20,,,,,,1,32,,technical_check,vplc_status_cycle_duration_not_validated_as_Tper,0.068,100,работает
RUN_20260509_VPLC_L1_LIGHT_10_20_S01_R05,VPLC_L1_LIGHT_10_20,SER_20260509_VPLC_L1_LIGHT_10_20_S01,vPLC_container,VPLC_HOST,87,,,2026-05-09T17:23:00.526248109Z,,,,host_log,10,20,,,,,,1,32,,technical_check,vplc_status_cycle_duration_not_validated_as_Tper,0.050,100,работает
RUN_20260509_VPLC_L1_LIGHT_10_20_S01_R05,VPLC_L1_LIGHT_10_20,SER_20260509_VPLC_L1_LIGHT_10_20_S01,vPLC_container,VPLC_HOST,88,,,2026-05-09T17:23:01.582926686Z,,,,host_log,10,20,,,,,,1,32,,technical_check,vplc_status_cycle_duration_not_validated_as_Tper,0.070,100,работает
RUN_20260509_VPLC_L1_LIGHT_10_20_S01_R05,VPLC_L1_LIGHT_10_20,SER_20260509_VPLC_L1_LIGHT_10_20_S01,vPLC_container,VPLC_HOST,89,,,2026-05-09T17:23:02.639288683Z,,,,host_log,10,20,,,,,,1,32,,technical_check,vplc_status_cycle_duration_not_validated_as_Tper,0.048,100,работает
RUN_20260509_VPLC_L1_LIGHT_10_20_S01_R05,VPLC_L1_LIGHT_10_20,SER_20260509_VPLC_L1_LIGHT_10_20_S01,vPLC_container,VPLC_HOST,90,,,2026-05-09T17:23:03.695054225Z,,,,host_log,10,20,,,,,,1,32,,technical_check,vplc_status_cycle_duration_not_validated_as_Tper,0.069,100,работает
RUN_20260509_VPLC_L1_LIGHT_10_20_S01_R05,VPLC_L1_LIGHT_10_20,SER_20260509_VPLC_L1_LIGHT_10_20_S01,vPLC_container,VPLC_HOST,91,,,2026-05-09T17:23:04.749730412Z,,,,host_log,10,20,,,,,,1,32,,technical_check,vplc_status_cycle_duration_not_validated_as_Tper,0.028,100,работает
RUN_20260509_VPLC_L1_LIGHT_10_20_S01_R05,VPLC_L1_LIGHT_10_20,SER_20260509_VPLC_L1_LIGHT_10_20_S01,vPLC_container,VPLC_HOST,92,,,2026-05-09T17:23:05.805679219Z,,,,host_log,10,20,,,,,,1,32,,technical_check,vplc_status_cycle_duration_not_validated_as_Tper,0.069,100,работает
RUN_20260509_VPLC_L1_LIGHT_10_20_S01_R05,VPLC_L1_LIGHT_10_20,SER_20260509_VPLC_L1_LIGHT_10_20_S01,vPLC_container,VPLC_HOST,93,,,2026-05-09T17:23:06.860677508Z,,,,host_log,10,20,,,,,,1,32,,technical_check,vplc_status_cycle_duration_not_validated_as_Tper,0.074,100,работает
RUN_20260509_VPLC_L1_LIGHT_10_20_S01_R05,VPLC_L1_LIGHT_10_20,SER_20260509_VPLC_L1_LIGHT_10_20_S01,vPLC_container,VPLC_HOST,94,,,2026-05-09T17:23:07.915169622Z,,,,host_log,10,20,,,,,,1,32,,technical_check,vplc_status_cycle_duration_not_validated_as_Tper,0.070,100,работает
RUN_20260509_VPLC_L1_LIGHT_10_20_S01_R05,VPLC_L1_LIGHT_10_20,SER_20260509_VPLC_L1_LIGHT_10_20_S01,vPLC_container,VPLC_HOST,95,,,2026-05-09T17:23:08.969627357Z,,,,host_log,10,20,,,,,,1,32,,technical_check,vplc_status_cycle_duration_not_validated_as_Tper,0.066,100,работает
RUN_20260509_VPLC_L1_LIGHT_10_20_S01_R05,VPLC_L1_LIGHT_10_20,SER_20260509_VPLC_L1_LIGHT_10_20_S01,vPLC_container,VPLC_HOST,96,,,2026-05-09T17:23:10.023579687Z,,,,host_log,10,20,,,,,,1,32,,technical_check,vplc_status_cycle_duration_not_validated_as_Tper,0.069,100,работает
RUN_20260509_VPLC_L1_LIGHT_10_20_S01_R05,VPLC_L1_LIGHT_10_20,SER_20260509_VPLC_L1_LIGHT_10_20_S01,vPLC_container,VPLC_HOST,97,,,2026-05-09T17:23:11.080753859Z,,,,host_log,10,20,,,,,,1,32,,technical_check,vplc_status_cycle_duration_not_validated_as_Tper,0.070,100,работает
RUN_20260509_VPLC_L1_LIGHT_10_20_S01_R05,VPLC_L1_LIGHT_10_20,SER_20260509_VPLC_L1_LIGHT_10_20_S01,vPLC_container,VPLC_HOST,98,,,2026-05-09T17:23:12.132095270Z,,,,host_log,10,20,,,,,,1,32,,technical_check,vplc_status_cycle_duration_not_validated_as_Tper,0.070,100,работает
RUN_20260509_VPLC_L1_LIGHT_10_20_S01_R05,VPLC_L1_LIGHT_10_20,SER_20260509_VPLC_L1_LIGHT_10_20_S01,vPLC_container,VPLC_HOST,99,,,2026-05-09T17:23:13.190822136Z,,,,host_log,10,20,,,,,,1,32,,technical_check,vplc_status_cycle_duration_not_validated_as_Tper,0.069,100,работает
RUN_20260509_VPLC_L1_LIGHT_10_20_S01_R05,VPLC_L1_LIGHT_10_20,SER_20260509_VPLC_L1_LIGHT_10_20_S01,vPLC_container,VPLC_HOST,100,,,2026-05-09T17:23:14.244769497Z,,,,host_log,10,20,,,,,,1,32,,technical_check,vplc_status_cycle_duration_not_validated_as_Tper,0.045,100,работает
RUN_20260509_VPLC_L1_LIGHT_10_20_S01_R05,VPLC_L1_LIGHT_10_20,SER_20260509_VPLC_L1_LIGHT_10_20_S01,vPLC_container,VPLC_HOST,101,,,2026-05-09T17:23:15.303177816Z,,,,host_log,10,20,,,,,,1,32,,technical_check,vplc_status_cycle_duration_not_validated_as_Tper,0.068,100,работает
RUN_20260509_VPLC_L1_LIGHT_10_20_S01_R05,VPLC_L1_LIGHT_10_20,SER_20260509_VPLC_L1_LIGHT_10_20_S01,vPLC_container,VPLC_HOST,102,,,2026-05-09T17:23:16.357314825Z,,,,host_log,10,20,,,,,,1,32,,technical_check,vplc_status_cycle_duration_not_validated_as_Tper,4.315,100,работает
RUN_20260509_VPLC_L1_LIGHT_10_20_S01_R05,VPLC_L1_LIGHT_10_20,SER_20260509_VPLC_L1_LIGHT_10_20_S01,vPLC_container,VPLC_HOST,103,,,2026-05-09T17:23:17.412481942Z,,,,host_log,10,20,,,,,,1,32,,technical_check,vplc_status_cycle_duration_not_validated_as_Tper,4.385,100,работает
RUN_20260509_VPLC_L1_LIGHT_10_20_S01_R05,VPLC_L1_LIGHT_10_20,SER_20260509_VPLC_L1_LIGHT_10_20_S01,vPLC_container,VPLC_HOST,104,,,2026-05-09T17:23:18.467935247Z,,,,host_log,10,20,,,,,,1,32,,technical_check,vplc_status_cycle_duration_not_validated_as_Tper,0.071,100,работает
RUN_20260509_VPLC_L1_LIGHT_10_20_S01_R05,VPLC_L1_LIGHT_10_20,SER_20260509_VPLC_L1_LIGHT_10_20_S01,vPLC_container,VPLC_HOST,105,,,2026-05-09T17:23:19.523427070Z,,,,host_log,10,20,,,,,,1,32,,technical_check,vplc_status_cycle_duration_not_validated_as_Tper,0.068,100,работает
RUN_20260509_VPLC_L1_LIGHT_10_20_S01_R05,VPLC_L1_LIGHT_10_20,SER_20260509_VPLC_L1_LIGHT_10_20_S01,vPLC_container,VPLC_HOST,106,,,2026-05-09T17:23:20.579404277Z,,,,host_log,10,20,,,,,,1,32,,technical_check,vplc_status_cycle_duration_not_validated_as_Tper,0.070,100,работает
RUN_20260509_VPLC_L1_LIGHT_10_20_S01_R05,VPLC_L1_LIGHT_10_20,SER_20260509_VPLC_L1_LIGHT_10_20_S01,vPLC_container,VPLC_HOST,107,,,2026-05-09T17:23:21.634161188Z,,,,host_log,10,20,,,,,,1,32,,technical_check,vplc_status_cycle_duration_not_validated_as_Tper,0.050,100,работает
RUN_20260509_VPLC_L1_LIGHT_10_20_S01_R05,VPLC_L1_LIGHT_10_20,SER_20260509_VPLC_L1_LIGHT_10_20_S01,vPLC_container,VPLC_HOST,108,,,2026-05-09T17:23:22.689066567Z,,,,host_log,10,20,,,,,,1,32,,technical_check,vplc_status_cycle_duration_not_validated_as_Tper,0.069,100,работает
RUN_20260509_VPLC_L1_LIGHT_10_20_S01_R05,VPLC_L1_LIGHT_10_20,SER_20260509_VPLC_L1_LIGHT_10_20_S01,vPLC_container,VPLC_HOST,109,,,2026-05-09T17:23:23.742767870Z,,,,host_log,10,20,,,,,,1,32,,technical_check,vplc_status_cycle_duration_not_validated_as_Tper,0.049,100,работает
RUN_20260509_VPLC_L1_LIGHT_10_20_S01_R05,VPLC_L1_LIGHT_10_20,SER_20260509_VPLC_L1_LIGHT_10_20_S01,vPLC_container,VPLC_HOST,110,,,2026-05-09T17:23:24.798128315Z,,,,host_log,10,20,,,,,,1,32,,technical_check,vplc_status_cycle_duration_not_validated_as_Tper,0.068,100,работает
RUN_20260509_VPLC_L1_LIGHT_10_20_S01_R05,VPLC_L1_LIGHT_10_20,SER_20260509_VPLC_L1_LIGHT_10_20_S01,vPLC_container,VPLC_HOST,111,,,2026-05-09T17:23:25.855532084Z,,,,host_log,10,20,,,,,,1,32,,technical_check,vplc_status_cycle_duration_not_validated_as_Tper,0.042,100,работает
RUN_20260509_VPLC_L1_LIGHT_10_20_S01_R05,VPLC_L1_LIGHT_10_20,SER_20260509_VPLC_L1_LIGHT_10_20_S01,vPLC_container,VPLC_HOST,112,,,2026-05-09T17:23:26.911387742Z,,,,host_log,10,20,,,,,,1,32,,technical_check,vplc_status_cycle_duration_not_validated_as_Tper,0.069,100,работает
RUN_20260509_VPLC_L1_LIGHT_10_20_S01_R05,VPLC_L1_LIGHT_10_20,SER_20260509_VPLC_L1_LIGHT_10_20_S01,vPLC_container,VPLC_HOST,113,,,2026-05-09T17:23:27.966803794Z,,,,host_log,10,20,,,,,,1,32,,technical_check,vplc_status_cycle_duration_not_validated_as_Tper,0.071,100,работает
RUN_20260509_VPLC_L1_LIGHT_10_20_S01_R05,VPLC_L1_LIGHT_10_20,SER_20260509_VPLC_L1_LIGHT_10_20_S01,vPLC_container,VPLC_HOST,114,,,2026-05-09T17:23:29.021115726Z,,,,host_log,10,20,,,,,,1,32,,technical_check,vplc_status_cycle_duration_not_validated_as_Tper,0.071,100,работает
RUN_20260509_VPLC_L1_LIGHT_10_20_S01_R05,VPLC_L1_LIGHT_10_20,SER_20260509_VPLC_L1_LIGHT_10_20_S01,vPLC_container,VPLC_HOST,115,,,2026-05-09T17:23:30.076415675Z,,,,host_log,10,20,,,,,,1,32,,technical_check,vplc_status_cycle_duration_not_validated_as_Tper,0.067,100,работает
RUN_20260509_VPLC_L1_LIGHT_10_20_S01_R05,VPLC_L1_LIGHT_10_20,SER_20260509_VPLC_L1_LIGHT_10_20_S01,vPLC_container,VPLC_HOST,116,,,2026-05-09T17:23:31.131788717Z,,,,host_log,10,20,,,,,,1,32,,technical_check,vplc_status_cycle_duration_not_validated_as_Tper,0.050,100,работает
RUN_20260509_VPLC_L1_LIGHT_10_20_S01_R05,VPLC_L1_LIGHT_10_20,SER_20260509_VPLC_L1_LIGHT_10_20_S01,vPLC_container,VPLC_HOST,117,,,2026-05-09T17:23:32.188181949Z,,,,host_log,10,20,,,,,,1,32,,technical_check,vplc_status_cycle_duration_not_validated_as_Tper,0.069,100,работает
RUN_20260509_VPLC_L1_LIGHT_10_20_S01_R05,VPLC_L1_LIGHT_10_20,SER_20260509_VPLC_L1_LIGHT_10_20_S01,vPLC_container,VPLC_HOST,118,,,2026-05-09T17:23:33.243383027Z,,,,host_log,10,20,,,,,,1,32,,technical_check,vplc_status_cycle_duration_not_validated_as_Tper,0.048,100,работает
RUN_20260509_VPLC_L1_LIGHT_10_20_S01_R05,VPLC_L1_LIGHT_10_20,SER_20260509_VPLC_L1_LIGHT_10_20_S01,vPLC_container,VPLC_HOST,119,,,2026-05-09T17:23:34.298608414Z,,,,host_log,10,20,,,,,,1,32,,technical_check,vplc_status_cycle_duration_not_validated_as_Tper,0.070,100,работает
RUN_20260509_VPLC_L1_LIGHT_10_20_S01_R05,VPLC_L1_LIGHT_10_20,SER_20260509_VPLC_L1_LIGHT_10_20_S01,vPLC_container,VPLC_HOST,120,,,2026-05-09T17:23:35.353562568Z,,,,host_log,10,20,,,,,,1,32,,technical_check,vplc_status_cycle_duration_not_validated_as_Tper,3.439,100,работает
RUN_20260509_VPLC_L1_LIGHT_10_20_S01_R05,VPLC_L1_LIGHT_10_20,SER_20260509_VPLC_L1_LIGHT_10_20_S01,vPLC_container,VPLC_HOST,121,,,2026-05-09T17:23:36.408262732Z,,,,host_log,10,20,,,,,,1,32,,technical_check,vplc_status_cycle_duration_not_validated_as_Tper,4.361,100,работает
RUN_20260509_VPLC_L1_LIGHT_10_20_S01_R05,VPLC_L1_LIGHT_10_20,SER_20260509_VPLC_L1_LIGHT_10_20_S01,vPLC_container,VPLC_HOST,122,,,2026-05-09T17:23:37.460520240Z,,,,host_log,10,20,,,,,,1,32,,technical_check,vplc_status_cycle_duration_not_validated_as_Tper,0.070,100,работает
RUN_20260509_VPLC_L1_LIGHT_10_20_S01_R05,VPLC_L1_LIGHT_10_20,SER_20260509_VPLC_L1_LIGHT_10_20_S01,vPLC_container,VPLC_HOST,123,,,2026-05-09T17:23:38.519904760Z,,,,host_log,10,20,,,,,,1,32,,technical_check,vplc_status_cycle_duration_not_validated_as_Tper,0.069,100,работает
RUN_20260509_VPLC_L1_LIGHT_10_20_S01_R05,VPLC_L1_LIGHT_10_20,SER_20260509_VPLC_L1_LIGHT_10_20_S01,vPLC_container,VPLC_HOST,124,,,2026-05-09T17:23:39.573289734Z,,,,host_log,10,20,,,,,,1,32,,technical_check,vplc_status_cycle_duration_not_validated_as_Tper,0.069,100,работает
RUN_20260509_VPLC_L1_LIGHT_10_20_S01_R05,VPLC_L1_LIGHT_10_20,SER_20260509_VPLC_L1_LIGHT_10_20_S01,vPLC_container,VPLC_HOST,125,,,2026-05-09T17:23:40.626225613Z,,,,host_log,10,20,,,,,,1,32,,technical_check,vplc_status_cycle_duration_not_validated_as_Tper,0.050,100,работает
RUN_20260509_VPLC_L1_LIGHT_10_20_S01_R05,VPLC_L1_LIGHT_10_20,SER_20260509_VPLC_L1_LIGHT_10_20_S01,vPLC_container,VPLC_HOST,126,,,2026-05-09T17:23:41.685797501Z,,,,host_log,10,20,,,,,,1,32,,technical_check,vplc_status_cycle_duration_not_validated_as_Tper,0.070,100,работает
RUN_20260509_VPLC_L1_LIGHT_10_20_S01_R05,VPLC_L1_LIGHT_10_20,SER_20260509_VPLC_L1_LIGHT_10_20_S01,vPLC_container,VPLC_HOST,127,,,2026-05-09T17:23:42.738969579Z,,,,host_log,10,20,,,,,,1,32,,technical_check,vplc_status_cycle_duration_not_validated_as_Tper,0.050,100,работает
RUN_20260509_VPLC_L1_LIGHT_10_20_S01_R05,VPLC_L1_LIGHT_10_20,SER_20260509_VPLC_L1_LIGHT_10_20_S01,vPLC_container,VPLC_HOST,128,,,2026-05-09T17:23:43.794582870Z,,,,host_log,10,20,,,,,,1,32,,technical_check,vplc_status_cycle_duration_not_validated_as_Tper,0.070,100,работает
RUN_20260509_VPLC_L1_LIGHT_10_20_S01_R05,VPLC_L1_LIGHT_10_20,SER_20260509_VPLC_L1_LIGHT_10_20_S01,vPLC_container,VPLC_HOST,129,,,2026-05-09T17:23:44.850460312Z,,,,host_log,10,20,,,,,,1,32,,technical_check,vplc_status_cycle_duration_not_validated_as_Tper,0.028,100,работает
RUN_20260509_VPLC_L1_LIGHT_10_20_S01_R05,VPLC_L1_LIGHT_10_20,SER_20260509_VPLC_L1_LIGHT_10_20_S01,vPLC_container,VPLC_HOST,130,,,2026-05-09T17:23:45.906614024Z,,,,host_log,10,20,,,,,,1,32,,technical_check,vplc_status_cycle_duration_not_validated_as_Tper,0.071,100,работает
RUN_20260509_VPLC_L1_LIGHT_10_20_S01_R05,VPLC_L1_LIGHT_10_20,SER_20260509_VPLC_L1_LIGHT_10_20_S01,vPLC_container,VPLC_HOST,131,,,2026-05-09T17:23:46.962332663Z,,,,host_log,10,20,,,,,,1,32,,technical_check,vplc_status_cycle_duration_not_validated_as_Tper,0.069,100,работает
RUN_20260509_VPLC_L1_LIGHT_10_20_S01_R05,VPLC_L1_LIGHT_10_20,SER_20260509_VPLC_L1_LIGHT_10_20_S01,vPLC_container,VPLC_HOST,132,,,2026-05-09T17:23:48.016719354Z,,,,host_log,10,20,,,,,,1,32,,technical_check,vplc_status_cycle_duration_not_validated_as_Tper,0.070,100,работает
RUN_20260509_VPLC_L1_LIGHT_10_20_S01_R05,VPLC_L1_LIGHT_10_20,SER_20260509_VPLC_L1_LIGHT_10_20_S01,vPLC_container,VPLC_HOST,133,,,2026-05-09T17:23:49.071636559Z,,,,host_log,10,20,,,,,,1,32,,technical_check,vplc_status_cycle_duration_not_validated_as_Tper,0.067,100,работает
RUN_20260509_VPLC_L1_LIGHT_10_20_S01_R05,VPLC_L1_LIGHT_10_20,SER_20260509_VPLC_L1_LIGHT_10_20_S01,vPLC_container,VPLC_HOST,134,,,2026-05-09T17:23:50.126901569Z,,,,host_log,10,20,,,,,,1,32,,technical_check,vplc_status_cycle_duration_not_validated_as_Tper,0.049,100,работает
RUN_20260509_VPLC_L1_LIGHT_10_20_S01_R05,VPLC_L1_LIGHT_10_20,SER_20260509_VPLC_L1_LIGHT_10_20_S01,vPLC_container,VPLC_HOST,135,,,2026-05-09T17:23:51.180569090Z,,,,host_log,10,20,,,,,,1,32,,technical_check,vplc_status_cycle_duration_not_validated_as_Tper,0.069,100,работает
RUN_20260509_VPLC_L1_LIGHT_10_20_S01_R05,VPLC_L1_LIGHT_10_20,SER_20260509_VPLC_L1_LIGHT_10_20_S01,vPLC_container,VPLC_HOST,136,,,2026-05-09T17:23:52.237279394Z,,,,host_log,10,20,,,,,,1,32,,technical_check,vplc_status_cycle_duration_not_validated_as_Tper,0.049,100,работает
RUN_20260509_VPLC_L1_LIGHT_10_20_S01_R05,VPLC_L1_LIGHT_10_20,SER_20260509_VPLC_L1_LIGHT_10_20_S01,vPLC_container,VPLC_HOST,137,,,2026-05-09T17:23:53.292698191Z,,,,host_log,10,20,,,,,,1,32,,technical_check,vplc_status_cycle_duration_not_validated_as_Tper,0.069,100,работает
RUN_20260509_VPLC_L1_LIGHT_10_20_S01_R05,VPLC_L1_LIGHT_10_20,SER_20260509_VPLC_L1_LIGHT_10_20_S01,vPLC_container,VPLC_HOST,138,,,2026-05-09T17:23:54.347784572Z,,,,host_log,10,20,,,,,,1,32,,technical_check,vplc_status_cycle_duration_not_validated_as_Tper,4.124,100,работает
RUN_20260509_VPLC_L1_LIGHT_10_20_S01_R05,VPLC_L1_LIGHT_10_20,SER_20260509_VPLC_L1_LIGHT_10_20_S01,vPLC_container,VPLC_HOST,139,,,2026-05-09T17:23:55.403032023Z,,,,host_log,10,20,,,,,,1,32,,technical_check,vplc_status_cycle_duration_not_validated_as_Tper,4.890,100,работает
RUN_20260509_VPLC_L1_LIGHT_10_20_S01_R05,VPLC_L1_LIGHT_10_20,SER_20260509_VPLC_L1_LIGHT_10_20_S01,vPLC_container,VPLC_HOST,140,,,2026-05-09T17:23:56.453112328Z,,,,host_log,10,20,,,,,,1,32,,technical_check,vplc_status_cycle_duration_not_validated_as_Tper,0.028,100,работает
RUN_20260509_VPLC_L1_LIGHT_10_20_S01_R05,VPLC_L1_LIGHT_10_20,SER_20260509_VPLC_L1_LIGHT_10_20_S01,vPLC_container,VPLC_HOST,141,,,2026-05-09T17:23:57.514576611Z,,,,host_log,10,20,,,,,,1,32,,technical_check,vplc_status_cycle_duration_not_validated_as_Tper,0.070,100,работает
RUN_20260509_VPLC_L1_LIGHT_10_20_S01_R05,VPLC_L1_LIGHT_10_20,SER_20260509_VPLC_L1_LIGHT_10_20_S01,vPLC_container,VPLC_HOST,142,,,2026-05-09T17:23:58.568764048Z,,,,host_log,10,20,,,,,,1,32,,technical_check,vplc_status_cycle_duration_not_validated_as_Tper,0.070,100,работает
RUN_20260509_VPLC_L1_LIGHT_10_20_S01_R05,VPLC_L1_LIGHT_10_20,SER_20260509_VPLC_L1_LIGHT_10_20_S01,vPLC_container,VPLC_HOST,143,,,2026-05-09T17:23:59.625210775Z,,,,host_log,10,20,,,,,,1,32,,technical_check,vplc_status_cycle_duration_not_validated_as_Tper,0.069,100,работает
RUN_20260509_VPLC_L1_LIGHT_10_20_S01_R05,VPLC_L1_LIGHT_10_20,SER_20260509_VPLC_L1_LIGHT_10_20_S01,vPLC_container,VPLC_HOST,144,,,2026-05-09T17:24:00.680666473Z,,,,host_log,10,20,,,,,,1,32,,technical_check,vplc_status_cycle_duration_not_validated_as_Tper,0.071,100,работает
RUN_20260509_VPLC_L1_LIGHT_10_20_S01_R05,VPLC_L1_LIGHT_10_20,SER_20260509_VPLC_L1_LIGHT_10_20_S01,vPLC_container,VPLC_HOST,145,,,2026-05-09T17:24:01.735820311Z,,,,host_log,10,20,,,,,,1,32,,technical_check,vplc_status_cycle_duration_not_validated_as_Tper,0.048,100,работает
RUN_20260509_VPLC_L1_LIGHT_10_20_S01_R05,VPLC_L1_LIGHT_10_20,SER_20260509_VPLC_L1_LIGHT_10_20_S01,vPLC_container,VPLC_HOST,146,,,2026-05-09T17:24:02.788280404Z,,,,host_log,10,20,,,,,,1,32,,technical_check,vplc_status_cycle_duration_not_validated_as_Tper,0.070,100,работает
RUN_20260509_VPLC_L1_LIGHT_10_20_S01_R05,VPLC_L1_LIGHT_10_20,SER_20260509_VPLC_L1_LIGHT_10_20_S01,vPLC_container,VPLC_HOST,147,,,2026-05-09T17:24:03.846345075Z,,,,host_log,10,20,,,,,,1,32,,technical_check,vplc_status_cycle_duration_not_validated_as_Tper,0.046,100,работает
RUN_20260509_VPLC_L1_LIGHT_10_20_S01_R05,VPLC_L1_LIGHT_10_20,SER_20260509_VPLC_L1_LIGHT_10_20_S01,vPLC_container,VPLC_HOST,148,,,2026-05-09T17:24:04.901204692Z,,,,host_log,10,20,,,,,,1,32,,technical_check,vplc_status_cycle_duration_not_validated_as_Tper,0.069,100,работает
RUN_20260509_VPLC_L1_LIGHT_10_20_S01_R05,VPLC_L1_LIGHT_10_20,SER_20260509_VPLC_L1_LIGHT_10_20_S01,vPLC_container,VPLC_HOST,149,,,2026-05-09T17:24:05.954503327Z,,,,host_log,10,20,,,,,,1,32,,technical_check,vplc_status_cycle_duration_not_validated_as_Tper,0.042,100,работает
RUN_20260509_VPLC_L1_LIGHT_10_20_S01_R05,VPLC_L1_LIGHT_10_20,SER_20260509_VPLC_L1_LIGHT_10_20_S01,vPLC_container,VPLC_HOST,150,,,2026-05-09T17:24:07.012859741Z,,,,host_log,10,20,,,,,,1,32,,technical_check,vplc_status_cycle_duration_not_validated_as_Tper,0.070,100,работает
RUN_20260509_VPLC_L1_LIGHT_10_20_S01_R05,VPLC_L1_LIGHT_10_20,SER_20260509_VPLC_L1_LIGHT_10_20_S01,vPLC_container,VPLC_HOST,151,,,2026-05-09T17:24:08.068038340Z,,,,host_log,10,20,,,,,,1,32,,technical_check,vplc_status_cycle_duration_not_validated_as_Tper,0.070,100,работает
RUN_20260509_VPLC_L1_LIGHT_10_20_S01_R05,VPLC_L1_LIGHT_10_20,SER_20260509_VPLC_L1_LIGHT_10_20_S01,vPLC_container,VPLC_HOST,152,,,2026-05-09T17:24:09.123880892Z,,,,host_log,10,20,,,,,,1,32,,technical_check,vplc_status_cycle_duration_not_validated_as_Tper,0.050,100,работает
RUN_20260509_VPLC_L1_LIGHT_10_20_S01_R05,VPLC_L1_LIGHT_10_20,SER_20260509_VPLC_L1_LIGHT_10_20_S01,vPLC_container,VPLC_HOST,153,,,2026-05-09T17:24:10.177868542Z,,,,host_log,10,20,,,,,,1,32,,technical_check,vplc_status_cycle_duration_not_validated_as_Tper,0.069,100,работает
RUN_20260509_VPLC_L1_LIGHT_10_20_S01_R05,VPLC_L1_LIGHT_10_20,SER_20260509_VPLC_L1_LIGHT_10_20_S01,vPLC_container,VPLC_HOST,154,,,2026-05-09T17:24:11.233759480Z,,,,host_log,10,20,,,,,,1,32,,technical_check,vplc_status_cycle_duration_not_validated_as_Tper,0.049,100,работает
RUN_20260509_VPLC_L1_LIGHT_10_20_S01_R05,VPLC_L1_LIGHT_10_20,SER_20260509_VPLC_L1_LIGHT_10_20_S01,vPLC_container,VPLC_HOST,155,,,2026-05-09T17:24:12.287462880Z,,,,host_log,10,20,,,,,,1,32,,technical_check,vplc_status_cycle_duration_not_validated_as_Tper,0.070,100,работает
RUN_20260509_VPLC_L1_LIGHT_10_20_S01_R05,VPLC_L1_LIGHT_10_20,SER_20260509_VPLC_L1_LIGHT_10_20_S01,vPLC_container,VPLC_HOST,156,,,2026-05-09T17:24:13.343942475Z,,,,host_log,10,20,,,,,,1,32,,technical_check,vplc_status_cycle_duration_not_validated_as_Tper,4.861,100,работает
RUN_20260509_VPLC_L1_LIGHT_10_20_S01_R05,VPLC_L1_LIGHT_10_20,SER_20260509_VPLC_L1_LIGHT_10_20_S01,vPLC_container,VPLC_HOST,157,,,2026-05-09T17:24:14.398663770Z,,,,host_log,10,20,,,,,,1,32,,technical_check,vplc_status_cycle_duration_not_validated_as_Tper,4.666,100,работает
RUN_20260509_VPLC_L1_LIGHT_10_20_S01_R05,VPLC_L1_LIGHT_10_20,SER_20260509_VPLC_L1_LIGHT_10_20_S01,vPLC_container,VPLC_HOST,158,,,2026-05-09T17:24:15.453873343Z,,,,host_log,10,20,,,,,,1,32,,technical_check,vplc_status_cycle_duration_not_validated_as_Tper,0.033,100,работает
RUN_20260509_VPLC_L1_LIGHT_10_20_S01_R05,VPLC_L1_LIGHT_10_20,SER_20260509_VPLC_L1_LIGHT_10_20_S01,vPLC_container,VPLC_HOST,159,,,2026-05-09T17:24:16.509133923Z,,,,host_log,10,20,,,,,,1,32,,technical_check,vplc_status_cycle_duration_not_validated_as_Tper,0.069,100,работает
RUN_20260509_VPLC_L1_LIGHT_10_20_S01_R05,VPLC_L1_LIGHT_10_20,SER_20260509_VPLC_L1_LIGHT_10_20_S01,vPLC_container,VPLC_HOST,160,,,2026-05-09T17:24:17.564066066Z,,,,host_log,10,20,,,,,,1,32,,technical_check,vplc_status_cycle_duration_not_validated_as_Tper,0.070,100,работает
RUN_20260509_VPLC_L1_LIGHT_10_20_S01_R05,VPLC_L1_LIGHT_10_20,SER_20260509_VPLC_L1_LIGHT_10_20_S01,vPLC_container,VPLC_HOST,161,,,2026-05-09T17:24:18.620655924Z,,,,host_log,10,20,,,,,,1,32,,technical_check,vplc_status_cycle_duration_not_validated_as_Tper,0.071,100,работает
RUN_20260509_VPLC_L1_LIGHT_10_20_S01_R05,VPLC_L1_LIGHT_10_20,SER_20260509_VPLC_L1_LIGHT_10_20_S01,vPLC_container,VPLC_HOST,162,,,2026-05-09T17:24:19.676222889Z,,,,host_log,10,20,,,,,,1,32,,technical_check,vplc_status_cycle_duration_not_validated_as_Tper,0.070,100,работает
RUN_20260509_VPLC_L1_LIGHT_10_20_S01_R05,VPLC_L1_LIGHT_10_20,SER_20260509_VPLC_L1_LIGHT_10_20_S01,vPLC_container,VPLC_HOST,163,,,2026-05-09T17:24:20.729374701Z,,,,host_log,10,20,,,,,,1,32,,technical_check,vplc_status_cycle_duration_not_validated_as_Tper,0.069,100,работает
RUN_20260509_VPLC_L1_LIGHT_10_20_S01_R05,VPLC_L1_LIGHT_10_20,SER_20260509_VPLC_L1_LIGHT_10_20_S01,vPLC_container,VPLC_HOST,164,,,2026-05-09T17:24:21.786869940Z,,,,host_log,10,20,,,,,,1,32,,technical_check,vplc_status_cycle_duration_not_validated_as_Tper,0.070,100,работает
RUN_20260509_VPLC_L1_LIGHT_10_20_S01_R05,VPLC_L1_LIGHT_10_20,SER_20260509_VPLC_L1_LIGHT_10_20_S01,vPLC_container,VPLC_HOST,165,,,2026-05-09T17:24:22.842653821Z,,,,host_log,10,20,,,,,,1,32,,technical_check,vplc_status_cycle_duration_not_validated_as_Tper,0.049,100,работает
RUN_20260509_VPLC_L1_LIGHT_10_20_S01_R05,VPLC_L1_LIGHT_10_20,SER_20260509_VPLC_L1_LIGHT_10_20_S01,vPLC_container,VPLC_HOST,166,,,2026-05-09T17:24:23.897397159Z,,,,host_log,10,20,,,,,,1,32,,technical_check,vplc_status_cycle_duration_not_validated_as_Tper,0.069,100,работает
RUN_20260509_VPLC_L1_LIGHT_10_20_S01_R05,VPLC_L1_LIGHT_10_20,SER_20260509_VPLC_L1_LIGHT_10_20_S01,vPLC_container,VPLC_HOST,167,,,2026-05-09T17:24:24.953101177Z,,,,host_log,10,20,,,,,,1,32,,technical_check,vplc_status_cycle_duration_not_validated_as_Tper,0.035,100,работает
RUN_20260509_VPLC_L1_LIGHT_10_20_S01_R05,VPLC_L1_LIGHT_10_20,SER_20260509_VPLC_L1_LIGHT_10_20_S01,vPLC_container,VPLC_HOST,168,,,2026-05-09T17:24:26.006100679Z,,,,host_log,10,20,,,,,,1,32,,technical_check,vplc_status_cycle_duration_not_validated_as_Tper,0.069,100,работает
RUN_20260509_VPLC_L1_LIGHT_10_20_S01_R05,VPLC_L1_LIGHT_10_20,SER_20260509_VPLC_L1_LIGHT_10_20_S01,vPLC_container,VPLC_HOST,169,,,2026-05-09T17:24:27.063222676Z,,,,host_log,10,20,,,,,,1,32,,technical_check,vplc_status_cycle_duration_not_validated_as_Tper,0.069,100,работает
RUN_20260509_VPLC_L1_LIGHT_10_20_S01_R05,VPLC_L1_LIGHT_10_20,SER_20260509_VPLC_L1_LIGHT_10_20_S01,vPLC_container,VPLC_HOST,170,,,2026-05-09T17:24:28.119264806Z,,,,host_log,10,20,,,,,,1,32,,technical_check,vplc_status_cycle_duration_not_validated_as_Tper,0.069,100,работает
RUN_20260509_VPLC_L1_LIGHT_10_20_S01_R05,VPLC_L1_LIGHT_10_20,SER_20260509_VPLC_L1_LIGHT_10_20_S01,vPLC_container,VPLC_HOST,171,,,2026-05-09T17:24:29.171514832Z,,,,host_log,10,20,,,,,,1,32,,technical_check,vplc_status_cycle_duration_not_validated_as_Tper,0.070,100,работает
RUN_20260509_VPLC_L1_LIGHT_10_20_S01_R05,VPLC_L1_LIGHT_10_20,SER_20260509_VPLC_L1_LIGHT_10_20_S01,vPLC_container,VPLC_HOST,172,,,2026-05-09T17:24:30.228065670Z,,,,host_log,10,20,,,,,,1,32,,technical_check,vplc_status_cycle_duration_not_validated_as_Tper,0.070,100,работает
RUN_20260509_VPLC_L1_LIGHT_10_20_S01_R05,VPLC_L1_LIGHT_10_20,SER_20260509_VPLC_L1_LIGHT_10_20_S01,vPLC_container,VPLC_HOST,173,,,2026-05-09T17:24:31.286850870Z,,,,host_log,10,20,,,,,,1,32,,technical_check,vplc_status_cycle_duration_not_validated_as_Tper,0.069,100,работает
RUN_20260509_VPLC_L1_LIGHT_10_20_S01_R05,VPLC_L1_LIGHT_10_20,SER_20260509_VPLC_L1_LIGHT_10_20_S01,vPLC_container,VPLC_HOST,174,,,2026-05-09T17:24:32.340936981Z,,,,host_log,10,20,,,,,,1,32,,technical_check,vplc_status_cycle_duration_not_validated_as_Tper,4.240,100,работает
RUN_20260509_VPLC_L1_LIGHT_10_20_S01_R05,VPLC_L1_LIGHT_10_20,SER_20260509_VPLC_L1_LIGHT_10_20_S01,vPLC_container,VPLC_HOST,175,,,2026-05-09T17:24:33.395597164Z,,,,host_log,10,20,,,,,,1,32,,technical_check,vplc_status_cycle_duration_not_validated_as_Tper,4.319,100,работает
RUN_20260509_VPLC_L1_LIGHT_10_20_S01_R05,VPLC_L1_LIGHT_10_20,SER_20260509_VPLC_L1_LIGHT_10_20_S01,vPLC_container,VPLC_HOST,176,,,2026-05-09T17:24:34.451736596Z,,,,host_log,10,20,,,,,,1,32,,technical_check,vplc_status_cycle_duration_not_validated_as_Tper,0.027,100,работает
RUN_20260509_VPLC_L1_LIGHT_10_20_S01_R05,VPLC_L1_LIGHT_10_20,SER_20260509_VPLC_L1_LIGHT_10_20_S01,vPLC_container,VPLC_HOST,177,,,2026-05-09T17:24:35.507721989Z,,,,host_log,10,20,,,,,,1,32,,technical_check,vplc_status_cycle_duration_not_validated_as_Tper,0.072,100,работает
RUN_20260509_VPLC_L1_LIGHT_10_20_S01_R05,VPLC_L1_LIGHT_10_20,SER_20260509_VPLC_L1_LIGHT_10_20_S01,vPLC_container,VPLC_HOST,178,,,2026-05-09T17:24:36.561844897Z,,,,host_log,10,20,,,,,,1,32,,technical_check,vplc_status_cycle_duration_not_validated_as_Tper,0.070,100,работает
RUN_20260509_VPLC_L1_LIGHT_10_20_S01_R05,VPLC_L1_LIGHT_10_20,SER_20260509_VPLC_L1_LIGHT_10_20_S01,vPLC_container,VPLC_HOST,179,,,2026-05-09T17:24:37.617031088Z,,,,host_log,10,20,,,,,,1,32,,technical_check,vplc_status_cycle_duration_not_validated_as_Tper,0.070,100,работает
RUN_20260509_VPLC_L1_LIGHT_10_20_S01_R05,VPLC_L1_LIGHT_10_20,SER_20260509_VPLC_L1_LIGHT_10_20_S01,vPLC_container,VPLC_HOST,180,,,2026-05-09T17:24:38.672571873Z,,,,host_log,10,20,,,,,,1,32,,technical_check,vplc_status_cycle_duration_not_validated_as_Tper,0.049,100,работает
RUN_20260509_VPLC_L1_LIGHT_10_20_S01_R05,VPLC_L1_LIGHT_10_20,SER_20260509_VPLC_L1_LIGHT_10_20_S01,vPLC_container,VPLC_HOST,181,,,2026-05-09T17:24:39.726455222Z,,,,host_log,10,20,,,,,,1,32,,technical_check,vplc_status_cycle_duration_not_validated_as_Tper,0.049,100,работает
RUN_20260509_VPLC_L1_LIGHT_10_20_S01_R05,VPLC_L1_LIGHT_10_20,SER_20260509_VPLC_L1_LIGHT_10_20_S01,vPLC_container,VPLC_HOST,182,,,2026-05-09T17:24:40.783684039Z,,,,host_log,10,20,,,,,,1,32,,technical_check,vplc_status_cycle_duration_not_validated_as_Tper,0.069,100,работает
RUN_20260509_VPLC_L1_LIGHT_10_20_S01_R05,VPLC_L1_LIGHT_10_20,SER_20260509_VPLC_L1_LIGHT_10_20_S01,vPLC_container,VPLC_HOST,183,,,2026-05-09T17:24:41.838929930Z,,,,host_log,10,20,,,,,,1,32,,technical_check,vplc_status_cycle_duration_not_validated_as_Tper,0.049,100,работает
RUN_20260509_VPLC_L1_LIGHT_10_20_S01_R05,VPLC_L1_LIGHT_10_20,SER_20260509_VPLC_L1_LIGHT_10_20_S01,vPLC_container,VPLC_HOST,184,,,2026-05-09T17:24:42.890272106Z,,,,host_log,10,20,,,,,,1,32,,technical_check,vplc_status_cycle_duration_not_validated_as_Tper,0.070,100,работает
RUN_20260509_VPLC_L1_LIGHT_10_20_S01_R05,VPLC_L1_LIGHT_10_20,SER_20260509_VPLC_L1_LIGHT_10_20_S01,vPLC_container,VPLC_HOST,185,,,2026-05-09T17:24:43.950034926Z,,,,host_log,10,20,,,,,,1,32,,technical_check,vplc_status_cycle_duration_not_validated_as_Tper,0.028,100,работает
RUN_20260509_VPLC_L1_LIGHT_10_20_S01_R05,VPLC_L1_LIGHT_10_20,SER_20260509_VPLC_L1_LIGHT_10_20_S01,vPLC_container,VPLC_HOST,186,,,2026-05-09T17:24:45.004872156Z,,,,host_log,10,20,,,,,,1,32,,technical_check,vplc_status_cycle_duration_not_validated_as_Tper,0.068,100,работает
RUN_20260509_VPLC_L1_LIGHT_10_20_S01_R05,VPLC_L1_LIGHT_10_20,SER_20260509_VPLC_L1_LIGHT_10_20_S01,vPLC_container,VPLC_HOST,187,,,2026-05-09T17:24:46.060743016Z,,,,host_log,10,20,,,,,,1,32,,technical_check,vplc_status_cycle_duration_not_validated_as_Tper,0.073,100,работает
RUN_20260509_VPLC_L1_LIGHT_10_20_S01_R05,VPLC_L1_LIGHT_10_20,SER_20260509_VPLC_L1_LIGHT_10_20_S01,vPLC_container,VPLC_HOST,188,,,2026-05-09T17:24:47.115620228Z,,,,host_log,10,20,,,,,,1,32,,technical_check,vplc_status_cycle_duration_not_validated_as_Tper,0.070,100,работает
RUN_20260509_VPLC_L1_LIGHT_10_20_S01_R05,VPLC_L1_LIGHT_10_20,SER_20260509_VPLC_L1_LIGHT_10_20_S01,vPLC_container,VPLC_HOST,189,,,2026-05-09T17:24:48.171739887Z,,,,host_log,10,20,,,,,,1,32,,technical_check,vplc_status_cycle_duration_not_validated_as_Tper,0.071,100,работает
RUN_20260509_VPLC_L1_LIGHT_10_20_S01_R05,VPLC_L1_LIGHT_10_20,SER_20260509_VPLC_L1_LIGHT_10_20_S01,vPLC_container,VPLC_HOST,190,,,2026-05-09T17:24:49.226915863Z,,,,host_log,10,20,,,,,,1,32,,technical_check,vplc_status_cycle_duration_not_validated_as_Tper,0.048,100,работает
RUN_20260509_VPLC_L1_LIGHT_10_20_S01_R05,VPLC_L1_LIGHT_10_20,SER_20260509_VPLC_L1_LIGHT_10_20_S01,vPLC_container,VPLC_HOST,191,,,2026-05-09T17:24:50.282221110Z,,,,host_log,10,20,,,,,,1,32,,technical_check,vplc_status_cycle_duration_not_validated_as_Tper,0.071,100,работает
RUN_20260509_VPLC_L1_LIGHT_10_20_S01_R05,VPLC_L1_LIGHT_10_20,SER_20260509_VPLC_L1_LIGHT_10_20_S01,vPLC_container,VPLC_HOST,192,,,2026-05-09T17:24:51.335866778Z,,,,host_log,10,20,,,,,,1,32,,technical_check,vplc_status_cycle_duration_not_validated_as_Tper,4.223,100,работает
RUN_20260509_VPLC_L1_LIGHT_10_20_S01_R05,VPLC_L1_LIGHT_10_20,SER_20260509_VPLC_L1_LIGHT_10_20_S01,vPLC_container,VPLC_HOST,193,,,2026-05-09T17:24:52.391849591Z,,,,host_log,10,20,,,,,,1,32,,technical_check,vplc_status_cycle_duration_not_validated_as_Tper,4.340,100,работает
RUN_20260509_VPLC_L1_LIGHT_10_20_S01_R05,VPLC_L1_LIGHT_10_20,SER_20260509_VPLC_L1_LIGHT_10_20_S01,vPLC_container,VPLC_HOST,194,,,2026-05-09T17:24:53.447630848Z,,,,host_log,10,20,,,,,,1,32,,technical_check,vplc_status_cycle_duration_not_validated_as_Tper,0.033,100,работает
RUN_20260509_VPLC_L1_LIGHT_10_20_S01_R05,VPLC_L1_LIGHT_10_20,SER_20260509_VPLC_L1_LIGHT_10_20_S01,vPLC_container,VPLC_HOST,195,,,2026-05-09T17:24:54.500374565Z,,,,host_log,10,20,,,,,,1,32,,technical_check,vplc_status_cycle_duration_not_validated_as_Tper,0.070,100,работает
RUN_20260509_VPLC_L1_LIGHT_10_20_S01_R05,VPLC_L1_LIGHT_10_20,SER_20260509_VPLC_L1_LIGHT_10_20_S01,vPLC_container,VPLC_HOST,196,,,2026-05-09T17:24:55.557173236Z,,,,host_log,10,20,,,,,,1,32,,technical_check,vplc_status_cycle_duration_not_validated_as_Tper,0.047,100,работает
RUN_20260509_VPLC_L1_LIGHT_10_20_S01_R05,VPLC_L1_LIGHT_10_20,SER_20260509_VPLC_L1_LIGHT_10_20_S01,vPLC_container,VPLC_HOST,197,,,2026-05-09T17:24:56.614120733Z,,,,host_log,10,20,,,,,,1,32,,technical_check,vplc_status_cycle_duration_not_validated_as_Tper,0.070,100,работает
RUN_20260509_VPLC_L1_LIGHT_10_20_S01_R05,VPLC_L1_LIGHT_10_20,SER_20260509_VPLC_L1_LIGHT_10_20_S01,vPLC_container,VPLC_HOST,198,,,2026-05-09T17:24:57.667864024Z,,,,host_log,10,20,,,,,,1,32,,technical_check,vplc_status_cycle_duration_not_validated_as_Tper,0.071,100,работает
RUN_20260509_VPLC_L1_LIGHT_10_20_S01_R05,VPLC_L1_LIGHT_10_20,SER_20260509_VPLC_L1_LIGHT_10_20_S01,vPLC_container,VPLC_HOST,199,,,2026-05-09T17:24:58.724839292Z,,,,host_log,10,20,,,,,,1,32,,technical_check,vplc_status_cycle_duration_not_validated_as_Tper,0.048,100,работает
RUN_20260509_VPLC_L1_LIGHT_10_20_S01_R05,VPLC_L1_LIGHT_10_20,SER_20260509_VPLC_L1_LIGHT_10_20_S01,vPLC_container,VPLC_HOST,200,,,2026-05-09T17:24:59.778140292Z,,,,host_log,10,20,,,,,,1,32,,technical_check,vplc_status_cycle_duration_not_validated_as_Tper,0.070,100,работает
RUN_20260509_VPLC_L1_LIGHT_10_20_S01_R05,VPLC_L1_LIGHT_10_20,SER_20260509_VPLC_L1_LIGHT_10_20_S01,vPLC_container,VPLC_HOST,201,,,2026-05-09T17:25:00.833676511Z,,,,host_log,10,20,,,,,,1,32,,technical_check,vplc_status_cycle_duration_not_validated_as_Tper,0.048,100,работает
RUN_20260509_VPLC_L1_LIGHT_10_20_S01_R05,VPLC_L1_LIGHT_10_20,SER_20260509_VPLC_L1_LIGHT_10_20_S01,vPLC_container,VPLC_HOST,202,,,2026-05-09T17:25:01.888549211Z,,,,host_log,10,20,,,,,,1,32,,technical_check,vplc_status_cycle_duration_not_validated_as_Tper,0.069,100,работает
RUN_20260509_VPLC_L1_LIGHT_10_20_S01_R05,VPLC_L1_LIGHT_10_20,SER_20260509_VPLC_L1_LIGHT_10_20_S01,vPLC_container,VPLC_HOST,203,,,2026-05-09T17:25:02.944983598Z,,,,host_log,10,20,,,,,,1,32,,technical_check,vplc_status_cycle_duration_not_validated_as_Tper,0.049,100,работает
RUN_20260509_VPLC_L1_LIGHT_10_20_S01_R05,VPLC_L1_LIGHT_10_20,SER_20260509_VPLC_L1_LIGHT_10_20_S01,vPLC_container,VPLC_HOST,204,,,2026-05-09T17:25:04.000717408Z,,,,host_log,10,20,,,,,,1,32,,technical_check,vplc_status_cycle_duration_not_validated_as_Tper,0.069,100,работает
RUN_20260509_VPLC_L1_LIGHT_10_20_S01_R05,VPLC_L1_LIGHT_10_20,SER_20260509_VPLC_L1_LIGHT_10_20_S01,vPLC_container,VPLC_HOST,205,,,2026-05-09T17:25:05.053084975Z,,,,host_log,10,20,,,,,,1,32,,technical_check,vplc_status_cycle_duration_not_validated_as_Tper,0.033,100,работает
RUN_20260509_VPLC_L1_LIGHT_10_20_S01_R05,VPLC_L1_LIGHT_10_20,SER_20260509_VPLC_L1_LIGHT_10_20_S01,vPLC_container,VPLC_HOST,206,,,2026-05-09T17:25:06.108884679Z,,,,host_log,10,20,,,,,,1,32,,technical_check,vplc_status_cycle_duration_not_validated_as_Tper,0.070,100,работает
RUN_20260509_VPLC_L1_LIGHT_10_20_S01_R05,VPLC_L1_LIGHT_10_20,SER_20260509_VPLC_L1_LIGHT_10_20_S01,vPLC_container,VPLC_HOST,207,,,2026-05-09T17:25:07.166165977Z,,,,host_log,10,20,,,,,,1,32,,technical_check,vplc_status_cycle_duration_not_validated_as_Tper,0.070,100,работает
RUN_20260509_VPLC_L1_LIGHT_10_20_S01_R05,VPLC_L1_LIGHT_10_20,SER_20260509_VPLC_L1_LIGHT_10_20_S01,vPLC_container,VPLC_HOST,208,,,2026-05-09T17:25:08.218394789Z,,,,host_log,10,20,,,,,,1,32,,technical_check,vplc_status_cycle_duration_not_validated_as_Tper,0.072,100,работает
RUN_20260509_VPLC_L1_LIGHT_10_20_S01_R05,VPLC_L1_LIGHT_10_20,SER_20260509_VPLC_L1_LIGHT_10_20_S01,vPLC_container,VPLC_HOST,209,,,2026-05-09T17:25:09.277648735Z,,,,host_log,10,20,,,,,,1,32,,technical_check,vplc_status_cycle_duration_not_validated_as_Tper,0.070,100,работает
RUN_20260509_VPLC_L1_LIGHT_10_20_S01_R05,VPLC_L1_LIGHT_10_20,SER_20260509_VPLC_L1_LIGHT_10_20_S01,vPLC_container,VPLC_HOST,210,,,2026-05-09T17:25:10.330012992Z,,,,host_log,10,20,,,,,,1,32,,technical_check,vplc_status_cycle_duration_not_validated_as_Tper,4.667,100,работает
RUN_20260509_VPLC_L1_LIGHT_10_20_S01_R05,VPLC_L1_LIGHT_10_20,SER_20260509_VPLC_L1_LIGHT_10_20_S01,vPLC_container,VPLC_HOST,211,,,2026-05-09T17:25:11.386506724Z,,,,host_log,10,20,,,,,,1,32,,technical_check,vplc_status_cycle_duration_not_validated_as_Tper,4.719,100,работает
RUN_20260509_VPLC_L1_LIGHT_10_20_S01_R05,VPLC_L1_LIGHT_10_20,SER_20260509_VPLC_L1_LIGHT_10_20_S01,vPLC_container,VPLC_HOST,212,,,2026-05-09T17:25:12.442117799Z,,,,host_log,10,20,,,,,,1,32,,technical_check,vplc_status_cycle_duration_not_validated_as_Tper,0.048,100,работает
RUN_20260509_VPLC_L1_LIGHT_10_20_S01_R05,VPLC_L1_LIGHT_10_20,SER_20260509_VPLC_L1_LIGHT_10_20_S01,vPLC_container,VPLC_HOST,213,,,2026-05-09T17:25:13.497230442Z,,,,host_log,10,20,,,,,,1,32,,technical_check,vplc_status_cycle_duration_not_validated_as_Tper,0.069,100,работает
RUN_20260509_VPLC_L1_LIGHT_10_20_S01_R05,VPLC_L1_LIGHT_10_20,SER_20260509_VPLC_L1_LIGHT_10_20_S01,vPLC_container,VPLC_HOST,214,,,2026-05-09T17:25:14.553543558Z,,,,host_log,10,20,,,,,,1,32,,technical_check,vplc_status_cycle_duration_not_validated_as_Tper,0.041,100,работает
RUN_20260509_VPLC_L1_LIGHT_10_20_S01_R05,VPLC_L1_LIGHT_10_20,SER_20260509_VPLC_L1_LIGHT_10_20_S01,vPLC_container,VPLC_HOST,215,,,2026-05-09T17:25:15.609358392Z,,,,host_log,10,20,,,,,,1,32,,technical_check,vplc_status_cycle_duration_not_validated_as_Tper,0.069,100,работает
RUN_20260509_VPLC_L1_LIGHT_10_20_S01_R05,VPLC_L1_LIGHT_10_20,SER_20260509_VPLC_L1_LIGHT_10_20_S01,vPLC_container,VPLC_HOST,216,,,2026-05-09T17:25:16.662556470Z,,,,host_log,10,20,,,,,,1,32,,technical_check,vplc_status_cycle_duration_not_validated_as_Tper,0.070,100,работает
RUN_20260509_VPLC_L1_LIGHT_10_20_S01_R05,VPLC_L1_LIGHT_10_20,SER_20260509_VPLC_L1_LIGHT_10_20_S01,vPLC_container,VPLC_HOST,217,,,2026-05-09T17:25:17.719818131Z,,,,host_log,10,20,,,,,,1,32,,technical_check,vplc_status_cycle_duration_not_validated_as_Tper,0.070,100,работает
RUN_20260509_VPLC_L1_LIGHT_10_20_S01_R05,VPLC_L1_LIGHT_10_20,SER_20260509_VPLC_L1_LIGHT_10_20_S01,vPLC_container,VPLC_HOST,218,,,2026-05-09T17:25:18.769935076Z,,,,host_log,10,20,,,,,,1,32,,technical_check,vplc_status_cycle_duration_not_validated_as_Tper,0.070,100,работает
RUN_20260509_VPLC_L1_LIGHT_10_20_S01_R05,VPLC_L1_LIGHT_10_20,SER_20260509_VPLC_L1_LIGHT_10_20_S01,vPLC_container,VPLC_HOST,219,,,2026-05-09T17:25:19.828170323Z,,,,host_log,10,20,,,,,,1,32,,technical_check,vplc_status_cycle_duration_not_validated_as_Tper,0.048,100,работает
RUN_20260509_VPLC_L1_LIGHT_10_20_S01_R05,VPLC_L1_LIGHT_10_20,SER_20260509_VPLC_L1_LIGHT_10_20_S01,vPLC_container,VPLC_HOST,220,,,2026-05-09T17:25:20.885686648Z,,,,host_log,10,20,,,,,,1,32,,technical_check,vplc_status_cycle_duration_not_validated_as_Tper,0.069,100,работает
RUN_20260509_VPLC_L1_LIGHT_10_20_S01_R05,VPLC_L1_LIGHT_10_20,SER_20260509_VPLC_L1_LIGHT_10_20_S01,vPLC_container,VPLC_HOST,221,,,2026-05-09T17:25:21.940330125Z,,,,host_log,10,20,,,,,,1,32,,technical_check,vplc_status_cycle_duration_not_validated_as_Tper,0.048,100,работает
RUN_20260509_VPLC_L1_LIGHT_10_20_S01_R05,VPLC_L1_LIGHT_10_20,SER_20260509_VPLC_L1_LIGHT_10_20_S01,vPLC_container,VPLC_HOST,222,,,2026-05-09T17:25:22.994403587Z,,,,host_log,10,20,,,,,,1,32,,technical_check,vplc_status_cycle_duration_not_validated_as_Tper,0.069,100,работает
RUN_20260509_VPLC_L1_LIGHT_10_20_S01_R05,VPLC_L1_LIGHT_10_20,SER_20260509_VPLC_L1_LIGHT_10_20_S01,vPLC_container,VPLC_HOST,223,,,2026-05-09T17:25:24.052045254Z,,,,host_log,10,20,,,,,,1,32,,technical_check,vplc_status_cycle_duration_not_validated_as_Tper,0.028,100,работает
RUN_20260509_VPLC_L1_LIGHT_10_20_S01_R05,VPLC_L1_LIGHT_10_20,SER_20260509_VPLC_L1_LIGHT_10_20_S01,vPLC_container,VPLC_HOST,224,,,2026-05-09T17:25:25.107299783Z,,,,host_log,10,20,,,,,,1,32,,technical_check,vplc_status_cycle_duration_not_validated_as_Tper,0.069,100,работает
RUN_20260509_VPLC_L1_LIGHT_10_20_S01_R05,VPLC_L1_LIGHT_10_20,SER_20260509_VPLC_L1_LIGHT_10_20_S01,vPLC_container,VPLC_HOST,225,,,2026-05-09T17:25:26.163123176Z,,,,host_log,10,20,,,,,,1,32,,technical_check,vplc_status_cycle_duration_not_validated_as_Tper,0.072,100,работает
RUN_20260509_VPLC_L1_LIGHT_10_20_S01_R05,VPLC_L1_LIGHT_10_20,SER_20260509_VPLC_L1_LIGHT_10_20_S01,vPLC_container,VPLC_HOST,226,,,2026-05-09T17:25:27.217140402Z,,,,host_log,10,20,,,,,,1,32,,technical_check,vplc_status_cycle_duration_not_validated_as_Tper,0.071,100,работает
RUN_20260509_VPLC_L1_LIGHT_10_20_S01_R05,VPLC_L1_LIGHT_10_20,SER_20260509_VPLC_L1_LIGHT_10_20_S01,vPLC_container,VPLC_HOST,227,,,2026-05-09T17:25:28.271034943Z,,,,host_log,10,20,,,,,,1,32,,technical_check,vplc_status_cycle_duration_not_validated_as_Tper,0.072,100,работает
RUN_20260509_VPLC_L1_LIGHT_10_20_S01_R05,VPLC_L1_LIGHT_10_20,SER_20260509_VPLC_L1_LIGHT_10_20_S01,vPLC_container,VPLC_HOST,228,,,2026-05-09T17:25:29.325466688Z,,,,host_log,10,20,,,,,,1,32,,technical_check,vplc_status_cycle_duration_not_validated_as_Tper,4.736,100,работает
RUN_20260509_VPLC_L1_LIGHT_10_20_S01_R05,VPLC_L1_LIGHT_10_20,SER_20260509_VPLC_L1_LIGHT_10_20_S01,vPLC_container,VPLC_HOST,229,,,2026-05-09T17:25:30.380984023Z,,,,host_log,10,20,,,,,,1,32,,technical_check,vplc_status_cycle_duration_not_validated_as_Tper,4.993,100,работает
RUN_20260509_VPLC_L1_LIGHT_10_20_S01_R05,VPLC_L1_LIGHT_10_20,SER_20260509_VPLC_L1_LIGHT_10_20_S01,vPLC_container,VPLC_HOST,230,,,2026-05-09T17:25:31.436963817Z,,,,host_log,10,20,,,,,,1,32,,technical_check,vplc_status_cycle_duration_not_validated_as_Tper,0.050,100,работает
RUN_20260509_VPLC_L1_LIGHT_10_20_S01_R05,VPLC_L1_LIGHT_10_20,SER_20260509_VPLC_L1_LIGHT_10_20_S01,vPLC_container,VPLC_HOST,231,,,2026-05-09T17:25:32.495035944Z,,,,host_log,10,20,,,,,,1,32,,technical_check,vplc_status_cycle_duration_not_validated_as_Tper,0.069,100,работает
RUN_20260509_VPLC_L1_LIGHT_10_20_S01_R05,VPLC_L1_LIGHT_10_20,SER_20260509_VPLC_L1_LIGHT_10_20_S01,vPLC_container,VPLC_HOST,232,,,2026-05-09T17:25:33.547730942Z,,,,host_log,10,20,,,,,,1,32,,technical_check,vplc_status_cycle_duration_not_validated_as_Tper,0.033,100,работает
RUN_20260509_VPLC_L1_LIGHT_10_20_S01_R05,VPLC_L1_LIGHT_10_20,SER_20260509_VPLC_L1_LIGHT_10_20_S01,vPLC_container,VPLC_HOST,233,,,2026-05-09T17:25:34.605703149Z,,,,host_log,10,20,,,,,,1,32,,technical_check,vplc_status_cycle_duration_not_validated_as_Tper,0.069,100,работает
RUN_20260509_VPLC_L1_LIGHT_10_20_S01_R05,VPLC_L1_LIGHT_10_20,SER_20260509_VPLC_L1_LIGHT_10_20_S01,vPLC_container,VPLC_HOST,234,,,2026-05-09T17:25:35.657029967Z,,,,host_log,10,20,,,,,,1,32,,technical_check,vplc_status_cycle_duration_not_validated_as_Tper,0.046,100,работает
RUN_20260509_VPLC_L1_LIGHT_10_20_S01_R05,VPLC_L1_LIGHT_10_20,SER_20260509_VPLC_L1_LIGHT_10_20_S01,vPLC_container,VPLC_HOST,235,,,2026-05-09T17:25:36.713594139Z,,,,host_log,10,20,,,,,,1,32,,technical_check,vplc_status_cycle_duration_not_validated_as_Tper,0.069,100,работает
RUN_20260509_VPLC_L1_LIGHT_10_20_S01_R05,VPLC_L1_LIGHT_10_20,SER_20260509_VPLC_L1_LIGHT_10_20_S01,vPLC_container,VPLC_HOST,236,,,2026-05-09T17:25:37.771437573Z,,,,host_log,10,20,,,,,,1,32,,technical_check,vplc_status_cycle_duration_not_validated_as_Tper,0.071,100,работает
RUN_20260509_VPLC_L1_LIGHT_10_20_S01_R05,VPLC_L1_LIGHT_10_20,SER_20260509_VPLC_L1_LIGHT_10_20_S01,vPLC_container,VPLC_HOST,237,,,2026-05-09T17:25:38.827790963Z,,,,host_log,10,20,,,,,,1,32,,technical_check,vplc_status_cycle_duration_not_validated_as_Tper,0.067,100,работает
RUN_20260509_VPLC_L1_LIGHT_10_20_S01_R05,VPLC_L1_LIGHT_10_20,SER_20260509_VPLC_L1_LIGHT_10_20_S01,vPLC_container,VPLC_HOST,238,,,2026-05-09T17:25:39.883480945Z,,,,host_log,10,20,,,,,,1,32,,technical_check,vplc_status_cycle_duration_not_validated_as_Tper,0.070,100,работает
RUN_20260509_VPLC_L1_LIGHT_10_20_S01_R05,VPLC_L1_LIGHT_10_20,SER_20260509_VPLC_L1_LIGHT_10_20_S01,vPLC_container,VPLC_HOST,239,,,2026-05-09T17:25:40.937886653Z,,,,host_log,10,20,,,,,,1,32,,technical_check,vplc_status_cycle_duration_not_validated_as_Tper,0.049,100,работает
RUN_20260509_VPLC_L1_LIGHT_10_20_S01_R05,VPLC_L1_LIGHT_10_20,SER_20260509_VPLC_L1_LIGHT_10_20_S01,vPLC_container,VPLC_HOST,240,,,2026-05-09T17:25:41.993388252Z,,,,host_log,10,20,,,,,,1,32,,technical_check,vplc_status_cycle_duration_not_validated_as_Tper,0.070,100,работает
RUN_20260509_VPLC_L1_LIGHT_10_20_S01_R05,VPLC_L1_LIGHT_10_20,SER_20260509_VPLC_L1_LIGHT_10_20_S01,vPLC_container,VPLC_HOST,241,,,2026-05-09T17:25:43.048668936Z,,,,host_log,10,20,,,,,,1,32,,technical_check,vplc_status_cycle_duration_not_validated_as_Tper,0.031,100,работает
RUN_20260509_VPLC_L1_LIGHT_10_20_S01_R05,VPLC_L1_LIGHT_10_20,SER_20260509_VPLC_L1_LIGHT_10_20_S01,vPLC_container,VPLC_HOST,242,,,2026-05-09T17:25:44.104241602Z,,,,host_log,10,20,,,,,,1,32,,technical_check,vplc_status_cycle_duration_not_validated_as_Tper,0.070,100,работает
RUN_20260509_VPLC_L1_LIGHT_10_20_S01_R05,VPLC_L1_LIGHT_10_20,SER_20260509_VPLC_L1_LIGHT_10_20_S01,vPLC_container,VPLC_HOST,243,,,2026-05-09T17:25:45.159781269Z,,,,host_log,10,20,,,,,,1,32,,technical_check,vplc_status_cycle_duration_not_validated_as_Tper,0.064,100,работает
RUN_20260509_VPLC_L1_LIGHT_10_20_S01_R05,VPLC_L1_LIGHT_10_20,SER_20260509_VPLC_L1_LIGHT_10_20_S01,vPLC_container,VPLC_HOST,244,,,2026-05-09T17:25:46.215111487Z,,,,host_log,10,20,,,,,,1,32,,technical_check,vplc_status_cycle_duration_not_validated_as_Tper,0.070,100,работает
RUN_20260509_VPLC_L1_LIGHT_10_20_S01_R05,VPLC_L1_LIGHT_10_20,SER_20260509_VPLC_L1_LIGHT_10_20_S01,vPLC_container,VPLC_HOST,245,,,2026-05-09T17:25:47.270308073Z,,,,host_log,10,20,,,,,,1,32,,technical_check,vplc_status_cycle_duration_not_validated_as_Tper,0.068,100,работает
RUN_20260509_VPLC_L1_LIGHT_10_20_S01_R05,VPLC_L1_LIGHT_10_20,SER_20260509_VPLC_L1_LIGHT_10_20_S01,vPLC_container,VPLC_HOST,246,,,2026-05-09T17:25:48.325249094Z,,,,host_log,10,20,,,,,,1,32,,technical_check,vplc_status_cycle_duration_not_validated_as_Tper,0.070,100,работает
RUN_20260509_VPLC_L1_LIGHT_10_20_S01_R05,VPLC_L1_LIGHT_10_20,SER_20260509_VPLC_L1_LIGHT_10_20_S01,vPLC_container,VPLC_HOST,247,,,2026-05-09T17:25:49.380100913Z,,,,host_log,10,20,,,,,,1,32,,technical_check,vplc_status_cycle_duration_not_validated_as_Tper,4.717,100,работает
RUN_20260509_VPLC_L1_LIGHT_10_20_S01_R05,VPLC_L1_LIGHT_10_20,SER_20260509_VPLC_L1_LIGHT_10_20_S01,vPLC_container,VPLC_HOST,248,,,2026-05-09T17:25:50.435123059Z,,,,host_log,10,20,,,,,,1,32,,technical_check,vplc_status_cycle_duration_not_validated_as_Tper,0.048,100,работает
RUN_20260509_VPLC_L1_LIGHT_10_20_S01_R05,VPLC_L1_LIGHT_10_20,SER_20260509_VPLC_L1_LIGHT_10_20_S01,vPLC_container,VPLC_HOST,249,,,2026-05-09T17:25:51.488268416Z,,,,host_log,10,20,,,,,,1,32,,technical_check,vplc_status_cycle_duration_not_validated_as_Tper,0.070,100,работает
RUN_20260509_VPLC_L1_LIGHT_10_20_S01_R05,VPLC_L1_LIGHT_10_20,SER_20260509_VPLC_L1_LIGHT_10_20_S01,vPLC_container,VPLC_HOST,250,,,2026-05-09T17:25:52.546569215Z,,,,host_log,10,20,,,,,,1,32,,technical_check,vplc_status_cycle_duration_not_validated_as_Tper,0.037,100,работает
RUN_20260509_VPLC_L1_LIGHT_10_20_S01_R05,VPLC_L1_LIGHT_10_20,SER_20260509_VPLC_L1_LIGHT_10_20_S01,vPLC_container,VPLC_HOST,251,,,2026-05-09T17:25:53.601149516Z,,,,host_log,10,20,,,,,,1,32,,technical_check,vplc_status_cycle_duration_not_validated_as_Tper,0.069,100,работает
RUN_20260509_VPLC_L1_LIGHT_10_20_S01_R05,VPLC_L1_LIGHT_10_20,SER_20260509_VPLC_L1_LIGHT_10_20_S01,vPLC_container,VPLC_HOST,252,,,2026-05-09T17:25:54.654949423Z,,,,host_log,10,20,,,,,,1,32,,technical_check,vplc_status_cycle_duration_not_validated_as_Tper,0.042,100,работает
RUN_20260509_VPLC_L1_LIGHT_10_20_S01_R05,VPLC_L1_LIGHT_10_20,SER_20260509_VPLC_L1_LIGHT_10_20_S01,vPLC_container,VPLC_HOST,253,,,2026-05-09T17:25:55.712699329Z,,,,host_log,10,20,,,,,,1,32,,technical_check,vplc_status_cycle_duration_not_validated_as_Tper,0.070,100,работает
RUN_20260509_VPLC_L1_LIGHT_10_20_S01_R05,VPLC_L1_LIGHT_10_20,SER_20260509_VPLC_L1_LIGHT_10_20_S01,vPLC_container,VPLC_HOST,254,,,2026-05-09T17:25:56.768265217Z,,,,host_log,10,20,,,,,,1,32,,technical_check,vplc_status_cycle_duration_not_validated_as_Tper,0.069,100,работает
RUN_20260509_VPLC_L1_LIGHT_10_20_S01_R05,VPLC_L1_LIGHT_10_20,SER_20260509_VPLC_L1_LIGHT_10_20_S01,vPLC_container,VPLC_HOST,255,,,2026-05-09T17:25:57.823869880Z,,,,host_log,10,20,,,,,,1,32,,technical_check,vplc_status_cycle_duration_not_validated_as_Tper,0.049,100,работает
RUN_20260509_VPLC_L1_LIGHT_10_20_S01_R05,VPLC_L1_LIGHT_10_20,SER_20260509_VPLC_L1_LIGHT_10_20_S01,vPLC_container,VPLC_HOST,256,,,2026-05-09T17:25:58.878656312Z,,,,host_log,10,20,,,,,,1,32,,technical_check,vplc_status_cycle_duration_not_validated_as_Tper,0.069,100,работает
RUN_20260509_VPLC_L1_LIGHT_10_20_S01_R05,VPLC_L1_LIGHT_10_20,SER_20260509_VPLC_L1_LIGHT_10_20_S01,vPLC_container,VPLC_HOST,257,,,2026-05-09T17:25:59.931259359Z,,,,host_log,10,20,,,,,,1,32,,technical_check,vplc_status_cycle_duration_not_validated_as_Tper,0.070,100,работает
RUN_20260509_VPLC_L1_LIGHT_10_20_S01_R05,VPLC_L1_LIGHT_10_20,SER_20260509_VPLC_L1_LIGHT_10_20_S01,vPLC_container,VPLC_HOST,258,,,2026-05-09T17:26:00.989746244Z,,,,host_log,10,20,,,,,,1,32,,technical_check,vplc_status_cycle_duration_not_validated_as_Tper,0.070,100,работает
RUN_20260509_VPLC_L1_LIGHT_10_20_S01_R05,VPLC_L1_LIGHT_10_20,SER_20260509_VPLC_L1_LIGHT_10_20_S01,vPLC_container,VPLC_HOST,259,,,2026-05-09T17:26:02.044737937Z,,,,host_log,10,20,,,,,,1,32,,technical_check,vplc_status_cycle_duration_not_validated_as_Tper,0.045,100,работает
RUN_20260509_VPLC_L1_LIGHT_10_20_S01_R05,VPLC_L1_LIGHT_10_20,SER_20260509_VPLC_L1_LIGHT_10_20_S01,vPLC_container,VPLC_HOST,260,,,2026-05-09T17:26:03.100044455Z,,,,host_log,10,20,,,,,,1,32,,technical_check,vplc_status_cycle_duration_not_validated_as_Tper,0.071,100,работает
RUN_20260509_VPLC_L1_LIGHT_10_20_S01_R05,VPLC_L1_LIGHT_10_20,SER_20260509_VPLC_L1_LIGHT_10_20_S01,vPLC_container,VPLC_HOST,261,,,2026-05-09T17:26:04.153931084Z,,,,host_log,10,20,,,,,,1,32,,technical_check,vplc_status_cycle_duration_not_validated_as_Tper,0.037,100,работает
RUN_20260509_VPLC_L1_LIGHT_10_20_S01_R05,VPLC_L1_LIGHT_10_20,SER_20260509_VPLC_L1_LIGHT_10_20_S01,vPLC_container,VPLC_HOST,262,,,2026-05-09T17:26:05.209187993Z,,,,host_log,10,20,,,,,,1,32,,technical_check,vplc_status_cycle_duration_not_validated_as_Tper,0.069,100,работает
RUN_20260509_VPLC_L1_LIGHT_10_20_S01_R05,VPLC_L1_LIGHT_10_20,SER_20260509_VPLC_L1_LIGHT_10_20_S01,vPLC_container,VPLC_HOST,263,,,2026-05-09T17:26:06.265169909Z,,,,host_log,10,20,,,,,,1,32,,technical_check,vplc_status_cycle_duration_not_validated_as_Tper,0.066,100,работает
RUN_20260509_VPLC_L1_LIGHT_10_20_S01_R05,VPLC_L1_LIGHT_10_20,SER_20260509_VPLC_L1_LIGHT_10_20_S01,vPLC_container,VPLC_HOST,264,,,2026-05-09T17:26:07.318910435Z,,,,host_log,10,20,,,,,,1,32,,technical_check,vplc_status_cycle_duration_not_validated_as_Tper,0.071,100,работает
RUN_20260509_VPLC_L1_LIGHT_10_20_S01_R05,VPLC_L1_LIGHT_10_20,SER_20260509_VPLC_L1_LIGHT_10_20_S01,vPLC_container,VPLC_HOST,265,,,2026-05-09T17:26:08.377064367Z,,,,host_log,10,20,,,,,,1,32,,technical_check,vplc_status_cycle_duration_not_validated_as_Tper,4.249,100,работает
RUN_20260509_VPLC_L1_LIGHT_10_20_S01_R05,VPLC_L1_LIGHT_10_20,SER_20260509_VPLC_L1_LIGHT_10_20_S01,vPLC_container,VPLC_HOST,266,,,2026-05-09T17:26:09.431595462Z,,,,host_log,10,20,,,,,,1,32,,technical_check,vplc_status_cycle_duration_not_validated_as_Tper,0.041,100,работает
RUN_20260509_VPLC_L1_LIGHT_10_20_S01_R05,VPLC_L1_LIGHT_10_20,SER_20260509_VPLC_L1_LIGHT_10_20_S01,vPLC_container,VPLC_HOST,267,,,2026-05-09T17:26:10.482481194Z,,,,host_log,10,20,,,,,,1,32,,technical_check,vplc_status_cycle_duration_not_validated_as_Tper,0.068,100,работает
RUN_20260509_VPLC_L1_LIGHT_10_20_S01_R05,VPLC_L1_LIGHT_10_20,SER_20260509_VPLC_L1_LIGHT_10_20_S01,vPLC_container,VPLC_HOST,268,,,2026-05-09T17:26:11.540867769Z,,,,host_log,10,20,,,,,,1,32,,technical_check,vplc_status_cycle_duration_not_validated_as_Tper,0.049,100,работает
RUN_20260509_VPLC_L1_LIGHT_10_20_S01_R05,VPLC_L1_LIGHT_10_20,SER_20260509_VPLC_L1_LIGHT_10_20_S01,vPLC_container,VPLC_HOST,269,,,2026-05-09T17:26:12.598062657Z,,,,host_log,10,20,,,,,,1,32,,technical_check,vplc_status_cycle_duration_not_validated_as_Tper,0.069,100,работает
RUN_20260509_VPLC_L1_LIGHT_10_20_S01_R05,VPLC_L1_LIGHT_10_20,SER_20260509_VPLC_L1_LIGHT_10_20_S01,vPLC_container,VPLC_HOST,270,,,2026-05-09T17:26:13.650989538Z,,,,host_log,10,20,,,,,,1,32,,technical_check,vplc_status_cycle_duration_not_validated_as_Tper,0.028,100,работает
RUN_20260509_VPLC_L1_LIGHT_10_20_S01_R05,VPLC_L1_LIGHT_10_20,SER_20260509_VPLC_L1_LIGHT_10_20_S01,vPLC_container,VPLC_HOST,271,,,2026-05-09T17:26:14.707628123Z,,,,host_log,10,20,,,,,,1,32,,technical_check,vplc_status_cycle_duration_not_validated_as_Tper,0.070,100,работает
RUN_20260509_VPLC_L1_LIGHT_10_20_S01_R05,VPLC_L1_LIGHT_10_20,SER_20260509_VPLC_L1_LIGHT_10_20_S01,vPLC_container,VPLC_HOST,272,,,2026-05-09T17:26:15.762548885Z,,,,host_log,10,20,,,,,,1,32,,technical_check,vplc_status_cycle_duration_not_validated_as_Tper,0.071,100,работает
RUN_20260509_VPLC_L1_LIGHT_10_20_S01_R05,VPLC_L1_LIGHT_10_20,SER_20260509_VPLC_L1_LIGHT_10_20_S01,vPLC_container,VPLC_HOST,273,,,2026-05-09T17:26:16.818830031Z,,,,host_log,10,20,,,,,,1,32,,technical_check,vplc_status_cycle_duration_not_validated_as_Tper,0.067,100,работает
RUN_20260509_VPLC_L1_LIGHT_10_20_S01_R05,VPLC_L1_LIGHT_10_20,SER_20260509_VPLC_L1_LIGHT_10_20_S01,vPLC_container,VPLC_HOST,274,,,2026-05-09T17:26:17.874146253Z,,,,host_log,10,20,,,,,,1,32,,technical_check,vplc_status_cycle_duration_not_validated_as_Tper,0.069,100,работает
RUN_20260509_VPLC_L1_LIGHT_10_20_S01_R05,VPLC_L1_LIGHT_10_20,SER_20260509_VPLC_L1_LIGHT_10_20_S01,vPLC_container,VPLC_HOST,275,,,2026-05-09T17:26:18.929834488Z,,,,host_log,10,20,,,,,,1,32,,technical_check,vplc_status_cycle_duration_not_validated_as_Tper,0.069,100,работает
RUN_20260509_VPLC_L1_LIGHT_10_20_S01_R05,VPLC_L1_LIGHT_10_20,SER_20260509_VPLC_L1_LIGHT_10_20_S01,vPLC_container,VPLC_HOST,276,,,2026-05-09T17:26:19.983653054Z,,,,host_log,10,20,,,,,,1,32,,technical_check,vplc_status_cycle_duration_not_validated_as_Tper,0.069,100,работает
RUN_20260509_VPLC_L1_LIGHT_10_20_S01_R05,VPLC_L1_LIGHT_10_20,SER_20260509_VPLC_L1_LIGHT_10_20_S01,vPLC_container,VPLC_HOST,277,,,2026-05-09T17:26:21.036193454Z,,,,host_log,10,20,,,,,,1,32,,technical_check,vplc_status_cycle_duration_not_validated_as_Tper,0.050,100,работает
RUN_20260509_VPLC_L1_LIGHT_10_20_S01_R05,VPLC_L1_LIGHT_10_20,SER_20260509_VPLC_L1_LIGHT_10_20_S01,vPLC_container,VPLC_HOST,278,,,2026-05-09T17:26:22.090753722Z,,,,host_log,10,20,,,,,,1,32,,technical_check,vplc_status_cycle_duration_not_validated_as_Tper,0.071,100,работает
RUN_20260509_VPLC_L1_LIGHT_10_20_S01_R05,VPLC_L1_LIGHT_10_20,SER_20260509_VPLC_L1_LIGHT_10_20_S01,vPLC_container,VPLC_HOST,279,,,2026-05-09T17:26:23.147628582Z,,,,host_log,10,20,,,,,,1,32,,technical_check,vplc_status_cycle_duration_not_validated_as_Tper,0.033,100,работает
RUN_20260509_VPLC_L1_LIGHT_10_20_S01_R05,VPLC_L1_LIGHT_10_20,SER_20260509_VPLC_L1_LIGHT_10_20_S01,vPLC_container,VPLC_HOST,280,,,2026-05-09T17:26:24.200214727Z,,,,host_log,10,20,,,,,,1,32,,technical_check,vplc_status_cycle_duration_not_validated_as_Tper,0.069,100,работает
RUN_20260509_VPLC_L1_LIGHT_10_20_S01_R05,VPLC_L1_LIGHT_10_20,SER_20260509_VPLC_L1_LIGHT_10_20_S01,vPLC_container,VPLC_HOST,281,,,2026-05-09T17:26:25.253565321Z,,,,host_log,10,20,,,,,,1,32,,technical_check,vplc_status_cycle_duration_not_validated_as_Tper,0.036,100,работает
RUN_20260509_VPLC_L1_LIGHT_10_20_S01_R05,VPLC_L1_LIGHT_10_20,SER_20260509_VPLC_L1_LIGHT_10_20_S01,vPLC_container,VPLC_HOST,282,,,2026-05-09T17:26:26.309619831Z,,,,host_log,10,20,,,,,,1,32,,technical_check,vplc_status_cycle_duration_not_validated_as_Tper,0.070,100,работает
RUN_20260509_VPLC_L1_LIGHT_10_20_S01_R05,VPLC_L1_LIGHT_10_20,SER_20260509_VPLC_L1_LIGHT_10_20_S01,vPLC_container,VPLC_HOST,283,,,2026-05-09T17:26:27.362561752Z,,,,host_log,10,20,,,,,,1,32,,technical_check,vplc_status_cycle_duration_not_validated_as_Tper,4.607,100,работает
RUN_20260509_VPLC_L1_LIGHT_10_20_S01_R05,VPLC_L1_LIGHT_10_20,SER_20260509_VPLC_L1_LIGHT_10_20_S01,vPLC_container,VPLC_HOST,284,,,2026-05-09T17:26:28.419881509Z,,,,host_log,10,20,,,,,,1,32,,technical_check,vplc_status_cycle_duration_not_validated_as_Tper,4.668,100,работает
RUN_20260509_VPLC_L1_LIGHT_10_20_S01_R05,VPLC_L1_LIGHT_10_20,SER_20260509_VPLC_L1_LIGHT_10_20_S01,vPLC_container,VPLC_HOST,285,,,2026-05-09T17:26:29.475010129Z,,,,host_log,10,20,,,,,,1,32,,technical_check,vplc_status_cycle_duration_not_validated_as_Tper,0.070,100,работает
RUN_20260509_VPLC_L1_LIGHT_10_20_S01_R05,VPLC_L1_LIGHT_10_20,SER_20260509_VPLC_L1_LIGHT_10_20_S01,vPLC_container,VPLC_HOST,286,,,2026-05-09T17:26:30.530558347Z,,,,host_log,10,20,,,,,,1,32,,technical_check,vplc_status_cycle_duration_not_validated_as_Tper,0.049,100,работает
RUN_20260509_VPLC_L1_LIGHT_10_20_S01_R05,VPLC_L1_LIGHT_10_20,SER_20260509_VPLC_L1_LIGHT_10_20_S01,vPLC_container,VPLC_HOST,287,,,2026-05-09T17:26:31.582992535Z,,,,host_log,10,20,,,,,,1,32,,technical_check,vplc_status_cycle_duration_not_validated_as_Tper,0.069,100,работает
RUN_20260509_VPLC_L1_LIGHT_10_20_S01_R05,VPLC_L1_LIGHT_10_20,SER_20260509_VPLC_L1_LIGHT_10_20_S01,vPLC_container,VPLC_HOST,288,,,2026-05-09T17:26:32.641039692Z,,,,host_log,10,20,,,,,,1,32,,technical_check,vplc_status_cycle_duration_not_validated_as_Tper,0.049,100,работает
RUN_20260509_VPLC_L1_LIGHT_10_20_S01_R05,VPLC_L1_LIGHT_10_20,SER_20260509_VPLC_L1_LIGHT_10_20_S01,vPLC_container,VPLC_HOST,289,,,2026-05-09T17:26:33.696287722Z,,,,host_log,10,20,,,,,,1,32,,technical_check,vplc_status_cycle_duration_not_validated_as_Tper,0.070,100,работает
RUN_20260509_VPLC_L1_LIGHT_10_20_S01_R05,VPLC_L1_LIGHT_10_20,SER_20260509_VPLC_L1_LIGHT_10_20_S01,vPLC_container,VPLC_HOST,290,,,2026-05-09T17:26:34.752189755Z,,,,host_log,10,20,,,,,,1,32,,technical_check,vplc_status_cycle_duration_not_validated_as_Tper,0.030,100,работает
RUN_20260509_VPLC_L1_LIGHT_10_20_S01_R05,VPLC_L1_LIGHT_10_20,SER_20260509_VPLC_L1_LIGHT_10_20_S01,vPLC_container,VPLC_HOST,291,,,2026-05-09T17:26:35.805248289Z,,,,host_log,10,20,,,,,,1,32,,technical_check,vplc_status_cycle_duration_not_validated_as_Tper,0.070,100,работает
RUN_20260509_VPLC_L1_LIGHT_10_20_S01_R05,VPLC_L1_LIGHT_10_20,SER_20260509_VPLC_L1_LIGHT_10_20_S01,vPLC_container,VPLC_HOST,292,,,2026-05-09T17:26:36.862474375Z,,,,host_log,10,20,,,,,,1,32,,technical_check,vplc_status_cycle_duration_not_validated_as_Tper,0.069,100,работает
RUN_20260509_VPLC_L1_LIGHT_10_20_S01_R05,VPLC_L1_LIGHT_10_20,SER_20260509_VPLC_L1_LIGHT_10_20_S01,vPLC_container,VPLC_HOST,293,,,2026-05-09T17:26:37.918198273Z,,,,host_log,10,20,,,,,,1,32,,technical_check,vplc_status_cycle_duration_not_validated_as_Tper,0.071,100,работает
RUN_20260509_VPLC_L1_LIGHT_10_20_S01_R05,VPLC_L1_LIGHT_10_20,SER_20260509_VPLC_L1_LIGHT_10_20_S01,vPLC_container,VPLC_HOST,294,,,2026-05-09T17:26:38.971308483Z,,,,host_log,10,20,,,,,,1,32,,technical_check,vplc_status_cycle_duration_not_validated_as_Tper,0.072,100,работает
RUN_20260509_VPLC_L1_LIGHT_10_20_S01_R05,VPLC_L1_LIGHT_10_20,SER_20260509_VPLC_L1_LIGHT_10_20_S01,vPLC_container,VPLC_HOST,295,,,2026-05-09T17:26:40.028485528Z,,,,host_log,10,20,,,,,,1,32,,technical_check,vplc_status_cycle_duration_not_validated_as_Tper,0.049,100,работает
RUN_20260509_VPLC_L1_LIGHT_10_20_S01_R05,VPLC_L1_LIGHT_10_20,SER_20260509_VPLC_L1_LIGHT_10_20_S01,vPLC_container,VPLC_HOST,296,,,2026-05-09T17:26:41.083104930Z,,,,host_log,10,20,,,,,,1,32,,technical_check,vplc_status_cycle_duration_not_validated_as_Tper,0.069,100,работает
RUN_20260509_VPLC_L1_LIGHT_10_20_S01_R05,VPLC_L1_LIGHT_10_20,SER_20260509_VPLC_L1_LIGHT_10_20_S01,vPLC_container,VPLC_HOST,297,,,2026-05-09T17:26:42.138091923Z,,,,host_log,10,20,,,,,,1,32,,technical_check,vplc_status_cycle_duration_not_validated_as_Tper,0.047,100,работает
RUN_20260509_VPLC_L1_LIGHT_10_20_S01_R05,VPLC_L1_LIGHT_10_20,SER_20260509_VPLC_L1_LIGHT_10_20_S01,vPLC_container,VPLC_HOST,298,,,2026-05-09T17:26:43.191473581Z,,,,host_log,10,20,,,,,,1,32,,technical_check,vplc_status_cycle_duration_not_validated_as_Tper,0.068,100,работает
RUN_20260509_VPLC_L1_LIGHT_10_20_S01_R05,VPLC_L1_LIGHT_10_20,SER_20260509_VPLC_L1_LIGHT_10_20_S01,vPLC_container,VPLC_HOST,299,,,2026-05-09T17:26:44.248211001Z,,,,host_log,10,20,,,,,,1,32,,technical_check,vplc_status_cycle_duration_not_validated_as_Tper,0.034,100,работает
RUN_20260509_VPLC_L1_LIGHT_10_20_S01_R05,VPLC_L1_LIGHT_10_20,SER_20260509_VPLC_L1_LIGHT_10_20_S01,vPLC_container,VPLC_HOST,300,,,2026-05-09T17:26:45.302098807Z,,,,host_log,10,20,,,,,,1,32,,technical_check,vplc_status_cycle_duration_not_validated_as_Tper,0.067,100,работает
RUN_20260509_VPLC_L1_LIGHT_10_20_S01_R05,VPLC_L1_LIGHT_10_20,SER_20260509_VPLC_L1_LIGHT_10_20_S01,vPLC_container,VPLC_HOST,301,,,2026-05-09T17:26:46.357182570Z,,,,host_log,10,20,,,,,,1,32,,technical_check,vplc_status_cycle_duration_not_validated_as_Tper,4.391,100,работает
RUN_20260509_VPLC_L1_LIGHT_10_20_S01_R05,VPLC_L1_LIGHT_10_20,SER_20260509_VPLC_L1_LIGHT_10_20_S01,vPLC_container,VPLC_HOST,302,,,2026-05-09T17:26:47.414690896Z,,,,host_log,10,20,,,,,,1,32,,technical_check,vplc_status_cycle_duration_not_validated_as_Tper,4.481,100,работает
RUN_20260509_VPLC_L1_LIGHT_10_20_S01_R05,VPLC_L1_LIGHT_10_20,SER_20260509_VPLC_L1_LIGHT_10_20_S01,vPLC_container,VPLC_HOST,303,,,2026-05-09T17:26:48.468832447Z,,,,host_log,10,20,,,,,,1,32,,technical_check,vplc_status_cycle_duration_not_validated_as_Tper,0.070,100,работает
RUN_20260509_VPLC_L1_LIGHT_10_20_S01_R05,VPLC_L1_LIGHT_10_20,SER_20260509_VPLC_L1_LIGHT_10_20_S01,vPLC_container,VPLC_HOST,304,,,2026-05-09T17:26:49.524983354Z,,,,host_log,10,20,,,,,,1,32,,technical_check,vplc_status_cycle_duration_not_validated_as_Tper,0.069,100,работает
RUN_20260509_VPLC_L1_LIGHT_10_20_S01_R05,VPLC_L1_LIGHT_10_20,SER_20260509_VPLC_L1_LIGHT_10_20_S01,vPLC_container,VPLC_HOST,305,,,2026-05-09T17:26:50.581291118Z,,,,host_log,10,20,,,,,,1,32,,technical_check,vplc_status_cycle_duration_not_validated_as_Tper,0.070,100,работает
RUN_20260509_VPLC_L1_LIGHT_10_20_S01_R05,VPLC_L1_LIGHT_10_20,SER_20260509_VPLC_L1_LIGHT_10_20_S01,vPLC_container,VPLC_HOST,306,,,2026-05-09T17:26:51.636652754Z,,,,host_log,10,20,,,,,,1,32,,technical_check,vplc_status_cycle_duration_not_validated_as_Tper,0.049,100,работает
RUN_20260509_VPLC_L1_LIGHT_10_20_S01_R05,VPLC_L1_LIGHT_10_20,SER_20260509_VPLC_L1_LIGHT_10_20_S01,vPLC_container,VPLC_HOST,307,,,2026-05-09T17:26:52.689658441Z,,,,host_log,10,20,,,,,,1,32,,technical_check,vplc_status_cycle_duration_not_validated_as_Tper,0.070,100,работает
RUN_20260509_VPLC_L1_LIGHT_10_20_S01_R05,VPLC_L1_LIGHT_10_20,SER_20260509_VPLC_L1_LIGHT_10_20_S01,vPLC_container,VPLC_HOST,308,,,2026-05-09T17:26:53.747157350Z,,,,host_log,10,20,,,,,,1,32,,technical_check,vplc_status_cycle_duration_not_validated_as_Tper,0.038,100,работает
RUN_20260509_VPLC_L1_LIGHT_10_20_S01_R05,VPLC_L1_LIGHT_10_20,SER_20260509_VPLC_L1_LIGHT_10_20_S01,vPLC_container,VPLC_HOST,309,,,2026-05-09T17:26:54.799797997Z,,,,host_log,10,20,,,,,,1,32,,technical_check,vplc_status_cycle_duration_not_validated_as_Tper,0.069,100,работает
RUN_20260509_VPLC_L1_LIGHT_10_20_S01_R05,VPLC_L1_LIGHT_10_20,SER_20260509_VPLC_L1_LIGHT_10_20_S01,vPLC_container,VPLC_HOST,310,,,2026-05-09T17:26:55.853568326Z,,,,host_log,10,20,,,,,,1,32,,technical_check,vplc_status_cycle_duration_not_validated_as_Tper,0.036,100,работает
RUN_20260509_VPLC_L1_LIGHT_10_20_S01_R05,VPLC_L1_LIGHT_10_20,SER_20260509_VPLC_L1_LIGHT_10_20_S01,vPLC_container,VPLC_HOST,311,,,2026-05-09T17:26:56.910975410Z,,,,host_log,10,20,,,,,,1,32,,technical_check,vplc_status_cycle_duration_not_validated_as_Tper,0.070,100,работает
RUN_20260509_VPLC_L1_LIGHT_10_20_S01_R05,VPLC_L1_LIGHT_10_20,SER_20260509_VPLC_L1_LIGHT_10_20_S01,vPLC_container,VPLC_HOST,312,,,2026-05-09T17:26:57.966198869Z,,,,host_log,10,20,,,,,,1,32,,technical_check,vplc_status_cycle_duration_not_validated_as_Tper,0.070,100,работает
RUN_20260509_VPLC_L1_LIGHT_10_20_S01_R05,VPLC_L1_LIGHT_10_20,SER_20260509_VPLC_L1_LIGHT_10_20_S01,vPLC_container,VPLC_HOST,313,,,2026-05-09T17:26:59.024447614Z,,,,host_log,10,20,,,,,,1,32,,technical_check,vplc_status_cycle_duration_not_validated_as_Tper,0.050,100,работает
RUN_20260509_VPLC_L1_LIGHT_10_20_S01_R05,VPLC_L1_LIGHT_10_20,SER_20260509_VPLC_L1_LIGHT_10_20_S01,vPLC_container,VPLC_HOST,314,,,2026-05-09T17:27:00.078748446Z,,,,host_log,10,20,,,,,,1,32,,technical_check,vplc_status_cycle_duration_not_validated_as_Tper,0.069,100,работает
RUN_20260509_VPLC_L1_LIGHT_10_20_S01_R05,VPLC_L1_LIGHT_10_20,SER_20260509_VPLC_L1_LIGHT_10_20_S01,vPLC_container,VPLC_HOST,315,,,2026-05-09T17:27:01.132181662Z,,,,host_log,10,20,,,,,,1,32,,technical_check,vplc_status_cycle_duration_not_validated_as_Tper,0.049,100,работает
RUN_20260509_VPLC_L1_LIGHT_10_20_S01_R05,VPLC_L1_LIGHT_10_20,SER_20260509_VPLC_L1_LIGHT_10_20_S01,vPLC_container,VPLC_HOST,316,,,2026-05-09T17:27:02.189903651Z,,,,host_log,10,20,,,,,,1,32,,technical_check,vplc_status_cycle_duration_not_validated_as_Tper,0.068,100,работает
RUN_20260509_VPLC_L1_LIGHT_10_20_S01_R05,VPLC_L1_LIGHT_10_20,SER_20260509_VPLC_L1_LIGHT_10_20_S01,vPLC_container,VPLC_HOST,317,,,2026-05-09T17:27:03.245637146Z,,,,host_log,10,20,,,,,,1,32,,technical_check,vplc_status_cycle_duration_not_validated_as_Tper,0.041,100,работает
RUN_20260509_VPLC_L1_LIGHT_10_20_S01_R05,VPLC_L1_LIGHT_10_20,SER_20260509_VPLC_L1_LIGHT_10_20_S01,vPLC_container,VPLC_HOST,318,,,2026-05-09T17:27:04.300044104Z,,,,host_log,10,20,,,,,,1,32,,technical_check,vplc_status_cycle_duration_not_validated_as_Tper,0.069,100,работает
RUN_20260509_VPLC_L1_LIGHT_10_20_S01_R05,VPLC_L1_LIGHT_10_20,SER_20260509_VPLC_L1_LIGHT_10_20_S01,vPLC_container,VPLC_HOST,319,,,2026-05-09T17:27:05.356804817Z,,,,host_log,10,20,,,,,,1,32,,technical_check,vplc_status_cycle_duration_not_validated_as_Tper,4.496,100,работает
RUN_20260509_VPLC_L1_LIGHT_10_20_S01_R05,VPLC_L1_LIGHT_10_20,SER_20260509_VPLC_L1_LIGHT_10_20_S01,vPLC_container,VPLC_HOST,320,,,2026-05-09T17:27:06.410705882Z,,,,host_log,10,20,,,,,,1,32,,technical_check,vplc_status_cycle_duration_not_validated_as_Tper,4.383,100,работает
RUN_20260509_VPLC_L1_LIGHT_10_20_S01_R05,VPLC_L1_LIGHT_10_20,SER_20260509_VPLC_L1_LIGHT_10_20_S01,vPLC_container,VPLC_HOST,321,,,2026-05-09T17:27:07.466690691Z,,,,host_log,10,20,,,,,,1,32,,technical_check,vplc_status_cycle_duration_not_validated_as_Tper,0.068,100,работает
RUN_20260509_VPLC_L1_LIGHT_10_20_S01_R05,VPLC_L1_LIGHT_10_20,SER_20260509_VPLC_L1_LIGHT_10_20_S01,vPLC_container,VPLC_HOST,322,,,2026-05-09T17:27:08.523515741Z,,,,host_log,10,20,,,,,,1,32,,technical_check,vplc_status_cycle_duration_not_validated_as_Tper,0.070,100,работает
RUN_20260509_VPLC_L1_LIGHT_10_20_S01_R05,VPLC_L1_LIGHT_10_20,SER_20260509_VPLC_L1_LIGHT_10_20_S01,vPLC_container,VPLC_HOST,323,,,2026-05-09T17:27:09.577785223Z,,,,host_log,10,20,,,,,,1,32,,technical_check,vplc_status_cycle_duration_not_validated_as_Tper,0.069,100,работает
RUN_20260509_VPLC_L1_LIGHT_10_20_S01_R05,VPLC_L1_LIGHT_10_20,SER_20260509_VPLC_L1_LIGHT_10_20_S01,vPLC_container,VPLC_HOST,324,,,2026-05-09T17:27:10.632403448Z,,,,host_log,10,20,,,,,,1,32,,technical_check,vplc_status_cycle_duration_not_validated_as_Tper,0.048,100,работает
RUN_20260509_VPLC_L1_LIGHT_10_20_S01_R05,VPLC_L1_LIGHT_10_20,SER_20260509_VPLC_L1_LIGHT_10_20_S01,vPLC_container,VPLC_HOST,325,,,2026-05-09T17:27:11.687484738Z,,,,host_log,10,20,,,,,,1,32,,technical_check,vplc_status_cycle_duration_not_validated_as_Tper,0.068,100,работает
RUN_20260509_VPLC_L1_LIGHT_10_20_S01_R05,VPLC_L1_LIGHT_10_20,SER_20260509_VPLC_L1_LIGHT_10_20_S01,vPLC_container,VPLC_HOST,326,,,2026-05-09T17:27:12.741289503Z,,,,host_log,10,20,,,,,,1,32,,technical_check,vplc_status_cycle_duration_not_validated_as_Tper,0.050,100,работает
RUN_20260509_VPLC_L1_LIGHT_10_20_S01_R05,VPLC_L1_LIGHT_10_20,SER_20260509_VPLC_L1_LIGHT_10_20_S01,vPLC_container,VPLC_HOST,327,,,2026-05-09T17:27:13.797523610Z,,,,host_log,10,20,,,,,,1,32,,technical_check,vplc_status_cycle_duration_not_validated_as_Tper,0.068,100,работает
RUN_20260509_VPLC_L1_LIGHT_10_20_S01_R05,VPLC_L1_LIGHT_10_20,SER_20260509_VPLC_L1_LIGHT_10_20_S01,vPLC_container,VPLC_HOST,328,,,2026-05-09T17:27:14.852195779Z,,,,host_log,10,20,,,,,,1,32,,technical_check,vplc_status_cycle_duration_not_validated_as_Tper,0.028,100,работает
RUN_20260509_VPLC_L1_LIGHT_10_20_S01_R05,VPLC_L1_LIGHT_10_20,SER_20260509_VPLC_L1_LIGHT_10_20_S01,vPLC_container,VPLC_HOST,329,,,2026-05-09T17:27:15.907423200Z,,,,host_log,10,20,,,,,,1,32,,technical_check,vplc_status_cycle_duration_not_validated_as_Tper,0.070,100,работает
RUN_20260509_VPLC_L1_LIGHT_10_20_S01_R05,VPLC_L1_LIGHT_10_20,SER_20260509_VPLC_L1_LIGHT_10_20_S01,vPLC_container,VPLC_HOST,330,,,2026-05-09T17:27:16.965498973Z,,,,host_log,10,20,,,,,,1,32,,technical_check,vplc_status_cycle_duration_not_validated_as_Tper,0.071,100,работает
RUN_20260509_VPLC_L1_LIGHT_10_20_S01_R05,VPLC_L1_LIGHT_10_20,SER_20260509_VPLC_L1_LIGHT_10_20_S01,vPLC_container,VPLC_HOST,331,,,2026-05-09T17:27:18.020754879Z,,,,host_log,10,20,,,,,,1,32,,technical_check,vplc_status_cycle_duration_not_validated_as_Tper,0.067,100,работает
RUN_20260509_VPLC_L1_LIGHT_10_20_S01_R05,VPLC_L1_LIGHT_10_20,SER_20260509_VPLC_L1_LIGHT_10_20_S01,vPLC_container,VPLC_HOST,332,,,2026-05-09T17:27:19.076075551Z,,,,host_log,10,20,,,,,,1,32,,technical_check,vplc_status_cycle_duration_not_validated_as_Tper,0.071,100,работает
RUN_20260509_VPLC_L1_LIGHT_10_20_S01_R05,VPLC_L1_LIGHT_10_20,SER_20260509_VPLC_L1_LIGHT_10_20_S01,vPLC_container,VPLC_HOST,333,,,2026-05-09T17:27:20.130732308Z,,,,host_log,10,20,,,,,,1,32,,technical_check,vplc_status_cycle_duration_not_validated_as_Tper,0.070,100,работает
RUN_20260509_VPLC_L1_LIGHT_10_20_S01_R05,VPLC_L1_LIGHT_10_20,SER_20260509_VPLC_L1_LIGHT_10_20_S01,vPLC_container,VPLC_HOST,334,,,2026-05-09T17:27:21.186857446Z,,,,host_log,10,20,,,,,,1,32,,technical_check,vplc_status_cycle_duration_not_validated_as_Tper,0.069,100,работает
RUN_20260509_VPLC_L1_LIGHT_10_20_S01_R05,VPLC_L1_LIGHT_10_20,SER_20260509_VPLC_L1_LIGHT_10_20_S01,vPLC_container,VPLC_HOST,335,,,2026-05-09T17:27:22.242061451Z,,,,host_log,10,20,,,,,,1,32,,technical_check,vplc_status_cycle_duration_not_validated_as_Tper,0.048,100,работает
RUN_20260509_VPLC_L1_LIGHT_10_20_S01_R05,VPLC_L1_LIGHT_10_20,SER_20260509_VPLC_L1_LIGHT_10_20_S01,vPLC_container,VPLC_HOST,336,,,2026-05-09T17:27:23.297185044Z,,,,host_log,10,20,,,,,,1,32,,technical_check,vplc_status_cycle_duration_not_validated_as_Tper,0.068,100,работает
RUN_20260509_VPLC_L1_LIGHT_10_20_S01_R05,VPLC_L1_LIGHT_10_20,SER_20260509_VPLC_L1_LIGHT_10_20_S01,vPLC_container,VPLC_HOST,337,,,2026-05-09T17:27:24.353374310Z,,,,host_log,10,20,,,,,,1,32,,technical_check,vplc_status_cycle_duration_not_validated_as_Tper,3.355,100,работает
RUN_20260509_VPLC_L1_LIGHT_10_20_S01_R05,VPLC_L1_LIGHT_10_20,SER_20260509_VPLC_L1_LIGHT_10_20_S01,vPLC_container,VPLC_HOST,338,,,2026-05-09T17:27:25.408184465Z,,,,host_log,10,20,,,,,,1,32,,technical_check,vplc_status_cycle_duration_not_validated_as_Tper,4.025,100,работает
RUN_20260509_VPLC_L1_LIGHT_10_20_S01_R05,VPLC_L1_LIGHT_10_20,SER_20260509_VPLC_L1_LIGHT_10_20_S01,vPLC_container,VPLC_HOST,339,,,2026-05-09T17:27:26.463690504Z,,,,host_log,10,20,,,,,,1,32,,technical_check,vplc_status_cycle_duration_not_validated_as_Tper,0.069,100,работает
RUN_20260509_VPLC_L1_LIGHT_10_20_S01_R05,VPLC_L1_LIGHT_10_20,SER_20260509_VPLC_L1_LIGHT_10_20_S01,vPLC_container,VPLC_HOST,340,,,2026-05-09T17:27:27.519019319Z,,,,host_log,10,20,,,,,,1,32,,technical_check,vplc_status_cycle_duration_not_validated_as_Tper,0.069,100,работает
RUN_20260509_VPLC_L1_LIGHT_10_20_S01_R05,VPLC_L1_LIGHT_10_20,SER_20260509_VPLC_L1_LIGHT_10_20_S01,vPLC_container,VPLC_HOST,341,,,2026-05-09T17:27:28.573948585Z,,,,host_log,10,20,,,,,,1,32,,technical_check,vplc_status_cycle_duration_not_validated_as_Tper,0.069,100,работает
RUN_20260509_VPLC_L1_LIGHT_10_20_S01_R05,VPLC_L1_LIGHT_10_20,SER_20260509_VPLC_L1_LIGHT_10_20_S01,vPLC_container,VPLC_HOST,342,,,2026-05-09T17:27:29.627058605Z,,,,host_log,10,20,,,,,,1,32,,technical_check,vplc_status_cycle_duration_not_validated_as_Tper,0.068,100,работает
RUN_20260509_VPLC_L1_LIGHT_10_20_S01_R05,VPLC_L1_LIGHT_10_20,SER_20260509_VPLC_L1_LIGHT_10_20_S01,vPLC_container,VPLC_HOST,343,,,2026-05-09T17:27:30.682326688Z,,,,host_log,10,20,,,,,,1,32,,technical_check,vplc_status_cycle_duration_not_validated_as_Tper,0.070,100,работает
RUN_20260509_VPLC_L1_LIGHT_10_20_S01_R05,VPLC_L1_LIGHT_10_20,SER_20260509_VPLC_L1_LIGHT_10_20_S01,vPLC_container,VPLC_HOST,344,,,2026-05-09T17:27:31.740130490Z,,,,host_log,10,20,,,,,,1,32,,technical_check,vplc_status_cycle_duration_not_validated_as_Tper,0.048,100,работает
RUN_20260509_VPLC_L1_LIGHT_10_20_S01_R05,VPLC_L1_LIGHT_10_20,SER_20260509_VPLC_L1_LIGHT_10_20_S01,vPLC_container,VPLC_HOST,345,,,2026-05-09T17:27:32.795794998Z,,,,host_log,10,20,,,,,,1,32,,technical_check,vplc_status_cycle_duration_not_validated_as_Tper,0.070,100,работает
RUN_20260509_VPLC_L1_LIGHT_10_20_S01_R05,VPLC_L1_LIGHT_10_20,SER_20260509_VPLC_L1_LIGHT_10_20_S01,vPLC_container,VPLC_HOST,346,,,2026-05-09T17:27:33.849314243Z,,,,host_log,10,20,,,,,,1,32,,technical_check,vplc_status_cycle_duration_not_validated_as_Tper,0.031,100,работает
RUN_20260509_VPLC_L1_LIGHT_10_20_S01_R05,VPLC_L1_LIGHT_10_20,SER_20260509_VPLC_L1_LIGHT_10_20_S01,vPLC_container,VPLC_HOST,347,,,2026-05-09T17:27:34.906057528Z,,,,host_log,10,20,,,,,,1,32,,technical_check,vplc_status_cycle_duration_not_validated_as_Tper,0.071,100,работает
RUN_20260509_VPLC_L1_LIGHT_10_20_S01_R05,VPLC_L1_LIGHT_10_20,SER_20260509_VPLC_L1_LIGHT_10_20_S01,vPLC_container,VPLC_HOST,348,,,2026-05-09T17:27:35.958846583Z,,,,host_log,10,20,,,,,,1,32,,technical_check,vplc_status_cycle_duration_not_validated_as_Tper,0.054,100,работает
RUN_20260509_VPLC_L1_LIGHT_10_20_S01_R05,VPLC_L1_LIGHT_10_20,SER_20260509_VPLC_L1_LIGHT_10_20_S01,vPLC_container,VPLC_HOST,349,,,2026-05-09T17:27:37.017003116Z,,,,host_log,10,20,,,,,,1,32,,technical_check,vplc_status_cycle_duration_not_validated_as_Tper,0.068,100,работает
RUN_20260509_VPLC_L1_LIGHT_10_20_S01_R05,VPLC_L1_LIGHT_10_20,SER_20260509_VPLC_L1_LIGHT_10_20_S01,vPLC_container,VPLC_HOST,350,,,2026-05-09T17:27:38.069099183Z,,,,host_log,10,20,,,,,,1,32,,technical_check,vplc_status_cycle_duration_not_validated_as_Tper,0.070,100,работает
RUN_20260509_VPLC_L1_LIGHT_10_20_S01_R05,VPLC_L1_LIGHT_10_20,SER_20260509_VPLC_L1_LIGHT_10_20_S01,vPLC_container,VPLC_HOST,351,,,2026-05-09T17:27:39.126920819Z,,,,host_log,10,20,,,,,,1,32,,technical_check,vplc_status_cycle_duration_not_validated_as_Tper,0.049,100,работает
RUN_20260509_VPLC_L1_LIGHT_10_20_S01_R05,VPLC_L1_LIGHT_10_20,SER_20260509_VPLC_L1_LIGHT_10_20_S01,vPLC_container,VPLC_HOST,352,,,2026-05-09T17:27:40.179210136Z,,,,host_log,10,20,,,,,,1,32,,technical_check,vplc_status_cycle_duration_not_validated_as_Tper,0.051,100,работает
RUN_20260509_VPLC_L1_LIGHT_10_20_S01_R05,VPLC_L1_LIGHT_10_20,SER_20260509_VPLC_L1_LIGHT_10_20_S01,vPLC_container,VPLC_HOST,353,,,2026-05-09T17:27:41.234530654Z,,,,host_log,10,20,,,,,,1,32,,technical_check,vplc_status_cycle_duration_not_validated_as_Tper,0.050,100,работает
RUN_20260509_VPLC_L1_LIGHT_10_20_S01_R05,VPLC_L1_LIGHT_10_20,SER_20260509_VPLC_L1_LIGHT_10_20_S01,vPLC_container,VPLC_HOST,354,,,2026-05-09T17:27:42.292769474Z,,,,host_log,10,20,,,,,,1,32,,technical_check,vplc_status_cycle_duration_not_validated_as_Tper,0.070,100,работает
RUN_20260509_VPLC_L1_LIGHT_10_20_S01_R05,VPLC_L1_LIGHT_10_20,SER_20260509_VPLC_L1_LIGHT_10_20_S01,vPLC_container,VPLC_HOST,355,,,2026-05-09T17:27:43.348778307Z,,,,host_log,10,20,,,,,,1,32,,technical_check,vplc_status_cycle_duration_not_validated_as_Tper,3.908,100,работает
RUN_20260509_VPLC_L1_LIGHT_10_20_S01_R05,VPLC_L1_LIGHT_10_20,SER_20260509_VPLC_L1_LIGHT_10_20_S01,vPLC_container,VPLC_HOST,356,,,2026-05-09T17:27:44.402816127Z,,,,host_log,10,20,,,,,,1,32,,technical_check,vplc_status_cycle_duration_not_validated_as_Tper,4.363,100,работает
RUN_20260509_VPLC_L1_LIGHT_10_20_S01_R05,VPLC_L1_LIGHT_10_20,SER_20260509_VPLC_L1_LIGHT_10_20_S01,vPLC_container,VPLC_HOST,357,,,2026-05-09T17:27:45.456415658Z,,,,host_log,10,20,,,,,,1,32,,technical_check,vplc_status_cycle_duration_not_validated_as_Tper,0.045,100,работает
RUN_20260509_VPLC_L1_LIGHT_10_20_S01_R05,VPLC_L1_LIGHT_10_20,SER_20260509_VPLC_L1_LIGHT_10_20_S01,vPLC_container,VPLC_HOST,358,,,2026-05-09T17:27:46.514326256Z,,,,host_log,10,20,,,,,,1,32,,technical_check,vplc_status_cycle_duration_not_validated_as_Tper,0.068,100,работает
RUN_20260509_VPLC_L1_LIGHT_10_20_S01_R05,VPLC_L1_LIGHT_10_20,SER_20260509_VPLC_L1_LIGHT_10_20_S01,vPLC_container,VPLC_HOST,359,,,2026-05-09T17:27:47.568746834Z,,,,host_log,10,20,,,,,,1,32,,technical_check,vplc_status_cycle_duration_not_validated_as_Tper,0.069,100,работает
RUN_20260509_VPLC_L1_LIGHT_10_20_S01_R05,VPLC_L1_LIGHT_10_20,SER_20260509_VPLC_L1_LIGHT_10_20_S01,vPLC_container,VPLC_HOST,360,,,2026-05-09T17:27:48.622130527Z,,,,host_log,10,20,,,,,,1,32,,technical_check,vplc_status_cycle_duration_not_validated_as_Tper,0.067,100,работает
RUN_20260509_VPLC_L1_LIGHT_10_20_S01_R05,VPLC_L1_LIGHT_10_20,SER_20260509_VPLC_L1_LIGHT_10_20_S01,vPLC_container,VPLC_HOST,361,,,2026-05-09T17:27:49.676578420Z,,,,host_log,10,20,,,,,,1,32,,technical_check,vplc_status_cycle_duration_not_validated_as_Tper,0.069,100,работает
RUN_20260509_VPLC_L1_LIGHT_10_20_S01_R05,VPLC_L1_LIGHT_10_20,SER_20260509_VPLC_L1_LIGHT_10_20_S01,vPLC_container,VPLC_HOST,362,,,2026-05-09T17:27:50.732195332Z,,,,host_log,10,20,,,,,,1,32,,technical_check,vplc_status_cycle_duration_not_validated_as_Tper,0.050,100,работает
RUN_20260509_VPLC_L1_LIGHT_10_20_S01_R05,VPLC_L1_LIGHT_10_20,SER_20260509_VPLC_L1_LIGHT_10_20_S01,vPLC_container,VPLC_HOST,363,,,2026-05-09T17:27:51.789027287Z,,,,host_log,10,20,,,,,,1,32,,technical_check,vplc_status_cycle_duration_not_validated_as_Tper,0.070,100,работает
RUN_20260509_VPLC_L1_LIGHT_10_20_S01_R05,VPLC_L1_LIGHT_10_20,SER_20260509_VPLC_L1_LIGHT_10_20_S01,vPLC_container,VPLC_HOST,364,,,2026-05-09T17:27:52.841496628Z,,,,host_log,10,20,,,,,,1,32,,technical_check,vplc_status_cycle_duration_not_validated_as_Tper,0.049,100,работает
RUN_20260509_VPLC_L1_LIGHT_10_20_S01_R05,VPLC_L1_LIGHT_10_20,SER_20260509_VPLC_L1_LIGHT_10_20_S01,vPLC_container,VPLC_HOST,365,,,2026-05-09T17:27:53.897407380Z,,,,host_log,10,20,,,,,,1,32,,technical_check,vplc_status_cycle_duration_not_validated_as_Tper,0.069,100,работает
RUN_20260509_VPLC_L1_LIGHT_10_20_S01_R05,VPLC_L1_LIGHT_10_20,SER_20260509_VPLC_L1_LIGHT_10_20_S01,vPLC_container,VPLC_HOST,366,,,2026-05-09T17:27:54.954117547Z,,,,host_log,10,20,,,,,,1,32,,technical_check,vplc_status_cycle_duration_not_validated_as_Tper,0.036,100,работает
RUN_20260509_VPLC_L1_LIGHT_10_20_S01_R05,VPLC_L1_LIGHT_10_20,SER_20260509_VPLC_L1_LIGHT_10_20_S01,vPLC_container,VPLC_HOST,367,,,2026-05-09T17:27:56.007631801Z,,,,host_log,10,20,,,,,,1,32,,technical_check,vplc_status_cycle_duration_not_validated_as_Tper,0.069,100,работает
RUN_20260509_VPLC_L1_LIGHT_10_20_S01_R05,VPLC_L1_LIGHT_10_20,SER_20260509_VPLC_L1_LIGHT_10_20_S01,vPLC_container,VPLC_HOST,368,,,2026-05-09T17:27:57.066187887Z,,,,host_log,10,20,,,,,,1,32,,technical_check,vplc_status_cycle_duration_not_validated_as_Tper,0.069,100,работает
RUN_20260509_VPLC_L1_LIGHT_10_20_S01_R05,VPLC_L1_LIGHT_10_20,SER_20260509_VPLC_L1_LIGHT_10_20_S01,vPLC_container,VPLC_HOST,369,,,2026-05-09T17:27:58.118095659Z,,,,host_log,10,20,,,,,,1,32,,technical_check,vplc_status_cycle_duration_not_validated_as_Tper,0.070,100,работает
RUN_20260509_VPLC_L1_LIGHT_10_20_S01_R05,VPLC_L1_LIGHT_10_20,SER_20260509_VPLC_L1_LIGHT_10_20_S01,vPLC_container,VPLC_HOST,370,,,2026-05-09T17:27:59.176825347Z,,,,host_log,10,20,,,,,,1,32,,technical_check,vplc_status_cycle_duration_not_validated_as_Tper,0.070,100,работает
RUN_20260509_VPLC_L1_LIGHT_10_20_S01_R05,VPLC_L1_LIGHT_10_20,SER_20260509_VPLC_L1_LIGHT_10_20_S01,vPLC_container,VPLC_HOST,371,,,2026-05-09T17:28:00.232281188Z,,,,host_log,10,20,,,,,,1,32,,technical_check,vplc_status_cycle_duration_not_validated_as_Tper,0.066,100,работает
RUN_20260509_VPLC_L1_LIGHT_10_20_S01_R05,VPLC_L1_LIGHT_10_20,SER_20260509_VPLC_L1_LIGHT_10_20_S01,vPLC_container,VPLC_HOST,372,,,2026-05-09T17:28:01.285573717Z,,,,host_log,10,20,,,,,,1,32,,technical_check,vplc_status_cycle_duration_not_validated_as_Tper,0.069,100,работает
RUN_20260509_VPLC_L1_LIGHT_10_20_S01_R05,VPLC_L1_LIGHT_10_20,SER_20260509_VPLC_L1_LIGHT_10_20_S01,vPLC_container,VPLC_HOST,373,,,2026-05-09T17:28:02.339524023Z,,,,host_log,10,20,,,,,,1,32,,technical_check,vplc_status_cycle_duration_not_validated_as_Tper,4.241,100,работает
RUN_20260509_VPLC_L1_LIGHT_10_20_S01_R05,VPLC_L1_LIGHT_10_20,SER_20260509_VPLC_L1_LIGHT_10_20_S01,vPLC_container,VPLC_HOST,374,,,2026-05-09T17:28:03.396941878Z,,,,host_log,10,20,,,,,,1,32,,technical_check,vplc_status_cycle_duration_not_validated_as_Tper,4.799,100,работает
RUN_20260509_VPLC_L1_LIGHT_10_20_S01_R05,VPLC_L1_LIGHT_10_20,SER_20260509_VPLC_L1_LIGHT_10_20_S01,vPLC_container,VPLC_HOST,375,,,2026-05-09T17:28:04.453515919Z,,,,host_log,10,20,,,,,,1,32,,technical_check,vplc_status_cycle_duration_not_validated_as_Tper,0.036,100,работает
RUN_20260509_VPLC_L1_LIGHT_10_20_S01_R05,VPLC_L1_LIGHT_10_20,SER_20260509_VPLC_L1_LIGHT_10_20_S01,vPLC_container,VPLC_HOST,376,,,2026-05-09T17:28:05.506775790Z,,,,host_log,10,20,,,,,,1,32,,technical_check,vplc_status_cycle_duration_not_validated_as_Tper,0.070,100,работает
RUN_20260509_VPLC_L1_LIGHT_10_20_S01_R05,VPLC_L1_LIGHT_10_20,SER_20260509_VPLC_L1_LIGHT_10_20_S01,vPLC_container,VPLC_HOST,377,,,2026-05-09T17:28:06.559838199Z,,,,host_log,10,20,,,,,,1,32,,technical_check,vplc_status_cycle_duration_not_validated_as_Tper,0.061,100,работает
RUN_20260509_VPLC_L1_LIGHT_10_20_S01_R05,VPLC_L1_LIGHT_10_20,SER_20260509_VPLC_L1_LIGHT_10_20_S01,vPLC_container,VPLC_HOST,378,,,2026-05-09T17:28:07.617184204Z,,,,host_log,10,20,,,,,,1,32,,technical_check,vplc_status_cycle_duration_not_validated_as_Tper,0.067,100,работает
RUN_20260509_VPLC_L1_LIGHT_10_20_S01_R05,VPLC_L1_LIGHT_10_20,SER_20260509_VPLC_L1_LIGHT_10_20_S01,vPLC_container,VPLC_HOST,379,,,2026-05-09T17:28:08.673379491Z,,,,host_log,10,20,,,,,,1,32,,technical_check,vplc_status_cycle_duration_not_validated_as_Tper,0.069,100,работает
RUN_20260509_VPLC_L1_LIGHT_10_20_S01_R05,VPLC_L1_LIGHT_10_20,SER_20260509_VPLC_L1_LIGHT_10_20_S01,vPLC_container,VPLC_HOST,380,,,2026-05-09T17:28:09.731497735Z,,,,host_log,10,20,,,,,,1,32,,technical_check,vplc_status_cycle_duration_not_validated_as_Tper,0.051,100,работает
RUN_20260509_VPLC_L1_LIGHT_10_20_S01_R05,VPLC_L1_LIGHT_10_20,SER_20260509_VPLC_L1_LIGHT_10_20_S01,vPLC_container,VPLC_HOST,381,,,2026-05-09T17:28:10.785382685Z,,,,host_log,10,20,,,,,,1,32,,technical_check,vplc_status_cycle_duration_not_validated_as_Tper,0.071,100,работает
RUN_20260509_VPLC_L1_LIGHT_10_20_S01_R05,VPLC_L1_LIGHT_10_20,SER_20260509_VPLC_L1_LIGHT_10_20_S01,vPLC_container,VPLC_HOST,382,,,2026-05-09T17:28:11.840398614Z,,,,host_log,10,20,,,,,,1,32,,technical_check,vplc_status_cycle_duration_not_validated_as_Tper,0.050,100,работает
RUN_20260509_VPLC_L1_LIGHT_10_20_S01_R05,VPLC_L1_LIGHT_10_20,SER_20260509_VPLC_L1_LIGHT_10_20_S01,vPLC_container,VPLC_HOST,383,,,2026-05-09T17:28:12.895038213Z,,,,host_log,10,20,,,,,,1,32,,technical_check,vplc_status_cycle_duration_not_validated_as_Tper,0.069,100,работает
RUN_20260509_VPLC_L1_LIGHT_10_20_S01_R05,VPLC_L1_LIGHT_10_20,SER_20260509_VPLC_L1_LIGHT_10_20_S01,vPLC_container,VPLC_HOST,384,,,2026-05-09T17:28:13.951093168Z,,,,host_log,10,20,,,,,,1,32,,technical_check,vplc_status_cycle_duration_not_validated_as_Tper,0.028,100,работает
RUN_20260509_VPLC_L1_LIGHT_10_20_S01_R05,VPLC_L1_LIGHT_10_20,SER_20260509_VPLC_L1_LIGHT_10_20_S01,vPLC_container,VPLC_HOST,385,,,2026-05-09T17:28:15.003531144Z,,,,host_log,10,20,,,,,,1,32,,technical_check,vplc_status_cycle_duration_not_validated_as_Tper,0.070,100,работает
RUN_20260509_VPLC_L1_LIGHT_10_20_S01_R05,VPLC_L1_LIGHT_10_20,SER_20260509_VPLC_L1_LIGHT_10_20_S01,vPLC_container,VPLC_HOST,386,,,2026-05-09T17:28:16.060918990Z,,,,host_log,10,20,,,,,,1,32,,technical_check,vplc_status_cycle_duration_not_validated_as_Tper,0.069,100,работает
RUN_20260509_VPLC_L1_LIGHT_10_20_S01_R05,VPLC_L1_LIGHT_10_20,SER_20260509_VPLC_L1_LIGHT_10_20_S01,vPLC_container,VPLC_HOST,387,,,2026-05-09T17:28:17.117868545Z,,,,host_log,10,20,,,,,,1,32,,technical_check,vplc_status_cycle_duration_not_validated_as_Tper,0.068,100,работает
RUN_20260509_VPLC_L1_LIGHT_10_20_S01_R05,VPLC_L1_LIGHT_10_20,SER_20260509_VPLC_L1_LIGHT_10_20_S01,vPLC_container,VPLC_HOST,388,,,2026-05-09T17:28:18.170857550Z,,,,host_log,10,20,,,,,,1,32,,technical_check,vplc_status_cycle_duration_not_validated_as_Tper,0.068,100,работает
RUN_20260509_VPLC_L1_LIGHT_10_20_S01_R05,VPLC_L1_LIGHT_10_20,SER_20260509_VPLC_L1_LIGHT_10_20_S01,vPLC_container,VPLC_HOST,389,,,2026-05-09T17:28:19.226464216Z,,,,host_log,10,20,,,,,,1,32,,technical_check,vplc_status_cycle_duration_not_validated_as_Tper,0.050,100,работает
RUN_20260509_VPLC_L1_LIGHT_10_20_S01_R05,VPLC_L1_LIGHT_10_20,SER_20260509_VPLC_L1_LIGHT_10_20_S01,vPLC_container,VPLC_HOST,390,,,2026-05-09T17:28:20.282839414Z,,,,host_log,10,20,,,,,,1,32,,technical_check,vplc_status_cycle_duration_not_validated_as_Tper,0.069,100,работает
RUN_20260509_VPLC_L1_LIGHT_10_20_S01_R05,VPLC_L1_LIGHT_10_20,SER_20260509_VPLC_L1_LIGHT_10_20_S01,vPLC_container,VPLC_HOST,391,,,2026-05-09T17:28:21.338764653Z,,,,host_log,10,20,,,,,,1,32,,technical_check,vplc_status_cycle_duration_not_validated_as_Tper,4.112,100,работает
RUN_20260509_VPLC_L1_LIGHT_10_20_S01_R05,VPLC_L1_LIGHT_10_20,SER_20260509_VPLC_L1_LIGHT_10_20_S01,vPLC_container,VPLC_HOST,392,,,2026-05-09T17:28:22.390349099Z,,,,host_log,10,20,,,,,,1,32,,technical_check,vplc_status_cycle_duration_not_validated_as_Tper,4.338,100,работает
RUN_20260509_VPLC_L1_LIGHT_10_20_S01_R05,VPLC_L1_LIGHT_10_20,SER_20260509_VPLC_L1_LIGHT_10_20_S01,vPLC_container,VPLC_HOST,393,,,2026-05-09T17:28:23.448531910Z,,,,host_log,10,20,,,,,,1,32,,technical_check,vplc_status_cycle_duration_not_validated_as_Tper,0.030,100,работает
RUN_20260509_VPLC_L1_LIGHT_10_20_S01_R05,VPLC_L1_LIGHT_10_20,SER_20260509_VPLC_L1_LIGHT_10_20_S01,vPLC_container,VPLC_HOST,394,,,2026-05-09T17:28:24.502125973Z,,,,host_log,10,20,,,,,,1,32,,technical_check,vplc_status_cycle_duration_not_validated_as_Tper,0.069,100,работает
RUN_20260509_VPLC_L1_LIGHT_10_20_S01_R05,VPLC_L1_LIGHT_10_20,SER_20260509_VPLC_L1_LIGHT_10_20_S01,vPLC_container,VPLC_HOST,395,,,2026-05-09T17:28:25.559894131Z,,,,host_log,10,20,,,,,,1,32,,technical_check,vplc_status_cycle_duration_not_validated_as_Tper,0.063,100,работает
RUN_20260509_VPLC_L1_LIGHT_10_20_S01_R05,VPLC_L1_LIGHT_10_20,SER_20260509_VPLC_L1_LIGHT_10_20_S01,vPLC_container,VPLC_HOST,396,,,2026-05-09T17:28:26.615161253Z,,,,host_log,10,20,,,,,,1,32,,technical_check,vplc_status_cycle_duration_not_validated_as_Tper,0.069,100,работает
RUN_20260509_VPLC_L1_LIGHT_10_20_S01_R05,VPLC_L1_LIGHT_10_20,SER_20260509_VPLC_L1_LIGHT_10_20_S01,vPLC_container,VPLC_HOST,397,,,2026-05-09T17:28:27.670255943Z,,,,host_log,10,20,,,,,,1,32,,technical_check,vplc_status_cycle_duration_not_validated_as_Tper,0.069,100,работает
RUN_20260509_VPLC_L1_LIGHT_10_20_S01_R05,VPLC_L1_LIGHT_10_20,SER_20260509_VPLC_L1_LIGHT_10_20_S01,vPLC_container,VPLC_HOST,398,,,2026-05-09T17:28:28.724743875Z,,,,host_log,10,20,,,,,,1,32,,technical_check,vplc_status_cycle_duration_not_validated_as_Tper,0.069,100,работает
RUN_20260509_VPLC_L1_LIGHT_10_20_S01_R05,VPLC_L1_LIGHT_10_20,SER_20260509_VPLC_L1_LIGHT_10_20_S01,vPLC_container,VPLC_HOST,399,,,2026-05-09T17:28:29.781294164Z,,,,host_log,10,20,,,,,,1,32,,technical_check,vplc_status_cycle_duration_not_validated_as_Tper,0.070,100,работает
RUN_20260509_VPLC_L1_LIGHT_10_20_S01_R05,VPLC_L1_LIGHT_10_20,SER_20260509_VPLC_L1_LIGHT_10_20_S01,vPLC_container,VPLC_HOST,400,,,2026-05-09T17:28:30.836759924Z,,,,host_log,10,20,,,,,,1,32,,technical_check,vplc_status_cycle_duration_not_validated_as_Tper,0.049,100,работает
RUN_20260509_VPLC_L1_LIGHT_10_20_S01_R05,VPLC_L1_LIGHT_10_20,SER_20260509_VPLC_L1_LIGHT_10_20_S01,vPLC_container,VPLC_HOST,401,,,2026-05-09T17:28:31.889713281Z,,,,host_log,10,20,,,,,,1,32,,technical_check,vplc_status_cycle_duration_not_validated_as_Tper,0.069,100,работает
RUN_20260509_VPLC_L1_LIGHT_10_20_S01_R05,VPLC_L1_LIGHT_10_20,SER_20260509_VPLC_L1_LIGHT_10_20_S01,vPLC_container,VPLC_HOST,402,,,2026-05-09T17:28:32.947858150Z,,,,host_log,10,20,,,,,,1,32,,technical_check,vplc_status_cycle_duration_not_validated_as_Tper,0.033,100,работает
RUN_20260509_VPLC_L1_LIGHT_10_20_S01_R05,VPLC_L1_LIGHT_10_20,SER_20260509_VPLC_L1_LIGHT_10_20_S01,vPLC_container,VPLC_HOST,403,,,2026-05-09T17:28:34.003308306Z,,,,host_log,10,20,,,,,,1,32,,technical_check,vplc_status_cycle_duration_not_validated_as_Tper,0.068,100,работает
RUN_20260509_VPLC_L1_LIGHT_10_20_S01_R05,VPLC_L1_LIGHT_10_20,SER_20260509_VPLC_L1_LIGHT_10_20_S01,vPLC_container,VPLC_HOST,404,,,2026-05-09T17:28:35.056641924Z,,,,host_log,10,20,,,,,,1,32,,technical_check,vplc_status_cycle_duration_not_validated_as_Tper,0.046,100,работает
RUN_20260509_VPLC_L1_LIGHT_10_20_S01_R05,VPLC_L1_LIGHT_10_20,SER_20260509_VPLC_L1_LIGHT_10_20_S01,vPLC_container,VPLC_HOST,405,,,2026-05-09T17:28:36.113719426Z,,,,host_log,10,20,,,,,,1,32,,technical_check,vplc_status_cycle_duration_not_validated_as_Tper,0.069,100,работает
RUN_20260509_VPLC_L1_LIGHT_10_20_S01_R05,VPLC_L1_LIGHT_10_20,SER_20260509_VPLC_L1_LIGHT_10_20_S01,vPLC_container,VPLC_HOST,406,,,2026-05-09T17:28:37.169273941Z,,,,host_log,10,20,,,,,,1,32,,technical_check,vplc_status_cycle_duration_not_validated_as_Tper,0.071,100,работает
RUN_20260509_VPLC_L1_LIGHT_10_20_S01_R05,VPLC_L1_LIGHT_10_20,SER_20260509_VPLC_L1_LIGHT_10_20_S01,vPLC_container,VPLC_HOST,407,,,2026-05-09T17:28:38.224326198Z,,,,host_log,10,20,,,,,,1,32,,technical_check,vplc_status_cycle_duration_not_validated_as_Tper,0.049,100,работает
RUN_20260509_VPLC_L1_LIGHT_10_20_S01_R05,VPLC_L1_LIGHT_10_20,SER_20260509_VPLC_L1_LIGHT_10_20_S01,vPLC_container,VPLC_HOST,408,,,2026-05-09T17:28:39.279108169Z,,,,host_log,10,20,,,,,,1,32,,technical_check,vplc_status_cycle_duration_not_validated_as_Tper,0.069,100,работает
RUN_20260509_VPLC_L1_LIGHT_10_20_S01_R05,VPLC_L1_LIGHT_10_20,SER_20260509_VPLC_L1_LIGHT_10_20_S01,vPLC_container,VPLC_HOST,409,,,2026-05-09T17:28:40.334989445Z,,,,host_log,10,20,,,,,,1,32,,technical_check,vplc_status_cycle_duration_not_validated_as_Tper,4.668,100,работает
RUN_20260509_VPLC_L1_LIGHT_10_20_S01_R05,VPLC_L1_LIGHT_10_20,SER_20260509_VPLC_L1_LIGHT_10_20_S01,vPLC_container,VPLC_HOST,410,,,2026-05-09T17:28:41.389954495Z,,,,host_log,10,20,,,,,,1,32,,technical_check,vplc_status_cycle_duration_not_validated_as_Tper,4.822,100,работает
RUN_20260509_VPLC_L1_LIGHT_10_20_S01_R05,VPLC_L1_LIGHT_10_20,SER_20260509_VPLC_L1_LIGHT_10_20_S01,vPLC_container,VPLC_HOST,411,,,2026-05-09T17:28:42.444710168Z,,,,host_log,10,20,,,,,,1,32,,technical_check,vplc_status_cycle_duration_not_validated_as_Tper,0.041,100,работает
RUN_20260509_VPLC_L1_LIGHT_10_20_S01_R05,VPLC_L1_LIGHT_10_20,SER_20260509_VPLC_L1_LIGHT_10_20_S01,vPLC_container,VPLC_HOST,412,,,2026-05-09T17:28:43.498058397Z,,,,host_log,10,20,,,,,,1,32,,technical_check,vplc_status_cycle_duration_not_validated_as_Tper,0.069,100,работает
RUN_20260509_VPLC_L1_LIGHT_10_20_S01_R05,VPLC_L1_LIGHT_10_20,SER_20260509_VPLC_L1_LIGHT_10_20_S01,vPLC_container,VPLC_HOST,413,,,2026-05-09T17:28:44.553346835Z,,,,host_log,10,20,,,,,,1,32,,technical_check,vplc_status_cycle_duration_not_validated_as_Tper,0.032,100,работает
RUN_20260509_VPLC_L1_LIGHT_10_20_S01_R05,VPLC_L1_LIGHT_10_20,SER_20260509_VPLC_L1_LIGHT_10_20_S01,vPLC_container,VPLC_HOST,414,,,2026-05-09T17:28:45.610946684Z,,,,host_log,10,20,,,,,,1,32,,technical_check,vplc_status_cycle_duration_not_validated_as_Tper,0.071,100,работает
RUN_20260509_VPLC_L1_LIGHT_10_20_S01_R05,VPLC_L1_LIGHT_10_20,SER_20260509_VPLC_L1_LIGHT_10_20_S01,vPLC_container,VPLC_HOST,415,,,2026-05-09T17:28:46.664145832Z,,,,host_log,10,20,,,,,,1,32,,technical_check,vplc_status_cycle_duration_not_validated_as_Tper,0.071,100,работает
RUN_20260509_VPLC_L1_LIGHT_10_20_S01_R05,VPLC_L1_LIGHT_10_20,SER_20260509_VPLC_L1_LIGHT_10_20_S01,vPLC_container,VPLC_HOST,416,,,2026-05-09T17:28:47.722460094Z,,,,host_log,10,20,,,,,,1,32,,technical_check,vplc_status_cycle_duration_not_validated_as_Tper,0.073,100,работает
RUN_20260509_VPLC_L1_LIGHT_10_20_S01_R05,VPLC_L1_LIGHT_10_20,SER_20260509_VPLC_L1_LIGHT_10_20_S01,vPLC_container,VPLC_HOST,417,,,2026-05-09T17:28:48.774952966Z,,,,host_log,10,20,,,,,,1,32,,technical_check,vplc_status_cycle_duration_not_validated_as_Tper,0.069,100,работает
RUN_20260509_VPLC_L1_LIGHT_10_20_S01_R05,VPLC_L1_LIGHT_10_20,SER_20260509_VPLC_L1_LIGHT_10_20_S01,vPLC_container,VPLC_HOST,418,,,2026-05-09T17:28:49.832176198Z,,,,host_log,10,20,,,,,,1,32,,technical_check,vplc_status_cycle_duration_not_validated_as_Tper,0.049,100,работает
RUN_20260509_VPLC_L1_LIGHT_10_20_S01_R05,VPLC_L1_LIGHT_10_20,SER_20260509_VPLC_L1_LIGHT_10_20_S01,vPLC_container,VPLC_HOST,419,,,2026-05-09T17:28:50.884518218Z,,,,host_log,10,20,,,,,,1,32,,technical_check,vplc_status_cycle_duration_not_validated_as_Tper,0.069,100,работает
RUN_20260509_VPLC_L1_LIGHT_10_20_S01_R05,VPLC_L1_LIGHT_10_20,SER_20260509_VPLC_L1_LIGHT_10_20_S01,vPLC_container,VPLC_HOST,420,,,2026-05-09T17:28:51.940634594Z,,,,host_log,10,20,,,,,,1,32,,technical_check,vplc_status_cycle_duration_not_validated_as_Tper,0.048,100,работает
RUN_20260509_VPLC_L1_LIGHT_10_20_S01_R05,VPLC_L1_LIGHT_10_20,SER_20260509_VPLC_L1_LIGHT_10_20_S01,vPLC_container,VPLC_HOST,421,,,2026-05-09T17:28:52.996379442Z,,,,host_log,10,20,,,,,,1,32,,technical_check,vplc_status_cycle_duration_not_validated_as_Tper,0.070,100,работает
RUN_20260509_VPLC_L1_LIGHT_10_20_S01_R05,VPLC_L1_LIGHT_10_20,SER_20260509_VPLC_L1_LIGHT_10_20_S01,vPLC_container,VPLC_HOST,422,,,2026-05-09T17:28:54.053500816Z,,,,host_log,10,20,,,,,,1,32,,technical_check,vplc_status_cycle_duration_not_validated_as_Tper,0.042,100,работает
RUN_20260509_VPLC_L1_LIGHT_10_20_S01_R05,VPLC_L1_LIGHT_10_20,SER_20260509_VPLC_L1_LIGHT_10_20_S01,vPLC_container,VPLC_HOST,423,,,2026-05-09T17:28:55.107485239Z,,,,host_log,10,20,,,,,,1,32,,technical_check,vplc_status_cycle_duration_not_validated_as_Tper,0.069,100,работает
RUN_20260509_VPLC_L1_LIGHT_10_20_S01_R05,VPLC_L1_LIGHT_10_20,SER_20260509_VPLC_L1_LIGHT_10_20_S01,vPLC_container,VPLC_HOST,424,,,2026-05-09T17:28:56.162622993Z,,,,host_log,10,20,,,,,,1,32,,technical_check,vplc_status_cycle_duration_not_validated_as_Tper,0.068,100,работает
RUN_20260509_VPLC_L1_LIGHT_10_20_S01_R05,VPLC_L1_LIGHT_10_20,SER_20260509_VPLC_L1_LIGHT_10_20_S01,vPLC_container,VPLC_HOST,425,,,2026-05-09T17:28:57.220628995Z,,,,host_log,10,20,,,,,,1,32,,technical_check,vplc_status_cycle_duration_not_validated_as_Tper,0.070,100,работает
RUN_20260509_VPLC_L1_LIGHT_10_20_S01_R05,VPLC_L1_LIGHT_10_20,SER_20260509_VPLC_L1_LIGHT_10_20_S01,vPLC_container,VPLC_HOST,426,,,2026-05-09T17:28:58.273560567Z,,,,host_log,10,20,,,,,,1,32,,technical_check,vplc_status_cycle_duration_not_validated_as_Tper,0.069,100,работает
RUN_20260509_VPLC_L1_LIGHT_10_20_S01_R05,VPLC_L1_LIGHT_10_20,SER_20260509_VPLC_L1_LIGHT_10_20_S01,vPLC_container,VPLC_HOST,427,,,2026-05-09T17:28:59.331925158Z,,,,host_log,10,20,,,,,,1,32,,technical_check,vplc_status_cycle_duration_not_validated_as_Tper,4.354,100,работает
RUN_20260509_VPLC_L1_LIGHT_10_20_S01_R05,VPLC_L1_LIGHT_10_20,SER_20260509_VPLC_L1_LIGHT_10_20_S01,vPLC_container,VPLC_HOST,428,,,2026-05-09T17:29:00.387250374Z,,,,host_log,10,20,,,,,,1,32,,technical_check,vplc_status_cycle_duration_not_validated_as_Tper,4.855,100,работает
RUN_20260509_VPLC_L1_LIGHT_10_20_S01_R05,VPLC_L1_LIGHT_10_20,SER_20260509_VPLC_L1_LIGHT_10_20_S01,vPLC_container,VPLC_HOST,429,,,2026-05-09T17:29:01.441705445Z,,,,host_log,10,20,,,,,,1,32,,technical_check,vplc_status_cycle_duration_not_validated_as_Tper,0.050,100,работает
RUN_20260509_VPLC_L1_LIGHT_10_20_S01_R05,VPLC_L1_LIGHT_10_20,SER_20260509_VPLC_L1_LIGHT_10_20_S01,vPLC_container,VPLC_HOST,430,,,2026-05-09T17:29:02.497450498Z,,,,host_log,10,20,,,,,,1,32,,technical_check,vplc_status_cycle_duration_not_validated_as_Tper,0.070,100,работает
RUN_20260509_VPLC_L1_LIGHT_10_20_S01_R05,VPLC_L1_LIGHT_10_20,SER_20260509_VPLC_L1_LIGHT_10_20_S01,vPLC_container,VPLC_HOST,431,,,2026-05-09T17:29:03.552757804Z,,,,host_log,10,20,,,,,,1,32,,technical_check,vplc_status_cycle_duration_not_validated_as_Tper,0.027,100,работает
RUN_20260509_VPLC_L1_LIGHT_10_20_S01_R05,VPLC_L1_LIGHT_10_20,SER_20260509_VPLC_L1_LIGHT_10_20_S01,vPLC_container,VPLC_HOST,432,,,2026-05-09T17:29:04.608281585Z,,,,host_log,10,20,,,,,,1,32,,technical_check,vplc_status_cycle_duration_not_validated_as_Tper,0.072,100,работает
RUN_20260509_VPLC_L1_LIGHT_10_20_S01_R05,VPLC_L1_LIGHT_10_20,SER_20260509_VPLC_L1_LIGHT_10_20_S01,vPLC_container,VPLC_HOST,433,,,2026-05-09T17:29:05.661768464Z,,,,host_log,10,20,,,,,,1,32,,technical_check,vplc_status_cycle_duration_not_validated_as_Tper,0.070,100,работает
RUN_20260509_VPLC_L1_LIGHT_10_20_S01_R05,VPLC_L1_LIGHT_10_20,SER_20260509_VPLC_L1_LIGHT_10_20_S01,vPLC_container,VPLC_HOST,434,,,2026-05-09T17:29:06.717267479Z,,,,host_log,10,20,,,,,,1,32,,technical_check,vplc_status_cycle_duration_not_validated_as_Tper,0.070,100,работает
RUN_20260509_VPLC_L1_LIGHT_10_20_S01_R05,VPLC_L1_LIGHT_10_20,SER_20260509_VPLC_L1_LIGHT_10_20_S01,vPLC_container,VPLC_HOST,435,,,2026-05-09T17:29:07.775958336Z,,,,host_log,10,20,,,,,,1,32,,technical_check,vplc_status_cycle_duration_not_validated_as_Tper,0.070,100,работает
RUN_20260509_VPLC_L1_LIGHT_10_20_S01_R05,VPLC_L1_LIGHT_10_20,SER_20260509_VPLC_L1_LIGHT_10_20_S01,vPLC_container,VPLC_HOST,436,,,2026-05-09T17:29:08.830140533Z,,,,host_log,10,20,,,,,,1,32,,technical_check,vplc_status_cycle_duration_not_validated_as_Tper,0.048,100,работает
RUN_20260509_VPLC_L1_LIGHT_10_20_S01_R05,VPLC_L1_LIGHT_10_20,SER_20260509_VPLC_L1_LIGHT_10_20_S01,vPLC_container,VPLC_HOST,437,,,2026-05-09T17:29:09.885655687Z,,,,host_log,10,20,,,,,,1,32,,technical_check,vplc_status_cycle_duration_not_validated_as_Tper,0.069,100,работает
RUN_20260509_VPLC_L1_LIGHT_10_20_S01_R05,VPLC_L1_LIGHT_10_20,SER_20260509_VPLC_L1_LIGHT_10_20_S01,vPLC_container,VPLC_HOST,438,,,2026-05-09T17:29:10.940976541Z,,,,host_log,10,20,,,,,,1,32,,technical_check,vplc_status_cycle_duration_not_validated_as_Tper,0.044,100,работает
RUN_20260509_VPLC_L1_LIGHT_10_20_S01_R05,VPLC_L1_LIGHT_10_20,SER_20260509_VPLC_L1_LIGHT_10_20_S01,vPLC_container,VPLC_HOST,439,,,2026-05-09T17:29:11.995860785Z,,,,host_log,10,20,,,,,,1,32,,technical_check,vplc_status_cycle_duration_not_validated_as_Tper,0.069,100,работает
RUN_20260509_VPLC_L1_LIGHT_10_20_S01_R05,VPLC_L1_LIGHT_10_20,SER_20260509_VPLC_L1_LIGHT_10_20_S01,vPLC_container,VPLC_HOST,440,,,2026-05-09T17:29:13.048187600Z,,,,host_log,10,20,,,,,,1,32,,technical_check,vplc_status_cycle_duration_not_validated_as_Tper,0.033,100,работает
RUN_20260509_VPLC_L1_LIGHT_10_20_S01_R05,VPLC_L1_LIGHT_10_20,SER_20260509_VPLC_L1_LIGHT_10_20_S01,vPLC_container,VPLC_HOST,441,,,2026-05-09T17:29:14.104290969Z,,,,host_log,10,20,,,,,,1,32,,technical_check,vplc_status_cycle_duration_not_validated_as_Tper,0.069,100,работает
RUN_20260509_VPLC_L1_LIGHT_10_20_S01_R05,VPLC_L1_LIGHT_10_20,SER_20260509_VPLC_L1_LIGHT_10_20_S01,vPLC_container,VPLC_HOST,442,,,2026-05-09T17:29:15.160232834Z,,,,host_log,10,20,,,,,,1,32,,technical_check,vplc_status_cycle_duration_not_validated_as_Tper,0.062,100,работает
RUN_20260509_VPLC_L1_LIGHT_10_20_S01_R05,VPLC_L1_LIGHT_10_20,SER_20260509_VPLC_L1_LIGHT_10_20_S01,vPLC_container,VPLC_HOST,443,,,2026-05-09T17:29:16.215828699Z,,,,host_log,10,20,,,,,,1,32,,technical_check,vplc_status_cycle_duration_not_validated_as_Tper,0.069,100,работает
RUN_20260509_VPLC_L1_LIGHT_10_20_S01_R05,VPLC_L1_LIGHT_10_20,SER_20260509_VPLC_L1_LIGHT_10_20_S01,vPLC_container,VPLC_HOST,444,,,2026-05-09T17:29:17.271597102Z,,,,host_log,10,20,,,,,,1,32,,technical_check,vplc_status_cycle_duration_not_validated_as_Tper,0.070,100,работает
RUN_20260509_VPLC_L1_LIGHT_10_20_S01_R05,VPLC_L1_LIGHT_10_20,SER_20260509_VPLC_L1_LIGHT_10_20_S01,vPLC_container,VPLC_HOST,445,,,2026-05-09T17:29:18.328518375Z,,,,host_log,10,20,,,,,,1,32,,technical_check,vplc_status_cycle_duration_not_validated_as_Tper,4.572,100,работает
RUN_20260509_VPLC_L1_LIGHT_10_20_S01_R05,VPLC_L1_LIGHT_10_20,SER_20260509_VPLC_L1_LIGHT_10_20_S01,vPLC_container,VPLC_HOST,446,,,2026-05-09T17:29:19.383375601Z,,,,host_log,10,20,,,,,,1,32,,technical_check,vplc_status_cycle_duration_not_validated_as_Tper,4.784,100,работает
RUN_20260509_VPLC_L1_LIGHT_10_20_S01_R05,VPLC_L1_LIGHT_10_20,SER_20260509_VPLC_L1_LIGHT_10_20_S01,vPLC_container,VPLC_HOST,447,,,2026-05-09T17:29:20.437893718Z,,,,host_log,10,20,,,,,,1,32,,technical_check,vplc_status_cycle_duration_not_validated_as_Tper,0.050,100,работает
RUN_20260509_VPLC_L1_LIGHT_10_20_S01_R05,VPLC_L1_LIGHT_10_20,SER_20260509_VPLC_L1_LIGHT_10_20_S01,vPLC_container,VPLC_HOST,448,,,2026-05-09T17:29:21.490830569Z,,,,host_log,10,20,,,,,,1,32,,technical_check,vplc_status_cycle_duration_not_validated_as_Tper,0.070,100,работает
RUN_20260509_VPLC_L1_LIGHT_10_20_S01_R05,VPLC_L1_LIGHT_10_20,SER_20260509_VPLC_L1_LIGHT_10_20_S01,vPLC_container,VPLC_HOST,449,,,2026-05-09T17:29:22.549476264Z,,,,host_log,10,20,,,,,,1,32,,technical_check,vplc_status_cycle_duration_not_validated_as_Tper,0.031,100,работает
RUN_20260509_VPLC_L1_LIGHT_10_20_S01_R05,VPLC_L1_LIGHT_10_20,SER_20260509_VPLC_L1_LIGHT_10_20_S01,vPLC_container,VPLC_HOST,450,,,2026-05-09T17:29:23.605293813Z,,,,host_log,10,20,,,,,,1,32,,technical_check,vplc_status_cycle_duration_not_validated_as_Tper,0.073,100,работает
RUN_20260509_VPLC_L1_LIGHT_10_20_S01_R05,VPLC_L1_LIGHT_10_20,SER_20260509_VPLC_L1_LIGHT_10_20_S01,vPLC_container,VPLC_HOST,451,,,2026-05-09T17:29:24.660887237Z,,,,host_log,10,20,,,,,,1,32,,technical_check,vplc_status_cycle_duration_not_validated_as_Tper,0.070,100,работает
RUN_20260509_VPLC_L1_LIGHT_10_20_S01_R05,VPLC_L1_LIGHT_10_20,SER_20260509_VPLC_L1_LIGHT_10_20_S01,vPLC_container,VPLC_HOST,452,,,2026-05-09T17:29:25.713308315Z,,,,host_log,10,20,,,,,,1,32,,technical_check,vplc_status_cycle_duration_not_validated_as_Tper,0.068,100,работает
RUN_20260509_VPLC_L1_LIGHT_10_20_S01_R05,VPLC_L1_LIGHT_10_20,SER_20260509_VPLC_L1_LIGHT_10_20_S01,vPLC_container,VPLC_HOST,453,,,2026-05-09T17:29:26.769868594Z,,,,host_log,10,20,,,,,,1,32,,technical_check,vplc_status_cycle_duration_not_validated_as_Tper,0.067,100,работает
RUN_20260509_VPLC_L1_LIGHT_10_20_S01_R05,VPLC_L1_LIGHT_10_20,SER_20260509_VPLC_L1_LIGHT_10_20_S01,vPLC_container,VPLC_HOST,454,,,2026-05-09T17:29:27.827023145Z,,,,host_log,10,20,,,,,,1,32,,technical_check,vplc_status_cycle_duration_not_validated_as_Tper,0.048,100,работает
RUN_20260509_VPLC_L1_LIGHT_10_20_S01_R05,VPLC_L1_LIGHT_10_20,SER_20260509_VPLC_L1_LIGHT_10_20_S01,vPLC_container,VPLC_HOST,455,,,2026-05-09T17:29:28.880682466Z,,,,host_log,10,20,,,,,,1,32,,technical_check,vplc_status_cycle_duration_not_validated_as_Tper,0.070,100,работает
RUN_20260509_VPLC_L1_LIGHT_10_20_S01_R05,VPLC_L1_LIGHT_10_20,SER_20260509_VPLC_L1_LIGHT_10_20_S01,vPLC_container,VPLC_HOST,456,,,2026-05-09T17:29:29.935791346Z,,,,host_log,10,20,,,,,,1,32,,technical_check,vplc_status_cycle_duration_not_validated_as_Tper,0.050,100,работает
RUN_20260509_VPLC_L1_LIGHT_10_20_S01_R05,VPLC_L1_LIGHT_10_20,SER_20260509_VPLC_L1_LIGHT_10_20_S01,vPLC_container,VPLC_HOST,457,,,2026-05-09T17:29:30.990816861Z,,,,host_log,10,20,,,,,,1,32,,technical_check,vplc_status_cycle_duration_not_validated_as_Tper,0.071,100,работает
RUN_20260509_VPLC_L1_LIGHT_10_20_S01_R05,VPLC_L1_LIGHT_10_20,SER_20260509_VPLC_L1_LIGHT_10_20_S01,vPLC_container,VPLC_HOST,458,,,2026-05-09T17:29:32.045501305Z,,,,host_log,10,20,,,,,,1,32,,technical_check,vplc_status_cycle_duration_not_validated_as_Tper,0.043,100,работает
RUN_20260509_VPLC_L1_LIGHT_10_20_S01_R05,VPLC_L1_LIGHT_10_20,SER_20260509_VPLC_L1_LIGHT_10_20_S01,vPLC_container,VPLC_HOST,459,,,2026-05-09T17:29:33.099152652Z,,,,host_log,10,20,,,,,,1,32,,technical_check,vplc_status_cycle_duration_not_validated_as_Tper,0.069,100,работает
RUN_20260509_VPLC_L1_LIGHT_10_20_S01_R05,VPLC_L1_LIGHT_10_20,SER_20260509_VPLC_L1_LIGHT_10_20_S01,vPLC_container,VPLC_HOST,460,,,2026-05-09T17:29:34.156903141Z,,,,host_log,10,20,,,,,,1,32,,technical_check,vplc_status_cycle_duration_not_validated_as_Tper,0.046,100,работает
RUN_20260509_VPLC_L1_LIGHT_10_20_S01_R05,VPLC_L1_LIGHT_10_20,SER_20260509_VPLC_L1_LIGHT_10_20_S01,vPLC_container,VPLC_HOST,461,,,2026-05-09T17:29:35.210926552Z,,,,host_log,10,20,,,,,,1,32,,technical_check,vplc_status_cycle_duration_not_validated_as_Tper,0.069,100,работает
RUN_20260509_VPLC_L1_LIGHT_10_20_S01_R05,VPLC_L1_LIGHT_10_20,SER_20260509_VPLC_L1_LIGHT_10_20_S01,vPLC_container,VPLC_HOST,462,,,2026-05-09T17:29:36.268310817Z,,,,host_log,10,20,,,,,,1,32,,technical_check,vplc_status_cycle_duration_not_validated_as_Tper,0.070,100,работает
RUN_20260509_VPLC_L1_LIGHT_10_20_S01_R05,VPLC_L1_LIGHT_10_20,SER_20260509_VPLC_L1_LIGHT_10_20_S01,vPLC_container,VPLC_HOST,463,,,2026-05-09T17:29:37.321901132Z,,,,host_log,10,20,,,,,,1,32,,technical_check,vplc_status_cycle_duration_not_validated_as_Tper,0.067,100,работает
RUN_20260509_VPLC_L1_LIGHT_10_20_S01_R05,VPLC_L1_LIGHT_10_20,SER_20260509_VPLC_L1_LIGHT_10_20_S01,vPLC_container,VPLC_HOST,464,,,2026-05-09T17:29:38.374540008Z,,,,host_log,10,20,,,,,,1,32,,technical_check,vplc_status_cycle_duration_not_validated_as_Tper,4.724,100,работает
RUN_20260509_VPLC_L1_LIGHT_10_20_S01_R05,VPLC_L1_LIGHT_10_20,SER_20260509_VPLC_L1_LIGHT_10_20_S01,vPLC_container,VPLC_HOST,465,,,2026-05-09T17:29:39.429888445Z,,,,host_log,10,20,,,,,,1,32,,technical_check,vplc_status_cycle_duration_not_validated_as_Tper,0.070,100,работает
RUN_20260509_VPLC_L1_LIGHT_10_20_S01_R05,VPLC_L1_LIGHT_10_20,SER_20260509_VPLC_L1_LIGHT_10_20_S01,vPLC_container,VPLC_HOST,466,,,2026-05-09T17:29:40.489521869Z,,,,host_log,10,20,,,,,,1,32,,technical_check,vplc_status_cycle_duration_not_validated_as_Tper,0.071,100,работает
RUN_20260509_VPLC_L1_LIGHT_10_20_S01_R05,VPLC_L1_LIGHT_10_20,SER_20260509_VPLC_L1_LIGHT_10_20_S01,vPLC_container,VPLC_HOST,467,,,2026-05-09T17:29:41.543502090Z,,,,host_log,10,20,,,,,,1,32,,technical_check,vplc_status_cycle_duration_not_validated_as_Tper,0.041,100,работает
RUN_20260509_VPLC_L1_LIGHT_10_20_S01_R05,VPLC_L1_LIGHT_10_20,SER_20260509_VPLC_L1_LIGHT_10_20_S01,vPLC_container,VPLC_HOST,468,,,2026-05-09T17:29:42.599658788Z,,,,host_log,10,20,,,,,,1,32,,technical_check,vplc_status_cycle_duration_not_validated_as_Tper,0.070,100,работает
RUN_20260509_VPLC_L1_LIGHT_10_20_S01_R05,VPLC_L1_LIGHT_10_20,SER_20260509_VPLC_L1_LIGHT_10_20_S01,vPLC_container,VPLC_HOST,469,,,2026-05-09T17:29:43.654939051Z,,,,host_log,10,20,,,,,,1,32,,technical_check,vplc_status_cycle_duration_not_validated_as_Tper,0.040,100,работает
RUN_20260509_VPLC_L1_LIGHT_10_20_S01_R05,VPLC_L1_LIGHT_10_20,SER_20260509_VPLC_L1_LIGHT_10_20_S01,vPLC_container,VPLC_HOST,470,,,2026-05-09T17:29:44.705363997Z,,,,host_log,10,20,,,,,,1,32,,technical_check,vplc_status_cycle_duration_not_validated_as_Tper,0.069,100,работает
RUN_20260509_VPLC_L1_LIGHT_10_20_S01_R05,VPLC_L1_LIGHT_10_20,SER_20260509_VPLC_L1_LIGHT_10_20_S01,vPLC_container,VPLC_HOST,471,,,2026-05-09T17:29:45.764778808Z,,,,host_log,10,20,,,,,,1,32,,technical_check,vplc_status_cycle_duration_not_validated_as_Tper,0.068,100,работает
RUN_20260509_VPLC_L1_LIGHT_10_20_S01_R05,VPLC_L1_LIGHT_10_20,SER_20260509_VPLC_L1_LIGHT_10_20_S01,vPLC_container,VPLC_HOST,472,,,2026-05-09T17:29:46.821844565Z,,,,host_log,10,20,,,,,,1,32,,technical_check,vplc_status_cycle_duration_not_validated_as_Tper,0.067,100,работает
RUN_20260509_VPLC_L1_LIGHT_10_20_S01_R05,VPLC_L1_LIGHT_10_20,SER_20260509_VPLC_L1_LIGHT_10_20_S01,vPLC_container,VPLC_HOST,473,,,2026-05-09T17:29:47.873353721Z,,,,host_log,10,20,,,,,,1,32,,technical_check,vplc_status_cycle_duration_not_validated_as_Tper,0.070,100,работает
RUN_20260509_VPLC_L1_LIGHT_10_20_S01_R05,VPLC_L1_LIGHT_10_20,SER_20260509_VPLC_L1_LIGHT_10_20_S01,vPLC_container,VPLC_HOST,474,,,2026-05-09T17:29:48.931712077Z,,,,host_log,10,20,,,,,,1,32,,technical_check,vplc_status_cycle_duration_not_validated_as_Tper,0.048,100,работает
RUN_20260509_VPLC_L1_LIGHT_10_20_S01_R05,VPLC_L1_LIGHT_10_20,SER_20260509_VPLC_L1_LIGHT_10_20_S01,vPLC_container,VPLC_HOST,475,,,2026-05-09T17:29:49.983475855Z,,,,host_log,10,20,,,,,,1,32,,technical_check,vplc_status_cycle_duration_not_validated_as_Tper,0.070,100,работает
RUN_20260509_VPLC_L1_LIGHT_10_20_S01_R05,VPLC_L1_LIGHT_10_20,SER_20260509_VPLC_L1_LIGHT_10_20_S01,vPLC_container,VPLC_HOST,476,,,2026-05-09T17:29:51.040433777Z,,,,host_log,10,20,,,,,,1,32,,technical_check,vplc_status_cycle_duration_not_validated_as_Tper,0.049,100,работает
RUN_20260509_VPLC_L1_LIGHT_10_20_S01_R05,VPLC_L1_LIGHT_10_20,SER_20260509_VPLC_L1_LIGHT_10_20_S01,vPLC_container,VPLC_HOST,477,,,2026-05-09T17:29:52.096118972Z,,,,host_log,10,20,,,,,,1,32,,technical_check,vplc_status_cycle_duration_not_validated_as_Tper,0.069,100,работает
RUN_20260509_VPLC_L1_LIGHT_10_20_S01_R05,VPLC_L1_LIGHT_10_20,SER_20260509_VPLC_L1_LIGHT_10_20_S01,vPLC_container,VPLC_HOST,478,,,2026-05-09T17:29:53.151391683Z,,,,host_log,10,20,,,,,,1,32,,technical_check,vplc_status_cycle_duration_not_validated_as_Tper,0.028,100,работает
RUN_20260509_VPLC_L1_LIGHT_10_20_S01_R05,VPLC_L1_LIGHT_10_20,SER_20260509_VPLC_L1_LIGHT_10_20_S01,vPLC_container,VPLC_HOST,479,,,2026-05-09T17:29:54.207203128Z,,,,host_log,10,20,,,,,,1,32,,technical_check,vplc_status_cycle_duration_not_validated_as_Tper,0.070,100,работает
RUN_20260509_VPLC_L1_LIGHT_10_20_S01_R05,VPLC_L1_LIGHT_10_20,SER_20260509_VPLC_L1_LIGHT_10_20_S01,vPLC_container,VPLC_HOST,480,,,2026-05-09T17:29:55.262359683Z,,,,host_log,10,20,,,,,,1,32,,technical_check,vplc_status_cycle_duration_not_validated_as_Tper,0.069,100,работает
RUN_20260509_VPLC_L1_LIGHT_10_20_S01_R05,VPLC_L1_LIGHT_10_20,SER_20260509_VPLC_L1_LIGHT_10_20_S01,vPLC_container,VPLC_HOST,481,,,2026-05-09T17:29:56.315643649Z,,,,host_log,10,20,,,,,,1,32,,technical_check,vplc_status_cycle_duration_not_validated_as_Tper,0.070,100,работает
RUN_20260509_VPLC_L1_LIGHT_10_20_S01_R05,VPLC_L1_LIGHT_10_20,SER_20260509_VPLC_L1_LIGHT_10_20_S01,vPLC_container,VPLC_HOST,482,,,2026-05-09T17:29:57.371043088Z,,,,host_log,10,20,,,,,,1,32,,technical_check,vplc_status_cycle_duration_not_validated_as_Tper,4.510,100,работает
RUN_20260509_VPLC_L1_LIGHT_10_20_S01_R05,VPLC_L1_LIGHT_10_20,SER_20260509_VPLC_L1_LIGHT_10_20_S01,vPLC_container,VPLC_HOST,483,,,2026-05-09T17:29:58.428195020Z,,,,host_log,10,20,,,,,,1,32,,technical_check,vplc_status_cycle_duration_not_validated_as_Tper,0.049,100,работает
RUN_20260509_VPLC_L1_LIGHT_10_20_S01_R05,VPLC_L1_LIGHT_10_20,SER_20260509_VPLC_L1_LIGHT_10_20_S01,vPLC_container,VPLC_HOST,484,,,2026-05-09T17:29:59.481084291Z,,,,host_log,10,20,,,,,,1,32,,technical_check,vplc_status_cycle_duration_not_validated_as_Tper,0.070,100,работает
RUN_20260509_VPLC_L1_LIGHT_10_20_S01_R05,VPLC_L1_LIGHT_10_20,SER_20260509_VPLC_L1_LIGHT_10_20_S01,vPLC_container,VPLC_HOST,485,,,2026-05-09T17:30:00.538758038Z,,,,host_log,10,20,,,,,,1,32,,technical_check,vplc_status_cycle_duration_not_validated_as_Tper,0.051,100,работает
RUN_20260509_VPLC_L1_LIGHT_10_20_S01_R05,VPLC_L1_LIGHT_10_20,SER_20260509_VPLC_L1_LIGHT_10_20_S01,vPLC_container,VPLC_HOST,486,,,2026-05-09T17:30:01.592037986Z,,,,host_log,10,20,,,,,,1,32,,technical_check,vplc_status_cycle_duration_not_validated_as_Tper,0.069,100,работает
RUN_20260509_VPLC_L1_LIGHT_10_20_S01_R05,VPLC_L1_LIGHT_10_20,SER_20260509_VPLC_L1_LIGHT_10_20_S01,vPLC_container,VPLC_HOST,487,,,2026-05-09T17:30:02.649624392Z,,,,host_log,10,20,,,,,,1,32,,technical_check,vplc_status_cycle_duration_not_validated_as_Tper,0.033,100,работает
RUN_20260509_VPLC_L1_LIGHT_10_20_S01_R05,VPLC_L1_LIGHT_10_20,SER_20260509_VPLC_L1_LIGHT_10_20_S01,vPLC_container,VPLC_HOST,488,,,2026-05-09T17:30:03.705096661Z,,,,host_log,10,20,,,,,,1,32,,technical_check,vplc_status_cycle_duration_not_validated_as_Tper,0.069,100,работает
RUN_20260509_VPLC_L1_LIGHT_10_20_S01_R05,VPLC_L1_LIGHT_10_20,SER_20260509_VPLC_L1_LIGHT_10_20_S01,vPLC_container,VPLC_HOST,489,,,2026-05-09T17:30:04.760369891Z,,,,host_log,10,20,,,,,,1,32,,technical_check,vplc_status_cycle_duration_not_validated_as_Tper,0.066,100,работает
RUN_20260509_VPLC_L1_LIGHT_10_20_S01_R05,VPLC_L1_LIGHT_10_20,SER_20260509_VPLC_L1_LIGHT_10_20_S01,vPLC_container,VPLC_HOST,490,,,2026-05-09T17:30:05.816595611Z,,,,host_log,10,20,,,,,,1,32,,technical_check,vplc_status_cycle_duration_not_validated_as_Tper,0.070,100,работает
RUN_20260509_VPLC_L1_LIGHT_10_20_S01_R05,VPLC_L1_LIGHT_10_20,SER_20260509_VPLC_L1_LIGHT_10_20_S01,vPLC_container,VPLC_HOST,491,,,2026-05-09T17:30:06.871762806Z,,,,host_log,10,20,,,,,,1,32,,technical_check,vplc_status_cycle_duration_not_validated_as_Tper,0.067,100,работает
RUN_20260509_VPLC_L1_LIGHT_10_20_S01_R05,VPLC_L1_LIGHT_10_20,SER_20260509_VPLC_L1_LIGHT_10_20_S01,vPLC_container,VPLC_HOST,492,,,2026-05-09T17:30:07.927564947Z,,,,host_log,10,20,,,,,,1,32,,technical_check,vplc_status_cycle_duration_not_validated_as_Tper,0.068,100,работает
RUN_20260509_VPLC_L1_LIGHT_10_20_S01_R05,VPLC_L1_LIGHT_10_20,SER_20260509_VPLC_L1_LIGHT_10_20_S01,vPLC_container,VPLC_HOST,493,,,2026-05-09T17:30:08.983131132Z,,,,host_log,10,20,,,,,,1,32,,technical_check,vplc_status_cycle_duration_not_validated_as_Tper,0.069,100,работает
RUN_20260509_VPLC_L1_LIGHT_10_20_S01_R05,VPLC_L1_LIGHT_10_20,SER_20260509_VPLC_L1_LIGHT_10_20_S01,vPLC_container,VPLC_HOST,494,,,2026-05-09T17:30:10.033525032Z,,,,host_log,10,20,,,,,,1,32,,technical_check,vplc_status_cycle_duration_not_validated_as_Tper,0.048,100,работает
RUN_20260509_VPLC_L1_LIGHT_10_20_S01_R05,VPLC_L1_LIGHT_10_20,SER_20260509_VPLC_L1_LIGHT_10_20_S01,vPLC_container,VPLC_HOST,495,,,2026-05-09T17:30:11.092769259Z,,,,host_log,10,20,,,,,,1,32,,technical_check,vplc_status_cycle_duration_not_validated_as_Tper,0.070,100,работает
RUN_20260509_VPLC_L1_LIGHT_10_20_S01_R05,VPLC_L1_LIGHT_10_20,SER_20260509_VPLC_L1_LIGHT_10_20_S01,vPLC_container,VPLC_HOST,496,,,2026-05-09T17:30:12.145276865Z,,,,host_log,10,20,,,,,,1,32,,technical_check,vplc_status_cycle_duration_not_validated_as_Tper,0.049,100,работает
RUN_20260509_VPLC_L1_LIGHT_10_20_S01_R05,VPLC_L1_LIGHT_10_20,SER_20260509_VPLC_L1_LIGHT_10_20_S01,vPLC_container,VPLC_HOST,497,,,2026-05-09T17:30:13.203888112Z,,,,host_log,10,20,,,,,,1,32,,technical_check,vplc_status_cycle_duration_not_validated_as_Tper,0.068,100,работает
RUN_20260509_VPLC_L1_LIGHT_10_20_S01_R05,VPLC_L1_LIGHT_10_20,SER_20260509_VPLC_L1_LIGHT_10_20_S01,vPLC_container,VPLC_HOST,498,,,2026-05-09T17:30:14.256721732Z,,,,host_log,10,20,,,,,,1,32,,technical_check,vplc_status_cycle_duration_not_validated_as_Tper,0.049,100,работает
RUN_20260509_VPLC_L1_LIGHT_10_20_S01_R05,VPLC_L1_LIGHT_10_20,SER_20260509_VPLC_L1_LIGHT_10_20_S01,vPLC_container,VPLC_HOST,499,,,2026-05-09T17:30:15.314721706Z,,,,host_log,10,20,,,,,,1,32,,technical_check,vplc_status_cycle_duration_not_validated_as_Tper,0.070,100,работает
RUN_20260509_VPLC_L1_LIGHT_10_20_S01_R05,VPLC_L1_LIGHT_10_20,SER_20260509_VPLC_L1_LIGHT_10_20_S01,vPLC_container,VPLC_HOST,500,,,2026-05-09T17:30:16.369776474Z,,,,host_log,10,20,,,,,,1,32,,technical_check,vplc_status_cycle_duration_not_validated_as_Tper,4.232,100,работает
RUN_20260509_VPLC_L1_LIGHT_10_20_S01_R05,VPLC_L1_LIGHT_10_20,SER_20260509_VPLC_L1_LIGHT_10_20_S01,vPLC_container,VPLC_HOST,501,,,2026-05-09T17:30:17.424155411Z,,,,host_log,10,20,,,,,,1,32,,technical_check,vplc_status_cycle_duration_not_validated_as_Tper,0.049,100,работает
RUN_20260509_VPLC_L1_LIGHT_10_20_S01_R05,VPLC_L1_LIGHT_10_20,SER_20260509_VPLC_L1_LIGHT_10_20_S01,vPLC_container,VPLC_HOST,502,,,2026-05-09T17:30:18.477122820Z,,,,host_log,10,20,,,,,,1,32,,technical_check,vplc_status_cycle_duration_not_validated_as_Tper,0.071,100,работает
RUN_20260509_VPLC_L1_LIGHT_10_20_S01_R05,VPLC_L1_LIGHT_10_20,SER_20260509_VPLC_L1_LIGHT_10_20_S01,vPLC_container,VPLC_HOST,503,,,2026-05-09T17:30:19.535629778Z,,,,host_log,10,20,,,,,,1,32,,technical_check,vplc_status_cycle_duration_not_validated_as_Tper,0.048,100,работает
RUN_20260509_VPLC_L1_LIGHT_10_20_S01_R05,VPLC_L1_LIGHT_10_20,SER_20260509_VPLC_L1_LIGHT_10_20_S01,vPLC_container,VPLC_HOST,504,,,2026-05-09T17:30:20.589552319Z,,,,host_log,10,20,,,,,,1,32,,technical_check,vplc_status_cycle_duration_not_validated_as_Tper,0.069,100,работает
RUN_20260509_VPLC_L1_LIGHT_10_20_S01_R05,VPLC_L1_LIGHT_10_20,SER_20260509_VPLC_L1_LIGHT_10_20_S01,vPLC_container,VPLC_HOST,505,,,2026-05-09T17:30:21.646780756Z,,,,host_log,10,20,,,,,,1,32,,technical_check,vplc_status_cycle_duration_not_validated_as_Tper,0.038,100,работает
RUN_20260509_VPLC_L1_LIGHT_10_20_S01_R05,VPLC_L1_LIGHT_10_20,SER_20260509_VPLC_L1_LIGHT_10_20_S01,vPLC_container,VPLC_HOST,506,,,2026-05-09T17:30:22.702028063Z,,,,host_log,10,20,,,,,,1,32,,technical_check,vplc_status_cycle_duration_not_validated_as_Tper,0.069,100,работает
RUN_20260509_VPLC_L1_LIGHT_10_20_S01_R05,VPLC_L1_LIGHT_10_20,SER_20260509_VPLC_L1_LIGHT_10_20_S01,vPLC_container,VPLC_HOST,507,,,2026-05-09T17:30:23.756824297Z,,,,host_log,10,20,,,,,,1,32,,technical_check,vplc_status_cycle_duration_not_validated_as_Tper,0.046,100,работает
RUN_20260509_VPLC_L1_LIGHT_10_20_S01_R05,VPLC_L1_LIGHT_10_20,SER_20260509_VPLC_L1_LIGHT_10_20_S01,vPLC_container,VPLC_HOST,508,,,2026-05-09T17:30:24.811378028Z,,,,host_log,10,20,,,,,,1,32,,technical_check,vplc_status_cycle_duration_not_validated_as_Tper,0.070,100,работает
RUN_20260509_VPLC_L1_LIGHT_10_20_S01_R05,VPLC_L1_LIGHT_10_20,SER_20260509_VPLC_L1_LIGHT_10_20_S01,vPLC_container,VPLC_HOST,509,,,2026-05-09T17:30:25.864550055Z,,,,host_log,10,20,,,,,,1,32,,technical_check,vplc_status_cycle_duration_not_validated_as_Tper,0.069,100,работает
RUN_20260509_VPLC_L1_LIGHT_10_20_S01_R05,VPLC_L1_LIGHT_10_20,SER_20260509_VPLC_L1_LIGHT_10_20_S01,vPLC_container,VPLC_HOST,510,,,2026-05-09T17:30:26.922839975Z,,,,host_log,10,20,,,,,,1,32,,technical_check,vplc_status_cycle_duration_not_validated_as_Tper,0.066,100,работает
RUN_20260509_VPLC_L1_LIGHT_10_20_S01_R05,VPLC_L1_LIGHT_10_20,SER_20260509_VPLC_L1_LIGHT_10_20_S01,vPLC_container,VPLC_HOST,511,,,2026-05-09T17:30:27.978711400Z,,,,host_log,10,20,,,,,,1,32,,technical_check,vplc_status_cycle_duration_not_validated_as_Tper,0.069,100,работает
RUN_20260509_VPLC_L1_LIGHT_10_20_S01_R05,VPLC_L1_LIGHT_10_20,SER_20260509_VPLC_L1_LIGHT_10_20_S01,vPLC_container,VPLC_HOST,512,,,2026-05-09T17:30:29.033697301Z,,,,host_log,10,20,,,,,,1,32,,technical_check,vplc_status_cycle_duration_not_validated_as_Tper,0.049,100,работает
RUN_20260509_VPLC_L1_LIGHT_10_20_S01_R05,VPLC_L1_LIGHT_10_20,SER_20260509_VPLC_L1_LIGHT_10_20_S01,vPLC_container,VPLC_HOST,513,,,2026-05-09T17:30:30.088775696Z,,,,host_log,10,20,,,,,,1,32,,technical_check,vplc_status_cycle_duration_not_validated_as_Tper,0.070,100,работает
RUN_20260509_VPLC_L1_LIGHT_10_20_S01_R05,VPLC_L1_LIGHT_10_20,SER_20260509_VPLC_L1_LIGHT_10_20_S01,vPLC_container,VPLC_HOST,514,,,2026-05-09T17:30:31.143179428Z,,,,host_log,10,20,,,,,,1,32,,technical_check,vplc_status_cycle_duration_not_validated_as_Tper,0.050,100,работает
RUN_20260509_VPLC_L1_LIGHT_10_20_S01_R05,VPLC_L1_LIGHT_10_20,SER_20260509_VPLC_L1_LIGHT_10_20_S01,vPLC_container,VPLC_HOST,515,,,2026-05-09T17:30:32.197655931Z,,,,host_log,10,20,,,,,,1,32,,technical_check,vplc_status_cycle_duration_not_validated_as_Tper,0.070,100,работает
RUN_20260509_VPLC_L1_LIGHT_10_20_S01_R05,VPLC_L1_LIGHT_10_20,SER_20260509_VPLC_L1_LIGHT_10_20_S01,vPLC_container,VPLC_HOST,516,,,2026-05-09T17:30:33.253497885Z,,,,host_log,10,20,,,,,,1,32,,technical_check,vplc_status_cycle_duration_not_validated_as_Tper,0.038,100,работает
RUN_20260509_VPLC_L1_LIGHT_10_20_S01_R05,VPLC_L1_LIGHT_10_20,SER_20260509_VPLC_L1_LIGHT_10_20_S01,vPLC_container,VPLC_HOST,517,,,2026-05-09T17:30:34.309013055Z,,,,host_log,10,20,,,,,,1,32,,technical_check,vplc_status_cycle_duration_not_validated_as_Tper,0.071,100,работает
RUN_20260509_VPLC_L1_LIGHT_10_20_S01_R05,VPLC_L1_LIGHT_10_20,SER_20260509_VPLC_L1_LIGHT_10_20_S01,vPLC_container,VPLC_HOST,518,,,2026-05-09T17:30:35.364019628Z,,,,host_log,10,20,,,,,,1,32,,technical_check,vplc_status_cycle_duration_not_validated_as_Tper,4.621,100,работает
RUN_20260509_VPLC_L1_LIGHT_10_20_S01_R05,VPLC_L1_LIGHT_10_20,SER_20260509_VPLC_L1_LIGHT_10_20_S01,vPLC_container,VPLC_HOST,519,,,2026-05-09T17:30:36.420410429Z,,,,host_log,10,20,,,,,,1,32,,technical_check,vplc_status_cycle_duration_not_validated_as_Tper,4.504,100,работает
RUN_20260509_VPLC_L1_LIGHT_10_20_S01_R05,VPLC_L1_LIGHT_10_20,SER_20260509_VPLC_L1_LIGHT_10_20_S01,vPLC_container,VPLC_HOST,520,,,2026-05-09T17:30:37.474973233Z,,,,host_log,10,20,,,,,,1,32,,technical_check,vplc_status_cycle_duration_not_validated_as_Tper,0.069,100,работает
RUN_20260509_VPLC_L1_LIGHT_10_20_S01_R05,VPLC_L1_LIGHT_10_20,SER_20260509_VPLC_L1_LIGHT_10_20_S01,vPLC_container,VPLC_HOST,521,,,2026-05-09T17:30:38.525893006Z,,,,host_log,10,20,,,,,,1,32,,technical_check,vplc_status_cycle_duration_not_validated_as_Tper,0.068,100,работает
RUN_20260509_VPLC_L1_LIGHT_10_20_S01_R05,VPLC_L1_LIGHT_10_20,SER_20260509_VPLC_L1_LIGHT_10_20_S01,vPLC_container,VPLC_HOST,522,,,2026-05-09T17:30:39.585471168Z,,,,host_log,10,20,,,,,,1,32,,technical_check,vplc_status_cycle_duration_not_validated_as_Tper,0.070,100,работает
RUN_20260509_VPLC_L1_LIGHT_10_20_S01_R05,VPLC_L1_LIGHT_10_20,SER_20260509_VPLC_L1_LIGHT_10_20_S01,vPLC_container,VPLC_HOST,523,,,2026-05-09T17:30:40.640078394Z,,,,host_log,10,20,,,,,,1,32,,technical_check,vplc_status_cycle_duration_not_validated_as_Tper,0.049,100,работает
RUN_20260509_VPLC_L1_LIGHT_10_20_S01_R05,VPLC_L1_LIGHT_10_20,SER_20260509_VPLC_L1_LIGHT_10_20_S01,vPLC_container,VPLC_HOST,524,,,2026-05-09T17:30:41.695798193Z,,,,host_log,10,20,,,,,,1,32,,technical_check,vplc_status_cycle_duration_not_validated_as_Tper,0.050,100,работает
RUN_20260509_VPLC_L1_LIGHT_10_20_S01_R05,VPLC_L1_LIGHT_10_20,SER_20260509_VPLC_L1_LIGHT_10_20_S01,vPLC_container,VPLC_HOST,525,,,2026-05-09T17:30:42.750491385Z,,,,host_log,10,20,,,,,,1,32,,technical_check,vplc_status_cycle_duration_not_validated_as_Tper,0.027,100,работает
RUN_20260509_VPLC_L1_LIGHT_10_20_S01_R05,VPLC_L1_LIGHT_10_20,SER_20260509_VPLC_L1_LIGHT_10_20_S01,vPLC_container,VPLC_HOST,526,,,2026-05-09T17:30:43.805603261Z,,,,host_log,10,20,,,,,,1,32,,technical_check,vplc_status_cycle_duration_not_validated_as_Tper,0.069,100,работает
RUN_20260509_VPLC_L1_LIGHT_10_20_S01_R05,VPLC_L1_LIGHT_10_20,SER_20260509_VPLC_L1_LIGHT_10_20_S01,vPLC_container,VPLC_HOST,527,,,2026-05-09T17:30:44.860688367Z,,,,host_log,10,20,,,,,,1,32,,technical_check,vplc_status_cycle_duration_not_validated_as_Tper,0.064,100,работает
RUN_20260509_VPLC_L1_LIGHT_10_20_S01_R05,VPLC_L1_LIGHT_10_20,SER_20260509_VPLC_L1_LIGHT_10_20_S01,vPLC_container,VPLC_HOST,528,,,2026-05-09T17:30:45.916162651Z,,,,host_log,10,20,,,,,,1,32,,technical_check,vplc_status_cycle_duration_not_validated_as_Tper,0.069,100,работает
RUN_20260509_VPLC_L1_LIGHT_10_20_S01_R05,VPLC_L1_LIGHT_10_20,SER_20260509_VPLC_L1_LIGHT_10_20_S01,vPLC_container,VPLC_HOST,529,,,2026-05-09T17:30:46.972769330Z,,,,host_log,10,20,,,,,,1,32,,technical_check,vplc_status_cycle_duration_not_validated_as_Tper,0.067,100,работает
RUN_20260509_VPLC_L1_LIGHT_10_20_S01_R05,VPLC_L1_LIGHT_10_20,SER_20260509_VPLC_L1_LIGHT_10_20_S01,vPLC_container,VPLC_HOST,530,,,2026-05-09T17:30:48.028209858Z,,,,host_log,10,20,,,,,,1,32,,technical_check,vplc_status_cycle_duration_not_validated_as_Tper,0.068,100,работает
RUN_20260509_VPLC_L1_LIGHT_10_20_S01_R05,VPLC_L1_LIGHT_10_20,SER_20260509_VPLC_L1_LIGHT_10_20_S01,vPLC_container,VPLC_HOST,531,,,2026-05-09T17:30:49.083573004Z,,,,host_log,10,20,,,,,,1,32,,technical_check,vplc_status_cycle_duration_not_validated_as_Tper,0.070,100,работает
RUN_20260509_VPLC_L1_LIGHT_10_20_S01_R05,VPLC_L1_LIGHT_10_20,SER_20260509_VPLC_L1_LIGHT_10_20_S01,vPLC_container,VPLC_HOST,532,,,2026-05-09T17:30:50.138528561Z,,,,host_log,10,20,,,,,,1,32,,technical_check,vplc_status_cycle_duration_not_validated_as_Tper,0.048,100,работает
RUN_20260509_VPLC_L1_LIGHT_10_20_S01_R05,VPLC_L1_LIGHT_10_20,SER_20260509_VPLC_L1_LIGHT_10_20_S01,vPLC_container,VPLC_HOST,533,,,2026-05-09T17:30:51.194270678Z,,,,host_log,10,20,,,,,,1,32,,technical_check,vplc_status_cycle_duration_not_validated_as_Tper,0.069,100,работает
RUN_20260509_VPLC_L1_LIGHT_10_20_S01_R05,VPLC_L1_LIGHT_10_20,SER_20260509_VPLC_L1_LIGHT_10_20_S01,vPLC_container,VPLC_HOST,534,,,2026-05-09T17:30:52.246370946Z,,,,host_log,10,20,,,,,,1,32,,technical_check,vplc_status_cycle_duration_not_validated_as_Tper,0.043,100,работает
RUN_20260509_VPLC_L1_LIGHT_10_20_S01_R05,VPLC_L1_LIGHT_10_20,SER_20260509_VPLC_L1_LIGHT_10_20_S01,vPLC_container,VPLC_HOST,535,,,2026-05-09T17:30:53.302128620Z,,,,host_log,10,20,,,,,,1,32,,technical_check,vplc_status_cycle_duration_not_validated_as_Tper,0.072,100,работает
RUN_20260509_VPLC_L1_LIGHT_10_20_S01_R05,VPLC_L1_LIGHT_10_20,SER_20260509_VPLC_L1_LIGHT_10_20_S01,vPLC_container,VPLC_HOST,536,,,2026-05-09T17:30:54.360586693Z,,,,host_log,10,20,,,,,,1,32,,technical_check,vplc_status_cycle_duration_not_validated_as_Tper,4.467,100,работает
RUN_20260509_VPLC_L1_LIGHT_10_20_S01_R05,VPLC_L1_LIGHT_10_20,SER_20260509_VPLC_L1_LIGHT_10_20_S01,vPLC_container,VPLC_HOST,537,,,2026-05-09T17:30:55.414889506Z,,,,host_log,10,20,,,,,,1,32,,technical_check,vplc_status_cycle_duration_not_validated_as_Tper,4.294,100,работает
RUN_20260509_VPLC_L1_LIGHT_10_20_S01_R05,VPLC_L1_LIGHT_10_20,SER_20260509_VPLC_L1_LIGHT_10_20_S01,vPLC_container,VPLC_HOST,538,,,2026-05-09T17:30:56.469763924Z,,,,host_log,10,20,,,,,,1,32,,technical_check,vplc_status_cycle_duration_not_validated_as_Tper,0.066,100,работает
RUN_20260509_VPLC_L1_LIGHT_10_20_S01_R05,VPLC_L1_LIGHT_10_20,SER_20260509_VPLC_L1_LIGHT_10_20_S01,vPLC_container,VPLC_HOST,539,,,2026-05-09T17:30:57.523320821Z,,,,host_log,10,20,,,,,,1,32,,technical_check,vplc_status_cycle_duration_not_validated_as_Tper,0.067,100,работает
RUN_20260509_VPLC_L1_LIGHT_10_20_S01_R05,VPLC_L1_LIGHT_10_20,SER_20260509_VPLC_L1_LIGHT_10_20_S01,vPLC_container,VPLC_HOST,540,,,2026-05-09T17:30:58.582323410Z,,,,host_log,10,20,,,,,,1,32,,technical_check,vplc_status_cycle_duration_not_validated_as_Tper,0.070,100,работает
RUN_20260509_VPLC_L1_LIGHT_10_20_S01_R05,VPLC_L1_LIGHT_10_20,SER_20260509_VPLC_L1_LIGHT_10_20_S01,vPLC_container,VPLC_HOST,541,,,2026-05-09T17:30:59.634011037Z,,,,host_log,10,20,,,,,,1,32,,technical_check,vplc_status_cycle_duration_not_validated_as_Tper,0.049,100,работает
RUN_20260509_VPLC_L1_LIGHT_10_20_S01_R05,VPLC_L1_LIGHT_10_20,SER_20260509_VPLC_L1_LIGHT_10_20_S01,vPLC_container,VPLC_HOST,542,,,2026-05-09T17:31:00.689397128Z,,,,host_log,10,20,,,,,,1,32,,technical_check,vplc_status_cycle_duration_not_validated_as_Tper,0.070,100,работает
RUN_20260509_VPLC_L1_LIGHT_10_20_S01_R05,VPLC_L1_LIGHT_10_20,SER_20260509_VPLC_L1_LIGHT_10_20_S01,vPLC_container,VPLC_HOST,543,,,2026-05-09T17:31:01.746201722Z,,,,host_log,10,20,,,,,,1,32,,technical_check,vplc_status_cycle_duration_not_validated_as_Tper,0.041,100,работает
RUN_20260509_VPLC_L1_LIGHT_10_20_S01_R05,VPLC_L1_LIGHT_10_20,SER_20260509_VPLC_L1_LIGHT_10_20_S01,vPLC_container,VPLC_HOST,544,,,2026-05-09T17:31:02.802491398Z,,,,host_log,10,20,,,,,,1,32,,technical_check,vplc_status_cycle_duration_not_validated_as_Tper,0.070,100,работает
RUN_20260509_VPLC_L1_LIGHT_10_20_S01_R05,VPLC_L1_LIGHT_10_20,SER_20260509_VPLC_L1_LIGHT_10_20_S01,vPLC_container,VPLC_HOST,545,,,2026-05-09T17:31:03.855670489Z,,,,host_log,10,20,,,,,,1,32,,technical_check,vplc_status_cycle_duration_not_validated_as_Tper,0.042,100,работает
RUN_20260509_VPLC_L1_LIGHT_10_20_S01_R05,VPLC_L1_LIGHT_10_20,SER_20260509_VPLC_L1_LIGHT_10_20_S01,vPLC_container,VPLC_HOST,546,,,2026-05-09T17:31:04.912495663Z,,,,host_log,10,20,,,,,,1,32,,technical_check,vplc_status_cycle_duration_not_validated_as_Tper,0.070,100,работает
RUN_20260509_VPLC_L1_LIGHT_10_20_S01_R05,VPLC_L1_LIGHT_10_20,SER_20260509_VPLC_L1_LIGHT_10_20_S01,vPLC_container,VPLC_HOST,547,,,2026-05-09T17:31:05.966372872Z,,,,host_log,10,20,,,,,,1,32,,technical_check,vplc_status_cycle_duration_not_validated_as_Tper,0.070,100,работает
RUN_20260509_VPLC_L1_LIGHT_10_20_S01_R05,VPLC_L1_LIGHT_10_20,SER_20260509_VPLC_L1_LIGHT_10_20_S01,vPLC_container,VPLC_HOST,548,,,2026-05-09T17:31:07.022787113Z,,,,host_log,10,20,,,,,,1,32,,technical_check,vplc_status_cycle_duration_not_validated_as_Tper,0.067,100,работает
RUN_20260509_VPLC_L1_LIGHT_10_20_S01_R05,VPLC_L1_LIGHT_10_20,SER_20260509_VPLC_L1_LIGHT_10_20_S01,vPLC_container,VPLC_HOST,549,,,2026-05-09T17:31:08.077003597Z,,,,host_log,10,20,,,,,,1,32,,technical_check,vplc_status_cycle_duration_not_validated_as_Tper,0.070,100,работает
RUN_20260509_VPLC_L1_LIGHT_10_20_S01_R05,VPLC_L1_LIGHT_10_20,SER_20260509_VPLC_L1_LIGHT_10_20_S01,vPLC_container,VPLC_HOST,550,,,2026-05-09T17:31:09.131405751Z,,,,host_log,10,20,,,,,,1,32,,technical_check,vplc_status_cycle_duration_not_validated_as_Tper,0.048,100,работает
RUN_20260509_VPLC_L1_LIGHT_10_20_S01_R05,VPLC_L1_LIGHT_10_20,SER_20260509_VPLC_L1_LIGHT_10_20_S01,vPLC_container,VPLC_HOST,551,,,2026-05-09T17:31:10.188514505Z,,,,host_log,10,20,,,,,,1,32,,technical_check,vplc_status_cycle_duration_not_validated_as_Tper,0.071,100,работает
RUN_20260509_VPLC_L1_LIGHT_10_20_S01_R05,VPLC_L1_LIGHT_10_20,SER_20260509_VPLC_L1_LIGHT_10_20_S01,vPLC_container,VPLC_HOST,552,,,2026-05-09T17:31:11.245765474Z,,,,host_log,10,20,,,,,,1,32,,technical_check,vplc_status_cycle_duration_not_validated_as_Tper,0.046,100,работает
RUN_20260509_VPLC_L1_LIGHT_10_20_S01_R05,VPLC_L1_LIGHT_10_20,SER_20260509_VPLC_L1_LIGHT_10_20_S01,vPLC_container,VPLC_HOST,553,,,2026-05-09T17:31:12.300424773Z,,,,host_log,10,20,,,,,,1,32,,technical_check,vplc_status_cycle_duration_not_validated_as_Tper,0.070,100,работает
RUN_20260509_VPLC_L1_LIGHT_10_20_S01_R05,VPLC_L1_LIGHT_10_20,SER_20260509_VPLC_L1_LIGHT_10_20_S01,vPLC_container,VPLC_HOST,554,,,2026-05-09T17:31:13.355964502Z,,,,host_log,10,20,,,,,,1,32,,technical_check,vplc_status_cycle_duration_not_validated_as_Tper,3.690,100,работает
RUN_20260509_VPLC_L1_LIGHT_10_20_S01_R05,VPLC_L1_LIGHT_10_20,SER_20260509_VPLC_L1_LIGHT_10_20_S01,vPLC_container,VPLC_HOST,555,,,2026-05-09T17:31:14.411001356Z,,,,host_log,10,20,,,,,,1,32,,technical_check,vplc_status_cycle_duration_not_validated_as_Tper,4.170,100,работает
RUN_20260509_VPLC_L1_LIGHT_10_20_S01_R05,VPLC_L1_LIGHT_10_20,SER_20260509_VPLC_L1_LIGHT_10_20_S01,vPLC_container,VPLC_HOST,556,,,2026-05-09T17:31:15.466916728Z,,,,host_log,10,20,,,,,,1,32,,technical_check,vplc_status_cycle_duration_not_validated_as_Tper,0.070,100,работает
RUN_20260509_VPLC_L1_LIGHT_10_20_S01_R05,VPLC_L1_LIGHT_10_20,SER_20260509_VPLC_L1_LIGHT_10_20_S01,vPLC_container,VPLC_HOST,557,,,2026-05-09T17:31:16.523283636Z,,,,host_log,10,20,,,,,,1,32,,technical_check,vplc_status_cycle_duration_not_validated_as_Tper,0.069,100,работает
RUN_20260509_VPLC_L1_LIGHT_10_20_S01_R05,VPLC_L1_LIGHT_10_20,SER_20260509_VPLC_L1_LIGHT_10_20_S01,vPLC_container,VPLC_HOST,558,,,2026-05-09T17:31:17.577867576Z,,,,host_log,10,20,,,,,,1,32,,technical_check,vplc_status_cycle_duration_not_validated_as_Tper,0.070,100,работает
RUN_20260509_VPLC_L1_LIGHT_10_20_S01_R05,VPLC_L1_LIGHT_10_20,SER_20260509_VPLC_L1_LIGHT_10_20_S01,vPLC_container,VPLC_HOST,559,,,2026-05-09T17:31:18.631546399Z,,,,host_log,10,20,,,,,,1,32,,technical_check,vplc_status_cycle_duration_not_validated_as_Tper,0.048,100,работает
RUN_20260509_VPLC_L1_LIGHT_10_20_S01_R05,VPLC_L1_LIGHT_10_20,SER_20260509_VPLC_L1_LIGHT_10_20_S01,vPLC_container,VPLC_HOST,560,,,2026-05-09T17:31:19.688723384Z,,,,host_log,10,20,,,,,,1,32,,technical_check,vplc_status_cycle_duration_not_validated_as_Tper,0.070,100,работает
RUN_20260509_VPLC_L1_LIGHT_10_20_S01_R05,VPLC_L1_LIGHT_10_20,SER_20260509_VPLC_L1_LIGHT_10_20_S01,vPLC_container,VPLC_HOST,561,,,2026-05-09T17:31:20.744265321Z,,,,host_log,10,20,,,,,,1,32,,technical_check,vplc_status_cycle_duration_not_validated_as_Tper,0.049,100,работает
RUN_20260509_VPLC_L1_LIGHT_10_20_S01_R05,VPLC_L1_LIGHT_10_20,SER_20260509_VPLC_L1_LIGHT_10_20_S01,vPLC_container,VPLC_HOST,562,,,2026-05-09T17:31:21.799259344Z,,,,host_log,10,20,,,,,,1,32,,technical_check,vplc_status_cycle_duration_not_validated_as_Tper,0.069,100,работает
RUN_20260509_VPLC_L1_LIGHT_10_20_S01_R05,VPLC_L1_LIGHT_10_20,SER_20260509_VPLC_L1_LIGHT_10_20_S01,vPLC_container,VPLC_HOST,563,,,2026-05-09T17:31:22.853691922Z,,,,host_log,10,20,,,,,,1,32,,technical_check,vplc_status_cycle_duration_not_validated_as_Tper,0.037,100,работает
RUN_20260509_VPLC_L1_LIGHT_10_20_S01_R05,VPLC_L1_LIGHT_10_20,SER_20260509_VPLC_L1_LIGHT_10_20_S01,vPLC_container,VPLC_HOST,564,,,2026-05-09T17:31:23.909035544Z,,,,host_log,10,20,,,,,,1,32,,technical_check,vplc_status_cycle_duration_not_validated_as_Tper,0.069,100,работает
RUN_20260509_VPLC_L1_LIGHT_10_20_S01_R05,VPLC_L1_LIGHT_10_20,SER_20260509_VPLC_L1_LIGHT_10_20_S01,vPLC_container,VPLC_HOST,565,,,2026-05-09T17:31:24.965548413Z,,,,host_log,10,20,,,,,,1,32,,technical_check,vplc_status_cycle_duration_not_validated_as_Tper,0.068,100,работает
RUN_20260509_VPLC_L1_LIGHT_10_20_S01_R05,VPLC_L1_LIGHT_10_20,SER_20260509_VPLC_L1_LIGHT_10_20_S01,vPLC_container,VPLC_HOST,566,,,2026-05-09T17:31:26.020026168Z,,,,host_log,10,20,,,,,,1,32,,technical_check,vplc_status_cycle_duration_not_validated_as_Tper,0.070,100,работает
RUN_20260509_VPLC_L1_LIGHT_10_20_S01_R05,VPLC_L1_LIGHT_10_20,SER_20260509_VPLC_L1_LIGHT_10_20_S01,vPLC_container,VPLC_HOST,567,,,2026-05-09T17:31:27.074740014Z,,,,host_log,10,20,,,,,,1,32,,technical_check,vplc_status_cycle_duration_not_validated_as_Tper,0.070,100,работает
RUN_20260509_VPLC_L1_LIGHT_10_20_S01_R05,VPLC_L1_LIGHT_10_20,SER_20260509_VPLC_L1_LIGHT_10_20_S01,vPLC_container,VPLC_HOST,568,,,2026-05-09T17:31:28.132756649Z,,,,host_log,10,20,,,,,,1,32,,technical_check,vplc_status_cycle_duration_not_validated_as_Tper,0.069,100,работает
RUN_20260509_VPLC_L1_LIGHT_10_20_S01_R05,VPLC_L1_LIGHT_10_20,SER_20260509_VPLC_L1_LIGHT_10_20_S01,vPLC_container,VPLC_HOST,569,,,2026-05-09T17:31:29.186845558Z,,,,host_log,10,20,,,,,,1,32,,technical_check,vplc_status_cycle_duration_not_validated_as_Tper,0.070,100,работает
RUN_20260509_VPLC_L1_LIGHT_10_20_S01_R05,VPLC_L1_LIGHT_10_20,SER_20260509_VPLC_L1_LIGHT_10_20_S01,vPLC_container,VPLC_HOST,570,,,2026-05-09T17:31:30.242143099Z,,,,host_log,10,20,,,,,,1,32,,technical_check,vplc_status_cycle_duration_not_validated_as_Tper,0.049,100,работает
RUN_20260509_VPLC_L1_LIGHT_10_20_S01_R05,VPLC_L1_LIGHT_10_20,SER_20260509_VPLC_L1_LIGHT_10_20_S01,vPLC_container,VPLC_HOST,571,,,2026-05-09T17:31:31.294313438Z,,,,host_log,10,20,,,,,,1,32,,technical_check,vplc_status_cycle_duration_not_validated_as_Tper,0.070,100,работает
RUN_20260509_VPLC_L1_LIGHT_10_20_S01_R05,VPLC_L1_LIGHT_10_20,SER_20260509_VPLC_L1_LIGHT_10_20_S01,vPLC_container,VPLC_HOST,572,,,2026-05-09T17:31:32.352757740Z,,,,host_log,10,20,,,,,,1,32,,technical_check,vplc_status_cycle_duration_not_validated_as_Tper,3.807,100,работает
RUN_20260509_VPLC_L1_LIGHT_10_20_S01_R05,VPLC_L1_LIGHT_10_20,SER_20260509_VPLC_L1_LIGHT_10_20_S01,vPLC_container,VPLC_HOST,573,,,2026-05-09T17:31:33.407996746Z,,,,host_log,10,20,,,,,,1,32,,technical_check,vplc_status_cycle_duration_not_validated_as_Tper,4.691,100,работает
RUN_20260509_VPLC_L1_LIGHT_10_20_S01_R05,VPLC_L1_LIGHT_10_20,SER_20260509_VPLC_L1_LIGHT_10_20_S01,vPLC_container,VPLC_HOST,574,,,2026-05-09T17:31:34.463521337Z,,,,host_log,10,20,,,,,,1,32,,technical_check,vplc_status_cycle_duration_not_validated_as_Tper,0.070,100,работает
RUN_20260509_VPLC_L1_LIGHT_10_20_S01_R05,VPLC_L1_LIGHT_10_20,SER_20260509_VPLC_L1_LIGHT_10_20_S01,vPLC_container,VPLC_HOST,575,,,2026-05-09T17:31:35.518307455Z,,,,host_log,10,20,,,,,,1,32,,technical_check,vplc_status_cycle_duration_not_validated_as_Tper,0.069,100,работает
RUN_20260509_VPLC_L1_LIGHT_10_20_S01_R05,VPLC_L1_LIGHT_10_20,SER_20260509_VPLC_L1_LIGHT_10_20_S01,vPLC_container,VPLC_HOST,576,,,2026-05-09T17:31:36.571198573Z,,,,host_log,10,20,,,,,,1,32,,technical_check,vplc_status_cycle_duration_not_validated_as_Tper,0.070,100,работает
RUN_20260509_VPLC_L1_LIGHT_10_20_S01_R05,VPLC_L1_LIGHT_10_20,SER_20260509_VPLC_L1_LIGHT_10_20_S01,vPLC_container,VPLC_HOST,577,,,2026-05-09T17:31:37.630077777Z,,,,host_log,10,20,,,,,,1,32,,technical_check,vplc_status_cycle_duration_not_validated_as_Tper,0.049,100,работает
RUN_20260509_VPLC_L1_LIGHT_10_20_S01_R05,VPLC_L1_LIGHT_10_20,SER_20260509_VPLC_L1_LIGHT_10_20_S01,vPLC_container,VPLC_HOST,578,,,2026-05-09T17:31:38.682239045Z,,,,host_log,10,20,,,,,,1,32,,technical_check,vplc_status_cycle_duration_not_validated_as_Tper,0.070,100,работает
RUN_20260509_VPLC_L1_LIGHT_10_20_S01_R05,VPLC_L1_LIGHT_10_20,SER_20260509_VPLC_L1_LIGHT_10_20_S01,vPLC_container,VPLC_HOST,579,,,2026-05-09T17:31:39.739832164Z,,,,host_log,10,20,,,,,,1,32,,technical_check,vplc_status_cycle_duration_not_validated_as_Tper,0.049,100,работает
RUN_20260509_VPLC_L1_LIGHT_10_20_S01_R05,VPLC_L1_LIGHT_10_20,SER_20260509_VPLC_L1_LIGHT_10_20_S01,vPLC_container,VPLC_HOST,580,,,2026-05-09T17:31:40.793336565Z,,,,host_log,10,20,,,,,,1,32,,technical_check,vplc_status_cycle_duration_not_validated_as_Tper,0.070,100,работает
RUN_20260509_VPLC_L1_LIGHT_10_20_S01_R05,VPLC_L1_LIGHT_10_20,SER_20260509_VPLC_L1_LIGHT_10_20_S01,vPLC_container,VPLC_HOST,581,,,2026-05-09T17:31:41.848431807Z,,,,host_log,10,20,,,,,,1,32,,technical_check,vplc_status_cycle_duration_not_validated_as_Tper,0.037,100,работает
RUN_20260509_VPLC_L1_LIGHT_10_20_S01_R05,VPLC_L1_LIGHT_10_20,SER_20260509_VPLC_L1_LIGHT_10_20_S01,vPLC_container,VPLC_HOST,582,,,2026-05-09T17:31:42.905156174Z,,,,host_log,10,20,,,,,,1,32,,technical_check,vplc_status_cycle_duration_not_validated_as_Tper,0.069,100,работает
RUN_20260509_VPLC_L1_LIGHT_10_20_S01_R05,VPLC_L1_LIGHT_10_20,SER_20260509_VPLC_L1_LIGHT_10_20_S01,vPLC_container,VPLC_HOST,583,,,2026-05-09T17:31:43.960642915Z,,,,host_log,10,20,,,,,,1,32,,technical_check,vplc_status_cycle_duration_not_validated_as_Tper,0.074,100,работает
RUN_20260509_VPLC_L1_LIGHT_10_20_S01_R05,VPLC_L1_LIGHT_10_20,SER_20260509_VPLC_L1_LIGHT_10_20_S01,vPLC_container,VPLC_HOST,584,,,2026-05-09T17:31:45.017042054Z,,,,host_log,10,20,,,,,,1,32,,technical_check,vplc_status_cycle_duration_not_validated_as_Tper,0.070,100,работает
RUN_20260509_VPLC_L1_LIGHT_10_20_S01_R05,VPLC_L1_LIGHT_10_20,SER_20260509_VPLC_L1_LIGHT_10_20_S01,vPLC_container,VPLC_HOST,585,,,2026-05-09T17:31:46.071538089Z,,,,host_log,10,20,,,,,,1,32,,technical_check,vplc_status_cycle_duration_not_validated_as_Tper,0.068,100,работает
RUN_20260509_VPLC_L1_LIGHT_10_20_S01_R05,VPLC_L1_LIGHT_10_20,SER_20260509_VPLC_L1_LIGHT_10_20_S01,vPLC_container,VPLC_HOST,586,,,2026-05-09T17:31:47.128251030Z,,,,host_log,10,20,,,,,,1,32,,technical_check,vplc_status_cycle_duration_not_validated_as_Tper,0.071,100,работает
RUN_20260509_VPLC_L1_LIGHT_10_20_S01_R05,VPLC_L1_LIGHT_10_20,SER_20260509_VPLC_L1_LIGHT_10_20_S01,vPLC_container,VPLC_HOST,587,,,2026-05-09T17:31:48.183174151Z,,,,host_log,10,20,,,,,,1,32,,technical_check,vplc_status_cycle_duration_not_validated_as_Tper,0.070,100,работает
RUN_20260509_VPLC_L1_LIGHT_10_20_S01_R05,VPLC_L1_LIGHT_10_20,SER_20260509_VPLC_L1_LIGHT_10_20_S01,vPLC_container,VPLC_HOST,588,,,2026-05-09T17:31:49.235769501Z,,,,host_log,10,20,,,,,,1,32,,technical_check,vplc_status_cycle_duration_not_validated_as_Tper,0.049,100,работает
RUN_20260509_VPLC_L1_LIGHT_10_20_S01_R05,VPLC_L1_LIGHT_10_20,SER_20260509_VPLC_L1_LIGHT_10_20_S01,vPLC_container,VPLC_HOST,589,,,2026-05-09T17:31:50.292898805Z,,,,host_log,10,20,,,,,,1,32,,technical_check,vplc_status_cycle_duration_not_validated_as_Tper,0.069,100,работает
RUN_20260509_VPLC_L1_LIGHT_10_20_S01_R05,VPLC_L1_LIGHT_10_20,SER_20260509_VPLC_L1_LIGHT_10_20_S01,vPLC_container,VPLC_HOST,590,,,2026-05-09T17:31:51.349343370Z,,,,host_log,10,20,,,,,,1,32,,technical_check,vplc_status_cycle_duration_not_validated_as_Tper,3.796,100,работает
RUN_20260509_VPLC_L1_LIGHT_10_20_S01_R05,VPLC_L1_LIGHT_10_20,SER_20260509_VPLC_L1_LIGHT_10_20_S01,vPLC_container,VPLC_HOST,591,,,2026-05-09T17:31:52.402660288Z,,,,host_log,10,20,,,,,,1,32,,technical_check,vplc_status_cycle_duration_not_validated_as_Tper,4.817,100,работает
RUN_20260509_VPLC_L1_LIGHT_10_20_S01_R05,VPLC_L1_LIGHT_10_20,SER_20260509_VPLC_L1_LIGHT_10_20_S01,vPLC_container,VPLC_HOST,592,,,2026-05-09T17:31:53.455904489Z,,,,host_log,10,20,,,,,,1,32,,technical_check,vplc_status_cycle_duration_not_validated_as_Tper,0.040,100,работает
RUN_20260509_VPLC_L1_LIGHT_10_20_S01_R05,VPLC_L1_LIGHT_10_20,SER_20260509_VPLC_L1_LIGHT_10_20_S01,vPLC_container,VPLC_HOST,593,,,2026-05-09T17:31:54.512891108Z,,,,host_log,10,20,,,,,,1,32,,technical_check,vplc_status_cycle_duration_not_validated_as_Tper,0.070,100,работает
RUN_20260509_VPLC_L1_LIGHT_10_20_S01_R05,VPLC_L1_LIGHT_10_20,SER_20260509_VPLC_L1_LIGHT_10_20_S01,vPLC_container,VPLC_HOST,594,,,2026-05-09T17:31:55.569556376Z,,,,host_log,10,20,,,,,,1,32,,technical_check,vplc_status_cycle_duration_not_validated_as_Tper,0.069,100,работает
RUN_20260509_VPLC_L1_LIGHT_10_20_S01_R05,VPLC_L1_LIGHT_10_20,SER_20260509_VPLC_L1_LIGHT_10_20_S01,vPLC_container,VPLC_HOST,595,,,2026-05-09T17:31:56.625229272Z,,,,host_log,10,20,,,,,,1,32,,technical_check,vplc_status_cycle_duration_not_validated_as_Tper,0.049,100,работает
RUN_20260509_VPLC_L1_LIGHT_10_20_S01_R05,VPLC_L1_LIGHT_10_20,SER_20260509_VPLC_L1_LIGHT_10_20_S01,vPLC_container,VPLC_HOST,596,,,2026-05-09T17:31:57.677313089Z,,,,host_log,10,20,,,,,,1,32,,technical_check,vplc_status_cycle_duration_not_validated_as_Tper,0.070,100,работает
RUN_20260509_VPLC_L1_LIGHT_10_20_S01_R05,VPLC_L1_LIGHT_10_20,SER_20260509_VPLC_L1_LIGHT_10_20_S01,vPLC_container,VPLC_HOST,597,,,2026-05-09T17:31:58.735493449Z,,,,host_log,10,20,,,,,,1,32,,technical_check,vplc_status_cycle_duration_not_validated_as_Tper,0.048,100,работает
RUN_20260509_VPLC_L1_LIGHT_10_20_S01_R05,VPLC_L1_LIGHT_10_20,SER_20260509_VPLC_L1_LIGHT_10_20_S01,vPLC_container,VPLC_HOST,598,,,2026-05-09T17:31:59.790417805Z,,,,host_log,10,20,,,,,,1,32,,technical_check,vplc_status_cycle_duration_not_validated_as_Tper,0.069,100,работает
RUN_20260509_VPLC_L1_LIGHT_10_20_S01_R05,VPLC_L1_LIGHT_10_20,SER_20260509_VPLC_L1_LIGHT_10_20_S01,vPLC_container,VPLC_HOST,599,,,2026-05-09T17:32:00.843530950Z,,,,host_log,10,20,,,,,,1,32,,technical_check,vplc_status_cycle_duration_not_validated_as_Tper,0.049,100,работает
RUN_20260509_VPLC_L1_LIGHT_10_20_S01_R05,VPLC_L1_LIGHT_10_20,SER_20260509_VPLC_L1_LIGHT_10_20_S01,vPLC_container,VPLC_HOST,600,,,2026-05-09T17:32:01.901230593Z,,,,host_log,10,20,,,,,,1,32,,technical_check,vplc_status_cycle_duration_not_validated_as_Tper,0.070,100,работает
RUN_20260509_VPLC_L1_LIGHT_10_20_S01_R05,VPLC_L1_LIGHT_10_20,SER_20260509_VPLC_L1_LIGHT_10_20_S01,vPLC_container,VPLC_HOST,601,,,2026-05-09T17:32:02.956740608Z,,,,host_log,10,20,,,,,,1,32,,technical_check,vplc_status_cycle_duration_not_validated_as_Tper,0.048,100,работает
RUN_20260509_VPLC_L1_LIGHT_10_20_S01_R05,VPLC_L1_LIGHT_10_20,SER_20260509_VPLC_L1_LIGHT_10_20_S01,vPLC_container,VPLC_HOST,602,,,2026-05-09T17:32:04.010811735Z,,,,host_log,10,20,,,,,,1,32,,technical_check,vplc_status_cycle_duration_not_validated_as_Tper,0.069,100,работает
RUN_20260509_VPLC_L1_LIGHT_10_20_S01_R05,VPLC_L1_LIGHT_10_20,SER_20260509_VPLC_L1_LIGHT_10_20_S01,vPLC_container,VPLC_HOST,603,,,2026-05-09T17:32:05.066559467Z,,,,host_log,10,20,,,,,,1,32,,technical_check,vplc_status_cycle_duration_not_validated_as_Tper,0.070,100,работает
RUN_20260509_VPLC_L1_LIGHT_10_20_S01_R05,VPLC_L1_LIGHT_10_20,SER_20260509_VPLC_L1_LIGHT_10_20_S01,vPLC_container,VPLC_HOST,604,,,2026-05-09T17:32:06.122720701Z,,,,host_log,10,20,,,,,,1,32,,technical_check,vplc_status_cycle_duration_not_validated_as_Tper,0.072,100,работает
RUN_20260509_VPLC_L1_LIGHT_10_20_S01_R05,VPLC_L1_LIGHT_10_20,SER_20260509_VPLC_L1_LIGHT_10_20_S01,vPLC_container,VPLC_HOST,605,,,2026-05-09T17:32:07.177856964Z,,,,host_log,10,20,,,,,,1,32,,technical_check,vplc_status_cycle_duration_not_validated_as_Tper,0.069,100,работает
RUN_20260509_VPLC_L1_LIGHT_10_20_S01_R05,VPLC_L1_LIGHT_10_20,SER_20260509_VPLC_L1_LIGHT_10_20_S01,vPLC_container,VPLC_HOST,606,,,2026-05-09T17:32:08.233064549Z,,,,host_log,10,20,,,,,,1,32,,technical_check,vplc_status_cycle_duration_not_validated_as_Tper,0.069,100,работает
RUN_20260509_VPLC_L1_LIGHT_10_20_S01_R05,VPLC_L1_LIGHT_10_20,SER_20260509_VPLC_L1_LIGHT_10_20_S01,vPLC_container,VPLC_HOST,607,,,2026-05-09T17:32:09.289450482Z,,,,host_log,10,20,,,,,,1,32,,technical_check,vplc_status_cycle_duration_not_validated_as_Tper,0.069,100,работает
RUN_20260509_VPLC_L1_LIGHT_10_20_S01_R05,VPLC_L1_LIGHT_10_20,SER_20260509_VPLC_L1_LIGHT_10_20_S01,vPLC_container,VPLC_HOST,608,,,2026-05-09T17:32:10.343740476Z,,,,host_log,10,20,,,,,,1,32,,technical_check,vplc_status_cycle_duration_not_validated_as_Tper,5.669,100,работает
RUN_20260509_VPLC_L1_LIGHT_10_20_S01_R05,VPLC_L1_LIGHT_10_20,SER_20260509_VPLC_L1_LIGHT_10_20_S01,vPLC_container,VPLC_HOST,609,,,2026-05-09T17:32:11.398353127Z,,,,host_log,10,20,,,,,,1,32,,technical_check,vplc_status_cycle_duration_not_validated_as_Tper,4.140,100,работает
RUN_20260509_VPLC_L1_LIGHT_10_20_S01_R05,VPLC_L1_LIGHT_10_20,SER_20260509_VPLC_L1_LIGHT_10_20_S01,vPLC_container,VPLC_HOST,610,,,2026-05-09T17:32:12.454208067Z,,,,host_log,10,20,,,,,,1,32,,technical_check,vplc_status_cycle_duration_not_validated_as_Tper,0.031,100,работает
RUN_20260509_VPLC_L1_LIGHT_10_20_S01_R05,VPLC_L1_LIGHT_10_20,SER_20260509_VPLC_L1_LIGHT_10_20_S01,vPLC_container,VPLC_HOST,611,,,2026-05-09T17:32:13.508306696Z,,,,host_log,10,20,,,,,,1,32,,technical_check,vplc_status_cycle_duration_not_validated_as_Tper,0.070,100,работает
RUN_20260509_VPLC_L1_LIGHT_10_20_S01_R05,VPLC_L1_LIGHT_10_20,SER_20260509_VPLC_L1_LIGHT_10_20_S01,vPLC_container,VPLC_HOST,612,,,2026-05-09T17:32:14.564649337Z,,,,host_log,10,20,,,,,,1,32,,technical_check,vplc_status_cycle_duration_not_validated_as_Tper,0.069,100,работает
RUN_20260509_VPLC_L1_LIGHT_10_20_S01_R05,VPLC_L1_LIGHT_10_20,SER_20260509_VPLC_L1_LIGHT_10_20_S01,vPLC_container,VPLC_HOST,613,,,2026-05-09T17:32:15.620768517Z,,,,host_log,10,20,,,,,,1,32,,technical_check,vplc_status_cycle_duration_not_validated_as_Tper,0.071,100,работает
RUN_20260509_VPLC_L1_LIGHT_10_20_S01_R05,VPLC_L1_LIGHT_10_20,SER_20260509_VPLC_L1_LIGHT_10_20_S01,vPLC_container,VPLC_HOST,614,,,2026-05-09T17:32:16.676326328Z,,,,host_log,10,20,,,,,,1,32,,technical_check,vplc_status_cycle_duration_not_validated_as_Tper,0.071,100,работает
RUN_20260509_VPLC_L1_LIGHT_10_20_S01_R05,VPLC_L1_LIGHT_10_20,SER_20260509_VPLC_L1_LIGHT_10_20_S01,vPLC_container,VPLC_HOST,615,,,2026-05-09T17:32:17.730612932Z,,,,host_log,10,20,,,,,,1,32,,technical_check,vplc_status_cycle_duration_not_validated_as_Tper,0.049,100,работает
RUN_20260509_VPLC_L1_LIGHT_10_20_S01_R05,VPLC_L1_LIGHT_10_20,SER_20260509_VPLC_L1_LIGHT_10_20_S01,vPLC_container,VPLC_HOST,616,,,2026-05-09T17:32:18.785786841Z,,,,host_log,10,20,,,,,,1,32,,technical_check,vplc_status_cycle_duration_not_validated_as_Tper,0.069,100,работает
RUN_20260509_VPLC_L1_LIGHT_10_20_S01_R05,VPLC_L1_LIGHT_10_20,SER_20260509_VPLC_L1_LIGHT_10_20_S01,vPLC_container,VPLC_HOST,617,,,2026-05-09T17:32:19.842563101Z,,,,host_log,10,20,,,,,,1,32,,technical_check,vplc_status_cycle_duration_not_validated_as_Tper,0.050,100,работает
RUN_20260509_VPLC_L1_LIGHT_10_20_S01_R05,VPLC_L1_LIGHT_10_20,SER_20260509_VPLC_L1_LIGHT_10_20_S01,vPLC_container,VPLC_HOST,618,,,2026-05-09T17:32:20.896531048Z,,,,host_log,10,20,,,,,,1,32,,technical_check,vplc_status_cycle_duration_not_validated_as_Tper,0.069,100,работает
RUN_20260509_VPLC_L1_LIGHT_10_20_S01_R05,VPLC_L1_LIGHT_10_20,SER_20260509_VPLC_L1_LIGHT_10_20_S01,vPLC_container,VPLC_HOST,619,,,2026-05-09T17:32:21.953311507Z,,,,host_log,10,20,,,,,,1,32,,technical_check,vplc_status_cycle_duration_not_validated_as_Tper,0.036,100,работает
RUN_20260509_VPLC_L1_LIGHT_10_20_S01_R05,VPLC_L1_LIGHT_10_20,SER_20260509_VPLC_L1_LIGHT_10_20_S01,vPLC_container,VPLC_HOST,620,,,2026-05-09T17:32:23.006090848Z,,,,host_log,10,20,,,,,,1,32,,technical_check,vplc_status_cycle_duration_not_validated_as_Tper,0.072,100,работает
RUN_20260509_VPLC_L1_LIGHT_10_20_S01_R05,VPLC_L1_LIGHT_10_20,SER_20260509_VPLC_L1_LIGHT_10_20_S01,vPLC_container,VPLC_HOST,621,,,2026-05-09T17:32:24.063639196Z,,,,host_log,10,20,,,,,,1,32,,technical_check,vplc_status_cycle_duration_not_validated_as_Tper,0.070,100,работает
RUN_20260509_VPLC_L1_LIGHT_10_20_S01_R05,VPLC_L1_LIGHT_10_20,SER_20260509_VPLC_L1_LIGHT_10_20_S01,vPLC_container,VPLC_HOST,622,,,2026-05-09T17:32:25.117187172Z,,,,host_log,10,20,,,,,,1,32,,technical_check,vplc_status_cycle_duration_not_validated_as_Tper,0.068,100,работает
RUN_20260509_VPLC_L1_LIGHT_10_20_S01_R05,VPLC_L1_LIGHT_10_20,SER_20260509_VPLC_L1_LIGHT_10_20_S01,vPLC_container,VPLC_HOST,623,,,2026-05-09T17:32:26.173862875Z,,,,host_log,10,20,,,,,,1,32,,technical_check,vplc_status_cycle_duration_not_validated_as_Tper,0.070,100,работает
RUN_20260509_VPLC_L1_LIGHT_10_20_S01_R05,VPLC_L1_LIGHT_10_20,SER_20260509_VPLC_L1_LIGHT_10_20_S01,vPLC_container,VPLC_HOST,624,,,2026-05-09T17:32:27.229683615Z,,,,host_log,10,20,,,,,,1,32,,technical_check,vplc_status_cycle_duration_not_validated_as_Tper,0.049,100,работает
RUN_20260509_VPLC_L1_LIGHT_10_20_S01_R05,VPLC_L1_LIGHT_10_20,SER_20260509_VPLC_L1_LIGHT_10_20_S01,vPLC_container,VPLC_HOST,625,,,2026-05-09T17:32:28.283471702Z,,,,host_log,10,20,,,,,,1,32,,technical_check,vplc_status_cycle_duration_not_validated_as_Tper,0.070,100,работает
RUN_20260509_VPLC_L1_LIGHT_10_20_S01_R05,VPLC_L1_LIGHT_10_20,SER_20260509_VPLC_L1_LIGHT_10_20_S01,vPLC_container,VPLC_HOST,626,,,2026-05-09T17:32:29.339989844Z,,,,host_log,10,20,,,,,,1,32,,technical_check,vplc_status_cycle_duration_not_validated_as_Tper,4.269,100,работает
RUN_20260509_VPLC_L1_LIGHT_10_20_S01_R05,VPLC_L1_LIGHT_10_20,SER_20260509_VPLC_L1_LIGHT_10_20_S01,vPLC_container,VPLC_HOST,627,,,2026-05-09T17:32:30.394414634Z,,,,host_log,10,20,,,,,,1,32,,technical_check,vplc_status_cycle_duration_not_validated_as_Tper,4.272,100,работает
RUN_20260509_VPLC_L1_LIGHT_10_20_S01_R05,VPLC_L1_LIGHT_10_20,SER_20260509_VPLC_L1_LIGHT_10_20_S01,vPLC_container,VPLC_HOST,628,,,2026-05-09T17:32:31.448414762Z,,,,host_log,10,20,,,,,,1,32,,technical_check,vplc_status_cycle_duration_not_validated_as_Tper,0.031,100,работает
RUN_20260509_VPLC_L1_LIGHT_10_20_S01_R05,VPLC_L1_LIGHT_10_20,SER_20260509_VPLC_L1_LIGHT_10_20_S01,vPLC_container,VPLC_HOST,629,,,2026-05-09T17:32:32.504422814Z,,,,host_log,10,20,,,,,,1,32,,technical_check,vplc_status_cycle_duration_not_validated_as_Tper,0.070,100,работает
RUN_20260509_VPLC_L1_LIGHT_10_20_S01_R05,VPLC_L1_LIGHT_10_20,SER_20260509_VPLC_L1_LIGHT_10_20_S01,vPLC_container,VPLC_HOST,630,,,2026-05-09T17:32:33.560883879Z,,,,host_log,10,20,,,,,,1,32,,technical_check,vplc_status_cycle_duration_not_validated_as_Tper,0.067,100,работает
RUN_20260509_VPLC_L1_LIGHT_10_20_S01_R05,VPLC_L1_LIGHT_10_20,SER_20260509_VPLC_L1_LIGHT_10_20_S01,vPLC_container,VPLC_HOST,631,,,2026-05-09T17:32:34.618619074Z,,,,host_log,10,20,,,,,,1,32,,technical_check,vplc_status_cycle_duration_not_validated_as_Tper,0.068,100,работает
RUN_20260509_VPLC_L1_LIGHT_10_20_S01_R05,VPLC_L1_LIGHT_10_20,SER_20260509_VPLC_L1_LIGHT_10_20_S01,vPLC_container,VPLC_HOST,632,,,2026-05-09T17:32:35.672746212Z,,,,host_log,10,20,,,,,,1,32,,technical_check,vplc_status_cycle_duration_not_validated_as_Tper,0.070,100,работает
RUN_20260509_VPLC_L1_LIGHT_10_20_S01_R05,VPLC_L1_LIGHT_10_20,SER_20260509_VPLC_L1_LIGHT_10_20_S01,vPLC_container,VPLC_HOST,633,,,2026-05-09T17:32:36.726440675Z,,,,host_log,10,20,,,,,,1,32,,technical_check,vplc_status_cycle_duration_not_validated_as_Tper,0.068,100,работает
RUN_20260509_VPLC_L1_LIGHT_10_20_S01_R05,VPLC_L1_LIGHT_10_20,SER_20260509_VPLC_L1_LIGHT_10_20_S01,vPLC_container,VPLC_HOST,634,,,2026-05-09T17:32:37.783698682Z,,,,host_log,10,20,,,,,,1,32,,technical_check,vplc_status_cycle_duration_not_validated_as_Tper,0.070,100,работает
RUN_20260509_VPLC_L1_LIGHT_10_20_S01_R05,VPLC_L1_LIGHT_10_20,SER_20260509_VPLC_L1_LIGHT_10_20_S01,vPLC_container,VPLC_HOST,635,,,2026-05-09T17:32:38.839599166Z,,,,host_log,10,20,,,,,,1,32,,technical_check,vplc_status_cycle_duration_not_validated_as_Tper,0.048,100,работает
RUN_20260509_VPLC_L1_LIGHT_10_20_S01_R05,VPLC_L1_LIGHT_10_20,SER_20260509_VPLC_L1_LIGHT_10_20_S01,vPLC_container,VPLC_HOST,636,,,2026-05-09T17:32:39.894880669Z,,,,host_log,10,20,,,,,,1,32,,technical_check,vplc_status_cycle_duration_not_validated_as_Tper,0.070,100,работает
RUN_20260509_VPLC_L1_LIGHT_10_20_S01_R05,VPLC_L1_LIGHT_10_20,SER_20260509_VPLC_L1_LIGHT_10_20_S01,vPLC_container,VPLC_HOST,637,,,2026-05-09T17:32:40.948599775Z,,,,host_log,10,20,,,,,,1,32,,technical_check,vplc_status_cycle_duration_not_validated_as_Tper,0.034,100,работает
RUN_20260509_VPLC_L1_LIGHT_10_20_S01_R05,VPLC_L1_LIGHT_10_20,SER_20260509_VPLC_L1_LIGHT_10_20_S01,vPLC_container,VPLC_HOST,638,,,2026-05-09T17:32:42.005093905Z,,,,host_log,10,20,,,,,,1,32,,technical_check,vplc_status_cycle_duration_not_validated_as_Tper,0.071,100,работает
RUN_20260509_VPLC_L1_LIGHT_10_20_S01_R05,VPLC_L1_LIGHT_10_20,SER_20260509_VPLC_L1_LIGHT_10_20_S01,vPLC_container,VPLC_HOST,639,,,2026-05-09T17:32:43.057921059Z,,,,host_log,10,20,,,,,,1,32,,technical_check,vplc_status_cycle_duration_not_validated_as_Tper,0.054,100,работает
RUN_20260509_VPLC_L1_LIGHT_10_20_S01_R05,VPLC_L1_LIGHT_10_20,SER_20260509_VPLC_L1_LIGHT_10_20_S01,vPLC_container,VPLC_HOST,640,,,2026-05-09T17:32:44.115382563Z,,,,host_log,10,20,,,,,,1,32,,technical_check,vplc_status_cycle_duration_not_validated_as_Tper,0.069,100,работает
RUN_20260509_VPLC_L1_LIGHT_10_20_S01_R05,VPLC_L1_LIGHT_10_20,SER_20260509_VPLC_L1_LIGHT_10_20_S01,vPLC_container,VPLC_HOST,641,,,2026-05-09T17:32:45.171795367Z,,,,host_log,10,20,,,,,,1,32,,technical_check,vplc_status_cycle_duration_not_validated_as_Tper,0.069,100,работает
RUN_20260509_VPLC_L1_LIGHT_10_20_S01_R05,VPLC_L1_LIGHT_10_20,SER_20260509_VPLC_L1_LIGHT_10_20_S01,vPLC_container,VPLC_HOST,642,,,2026-05-09T17:32:46.226969328Z,,,,host_log,10,20,,,,,,1,32,,technical_check,vplc_status_cycle_duration_not_validated_as_Tper,0.069,100,работает
RUN_20260509_VPLC_L1_LIGHT_10_20_S01_R05,VPLC_L1_LIGHT_10_20,SER_20260509_VPLC_L1_LIGHT_10_20_S01,vPLC_container,VPLC_HOST,643,,,2026-05-09T17:32:47.280410440Z,,,,host_log,10,20,,,,,,1,32,,technical_check,vplc_status_cycle_duration_not_validated_as_Tper,0.069,100,работает
RUN_20260509_VPLC_L1_LIGHT_10_20_S01_R05,VPLC_L1_LIGHT_10_20,SER_20260509_VPLC_L1_LIGHT_10_20_S01,vPLC_container,VPLC_HOST,644,,,2026-05-09T17:32:48.332124760Z,,,,host_log,10,20,,,,,,1,32,,technical_check,vplc_status_cycle_duration_not_validated_as_Tper,4.330,100,работает
RUN_20260509_VPLC_L1_LIGHT_10_20_S01_R05,VPLC_L1_LIGHT_10_20,SER_20260509_VPLC_L1_LIGHT_10_20_S01,vPLC_container,VPLC_HOST,645,,,2026-05-09T17:32:49.390881916Z,,,,host_log,10,20,,,,,,1,32,,technical_check,vplc_status_cycle_duration_not_validated_as_Tper,4.301,100,работает
RUN_20260509_VPLC_L1_LIGHT_10_20_S01_R05,VPLC_L1_LIGHT_10_20,SER_20260509_VPLC_L1_LIGHT_10_20_S01,vPLC_container,VPLC_HOST,646,,,2026-05-09T17:32:50.445931053Z,,,,host_log,10,20,,,,,,1,32,,technical_check,vplc_status_cycle_duration_not_validated_as_Tper,0.037,100,работает
RUN_20260509_VPLC_L1_LIGHT_10_20_S01_R05,VPLC_L1_LIGHT_10_20,SER_20260509_VPLC_L1_LIGHT_10_20_S01,vPLC_container,VPLC_HOST,647,,,2026-05-09T17:32:51.501697962Z,,,,host_log,10,20,,,,,,1,32,,technical_check,vplc_status_cycle_duration_not_validated_as_Tper,0.070,100,работает
RUN_20260509_VPLC_L1_LIGHT_10_20_S01_R05,VPLC_L1_LIGHT_10_20,SER_20260509_VPLC_L1_LIGHT_10_20_S01,vPLC_container,VPLC_HOST,648,,,2026-05-09T17:32:52.558326084Z,,,,host_log,10,20,,,,,,1,32,,technical_check,vplc_status_cycle_duration_not_validated_as_Tper,0.054,100,работает
RUN_20260509_VPLC_L1_LIGHT_10_20_S01_R05,VPLC_L1_LIGHT_10_20,SER_20260509_VPLC_L1_LIGHT_10_20_S01,vPLC_container,VPLC_HOST,649,,,2026-05-09T17:32:53.613219568Z,,,,host_log,10,20,,,,,,1,32,,technical_check,vplc_status_cycle_duration_not_validated_as_Tper,0.070,100,работает
RUN_20260509_VPLC_L1_LIGHT_10_20_S01_R05,VPLC_L1_LIGHT_10_20,SER_20260509_VPLC_L1_LIGHT_10_20_S01,vPLC_container,VPLC_HOST,650,,,2026-05-09T17:32:54.668660933Z,,,,host_log,10,20,,,,,,1,32,,technical_check,vplc_status_cycle_duration_not_validated_as_Tper,0.069,100,работает
RUN_20260509_VPLC_L1_LIGHT_10_20_S01_R05,VPLC_L1_LIGHT_10_20,SER_20260509_VPLC_L1_LIGHT_10_20_S01,vPLC_container,VPLC_HOST,651,,,2026-05-09T17:32:55.723945406Z,,,,host_log,10,20,,,,,,1,32,,technical_check,vplc_status_cycle_duration_not_validated_as_Tper,0.066,100,работает
RUN_20260509_VPLC_L1_LIGHT_10_20_S01_R05,VPLC_L1_LIGHT_10_20,SER_20260509_VPLC_L1_LIGHT_10_20_S01,vPLC_container,VPLC_HOST,652,,,2026-05-09T17:32:56.780211872Z,,,,host_log,10,20,,,,,,1,32,,technical_check,vplc_status_cycle_duration_not_validated_as_Tper,0.071,100,работает
RUN_20260509_VPLC_L1_LIGHT_10_20_S01_R05,VPLC_L1_LIGHT_10_20,SER_20260509_VPLC_L1_LIGHT_10_20_S01,vPLC_container,VPLC_HOST,653,,,2026-05-09T17:32:57.833672750Z,,,,host_log,10,20,,,,,,1,32,,technical_check,vplc_status_cycle_duration_not_validated_as_Tper,0.048,100,работает
RUN_20260509_VPLC_L1_LIGHT_10_20_S01_R05,VPLC_L1_LIGHT_10_20,SER_20260509_VPLC_L1_LIGHT_10_20_S01,vPLC_container,VPLC_HOST,654,,,2026-05-09T17:32:58.889382546Z,,,,host_log,10,20,,,,,,1,32,,technical_check,vplc_status_cycle_duration_not_validated_as_Tper,0.070,100,работает
RUN_20260509_VPLC_L1_LIGHT_10_20_S01_R05,VPLC_L1_LIGHT_10_20,SER_20260509_VPLC_L1_LIGHT_10_20_S01,vPLC_container,VPLC_HOST,655,,,2026-05-09T17:32:59.944897048Z,,,,host_log,10,20,,,,,,1,32,,technical_check,vplc_status_cycle_duration_not_validated_as_Tper,0.045,100,работает
RUN_20260509_VPLC_L1_LIGHT_10_20_S01_R05,VPLC_L1_LIGHT_10_20,SER_20260509_VPLC_L1_LIGHT_10_20_S01,vPLC_container,VPLC_HOST,656,,,2026-05-09T17:33:01.000975751Z,,,,host_log,10,20,,,,,,1,32,,technical_check,vplc_status_cycle_duration_not_validated_as_Tper,0.069,100,работает
RUN_20260509_VPLC_L1_LIGHT_10_20_S01_R05,VPLC_L1_LIGHT_10_20,SER_20260509_VPLC_L1_LIGHT_10_20_S01,vPLC_container,VPLC_HOST,657,,,2026-05-09T17:33:02.053501801Z,,,,host_log,10,20,,,,,,1,32,,technical_check,vplc_status_cycle_duration_not_validated_as_Tper,0.039,100,работает
RUN_20260509_VPLC_L1_LIGHT_10_20_S01_R05,VPLC_L1_LIGHT_10_20,SER_20260509_VPLC_L1_LIGHT_10_20_S01,vPLC_container,VPLC_HOST,658,,,2026-05-09T17:33:03.110117758Z,,,,host_log,10,20,,,,,,1,32,,technical_check,vplc_status_cycle_duration_not_validated_as_Tper,0.069,100,работает
RUN_20260509_VPLC_L1_LIGHT_10_20_S01_R05,VPLC_L1_LIGHT_10_20,SER_20260509_VPLC_L1_LIGHT_10_20_S01,vPLC_container,VPLC_HOST,659,,,2026-05-09T17:33:04.163346053Z,,,,host_log,10,20,,,,,,1,32,,technical_check,vplc_status_cycle_duration_not_validated_as_Tper,0.069,100,работает
RUN_20260509_VPLC_L1_LIGHT_10_20_S01_R05,VPLC_L1_LIGHT_10_20,SER_20260509_VPLC_L1_LIGHT_10_20_S01,vPLC_container,VPLC_HOST,660,,,2026-05-09T17:33:05.222076833Z,,,,host_log,10,20,,,,,,1,32,,technical_check,vplc_status_cycle_duration_not_validated_as_Tper,0.070,100,работает
RUN_20260509_VPLC_L1_LIGHT_10_20_S01_R05,VPLC_L1_LIGHT_10_20,SER_20260509_VPLC_L1_LIGHT_10_20_S01,vPLC_container,VPLC_HOST,661,,,2026-05-09T17:33:06.274569411Z,,,,host_log,10,20,,,,,,1,32,,technical_check,vplc_status_cycle_duration_not_validated_as_Tper,0.068,100,работает
RUN_20260509_VPLC_L1_LIGHT_10_20_S01_R05,VPLC_L1_LIGHT_10_20,SER_20260509_VPLC_L1_LIGHT_10_20_S01,vPLC_container,VPLC_HOST,662,,,2026-05-09T17:33:07.331924275Z,,,,host_log,10,20,,,,,,1,32,,technical_check,vplc_status_cycle_duration_not_validated_as_Tper,4.203,100,работает
RUN_20260509_VPLC_L1_LIGHT_10_20_S01_R05,VPLC_L1_LIGHT_10_20,SER_20260509_VPLC_L1_LIGHT_10_20_S01,vPLC_container,VPLC_HOST,663,,,2026-05-09T17:33:08.387167828Z,,,,host_log,10,20,,,,,,1,32,,technical_check,vplc_status_cycle_duration_not_validated_as_Tper,4.178,100,работает
RUN_20260509_VPLC_L1_LIGHT_10_20_S01_R05,VPLC_L1_LIGHT_10_20,SER_20260509_VPLC_L1_LIGHT_10_20_S01,vPLC_container,VPLC_HOST,664,,,2026-05-09T17:33:09.441187708Z,,,,host_log,10,20,,,,,,1,32,,technical_check,vplc_status_cycle_duration_not_validated_as_Tper,0.049,100,работает
RUN_20260509_VPLC_L1_LIGHT_10_20_S01_R05,VPLC_L1_LIGHT_10_20,SER_20260509_VPLC_L1_LIGHT_10_20_S01,vPLC_container,VPLC_HOST,665,,,2026-05-09T17:33:10.495840132Z,,,,host_log,10,20,,,,,,1,32,,technical_check,vplc_status_cycle_duration_not_validated_as_Tper,0.069,100,работает
RUN_20260509_VPLC_L1_LIGHT_10_20_S01_R05,VPLC_L1_LIGHT_10_20,SER_20260509_VPLC_L1_LIGHT_10_20_S01,vPLC_container,VPLC_HOST,666,,,2026-05-09T17:33:11.553394624Z,,,,host_log,10,20,,,,,,1,32,,technical_check,vplc_status_cycle_duration_not_validated_as_Tper,0.033,100,работает
RUN_20260509_VPLC_L1_LIGHT_10_20_S01_R05,VPLC_L1_LIGHT_10_20,SER_20260509_VPLC_L1_LIGHT_10_20_S01,vPLC_container,VPLC_HOST,667,,,2026-05-09T17:33:12.609057527Z,,,,host_log,10,20,,,,,,1,32,,technical_check,vplc_status_cycle_duration_not_validated_as_Tper,0.069,100,работает
RUN_20260509_VPLC_L1_LIGHT_10_20_S01_R05,VPLC_L1_LIGHT_10_20,SER_20260509_VPLC_L1_LIGHT_10_20_S01,vPLC_container,VPLC_HOST,668,,,2026-05-09T17:33:13.664455227Z,,,,host_log,10,20,,,,,,1,32,,technical_check,vplc_status_cycle_duration_not_validated_as_Tper,0.069,100,работает
RUN_20260509_VPLC_L1_LIGHT_10_20_S01_R05,VPLC_L1_LIGHT_10_20,SER_20260509_VPLC_L1_LIGHT_10_20_S01,vPLC_container,VPLC_HOST,669,,,2026-05-09T17:33:14.718759039Z,,,,host_log,10,20,,,,,,1,32,,technical_check,vplc_status_cycle_duration_not_validated_as_Tper,0.066,100,работает
RUN_20260509_VPLC_L1_LIGHT_10_20_S01_R05,VPLC_L1_LIGHT_10_20,SER_20260509_VPLC_L1_LIGHT_10_20_S01,vPLC_container,VPLC_HOST,670,,,2026-05-09T17:33:15.775252107Z,,,,host_log,10,20,,,,,,1,32,,technical_check,vplc_status_cycle_duration_not_validated_as_Tper,0.069,100,работает
RUN_20260509_VPLC_L1_LIGHT_10_20_S01_R05,VPLC_L1_LIGHT_10_20,SER_20260509_VPLC_L1_LIGHT_10_20_S01,vPLC_container,VPLC_HOST,671,,,2026-05-09T17:33:16.830321383Z,,,,host_log,10,20,,,,,,1,32,,technical_check,vplc_status_cycle_duration_not_validated_as_Tper,0.051,100,работает
RUN_20260509_VPLC_L1_LIGHT_10_20_S01_R05,VPLC_L1_LIGHT_10_20,SER_20260509_VPLC_L1_LIGHT_10_20_S01,vPLC_container,VPLC_HOST,672,,,2026-05-09T17:33:17.885141660Z,,,,host_log,10,20,,,,,,1,32,,technical_check,vplc_status_cycle_duration_not_validated_as_Tper,0.070,100,работает
RUN_20260509_VPLC_L1_LIGHT_10_20_S01_R05,VPLC_L1_LIGHT_10_20,SER_20260509_VPLC_L1_LIGHT_10_20_S01,vPLC_container,VPLC_HOST,673,,,2026-05-09T17:33:18.941178004Z,,,,host_log,10,20,,,,,,1,32,,technical_check,vplc_status_cycle_duration_not_validated_as_Tper,0.057,100,работает
RUN_20260509_VPLC_L1_LIGHT_10_20_S01_R05,VPLC_L1_LIGHT_10_20,SER_20260509_VPLC_L1_LIGHT_10_20_S01,vPLC_container,VPLC_HOST,674,,,2026-05-09T17:33:19.997784991Z,,,,host_log,10,20,,,,,,1,32,,technical_check,vplc_status_cycle_duration_not_validated_as_Tper,0.070,100,работает
RUN_20260509_VPLC_L1_LIGHT_10_20_S01_R05,VPLC_L1_LIGHT_10_20,SER_20260509_VPLC_L1_LIGHT_10_20_S01,vPLC_container,VPLC_HOST,675,,,2026-05-09T17:33:21.051344472Z,,,,host_log,10,20,,,,,,1,32,,technical_check,vplc_status_cycle_duration_not_validated_as_Tper,0.029,100,работает
RUN_20260509_VPLC_L1_LIGHT_10_20_S01_R05,VPLC_L1_LIGHT_10_20,SER_20260509_VPLC_L1_LIGHT_10_20_S01,vPLC_container,VPLC_HOST,676,,,2026-05-09T17:33:22.105231342Z,,,,host_log,10,20,,,,,,1,32,,technical_check,vplc_status_cycle_duration_not_validated_as_Tper,0.066,100,работает
RUN_20260509_VPLC_L1_LIGHT_10_20_S01_R05,VPLC_L1_LIGHT_10_20,SER_20260509_VPLC_L1_LIGHT_10_20_S01,vPLC_container,VPLC_HOST,677,,,2026-05-09T17:33:23.162965540Z,,,,host_log,10,20,,,,,,1,32,,technical_check,vplc_status_cycle_duration_not_validated_as_Tper,0.069,100,работает
RUN_20260509_VPLC_L1_LIGHT_10_20_S01_R05,VPLC_L1_LIGHT_10_20,SER_20260509_VPLC_L1_LIGHT_10_20_S01,vPLC_container,VPLC_HOST,678,,,2026-05-09T17:33:24.218607794Z,,,,host_log,10,20,,,,,,1,32,,technical_check,vplc_status_cycle_duration_not_validated_as_Tper,0.069,100,работает
RUN_20260509_VPLC_L1_LIGHT_10_20_S01_R05,VPLC_L1_LIGHT_10_20,SER_20260509_VPLC_L1_LIGHT_10_20_S01,vPLC_container,VPLC_HOST,679,,,2026-05-09T17:33:25.273903786Z,,,,host_log,10,20,,,,,,1,32,,technical_check,vplc_status_cycle_duration_not_validated_as_Tper,0.068,100,работает
RUN_20260509_VPLC_L1_LIGHT_10_20_S01_R05,VPLC_L1_LIGHT_10_20,SER_20260509_VPLC_L1_LIGHT_10_20_S01,vPLC_container,VPLC_HOST,680,,,2026-05-09T17:33:26.328731237Z,,,,host_log,10,20,,,,,,1,32,,technical_check,vplc_status_cycle_duration_not_validated_as_Tper,4.315,100,работает
RUN_20260509_VPLC_L1_LIGHT_10_20_S01_R05,VPLC_L1_LIGHT_10_20,SER_20260509_VPLC_L1_LIGHT_10_20_S01,vPLC_container,VPLC_HOST,681,,,2026-05-09T17:33:27.384800499Z,,,,host_log,10,20,,,,,,1,32,,technical_check,vplc_status_cycle_duration_not_validated_as_Tper,4.380,100,работает
RUN_20260509_VPLC_L1_LIGHT_10_20_S01_R05,VPLC_L1_LIGHT_10_20,SER_20260509_VPLC_L1_LIGHT_10_20_S01,vPLC_container,VPLC_HOST,682,,,2026-05-09T17:33:28.440156416Z,,,,host_log,10,20,,,,,,1,32,,technical_check,vplc_status_cycle_duration_not_validated_as_Tper,0.049,100,работает
RUN_20260509_VPLC_L1_LIGHT_10_20_S01_R05,VPLC_L1_LIGHT_10_20,SER_20260509_VPLC_L1_LIGHT_10_20_S01,vPLC_container,VPLC_HOST,683,,,2026-05-09T17:33:29.492509759Z,,,,host_log,10,20,,,,,,1,32,,technical_check,vplc_status_cycle_duration_not_validated_as_Tper,0.069,100,работает
RUN_20260509_VPLC_L1_LIGHT_10_20_S01_R05,VPLC_L1_LIGHT_10_20,SER_20260509_VPLC_L1_LIGHT_10_20_S01,vPLC_container,VPLC_HOST,684,,,2026-05-09T17:33:30.547256133Z,,,,host_log,10,20,,,,,,1,32,,technical_check,vplc_status_cycle_duration_not_validated_as_Tper,0.033,100,работает
RUN_20260509_VPLC_L1_LIGHT_10_20_S01_R05,VPLC_L1_LIGHT_10_20,SER_20260509_VPLC_L1_LIGHT_10_20_S01,vPLC_container,VPLC_HOST,685,,,2026-05-09T17:33:31.604264710Z,,,,host_log,10,20,,,,,,1,32,,technical_check,vplc_status_cycle_duration_not_validated_as_Tper,0.068,100,работает
RUN_20260509_VPLC_L1_LIGHT_10_20_S01_R05,VPLC_L1_LIGHT_10_20,SER_20260509_VPLC_L1_LIGHT_10_20_S01,vPLC_container,VPLC_HOST,686,,,2026-05-09T17:33:32.661219576Z,,,,host_log,10,20,,,,,,1,32,,technical_check,vplc_status_cycle_duration_not_validated_as_Tper,0.069,100,работает
RUN_20260509_VPLC_L1_LIGHT_10_20_S01_R05,VPLC_L1_LIGHT_10_20,SER_20260509_VPLC_L1_LIGHT_10_20_S01,vPLC_container,VPLC_HOST,687,,,2026-05-09T17:33:33.716352329Z,,,,host_log,10,20,,,,,,1,32,,technical_check,vplc_status_cycle_duration_not_validated_as_Tper,0.070,100,работает
RUN_20260509_VPLC_L1_LIGHT_10_20_S01_R05,VPLC_L1_LIGHT_10_20,SER_20260509_VPLC_L1_LIGHT_10_20_S01,vPLC_container,VPLC_HOST,688,,,2026-05-09T17:33:34.772054224Z,,,,host_log,10,20,,,,,,1,32,,technical_check,vplc_status_cycle_duration_not_validated_as_Tper,0.072,100,работает
RUN_20260509_VPLC_L1_LIGHT_10_20_S01_R05,VPLC_L1_LIGHT_10_20,SER_20260509_VPLC_L1_LIGHT_10_20_S01,vPLC_container,VPLC_HOST,689,,,2026-05-09T17:33:35.825746367Z,,,,host_log,10,20,,,,,,1,32,,technical_check,vplc_status_cycle_duration_not_validated_as_Tper,0.050,100,работает
RUN_20260509_VPLC_L1_LIGHT_10_20_S01_R05,VPLC_L1_LIGHT_10_20,SER_20260509_VPLC_L1_LIGHT_10_20_S01,vPLC_container,VPLC_HOST,690,,,2026-05-09T17:33:36.883377937Z,,,,host_log,10,20,,,,,,1,32,,technical_check,vplc_status_cycle_duration_not_validated_as_Tper,0.068,100,работает
RUN_20260509_VPLC_L1_LIGHT_10_20_S01_R05,VPLC_L1_LIGHT_10_20,SER_20260509_VPLC_L1_LIGHT_10_20_S01,vPLC_container,VPLC_HOST,691,,,2026-05-09T17:33:37.938120848Z,,,,host_log,10,20,,,,,,1,32,,technical_check,vplc_status_cycle_duration_not_validated_as_Tper,0.049,100,работает
RUN_20260509_VPLC_L1_LIGHT_10_20_S01_R05,VPLC_L1_LIGHT_10_20,SER_20260509_VPLC_L1_LIGHT_10_20_S01,vPLC_container,VPLC_HOST,692,,,2026-05-09T17:33:38.993183186Z,,,,host_log,10,20,,,,,,1,32,,technical_check,vplc_status_cycle_duration_not_validated_as_Tper,0.069,100,работает
RUN_20260509_VPLC_L1_LIGHT_10_20_S01_R05,VPLC_L1_LIGHT_10_20,SER_20260509_VPLC_L1_LIGHT_10_20_S01,vPLC_container,VPLC_HOST,693,,,2026-05-09T17:33:40.046591430Z,,,,host_log,10,20,,,,,,1,32,,technical_check,vplc_status_cycle_duration_not_validated_as_Tper,0.040,100,работает
RUN_20260509_VPLC_L1_LIGHT_10_20_S01_R05,VPLC_L1_LIGHT_10_20,SER_20260509_VPLC_L1_LIGHT_10_20_S01,vPLC_container,VPLC_HOST,694,,,2026-05-09T17:33:41.104198662Z,,,,host_log,10,20,,,,,,1,32,,technical_check,vplc_status_cycle_duration_not_validated_as_Tper,0.069,100,работает
RUN_20260509_VPLC_L1_LIGHT_10_20_S01_R05,VPLC_L1_LIGHT_10_20,SER_20260509_VPLC_L1_LIGHT_10_20_S01,vPLC_container,VPLC_HOST,695,,,2026-05-09T17:33:42.157403417Z,,,,host_log,10,20,,,,,,1,32,,technical_check,vplc_status_cycle_duration_not_validated_as_Tper,0.046,100,работает
RUN_20260509_VPLC_L1_LIGHT_10_20_S01_R05,VPLC_L1_LIGHT_10_20,SER_20260509_VPLC_L1_LIGHT_10_20_S01,vPLC_container,VPLC_HOST,696,,,2026-05-09T17:33:43.215174604Z,,,,host_log,10,20,,,,,,1,32,,technical_check,vplc_status_cycle_duration_not_validated_as_Tper,0.049,100,работает
RUN_20260509_VPLC_L1_LIGHT_10_20_S01_R05,VPLC_L1_LIGHT_10_20,SER_20260509_VPLC_L1_LIGHT_10_20_S01,vPLC_container,VPLC_HOST,697,,,2026-05-09T17:33:44.268679822Z,,,,host_log,10,20,,,,,,1,32,,technical_check,vplc_status_cycle_duration_not_validated_as_Tper,0.066,100,работает
RUN_20260509_VPLC_L1_LIGHT_10_20_S01_R05,VPLC_L1_LIGHT_10_20,SER_20260509_VPLC_L1_LIGHT_10_20_S01,vPLC_container,VPLC_HOST,698,,,2026-05-09T17:33:45.324998736Z,,,,host_log,10,20,,,,,,1,32,,technical_check,vplc_status_cycle_duration_not_validated_as_Tper,0.068,100,работает
RUN_20260509_VPLC_L1_LIGHT_10_20_S01_R05,VPLC_L1_LIGHT_10_20,SER_20260509_VPLC_L1_LIGHT_10_20_S01,vPLC_container,VPLC_HOST,699,,,2026-05-09T17:33:46.381168726Z,,,,host_log,10,20,,,,,,1,32,,technical_check,vplc_status_cycle_duration_not_validated_as_Tper,4.627,100,работает
RUN_20260509_VPLC_L1_LIGHT_10_20_S01_R05,VPLC_L1_LIGHT_10_20,SER_20260509_VPLC_L1_LIGHT_10_20_S01,vPLC_container,VPLC_HOST,700,,,2026-05-09T17:33:47.436179122Z,,,,host_log,10,20,,,,,,1,32,,technical_check,vplc_status_cycle_duration_not_validated_as_Tper,0.049,100,работает
RUN_20260509_VPLC_L1_LIGHT_10_20_S01_R05,VPLC_L1_LIGHT_10_20,SER_20260509_VPLC_L1_LIGHT_10_20_S01,vPLC_container,VPLC_HOST,701,,,2026-05-09T17:33:48.488894837Z,,,,host_log,10,20,,,,,,1,32,,technical_check,vplc_status_cycle_duration_not_validated_as_Tper,0.069,100,работает
RUN_20260509_VPLC_L1_LIGHT_10_20_S01_R05,VPLC_L1_LIGHT_10_20,SER_20260509_VPLC_L1_LIGHT_10_20_S01,vPLC_container,VPLC_HOST,702,,,2026-05-09T17:33:49.543794592Z,,,,host_log,10,20,,,,,,1,32,,technical_check,vplc_status_cycle_duration_not_validated_as_Tper,0.049,100,работает
RUN_20260509_VPLC_L1_LIGHT_10_20_S01_R05,VPLC_L1_LIGHT_10_20,SER_20260509_VPLC_L1_LIGHT_10_20_S01,vPLC_container,VPLC_HOST,703,,,2026-05-09T17:33:50.600117211Z,,,,host_log,10,20,,,,,,1,32,,technical_check,vplc_status_cycle_duration_not_validated_as_Tper,0.070,100,работает
RUN_20260509_VPLC_L1_LIGHT_10_20_S01_R05,VPLC_L1_LIGHT_10_20,SER_20260509_VPLC_L1_LIGHT_10_20_S01,vPLC_container,VPLC_HOST,704,,,2026-05-09T17:33:51.656887751Z,,,,host_log,10,20,,,,,,1,32,,technical_check,vplc_status_cycle_duration_not_validated_as_Tper,0.041,100,работает
RUN_20260509_VPLC_L1_LIGHT_10_20_S01_R05,VPLC_L1_LIGHT_10_20,SER_20260509_VPLC_L1_LIGHT_10_20_S01,vPLC_container,VPLC_HOST,705,,,2026-05-09T17:33:52.713526302Z,,,,host_log,10,20,,,,,,1,32,,technical_check,vplc_status_cycle_duration_not_validated_as_Tper,0.071,100,работает
RUN_20260509_VPLC_L1_LIGHT_10_20_S01_R05,VPLC_L1_LIGHT_10_20,SER_20260509_VPLC_L1_LIGHT_10_20_S01,vPLC_container,VPLC_HOST,706,,,2026-05-09T17:33:53.766896482Z,,,,host_log,10,20,,,,,,1,32,,technical_check,vplc_status_cycle_duration_not_validated_as_Tper,0.070,100,работает
RUN_20260509_VPLC_L1_LIGHT_10_20_S01_R05,VPLC_L1_LIGHT_10_20,SER_20260509_VPLC_L1_LIGHT_10_20_S01,vPLC_container,VPLC_HOST,707,,,2026-05-09T17:33:54.824205734Z,,,,host_log,10,20,,,,,,1,32,,technical_check,vplc_status_cycle_duration_not_validated_as_Tper,0.048,100,работает
RUN_20260509_VPLC_L1_LIGHT_10_20_S01_R05,VPLC_L1_LIGHT_10_20,SER_20260509_VPLC_L1_LIGHT_10_20_S01,vPLC_container,VPLC_HOST,708,,,2026-05-09T17:33:55.879603505Z,,,,host_log,10,20,,,,,,1,32,,technical_check,vplc_status_cycle_duration_not_validated_as_Tper,0.070,100,работает
RUN_20260509_VPLC_L1_LIGHT_10_20_S01_R05,VPLC_L1_LIGHT_10_20,SER_20260509_VPLC_L1_LIGHT_10_20_S01,vPLC_container,VPLC_HOST,709,,,2026-05-09T17:33:56.934819304Z,,,,host_log,10,20,,,,,,1,32,,technical_check,vplc_status_cycle_duration_not_validated_as_Tper,0.048,100,работает
RUN_20260509_VPLC_L1_LIGHT_10_20_S01_R05,VPLC_L1_LIGHT_10_20,SER_20260509_VPLC_L1_LIGHT_10_20_S01,vPLC_container,VPLC_HOST,710,,,2026-05-09T17:33:57.989782420Z,,,,host_log,10,20,,,,,,1,32,,technical_check,vplc_status_cycle_duration_not_validated_as_Tper,0.069,100,работает
RUN_20260509_VPLC_L1_LIGHT_10_20_S01_R05,VPLC_L1_LIGHT_10_20,SER_20260509_VPLC_L1_LIGHT_10_20_S01,vPLC_container,VPLC_HOST,711,,,2026-05-09T17:33:59.042531288Z,,,,host_log,10,20,,,,,,1,32,,technical_check,vplc_status_cycle_duration_not_validated_as_Tper,0.049,100,работает
RUN_20260509_VPLC_L1_LIGHT_10_20_S01_R05,VPLC_L1_LIGHT_10_20,SER_20260509_VPLC_L1_LIGHT_10_20_S01,vPLC_container,VPLC_HOST,712,,,2026-05-09T17:34:00.097754683Z,,,,host_log,10,20,,,,,,1,32,,technical_check,vplc_status_cycle_duration_not_validated_as_Tper,0.070,100,работает
RUN_20260509_VPLC_L1_LIGHT_10_20_S01_R05,VPLC_L1_LIGHT_10_20,SER_20260509_VPLC_L1_LIGHT_10_20_S01,vPLC_container,VPLC_HOST,713,,,2026-05-09T17:34:01.155898128Z,,,,host_log,10,20,,,,,,1,32,,technical_check,vplc_status_cycle_duration_not_validated_as_Tper,0.043,100,работает
RUN_20260509_VPLC_L1_LIGHT_10_20_S01_R05,VPLC_L1_LIGHT_10_20,SER_20260509_VPLC_L1_LIGHT_10_20_S01,vPLC_container,VPLC_HOST,714,,,2026-05-09T17:34:02.211716789Z,,,,host_log,10,20,,,,,,1,32,,technical_check,vplc_status_cycle_duration_not_validated_as_Tper,0.068,100,работает
RUN_20260509_VPLC_L1_LIGHT_10_20_S01_R05,VPLC_L1_LIGHT_10_20,SER_20260509_VPLC_L1_LIGHT_10_20_S01,vPLC_container,VPLC_HOST,715,,,2026-05-09T17:34:03.266822604Z,,,,host_log,10,20,,,,,,1,32,,technical_check,vplc_status_cycle_duration_not_validated_as_Tper,0.068,100,работает
RUN_20260509_VPLC_L1_LIGHT_10_20_S01_R05,VPLC_L1_LIGHT_10_20,SER_20260509_VPLC_L1_LIGHT_10_20_S01,vPLC_container,VPLC_HOST,716,,,2026-05-09T17:34:04.320401557Z,,,,host_log,10,20,,,,,,1,32,,technical_check,vplc_status_cycle_duration_not_validated_as_Tper,0.065,100,работает
RUN_20260509_VPLC_L1_LIGHT_10_20_S01_R05,VPLC_L1_LIGHT_10_20,SER_20260509_VPLC_L1_LIGHT_10_20_S01,vPLC_container,VPLC_HOST,717,,,2026-05-09T17:34:05.377171064Z,,,,host_log,10,20,,,,,,1,32,,technical_check,vplc_status_cycle_duration_not_validated_as_Tper,4.994,100,работает
RUN_20260509_VPLC_L1_LIGHT_10_20_S01_R05,VPLC_L1_LIGHT_10_20,SER_20260509_VPLC_L1_LIGHT_10_20_S01,vPLC_container,VPLC_HOST,718,,,2026-05-09T17:34:06.432512118Z,,,,host_log,10,20,,,,,,1,32,,technical_check,vplc_status_cycle_duration_not_validated_as_Tper,0.049,100,работает
RUN_20260509_VPLC_L1_LIGHT_10_20_S01_R05,VPLC_L1_LIGHT_10_20,SER_20260509_VPLC_L1_LIGHT_10_20_S01,vPLC_container,VPLC_HOST,719,,,2026-05-09T17:34:07.488429082Z,,,,host_log,10,20,,,,,,1,32,,technical_check,vplc_status_cycle_duration_not_validated_as_Tper,0.070,100,работает
RUN_20260509_VPLC_L1_LIGHT_10_20_S01_R05,VPLC_L1_LIGHT_10_20,SER_20260509_VPLC_L1_LIGHT_10_20_S01,vPLC_container,VPLC_HOST,720,,,2026-05-09T17:34:08.543126728Z,,,,host_log,10,20,,,,,,1,32,,technical_check,vplc_status_cycle_duration_not_validated_as_Tper,0.048,100,работает
RUN_20260509_VPLC_L1_LIGHT_10_20_S01_R05,VPLC_L1_LIGHT_10_20,SER_20260509_VPLC_L1_LIGHT_10_20_S01,vPLC_container,VPLC_HOST,721,,,2026-05-09T17:34:09.598561276Z,,,,host_log,10,20,,,,,,1,32,,technical_check,vplc_status_cycle_duration_not_validated_as_Tper,0.069,100,работает
RUN_20260509_VPLC_L1_LIGHT_10_20_S01_R05,VPLC_L1_LIGHT_10_20,SER_20260509_VPLC_L1_LIGHT_10_20_S01,vPLC_container,VPLC_HOST,722,,,2026-05-09T17:34:10.653774795Z,,,,host_log,10,20,,,,,,1,32,,technical_check,vplc_status_cycle_duration_not_validated_as_Tper,0.036,100,работает
RUN_20260509_VPLC_L1_LIGHT_10_20_S01_R05,VPLC_L1_LIGHT_10_20,SER_20260509_VPLC_L1_LIGHT_10_20_S01,vPLC_container,VPLC_HOST,723,,,2026-05-09T17:34:11.709624375Z,,,,host_log,10,20,,,,,,1,32,,technical_check,vplc_status_cycle_duration_not_validated_as_Tper,0.070,100,работает
RUN_20260509_VPLC_L1_LIGHT_10_20_S01_R05,VPLC_L1_LIGHT_10_20,SER_20260509_VPLC_L1_LIGHT_10_20_S01,vPLC_container,VPLC_HOST,724,,,2026-05-09T17:34:12.764416518Z,,,,host_log,10,20,,,,,,1,32,,technical_check,vplc_status_cycle_duration_not_validated_as_Tper,0.070,100,работает
RUN_20260509_VPLC_L1_LIGHT_10_20_S01_R05,VPLC_L1_LIGHT_10_20,SER_20260509_VPLC_L1_LIGHT_10_20_S01,vPLC_container,VPLC_HOST,725,,,2026-05-09T17:34:13.820729168Z,,,,host_log,10,20,,,,,,1,32,,technical_check,vplc_status_cycle_duration_not_validated_as_Tper,0.070,100,работает
RUN_20260509_VPLC_L1_LIGHT_10_20_S01_R05,VPLC_L1_LIGHT_10_20,SER_20260509_VPLC_L1_LIGHT_10_20_S01,vPLC_container,VPLC_HOST,726,,,2026-05-09T17:34:14.875170023Z,,,,host_log,10,20,,,,,,1,32,,technical_check,vplc_status_cycle_duration_not_validated_as_Tper,0.071,100,работает
RUN_20260509_VPLC_L1_LIGHT_10_20_S01_R05,VPLC_L1_LIGHT_10_20,SER_20260509_VPLC_L1_LIGHT_10_20_S01,vPLC_container,VPLC_HOST,727,,,2026-05-09T17:34:15.927564778Z,,,,host_log,10,20,,,,,,1,32,,technical_check,vplc_status_cycle_duration_not_validated_as_Tper,0.048,100,работает
RUN_20260509_VPLC_L1_LIGHT_10_20_S01_R05,VPLC_L1_LIGHT_10_20,SER_20260509_VPLC_L1_LIGHT_10_20_S01,vPLC_container,VPLC_HOST,728,,,2026-05-09T17:34:16.984727415Z,,,,host_log,10,20,,,,,,1,32,,technical_check,vplc_status_cycle_duration_not_validated_as_Tper,0.070,100,работает
RUN_20260509_VPLC_L1_LIGHT_10_20_S01_R05,VPLC_L1_LIGHT_10_20,SER_20260509_VPLC_L1_LIGHT_10_20_S01,vPLC_container,VPLC_HOST,729,,,2026-05-09T17:34:18.040664488Z,,,,host_log,10,20,,,,,,1,32,,technical_check,vplc_status_cycle_duration_not_validated_as_Tper,0.049,100,работает
RUN_20260509_VPLC_L1_LIGHT_10_20_S01_R05,VPLC_L1_LIGHT_10_20,SER_20260509_VPLC_L1_LIGHT_10_20_S01,vPLC_container,VPLC_HOST,730,,,2026-05-09T17:34:19.095923029Z,,,,host_log,10,20,,,,,,1,32,,technical_check,vplc_status_cycle_duration_not_validated_as_Tper,0.068,100,работает
RUN_20260509_VPLC_L1_LIGHT_10_20_S01_R05,VPLC_L1_LIGHT_10_20,SER_20260509_VPLC_L1_LIGHT_10_20_S01,vPLC_container,VPLC_HOST,731,,,2026-05-09T17:34:20.151482227Z,,,,host_log,10,20,,,,,,1,32,,technical_check,vplc_status_cycle_duration_not_validated_as_Tper,0.028,100,работает
RUN_20260509_VPLC_L1_LIGHT_10_20_S01_R05,VPLC_L1_LIGHT_10_20,SER_20260509_VPLC_L1_LIGHT_10_20_S01,vPLC_container,VPLC_HOST,732,,,2026-05-09T17:34:21.203827401Z,,,,host_log,10,20,,,,,,1,32,,technical_check,vplc_status_cycle_duration_not_validated_as_Tper,0.072,100,работает
RUN_20260509_VPLC_L1_LIGHT_10_20_S01_R05,VPLC_L1_LIGHT_10_20,SER_20260509_VPLC_L1_LIGHT_10_20_S01,vPLC_container,VPLC_HOST,733,,,2026-05-09T17:34:22.262495330Z,,,,host_log,10,20,,,,,,1,32,,technical_check,vplc_status_cycle_duration_not_validated_as_Tper,0.069,100,работает
RUN_20260509_VPLC_L1_LIGHT_10_20_S01_R05,VPLC_L1_LIGHT_10_20,SER_20260509_VPLC_L1_LIGHT_10_20_S01,vPLC_container,VPLC_HOST,734,,,2026-05-09T17:34:23.317096750Z,,,,host_log,10,20,,,,,,1,32,,technical_check,vplc_status_cycle_duration_not_validated_as_Tper,0.069,100,работает
RUN_20260509_VPLC_L1_LIGHT_10_20_S01_R05,VPLC_L1_LIGHT_10_20,SER_20260509_VPLC_L1_LIGHT_10_20_S01,vPLC_container,VPLC_HOST,735,,,2026-05-09T17:34:24.370853575Z,,,,host_log,10,20,,,,,,1,32,,technical_check,vplc_status_cycle_duration_not_validated_as_Tper,4.452,100,работает
RUN_20260509_VPLC_L1_LIGHT_10_20_S01_R05,VPLC_L1_LIGHT_10_20,SER_20260509_VPLC_L1_LIGHT_10_20_S01,vPLC_container,VPLC_HOST,736,,,2026-05-09T17:34:25.428142954Z,,,,host_log,10,20,,,,,,1,32,,technical_check,vplc_status_cycle_duration_not_validated_as_Tper,0.069,100,работает
RUN_20260509_VPLC_L1_LIGHT_10_20_S01_R05,VPLC_L1_LIGHT_10_20,SER_20260509_VPLC_L1_LIGHT_10_20_S01,vPLC_container,VPLC_HOST,737,,,2026-05-09T17:34:26.483670158Z,,,,host_log,10,20,,,,,,1,32,,technical_check,vplc_status_cycle_duration_not_validated_as_Tper,0.069,100,работает
RUN_20260509_VPLC_L1_LIGHT_10_20_S01_R05,VPLC_L1_LIGHT_10_20,SER_20260509_VPLC_L1_LIGHT_10_20_S01,vPLC_container,VPLC_HOST,738,,,2026-05-09T17:34:27.538788186Z,,,,host_log,10,20,,,,,,1,32,,technical_check,vplc_status_cycle_duration_not_validated_as_Tper,0.050,100,работает
RUN_20260509_VPLC_L1_LIGHT_10_20_S01_R05,VPLC_L1_LIGHT_10_20,SER_20260509_VPLC_L1_LIGHT_10_20_S01,vPLC_container,VPLC_HOST,739,,,2026-05-09T17:34:28.593260254Z,,,,host_log,10,20,,,,,,1,32,,technical_check,vplc_status_cycle_duration_not_validated_as_Tper,0.073,100,работает
RUN_20260509_VPLC_L1_LIGHT_10_20_S01_R05,VPLC_L1_LIGHT_10_20,SER_20260509_VPLC_L1_LIGHT_10_20_S01,vPLC_container,VPLC_HOST,740,,,2026-05-09T17:34:29.648919412Z,,,,host_log,10,20,,,,,,1,32,,technical_check,vplc_status_cycle_duration_not_validated_as_Tper,0.031,100,работает
RUN_20260509_VPLC_L1_LIGHT_10_20_S01_R05,VPLC_L1_LIGHT_10_20,SER_20260509_VPLC_L1_LIGHT_10_20_S01,vPLC_container,VPLC_HOST,741,,,2026-05-09T17:34:30.704464706Z,,,,host_log,10,20,,,,,,1,32,,technical_check,vplc_status_cycle_duration_not_validated_as_Tper,0.067,100,работает
RUN_20260509_VPLC_L1_LIGHT_10_20_S01_R05,VPLC_L1_LIGHT_10_20,SER_20260509_VPLC_L1_LIGHT_10_20_S01,vPLC_container,VPLC_HOST,742,,,2026-05-09T17:34:31.759381758Z,,,,host_log,10,20,,,,,,1,32,,technical_check,vplc_status_cycle_duration_not_validated_as_Tper,0.062,100,работает
RUN_20260509_VPLC_L1_LIGHT_10_20_S01_R05,VPLC_L1_LIGHT_10_20,SER_20260509_VPLC_L1_LIGHT_10_20_S01,vPLC_container,VPLC_HOST,743,,,2026-05-09T17:34:32.813830942Z,,,,host_log,10,20,,,,,,1,32,,technical_check,vplc_status_cycle_duration_not_validated_as_Tper,0.070,100,работает
RUN_20260509_VPLC_L1_LIGHT_10_20_S01_R05,VPLC_L1_LIGHT_10_20,SER_20260509_VPLC_L1_LIGHT_10_20_S01,vPLC_container,VPLC_HOST,744,,,2026-05-09T17:34:33.868069827Z,,,,host_log,10,20,,,,,,1,32,,technical_check,vplc_status_cycle_duration_not_validated_as_Tper,0.071,100,работает
RUN_20260509_VPLC_L1_LIGHT_10_20_S01_R05,VPLC_L1_LIGHT_10_20,SER_20260509_VPLC_L1_LIGHT_10_20_S01,vPLC_container,VPLC_HOST,745,,,2026-05-09T17:34:34.926423465Z,,,,host_log,10,20,,,,,,1,32,,technical_check,vplc_status_cycle_duration_not_validated_as_Tper,0.049,100,работает
RUN_20260509_VPLC_L1_LIGHT_10_20_S01_R05,VPLC_L1_LIGHT_10_20,SER_20260509_VPLC_L1_LIGHT_10_20_S01,vPLC_container,VPLC_HOST,746,,,2026-05-09T17:34:35.978829350Z,,,,host_log,10,20,,,,,,1,32,,technical_check,vplc_status_cycle_duration_not_validated_as_Tper,0.068,100,работает
RUN_20260509_VPLC_L1_LIGHT_10_20_S01_R05,VPLC_L1_LIGHT_10_20,SER_20260509_VPLC_L1_LIGHT_10_20_S01,vPLC_container,VPLC_HOST,747,,,2026-05-09T17:34:37.032522371Z,,,,host_log,10,20,,,,,,1,32,,technical_check,vplc_status_cycle_duration_not_validated_as_Tper,0.048,100,работает
RUN_20260509_VPLC_L1_LIGHT_10_20_S01_R05,VPLC_L1_LIGHT_10_20,SER_20260509_VPLC_L1_LIGHT_10_20_S01,vPLC_container,VPLC_HOST,748,,,2026-05-09T17:34:38.089041482Z,,,,host_log,10,20,,,,,,1,32,,technical_check,vplc_status_cycle_duration_not_validated_as_Tper,0.070,100,работает
RUN_20260509_VPLC_L1_LIGHT_10_20_S01_R05,VPLC_L1_LIGHT_10_20,SER_20260509_VPLC_L1_LIGHT_10_20_S01,vPLC_container,VPLC_HOST,749,,,2026-05-09T17:34:39.146745758Z,,,,host_log,10,20,,,,,,1,32,,technical_check,vplc_status_cycle_duration_not_validated_as_Tper,0.039,100,работает
RUN_20260509_VPLC_L1_LIGHT_10_20_S01_R05,VPLC_L1_LIGHT_10_20,SER_20260509_VPLC_L1_LIGHT_10_20_S01,vPLC_container,VPLC_HOST,750,,,2026-05-09T17:34:40.200617281Z,,,,host_log,10,20,,,,,,1,32,,technical_check,vplc_status_cycle_duration_not_validated_as_Tper,0.069,100,работает
RUN_20260509_VPLC_L1_LIGHT_10_20_S01_R05,VPLC_L1_LIGHT_10_20,SER_20260509_VPLC_L1_LIGHT_10_20_S01,vPLC_container,VPLC_HOST,751,,,2026-05-09T17:34:41.258856994Z,,,,host_log,10,20,,,,,,1,32,,technical_check,vplc_status_cycle_duration_not_validated_as_Tper,0.054,100,работает
RUN_20260509_VPLC_L1_LIGHT_10_20_S01_R05,VPLC_L1_LIGHT_10_20,SER_20260509_VPLC_L1_LIGHT_10_20_S01,vPLC_container,VPLC_HOST,752,,,2026-05-09T17:34:42.313919364Z,,,,host_log,10,20,,,,,,1,32,,technical_check,vplc_status_cycle_duration_not_validated_as_Tper,0.069,100,работает
RUN_20260509_VPLC_L1_LIGHT_10_20_S01_R05,VPLC_L1_LIGHT_10_20,SER_20260509_VPLC_L1_LIGHT_10_20_S01,vPLC_container,VPLC_HOST,753,,,2026-05-09T17:34:43.368332064Z,,,,host_log,10,20,,,,,,1,32,,technical_check,vplc_status_cycle_duration_not_validated_as_Tper,4.793,100,работает
RUN_20260509_VPLC_L1_LIGHT_10_20_S01_R05,VPLC_L1_LIGHT_10_20,SER_20260509_VPLC_L1_LIGHT_10_20_S01,vPLC_container,VPLC_HOST,754,,,2026-05-09T17:34:44.422147074Z,,,,host_log,10,20,,,,,,1,32,,technical_check,vplc_status_cycle_duration_not_validated_as_Tper,0.043,100,работает
RUN_20260509_VPLC_L1_LIGHT_10_20_S01_R05,VPLC_L1_LIGHT_10_20,SER_20260509_VPLC_L1_LIGHT_10_20_S01,vPLC_container,VPLC_HOST,755,,,2026-05-09T17:34:45.475830575Z,,,,host_log,10,20,,,,,,1,32,,technical_check,vplc_status_cycle_duration_not_validated_as_Tper,0.070,100,работает
RUN_20260509_VPLC_L1_LIGHT_10_20_S01_R05,VPLC_L1_LIGHT_10_20,SER_20260509_VPLC_L1_LIGHT_10_20_S01,vPLC_container,VPLC_HOST,756,,,2026-05-09T17:34:46.534909572Z,,,,host_log,10,20,,,,,,1,32,,technical_check,vplc_status_cycle_duration_not_validated_as_Tper,0.050,100,работает
RUN_20260509_VPLC_L1_LIGHT_10_20_S01_R05,VPLC_L1_LIGHT_10_20,SER_20260509_VPLC_L1_LIGHT_10_20_S01,vPLC_container,VPLC_HOST,757,,,2026-05-09T17:34:47.589413373Z,,,,host_log,10,20,,,,,,1,32,,technical_check,vplc_status_cycle_duration_not_validated_as_Tper,0.070,100,работает
RUN_20260509_VPLC_L1_LIGHT_10_20_S01_R05,VPLC_L1_LIGHT_10_20,SER_20260509_VPLC_L1_LIGHT_10_20_S01,vPLC_container,VPLC_HOST,758,,,2026-05-09T17:34:48.643352107Z,,,,host_log,10,20,,,,,,1,32,,technical_check,vplc_status_cycle_duration_not_validated_as_Tper,0.050,100,работает
RUN_20260509_VPLC_L1_LIGHT_10_20_S01_R05,VPLC_L1_LIGHT_10_20,SER_20260509_VPLC_L1_LIGHT_10_20_S01,vPLC_container,VPLC_HOST,759,,,2026-05-09T17:34:49.697505445Z,,,,host_log,10,20,,,,,,1,32,,technical_check,vplc_status_cycle_duration_not_validated_as_Tper,0.069,100,работает
RUN_20260509_VPLC_L1_LIGHT_10_20_S01_R05,VPLC_L1_LIGHT_10_20,SER_20260509_VPLC_L1_LIGHT_10_20_S01,vPLC_container,VPLC_HOST,760,,,2026-05-09T17:34:50.754191164Z,,,,host_log,10,20,,,,,,1,32,,technical_check,vplc_status_cycle_duration_not_validated_as_Tper,0.035,100,работает
RUN_20260509_VPLC_L1_LIGHT_10_20_S01_R05,VPLC_L1_LIGHT_10_20,SER_20260509_VPLC_L1_LIGHT_10_20_S01,vPLC_container,VPLC_HOST,761,,,2026-05-09T17:34:51.809317723Z,,,,host_log,10,20,,,,,,1,32,,technical_check,vplc_status_cycle_duration_not_validated_as_Tper,0.069,100,работает
RUN_20260509_VPLC_L1_LIGHT_10_20_S01_R05,VPLC_L1_LIGHT_10_20,SER_20260509_VPLC_L1_LIGHT_10_20_S01,vPLC_container,VPLC_HOST,762,,,2026-05-09T17:34:52.866911639Z,,,,host_log,10,20,,,,,,1,32,,technical_check,vplc_status_cycle_duration_not_validated_as_Tper,0.070,100,работает
RUN_20260509_VPLC_L1_LIGHT_10_20_S01_R05,VPLC_L1_LIGHT_10_20,SER_20260509_VPLC_L1_LIGHT_10_20_S01,vPLC_container,VPLC_HOST,763,,,2026-05-09T17:34:53.923091083Z,,,,host_log,10,20,,,,,,1,32,,technical_check,vplc_status_cycle_duration_not_validated_as_Tper,0.069,100,работает
RUN_20260509_VPLC_L1_LIGHT_10_20_S01_R05,VPLC_L1_LIGHT_10_20,SER_20260509_VPLC_L1_LIGHT_10_20_S01,vPLC_container,VPLC_HOST,764,,,2026-05-09T17:34:54.978077556Z,,,,host_log,10,20,,,,,,1,32,,technical_check,vplc_status_cycle_duration_not_validated_as_Tper,0.068,100,работает
RUN_20260509_VPLC_L1_LIGHT_10_20_S01_R05,VPLC_L1_LIGHT_10_20,SER_20260509_VPLC_L1_LIGHT_10_20_S01,vPLC_container,VPLC_HOST,765,,,2026-05-09T17:34:56.032594722Z,,,,host_log,10,20,,,,,,1,32,,technical_check,vplc_status_cycle_duration_not_validated_as_Tper,0.048,100,работает
RUN_20260509_VPLC_L1_LIGHT_10_20_S01_R05,VPLC_L1_LIGHT_10_20,SER_20260509_VPLC_L1_LIGHT_10_20_S01,vPLC_container,VPLC_HOST,766,,,2026-05-09T17:34:57.088540111Z,,,,host_log,10,20,,,,,,1,32,,technical_check,vplc_status_cycle_duration_not_validated_as_Tper,0.069,100,работает
RUN_20260509_VPLC_L1_LIGHT_10_20_S01_R05,VPLC_L1_LIGHT_10_20,SER_20260509_VPLC_L1_LIGHT_10_20_S01,vPLC_container,VPLC_HOST,767,,,2026-05-09T17:34:58.141251250Z,,,,host_log,10,20,,,,,,1,32,,technical_check,vplc_status_cycle_duration_not_validated_as_Tper,0.049,100,работает
RUN_20260509_VPLC_L1_LIGHT_10_20_S01_R05,VPLC_L1_LIGHT_10_20,SER_20260509_VPLC_L1_LIGHT_10_20_S01,vPLC_container,VPLC_HOST,768,,,2026-05-09T17:34:59.198840469Z,,,,host_log,10,20,,,,,,1,32,,technical_check,vplc_status_cycle_duration_not_validated_as_Tper,0.070,100,работает
RUN_20260509_VPLC_L1_LIGHT_10_20_S01_R05,VPLC_L1_LIGHT_10_20,SER_20260509_VPLC_L1_LIGHT_10_20_S01,vPLC_container,VPLC_HOST,769,,,2026-05-09T17:35:00.250811065Z,,,,host_log,10,20,,,,,,1,32,,technical_check,vplc_status_cycle_duration_not_validated_as_Tper,0.029,100,работает
RUN_20260509_VPLC_L1_LIGHT_10_20_S01_R05,VPLC_L1_LIGHT_10_20,SER_20260509_VPLC_L1_LIGHT_10_20_S01,vPLC_container,VPLC_HOST,770,,,2026-05-09T17:35:01.308756270Z,,,,host_log,10,20,,,,,,1,32,,technical_check,vplc_status_cycle_duration_not_validated_as_Tper,0.028,100,работает
RUN_20260509_VPLC_L1_LIGHT_10_20_S01_R05,VPLC_L1_LIGHT_10_20,SER_20260509_VPLC_L1_LIGHT_10_20_S01,vPLC_container,VPLC_HOST,771,,,2026-05-09T17:35:02.364438250Z,,,,host_log,10,20,,,,,,1,32,,technical_check,vplc_status_cycle_duration_not_validated_as_Tper,5.012,100,работает
RUN_20260509_VPLC_L1_LIGHT_10_20_S01_R05,VPLC_L1_LIGHT_10_20,SER_20260509_VPLC_L1_LIGHT_10_20_S01,vPLC_container,VPLC_HOST,772,,,2026-05-09T17:35:03.420646773Z,,,,host_log,10,20,,,,,,1,32,,technical_check,vplc_status_cycle_duration_not_validated_as_Tper,4.672,100,работает
RUN_20260509_VPLC_L1_LIGHT_10_20_S01_R05,VPLC_L1_LIGHT_10_20,SER_20260509_VPLC_L1_LIGHT_10_20_S01,vPLC_container,VPLC_HOST,773,,,2026-05-09T17:35:04.474528774Z,,,,host_log,10,20,,,,,,1,32,,technical_check,vplc_status_cycle_duration_not_validated_as_Tper,0.071,100,работает
RUN_20260509_VPLC_L1_LIGHT_10_20_S01_R05,VPLC_L1_LIGHT_10_20,SER_20260509_VPLC_L1_LIGHT_10_20_S01,vPLC_container,VPLC_HOST,774,,,2026-05-09T17:35:05.528919233Z,,,,host_log,10,20,,,,,,1,32,,technical_check,vplc_status_cycle_duration_not_validated_as_Tper,0.049,100,работает
RUN_20260509_VPLC_L1_LIGHT_10_20_S01_R05,VPLC_L1_LIGHT_10_20,SER_20260509_VPLC_L1_LIGHT_10_20_S01,vPLC_container,VPLC_HOST,775,,,2026-05-09T17:35:06.585689107Z,,,,host_log,10,20,,,,,,1,32,,technical_check,vplc_status_cycle_duration_not_validated_as_Tper,0.069,100,работает
RUN_20260509_VPLC_L1_LIGHT_10_20_S01_R05,VPLC_L1_LIGHT_10_20,SER_20260509_VPLC_L1_LIGHT_10_20_S01,vPLC_container,VPLC_HOST,776,,,2026-05-09T17:35:07.638709451Z,,,,host_log,10,20,,,,,,1,32,,technical_check,vplc_status_cycle_duration_not_validated_as_Tper,0.048,100,работает
RUN_20260509_VPLC_L1_LIGHT_10_20_S01_R05,VPLC_L1_LIGHT_10_20,SER_20260509_VPLC_L1_LIGHT_10_20_S01,vPLC_container,VPLC_HOST,777,,,2026-05-09T17:35:08.696198397Z,,,,host_log,10,20,,,,,,1,32,,technical_check,vplc_status_cycle_duration_not_validated_as_Tper,0.069,100,работает
RUN_20260509_VPLC_L1_LIGHT_10_20_S01_R05,VPLC_L1_LIGHT_10_20,SER_20260509_VPLC_L1_LIGHT_10_20_S01,vPLC_container,VPLC_HOST,778,,,2026-05-09T17:35:09.751910698Z,,,,host_log,10,20,,,,,,1,32,,technical_check,vplc_status_cycle_duration_not_validated_as_Tper,0.028,100,работает
RUN_20260509_VPLC_L1_LIGHT_10_20_S01_R05,VPLC_L1_LIGHT_10_20,SER_20260509_VPLC_L1_LIGHT_10_20_S01,vPLC_container,VPLC_HOST,779,,,2026-05-09T17:35:10.807105654Z,,,,host_log,10,20,,,,,,1,32,,technical_check,vplc_status_cycle_duration_not_validated_as_Tper,0.070,100,работает
RUN_20260509_VPLC_L1_LIGHT_10_20_S01_R05,VPLC_L1_LIGHT_10_20,SER_20260509_VPLC_L1_LIGHT_10_20_S01,vPLC_container,VPLC_HOST,780,,,2026-05-09T17:35:11.862421379Z,,,,host_log,10,20,,,,,,1,32,,technical_check,vplc_status_cycle_duration_not_validated_as_Tper,0.069,100,работает
RUN_20260509_VPLC_L1_LIGHT_10_20_S01_R05,VPLC_L1_LIGHT_10_20,SER_20260509_VPLC_L1_LIGHT_10_20_S01,vPLC_container,VPLC_HOST,781,,,2026-05-09T17:35:12.917873267Z,,,,host_log,10,20,,,,,,1,32,,technical_check,vplc_status_cycle_duration_not_validated_as_Tper,0.071,100,работает
RUN_20260509_VPLC_L1_LIGHT_10_20_S01_R05,VPLC_L1_LIGHT_10_20,SER_20260509_VPLC_L1_LIGHT_10_20_S01,vPLC_container,VPLC_HOST,782,,,2026-05-09T17:35:13.973379081Z,,,,host_log,10,20,,,,,,1,32,,technical_check,vplc_status_cycle_duration_not_validated_as_Tper,0.067,100,работает
RUN_20260509_VPLC_L1_LIGHT_10_20_S01_R05,VPLC_L1_LIGHT_10_20,SER_20260509_VPLC_L1_LIGHT_10_20_S01,vPLC_container,VPLC_HOST,783,,,2026-05-09T17:35:15.028720107Z,,,,host_log,10,20,,,,,,1,32,,technical_check,vplc_status_cycle_duration_not_validated_as_Tper,0.068,100,работает
RUN_20260509_VPLC_L1_LIGHT_10_20_S01_R05,VPLC_L1_LIGHT_10_20,SER_20260509_VPLC_L1_LIGHT_10_20_S01,vPLC_container,VPLC_HOST,784,,,2026-05-09T17:35:16.084209269Z,,,,host_log,10,20,,,,,,1,32,,technical_check,vplc_status_cycle_duration_not_validated_as_Tper,0.069,100,работает
RUN_20260509_VPLC_L1_LIGHT_10_20_S01_R05,VPLC_L1_LIGHT_10_20,SER_20260509_VPLC_L1_LIGHT_10_20_S01,vPLC_container,VPLC_HOST,785,,,2026-05-09T17:35:17.140053852Z,,,,host_log,10,20,,,,,,1,32,,technical_check,vplc_status_cycle_duration_not_validated_as_Tper,0.049,100,работает
RUN_20260509_VPLC_L1_LIGHT_10_20_S01_R05,VPLC_L1_LIGHT_10_20,SER_20260509_VPLC_L1_LIGHT_10_20_S01,vPLC_container,VPLC_HOST,786,,,2026-05-09T17:35:18.192145300Z,,,,host_log,10,20,,,,,,1,32,,technical_check,vplc_status_cycle_duration_not_validated_as_Tper,0.070,100,работает
RUN_20260509_VPLC_L1_LIGHT_10_20_S01_R05,VPLC_L1_LIGHT_10_20,SER_20260509_VPLC_L1_LIGHT_10_20_S01,vPLC_container,VPLC_HOST,787,,,2026-05-09T17:35:19.250038998Z,,,,host_log,10,20,,,,,,1,32,,technical_check,vplc_status_cycle_duration_not_validated_as_Tper,0.028,100,работает
RUN_20260509_VPLC_L1_LIGHT_10_20_S01_R05,VPLC_L1_LIGHT_10_20,SER_20260509_VPLC_L1_LIGHT_10_20_S01,vPLC_container,VPLC_HOST,788,,,2026-05-09T17:35:20.305045064Z,,,,host_log,10,20,,,,,,1,32,,technical_check,vplc_status_cycle_duration_not_validated_as_Tper,0.070,100,работает
RUN_20260509_VPLC_L1_LIGHT_10_20_S01_R05,VPLC_L1_LIGHT_10_20,SER_20260509_VPLC_L1_LIGHT_10_20_S01,vPLC_container,VPLC_HOST,789,,,2026-05-09T17:35:21.359766085Z,,,,host_log,10,20,,,,,,1,32,,technical_check,vplc_status_cycle_duration_not_validated_as_Tper,4.488,100,работает
RUN_20260509_VPLC_L1_LIGHT_10_20_S01_R05,VPLC_L1_LIGHT_10_20,SER_20260509_VPLC_L1_LIGHT_10_20_S01,vPLC_container,VPLC_HOST,790,,,2026-05-09T17:35:22.413741012Z,,,,host_log,10,20,,,,,,1,32,,technical_check,vplc_status_cycle_duration_not_validated_as_Tper,4.829,100,работает
RUN_20260509_VPLC_L1_LIGHT_10_20_S01_R05,VPLC_L1_LIGHT_10_20,SER_20260509_VPLC_L1_LIGHT_10_20_S01,vPLC_container,VPLC_HOST,791,,,2026-05-09T17:35:23.470969882Z,,,,host_log,10,20,,,,,,1,32,,technical_check,vplc_status_cycle_duration_not_validated_as_Tper,0.068,100,работает
RUN_20260509_VPLC_L1_LIGHT_10_20_S01_R05,VPLC_L1_LIGHT_10_20,SER_20260509_VPLC_L1_LIGHT_10_20_S01,vPLC_container,VPLC_HOST,792,,,2026-05-09T17:35:24.526761123Z,,,,host_log,10,20,,,,,,1,32,,technical_check,vplc_status_cycle_duration_not_validated_as_Tper,0.048,100,работает
RUN_20260509_VPLC_L1_LIGHT_10_20_S01_R05,VPLC_L1_LIGHT_10_20,SER_20260509_VPLC_L1_LIGHT_10_20_S01,vPLC_container,VPLC_HOST,793,,,2026-05-09T17:35:25.580063404Z,,,,host_log,10,20,,,,,,1,32,,technical_check,vplc_status_cycle_duration_not_validated_as_Tper,0.070,100,работает
RUN_20260509_VPLC_L1_LIGHT_10_20_S01_R05,VPLC_L1_LIGHT_10_20,SER_20260509_VPLC_L1_LIGHT_10_20_S01,vPLC_container,VPLC_HOST,794,,,2026-05-09T17:35:26.635288279Z,,,,host_log,10,20,,,,,,1,32,,technical_check,vplc_status_cycle_duration_not_validated_as_Tper,0.049,100,работает
RUN_20260509_VPLC_L1_LIGHT_10_20_S01_R05,VPLC_L1_LIGHT_10_20,SER_20260509_VPLC_L1_LIGHT_10_20_S01,vPLC_container,VPLC_HOST,795,,,2026-05-09T17:35:27.690067162Z,,,,host_log,10,20,,,,,,1,32,,technical_check,vplc_status_cycle_duration_not_validated_as_Tper,0.070,100,работает
RUN_20260509_VPLC_L1_LIGHT_10_20_S01_R05,VPLC_L1_LIGHT_10_20,SER_20260509_VPLC_L1_LIGHT_10_20_S01,vPLC_container,VPLC_HOST,796,,,2026-05-09T17:35:28.746318724Z,,,,host_log,10,20,,,,,,1,32,,technical_check,vplc_status_cycle_duration_not_validated_as_Tper,0.038,100,работает
RUN_20260509_VPLC_L1_LIGHT_10_20_S01_R05,VPLC_L1_LIGHT_10_20,SER_20260509_VPLC_L1_LIGHT_10_20_S01,vPLC_container,VPLC_HOST,797,,,2026-05-09T17:35:29.803551562Z,,,,host_log,10,20,,,,,,1,32,,technical_check,vplc_status_cycle_duration_not_validated_as_Tper,0.070,100,работает
RUN_20260509_VPLC_L1_LIGHT_10_20_S01_R05,VPLC_L1_LIGHT_10_20,SER_20260509_VPLC_L1_LIGHT_10_20_S01,vPLC_container,VPLC_HOST,798,,,2026-05-09T17:35:30.858897333Z,,,,host_log,10,20,,,,,,1,32,,technical_check,vplc_status_cycle_duration_not_validated_as_Tper,0.052,100,работает
RUN_20260509_VPLC_L1_LIGHT_10_20_S01_R05,VPLC_L1_LIGHT_10_20,SER_20260509_VPLC_L1_LIGHT_10_20_S01,vPLC_container,VPLC_HOST,799,,,2026-05-09T17:35:31.912518077Z,,,,host_log,10,20,,,,,,1,32,,technical_check,vplc_status_cycle_duration_not_validated_as_Tper,0.069,100,работает
RUN_20260509_VPLC_L1_LIGHT_10_20_S01_R05,VPLC_L1_LIGHT_10_20,SER_20260509_VPLC_L1_LIGHT_10_20_S01,vPLC_container,VPLC_HOST,800,,,2026-05-09T17:35:32.970055152Z,,,,host_log,10,20,,,,,,1,32,,technical_check,vplc_status_cycle_duration_not_validated_as_Tper,0.069,100,работает
RUN_20260509_VPLC_L1_LIGHT_10_20_S01_R05,VPLC_L1_LIGHT_10_20,SER_20260509_VPLC_L1_LIGHT_10_20_S01,vPLC_container,VPLC_HOST,801,,,2026-05-09T17:35:34.025605259Z,,,,host_log,10,20,,,,,,1,32,,technical_check,vplc_status_cycle_duration_not_validated_as_Tper,0.048,100,работает
RUN_20260509_VPLC_L1_LIGHT_10_20_S01_R05,VPLC_L1_LIGHT_10_20,SER_20260509_VPLC_L1_LIGHT_10_20_S01,vPLC_container,VPLC_HOST,802,,,2026-05-09T17:35:35.080868870Z,,,,host_log,10,20,,,,,,1,32,,technical_check,vplc_status_cycle_duration_not_validated_as_Tper,0.067,100,работает
RUN_20260509_VPLC_L1_LIGHT_10_20_S01_R05,VPLC_L1_LIGHT_10_20,SER_20260509_VPLC_L1_LIGHT_10_20_S01,vPLC_container,VPLC_HOST,803,,,2026-05-09T17:35:36.133351516Z,,,,host_log,10,20,,,,,,1,32,,technical_check,vplc_status_cycle_duration_not_validated_as_Tper,0.047,100,работает
RUN_20260509_VPLC_L1_LIGHT_10_20_S01_R05,VPLC_L1_LIGHT_10_20,SER_20260509_VPLC_L1_LIGHT_10_20_S01,vPLC_container,VPLC_HOST,804,,,2026-05-09T17:35:37.190931675Z,,,,host_log,10,20,,,,,,1,32,,technical_check,vplc_status_cycle_duration_not_validated_as_Tper,0.068,100,работает
RUN_20260509_VPLC_L1_LIGHT_10_20_S01_R05,VPLC_L1_LIGHT_10_20,SER_20260509_VPLC_L1_LIGHT_10_20_S01,vPLC_container,VPLC_HOST,805,,,2026-05-09T17:35:38.244508932Z,,,,host_log,10,20,,,,,,1,32,,technical_check,vplc_status_cycle_duration_not_validated_as_Tper,0.046,100,работает
RUN_20260509_VPLC_L1_LIGHT_10_20_S01_R05,VPLC_L1_LIGHT_10_20,SER_20260509_VPLC_L1_LIGHT_10_20_S01,vPLC_container,VPLC_HOST,806,,,2026-05-09T17:35:39.298592633Z,,,,host_log,10,20,,,,,,1,32,,technical_check,vplc_status_cycle_duration_not_validated_as_Tper,0.070,100,работает
RUN_20260509_VPLC_L1_LIGHT_10_20_S01_R05,VPLC_L1_LIGHT_10_20,SER_20260509_VPLC_L1_LIGHT_10_20_S01,vPLC_container,VPLC_HOST,807,,,2026-05-09T17:35:40.357171535Z,,,,host_log,10,20,,,,,,1,32,,technical_check,vplc_status_cycle_duration_not_validated_as_Tper,4.026,100,работает
RUN_20260509_VPLC_L1_LIGHT_10_20_S01_R05,VPLC_L1_LIGHT_10_20,SER_20260509_VPLC_L1_LIGHT_10_20_S01,vPLC_container,VPLC_HOST,808,,,2026-05-09T17:35:41.412174459Z,,,,host_log,10,20,,,,,,1,32,,technical_check,vplc_status_cycle_duration_not_validated_as_Tper,4.729,100,работает
RUN_20260509_VPLC_L1_LIGHT_10_20_S01_R05,VPLC_L1_LIGHT_10_20,SER_20260509_VPLC_L1_LIGHT_10_20_S01,vPLC_container,VPLC_HOST,809,,,2026-05-09T17:35:42.467257369Z,,,,host_log,10,20,,,,,,1,32,,technical_check,vplc_status_cycle_duration_not_validated_as_Tper,0.070,100,работает
RUN_20260509_VPLC_L1_LIGHT_10_20_S01_R05,VPLC_L1_LIGHT_10_20,SER_20260509_VPLC_L1_LIGHT_10_20_S01,vPLC_container,VPLC_HOST,810,,,2026-05-09T17:35:43.521155710Z,,,,host_log,10,20,,,,,,1,32,,technical_check,vplc_status_cycle_duration_not_validated_as_Tper,0.066,100,работает
RUN_20260509_VPLC_L1_LIGHT_10_20_S01_R05,VPLC_L1_LIGHT_10_20,SER_20260509_VPLC_L1_LIGHT_10_20_S01,vPLC_container,VPLC_HOST,811,,,2026-05-09T17:35:44.576530886Z,,,,host_log,10,20,,,,,,1,32,,technical_check,vplc_status_cycle_duration_not_validated_as_Tper,0.069,100,работает
RUN_20260509_VPLC_L1_LIGHT_10_20_S01_R05,VPLC_L1_LIGHT_10_20,SER_20260509_VPLC_L1_LIGHT_10_20_S01,vPLC_container,VPLC_HOST,812,,,2026-05-09T17:35:45.630180550Z,,,,host_log,10,20,,,,,,1,32,,technical_check,vplc_status_cycle_duration_not_validated_as_Tper,0.049,100,работает
RUN_20260509_VPLC_L1_LIGHT_10_20_S01_R05,VPLC_L1_LIGHT_10_20,SER_20260509_VPLC_L1_LIGHT_10_20_S01,vPLC_container,VPLC_HOST,813,,,2026-05-09T17:35:46.689058576Z,,,,host_log,10,20,,,,,,1,32,,technical_check,vplc_status_cycle_duration_not_validated_as_Tper,0.071,100,работает
RUN_20260509_VPLC_L1_LIGHT_10_20_S01_R05,VPLC_L1_LIGHT_10_20,SER_20260509_VPLC_L1_LIGHT_10_20_S01,vPLC_container,VPLC_HOST,814,,,2026-05-09T17:35:47.741533508Z,,,,host_log,10,20,,,,,,1,32,,technical_check,vplc_status_cycle_duration_not_validated_as_Tper,0.050,100,работает
RUN_20260509_VPLC_L1_LIGHT_10_20_S01_R05,VPLC_L1_LIGHT_10_20,SER_20260509_VPLC_L1_LIGHT_10_20_S01,vPLC_container,VPLC_HOST,815,,,2026-05-09T17:35:48.799711739Z,,,,host_log,10,20,,,,,,1,32,,technical_check,vplc_status_cycle_duration_not_validated_as_Tper,0.069,100,работает
RUN_20260509_VPLC_L1_LIGHT_10_20_S01_R05,VPLC_L1_LIGHT_10_20,SER_20260509_VPLC_L1_LIGHT_10_20_S01,vPLC_container,VPLC_HOST,816,,,2026-05-09T17:35:49.854890385Z,,,,host_log,10,20,,,,,,1,32,,technical_check,vplc_status_cycle_duration_not_validated_as_Tper,0.042,100,работает
RUN_20260509_VPLC_L1_LIGHT_10_20_S01_R05,VPLC_L1_LIGHT_10_20,SER_20260509_VPLC_L1_LIGHT_10_20_S01,vPLC_container,VPLC_HOST,817,,,2026-05-09T17:35:50.909909666Z,,,,host_log,10,20,,,,,,1,32,,technical_check,vplc_status_cycle_duration_not_validated_as_Tper,0.068,100,работает
RUN_20260509_VPLC_L1_LIGHT_10_20_S01_R05,VPLC_L1_LIGHT_10_20,SER_20260509_VPLC_L1_LIGHT_10_20_S01,vPLC_container,VPLC_HOST,818,,,2026-05-09T17:35:51.965441629Z,,,,host_log,10,20,,,,,,1,32,,technical_check,vplc_status_cycle_duration_not_validated_as_Tper,0.068,100,работает
RUN_20260509_VPLC_L1_LIGHT_10_20_S01_R05,VPLC_L1_LIGHT_10_20,SER_20260509_VPLC_L1_LIGHT_10_20_S01,vPLC_container,VPLC_HOST,819,,,2026-05-09T17:35:53.016982329Z,,,,host_log,10,20,,,,,,1,32,,technical_check,vplc_status_cycle_duration_not_validated_as_Tper,0.070,100,работает
RUN_20260509_VPLC_L1_LIGHT_10_20_S01_R05,VPLC_L1_LIGHT_10_20,SER_20260509_VPLC_L1_LIGHT_10_20_S01,vPLC_container,VPLC_HOST,820,,,2026-05-09T17:35:54.076604035Z,,,,host_log,10,20,,,,,,1,32,,technical_check,vplc_status_cycle_duration_not_validated_as_Tper,0.070,100,работает
RUN_20260509_VPLC_L1_LIGHT_10_20_S01_R05,VPLC_L1_LIGHT_10_20,SER_20260509_VPLC_L1_LIGHT_10_20_S01,vPLC_container,VPLC_HOST,821,,,2026-05-09T17:35:55.130432563Z,,,,host_log,10,20,,,,,,1,32,,technical_check,vplc_status_cycle_duration_not_validated_as_Tper,0.050,100,работает
RUN_20260509_VPLC_L1_LIGHT_10_20_S01_R05,VPLC_L1_LIGHT_10_20,SER_20260509_VPLC_L1_LIGHT_10_20_S01,vPLC_container,VPLC_HOST,822,,,2026-05-09T17:35:56.186750476Z,,,,host_log,10,20,,,,,,1,32,,technical_check,vplc_status_cycle_duration_not_validated_as_Tper,0.069,100,работает
RUN_20260509_VPLC_L1_LIGHT_10_20_S01_R05,VPLC_L1_LIGHT_10_20,SER_20260509_VPLC_L1_LIGHT_10_20_S01,vPLC_container,VPLC_HOST,823,,,2026-05-09T17:35:57.240542713Z,,,,host_log,10,20,,,,,,1,32,,technical_check,vplc_status_cycle_duration_not_validated_as_Tper,0.050,100,работает
RUN_20260509_VPLC_L1_LIGHT_10_20_S01_R05,VPLC_L1_LIGHT_10_20,SER_20260509_VPLC_L1_LIGHT_10_20_S01,vPLC_container,VPLC_HOST,824,,,2026-05-09T17:35:58.296541059Z,,,,host_log,10,20,,,,,,1,32,,technical_check,vplc_status_cycle_duration_not_validated_as_Tper,0.070,100,работает
RUN_20260509_VPLC_L1_LIGHT_10_20_S01_R05,VPLC_L1_LIGHT_10_20,SER_20260509_VPLC_L1_LIGHT_10_20_S01,vPLC_container,VPLC_HOST,825,,,2026-05-09T17:35:59.350552158Z,,,,host_log,10,20,,,,,,1,32,,technical_check,vplc_status_cycle_duration_not_validated_as_Tper,4.064,100,работает
RUN_20260509_VPLC_L1_LIGHT_10_20_S01_R05,VPLC_L1_LIGHT_10_20,SER_20260509_VPLC_L1_LIGHT_10_20_S01,vPLC_container,VPLC_HOST,826,,,2026-05-09T17:36:00.406144382Z,,,,host_log,10,20,,,,,,1,32,,technical_check,vplc_status_cycle_duration_not_validated_as_Tper,4.818,100,работает
RUN_20260509_VPLC_L1_LIGHT_10_20_S01_R05,VPLC_L1_LIGHT_10_20,SER_20260509_VPLC_L1_LIGHT_10_20_S01,vPLC_container,VPLC_HOST,827,,,2026-05-09T17:36:01.462030473Z,,,,host_log,10,20,,,,,,1,32,,technical_check,vplc_status_cycle_duration_not_validated_as_Tper,0.070,100,работает
RUN_20260509_VPLC_L1_LIGHT_10_20_S01_R05,VPLC_L1_LIGHT_10_20,SER_20260509_VPLC_L1_LIGHT_10_20_S01,vPLC_container,VPLC_HOST,828,,,2026-05-09T17:36:02.517151009Z,,,,host_log,10,20,,,,,,1,32,,technical_check,vplc_status_cycle_duration_not_validated_as_Tper,0.070,100,работает
RUN_20260509_VPLC_L1_LIGHT_10_20_S01_R05,VPLC_L1_LIGHT_10_20,SER_20260509_VPLC_L1_LIGHT_10_20_S01,vPLC_container,VPLC_HOST,829,,,2026-05-09T17:36:03.572420131Z,,,,host_log,10,20,,,,,,1,32,,technical_check,vplc_status_cycle_duration_not_validated_as_Tper,0.067,100,работает
RUN_20260509_VPLC_L1_LIGHT_10_20_S01_R05,VPLC_L1_LIGHT_10_20,SER_20260509_VPLC_L1_LIGHT_10_20_S01,vPLC_container,VPLC_HOST,830,,,2026-05-09T17:36:04.625872170Z,,,,host_log,10,20,,,,,,1,32,,technical_check,vplc_status_cycle_duration_not_validated_as_Tper,0.048,100,работает
RUN_20260509_VPLC_L1_LIGHT_10_20_S01_R05,VPLC_L1_LIGHT_10_20,SER_20260509_VPLC_L1_LIGHT_10_20_S01,vPLC_container,VPLC_HOST,831,,,2026-05-09T17:36:05.681415553Z,,,,host_log,10,20,,,,,,1,32,,technical_check,vplc_status_cycle_duration_not_validated_as_Tper,0.070,100,работает
RUN_20260509_VPLC_L1_LIGHT_10_20_S01_R05,VPLC_L1_LIGHT_10_20,SER_20260509_VPLC_L1_LIGHT_10_20_S01,vPLC_container,VPLC_HOST,832,,,2026-05-09T17:36:06.738786839Z,,,,host_log,10,20,,,,,,1,32,,technical_check,vplc_status_cycle_duration_not_validated_as_Tper,0.048,100,работает
RUN_20260509_VPLC_L1_LIGHT_10_20_S01_R05,VPLC_L1_LIGHT_10_20,SER_20260509_VPLC_L1_LIGHT_10_20_S01,vPLC_container,VPLC_HOST,833,,,2026-05-09T17:36:07.790624375Z,,,,host_log,10,20,,,,,,1,32,,technical_check,vplc_status_cycle_duration_not_validated_as_Tper,0.069,100,работает
RUN_20260509_VPLC_L1_LIGHT_10_20_S01_R05,VPLC_L1_LIGHT_10_20,SER_20260509_VPLC_L1_LIGHT_10_20_S01,vPLC_container,VPLC_HOST,834,,,2026-05-09T17:36:08.848012129Z,,,,host_log,10,20,,,,,,1,32,,technical_check,vplc_status_cycle_duration_not_validated_as_Tper,0.033,100,работает
RUN_20260509_VPLC_L1_LIGHT_10_20_S01_R05,VPLC_L1_LIGHT_10_20,SER_20260509_VPLC_L1_LIGHT_10_20_S01,vPLC_container,VPLC_HOST,835,,,2026-05-09T17:36:09.902790424Z,,,,host_log,10,20,,,,,,1,32,,technical_check,vplc_status_cycle_duration_not_validated_as_Tper,0.069,100,работает
RUN_20260509_VPLC_L1_LIGHT_10_20_S01_R05,VPLC_L1_LIGHT_10_20,SER_20260509_VPLC_L1_LIGHT_10_20_S01,vPLC_container,VPLC_HOST,836,,,2026-05-09T17:36:10.959007501Z,,,,host_log,10,20,,,,,,1,32,,technical_check,vplc_status_cycle_duration_not_validated_as_Tper,0.053,100,работает
RUN_20260509_VPLC_L1_LIGHT_10_20_S01_R05,VPLC_L1_LIGHT_10_20,SER_20260509_VPLC_L1_LIGHT_10_20_S01,vPLC_container,VPLC_HOST,837,,,2026-05-09T17:36:12.014844772Z,,,,host_log,10,20,,,,,,1,32,,technical_check,vplc_status_cycle_duration_not_validated_as_Tper,0.069,100,работает
RUN_20260509_VPLC_L1_LIGHT_10_20_S01_R05,VPLC_L1_LIGHT_10_20,SER_20260509_VPLC_L1_LIGHT_10_20_S01,vPLC_container,VPLC_HOST,838,,,2026-05-09T17:36:13.070244116Z,,,,host_log,10,20,,,,,,1,32,,technical_check,vplc_status_cycle_duration_not_validated_as_Tper,0.066,100,работает
RUN_20260509_VPLC_L1_LIGHT_10_20_S01_R05,VPLC_L1_LIGHT_10_20,SER_20260509_VPLC_L1_LIGHT_10_20_S01,vPLC_container,VPLC_HOST,839,,,2026-05-09T17:36:14.123127550Z,,,,host_log,10,20,,,,,,1,32,,technical_check,vplc_status_cycle_duration_not_validated_as_Tper,0.049,100,работает
RUN_20260509_VPLC_L1_LIGHT_10_20_S01_R05,VPLC_L1_LIGHT_10_20,SER_20260509_VPLC_L1_LIGHT_10_20_S01,vPLC_container,VPLC_HOST,840,,,2026-05-09T17:36:15.180254873Z,,,,host_log,10,20,,,,,,1,32,,technical_check,vplc_status_cycle_duration_not_validated_as_Tper,0.069,100,работает
RUN_20260509_VPLC_L1_LIGHT_10_20_S01_R05,VPLC_L1_LIGHT_10_20,SER_20260509_VPLC_L1_LIGHT_10_20_S01,vPLC_container,VPLC_HOST,841,,,2026-05-09T17:36:16.235659830Z,,,,host_log,10,20,,,,,,1,32,,technical_check,vplc_status_cycle_duration_not_validated_as_Tper,0.050,100,работает
RUN_20260509_VPLC_L1_LIGHT_10_20_S01_R05,VPLC_L1_LIGHT_10_20,SER_20260509_VPLC_L1_LIGHT_10_20_S01,vPLC_container,VPLC_HOST,842,,,2026-05-09T17:36:17.290684878Z,,,,host_log,10,20,,,,,,1,32,,technical_check,vplc_status_cycle_duration_not_validated_as_Tper,0.071,100,работает
RUN_20260509_VPLC_L1_LIGHT_10_20_S01_R05,VPLC_L1_LIGHT_10_20,SER_20260509_VPLC_L1_LIGHT_10_20_S01,vPLC_container,VPLC_HOST,843,,,2026-05-09T17:36:18.345477509Z,,,,host_log,10,20,,,,,,1,32,,technical_check,vplc_status_cycle_duration_not_validated_as_Tper,4.468,100,работает
RUN_20260509_VPLC_L1_LIGHT_10_20_S01_R05,VPLC_L1_LIGHT_10_20,SER_20260509_VPLC_L1_LIGHT_10_20_S01,vPLC_container,VPLC_HOST,844,,,2026-05-09T17:36:19.400841611Z,,,,host_log,10,20,,,,,,1,32,,technical_check,vplc_status_cycle_duration_not_validated_as_Tper,4.838,100,работает
RUN_20260509_VPLC_L1_LIGHT_10_20_S01_R05,VPLC_L1_LIGHT_10_20,SER_20260509_VPLC_L1_LIGHT_10_20_S01,vPLC_container,VPLC_HOST,845,,,2026-05-09T17:36:20.456328899Z,,,,host_log,10,20,,,,,,1,32,,technical_check,vplc_status_cycle_duration_not_validated_as_Tper,0.045,100,работает
RUN_20260509_VPLC_L1_LIGHT_10_20_S01_R05,VPLC_L1_LIGHT_10_20,SER_20260509_VPLC_L1_LIGHT_10_20_S01,vPLC_container,VPLC_HOST,846,,,2026-05-09T17:36:21.511804410Z,,,,host_log,10,20,,,,,,1,32,,technical_check,vplc_status_cycle_duration_not_validated_as_Tper,0.070,100,работает
RUN_20260509_VPLC_L1_LIGHT_10_20_S01_R05,VPLC_L1_LIGHT_10_20,SER_20260509_VPLC_L1_LIGHT_10_20_S01,vPLC_container,VPLC_HOST,847,,,2026-05-09T17:36:22.568307496Z,,,,host_log,10,20,,,,,,1,32,,technical_check,vplc_status_cycle_duration_not_validated_as_Tper,0.069,100,работает
RUN_20260509_VPLC_L1_LIGHT_10_20_S01_R05,VPLC_L1_LIGHT_10_20,SER_20260509_VPLC_L1_LIGHT_10_20_S01,vPLC_container,VPLC_HOST,848,,,2026-05-09T17:36:23.622664239Z,,,,host_log,10,20,,,,,,1,32,,technical_check,vplc_status_cycle_duration_not_validated_as_Tper,0.065,100,работает
RUN_20260509_VPLC_L1_LIGHT_10_20_S01_R05,VPLC_L1_LIGHT_10_20,SER_20260509_VPLC_L1_LIGHT_10_20_S01,vPLC_container,VPLC_HOST,849,,,2026-05-09T17:36:24.678851230Z,,,,host_log,10,20,,,,,,1,32,,technical_check,vplc_status_cycle_duration_not_validated_as_Tper,0.069,100,работает
RUN_20260509_VPLC_L1_LIGHT_10_20_S01_R05,VPLC_L1_LIGHT_10_20,SER_20260509_VPLC_L1_LIGHT_10_20_S01,vPLC_container,VPLC_HOST,850,,,2026-05-09T17:36:25.733143906Z,,,,host_log,10,20,,,,,,1,32,,technical_check,vplc_status_cycle_duration_not_validated_as_Tper,0.047,100,работает
RUN_20260509_VPLC_L1_LIGHT_10_20_S01_R05,VPLC_L1_LIGHT_10_20,SER_20260509_VPLC_L1_LIGHT_10_20_S01,vPLC_container,VPLC_HOST,851,,,2026-05-09T17:36:26.786372359Z,,,,host_log,10,20,,,,,,1,32,,technical_check,vplc_status_cycle_duration_not_validated_as_Tper,0.070,100,работает
RUN_20260509_VPLC_L1_LIGHT_10_20_S01_R05,VPLC_L1_LIGHT_10_20,SER_20260509_VPLC_L1_LIGHT_10_20_S01,vPLC_container,VPLC_HOST,852,,,2026-05-09T17:36:27.844907801Z,,,,host_log,10,20,,,,,,1,32,,technical_check,vplc_status_cycle_duration_not_validated_as_Tper,0.045,100,работает
RUN_20260509_VPLC_L1_LIGHT_10_20_S01_R05,VPLC_L1_LIGHT_10_20,SER_20260509_VPLC_L1_LIGHT_10_20_S01,vPLC_container,VPLC_HOST,853,,,2026-05-09T17:36:28.900100122Z,,,,host_log,10,20,,,,,,1,32,,technical_check,vplc_status_cycle_duration_not_validated_as_Tper,0.069,100,работает
RUN_20260509_VPLC_L1_LIGHT_10_20_S01_R05,VPLC_L1_LIGHT_10_20,SER_20260509_VPLC_L1_LIGHT_10_20_S01,vPLC_container,VPLC_HOST,854,,,2026-05-09T17:36:29.950820861Z,,,,host_log,10,20,,,,,,1,32,,technical_check,vplc_status_cycle_duration_not_validated_as_Tper,0.028,100,работает
RUN_20260509_VPLC_L1_LIGHT_10_20_S01_R05,VPLC_L1_LIGHT_10_20,SER_20260509_VPLC_L1_LIGHT_10_20_S01,vPLC_container,VPLC_HOST,855,,,2026-05-09T17:36:31.011674756Z,,,,host_log,10,20,,,,,,1,32,,technical_check,vplc_status_cycle_duration_not_validated_as_Tper,0.071,100,работает
RUN_20260509_VPLC_L1_LIGHT_10_20_S01_R05,VPLC_L1_LIGHT_10_20,SER_20260509_VPLC_L1_LIGHT_10_20_S01,vPLC_container,VPLC_HOST,856,,,2026-05-09T17:36:32.066196977Z,,,,host_log,10,20,,,,,,1,32,,technical_check,vplc_status_cycle_duration_not_validated_as_Tper,0.053,100,работает
RUN_20260509_VPLC_L1_LIGHT_10_20_S01_R05,VPLC_L1_LIGHT_10_20,SER_20260509_VPLC_L1_LIGHT_10_20_S01,vPLC_container,VPLC_HOST,857,,,2026-05-09T17:36:33.120815141Z,,,,host_log,10,20,,,,,,1,32,,technical_check,vplc_status_cycle_duration_not_validated_as_Tper,0.071,100,работает
RUN_20260509_VPLC_L1_LIGHT_10_20_S01_R05,VPLC_L1_LIGHT_10_20,SER_20260509_VPLC_L1_LIGHT_10_20_S01,vPLC_container,VPLC_HOST,858,,,2026-05-09T17:36:34.176406797Z,,,,host_log,10,20,,,,,,1,32,,technical_check,vplc_status_cycle_duration_not_validated_as_Tper,0.069,100,работает
RUN_20260509_VPLC_L1_LIGHT_10_20_S01_R05,VPLC_L1_LIGHT_10_20,SER_20260509_VPLC_L1_LIGHT_10_20_S01,vPLC_container,VPLC_HOST,859,,,2026-05-09T17:36:35.231786476Z,,,,host_log,10,20,,,,,,1,32,,technical_check,vplc_status_cycle_duration_not_validated_as_Tper,0.050,100,работает
RUN_20260509_VPLC_L1_LIGHT_10_20_S01_R05,VPLC_L1_LIGHT_10_20,SER_20260509_VPLC_L1_LIGHT_10_20_S01,vPLC_container,VPLC_HOST,860,,,2026-05-09T17:36:36.288273572Z,,,,host_log,10,20,,,,,,1,32,,technical_check,vplc_status_cycle_duration_not_validated_as_Tper,0.069,100,работает
RUN_20260509_VPLC_L1_LIGHT_10_20_S01_R05,VPLC_L1_LIGHT_10_20,SER_20260509_VPLC_L1_LIGHT_10_20_S01,vPLC_container,VPLC_HOST,861,,,2026-05-09T17:36:37.340760471Z,,,,host_log,10,20,,,,,,1,32,,technical_check,vplc_status_cycle_duration_not_validated_as_Tper,4.599,100,работает
RUN_20260509_VPLC_L1_LIGHT_10_20_S01_R05,VPLC_L1_LIGHT_10_20,SER_20260509_VPLC_L1_LIGHT_10_20_S01,vPLC_container,VPLC_HOST,862,,,2026-05-09T17:36:38.397218691Z,,,,host_log,10,20,,,,,,1,32,,technical_check,vplc_status_cycle_duration_not_validated_as_Tper,4.677,100,работает
RUN_20260509_VPLC_L1_LIGHT_10_20_S01_R05,VPLC_L1_LIGHT_10_20,SER_20260509_VPLC_L1_LIGHT_10_20_S01,vPLC_container,VPLC_HOST,863,,,2026-05-09T17:36:39.452613855Z,,,,host_log,10,20,,,,,,1,32,,technical_check,vplc_status_cycle_duration_not_validated_as_Tper,0.027,100,работает
RUN_20260509_VPLC_L1_LIGHT_10_20_S01_R05,VPLC_L1_LIGHT_10_20,SER_20260509_VPLC_L1_LIGHT_10_20_S01,vPLC_container,VPLC_HOST,864,,,2026-05-09T17:36:40.508931983Z,,,,host_log,10,20,,,,,,1,32,,technical_check,vplc_status_cycle_duration_not_validated_as_Tper,0.069,100,работает
RUN_20260509_VPLC_L1_LIGHT_10_20_S01_R05,VPLC_L1_LIGHT_10_20,SER_20260509_VPLC_L1_LIGHT_10_20_S01,vPLC_container,VPLC_HOST,865,,,2026-05-09T17:36:41.564849339Z,,,,host_log,10,20,,,,,,1,32,,technical_check,vplc_status_cycle_duration_not_validated_as_Tper,0.070,100,работает
RUN_20260509_VPLC_L1_LIGHT_10_20_S01_R05,VPLC_L1_LIGHT_10_20,SER_20260509_VPLC_L1_LIGHT_10_20_S01,vPLC_container,VPLC_HOST,866,,,2026-05-09T17:36:42.619370691Z,,,,host_log,10,20,,,,,,1,32,,technical_check,vplc_status_cycle_duration_not_validated_as_Tper,0.067,100,работает
RUN_20260509_VPLC_L1_LIGHT_10_20_S01_R05,VPLC_L1_LIGHT_10_20,SER_20260509_VPLC_L1_LIGHT_10_20_S01,vPLC_container,VPLC_HOST,867,,,2026-05-09T17:36:43.674046732Z,,,,host_log,10,20,,,,,,1,32,,technical_check,vplc_status_cycle_duration_not_validated_as_Tper,0.070,100,работает
RUN_20260509_VPLC_L1_LIGHT_10_20_S01_R05,VPLC_L1_LIGHT_10_20,SER_20260509_VPLC_L1_LIGHT_10_20_S01,vPLC_container,VPLC_HOST,868,,,2026-05-09T17:36:44.729324167Z,,,,host_log,10,20,,,,,,1,32,,technical_check,vplc_status_cycle_duration_not_validated_as_Tper,0.045,100,работает
RUN_20260509_VPLC_L1_LIGHT_10_20_S01_R05,VPLC_L1_LIGHT_10_20,SER_20260509_VPLC_L1_LIGHT_10_20_S01,vPLC_container,VPLC_HOST,869,,,2026-05-09T17:36:45.784427333Z,,,,host_log,10,20,,,,,,1,32,,technical_check,vplc_status_cycle_duration_not_validated_as_Tper,0.069,100,работает
RUN_20260509_VPLC_L1_LIGHT_10_20_S01_R05,VPLC_L1_LIGHT_10_20,SER_20260509_VPLC_L1_LIGHT_10_20_S01,vPLC_container,VPLC_HOST,870,,,2026-05-09T17:36:46.841452913Z,,,,host_log,10,20,,,,,,1,32,,technical_check,vplc_status_cycle_duration_not_validated_as_Tper,0.048,100,работает
RUN_20260509_VPLC_L1_LIGHT_10_20_S01_R05,VPLC_L1_LIGHT_10_20,SER_20260509_VPLC_L1_LIGHT_10_20_S01,vPLC_container,VPLC_HOST,871,,,2026-05-09T17:36:47.893474434Z,,,,host_log,10,20,,,,,,1,32,,technical_check,vplc_status_cycle_duration_not_validated_as_Tper,0.068,100,работает
RUN_20260509_VPLC_L1_LIGHT_10_20_S01_R05,VPLC_L1_LIGHT_10_20,SER_20260509_VPLC_L1_LIGHT_10_20_S01,vPLC_container,VPLC_HOST,872,,,2026-05-09T17:36:48.948580689Z,,,,host_log,10,20,,,,,,1,32,,technical_check,vplc_status_cycle_duration_not_validated_as_Tper,0.030,100,работает
RUN_20260509_VPLC_L1_LIGHT_10_20_S01_R05,VPLC_L1_LIGHT_10_20,SER_20260509_VPLC_L1_LIGHT_10_20_S01,vPLC_container,VPLC_HOST,873,,,2026-05-09T17:36:50.007685287Z,,,,host_log,10,20,,,,,,1,32,,technical_check,vplc_status_cycle_duration_not_validated_as_Tper,0.068,100,работает
RUN_20260509_VPLC_L1_LIGHT_10_20_S01_R05,VPLC_L1_LIGHT_10_20,SER_20260509_VPLC_L1_LIGHT_10_20_S01,vPLC_container,VPLC_HOST,874,,,2026-05-09T17:36:51.062196655Z,,,,host_log,10,20,,,,,,1,32,,technical_check,vplc_status_cycle_duration_not_validated_as_Tper,0.071,100,работает
RUN_20260509_VPLC_L1_LIGHT_10_20_S01_R05,VPLC_L1_LIGHT_10_20,SER_20260509_VPLC_L1_LIGHT_10_20_S01,vPLC_container,VPLC_HOST,875,,,2026-05-09T17:36:52.117145979Z,,,,host_log,10,20,,,,,,1,32,,technical_check,vplc_status_cycle_duration_not_validated_as_Tper,0.071,100,работает
RUN_20260509_VPLC_L1_LIGHT_10_20_S01_R05,VPLC_L1_LIGHT_10_20,SER_20260509_VPLC_L1_LIGHT_10_20_S01,vPLC_container,VPLC_HOST,876,,,2026-05-09T17:36:53.173334990Z,,,,host_log,10,20,,,,,,1,32,,technical_check,vplc_status_cycle_duration_not_validated_as_Tper,0.070,100,работает
RUN_20260509_VPLC_L1_LIGHT_10_20_S01_R05,VPLC_L1_LIGHT_10_20,SER_20260509_VPLC_L1_LIGHT_10_20_S01,vPLC_container,VPLC_HOST,877,,,2026-05-09T17:36:54.227885812Z,,,,host_log,10,20,,,,,,1,32,,technical_check,vplc_status_cycle_duration_not_validated_as_Tper,0.066,100,работает
RUN_20260509_VPLC_L1_LIGHT_10_20_S01_R05,VPLC_L1_LIGHT_10_20,SER_20260509_VPLC_L1_LIGHT_10_20_S01,vPLC_container,VPLC_HOST,878,,,2026-05-09T17:36:55.282595452Z,,,,host_log,10,20,,,,,,1,32,,technical_check,vplc_status_cycle_duration_not_validated_as_Tper,0.069,100,работает
RUN_20260509_VPLC_L1_LIGHT_10_20_S01_R05,VPLC_L1_LIGHT_10_20,SER_20260509_VPLC_L1_LIGHT_10_20_S01,vPLC_container,VPLC_HOST,879,,,2026-05-09T17:36:56.337558856Z,,,,host_log,10,20,,,,,,1,32,,technical_check,vplc_status_cycle_duration_not_validated_as_Tper,4.428,100,работает
RUN_20260509_VPLC_L1_LIGHT_10_20_S01_R05,VPLC_L1_LIGHT_10_20,SER_20260509_VPLC_L1_LIGHT_10_20_S01,vPLC_container,VPLC_HOST,880,,,2026-05-09T17:36:57.393959014Z,,,,host_log,10,20,,,,,,1,32,,technical_check,vplc_status_cycle_duration_not_validated_as_Tper,4.644,100,работает
RUN_20260509_VPLC_L1_LIGHT_10_20_S01_R05,VPLC_L1_LIGHT_10_20,SER_20260509_VPLC_L1_LIGHT_10_20_S01,vPLC_container,VPLC_HOST,881,,,2026-05-09T17:36:58.449188446Z,,,,host_log,10,20,,,,,,1,32,,technical_check,vplc_status_cycle_duration_not_validated_as_Tper,0.028,100,работает
RUN_20260509_VPLC_L1_LIGHT_10_20_S01_R05,VPLC_L1_LIGHT_10_20,SER_20260509_VPLC_L1_LIGHT_10_20_S01,vPLC_container,VPLC_HOST,882,,,2026-05-09T17:36:59.503158777Z,,,,host_log,10,20,,,,,,1,32,,technical_check,vplc_status_cycle_duration_not_validated_as_Tper,0.066,100,работает
RUN_20260509_VPLC_L1_LIGHT_10_20_S01_R05,VPLC_L1_LIGHT_10_20,SER_20260509_VPLC_L1_LIGHT_10_20_S01,vPLC_container,VPLC_HOST,883,,,2026-05-09T17:37:00.560432357Z,,,,host_log,10,20,,,,,,1,32,,technical_check,vplc_status_cycle_duration_not_validated_as_Tper,0.067,100,работает
RUN_20260509_VPLC_L1_LIGHT_10_20_S01_R05,VPLC_L1_LIGHT_10_20,SER_20260509_VPLC_L1_LIGHT_10_20_S01,vPLC_container,VPLC_HOST,884,,,2026-05-09T17:37:01.612232100Z,,,,host_log,10,20,,,,,,1,32,,technical_check,vplc_status_cycle_duration_not_validated_as_Tper,0.070,100,работает
RUN_20260509_VPLC_L1_LIGHT_10_20_S01_R05,VPLC_L1_LIGHT_10_20,SER_20260509_VPLC_L1_LIGHT_10_20_S01,vPLC_container,VPLC_HOST,885,,,2026-05-09T17:37:02.668729474Z,,,,host_log,10,20,,,,,,1,32,,technical_check,vplc_status_cycle_duration_not_validated_as_Tper,0.071,100,работает
RUN_20260509_VPLC_L1_LIGHT_10_20_S01_R05,VPLC_L1_LIGHT_10_20,SER_20260509_VPLC_L1_LIGHT_10_20_S01,vPLC_container,VPLC_HOST,886,,,2026-05-09T17:37:03.726901237Z,,,,host_log,10,20,,,,,,1,32,,technical_check,vplc_status_cycle_duration_not_validated_as_Tper,0.049,100,работает
RUN_20260509_VPLC_L1_LIGHT_10_20_S01_R05,VPLC_L1_LIGHT_10_20,SER_20260509_VPLC_L1_LIGHT_10_20_S01,vPLC_container,VPLC_HOST,887,,,2026-05-09T17:37:04.777487820Z,,,,host_log,10,20,,,,,,1,32,,technical_check,vplc_status_cycle_duration_not_validated_as_Tper,0.069,100,работает
RUN_20260509_VPLC_L1_LIGHT_10_20_S01_R05,VPLC_L1_LIGHT_10_20,SER_20260509_VPLC_L1_LIGHT_10_20_S01,vPLC_container,VPLC_HOST,888,,,2026-05-09T17:37:05.837639575Z,,,,host_log,10,20,,,,,,1,32,,technical_check,vplc_status_cycle_duration_not_validated_as_Tper,0.048,100,работает
RUN_20260509_VPLC_L1_LIGHT_10_20_S01_R05,VPLC_L1_LIGHT_10_20,SER_20260509_VPLC_L1_LIGHT_10_20_S01,vPLC_container,VPLC_HOST,889,,,2026-05-09T17:37:06.892787601Z,,,,host_log,10,20,,,,,,1,32,,technical_check,vplc_status_cycle_duration_not_validated_as_Tper,0.069,100,работает
RUN_20260509_VPLC_L1_LIGHT_10_20_S01_R05,VPLC_L1_LIGHT_10_20,SER_20260509_VPLC_L1_LIGHT_10_20_S01,vPLC_container,VPLC_HOST,890,,,2026-05-09T17:37:07.948759738Z,,,,host_log,10,20,,,,,,1,32,,technical_check,vplc_status_cycle_duration_not_validated_as_Tper,0.032,100,работает
RUN_20260509_VPLC_L1_LIGHT_10_20_S01_R05,VPLC_L1_LIGHT_10_20,SER_20260509_VPLC_L1_LIGHT_10_20_S01,vPLC_container,VPLC_HOST,891,,,2026-05-09T17:37:09.001213999Z,,,,host_log,10,20,,,,,,1,32,,technical_check,vplc_status_cycle_duration_not_validated_as_Tper,0.071,100,работает
RUN_20260509_VPLC_L1_LIGHT_10_20_S01_R05,VPLC_L1_LIGHT_10_20,SER_20260509_VPLC_L1_LIGHT_10_20_S01,vPLC_container,VPLC_HOST,892,,,2026-05-09T17:37:10.058867276Z,,,,host_log,10,20,,,,,,1,32,,technical_check,vplc_status_cycle_duration_not_validated_as_Tper,0.054,100,работает
RUN_20260509_VPLC_L1_LIGHT_10_20_S01_R05,VPLC_L1_LIGHT_10_20,SER_20260509_VPLC_L1_LIGHT_10_20_S01,vPLC_container,VPLC_HOST,893,,,2026-05-09T17:37:11.112993800Z,,,,host_log,10,20,,,,,,1,32,,technical_check,vplc_status_cycle_duration_not_validated_as_Tper,0.070,100,работает
RUN_20260509_VPLC_L1_LIGHT_10_20_S01_R05,VPLC_L1_LIGHT_10_20,SER_20260509_VPLC_L1_LIGHT_10_20_S01,vPLC_container,VPLC_HOST,894,,,2026-05-09T17:37:12.170684119Z,,,,host_log,10,20,,,,,,1,32,,technical_check,vplc_status_cycle_duration_not_validated_as_Tper,0.069,100,работает
RUN_20260509_VPLC_L1_LIGHT_10_20_S01_R05,VPLC_L1_LIGHT_10_20,SER_20260509_VPLC_L1_LIGHT_10_20_S01,vPLC_container,VPLC_HOST,895,,,2026-05-09T17:37:13.225663721Z,,,,host_log,10,20,,,,,,1,32,,technical_check,vplc_status_cycle_duration_not_validated_as_Tper,0.048,100,работает
RUN_20260509_VPLC_L1_LIGHT_10_20_S01_R05,VPLC_L1_LIGHT_10_20,SER_20260509_VPLC_L1_LIGHT_10_20_S01,vPLC_container,VPLC_HOST,896,,,2026-05-09T17:37:14.280144380Z,,,,host_log,10,20,,,,,,1,32,,technical_check,vplc_status_cycle_duration_not_validated_as_Tper,0.069,100,работает
RUN_20260509_VPLC_L1_LIGHT_10_20_S01_R05,VPLC_L1_LIGHT_10_20,SER_20260509_VPLC_L1_LIGHT_10_20_S01,vPLC_container,VPLC_HOST,897,,,2026-05-09T17:37:15.333846426Z,,,,host_log,10,20,,,,,,1,32,,technical_check,vplc_status_cycle_duration_not_validated_as_Tper,4.487,100,работает
RUN_20260509_VPLC_L1_LIGHT_10_20_S01_R05,VPLC_L1_LIGHT_10_20,SER_20260509_VPLC_L1_LIGHT_10_20_S01,vPLC_container,VPLC_HOST,898,,,2026-05-09T17:37:16.390462093Z,,,,host_log,10,20,,,,,,1,32,,technical_check,vplc_status_cycle_duration_not_validated_as_Tper,5.547,100,работает
RUN_20260509_VPLC_L1_LIGHT_10_20_S01_R05,VPLC_L1_LIGHT_10_20,SER_20260509_VPLC_L1_LIGHT_10_20_S01,vPLC_container,VPLC_HOST,899,,,2026-05-09T17:37:17.447788280Z,,,,host_log,10,20,,,,,,1,32,,technical_check,vplc_status_cycle_duration_not_validated_as_Tper,0.034,100,работает
RUN_20260509_VPLC_L1_LIGHT_10_20_S01_R05,VPLC_L1_LIGHT_10_20,SER_20260509_VPLC_L1_LIGHT_10_20_S01,vPLC_container,VPLC_HOST,900,,,2026-05-09T17:37:18.499099064Z,,,,host_log,10,20,,,,,,1,32,,technical_check,vplc_status_cycle_duration_not_validated_as_Tper,0.069,100,работает
RUN_20260509_VPLC_L1_LIGHT_10_20_S01_R05,VPLC_L1_LIGHT_10_20,SER_20260509_VPLC_L1_LIGHT_10_20_S01,vPLC_container,VPLC_HOST,901,,,2026-05-09T17:37:19.557379905Z,,,,host_log,10,20,,,,,,1,32,,technical_check,vplc_status_cycle_duration_not_validated_as_Tper,0.050,100,работает
RUN_20260509_VPLC_L1_LIGHT_10_20_S01_R05,VPLC_L1_LIGHT_10_20,SER_20260509_VPLC_L1_LIGHT_10_20_S01,vPLC_container,VPLC_HOST,902,,,2026-05-09T17:37:20.613628191Z,,,,host_log,10,20,,,,,,1,32,,technical_check,vplc_status_cycle_duration_not_validated_as_Tper,0.069,100,работает
RUN_20260509_VPLC_L1_LIGHT_10_20_S01_R05,VPLC_L1_LIGHT_10_20,SER_20260509_VPLC_L1_LIGHT_10_20_S01,vPLC_container,VPLC_HOST,903,,,2026-05-09T17:37:21.668139607Z,,,,host_log,10,20,,,,,,1,32,,technical_check,vplc_status_cycle_duration_not_validated_as_Tper,0.067,100,работает
RUN_20260509_VPLC_L1_LIGHT_10_20_S01_R05,VPLC_L1_LIGHT_10_20,SER_20260509_VPLC_L1_LIGHT_10_20_S01,vPLC_container,VPLC_HOST,904,,,2026-05-09T17:37:22.722469594Z,,,,host_log,10,20,,,,,,1,32,,technical_check,vplc_status_cycle_duration_not_validated_as_Tper,0.067,100,работает
RUN_20260509_VPLC_L1_LIGHT_10_20_S01_R05,VPLC_L1_LIGHT_10_20,SER_20260509_VPLC_L1_LIGHT_10_20_S01,vPLC_container,VPLC_HOST,905,,,2026-05-09T17:37:23.777128612Z,,,,host_log,10,20,,,,,,1,32,,technical_check,vplc_status_cycle_duration_not_validated_as_Tper,0.070,100,работает
RUN_20260509_VPLC_L1_LIGHT_10_20_S01_R05,VPLC_L1_LIGHT_10_20,SER_20260509_VPLC_L1_LIGHT_10_20_S01,vPLC_container,VPLC_HOST,906,,,2026-05-09T17:37:24.833825828Z,,,,host_log,10,20,,,,,,1,32,,technical_check,vplc_status_cycle_duration_not_validated_as_Tper,0.068,100,работает
RUN_20260509_VPLC_L1_LIGHT_10_20_S01_R05,VPLC_L1_LIGHT_10_20,SER_20260509_VPLC_L1_LIGHT_10_20_S01,vPLC_container,VPLC_HOST,907,,,2026-05-09T17:37:25.891327872Z,,,,host_log,10,20,,,,,,1,32,,technical_check,vplc_status_cycle_duration_not_validated_as_Tper,0.069,100,работает
RUN_20260509_VPLC_L1_LIGHT_10_20_S01_R05,VPLC_L1_LIGHT_10_20,SER_20260509_VPLC_L1_LIGHT_10_20_S01,vPLC_container,VPLC_HOST,908,,,2026-05-09T17:37:26.946206871Z,,,,host_log,10,20,,,,,,1,32,,technical_check,vplc_status_cycle_duration_not_validated_as_Tper,0.042,100,работает
RUN_20260509_VPLC_L1_LIGHT_10_20_S01_R05,VPLC_L1_LIGHT_10_20,SER_20260509_VPLC_L1_LIGHT_10_20_S01,vPLC_container,VPLC_HOST,909,,,2026-05-09T17:37:28.001696646Z,,,,host_log,10,20,,,,,,1,32,,technical_check,vplc_status_cycle_duration_not_validated_as_Tper,0.070,100,работает
RUN_20260509_VPLC_L1_LIGHT_10_20_S01_R05,VPLC_L1_LIGHT_10_20,SER_20260509_VPLC_L1_LIGHT_10_20_S01,vPLC_container,VPLC_HOST,910,,,2026-05-09T17:37:29.052929656Z,,,,host_log,10,20,,,,,,1,32,,technical_check,vplc_status_cycle_duration_not_validated_as_Tper,0.028,100,работает
RUN_20260509_VPLC_L1_LIGHT_10_20_S01_R05,VPLC_L1_LIGHT_10_20,SER_20260509_VPLC_L1_LIGHT_10_20_S01,vPLC_container,VPLC_HOST,911,,,2026-05-09T17:37:30.111785160Z,,,,host_log,10,20,,,,,,1,32,,technical_check,vplc_status_cycle_duration_not_validated_as_Tper,0.069,100,работает
RUN_20260509_VPLC_L1_LIGHT_10_20_S01_R05,VPLC_L1_LIGHT_10_20,SER_20260509_VPLC_L1_LIGHT_10_20_S01,vPLC_container,VPLC_HOST,912,,,2026-05-09T17:37:31.166186474Z,,,,host_log,10,20,,,,,,1,32,,technical_check,vplc_status_cycle_duration_not_validated_as_Tper,0.070,100,работает
RUN_20260509_VPLC_L1_LIGHT_10_20_S01_R05,VPLC_L1_LIGHT_10_20,SER_20260509_VPLC_L1_LIGHT_10_20_S01,vPLC_container,VPLC_HOST,913,,,2026-05-09T17:37:32.219386615Z,,,,host_log,10,20,,,,,,1,32,,technical_check,vplc_status_cycle_duration_not_validated_as_Tper,0.071,100,работает
RUN_20260509_VPLC_L1_LIGHT_10_20_S01_R05,VPLC_L1_LIGHT_10_20,SER_20260509_VPLC_L1_LIGHT_10_20_S01,vPLC_container,VPLC_HOST,914,,,2026-05-09T17:37:33.272221343Z,,,,host_log,10,20,,,,,,1,32,,technical_check,vplc_status_cycle_duration_not_validated_as_Tper,0.071,100,работает
RUN_20260509_VPLC_L1_LIGHT_10_20_S01_R05,VPLC_L1_LIGHT_10_20,SER_20260509_VPLC_L1_LIGHT_10_20_S01,vPLC_container,VPLC_HOST,915,,,2026-05-09T17:37:34.331737640Z,,,,host_log,10,20,,,,,,1,32,,technical_check,vplc_status_cycle_duration_not_validated_as_Tper,4.400,100,работает
RUN_20260509_VPLC_L1_LIGHT_10_20_S01_R05,VPLC_L1_LIGHT_10_20,SER_20260509_VPLC_L1_LIGHT_10_20_S01,vPLC_container,VPLC_HOST,916,,,2026-05-09T17:37:35.388141145Z,,,,host_log,10,20,,,,,,1,32,,technical_check,vplc_status_cycle_duration_not_validated_as_Tper,4.841,100,работает
RUN_20260509_VPLC_L1_LIGHT_10_20_S01_R05,VPLC_L1_LIGHT_10_20,SER_20260509_VPLC_L1_LIGHT_10_20_S01,vPLC_container,VPLC_HOST,917,,,2026-05-09T17:37:36.442525733Z,,,,host_log,10,20,,,,,,1,32,,technical_check,vplc_status_cycle_duration_not_validated_as_Tper,0.045,100,работает
RUN_20260509_VPLC_L1_LIGHT_10_20_S01_R05,VPLC_L1_LIGHT_10_20,SER_20260509_VPLC_L1_LIGHT_10_20_S01,vPLC_container,VPLC_HOST,918,,,2026-05-09T17:37:37.497366345Z,,,,host_log,10,20,,,,,,1,32,,technical_check,vplc_status_cycle_duration_not_validated_as_Tper,0.070,100,работает
RUN_20260509_VPLC_L1_LIGHT_10_20_S01_R05,VPLC_L1_LIGHT_10_20,SER_20260509_VPLC_L1_LIGHT_10_20_S01,vPLC_container,VPLC_HOST,919,,,2026-05-09T17:37:38.554904539Z,,,,host_log,10,20,,,,,,1,32,,technical_check,vplc_status_cycle_duration_not_validated_as_Tper,0.042,100,работает
RUN_20260509_VPLC_L1_LIGHT_10_20_S01_R05,VPLC_L1_LIGHT_10_20,SER_20260509_VPLC_L1_LIGHT_10_20_S01,vPLC_container,VPLC_HOST,920,,,2026-05-09T17:37:39.608758774Z,,,,host_log,10,20,,,,,,1,32,,technical_check,vplc_status_cycle_duration_not_validated_as_Tper,0.069,100,работает
RUN_20260509_VPLC_L1_LIGHT_10_20_S01_R05,VPLC_L1_LIGHT_10_20,SER_20260509_VPLC_L1_LIGHT_10_20_S01,vPLC_container,VPLC_HOST,921,,,2026-05-09T17:37:40.664713252Z,,,,host_log,10,20,,,,,,1,32,,technical_check,vplc_status_cycle_duration_not_validated_as_Tper,0.070,100,работает
RUN_20260509_VPLC_L1_LIGHT_10_20_S01_R05,VPLC_L1_LIGHT_10_20,SER_20260509_VPLC_L1_LIGHT_10_20_S01,vPLC_container,VPLC_HOST,922,,,2026-05-09T17:37:41.720393498Z,,,,host_log,10,20,,,,,,1,32,,technical_check,vplc_status_cycle_duration_not_validated_as_Tper,0.070,100,работает
RUN_20260509_VPLC_L1_LIGHT_10_20_S01_R05,VPLC_L1_LIGHT_10_20,SER_20260509_VPLC_L1_LIGHT_10_20_S01,vPLC_container,VPLC_HOST,923,,,2026-05-09T17:37:42.775848345Z,,,,host_log,10,20,,,,,,1,32,,technical_check,vplc_status_cycle_duration_not_validated_as_Tper,0.069,100,работает
RUN_20260509_VPLC_L1_LIGHT_10_20_S01_R05,VPLC_L1_LIGHT_10_20,SER_20260509_VPLC_L1_LIGHT_10_20_S01,vPLC_container,VPLC_HOST,924,,,2026-05-09T17:37:43.831130052Z,,,,host_log,10,20,,,,,,1,32,,technical_check,vplc_status_cycle_duration_not_validated_as_Tper,0.049,100,работает
RUN_20260509_VPLC_L1_LIGHT_10_20_S01_R05,VPLC_L1_LIGHT_10_20,SER_20260509_VPLC_L1_LIGHT_10_20_S01,vPLC_container,VPLC_HOST,925,,,2026-05-09T17:37:44.886525486Z,,,,host_log,10,20,,,,,,1,32,,technical_check,vplc_status_cycle_duration_not_validated_as_Tper,0.070,100,работает
RUN_20260509_VPLC_L1_LIGHT_10_20_S01_R05,VPLC_L1_LIGHT_10_20,SER_20260509_VPLC_L1_LIGHT_10_20_S01,vPLC_container,VPLC_HOST,926,,,2026-05-09T17:37:45.941421798Z,,,,host_log,10,20,,,,,,1,32,,technical_check,vplc_status_cycle_duration_not_validated_as_Tper,0.052,100,работает
RUN_20260509_VPLC_L1_LIGHT_10_20_S01_R05,VPLC_L1_LIGHT_10_20,SER_20260509_VPLC_L1_LIGHT_10_20_S01,vPLC_container,VPLC_HOST,927,,,2026-05-09T17:37:46.992403371Z,,,,host_log,10,20,,,,,,1,32,,technical_check,vplc_status_cycle_duration_not_validated_as_Tper,0.071,100,работает
RUN_20260509_VPLC_L1_LIGHT_10_20_S01_R05,VPLC_L1_LIGHT_10_20,SER_20260509_VPLC_L1_LIGHT_10_20_S01,vPLC_container,VPLC_HOST,928,,,2026-05-09T17:37:48.052362199Z,,,,host_log,10,20,,,,,,1,32,,technical_check,vplc_status_cycle_duration_not_validated_as_Tper,0.029,100,работает
RUN_20260509_VPLC_L1_LIGHT_10_20_S01_R05,VPLC_L1_LIGHT_10_20,SER_20260509_VPLC_L1_LIGHT_10_20_S01,vPLC_container,VPLC_HOST,929,,,2026-05-09T17:37:49.108193774Z,,,,host_log,10,20,,,,,,1,32,,technical_check,vplc_status_cycle_duration_not_validated_as_Tper,0.069,100,работает
RUN_20260509_VPLC_L1_LIGHT_10_20_S01_R05,VPLC_L1_LIGHT_10_20,SER_20260509_VPLC_L1_LIGHT_10_20_S01,vPLC_container,VPLC_HOST,930,,,2026-05-09T17:37:50.163986141Z,,,,host_log,10,20,,,,,,1,32,,technical_check,vplc_status_cycle_duration_not_validated_as_Tper,0.067,100,работает
RUN_20260509_VPLC_L1_LIGHT_10_20_S01_R05,VPLC_L1_LIGHT_10_20,SER_20260509_VPLC_L1_LIGHT_10_20_S01,vPLC_container,VPLC_HOST,931,,,2026-05-09T17:37:51.218149797Z,,,,host_log,10,20,,,,,,1,32,,technical_check,vplc_status_cycle_duration_not_validated_as_Tper,0.066,100,работает
RUN_20260509_VPLC_L1_LIGHT_10_20_S01_R05,VPLC_L1_LIGHT_10_20,SER_20260509_VPLC_L1_LIGHT_10_20_S01,vPLC_container,VPLC_HOST,932,,,2026-05-09T17:37:52.272770757Z,,,,host_log,10,20,,,,,,1,32,,technical_check,vplc_status_cycle_duration_not_validated_as_Tper,0.070,100,работает
RUN_20260509_VPLC_L1_LIGHT_10_20_S01_R05,VPLC_L1_LIGHT_10_20,SER_20260509_VPLC_L1_LIGHT_10_20_S01,vPLC_container,VPLC_HOST,933,,,2026-05-09T17:37:53.328137890Z,,,,host_log,10,20,,,,,,1,32,,technical_check,vplc_status_cycle_duration_not_validated_as_Tper,4.461,100,работает
RUN_20260509_VPLC_L1_LIGHT_10_20_S01_R05,VPLC_L1_LIGHT_10_20,SER_20260509_VPLC_L1_LIGHT_10_20_S01,vPLC_container,VPLC_HOST,934,,,2026-05-09T17:37:54.383461249Z,,,,host_log,10,20,,,,,,1,32,,technical_check,vplc_status_cycle_duration_not_validated_as_Tper,4.937,100,работает
RUN_20260509_VPLC_L1_LIGHT_10_20_S01_R05,VPLC_L1_LIGHT_10_20,SER_20260509_VPLC_L1_LIGHT_10_20_S01,vPLC_container,VPLC_HOST,935,,,2026-05-09T17:37:55.437091089Z,,,,host_log,10,20,,,,,,1,32,,technical_check,vplc_status_cycle_duration_not_validated_as_Tper,0.049,100,работает
RUN_20260509_VPLC_L1_LIGHT_10_20_S01_R05,VPLC_L1_LIGHT_10_20,SER_20260509_VPLC_L1_LIGHT_10_20_S01,vPLC_container,VPLC_HOST,936,,,2026-05-09T17:37:56.493558845Z,,,,host_log,10,20,,,,,,1,32,,technical_check,vplc_status_cycle_duration_not_validated_as_Tper,0.069,100,работает
RUN_20260509_VPLC_L1_LIGHT_10_20_S01_R05,VPLC_L1_LIGHT_10_20,SER_20260509_VPLC_L1_LIGHT_10_20_S01,vPLC_container,VPLC_HOST,937,,,2026-05-09T17:37:57.549470879Z,,,,host_log,10,20,,,,,,1,32,,technical_check,vplc_status_cycle_duration_not_validated_as_Tper,0.028,100,работает
RUN_20260509_VPLC_L1_LIGHT_10_20_S01_R05,VPLC_L1_LIGHT_10_20,SER_20260509_VPLC_L1_LIGHT_10_20_S01,vPLC_container,VPLC_HOST,938,,,2026-05-09T17:37:58.604985006Z,,,,host_log,10,20,,,,,,1,32,,technical_check,vplc_status_cycle_duration_not_validated_as_Tper,0.070,100,работает
RUN_20260509_VPLC_L1_LIGHT_10_20_S01_R05,VPLC_L1_LIGHT_10_20,SER_20260509_VPLC_L1_LIGHT_10_20_S01,vPLC_container,VPLC_HOST,939,,,2026-05-09T17:37:59.658081893Z,,,,host_log,10,20,,,,,,1,32,,technical_check,vplc_status_cycle_duration_not_validated_as_Tper,0.053,100,работает
RUN_20260509_VPLC_L1_LIGHT_10_20_S01_R05,VPLC_L1_LIGHT_10_20,SER_20260509_VPLC_L1_LIGHT_10_20_S01,vPLC_container,VPLC_HOST,940,,,2026-05-09T17:38:00.716817973Z,,,,host_log,10,20,,,,,,1,32,,technical_check,vplc_status_cycle_duration_not_validated_as_Tper,0.069,100,работает
RUN_20260509_VPLC_L1_LIGHT_10_20_S01_R05,VPLC_L1_LIGHT_10_20,SER_20260509_VPLC_L1_LIGHT_10_20_S01,vPLC_container,VPLC_HOST,941,,,2026-05-09T17:38:01.771817130Z,,,,host_log,10,20,,,,,,1,32,,technical_check,vplc_status_cycle_duration_not_validated_as_Tper,0.071,100,работает
RUN_20260509_VPLC_L1_LIGHT_10_20_S01_R05,VPLC_L1_LIGHT_10_20,SER_20260509_VPLC_L1_LIGHT_10_20_S01,vPLC_container,VPLC_HOST,942,,,2026-05-09T17:38:02.825025145Z,,,,host_log,10,20,,,,,,1,32,,technical_check,vplc_status_cycle_duration_not_validated_as_Tper,0.050,100,работает
RUN_20260509_VPLC_L1_LIGHT_10_20_S01_R05,VPLC_L1_LIGHT_10_20,SER_20260509_VPLC_L1_LIGHT_10_20_S01,vPLC_container,VPLC_HOST,943,,,2026-05-09T17:38:03.880105614Z,,,,host_log,10,20,,,,,,1,32,,technical_check,vplc_status_cycle_duration_not_validated_as_Tper,0.072,100,работает
RUN_20260509_VPLC_L1_LIGHT_10_20_S01_R05,VPLC_L1_LIGHT_10_20,SER_20260509_VPLC_L1_LIGHT_10_20_S01,vPLC_container,VPLC_HOST,944,,,2026-05-09T17:38:04.937810220Z,,,,host_log,10,20,,,,,,1,32,,technical_check,vplc_status_cycle_duration_not_validated_as_Tper,0.048,100,работает
RUN_20260509_VPLC_L1_LIGHT_10_20_S01_R05,VPLC_L1_LIGHT_10_20,SER_20260509_VPLC_L1_LIGHT_10_20_S01,vPLC_container,VPLC_HOST,945,,,2026-05-09T17:38:05.992216290Z,,,,host_log,10,20,,,,,,1,32,,technical_check,vplc_status_cycle_duration_not_validated_as_Tper,0.069,100,работает
RUN_20260509_VPLC_L1_LIGHT_10_20_S01_R05,VPLC_L1_LIGHT_10_20,SER_20260509_VPLC_L1_LIGHT_10_20_S01,vPLC_container,VPLC_HOST,946,,,2026-05-09T17:38:07.048071392Z,,,,host_log,10,20,,,,,,1,32,,technical_check,vplc_status_cycle_duration_not_validated_as_Tper,0.033,100,работает
RUN_20260509_VPLC_L1_LIGHT_10_20_S01_R05,VPLC_L1_LIGHT_10_20,SER_20260509_VPLC_L1_LIGHT_10_20_S01,vPLC_container,VPLC_HOST,947,,,2026-05-09T17:38:08.103833753Z,,,,host_log,10,20,,,,,,1,32,,technical_check,vplc_status_cycle_duration_not_validated_as_Tper,0.067,100,работает
RUN_20260509_VPLC_L1_LIGHT_10_20_S01_R05,VPLC_L1_LIGHT_10_20,SER_20260509_VPLC_L1_LIGHT_10_20_S01,vPLC_container,VPLC_HOST,948,,,2026-05-09T17:38:09.159322979Z,,,,host_log,10,20,,,,,,1,32,,technical_check,vplc_status_cycle_duration_not_validated_as_Tper,0.061,100,работает
RUN_20260509_VPLC_L1_LIGHT_10_20_S01_R05,VPLC_L1_LIGHT_10_20,SER_20260509_VPLC_L1_LIGHT_10_20_S01,vPLC_container,VPLC_HOST,949,,,2026-05-09T17:38:10.212767120Z,,,,host_log,10,20,,,,,,1,32,,technical_check,vplc_status_cycle_duration_not_validated_as_Tper,0.112,100,работает
RUN_20260509_VPLC_L1_LIGHT_10_20_S01_R05,VPLC_L1_LIGHT_10_20,SER_20260509_VPLC_L1_LIGHT_10_20_S01,vPLC_container,VPLC_HOST,950,,,2026-05-09T17:38:11.266739568Z,,,,host_log,10,20,,,,,,1,32,,technical_check,vplc_status_cycle_duration_not_validated_as_Tper,0.070,100,работает
RUN_20260509_VPLC_L1_LIGHT_10_20_S01_R05,VPLC_L1_LIGHT_10_20,SER_20260509_VPLC_L1_LIGHT_10_20_S01,vPLC_container,VPLC_HOST,951,,,2026-05-09T17:38:12.325688759Z,,,,host_log,10,20,,,,,,1,32,,technical_check,vplc_status_cycle_duration_not_validated_as_Tper,0.071,100,работает
RUN_20260509_VPLC_L1_LIGHT_10_20_S01_R05,VPLC_L1_LIGHT_10_20,SER_20260509_VPLC_L1_LIGHT_10_20_S01,vPLC_container,VPLC_HOST,952,,,2026-05-09T17:38:13.375237666Z,,,,host_log,10,20,,,,,,1,32,,technical_check,vplc_status_cycle_duration_not_validated_as_Tper,4.712,100,работает
RUN_20260509_VPLC_L1_LIGHT_10_20_S01_R05,VPLC_L1_LIGHT_10_20,SER_20260509_VPLC_L1_LIGHT_10_20_S01,vPLC_container,VPLC_HOST,953,,,2026-05-09T17:38:14.435537798Z,,,,host_log,10,20,,,,,,1,32,,technical_check,vplc_status_cycle_duration_not_validated_as_Tper,0.049,100,работает
RUN_20260509_VPLC_L1_LIGHT_10_20_S01_R05,VPLC_L1_LIGHT_10_20,SER_20260509_VPLC_L1_LIGHT_10_20_S01,vPLC_container,VPLC_HOST,954,,,2026-05-09T17:38:15.490966239Z,,,,host_log,10,20,,,,,,1,32,,technical_check,vplc_status_cycle_duration_not_validated_as_Tper,0.069,100,работает
RUN_20260509_VPLC_L1_LIGHT_10_20_S01_R05,VPLC_L1_LIGHT_10_20,SER_20260509_VPLC_L1_LIGHT_10_20_S01,vPLC_container,VPLC_HOST,955,,,2026-05-09T17:38:16.546454121Z,,,,host_log,10,20,,,,,,1,32,,technical_check,vplc_status_cycle_duration_not_validated_as_Tper,0.037,100,работает
RUN_20260509_VPLC_L1_LIGHT_10_20_S01_R05,VPLC_L1_LIGHT_10_20,SER_20260509_VPLC_L1_LIGHT_10_20_S01,vPLC_container,VPLC_HOST,956,,,2026-05-09T17:38:17.598011141Z,,,,host_log,10,20,,,,,,1,32,,technical_check,vplc_status_cycle_duration_not_validated_as_Tper,0.069,100,работает
RUN_20260509_VPLC_L1_LIGHT_10_20_S01_R05,VPLC_L1_LIGHT_10_20,SER_20260509_VPLC_L1_LIGHT_10_20_S01,vPLC_container,VPLC_HOST,957,,,2026-05-09T17:38:18.656972114Z,,,,host_log,10,20,,,,,,1,32,,technical_check,vplc_status_cycle_duration_not_validated_as_Tper,0.046,100,работает
RUN_20260509_VPLC_L1_LIGHT_10_20_S01_R05,VPLC_L1_LIGHT_10_20,SER_20260509_VPLC_L1_LIGHT_10_20_S01,vPLC_container,VPLC_HOST,958,,,2026-05-09T17:38:19.712930781Z,,,,host_log,10,20,,,,,,1,32,,technical_check,vplc_status_cycle_duration_not_validated_as_Tper,0.068,100,работает
RUN_20260509_VPLC_L1_LIGHT_10_20_S01_R05,VPLC_L1_LIGHT_10_20,SER_20260509_VPLC_L1_LIGHT_10_20_S01,vPLC_container,VPLC_HOST,959,,,2026-05-09T17:38:20.764236132Z,,,,host_log,10,20,,,,,,1,32,,technical_check,vplc_status_cycle_duration_not_validated_as_Tper,0.071,100,работает
RUN_20260509_VPLC_L1_LIGHT_10_20_S01_R05,VPLC_L1_LIGHT_10_20,SER_20260509_VPLC_L1_LIGHT_10_20_S01,vPLC_container,VPLC_HOST,960,,,2026-05-09T17:38:21.821054724Z,,,,host_log,10,20,,,,,,1,32,,technical_check,vplc_status_cycle_duration_not_validated_as_Tper,0.067,100,работает
RUN_20260509_VPLC_L1_LIGHT_10_20_S01_R05,VPLC_L1_LIGHT_10_20,SER_20260509_VPLC_L1_LIGHT_10_20_S01,vPLC_container,VPLC_HOST,961,,,2026-05-09T17:38:22.875915601Z,,,,host_log,10,20,,,,,,1,32,,technical_check,vplc_status_cycle_duration_not_validated_as_Tper,0.070,100,работает
RUN_20260509_VPLC_L1_LIGHT_10_20_S01_R05,VPLC_L1_LIGHT_10_20,SER_20260509_VPLC_L1_LIGHT_10_20_S01,vPLC_container,VPLC_HOST,962,,,2026-05-09T17:38:23.931580431Z,,,,host_log,10,20,,,,,,1,32,,technical_check,vplc_status_cycle_duration_not_validated_as_Tper,0.048,100,работает
RUN_20260509_VPLC_L1_LIGHT_10_20_S01_R05,VPLC_L1_LIGHT_10_20,SER_20260509_VPLC_L1_LIGHT_10_20_S01,vPLC_container,VPLC_HOST,963,,,2026-05-09T17:38:24.989848447Z,,,,host_log,10,20,,,,,,1,32,,technical_check,vplc_status_cycle_duration_not_validated_as_Tper,0.069,100,работает
RUN_20260509_VPLC_L1_LIGHT_10_20_S01_R05,VPLC_L1_LIGHT_10_20,SER_20260509_VPLC_L1_LIGHT_10_20_S01,vPLC_container,VPLC_HOST,964,,,2026-05-09T17:38:26.041653951Z,,,,host_log,10,20,,,,,,1,32,,technical_check,vplc_status_cycle_duration_not_validated_as_Tper,0.048,100,работает
RUN_20260509_VPLC_L1_LIGHT_10_20_S01_R05,VPLC_L1_LIGHT_10_20,SER_20260509_VPLC_L1_LIGHT_10_20_S01,vPLC_container,VPLC_HOST,965,,,2026-05-09T17:38:27.099587806Z,,,,host_log,10,20,,,,,,1,32,,technical_check,vplc_status_cycle_duration_not_validated_as_Tper,0.070,100,работает
RUN_20260509_VPLC_L1_LIGHT_10_20_S01_R05,VPLC_L1_LIGHT_10_20,SER_20260509_VPLC_L1_LIGHT_10_20_S01,vPLC_container,VPLC_HOST,966,,,2026-05-09T17:38:28.155016961Z,,,,host_log,10,20,,,,,,1,32,,technical_check,vplc_status_cycle_duration_not_validated_as_Tper,0.040,100,работает
RUN_20260509_VPLC_L1_LIGHT_10_20_S01_R05,VPLC_L1_LIGHT_10_20,SER_20260509_VPLC_L1_LIGHT_10_20_S01,vPLC_container,VPLC_HOST,967,,,2026-05-09T17:38:29.208055638Z,,,,host_log,10,20,,,,,,1,32,,technical_check,vplc_status_cycle_duration_not_validated_as_Tper,0.070,100,работает
RUN_20260509_VPLC_L1_LIGHT_10_20_S01_R05,VPLC_L1_LIGHT_10_20,SER_20260509_VPLC_L1_LIGHT_10_20_S01,vPLC_container,VPLC_HOST,968,,,2026-05-09T17:38:30.263312151Z,,,,host_log,10,20,,,,,,1,32,,technical_check,vplc_status_cycle_duration_not_validated_as_Tper,0.071,100,работает
RUN_20260509_VPLC_L1_LIGHT_10_20_S01_R05,VPLC_L1_LIGHT_10_20,SER_20260509_VPLC_L1_LIGHT_10_20_S01,vPLC_container,VPLC_HOST,969,,,2026-05-09T17:38:31.320758895Z,,,,host_log,10,20,,,,,,1,32,,technical_check,vplc_status_cycle_duration_not_validated_as_Tper,0.071,100,работает
RUN_20260509_VPLC_L1_LIGHT_10_20_S01_R05,VPLC_L1_LIGHT_10_20,SER_20260509_VPLC_L1_LIGHT_10_20_S01,vPLC_container,VPLC_HOST,970,,,2026-05-09T17:38:32.376405405Z,,,,host_log,10,20,,,,,,1,32,,technical_check,vplc_status_cycle_duration_not_validated_as_Tper,4.766,100,работает
RUN_20260509_VPLC_L1_LIGHT_10_20_S01_R05,VPLC_L1_LIGHT_10_20,SER_20260509_VPLC_L1_LIGHT_10_20_S01,vPLC_container,VPLC_HOST,971,,,2026-05-09T17:38:33.430734438Z,,,,host_log,10,20,,,,,,1,32,,technical_check,vplc_status_cycle_duration_not_validated_as_Tper,0.048,100,работает
RUN_20260509_VPLC_L1_LIGHT_10_20_S01_R05,VPLC_L1_LIGHT_10_20,SER_20260509_VPLC_L1_LIGHT_10_20_S01,vPLC_container,VPLC_HOST,972,,,2026-05-09T17:38:34.482786379Z,,,,host_log,10,20,,,,,,1,32,,technical_check,vplc_status_cycle_duration_not_validated_as_Tper,0.069,100,работает
RUN_20260509_VPLC_L1_LIGHT_10_20_S01_R05,VPLC_L1_LIGHT_10_20,SER_20260509_VPLC_L1_LIGHT_10_20_S01,vPLC_container,VPLC_HOST,973,,,2026-05-09T17:38:35.538397975Z,,,,host_log,10,20,,,,,,1,32,,technical_check,vplc_status_cycle_duration_not_validated_as_Tper,0.048,100,работает
RUN_20260509_VPLC_L1_LIGHT_10_20_S01_R05,VPLC_L1_LIGHT_10_20,SER_20260509_VPLC_L1_LIGHT_10_20_S01,vPLC_container,VPLC_HOST,974,,,2026-05-09T17:38:36.595830961Z,,,,host_log,10,20,,,,,,1,32,,technical_check,vplc_status_cycle_duration_not_validated_as_Tper,0.070,100,работает
RUN_20260509_VPLC_L1_LIGHT_10_20_S01_R05,VPLC_L1_LIGHT_10_20,SER_20260509_VPLC_L1_LIGHT_10_20_S01,vPLC_container,VPLC_HOST,975,,,2026-05-09T17:38:37.652317692Z,,,,host_log,10,20,,,,,,1,32,,technical_check,vplc_status_cycle_duration_not_validated_as_Tper,0.031,100,работает
RUN_20260509_VPLC_L1_LIGHT_10_20_S01_R05,VPLC_L1_LIGHT_10_20,SER_20260509_VPLC_L1_LIGHT_10_20_S01,vPLC_container,VPLC_HOST,976,,,2026-05-09T17:38:38.704624037Z,,,,host_log,10,20,,,,,,1,32,,technical_check,vplc_status_cycle_duration_not_validated_as_Tper,0.068,100,работает
RUN_20260509_VPLC_L1_LIGHT_10_20_S01_R05,VPLC_L1_LIGHT_10_20,SER_20260509_VPLC_L1_LIGHT_10_20_S01,vPLC_container,VPLC_HOST,977,,,2026-05-09T17:38:39.760396490Z,,,,host_log,10,20,,,,,,1,32,,technical_check,vplc_status_cycle_duration_not_validated_as_Tper,0.068,100,работает
RUN_20260509_VPLC_L1_LIGHT_10_20_S01_R05,VPLC_L1_LIGHT_10_20,SER_20260509_VPLC_L1_LIGHT_10_20_S01,vPLC_container,VPLC_HOST,978,,,2026-05-09T17:38:40.817499140Z,,,,host_log,10,20,,,,,,1,32,,technical_check,vplc_status_cycle_duration_not_validated_as_Tper,0.070,100,работает
RUN_20260509_VPLC_L1_LIGHT_10_20_S01_R05,VPLC_L1_LIGHT_10_20,SER_20260509_VPLC_L1_LIGHT_10_20_S01,vPLC_container,VPLC_HOST,979,,,2026-05-09T17:38:41.873471960Z,,,,host_log,10,20,,,,,,1,32,,technical_check,vplc_status_cycle_duration_not_validated_as_Tper,0.069,100,работает
RUN_20260509_VPLC_L1_LIGHT_10_20_S01_R05,VPLC_L1_LIGHT_10_20,SER_20260509_VPLC_L1_LIGHT_10_20_S01,vPLC_container,VPLC_HOST,980,,,2026-05-09T17:38:42.929096428Z,,,,host_log,10,20,,,,,,1,32,,technical_check,vplc_status_cycle_duration_not_validated_as_Tper,0.068,100,работает
RUN_20260509_VPLC_L1_LIGHT_10_20_S01_R05,VPLC_L1_LIGHT_10_20,SER_20260509_VPLC_L1_LIGHT_10_20_S01,vPLC_container,VPLC_HOST,981,,,2026-05-09T17:38:43.984703196Z,,,,host_log,10,20,,,,,,1,32,,technical_check,vplc_status_cycle_duration_not_validated_as_Tper,0.068,100,работает
RUN_20260509_VPLC_L1_LIGHT_10_20_S01_R05,VPLC_L1_LIGHT_10_20,SER_20260509_VPLC_L1_LIGHT_10_20_S01,vPLC_container,VPLC_HOST,982,,,2026-05-09T17:38:45.038669061Z,,,,host_log,10,20,,,,,,1,32,,technical_check,vplc_status_cycle_duration_not_validated_as_Tper,0.050,100,работает
RUN_20260509_VPLC_L1_LIGHT_10_20_S01_R05,VPLC_L1_LIGHT_10_20,SER_20260509_VPLC_L1_LIGHT_10_20_S01,vPLC_container,VPLC_HOST,983,,,2026-05-09T17:38:46.093460181Z,,,,host_log,10,20,,,,,,1,32,,technical_check,vplc_status_cycle_duration_not_validated_as_Tper,0.069,100,работает
RUN_20260509_VPLC_L1_LIGHT_10_20_S01_R05,VPLC_L1_LIGHT_10_20,SER_20260509_VPLC_L1_LIGHT_10_20_S01,vPLC_container,VPLC_HOST,984,,,2026-05-09T17:38:47.147277826Z,,,,host_log,10,20,,,,,,1,32,,technical_check,vplc_status_cycle_duration_not_validated_as_Tper,0.038,100,работает
RUN_20260509_VPLC_L1_LIGHT_10_20_S01_R05,VPLC_L1_LIGHT_10_20,SER_20260509_VPLC_L1_LIGHT_10_20_S01,vPLC_container,VPLC_HOST,985,,,2026-05-09T17:38:48.204463994Z,,,,host_log,10,20,,,,,,1,32,,technical_check,vplc_status_cycle_duration_not_validated_as_Tper,0.068,100,работает
RUN_20260509_VPLC_L1_LIGHT_10_20_S01_R05,VPLC_L1_LIGHT_10_20,SER_20260509_VPLC_L1_LIGHT_10_20_S01,vPLC_container,VPLC_HOST,986,,,2026-05-09T17:38:49.254117628Z,,,,host_log,10,20,,,,,,1,32,,technical_check,vplc_status_cycle_duration_not_validated_as_Tper,0.035,100,работает
RUN_20260509_VPLC_L1_LIGHT_10_20_S01_R05,VPLC_L1_LIGHT_10_20,SER_20260509_VPLC_L1_LIGHT_10_20_S01,vPLC_container,VPLC_HOST,987,,,2026-05-09T17:38:50.313628263Z,,,,host_log,10,20,,,,,,1,32,,technical_check,vplc_status_cycle_duration_not_validated_as_Tper,0.070,100,работает
RUN_20260509_VPLC_L1_LIGHT_10_20_S01_R05,VPLC_L1_LIGHT_10_20,SER_20260509_VPLC_L1_LIGHT_10_20_S01,vPLC_container,VPLC_HOST,988,,,2026-05-09T17:38:51.369160127Z,,,,host_log,10,20,,,,,,1,32,,technical_check,vplc_status_cycle_duration_not_validated_as_Tper,4.462,100,работает
RUN_20260509_VPLC_L1_LIGHT_10_20_S01_R05,VPLC_L1_LIGHT_10_20,SER_20260509_VPLC_L1_LIGHT_10_20_S01,vPLC_container,VPLC_HOST,989,,,2026-05-09T17:38:52.426907806Z,,,,host_log,10,20,,,,,,1,32,,technical_check,vplc_status_cycle_duration_not_validated_as_Tper,0.066,100,работает
RUN_20260509_VPLC_L1_LIGHT_10_20_S01_R05,VPLC_L1_LIGHT_10_20,SER_20260509_VPLC_L1_LIGHT_10_20_S01,vPLC_container,VPLC_HOST,990,,,2026-05-09T17:38:53.481832220Z,,,,host_log,10,20,,,,,,1,32,,technical_check,vplc_status_cycle_duration_not_validated_as_Tper,0.069,100,работает
RUN_20260509_VPLC_L1_LIGHT_10_20_S01_R05,VPLC_L1_LIGHT_10_20,SER_20260509_VPLC_L1_LIGHT_10_20_S01,vPLC_container,VPLC_HOST,991,,,2026-05-09T17:38:54.536957831Z,,,,host_log,10,20,,,,,,1,32,,technical_check,vplc_status_cycle_duration_not_validated_as_Tper,0.049,100,работает
RUN_20260509_VPLC_L1_LIGHT_10_20_S01_R05,VPLC_L1_LIGHT_10_20,SER_20260509_VPLC_L1_LIGHT_10_20_S01,vPLC_container,VPLC_HOST,992,,,2026-05-09T17:38:55.589663243Z,,,,host_log,10,20,,,,,,1,32,,technical_check,vplc_status_cycle_duration_not_validated_as_Tper,0.070,100,работает
RUN_20260509_VPLC_L1_LIGHT_10_20_S01_R05,VPLC_L1_LIGHT_10_20,SER_20260509_VPLC_L1_LIGHT_10_20_S01,vPLC_container,VPLC_HOST,993,,,2026-05-09T17:38:56.647873305Z,,,,host_log,10,20,,,,,,1,32,,technical_check,vplc_status_cycle_duration_not_validated_as_Tper,0.034,100,работает
RUN_20260509_VPLC_L1_LIGHT_10_20_S01_R05,VPLC_L1_LIGHT_10_20,SER_20260509_VPLC_L1_LIGHT_10_20_S01,vPLC_container,VPLC_HOST,994,,,2026-05-09T17:38:57.702817349Z,,,,host_log,10,20,,,,,,1,32,,technical_check,vplc_status_cycle_duration_not_validated_as_Tper,0.071,100,работает
RUN_20260509_VPLC_L1_LIGHT_10_20_S01_R05,VPLC_L1_LIGHT_10_20,SER_20260509_VPLC_L1_LIGHT_10_20_S01,vPLC_container,VPLC_HOST,995,,,2026-05-09T17:38:58.756691377Z,,,,host_log,10,20,,,,,,1,32,,technical_check,vplc_status_cycle_duration_not_validated_as_Tper,0.047,100,работает
RUN_20260509_VPLC_L1_LIGHT_10_20_S01_R05,VPLC_L1_LIGHT_10_20,SER_20260509_VPLC_L1_LIGHT_10_20_S01,vPLC_container,VPLC_HOST,996,,,2026-05-09T17:38:59.810379593Z,,,,host_log,10,20,,,,,,1,32,,technical_check,vplc_status_cycle_duration_not_validated_as_Tper,0.068,100,работает
RUN_20260509_VPLC_L1_LIGHT_10_20_S01_R05,VPLC_L1_LIGHT_10_20,SER_20260509_VPLC_L1_LIGHT_10_20_S01,vPLC_container,VPLC_HOST,997,,,2026-05-09T17:39:00.869605916Z,,,,host_log,10,20,,,,,,1,32,,technical_check,vplc_status_cycle_duration_not_validated_as_Tper,0.068,100,работает
RUN_20260509_VPLC_L1_LIGHT_10_20_S01_R05,VPLC_L1_LIGHT_10_20,SER_20260509_VPLC_L1_LIGHT_10_20_S01,vPLC_container,VPLC_HOST,998,,,2026-05-09T17:39:01.925140264Z,,,,host_log,10,20,,,,,,1,32,,technical_check,vplc_status_cycle_duration_not_validated_as_Tper,0.048,100,работает
RUN_20260509_VPLC_L1_LIGHT_10_20_S01_R05,VPLC_L1_LIGHT_10_20,SER_20260509_VPLC_L1_LIGHT_10_20_S01,vPLC_container,VPLC_HOST,999,,,2026-05-09T17:39:02.980082983Z,,,,host_log,10,20,,,,,,1,32,,technical_check,vplc_status_cycle_duration_not_validated_as_Tper,0.069,100,работает
